日期,代码,开盘价,收盘价,最高价,最低价,成交量,成交额,振幅,涨跌幅,涨跌额,换手率
2026-03-26,A,113.86,113.48,114.52,113.27,2561800,291067040.0,1.11,0.44,0.5,0.91
2026-03-26,AA,57.32,57.6,59.33,57.27,2933900,170044848.0,3.51,-1.87,-1.1,1.11
2026-03-26,AAA,24.99,24.96,24.99,24.93,7400,186485.0,0.24,0.14,0.03,0.0
2026-03-26,AAAA,26.78,26.5,26.78,26.5,2500,68186.0,1.04,-1.54,-0.41,0.0
2026-03-26,AAAC,20.02,20.02,20.02,20.02,0,80.0,0.0,0.0,0.0,0.0
2026-03-26,AAAU,43.86,43.03,44.17,42.99,4070000,177229168.0,2.65,-3.74,-1.67,0.0
2026-03-26,AACB,10.34,10.35,10.35,10.34,200,2305.0,0.1,0.1,0.01,0.0
2026-03-26,AACBR,0.3,0.3,0.3,0.3,50100,13558.0,0.63,0.67,0.0,0.0
2026-03-26,AACG,0.97,1.01,1.02,0.97,5600,5642.0,4.68,0.0,0.0,0.01
2026-03-26,AACIU,9.97,9.97,9.97,9.97,100,1954.0,0.0,0.1,0.01,0.0
2026-03-26,AACOU,9.97,9.97,9.97,9.97,5200,52366.0,0.0,0.3,0.03,0.03
2026-03-26,AADR,79.94,79.93,80.0,79.93,1000,84262.0,0.09,-2.17,-1.78,0.0
2026-03-26,AAEQ,46.14,46.14,46.14,46.14,100,8392.0,0.0,-1.66,-0.78,0.0
2026-03-26,AAL,10.53,10.71,10.81,10.52,41855000,446342272.0,2.79,-0.28,-0.03,6.34
2026-03-26,AALG,7.72,7.97,8.1,7.72,47900,363427.0,4.69,-0.39,-0.03,0.0
2026-03-26,AAME,2.43,2.48,2.53,2.43,6200,15470.0,3.96,-1.59,-0.04,0.03
2026-03-26,AAMI,53.22,54.44,54.62,53.22,230100,12169350.0,2.61,1.04,0.56,0.64
2026-03-26,AAOI,111.0,97.42,111.66,96.71,9617200,990666944.0,13.07,-14.85,-16.99,12.79
2026-03-26,AAON,87.42,83.4,88.17,82.18,716200,60027428.0,6.82,-5.04,-4.43,0.88
2026-03-26,AAOX,32.0,24.59,33.15,24.09,495000,13331894.0,26.37,-28.43,-9.77,0.0
2026-03-26,AAP,52.04,51.85,52.97,51.25,1182100,61273156.0,3.26,-1.67,-0.88,1.97
2026-03-26,AAPB,26.66,26.93,27.75,26.66,64400,1756454.0,4.04,0.16,0.04,0.0
2026-03-26,AAPD,14.04,13.99,14.12,13.78,12645800,175624800.0,2.43,-0.12,-0.02,0.0
2026-03-26,AAPG,22.0,21.3,22.0,21.3,1700,38227.0,3.15,-4.84,-1.08,0.0
2026-03-26,AAPL,252.12,252.89,257.0,250.77,41796600,10624310272.0,2.47,0.11,0.27,0.28
2026-03-26,AAPR,28.75,28.75,28.76,28.72,8200,236388.0,0.14,0.01,0.0,0.0
2026-03-26,AAPU,27.79,27.94,28.84,27.49,2024300,57324276.0,4.84,0.22,0.06,0.0
2026-03-26,AAPW,34.4,34.51,35.23,34.4,9500,334974.0,2.4,-0.01,-0.0,0.0
2026-03-26,AAPX,25.17,25.4,26.21,25.0,105600,2729095.0,4.78,0.32,0.08,0.0
2026-03-26,AAPY,22.18,21.96,22.3,21.96,1800,40331.0,1.56,0.49,0.11,0.0
2026-03-26,AARD,3.5,3.51,3.66,3.4,280200,919107.0,7.2,-0.85,-0.03,1.28
2026-03-26,AAT,18.39,18.54,18.69,18.31,353500,6559103.0,2.07,0.98,0.18,0.58
2026-03-26,AAUA,48.52,48.52,48.52,48.52,0,197.0,0.0,-1.82,-0.9,0.0
2026-03-26,AAUC,30.96,30.98,31.21,30.96,234000,7257443.0,0.8,-0.29,-0.09,0.19
2026-03-26,AAUM,19.06,19.06,19.06,19.06,0,1588.0,0.0,-1.32,-0.26,0.0
2026-03-26,AAUS,52.49,51.99,52.51,51.99,13700,720356.0,0.99,-1.54,-0.81,0.0
2026-03-26,AAVM,31.42,30.9,31.42,30.9,2700,86102.0,1.64,-2.22,-0.7,0.0
2026-03-26,AAXJ,95.8,94.5,96.4,94.44,1291000,123302480.0,2.01,-3.25,-3.17,0.0
2026-03-26,AB,37.25,37.0,38.1,36.97,595400,22313592.0,3.08,0.76,0.28,0.65
2026-03-26,ABAT,2.77,2.73,2.81,2.7,2052500,5628562.0,3.85,-4.55,-0.13,1.56
2026-03-26,ABBV,207.19,211.12,211.45,205.76,4576200,962692032.0,2.75,1.9,3.94,0.26
2026-03-26,ABCB,76.48,77.28,77.7,76.41,545100,42100944.0,1.67,-0.12,-0.09,0.8
2026-03-26,ABCL,3.33,3.35,3.52,3.31,1783500,6051996.0,6.19,-1.18,-0.04,0.59
2026-03-26,ABCS,30.08,29.8,30.08,29.75,2600,80178.0,1.1,-0.45,-0.14,0.0
2026-03-26,ABEO,4.36,4.33,4.41,4.28,1281300,5539220.0,2.94,-2.04,-0.09,2.25
2026-03-26,ABEQ,37.63,37.59,37.89,37.59,12800,483180.0,0.79,-0.4,-0.15,0.0
2026-03-26,ABEV,2.83,2.82,2.87,2.8,20734300,58840776.0,2.46,-1.05,-0.03,0.13
2026-03-26,ABFL,71.49,70.5,71.74,70.36,52600,3726372.0,1.91,-2.65,-1.92,0.0
2026-03-26,ABG,193.19,198.55,198.89,193.19,204100,40159904.0,2.94,2.3,4.47,1.06
2026-03-26,ABI,24.8,24.8,24.8,24.8,0,198.0,0.0,-0.14,-0.03,0.0
2026-03-26,ABIG,29.42,29.05,29.46,29.05,17400,512119.0,1.4,-1.63,-0.48,0.0
2026-03-26,ABLD,31.4,30.93,31.45,30.93,12300,384321.0,1.64,-1.92,-0.61,0.0
2026-03-26,ABLG,29.88,29.45,29.88,29.45,1600,47990.0,1.44,-2.48,-0.75,0.0
2026-03-26,ABLS,17.72,17.72,17.72,17.72,0,974.0,0.0,-1.44,-0.26,0.0
2026-03-26,ABLV,0.65,0.62,0.65,0.62,1000,665.0,4.32,-4.25,-0.03,0.0
2026-03-26,ABLVW,0.02,0.02,0.02,0.02,100,2.0,0.0,19.39,0.0,0.0
2026-03-26,ABM,38.25,38.22,38.87,37.85,767400,29362092.0,2.64,-0.78,-0.3,1.31
2026-03-26,ABNB,131.89,131.06,134.83,130.38,3353300,441743168.0,3.38,-0.57,-0.75,0.55
2026-03-26,ABNG,16.65,15.99,16.65,15.84,1900,31827.0,5.04,-1.05,-0.17,0.0
2026-03-26,ABNY,42.58,42.16,42.58,42.16,700,30796.0,0.98,-1.03,-0.44,0.0
2026-03-26,ABOS,2.56,2.55,2.75,2.36,735200,1860296.0,14.88,-3.04,-0.08,1.02
2026-03-26,ABOT,33.13,33.13,33.13,33.13,0,829.0,0.0,-0.48,-0.16,0.0
2026-03-26,ABR,7.5,7.56,7.63,7.5,2341300,17717182.0,1.71,-0.53,-0.04,1.21
2026-03-26,ABSI,2.86,2.88,3.0,2.84,3649500,10657453.0,5.48,-1.37,-0.04,2.39
2026-03-26,ABT,104.39,104.57,105.98,104.0,6212300,652798592.0,1.89,-0.25,-0.26,0.36
2026-03-26,ABTC,0.97,0.91,1.0,0.91,6422600,6033180.0,8.71,-7.11,-0.07,0.69
2026-03-26,ABTS,2.32,1.99,2.36,1.91,26000,53584.0,20.26,-9.55,-0.21,0.82
2026-03-26,ABUS,4.46,4.45,4.58,4.41,1730700,7775689.0,3.64,-1.77,-0.08,0.89
2026-03-26,ABVC,1.16,1.06,1.16,1.04,41300,44399.0,11.07,-1.85,-0.02,0.16
2026-03-26,ABVE,0.89,0.9,0.99,0.87,2003400,1872768.0,13.51,1.55,0.01,3.91
2026-03-26,ABVEW,0.28,0.25,0.42,0.25,22900,6254.0,51.61,-22.59,-0.07,0.0
2026-03-26,ABVX,109.22,109.48,111.0,108.23,848600,92882360.0,2.5,-1.1,-1.22,1.07
2026-03-26,ABX,8.76,8.83,9.02,8.6,639200,5608957.0,4.72,-0.67,-0.06,0.66
2026-03-26,ABXB,19.33,19.33,19.33,19.33,0,1689.0,0.0,-0.76,-0.15,0.0
2026-03-26,ABXL,25.41,25.4,25.98,25.25,12400,318397.0,2.89,0.51,0.13,0.0
2026-03-26,ACA,105.18,105.19,106.1,103.86,318500,33466174.0,2.09,-1.43,-1.53,0.65
2026-03-26,ACAAU,10.08,10.07,10.08,10.05,1400,14646.0,0.3,0.2,0.02,0.01
2026-03-26,ACAD,21.65,21.47,21.94,21.43,1466300,31640080.0,2.33,-2.45,-0.54,0.86
2026-03-26,ACB,3.4,3.34,3.47,3.33,421800,1432571.0,4.12,-2.34,-0.08,0.74
2026-03-26,ACCL,1.36,1.4,1.42,1.36,6300,8834.0,4.17,-2.78,-0.04,0.05
2026-03-26,ACCO,2.96,2.91,3.02,2.88,1450000,4248345.0,4.33,-3.0,-0.09,1.61
2026-03-26,ACCS,7.98,8.56,8.64,7.97,13700,113233.0,8.42,7.54,0.6,0.36
2026-03-26,ACDC,6.38,6.71,6.81,6.38,1366500,9096206.0,6.75,5.34,0.34,0.76
2026-03-26,ACEI,23.5,23.29,23.67,23.29,33100,776872.0,1.59,-1.76,-0.42,0.0
2026-03-26,ACEL,11.21,11.09,11.3,11.01,237100,2634251.0,2.58,-1.51,-0.17,0.29
2026-03-26,ACEP,17.18,17.18,17.18,17.18,0,583.0,0.0,-1.85,-0.32,0.0
2026-03-26,ACES,33.98,33.38,34.23,33.35,9400,316700.0,2.54,-3.02,-1.04,0.0
2026-03-26,ACET,6.74,6.73,6.91,6.67,63900,432547.0,3.52,-1.17,-0.08,0.67
2026-03-26,ACFN,18.75,19.17,19.49,18.75,12900,241117.0,3.96,2.51,0.47,0.52
2026-03-26,ACGL,93.5,94.12,94.29,93.23,1385600,130116456.0,1.14,0.86,0.8,0.39
2026-03-26,ACGLN,16.51,16.47,16.7,16.37,45500,749699.0,1.99,-0.48,-0.08,0.23
2026-03-26,ACGLO,19.8,19.76,19.92,19.66,22600,447338.0,1.31,-0.28,-0.06,0.25
2026-03-26,ACGR,59.9,58.97,59.9,58.97,100,8200.0,1.54,-2.22,-1.34,0.0
2026-03-26,ACH,2.07,2.1,2.14,2.06,633100,1323128.0,4.11,1.45,0.03,0.83
2026-03-26,ACHC,24.1,23.85,24.52,23.4,2781600,66771716.0,4.61,-1.89,-0.46,3.02
2026-03-26,ACHR,5.36,5.37,5.57,5.3,18575700,100436664.0,4.95,-3.42,-0.19,
2026-03-26,ACHV,2.82,2.89,2.89,2.67,974600,2734830.0,7.98,2.48,0.07,1.83
2026-03-26,ACI,16.59,17.09,17.1,16.57,3682600,62540016.0,3.23,3.14,0.52,0.72
2026-03-26,ACIC,11.37,11.49,11.51,11.34,101700,1165950.0,1.49,0.7,0.08,0.21
2026-03-26,ACII,25.35,25.27,25.43,25.23,29000,736923.0,0.79,-0.55,-0.14,0.0
2026-03-26,ACIO,42.05,41.8,42.28,41.8,71500,3004112.0,1.13,-1.28,-0.54,0.0
2026-03-26,ACIU,2.9,2.89,2.99,2.85,146300,428441.0,4.72,-1.7,-0.05,0.14
2026-03-26,ACIW,40.1,40.86,41.22,39.86,626200,25560868.0,3.41,2.05,0.82,0.62
2026-03-26,ACKY,17.61,17.41,17.68,17.39,29700,519796.0,1.66,-1.98,-0.35,0.0
2026-03-26,ACLC,74.37,73.32,74.38,73.32,22800,1680594.0,1.42,-1.69,-1.26,0.0
2026-03-26,ACLO,50.36,50.38,50.38,50.36,600,34750.0,0.04,-0.02,-0.01,0.0
2026-03-26,ACLS,98.3,98.35,101.0,97.5,1011700,100488344.0,3.48,-2.48,-2.5,
2026-03-26,ACLX,114.55,114.62,114.77,114.47,1204400,138021728.0,0.26,0.07,0.08,2.06
2026-03-26,ACM,88.22,86.95,90.05,86.63,984100,86130848.0,3.86,-1.8,-1.59,0.76
2026-03-26,ACMR,44.25,41.19,44.68,40.88,936300,39314124.0,8.33,-9.76,-4.45,1.42
2026-03-26,ACN,191.47,196.42,197.6,190.96,4916400,963909120.0,3.45,2.15,4.13,0.74
2026-03-26,ACNB,46.93,47.45,47.82,46.86,53900,2556920.0,2.03,0.53,0.25,0.52
2026-03-26,ACNT,12.92,12.84,13.02,12.66,76900,986152.0,2.82,-0.7,-0.09,0.81
2026-03-26,ACOG,5.26,5.34,5.48,5.04,59600,314381.0,8.27,0.38,0.02,0.27
2026-03-26,ACON,3.2,3.28,3.33,3.14,28500,92664.0,5.88,1.55,0.05,1.25
2026-03-26,ACONW,0.03,0.03,0.03,0.03,3500,120.0,0.0,-28.81,-0.01,0.0
2026-03-26,ACP,5.19,5.12,5.22,5.12,363500,1879712.0,1.92,-1.73,-0.09,0.0
2026-03-26,ACR,18.91,18.93,19.22,18.86,17000,322918.0,1.89,-0.58,-0.11,0.24
2026-03-26,ACRE,4.8,4.87,4.93,4.8,312500,1528459.0,2.69,0.62,0.03,0.56
2026-03-26,ACRS,3.53,3.52,3.6,3.44,1501900,5274589.0,4.46,-1.95,-0.07,1.25
2026-03-26,ACRV,1.52,1.42,1.53,1.42,880500,1308735.0,7.24,-6.58,-0.1,2.27
2026-03-26,ACSG,40.13,39.44,40.13,39.44,6700,266890.0,1.7,-2.56,-1.03,0.0
2026-03-26,ACSI,64.9,64.35,64.9,64.35,900,63271.0,0.84,-1.39,-0.91,0.0
2026-03-26,ACSV,42.7,42.76,42.76,42.7,4600,198384.0,0.14,-0.2,-0.09,0.0
2026-03-26,ACT,40.18,40.8,40.94,40.18,174600,7112238.0,1.89,1.24,0.5,0.12
2026-03-26,ACTG,4.98,5.02,5.07,4.98,261100,1309473.0,1.88,-0.4,-0.02,0.27
2026-03-26,ACTS,24.74,24.26,24.76,24.26,99300,2447149.0,2.01,-2.98,-0.75,0.0
2026-03-26,ACTU,2.31,2.27,2.39,2.25,43300,100035.0,5.83,-2.16,-0.05,0.18
2026-03-26,ACU,44.99,44.18,45.13,43.89,12100,541568.0,2.79,-0.56,-0.25,0.32
2026-03-26,ACV,25.4,24.86,25.4,24.86,25500,641349.0,2.13,-2.13,-0.54,0.0
2026-03-26,ACVA,4.33,4.33,4.52,4.24,2940700,12809309.0,6.49,-1.37,-0.06,
2026-03-26,ACVF,48.11,47.44,48.11,47.44,5200,253003.0,1.4,-1.61,-0.77,0.0
2026-03-26,ACVT,26.2,26.12,26.2,26.12,2100,55212.0,0.31,-0.46,-0.12,0.0
2026-03-26,ACWI,137.89,136.38,138.67,136.31,6633200,910882432.0,1.69,-2.12,-2.96,0.0
2026-03-26,ACWV,118.27,118.19,119.19,117.88,98000,11618218.0,1.1,-0.57,-0.68,0.0
2026-03-26,ACWX,67.49,66.81,68.04,66.81,2053200,138300944.0,1.8,-2.48,-1.7,0.0
2026-03-26,ACXP,4.17,4.01,4.25,3.94,159700,654788.0,7.26,-6.09,-0.26,5.6
2026-03-26,ACYN,20.46,20.2,20.46,20.2,315100,6405239.0,1.28,-0.59,-0.12,0.0
2026-03-26,AD,46.19,46.54,46.72,46.08,132500,6158820.0,1.38,0.54,0.25,0.15
2026-03-26,ADACU,9.99,9.99,9.99,9.99,300,3183.0,0.0,0.2,0.02,0.0
2026-03-26,ADACW,0.32,0.32,0.32,0.32,100,29.0,0.0,-1.82,-0.01,0.0
2026-03-26,ADAG,4.13,4.14,4.35,4.02,199000,841403.0,8.11,1.72,0.07,0.42
2026-03-26,ADAM,7.49,7.4,7.53,7.38,517400,3840979.0,1.96,-1.73,-0.13,0.57
2026-03-26,ADAMG,24.22,24.09,24.26,24.09,29000,703400.0,0.69,-0.7,-0.17,0.0
2026-03-26,ADAMH,25.18,25.02,25.18,25.0,23200,582984.0,0.71,-0.75,-0.19,0.0
2026-03-26,ADAMI,24.62,24.36,24.62,24.34,6200,152560.0,1.14,-0.57,-0.14,0.0
2026-03-26,ADAML,23.46,23.54,23.61,23.46,7900,186955.0,0.64,-0.08,-0.02,0.0
2026-03-26,ADAMM,24.44,24.35,24.74,24.35,22800,559840.0,1.59,-0.69,-0.17,0.0
2026-03-26,ADAMN,22.35,22.35,22.36,22.24,7100,160320.0,0.54,0.0,0.0,0.0
2026-03-26,ADAMO,24.38,24.01,24.56,23.92,27800,673966.0,2.64,-0.85,-0.2,0.0
2026-03-26,ADAMZ,18.79,18.03,18.79,18.03,12100,222963.0,4.05,-3.94,-0.74,0.0
2026-03-26,ADBE,234.92,240.88,243.95,234.28,4715200,1135280000.0,4.08,1.53,3.63,1.17
2026-03-26,ADBG,4.28,4.52,4.63,4.28,2788600,12515008.0,7.96,2.73,0.12,0.0
2026-03-26,ADBU,25.27,25.36,25.45,25.27,2900,75873.0,0.73,2.83,0.7,0.0
2026-03-26,ADC,74.15,74.4,74.96,74.0,939700,70031176.0,1.29,0.24,0.18,0.78
2026-03-26,ADCT,3.89,3.96,4.05,3.89,485900,1924911.0,4.03,-0.25,-0.01,0.38
2026-03-26,ADEA,24.75,24.36,25.37,24.34,1272300,31423376.0,4.08,-3.41,-0.86,1.15
2026-03-26,ADFI,8.45,8.44,8.45,8.42,34200,288501.0,0.41,-0.3,-0.03,0.0
2026-03-26,ADGM,1.23,1.24,1.32,1.22,32100,40267.0,7.81,0.81,0.01,0.15
2026-03-26,ADI,319.1,313.42,321.12,312.39,3923700,1237717888.0,2.71,-2.67,-8.61,0.8
2026-03-26,ADIL,1.75,1.72,1.78,1.72,69500,121545.0,3.47,-0.58,-0.01,4.87
2026-03-26,ADIV,17.57,17.26,17.61,17.26,30400,530831.0,1.98,-2.54,-0.45,0.0
2026-03-26,ADM,71.49,72.33,73.68,71.23,3464700,251692032.0,3.42,0.93,0.67,0.72
2026-03-26,ADMA,8.98,8.29,9.05,7.21,34184000,273793792.0,19.11,-13.91,-1.34,14.35
2026-03-26,ADME,49.81,49.24,49.81,49.24,6000,298216.0,1.15,-1.32,-0.66,0.0
2026-03-26,ADNT,21.16,21.36,21.73,21.13,926300,19782094.0,2.8,-0.37,-0.08,1.18
2026-03-26,ADP,202.03,204.51,208.19,201.92,3123700,640952768.0,3.1,1.19,2.4,0.78
2026-03-26,ADPT,13.86,13.96,14.36,13.82,1218000,17114012.0,3.82,-1.34,-0.19,0.79
2026-03-26,ADPV,42.53,42.08,42.85,42.08,10400,441332.0,1.78,-2.48,-1.07,0.0
2026-03-26,ADSE,10.87,10.75,10.99,10.56,4000,42675.0,4.07,1.8,0.19,0.01
2026-03-26,ADSEW,0.5,0.45,0.62,0.41,97600,48661.0,41.81,-9.95,-0.05,0.0
2026-03-26,ADSK,234.66,239.83,243.62,234.32,1468200,352622048.0,3.95,1.87,4.41,0.7
2026-03-26,ADT,6.53,6.62,6.68,6.53,7985100,52923940.0,2.27,0.15,0.01,0.97
2026-03-26,ADTN,12.5,12.97,13.05,12.44,3476000,44720360.0,4.83,2.61,0.33,4.31
2026-03-26,ADTX,0.94,0.88,0.94,0.87,67700,61210.0,7.41,-3.3,-0.03,13.08
2026-03-26,ADUR,10.59,10.24,10.9,10.2,191800,2005318.0,6.46,-5.45,-0.59,0.58
2026-03-26,ADUS,98.9,97.67,100.78,97.1,202600,19966682.0,3.71,-1.66,-1.65,1.09
2026-03-26,ADV,0.83,0.9,0.92,0.81,2216900,1979677.0,13.48,10.12,0.08,0.68
2026-03-26,ADVB,4.18,4.19,4.2,3.67,115900,480606.0,12.48,-2.1,-0.09,8.5
2026-03-26,ADVE,40.81,40.69,40.81,40.69,600,26460.0,0.28,-3.2,-1.35,0.0
2026-03-26,ADX,22.16,21.8,22.2,21.76,263800,5790703.0,1.98,-1.85,-0.41,0.0
2026-03-26,ADXN,6.2,6.3,6.66,6.2,8100,52038.0,7.07,-3.15,-0.2,0.67
2026-03-26,AEAQ,9.93,9.9,9.94,9.9,7100,70548.0,0.4,0.1,0.01,0.02
2026-03-26,AEAQU,10.08,10.08,10.08,10.08,0,826.0,0.0,0.0,0.0,0.0
2026-03-26,AEBI,9.48,9.24,9.67,8.91,702000,6423347.0,7.92,-3.65,-0.35,0.91
2026-03-26,AEC,5.4,5.49,5.49,5.26,45000,242786.0,4.17,-0.36,-0.02,0.26
2026-03-26,AEE,107.34,108.57,108.74,107.19,1110000,120308632.0,1.44,0.71,0.77,0.4
2026-03-26,AEF,7.27,7.12,7.38,7.07,385000,2770949.0,4.21,-3.39,-0.25,0.0
2026-03-26,AEFC,19.51,19.42,19.56,19.33,37300,727569.0,1.12,-1.22,-0.24,0.0
2026-03-26,AEG,7.03,7.0,7.11,6.99,6150300,43262744.0,1.63,-0.99,-0.07,
2026-03-26,AEHL,1.43,1.48,1.51,1.34,757200,1096296.0,11.8,2.78,0.04,61.86
2026-03-26,AEHR,37.25,34.57,37.74,34.56,1262000,45086876.0,8.16,-11.43,-4.46,4.12
2026-03-26,AEI,1.83,1.81,1.85,1.74,6800,12354.0,6.04,-0.55,-0.01,0.02
2026-03-26,AEIS,332.49,313.11,338.07,312.05,545000,173992736.0,7.59,-8.68,-29.76,1.44
2026-03-26,AEM,186.39,187.56,196.13,185.21,3642400,693706048.0,5.69,-2.35,-4.51,0.73
2026-03-26,AEMD,2.33,2.27,2.44,2.27,18100,42352.0,7.29,-2.16,-0.05,1.16
2026-03-26,AEMS,10.05,9.89,10.05,9.85,43900,436158.0,1.97,-2.64,-0.27,0.0
2026-03-26,AENT,6.94,6.81,7.29,6.7,14700,103810.0,8.42,-2.85,-0.2,0.01
2026-03-26,AENTW,0.73,0.74,0.74,0.69,5200,3626.0,6.06,11.36,0.07,0.0
2026-03-26,AEO,16.28,16.07,16.72,16.06,4977100,80917632.0,4.0,-2.72,-0.45,2.94
2026-03-26,AEON,0.98,1.0,1.04,0.98,109300,110777.0,5.87,-1.96,-0.02,0.43
2026-03-26,AEP,128.72,128.85,129.5,127.66,3597600,463413440.0,1.43,0.43,0.55,0.66
2026-03-26,AER,136.1,134.15,136.88,133.57,1058800,142556880.0,2.41,-2.66,-3.67,0.63
2026-03-26,AERO,13.59,13.8,14.09,13.4,465800,6449992.0,5.05,0.95,0.13,0.32
2026-03-26,AERT,0.31,0.31,0.43,0.31,1168400,417564.0,40.52,0.46,0.0,2.33
2026-03-26,AERTW,0.02,0.02,0.02,0.02,3900,70.0,19.87,28.21,0.0,0.0
2026-03-26,AES,14.04,14.01,14.08,14.01,18815700,263830480.0,0.5,-0.36,-0.05,
2026-03-26,AESI,13.51,14.0,14.23,13.51,2437000,34180992.0,5.29,3.24,0.44,
2026-03-26,AESR,16.95,16.59,16.95,16.59,20300,340658.0,2.11,-2.9,-0.5,0.0
2026-03-26,AETH,35.67,35.14,35.67,35.14,2700,96441.0,1.43,-5.69,-2.12,0.0
2026-03-26,AEVA,14.76,14.2,15.28,14.16,1190500,17356322.0,7.34,-6.95,-1.06,1.89
2026-03-26,AEXA,11.0,10.86,11.15,10.85,123500,1354324.0,2.72,-1.54,-0.17,0.25
2026-03-26,AEYE,5.61,5.85,6.06,5.56,158500,926174.0,8.83,3.36,0.19,1.27
2026-03-26,AFB,10.52,10.5,10.56,10.48,121900,1281161.0,0.81,-0.19,-0.02,0.0
2026-03-26,AFBI,19.89,19.89,19.89,19.89,100,2466.0,0.0,0.0,0.0,0.0
2026-03-26,AFCG,2.61,2.6,2.64,2.6,128800,335983.0,1.92,-0.38,-0.01,0.55
2026-03-26,AFG,126.64,128.93,129.16,126.53,468900,60243924.0,2.08,1.64,2.08,0.56
2026-03-26,AFGB,21.06,20.83,21.06,20.81,3800,79967.0,1.17,-0.9,-0.19,0.0
2026-03-26,AFGC,18.35,18.03,18.35,18.03,6000,108888.0,1.76,-1.04,-0.19,0.0
2026-03-26,AFGD,20.1,19.98,20.1,19.91,16200,324556.0,0.94,-0.99,-0.2,0.0
2026-03-26,AFGE,16.83,16.39,16.83,16.38,6700,111831.0,2.69,-2.03,-0.34,0.0
2026-03-26,AFIF,9.33,9.31,9.33,9.28,122000,1137041.0,0.54,-0.32,-0.03,0.0
2026-03-26,AFIX,24.81,24.72,24.81,24.71,3100,78539.0,0.38,-0.62,-0.16,0.0
2026-03-26,AFJK,26.22,26.22,26.22,26.22,300,7429.0,0.0,0.0,0.0,0.01
2026-03-26,AFJKR,0.34,0.34,0.34,0.3,3300,1003.0,11.51,-0.15,-0.0,0.0
2026-03-26,AFK,25.32,24.85,25.4,24.74,34000,856709.0,2.56,-3.53,-0.91,0.0
2026-03-26,AFL,107.28,108.21,108.32,107.03,2473400,267093232.0,1.21,0.93,1.0,0.48
2026-03-26,AFLG,38.57,38.24,38.77,38.22,30500,1175356.0,1.41,-1.65,-0.64,0.0
2026-03-26,AFMC,35.81,35.41,35.98,35.39,8300,298077.0,1.64,-1.75,-0.63,0.0
2026-03-26,AFOS,36.59,35.92,36.59,35.9,4600,169105.0,1.86,-3.04,-1.12,0.0
2026-03-26,AFRI,9.48,9.38,9.66,9.38,4400,41707.0,3.02,-0.53,-0.05,0.02
2026-03-26,AFRIW,0.59,0.59,0.59,0.59,300,176.0,0.02,-1.82,-0.01,0.0
2026-03-26,AFRM,44.56,43.85,46.04,43.68,4686700,209927696.0,5.24,-2.66,-1.2,1.41
2026-03-26,AFRU,4.63,4.43,4.85,4.4,51900,238204.0,9.62,-5.34,-0.25,0.0
2026-03-26,AFSC,30.79,30.79,30.79,30.79,0,215.0,0.0,-2.18,-0.68,0.0
2026-03-26,AFSM,33.0,32.81,33.49,32.81,15500,514453.0,2.04,-2.12,-0.71,0.0
2026-03-26,AFYA,15.09,14.94,15.57,14.81,125400,1886112.0,5.01,-1.45,-0.22,0.14
2026-03-26,AG,20.0,19.32,20.68,19.27,18196100,361093344.0,6.76,-7.03,-1.46,3.69
2026-03-26,AGAE,0.29,0.3,0.31,0.28,191800,57728.0,10.83,2.01,0.01,0.51
2026-03-26,AGBK,7.6,7.32,7.94,7.32,387000,2868713.0,8.06,-4.81,-0.37,0.24
2026-03-26,AGCC,15.41,15.4,15.99,14.27,298800,4474054.0,11.06,-0.96,-0.15,0.88
2026-03-26,AGCO,116.42,115.94,117.65,115.41,410900,47799120.0,1.91,-1.21,-1.42,0.57
2026-03-26,AGD,11.54,11.05,11.58,11.05,186500,2109799.0,4.56,-4.99,-0.58,0.0
2026-03-26,AGEM,40.36,39.85,40.6,39.44,12600,508552.0,2.82,-2.99,-1.23,0.0
2026-03-26,AGEN,3.5,3.44,3.52,3.41,252600,874287.0,3.09,-3.37,-0.12,0.66
2026-03-26,AGG,98.84,98.55,98.97,98.54,12299400,1213818752.0,0.43,-0.57,-0.56,0.0
2026-03-26,AGGA,25.07,25.0,25.07,24.98,1000,26523.0,0.36,-0.38,-0.09,0.0
2026-03-26,AGGH,20.29,20.17,20.29,20.16,104000,2102894.0,0.64,-1.18,-0.24,0.0
2026-03-26,AGGS,40.7,40.6,40.7,40.6,1200,49888.0,0.26,-0.53,-0.22,0.0
2026-03-26,AGGY,43.28,43.16,43.34,43.15,73700,3187589.0,0.44,-1.02,-0.44,0.0
2026-03-26,AGH,3.86,3.94,4.04,3.72,420900,1649079.0,8.04,-1.01,-0.04,2.8
2026-03-26,AGI,40.69,40.31,42.65,40.26,3222400,132449048.0,5.71,-3.68,-1.54,0.77
2026-03-26,AGIG,1.47,1.6,1.65,1.46,428500,674672.0,13.01,9.59,0.14,0.98
2026-03-26,AGIO,29.16,29.95,30.87,29.16,1129800,34204920.0,5.78,1.22,0.36,1.93
2026-03-26,AGIQ,20.35,20.18,20.55,20.18,4500,93644.0,1.82,-2.27,-0.47,0.0
2026-03-26,AGIX,33.66,32.63,33.8,32.61,139800,4627391.0,3.51,-3.69,-1.25,0.0
2026-03-26,AGL,0.44,0.38,0.44,0.38,5620400,2193729.0,14.23,-10.86,-0.05,1.35
2026-03-26,AGM,144.37,145.47,146.16,142.5,81500,11853887.0,2.54,0.66,0.96,0.83
2026-03-26,AGMB,12.7,11.87,13.56,11.7,124200,1538294.0,14.46,-7.7,-0.99,0.26
2026-03-26,AGMH,0.96,0.94,0.98,0.93,36000,34244.0,5.1,-4.0,-0.04,1.03
2026-03-26,AGMI,62.92,61.59,62.92,61.38,4400,275037.0,2.36,-5.53,-3.61,0.0
2026-03-26,AGNC,10.03,9.84,10.08,9.82,19943300,197791520.0,2.56,-2.96,-0.3,1.78
2026-03-26,AGNCL,25.04,25.05,25.09,24.98,20100,503380.0,0.44,-0.2,-0.05,0.34
2026-03-26,AGNCM,24.65,24.61,24.74,24.56,19500,483127.0,0.73,-0.34,-0.08,0.21
2026-03-26,AGNCN,25.51,25.3,25.57,25.3,23900,609121.0,1.06,-0.67,-0.17,0.18
2026-03-26,AGNCO,25.27,25.06,25.3,25.05,23000,581188.0,0.99,-0.67,-0.17,0.14
2026-03-26,AGNCP,24.73,24.52,24.73,24.5,58700,1446962.0,0.9,-0.65,-0.16,0.26
2026-03-26,AGNCZ,25.38,25.32,25.4,25.25,29000,736933.0,0.59,-0.18,-0.05,0.24
2026-03-26,AGNG,34.96,34.7,35.35,34.7,47100,1639750.0,1.85,-1.14,-0.4,0.0
2026-03-26,AGO,81.31,81.39,82.11,81.27,222500,18147922.0,1.03,-0.11,-0.09,0.5
2026-03-26,AGOX,26.81,26.57,27.0,26.36,110300,2942331.0,2.4,-0.56,-0.15,0.0
2026-03-26,AGPU,1.62,1.48,1.62,1.3,28700,42775.0,19.88,-8.07,-0.13,0.85
2026-03-26,AGQ,99.64,95.27,102.96,93.76,8074600,790475712.0,8.34,-13.59,-14.98,0.0
2026-03-26,AGQI,16.84,16.72,16.89,16.72,3300,55592.0,0.98,-1.76,-0.3,0.0
2026-03-26,AGRH,26.04,26.05,26.05,26.04,200,6200.0,0.04,-0.17,-0.05,0.0
2026-03-26,AGRO,14.65,13.85,14.95,13.81,1745900,24834954.0,7.72,-5.78,-0.85,1.22
2026-03-26,AGRW,26.96,26.96,26.96,26.96,0,625.0,0.0,-2.11,-0.58,0.0
2026-03-26,AGRZ,0.5,0.53,0.54,0.49,335400,168531.0,9.79,1.42,0.01,1.55
2026-03-26,AGX,430.19,410.85,432.57,398.95,600400,248544608.0,7.69,-6.09,-26.63,4.31
2026-03-26,AGYS,71.0,72.37,74.31,71.0,173000,12567677.0,4.61,0.78,0.56,0.62
2026-03-26,AGZ,109.62,109.35,109.62,109.35,4200,464189.0,0.25,-0.41,-0.45,0.0
2026-03-26,AGZD,22.47,22.49,22.53,22.47,10800,244017.0,0.27,-0.42,-0.1,0.0
2026-03-26,AHCO,11.3,11.41,11.63,11.25,978400,11179355.0,3.34,0.18,0.02,0.72
2026-03-26,AHG,2.38,2.35,2.38,2.21,191700,452209.0,7.18,-0.81,-0.02,0.02
2026-03-26,AHLT,28.05,28.05,28.1,28.02,5900,166207.0,0.27,0.23,0.06,0.0
2026-03-26,AHMA,1.16,1.11,1.25,1.06,698100,779012.0,13.76,-19.57,-0.27,2.35
2026-03-26,AHR,47.65,47.41,48.06,47.26,1232000,58554180.0,1.68,-1.11,-0.53,0.66
2026-03-26,AHRT,5.37,5.33,5.47,5.3,1488200,7991477.0,3.19,-2.91,-0.16,1.86
2026-03-26,AHT,2.87,2.76,2.9,2.76,10900,30969.0,5.09,-3.16,-0.09,0.17
2026-03-26,AHYB,45.91,45.66,45.91,45.66,1600,75180.0,0.54,-0.62,-0.28,0.0
2026-03-26,AI,8.17,8.31,8.48,8.15,4090800,33994372.0,4.01,0.36,0.03,2.82
2026-03-26,AIA,105.96,104.02,106.47,104.0,1882900,198814928.0,2.27,-4.36,-4.74,0.0
2026-03-26,AIB,1.19,1.12,1.19,1.09,563200,603780.0,7.94,-11.11,-0.14,0.57
2026-03-26,AIBD,9.72,10.08,10.1,9.58,58000,575649.0,5.5,6.56,0.62,0.0
2026-03-26,AIBU,38.1,36.17,38.19,36.05,9800,365346.0,5.52,-6.54,-2.53,0.0
2026-03-26,AIDX,1.6,1.73,1.87,1.56,139000,233791.0,18.83,6.79,0.11,2.55
2026-03-26,AIEQ,43.27,42.83,43.61,42.83,5600,244761.0,1.78,-1.93,-0.84,0.0
2026-03-26,AIFD,39.36,38.37,39.53,38.28,20900,812281.0,3.12,-4.36,-1.75,0.0
2026-03-26,AIFF,2.06,3.02,3.15,2.01,109821800,267117568.0,67.85,79.76,1.34,772.63
2026-03-26,AIFU,1.52,1.36,1.59,1.36,20700,30316.0,13.99,-17.58,-0.29,0.02
2026-03-26,AIG,75.5,74.27,75.8,74.24,3549000,264434800.0,2.07,-1.59,-1.2,0.66
2026-03-26,AIHS,1.8,1.65,1.88,1.63,63800,112546.0,14.29,-5.71,-0.1,1.4
2026-03-26,AII,19.02,19.02,19.29,18.78,122300,2225741.0,2.67,-0.31,-0.06,0.63
2026-03-26,AIIA,10.05,10.03,10.05,10.02,4700,47166.0,0.3,-0.2,-0.02,0.02
2026-03-26,AIIO,0.11,0.09,0.11,0.09,1803900,174463.0,12.66,-12.29,-0.01,0.49
2026-03-26,AIIOW,0.02,0.02,0.02,0.02,36000,752.0,16.42,-22.99,-0.01,0.0
2026-03-26,AIM,0.77,0.69,0.8,0.69,728800,545417.0,12.71,-18.9,-0.16,18.3
2026-03-26,AIMD,1.41,1.38,1.45,1.33,20100,27769.0,8.61,-4.17,-0.06,0.29
2026-03-26,AIMDW,0.1,0.12,0.12,0.1,3000,307.0,19.07,7.41,0.01,0.0
2026-03-26,AIMS,23.73,23.65,23.77,23.65,5700,136002.0,0.52,-1.45,-0.35,0.0
2026-03-26,AIN,52.37,52.17,53.14,51.94,254700,13316969.0,2.28,-1.32,-0.7,0.9
2026-03-26,AINP,24.79,24.67,24.79,24.62,2900,73342.0,0.68,-0.59,-0.15,0.0
2026-03-26,AINT,24.87,24.43,24.87,24.37,1100,28422.0,1.99,-2.66,-0.67,0.0
2026-03-26,AIO,22.02,21.59,22.02,21.45,91000,1976212.0,2.58,-2.22,-0.49,0.0
2026-03-26,AIOO,25.71,25.7,25.71,25.7,2800,72271.0,0.05,0.0,0.0,0.0
2026-03-26,AIOS,0.52,0.53,0.56,0.52,4100,2161.0,7.13,-8.11,-0.05,0.01
2026-03-26,AIOT,3.0,2.98,3.1,2.96,1366900,4107234.0,4.59,-2.3,-0.07,1.02
2026-03-26,AIP,17.68,17.52,18.72,17.5,790600,14297209.0,6.75,-2.61,-0.47,1.74
2026-03-26,AIPI,34.15,33.7,34.37,33.7,193500,6578105.0,1.95,-2.09,-0.72,0.0
2026-03-26,AIPO,25.78,24.95,25.86,24.9,529100,13351063.0,3.66,-4.81,-1.26,0.0
2026-03-26,AIQ,47.21,46.41,47.51,46.39,1843500,86470352.0,2.34,-3.11,-1.49,17.02
2026-03-26,AIR,117.04,110.82,117.37,110.28,745900,83603456.0,5.99,-6.5,-7.7,1.88
2026-03-26,AIRE,0.28,0.27,0.29,0.26,1603100,439042.0,10.42,-6.25,-0.02,1.22
2026-03-26,AIRG,5.34,5.37,5.5,5.32,58200,314943.0,3.35,-0.19,-0.01,0.48
2026-03-26,AIRI,3.18,3.2,3.27,3.15,32400,104207.0,3.85,-0.62,-0.02,0.68
2026-03-26,AIRJ,3.04,3.07,3.18,3.03,175300,541755.0,4.98,-1.29,-0.04,0.26
2026-03-26,AIRJW,0.79,0.78,0.79,0.78,300,236.0,1.3,1.31,0.01,0.0
2026-03-26,AIRO,9.11,9.06,9.5,9.02,447400,4088260.0,5.1,-3.82,-0.36,1.43
2026-03-26,AIRR,112.27,109.02,112.6,108.85,829300,91530616.0,3.3,-3.96,-4.5,0.0
2026-03-26,AIRS,2.97,3.25,3.49,2.97,3435700,11137277.0,17.05,6.56,0.2,5.5
2026-03-26,AIRT,22.37,21.97,22.37,21.97,2000,45860.0,1.79,-1.79,-0.4,0.08
2026-03-26,AIRTP,19.36,19.31,19.36,19.27,1200,23359.0,0.49,0.26,0.05,0.0
2026-03-26,AIS,43.82,42.05,43.82,42.03,216300,9179066.0,3.99,-6.2,-2.78,0.0
2026-03-26,AISP,2.28,2.31,2.45,2.28,327200,768080.0,7.27,-1.28,-0.03,0.95
2026-03-26,AISPW,0.75,0.75,0.75,0.73,6100,4536.0,2.74,-0.07,-0.0,0.0
2026-03-26,AIT,266.17,260.51,266.25,259.19,277900,72651952.0,2.65,-2.06,-5.49,0.75
2026-03-26,AIUP,23.65,23.34,23.87,23.34,300,8641.0,2.23,-1.95,-0.47,0.0
2026-03-26,AIV,4.05,4.02,4.07,4.01,1711800,6900285.0,1.48,-0.99,-0.04,1.19
2026-03-26,AIVC,71.8,69.28,71.8,68.78,4700,327091.0,4.15,-4.73,-3.44,0.0
2026-03-26,AIVI,52.85,52.55,53.22,52.55,1600,87145.0,1.25,-1.72,-0.92,0.0
2026-03-26,AIVL,116.53,115.49,117.01,115.49,1600,190735.0,1.29,-1.66,-1.95,0.0
2026-03-26,AIXC,1.25,1.18,1.32,1.17,34900,43058.0,11.53,-7.81,-0.1,0.5
2026-03-26,AIXI,0.12,0.11,0.12,0.11,1685100,202361.0,14.6,-15.24,-0.02,12.53
2026-03-26,AIYY,9.98,10.14,10.17,9.97,23000,232079.0,1.98,0.2,0.02,0.0
2026-03-26,AIZ,216.47,217.41,219.26,216.47,336100,73171232.0,1.29,0.18,0.39,0.68
2026-03-26,AIZN,20.42,19.79,20.42,19.66,28800,573666.0,3.76,-2.03,-0.41,0.0
2026-03-26,AJAN,27.63,27.51,27.63,27.51,4300,120510.0,0.42,-0.51,-0.14,0.0
2026-03-26,AJG,214.03,210.27,217.21,209.6,1939300,410208416.0,3.57,-1.54,-3.29,0.75
2026-03-26,AJUL,28.89,28.89,28.89,28.89,100,4974.0,0.0,-0.44,-0.13,0.0
2026-03-26,AKA,9.65,9.83,10.42,9.65,1900,19429.0,7.98,1.82,0.18,0.02
2026-03-26,AKAF,30.45,30.45,30.45,30.45,0,91.0,0.0,-0.97,-0.3,0.0
2026-03-26,AKAM,118.39,117.25,121.12,116.05,5346800,630733184.0,4.26,-1.59,-1.9,3.69
2026-03-26,AKAN,0.68,0.69,0.74,0.51,6345000,5240643.0,28.91,-12.87,-0.1,263.84
2026-03-26,AKBA,1.39,1.39,1.44,1.36,1818600,2550815.0,5.76,0.0,0.0,0.68
2026-03-26,AKR,19.14,19.15,19.47,19.11,1143200,21983418.0,1.88,-0.05,-0.01,0.87
2026-03-26,AKRE,52.25,52.61,53.4,52.24,851900,45089852.0,2.2,-0.08,-0.04,0.0
2026-03-26,AKTS,18.22,17.62,18.61,17.61,217000,3885136.0,5.39,-5.47,-1.02,0.41
2026-03-26,AKTX,0.14,0.14,0.15,0.13,291700,40242.0,11.71,-0.15,-0.0,0.64
2026-03-26,AL,64.74,64.72,64.74,64.68,2362600,152889312.0,0.09,-0.03,-0.02,2.11
2026-03-26,ALAB,117.17,113.61,119.84,113.57,3102100,358442656.0,5.21,-5.59,-6.72,1.81
2026-03-26,ALAI,33.24,32.39,33.24,32.37,71800,2347882.0,2.58,-3.8,-1.28,0.0
2026-03-26,ALAR,6.0,5.98,6.22,5.85,18500,111927.0,6.12,-1.16,-0.07,0.26
2026-03-26,ALB,178.0,174.5,182.0,174.21,1261300,223304352.0,4.29,-3.8,-6.89,1.07
2026-03-26,ALBG,15.09,14.3,15.33,14.24,5300,79876.0,7.07,-7.29,-1.12,0.0
2026-03-26,ALBT,0.56,0.55,0.6,0.55,79000,45518.0,8.06,-7.16,-0.04,1.17
2026-03-26,ALC,74.94,74.47,76.35,74.33,1487000,111709048.0,2.68,-1.05,-0.79,0.31
2026-03-26,ALCO,39.92,40.0,40.72,39.55,15800,638687.0,2.91,-0.57,-0.23,0.21
2026-03-26,ALCY,11.85,11.85,11.85,11.85,1000,11972.0,0.0,0.08,0.01,0.02
2026-03-26,ALDF,10.54,10.54,10.54,10.54,0,10.0,0.0,0.0,0.0,0.0
2026-03-26,ALDFW,0.33,0.29,0.33,0.24,41600,10589.0,25.51,-18.56,-0.07,0.0
2026-03-26,ALDX,1.81,1.84,1.88,1.73,2979700,5359040.0,7.9,-0.54,-0.01,4.95
2026-03-26,ALEC,2.03,2.12,2.17,2.03,388100,820647.0,6.45,-2.3,-0.05,0.35
2026-03-26,ALF,10.8,10.8,10.8,10.8,0,420.0,0.0,0.0,0.0,0.0
2026-03-26,ALFUU,10.8,10.79,10.8,10.79,1500,16188.0,0.09,-1.55,-0.17,0.01
2026-03-26,ALFUW,0.13,0.16,0.18,0.13,19900,3290.0,26.51,-10.54,-0.02,0.0
2026-03-26,ALG,166.97,168.59,170.24,166.97,147800,24958088.0,1.93,-0.33,-0.56,1.21
2026-03-26,ALGM,32.85,31.23,32.85,30.97,1306100,41090808.0,5.76,-4.29,-1.4,0.7
2026-03-26,ALGN,177.66,177.33,182.97,176.73,652100,116450448.0,3.46,-1.63,-2.94,0.91
2026-03-26,ALGS,7.06,7.04,7.36,6.82,57900,409336.0,7.69,1.15,0.08,0.94
2026-03-26,ALGT,83.15,83.93,85.38,82.76,192800,16153435.0,3.09,-1.13,-0.96,1.05
2026-03-26,ALH,19.93,19.64,20.65,19.63,840500,16744891.0,5.04,-2.39,-0.48,0.42
2026-03-26,ALHC,17.48,16.91,17.79,16.87,1725300,29547344.0,5.22,-3.81,-0.67,0.84
2026-03-26,ALIL,28.32,27.95,28.34,27.95,7900,225021.0,1.36,-1.56,-0.44,0.0
2026-03-26,ALIS,9.98,9.98,9.98,9.98,0,160.0,0.0,0.0,0.0,0.0
2026-03-26,ALISR,0.53,0.53,0.53,0.53,100,77.0,0.0,0.0,0.0,0.0
2026-03-26,ALIT,0.54,0.56,0.57,0.51,67112500,36677580.0,12.43,3.21,0.02,12.56
2026-03-26,ALK,38.65,38.95,39.74,38.37,2809500,109165696.0,3.5,-0.84,-0.33,2.45
2026-03-26,ALKS,29.16,29.92,30.17,29.07,3419100,102163096.0,3.76,1.87,0.55,2.05
2026-03-26,ALKT,15.7,16.2,16.41,15.64,1151700,18573410.0,4.85,2.08,0.33,1.09
2026-03-26,ALL,205.08,207.16,207.21,203.99,972300,200963216.0,1.58,1.2,2.45,0.37
2026-03-26,ALLE,146.74,145.79,148.89,144.83,1032900,150981824.0,2.75,-1.15,-1.69,1.2
2026-03-26,ALLO,2.28,2.41,2.5,2.21,5254900,12687312.0,12.45,3.43,0.08,2.16
2026-03-26,ALLR,1.13,1.07,1.13,1.07,87700,95395.0,5.36,-4.46,-0.05,0.55
2026-03-26,ALLT,6.51,6.55,6.72,6.47,288300,1893370.0,3.77,-1.21,-0.08,0.6
2026-03-26,ALLW,28.24,27.96,28.37,27.95,625800,17631776.0,1.47,-1.89,-0.54,0.0
2026-03-26,ALLY,38.99,39.14,39.56,38.85,2535000,99231656.0,1.81,-0.23,-0.09,0.82
2026-03-26,ALM,15.65,14.68,15.66,14.34,8063700,117794944.0,8.08,-10.16,-1.66,2.86
2026-03-26,ALMS,24.72,26.32,26.4,24.66,981800,25532860.0,7.03,6.09,1.51,0.77
2026-03-26,ALMU,12.61,12.8,13.02,12.29,684900,8653255.0,5.69,-0.16,-0.02,3.8
2026-03-26,ALNT,64.54,61.51,65.04,61.25,139500,8721314.0,5.75,-6.85,-4.52,0.82
2026-03-26,ALNY,328.9,328.16,332.81,327.69,1119700,369458528.0,1.56,-0.16,-0.54,0.84
2026-03-26,ALOT,9.0,9.05,9.07,9.0,2300,21555.0,0.78,1.23,0.11,0.03
2026-03-26,ALOV,9.83,9.83,9.83,9.83,0,9.0,0.0,0.0,0.0,0.0
2026-03-26,ALOVU,9.97,9.96,9.97,9.96,5600,55960.0,0.1,0.0,0.0,0.02
2026-03-26,ALOVW,0.45,0.45,0.45,0.45,200,87.0,0.0,0.0,0.0,0.0
2026-03-26,ALOY,10.66,9.98,10.7,9.67,1614600,16146310.0,9.65,-6.9,-0.74,2.7
2026-03-26,ALPS,1.01,1.01,1.03,1.01,7500,7647.0,1.94,-1.94,-0.02,0.0
2026-03-26,ALRG,26.27,26.27,26.27,26.27,200,5306.0,0.01,-1.66,-0.44,0.0
2026-03-26,ALRM,42.52,43.21,43.76,42.52,304300,13175099.0,2.89,0.79,0.34,0.61
2026-03-26,ALRS,24.04,24.16,24.42,23.86,184100,4460832.0,2.29,-0.12,-0.03,0.72
2026-03-26,ALSN,117.76,116.32,119.47,116.12,481100,56225404.0,2.82,-2.23,-2.65,0.58
2026-03-26,ALT,3.26,3.2,3.33,3.19,2194800,7116197.0,4.23,-3.32,-0.11,1.69
2026-03-26,ALTG,5.41,5.38,5.57,5.32,103200,556822.0,4.66,-3.58,-0.2,0.32
2026-03-26,ALTI,3.33,3.36,3.46,3.31,106700,358753.0,4.53,-0.3,-0.01,0.07
2026-03-26,ALTL,43.65,43.59,43.74,43.59,800,38083.0,0.34,0.09,0.04,0.0
2026-03-26,ALTO,4.33,4.43,4.45,4.31,732100,3221512.0,3.08,1.14,0.05,0.95
2026-03-26,ALTS,1.32,1.32,1.36,1.29,1152900,1520776.0,4.81,-2.22,-0.03,0.91
2026-03-26,ALTY,12.04,12.0,12.08,12.0,5900,71735.0,0.64,-0.56,-0.07,0.0
2026-03-26,ALUB,9.98,9.98,9.98,9.98,0,40.0,0.0,0.0,0.0,0.0
2026-03-26,ALV,104.06,105.11,105.92,103.83,649000,68227352.0,1.99,0.0,0.0,0.87
2026-03-26,ALVO,3.14,3.24,3.26,3.08,553700,1757053.0,5.57,3.18,0.1,0.18
2026-03-26,ALVOW,0.25,0.31,0.31,0.25,1900,601.0,24.91,34.78,0.08,0.0
2026-03-26,ALX,235.5,238.9,240.08,234.48,28400,6781565.0,2.35,0.21,0.51,0.56
2026-03-26,ALXO,2.03,2.04,2.09,1.97,435900,886198.0,5.88,0.0,0.0,0.33
2026-03-26,ALZN,1.84,1.5,1.91,1.46,2211500,3934263.0,23.32,-22.28,-0.43,58.13
2026-03-26,AM,23.62,23.55,23.83,23.43,3026100,71556920.0,1.72,-0.21,-0.05,0.64
2026-03-26,AMAL,38.17,38.34,38.53,38.04,102100,3912845.0,1.27,-0.6,-0.23,0.34
2026-03-26,AMAT,358.36,338.55,359.48,337.53,9260900,3180921600.0,5.94,-8.34,-30.79,
2026-03-26,AMAX,7.73,7.66,7.74,7.66,27800,214756.0,1.03,-1.1,-0.09,0.0
2026-03-26,AMBA,53.34,52.67,54.25,52.52,578000,30748446.0,3.2,-2.63,-1.42,1.32
2026-03-26,AMBO,1.85,2.11,2.17,1.85,15200,31471.0,16.49,8.76,0.17,0.53
2026-03-26,AMBP,4.22,4.15,4.27,4.14,1171800,4895769.0,2.94,-2.35,-0.1,0.2
2026-03-26,AMBQ,24.83,24.6,25.6,24.5,219400,5438052.0,4.36,-2.42,-0.61,1.03
2026-03-26,AMBR,2.37,2.36,2.47,2.36,53700,129851.0,4.6,-1.26,-0.03,0.06
2026-03-26,AMC,0.99,0.97,1.01,0.97,14347700,14199899.0,4.52,-2.49,-0.02,2.71
2026-03-26,AMCI,6.07,6.0,6.12,5.86,24900,147559.0,4.39,1.35,0.08,
2026-03-26,AMCR,40.23,39.87,40.58,39.72,3866600,154714960.0,2.11,-1.68,-0.68,0.84
2026-03-26,AMCX,6.58,6.69,6.85,6.56,265900,1793510.0,4.33,-0.15,-0.01,0.62
2026-03-26,AMD,217.98,203.77,221.0,203.43,49212900,10278798336.0,7.98,-7.49,-16.5,3.02
2026-03-26,AMDD,8.43,8.96,8.98,8.32,18853100,165417280.0,7.85,7.43,0.62,0.0
2026-03-26,AMDG,23.95,20.86,24.54,20.82,58700,1294061.0,15.15,-15.02,-3.69,0.0
2026-03-26,AMDL,14.16,12.33,14.57,12.28,11574500,153223728.0,15.82,-14.73,-2.13,0.0
2026-03-26,AMDW,44.7,41.28,45.36,41.28,19500,844540.0,9.0,-8.94,-4.05,0.0
2026-03-26,AMDY,32.51,31.29,32.78,31.18,85200,2694793.0,4.84,-5.35,-1.77,0.0
2026-03-26,AME,212.66,211.47,215.77,210.82,1179800,250922784.0,2.3,-1.79,-3.86,0.52
2026-03-26,AMG,277.25,276.34,277.27,270.08,419500,115172192.0,2.56,-1.54,-4.32,1.57
2026-03-26,AMGN,350.33,353.16,354.81,348.52,2044900,721592640.0,1.78,-0.22,-0.77,0.38
2026-03-26,AMH,27.54,27.89,28.16,27.54,2090600,58347452.0,2.25,1.27,0.35,0.57
2026-03-26,AMID,32.53,32.11,32.76,32.08,27600,899530.0,2.08,-1.89,-0.62,0.0
2026-03-26,AMIX,0.45,0.43,0.46,0.43,82200,36380.0,7.65,-0.83,-0.0,0.72
2026-03-26,AMJB,35.44,35.64,35.65,35.19,25900,921905.0,1.3,0.76,0.27,0.0
2026-03-26,AMKR,48.34,45.14,48.44,44.92,3796900,175000496.0,7.06,-9.59,-4.79,1.54
2026-03-26,AMLP,53.53,53.81,54.01,53.29,2198200,118179416.0,1.36,0.82,0.44,0.0
2026-03-26,AMLX,13.57,13.47,13.88,13.41,735100,10006467.0,3.36,-2.6,-0.36,0.67
2026-03-26,AMN,18.74,19.58,19.62,18.74,1094300,21215402.0,4.66,3.65,0.69,2.83
2026-03-26,AMOD,0.38,0.38,0.4,0.36,485600,186705.0,10.21,4.83,0.02,1.02
2026-03-26,AMODW,0.06,0.06,0.06,0.06,1000,57.0,0.0,7.74,0.0,0.0
2026-03-26,AMOM,47.75,46.79,47.86,46.78,2100,100464.0,2.22,-3.87,-1.89,0.0
2026-03-26,AMP,448.88,448.15,454.32,445.99,390300,175441776.0,1.84,-0.83,-3.74,0.43
2026-03-26,AMPG,2.72,2.65,2.75,2.63,651400,1732715.0,4.38,-3.28,-0.09,2.57
2026-03-26,AMPGZ,0.11,0.11,0.11,0.11,3400,394.0,0.5,10.0,0.01,0.0
2026-03-26,AMPH,19.5,19.53,19.8,18.98,363400,7136337.0,4.19,-0.2,-0.04,0.8
2026-03-26,AMPL,6.52,6.7,6.88,6.52,1141100,7690210.0,5.39,1.67,0.11,0.85
2026-03-26,AMPX,17.39,17.16,18.1,16.79,5939000,102759392.0,7.31,-4.29,-0.77,4.33
2026-03-26,AMPY,6.62,6.63,6.78,6.57,938000,6263570.0,3.14,1.69,0.11,2.27
2026-03-26,AMR,214.27,215.92,220.87,214.27,283400,61280152.0,3.03,-0.74,-1.61,2.22
2026-03-26,AMRC,28.4,27.25,29.12,27.04,550400,15262694.0,7.23,-5.28,-1.52,1.04
2026-03-26,AMRN,14.53,14.67,14.84,14.37,29300,428243.0,3.2,-0.07,-0.01,0.14
2026-03-26,AMRX,12.14,12.06,12.26,12.0,897600,10865591.0,2.12,-1.63,-0.2,0.28
2026-03-26,AMRZ,55.68,55.2,56.64,55.08,3088700,170775280.0,2.78,-1.64,-0.92,
2026-03-26,AMS,1.88,1.88,1.9,1.85,6000,11374.0,2.82,-1.05,-0.02,0.09
2026-03-26,AMSC,32.56,32.31,34.27,32.21,1573000,52316808.0,6.14,-3.72,-1.25,3.3
2026-03-26,AMSF,32.69,32.98,33.29,32.58,250100,8223158.0,2.16,0.56,0.19,1.33
2026-03-26,AMST,1.73,1.84,1.85,1.63,59900,105122.0,12.72,6.36,0.11,1.31
2026-03-26,AMT,167.29,168.92,169.07,165.75,2890400,486366720.0,1.98,0.99,1.65,0.62
2026-03-26,AMTB,21.4,21.78,21.78,21.4,152000,3299195.0,1.76,0.65,0.14,0.38
2026-03-26,AMTD,0.99,1.01,1.01,0.99,3800,3790.0,1.77,1.19,0.01,0.0
2026-03-26,AMTM,26.45,26.54,26.92,26.24,968100,25195114.0,2.54,-0.75,-0.2,0.4
2026-03-26,AMTX,3.18,3.18,3.37,3.04,2477900,7898989.0,10.15,-2.15,-0.07,3.72
2026-03-26,AMUB,22.24,22.35,22.35,22.22,2100,47703.0,0.61,0.83,0.18,0.0
2026-03-26,AMUN,26.18,26.08,26.18,26.08,6600,174445.0,0.38,0.02,0.0,0.0
2026-03-26,AMUU,49.4,42.98,50.57,42.86,148400,6799125.0,15.27,-14.89,-7.52,0.0
2026-03-26,AMWD,42.0,41.49,42.56,40.41,263200,10890778.0,5.05,-2.4,-1.02,1.81
2026-03-26,AMWL,5.64,5.51,5.78,5.46,28400,157856.0,5.68,-2.13,-0.12,0.17
2026-03-26,AMX,25.07,24.86,25.33,24.85,2301200,57501656.0,1.89,-2.09,-0.53,0.08
2026-03-26,AMYY,16.08,15.74,16.13,15.74,8700,137393.0,2.43,-2.37,-0.38,0.0
2026-03-26,AMZA,46.44,47.36,47.4,46.19,41600,1956209.0,2.6,2.2,1.02,0.0
2026-03-26,AMZD,10.91,11.06,11.08,10.8,14427500,157416368.0,2.63,1.84,0.2,0.0
2026-03-26,AMZE,0.21,0.2,0.22,0.2,897600,184781.0,7.09,-6.96,-0.02,2.52
2026-03-26,AMZN,210.61,207.54,212.88,207.12,46745900,9792468992.0,2.72,-1.97,-4.17,0.44
2026-03-26,AMZO,24.43,25.56,25.56,24.43,1700,44654.0,4.58,3.76,0.93,0.0
2026-03-26,AMZP,23.24,23.14,23.75,23.13,10200,239894.0,2.62,-2.07,-0.49,0.0
2026-03-26,AMZU,27.58,26.78,28.19,26.68,2213300,60821272.0,5.4,-3.98,-1.11,0.0
2026-03-26,AMZW,34.58,34.08,35.07,33.96,18000,622372.0,3.17,-2.82,-0.99,0.0
2026-03-26,AMZY,11.08,10.96,11.15,10.96,408900,4524556.0,1.65,-2.06,-0.23,0.0
2026-03-26,AMZZ,25.07,24.48,25.7,24.27,98600,2462878.0,5.65,-3.35,-0.85,0.0
2026-03-26,AN,191.64,195.0,196.44,191.64,273400,53071080.0,2.48,0.75,1.45,0.8
2026-03-26,ANAB,63.88,64.99,67.0,63.24,252600,16538806.0,5.74,-0.61,-0.4,0.88
2026-03-26,ANDE,73.11,72.0,73.91,71.98,347300,25248198.0,2.64,-1.63,-1.19,1.02
2026-03-26,ANDG,26.01,26.04,26.77,25.25,391500,10195653.0,5.81,-0.12,-0.03,0.35
2026-03-26,ANEL,14.94,12.8,14.94,12.77,130500,1768269.0,13.94,-17.84,-2.78,0.0
2026-03-26,ANET,131.79,122.55,132.5,122.51,7553500,947072832.0,7.4,-9.23,-12.46,0.6
2026-03-26,ANEW,45.22,45.22,45.22,45.22,0,316.0,0.0,-1.5,-0.69,0.0
2026-03-26,ANF,88.5,89.76,92.13,88.28,1488200,134558608.0,4.35,1.37,1.21,3.31
2026-03-26,ANGH,3.41,3.46,3.47,3.4,11400,39258.0,2.14,-1.19,-0.04,0.17
2026-03-26,ANGHW,0.01,0.01,0.01,0.01,4000,0.0,0.0,0.0,0.0,0.0
2026-03-26,ANGI,7.15,6.95,7.42,6.93,855800,6054788.0,6.73,-3.61,-0.26,2.13
2026-03-26,ANGL,28.64,28.51,28.68,28.45,1123600,32077426.0,0.8,-0.77,-0.22,0.0
2026-03-26,ANGO,11.05,11.27,11.49,10.91,627600,7135230.0,5.17,0.45,0.05,1.52
2026-03-26,ANGX,3.25,3.19,3.38,3.14,584800,1896688.0,7.25,-3.63,-0.12,0.35
2026-03-26,ANIK,14.41,14.75,15.04,14.41,204900,3040267.0,4.33,1.3,0.19,1.53
2026-03-26,ANIP,73.53,74.14,74.97,73.53,196100,14525081.0,1.95,0.09,0.07,0.87
2026-03-26,ANIX,2.72,2.63,2.78,2.59,100300,266950.0,7.04,-2.59,-0.07,0.3
2026-03-26,ANL,7.05,6.75,7.55,6.55,151100,1026932.0,14.0,-5.2,-0.37,0.28
2026-03-26,ANNA,8.07,7.12,8.95,6.85,8633900,68216688.0,30.13,2.15,0.15,
2026-03-26,ANNAW,0.83,0.66,0.85,0.64,485200,346961.0,31.99,-1.12,-0.01,
2026-03-26,ANNX,5.23,5.25,5.32,5.01,2851100,14769890.0,5.87,-2.14,-0.11,1.97
2026-03-26,ANPA,8.61,8.61,8.69,8.36,13100,111777.0,3.92,0.7,0.06,0.09
2026-03-26,ANRO,20.35,20.82,21.55,20.27,211400,4451608.0,6.19,0.73,0.15,0.66
2026-03-26,ANSC,11.21,11.28,11.28,11.21,500,6431.0,0.62,0.27,0.03,0.0
2026-03-26,ANSCW,0.21,0.21,0.21,0.21,100,21.0,0.0,0.0,0.0,0.0
2026-03-26,ANTA,7.33,6.84,7.33,6.84,4200,30426.0,6.92,-3.39,-0.24,0.02
2026-03-26,ANTX,3.66,3.61,3.91,3.45,321500,1143150.0,12.63,-1.37,-0.05,0.89
2026-03-26,ANV,24.68,24.66,24.78,24.66,2300,57241.0,0.48,-1.24,-0.31,0.0
2026-03-26,ANVS,2.2,2.15,2.24,2.11,452700,986309.0,5.86,-3.15,-0.07,1.6
2026-03-26,ANY,1.41,1.4,1.48,1.37,53300,75090.0,7.62,-2.78,-0.04,1.53
2026-03-26,AOA,88.08,87.33,88.37,87.19,168200,14771421.0,1.32,-1.61,-1.43,0.0
2026-03-26,AOCT,26.44,26.38,26.44,26.38,1500,40156.0,0.21,-0.53,-0.14,0.0
2026-03-26,AOD,9.41,9.12,9.47,9.08,1004800,9252994.0,4.11,-3.8,-0.36,0.0
2026-03-26,AOHY,10.98,10.94,10.99,10.94,80300,880376.0,0.43,-0.59,-0.07,0.0
2026-03-26,AOK,39.78,39.53,39.81,39.51,85900,3409761.0,0.75,-1.0,-0.4,
2026-03-26,AOM,47.08,46.91,47.31,46.9,78200,3683410.0,0.86,-1.14,-0.54,0.0
2026-03-26,AOMD,24.75,24.4,24.75,24.29,12100,295569.0,1.86,-1.41,-0.35,0.0
2026-03-26,AOMN,24.85,24.75,24.85,24.33,16000,395351.0,2.11,-0.58,-0.14,0.0
2026-03-26,AOMR,8.3,8.27,8.4,8.21,57600,478357.0,2.29,-0.48,-0.04,0.23
2026-03-26,AON,320.83,323.77,326.6,320.83,1211500,391938752.0,1.79,0.72,2.32,0.57
2026-03-26,AOR,64.18,63.64,64.32,63.6,317700,20322922.0,1.12,-1.39,-0.9,0.0
2026-03-26,AORT,35.95,36.39,36.95,35.94,262800,9589613.0,2.78,0.75,0.27,0.55
2026-03-26,AOS,66.3,65.61,67.18,65.29,1305000,85968696.0,2.83,-1.93,-1.29,0.94
2026-03-26,AOSL,22.84,22.57,23.46,22.47,208800,4751269.0,4.23,-3.17,-0.74,0.7
2026-03-26,AOTG,48.22,47.12,48.22,47.1,3500,170880.0,2.29,-3.47,-1.69,0.0
2026-03-26,AOTS,20.97,20.82,20.99,20.81,1900,40265.0,0.85,-1.54,-0.33,0.0
2026-03-26,AOUT,8.97,9.04,9.09,8.8,36500,328624.0,3.16,0.11,0.01,0.29
2026-03-26,AP,7.27,7.06,7.55,7.0,147900,1066930.0,7.4,-4.98,-0.37,0.73
2026-03-26,APA,41.83,42.8,43.22,41.8,9309000,396661792.0,3.44,3.58,1.48,2.64
2026-03-26,APACR,0.14,0.14,0.14,0.14,0,5.0,0.0,0.0,0.0,0.0
2026-03-26,APAD,10.17,10.16,10.17,10.16,77000,783114.0,0.1,-0.1,-0.01,0.28
2026-03-26,APADR,0.4,0.41,0.41,0.4,113400,46375.0,2.49,2.09,0.01,0.0
2026-03-26,APAM,36.44,36.3,36.95,36.19,916000,33457934.0,2.07,-1.12,-0.41,1.14
2026-03-26,APC,17.83,17.94,18.22,17.68,228000,4098733.0,2.96,-0.61,-0.11,0.49
2026-03-26,APCB,29.36,29.27,29.4,29.26,70400,2064976.0,0.48,-0.63,-0.18,0.0
2026-03-26,APD,289.73,293.17,295.25,289.73,1665900,488883008.0,1.9,1.06,3.08,0.75
2026-03-26,APEI,58.4,57.42,59.42,57.19,285800,16574032.0,3.81,-1.91,-1.12,1.56
2026-03-26,APG,41.54,40.77,42.2,40.48,2554800,105085080.0,4.08,-3.3,-1.39,0.59
2026-03-26,APGE,77.14,78.42,80.37,76.22,1147700,90546576.0,5.28,-0.14,-0.11,1.54
2026-03-26,APH,125.25,123.13,127.23,122.6,9646100,1196745984.0,3.6,-4.35,-5.6,
2026-03-26,APHU,17.36,16.6,17.36,16.6,1100,19767.0,4.2,-8.31,-1.5,0.0
2026-03-26,API,3.45,3.45,3.56,3.44,248400,864127.0,3.41,-1.99,-0.07,0.28
2026-03-26,APIE,34.87,34.54,35.17,34.54,72400,2527234.0,1.78,-2.37,-0.84,0.0
2026-03-26,APLD,27.62,25.72,27.62,25.3,19579900,511148768.0,8.2,-9.36,-2.66,7.0
2026-03-26,APLE,11.95,11.9,12.09,11.87,2119600,25312826.0,1.84,-0.58,-0.07,0.9
2026-03-26,APLM,17.54,17.62,17.72,17.54,4500,79707.0,1.01,-1.37,-0.25,0.21
2026-03-26,APLMW,0.02,0.02,0.02,0.02,6800,105.0,3.82,1.91,0.0,0.0
2026-03-26,APLS,17.62,17.64,17.98,17.48,1662100,29402828.0,2.82,-0.45,-0.08,1.3
2026-03-26,APLU,24.56,24.45,24.59,24.44,27800,682753.0,0.61,-0.73,-0.18,0.0
2026-03-26,APLX,15.69,13.53,15.69,13.06,1964900,26309100.0,15.82,-18.54,-3.08,0.0
2026-03-26,APLY,11.55,11.59,11.7,11.55,62300,724808.0,1.29,-0.39,-0.05,0.0
2026-03-26,APLZ,18.49,20.73,21.17,18.49,199700,3954973.0,15.29,18.25,3.2,0.0
2026-03-26,APM,1.05,1.02,1.09,1.0,31400,32427.0,8.31,-8.93,-0.1,0.39
2026-03-26,APMU,24.81,24.8,24.82,24.77,15800,393833.0,0.2,-0.28,-0.07,0.0
2026-03-26,APO,108.71,109.98,111.6,107.75,4562200,502487488.0,3.5,0.16,0.18,0.79
2026-03-26,APOC,25.91,25.83,25.91,25.8,3900,103412.0,0.4,-0.38,-0.1,0.0
2026-03-26,APOG,32.58,32.72,33.17,32.4,412900,13558988.0,2.33,-0.49,-0.16,1.92
2026-03-26,APOS,25.39,25.42,25.47,25.25,90900,2308031.0,0.86,-0.2,-0.05,0.0
2026-03-26,APP,412.35,391.21,413.34,388.6,6293000,2494274560.0,5.67,-10.41,-45.48,1.87
2026-03-26,APPF,158.57,158.63,164.34,158.04,338400,54295040.0,3.97,0.04,0.06,0.94
2026-03-26,APPN,23.74,24.0,24.45,23.7,470900,11287980.0,3.13,0.25,0.06,0.64
2026-03-26,APPS,2.92,2.98,3.06,2.87,2188400,6544122.0,6.44,1.02,0.03,1.83
2026-03-26,APPX,30.0,26.55,30.0,26.22,1190500,32849900.0,11.24,-21.15,-7.12,0.0
2026-03-26,APRB,24.95,24.87,24.95,24.87,400,12324.0,0.3,-0.44,-0.11,0.0
2026-03-26,APRE,0.68,0.7,0.71,0.67,74300,51398.0,6.62,4.32,0.03,0.65
2026-03-26,APRH,24.88,24.9,24.98,24.88,3800,95007.0,0.4,-0.16,-0.04,0.0
2026-03-26,APRJ,24.85,24.86,24.87,24.81,1800,46337.0,0.24,0.08,0.02,0.0
2026-03-26,APRP,30.09,29.99,30.1,29.99,3300,100640.0,0.36,-0.4,-0.12,0.0
2026-03-26,APRT,42.16,41.93,42.18,41.93,8000,339013.0,0.59,-0.64,-0.27,0.0
2026-03-26,APRW,35.29,35.28,35.33,35.27,8600,304895.0,0.17,-0.09,-0.03,0.0
2026-03-26,APRZ,35.38,35.38,35.38,35.38,100,3753.0,0.0,-1.53,-0.55,0.0
2026-03-26,APT,4.58,4.48,4.7,4.48,26000,118984.0,4.8,-2.18,-0.1,0.26
2026-03-26,APTV,70.04,70.95,71.69,70.0,1659000,117494480.0,2.38,0.08,0.06,0.78
2026-03-26,APUE,40.11,39.75,40.3,39.72,164000,6561374.0,1.44,-1.59,-0.64,0.0
2026-03-26,APUS,1.8,1.63,1.91,1.61,169800,292022.0,17.18,-6.86,-0.12,1.35
2026-03-26,APVO,4.5,4.51,4.68,4.4,47600,215868.0,6.33,1.92,0.09,4.03
2026-03-26,APWC,1.44,1.44,1.44,1.44,300,499.0,0.0,0.7,0.01,0.0
2026-03-26,APXM,31.29,31.29,31.29,31.29,0,0.0,0.0,-0.05,-0.01,
2026-03-26,APXT,9.94,9.94,9.94,9.94,100,1214.0,0.0,0.0,0.0,0.0
2026-03-26,APXTU,10.1,10.1,10.1,10.1,0,999.0,0.0,0.0,0.0,0.0
2026-03-26,APYX,3.79,3.84,3.91,3.76,45200,173396.0,3.86,-1.29,-0.05,0.11
2026-03-26,AQB,0.94,0.91,0.94,0.91,6300,5876.0,3.45,-3.44,-0.03,0.12
2026-03-26,AQEC,23.64,23.37,23.65,23.37,11400,270931.0,1.21,-0.64,-0.15,0.0
2026-03-26,AQLT,27.66,27.24,27.71,27.24,9000,250146.0,1.68,-2.61,-0.73,0.0
2026-03-26,AQMS,4.12,3.82,4.13,3.71,43600,169152.0,10.19,-7.28,-0.3,1.47
2026-03-26,AQN,6.24,6.21,6.3,6.19,3984800,24806014.0,1.83,-0.96,-0.06,0.52
2026-03-26,AQNB,25.72,25.7,25.85,25.53,28000,721998.0,1.25,0.0,0.0,0.0
2026-03-26,AQST,4.19,4.14,4.3,4.12,1397100,5866676.0,4.28,-1.66,-0.07,1.14
2026-03-26,AQWA,18.88,18.75,19.01,18.75,10600,201434.0,1.39,-1.21,-0.23,0.0
2026-03-26,AR,44.84,44.33,45.47,44.29,4255600,190564368.0,2.64,-0.76,-0.34,1.38
2026-03-26,ARAI,0.86,0.86,0.92,0.83,211700,186121.0,10.22,0.5,0.0,0.58
2026-03-26,ARAY,0.37,0.38,0.39,0.37,1101700,412657.0,5.83,-2.01,-0.01,0.93
2026-03-26,ARB,29.25,29.23,29.3,29.23,25300,741669.0,0.25,-0.18,-0.05,0.0
2026-03-26,ARBB,4.2,4.18,4.3,4.18,6200,26152.0,2.74,-4.73,-0.21,0.35
2026-03-26,ARBE,0.63,0.61,0.65,0.6,2202400,1354414.0,8.46,-5.73,-0.04,1.82
2026-03-26,ARBEW,0.06,0.06,0.06,0.04,13200,669.0,49.0,14.94,0.01,0.0
2026-03-26,ARBK,2.94,3.0,3.0,2.91,6700,19946.0,2.87,1.29,0.04,2.01
2026-03-26,ARCB,94.47,95.13,96.43,93.9,219400,20884642.0,2.64,-0.67,-0.64,0.98
2026-03-26,ARCC,17.93,17.92,18.27,17.87,5513700,99468608.0,2.24,-0.78,-0.14,0.77
2026-03-26,ARCI,9.9,9.85,9.9,9.85,31300,309279.0,0.51,-0.38,-0.04,0.09
2026-03-26,ARCIU,10.02,10.03,10.03,10.02,300,3047.0,0.1,-0.1,-0.01,0.0
2026-03-26,ARCIW,0.45,0.45,0.45,0.45,200,112.0,0.0,-16.12,-0.09,0.0
2026-03-26,ARCM,100.26,100.26,100.26,100.26,100,16147.0,0.0,-0.03,-0.03,0.0
2026-03-26,ARCO,8.32,8.27,8.44,8.21,1035400,8588295.0,2.69,-1.19,-0.1,0.49
2026-03-26,ARCT,7.0,7.08,7.45,6.98,407800,2934375.0,6.66,0.28,0.02,1.44
2026-03-26,ARCX,16.17,15.89,16.86,15.59,43100,701907.0,7.48,-6.8,-1.16,0.0
2026-03-26,ARDC,12.15,12.12,12.15,12.08,114400,1385497.0,0.58,-0.33,-0.04,0.0
2026-03-26,ARDT,8.76,8.78,8.98,8.72,317800,2797738.0,2.9,0.0,0.0,0.22
2026-03-26,ARDX,5.51,5.69,5.8,5.51,2923300,16630987.0,5.14,0.89,0.05,1.19
2026-03-26,ARE,47.17,48.01,48.69,47.17,1793100,85841024.0,3.21,1.54,0.73,1.03
2026-03-26,AREC,2.52,2.44,2.55,2.41,1629400,4014160.0,5.12,-3.94,-0.1,1.52
2026-03-26,AREN,2.45,2.34,2.51,2.34,66100,160831.0,6.99,-3.7,-0.09,0.14
2026-03-26,ARES,105.91,107.92,109.46,104.93,2295700,247750112.0,4.25,1.33,1.42,0.7
2026-03-26,ARGT,88.07,87.86,90.45,87.58,96900,8636017.0,3.22,-1.44,-1.28,0.0
2026-03-26,ARGX,693.72,692.83,700.72,686.35,268800,186670608.0,2.06,-0.61,-4.22,0.43
2026-03-26,ARHS,6.75,6.7,6.96,6.69,831600,5626687.0,3.94,-2.19,-0.15,0.59
2026-03-26,ARI,10.62,10.64,10.71,10.59,1431400,15235241.0,1.12,0.09,0.01,1.03
2026-03-26,ARIS,16.81,16.51,17.39,16.5,2038200,34146684.0,5.06,-5.55,-0.97,0.99
2026-03-26,ARKB,23.01,22.73,23.18,22.59,6199400,141691312.0,2.49,-3.36,-0.79,0.0
2026-03-26,ARKD,18.55,18.55,18.55,18.55,0,185.0,0.0,-1.85,-0.35,0.0
2026-03-26,ARKF,38.54,37.76,39.01,37.73,184300,7026866.0,3.26,-3.35,-1.31,0.0
2026-03-26,ARKG,26.48,26.51,27.33,26.48,2265800,60997516.0,3.18,-1.3,-0.35,0.0
2026-03-26,ARKK,68.72,67.39,69.98,67.35,9789700,670128192.0,3.76,-3.59,-2.51,0.0
2026-03-26,ARKO,5.49,5.51,5.64,5.43,995200,5467920.0,3.8,-0.18,-0.01,
2026-03-26,ARKQ,117.13,113.84,117.25,113.76,158500,18292056.0,2.93,-4.35,-5.18,0.0
2026-03-26,ARKR,6.75,6.75,6.75,6.75,900,6524.0,0.0,-2.17,-0.15,0.03
2026-03-26,ARKT,17.65,17.65,17.65,17.65,500,9288.0,0.0,-1.37,-0.24,0.0
2026-03-26,ARKW,122.76,120.11,124.78,120.06,139600,17012072.0,3.78,-3.89,-4.86,0.0
2026-03-26,ARKX,30.63,29.87,30.72,29.81,547000,16511951.0,2.93,-3.89,-1.21,0.0
2026-03-26,ARL,14.8,15.28,15.28,14.8,300,5283.0,2.99,-4.8,-0.77,0.0
2026-03-26,ARLO,14.68,14.22,14.72,14.14,925500,13244916.0,3.94,-3.4,-0.5,0.87
2026-03-26,ARLP,28.47,28.88,29.04,28.47,212900,6146476.0,1.99,0.98,0.28,0.17
2026-03-26,ARLU,28.93,28.48,28.93,28.48,400,12958.0,1.54,-1.9,-0.55,0.0
2026-03-26,ARM,157.35,154.8,163.53,154.35,15671500,2483903488.0,5.84,-1.45,-2.27,1.48
2026-03-26,ARMG,10.64,10.35,11.55,10.31,2465900,26885914.0,11.61,-3.09,-0.33,0.0
2026-03-26,ARMH,67.87,65.75,68.98,65.75,15900,1074524.0,4.86,-1.22,-0.81,0.0
2026-03-26,ARMK,41.27,40.55,41.79,40.44,2500900,101872352.0,3.27,-2.22,-0.92,0.95
2026-03-26,ARMP,8.11,9.35,9.51,7.7,48800,429841.0,21.02,8.59,0.74,0.13
2026-03-26,ARMW,36.9,35.63,37.74,35.48,13100,483853.0,6.25,-1.47,-0.53,0.0
2026-03-26,AROC,36.02,35.7,36.53,35.65,1525700,54875404.0,2.39,-3.15,-1.16,0.87
2026-03-26,AROW,32.76,33.32,33.39,32.76,43500,1447442.0,1.9,0.33,0.11,0.26
2026-03-26,ARP,30.58,30.32,30.74,30.32,1700,52287.0,1.35,-2.46,-0.76,0.0
2026-03-26,ARQ,2.46,2.5,2.72,2.46,983100,2537474.0,10.54,0.0,0.0,2.29
2026-03-26,ARQQ,13.19,12.77,13.58,12.74,139700,1821027.0,6.17,-6.24,-0.85,0.89
2026-03-26,ARQQW,0.13,0.13,0.14,0.13,4700,616.0,4.53,-5.04,-0.01,0.0
2026-03-26,ARQT,22.52,22.38,22.89,22.35,611300,13775510.0,2.37,-1.58,-0.36,0.49
2026-03-26,ARR,16.2,16.01,16.28,15.96,2320900,37342524.0,1.95,-2.32,-0.38,1.89
2026-03-26,ARRY,7.63,7.28,7.86,7.26,3426400,25553326.0,7.77,-5.82,-0.45,2.24
2026-03-26,ARTC,9.81,9.81,9.81,9.81,1100,11164.0,0.0,0.0,0.0,0.0
2026-03-26,ARTCU,9.9,9.9,9.92,9.88,2600,26324.0,0.4,0.1,0.01,0.01
2026-03-26,ARTCW,0.3,0.3,0.3,0.3,200,70.0,0.03,-13.69,-0.05,0.0
2026-03-26,ARTL,2.95,3.19,4.53,2.95,2185700,7287579.0,32.47,-34.23,-1.66,296.93
2026-03-26,ARTNA,31.59,32.17,32.21,31.46,47400,1519624.0,2.37,1.51,0.48,0.46
2026-03-26,ARTV,5.55,5.16,5.67,5.16,106800,570441.0,9.34,-5.49,-0.3,0.43
2026-03-26,ARTW,2.17,2.21,2.26,2.15,9400,20847.0,4.87,-2.21,-0.05,0.18
2026-03-26,ARTY,48.17,46.69,48.33,46.64,494700,23529636.0,3.45,-4.87,-2.39,0.0
2026-03-26,ARVN,10.84,10.87,11.22,10.71,416200,4542389.0,4.67,-0.46,-0.05,0.65
2026-03-26,ARVR,43.19,43.19,43.19,43.19,100,4460.0,0.0,-2.63,-1.17,0.0
2026-03-26,ARW,144.1,143.24,145.19,142.35,266800,38274932.0,1.94,-1.98,-2.89,0.52
2026-03-26,ARWG,23.44,23.05,23.44,23.05,300,7180.0,1.64,-2.8,-0.66,0.0
2026-03-26,ARWR,56.02,60.77,61.66,55.4,2663400,160274144.0,10.29,0.0,0.0,1.9
2026-03-26,ARX,12.98,13.23,13.4,12.89,1326000,17488178.0,3.99,2.48,0.32,0.6
2026-03-26,AS,33.13,31.82,33.78,31.78,3799100,123544792.0,5.95,-5.35,-1.8,0.66
2026-03-26,ASA,58.62,56.68,60.42,56.68,63500,3727908.0,6.26,-5.19,-3.1,0.33
2026-03-26,ASAN,6.0,6.18,6.28,6.0,5853500,36094956.0,4.71,2.15,0.13,2.46
2026-03-26,ASB,25.06,25.38,25.43,24.95,1906700,48256100.0,1.9,0.55,0.14,1.15
2026-03-26,ASBA,24.82,24.85,24.96,24.81,40200,1000703.0,0.6,-0.28,-0.07,0.0
2026-03-26,ASBP,1.09,0.91,1.13,0.88,489000,499341.0,22.42,-19.47,-0.22,9.73
2026-03-26,ASBPW,0.02,0.02,0.02,0.02,51700,928.0,21.34,-32.22,-0.01,0.0
2026-03-26,ASC,15.35,15.22,15.6,15.15,612000,9390387.0,2.98,-0.46,-0.07,1.5
2026-03-26,ASCE,27.87,27.48,28.03,27.47,30900,859139.0,2.01,-2.29,-0.64,0.0
2026-03-26,ASCI,33.47,33.14,33.47,33.14,300,12414.0,0.97,-2.34,-0.79,0.0
2026-03-26,ASEA,19.24,19.16,19.34,19.15,25800,497993.0,0.98,-1.49,-0.29,0.0
2026-03-26,ASG,4.82,4.75,4.85,4.75,246900,1184979.0,2.05,-2.46,-0.12,0.0
2026-03-26,ASGI,21.8,21.37,21.99,21.32,295700,6397418.0,3.05,-2.86,-0.63,0.0
2026-03-26,ASGM,27.65,27.65,27.65,27.65,0,55.0,0.0,-1.7,-0.48,0.0
2026-03-26,ASGN,38.33,39.9,40.16,38.33,756700,29991966.0,4.74,3.31,1.28,1.83
2026-03-26,ASH,53.19,54.2,54.65,52.9,771200,41826160.0,3.26,1.1,0.59,1.69
2026-03-26,ASHR,32.09,31.91,32.25,31.91,4623900,148300160.0,1.04,-2.42,-0.79,0.0
2026-03-26,ASHS,39.76,39.63,39.91,39.57,21700,863046.0,0.84,-2.22,-0.9,0.0
2026-03-26,ASIA,34.94,34.33,34.98,34.33,3500,122184.0,1.82,-3.58,-1.28,0.0
2026-03-26,ASIC,18.92,19.25,19.25,18.71,171800,2962090.0,2.86,1.85,0.35,0.36
2026-03-26,ASIX,23.38,24.43,24.46,23.38,516600,12483017.0,4.61,4.22,0.99,1.92
2026-03-26,ASLE,6.31,6.2,6.34,6.18,289800,1803070.0,2.59,-2.67,-0.17,0.61
2026-03-26,ASLV,27.95,27.68,27.95,27.68,400,11815.0,0.97,-1.04,-0.29,0.0
2026-03-26,ASM,5.77,5.69,6.01,5.67,5511000,31944022.0,5.68,-6.26,-0.38,3.28
2026-03-26,ASMB,28.65,28.87,29.53,28.49,65200,1882300.0,3.63,0.7,0.2,0.41
2026-03-26,ASMF,25.22,25.21,25.29,25.18,5300,133787.0,0.43,-0.32,-0.08,0.0
2026-03-26,ASMG,33.97,32.41,34.2,32.3,56000,1830169.0,5.32,-9.32,-3.33,0.0
2026-03-26,ASMH,91.97,90.84,92.03,90.84,200,21168.0,1.25,-4.15,-3.93,0.0
2026-03-26,ASML,1356.81,1329.5,1359.42,1326.85,1721000,2308091648.0,2.34,-4.62,-64.39,0.45
2026-03-26,ASMU,22.21,21.27,22.21,21.19,36200,787894.0,4.35,-9.24,-2.17,0.0
2026-03-26,ASND,222.87,220.6,237.81,217.52,388100,86246216.0,9.19,-0.14,-0.3,0.62
2026-03-26,ASNS,0.39,0.38,0.43,0.36,3059800,1194642.0,17.21,-4.4,-0.02,11.45
2026-03-26,ASO,52.71,53.5,54.91,52.56,1337400,71696240.0,4.41,0.32,0.17,2.08
2026-03-26,ASPC,10.91,10.94,11.06,10.91,4200,46988.0,1.38,0.92,0.1,0.18
2026-03-26,ASPCR,0.17,0.17,0.17,0.17,300,56.0,0.0,-9.57,-0.02,0.0
2026-03-26,ASPCU,11.07,11.07,11.07,11.07,0,242.0,0.0,0.0,0.0,0.0
2026-03-26,ASPI,4.88,4.61,4.9,4.59,4119300,19295262.0,6.15,-8.53,-0.43,3.72
2026-03-26,ASPN,3.41,3.42,3.54,3.38,798300,2744442.0,4.36,-0.58,-0.02,0.96
2026-03-26,ASPS,6.57,6.5,6.6,6.43,10500,68412.0,2.66,-1.37,-0.09,0.09
2026-03-26,ASPSW,0.38,0.38,0.42,0.38,1200,475.0,9.09,-12.93,-0.06,0.0
2026-03-26,ASPSZ,0.21,0.21,0.25,0.21,500,110.0,17.22,-0.05,-0.0,0.0
2026-03-26,ASR,336.04,334.28,341.12,333.55,176700,59665164.0,2.23,-1.53,-5.18,0.59
2026-03-26,ASRT,18.9,19.53,20.45,18.67,428800,8376075.0,9.59,5.17,0.96,6.65
2026-03-26,ASRV,3.61,3.63,3.66,3.59,14300,52335.0,1.94,0.55,0.02,0.08
2026-03-26,ASST,10.48,10.41,10.9,10.38,2098800,22145310.0,4.79,-4.06,-0.44,3.03
2026-03-26,ASTC,2.27,2.17,2.34,2.15,15400,34789.0,8.44,-3.56,-0.08,0.88
2026-03-26,ASTE,54.42,53.1,54.72,52.87,171100,9128711.0,3.36,-3.23,-1.77,0.75
2026-03-26,ASTH,24.34,24.27,24.8,23.88,417600,10112770.0,3.76,-0.86,-0.21,0.84
2026-03-26,ASTI,4.18,3.88,4.31,3.85,663800,2694684.0,10.75,-9.35,-0.4,7.02
2026-03-26,ASTL,4.06,4.16,4.3,4.05,770300,3226092.0,6.08,0.0,0.0,0.73
2026-03-26,ASTLW,0.08,0.07,0.08,0.07,5000,351.0,16.4,-6.53,-0.0,0.0
2026-03-26,ASTN,13.4,14.71,15.06,12.87,1255600,17165926.0,17.17,15.46,1.97,0.0
2026-03-26,ASTS,93.55,87.86,95.75,87.2,13366000,1214174592.0,8.9,-8.54,-8.2,3.5
2026-03-26,ASTX,48.05,42.75,50.7,41.6,2089200,95949200.0,17.85,-16.13,-8.22,0.0
2026-03-26,ASUR,7.95,7.95,8.19,7.9,80900,645327.0,3.61,-0.5,-0.04,0.29
2026-03-26,ASX,22.1,21.43,22.26,21.39,7893500,171009280.0,3.88,-4.33,-0.97,0.36
2026-03-26,ASYS,11.79,11.48,11.99,11.47,152100,1779132.0,4.37,-4.49,-0.54,1.06
2026-03-26,ATAI,3.5,3.54,3.63,3.48,2647000,9401131.0,4.24,0.0,0.0,0.73
2026-03-26,ATAT,35.5,36.04,36.23,35.28,1276200,45893120.0,2.64,0.22,0.08,0.92
2026-03-26,ATCH,0.2,0.19,0.21,0.19,1966000,391184.0,9.28,-6.96,-0.01,1.31
2026-03-26,ATCL,24.29,24.02,24.31,24.02,37200,904327.0,1.19,-1.27,-0.31,0.0
2026-03-26,ATCX,5.21,5.1,5.31,5.04,6100,32184.0,5.09,-3.77,-0.2,0.12
2026-03-26,ATEC,11.56,11.52,11.84,11.46,2174200,25163178.0,3.26,0.26,0.03,1.44
2026-03-26,ATEN,23.06,23.18,23.62,22.98,1050600,24422134.0,2.75,-0.34,-0.08,1.46
2026-03-26,ATER,0.56,0.6,0.62,0.56,30700,18306.0,9.78,1.17,0.01,0.28
2026-03-26,ATEX,39.98,38.78,41.0,38.7,235800,9280516.0,5.67,-4.41,-1.79,1.26
2026-03-26,ATFV,31.75,31.1,31.85,31.06,9900,311862.0,2.46,-3.65,-1.18,0.0
2026-03-26,ATGL,16.6,16.6,16.6,16.6,200,4786.0,0.0,-2.41,-0.41,0.0
2026-03-26,ATHE,3.38,3.16,3.39,3.16,9300,30668.0,6.74,-7.33,-0.25,0.05
2026-03-26,ATHM,17.31,17.29,17.5,17.09,577000,9942704.0,2.33,-1.71,-0.3,0.49
2026-03-26,ATHR,3.27,2.74,3.27,2.72,10200,29323.0,18.64,-7.12,-0.21,0.08
2026-03-26,ATHS,23.8,23.84,24.12,23.8,54400,1301957.0,1.33,-0.25,-0.06,0.0
2026-03-26,ATI,146.4,143.94,147.79,142.47,1840300,265768448.0,3.57,-3.4,-5.06,1.35
2026-03-26,ATII,10.41,10.41,10.46,10.41,26600,277046.0,0.48,0.0,0.0,0.09
2026-03-26,ATIIW,0.5,0.49,0.55,0.36,30300,14827.0,36.65,-5.44,-0.03,0.0
2026-03-26,ATKR,60.23,60.52,61.46,60.23,270500,16411460.0,2.02,-0.61,-0.37,0.8
2026-03-26,ATLC,53.29,53.14,54.41,52.71,31900,1705019.0,3.14,-1.83,-0.99,0.21
2026-03-26,ATLCL,24.98,24.99,25.0,24.96,8700,218939.0,0.16,0.0,0.0,0.0
2026-03-26,ATLCP,22.75,22.65,22.85,22.65,9700,220615.0,0.87,-1.09,-0.25,0.0
2026-03-26,ATLCZ,25.24,25.19,25.26,25.19,16800,424221.0,0.28,-0.24,-0.06,0.0
2026-03-26,ATLN,3.26,3.35,3.38,3.1,56600,185158.0,8.93,5.02,0.16,0.07
2026-03-26,ATLO,27.43,27.61,27.76,27.43,43900,1212324.0,1.19,-0.07,-0.02,0.5
2026-03-26,ATLX,4.09,4.04,4.21,4.01,175900,721001.0,4.74,-4.27,-0.18,0.65
2026-03-26,ATMP,34.92,35.26,35.26,34.87,183600,6459714.0,1.12,1.06,0.37,0.0
2026-03-26,ATMU,59.97,59.19,60.63,59.11,754300,44953048.0,2.51,-2.23,-1.35,0.93
2026-03-26,ATNI,27.64,27.56,28.46,27.29,64000,1775091.0,4.19,-1.29,-0.36,0.42
2026-03-26,ATNM,1.06,1.05,1.07,1.03,96000,99677.0,3.7,-2.78,-0.03,0.31
2026-03-26,ATO,181.21,183.18,183.26,180.85,694600,127085272.0,1.33,0.9,1.63,0.42
2026-03-26,ATOM,4.42,3.9,4.53,3.9,803000,3313113.0,13.85,-14.18,-0.65,2.08
2026-03-26,ATON,0.34,0.33,0.35,0.32,209100,61696.0,8.76,-1.7,-0.01,0.89
2026-03-26,ATOS,5.19,4.71,5.47,4.64,124000,620363.0,15.29,-13.1,-0.71,1.44
2026-03-26,ATPC,2.32,2.23,2.33,2.2,31700,71801.0,5.37,-5.91,-0.14,3.17
2026-03-26,ATR,125.22,124.69,127.33,124.11,442000,55194776.0,2.56,-0.9,-1.13,0.69
2026-03-26,ATRA,4.88,4.71,5.07,4.7,67100,322780.0,7.44,-5.04,-0.25,0.82
2026-03-26,ATRC,29.35,30.04,30.1,29.0,445800,13331216.0,3.71,1.73,0.51,0.9
2026-03-26,ATRO,66.17,65.28,67.24,64.85,451300,29582312.0,3.5,-4.53,-3.1,1.26
2026-03-26,ATS,29.95,29.59,30.73,29.53,141400,4230297.0,3.93,-2.63,-0.8,0.14
2026-03-26,ATTR,90.78,90.5,90.78,90.5,400,39584.0,0.31,-0.52,-0.47,0.0
2026-03-26,ATXG,0.32,0.31,0.34,0.29,484100,153508.0,12.46,-16.62,-0.06,4.13
2026-03-26,ATYR,0.78,0.79,0.81,0.78,789500,626728.0,3.9,-0.83,-0.01,0.81
2026-03-26,AU,86.68,85.73,89.61,85.54,2440400,211757632.0,4.54,-4.27,-3.82,0.48
2026-03-26,AUAU,36.58,35.79,36.62,35.79,600,25329.0,2.24,-4.02,-1.5,0.0
2026-03-26,AUB,34.8,35.52,35.72,34.8,1036900,36763212.0,2.6,0.54,0.19,0.73
2026-03-26,AUBN,22.95,22.95,22.95,22.95,100,3188.0,0.0,0.0,0.0,0.0
2026-03-26,AUDC,8.56,8.54,8.77,8.53,82000,709484.0,2.77,-1.5,-0.13,0.29
2026-03-26,AUGM,33.93,33.86,33.93,33.86,600,21464.0,0.21,-0.4,-0.14,0.0
2026-03-26,AUGO,68.24,66.27,70.16,66.12,601100,40663604.0,5.65,-7.3,-5.22,0.72
2026-03-26,AUGP,30.49,30.37,30.49,30.37,5300,162471.0,0.39,-1.1,-0.34,0.0
2026-03-26,AUGT,34.65,34.65,34.65,34.65,0,242.0,0.0,-1.25,-0.44,0.0
2026-03-26,AUGU,28.49,28.28,28.49,28.28,7600,218021.0,0.73,-1.06,-0.3,0.0
2026-03-26,AUGW,32.26,32.07,32.26,32.07,500,19293.0,0.58,-0.75,-0.24,0.0
2026-03-26,AUGZ,40.71,40.38,40.71,40.38,1300,54674.0,0.81,-1.13,-0.46,0.0
2026-03-26,AUID,1.33,1.26,1.37,1.26,171200,223909.0,8.21,-5.97,-0.08,1.14
2026-03-26,AUMI,88.08,85.79,89.24,85.79,8300,731494.0,3.81,-5.23,-4.74,0.0
2026-03-26,AUNA,5.93,5.79,6.02,5.73,431400,2516788.0,4.85,-3.18,-0.19,0.58
2026-03-26,AUPH,14.13,14.6,14.61,14.08,1324400,19173580.0,3.69,1.6,0.23,1.0
2026-03-26,AUR,4.26,4.22,4.44,4.21,13593100,58486128.0,5.32,-2.31,-0.1,0.7
2026-03-26,AURA,6.37,6.44,6.7,6.3,245100,1602990.0,6.1,-0.62,-0.04,0.39
2026-03-26,AURE,1.75,1.81,1.95,1.75,11800,21843.0,11.01,0.56,0.01,0.03
2026-03-26,AUROW,0.22,0.25,0.25,0.22,20800,4646.0,13.04,8.7,0.02,0.0
2026-03-26,AUSF,48.17,48.22,48.61,48.17,46700,2262730.0,0.91,-0.25,-0.12,0.0
2026-03-26,AUSM,25.05,25.04,25.05,25.04,500,14300.0,0.03,-0.03,-0.01,0.0
2026-03-26,AUST,1.35,1.33,1.43,1.32,133000,180380.0,7.91,-4.32,-0.06,0.97
2026-03-26,AUTL,1.33,1.29,1.35,1.28,2544700,3365716.0,5.26,-3.01,-0.04,0.96
2026-03-26,AUUD,0.83,0.81,0.85,0.8,80600,66036.0,6.58,-0.9,-0.01,2.09
2026-03-26,AVA,39.28,39.6,39.71,39.23,435100,17218354.0,1.23,0.61,0.24,0.53
2026-03-26,AVAH,6.54,6.61,6.72,6.51,1075900,7100328.0,3.17,-0.15,-0.01,
2026-03-26,AVAL,4.28,4.19,4.3,4.18,63700,270086.0,2.79,-3.01,-0.13,
2026-03-26,AVAV,195.05,195.91,200.3,193.68,1017900,200190240.0,3.33,-1.56,-3.11,
2026-03-26,AVB,163.21,163.41,165.2,163.0,1133800,185746816.0,1.34,-0.15,-0.24,0.81
2026-03-26,AVBC,19.56,19.39,19.56,19.28,34800,667938.0,1.43,-0.67,-0.13,0.17
2026-03-26,AVBH,27.95,27.9,28.9,27.7,52900,1467815.0,4.29,-0.18,-0.05,0.48
2026-03-26,AVBP,22.41,21.81,23.33,21.77,229700,5099568.0,6.86,-4.15,-0.94,
2026-03-26,AVD,2.18,2.19,2.27,2.11,531800,1159262.0,7.11,0.46,0.01,1.86
2026-03-26,AVDE,83.55,82.74,84.14,82.71,1085300,90464728.0,1.69,-2.09,-1.77,0.0
2026-03-26,AVDS,71.17,70.4,71.54,70.4,33400,2372887.0,1.59,-2.05,-1.48,0.0
2026-03-26,AVDV,98.46,97.24,98.95,97.18,778300,76193944.0,1.79,-2.06,-2.05,0.0
2026-03-26,AVEE,63.15,62.28,63.4,62.28,28800,1811641.0,1.74,-2.98,-1.91,0.0
2026-03-26,AVEM,80.0,78.73,80.39,78.69,1879700,149270016.0,2.08,-3.4,-2.77,0.0
2026-03-26,AVES,59.53,58.82,59.86,58.64,102200,6060137.0,2.01,-3.1,-1.88,0.0
2026-03-26,AVGB,50.53,50.39,50.54,50.39,500,26452.0,0.3,-0.48,-0.24,0.0
2026-03-26,AVGE,88.05,87.02,88.15,87.02,69800,6119302.0,1.28,-1.64,-1.45,0.0
2026-03-26,AVGG,21.02,20.45,21.4,20.45,114400,2374615.0,4.37,-5.85,-1.27,0.0
2026-03-26,AVGO,314.02,309.42,316.92,309.17,20343700,6336380928.0,2.43,-2.95,-9.39,0.43
2026-03-26,AVGU,27.37,26.24,27.37,26.2,59200,1566631.0,4.2,-5.82,-1.62,0.0
2026-03-26,AVGV,77.36,76.64,77.52,76.61,17900,1380571.0,1.17,-1.48,-1.15,0.0
2026-03-26,AVGW,37.31,36.63,37.4,36.6,19800,731148.0,2.1,-3.68,-1.4,0.0
2026-03-26,AVGX,36.08,35.18,36.91,35.15,353600,12723768.0,4.71,-5.91,-2.21,0.0
2026-03-26,AVIE,72.65,72.38,72.65,72.38,300,22580.0,0.37,0.09,0.07,0.0
2026-03-26,AVIG,41.33,41.22,41.4,41.21,583300,24077086.0,0.46,-0.66,-0.28,0.0
2026-03-26,AVIR,5.34,5.33,5.51,5.32,252000,1362375.0,3.46,-1.84,-0.1,0.32
2026-03-26,AVIV,73.56,72.93,74.02,72.91,65000,4779316.0,1.49,-1.91,-1.42,0.0
2026-03-26,AVK,11.45,11.3,11.56,11.29,160800,1842179.0,2.35,-1.82,-0.21,0.0
2026-03-26,AVL,34.05,33.08,34.64,33.05,342100,11575338.0,4.52,-5.94,-2.09,0.0
2026-03-26,AVLC,77.71,77.02,78.08,77.0,28200,2184863.0,1.38,-1.67,-1.31,0.0
2026-03-26,AVLV,80.81,80.23,81.14,80.16,1067800,86087296.0,1.21,-1.3,-1.06,0.0
2026-03-26,AVMA,67.2,66.54,67.2,66.54,2000,137392.0,0.97,-1.34,-0.91,0.0
2026-03-26,AVMC,72.9,71.92,72.97,71.85,19100,1379999.0,1.54,-1.3,-0.95,0.0
2026-03-26,AVMU,45.76,45.63,45.76,45.63,8800,402713.0,0.28,-0.23,-0.1,0.0
2026-03-26,AVMV,73.87,73.94,74.77,73.87,47500,3523723.0,1.21,-0.77,-0.57,0.0
2026-03-26,AVNM,75.25,74.53,75.82,74.53,69900,5255939.0,1.7,-2.32,-1.77,0.0
2026-03-26,AVNS,13.67,13.85,14.1,13.67,412800,5739946.0,3.12,0.36,0.05,0.89
2026-03-26,AVNT,35.89,36.23,36.78,35.89,891900,32344776.0,2.45,-0.11,-0.04,0.97
2026-03-26,AVNV,77.45,76.57,77.45,76.5,6900,536031.0,1.21,-2.12,-1.66,0.0
2026-03-26,AVNW,24.79,23.75,25.98,23.57,122900,2964507.0,9.68,-4.58,-1.14,0.95
2026-03-26,AVO,13.27,13.6,13.73,13.05,835500,11315769.0,5.15,2.33,0.31,1.18
2026-03-26,AVOS,24.51,24.12,24.52,24.12,27900,678136.0,1.64,-1.92,-0.47,0.0
2026-03-26,AVPT,9.63,9.78,9.99,9.55,956600,9379573.0,4.55,1.03,0.1,0.44
2026-03-26,AVR,5.5,5.39,5.67,5.38,903800,4905542.0,5.24,-2.53,-0.14,0.93
2026-03-26,AVRE,43.35,43.46,43.78,43.33,55600,2418891.0,1.03,-0.5,-0.22,0.0
2026-03-26,AVRY,21.7,21.46,21.82,21.46,13800,298903.0,1.65,-1.35,-0.29,0.0
2026-03-26,AVS,10.15,10.28,10.28,10.05,1577300,16064651.0,2.34,2.95,0.3,0.0
2026-03-26,AVSC,62.37,62.21,62.97,62.06,117500,7331369.0,1.45,-0.88,-0.55,0.0
2026-03-26,AVSD,72.74,72.0,73.11,71.97,9000,653036.0,1.55,-2.15,-1.58,0.0
2026-03-26,AVSE,66.61,65.48,66.74,65.48,10400,689866.0,1.85,-3.49,-2.37,0.0
2026-03-26,AVSF,46.62,46.54,46.65,46.53,82900,3864769.0,0.25,-0.36,-0.17,0.0
2026-03-26,AVSU,74.38,73.31,74.56,73.3,13800,1019838.0,1.69,-1.89,-1.41,0.0
2026-03-26,AVT,61.39,61.2,61.93,60.89,562500,34459800.0,1.67,-1.7,-1.06,0.69
2026-03-26,AVTM,47.01,46.61,47.01,46.61,700,34349.0,0.84,-1.82,-0.87,0.0
2026-03-26,AVTR,7.59,7.67,7.84,7.55,7377500,56863204.0,3.77,-0.26,-0.02,1.08
2026-03-26,AVTX,13.8,13.95,14.46,13.59,938100,13065217.0,6.24,0.0,0.0,4.12
2026-03-26,AVUQ,57.09,56.24,57.33,56.24,6300,360249.0,1.89,-2.4,-1.38,0.0
2026-03-26,AVUS,111.3,110.31,111.89,110.31,400400,44418272.0,1.41,-1.72,-1.93,0.0
2026-03-26,AVUV,109.93,110.34,111.45,109.93,1174100,129898296.0,1.37,-0.35,-0.39,0.0
2026-03-26,AVX,0.67,0.61,0.67,0.61,135900,83852.0,9.42,-8.67,-0.06,0.15
2026-03-26,AVXC,67.56,66.16,67.6,66.11,57900,3876057.0,2.17,-3.54,-2.43,0.0
2026-03-26,AVXL,2.71,2.88,3.02,2.65,3912000,11203626.0,13.5,5.11,0.14,4.22
2026-03-26,AVXX,12.1,12.15,12.53,11.8,69000,827004.0,5.84,-2.72,-0.34,0.0
2026-03-26,AVY,169.98,168.52,172.29,167.57,546300,92287848.0,2.76,-1.24,-2.12,0.71
2026-03-26,AWAY,16.01,16.08,16.19,15.99,2900,47877.0,1.24,-0.03,-0.0,0.0
2026-03-26,AWF,10.21,10.0,10.23,10.0,496900,5030115.0,2.25,-2.15,-0.22,0.0
2026-03-26,AWI,166.31,164.97,168.67,164.12,320700,53052560.0,2.72,-1.32,-2.21,0.75
2026-03-26,AWK,134.95,137.51,138.2,133.6,1456800,199921024.0,3.42,2.17,2.92,0.75
2026-03-26,AWP,11.06,10.89,11.21,10.89,294100,3236339.0,2.91,-2.51,-0.28,0.0
2026-03-26,AWR,73.59,74.96,75.08,73.45,229800,17172822.0,2.22,2.13,1.56,0.59
2026-03-26,AWRE,1.28,1.36,1.36,1.27,80800,106308.0,6.98,5.43,0.07,0.37
2026-03-26,AWX,2.59,2.59,2.62,2.59,10000,26167.0,1.15,-0.38,-0.01,0.26
2026-03-26,AX,84.75,84.95,86.13,84.5,258900,22021310.0,1.9,-0.86,-0.74,0.46
2026-03-26,AXG,3.54,3.57,3.65,3.49,403500,1432604.0,4.53,1.13,0.04,0.21
2026-03-26,AXGN,32.9,32.25,33.4,32.23,718500,23554668.0,3.5,-3.09,-1.03,1.38
2026-03-26,AXIA,11.1,10.83,11.25,10.81,2175100,23885934.0,3.97,-3.3,-0.37,0.11
2026-03-26,AXIL,6.94,7.17,7.17,6.94,11500,81004.0,3.25,1.41,0.1,0.17
2026-03-26,AXIN,10.13,10.13,10.14,10.13,1400,14302.0,0.1,0.0,0.0,0.01
2026-03-26,AXINU,10.29,10.36,10.64,10.28,5500,57835.0,3.47,0.0,0.0,0.03
2026-03-26,AXON,448.21,450.46,467.82,445.0,767900,348868800.0,4.96,-2.11,-9.69,0.96
2026-03-26,AXP,298.57,299.39,302.7,295.85,2887500,863251072.0,2.28,-0.28,-0.85,0.42
2026-03-26,AXPG,10.72,10.87,10.87,10.72,1700,18740.0,1.37,-0.77,-0.08,0.0
2026-03-26,AXR,27.48,26.94,27.64,24.11,21300,557854.0,12.6,-3.72,-1.04,0.4
2026-03-26,AXS,102.28,101.28,102.28,99.4,466700,47065596.0,2.85,0.24,0.24,0.63
2026-03-26,AXSM,160.05,164.26,165.69,159.05,304400,49788260.0,4.1,1.54,2.49,0.6
2026-03-26,AXTA,27.17,27.36,27.7,27.1,2287000,62579464.0,2.17,-1.08,-0.3,1.07
2026-03-26,AXTI,65.18,58.51,67.68,58.02,10184600,632676352.0,14.34,-13.13,-8.84,18.33
2026-03-26,AYI,281.86,270.34,281.95,270.0,641500,175924864.0,4.2,-5.09,-14.51,2.09
2026-03-26,AYTU,2.63,2.66,2.72,2.6,33500,88964.0,4.42,-2.03,-0.05,0.31
2026-03-26,AZ,6.91,6.64,7.04,6.53,305900,2052776.0,7.32,-4.73,-0.33,0.69
2026-03-26,AZI,2.58,2.39,2.6,2.2,50500,124162.0,15.44,-7.72,-0.2,1.11
2026-03-26,AZN,185.07,183.4,186.81,182.79,1850200,341241088.0,2.15,-2.0,-3.74,0.12
2026-03-26,AZO,3377.38,3395.97,3435.26,3370.96,126800,430593984.0,1.9,0.29,9.83,0.77
2026-03-26,AZTA,21.76,21.31,22.3,21.19,716100,15380887.0,5.08,-2.52,-0.55,1.55
2026-03-26,AZTD,28.92,28.32,28.92,28.32,300,10258.0,2.06,-2.63,-0.76,0.0
2026-03-26,AZTR,0.25,0.24,0.25,0.23,4641400,1103872.0,7.44,-6.65,-0.02,28.66
2026-03-26,AZYY,16.69,16.55,16.73,16.55,1500,24280.0,1.06,-0.79,-0.13,0.0
2026-03-26,AZZ,126.28,123.29,128.08,122.5,164200,20388252.0,4.34,-4.02,-5.17,0.55
2026-03-26,B,37.85,37.48,39.1,37.35,17061700,648141888.0,4.48,-3.82,-1.49,1.02
2026-03-26,BA,197.3,194.36,198.24,194.27,5772600,1127958400.0,1.99,-2.63,-5.25,0.73
2026-03-26,BAB,26.7,26.73,26.82,26.69,242000,6477371.0,0.49,-0.22,-0.06,0.0
2026-03-26,BABA,126.72,125.41,127.05,124.59,9239900,1163998336.0,1.89,-3.43,-4.46,0.39
2026-03-26,BABO,10.47,10.35,10.47,10.29,26800,278082.0,1.69,-2.71,-0.29,0.0
2026-03-26,BABU,13.94,13.62,13.99,13.5,12900,177509.0,3.33,-7.35,-1.08,0.0
2026-03-26,BABW,29.46,28.95,29.46,28.84,2400,70461.0,2.05,-4.24,-1.28,
2026-03-26,BABX,25.14,24.71,25.38,24.39,438900,10919776.0,3.73,-7.0,-1.86,0.0
2026-03-26,BAC,48.71,48.24,48.87,48.03,32502500,1572074240.0,1.73,-1.05,-0.51,0.45
2026-03-26,BACC,10.19,10.2,10.2,10.19,28600,292266.0,0.1,0.0,0.0,0.1
2026-03-26,BAER,1.92,1.88,2.0,1.84,661600,1245992.0,8.21,-3.59,-0.07,1.18
2026-03-26,BAERW,0.44,0.33,0.44,0.29,15300,5475.0,40.98,-9.84,-0.04,0.0
2026-03-26,BAFE,25.37,25.04,25.47,25.04,127800,3218598.0,1.68,-1.95,-0.5,0.0
2026-03-26,BAFN,6.39,6.51,6.6,5.91,16800,108613.0,11.11,5.0,0.31,0.41
2026-03-26,BAGY,29.42,29.1,29.43,28.98,6400,187758.0,1.51,-2.59,-0.78,0.0
2026-03-26,BAH,79.94,80.33,81.52,79.42,1096900,88388264.0,2.63,0.26,0.21,0.91
2026-03-26,BAI,34.47,33.04,34.47,33.03,2862100,96020672.0,4.09,-6.08,-2.14,0.0
2026-03-26,BAIG,2.95,2.64,3.01,2.6,512000,1373268.0,13.57,-12.67,-0.38,0.0
2026-03-26,BAIV,23.25,23.1,23.43,23.1,38000,885582.0,1.41,-1.43,-0.33,0.0
2026-03-26,BAK,3.97,3.94,4.07,3.88,3405900,13479961.0,4.33,-7.08,-0.3,0.85
2026-03-26,BALI,30.83,30.52,30.94,30.52,101000,3106079.0,1.35,-1.58,-0.49,0.0
2026-03-26,BALL,60.26,59.64,61.22,59.56,2118700,127277936.0,2.73,-1.83,-1.11,0.8
2026-03-26,BALQ,46.6,45.88,46.69,45.87,14200,664436.0,1.74,-2.69,-1.27,0.0
2026-03-26,BALT,33.43,33.44,33.46,33.37,250400,8373541.0,0.27,0.0,0.0,0.0
2026-03-26,BALY,11.74,11.31,11.97,11.31,40600,473270.0,5.54,-5.12,-0.61,0.08
2026-03-26,BAM,43.22,43.67,44.81,43.22,3684400,162193744.0,3.65,-0.05,-0.02,0.22
2026-03-26,BAMA,33.04,32.71,33.09,32.71,2700,90863.0,1.16,-1.64,-0.54,0.0
2026-03-26,BAMB,26.15,26.03,26.15,26.03,6500,170613.0,0.44,-0.65,-0.17,0.0
2026-03-26,BAMD,31.02,30.83,31.02,30.82,6500,203625.0,0.65,0.03,0.01,0.0
2026-03-26,BAMG,36.7,36.24,36.7,36.24,5400,199195.0,1.24,-2.27,-0.84,0.0
2026-03-26,BAMO,31.83,31.64,31.83,31.64,2700,87940.0,0.59,-0.89,-0.28,0.0
2026-03-26,BAMU,25.21,25.22,25.24,25.21,5200,131228.0,0.12,0.02,0.0,0.0
2026-03-26,BAMV,32.57,32.39,32.62,32.39,5500,178585.0,0.71,-0.58,-0.19,0.0
2026-03-26,BAMY,27.22,27.13,27.22,27.11,4700,129921.0,0.38,-0.59,-0.16,0.0
2026-03-26,BANC,17.29,17.35,17.48,17.2,2114500,36642944.0,1.58,-0.57,-0.1,1.36
2026-03-26,BAND,16.89,17.24,17.82,16.75,250000,4334817.0,6.23,0.82,0.14,0.8
2026-03-26,BANF,106.1,108.35,108.59,105.99,112200,12083454.0,2.43,1.44,1.53,0.33
2026-03-26,BANFP,25.91,26.29,26.32,25.91,800,22490.0,1.56,-0.1,-0.02,0.0
2026-03-26,BANL,0.82,0.82,0.83,0.76,273400,219407.0,8.07,1.52,0.01,0.99
2026-03-26,BANR,59.26,60.36,60.58,59.26,208500,12572925.0,2.2,0.5,0.3,0.61
2026-03-26,BANX,19.08,18.97,19.32,18.9,57200,1093069.0,2.19,-0.94,-0.18,
2026-03-26,BAOS,2.51,2.49,2.55,2.49,2400,6149.0,2.29,-3.16,-0.08,0.16
2026-03-26,BAP,335.19,328.54,340.2,328.44,239700,79710800.0,3.47,-3.06,-10.36,0.3
2026-03-26,BAPR,48.51,48.29,48.58,48.28,12100,585717.0,0.62,-0.61,-0.3,0.0
2026-03-26,BAR,43.81,42.96,44.08,42.93,498500,21665112.0,2.58,-3.74,-1.67,0.0
2026-03-26,BARK,0.58,0.55,0.6,0.55,827600,470480.0,8.22,-4.91,-0.03,0.48
2026-03-26,BASG,22.78,22.56,23.02,22.56,57400,1300522.0,2.02,-1.56,-0.36,0.0
2026-03-26,BASV,27.16,26.88,27.25,26.87,6700,182475.0,1.4,-1.31,-0.36,0.0
2026-03-26,BATL,6.64,5.56,7.3,5.4,44157000,286655968.0,36.33,6.31,0.33,235.61
2026-03-26,BATRA,47.22,46.68,47.36,46.61,28800,1351622.0,1.58,-1.5,-0.71,0.26
2026-03-26,BATRK,42.23,42.16,42.77,41.75,288300,12198785.0,2.4,-0.89,-0.38,
2026-03-26,BATT,14.56,14.2,14.66,14.2,51100,730495.0,3.12,-3.86,-0.57,0.0
2026-03-26,BAUG,49.02,48.52,49.04,48.52,4700,231547.0,1.06,-1.35,-0.66,0.0
2026-03-26,BAX,17.0,16.67,17.5,16.56,9618300,161937696.0,5.49,-2.63,-0.45,1.86
2026-03-26,BAYA,11.86,11.95,11.95,11.86,1500,18643.0,0.75,0.08,0.01,0.06
2026-03-26,BAYAR,0.17,0.17,0.17,0.17,700,119.0,1.8,1.86,0.0,0.0
2026-03-26,BB,3.26,3.25,3.38,3.24,6751000,22307834.0,4.26,-1.22,-0.04,1.14
2026-03-26,BBAG,45.88,45.78,45.97,45.76,111500,5066944.0,0.45,-0.61,-0.28,0.0
2026-03-26,BBAI,3.49,3.32,3.55,3.31,24172000,82108352.0,6.6,-6.74,-0.24,5.08
2026-03-26,BBAR,14.32,14.53,14.92,14.07,793100,11490008.0,5.81,-0.62,-0.09,0.39
2026-03-26,BBAX,58.73,58.2,59.08,58.19,212000,12414931.0,1.49,-1.92,-1.14,0.0
2026-03-26,BBB,27.02,26.69,27.02,26.67,2100,58257.0,1.28,-2.09,-0.57,0.0
2026-03-26,BBBI,51.2,51.0,51.37,50.99,30200,1547976.0,0.74,-0.67,-0.34,0.0
2026-03-26,BBBL,47.01,47.01,47.01,47.01,0,188.0,0.0,-0.91,-0.43,0.0
2026-03-26,BBBS,51.01,50.85,51.01,50.85,54800,2794406.0,0.3,-0.32,-0.17,0.0
2026-03-26,BBBY,4.73,4.59,4.85,4.57,1085200,5058842.0,5.84,-4.38,-0.21,1.57
2026-03-26,BBC,40.74,41.18,41.58,40.74,13600,566284.0,2.05,0.5,0.21,0.0
2026-03-26,BBCA,92.73,92.14,94.09,92.08,268100,24887902.0,2.14,-1.68,-1.57,0.0
2026-03-26,BBCB,44.95,44.92,44.95,44.92,900,40701.0,0.07,-0.67,-0.3,0.0
2026-03-26,BBCP,7.1,6.89,7.23,6.85,226800,1578068.0,5.31,-3.77,-0.27,0.45
2026-03-26,BBCQ,10.04,10.02,10.04,10.02,62600,627684.0,0.2,-0.1,-0.01,0.16
2026-03-26,BBCQU,10.33,10.32,10.33,10.32,2600,27166.0,0.1,-0.1,-0.01,0.01
2026-03-26,BBCQW,1.0,0.95,1.0,0.95,11300,11179.0,5.1,-3.06,-0.03,0.0
2026-03-26,BBD,3.61,3.54,3.65,3.54,38053500,136504768.0,3.0,-3.28,-0.12,0.72
2026-03-26,BBDC,8.24,8.14,8.36,8.14,418600,3445862.0,2.72,-1.45,-0.12,0.4
2026-03-26,BBDO,3.24,3.19,3.24,3.15,50800,162443.0,2.75,-2.45,-0.08,0.0
2026-03-26,BBEM,65.46,64.51,65.51,64.51,2400,161559.0,1.5,-3.12,-2.08,0.0
2026-03-26,BBEU,70.93,70.42,71.51,70.32,296800,20998932.0,1.66,-2.0,-1.44,0.0
2026-03-26,BBGI,3.52,3.64,3.78,3.27,48700,170639.0,13.78,-1.62,-0.06,2.7
2026-03-26,BBH,184.64,184.83,186.2,184.64,7300,1364532.0,0.84,-0.29,-0.54,0.0
2026-03-26,BBHL,15.06,14.89,15.13,14.89,81100,1221701.0,1.59,-1.46,-0.22,0.0
2026-03-26,BBHM,11.08,10.94,11.16,10.91,105200,1158543.0,2.25,-1.62,-0.18,0.0
2026-03-26,BBHY,45.58,45.45,45.67,45.39,109900,4999412.0,0.61,-0.62,-0.28,0.0
2026-03-26,BBIB,97.95,97.95,97.95,97.95,100,15186.0,0.0,-0.56,-0.55,0.0
2026-03-26,BBIN,71.97,71.35,72.44,71.31,43900,3153498.0,1.55,-2.01,-1.46,0.0
2026-03-26,BBIO,71.54,72.58,73.41,70.77,1493900,108261872.0,3.69,1.35,0.97,0.77
2026-03-26,BBJP,68.27,67.54,68.81,67.51,1289800,87910456.0,1.88,-2.36,-1.63,0.0
2026-03-26,BBLB,81.31,81.31,81.31,81.31,600,50019.0,0.0,-0.72,-0.59,0.0
2026-03-26,BBLG,1.14,1.11,1.14,1.1,12700,14389.0,3.43,-2.21,-0.03,0.71
2026-03-26,BBLGW,21.0,21.0,21.0,21.0,0,1980.0,0.0,0.0,0.0,0.0
2026-03-26,BBLU,14.76,14.63,14.78,14.61,85900,1261165.0,1.12,-1.25,-0.18,0.0
2026-03-26,BBMC,108.63,107.66,109.59,107.66,12100,1312083.0,1.76,-2.03,-2.23,0.0
2026-03-26,BBN,15.78,15.74,16.02,15.71,264100,4171467.0,1.96,-0.63,-0.1,0.0
2026-03-26,BBNX,11.29,11.52,11.69,11.22,1038400,11953098.0,4.16,1.86,0.21,2.34
2026-03-26,BBOT,9.08,9.23,9.48,9.08,68900,638117.0,4.27,-0.22,-0.02,0.09
2026-03-26,BBP,80.6,80.69,81.62,80.6,3700,303883.0,1.26,-0.74,-0.6,0.0
2026-03-26,BBRE,94.92,94.87,95.46,94.7,7200,688129.0,0.8,-0.01,-0.01,0.0
2026-03-26,BBSB,98.56,98.44,98.57,98.44,3400,344489.0,0.13,-0.19,-0.19,0.0
2026-03-26,BBSC,75.7,74.92,75.7,74.92,500,41387.0,1.02,-1.62,-1.24,0.0
2026-03-26,BBSI,28.85,29.37,29.74,28.85,303500,8921146.0,3.07,1.45,0.42,1.2
2026-03-26,BBT,29.55,29.63,29.96,29.27,693600,20180616.0,2.32,-0.47,-0.14,0.83
2026-03-26,BBU,33.17,32.85,33.49,32.68,42300,1401094.0,2.48,0.71,0.23,0.05
2026-03-26,BBUC,32.3,32.82,33.59,32.3,308600,10167329.0,3.96,0.86,0.28,0.32
2026-03-26,BBUS,117.58,116.33,118.03,116.26,376500,44202196.0,1.5,-1.7,-2.01,0.0
2026-03-26,BBVA,21.17,20.92,21.33,20.92,1226500,25858172.0,1.91,-2.65,-0.57,0.02
2026-03-26,BBW,38.93,38.73,40.09,38.12,398800,15425592.0,4.97,-2.3,-0.91,3.08
2026-03-26,BBWI,18.03,17.83,18.44,17.56,4934800,88178456.0,4.87,-1.98,-0.36,2.45
2026-03-26,BBY,60.03,63.21,66.34,59.9,11505400,733737664.0,10.66,4.65,2.81,5.5
2026-03-26,BBYY,13.48,13.49,13.49,13.47,1800,25122.0,0.15,-1.35,-0.18,0.0
2026-03-26,BC,72.33,73.15,74.31,72.33,605600,44314548.0,2.7,-0.29,-0.21,0.93
2026-03-26,BCAB,0.15,0.17,0.17,0.15,747800,117234.0,12.65,7.53,0.01,0.98
2026-03-26,BCAL,17.49,17.58,17.59,17.34,226000,3957979.0,1.42,0.17,0.03,0.7
2026-03-26,BCAR,10.12,10.13,10.15,10.12,292700,2965163.0,0.3,0.1,0.01,0.71
2026-03-26,BCARW,0.64,0.64,0.64,0.64,0,31.0,0.0,0.0,0.0,0.0
2026-03-26,BCAT,14.4,14.22,14.47,14.22,685900,9817389.0,1.71,-1.93,-0.28,0.0
2026-03-26,BCAX,18.57,18.92,19.11,18.3,414100,7804336.0,4.39,1.28,0.24,0.67
2026-03-26,BCBP,8.71,8.77,8.82,8.69,65400,572950.0,1.48,0.0,0.0,0.38
2026-03-26,BCC,73.97,74.29,75.89,73.56,285700,21247412.0,3.11,-0.48,-0.36,0.8
2026-03-26,BCCC,14.03,13.91,14.05,13.85,6800,95871.0,1.41,-2.19,-0.31,0.0
2026-03-26,BCD,35.66,35.51,35.8,35.51,30500,1090586.0,0.82,-0.02,-0.01,0.0
2026-03-26,BCDA,1.22,1.18,1.22,1.16,18800,22238.0,5.0,-1.67,-0.02,0.17
2026-03-26,BCDF,30.74,30.5,30.75,30.5,2700,82870.0,0.79,-1.61,-0.5,0.0
2026-03-26,BCE,25.47,25.47,25.68,25.38,2498900,63728384.0,1.18,-0.08,-0.02,0.27
2026-03-26,BCFN,20.75,20.7,20.87,20.7,400,9632.0,0.83,-0.17,-0.03,0.0
2026-03-26,BCG,2.08,2.07,2.16,2.07,2500,5307.0,4.43,1.97,0.04,0.02
2026-03-26,BCGD,23.25,23.11,23.25,23.1,3600,85492.0,0.65,-2.43,-0.57,0.0
2026-03-26,BCGS,23.9,23.91,23.91,23.9,2600,64981.0,0.03,-2.58,-0.63,0.0
2026-03-26,BCGWW,0.1,0.1,0.1,0.1,100,15.0,0.0,-19.81,-0.02,0.0
2026-03-26,BCH,38.46,38.04,38.92,37.75,365900,13973567.0,2.99,-2.66,-1.04,0.07
2026-03-26,BCHI,31.63,31.38,31.63,31.38,1400,44396.0,0.77,-3.59,-1.17,0.0
2026-03-26,BCHP,32.68,32.48,32.95,32.47,68300,2234942.0,1.45,-1.55,-0.51,0.0
2026-03-26,BCHT,2.14,2.05,2.14,2.05,49800,103411.0,4.35,-0.97,-0.02,0.19
2026-03-26,BCI,23.58,23.54,23.74,23.53,1475000,34858028.0,0.87,0.43,0.1,0.0
2026-03-26,BCIC,7.34,7.51,7.68,7.3,127100,956703.0,5.12,2.6,0.19,1.03
2026-03-26,BCIL,26.25,25.89,26.33,25.89,3700,96976.0,1.66,-2.27,-0.6,0.0
2026-03-26,BCKT,44.08,44.08,44.08,44.08,0,3179.0,0.0,-0.17,-0.07,0.0
2026-03-26,BCLO,49.12,49.13,49.13,49.07,1200,60027.0,0.13,0.04,0.02,0.0
2026-03-26,BCML,28.99,29.22,29.33,28.76,15600,457017.0,1.96,0.48,0.14,0.14
2026-03-26,BCO,101.22,101.77,102.8,100.57,605100,61571376.0,2.18,-0.47,-0.48,1.47
2026-03-26,BCOR,22.49,21.84,22.49,21.84,900,21245.0,2.87,-3.78,-0.86,0.0
2026-03-26,BCPC,166.38,166.39,167.6,165.21,148000,24631174.0,1.43,-0.34,-0.57,0.46
2026-03-26,BCPL,24.69,24.63,24.72,24.63,67700,1667984.0,0.36,-0.55,-0.14,0.0
2026-03-26,BCRX,9.19,9.56,9.69,8.89,6618200,62705344.0,8.51,1.7,0.16,2.64
2026-03-26,BCS,20.66,20.66,20.93,20.58,8215300,170108720.0,1.63,-2.27,-0.48,0.24
2026-03-26,BCSF,12.38,12.25,12.57,12.23,317200,3916651.0,2.76,-1.29,-0.16,
2026-03-26,BCSM,22.11,21.63,22.11,21.63,20500,443839.0,2.17,-2.07,-0.46,0.0
2026-03-26,BCSS,10.2,10.1,10.2,10.1,216400,2187195.0,0.99,-0.1,-0.01,0.37
2026-03-26,BCTK,23.95,23.34,24.01,23.33,17600,416643.0,2.79,-4.07,-0.99,0.0
2026-03-26,BCTX,4.05,3.89,4.1,3.85,138700,546308.0,6.17,-3.95,-0.16,1.91
2026-03-26,BCTXL,1.0,0.93,1.0,0.93,7200,6882.0,7.07,-6.06,-0.06,0.0
2026-03-26,BCTXZ,0.11,0.11,0.11,0.11,0,8.0,0.0,0.0,0.0,0.0
2026-03-26,BCUS,32.15,31.61,32.18,31.58,6600,209722.0,1.86,-2.26,-0.73,0.0
2026-03-26,BCV,22.32,21.42,22.4,21.42,7100,158804.0,4.37,-4.59,-1.03,0.0
2026-03-26,BCX,11.82,11.87,12.0,11.82,133300,1586383.0,1.5,-0.25,-0.03,0.0
2026-03-26,BCYC,4.63,4.5,4.81,4.48,784500,3600840.0,7.08,-3.85,-0.18,1.13
2026-03-26,BDBT,25.22,25.14,25.22,25.13,41600,1048702.0,0.36,-0.59,-0.15,0.0
2026-03-26,BDC,117.17,113.98,117.67,113.55,214100,24532208.0,3.46,-4.23,-5.04,0.55
2026-03-26,BDCI,9.99,9.98,9.99,9.98,1100,11596.0,0.1,0.0,0.0,0.0
2026-03-26,BDCIU,10.12,10.1,10.12,10.1,200,2155.0,0.2,0.0,0.0,0.0
2026-03-26,BDCX,19.89,19.89,19.89,19.89,200,5192.0,0.0,-2.53,-0.52,0.0
2026-03-26,BDCZ,14.96,14.86,14.96,14.72,900,13925.0,1.6,-1.22,-0.18,0.0
2026-03-26,BDEC,48.25,47.74,48.25,47.72,3000,148186.0,1.1,-1.25,-0.61,0.0
2026-03-26,BDGS,34.36,34.04,34.36,34.04,300,12020.0,0.94,-1.45,-0.5,0.0
2026-03-26,BDIV,22.77,22.52,22.77,22.52,1000,23456.0,1.11,-1.38,-0.31,0.0
2026-03-26,BDJ,8.72,8.67,8.77,8.66,362600,3161883.0,1.19,-1.48,-0.13,0.0
2026-03-26,BDL,32.36,31.2,32.78,31.2,2000,65017.0,4.86,-4.0,-1.3,0.11
2026-03-26,BDMD,2.18,2.03,2.2,1.98,358000,739891.0,9.95,-8.14,-0.18,1.35
2026-03-26,BDMDW,0.1,0.08,0.1,0.08,1000,92.0,20.0,-20.0,-0.02,0.0
2026-03-26,BDN,2.66,2.6,2.73,2.59,3547400,9310695.0,5.24,-2.62,-0.07,2.04
2026-03-26,BDRX,0.7,0.66,0.71,0.65,59000,40377.0,8.12,-4.44,-0.03,7.04
2026-03-26,BDRY,10.13,10.0,10.15,9.94,34200,343192.0,2.1,0.0,0.0,0.0
2026-03-26,BDSX,14.85,14.6,15.5,14.59,59300,890005.0,6.01,-3.63,-0.55,0.6
2026-03-26,BDTX,2.18,2.13,2.28,2.12,663100,1443434.0,7.08,-2.74,-0.06,1.16
2026-03-26,BDVG,13.18,13.12,13.18,13.12,3000,40394.0,0.45,-0.27,-0.04,0.0
2026-03-26,BDVL,24.44,24.34,24.62,24.34,217900,5336117.0,1.11,-1.36,-0.34,0.0
2026-03-26,BDX,156.83,157.38,160.19,156.31,2370000,374371808.0,2.45,-0.56,-0.89,0.83
2026-03-26,BDYN,24.26,24.05,24.43,24.05,337100,8155119.0,1.53,-1.99,-0.49,0.0
2026-03-26,BE,145.0,133.52,149.51,131.5,11103300,1517977856.0,11.99,-11.12,-16.7,3.96
2026-03-26,BEAG,10.54,10.58,10.58,10.54,16800,177782.0,0.38,0.28,0.03,0.05
2026-03-26,BEAGR,0.23,0.25,0.28,0.22,24700,5752.0,23.96,1.04,0.0,0.0
2026-03-26,BEAM,23.15,23.62,24.59,22.76,2295700,54415148.0,7.93,2.16,0.5,2.25
2026-03-26,BEAT,1.12,1.09,1.16,1.09,323200,362552.0,6.06,-5.63,-0.06,0.79
2026-03-26,BEATW,0.14,0.14,0.14,0.14,0,1.0,-5.11,0.0,0.0,0.0
2026-03-26,BEBE,9.89,9.89,9.89,9.89,2700,27316.0,0.0,0.0,0.0,0.01
2026-03-26,BEDY,27.2,26.99,27.28,26.97,144700,3915027.0,1.14,-0.69,-0.19,0.0
2026-03-26,BEDZ,31.44,31.44,31.44,31.44,0,790.0,0.0,-0.93,-0.3,0.0
2026-03-26,BEEM,1.47,1.44,1.5,1.42,90300,131174.0,5.33,-4.0,-0.06,0.47
2026-03-26,BEEP,2.41,2.32,2.51,2.28,17500,41023.0,9.47,-4.13,-0.1,0.04
2026-03-26,BEEX,24.12,24.02,24.12,24.02,300,8541.0,0.42,-1.14,-0.28,0.0
2026-03-26,BEEZ,32.16,31.98,32.16,31.98,2300,75255.0,0.54,-1.45,-0.47,0.0
2026-03-26,BEG,28.29,23.72,29.54,23.1,65900,1619496.0,21.15,-22.09,-6.73,0.0
2026-03-26,BEGS,17.36,16.74,17.36,16.74,1000,17401.0,3.39,-8.56,-1.57,0.0
2026-03-26,BEKE,15.38,15.32,15.66,15.28,2899600,44694612.0,2.42,-2.54,-0.4,0.25
2026-03-26,BELFA,202.01,190.4,203.21,190.4,34300,6725065.0,6.2,-7.87,-16.26,1.62
2026-03-26,BELFB,216.92,204.11,216.92,202.74,269800,56283084.0,6.42,-7.55,-16.66,2.56
2026-03-26,BELT,32.7,32.06,32.7,32.04,900,31067.0,1.99,-3.32,-1.1,0.0
2026-03-26,BEMB,52.72,52.41,52.72,52.41,400,25033.0,0.59,-0.81,-0.43,0.0
2026-03-26,BEN,23.58,23.59,24.02,23.51,5291000,125168624.0,2.13,-1.26,-0.3,1.02
2026-03-26,BENF,3.63,3.27,3.72,3.26,36200,125642.0,12.67,-9.92,-0.36,0.25
2026-03-26,BENFW,0.01,0.01,0.01,0.01,14100,145.0,5.77,0.0,0.0,0.0
2026-03-26,BENJ,52.27,52.27,52.28,52.24,13500,709860.0,0.08,0.0,0.0,0.0
2026-03-26,BEP,31.91,31.42,32.01,31.18,915900,28829238.0,2.6,-1.13,-0.36,0.3
2026-03-26,BEPC,39.37,39.4,39.97,39.14,2128600,83939616.0,2.08,-1.05,-0.42,1.46
2026-03-26,BEPH,14.86,14.83,14.95,14.82,15900,237440.0,0.87,-0.87,-0.13,0.0
2026-03-26,BEPI,15.63,15.59,15.63,15.59,3300,51587.0,0.26,-0.26,-0.04,0.0
2026-03-26,BEPJ,24.47,24.5,24.58,24.45,5900,146477.0,0.53,-0.16,-0.04,0.0
2026-03-26,BERZ,65.94,71.06,71.06,65.93,52000,3612127.0,8.13,12.58,7.94,0.0
2026-03-26,BESF,41.84,42.02,43.41,39.46,12700,539522.0,9.54,1.48,0.61,0.0
2026-03-26,BESS,2.62,2.51,2.68,2.46,11700,29159.0,8.33,-3.83,-0.1,0.17
2026-03-26,BETA,15.0,14.98,15.77,14.84,1105100,16598498.0,6.05,-2.47,-0.38,0.48
2026-03-26,BETE,33.96,33.27,34.02,33.2,12400,415594.0,2.35,-4.62,-1.61,0.0
2026-03-26,BETH,38.84,38.73,38.85,38.71,1500,58383.0,0.35,-3.53,-1.42,0.0
2026-03-26,BETR,31.13,33.12,35.23,30.53,555300,18662978.0,14.96,5.41,1.7,3.38
2026-03-26,BETRW,0.29,0.27,0.29,0.27,5900,1649.0,5.97,-22.81,-0.08,0.0
2026-03-26,BETZ,17.81,17.66,18.0,17.66,28200,501349.0,1.87,-2.91,-0.53,0.0
2026-03-26,BEX,20.3,16.62,21.1,16.08,1335300,23514864.0,23.53,-22.08,-4.71,0.0
2026-03-26,BEZ,17.77,20.24,20.77,17.11,82800,1611697.0,21.92,21.23,3.54,0.0
2026-03-26,BFAM,79.88,81.2,81.8,79.88,1040300,84399888.0,2.41,1.83,1.46,1.89
2026-03-26,BFAP,14.65,14.65,14.65,14.65,0,58.0,0.0,-1.8,-0.27,0.0
2026-03-26,BFC,131.14,132.64,133.15,129.81,39800,5275015.0,2.52,0.06,0.08,0.36
2026-03-26,BFEB,47.81,47.42,47.87,47.42,13900,664661.0,0.93,-1.34,-0.65,0.0
2026-03-26,BFH,74.36,75.89,76.46,74.36,521000,39385468.0,2.8,1.04,0.78,1.21
2026-03-26,BFIX,25.33,25.35,25.38,25.33,700,19641.0,0.2,-0.16,-0.04,0.0
2026-03-26,BFJA,18.34,18.34,18.34,18.34,0,0.0,0.0,-0.41,-0.08,
2026-03-26,BFJL,16.82,16.82,16.82,16.82,0,33.0,0.0,-0.34,-0.06,0.0
2026-03-26,BFLB,49.74,49.57,49.74,49.57,2100,107302.0,0.34,-1.07,-0.54,0.0
2026-03-26,BFLY,4.14,4.15,4.35,4.14,4143600,17454770.0,5.13,-0.95,-0.04,1.63
2026-03-26,BFOC,17.2,17.13,17.2,17.13,2800,49073.0,0.42,-1.11,-0.19,0.0
2026-03-26,BFOR,83.5,82.78,83.62,82.78,2500,214385.0,1.01,-1.4,-1.18,0.0
2026-03-26,BFRG,0.56,0.54,0.56,0.54,94900,52245.0,4.58,-1.99,-0.01,0.75
2026-03-26,BFRGW,0.17,0.17,0.17,0.17,500,85.0,0.0,0.0,0.0,0.0
2026-03-26,BFRI,0.81,0.81,0.83,0.8,39900,32360.0,3.18,-1.66,-0.01,0.34
2026-03-26,BFRIW,0.04,0.04,0.04,0.04,0,0.0,0.0,0.0,0.0,0.0
2026-03-26,BFRZ,26.42,26.35,26.5,26.35,62500,1651074.0,0.57,-0.58,-0.15,0.0
2026-03-26,BFS,32.67,32.67,32.83,32.45,35900,1173432.0,1.16,-0.03,-0.01,0.15
2026-03-26,BFST,26.5,26.84,26.88,26.5,118100,3160744.0,1.42,0.22,0.06,0.36
2026-03-26,BG,126.12,125.76,127.2,124.58,1319400,165986224.0,2.09,0.29,0.36,0.68
2026-03-26,BGB,11.26,11.2,11.31,11.14,140900,1582262.0,1.5,-0.88,-0.1,0.0
2026-03-26,BGC,9.41,9.46,9.49,9.3,1427700,13463839.0,1.98,0.21,0.02,0.3
2026-03-26,BGDV,27.48,27.24,27.58,27.24,4700,131414.0,1.22,-1.81,-0.5,0.0
2026-03-26,BGH,13.73,13.55,13.75,13.5,32500,443998.0,1.81,-1.67,-0.23,0.0
2026-03-26,BGI,0.76,0.74,0.78,0.7,47500,34788.0,10.6,-0.67,-0.0,0.24
2026-03-26,BGIG,33.19,33.04,33.27,33.02,39200,1302544.0,0.75,-0.76,-0.25,0.0
2026-03-26,BGIN,2.22,2.15,2.3,2.15,10700,23506.0,6.64,-4.87,-0.11,0.01
2026-03-26,BGL,1.16,1.11,1.26,1.1,274300,316017.0,13.45,-6.72,-0.08,0.73
2026-03-26,BGLC,2.46,2.49,2.52,2.46,2800,7098.0,2.2,-0.0,-0.0,0.12
2026-03-26,BGLD,16.69,16.45,16.7,16.45,9100,151611.0,1.51,-2.36,-0.4,0.0
2026-03-26,BGLWW,0.2,0.22,0.22,0.18,108300,19638.0,22.09,13.78,0.03,0.0
2026-03-26,BGM,0.59,0.52,0.59,0.5,197600,107935.0,14.73,-11.86,-0.07,0.11
2026-03-26,BGMS,1.01,1.0,1.08,0.99,84800,86254.0,9.15,1.62,0.02,1.73
2026-03-26,BGR,17.06,17.21,17.26,16.98,133100,2281143.0,1.68,1.29,0.22,0.0
2026-03-26,BGRN,47.25,47.19,47.33,47.18,54100,2557337.0,0.32,-0.38,-0.18,0.0
2026-03-26,BGRO,34.38,34.38,34.38,34.38,0,763.0,0.0,-2.97,-1.05,0.0
2026-03-26,BGS,5.12,5.09,5.22,5.07,1918400,9831480.0,3.13,-0.39,-0.02,2.4
2026-03-26,BGSF,6.37,6.35,6.55,6.28,14100,90499.0,4.23,-0.47,-0.03,0.13
2026-03-26,BGSI,136.57,132.31,137.19,130.45,166800,22328408.0,4.9,-3.84,-5.28,0.6
2026-03-26,BGT,10.73,10.58,10.73,10.57,75100,798953.0,1.49,-1.54,-0.16,0.0
2026-03-26,BGX,10.64,10.62,10.72,10.53,190500,2033432.0,1.77,-0.75,-0.08,0.0
2026-03-26,BGY,5.35,5.3,5.39,5.3,294800,1571241.0,1.67,-1.85,-0.1,0.0
2026-03-26,BH,318.0,320.21,329.49,316.53,229300,73839056.0,4.04,-0.11,-0.35,11.01
2026-03-26,BHAVU,9.96,9.97,9.98,9.96,6500,65628.0,0.15,-0.05,-0.01,0.06
2026-03-26,BHB,31.97,32.11,32.31,31.86,218400,7002785.0,1.4,0.12,0.04,1.3
2026-03-26,BHC,5.01,5.12,5.26,5.01,1358100,7003579.0,4.82,0.79,0.04,0.37
2026-03-26,BHDG,26.0,26.07,26.13,25.98,333800,8724126.0,0.6,1.68,0.43,0.0
2026-03-26,BHE,57.96,56.25,58.61,56.16,338100,19143054.0,4.15,-4.71,-2.78,0.95
2026-03-26,BHF,60.4,60.47,60.74,60.26,575700,34833016.0,0.79,-0.12,-0.07,1.01
2026-03-26,BHFAL,16.7,16.56,16.74,16.5,25300,421580.0,1.44,-0.72,-0.12,0.0
2026-03-26,BHFAM,10.93,10.86,10.98,10.72,46200,501752.0,2.34,-0.55,-0.06,0.33
2026-03-26,BHFAN,12.26,12.06,12.3,12.01,33000,401359.0,2.33,-1.55,-0.19,0.14
2026-03-26,BHFAO,15.78,15.45,15.78,15.4,21600,336851.0,2.38,-2.63,-0.42,0.13
2026-03-26,BHFAP,15.16,14.86,15.35,14.82,31100,467476.0,3.45,-3.25,-0.5,0.18
2026-03-26,BHK,9.08,9.05,9.11,9.03,260200,2358578.0,0.88,-0.66,-0.06,0.0
2026-03-26,BHM,11.95,11.73,12.41,11.4,14600,174470.0,8.36,-2.9,-0.35,0.36
2026-03-26,BHP,68.86,68.5,69.46,68.39,2456700,168942688.0,1.53,-2.16,-1.51,0.1
2026-03-26,BHR,2.26,2.27,2.31,2.22,311800,702748.0,3.7,-1.3,-0.03,0.45
2026-03-26,BHRB,60.76,61.45,61.81,60.76,87300,5362045.0,1.71,0.26,0.16,0.58
2026-03-26,BHST,4.3,4.32,4.41,4.3,5600,24671.0,2.52,-0.92,-0.04,0.03
2026-03-26,BHV,10.37,10.33,10.37,10.33,1000,10406.0,0.39,0.41,0.04,0.0
2026-03-26,BHVN,8.4,8.92,9.2,8.4,1717300,15329229.0,9.29,3.6,0.31,1.14
2026-03-26,BHYB,53.51,53.44,53.51,53.44,200,11130.0,0.12,-0.67,-0.36,0.0
2026-03-26,BIAF,3.97,4.74,4.83,3.7,4750400,20655988.0,28.46,19.4,0.77,105.6
2026-03-26,BIAFW,0.39,0.38,0.43,0.31,2400,928.0,29.41,-6.45,-0.03,0.0
2026-03-26,BIB,77.11,78.41,79.98,77.11,3800,304160.0,3.65,-0.4,-0.32,0.0
2026-03-26,BIBL,47.67,47.06,47.85,47.04,20500,975518.0,1.68,-2.12,-1.02,0.0
2026-03-26,BIDD,28.16,27.86,28.24,27.86,40500,1138378.0,1.33,-2.31,-0.66,0.0
2026-03-26,BIDG,12.05,11.58,12.28,11.51,20000,235382.0,5.98,-10.06,-1.3,0.0
2026-03-26,BIDU,111.84,109.91,112.92,109.35,1965200,217593968.0,3.09,-4.92,-5.69,0.58
2026-03-26,BIGY,48.6,48.28,49.3,48.28,4700,231955.0,2.09,-1.27,-0.62,0.0
2026-03-26,BIIB,189.0,191.06,192.27,188.35,879100,167895584.0,2.07,0.99,1.88,0.6
2026-03-26,BIII,9.87,9.87,9.87,9.87,0,227.0,0.0,0.0,0.0,0.0
2026-03-26,BIL,91.6,91.6,91.6,91.59,13198900,1208983296.0,0.01,0.02,0.02,0.0
2026-03-26,BILD,30.11,30.11,30.11,30.11,0,211.0,0.0,-0.49,-0.15,0.0
2026-03-26,BILI,23.21,22.68,23.37,22.66,2463300,56383088.0,2.98,-4.67,-1.11,0.59
2026-03-26,BILL,37.82,38.15,39.39,37.7,1739900,66874972.0,4.43,-0.05,-0.02,1.76
2026-03-26,BILS,99.38,99.37,99.38,99.37,418700,41612208.0,0.01,0.01,0.01,0.0
2026-03-26,BILT,28.3,28.27,28.35,28.27,1000,28521.0,0.31,-0.23,-0.07,0.0
2026-03-26,BILZ,100.91,100.92,100.93,100.91,56200,5677573.0,0.02,0.01,0.01,0.0
2026-03-26,BINC,51.85,51.71,51.9,51.71,2018200,104550872.0,0.38,-0.46,-0.24,0.0
2026-03-26,BINT,28.49,28.07,28.53,28.07,23300,657494.0,1.59,-2.32,-0.67,0.0
2026-03-26,BINV,40.48,40.24,40.86,40.24,60300,2441899.0,1.53,-1.37,-0.56,0.0
2026-03-26,BIO,272.48,276.53,277.82,272.48,436600,120635184.0,1.95,1.07,2.93,1.99
2026-03-26,BIOA,16.01,16.25,16.94,16.01,376400,6164585.0,5.67,-0.98,-0.16,0.85
2026-03-26,BIOX,0.41,0.42,0.44,0.41,480500,205696.0,7.17,1.13,0.0,0.75
2026-03-26,BIP,35.35,35.67,35.92,35.24,516200,18365496.0,1.88,0.28,0.1,0.11
2026-03-26,BIPC,37.88,38.68,38.87,37.81,1666000,64196068.0,2.77,1.12,0.43,1.31
2026-03-26,BIPH,15.93,15.79,15.93,15.79,31900,505056.0,0.88,-1.0,-0.16,0.0
2026-03-26,BIPI,16.36,16.2,16.58,16.1,19000,309619.0,2.93,-2.29,-0.38,0.0
2026-03-26,BIPJ,22.81,22.72,23.06,22.55,5800,133913.0,2.23,-0.44,-0.1,0.0
2026-03-26,BIRD,3.54,3.47,3.59,3.43,26100,91362.0,4.48,-2.8,-0.1,0.32
2026-03-26,BIRK,35.97,35.22,36.91,35.04,1738800,61994836.0,5.14,-3.16,-1.15,0.95
2026-03-26,BIS,9.16,9.26,9.28,9.08,10300,94900.0,2.17,0.39,0.04,0.0
2026-03-26,BIT,12.4,12.33,12.45,12.33,215200,2669919.0,0.98,-0.96,-0.12,0.0
2026-03-26,BITB,37.66,37.21,37.92,36.99,2171500,81264376.0,2.42,-3.28,-1.26,0.0
2026-03-26,BITC,36.71,36.35,36.77,36.16,1800,65834.0,1.62,-3.19,-1.2,0.0
2026-03-26,BITF,2.16,2.05,2.25,2.03,36713300,77266280.0,9.95,-7.24,-0.16,6.09
2026-03-26,BITI,26.11,26.42,26.58,25.94,2295300,60249240.0,2.48,3.28,0.84,0.0
2026-03-26,BITK,11.13,11.16,11.16,11.13,800,9826.0,0.3,-3.24,-0.37,0.0
2026-03-26,BITO,9.54,9.42,9.6,9.36,92743600,879243904.0,2.49,-3.38,-0.33,0.0
2026-03-26,BITQ,20.32,19.7,20.55,19.59,106200,2110954.0,4.62,-5.11,-1.06,0.0
2026-03-26,BITS,55.13,53.24,55.29,53.05,3200,173656.0,3.98,-5.4,-3.04,0.0
2026-03-26,BITU,12.25,11.93,12.41,11.78,3984400,48231252.0,4.93,-6.58,-0.84,0.0
2026-03-26,BITW,45.44,44.87,45.69,44.6,68200,3075193.0,2.35,-3.7,-1.73,0.0
2026-03-26,BITX,15.49,15.11,15.71,14.92,8610600,132033552.0,4.88,-6.67,-1.08,0.0
2026-03-26,BITY,31.26,30.81,31.26,30.81,5100,159518.0,1.42,-3.07,-0.98,0.0
2026-03-26,BIV,76.81,76.52,76.91,76.5,2816800,215975360.0,0.53,-0.71,-0.55,0.0
2026-03-26,BIVI,1.33,1.36,1.39,1.32,20800,28224.0,5.69,3.82,0.05,0.28
2026-03-26,BIVIW,0.3,0.23,0.3,0.23,6400,1705.0,31.28,8.78,0.02,0.0
2026-03-26,BIXI,9.9,9.9,9.9,9.9,400,4241.0,0.0,0.0,0.0,0.0
2026-03-26,BIXIW,0.26,0.26,0.26,0.26,0,24.0,0.0,0.0,0.0,0.0
2026-03-26,BIYA,1.42,1.49,1.5,1.4,43800,63692.0,6.9,2.76,0.04,2.73
2026-03-26,BIZD,12.8,12.64,12.93,12.63,3018900,38568204.0,2.34,-1.33,-0.17,0.0
2026-03-26,BJ,97.65,100.54,101.04,97.2,1651700,165528144.0,3.93,2.79,2.73,1.27
2026-03-26,BJAN,53.47,53.13,53.47,53.06,6000,323930.0,0.76,-1.15,-0.62,0.0
2026-03-26,BJDX,1.94,1.98,2.11,1.86,28000,56695.0,12.89,2.06,0.04,2.88
2026-03-26,BJK,34.66,34.25,34.66,34.15,1100,39382.0,1.46,-1.89,-0.66,0.0
2026-03-26,BJRI,36.75,36.89,37.51,36.67,410200,15190336.0,2.28,-0.75,-0.28,1.94
2026-03-26,BJUL,49.78,49.3,49.78,49.3,10700,533076.0,0.96,-1.36,-0.68,0.0
2026-03-26,BJUN,46.08,45.91,46.08,45.91,900,43198.0,0.37,-1.26,-0.59,0.0
2026-03-26,BK,117.39,116.65,118.12,116.12,2619900,306227008.0,1.7,-1.14,-1.34,0.38
2026-03-26,BKAG,41.98,41.83,42.0,41.82,169000,7087645.0,0.43,-0.57,-0.24,0.0
2026-03-26,BKCG,34.02,33.65,34.02,33.65,6200,211910.0,1.07,-2.13,-0.73,0.0
2026-03-26,BKCH,61.78,58.61,62.0,58.4,91900,5497143.0,5.71,-7.03,-4.43,0.0
2026-03-26,BKCI,49.12,48.49,49.24,48.49,7900,385802.0,1.51,-1.8,-0.89,0.0
2026-03-26,BKD,13.7,13.73,14.11,13.64,2360800,32624920.0,3.4,-0.65,-0.09,0.99
2026-03-26,BKDV,29.69,29.51,29.82,29.47,1125700,33255986.0,1.17,-1.14,-0.34,0.0
2026-03-26,BKE,50.45,49.64,50.85,49.63,396900,19809100.0,2.4,-2.28,-1.16,0.78
2026-03-26,BKEM,78.62,77.68,78.62,77.66,1600,126688.0,1.19,-3.16,-2.54,0.0
2026-03-26,BKF,40.12,39.95,40.46,39.95,2300,96510.0,1.24,-2.42,-0.99,0.0
2026-03-26,BKFI,23.84,23.84,23.84,23.84,43900,1048142.0,0.02,-0.53,-0.13,0.0
2026-03-26,BKGI,43.82,43.95,44.17,43.78,247100,10879946.0,0.88,-0.7,-0.31,0.0
2026-03-26,BKH,68.62,68.47,69.29,68.24,722500,49544236.0,1.53,-0.55,-0.38,0.95
2026-03-26,BKHA,11.59,11.59,11.59,11.59,0,139.0,0.0,0.0,0.0,0.0
2026-03-26,BKHAR,1.39,1.35,1.4,1.35,2300,3208.0,3.8,2.66,0.03,0.0
2026-03-26,BKHY,47.25,46.96,47.25,46.94,9900,467869.0,0.65,-0.81,-0.38,0.0
2026-03-26,BKIE,91.99,91.31,92.76,91.31,25700,2369530.0,1.56,-2.1,-1.96,0.0
2026-03-26,BKKT,8.14,7.97,8.52,7.93,1031900,8346846.0,7.04,-4.89,-0.41,3.38
2026-03-26,BKLC,125.18,123.79,125.58,123.73,244600,30471708.0,1.47,-1.75,-2.21,0.0
2026-03-26,BKLN,20.47,20.48,20.51,20.45,23652200,484509248.0,0.29,-0.1,-0.02,0.0
2026-03-26,BKMC,110.29,109.82,111.51,109.82,10800,1198623.0,1.52,-1.34,-1.49,0.0
2026-03-26,BKMI,26.06,26.01,26.06,26.0,132800,3462993.0,0.23,-0.25,-0.07,0.0
2026-03-26,BKMS,25.5,25.5,25.55,25.48,39300,1002285.0,0.27,-0.16,-0.04,0.0
2026-03-26,BKNG,4228.14,4213.76,4275.0,4184.21,324800,1370699776.0,2.14,-0.57,-23.99,1.03
2026-03-26,BKR,62.46,62.36,63.0,61.84,7673700,478879008.0,1.85,-0.42,-0.26,0.78
2026-03-26,BKSE,114.21,113.68,115.14,113.68,1000,122440.0,1.27,-1.1,-1.26,0.0
2026-03-26,BKSY,26.36,28.14,28.57,26.15,1861900,51237308.0,8.96,4.11,1.11,5.03
2026-03-26,BKT,10.64,10.53,10.66,10.5,128600,1361418.0,1.5,-1.22,-0.13,0.0
2026-03-26,BKTI,79.4,79.2,81.0,78.0,78000,6213257.0,3.73,-1.49,-1.2,2.06
2026-03-26,BKU,44.67,45.02,45.42,44.67,623200,28038776.0,1.65,-0.73,-0.33,0.85
2026-03-26,BKUI,49.73,49.72,49.73,49.71,11700,584963.0,0.04,-0.04,-0.02,0.0
2026-03-26,BKV,29.84,29.51,30.14,29.45,1977400,59172332.0,2.29,-2.09,-0.63,1.83
2026-03-26,BKYI,0.61,0.58,0.61,0.58,103000,61447.0,5.48,-5.22,-0.03,0.95
2026-03-26,BL,36.79,37.56,38.4,36.79,886600,33343768.0,4.33,1.32,0.49,1.49
2026-03-26,BLBD,56.74,56.6,57.68,56.35,247700,14058406.0,2.32,-1.5,-0.86,0.78
2026-03-26,BLCN,22.19,21.4,22.19,21.3,13900,303193.0,3.99,-3.99,-0.89,0.0
2026-03-26,BLCO,15.76,15.89,16.12,15.76,265400,4231337.0,2.25,-0.81,-0.13,0.07
2026-03-26,BLCR,41.66,40.79,41.66,40.78,496300,20407538.0,2.09,-3.01,-1.26,0.0
2026-03-26,BLCV,36.21,35.96,36.35,35.94,16300,592362.0,1.11,-1.4,-0.51,0.0
2026-03-26,BLD,358.78,347.81,364.93,346.17,296000,103776904.0,5.15,-4.54,-16.56,1.05
2026-03-26,BLDG,24.22,24.01,24.22,24.01,1200,29618.0,0.86,-1.41,-0.34,0.0
2026-03-26,BLDP,2.49,2.45,2.57,2.43,2700400,6716331.0,5.47,-3.54,-0.09,0.9
2026-03-26,BLDR,83.52,82.17,86.0,81.67,1271800,105295536.0,5.07,-3.79,-3.24,1.15
2026-03-26,BLDX,25.33,25.25,25.35,25.25,700,20211.0,0.43,-1.83,-0.47,0.0
2026-03-26,BLES,43.99,43.68,44.28,43.68,5100,226442.0,1.35,-1.69,-0.75,0.0
2026-03-26,BLFS,19.51,19.65,20.01,19.51,222900,4386829.0,2.52,-1.06,-0.21,0.46
2026-03-26,BLFY,12.99,13.07,13.11,12.97,178400,2327737.0,1.07,0.08,0.01,0.86
2026-03-26,BLGR,26.95,26.48,26.97,26.48,15900,423681.0,1.79,-2.49,-0.68,0.0
2026-03-26,BLIN,0.91,0.85,0.91,0.84,11700,10229.0,7.83,-1.14,-0.01,0.09
2026-03-26,BLIV,2.2,2.25,3.0,2.18,7300,16505.0,34.37,-5.46,-0.13,0.07
2026-03-26,BLK,972.59,968.46,985.18,966.54,739700,719370048.0,1.9,-1.31,-12.89,0.48
2026-03-26,BLKB,39.08,39.34,40.04,38.9,848000,33335194.0,2.9,-0.04,-0.01,1.85
2026-03-26,BLLN,75.47,71.44,78.67,70.25,312800,22877144.0,10.93,-7.22,-5.56,0.68
2026-03-26,BLMN,5.54,5.52,5.66,5.46,1585800,8783006.0,3.65,-1.78,-0.1,1.86
2026-03-26,BLND,1.72,1.7,1.83,1.67,5619400,9775215.0,8.86,-2.86,-0.05,2.19
2026-03-26,BLNE,2.33,2.2,2.41,2.15,384800,864641.0,10.97,-7.17,-0.17,1.33
2026-03-26,BLNK,0.7,0.61,0.73,0.61,5080400,3323867.0,17.82,-9.4,-0.06,
2026-03-26,BLOK,51.86,50.61,52.33,50.54,182300,9329069.0,3.39,-4.24,-2.24,0.0
2026-03-26,BLOX,14.2,13.67,14.26,13.51,425400,5781924.0,5.17,-5.72,-0.83,0.0
2026-03-26,BLRK,9.9,9.9,9.91,9.89,249300,2469891.0,0.2,0.1,0.01,
2026-03-26,BLRKU,10.05,10.05,10.05,10.05,0,30.0,0.0,0.0,0.0,0.0
2026-03-26,BLRX,2.61,2.33,2.68,2.3,34500,86469.0,15.96,-2.1,-0.05,0.79
2026-03-26,BLSG,5.31,5.05,5.34,5.02,43600,226169.0,5.91,-6.78,-0.37,0.0
2026-03-26,BLSH,36.3,36.44,37.74,36.02,1378800,50436172.0,4.6,-2.64,-0.99,0.92
2026-03-26,BLST,25.07,25.02,25.08,25.01,11900,299402.0,0.26,-0.37,-0.09,0.0
2026-03-26,BLTD,25.1,25.04,25.1,25.02,25000,627415.0,0.32,-0.81,-0.2,0.0
2026-03-26,BLTE,154.66,149.18,155.94,148.81,280800,42253280.0,4.6,-3.78,-5.86,0.71
2026-03-26,BLUC,27.06,26.66,27.06,26.64,24900,668289.0,1.55,-1.91,-0.52,0.0
2026-03-26,BLUI,25.45,25.38,25.45,25.38,6100,155012.0,0.28,-0.41,-0.11,0.0
2026-03-26,BLUW,10.28,10.31,10.31,10.28,400,4139.0,0.29,-0.1,-0.01,0.0
2026-03-26,BLUWU,11.0,10.4,11.0,10.4,5000,52891.0,5.67,-0.95,-0.1,0.02
2026-03-26,BLUWW,0.5,0.5,0.5,0.5,0,5.0,0.0,0.0,0.0,0.0
2026-03-26,BLUX,27.84,27.45,27.86,27.43,31000,857040.0,1.54,-1.59,-0.44,0.0
2026-03-26,BLV,68.37,68.16,68.58,68.05,718100,49053548.0,0.78,-0.84,-0.58,0.0
2026-03-26,BLW,12.72,12.5,12.76,12.5,157800,1992265.0,2.04,-1.81,-0.23,0.0
2026-03-26,BLX,48.96,50.14,50.14,48.96,110200,5498374.0,2.4,1.93,0.95,0.3
2026-03-26,BLZE,3.57,3.51,3.67,3.49,337500,1200341.0,4.96,-3.31,-0.12,0.56
2026-03-26,BLZR,10.01,10.03,10.04,10.01,9200,93050.0,0.3,0.0,0.0,0.03
2026-03-26,BLZRU,10.17,10.17,10.17,10.17,0,885.0,0.0,0.0,0.0,0.0
2026-03-26,BMA,70.68,71.53,72.91,69.64,313300,22355562.0,4.56,-0.35,-0.25,0.49
2026-03-26,BMAR,52.65,52.12,52.66,52.12,29200,1533881.0,1.01,-1.28,-0.68,0.0
2026-03-26,BMAX,23.0,23.0,23.0,23.0,0,1369.0,0.0,-1.36,-0.32,0.0
2026-03-26,BMAY,44.82,44.52,44.82,44.52,5000,226498.0,0.66,-0.96,-0.43,0.0
2026-03-26,BMBL,3.3,3.33,3.38,3.27,3096800,10309788.0,3.46,0.3,0.01,2.39
2026-03-26,BME,39.3,39.21,39.69,39.12,36300,1432549.0,1.45,-0.36,-0.14,0.0
2026-03-26,BMEA,1.25,1.37,1.43,1.21,2904800,3892263.0,18.0,12.3,0.15,4.02
2026-03-26,BMED,28.66,28.66,28.66,28.66,0,2531.0,0.0,-0.45,-0.13,0.0
2026-03-26,BMEZ,13.91,14.04,14.15,13.9,236500,3326108.0,1.79,0.29,0.04,0.0
2026-03-26,BMGL,0.62,0.61,0.62,0.61,5500,3342.0,2.33,1.4,0.01,0.03
2026-03-26,BMHL,3.65,3.65,3.65,3.65,400,38.0,0.0,0.0,0.0,0.0
2026-03-26,BMI,152.48,151.18,155.53,150.73,249200,37900848.0,3.13,-1.43,-2.19,0.85
2026-03-26,BMM,5.5,5.43,5.63,5.38,37400,203858.0,4.59,-2.16,-0.12,0.05
2026-03-26,BMN,26.33,26.25,26.53,26.23,1000,28270.0,1.13,-0.94,-0.25,0.0
2026-03-26,BMNG,1.32,1.21,1.37,1.2,82240500,104543688.0,11.8,-15.97,-0.23,0.0
2026-03-26,BMNR,20.28,19.47,20.72,19.45,46059700,909649728.0,5.98,-8.33,-1.77,10.13
2026-03-26,BMNU,1.91,1.74,1.98,1.73,138046100,249695200.0,11.96,-16.75,-0.35,0.0
2026-03-26,BMNZ,19.83,21.32,21.38,19.24,1226700,24134614.0,11.77,16.95,3.09,0.0
2026-03-26,BMO,135.94,132.35,137.23,132.25,1951900,261303920.0,3.63,-3.52,-4.83,0.28
2026-03-26,BMOP,24.52,24.5,24.56,24.43,104600,2564135.0,0.52,0.02,0.0,0.0
2026-03-26,BMR,1.55,1.5,1.58,1.5,32200,49221.0,5.19,-2.6,-0.04,0.21
2026-03-26,BMRA,2.12,2.11,2.12,2.04,9000,18834.0,3.7,-2.31,-0.05,0.3
2026-03-26,BMRC,25.27,25.46,25.6,25.15,52200,1328547.0,1.77,0.28,0.07,0.32
2026-03-26,BMRN,55.36,55.55,56.06,55.2,939800,52364332.0,1.55,-0.07,-0.04,0.49
2026-03-26,BMVP,50.34,49.93,50.34,49.93,1500,76821.0,0.81,-0.38,-0.19,0.0
2026-03-26,BMY,58.77,59.43,59.51,58.64,6474500,384004032.0,1.48,0.83,0.49,0.32
2026-03-26,BN,39.42,39.66,40.5,39.39,5526000,220926352.0,2.78,-0.63,-0.25,0.25
2026-03-26,BNAI,38.26,38.22,39.46,37.28,304100,11770671.0,5.26,-7.86,-3.26,6.78
2026-03-26,BNAIW,0.29,0.28,0.29,0.28,10900,3037.0,3.33,-8.3,-0.02,0.0
2026-03-26,BNBX,0.67,0.69,0.7,0.66,16600,11277.0,5.83,1.31,0.01,0.29
2026-03-26,BNC,3.09,3.04,3.15,2.99,205500,628854.0,5.08,-3.49,-0.11,0.48
2026-03-26,BND,73.33,73.11,73.43,73.1,8602800,629952896.0,0.44,-0.58,-0.43,0.0
2026-03-26,BNDC,22.14,22.05,22.14,22.05,22400,496664.0,0.43,-0.54,-0.12,0.0
2026-03-26,BNDD,99.14,99.14,99.14,99.14,0,8412.0,0.0,-0.55,-0.55,0.0
2026-03-26,BNDI,46.95,46.71,46.95,46.67,35100,1643888.0,0.6,-0.67,-0.31,0.0
2026-03-26,BNDP,74.18,73.89,74.18,73.89,6600,490763.0,0.38,-0.58,-0.43,0.0
2026-03-26,BNDS,50.01,49.8,50.05,49.8,33100,1655195.0,0.5,-0.55,-0.28,0.0
2026-03-26,BNDW,68.11,67.91,68.17,67.89,117200,7973826.0,0.4,-0.61,-0.42,0.0
2026-03-26,BNDX,47.89,47.74,47.93,47.74,4783800,228844240.0,0.4,-0.71,-0.34,0.0
2026-03-26,BNDY,25.49,25.34,25.51,25.34,12200,311018.0,0.66,-1.23,-0.32,0.0
2026-03-26,BNED,9.15,9.11,9.36,8.91,173800,1576863.0,4.91,-0.65,-0.06,0.51
2026-03-26,BNGE,30.13,29.78,30.13,29.67,4800,144691.0,1.51,-1.99,-0.6,0.0
2026-03-26,BNGO,1.18,1.15,1.23,1.14,528000,622288.0,7.5,-4.17,-0.05,4.76
2026-03-26,BNH,15.24,15.14,15.39,15.09,41500,631920.0,1.99,-0.66,-0.1,0.0
2026-03-26,BNJ,14.76,14.84,14.93,14.74,14300,213011.0,1.26,0.61,0.09,0.0
2026-03-26,BNKD,57.59,57.22,57.59,56.65,1000,57374.0,1.71,3.73,2.06,0.0
2026-03-26,BNKK,2.79,2.36,2.79,2.35,40600,105889.0,18.26,-2.07,-0.05,0.77
2026-03-26,BNKU,26.5,25.93,26.64,25.58,5000,130689.0,3.96,-3.68,-0.99,0.0
2026-03-26,BNL,18.58,18.67,18.87,18.58,1371300,25711990.0,1.56,0.21,0.04,0.72
2026-03-26,BNO,50.33,50.55,51.1,49.92,7441000,376428672.0,2.42,3.65,1.78,0.0
2026-03-26,BNOV,43.13,42.84,43.13,42.79,5900,255977.0,0.78,-1.15,-0.5,0.0
2026-03-26,BNR,20.0,18.5,20.0,18.5,118400,2195040.0,7.32,-9.76,-2.0,1.1
2026-03-26,BNRG,0.71,0.66,0.72,0.63,134100,90557.0,12.2,-9.78,-0.07,5.53
2026-03-26,BNS,69.5,68.57,70.13,68.51,3461800,238457696.0,2.32,-1.97,-1.38,0.28
2026-03-26,BNT,41.99,41.2,42.12,41.16,16000,667706.0,2.31,-0.79,-0.33,0.0
2026-03-26,BNTC,10.72,10.81,11.25,10.69,97100,1064076.0,5.21,-0.28,-0.03,0.28
2026-03-26,BNTX,87.89,87.46,89.33,87.18,686400,60317088.0,2.43,-1.48,-1.31,0.26
2026-03-26,BNZI,0.97,1.0,1.04,0.93,898500,904245.0,11.35,2.64,0.03,6.64
2026-03-26,BNZIW,0.01,0.01,0.01,0.01,32900,443.0,30.77,23.08,0.0,0.0
2026-03-26,BOAT,40.68,40.08,40.78,40.08,18900,765008.0,1.74,-0.49,-0.2,0.0
2026-03-26,BOBP,25.79,25.3,25.88,25.3,1100,30571.0,2.22,-3.67,-0.96,0.0
2026-03-26,BOBS,11.29,10.66,11.57,10.61,1065300,11327356.0,8.36,-7.14,-0.82,0.82
2026-03-26,BOC,12.16,12.13,12.19,11.98,115500,1399852.0,1.74,0.66,0.08,0.37
2026-03-26,BOCT,48.26,47.78,48.26,47.74,9300,450180.0,1.08,-1.21,-0.58,0.0
2026-03-26,BODI,11.78,11.53,12.08,11.21,60300,697820.0,7.49,-0.69,-0.08,0.84
2026-03-26,BOE,10.97,10.82,11.06,10.8,167100,1825996.0,2.35,-2.08,-0.23,0.0
2026-03-26,BOED,19.5,19.71,19.71,19.5,1100,22049.0,1.07,2.28,0.44,0.0
2026-03-26,BOEG,11.78,11.59,12.03,11.55,9400,105181.0,3.93,-4.8,-0.58,0.0
2026-03-26,BOEU,29.75,29.27,30.31,29.2,19200,564379.0,3.6,-4.65,-1.43,0.0
2026-03-26,BOF,3.74,3.6,3.81,3.6,22600,84239.0,5.57,-4.51,-0.17,0.17
2026-03-26,BOH,73.52,74.01,74.51,73.52,227900,16872366.0,1.34,0.01,0.01,0.57
2026-03-26,BOIL,16.61,16.45,17.2,16.33,11175000,186912832.0,5.29,-0.6,-0.1,0.0
2026-03-26,BOKF,125.01,126.21,126.38,124.57,316500,39859600.0,1.44,0.37,0.46,0.52
2026-03-26,BOLD,1.13,1.11,1.14,1.1,53400,60012.0,3.54,-1.77,-0.02,0.24
2026-03-26,BOLT,4.48,4.5,4.5,4.37,1800,8124.0,2.89,0.0,0.0,
2026-03-26,BON,1.34,1.36,1.38,1.34,21300,29210.0,3.31,-0.01,-0.0,0.26
2026-03-26,BOND,91.93,91.54,92.09,91.54,379100,34789860.0,0.6,-0.74,-0.68,0.0
2026-03-26,BOOM,5.04,5.23,5.35,5.04,270900,1419958.0,6.19,4.39,0.22,1.32
2026-03-26,BOOT,155.45,152.83,158.73,151.74,433500,66899532.0,4.45,-2.72,-4.27,1.43
2026-03-26,BORR,5.7,5.92,5.92,5.63,10683600,62192680.0,5.23,6.67,0.37,3.48
2026-03-26,BOSC,5.11,4.96,5.16,4.92,35500,177824.0,4.67,-3.5,-0.18,0.57
2026-03-26,BOTJ,21.0,20.7,21.0,20.7,2400,51621.0,1.43,-1.05,-0.22,0.05
2026-03-26,BOTT,47.07,45.97,47.15,45.97,13000,609676.0,2.45,-4.52,-2.18,0.0
2026-03-26,BOTZ,33.7,33.29,33.94,33.24,948200,31805524.0,2.02,-3.17,-1.09,0.0
2026-03-26,BOUT,39.93,39.32,40.03,39.32,2200,88850.0,1.76,-2.43,-0.98,0.0
2026-03-26,BOW,22.17,22.48,22.81,22.17,117400,2637555.0,2.84,0.36,0.08,0.36
2026-03-26,BOX,23.54,23.82,24.4,23.54,2211300,53040128.0,3.63,0.68,0.16,1.6
2026-03-26,BOXA,104.4,104.24,104.4,104.24,1900,201343.0,0.15,-0.66,-0.7,0.0
2026-03-26,BOXL,1.15,1.28,1.37,1.08,10762600,13582614.0,28.16,24.27,0.25,1130.68
2026-03-26,BOXX,116.07,116.1,116.1,116.07,1814400,210638608.0,0.03,0.03,0.04,0.0
2026-03-26,BP,45.73,46.17,46.68,45.65,18824200,869814976.0,2.28,1.67,0.76,
2026-03-26,BPAY,22.36,22.21,22.36,22.21,3900,87327.0,0.65,-1.26,-0.28,0.0
2026-03-26,BPH,71.35,72.13,72.13,71.2,200,18385.0,1.31,2.08,1.47,0.0
2026-03-26,BPI,23.48,23.4,23.48,23.4,200,5259.0,0.31,-2.68,-0.65,0.0
2026-03-26,BPOP,132.48,132.77,133.96,132.16,413100,54901872.0,1.35,-0.49,-0.66,0.64
2026-03-26,BPOPM,25.29,25.29,25.29,25.29,1300,35051.0,0.0,0.0,0.0,0.0
2026-03-26,BPRE,17.14,16.56,17.53,16.56,548400,9271275.0,5.68,-3.1,-0.53,0.0
2026-03-26,BPRN,34.29,34.11,34.49,33.94,6500,224806.0,1.59,-0.64,-0.22,0.1
2026-03-26,BPRO,21.34,21.14,21.34,20.84,4500,96609.0,2.29,-3.23,-0.7,0.0
2026-03-26,BPYPM,15.64,16.13,16.2,15.49,46400,734356.0,4.59,4.27,0.66,0.0
2026-03-26,BPYPN,13.32,13.28,13.43,13.17,15200,202595.0,1.96,0.15,0.02,0.0
2026-03-26,BPYPO,14.7,14.82,14.94,14.7,20400,303349.0,1.62,0.23,0.03,0.0
2026-03-26,BPYPP,15.0,15.43,15.48,14.95,18900,288124.0,3.5,1.94,0.29,0.0
2026-03-26,BQ,0.79,0.76,0.79,0.74,53700,40861.0,6.33,-3.16,-0.03,1.1
2026-03-26,BR,163.05,159.83,165.9,159.57,1522300,245984544.0,3.87,-2.16,-3.53,1.3
2026-03-26,BRAG,2.04,1.98,2.05,1.98,3600,7393.0,3.45,-2.46,-0.05,0.01
2026-03-26,BRAI,21.87,25.3,28.2,21.87,45400,1163971.0,26.91,7.57,1.78,0.1
2026-03-26,BRAZ,31.6,31.29,31.7,31.27,1900,60573.0,1.35,-1.87,-0.6,0.0
2026-03-26,BRBI,15.07,15.07,15.07,15.07,0,1234.0,0.0,0.0,0.0,0.0
2026-03-26,BRBR,15.03,15.14,15.4,14.71,4655100,70143984.0,4.45,-2.32,-0.36,3.97
2026-03-26,BRBS,3.97,3.98,4.02,3.95,123100,489961.0,1.75,-0.75,-0.03,0.13
2026-03-26,BRC,83.06,82.12,83.8,81.39,177700,14627759.0,2.88,-1.75,-1.46,0.38
2026-03-26,BRCB,14.64,13.54,15.2,13.51,428600,6012200.0,11.38,-8.82,-1.31,0.86
2026-03-26,BRCC,0.76,0.74,0.77,0.71,494700,365691.0,7.93,-0.77,-0.01,0.2
2026-03-26,BRCE,25.01,25.01,25.01,25.01,0,0.0,0.0,-2.1,-0.54,
2026-03-26,BREE,22.46,22.1,22.49,22.1,8600,193736.0,1.71,-3.29,-0.75,0.0
2026-03-26,BREM,50.02,49.96,50.02,49.96,2400,121126.0,0.12,-0.74,-0.37,0.0
2026-03-26,BRES,24.09,23.79,24.09,23.79,7500,180207.0,1.26,-1.79,-0.43,
2026-03-26,BRF,17.91,17.58,17.91,17.58,2600,46540.0,1.86,-2.74,-0.5,0.0
2026-03-26,BRFH,2.71,2.75,2.75,2.65,3200,8835.0,3.67,1.48,0.04,0.02
2026-03-26,BRHY,50.34,50.12,50.36,50.12,3300,168279.0,0.47,-0.57,-0.29,0.0
2026-03-26,BRIA,1.86,1.86,1.86,1.86,200,413.0,0.0,0.0,0.0,0.0
2026-03-26,BRIB,24.88,24.82,24.91,24.82,39900,993243.0,0.36,-0.66,-0.16,0.0
2026-03-26,BRID,8.48,7.61,8.48,7.49,5400,41923.0,12.53,-3.67,-0.29,0.06
2026-03-26,BRIE,26.69,26.41,26.83,26.39,34400,915568.0,1.63,-2.28,-0.61,0.0
2026-03-26,BRIF,30.21,29.85,30.22,29.85,12200,367647.0,1.23,-1.65,-0.5,0.0
2026-03-26,BRKC,41.44,41.29,41.46,41.25,2200,93952.0,0.5,-0.84,-0.35,0.0
2026-03-26,BRKD,24.47,24.44,24.47,24.35,5600,138296.0,0.49,0.2,0.05,0.0
2026-03-26,BRKR,35.34,35.34,36.56,35.28,1776300,63401312.0,3.58,-1.28,-0.46,1.17
2026-03-26,BRKRP,285.85,281.75,285.85,281.75,1900,542260.0,1.44,-1.23,-3.51,0.0
2026-03-26,BRKU,21.5,21.5,21.74,21.4,82700,1781996.0,1.55,-0.43,-0.09,0.0
2026-03-26,BRKW,39.68,39.77,39.81,39.68,1500,62885.0,0.34,-0.02,-0.01,0.0
2026-03-26,BRLN,50.99,50.81,50.99,50.78,15000,762986.0,0.41,0.09,0.05,0.0
2026-03-26,BRLS,1.47,1.49,1.54,1.47,12600,18843.0,4.46,-5.1,-0.08,0.06
2026-03-26,BRLSW,0.07,0.07,0.07,0.07,0,5.0,0.0,0.0,0.0,0.0
2026-03-26,BRLT,1.32,1.3,1.35,1.27,22100,28923.0,6.15,0.0,0.0,0.02
2026-03-26,BRN,1.15,1.16,1.21,1.13,335000,394315.0,6.84,-0.85,-0.01,2.67
2026-03-26,BRNS,0.55,0.55,0.55,0.55,5500,3033.0,0.02,-0.04,-0.0,0.01
2026-03-26,BRNY,48.63,48.29,48.73,48.24,23600,1145707.0,0.99,-1.24,-0.61,0.0
2026-03-26,BRO,64.29,65.14,68.91,64.13,7018000,457710016.0,7.44,1.32,0.85,2.07
2026-03-26,BROS,50.28,48.02,50.65,47.95,3347900,164009904.0,5.27,-6.45,-3.31,2.03
2026-03-26,BRR,2.51,2.44,2.59,2.41,245600,604759.0,6.96,-2.78,-0.07,0.29
2026-03-26,BRRR,19.55,19.33,19.7,19.22,312600,6066982.0,2.4,-3.35,-0.67,0.0
2026-03-26,BRRWW,0.27,0.27,0.27,0.27,5900,1583.0,0.41,-0.41,-0.0,0.0
2026-03-26,BRSL,12.88,12.88,13.09,12.83,882800,11384694.0,2.01,-0.46,-0.06,0.48
2026-03-26,BRSP,5.66,5.65,5.73,5.64,712100,4035835.0,1.67,-0.53,-0.03,0.55
2026-03-26,BRT,13.68,13.6,13.92,13.55,82200,1128891.0,2.69,-1.31,-0.18,0.43
2026-03-26,BRTR,50.05,49.86,50.1,49.86,97000,4846423.0,0.49,-0.65,-0.33,0.0
2026-03-26,BRTX,0.31,0.3,0.31,0.29,1578400,471934.0,7.29,-4.52,-0.01,17.45
2026-03-26,BRW,6.55,6.56,6.59,6.54,122000,800673.0,0.83,-0.76,-0.05,0.0
2026-03-26,BRX,28.7,28.64,28.95,28.55,1115500,32021926.0,1.41,-0.24,-0.07,0.36
2026-03-26,BRZE,21.79,23.31,23.33,21.73,7379900,169561392.0,7.41,7.92,1.71,6.51
2026-03-26,BRZU,104.35,102.81,106.02,102.5,47100,4939076.0,3.29,-3.95,-4.23,0.0
2026-03-26,BSAAR,0.16,0.16,0.16,0.16,0,1.0,0.0,0.0,0.0,0.0
2026-03-26,BSAC,31.99,31.85,32.49,31.65,272400,8728947.0,2.6,-1.88,-0.61,0.06
2026-03-26,BSBK,8.27,8.3,8.31,8.22,1900,15835.0,1.13,-0.84,-0.07,0.01
2026-03-26,BSBR,5.73,5.65,5.8,5.65,1467600,8389355.0,2.68,-2.42,-0.14,0.02
2026-03-26,BSCQ,19.5,19.5,19.51,19.5,524500,10230569.0,0.05,0.0,0.0,0.0
2026-03-26,BSCR,19.59,19.58,19.59,19.57,725800,14213847.0,0.1,-0.05,-0.01,0.0
2026-03-26,BSCS,20.35,20.32,20.36,20.31,698400,14200707.0,0.25,-0.22,-0.05,0.0
2026-03-26,BSCT,18.57,18.53,18.59,18.52,765500,14203927.0,0.38,-0.32,-0.06,0.0
2026-03-26,BSCU,16.63,16.59,16.66,16.58,474800,7893517.0,0.47,-0.51,-0.08,0.0
2026-03-26,BSCV,16.37,16.32,16.39,16.31,614400,10044351.0,0.49,-0.55,-0.09,0.0
2026-03-26,BSCW,20.46,20.38,20.49,20.37,327300,6686949.0,0.58,-0.73,-0.15,0.0
2026-03-26,BSCX,21.04,20.97,21.08,20.95,196900,4134687.0,0.57,-0.64,-0.14,0.0
2026-03-26,BSCY,20.58,20.5,20.62,20.49,178600,3669726.0,0.6,-0.78,-0.16,0.0
2026-03-26,BSCZ,20.37,20.31,20.42,20.3,75500,1537662.0,0.61,-0.83,-0.17,0.0
2026-03-26,BSEP,48.26,47.78,48.26,47.77,9200,445072.0,1.02,-1.3,-0.63,0.0
2026-03-26,BSET,14.38,14.35,14.39,13.97,37300,530560.0,2.9,0.14,0.02,0.43
2026-03-26,BSJQ,23.12,23.1,23.14,23.09,294200,6798572.0,0.21,-0.09,-0.02,0.0
2026-03-26,BSJR,22.26,22.26,22.31,22.24,161000,3585797.0,0.31,-0.25,-0.06,0.0
2026-03-26,BSJS,21.67,21.57,21.67,21.56,109700,2372607.0,0.49,-0.44,-0.1,0.0
2026-03-26,BSJT,20.96,20.86,20.96,20.84,105500,2205362.0,0.57,-0.62,-0.13,0.0
2026-03-26,BSJU,25.42,25.34,25.5,25.33,79200,2012510.0,0.65,-0.76,-0.19,0.0
2026-03-26,BSJV,25.94,25.78,25.94,25.72,8800,227650.0,0.85,-0.77,-0.2,0.0
2026-03-26,BSJW,25.05,24.89,25.05,24.89,7700,193512.0,0.66,-0.84,-0.21,0.0
2026-03-26,BSJX,24.66,24.66,24.66,24.66,300,7668.0,0.0,-0.89,-0.22,0.0
2026-03-26,BSL,12.84,12.88,12.95,12.84,27700,357788.0,0.86,0.16,0.02,0.0
2026-03-26,BSM,15.3,15.32,15.38,15.21,297700,4563104.0,1.12,0.72,0.11,0.14
2026-03-26,BSMC,36.1,36.03,36.52,36.03,17500,635619.0,1.35,-0.83,-0.3,0.0
2026-03-26,BSMQ,23.56,23.58,23.6,23.56,95000,2239386.0,0.19,-0.02,-0.0,0.0
2026-03-26,BSMR,23.62,23.62,23.63,23.61,47700,1127946.0,0.08,-0.04,-0.01,0.0
2026-03-26,BSMS,23.39,23.38,23.42,23.38,30800,722115.0,0.17,-0.1,-0.02,0.0
2026-03-26,BSMT,22.99,22.98,23.05,22.98,56800,1307928.0,0.3,-0.08,-0.02,0.0
2026-03-26,BSMU,21.8,21.79,21.8,21.78,61800,1348492.0,0.09,-0.08,-0.02,0.0
2026-03-26,BSMV,20.84,20.82,20.87,20.81,13300,277899.0,0.28,-0.26,-0.05,0.0
2026-03-26,BSMW,24.75,24.74,24.81,24.74,9700,241918.0,0.27,-0.22,-0.06,0.0
2026-03-26,BSMY,24.17,24.09,24.17,24.09,12400,299609.0,0.34,-0.35,-0.08,0.0
2026-03-26,BSMZ,25.0,24.96,25.01,24.94,2900,74317.0,0.28,-0.33,-0.08,0.0
2026-03-26,BSOL,11.76,11.45,11.81,11.43,1212800,13351729.0,3.14,-6.76,-0.83,0.0
2026-03-26,BSR,29.47,29.47,29.47,29.47,0,147.0,0.0,-0.85,-0.25,0.0
2026-03-26,BSRR,33.3,33.53,33.74,33.22,32300,1084188.0,1.56,0.3,0.1,0.25
2026-03-26,BSSX,25.36,25.32,25.36,25.28,8100,207142.0,0.32,-0.02,-0.01,0.0
2026-03-26,BST,36.97,36.21,37.41,36.16,134800,4923586.0,3.34,-3.34,-1.25,0.0
2026-03-26,BSTP,36.22,35.83,36.22,35.83,1500,54423.0,1.08,-1.25,-0.45,0.0
2026-03-26,BSTZ,22.49,21.94,22.55,21.94,223500,4955319.0,2.69,-3.31,-0.75,0.32
2026-03-26,BSV,78.15,78.01,78.19,77.99,2316400,180870976.0,0.25,-0.31,-0.24,0.0
2026-03-26,BSVN,39.87,39.86,39.95,39.55,6300,252457.0,1.0,0.0,0.0,0.07
2026-03-26,BSVO,25.18,25.33,25.56,25.18,105000,2665157.0,1.5,-0.12,-0.03,0.0
2026-03-26,BSX,69.4,70.17,71.2,69.35,12968300,914571904.0,2.65,0.56,0.39,0.87
2026-03-26,BSY,34.89,36.2,36.32,34.43,4245400,153042784.0,5.39,3.16,1.11,1.4
2026-03-26,BTAI,1.41,1.37,1.44,1.35,526000,732785.0,6.29,-4.2,-0.06,2.16
2026-03-26,BTAL,13.73,14.01,14.02,13.73,2002100,27922524.0,2.12,2.26,0.31,0.0
2026-03-26,BTBD,2.15,1.71,2.26,1.6,2384900,4725548.0,35.48,-8.06,-0.15,38.75
2026-03-26,BTBDW,0.2,0.21,0.21,0.2,800,166.0,5.28,14.0,0.03,0.0
2026-03-26,BTBT,1.55,1.44,1.56,1.42,17497100,25680414.0,8.81,-9.43,-0.15,5.41
2026-03-26,BTC,30.69,30.31,30.89,30.13,3552200,108232760.0,2.43,-3.29,-1.03,37.89
2026-03-26,BTCC,16.35,16.1,16.35,16.05,10000,162357.0,1.81,-2.8,-0.46,0.0
2026-03-26,BTCI,33.22,32.93,33.38,32.75,343300,11354689.0,1.88,-2.49,-0.84,0.0
2026-03-26,BTCL,16.05,15.63,16.26,15.48,70700,1122470.0,4.66,-6.63,-1.11,0.0
2026-03-26,BTCO,69.04,68.21,69.49,67.84,65300,4471636.0,2.34,-3.31,-2.33,0.0
2026-03-26,BTCS,1.55,1.46,1.59,1.46,640300,966738.0,8.49,-8.18,-0.13,1.29
2026-03-26,BTCT,1.19,1.13,1.19,1.12,75600,86324.0,6.21,-6.61,-0.08,0.79
2026-03-26,BTCW,73.35,72.51,73.82,72.24,16000,1168880.0,2.11,-3.31,-2.48,0.0
2026-03-26,BTCZ,5.27,5.39,5.45,5.2,13608900,72110784.0,4.95,6.63,0.34,0.0
2026-03-26,BTDR,8.43,8.71,9.43,8.35,12246700,109585248.0,12.56,1.28,0.11,5.08
2026-03-26,BTE,4.2,4.22,4.33,4.2,31487300,134089240.0,3.22,0.72,0.03,4.25
2026-03-26,BTF,19.26,19.04,19.36,18.93,10100,193390.0,2.16,-4.46,-0.89,0.0
2026-03-26,BTFL,22.9,19.88,23.75,19.88,6200,135162.0,16.37,-15.93,-3.77,0.0
2026-03-26,BTG,4.08,4.09,4.31,4.06,27215300,113749800.0,5.97,-2.39,-0.1,2.03
2026-03-26,BTGD,26.62,25.8,26.85,25.74,24400,638401.0,4.01,-6.89,-1.91,0.0
2026-03-26,BTGO,9.76,9.1,9.8,9.02,883800,7965157.0,7.87,-8.17,-0.81,0.76
2026-03-26,BTI,58.43,58.26,58.77,58.12,4066700,237468336.0,1.12,-0.33,-0.19,0.19
2026-03-26,BTM,2.53,2.47,2.65,2.35,183500,458294.0,11.47,-5.54,-0.14,1.65
2026-03-26,BTMD,1.43,1.35,1.49,1.35,196900,282173.0,9.76,-6.25,-0.09,0.5
2026-03-26,BTMWW,0.03,0.03,0.03,0.03,22500,682.0,17.88,-1.99,-0.0,0.0
2026-03-26,BTO,34.51,34.28,34.99,34.23,37100,1285144.0,2.19,-1.21,-0.42,0.0
2026-03-26,BTOC,0.28,0.26,0.28,0.25,509400,134072.0,9.93,-6.36,-0.02,1.12
2026-03-26,BTOG,2.45,2.4,2.6,2.32,35400,85851.0,11.29,-3.23,-0.08,2.34
2026-03-26,BTOP,28.45,28.36,28.45,28.36,500,15430.0,0.29,-4.47,-1.33,0.0
2026-03-26,BTOT,49.5,49.39,49.5,49.39,200,12301.0,0.22,-0.55,-0.28,0.0
2026-03-26,BTQ,2.32,2.35,2.4,2.28,1433500,3314427.0,5.06,-0.84,-0.02,1.02
2026-03-26,BTR,25.65,25.65,25.65,25.65,0,0.0,0.0,-0.36,-0.09,
2026-03-26,BTRN,27.33,27.29,27.46,27.23,5500,152752.0,0.84,0.01,0.0,0.0
2026-03-26,BTSG,44.13,42.83,45.05,42.76,2726300,119062648.0,5.11,-4.44,-1.99,1.41
2026-03-26,BTSGU,148.82,142.76,149.16,142.76,17400,2592649.0,4.3,-4.09,-6.09,0.22
2026-03-26,BTT,22.38,22.49,22.55,22.38,109300,2459124.0,0.75,-0.22,-0.05,0.0
2026-03-26,BTTC,1.32,1.3,1.32,1.27,13900,17770.0,3.79,-1.52,-0.02,0.14
2026-03-26,BTU,37.9,37.43,38.88,37.12,3618900,136704288.0,4.67,-0.66,-0.25,2.97
2026-03-26,BTX,6.74,6.6,6.74,6.57,829600,5498437.0,2.59,-2.37,-0.16,0.0
2026-03-26,BTYB,24.24,24.17,24.24,24.17,700,17528.0,0.27,-0.89,-0.22,0.0
2026-03-26,BTZ,9.97,9.85,10.01,9.8,376900,3733275.0,2.09,-1.6,-0.16,0.0
2026-03-26,BU,18.59,17.57,18.79,17.57,10300,187545.0,6.41,-7.61,-1.45,0.0
2026-03-26,BUCK,23.63,23.53,23.63,23.53,112900,2657096.0,0.42,-0.44,-0.1,0.0
2026-03-26,BUD,68.98,67.94,69.11,67.88,1760500,120399400.0,1.78,-1.82,-1.26,0.09
2026-03-26,BUDA,9.22,10.0,10.0,9.22,18800,183727.0,7.85,0.0,0.0,0.15
2026-03-26,BUFB,35.94,35.75,36.07,35.67,73700,2637023.0,1.11,-1.19,-0.43,0.0
2026-03-26,BUFC,40.67,40.48,40.67,40.46,84000,3399071.0,0.52,-0.49,-0.2,0.0
2026-03-26,BUFD,28.04,27.85,28.04,27.84,185600,5183774.0,0.71,-0.82,-0.23,0.0
2026-03-26,BUFF,49.23,49.17,49.5,49.14,47900,2360870.0,0.73,-0.77,-0.38,0.0
2026-03-26,BUFG,26.83,26.67,26.96,26.66,218900,5869607.0,1.11,-1.48,-0.4,0.0
2026-03-26,BUFH,20.83,20.78,20.86,20.78,11600,243566.0,0.39,-0.32,-0.07,0.0
2026-03-26,BUFI,39.85,39.72,39.88,39.72,25600,1020630.0,0.39,-1.17,-0.47,0.0
2026-03-26,BUFM,38.15,38.19,38.19,38.15,13000,497476.0,0.1,-0.38,-0.15,0.0
2026-03-26,BUFP,29.75,29.55,29.79,29.53,40800,1212822.0,0.87,-0.89,-0.27,0.0
2026-03-26,BUFQ,35.42,35.03,35.42,35.01,76600,2696330.0,1.15,-1.55,-0.55,0.0
2026-03-26,BUFR,33.73,33.58,33.88,33.56,1054100,35511744.0,0.93,-1.09,-0.37,0.0
2026-03-26,BUFS,23.05,22.97,23.14,22.97,16300,377334.0,0.73,-0.72,-0.17,0.0
2026-03-26,BUFT,24.79,24.65,24.82,24.65,41600,1030012.0,0.68,-1.05,-0.26,0.0
2026-03-26,BUFX,21.08,21.03,21.08,21.03,200,4617.0,0.28,-0.44,-0.09,0.0
2026-03-26,BUFY,22.17,22.09,22.24,22.08,89000,1974347.0,0.72,-0.85,-0.19,0.0
2026-03-26,BUFZ,26.28,26.12,26.31,26.11,93200,2445836.0,0.76,-0.84,-0.22,0.0
2026-03-26,BUG,24.96,25.19,25.72,24.91,693900,17600400.0,3.21,0.28,0.07,0.0
2026-03-26,BUI,26.43,26.3,26.59,26.17,96000,2530690.0,1.59,-0.45,-0.12,0.0
2026-03-26,BUL,54.29,53.51,54.3,53.51,12500,672052.0,1.45,-1.62,-0.88,0.0
2026-03-26,BULD,27.93,27.48,27.93,27.48,1300,37784.0,1.59,-2.61,-0.74,0.0
2026-03-26,BULG,1.19,1.17,1.22,1.14,399900,442163.0,6.68,-4.88,-0.06,0.0
2026-03-26,BULL,5.13,5.05,5.19,4.99,13030600,65432416.0,3.86,-2.51,-0.13,2.49
2026-03-26,BULLW,1.46,1.41,1.54,1.41,4000,5686.0,8.9,-3.42,-0.05,0.0
2026-03-26,BULX,2.74,2.63,2.74,2.55,5400,13259.0,6.83,-4.87,-0.13,0.0
2026-03-26,BULZ,18.94,17.4,18.94,17.34,1921100,34912964.0,8.05,-12.43,-2.47,0.0
2026-03-26,BUR,7.64,7.83,7.93,7.64,1564600,12270947.0,3.73,0.77,0.06,0.71
2026-03-26,BURL,325.63,320.21,332.02,318.94,543800,175149104.0,3.97,-2.75,-9.06,0.87
2026-03-26,BURU,0.18,0.18,0.19,0.17,26362800,4692501.0,7.2,1.04,0.0,23.89
2026-03-26,BUSA,36.93,36.91,37.25,36.91,105700,3928310.0,0.91,-0.75,-0.28,0.0
2026-03-26,BUSE,24.69,24.96,25.0,24.69,469900,11698102.0,1.27,0.24,0.06,0.55
2026-03-26,BUSEP,25.6,25.61,25.7,25.5,41400,1061801.0,0.78,0.04,0.01,0.48
2026-03-26,BUUU,16.19,14.25,16.34,14.1,16200,247671.0,13.9,-11.55,-1.86,0.1
2026-03-26,BUXX,20.27,20.27,20.29,20.25,874000,17711452.0,0.2,-0.02,-0.0,0.0
2026-03-26,BUYO,28.0,27.47,28.0,27.47,400,11509.0,1.87,-2.18,-0.61,0.0
2026-03-26,BUYW,14.05,13.95,14.06,13.95,254600,3567689.0,0.78,-1.41,-0.2,0.0
2026-03-26,BUYZ,32.14,31.68,32.14,31.68,1000,32544.0,1.41,-2.21,-0.72,0.0
2026-03-26,BUZZ,29.4,28.79,29.67,28.75,75100,2196381.0,3.07,-3.86,-1.15,0.0
2026-03-26,BV,12.08,11.7,12.08,11.64,331800,3891054.0,3.68,-2.26,-0.27,0.35
2026-03-26,BVAL,28.13,27.89,28.13,27.89,18700,525006.0,0.86,-0.98,-0.28,0.0
2026-03-26,BVC,8.83,8.68,8.83,8.67,1300,11912.0,1.81,-1.7,-0.15,0.02
2026-03-26,BVFL,18.91,18.81,19.19,18.6,8600,163651.0,3.09,-1.36,-0.26,0.1
2026-03-26,BVN,31.7,32.46,32.79,31.56,2852400,92620624.0,3.74,-1.64,-0.54,1.12
2026-03-26,BVS,9.08,9.26,9.34,9.05,512500,4725170.0,3.11,1.09,0.1,0.62
2026-03-26,BW,15.15,14.46,15.8,14.06,2622500,38248916.0,11.15,-7.49,-1.17,1.94
2026-03-26,BWA,55.44,54.76,56.16,54.53,2013200,110725816.0,2.91,-2.42,-1.36,0.98
2026-03-26,BWAY,13.78,13.49,13.89,13.31,139500,1897153.0,4.15,-2.67,-0.37,0.37
2026-03-26,BWB,17.33,17.57,17.58,17.3,44800,785641.0,1.6,0.46,0.08,0.16
2026-03-26,BWBBP,20.25,20.25,20.25,20.25,800,16667.0,0.0,0.0,0.0,0.03
2026-03-26,BWEB,63.5,63.5,63.5,63.5,0,6300.0,0.0,-4.22,-2.8,0.0
2026-03-26,BWEN,2.03,2.02,2.09,1.97,84500,171186.0,5.83,-1.94,-0.04,0.36
2026-03-26,BWET,102.5,112.0,114.55,102.02,138700,15142019.0,13.1,17.11,16.36,0.0
2026-03-26,BWFG,47.84,47.99,48.58,47.5,20100,961567.0,2.25,0.15,0.07,0.25
2026-03-26,BWG,7.67,7.64,7.72,7.62,61400,470284.0,1.23,-0.91,-0.07,0.29
2026-03-26,BWIN,21.25,21.68,21.85,21.15,2851700,61589852.0,3.32,2.07,0.44,2.0
2026-03-26,BWLP,16.97,16.93,17.25,16.92,277700,4736716.0,1.93,-0.35,-0.06,0.18
2026-03-26,BWMN,29.52,28.77,30.14,28.13,126100,3662412.0,6.77,-3.07,-0.91,0.74
2026-03-26,BWMX,17.3,17.05,17.45,16.79,58600,1000413.0,3.83,-0.58,-0.1,0.16
2026-03-26,BWNB,24.99,25.0,25.01,24.99,5700,143161.0,0.08,0.04,0.01,0.0
2026-03-26,BWOW,14.96,14.96,14.96,14.96,0,732.0,0.0,-5.39,-0.85,0.0
2026-03-26,BWTG,36.97,36.81,36.97,36.81,100,6914.0,0.42,-1.59,-0.6,0.0
2026-03-26,BWX,21.91,21.8,21.96,21.8,199800,4371609.0,0.73,-1.09,-0.24,0.0
2026-03-26,BWXT,217.72,205.09,219.8,204.5,1471100,308368672.0,6.89,-7.67,-17.04,1.61
2026-03-26,BWZ,26.83,26.77,27.01,26.77,80700,2171291.0,0.9,-0.72,-0.19,0.0
2026-03-26,BX,106.72,109.63,110.75,106.71,6995000,767535872.0,3.73,1.15,1.25,0.94
2026-03-26,BXC,52.7,52.7,53.87,51.27,75900,3996514.0,4.86,-1.26,-0.67,0.97
2026-03-26,BXMT,18.94,19.19,19.36,18.91,2151500,41359492.0,2.37,1.0,0.19,1.28
2026-03-26,BXMX,13.63,13.54,13.75,13.52,155600,2120715.0,1.67,-1.6,-0.22,0.0
2026-03-26,BXP,52.46,53.16,53.75,52.46,1656000,87856640.0,2.44,0.61,0.32,1.04
2026-03-26,BXSL,24.12,24.01,24.56,23.89,1993900,48276496.0,2.78,-0.54,-0.13,0.86
2026-03-26,BY,30.82,31.13,31.27,30.82,105500,3282828.0,1.45,0.16,0.05,0.23
2026-03-26,BYAH,1.04,1.06,1.07,1.04,9900,10444.0,2.8,-0.93,-0.01,0.31
2026-03-26,BYD,84.44,82.94,85.13,82.86,566600,47243252.0,2.68,-2.27,-1.93,0.75
2026-03-26,BYFC,7.6,7.6,7.6,7.6,100,1169.0,0.0,0.0,0.0,0.0
2026-03-26,BYLD,22.43,22.38,22.48,22.37,84800,1903642.0,0.49,-0.62,-0.14,0.0
2026-03-26,BYND,0.68,0.65,0.68,0.65,15340600,10278979.0,4.99,-6.58,-0.05,3.38
2026-03-26,BYRE,24.82,24.85,25.05,24.8,2700,69605.0,1.0,-0.36,-0.09,0.0
2026-03-26,BYRN,9.25,9.05,9.65,9.01,280900,2578229.0,6.79,-3.93,-0.37,1.24
2026-03-26,BYSI,1.65,1.61,1.68,1.52,32600,52721.0,9.49,-4.17,-0.07,0.08
2026-03-26,BZ,13.18,13.55,13.56,13.13,4514000,60824128.0,3.22,1.42,0.19,0.93
2026-03-26,BZAI,1.22,1.75,1.78,1.19,30346100,46911652.0,47.58,41.13,0.51,24.72
2026-03-26,BZAIW,0.3,0.4,0.44,0.3,181000,65974.0,50.79,42.86,0.12,0.0
2026-03-26,BZFD,0.61,0.63,0.65,0.61,109800,68982.0,6.58,2.15,0.01,0.29
2026-03-26,BZFDW,0.01,0.01,0.01,0.01,1200,18.0,6.99,-2.1,-0.0,
2026-03-26,BZH,19.42,19.78,20.12,19.35,316000,6246225.0,3.93,0.46,0.09,1.07
2026-03-26,BZQ,10.58,10.72,10.82,10.41,82000,867474.0,3.96,3.88,0.4,0.0
2026-03-26,BZUN,2.47,2.18,2.48,2.07,1217100,2643635.0,16.53,-12.1,-0.3,2.09
2026-03-26,C,114.06,112.41,114.79,111.57,12689900,1430358144.0,2.82,-1.81,-2.07,0.73
2026-03-26,CA,24.72,24.67,24.72,24.67,800,21074.0,0.18,-0.24,-0.06,0.0
2026-03-26,CAAA,20.27,20.2,20.27,20.2,4600,94958.0,0.32,-0.64,-0.13,0.0
2026-03-26,CAAP,25.51,25.26,26.07,25.26,237600,6063625.0,3.12,-2.73,-0.71,0.15
2026-03-26,CAAS,4.23,4.24,4.37,4.17,47700,206214.0,4.74,0.47,0.02,0.16
2026-03-26,CABA,2.77,2.82,2.88,2.71,1347900,3774913.0,6.12,1.44,0.04,1.21
2026-03-26,CABO,95.94,95.1,99.46,94.79,79200,7603091.0,4.85,-1.18,-1.14,1.4
2026-03-26,CABR,0.99,1.06,1.08,0.97,78300,81194.0,10.57,1.92,0.02,0.57
2026-03-26,CABZ,20.3,20.3,20.3,20.3,100,2109.0,0.0,-3.7,-0.78,0.0
2026-03-26,CAC,46.3,46.9,47.08,46.17,69600,3255812.0,1.96,0.67,0.31,0.41
2026-03-26,CACC,439.45,442.85,449.67,438.2,89200,39595852.0,2.58,-0.24,-1.07,0.83
2026-03-26,CACI,575.32,579.84,588.69,575.32,202900,117659544.0,2.31,0.16,0.9,0.92
2026-03-26,CADL,4.93,4.88,5.02,4.82,1126700,5492976.0,4.01,-2.2,-0.11,1.54
2026-03-26,CAE,26.42,26.27,26.96,26.23,713500,18858804.0,2.73,-1.9,-0.51,0.22
2026-03-26,CAEP,10.28,10.29,10.29,10.28,30900,318646.0,0.1,0.1,0.01,0.09
2026-03-26,CAF,16.97,16.8,17.16,16.76,71400,1208648.0,2.31,-1.81,-0.31,0.0
2026-03-26,CAFG,27.34,27.02,27.34,27.02,2300,62749.0,1.18,-1.38,-0.38,0.0
2026-03-26,CAFX,24.78,24.72,24.8,24.72,23600,585641.0,0.32,-0.44,-0.11,0.0
2026-03-26,CAG,15.27,15.2,15.48,15.11,13531800,206725328.0,2.42,-0.78,-0.12,2.83
2026-03-26,CAH,210.23,207.7,211.97,207.19,1599900,333689760.0,2.26,-1.71,-3.61,0.68
2026-03-26,CAI,18.38,18.33,18.94,18.14,1270200,23377260.0,4.33,-1.24,-0.23,0.45
2026-03-26,CAIE,25.11,24.98,25.3,24.97,235000,5905970.0,1.32,-1.32,-0.34,0.0
2026-03-26,CAIQ,24.04,23.72,24.07,23.64,172300,4111941.0,1.78,-1.75,-0.42,0.0
2026-03-26,CAKE,55.9,55.33,56.63,55.22,733600,40846016.0,2.49,-1.76,-0.99,1.47
2026-03-26,CAL,10.79,10.91,11.03,10.66,640700,6965091.0,3.36,-0.91,-0.1,1.89
2026-03-26,CALC,0.59,0.58,0.64,0.58,139800,84000.0,10.78,1.13,0.01,0.89
2026-03-26,CALF,44.41,44.79,45.33,44.41,1176400,52966476.0,2.07,0.09,0.04,0.0
2026-03-26,CALI,50.38,50.32,50.38,50.3,203100,10225730.0,0.16,-0.1,-0.05,4.2
2026-03-26,CALM,77.5,78.7,79.83,77.11,679400,53612676.0,3.48,0.76,0.59,1.43
2026-03-26,CALX,52.75,51.02,52.75,51.0,673700,34673592.0,3.32,-3.3,-1.74,1.03
2026-03-26,CALY,13.55,13.37,13.76,13.3,1616400,21724778.0,3.37,-1.98,-0.27,0.88
2026-03-26,CAM,24.91,24.86,24.92,24.86,56600,1409261.0,0.24,-0.12,-0.03,0.0
2026-03-26,CAML,35.48,35.01,35.49,34.97,48800,1726279.0,1.45,-2.23,-0.8,0.0
2026-03-26,CAMP,4.69,4.56,4.89,4.53,113800,538449.0,7.47,-4.0,-0.19,0.22
2026-03-26,CAMT,171.28,159.86,171.41,158.9,404200,65839344.0,7.14,-8.69,-15.22,0.87
2026-03-26,CAMX,30.89,30.89,30.89,30.89,100,3315.0,0.0,-0.92,-0.29,0.0
2026-03-26,CAN,0.45,0.42,0.46,0.41,14170800,6069030.0,10.69,-6.79,-0.03,2.14
2026-03-26,CANC,35.76,35.72,36.02,35.55,5900,211962.0,1.31,-0.12,-0.04,0.0
2026-03-26,CANE,10.57,10.63,10.69,10.57,567400,6035276.0,1.2,1.63,0.17,0.0
2026-03-26,CANF,3.23,3.29,3.39,3.2,24000,79058.0,5.76,1.86,0.06,1.12
2026-03-26,CANG,0.4,0.38,0.43,0.37,1346000,525531.0,12.11,-12.32,-0.05,0.38
2026-03-26,CANQ,27.64,27.71,27.96,27.64,1600,45455.0,1.14,-1.21,-0.34,0.0
2026-03-26,CAOS,90.49,90.55,90.71,90.49,24900,2263751.0,0.24,0.1,0.09,0.0
2026-03-26,CAPE,30.9,30.58,30.95,30.56,19000,585533.0,1.26,-1.2,-0.37,0.0
2026-03-26,CAPL,21.75,21.65,21.79,21.58,20900,455417.0,0.99,-0.09,-0.02,0.06
2026-03-26,CAPN,10.89,10.88,10.89,10.88,300,3353.0,0.09,-0.37,-0.04,0.01
2026-03-26,CAPR,29.44,29.95,30.25,29.09,696200,20764484.0,3.85,0.17,0.05,1.21
2026-03-26,CAPS,0.7,0.66,0.7,0.63,62400,41019.0,9.3,-5.49,-0.04,0.69
2026-03-26,CAPT,0.51,0.58,0.62,0.47,1939300,1063801.0,29.57,13.65,0.07,5.29
2026-03-26,CAPTW,0.06,0.06,0.06,0.05,45300,2704.0,21.57,68.07,0.02,0.0
2026-03-26,CAQUU,9.92,9.94,9.94,9.92,11600,115310.0,0.2,0.2,0.02,0.06
2026-03-26,CAR,123.0,139.58,146.33,121.61,3505800,490674496.0,20.01,12.97,16.02,9.94
2026-03-26,CARD,3.48,3.51,3.53,3.39,10800,37884.0,4.13,3.43,0.12,0.0
2026-03-26,CARE,20.27,21.94,22.75,20.26,763400,16759126.0,12.2,7.5,1.53,3.44
2026-03-26,CARG,35.26,35.66,36.4,35.2,1144700,41009312.0,3.39,0.59,0.21,1.2
2026-03-26,CARK,39.57,39.57,39.57,39.57,0,522.0,0.0,-3.05,-1.24,0.0
2026-03-26,CARL,9.9,9.86,10.38,9.8,49100,492371.0,5.74,-2.38,-0.24,0.18
2026-03-26,CARR,58.71,54.67,59.25,54.58,11988800,669065920.0,7.87,-7.73,-4.58,1.44
2026-03-26,CARS,8.34,8.17,8.52,8.07,1565500,12856401.0,5.44,-1.21,-0.1,2.67
2026-03-26,CART,36.23,36.29,36.65,35.97,1963400,71506568.0,1.9,-0.22,-0.08,0.82
2026-03-26,CARU,20.61,20.61,20.61,20.61,200,4746.0,0.0,-3.45,-0.74,0.0
2026-03-26,CARY,20.89,20.8,20.89,20.78,149100,3104854.0,0.53,-0.22,-0.05,0.0
2026-03-26,CARZ,80.7,79.69,80.7,79.27,6100,493094.0,1.73,-3.48,-2.87,0.0
2026-03-26,CAS,24.2,24.07,24.28,24.07,1600,39457.0,0.84,-2.76,-0.68,0.0
2026-03-26,CASH,88.3,88.82,88.83,87.85,165600,14648428.0,1.11,0.2,0.18,0.76
2026-03-26,CASS,43.7,43.91,44.07,42.54,99000,4330590.0,3.48,-0.07,-0.03,0.77
2026-03-26,CAST,4.5,4.48,4.9,4.23,147900,662475.0,14.92,-0.22,-0.01,0.36
2026-03-26,CASY,709.05,711.81,720.43,704.49,453300,322248736.0,2.23,-0.34,-2.42,1.23
2026-03-26,CAT,710.07,703.19,717.97,696.43,2428600,1712651776.0,3.0,-2.2,-15.85,0.52
2026-03-26,CATF,49.56,49.53,49.61,49.5,2400,120874.0,0.22,-0.16,-0.08,0.0
2026-03-26,CATH,78.34,77.57,78.75,77.57,27800,2174883.0,1.49,-1.75,-1.39,0.0
2026-03-26,CATO,2.75,2.66,2.78,2.65,46400,125333.0,4.73,-3.27,-0.09,0.24
2026-03-26,CATX,4.45,4.22,4.6,4.15,765900,3299415.0,9.96,-6.64,-0.3,0.67
2026-03-26,CATY,48.95,49.6,49.72,48.95,306900,15201976.0,1.56,0.2,0.1,0.46
2026-03-26,CAVA,80.93,78.9,82.87,78.73,2872700,231569504.0,5.16,-1.73,-1.39,2.47
2026-03-26,CB,323.65,324.31,326.19,323.42,1538600,499196448.0,0.86,0.34,1.1,0.39
2026-03-26,CBAN,19.54,19.65,19.74,19.48,124300,2437891.0,1.32,-0.15,-0.03,0.59
2026-03-26,CBAT,0.82,0.8,0.83,0.8,61800,50424.0,3.59,-3.25,-0.03,0.07
2026-03-26,CBC,23.56,23.93,23.94,23.56,590400,13337611.0,1.6,0.89,0.21,0.25
2026-03-26,CBFV,33.46,33.46,33.46,33.46,1400,49481.0,0.0,-0.62,-0.21,0.03
2026-03-26,CBIO,11.54,13.5,13.77,11.41,449200,5757216.0,19.99,14.6,1.72,1.63
2026-03-26,CBK,25.58,25.9,26.19,24.97,32800,848384.0,4.76,0.66,0.17,
2026-03-26,CBL,37.39,37.82,37.98,37.3,101000,3807344.0,1.82,1.1,0.41,0.33
2026-03-26,CBLL,18.7,18.4,19.05,18.39,300900,5580126.0,3.52,-1.97,-0.37,0.8
2026-03-26,CBLS,29.51,29.33,29.51,29.33,500,17516.0,0.61,-1.87,-0.56,0.0
2026-03-26,CBNA,35.6,35.17,35.6,35.17,1500,55633.0,1.22,-0.59,-0.21,0.02
2026-03-26,CBNK,28.9,29.31,29.56,28.9,190300,5571050.0,2.27,0.72,0.21,1.16
2026-03-26,CBOA,24.25,24.25,24.25,24.25,0,72.0,0.0,-0.21,-0.05,0.0
2026-03-26,CBOE,280.39,279.79,281.95,278.19,824300,230884688.0,1.36,0.99,2.75,0.79
2026-03-26,CBOJ,23.79,23.73,23.79,23.72,500,12576.0,0.28,-0.27,-0.07,0.0
2026-03-26,CBOL,23.41,23.41,23.41,23.41,0,46.0,0.0,-0.19,-0.04,0.0
2026-03-26,CBON,23.32,23.22,23.32,23.22,2700,64770.0,0.43,-0.15,-0.03,0.0
2026-03-26,CBOO,24.36,24.36,24.36,24.36,0,1291.0,0.0,-0.09,-0.02,0.0
2026-03-26,CBOY,24.34,24.34,24.34,24.34,200,6815.0,0.0,-0.08,-0.02,0.0
2026-03-26,CBRE,134.06,134.81,136.6,132.84,1815300,244626656.0,2.79,0.04,0.06,0.62
2026-03-26,CBRL,27.76,27.8,28.31,27.38,686100,19027372.0,3.33,-0.36,-0.1,3.07
2026-03-26,CBSE,41.09,40.4,41.09,40.4,1200,52594.0,1.67,-3.04,-1.27,0.0
2026-03-26,CBSH,48.37,48.99,49.04,48.37,767100,37480808.0,1.38,0.93,0.45,0.52
2026-03-26,CBT,72.61,73.86,73.93,72.39,313800,23071336.0,2.12,1.54,1.12,0.6
2026-03-26,CBTA,21.62,21.73,21.73,21.62,300,7610.0,0.48,-2.97,-0.66,0.0
2026-03-26,CBTJ,19.03,18.98,19.08,18.94,4300,82597.0,0.73,-1.26,-0.24,0.0
2026-03-26,CBTL,18.19,18.2,18.24,18.19,4300,79336.0,0.26,-1.24,-0.23,0.0
2026-03-26,CBTO,20.08,20.12,20.14,20.08,6000,122153.0,0.3,-0.49,-0.1,0.0
2026-03-26,CBTY,19.88,19.85,19.89,19.85,4600,93324.0,0.2,-0.5,-0.1,0.0
2026-03-26,CBU,57.26,57.91,58.21,57.24,176200,10189344.0,1.68,0.52,0.3,0.33
2026-03-26,CBUS,2.3,2.13,2.3,1.96,2660700,5655922.0,11.85,-25.78,-0.74,3.85
2026-03-26,CBXA,22.39,22.24,22.39,22.24,400,9112.0,0.64,-1.75,-0.4,0.0
2026-03-26,CBXJ,20.8,20.8,20.8,20.8,0,83.0,0.0,-0.86,-0.18,0.0
2026-03-26,CBXL,20.34,20.27,20.35,20.27,2300,48353.0,0.39,-0.65,-0.13,0.0
2026-03-26,CBXO,22.14,22.14,22.14,22.14,0,376.0,0.0,-0.23,-0.05,0.0
2026-03-26,CBXY,21.98,22.01,22.03,21.98,1200,28055.0,0.23,-0.25,-0.06,0.0
2026-03-26,CBZ,25.27,26.88,26.89,25.27,1214600,32159204.0,6.33,5.04,1.29,2.21
2026-03-26,CC,20.39,21.58,21.69,20.26,4020900,85628080.0,6.88,3.9,0.81,2.68
2026-03-26,CCAP,12.75,12.61,13.01,12.55,164800,2095241.0,3.59,-1.71,-0.22,0.45
2026-03-26,CCB,75.02,74.86,76.19,74.29,92700,6967527.0,2.49,-1.69,-1.29,0.61
2026-03-26,CCBG,42.69,43.37,43.42,42.27,77000,3328452.0,2.68,1.02,0.44,0.45
2026-03-26,CCC,5.97,6.0,6.19,5.94,8349000,50312936.0,4.19,0.5,0.03,1.38
2026-03-26,CCCC,2.61,2.62,2.8,2.61,1638700,4399376.0,7.21,-2.6,-0.07,1.68
2026-03-26,CCD,21.6,21.21,21.87,21.13,101500,2180131.0,3.4,-2.48,-0.54,0.0
2026-03-26,CCEC,19.89,19.69,20.0,19.69,2900,58142.0,1.54,-1.94,-0.39,0.0
2026-03-26,CCEF,28.26,27.9,28.26,27.9,3800,108266.0,1.27,-1.45,-0.41,0.0
2026-03-26,CCEL,2.93,3.25,3.25,2.93,19800,61629.0,10.77,9.43,0.28,0.25
2026-03-26,CCEP,92.93,92.79,94.58,92.61,2093200,195163968.0,2.11,-0.47,-0.44,0.47
2026-03-26,CCFE,26.63,26.03,27.81,26.03,9600,257040.0,6.7,-1.94,-0.51,0.0
2026-03-26,CCG,0.79,0.75,0.79,0.75,66600,51082.0,5.75,-4.8,-0.04,0.08
2026-03-26,CCHH,0.64,0.62,0.68,0.62,58600,36776.0,9.35,-3.19,-0.02,0.27
2026-03-26,CCI,76.68,77.97,78.01,76.01,2962200,229766272.0,2.6,1.31,1.01,0.68
2026-03-26,CCID,25.07,25.1,25.1,25.01,6300,160019.0,0.36,0.04,0.01,0.0
2026-03-26,CCIF,3.14,3.19,3.23,3.1,112400,357985.0,4.17,2.24,0.07,0.0
2026-03-26,CCII,10.29,10.29,10.29,10.26,17600,181009.0,0.29,0.29,0.03,0.05
2026-03-26,CCIX,10.69,10.69,10.69,10.69,300,3861.0,0.0,0.0,0.0,0.0
2026-03-26,CCIXW,0.62,0.62,0.62,0.62,400,261.0,0.0,19.18,0.1,0.0
2026-03-26,CCJ,107.52,104.67,108.6,104.29,2541300,268653952.0,3.95,-3.99,-4.35,0.58
2026-03-26,CCK,102.49,101.69,103.62,101.49,460300,46943436.0,2.06,-1.47,-1.52,0.41
2026-03-26,CCL,25.39,25.28,25.88,25.16,22463400,570893568.0,2.8,-1.75,-0.45,1.81
2026-03-26,CCLD,3.7,3.81,3.81,3.64,746700,2803444.0,4.57,2.42,0.09,1.76
2026-03-26,CCLDO,26.11,26.11,26.3,26.1,3300,86678.0,0.76,-0.72,-0.19,0.0
2026-03-26,CCM,3.65,3.65,3.65,3.65,0,132.0,0.0,0.0,0.0,0.0
2026-03-26,CCNE,28.32,28.56,28.75,28.32,264000,7548554.0,1.51,0.14,0.04,0.89
2026-03-26,CCNEP,25.22,25.22,25.22,25.22,300,8072.0,0.0,0.0,0.0,0.01
2026-03-26,CCNR,39.3,39.13,39.61,39.13,1600,66765.0,1.22,-1.23,-0.49,0.0
2026-03-26,CCO,2.38,2.37,2.38,2.37,11953600,28356728.0,0.42,-0.42,-0.01,2.4
2026-03-26,CCOI,18.07,17.92,18.59,17.58,922500,16551354.0,5.51,-2.29,-0.42,1.84
2026-03-26,CCOM,24.84,24.84,24.84,24.84,0,224.0,0.0,-0.74,-0.19,0.0
2026-03-26,CCOR,25.76,25.78,25.78,25.76,800,22651.0,0.07,0.06,0.02,0.0
2026-03-26,CCRN,9.7,9.73,10.11,9.67,287900,2819067.0,4.49,-0.61,-0.06,0.89
2026-03-26,CCRP,19.62,19.62,19.62,19.62,0,98.0,0.0,-0.71,-0.14,0.0
2026-03-26,CCS,56.98,57.33,58.1,56.67,160300,9174625.0,2.49,-0.23,-0.13,0.55
2026-03-26,CCSB,19.91,19.92,19.92,19.91,200,4863.0,0.03,-0.38,-0.07,0.0
2026-03-26,CCSI,24.32,25.06,25.33,24.32,97200,2435891.0,4.11,1.42,0.35,0.52
2026-03-26,CCSO,25.77,25.2,25.77,25.2,1300,34608.0,2.18,-3.01,-0.78,0.0
2026-03-26,CCTG,0.45,0.42,0.48,0.41,37100,16398.0,14.58,-5.15,-0.02,0.95
2026-03-26,CCU,10.93,10.76,10.97,10.71,217400,2350272.0,2.36,-2.27,-0.25,0.12
2026-03-26,CCUP,5.28,4.95,5.5,4.86,2329000,11641053.0,11.52,-10.97,-0.61,0.0
2026-03-26,CCXI,10.17,10.17,10.17,10.17,100,1657.0,0.0,0.0,0.0,0.0
2026-03-26,CCXIU,10.25,10.25,10.25,10.25,0,465.0,0.0,0.0,0.0,0.0
2026-03-26,CCXIW,0.82,0.82,0.82,0.82,100,147.0,0.0,2.5,0.02,0.0
2026-03-26,CCZ,63.04,63.04,63.04,63.04,100,6779.0,0.0,0.0,0.0,0.0
2026-03-26,CD,4.01,3.93,4.31,3.66,55700,219581.0,15.89,-3.91,-0.16,0.07
2026-03-26,CDC,70.44,70.82,71.23,70.44,8600,613530.0,1.12,0.27,0.19,0.0
2026-03-26,CDE,17.18,16.17,17.5,16.12,47576600,788073088.0,7.76,-9.36,-1.67,7.41
2026-03-26,CDEI,77.15,77.05,77.15,77.05,500,42480.0,0.12,-1.66,-1.3,0.0
2026-03-26,CDIG,24.98,24.77,24.98,24.72,10200,254008.0,1.06,-0.91,-0.23,0.0
2026-03-26,CDIO,2.0,1.88,2.07,1.87,232600,451804.0,9.86,-9.18,-0.19,7.86
2026-03-26,CDIOW,0.02,0.02,0.02,0.02,2000,36.0,0.0,0.0,0.0,0.0
2026-03-26,CDL,73.42,73.89,74.28,73.42,5200,391534.0,1.17,0.27,0.2,0.0
2026-03-26,CDLR,23.02,22.49,23.16,22.44,153200,3494081.0,2.98,-6.91,-1.67,0.17
2026-03-26,CDLX,1.12,1.01,1.13,0.99,2208800,2288548.0,13.2,-4.72,-0.05,4.01
2026-03-26,CDNA,17.97,17.47,18.28,17.32,784100,13806894.0,5.31,-3.37,-0.61,1.53
2026-03-26,CDNL,35.8,36.1,36.75,35.38,258200,9341473.0,3.75,-1.66,-0.61,0.6
2026-03-26,CDNS,278.0,280.62,284.16,278.0,2002300,563322176.0,2.19,-0.27,-0.77,0.73
2026-03-26,CDP,31.34,31.32,31.73,31.04,541400,17000926.0,2.18,-0.32,-0.1,0.48
2026-03-26,CDRE,31.77,30.65,31.89,30.63,277800,8645693.0,3.91,-4.87,-1.57,0.65
2026-03-26,CDRO,8.45,8.51,8.6,8.34,27000,230351.0,3.09,-0.7,-0.06,0.06
2026-03-26,CDROW,0.72,0.72,0.72,0.61,4300,3040.0,15.64,2.6,0.02,0.0
2026-03-26,CDT,0.43,0.39,0.43,0.39,81800,34206.0,9.51,-9.6,-0.04,1.85
2026-03-26,CDTG,0.37,0.34,0.38,0.29,706700,284122.0,20.43,-24.1,-0.11,5.23
2026-03-26,CDTTW,0.01,0.01,0.01,0.01,8600,60.0,10.29,10.29,0.0,0.0
2026-03-26,CDW,121.3,121.18,122.73,120.49,1491700,181184480.0,1.85,-0.1,-0.12,1.16
2026-03-26,CDX,21.42,21.19,21.42,21.19,256800,5466665.0,1.07,-1.75,-0.38,0.0
2026-03-26,CDXS,1.71,1.66,1.75,1.63,732000,1232628.0,6.29,-5.14,-0.09,0.81
2026-03-26,CDZI,5.07,5.06,5.25,4.99,709900,3603873.0,5.01,-0.59,-0.03,0.85
2026-03-26,CDZIP,19.59,19.61,19.61,19.59,5700,112799.0,0.1,0.31,0.06,0.25
2026-03-26,CE,62.17,61.54,63.04,61.35,1868100,115643440.0,2.71,-1.79,-1.12,1.7
2026-03-26,CECO,61.13,61.09,61.49,60.01,527500,32117348.0,2.38,-1.59,-0.99,
2026-03-26,CEE,17.67,17.55,17.84,17.09,38500,670487.0,4.27,-0.79,-0.14,0.0
2026-03-26,CEF,44.35,43.36,44.85,43.31,1195600,52497452.0,3.37,-5.18,-2.37,0.63
2026-03-26,CEFA,36.57,36.18,36.8,36.18,26200,964349.0,1.68,-2.0,-0.74,0.0
2026-03-26,CEFD,17.45,17.31,17.46,17.31,1500,27632.0,0.84,-2.59,-0.46,0.0
2026-03-26,CEFS,22.5,22.55,22.75,22.5,77600,1759606.0,1.1,-0.75,-0.17,0.0
2026-03-26,CEFZ,7.97,7.91,7.99,7.9,29100,231819.0,1.13,-0.69,-0.06,0.0
2026-03-26,CEG,301.0,295.19,303.0,285.67,3129100,920225408.0,5.71,-2.68,-8.13,0.86
2026-03-26,CEGX,18.12,17.77,18.68,16.74,60600,981723.0,10.32,-5.73,-1.08,0.0
2026-03-26,CELC,109.25,114.81,118.97,107.85,1360500,156455920.0,10.09,4.16,4.59,2.81
2026-03-26,CELH,35.64,35.59,36.35,35.2,5553000,197744272.0,3.2,-0.95,-0.34,2.16
2026-03-26,CELU,1.23,1.2,1.23,1.15,45100,53698.0,6.2,-0.83,-0.01,0.16
2026-03-26,CELZ,1.88,1.98,2.02,1.85,35100,68387.0,9.36,5.88,0.11,
2026-03-26,CEMB,45.17,45.08,45.28,45.03,42200,1908303.0,0.55,-0.54,-0.24,0.0
2026-03-26,CENN,0.11,0.12,0.12,0.11,776500,90982.0,6.23,3.6,0.0,0.88
2026-03-26,CENT,37.33,37.33,37.86,37.07,111800,4173777.0,2.1,-0.67,-0.25,0.99
2026-03-26,CENTA,32.68,32.86,33.17,32.58,261200,8577175.0,1.78,-0.03,-0.01,0.51
2026-03-26,CENX,48.87,48.4,49.93,48.14,1483400,72161256.0,3.57,-3.57,-1.79,1.5
2026-03-26,CEPF,10.22,10.21,10.22,10.21,5400,55598.0,0.1,0.1,0.01,0.01
2026-03-26,CEPI,29.91,29.07,29.92,28.99,32800,967617.0,3.09,-3.5,-1.06,0.0
2026-03-26,CEPO,10.5,10.51,10.51,10.49,8500,89567.0,0.19,0.1,0.01,0.03
2026-03-26,CEPS,10.1,10.1,10.12,10.08,155800,1574576.0,0.4,0.15,0.02,1.06
2026-03-26,CEPT,11.05,10.95,11.1,10.91,355300,3888671.0,1.72,-0.9,-0.1,1.16
2026-03-26,CEPU,15.49,15.05,15.96,14.96,481800,7377032.0,6.34,-4.57,-0.72,0.32
2026-03-26,CEPV,10.1,10.09,10.11,10.09,36900,373016.0,0.2,-0.2,-0.02,0.12
2026-03-26,CERS,1.81,1.83,1.91,1.79,870300,1601878.0,6.14,-0.54,-0.01,
2026-03-26,CERT,6.14,6.14,6.3,6.09,3959800,24431278.0,3.36,0.66,0.04,2.49
2026-03-26,CERY,34.68,34.64,34.86,34.63,87600,3043941.0,0.67,0.61,0.21,0.0
2026-03-26,CET,50.01,49.06,50.49,49.06,67900,3378843.0,2.85,-2.19,-1.1,0.0
2026-03-26,CETX,0.64,0.55,0.65,0.55,403800,243616.0,15.4,-14.05,-0.09,4.01
2026-03-26,CETY,0.82,0.76,0.83,0.76,72400,56982.0,8.22,-8.4,-0.07,0.8
2026-03-26,CEV,10.13,9.96,10.13,9.96,18400,184744.0,1.68,-1.68,-0.17,0.0
2026-03-26,CEVA,19.25,18.82,19.48,18.78,224400,4259822.0,3.6,-3.09,-0.6,0.81
2026-03-26,CEW,18.94,18.9,18.94,18.9,1600,30417.0,0.21,-0.5,-0.09,0.0
2026-03-26,CF,130.12,132.56,132.81,129.53,3937700,519039584.0,2.56,3.47,4.45,2.56
2026-03-26,CFA,91.46,91.08,91.96,91.07,5700,529169.0,0.97,-0.79,-0.73,0.0
2026-03-26,CFBK,27.97,28.01,28.18,27.9,12500,351046.0,0.99,-0.92,-0.26,0.19
2026-03-26,CFFI,73.33,73.77,73.77,72.48,3400,253457.0,1.77,1.05,0.77,0.11
2026-03-26,CFFN,7.09,7.1,7.14,7.08,655400,4655710.0,0.77,-0.42,-0.03,0.5
2026-03-26,CFG,58.81,58.56,59.36,58.33,3581800,210206656.0,1.73,-1.45,-0.86,0.84
2026-03-26,CFIT,24.85,24.77,24.85,24.77,100,4691.0,0.34,-0.76,-0.19,0.0
2026-03-26,CFND,3.92,3.89,3.98,3.81,18400,67356.0,4.24,-2.99,-0.12,0.22
2026-03-26,CFO,74.42,73.78,74.64,73.78,7600,569629.0,1.16,-0.84,-0.63,0.0
2026-03-26,CFR,135.65,136.38,136.55,134.53,294400,40048332.0,1.49,0.78,1.05,0.47
2026-03-26,CG,46.48,46.77,47.67,46.28,1829900,85732312.0,2.96,-0.51,-0.24,
2026-03-26,CGABL,17.3,17.2,17.49,17.03,36500,630392.0,2.66,-0.58,-0.1,0.0
2026-03-26,CGAU,16.11,16.29,17.01,16.11,1940000,32075526.0,5.34,-3.84,-0.65,0.97
2026-03-26,CGBD,11.25,11.2,11.44,11.17,629000,7098608.0,2.38,-0.8,-0.09,0.89
2026-03-26,CGBL,34.43,34.15,34.58,34.13,1102200,37852296.0,1.28,-1.56,-0.54,0.0
2026-03-26,CGC,0.97,0.92,1.0,0.92,4275200,4056064.0,8.2,-5.44,-0.05,1.13
2026-03-26,CGCB,26.23,26.14,26.28,26.14,965400,25295306.0,0.53,-0.68,-0.18,0.0
2026-03-26,CGCP,22.32,22.24,22.35,22.24,1849900,41239820.0,0.49,-0.67,-0.15,0.0
2026-03-26,CGCT,10.24,10.23,10.24,10.23,19300,198433.0,0.15,-0.2,-0.02,0.06
2026-03-26,CGCTW,0.74,0.74,0.74,0.74,0,49.0,0.0,0.0,0.0,0.0
2026-03-26,CGCV,29.97,29.73,30.07,29.7,153500,4586779.0,1.21,-1.26,-0.38,0.0
2026-03-26,CGDG,35.56,35.38,35.78,35.35,557600,19828152.0,1.19,-1.12,-0.4,0.0
2026-03-26,CGDV,42.95,42.35,43.07,42.31,4405200,187908560.0,1.75,-2.04,-0.88,0.0
2026-03-26,CGEM,13.88,13.67,14.29,13.61,659800,9131816.0,4.8,-2.77,-0.39,1.09
2026-03-26,CGEN,2.02,2.06,2.12,2.02,128300,265979.0,4.85,0.0,0.0,0.14
2026-03-26,CGGE,30.4,30.05,30.55,30.03,1368700,41466332.0,1.69,-2.24,-0.69,0.0
2026-03-26,CGGG,25.49,25.12,25.58,25.12,10200,258289.0,1.79,-2.45,-0.63,0.0
2026-03-26,CGGO,33.54,33.01,33.69,32.99,1334400,44337624.0,2.05,-3.14,-1.07,0.0
2026-03-26,CGGR,40.52,39.89,40.74,39.86,3310300,132989312.0,2.14,-2.54,-1.04,0.0
2026-03-26,CGHM,25.3,25.25,25.3,25.24,338000,8542670.0,0.24,-0.28,-0.07,0.0
2026-03-26,CGHY,25.06,24.95,25.07,24.95,9200,231423.0,0.48,-0.61,-0.15,0.0
2026-03-26,CGIB,25.15,25.12,25.18,25.1,149700,3765066.0,0.32,-0.4,-0.1,0.0
2026-03-26,CGIC,32.7,32.33,32.9,32.33,448800,14623465.0,1.72,-2.5,-0.83,0.0
2026-03-26,CGIE,33.29,32.97,33.55,32.97,383100,12732843.0,1.72,-2.43,-0.82,0.0
2026-03-26,CGMM,29.54,29.25,29.83,29.22,1336700,39494744.0,2.06,-1.86,-0.56,0.0
2026-03-26,CGMS,27.21,27.11,27.24,27.1,991300,26930918.0,0.49,-0.7,-0.19,0.0
2026-03-26,CGMU,27.19,27.15,27.2,27.14,1217500,33081112.0,0.22,-0.22,-0.06,
2026-03-26,CGNG,31.36,30.86,31.48,30.86,540800,16862150.0,1.94,-3.35,-1.07,0.0
2026-03-26,CGNT,8.4,8.07,8.59,7.97,544300,4450340.0,7.34,-4.5,-0.38,0.75
2026-03-26,CGNX,50.76,49.33,51.38,49.2,1680700,83791568.0,4.22,-4.42,-2.28,1.01
2026-03-26,CGO,11.22,11.08,11.3,11.05,18900,211873.0,2.21,-1.86,-0.21,0.0
2026-03-26,CGON,65.67,66.67,67.9,64.94,824700,54869476.0,4.49,1.31,0.86,0.98
2026-03-26,CGRO,23.29,23.13,23.29,23.13,100,2537.0,0.69,-2.95,-0.7,0.0
2026-03-26,CGSD,25.81,25.77,25.83,25.77,406100,10481252.0,0.23,-0.23,-0.06,0.0
2026-03-26,CGSM,26.32,26.3,26.34,26.29,337500,8882813.0,0.19,-0.08,-0.02,0.0
2026-03-26,CGTL,1.13,1.1,1.15,1.09,97000,107979.0,5.08,-6.78,-0.08,0.38
2026-03-26,CGTX,1.12,1.08,1.2,1.07,1803900,2020745.0,11.71,-2.7,-0.03,2.02
2026-03-26,CGUI,25.32,25.31,25.33,25.3,78600,1990098.0,0.1,-0.12,-0.03,0.0
2026-03-26,CGUS,38.69,38.16,38.81,38.15,1476400,56831556.0,1.71,-2.1,-0.82,0.0
2026-03-26,CGV,15.3,15.15,15.34,15.13,17300,262928.0,1.36,-1.52,-0.23,0.0
2026-03-26,CGVV,27.08,26.68,27.12,26.68,21300,574012.0,1.63,-1.84,-0.5,0.0
2026-03-26,CGW,63.17,62.96,63.9,62.91,35300,2237566.0,1.56,-0.95,-0.61,0.0
2026-03-26,CGXU,29.16,28.72,29.35,28.7,938500,27243966.0,2.19,-3.4,-1.01,0.0
2026-03-26,CHA,10.02,9.88,10.27,9.88,363800,3642967.0,3.85,-2.37,-0.24,0.19
2026-03-26,CHAC,9.88,9.72,10.69,9.2,636700,6128702.0,16.63,8.48,0.76,2.12
2026-03-26,CHACR,0.92,0.95,1.0,0.88,2672200,2504713.0,14.75,17.28,0.14,0.0
2026-03-26,CHACU,10.3,10.75,11.33,10.3,1300,14845.0,8.63,-9.97,-1.19,0.01
2026-03-26,CHAI,1.17,1.13,1.28,1.1,46400,53687.0,15.25,-4.24,-0.05,0.23
2026-03-26,CHAT,63.3,61.4,63.39,61.33,315700,19627234.0,3.17,-5.55,-3.61,0.0
2026-03-26,CHAU,19.67,19.4,19.81,19.4,107200,2101398.0,2.01,-4.72,-0.96,0.0
2026-03-26,CHCI,16.2,16.58,16.9,16.2,17900,297600.0,4.22,0.61,0.1,0.18
2026-03-26,CHCO,119.87,121.36,121.85,119.11,180000,21748526.0,2.29,1.64,1.96,1.25
2026-03-26,CHCT,15.76,15.99,16.09,15.68,184900,2951311.0,2.59,1.2,0.19,0.65
2026-03-26,CHD,94.25,93.22,94.71,93.13,1837300,171926496.0,1.67,-1.23,-1.16,0.78
2026-03-26,CHDN,86.97,87.57,89.61,86.43,637300,56148520.0,3.65,0.42,0.37,0.91
2026-03-26,CHE,373.66,371.95,379.21,370.23,294600,110085416.0,2.4,-0.55,-2.07,2.14
2026-03-26,CHEC,10.04,10.04,10.04,10.04,0,80.0,0.0,0.0,0.0,
2026-03-26,CHEF,60.76,60.46,61.98,60.12,422200,25646684.0,3.06,-0.62,-0.38,1.04
2026-03-26,CHGG,0.6,0.62,0.63,0.59,1251300,771398.0,6.39,4.58,0.03,1.12
2026-03-26,CHGX,26.93,26.6,27.08,26.59,15400,413631.0,1.81,-1.7,-0.46,0.0
2026-03-26,CHH,99.99,101.54,102.19,99.25,706500,71470664.0,2.96,2.17,2.16,1.54
2026-03-26,CHI,11.07,10.95,11.15,10.86,154100,1689600.0,2.64,-1.79,-0.2,0.0
2026-03-26,CHIQ,19.62,19.49,19.95,19.47,1015800,19880888.0,2.4,-2.65,-0.53,0.0
2026-03-26,CHKP,141.24,142.82,144.62,140.5,802300,114469072.0,2.89,0.29,0.41,0.75
2026-03-26,CHMG,53.3,54.5,54.8,53.3,3400,188928.0,2.81,2.25,1.2,0.07
2026-03-26,CHMI,2.74,2.74,2.78,2.71,185800,512284.0,2.55,0.0,0.0,0.51
2026-03-26,CHNR,5.15,5.02,5.34,4.91,56100,286063.0,7.97,-6.69,-0.36,4.47
2026-03-26,CHOW,0.42,0.4,0.42,0.39,83900,33516.0,6.29,-3.66,-0.01,0.24
2026-03-26,CHPS,54.51,53.02,54.55,52.91,16200,875402.0,2.94,-4.84,-2.7,0.0
2026-03-26,CHPT,5.33,5.18,5.5,5.17,366900,1946236.0,6.17,-3.18,-0.17,1.53
2026-03-26,CHPX,59.68,57.81,59.77,57.81,19500,1154173.0,3.24,-4.76,-2.89,0.0
2026-03-26,CHPY,56.37,55.28,56.65,55.24,345300,19134470.0,2.47,-3.54,-2.03,0.0
2026-03-26,CHR,0.9,0.84,0.93,0.81,81200,69370.0,13.55,-6.97,-0.06,1.57
2026-03-26,CHRD,139.99,143.95,144.42,139.96,1052800,150779536.0,3.22,4.12,5.69,1.86
2026-03-26,CHRI,76.81,76.81,76.81,76.81,0,3179.0,0.0,-1.71,-1.34,0.0
2026-03-26,CHRS,1.74,1.66,1.78,1.66,692700,1173613.0,6.78,-6.21,-0.11,0.46
2026-03-26,CHRW,168.33,167.66,171.01,167.58,1014300,170822352.0,2.02,-1.23,-2.08,0.86
2026-03-26,CHSCL,25.4,25.31,25.44,25.31,30700,779234.0,0.5,-0.39,-0.1,0.0
2026-03-26,CHSCM,24.57,24.2,24.81,24.2,32200,788326.0,2.48,-1.63,-0.4,0.0
2026-03-26,CHSCN,25.0,24.68,25.12,24.68,43700,1090598.0,1.75,-1.28,-0.32,0.0
2026-03-26,CHSCO,25.92,25.91,26.15,25.91,11900,309831.0,0.92,-0.31,-0.08,0.0
2026-03-26,CHSCP,27.87,27.76,27.96,27.6,22800,633932.0,1.3,0.22,0.06,0.0
2026-03-26,CHSN,2.88,2.84,2.94,2.79,8400,24280.0,5.38,1.43,0.04,0.02
2026-03-26,CHT,42.46,42.55,42.87,42.1,189500,8052291.0,1.81,0.05,0.02,0.02
2026-03-26,CHTR,218.7,218.51,221.76,215.3,1259600,275193088.0,2.95,-0.18,-0.4,0.89
2026-03-26,CHW,7.33,7.22,7.33,7.21,271200,1973188.0,1.62,-2.3,-0.17,0.0
2026-03-26,CHWY,26.69,27.01,27.4,26.43,11627600,315220800.0,3.65,1.66,0.44,2.79
2026-03-26,CHY,11.45,11.13,11.49,11.12,187300,2114178.0,3.22,-3.26,-0.38,0.0
2026-03-26,CHYM,17.64,17.75,18.75,17.5,4297000,76704960.0,7.06,0.28,0.05,1.12
2026-03-26,CI,269.85,272.08,273.11,269.85,1676900,455826720.0,1.21,0.64,1.72,0.64
2026-03-26,CIA,4.5,4.55,4.59,4.47,65600,298527.0,2.62,-0.66,-0.03,0.13
2026-03-26,CIB,72.14,70.76,72.84,70.56,392300,27948584.0,3.13,-3.0,-2.19,0.16
2026-03-26,CIBR,62.84,63.14,64.24,62.73,929300,59049872.0,2.38,-0.36,-0.23,0.0
2026-03-26,CICB,24.84,24.77,24.84,24.7,2800,70688.0,0.56,-0.68,-0.17,0.0
2026-03-26,CICC,24.95,24.95,24.95,24.85,2100,53160.0,0.4,-0.8,-0.2,0.0
2026-03-26,CIEN,428.47,387.99,428.73,387.4,3719800,1493700352.0,9.44,-11.36,-49.71,2.63
2026-03-26,CIF,1.59,1.6,1.64,1.59,62100,100831.0,2.98,-1.54,-0.02,
2026-03-26,CIFG,7.24,6.37,7.33,6.18,390600,2629555.0,14.5,-19.73,-1.57,0.0
2026-03-26,CIFR,15.4,14.35,15.48,14.1,23575400,344647424.0,8.69,-9.63,-1.53,5.82
2026-03-26,CIFU,18.12,15.38,18.12,14.71,340100,5444062.0,17.91,-19.22,-3.66,0.0
2026-03-26,CIG,2.37,2.36,2.41,2.35,7545500,17964386.0,2.31,-1.67,-0.04,0.4
2026-03-26,CIGI,101.29,98.5,104.02,98.47,578700,58029884.0,5.43,-3.69,-3.77,1.13
2026-03-26,CIGL,1.92,1.84,1.92,1.78,35700,65867.0,7.48,-1.6,-0.03,0.02
2026-03-26,CII,21.32,21.05,21.6,21.0,46900,996010.0,2.82,-1.77,-0.38,0.0
2026-03-26,CIIT,1.6,1.69,1.7,1.39,147300,231193.0,18.67,1.81,0.03,4.07
2026-03-26,CIK,2.54,2.48,2.55,2.48,320000,806712.0,2.75,-2.75,-0.07,0.0
2026-03-26,CIM,12.8,12.72,12.86,12.66,683600,8707835.0,1.52,-1.09,-0.14,0.82
2026-03-26,CIMN,24.9,24.66,24.9,24.66,14300,355998.0,0.97,-0.72,-0.18,0.0
2026-03-26,CIMO,24.77,24.87,24.92,24.77,3400,86151.0,0.6,-0.28,-0.07,0.0
2026-03-26,CIMP,24.53,24.46,24.53,24.46,9200,227318.0,0.29,-0.16,-0.04,0.0
2026-03-26,CINF,155.18,157.55,157.59,155.18,485300,76185904.0,1.55,1.35,2.1,0.31
2026-03-26,CING,6.3,6.28,6.61,6.14,303900,1920753.0,7.39,-1.26,-0.08,2.61
2026-03-26,CINGW,0.03,0.03,0.03,0.03,1000,33.0,0.0,-9.97,-0.0,0.0
2026-03-26,CINT,4.79,4.83,5.0,4.63,101100,495776.0,7.64,-0.21,-0.01,0.08
2026-03-26,CION,7.06,6.99,7.27,6.99,571800,4068547.0,3.94,-1.69,-0.12,1.13
2026-03-26,CISO,0.37,0.35,0.39,0.34,232600,82730.0,12.89,-4.52,-0.02,0.53
2026-03-26,CISS,0.85,0.82,0.89,0.81,99400,84519.0,9.11,-4.06,-0.03,3.69
2026-03-26,CITR,10.12,9.14,10.15,9.04,25300,239372.0,11.11,-8.51,-0.85,0.13
2026-03-26,CIVB,22.26,22.58,22.58,22.17,44800,1007316.0,1.83,0.67,0.15,0.22
2026-03-26,CIX,22.7,23.05,23.19,22.7,2600,61887.0,2.15,1.32,0.3,0.02
2026-03-26,CJMB,1.82,1.81,1.83,1.68,54700,90642.0,8.24,-0.55,-0.01,1.19
2026-03-26,CKX,10.9,10.9,10.9,10.9,200,3166.0,0.0,4.31,0.45,0.01
2026-03-26,CL,85.62,84.14,86.21,84.02,4889700,413886112.0,2.57,-1.58,-1.35,0.61
2026-03-26,CLAR,2.74,2.71,2.78,2.69,110400,299460.0,3.07,-2.17,-0.06,0.29
2026-03-26,CLB,15.85,16.42,16.64,15.76,439500,7198485.0,5.55,3.6,0.57,0.95
2026-03-26,CLBK,17.26,17.34,17.42,17.26,163700,2840301.0,0.92,-0.23,-0.04,
2026-03-26,CLBT,13.99,13.79,14.52,13.68,1455900,20440634.0,5.93,-2.61,-0.37,0.58
2026-03-26,CLCG,24.44,24.18,24.49,24.18,2400,59885.0,1.23,-2.42,-0.6,0.0
2026-03-26,CLCV,26.63,26.45,26.67,26.45,1000,27896.0,0.8,-1.14,-0.31,0.0
2026-03-26,CLDI,0.29,0.28,0.3,0.28,177500,51028.0,5.42,-3.6,-0.01,1.71
2026-03-26,CLDT,7.86,7.95,8.05,7.86,218200,1735713.0,2.4,0.38,0.03,0.46
2026-03-26,CLDX,31.17,31.75,32.66,31.17,762700,24404826.0,4.7,0.22,0.07,1.15
2026-03-26,CLF,8.43,8.49,8.65,8.39,11047600,93563360.0,3.1,-0.59,-0.05,1.94
2026-03-26,CLFD,29.48,28.71,30.1,28.5,118400,3436936.0,5.41,-2.88,-0.85,0.87
2026-03-26,CLGN,0.66,0.66,0.85,0.62,103500,71192.0,31.17,-12.02,-0.09,0.72
2026-03-26,CLH,286.44,282.85,290.0,281.91,361800,102918864.0,2.81,-1.89,-5.44,0.68
2026-03-26,CLIK,2.06,1.78,2.06,1.76,13000,25146.0,15.15,-10.1,-0.2,0.4
2026-03-26,CLIM,23.51,23.51,23.51,23.51,0,70.0,0.0,-0.14,-0.03,0.0
2026-03-26,CLIP,100.31,100.31,100.32,100.31,209700,21045810.0,0.01,0.01,0.01,0.0
2026-03-26,CLIR,3.5,3.72,4.06,3.5,19400,71655.0,15.69,4.2,0.15,0.36
2026-03-26,CLIX,53.25,53.04,53.25,53.04,600,35405.0,0.39,-1.98,-1.07,0.0
2026-03-26,CLLS,3.25,3.19,3.33,3.19,15000,48874.0,4.15,-5.34,-0.18,0.02
2026-03-26,CLM,7.15,7.11,7.2,7.06,1828800,13022026.0,1.94,-1.25,-0.09,0.0
2026-03-26,CLMB,20.82,20.0,21.18,19.76,185000,3733227.0,6.82,-3.94,-0.82,1.0
2026-03-26,CLMT,29.86,30.79,31.41,29.37,1226300,37891532.0,6.8,2.67,0.8,1.41
2026-03-26,CLNE,2.28,2.35,2.38,2.28,1785200,4180052.0,4.55,1.73,0.04,0.81
2026-03-26,CLNK,16.36,16.12,16.8,16.01,44100,716121.0,4.65,-5.04,-0.86,0.0
2026-03-26,CLNN,5.42,5.39,5.66,5.29,70200,379577.0,6.68,-1.64,-0.09,0.6
2026-03-26,CLOA,51.89,51.85,51.89,51.83,788700,40894288.0,0.12,0.0,0.0,0.0
2026-03-26,CLOB,49.91,49.86,50.0,49.84,15600,782462.0,0.32,-0.4,-0.2,0.0
2026-03-26,CLOC,25.0,24.99,25.0,24.97,2700,67501.0,0.12,0.04,0.01,0.0
2026-03-26,CLOD,26.0,25.69,26.0,25.62,700,18919.0,1.47,-0.91,-0.23,0.0
2026-03-26,CLOI,52.65,52.66,52.7,52.63,166100,8750280.0,0.13,0.04,0.02,0.0
2026-03-26,CLOU,19.34,19.48,19.83,19.34,252100,4946078.0,2.51,-0.36,-0.07,0.0
2026-03-26,CLOV,1.8,1.8,1.87,1.79,3747000,6826099.0,3.85,-1.1,-0.02,0.71
2026-03-26,CLOX,25.49,25.52,25.53,25.49,137200,3503976.0,0.16,-0.06,-0.02,0.0
2026-03-26,CLOZ,25.74,25.71,25.78,25.69,86600,2229999.0,0.35,-0.27,-0.07,0.0
2026-03-26,CLPR,3.05,3.02,3.1,3.01,44000,133441.0,2.95,-0.98,-0.03,0.27
2026-03-26,CLPS,0.94,0.95,0.97,0.94,4900,4797.0,3.13,-0.64,-0.01,0.02
2026-03-26,CLPT,9.38,9.39,9.78,9.35,462300,4389148.0,4.53,-1.05,-0.1,1.56
2026-03-26,CLRB,2.9,2.9,3.0,2.89,11400,33457.0,3.73,-1.69,-0.05,0.27
2026-03-26,CLRO,3.9,3.9,3.9,3.83,3200,12594.0,1.79,0.0,0.0,0.14
2026-03-26,CLS,292.76,273.38,294.74,272.5,1805300,505916032.0,7.36,-9.54,-28.84,1.57
2026-03-26,CLSE,28.51,27.98,28.51,27.94,285800,8087151.0,1.99,-2.41,-0.69,0.0
2026-03-26,CLSK,9.72,9.3,10.02,9.23,16137200,154484416.0,7.93,-6.63,-0.66,6.31
2026-03-26,CLSKW,0.28,0.26,0.28,0.26,47700,12699.0,7.41,-3.71,-0.01,0.0
2026-03-26,CLSM,22.95,22.69,22.99,22.68,25100,573720.0,1.34,-1.64,-0.38,0.0
2026-03-26,CLST,16.56,16.56,16.56,16.56,200,3981.0,0.0,-0.18,-0.03,0.01
2026-03-26,CLSX,11.11,10.2,11.91,10.11,545700,5990464.0,15.25,-13.56,-1.6,0.0
2026-03-26,CLSZ,18.13,20.12,20.2,17.49,37600,687886.0,15.33,13.8,2.44,0.0
2026-03-26,CLVT,2.47,2.42,2.52,2.36,3476600,8382130.0,6.25,-2.42,-0.06,0.54
2026-03-26,CLW,14.06,14.29,14.66,14.06,143500,2063532.0,4.22,0.42,0.06,0.9
2026-03-26,CLWT,1.17,1.17,1.17,1.17,1200,1482.0,0.01,0.0,0.0,0.02
2026-03-26,CLX,104.0,102.18,105.39,101.98,2189800,225741328.0,3.25,-2.46,-2.58,1.81
2026-03-26,CLYM,6.96,7.11,7.2,6.86,413600,2920419.0,4.87,1.86,0.13,0.87
2026-03-26,CM,96.5,94.32,97.31,94.26,6493800,619572480.0,3.13,-3.15,-3.07,0.71
2026-03-26,CMBM,0.58,0.4,0.63,0.29,14181700,5964043.0,19.21,-77.34,-1.37,50.21
2026-03-26,CMBO,101.61,101.61,101.61,101.61,0,4470.0,0.0,0.02,0.02,0.0
2026-03-26,CMBS,48.78,48.67,48.86,48.67,89100,4343579.0,0.39,-0.16,-0.08,0.0
2026-03-26,CMBT,12.66,12.69,12.99,12.62,1342400,17151968.0,2.95,-0.24,-0.03,0.46
2026-03-26,CMC,57.98,59.48,62.63,57.56,1506600,90933720.0,8.12,-4.69,-2.93,1.36
2026-03-26,CMCI,27.7,27.7,27.7,27.7,0,1966.0,0.0,0.58,0.16,0.0
2026-03-26,CMCL,21.85,21.57,22.87,21.49,252100,5547784.0,6.07,-5.15,-1.17,1.31
2026-03-26,CMCM,6.6,6.09,6.6,6.02,105300,661557.0,8.71,-8.56,-0.57,0.34
2026-03-26,CMCO,14.9,14.55,15.27,14.44,305400,4485849.0,5.53,-4.15,-0.63,1.06
2026-03-26,CMCSA,28.73,28.72,29.15,28.61,28571100,821416960.0,1.88,-0.03,-0.01,
2026-03-26,CMCT,0.7,0.66,0.79,0.62,629900,435045.0,241.49,844.92,0.59,2.41
2026-03-26,CMDB,14.99,15.3,15.5,14.99,44900,687250.0,3.36,0.92,0.14,0.18
2026-03-26,CMDT,31.95,31.92,32.03,31.84,171600,5481264.0,0.6,0.54,0.17,0.0
2026-03-26,CMDY,58.06,57.89,58.51,57.89,37000,2150470.0,1.08,0.54,0.31,0.0
2026-03-26,CME,297.55,297.58,300.85,294.08,2084200,620303616.0,2.3,1.24,3.65,0.57
2026-03-26,CMF,56.71,56.61,56.71,56.6,536300,30383618.0,0.19,-0.19,-0.11,0.0
2026-03-26,CMG,32.39,32.17,33.06,32.12,10156200,329365184.0,2.91,-1.02,-0.33,0.78
2026-03-26,CMGG,14.94,14.32,14.95,14.32,1000,15804.0,4.3,-2.16,-0.32,0.0
2026-03-26,CMI,545.17,530.0,550.28,528.33,1024800,547199488.0,3.97,-4.22,-23.36,0.74
2026-03-26,CMII,9.83,9.83,9.83,9.82,51700,507853.0,0.1,0.05,0.01,0.17
2026-03-26,CMIIU,9.99,9.99,9.99,9.99,0,864.0,0.0,0.0,0.0,0.0
2026-03-26,CMMB,1.62,1.55,1.62,1.54,24800,38974.0,5.03,-2.52,-0.04,0.35
2026-03-26,CMND,0.72,0.74,0.74,0.69,20300,14422.0,6.53,2.36,0.02,0.97
2026-03-26,CMP,24.0,23.82,24.58,23.75,540100,12975021.0,3.41,-2.82,-0.69,1.29
2026-03-26,CMPR,74.08,73.61,75.0,73.25,99300,7349100.0,2.35,-1.08,-0.8,0.41
2026-03-26,CMPS,5.5,5.64,5.86,5.46,1957200,11083530.0,7.08,0.36,0.02,1.52
2026-03-26,CMPX,5.41,5.33,5.67,5.3,1327400,7195362.0,6.74,-2.91,-0.16,0.74
2026-03-26,CMRC,2.55,2.61,2.66,2.55,467200,1224145.0,4.46,1.16,0.03,0.57
2026-03-26,CMRE,16.98,16.86,17.15,16.79,493200,8331839.0,2.11,-1.11,-0.19,0.41
2026-03-26,CMS,75.38,76.33,76.44,75.07,2118000,161402464.0,1.82,1.18,0.89,0.69
2026-03-26,CMSA,21.68,21.55,21.68,21.39,22600,486970.0,1.33,-0.03,-0.01,0.0
2026-03-26,CMSC,22.79,22.82,22.88,22.75,23700,541320.0,0.57,-0.39,-0.09,0.0
2026-03-26,CMSD,22.59,22.75,22.87,22.58,73900,1680456.0,1.28,0.31,0.07,0.0
2026-03-26,CMT,20.7,22.54,22.66,20.7,38200,847895.0,9.37,7.8,1.63,0.43
2026-03-26,CMTG,2.13,2.33,2.37,2.12,516800,1191944.0,11.25,7.37,0.16,0.37
2026-03-26,CMTL,3.55,3.36,3.62,3.35,278600,958132.0,7.4,-7.18,-0.26,0.94
2026-03-26,CMTV,34.68,32.09,34.68,30.5,39600,1289294.0,11.81,-9.25,-3.27,0.67
2026-03-26,CMU,3.52,3.52,3.53,3.51,38300,134793.0,0.56,-0.56,-0.02,0.0
2026-03-26,CNA,45.69,45.83,45.91,45.62,295800,13544489.0,0.64,0.64,0.29,0.11
2026-03-26,CNAV,31.6,30.91,31.6,30.91,3000,94770.0,2.13,-4.48,-1.45,0.0
2026-03-26,CNBS,23.01,21.88,23.01,21.78,9100,208317.0,5.3,-5.75,-1.33,0.0
2026-03-26,CNC,32.7,33.56,33.69,32.68,7591100,253215024.0,3.07,2.54,0.83,1.54
2026-03-26,CNCG,9.78,9.91,9.94,9.71,3500,34471.0,2.45,5.68,0.53,0.0
2026-03-26,CNCK,1.74,1.75,1.85,1.72,31500,56288.0,7.65,2.94,0.05,0.02
2026-03-26,CNCKW,0.26,0.18,0.26,0.18,900,194.0,39.67,-15.86,-0.03,0.0
2026-03-26,CNDT,1.22,1.28,1.29,1.21,1750000,2225284.0,6.85,3.23,0.04,1.13
2026-03-26,CNEQ,31.43,30.85,31.55,30.82,563400,17443590.0,2.29,-3.35,-1.07,0.0
2026-03-26,CNET,0.71,0.68,0.75,0.65,6200,4431.0,13.32,-10.06,-0.08,0.19
2026-03-26,CNEY,0.36,0.37,0.4,0.33,225900,84682.0,18.7,2.38,0.01,2.75
2026-03-26,CNF,3.85,4.06,4.11,3.82,2100,8468.0,7.0,-1.46,-0.06,0.03
2026-03-26,CNH,11.08,10.96,11.15,10.9,22899300,251787856.0,2.28,-1.79,-0.2,
2026-03-26,CNI,101.29,101.59,102.64,100.74,892400,90838920.0,1.86,-0.29,-0.3,0.15
2026-03-26,CNK,27.38,28.11,28.13,27.32,1288000,36024276.0,2.93,1.59,0.44,1.11
2026-03-26,CNL,14.24,14.16,14.65,14.05,49200,702755.0,4.1,-3.15,-0.46,0.05
2026-03-26,CNM,49.92,49.62,50.81,48.71,2060700,101980592.0,4.15,-1.88,-0.95,1.06
2026-03-26,CNMD,36.34,36.64,37.27,35.9,407300,14877745.0,3.69,-1.19,-0.44,1.32
2026-03-26,CNNE,11.29,11.02,11.36,10.81,574800,6327630.0,4.89,-2.99,-0.34,1.24
2026-03-26,CNO,40.53,40.96,41.05,40.53,638100,26094982.0,1.28,0.86,0.35,0.68
2026-03-26,CNOB,26.02,26.49,26.53,26.02,270200,7119250.0,1.94,0.84,0.22,0.54
2026-03-26,CNOBP,24.46,24.47,24.51,24.46,5100,125572.0,0.2,-0.35,-0.09,0.11
2026-03-26,CNP,42.11,42.33,42.5,41.91,2548400,107843816.0,1.4,0.62,0.26,0.39
2026-03-26,CNQ,49.47,48.67,49.74,48.67,13926300,681996160.0,2.17,-1.04,-0.51,0.67
2026-03-26,CNQQ,21.54,21.61,21.73,21.54,3800,84300.0,0.86,-2.51,-0.56,0.0
2026-03-26,CNR,110.41,108.67,112.41,108.56,773200,84865912.0,3.48,-1.72,-1.9,1.52
2026-03-26,CNRG,92.98,91.12,93.13,91.12,4800,445477.0,2.13,-3.65,-3.45,0.0
2026-03-26,CNS,61.71,61.94,62.47,60.69,393800,24299430.0,2.88,0.06,0.04,0.77
2026-03-26,CNSP,2.7,2.56,2.75,2.42,243100,637687.0,12.09,-6.23,-0.17,39.21
2026-03-26,CNTA,28.15,29.4,30.44,27.74,1867900,54726528.0,9.57,4.18,1.18,1.28
2026-03-26,CNTB,3.4,3.69,3.74,3.4,621600,2255453.0,10.23,9.82,0.33,1.11
2026-03-26,CNTN,3.47,3.2,3.51,3.18,472400,1540314.0,9.37,-7.78,-0.27,0.92
2026-03-26,CNTX,2.56,2.54,2.71,2.52,758500,1974865.0,7.3,-4.87,-0.13,0.83
2026-03-26,CNTY,1.41,1.39,1.44,1.38,86400,122323.0,4.26,-1.42,-0.02,0.3
2026-03-26,CNVS,2.35,2.4,2.64,2.35,167700,419420.0,12.18,0.84,0.02,0.79
2026-03-26,CNX,39.61,40.01,41.32,39.61,1655100,66892124.0,4.23,-0.92,-0.37,1.16
2026-03-26,CNXC,24.52,27.72,27.77,24.49,2419800,65666360.0,13.29,12.36,3.05,3.98
2026-03-26,CNXN,58.01,58.52,59.15,58.01,53200,3118615.0,1.95,0.19,0.11,0.21
2026-03-26,CNXT,45.42,45.19,45.65,45.12,19000,862886.0,1.14,-2.57,-1.19,0.0
2026-03-26,CNYA,33.76,33.6,33.89,33.6,37600,1270620.0,0.84,-2.15,-0.74,0.0
2026-03-26,COAL,27.95,27.43,28.08,27.27,285900,7878399.0,2.88,-1.86,-0.52,0.0
2026-03-26,COCH,0.68,0.69,0.7,0.67,200900,137330.0,5.76,1.29,0.01,0.26
2026-03-26,COCHW,0.09,0.07,0.09,0.07,12500,987.0,35.29,0.43,0.0,0.0
2026-03-26,COCO,52.92,51.68,53.23,51.64,1167200,60937700.0,2.95,-4.07,-2.19,2.04
2026-03-26,COCP,1.06,1.03,1.08,1.02,35800,37620.0,5.56,-4.63,-0.05,0.26
2026-03-26,CODA,11.8,11.55,11.9,11.47,140400,1627267.0,3.64,-3.27,-0.39,1.25
2026-03-26,CODI,6.27,6.61,6.88,6.27,1299000,8644544.0,9.56,3.61,0.23,1.73
2026-03-26,CODX,1.96,2.02,2.11,1.92,362600,728475.0,9.64,2.54,0.05,17.31
2026-03-26,COE,18.65,18.43,18.65,17.3,5900,107495.0,7.08,-3.41,-0.65,0.1
2026-03-26,COEP,10.96,10.92,11.23,10.75,20600,226961.0,4.33,-2.41,-0.27,0.33
2026-03-26,COEPW,0.01,0.01,0.02,0.01,55700,857.0,6.85,2.74,0.0,0.0
2026-03-26,COF,183.45,182.12,185.06,180.57,3276500,597013632.0,2.42,-1.68,-3.11,0.53
2026-03-26,COFS,27.49,27.65,27.99,27.41,42200,1166217.0,2.1,0.29,0.08,
2026-03-26,COGT,35.69,36.87,37.01,35.69,1170200,42898668.0,3.62,1.01,0.37,0.72
2026-03-26,COHN,15.82,15.89,16.19,15.57,6800,108602.0,3.79,-2.75,-0.45,0.28
2026-03-26,COHR,261.14,243.29,263.0,243.07,6390900,1598164608.0,7.32,-10.57,-28.75,3.41
2026-03-26,COHU,31.04,30.23,31.77,30.07,556100,17042528.0,5.34,-5.29,-1.69,
2026-03-26,COHX,30.99,26.66,31.72,26.66,775800,22329196.0,14.39,-24.09,-8.46,0.0
2026-03-26,COIA,5.6,5.42,5.77,5.38,42100,232383.0,6.57,-8.83,-0.52,0.0
2026-03-26,COIG,7.23,6.9,7.4,6.82,54000,379549.0,7.66,-8.85,-0.67,0.0
2026-03-26,COII,9.16,8.86,9.22,8.86,14400,130966.0,3.78,-5.69,-0.53,0.0
2026-03-26,COIN,177.0,173.38,179.75,171.93,9402500,1644290560.0,4.32,-4.26,-7.72,3.56
2026-03-26,COIO,7.04,6.85,7.04,6.85,100,732.0,2.58,-5.62,-0.41,0.0
2026-03-26,COIW,12.72,12.36,12.9,12.25,71100,884298.0,4.94,-5.29,-0.69,0.0
2026-03-26,COKE,185.39,180.02,185.39,177.28,600500,108181760.0,4.35,-3.39,-6.32,0.9
2026-03-26,COLA,10.47,10.52,10.52,10.47,1200,12845.0,0.47,-0.19,-0.02,0.03
2026-03-26,COLAR,0.32,0.3,0.32,0.3,64400,21479.0,6.6,0.03,0.0,0.0
2026-03-26,COLB,27.43,27.46,27.6,27.26,1890700,51843872.0,1.23,-0.51,-0.14,0.64
2026-03-26,COLD,11.29,11.17,11.47,11.16,2578400,29064532.0,2.74,-1.24,-0.14,0.91
2026-03-26,COLL,32.91,33.42,33.48,32.83,382100,12695357.0,1.97,0.51,0.17,
2026-03-26,COLM,55.29,54.84,56.39,54.55,598600,32894808.0,3.32,-0.96,-0.53,1.14
2026-03-26,COLO,38.45,38.37,38.86,38.37,24300,938624.0,1.27,-0.78,-0.3,0.0
2026-03-26,COM,33.43,33.45,33.6,33.38,109000,3655260.0,0.66,0.3,0.1,0.0
2026-03-26,COMB,25.51,25.46,25.67,25.44,16100,411345.0,0.91,0.6,0.15,0.0
2026-03-26,COMD,26.63,26.63,26.63,26.63,100,3579.0,0.0,0.42,0.11,0.0
2026-03-26,COMP,7.84,7.62,8.17,7.57,14100500,110146200.0,7.58,-3.79,-0.3,1.9
2026-03-26,COMT,32.93,32.94,33.19,32.81,355200,11714717.0,1.17,1.64,0.53,0.0
2026-03-26,CON,21.79,21.7,22.06,21.54,926500,20151940.0,2.36,-1.41,-0.31,0.72
2026-03-26,CONI,63.16,65.27,66.07,61.23,189300,12027178.0,8.06,8.67,5.21,0.0
2026-03-26,CONL,7.3,7.01,7.54,6.89,16408600,117819696.0,8.41,-8.6,-0.66,0.0
2026-03-26,CONX,8.75,8.45,9.03,8.36,42100,366852.0,7.26,-8.38,-0.77,0.2
2026-03-26,CONY,26.69,26.23,27.07,25.99,367900,9750738.0,3.89,-5.41,-1.5,0.0
2026-03-26,COO,71.19,71.54,72.55,71.19,1416400,101608272.0,1.9,0.13,0.09,0.73
2026-03-26,COOK,24.03,25.01,26.49,24.03,14400,359991.0,10.08,2.42,0.59,0.53
2026-03-26,COOT,0.69,0.55,0.69,0.55,272700,166292.0,25.34,-1.43,-0.01,0.91
2026-03-26,COP,129.63,133.25,133.55,129.63,8168000,1081579648.0,3.04,3.35,4.32,0.67
2026-03-26,COPA,42.05,40.57,42.05,40.57,2500,106909.0,3.5,-3.92,-1.66,0.0
2026-03-26,COPJ,36.53,35.81,37.16,35.75,94400,3440742.0,3.73,-5.34,-2.02,0.0
2026-03-26,COPL,10.34,10.34,10.34,10.34,0,113.0,0.0,0.0,0.0,0.0
2026-03-26,COPP,33.85,33.08,34.1,33.05,145500,4880681.0,3.0,-5.35,-1.87,0.0
2026-03-26,COPX,72.14,70.89,73.29,70.75,4774000,344132128.0,3.34,-6.28,-4.75,0.0
2026-03-26,COPY,13.56,13.44,13.6,13.3,89800,1214814.0,2.21,-1.01,-0.14,0.0
2026-03-26,COPZ,13.75,13.22,14.21,13.22,142800,1988318.0,6.55,-12.49,-1.89,0.0
2026-03-26,COR,324.63,318.03,326.29,316.69,2515000,807618624.0,2.95,-2.17,-7.05,1.29
2026-03-26,CORB,29.54,29.4,29.54,29.4,142100,4183502.0,0.47,-0.73,-0.22,0.0
2026-03-26,CORD,13.31,15.17,15.28,12.89,1101700,15298868.0,18.35,16.51,2.15,0.0
2026-03-26,CORN,18.7,18.71,18.8,18.55,2223000,41534120.0,1.33,-0.21,-0.04,0.0
2026-03-26,CORO,31.72,31.45,31.99,31.42,869400,27488592.0,1.78,-2.44,-0.79,0.0
2026-03-26,CORP,96.32,96.03,96.51,96.01,91000,8765695.0,0.51,-0.63,-0.61,0.0
2026-03-26,CORT,38.76,38.53,40.12,37.88,3033300,117278104.0,5.51,-5.22,-2.12,2.85
2026-03-26,CORZ,16.8,15.79,16.97,15.65,7992800,128367136.0,7.71,-7.39,-1.26,2.53
2026-03-26,CORZW,10.55,9.37,10.57,9.33,165600,1582692.0,11.61,-12.27,-1.31,0.0
2026-03-26,CORZZ,16.69,15.82,16.81,15.66,5200,84408.0,6.74,-7.32,-1.25,0.0
2026-03-26,COSM,0.34,0.32,0.34,0.32,146900,48517.0,5.33,-5.21,-0.02,0.39
2026-03-26,COSO,23.96,24.16,24.41,23.96,47900,1091566.0,1.86,-0.08,-0.02,0.4
2026-03-26,COST,975.69,979.65,987.19,972.72,1498200,1469844352.0,1.48,0.49,4.79,0.34
2026-03-26,COSW,45.33,45.65,45.65,45.33,1400,66892.0,0.71,0.56,0.25,0.0
2026-03-26,COTG,14.35,14.44,14.6,14.28,13900,202049.0,2.27,0.81,0.12,0.0
2026-03-26,COTY,2.03,2.03,2.05,2.0,6057100,12263353.0,2.44,-0.98,-0.02,0.69
2026-03-26,COUR,5.8,5.84,6.02,5.8,2664100,15734813.0,3.72,-0.51,-0.03,1.57
2026-03-26,COWG,33.65,33.53,34.02,33.5,436500,14747437.0,1.53,-1.39,-0.47,0.0
2026-03-26,COWS,33.36,33.1,33.36,33.09,5500,185748.0,0.81,-0.77,-0.26,0.0
2026-03-26,COWZ,62.07,62.4,62.96,62.07,1229300,77028112.0,1.43,0.06,0.04,0.0
2026-03-26,COYA,4.16,4.18,4.27,4.1,118500,495528.0,4.05,-0.36,-0.02,0.51
2026-03-26,COYY,4.36,4.34,4.38,4.32,256100,1078374.0,1.44,-1.81,-0.08,0.0
2026-03-26,COZX,10.97,9.72,11.34,9.72,26000,267197.0,14.12,-15.34,-1.76,0.0
2026-03-26,CP,80.14,79.08,80.64,78.69,3902100,311251520.0,2.44,-1.22,-0.98,0.43
2026-03-26,CPA,114.17,113.94,117.76,113.48,352000,40335244.0,3.72,-1.17,-1.35,0.86
2026-03-26,CPAC,10.33,10.2,10.33,10.2,5600,57331.0,1.27,-0.1,-0.01,0.01
2026-03-26,CPAG,101.33,101.26,101.33,101.26,1200,123797.0,0.06,-0.58,-0.59,0.0
2026-03-26,CPAI,42.22,41.86,42.75,41.7,35200,1489523.0,2.46,-1.85,-0.79,0.0
2026-03-26,CPAY,289.09,293.21,296.01,289.09,481200,141242016.0,2.37,0.47,1.38,0.71
2026-03-26,CPB,20.83,20.95,21.21,20.74,11622700,243460928.0,2.26,0.67,0.14,3.9
2026-03-26,CPBI,17.55,17.55,17.55,17.55,200,3582.0,0.0,0.0,0.0,0.0
2026-03-26,CPER,33.69,33.33,33.85,33.29,303200,10180968.0,1.67,-1.36,-0.46,0.0
2026-03-26,CPF,31.61,31.97,31.98,31.61,113300,3610493.0,1.16,0.22,0.07,0.43
2026-03-26,CPHC,14.95,15.25,15.26,14.95,1100,18003.0,2.01,-0.97,-0.15,0.02
2026-03-26,CPHI,0.62,0.63,0.64,0.59,28900,17868.0,7.08,-1.52,-0.01,0.58
2026-03-26,CPHY,50.79,50.58,50.79,50.58,300,16327.0,0.41,-0.66,-0.34,0.0
2026-03-26,CPII,19.23,19.23,19.23,19.23,0,96.0,0.0,0.73,0.14,0.0
2026-03-26,CPIX,3.25,3.24,3.37,3.11,50500,167198.0,7.76,-3.28,-0.11,0.32
2026-03-26,CPK,123.31,124.38,124.49,122.52,135700,16835496.0,1.6,0.76,0.94,0.57
2026-03-26,CPLB,21.01,20.93,21.02,20.93,7300,154930.0,0.43,-0.68,-0.14,0.0
2026-03-26,CPLS,35.13,35.01,35.13,34.99,8700,308253.0,0.38,-0.5,-0.18,0.0
2026-03-26,CPNG,18.67,18.37,18.89,18.03,13810900,253681264.0,4.57,-2.29,-0.43,0.76
2026-03-26,CPNJ,27.09,27.04,27.09,27.04,1100,30837.0,0.19,-0.4,-0.11,0.0
2026-03-26,CPNM,26.11,26.03,26.11,26.03,2600,68092.0,0.29,-0.33,-0.09,0.0
2026-03-26,CPNQ,26.43,26.39,26.43,26.39,400,12798.0,0.17,-0.4,-0.1,0.0
2026-03-26,CPNS,27.17,27.15,27.17,27.15,700,21085.0,0.07,-0.46,-0.12,0.0
2026-03-26,CPOP,0.31,0.3,0.31,0.3,17000,5180.0,3.64,-3.32,-0.01,0.02
2026-03-26,CPRA,26.84,26.89,26.89,26.84,200,5368.0,0.17,0.02,0.01,0.0
2026-03-26,CPRI,18.08,17.54,18.51,17.5,2865000,50951372.0,5.51,-4.26,-0.78,2.4
2026-03-26,CPRJ,26.97,26.94,26.97,26.92,900,24279.0,0.17,-0.25,-0.07,0.0
2026-03-26,CPRO,27.18,27.15,27.18,27.11,10100,274033.0,0.26,-0.24,-0.06,0.0
2026-03-26,CPRT,33.13,33.03,33.92,32.92,8985300,298264768.0,3.02,-0.15,-0.05,0.93
2026-03-26,CPRX,23.65,24.25,24.58,23.6,779400,18929720.0,4.12,1.89,0.45,0.64
2026-03-26,CPRY,27.12,27.05,27.15,27.05,5700,154457.0,0.37,-0.4,-0.11,0.0
2026-03-26,CPS,29.59,29.75,30.64,29.15,164000,4893943.0,4.97,-0.83,-0.25,0.93
2026-03-26,CPSA,26.92,26.83,26.92,26.83,2200,59202.0,0.3,-0.26,-0.07,0.0
2026-03-26,CPSD,25.88,25.88,25.88,25.88,0,1424.0,0.0,-0.31,-0.08,0.0
2026-03-26,CPSF,25.56,25.55,25.57,25.55,1600,41781.0,0.08,-0.21,-0.05,0.0
2026-03-26,CPSH,3.92,3.8,4.09,3.78,94900,372881.0,7.8,-5.0,-0.2,0.53
2026-03-26,CPSJ,26.92,26.82,26.92,26.82,500,13460.0,0.35,-0.48,-0.13,0.0
2026-03-26,CPSL,27.26,27.22,27.26,27.19,20100,549421.0,0.27,-0.26,-0.07,0.0
2026-03-26,CPSM,28.81,28.8,28.91,28.8,600,17291.0,0.38,-0.23,-0.07,0.0
2026-03-26,CPSN,26.8,26.74,26.8,26.74,4400,119830.0,0.23,-0.21,-0.06,0.0
2026-03-26,CPSO,26.96,26.94,26.96,26.94,300,8783.0,0.09,-0.42,-0.11,0.0
2026-03-26,CPSP,26.38,26.38,26.38,26.38,200,6512.0,0.0,-0.04,-0.01,0.0
2026-03-26,CPSR,25.27,25.24,25.27,25.24,5200,131806.0,0.13,-0.2,-0.05,0.0
2026-03-26,CPSS,7.61,7.77,7.84,7.61,13000,101404.0,3.08,1.97,0.15,0.06
2026-03-26,CPST,26.96,26.92,26.96,26.92,2100,58948.0,0.13,-0.43,-0.12,0.0
2026-03-26,CPSU,27.12,27.12,27.12,27.12,0,108.0,0.0,-0.29,-0.08,0.0
2026-03-26,CPSY,24.99,24.98,24.99,24.98,1500,39031.0,0.06,-0.18,-0.04,0.0
2026-03-26,CPT,97.14,97.67,98.56,97.14,1021900,99966288.0,1.46,0.34,0.33,0.99
2026-03-26,CPXR,23.82,23.32,24.0,23.32,10000,237362.0,2.85,-2.87,-0.69,0.0
2026-03-26,CPZ,13.71,13.58,13.84,13.44,76100,1039323.0,2.88,-1.31,-0.18,0.0
2026-03-26,CQP,67.23,69.35,69.49,67.23,175100,12075629.0,3.36,3.17,2.13,0.04
2026-03-26,CQQQ,45.74,45.36,46.14,45.28,588300,26830026.0,1.82,-4.24,-2.01,0.0
2026-03-26,CR,172.43,167.55,174.6,166.92,377800,63796736.0,4.4,-4.03,-7.03,0.65
2026-03-26,CRAC,10.0,10.0,10.0,10.0,100,1042.0,0.0,-0.1,-0.01,0.0
2026-03-26,CRACR,0.18,0.18,0.18,0.18,0,1.0,0.0,0.0,0.0,0.0
2026-03-26,CRACU,10.2,10.2,10.2,10.2,0,1009.0,0.0,0.0,0.0,0.0
2026-03-26,CRAI,155.37,156.48,160.15,154.81,382800,60500460.0,3.41,-0.06,-0.1,5.83
2026-03-26,CRAK,48.62,48.74,49.19,48.35,72100,3528165.0,1.73,0.21,0.1,0.0
2026-03-26,CRAN,9.93,9.91,9.94,9.9,9000,89537.0,0.4,0.0,0.0,0.02
2026-03-26,CRANU,10.15,10.15,10.15,10.15,1000,10150.0,0.0,0.5,0.05,0.0
2026-03-26,CRAQ,10.15,10.15,10.15,10.15,0,263.0,0.0,0.0,0.0,0.0
2026-03-26,CRBD,22.23,23.0,23.3,22.23,110600,2527177.0,4.84,4.12,0.91,
2026-03-26,CRBG,24.2,24.41,25.0,23.31,12369300,300632032.0,7.01,0.99,0.24,2.57
2026-03-26,CRBN,222.82,220.03,222.82,220.03,10300,2280191.0,1.24,-2.07,-4.66,0.0
2026-03-26,CRBP,8.21,9.24,9.28,8.13,320200,2849385.0,13.84,11.19,0.93,1.81
2026-03-26,CRBU,1.84,1.91,2.01,1.84,1085400,2115264.0,8.78,1.6,0.03,1.12
2026-03-26,CRC,67.5,67.96,68.64,67.5,917300,62473608.0,1.7,1.49,1.0,1.03
2026-03-26,CRCA,47.66,44.26,49.3,43.43,1539500,69154128.0,11.85,-10.64,-5.27,0.0
2026-03-26,CRCD,6.2,6.57,6.65,5.95,6756200,42532964.0,11.84,11.17,0.66,0.0
2026-03-26,CRCG,3.12,2.91,3.25,2.85,19904600,58995908.0,12.15,-11.01,-0.36,0.0
2026-03-26,CRCL,101.91,98.27,103.55,97.31,15672000,1542206080.0,6.01,-5.38,-5.59,6.35
2026-03-26,CRCO,23.88,23.13,24.16,22.75,35000,816461.0,5.66,-7.26,-1.81,0.0
2026-03-26,CRCT,4.03,3.97,4.07,3.95,439100,1752403.0,2.84,-1.98,-0.08,0.21
2026-03-26,CRDF,1.72,1.67,1.75,1.67,584800,993289.0,4.91,-3.47,-0.06,0.86
2026-03-26,CRDL,1.06,1.11,1.12,1.06,1150400,1272072.0,6.03,3.74,0.04,1.03
2026-03-26,CRDO,101.32,96.44,101.64,96.15,5719000,558236544.0,5.28,-7.19,-7.47,3.1
2026-03-26,CRDT,22.38,22.15,22.38,22.15,400,9446.0,1.02,-1.6,-0.36,0.0
2026-03-26,CRDU,17.92,16.2,18.03,16.08,372800,6204318.0,10.32,-14.42,-2.73,0.0
2026-03-26,CRE,2.54,2.2,2.55,2.2,14000,33381.0,13.83,-13.04,-0.33,0.7
2026-03-26,CRED,20.35,20.35,20.35,20.35,0,183.0,0.0,-0.3,-0.06,0.0
2026-03-26,CREG,0.2,0.23,0.25,0.19,697100,149910.0,26.57,11.21,0.02,3.35
2026-03-26,CRESY,12.64,12.14,12.75,12.02,277300,3393741.0,5.81,-3.96,-0.5,0.39
2026-03-26,CREX,3.6,3.53,3.61,3.5,15300,54598.0,3.06,-1.94,-0.07,0.15
2026-03-26,CRF,6.95,6.86,6.98,6.83,957900,6604211.0,2.15,-1.72,-0.12,0.0
2026-03-26,CRGO,1.58,1.52,1.63,1.52,17200,26814.0,6.92,-4.4,-0.07,0.03
2026-03-26,CRGOW,0.19,0.16,0.19,0.16,31400,5196.0,16.53,-15.79,-0.03,0.0
2026-03-26,CRGY,13.5,13.66,13.85,13.44,7843300,107334408.0,3.08,1.34,0.18,2.39
2026-03-26,CRH,104.77,103.2,106.29,103.0,4836000,502655968.0,3.1,-2.69,-2.85,0.72
2026-03-26,CRI,34.57,34.57,35.48,34.21,598500,20681796.0,3.64,-1.03,-0.36,1.65
2026-03-26,CRIS,0.67,0.58,0.7,0.57,1265400,788074.0,18.5,-17.15,-0.12,3.17
2026-03-26,CRK,22.31,22.33,23.03,22.19,1903200,42857964.0,3.75,-0.27,-0.06,0.65
2026-03-26,CRL,164.33,165.13,168.24,164.33,909000,150711664.0,2.36,-0.46,-0.76,1.85
2026-03-26,CRM,181.18,185.64,187.47,179.53,10330700,1914178560.0,4.36,2.02,3.68,1.12
2026-03-26,CRMD,6.57,6.7,6.76,6.5,1153800,7732734.0,3.93,1.36,0.09,1.46
2026-03-26,CRMG,5.92,6.24,6.37,5.86,659400,4054142.0,8.51,4.11,0.25,0.0
2026-03-26,CRML,7.75,7.43,7.78,7.41,5283800,39933564.0,4.61,-6.19,-0.49,4.19
2026-03-26,CRMLW,3.7,3.38,3.7,3.29,34600,119287.0,11.39,-5.97,-0.21,0.0
2026-03-26,CRMT,12.5,12.69,13.23,12.5,123800,1582004.0,5.73,0.24,0.03,1.49
2026-03-26,CRMU,5.4,4.98,5.46,4.97,39200,204637.0,8.56,-13.01,-0.74,0.0
2026-03-26,CRMX,12.1,11.31,12.41,11.27,74300,860709.0,8.83,-12.12,-1.56,0.0
2026-03-26,CRNC,6.5,6.51,6.76,6.46,509600,3345225.0,4.56,-1.06,-0.07,1.13
2026-03-26,CRNT,2.29,2.22,2.31,2.21,288000,647157.0,4.24,-3.9,-0.09,0.32
2026-03-26,CRNX,36.34,36.31,36.86,35.79,1212300,44021052.0,2.94,-0.08,-0.03,1.16
2026-03-26,CRON,2.6,2.52,2.64,2.52,908600,2334531.0,4.58,-3.82,-0.1,0.24
2026-03-26,CROX,79.4,79.94,82.9,78.93,1113900,89175704.0,4.96,-0.19,-0.15,2.22
2026-03-26,CRPT,12.25,12.19,12.59,12.12,23300,286403.0,3.66,-5.08,-0.65,0.0
2026-03-26,CRS,398.51,391.62,400.79,384.33,1009600,395707488.0,4.05,-3.69,-15.02,2.03
2026-03-26,CRSH,26.4,26.95,26.95,26.25,28400,752386.0,2.62,1.12,0.3,0.0
2026-03-26,CRSP,46.43,47.55,48.8,46.4,1263100,60438292.0,5.1,0.98,0.46,1.32
2026-03-26,CRSR,5.59,5.53,5.8,5.47,1073600,5978868.0,5.83,-3.83,-0.22,1.01
2026-03-26,CRT,9.88,9.99,9.99,9.73,17200,170218.0,2.57,0.3,0.03,0.29
2026-03-26,CRTC,35.62,35.22,35.7,35.22,2800,101308.0,1.34,-1.8,-0.65,0.0
2026-03-26,CRTO,17.5,17.64,18.43,17.5,312000,5540889.0,5.25,-0.45,-0.08,0.63
2026-03-26,CRUS,141.94,148.69,154.9,140.2,1739400,260905184.0,10.26,3.75,5.38,3.41
2026-03-26,CRUX,29.91,29.83,29.94,29.82,122200,3652455.0,0.4,-0.62,-0.18,0.0
2026-03-26,CRVL,52.33,53.41,53.87,52.24,228900,12182728.0,3.11,2.22,1.16,0.45
2026-03-26,CRVO,4.04,3.92,4.19,3.87,31900,127944.0,7.92,-2.97,-0.12,0.35
2026-03-26,CRVS,13.84,14.07,14.4,13.77,982300,13871633.0,4.43,-1.05,-0.15,1.17
2026-03-26,CRWD,383.17,392.62,395.5,381.19,2458700,963262720.0,3.71,1.75,6.76,0.97
2026-03-26,CRWG,3.08,2.62,3.19,2.61,19646700,55886624.0,18.57,-16.83,-0.53,0.0
2026-03-26,CRWL,18.47,19.31,19.66,18.27,299800,5762787.0,7.43,3.2,0.6,0.0
2026-03-26,CRWS,2.67,2.72,2.73,2.67,15500,42167.0,2.22,0.74,0.02,0.15
2026-03-26,CRWU,5.75,4.89,5.94,4.88,1457900,7605255.0,18.1,-16.41,-0.96,0.0
2026-03-26,CRWV,86.85,80.45,88.26,80.16,18464500,1522138496.0,9.25,-8.14,-7.13,3.51
2026-03-26,CRXP,19.83,19.83,19.83,19.83,0,238.0,0.0,-0.47,-0.09,0.0
2026-03-26,CSAI,0.61,0.67,0.76,0.61,660300,447868.0,24.56,7.11,0.04,2.71
2026-03-26,CSAN,4.09,4.0,4.12,3.96,1870200,7512817.0,3.73,-3.85,-0.16,0.19
2026-03-26,CSB,61.7,61.55,61.93,61.49,7100,439462.0,0.71,0.18,0.11,0.0
2026-03-26,CSBR,5.8,5.79,5.84,5.74,8000,46995.0,1.72,-0.17,-0.01,0.06
2026-03-26,CSCL,32.55,32.29,32.9,32.17,12200,398679.0,2.29,0.83,0.26,0.0
2026-03-26,CSCO,82.07,82.16,83.11,81.81,26649600,2194992128.0,1.59,0.4,0.33,0.67
2026-03-26,CSCS,19.78,19.84,19.87,19.67,3700,73250.0,1.0,-0.45,-0.09,0.0
2026-03-26,CSD,113.49,111.3,113.96,111.29,5500,622584.0,2.32,-3.23,-3.71,0.0
2026-03-26,CSEX,14.78,12.72,14.94,12.72,75300,1004711.0,14.04,-19.75,-3.13,0.0
2026-03-26,CSGP,40.95,41.3,42.71,40.95,4984200,207303712.0,4.25,-0.27,-0.11,1.19
2026-03-26,CSGS,80.04,80.1,80.14,80.04,154300,12361194.0,0.12,-0.02,-0.02,0.54
2026-03-26,CSHI,49.68,49.68,49.7,49.67,326000,16200587.0,0.06,-0.05,-0.03,0.0
2026-03-26,CSHP,99.43,99.43,99.43,99.43,2200,221629.0,0.01,-0.02,-0.02,0.0
2026-03-26,CSIO,27.52,27.34,30.57,27.33,96100,2655996.0,11.75,-0.87,-0.24,0.0
2026-03-26,CSIQ,13.92,13.62,14.32,13.53,1991300,27806086.0,5.52,-4.82,-0.69,2.97
2026-03-26,CSL,336.57,333.64,341.47,330.78,362700,121194000.0,3.14,-1.85,-6.29,0.89
2026-03-26,CSM,75.13,74.28,75.43,74.28,3600,271895.0,1.52,-1.77,-1.34,0.0
2026-03-26,CSMD,31.65,30.98,31.66,30.98,59000,1846885.0,2.14,-2.67,-0.85,0.0
2026-03-26,CSNR,36.26,36.31,36.72,36.25,30000,1094373.0,1.29,-0.26,-0.1,0.0
2026-03-26,CSPF,25.69,25.66,25.77,25.65,21000,541615.0,0.47,-0.41,-0.11,0.0
2026-03-26,CSPI,8.03,7.94,8.11,7.8,8700,70040.0,3.79,-2.82,-0.23,0.09
2026-03-26,CSQ,17.41,17.18,17.5,17.16,285000,4946385.0,1.93,-2.33,-0.41,0.0
2026-03-26,CSR,58.51,58.57,58.98,58.03,78800,4608350.0,1.63,0.29,0.17,0.47
2026-03-26,CSRE,25.94,26.04,26.2,25.87,158600,4137024.0,1.26,-0.27,-0.07,0.0
2026-03-26,CSSD,24.9,24.84,25.84,24.74,12300,308384.0,4.41,-0.49,-0.12,0.0
2026-03-26,CSTE,1.12,1.0,1.13,0.96,270600,277157.0,15.25,-11.5,-0.13,0.78
2026-03-26,CSTK,28.93,28.82,28.98,28.82,8300,241516.0,0.56,-1.11,-0.32,0.0
2026-03-26,CSTL,25.11,24.7,26.02,24.65,461900,11570877.0,5.43,-2.26,-0.57,1.55
2026-03-26,CSTM,24.71,23.95,25.23,23.82,1971100,47677364.0,5.53,-6.12,-1.56,1.46
2026-03-26,CSV,43.89,44.7,45.24,43.89,200700,8971817.0,3.06,1.43,0.63,1.27
2026-03-26,CSW,268.46,258.22,271.89,255.62,183800,48288828.0,6.04,-4.18,-11.26,1.12
2026-03-26,CSWC,21.96,21.82,22.23,21.78,462600,10162264.0,2.04,-1.04,-0.23,0.77
2026-03-26,CSX,39.41,39.55,39.91,39.39,11140600,441518400.0,1.31,-0.05,-0.02,0.6
2026-03-26,CTA,28.5,29.38,29.6,28.5,522200,15366802.0,3.79,1.14,0.33,0.0
2026-03-26,CTAAU,10.0,10.0,10.0,10.0,100,1109.0,0.0,0.1,0.01,0.0
2026-03-26,CTAP,26.1,25.95,26.28,25.93,16600,435834.0,1.35,-1.04,-0.27,0.0
2026-03-26,CTAS,176.47,168.85,176.47,168.02,3606900,615328256.0,4.78,-4.52,-8.0,0.9
2026-03-26,CTBB,18.85,18.93,19.0,18.85,59100,1120110.0,0.79,0.05,0.01,0.0
2026-03-26,CTBI,59.78,60.64,60.64,59.72,84300,5084980.0,1.53,0.81,0.49,0.46
2026-03-26,CTDD,19.5,19.5,19.65,19.5,42500,831126.0,0.77,-0.15,-0.03,0.0
2026-03-26,CTEC,57.8,57.23,57.81,57.07,2200,129967.0,1.25,-3.5,-2.08,0.0
2026-03-26,CTEF,69.88,67.97,69.88,67.97,11000,757315.0,2.68,-4.21,-2.99,0.0
2026-03-26,CTEV,15.0,15.94,16.54,15.0,114800,1835902.0,9.92,2.64,0.41,0.68
2026-03-26,CTEX,36.51,35.12,36.51,35.12,900,32847.0,3.79,-4.2,-1.54,0.0
2026-03-26,CTGO,17.33,16.69,18.43,16.69,1889900,32015098.0,9.73,-6.66,-1.19,11.24
2026-03-26,CTIF,49.09,48.86,49.09,48.86,500,28994.0,0.46,-1.42,-0.7,0.0
2026-03-26,CTKB,4.56,4.58,4.66,4.56,438200,2014648.0,2.17,-0.43,-0.02,0.34
2026-03-26,CTLP,10.62,10.66,10.68,10.59,366300,3900047.0,0.85,0.28,0.03,0.5
2026-03-26,CTM,0.68,0.65,0.7,0.65,1230000,820229.0,7.63,-6.1,-0.04,1.3
2026-03-26,CTMX,4.15,4.42,4.43,4.11,8026600,34671360.0,7.46,4.74,0.2,
2026-03-26,CTNM,13.03,13.65,13.8,13.03,137700,1867172.0,5.8,2.79,0.37,0.37
2026-03-26,CTNT,1.39,1.39,1.39,1.38,4000,5529.0,0.35,-1.42,-0.02,0.01
2026-03-26,CTO,18.3,18.22,18.48,18.15,187300,3420589.0,1.8,-0.55,-0.1,0.58
2026-03-26,CTOR,0.58,0.54,0.58,0.52,189400,102133.0,10.38,-6.4,-0.04,0.21
2026-03-26,CTOS,6.55,6.58,6.61,6.51,489700,3216925.0,1.52,-0.15,-0.01,0.22
2026-03-26,CTRA,35.3,35.79,36.17,35.23,7698400,275966144.0,2.67,1.73,0.61,1.01
2026-03-26,CTRE,37.38,37.27,37.75,37.17,1887500,70512312.0,1.54,-0.85,-0.32,0.85
2026-03-26,CTRI,30.03,29.67,30.14,29.18,905800,26852234.0,3.14,-2.56,-0.78,0.9
2026-03-26,CTRM,1.92,1.78,1.94,1.77,93700,173180.0,8.85,-7.29,-0.14,0.97
2026-03-26,CTRN,42.8,42.72,45.32,42.22,96700,4184550.0,7.11,-1.86,-0.81,1.16
2026-03-26,CTS,49.37,48.66,50.11,48.53,109200,5341539.0,3.15,-3.34,-1.68,0.38
2026-03-26,CTSH,59.53,60.76,61.37,59.53,3101200,188490048.0,3.08,1.62,0.97,0.65
2026-03-26,CTSO,0.61,0.6,0.64,0.5,174400,101647.0,21.64,-10.61,-0.07,0.28
2026-03-26,CTVA,81.74,82.73,82.89,81.72,3105500,256657440.0,1.43,0.85,0.7,0.46
2026-03-26,CTW,2.33,2.17,2.36,2.16,31700,71868.0,8.81,-4.41,-0.1,0.05
2026-03-26,CTWO,15.8,15.8,15.8,15.8,0,16.0,0.0,-2.02,-0.32,0.0
2026-03-26,CTXR,0.72,0.69,0.73,0.69,170100,121209.0,6.22,-3.58,-0.03,0.76
2026-03-26,CUB,10.75,10.75,10.75,10.75,0,75.0,0.0,0.0,0.0,0.0
2026-03-26,CUBB,22.75,21.9,22.85,21.89,1700,39108.0,4.27,-2.59,-0.58,0.0
2026-03-26,CUBE,36.01,36.23,36.65,36.0,1719500,62463148.0,1.78,0.08,0.03,0.76
2026-03-26,CUBI,68.78,68.97,69.32,68.39,228700,15762054.0,1.34,-0.58,-0.4,0.67
2026-03-26,CUE,0.26,0.25,0.26,0.24,658900,163252.0,6.06,-5.03,-0.01,0.67
2026-03-26,CUK,25.33,25.23,25.77,25.09,2367800,60026572.0,2.65,-1.75,-0.45,1.26
2026-03-26,CULP,2.71,2.79,2.97,2.7,10000,28335.0,9.79,0.0,0.0,0.08
2026-03-26,CUPR,0.32,0.36,0.36,0.31,207500,64778.0,15.4,10.34,0.03,0.97
2026-03-26,CURB,25.63,25.65,25.81,25.62,478500,12288652.0,0.75,0.12,0.03,0.45
2026-03-26,CURE,90.62,90.36,92.24,90.28,16700,1527019.0,2.15,-1.07,-0.98,0.0
2026-03-26,CURI,3.13,3.09,3.15,3.07,191300,593525.0,2.54,-1.9,-0.06,0.32
2026-03-26,CURR,2.47,2.48,2.5,2.38,57100,139631.0,4.88,0.81,0.02,0.07
2026-03-26,CURV,1.67,1.72,1.76,1.65,322100,556200.0,6.43,0.58,0.01,0.32
2026-03-26,CURX,0.51,0.51,0.52,0.5,92100,44962.0,3.65,-1.33,-0.01,0.33
2026-03-26,CUSD,19.52,19.52,19.54,19.5,900,19195.0,0.21,0.05,0.01,0.0
2026-03-26,CUT,28.48,28.21,28.68,28.1,3900,112345.0,2.04,-0.93,-0.26,
2026-03-26,CUZ,22.0,21.78,22.42,21.73,1576200,34491244.0,3.11,-1.27,-0.28,0.95
2026-03-26,CV,8.16,7.53,8.66,7.5,348700,2733172.0,13.98,-8.95,-0.74,0.7
2026-03-26,CVAR,28.13,28.12,28.16,28.12,1100,32361.0,0.15,-0.28,-0.08,0.0
2026-03-26,CVBF,19.16,19.34,19.39,18.91,1076400,20763902.0,2.49,0.31,0.06,0.79
2026-03-26,CVCO,479.16,472.64,484.7,468.82,163400,77918944.0,3.27,-2.65,-12.86,2.11
2026-03-26,CVE,26.17,25.96,26.37,25.88,14337900,373765696.0,1.89,0.12,0.03,0.76
2026-03-26,CVEO,28.05,27.85,28.68,27.57,32100,896230.0,3.98,-0.64,-0.18,0.29
2026-03-26,CVGI,3.71,3.63,3.92,3.54,534000,1969701.0,10.08,-3.71,-0.14,1.46
2026-03-26,CVGW,25.72,26.27,26.67,25.72,339800,8961387.0,3.66,1.27,0.33,1.9
2026-03-26,CVI,33.25,34.35,34.92,32.88,1304000,44711212.0,6.26,5.08,1.66,1.3
2026-03-26,CVIE,71.73,70.86,72.14,70.86,12200,874421.0,1.76,-2.4,-1.74,0.0
2026-03-26,CVKD,5.26,5.24,5.94,5.22,39500,217437.0,13.28,-3.32,-0.18,1.69
2026-03-26,CVLC,80.2,79.49,80.61,79.4,36400,2930475.0,1.49,-1.57,-1.27,0.0
2026-03-26,CVLG,27.11,27.12,27.64,26.86,127400,3463561.0,2.85,-0.84,-0.23,0.51
2026-03-26,CVLT,79.67,81.16,82.65,78.96,689600,55997628.0,4.62,1.77,1.41,1.57
2026-03-26,CVM,3.51,3.47,3.64,3.31,41900,143728.0,9.24,-1.7,-0.06,0.5
2026-03-26,CVMC,64.31,63.63,64.63,63.62,11800,762873.0,1.56,-1.5,-0.97,0.0
2026-03-26,CVNA,300.92,301.37,303.01,293.17,2662800,795666816.0,3.19,-2.33,-7.19,1.22
2026-03-26,CVNX,11.34,11.49,11.53,10.85,39400,437610.0,5.7,-4.36,-0.52,0.0
2026-03-26,CVNY,23.87,24.07,24.07,23.56,1400,35150.0,2.06,-2.74,-0.68,0.0
2026-03-26,CVR,12.75,11.16,12.75,10.75,6000,69882.0,15.68,-12.48,-1.59,0.62
2026-03-26,CVRD,18.14,18.14,18.14,18.14,0,307.0,0.0,-0.42,-0.08,0.0
2026-03-26,CVRT,42.48,41.51,42.48,41.51,3900,165909.0,2.26,-3.59,-1.54,0.0
2026-03-26,CVRX,9.25,9.28,9.84,9.07,146800,1381463.0,8.2,-1.07,-0.1,0.56
2026-03-26,CVS,72.02,71.18,72.63,71.02,4129000,295154560.0,2.23,-1.39,-1.0,0.32
2026-03-26,CVSA,115.34,116.39,117.5,115.34,310100,36102804.0,1.86,0.35,0.41,0.9
2026-03-26,CVSB,50.72,50.69,50.73,50.68,57000,2894956.0,0.1,-0.05,-0.03,0.0
2026-03-26,CVU,4.2,4.19,4.29,4.12,59400,248638.0,4.03,-0.71,-0.03,0.45
2026-03-26,CVV,6.0,5.26,6.15,5.06,290300,1632679.0,17.55,-15.16,-0.94,4.19
2026-03-26,CVX,206.03,207.79,209.21,205.16,11085500,2304604672.0,1.97,1.29,2.64,0.56
2026-03-26,CVY,26.91,27.07,27.27,26.91,22800,619004.0,1.33,0.11,0.03,0.0
2026-03-26,CW,690.72,665.81,701.06,663.76,220200,148482272.0,5.31,-5.19,-36.44,0.6
2026-03-26,CWAN,23.4,23.48,23.56,23.38,4749900,111628904.0,0.77,0.34,0.08,1.61
2026-03-26,CWB,92.85,91.43,93.74,91.43,1644400,151443472.0,2.47,-2.2,-2.06,0.0
2026-03-26,CWBC,22.72,22.79,22.88,22.66,122200,2786080.0,0.94,-0.13,-0.03,0.64
2026-03-26,CWCO,32.2,32.31,32.55,31.88,81100,2618156.0,2.08,0.19,0.06,0.51
2026-03-26,CWD,1.26,1.18,1.27,1.17,80200,98800.0,8.08,-9.23,-0.12,1.14
2026-03-26,CWEB,26.44,26.27,27.14,26.17,543200,14405653.0,3.46,-6.41,-1.8,0.0
2026-03-26,CWEN,39.07,38.94,39.5,38.86,505800,19779282.0,1.63,-0.59,-0.23,0.3
2026-03-26,CWH,6.91,6.98,7.04,6.81,2461600,17073844.0,3.3,0.0,0.0,2.39
2026-03-26,CWI,36.14,35.75,36.4,35.73,139900,5044207.0,1.83,-2.39,-0.88,0.0
2026-03-26,CWII,12.63,11.86,12.63,11.86,5100,62941.0,6.08,-6.28,-0.8,0.0
2026-03-26,CWK,11.99,12.07,12.38,11.93,908000,10957821.0,3.69,-0.9,-0.11,0.39
2026-03-26,CWS,65.03,64.38,65.18,64.31,7800,505396.0,1.33,-1.16,-0.76,0.0
2026-03-26,CWST,76.43,76.62,79.05,76.12,504500,38908944.0,3.83,0.25,0.19,0.79
2026-03-26,CWT,44.2,45.08,45.1,44.18,256300,11510873.0,2.09,2.59,1.14,0.43
2026-03-26,CWVX,24.89,21.2,25.82,21.11,1430100,32992496.0,18.57,-16.4,-4.16,0.0
2026-03-26,CX,10.97,10.96,11.47,10.94,8228400,91687304.0,4.59,-3.27,-0.37,0.57
2026-03-26,CXAI,0.24,0.22,0.25,0.21,2976300,683284.0,15.74,-11.17,-0.03,9.33
2026-03-26,CXAIW,0.05,0.05,0.05,0.04,89300,4311.0,25.16,-5.2,-0.0,0.0
2026-03-26,CXDO,6.43,6.36,6.59,6.27,186500,1192084.0,4.94,-1.85,-0.12,0.6
2026-03-26,CXE,3.73,3.68,3.76,3.68,64000,238109.0,2.13,-1.87,-0.07,0.0
2026-03-26,CXH,8.03,8.0,8.03,7.95,10300,82199.0,1.0,-0.37,-0.03,0.0
2026-03-26,CXM,5.79,5.96,6.05,5.79,2081700,12429577.0,4.39,2.58,0.15,0.84
2026-03-26,CXRN,20.82,20.65,20.82,20.25,44700,921802.0,2.75,-0.46,-0.1,0.0
2026-03-26,CXSE,37.24,37.02,37.44,36.99,9200,345566.0,1.18,-2.99,-1.14,0.0
2026-03-26,CXT,42.72,41.41,43.48,41.21,733600,30587630.0,5.26,-3.99,-1.72,1.28
2026-03-26,CXW,19.89,19.79,20.17,19.74,995700,19765270.0,2.15,-0.95,-0.19,1.02
2026-03-26,CYCN,1.58,1.55,1.59,1.55,12700,20098.0,2.49,-4.32,-0.07,0.32
2026-03-26,CYCU,1.16,1.16,1.25,1.13,192300,213096.0,10.0,-3.33,-0.04,4.59
2026-03-26,CYCUW,0.02,0.02,0.02,0.02,0,1.0,0.0,0.0,0.0,0.0
2026-03-26,CYD,39.53,37.6,39.59,37.52,77700,2972745.0,5.16,-6.28,-2.52,0.21
2026-03-26,CYH,2.92,2.93,3.03,2.92,866700,2567382.0,3.57,-0.34,-0.01,0.63
2026-03-26,CYN,1.76,1.74,1.88,1.7,497400,887540.0,8.96,-13.43,-0.27,3.66
2026-03-26,CYPH,0.74,0.68,0.74,0.67,1615500,1117748.0,9.23,-8.05,-0.06,1.8
2026-03-26,CYRX,8.28,8.21,8.62,8.19,462800,3862716.0,5.23,-2.38,-0.2,0.93
2026-03-26,CYTK,61.95,63.47,64.62,61.89,2201600,139980032.0,4.38,1.74,1.08,
2026-03-26,CZA,109.39,109.07,110.53,109.07,1600,178778.0,1.33,-0.99,-1.09,0.0
2026-03-26,CZAR,30.18,30.18,30.18,30.18,0,1877.0,0.0,-0.72,-0.22,0.0
2026-03-26,CZFS,58.77,60.19,61.43,58.77,4300,258163.0,4.52,2.35,1.38,0.09
2026-03-26,CZNC,21.97,22.12,22.16,21.74,21000,464418.0,1.88,0.41,0.09,0.12
2026-03-26,CZR,26.5,26.89,27.02,26.34,5016200,134400640.0,2.55,0.26,0.07,2.46
2026-03-26,CZWI,19.32,19.42,19.6,19.32,26000,507049.0,1.44,-0.36,-0.07,0.27
2026-03-26,D,60.59,60.9,61.41,60.26,3139800,191450768.0,1.9,0.4,0.24,0.36
2026-03-26,DAAQ,10.23,10.23,10.24,10.23,27400,280612.0,0.1,0.0,0.0,0.12
2026-03-26,DABS,50.71,50.57,50.73,50.57,13600,693174.0,0.32,-0.43,-0.22,0.0
2026-03-26,DAC,113.58,112.36,114.37,112.28,66500,7517749.0,1.85,-0.73,-0.83,0.37
2026-03-26,DADS,19.17,18.99,19.17,18.98,800,15733.0,0.98,-1.7,-0.33,0.0
2026-03-26,DAIC,0.19,0.19,0.2,0.18,359900,66729.0,10.27,2.65,0.0,1.23
2026-03-26,DAICW,0.02,0.02,0.02,0.02,4700,98.0,0.49,1.95,0.0,0.0
2026-03-26,DAIO,2.53,2.68,2.75,2.45,24600,64796.0,11.86,5.93,0.15,0.26
2026-03-26,DAK,25.67,25.47,25.67,25.47,400,12510.0,0.76,-1.26,-0.33,0.0
2026-03-26,DAKT,21.12,19.9,21.33,19.88,468700,9510881.0,6.77,-7.1,-1.52,0.97
2026-03-26,DAL,67.38,66.86,68.03,66.52,11104600,745216960.0,2.21,-1.66,-1.13,
2026-03-26,DALI,27.35,27.19,27.6,27.19,5100,141250.0,1.48,-2.59,-0.72,0.0
2026-03-26,DAMD,18.03,20.35,20.39,17.64,707100,13491274.0,15.53,14.97,2.65,0.0
2026-03-26,DAN,32.94,32.85,33.55,32.37,1417100,46589100.0,3.51,-2.41,-0.81,1.29
2026-03-26,DANA,25.2,25.18,25.2,25.18,300,7564.0,0.08,-0.12,-0.03,0.0
2026-03-26,DAO,10.24,10.12,10.5,10.11,65600,676979.0,3.78,-1.84,-0.19,0.05
2026-03-26,DAPP,16.0,15.51,16.28,15.43,304300,4790501.0,5.21,-5.43,-0.89,0.0
2026-03-26,DAPR,39.65,39.62,39.69,39.61,3400,138294.0,0.21,-0.09,-0.04,0.0
2026-03-26,DAR,59.01,58.98,59.63,58.48,2193400,129515344.0,1.95,0.24,0.14,1.38
2026-03-26,DARE,1.42,1.51,1.61,1.38,211600,314451.0,16.42,7.86,0.11,1.45
2026-03-26,DARP,48.3,47.52,49.26,47.52,6000,289392.0,3.5,-4.55,-2.26,0.0
2026-03-26,DASH,150.98,151.96,155.23,149.22,4415200,672682176.0,3.93,-0.63,-0.96,1.02
2026-03-26,DAT,35.2,34.54,35.2,34.54,400,14298.0,1.92,-0.37,-0.13,0.0
2026-03-26,DAUG,43.72,43.41,43.72,43.38,4200,186725.0,0.78,-0.89,-0.39,0.0
2026-03-26,DAVA,4.47,4.49,4.66,4.42,143900,653638.0,5.46,0.0,0.0,0.26
2026-03-26,DAVE,177.09,179.1,185.0,175.0,482400,87187992.0,5.52,-1.05,-1.9,3.56
2026-03-26,DAVEW,0.3,0.33,0.35,0.22,129900,33318.0,44.4,11.31,0.03,0.0
2026-03-26,DAWN,21.39,21.4,21.46,21.37,3308500,70869024.0,0.42,0.14,0.03,3.2
2026-03-26,DAX,41.31,41.17,41.7,41.1,39800,1650614.0,1.43,-1.98,-0.83,0.0
2026-03-26,DB,29.16,28.98,29.49,28.94,2690200,78399816.0,1.85,-2.52,-0.75,0.14
2026-03-26,DBA,26.94,27.11,27.14,26.9,1592600,43072004.0,0.9,0.56,0.15,0.0
2026-03-26,DBAW,42.11,41.84,42.34,41.83,25500,1076756.0,1.2,-1.88,-0.8,0.0
2026-03-26,DBB,22.97,22.81,23.08,22.77,177900,4076411.0,1.34,-0.87,-0.2,0.0
2026-03-26,DBC,28.44,28.44,28.66,28.4,569800,16250460.0,0.92,0.96,0.27,0.0
2026-03-26,DBCA,9.85,9.85,9.85,9.85,10200,101267.0,0.0,0.1,0.01,0.02
2026-03-26,DBCAU,10.0,10.0,10.19,10.0,7000,70613.0,1.89,-0.5,-0.05,0.02
2026-03-26,DBCAW,0.27,0.27,0.28,0.27,116200,31384.0,5.58,-12.42,-0.04,0.0
2026-03-26,DBD,77.82,76.01,78.59,75.9,133900,10257920.0,3.39,-4.21,-3.34,0.38
2026-03-26,DBE,29.23,29.4,29.72,29.1,54300,1597101.0,2.18,3.52,1.0,0.0
2026-03-26,DBEF,48.62,48.29,48.91,48.28,762000,37010944.0,1.29,-1.61,-0.79,0.0
2026-03-26,DBEM,33.89,33.41,33.89,33.36,10400,350833.0,1.54,-3.06,-1.05,0.0
2026-03-26,DBEU,47.64,47.45,47.85,47.39,21000,1002775.0,0.96,-1.4,-0.67,0.0
2026-03-26,DBEZ,54.33,53.81,54.33,53.81,30200,1630813.0,0.95,-1.66,-0.91,0.0
2026-03-26,DBGI,2.0,1.91,2.07,1.9,569800,1123007.0,8.13,-8.61,-0.18,6.96
2026-03-26,DBI,4.9,5.65,5.77,4.74,1600700,8765567.0,18.97,4.05,0.22,3.22
2026-03-26,DBJP,100.95,99.87,101.18,99.63,23400,2346907.0,1.52,-2.09,-2.13,0.0
2026-03-26,DBL,14.37,14.25,14.37,14.23,49200,702708.0,0.94,-0.35,-0.05,0.0
2026-03-26,DBMF,29.9,29.86,29.95,29.83,855000,25562360.0,0.42,-0.17,-0.05,0.0
2026-03-26,DBND,45.62,45.48,45.67,45.46,49800,2269063.0,0.45,-0.5,-0.23,0.0
2026-03-26,DBO,20.55,20.57,20.76,20.34,1007400,20743858.0,2.09,2.34,0.47,0.0
2026-03-26,DBP,103.94,101.67,104.29,101.64,10100,1050336.0,2.49,-4.4,-4.68,0.0
2026-03-26,DBRG,15.39,15.38,15.4,15.37,1982900,30510588.0,0.19,-0.06,-0.01,1.09
2026-03-26,DBSC,22.99,22.83,22.99,22.83,100,2873.0,0.67,-2.65,-0.62,0.0
2026-03-26,DBVT,19.75,20.21,20.65,19.65,200400,4054762.0,4.93,-0.3,-0.06,0.34
2026-03-26,DBX,22.43,22.77,23.07,22.43,3101200,70730704.0,2.82,0.31,0.07,1.29
2026-03-26,DC,4.41,4.46,4.57,4.41,1441400,6467779.0,3.43,-4.29,-0.2,1.08
2026-03-26,DCBO,17.7,17.68,18.51,17.66,78700,1406239.0,4.73,-1.56,-0.28,0.3
2026-03-26,DCGO,0.6,0.6,0.65,0.59,800800,489235.0,9.09,-1.47,-0.01,0.81
2026-03-26,DCH,5.87,5.9,6.01,5.78,3582000,20926078.0,3.84,-1.5,-0.09,1.51
2026-03-26,DCI,86.3,84.74,86.96,84.43,504100,42910020.0,2.9,-2.73,-2.38,0.44
2026-03-26,DCMT,32.8,32.86,33.03,32.8,4200,138775.0,0.69,1.29,0.42,0.0
2026-03-26,DCO,124.82,121.42,126.35,121.19,190200,23528800.0,4.07,-4.21,-5.34,
2026-03-26,DCOM,33.13,33.2,33.51,32.89,149300,4950827.0,1.88,-0.36,-0.12,0.34
2026-03-26,DCOMG,26.28,26.15,26.49,26.15,7900,209299.0,1.29,-0.66,-0.17,0.0
2026-03-26,DCOMP,18.32,18.5,18.74,18.14,4700,86672.0,3.22,-0.54,-0.1,0.0
2026-03-26,DCOR,72.17,71.61,72.56,71.55,131200,9457823.0,1.39,-1.49,-1.08,0.0
2026-03-26,DCOY,7.3,7.03,7.39,7.0,18300,130418.0,5.29,-4.42,-0.32,3.44
2026-03-26,DCRE,51.89,51.85,51.91,51.84,29100,1511676.0,0.13,-0.06,-0.03,0.0
2026-03-26,DCTH,9.24,9.13,9.27,9.08,203000,1855897.0,2.07,-0.76,-0.07,0.58
2026-03-26,DCX,1.73,1.79,1.99,1.72,23500,43271.0,15.7,4.07,0.07,0.12
2026-03-26,DD,45.89,46.02,46.47,45.75,2672100,123046736.0,1.55,-0.67,-0.31,0.65
2026-03-26,DDC,1.98,1.97,2.0,1.94,71000,140311.0,2.99,-1.99,-0.04,0.23
2026-03-26,DDD,2.05,2.08,2.13,2.05,2336900,4894528.0,3.79,-1.42,-0.03,1.6
2026-03-26,DDDD,31.01,30.84,31.06,30.84,8600,268240.0,0.7,0.16,0.05,0.0
2026-03-26,DDEC,44.27,43.95,44.33,43.95,10300,456186.0,0.86,-0.92,-0.41,0.0
2026-03-26,DDFD,18.95,18.86,18.95,18.86,13800,262264.0,0.49,-0.9,-0.17,0.0
2026-03-26,DDFF,18.97,18.85,18.97,18.85,10700,202441.0,0.63,-0.71,-0.13,0.0
2026-03-26,DDFJ,18.81,18.73,18.85,18.7,39000,733002.0,0.79,-0.79,-0.15,0.0
2026-03-26,DDFL,20.53,20.45,20.58,20.45,1900,39380.0,0.63,-0.63,-0.13,0.0
2026-03-26,DDFM,18.78,18.7,18.82,18.7,68900,1290931.0,0.64,-0.74,-0.14,0.0
2026-03-26,DDFN,19.03,18.94,19.03,18.94,152400,2893945.0,0.45,-0.81,-0.16,0.0
2026-03-26,DDFO,21.43,21.38,21.49,21.35,268600,5752063.0,0.65,-0.47,-0.1,0.0
2026-03-26,DDFS,21.05,21.02,21.06,21.01,3300,71048.0,0.24,-0.6,-0.13,0.0
2026-03-26,DDI,8.6,8.7,8.74,8.57,13100,113517.0,1.98,1.52,0.13,0.03
2026-03-26,DDIV,40.28,39.81,40.28,39.8,2900,116386.0,1.19,-1.78,-0.72,0.0
2026-03-26,DDL,2.61,2.52,2.63,2.52,634300,1622976.0,4.34,-4.91,-0.13,0.29
2026-03-26,DDLS,42.68,42.51,42.95,42.42,17500,747393.0,1.24,-1.59,-0.69,0.0
2026-03-26,DDM,51.79,51.29,52.58,51.18,217500,11250788.0,2.68,-1.99,-1.04,0.0
2026-03-26,DDNQ,19.57,19.44,19.57,19.44,71800,1402141.0,0.66,-1.72,-0.34,0.0
2026-03-26,DDOG,122.39,124.3,127.45,121.08,3443900,429517920.0,5.16,0.82,1.01,0.97
2026-03-26,DDS,561.57,552.31,568.79,551.04,83400,46442192.0,3.13,-2.64,-14.97,0.53
2026-03-26,DDSQ,19.29,19.11,19.29,19.11,15900,305967.0,0.95,-0.91,-0.18,0.0
2026-03-26,DDT,25.99,25.9,26.0,25.82,17900,466918.0,0.69,0.0,0.0,0.0
2026-03-26,DDTD,18.75,18.58,18.79,18.58,4500,85168.0,1.09,-1.15,-0.22,0.0
2026-03-26,DDTF,18.66,18.54,18.73,18.54,2000,37802.0,0.99,-1.15,-0.22,0.0
2026-03-26,DDTJ,18.51,18.45,18.51,18.45,8000,148726.0,0.31,-1.1,-0.2,0.0
2026-03-26,DDTL,20.71,20.61,20.77,20.61,8300,173414.0,0.76,-0.91,-0.19,0.0
2026-03-26,DDTM,18.58,18.46,18.65,18.46,15600,290908.0,1.02,-1.03,-0.19,0.0
2026-03-26,DDTN,18.8,18.65,18.8,18.65,4600,86531.0,0.8,-0.96,-0.18,0.0
2026-03-26,DDTO,21.28,21.14,21.28,21.1,4800,102929.0,0.84,-0.92,-0.2,
2026-03-26,DDTS,21.01,20.95,21.01,20.91,2100,45278.0,0.47,-0.83,-0.17,0.0
2026-03-26,DDV,25.14,25.06,25.14,25.06,2900,74211.0,0.3,-0.38,-0.1,0.0
2026-03-26,DDWM,43.32,43.13,43.7,43.1,145500,6313873.0,1.36,-1.95,-0.86,0.0
2026-03-26,DDX,24.13,24.13,24.13,24.13,500,13322.0,0.0,-0.89,-0.22,0.0
2026-03-26,DDXX,25.27,24.98,25.27,24.98,2900,72960.0,1.14,-1.72,-0.44,0.0
2026-03-26,DE,573.96,581.19,587.84,573.96,1516500,877701952.0,2.4,0.55,3.2,0.56
2026-03-26,DEA,21.72,21.88,21.97,21.7,242000,5295066.0,1.24,0.74,0.16,0.52
2026-03-26,DEC,17.53,17.77,17.87,17.4,1556300,27531826.0,2.7,2.24,0.39,2.15
2026-03-26,DECK,99.75,93.69,101.33,93.42,3137400,298974368.0,7.91,-6.36,-6.36,2.21
2026-03-26,DECM,32.66,32.6,32.66,32.59,49900,1628573.0,0.21,-0.37,-0.12,0.0
2026-03-26,DECO,46.0,45.58,46.0,45.58,200,13276.0,0.88,-5.68,-2.74,0.0
2026-03-26,DECP,29.83,29.55,29.83,29.55,9800,292084.0,0.93,-1.12,-0.33,0.0
2026-03-26,DECT,35.68,35.4,35.68,35.35,11800,420185.0,0.91,-1.17,-0.42,0.0
2026-03-26,DECU,26.59,26.44,26.7,26.44,31700,844944.0,0.99,-1.17,-0.31,0.0
2026-03-26,DECW,33.41,33.3,33.46,33.28,7000,233663.0,0.52,-0.79,-0.27,0.0
2026-03-26,DECZ,38.94,38.62,38.97,38.62,2800,109036.0,0.9,-1.26,-0.49,0.0
2026-03-26,DEED,21.31,21.2,21.31,21.2,6500,139886.0,0.51,-1.0,-0.22,0.0
2026-03-26,DEEF,37.4,37.03,37.4,37.03,2100,78487.0,0.99,-1.67,-0.63,0.0
2026-03-26,DEEP,36.61,36.67,36.67,36.61,700,27485.0,0.16,-0.64,-0.24,0.0
2026-03-26,DEFI,77.81,77.81,77.81,77.81,0,3361.0,0.0,-3.14,-2.52,0.0
2026-03-26,DEFR,26.59,26.48,26.62,26.46,21400,568175.0,0.6,-0.75,-0.2,0.0
2026-03-26,DEFT,0.6,0.57,0.6,0.55,3213800,1747370.0,8.47,-6.79,-0.04,0.83
2026-03-26,DEHP,33.62,33.0,33.78,33.0,28600,958813.0,2.29,-3.28,-1.12,0.0
2026-03-26,DEI,9.34,9.45,9.61,9.33,1759400,16634117.0,2.99,0.75,0.07,1.05
2026-03-26,DELL,182.71,175.82,186.39,175.55,11061200,1988703232.0,5.89,-4.45,-8.19,1.71
2026-03-26,DEM,48.68,48.38,49.03,48.36,263800,12837449.0,1.35,-2.4,-1.19,0.0
2026-03-26,DEMZ,40.61,39.82,40.61,39.82,2200,88486.0,1.93,-2.09,-0.85,0.0
2026-03-26,DEO,74.13,73.74,75.38,73.54,1982900,147520192.0,2.48,-0.42,-0.31,0.36
2026-03-26,DERM,5.89,4.78,6.1,4.76,1651400,8742465.0,19.62,-30.01,-2.05,6.04
2026-03-26,DES,35.78,35.83,36.22,35.78,97700,3515605.0,1.22,-0.89,-0.32,0.0
2026-03-26,DESK,32.73,32.73,32.73,32.73,0,823.0,0.0,-0.32,-0.11,0.0
2026-03-26,DEUS,59.86,59.58,60.21,59.45,10700,643998.0,1.26,-1.02,-0.62,0.0
2026-03-26,DEVS,0.63,0.59,0.63,0.57,84900,50327.0,9.31,-7.42,-0.05,1.59
2026-03-26,DEW,65.32,65.21,65.74,65.06,5800,378715.0,1.03,-0.96,-0.63,0.0
2026-03-26,DEXC,64.48,63.32,64.75,63.32,10500,674671.0,2.18,-3.45,-2.26,0.0
2026-03-26,DFAC,38.94,38.61,39.15,38.58,4230200,164272816.0,1.45,-1.53,-0.6,0.0
2026-03-26,DFAE,33.58,33.08,33.78,33.08,1915800,64028240.0,2.05,-3.22,-1.1,0.0
2026-03-26,DFAI,38.38,38.05,38.68,38.04,1690000,64735752.0,1.65,-1.93,-0.75,0.0
2026-03-26,DFAR,23.32,23.39,23.56,23.26,2204500,51648848.0,1.26,0.0,0.0,0.0
2026-03-26,DFAS,71.09,70.92,71.96,70.84,603500,43033144.0,1.56,-1.2,-0.86,0.0
2026-03-26,DFAT,62.25,62.37,63.02,62.24,368300,23029658.0,1.24,-0.51,-0.32,0.0
2026-03-26,DFAU,45.23,44.78,45.45,44.77,1077600,48559464.0,1.49,-1.69,-0.77,0.0
2026-03-26,DFAW,73.7,72.87,73.96,72.81,90900,6663849.0,1.56,-1.73,-1.28,0.0
2026-03-26,DFAX,33.57,33.18,33.76,33.17,1458100,48815044.0,1.72,-2.44,-0.83,0.0
2026-03-26,DFCA,49.72,49.72,49.78,49.67,78500,3902586.0,0.22,-0.18,-0.09,0.0
2026-03-26,DFCF,42.02,41.87,42.08,41.87,1293900,54280360.0,0.5,-0.69,-0.29,0.0
2026-03-26,DFDV,3.85,3.74,4.03,3.68,802200,2999986.0,8.69,-5.79,-0.23,2.68
2026-03-26,DFDVW,0.76,0.68,0.76,0.67,7500,4931.0,12.41,-6.68,-0.05,0.0
2026-03-26,DFE,70.55,70.05,70.82,70.05,5800,407461.0,1.08,-1.43,-1.01,0.0
2026-03-26,DFEB,47.48,47.15,47.48,47.1,27500,1300614.0,0.79,-0.87,-0.41,0.0
2026-03-26,DFEM,34.32,33.75,34.45,33.75,726500,24749186.0,2.01,-3.24,-1.13,0.0
2026-03-26,DFEN,67.57,64.85,68.8,64.25,239600,15865623.0,6.46,-7.92,-5.58,0.0
2026-03-26,DFEV,35.46,34.96,35.65,34.96,298600,10533861.0,1.91,-3.05,-1.1,0.0
2026-03-26,DFGP,53.67,53.51,53.78,53.51,129600,6951734.0,0.51,-0.82,-0.44,0.0
2026-03-26,DFGR,26.28,26.28,26.47,26.22,387600,10202943.0,0.95,-0.49,-0.13,0.0
2026-03-26,DFGX,52.23,52.12,52.34,52.12,121900,6370204.0,0.42,-0.84,-0.44,0.0
2026-03-26,DFH,14.29,14.21,14.75,14.12,530500,7585360.0,4.34,-1.39,-0.2,0.58
2026-03-26,DFIC,34.99,34.7,35.24,34.68,1576200,55071660.0,1.58,-1.92,-0.68,0.0
2026-03-26,DFII,13.66,13.48,13.68,13.45,7100,96670.0,1.62,-3.04,-0.42,
2026-03-26,DFIN,46.62,46.93,47.53,46.36,201700,9467564.0,2.49,-0.02,-0.01,0.79
2026-03-26,DFIP,41.62,41.47,41.65,41.47,79000,3286392.0,0.43,-0.41,-0.17,0.0
2026-03-26,DFIS,33.17,32.91,33.46,32.87,691900,22916564.0,1.76,-2.02,-0.68,0.0
2026-03-26,DFIV,51.86,51.5,52.22,51.47,1214000,62874596.0,1.43,-1.57,-0.82,0.0
2026-03-26,DFJ,100.79,99.98,101.43,99.81,43800,4421764.0,1.59,-1.92,-1.95,0.0
2026-03-26,DFLI,2.05,1.94,2.11,1.94,227700,459386.0,8.21,-6.28,-0.13,1.89
2026-03-26,DFLIW,0.04,0.04,0.04,0.04,100,4.0,0.0,-18.66,-0.01,0.0
2026-03-26,DFLV,35.66,35.6,35.9,35.56,1169500,41768928.0,0.94,-0.63,-0.22,0.0
2026-03-26,DFMC,50.91,50.66,51.17,50.63,14800,753498.0,1.06,-1.02,-0.52,0.0
2026-03-26,DFNL,44.11,44.21,44.52,44.06,56100,2478323.0,1.04,-0.74,-0.33,0.0
2026-03-26,DFNM,47.9,47.79,47.9,47.79,223500,10690361.0,0.23,-0.15,-0.07,0.0
2026-03-26,DFNS,0.84,0.86,0.89,0.82,668000,572156.0,8.58,0.74,0.01,2.16
2026-03-26,DFNSW,0.11,0.11,0.11,0.1,3900,423.0,10.82,-0.09,-0.0,0.0
2026-03-26,DFP,20.11,20.15,20.23,20.05,135800,2736906.0,0.88,-0.74,-0.15,0.0
2026-03-26,DFSB,51.45,51.37,51.53,51.33,72700,3740272.0,0.38,-0.61,-0.32,0.0
2026-03-26,DFSC,2.2,2.14,2.28,2.14,13300,29200.0,5.79,-7.73,-0.18,0.67
2026-03-26,DFSCW,0.03,0.03,0.03,0.03,300,7.0,0.0,0.0,0.0,0.0
2026-03-26,DFSD,47.69,47.6,47.74,47.58,865500,41244120.0,0.32,-0.37,-0.18,0.0
2026-03-26,DFSE,41.92,41.47,42.24,41.42,24700,1033065.0,1.92,-3.33,-1.43,0.0
2026-03-26,DFSI,41.86,41.36,42.05,41.34,74800,3115130.0,1.68,-2.29,-0.97,0.0
2026-03-26,DFSU,41.28,40.84,41.45,40.8,152400,6245899.0,1.57,-1.59,-0.66,0.0
2026-03-26,DFSV,34.89,35.01,35.34,34.89,1205300,42317544.0,1.28,-0.28,-0.1,0.0
2026-03-26,DFTT,24.34,24.27,24.34,24.27,300,9296.0,0.29,-2.53,-0.63,0.0
2026-03-26,DFTX,18.41,18.94,19.37,18.24,1519500,28650220.0,6.11,2.54,0.47,1.52
2026-03-26,DFUS,71.18,70.4,71.47,70.37,986900,69938680.0,1.54,-1.76,-1.26,0.0
2026-03-26,DFUV,48.44,48.3,48.76,48.26,665300,32246964.0,1.02,-0.84,-0.41,0.0
2026-03-26,DFVE,32.58,32.36,32.58,32.33,4700,153678.0,0.77,-0.7,-0.23,0.0
2026-03-26,DFVX,74.49,73.77,74.66,73.68,27500,2045643.0,1.31,-1.4,-1.05,0.0
2026-03-26,DG,118.52,119.23,121.76,118.51,4084900,488831904.0,2.72,-0.27,-0.32,1.85
2026-03-26,DGCB,53.77,53.65,53.9,53.63,65200,3508931.0,0.49,-0.76,-0.41,
2026-03-26,DGICA,16.9,17.16,17.17,16.9,116500,1992679.0,1.59,0.82,0.14,0.37
2026-03-26,DGICB,16.89,17.5,17.5,16.89,1200,22073.0,3.6,3.24,0.55,0.02
2026-03-26,DGII,49.96,48.64,50.44,48.51,232100,11396871.0,3.8,-3.99,-2.02,0.62
2026-03-26,DGIN,31.74,31.5,31.91,31.45,1600,51411.0,1.42,-1.85,-0.59,0.0
2026-03-26,DGJA,29.76,29.71,29.76,29.68,1000,31698.0,0.27,-0.85,-0.26,0.0
2026-03-26,DGLO,22.43,22.28,22.43,22.28,100,3656.0,0.68,-0.96,-0.22,0.0
2026-03-26,DGNX,0.49,0.49,0.51,0.46,1161800,558797.0,9.72,0.08,0.0,0.5
2026-03-26,DGOC,30.98,30.78,30.98,30.78,8200,255743.0,0.63,-0.76,-0.24,0.0
2026-03-26,DGP,161.0,153.45,164.28,153.45,356400,56630524.0,6.41,-9.2,-15.54,0.0
2026-03-26,DGRE,33.12,32.56,33.13,32.54,8200,270256.0,1.75,-3.31,-1.11,0.0
2026-03-26,DGRO,69.77,69.63,70.28,69.6,1861200,130162176.0,0.96,-0.6,-0.42,0.0
2026-03-26,DGRS,52.84,53.02,53.48,52.84,23700,1263490.0,1.2,-0.68,-0.36,0.0
2026-03-26,DGRW,87.82,86.92,88.07,86.87,1426900,124854824.0,1.36,-1.69,-1.49,0.0
2026-03-26,DGS,59.54,58.89,59.89,58.89,47300,2808799.0,1.65,-2.73,-1.65,0.0
2026-03-26,DGT,168.15,166.8,168.76,166.8,8400,1416487.0,1.15,-1.58,-2.68,0.0
2026-03-26,DGX,196.24,198.15,198.88,195.0,706200,139752368.0,1.98,0.86,1.69,0.64
2026-03-26,DGXX,2.33,2.15,2.36,2.15,1782000,3955923.0,8.54,-10.42,-0.25,2.55
2026-03-26,DGZ,5.18,5.16,5.18,4.99,13300,67926.0,3.84,3.03,0.15,0.0
2026-03-26,DH,1.06,1.09,1.12,1.06,176500,192885.0,5.05,0.0,0.0,0.12
2026-03-26,DHC,6.81,6.87,6.9,6.72,974200,6664345.0,2.7,0.15,0.01,0.4
2026-03-26,DHCNI,16.85,16.58,16.85,16.5,25600,427806.0,2.06,-2.41,-0.41,0.0
2026-03-26,DHCNL,17.7,17.57,17.86,17.5,14000,248396.0,2.06,-0.68,-0.12,0.0
2026-03-26,DHDG,33.63,33.54,33.75,33.54,3800,129466.0,0.62,-0.61,-0.21,0.0
2026-03-26,DHF,2.38,2.36,2.39,2.34,271300,641613.0,2.29,-1.67,-0.04,0.0
2026-03-26,DHI,136.33,135.96,138.87,135.85,1988200,272322848.0,2.19,-1.26,-1.73,0.69
2026-03-26,DHIL,172.6,172.64,172.64,172.42,18400,3186047.0,0.13,0.02,0.04,0.68
2026-03-26,DHLX,12.92,12.79,12.92,12.79,4100,53126.0,1.01,-0.39,-0.05,0.0
2026-03-26,DHR,185.51,188.05,188.83,185.5,3694900,694902720.0,1.78,0.48,0.9,0.52
2026-03-26,DHS,107.66,107.93,108.47,107.64,56400,6095936.0,0.77,-0.2,-0.22,0.0
2026-03-26,DHSB,25.5,25.54,25.54,25.5,500,12828.0,0.15,-0.71,-0.18,0.0
2026-03-26,DHT,17.94,17.82,18.4,17.79,4165900,75021240.0,3.43,0.22,0.04,2.59
2026-03-26,DHX,2.69,2.7,2.79,2.61,171900,461724.0,6.74,1.12,0.03,0.38
2026-03-26,DHY,1.89,1.86,1.89,1.86,257300,482150.0,1.84,-2.11,-0.04,0.0
2026-03-26,DIA,461.54,459.31,465.43,458.94,8283900,3825865728.0,1.4,-1.04,-4.83,0.0
2026-03-26,DIAL,18.05,17.97,18.06,17.95,31500,568639.0,0.61,-0.78,-0.14,0.0
2026-03-26,DIAX,14.37,14.23,14.44,14.23,81000,1160554.0,1.42,-1.25,-0.18,0.0
2026-03-26,DIBS,5.54,5.42,5.63,5.41,146900,807731.0,3.94,-2.87,-0.16,0.4
2026-03-26,DIEM,35.02,34.51,35.14,34.51,10400,366572.0,1.77,-3.11,-1.11,0.0
2026-03-26,DIG,65.6,67.25,68.0,65.6,86300,5790237.0,3.67,2.81,1.84,0.0
2026-03-26,DIHP,31.76,31.53,32.04,31.51,701800,22263852.0,1.65,-1.99,-0.64,0.0
2026-03-26,DIM,81.52,80.96,81.84,80.96,3900,326021.0,1.06,-1.7,-1.4,0.0
2026-03-26,DIME,8.32,8.29,8.32,8.29,700,6352.0,0.43,-5.02,-0.44,0.0
2026-03-26,DIN,26.19,26.06,26.91,26.02,313500,8244168.0,3.34,-1.62,-0.43,2.4
2026-03-26,DINO,61.01,63.22,63.63,61.01,1686200,106274592.0,4.3,3.81,2.32,0.94
2026-03-26,DINT,26.08,26.16,26.6,26.08,4900,131288.0,1.95,-2.66,-0.72,0.0
2026-03-26,DIOD,72.17,71.0,74.35,70.72,521200,37621288.0,4.94,-3.36,-2.47,1.14
2026-03-26,DIPS,49.99,50.77,50.77,49.99,3500,179753.0,1.56,1.84,0.92,0.0
2026-03-26,DIS,95.12,94.75,96.4,94.58,8548800,813202240.0,1.89,-1.25,-1.2,0.48
2026-03-26,DISO,9.81,9.69,9.81,9.69,7100,70182.0,1.22,-1.82,-0.18,0.0
2026-03-26,DISV,38.73,38.46,39.04,38.42,477100,18471258.0,1.6,-1.76,-0.69,0.0
2026-03-26,DIT,87.54,87.54,87.54,87.54,700,65263.0,0.0,0.0,0.0,0.08
2026-03-26,DIV,18.92,18.97,19.14,18.92,216700,4130614.0,1.16,0.0,0.0,0.0
2026-03-26,DIVB,53.75,53.85,54.32,53.75,65800,3558285.0,1.05,-0.36,-0.19,0.0
2026-03-26,DIVD,40.62,40.48,40.65,40.48,200,8879.0,0.43,-0.64,-0.26,0.0
2026-03-26,DIVE,24.21,23.93,24.21,23.91,2700,65380.0,1.24,-0.86,-0.21,0.0
2026-03-26,DIVG,34.27,34.27,34.27,34.27,100,4154.0,0.0,0.04,0.01,0.0
2026-03-26,DIVI,39.17,38.83,39.45,38.79,209200,8177593.0,1.65,-1.97,-0.78,0.0
2026-03-26,DIVL,24.28,24.28,24.28,24.28,0,1704.0,0.0,-0.27,-0.07,0.0
2026-03-26,DIVN,27.93,28.21,28.47,27.93,28000,797305.0,1.91,-0.45,-0.13,0.0
2026-03-26,DIVO,44.82,44.67,45.08,44.64,856600,38419360.0,0.99,-0.65,-0.29,0.0
2026-03-26,DIVP,26.27,26.23,26.4,26.23,22600,596923.0,0.65,0.21,0.06,0.0
2026-03-26,DIVS,30.4,30.0,30.4,29.99,4700,144455.0,1.34,-1.21,-0.37,
2026-03-26,DIVY,27.26,27.25,27.42,27.22,2600,73320.0,0.71,-0.24,-0.06,0.0
2026-03-26,DIVZ,37.39,37.27,37.41,37.21,47500,1775782.0,0.54,0.18,0.07,0.0
2026-03-26,DJAN,42.53,42.35,42.67,42.29,12100,514235.0,0.89,-0.83,-0.35,0.0
2026-03-26,DJCO,478.01,485.86,505.1,478.01,110500,54114932.0,5.58,0.12,0.57,6.12
2026-03-26,DJD,59.61,59.46,60.02,59.46,32000,1912380.0,0.94,-0.49,-0.29,0.0
2026-03-26,DJIA,20.96,20.88,21.02,20.84,48300,1010850.0,0.86,-0.52,-0.11,0.0
2026-03-26,DJP,46.58,46.51,46.85,46.47,40100,1873575.0,0.84,0.65,0.3,0.0
2026-03-26,DJT,8.92,8.59,9.15,8.58,3094300,27198108.0,6.15,-6.53,-0.6,1.12
2026-03-26,DJTU,1.51,1.39,1.59,1.39,395700,592772.0,12.11,-13.66,-0.22,0.0
2026-03-26,DJTWW,5.01,4.97,5.13,4.91,11200,56552.0,4.27,-3.5,-0.18,0.0
2026-03-26,DJUL,46.91,46.57,47.0,46.55,9200,432729.0,0.95,-1.01,-0.48,0.0
2026-03-26,DJUN,47.1,46.84,47.17,46.81,7300,343524.0,0.77,-0.93,-0.44,0.0
2026-03-26,DK,43.72,46.41,46.54,43.72,1445300,66700496.0,6.35,4.55,2.02,2.42
2026-03-26,DKI,0.36,0.35,0.37,0.35,24500,8740.0,4.47,-1.69,-0.01,0.12
2026-03-26,DKL,53.14,54.17,54.5,53.14,46100,2490868.0,2.53,0.78,0.42,0.09
2026-03-26,DKNG,21.1,21.27,21.63,20.89,17041300,362245184.0,3.45,-0.7,-0.15,1.92
2026-03-26,DKNX,15.72,15.95,16.41,15.52,66100,1051283.0,5.5,-1.43,-0.23,0.0
2026-03-26,DKS,193.66,192.34,200.26,192.27,941000,183157120.0,4.12,-0.86,-1.67,1.05
2026-03-26,DLAG,30.82,30.63,30.82,30.63,200,6194.0,0.62,-1.1,-0.34,0.0
2026-03-26,DLB,58.35,58.73,59.67,58.33,605200,35546708.0,2.27,0.15,0.09,0.63
2026-03-26,DLFE,29.48,29.26,29.51,29.26,22800,671745.0,0.85,-1.07,-0.32,0.0
2026-03-26,DLHC,5.93,5.7,5.99,5.6,4800,28207.0,6.52,-5.63,-0.34,0.03
2026-03-26,DLLL,43.94,40.49,45.55,40.31,178600,7584842.0,11.76,-9.09,-4.05,0.0
2026-03-26,DLN,88.9,88.54,89.34,88.51,363200,32260058.0,0.93,-1.11,-0.99,0.0
2026-03-26,DLNG,3.98,4.23,4.28,3.98,164300,681900.0,7.58,6.82,0.27,0.45
2026-03-26,DLNV,30.37,30.37,30.37,30.37,0,1799.0,0.0,-1.04,-0.32,0.0
2026-03-26,DLO,13.0,12.36,13.06,12.34,1741800,21900540.0,5.57,-5.07,-0.66,0.59
2026-03-26,DLPN,1.47,1.58,1.6,1.47,18600,29273.0,8.38,1.61,0.03,0.15
2026-03-26,DLR,175.19,174.75,177.35,174.4,1133000,198671872.0,1.67,-0.95,-1.68,0.33
2026-03-26,DLS,80.7,80.27,81.15,80.15,24900,2016589.0,1.21,-1.87,-1.53,0.0
2026-03-26,DLTH,3.17,3.13,3.18,3.03,174000,542764.0,4.76,-0.63,-0.02,0.47
2026-03-26,DLTR,106.0,105.99,108.37,105.11,3036400,322220704.0,3.05,-0.61,-0.65,1.54
2026-03-26,DLX,27.54,27.7,28.06,27.54,244300,6783038.0,1.86,-0.93,-0.26,0.53
2026-03-26,DLXY,0.53,0.56,0.59,0.52,131800,71812.0,13.26,6.65,0.04,0.81
2026-03-26,DLY,13.8,13.7,13.87,13.69,313600,4312522.0,1.3,-1.01,-0.14,0.65
2026-03-26,DMA,8.15,8.06,8.16,8.03,6400,52195.0,1.6,-0.86,-0.07,0.0
2026-03-26,DMAA,10.5,10.51,10.52,10.5,14100,148903.0,0.19,0.1,0.01,0.04
2026-03-26,DMAAR,0.05,0.05,0.05,0.05,277800,13838.0,11.49,14.94,0.01,0.0
2026-03-26,DMAC,6.77,6.85,7.01,6.76,164800,1125964.0,3.64,-0.15,-0.01,0.31
2026-03-26,DMAR,42.36,42.16,42.46,42.16,89100,3772950.0,0.7,-0.66,-0.28,0.0
2026-03-26,DMAX,26.58,26.53,26.58,26.53,1900,52729.0,0.19,-0.32,-0.08,0.0
2026-03-26,DMAY,44.97,44.68,45.05,44.68,5300,241947.0,0.83,-0.95,-0.43,0.0
2026-03-26,DMB,10.41,10.35,10.46,10.35,66000,685947.0,1.05,-0.77,-0.08,0.0
2026-03-26,DMBS,49.1,48.92,49.18,48.88,79500,3895789.0,0.6,-0.78,-0.38,0.0
2026-03-26,DMII,9.96,9.98,9.98,9.96,3400,34490.0,0.2,0.2,0.02,0.01
2026-03-26,DMIIR,0.08,0.1,0.1,0.08,47600,4285.0,16.97,-11.01,-0.01,0.0
2026-03-26,DMIIU,10.02,10.02,10.02,10.02,0,20.0,0.0,0.0,0.0,0.0
2026-03-26,DMLP,28.0,27.95,28.33,27.68,223400,6253797.0,2.36,1.27,0.35,0.46
2026-03-26,DMO,10.7,10.52,10.74,10.52,60700,645629.0,2.09,-2.05,-0.22,0.0
2026-03-26,DMRA,25.05,25.63,27.68,24.78,260500,6839921.0,11.56,2.32,0.58,0.45
2026-03-26,DMRC,4.51,4.66,4.98,4.5,210300,1005154.0,10.48,1.75,0.08,0.95
2026-03-26,DMX,49.96,49.85,49.96,49.85,6400,323059.0,0.23,-0.3,-0.15,0.0
2026-03-26,DMXF,74.18,73.53,74.8,73.51,16800,1245798.0,1.71,-2.35,-1.77,0.0
2026-03-26,DNA,7.17,6.41,7.2,6.39,1201100,8004102.0,10.94,-12.91,-0.95,1.94
2026-03-26,DNL,40.12,39.69,40.32,39.64,26900,1074745.0,1.67,-2.74,-1.12,0.0
2026-03-26,DNLI,22.53,19.74,22.58,19.74,3426100,70228928.0,12.66,-12.17,-2.73,2.16
2026-03-26,DNMX,9.92,9.9,9.92,9.9,723000,7162022.0,0.2,-0.2,-0.02,2.69
2026-03-26,DNN,3.48,3.36,3.51,3.3,47117000,159607744.0,5.78,-5.88,-0.21,5.22
2026-03-26,DNNG,10.11,10.01,10.31,10.01,9600,99214.0,2.65,-11.8,-1.34,0.0
2026-03-26,DNOV,47.88,47.69,48.11,47.69,15300,732988.0,0.86,-0.9,-0.44,0.0
2026-03-26,DNOW,12.07,12.02,12.28,11.9,2846300,34369496.0,3.13,-0.83,-0.1,1.53
2026-03-26,DNP,10.1,10.13,10.2,10.07,537900,5449935.0,1.28,-0.3,-0.03,0.0
2026-03-26,DNTH,79.98,82.45,84.75,79.1,1560100,128891728.0,7.1,3.57,2.84,3.01
2026-03-26,DNUT,3.42,3.42,3.55,3.37,2999600,10381102.0,5.3,2.09,0.07,1.74
2026-03-26,DOC,16.73,16.79,17.13,16.72,6594500,111148232.0,2.44,-0.12,-0.02,0.95
2026-03-26,DOCN,85.7,85.62,88.2,84.28,7537700,648632448.0,4.51,-1.59,-1.38,
2026-03-26,DOCS,24.07,24.31,24.92,23.93,1681700,41061428.0,4.09,0.54,0.13,0.91
2026-03-26,DOCT,43.51,43.29,43.6,43.26,6700,295053.0,0.78,-0.8,-0.35,0.0
2026-03-26,DOCU,45.77,47.18,47.75,45.7,5107600,241278544.0,4.43,1.9,0.88,2.63
2026-03-26,DOG,24.51,24.62,24.65,24.31,2428200,59551608.0,1.4,1.07,0.26,0.0
2026-03-26,DOGD,18.0,17.95,18.8,17.84,12500,228991.0,5.41,1.25,0.22,0.0
2026-03-26,DOGG,21.72,21.61,21.87,21.61,8300,180692.0,1.19,-1.24,-0.27,0.0
2026-03-26,DOGZ,1.48,1.48,1.55,1.48,42200,63885.0,4.64,-1.99,-0.03,0.29
2026-03-26,DOJE,8.6,8.51,8.63,8.48,40700,340858.0,1.66,-5.76,-0.52,0.0
2026-03-26,DOL,66.89,66.19,67.36,66.19,23300,1558778.0,1.72,-2.51,-1.71,0.0
2026-03-26,DOLE,14.46,14.55,14.75,14.46,451600,6592896.0,2.0,0.41,0.06,0.47
2026-03-26,DOMH,3.11,3.1,3.44,3.05,153700,495934.0,12.34,-1.9,-0.06,0.95
2026-03-26,DOMO,3.33,3.31,3.47,3.3,804300,2704505.0,5.15,-2.65,-0.09,1.92
2026-03-26,DON,52.12,52.27,52.76,52.12,150200,7865834.0,1.22,-0.65,-0.34,0.0
2026-03-26,DOO,64.4,67.24,69.33,62.6,566300,38086148.0,10.35,3.45,2.24,0.77
2026-03-26,DORM,105.35,106.47,107.96,105.07,219300,23345714.0,2.71,-0.45,-0.48,
2026-03-26,DOUG,1.74,1.72,1.79,1.72,851200,1476646.0,4.26,-2.27,-0.04,0.96
2026-03-26,DOV,213.27,209.21,215.35,209.09,919200,193553312.0,2.91,-2.77,-5.95,0.68
2026-03-26,DOW,39.62,39.47,40.19,39.22,9711500,385358720.0,2.46,-0.38,-0.15,1.35
2026-03-26,DOX,65.24,65.77,66.68,65.12,924300,60894236.0,2.39,0.55,0.36,0.86
2026-03-26,DOYU,4.75,4.76,4.91,4.75,14000,67556.0,3.35,-0.1,-0.01,0.05
2026-03-26,DPG,14.33,14.28,14.54,14.27,61900,888558.0,1.86,-1.38,-0.2,0.0
2026-03-26,DPRO,4.94,4.72,5.11,4.69,2388700,11652194.0,8.52,-4.65,-0.23,6.55
2026-03-26,DPST,91.86,94.11,95.03,91.59,284100,26645980.0,3.64,-0.5,-0.47,0.0
2026-03-26,DPZ,362.75,358.54,364.77,356.99,1202300,433662560.0,2.15,-1.1,-3.99,3.58
2026-03-26,DQ,21.5,21.26,21.52,20.93,491700,10436578.0,2.72,-2.83,-0.62,0.73
2026-03-26,DRAI,29.1,28.96,29.1,28.96,200,8691.0,0.48,-0.87,-0.25,0.0
2026-03-26,DRAY,16.23,16.07,16.28,15.92,6500,106450.0,2.23,-1.7,-0.28,0.0
2026-03-26,DRCT,0.79,0.75,0.81,0.72,66200,50736.0,11.62,-5.82,-0.05,2.79
2026-03-26,DRD,27.16,27.06,28.16,26.88,280500,7671011.0,4.57,-3.05,-0.85,0.32
2026-03-26,DRDB,10.47,10.5,10.5,10.47,139900,1465023.0,0.29,0.29,0.03,0.46
2026-03-26,DRDBW,0.24,0.25,0.25,0.18,46500,9898.0,29.04,1.76,0.0,0.0
2026-03-26,DRES,28.07,27.71,28.07,27.67,700,20837.0,1.44,-1.25,-0.35,0.0
2026-03-26,DRGN,30.46,30.47,30.89,30.46,3700,114255.0,1.37,-3.05,-0.96,0.0
2026-03-26,DRH,9.56,9.59,9.77,9.5,1872000,17977242.0,2.88,0.31,0.03,0.91
2026-03-26,DRI,200.89,198.87,202.63,197.93,901400,179763120.0,2.33,-1.38,-2.79,0.78
2026-03-26,DRIO,8.12,8.45,8.7,7.93,24400,199209.0,10.06,9.74,0.75,0.33
2026-03-26,DRIP,4.1,3.99,4.1,3.9,25750900,102696664.0,4.81,-4.09,-0.17,0.0
2026-03-26,DRIV,30.33,29.91,30.65,29.91,12200,370686.0,2.4,-3.17,-0.98,0.0
2026-03-26,DRKY,19.09,19.03,19.18,18.96,13600,260980.0,1.14,-1.38,-0.27,0.0
2026-03-26,DRLL,39.66,40.06,40.22,39.51,37600,1509892.0,1.81,1.92,0.76,0.0
2026-03-26,DRMA,1.46,1.37,1.47,1.36,208600,291767.0,7.53,-6.16,-0.09,5.19
2026-03-26,DRMAW,0.02,0.02,0.02,0.02,4400,87.0,20.25,-7.17,-0.0,0.0
2026-03-26,DRN,8.24,8.28,8.46,8.12,1233500,10258040.0,4.05,0.12,0.01,0.0
2026-03-26,DRNL,14.5,13.29,14.5,13.29,2100,29799.0,7.95,-12.48,-1.9,0.0
2026-03-26,DRNZ,26.1,25.28,26.16,25.2,186100,4750957.0,3.67,-3.88,-1.02,0.0
2026-03-26,DRS,45.88,46.53,46.82,45.47,1328600,61659948.0,2.91,0.45,0.21,0.5
2026-03-26,DRSK,27.29,27.28,27.43,27.27,97200,2657897.0,0.58,-0.53,-0.14,0.0
2026-03-26,DRTS,7.02,6.9,7.22,6.85,182100,1266765.0,5.17,-2.27,-0.16,0.21
2026-03-26,DRTSW,1.0,1.0,1.0,0.91,22600,22517.0,9.28,0.0,0.0,0.0
2026-03-26,DRUG,73.46,73.31,74.71,72.04,134200,9892938.0,3.6,-1.07,-0.79,1.37
2026-03-26,DRUP,55.58,54.66,55.58,54.66,6000,333347.0,1.66,-1.29,-0.71,0.0
2026-03-26,DRV,26.4,25.98,26.44,25.36,171400,4428118.0,4.15,0.0,0.0,0.0
2026-03-26,DRVN,12.69,13.0,13.05,12.45,2621000,33699004.0,4.66,1.88,0.24,1.59
2026-03-26,DSAC,9.94,9.91,9.94,9.9,332900,3303396.0,0.4,0.05,0.01,0.97
2026-03-26,DSACU,10.08,10.07,10.08,10.04,16700,168856.0,0.4,-0.1,-0.01,0.07
2026-03-26,DSACW,0.37,0.4,0.4,0.37,2000,761.0,9.02,0.47,0.0,0.0
2026-03-26,DSCO,24.81,24.82,24.87,24.75,33700,837340.0,0.48,-0.16,-0.04,0.0
2026-03-26,DSEP,44.14,43.78,44.19,43.78,20800,913662.0,0.93,-1.03,-0.45,0.0
2026-03-26,DSGN,10.52,10.71,10.93,10.52,153900,1654028.0,3.82,-0.19,-0.02,0.25
2026-03-26,DSGR,26.11,25.99,26.75,25.93,82300,2145416.0,3.09,-1.92,-0.51,0.18
2026-03-26,DSGX,70.05,71.64,72.07,69.5,470500,33638276.0,3.67,2.27,1.59,0.55
2026-03-26,DSI,121.51,120.12,122.11,120.07,106900,12961400.0,1.67,-1.89,-2.32,
2026-03-26,DSL,10.65,10.62,10.67,10.6,544700,5791148.0,0.66,-0.56,-0.06,0.0
2026-03-26,DSM,5.86,5.83,5.88,5.8,159900,934198.0,1.36,-0.85,-0.05,0.0
2026-03-26,DSMC,37.88,37.53,37.88,37.51,1800,69528.0,0.98,-0.22,-0.08,0.0
2026-03-26,DSP,10.52,10.9,10.97,10.52,291700,3158740.0,4.23,2.35,0.25,0.46
2026-03-26,DSPY,57.43,56.65,57.43,56.65,13300,761667.0,1.35,-1.52,-0.88,0.0
2026-03-26,DSS,0.92,0.91,0.93,0.9,5700,5247.0,2.69,-2.15,-0.02,0.06
2026-03-26,DSTL,57.49,57.6,58.34,57.49,58600,3387876.0,1.46,-0.81,-0.47,0.0
2026-03-26,DSTX,31.44,31.34,31.44,31.34,2500,81595.0,0.32,-2.03,-0.65,0.0
2026-03-26,DSU,9.58,9.51,9.62,9.5,237400,2272788.0,1.24,-1.35,-0.13,0.0
2026-03-26,DSWL,3.18,3.07,3.38,3.0,20200,62640.0,11.84,-4.36,-0.14,0.13
2026-03-26,DSX,2.46,2.44,2.52,2.43,414300,1022239.0,3.24,-1.21,-0.03,0.34
2026-03-26,DSY,2.7,2.8,2.83,2.55,6700,18296.0,9.86,-1.41,-0.04,0.14
2026-03-26,DSYWW,0.02,0.02,0.02,0.02,1200,22.0,27.88,0.96,0.0,0.0
2026-03-26,DT,36.45,37.37,37.79,36.32,3570900,133559008.0,4.03,2.52,0.92,1.2
2026-03-26,DTAN,30.25,29.82,30.25,29.82,2100,65042.0,1.42,-1.38,-0.42,0.0
2026-03-26,DTB,16.92,16.8,17.09,16.8,26100,442631.0,1.68,-1.12,-0.19,0.0
2026-03-26,DTCR,23.82,23.6,23.99,23.57,604100,14321208.0,1.73,-2.4,-0.58,0.0
2026-03-26,DTCX,3.27,3.09,3.44,3.06,468100,1037382.0,11.55,-6.93,-0.23,1.45
2026-03-26,DTD,85.83,85.57,86.39,85.56,12600,1088244.0,0.96,-1.08,-0.94,0.0
2026-03-26,DTE,142.46,144.39,144.96,142.46,996100,143806688.0,1.74,0.66,0.94,0.48
2026-03-26,DTEC,43.05,43.3,44.07,43.05,4600,199996.0,2.34,-0.73,-0.32,0.0
2026-03-26,DTF,11.34,11.34,11.36,11.34,16000,182320.0,0.18,0.0,0.0,0.0
2026-03-26,DTG,16.83,16.8,16.93,16.76,25900,436861.0,1.0,-0.41,-0.07,0.0
2026-03-26,DTH,52.95,52.61,53.25,52.61,57600,3052703.0,1.2,-1.63,-0.87,0.0
2026-03-26,DTI,3.56,3.6,3.73,3.53,116000,420992.0,5.49,-1.1,-0.04,0.33
2026-03-26,DTIL,6.4,6.54,6.83,6.4,237800,1566904.0,6.65,1.08,0.07,0.96
2026-03-26,DTK,24.41,24.07,24.41,24.05,242200,5847370.0,1.48,-1.31,-0.32,0.0
2026-03-26,DTM,137.59,137.13,137.59,135.32,811100,110939896.0,1.67,0.72,0.98,0.8
2026-03-26,DTRE,38.59,38.53,38.59,38.51,700,29429.0,0.21,-0.36,-0.14,0.0
2026-03-26,DTSQ,11.1,11.1,11.1,11.1,100,1234.0,0.0,0.0,0.0,0.0
2026-03-26,DTSQU,12.49,12.49,12.49,12.49,0,0.0,0.0,0.0,0.0,0.0
2026-03-26,DTSS,0.99,1.0,1.06,0.92,37300,37161.0,13.85,-0.99,-0.01,0.36
2026-03-26,DTST,4.0,3.92,4.09,3.91,10000,40304.0,4.55,-3.45,-0.14,0.13
2026-03-26,DTSTW,0.07,0.08,0.08,0.06,157400,10364.0,29.03,-0.38,-0.0,0.0
2026-03-26,DTW,21.55,21.21,21.55,21.2,28000,597087.0,1.64,-0.61,-0.13,0.0
2026-03-26,DUBS,36.46,35.92,36.46,35.92,17000,615316.0,1.48,-1.75,-0.64,0.0
2026-03-26,DUG,17.09,16.63,17.17,16.46,134000,2233700.0,4.13,-3.14,-0.54,0.0
2026-03-26,DUHP,36.84,36.46,37.01,36.46,1364100,50042152.0,1.48,-1.75,-0.65,0.0
2026-03-26,DUK,128.33,129.38,129.88,127.89,3182300,411147360.0,1.54,0.95,1.22,0.41
2026-03-26,DUKB,23.9,23.6,23.9,23.6,59100,1406631.0,1.26,-1.13,-0.27,0.0
2026-03-26,DUKH,23.92,23.85,23.93,23.83,9700,232758.0,0.42,-0.33,-0.08,0.0
2026-03-26,DUKQ,27.36,27.0,27.36,27.0,3000,82749.0,1.31,-1.4,-0.38,0.0
2026-03-26,DUKX,26.69,26.66,26.69,26.66,200,5952.0,0.15,-0.22,-0.06,0.0
2026-03-26,DUKZ,25.02,24.88,25.02,24.88,4300,107881.0,0.56,-0.76,-0.19,0.0
2026-03-26,DULL,62.41,65.22,65.23,61.51,24600,1561930.0,6.29,10.28,6.08,0.0
2026-03-26,DUNK,20.37,20.23,20.62,20.23,12300,251266.0,1.9,-1.67,-0.34,0.0
2026-03-26,DUO,1.07,1.09,1.09,1.06,11900,12681.0,2.8,1.87,0.02,0.03
2026-03-26,DUOG,3.17,3.18,3.33,3.16,286000,918944.0,5.24,-2.01,-0.07,0.0
2026-03-26,DUOL,97.75,98.11,100.43,97.64,1242500,122596000.0,2.81,-1.02,-1.01,2.65
2026-03-26,DUOT,7.4,7.11,7.54,6.89,568800,4052720.0,8.63,-5.58,-0.42,1.93
2026-03-26,DURA,37.28,37.28,37.28,37.28,100,5626.0,0.0,0.01,0.0,0.0
2026-03-26,DUSA,50.84,50.53,50.98,50.36,73200,3700760.0,1.22,-0.82,-0.42,0.0
2026-03-26,DUSB,50.69,50.67,50.69,50.66,209500,10617669.0,0.06,0.02,0.01,0.0
2026-03-26,DUSL,76.43,72.88,77.31,72.88,15400,1172953.0,5.64,-7.17,-5.63,0.0
2026-03-26,DUST,62.95,64.07,64.33,58.66,1062700,65342776.0,9.61,8.59,5.07,0.0
2026-03-26,DV,9.8,9.83,10.04,9.8,2258800,22344494.0,2.44,-0.2,-0.02,1.39
2026-03-26,DVA,155.17,156.76,157.18,154.59,591800,92611848.0,1.67,1.06,1.65,0.89
2026-03-26,DVAL,14.69,14.71,14.84,14.69,7100,106113.0,1.01,-0.56,-0.08,0.0
2026-03-26,DVDN,16.59,16.59,16.59,16.59,0,1627.0,0.0,-0.82,-0.14,
2026-03-26,DVGR,24.26,24.26,24.26,24.26,0,24.0,0.0,-1.22,-0.3,
2026-03-26,DVIN,27.1,27.1,27.1,27.1,0,0.0,0.0,-3.39,-0.95,
2026-03-26,DVLT,0.64,0.61,0.65,0.6,38182600,23695028.0,8.16,-0.15,-0.0,6.22
2026-03-26,DVLU,34.02,33.72,34.02,33.72,2500,86112.0,0.87,-1.58,-0.54,0.0
2026-03-26,DVN,50.87,51.35,51.85,50.68,13772400,707401088.0,2.31,1.86,0.94,2.22
2026-03-26,DVND,35.42,35.42,35.42,35.42,0,354.0,0.0,-0.92,-0.33,0.0
2026-03-26,DVOL,34.72,34.25,34.72,34.23,11700,401960.0,1.41,-1.44,-0.5,0.0
2026-03-26,DVQQ,24.9,24.66,25.18,24.66,48900,1213454.0,2.05,-3.0,-0.76,0.0
2026-03-26,DVRE,21.47,21.47,21.47,21.47,300,6512.0,0.0,0.0,0.0,0.0
2026-03-26,DVS,2.81,2.74,3.04,2.74,1929000,5477459.0,10.07,-6.48,-0.19,2.1
2026-03-26,DVSP,24.46,24.46,24.46,24.46,0,293.0,0.0,-1.76,-0.44,0.0
2026-03-26,DVUT,27.17,27.17,27.17,27.17,0,27.0,0.0,1.63,0.44,0.0
2026-03-26,DVVY,24.6,24.6,24.6,24.6,0,246.0,0.0,-1.1,-0.27,0.0
2026-03-26,DVXB,27.41,27.08,27.41,27.08,900,24992.0,1.19,-0.99,-0.27,0.0
2026-03-26,DVXC,24.38,24.38,24.38,24.38,0,0.0,0.0,-4.19,-1.07,
2026-03-26,DVXE,41.68,42.7,43.01,41.58,8200,328967.0,3.45,3.02,1.25,0.0
2026-03-26,DVXF,21.48,21.48,21.48,21.48,0,0.0,0.0,-1.02,-0.22,
2026-03-26,DVXK,24.93,24.93,24.93,24.93,0,75.0,0.0,-3.95,-1.03,0.0
2026-03-26,DVXP,24.35,24.35,24.35,24.35,0,49.0,0.0,-0.6,-0.15,0.0
2026-03-26,DVXV,28.72,28.72,28.72,28.72,0,0.0,0.0,0.77,0.22,
2026-03-26,DVXY,22.29,21.87,22.29,21.87,300,6680.0,1.9,-2.08,-0.46,0.0
2026-03-26,DVY,149.09,150.02,150.84,149.09,483200,72574328.0,1.17,0.33,0.49,0.0
2026-03-26,DVYA,47.56,47.18,47.78,47.18,4300,207100.0,1.24,-1.68,-0.81,0.0
2026-03-26,DVYE,33.7,33.38,33.89,33.37,105100,3534007.0,1.53,-1.97,-0.67,0.0
2026-03-26,DWAS,98.32,97.93,99.44,97.91,8400,833455.0,1.54,-1.17,-1.15,0.0
2026-03-26,DWAW,42.92,42.27,42.96,42.27,500,24706.0,1.59,-2.4,-1.04,0.0
2026-03-26,DWLD,43.66,43.06,43.66,42.99,11700,509143.0,1.54,-1.99,-0.87,0.0
2026-03-26,DWM,68.88,68.33,69.39,68.33,10100,698980.0,1.52,-1.96,-1.37,0.0
2026-03-26,DWMF,32.92,32.68,32.92,32.68,1600,54526.0,0.73,-1.71,-0.57,0.0
2026-03-26,DWSH,6.57,6.63,6.65,6.52,29200,193095.0,1.96,0.08,0.01,0.0
2026-03-26,DWSN,2.73,3.03,3.19,2.62,284700,864865.0,20.5,8.99,0.25,0.92
2026-03-26,DWTX,2.28,2.08,2.35,2.07,78200,172617.0,12.12,-9.96,-0.23,0.23
2026-03-26,DWUS,50.55,50.55,50.55,50.55,100,7424.0,0.0,-2.16,-1.12,0.0
2026-03-26,DWX,44.95,44.69,45.17,44.69,5800,263056.0,1.06,-1.06,-0.48,0.0
2026-03-26,DX,12.52,12.4,12.61,12.37,4170000,51948376.0,1.89,-2.29,-0.29,2.06
2026-03-26,DXC,11.94,12.19,12.4,11.94,1879300,22914292.0,3.79,1.5,0.18,1.11
2026-03-26,DXCM,66.84,66.09,67.93,65.99,2160800,143844496.0,2.91,-1.12,-0.75,0.56
2026-03-26,DXD,22.19,22.38,22.41,21.81,1728900,38250176.0,2.74,2.15,0.47,0.0
2026-03-26,DXF,0.8,0.83,0.95,0.79,18100,15764.0,20.48,6.11,0.05,0.62
2026-03-26,DXIV,66.88,65.89,66.88,65.89,7900,526190.0,1.48,-1.81,-1.22,0.0
2026-03-26,DXJ,158.08,156.38,158.88,156.38,216600,34156092.0,1.57,-1.85,-2.94,0.0
2026-03-26,DXLG,0.54,0.49,0.55,0.49,32700,16492.0,11.44,-6.45,-0.03,0.06
2026-03-26,DXPE,138.72,137.06,141.68,135.91,239300,32801992.0,4.13,-1.88,-2.63,1.54
2026-03-26,DXR,10.35,10.09,10.35,10.09,6600,67920.0,2.5,-2.89,-0.3,0.11
2026-03-26,DXST,3.79,3.7,3.99,3.6,3818500,19774688.0,10.0,-4.88,-0.19,210.38
2026-03-26,DXUV,59.73,59.03,59.82,58.94,16200,965831.0,1.47,-1.16,-0.69,0.0
2026-03-26,DXYZ,32.25,29.82,33.0,28.81,7399600,230007472.0,13.7,-2.49,-0.76,51.29
2026-03-26,DY,346.95,336.77,348.65,335.92,245900,83495680.0,3.6,-4.74,-16.75,0.82
2026-03-26,DYAI,0.85,0.7,0.85,0.65,238900,177100.0,22.4,-19.63,-0.17,0.66
2026-03-26,DYFI,22.69,22.61,22.69,22.61,12200,277810.0,0.35,-0.44,-0.1,0.0
2026-03-26,DYLD,22.43,22.43,22.43,22.4,3400,76487.0,0.16,-0.2,-0.05,0.0
2026-03-26,DYLG,25.47,25.28,25.47,25.28,800,21922.0,0.76,-0.81,-0.21,0.0
2026-03-26,DYN,18.64,18.55,19.29,18.29,1569600,29356112.0,5.27,-2.27,-0.43,0.95
2026-03-26,DYNB,39.11,39.07,39.11,39.07,124500,4869547.0,0.09,-0.37,-0.14,0.0
2026-03-26,DYNF,58.51,57.76,58.64,57.74,3263300,189850784.0,1.52,-2.09,-1.23,0.0
2026-03-26,DYOR,9.97,9.95,9.97,9.95,151200,1505971.0,0.15,0.15,0.02,0.66
2026-03-26,DYTA,28.12,27.7,28.12,27.69,120300,3354017.0,1.52,-1.97,-0.56,0.0
2026-03-26,DZZ,2.74,2.64,2.74,2.64,9000,24215.0,3.89,-2.05,-0.06,0.0
2026-03-26,E,53.77,54.1,54.56,53.77,414600,22481924.0,1.47,0.45,0.24,0.03
2026-03-26,EA,202.24,201.91,202.62,201.77,2864800,578890880.0,0.42,-0.21,-0.43,1.14
2026-03-26,EAD,6.49,6.38,6.55,6.38,234300,1506791.0,2.61,-2.0,-0.13,0.0
2026-03-26,EAF,6.11,6.55,8.0,6.11,778000,5433707.0,30.29,4.97,0.31,3.01
2026-03-26,EAFG,23.0,23.0,23.0,23.0,0,253.0,0.0,-2.18,-0.51,0.0
2026-03-26,EAGG,47.35,47.2,47.4,47.2,206400,9769584.0,0.43,-0.6,-0.28,0.0
2026-03-26,EAGL,30.09,29.88,30.23,29.85,1003500,30144796.0,1.26,-1.29,-0.39,0.0
2026-03-26,EAI,20.2,20.18,20.4,20.14,19700,399304.0,1.28,-0.37,-0.08,0.0
2026-03-26,EALT,34.01,33.86,34.13,33.86,9600,327967.0,0.79,-0.99,-0.34,0.0
2026-03-26,EAOA,40.58,40.08,40.58,40.08,700,30685.0,1.22,-1.66,-0.68,0.0
2026-03-26,EAOK,26.95,26.95,26.95,26.95,0,162.0,0.0,-0.99,-0.27,
2026-03-26,EAOM,29.45,29.45,29.45,29.45,100,4051.0,0.0,-1.12,-0.33,0.0
2026-03-26,EAOR,34.71,34.47,34.71,34.47,1000,37025.0,0.67,-1.29,-0.45,0.0
2026-03-26,EAPR,30.18,30.09,30.18,30.09,3500,106909.0,0.29,-0.14,-0.04,0.0
2026-03-26,EARN,4.5,4.48,4.53,4.44,357000,1601343.0,2.01,0.0,0.0,0.95
2026-03-26,EART,28.73,28.37,29.01,28.32,18400,516501.0,2.33,-4.32,-1.28,0.0
2026-03-26,EASG,34.61,34.34,34.7,34.09,1500,51698.0,1.74,-2.12,-0.75,0.0
2026-03-26,EASY,26.57,26.47,26.65,26.47,9900,265321.0,0.7,-0.36,-0.1,0.0
2026-03-26,EAT,145.38,137.57,147.72,137.03,1275900,178861904.0,7.27,-6.48,-9.54,2.93
2026-03-26,EATZ,26.05,25.74,26.05,25.74,1300,35119.0,1.2,-1.76,-0.46,0.0
2026-03-26,EBAY,88.3,89.43,91.08,88.05,4930900,441845280.0,3.39,-0.13,-0.12,1.1
2026-03-26,EBC,19.46,19.38,19.57,19.17,1932600,37583652.0,2.06,0.0,0.0,0.82
2026-03-26,EBF,21.27,21.44,21.5,21.25,129400,2774928.0,1.15,0.37,0.08,0.51
2026-03-26,EBI,58.0,57.66,58.21,57.66,8400,488636.0,0.94,-0.99,-0.58,0.0
2026-03-26,EBIT,35.14,35.14,35.14,35.14,0,2705.0,0.0,-0.29,-0.1,0.0
2026-03-26,EBIZ,26.59,26.46,26.92,26.44,7400,198835.0,1.8,-1.55,-0.42,0.0
2026-03-26,EBMT,20.3,20.5,20.7,20.1,75600,1547759.0,2.96,0.44,0.09,0.95
2026-03-26,EBND,20.59,20.48,20.63,20.48,569600,11713580.0,0.75,-0.97,-0.2,0.0
2026-03-26,EBON,2.14,1.99,2.16,1.88,4900,10134.0,12.9,-7.87,-0.17,0.08
2026-03-26,EBS,8.21,8.08,8.43,8.01,927900,7512299.0,5.12,-1.58,-0.13,1.8
2026-03-26,EBUF,29.13,29.05,29.23,29.02,20600,601460.0,0.71,-0.82,-0.24,0.0
2026-03-26,EC,14.93,14.8,15.12,14.79,3327100,49682908.0,2.21,-0.67,-0.1,0.16
2026-03-26,ECAT,13.86,13.66,13.92,13.66,557100,7709351.0,1.87,-2.01,-0.28,0.0
2026-03-26,ECBK,15.93,16.43,16.47,15.93,10400,170298.0,3.36,2.3,0.37,0.12
2026-03-26,ECC,3.57,3.68,3.72,3.57,959100,3519729.0,4.16,1.94,0.07,6.94
2026-03-26,ECCC,24.55,24.55,24.55,24.43,2700,66965.0,0.49,0.0,0.0,0.0
2026-03-26,ECCU,24.76,24.7,24.8,24.7,2300,58524.0,0.4,-0.3,-0.07,0.0
2026-03-26,ECCV,23.5,23.3,23.74,23.3,32100,750891.0,1.87,-1.06,-0.25,0.0
2026-03-26,ECCW,24.95,24.98,25.03,24.8,25300,632632.0,0.91,0.52,0.13,0.0
2026-03-26,ECCX,25.0,25.0,25.0,24.98,5500,139422.0,0.1,0.08,0.02,0.0
2026-03-26,ECF,11.38,11.05,11.38,11.05,21000,237001.0,2.88,-3.58,-0.41,0.0
2026-03-26,ECG,120.12,115.09,122.53,114.51,410500,47769100.0,6.5,-6.65,-8.2,0.8
2026-03-26,ECH,38.56,38.4,39.17,38.27,527600,20344534.0,2.31,-1.64,-0.64,0.0
2026-03-26,ECL,268.93,264.25,269.92,263.28,1260200,334432800.0,2.47,-1.6,-4.29,0.45
2026-03-26,ECML,36.01,36.01,36.01,36.01,0,651.0,0.0,-0.31,-0.11,0.0
2026-03-26,ECNS,32.11,31.73,32.19,31.73,10400,332681.0,1.4,-3.11,-1.02,0.0
2026-03-26,ECO,48.8,49.01,50.33,48.64,329200,16266807.0,3.49,1.18,0.57,0.84
2026-03-26,ECON,28.51,28.12,28.59,28.12,12400,353202.0,1.62,-3.19,-0.93,0.0
2026-03-26,ECOR,6.52,6.02,6.93,5.83,49900,319444.0,16.44,-10.01,-0.67,0.62
2026-03-26,ECOW,26.2,25.96,26.36,25.94,43300,1133234.0,1.56,-2.5,-0.67,0.0
2026-03-26,ECPG,70.58,70.7,71.52,70.32,228900,16187246.0,1.69,-0.21,-0.15,1.07
2026-03-26,ECVT,12.93,13.0,13.27,12.91,1838100,24074992.0,2.73,0.08,0.01,1.66
2026-03-26,ECX,0.9,0.92,0.96,0.9,918600,854352.0,6.55,0.33,0.0,
2026-03-26,ED,110.23,111.52,112.08,109.97,1501100,167232336.0,1.92,1.35,1.49,0.41
2026-03-26,EDAP,3.93,3.77,3.98,3.66,61600,234243.0,8.63,1.62,0.06,
2026-03-26,EDBL,1.16,1.15,1.35,1.1,352600,426003.0,22.32,2.68,0.03,68.78
2026-03-26,EDBLW,0.09,0.11,0.12,0.08,3200,355.0,37.03,-0.82,-0.0,0.0
2026-03-26,EDC,54.93,52.51,56.0,52.32,224300,12135749.0,6.3,-10.15,-5.93,0.0
2026-03-26,EDD,5.42,5.32,5.43,5.31,400400,2153555.0,2.29,-2.56,-0.14,0.0
2026-03-26,EDEN,101.46,100.72,101.55,100.42,5100,521510.0,1.12,0.06,0.06,0.0
2026-03-26,EDF,5.0,4.97,5.05,4.95,167800,838915.0,2.0,-0.5,-0.03,0.0
2026-03-26,EDGE,43.46,43.26,43.46,43.26,100,7705.0,0.46,-1.96,-0.87,0.0
2026-03-26,EDGF,24.8,24.74,24.8,24.73,99000,2450273.0,0.28,-0.07,-0.02,0.0
2026-03-26,EDGH,33.21,32.93,33.24,32.93,24100,799009.0,0.93,-0.84,-0.28,0.0
2026-03-26,EDGI,28.15,27.78,28.16,27.78,15700,440514.0,1.34,-2.01,-0.57,0.0
2026-03-26,EDGQ,24.38,23.94,24.38,23.94,1300,31436.0,1.8,-2.19,-0.54,0.0
2026-03-26,EDGU,27.95,27.72,27.95,27.72,8600,241284.0,0.82,-1.25,-0.35,0.0
2026-03-26,EDGX,24.08,23.78,24.14,23.78,1400,35467.0,1.48,-1.69,-0.41,0.0
2026-03-26,EDHL,3.32,3.0,3.71,3.0,149700,485351.0,21.39,-9.64,-0.32,8.99
2026-03-26,EDIT,2.28,2.32,2.47,2.24,1705600,3998057.0,10.13,0.0,0.0,1.74
2026-03-26,EDIV,39.22,38.73,39.28,38.67,177300,6898239.0,1.53,-2.12,-0.84,0.0
2026-03-26,EDN,28.06,28.0,29.18,27.23,119900,3374242.0,6.81,-2.2,-0.63,0.27
2026-03-26,EDOG,24.83,24.74,25.01,24.74,10000,248958.0,1.08,-1.36,-0.34,0.0
2026-03-26,EDOW,40.58,40.32,40.79,40.32,11800,482679.0,1.15,-1.24,-0.51,0.0
2026-03-26,EDRY,19.51,18.7,19.7,18.7,12800,248078.0,5.1,-5.17,-1.02,0.44
2026-03-26,EDSA,6.42,5.86,6.46,5.21,801900,4646618.0,18.99,-10.81,-0.71,9.61
2026-03-26,EDTK,1.04,1.0,1.04,1.0,400,461.0,3.49,-0.99,-0.01,0.0
2026-03-26,EDU,55.49,55.77,56.21,55.21,427000,23857800.0,1.77,-1.27,-0.72,0.27
2026-03-26,EDUC,1.32,1.3,1.38,1.29,5000,6613.0,6.82,-1.52,-0.02,0.06
2026-03-26,EDV,64.76,64.7,65.06,64.4,1385800,89584072.0,1.0,-0.81,-0.53,0.0
2026-03-26,EDZ,30.91,32.08,32.09,30.26,285700,8955411.0,6.31,10.7,3.1,0.0
2026-03-26,EE,33.52,33.16,34.02,33.1,491500,16404352.0,2.75,-1.01,-0.34,0.43
2026-03-26,EEA,9.83,9.75,9.95,9.75,6700,66474.0,2.02,-1.71,-0.17,0.0
2026-03-26,EEE,18.62,18.55,18.62,18.55,200,3723.0,0.38,-2.5,-0.48,0.0
2026-03-26,EEFT,66.76,68.53,69.8,66.76,579700,39878844.0,4.53,2.12,1.42,1.47
2026-03-26,EEIQ,4.79,8.44,12.7,4.52,112647000,889899904.0,299.62,209.15,5.71,7613.96
2026-03-26,EELV,27.84,27.55,27.84,27.54,78100,2159539.0,1.07,-1.36,-0.38,0.0
2026-03-26,EEM,56.26,55.47,56.64,55.44,42794900,2397085696.0,2.09,-3.4,-1.95,0.0
2026-03-26,EEMA,95.67,94.0,96.05,94.0,80400,7637286.0,2.11,-3.38,-3.29,0.0
2026-03-26,EEMO,16.84,16.44,16.84,16.44,2200,38132.0,2.32,-4.67,-0.81,0.0
2026-03-26,EEMS,68.93,67.91,69.22,67.91,15700,1082301.0,1.88,-3.01,-2.11,0.0
2026-03-26,EEMV,64.28,63.45,64.49,63.44,306800,19567180.0,1.62,-2.34,-1.52,0.0
2026-03-26,EEMX,44.04,43.26,44.24,43.26,4100,181299.0,2.19,-3.62,-1.62,0.0
2026-03-26,EES,57.84,58.06,58.68,57.84,13800,806743.0,1.44,-0.8,-0.47,0.0
2026-03-26,EET,82.0,80.11,82.83,80.1,4900,406447.0,3.18,-6.59,-5.65,0.0
2026-03-26,EETH,25.68,25.35,25.83,25.22,59800,1526926.0,2.29,-5.75,-1.55,0.0
2026-03-26,EEV,17.29,17.84,17.84,17.18,43900,767937.0,3.93,6.95,1.16,0.0
2026-03-26,EEX,4.44,4.53,4.59,4.44,7400,33503.0,3.33,0.67,0.03,0.0
2026-03-26,EFA,95.47,94.66,96.23,94.61,19676700,1877360768.0,1.67,-2.07,-2.0,0.0
2026-03-26,EFAA,51.82,51.58,52.19,51.53,50000,2596156.0,1.24,-1.81,-0.95,0.0
2026-03-26,EFAD,40.47,39.81,40.47,39.81,4900,200851.0,1.63,-1.44,-0.58,0.0
2026-03-26,EFAS,20.58,20.5,20.67,20.44,8100,166879.0,1.11,-0.98,-0.2,0.0
2026-03-26,EFAV,89.32,89.04,90.06,89.04,459700,41137828.0,1.13,-1.17,-1.05,0.0
2026-03-26,EFAX,49.02,48.57,49.25,48.57,8500,419977.0,1.37,-2.14,-1.06,0.0
2026-03-26,EFC,11.7,11.7,11.82,11.64,1348000,15780518.0,1.57,-0.59,-0.07,1.08
2026-03-26,EFFE,22.64,22.64,22.64,22.64,0,68.0,0.0,-3.16,-0.74,0.0
2026-03-26,EFFI,22.99,22.99,22.99,22.99,100,4475.0,0.0,-1.6,-0.38,0.0
2026-03-26,EFG,110.47,109.2,111.36,109.19,1416400,156029840.0,1.94,-2.6,-2.92,0.0
2026-03-26,EFIV,63.19,62.51,63.37,62.49,230900,14474848.0,1.38,-1.68,-1.07,0.0
2026-03-26,EFNL,48.67,48.24,48.79,48.24,1800,91176.0,1.13,-1.7,-0.84,0.0
2026-03-26,EFO,62.28,60.37,62.28,60.23,8100,497181.0,3.26,-4.31,-2.72,0.0
2026-03-26,EFOI,1.8,1.82,2.03,1.72,9700,18673.0,16.85,-1.09,-0.02,0.16
2026-03-26,EFR,10.38,10.33,10.44,10.32,150000,1556749.0,1.18,-1.24,-0.13,0.0
2026-03-26,EFRA,33.99,33.99,33.99,33.99,100,4444.0,0.0,-1.37,-0.47,0.0
2026-03-26,EFSC,53.89,54.31,54.44,53.62,411200,22289510.0,1.5,-0.02,-0.01,1.12
2026-03-26,EFSCP,19.59,19.33,19.59,19.33,1200,24801.0,1.31,-2.91,-0.58,0.04
2026-03-26,EFSI,34.5,34.51,34.78,34.06,7800,268468.0,2.12,0.86,0.29,0.14
2026-03-26,EFT,10.69,10.6,10.74,10.56,314800,3337763.0,1.7,-1.12,-0.12,0.0
2026-03-26,EFU,9.15,9.23,9.25,8.99,86600,791781.0,2.93,4.18,0.37,0.0
2026-03-26,EFV,72.88,72.34,73.26,72.27,3263400,237441680.0,1.35,-1.5,-1.1,0.0
2026-03-26,EFX,170.71,174.51,177.22,170.71,1771700,310023584.0,3.77,1.14,1.96,1.47
2026-03-26,EFXT,21.61,21.32,22.01,21.28,279000,6027961.0,3.36,-1.8,-0.39,0.23
2026-03-26,EFZ,12.78,12.88,12.91,12.7,56800,728959.0,1.66,1.98,0.25,0.0
2026-03-26,EG,324.0,323.89,326.58,321.21,412500,133555928.0,1.66,-0.01,-0.04,1.02
2026-03-26,EGAN,8.1,8.01,8.43,8.0,138900,1131829.0,5.22,-2.67,-0.22,0.51
2026-03-26,EGBN,24.85,24.86,25.07,24.6,359400,8952251.0,1.88,-0.64,-0.16,1.18
2026-03-26,EGG,5.45,5.5,6.12,5.32,62700,361457.0,14.03,-3.51,-0.2,0.22
2026-03-26,EGGQ,43.45,41.98,43.45,41.98,1700,74794.0,3.31,-5.23,-2.32,0.0
2026-03-26,EGGS,36.22,35.36,36.22,35.36,3400,123314.0,2.35,-3.43,-1.26,0.0
2026-03-26,EGGY,32.83,31.5,32.83,31.42,20200,648753.0,4.25,-5.14,-1.71,0.0
2026-03-26,EGHA,10.18,10.19,10.19,10.18,20500,209898.0,0.15,0.1,0.01,0.1
2026-03-26,EGHAR,0.33,0.33,0.33,0.33,500,180.0,0.0,37.5,0.09,0.0
2026-03-26,EGHT,1.72,1.73,1.78,1.71,756000,1310716.0,4.68,1.17,0.02,0.54
2026-03-26,EGLE,27.23,27.23,27.23,27.23,0,436.0,0.0,-1.05,-0.29,0.0
2026-03-26,EGO,33.17,33.04,34.93,33.0,2552600,86189640.0,5.6,-4.2,-1.45,1.28
2026-03-26,EGP,182.58,184.06,185.91,181.99,474900,87682888.0,2.14,0.25,0.46,0.89
2026-03-26,EGUS,48.31,47.43,48.31,47.43,700,37636.0,1.81,-2.2,-1.06,0.0
2026-03-26,EGY,6.25,6.26,6.37,6.19,1328300,8338510.0,2.91,1.46,0.09,1.27
2026-03-26,EH,10.0,9.7,10.03,9.66,451900,4435145.0,3.58,-4.81,-0.49,0.63
2026-03-26,EHAB,13.67,13.66,13.69,13.64,622100,8501272.0,0.37,-0.07,-0.01,1.23
2026-03-26,EHC,98.54,97.74,99.89,97.55,627600,61631828.0,2.36,-1.09,-1.08,0.63
2026-03-26,EHGO,0.18,0.18,0.19,0.17,310800,59356.0,9.8,-4.3,-0.01,0.96
2026-03-26,EHI,6.06,5.91,6.06,5.89,146500,872657.0,2.72,-2.56,-0.15,0.0
2026-03-26,EHLD,7.1,7.52,7.52,7.1,26900,196351.0,5.76,3.16,0.23,0.96
2026-03-26,EHLS,25.05,24.76,25.05,24.76,700,18744.0,1.1,-2.45,-0.62,0.0
2026-03-26,EHTH,1.37,1.31,1.38,1.29,568300,752893.0,6.52,-5.07,-0.07,1.83
2026-03-26,EHY,10.79,10.65,10.86,10.62,6900,74449.0,2.13,-5.54,-0.62,0.0
2026-03-26,EIC,9.43,9.53,9.59,9.4,139000,1324153.0,2.02,1.17,0.11,1.07
2026-03-26,EICA,24.89,24.89,24.96,24.89,4000,100315.0,0.28,-0.28,-0.07,0.0
2026-03-26,EICC,24.95,24.95,24.96,24.95,18700,468225.0,0.04,0.0,0.0,0.0
2026-03-26,EIDO,15.69,15.61,15.76,15.6,564900,8858500.0,1.0,-2.38,-0.38,0.0
2026-03-26,EIG,40.03,40.65,40.74,40.03,189900,7705666.0,1.77,1.52,0.61,0.98
2026-03-26,EIIA,24.95,24.95,25.13,24.95,7000,175062.0,0.72,-0.2,-0.05,0.0
2026-03-26,EIKN,10.86,10.53,11.39,9.93,454200,4660180.0,13.14,-4.88,-0.54,0.84
2026-03-26,EIM,9.63,9.57,9.64,9.54,205100,1969171.0,1.04,-0.31,-0.03,0.0
2026-03-26,EINC,119.48,119.96,120.51,119.48,5800,708931.0,0.86,0.53,0.63,0.0
2026-03-26,EIPI,22.55,22.56,22.62,22.43,61600,1388648.0,0.84,-0.27,-0.06,0.0
2026-03-26,EIPX,32.22,32.37,32.49,32.22,17100,555570.0,0.83,-0.12,-0.04,0.0
2026-03-26,EIRL,68.38,67.58,68.38,67.58,2600,177205.0,1.17,-1.74,-1.2,0.0
2026-03-26,EIS,118.88,118.55,120.0,118.23,65300,7769243.0,1.47,-1.54,-1.86,0.0
2026-03-26,EIX,70.53,70.77,71.74,70.49,2636300,186740016.0,1.76,-0.59,-0.42,0.68
2026-03-26,EJAN,33.57,33.32,33.67,33.32,16200,543925.0,1.05,-1.74,-0.59,0.0
2026-03-26,EJH,0.1,0.1,0.1,0.08,2213600,199031.0,21.6,-5.33,-0.01,
2026-03-26,EJUL,29.66,29.55,29.66,29.44,10900,323497.0,0.72,-1.04,-0.31,0.0
2026-03-26,EKG,16.45,16.45,16.45,16.45,0,32.0,0.0,-0.58,-0.1,0.0
2026-03-26,EKSO,10.94,10.9,11.53,10.81,34600,390113.0,6.6,-0.73,-0.08,0.97
2026-03-26,EL,71.5,69.75,72.86,69.13,5360300,377658016.0,5.1,-4.6,-3.36,1.48
2026-03-26,ELA,17.23,17.45,17.88,17.23,99400,1747482.0,3.73,0.23,0.04,0.38
2026-03-26,ELAB,1.8,1.87,1.95,1.7,291900,520259.0,13.74,2.75,0.05,53.92
2026-03-26,ELAN,25.05,24.58,25.5,24.58,5211500,129561984.0,3.65,-3.61,-0.92,1.05
2026-03-26,ELBM,0.57,0.56,0.59,0.56,328700,187815.0,5.82,-3.48,-0.02,0.32
2026-03-26,ELC,20.36,20.35,20.5,20.25,53500,1092441.0,1.23,-0.1,-0.02,0.0
2026-03-26,ELCV,28.99,28.87,29.04,28.85,27000,781559.0,0.65,-0.84,-0.24,0.0
2026-03-26,ELD,27.68,27.82,28.02,27.63,55500,1546766.0,1.38,-1.31,-0.37,0.0
2026-03-26,ELDN,2.91,2.96,3.02,2.85,966100,2852683.0,5.82,1.37,0.04,1.27
2026-03-26,ELE,18.12,16.63,18.5,16.56,306600,5275561.0,10.43,-10.59,-1.97,0.48
2026-03-26,ELF,68.25,66.88,69.99,66.74,1540100,104407440.0,4.67,-3.98,-2.77,2.61
2026-03-26,ELFY,39.82,39.08,39.86,38.96,21300,842598.0,2.24,-2.55,-1.02,0.0
2026-03-26,ELIL,19.14,18.56,19.17,18.51,24100,449992.0,3.42,-3.83,-0.74,0.0
2026-03-26,ELIS,19.77,20.17,20.17,19.77,3800,76148.0,2.02,2.03,0.4,0.0
2026-03-26,ELLO,25.2,25.3,25.6,25.2,1100,28244.0,1.58,-0.12,-0.03,0.01
2026-03-26,ELM,27.0,26.8,27.14,26.8,16800,455075.0,1.25,-1.52,-0.42,0.0
2026-03-26,ELMD,24.37,24.45,24.99,24.34,42800,1054089.0,2.64,-0.85,-0.21,0.52
2026-03-26,ELME,2.03,2.02,2.08,2.02,775300,1590489.0,2.71,-0.49,-0.01,0.87
2026-03-26,ELOG,1.01,1.05,1.05,0.98,4400,4459.0,6.8,1.94,0.02,0.04
2026-03-26,ELPC,11.64,11.52,11.69,11.49,463500,5365111.0,1.69,-2.87,-0.34,0.14
2026-03-26,ELPW,2.31,2.25,2.4,2.21,83000,192623.0,8.0,-3.85,-0.09,5.91
2026-03-26,ELS,62.98,62.8,63.42,62.65,1017800,64067836.0,1.21,-0.43,-0.27,0.52
2026-03-26,ELSE,4.43,4.43,4.43,4.43,4900,21980.0,0.0,1.13,0.05,0.14
2026-03-26,ELTK,8.33,8.24,8.35,8.12,4600,38633.0,2.71,-3.06,-0.26,0.07
2026-03-26,ELTX,10.87,10.82,11.38,10.68,88800,976796.0,6.39,-1.28,-0.14,0.48
2026-03-26,ELUT,1.1,1.07,1.12,1.05,51700,55997.0,5.8,-4.46,-0.05,0.12
2026-03-26,ELV,296.05,294.25,297.85,292.8,1015500,299287552.0,1.7,-0.62,-1.84,0.46
2026-03-26,ELVA,7.63,7.35,7.66,7.3,207100,1389789.0,4.63,-5.53,-0.43,0.43
2026-03-26,ELVN,35.66,39.29,40.62,35.63,3458900,136262432.0,14.03,10.58,3.76,5.78
2026-03-26,ELVR,53.0,51.68,54.98,51.37,48300,2552243.0,6.77,-3.22,-1.72,0.29
2026-03-26,ELWT,6.9,6.87,7.21,6.83,26000,183016.0,5.48,-0.29,-0.02,0.39
2026-03-26,EM,1.12,1.11,1.12,1.11,9700,10874.0,0.89,-0.89,-0.01,0.0
2026-03-26,EMA,51.29,51.57,51.93,50.8,472900,24356228.0,2.21,0.96,0.49,0.16
2026-03-26,EMAT,6.93,6.85,7.2,6.74,70000,481993.0,6.5,-4.2,-0.3,0.01
2026-03-26,EMB,94.27,93.46,94.32,93.43,16244200,1524400384.0,0.95,-1.03,-0.97,0.0
2026-03-26,EMBC,8.95,8.87,9.17,8.67,816200,7221563.0,5.56,-1.44,-0.13,1.38
2026-03-26,EMBD,23.48,23.37,23.48,23.29,9100,214591.0,0.81,-0.44,-0.1,0.0
2026-03-26,EMBJ,57.63,57.12,58.01,56.51,1546200,88298840.0,2.56,-3.02,-1.78,0.86
2026-03-26,EMBX,50.18,49.91,50.34,49.91,247700,12453056.0,0.86,-1.08,-0.54,0.0
2026-03-26,EMC,31.01,30.45,31.01,30.44,10300,317827.0,1.8,-3.58,-1.13,0.0
2026-03-26,EMCB,65.63,65.65,66.23,65.42,3000,201803.0,1.23,-0.57,-0.38,0.0
2026-03-26,EMCR,36.93,36.69,36.93,36.69,2400,88433.0,0.62,-3.35,-1.27,0.0
2026-03-26,EMCS,36.93,36.29,36.93,36.29,1000,37761.0,1.7,-3.61,-1.36,0.0
2026-03-26,EMD,10.07,9.91,10.1,9.87,214700,2145599.0,2.28,-1.69,-0.17,0.0
2026-03-26,EMDM,34.48,33.98,34.48,33.98,13300,457009.0,1.43,-3.53,-1.24,0.0
2026-03-26,EMDV,45.06,45.06,45.06,45.06,0,2893.0,0.0,-1.29,-0.59,0.0
2026-03-26,EME,756.0,726.31,761.99,720.68,334500,246063152.0,5.4,-5.03,-38.45,0.75
2026-03-26,EMEQ,45.72,44.6,45.89,44.6,94700,4272646.0,2.73,-5.3,-2.49,0.0
2026-03-26,EMES,22.77,22.77,22.77,22.77,0,116.0,0.0,-2.57,-0.6,0.0
2026-03-26,EMET,38.56,38.03,38.72,37.91,15200,583482.0,2.05,-4.23,-1.68,0.0
2026-03-26,EMF,17.42,16.98,17.56,16.95,120500,2072006.0,3.42,-4.77,-0.85,0.0
2026-03-26,EMGF,59.85,58.94,60.12,58.94,98200,5850810.0,1.93,-3.39,-2.07,0.0
2026-03-26,EMHC,24.8,24.69,24.88,24.67,23400,580129.0,0.84,-0.92,-0.23,0.0
2026-03-26,EMHY,39.5,39.35,39.62,39.29,330400,13023639.0,0.83,-0.81,-0.32,0.0
2026-03-26,EMIF,28.01,27.93,28.06,27.93,1200,35473.0,0.45,-2.91,-0.84,0.0
2026-03-26,EMIS,10.03,10.03,10.03,10.03,0,60.0,0.0,0.0,0.0,0.0
2026-03-26,EMKT,25.73,25.35,25.77,25.27,12300,313077.0,1.91,-2.95,-0.77,0.0
2026-03-26,EML,19.83,19.84,20.09,19.2,24600,483801.0,4.52,0.1,0.02,0.41
2026-03-26,EMLC,25.07,24.96,25.13,24.94,4389400,109838680.0,0.73,-0.79,-0.2,0.0
2026-03-26,EMLP,43.67,43.78,43.97,43.5,222100,9726104.0,1.07,-0.36,-0.16,0.0
2026-03-26,EMM,35.52,34.95,35.53,34.95,4200,150744.0,1.6,-3.45,-1.25,0.0
2026-03-26,EMMF,32.83,32.51,32.97,32.47,13700,447852.0,1.49,-2.81,-0.94,0.0
2026-03-26,EMN,70.53,72.5,72.58,70.38,1293100,93424120.0,3.09,1.54,1.1,1.13
2026-03-26,EMNT,98.79,98.78,98.8,98.76,7400,730972.0,0.04,-0.09,-0.08,0.0
2026-03-26,EMO,54.74,53.25,54.9,53.0,51100,2760166.0,3.5,-1.75,-0.95,0.0
2026-03-26,EMOP,43.12,42.57,43.13,42.56,42700,1820818.0,1.29,-3.49,-1.54,0.0
2026-03-26,EMOT,23.73,23.41,23.73,23.41,100,2926.0,1.33,-1.93,-0.46,0.0
2026-03-26,EMP,20.8,20.72,20.91,20.61,26600,554652.0,1.43,-0.48,-0.1,0.0
2026-03-26,EMPB,29.75,29.25,29.75,29.25,1000,30766.0,1.7,-2.3,-0.69,0.0
2026-03-26,EMPD,4.28,4.17,4.36,4.14,907500,3882415.0,5.29,-4.14,-0.18,2.93
2026-03-26,EMQQ,32.83,32.61,33.21,32.61,39000,1284412.0,1.79,-2.63,-0.88,0.0
2026-03-26,EMR,129.16,126.31,130.52,125.97,2484400,316344288.0,3.48,-3.48,-4.55,0.44
2026-03-26,EMSF,31.2,30.64,31.41,30.64,13400,414436.0,2.39,-4.17,-1.33,0.0
2026-03-26,EMTL,42.56,42.44,42.59,42.44,13900,591652.0,0.35,-0.34,-0.15,0.0
2026-03-26,EMTY,11.94,11.99,11.99,11.85,9300,110999.0,1.2,0.16,0.02,0.0
2026-03-26,EMXC,78.22,76.98,78.76,76.96,15318200,1185229952.0,2.26,-3.45,-2.75,0.0
2026-03-26,EMXF,47.53,47.04,47.62,46.99,4800,231084.0,1.3,-2.99,-1.45,0.0
2026-03-26,ENB,54.63,54.5,54.87,54.29,4107000,224152096.0,1.06,0.04,0.02,0.19
2026-03-26,ENDW,32.1,31.48,32.1,31.48,3200,102378.0,1.94,-1.22,-0.39,0.0
2026-03-26,ENFR,38.84,39.05,39.22,38.79,66600,2602728.0,1.11,0.72,0.28,0.0
2026-03-26,ENGN,6.9,6.96,7.3,6.84,115500,816877.0,6.58,-1.56,-0.11,0.17
2026-03-26,ENGS,1.12,1.14,1.18,1.12,501900,574741.0,5.41,2.7,0.03,1.61
2026-03-26,ENHI,23.81,23.81,23.81,23.81,0,959.0,0.0,-0.78,-0.19,0.0
2026-03-26,ENHU,24.22,23.94,24.22,23.94,300,7925.0,1.13,-1.69,-0.41,0.0
2026-03-26,ENIC,3.88,3.86,3.92,3.85,502700,1943726.0,2.04,-1.78,-0.07,0.04
2026-03-26,ENJ,20.75,20.74,20.75,20.74,500,10355.0,0.05,1.22,0.25,0.0
2026-03-26,ENLT,72.99,71.94,73.28,71.78,136900,9948500.0,2.11,1.27,0.9,0.1
2026-03-26,ENLV,1.17,1.09,1.17,1.08,780600,868245.0,7.5,-9.17,-0.11,0.33
2026-03-26,ENO,22.45,22.19,22.5,22.12,13000,289846.0,1.7,-0.89,-0.2,0.0
2026-03-26,ENOR,35.17,35.0,35.4,35.0,41600,1465598.0,1.14,-0.26,-0.09,0.0
2026-03-26,ENOV,22.31,23.37,23.4,22.31,555600,12888001.0,4.82,3.32,0.75,0.97
2026-03-26,ENPH,41.43,40.18,42.5,39.98,4239100,172660752.0,5.92,-5.53,-2.35,3.23
2026-03-26,ENPX,20.62,18.99,21.22,18.9,4400,83769.0,10.87,-11.05,-2.36,0.0
2026-03-26,ENR,16.62,17.24,17.33,16.62,1059300,18193282.0,4.24,2.99,0.5,1.55
2026-03-26,ENS,174.94,169.37,176.83,169.21,245700,42101296.0,4.29,-4.54,-8.05,0.67
2026-03-26,ENSC,0.54,0.55,0.55,0.52,173700,92310.0,5.58,-1.94,-0.01,4.78
2026-03-26,ENSG,203.68,201.99,204.74,201.3,389800,79078992.0,1.69,-0.93,-1.9,0.67
2026-03-26,ENTA,12.31,12.51,13.54,12.15,158300,1994981.0,11.42,2.79,0.34,0.55
2026-03-26,ENTG,120.49,115.75,122.1,115.42,2102700,245887632.0,5.43,-6.03,-7.43,1.38
2026-03-26,ENTX,1.14,1.03,1.24,1.02,260700,288192.0,18.64,-12.71,-0.15,0.57
2026-03-26,ENVA,135.54,134.0,137.12,132.7,223100,30020928.0,3.23,-1.95,-2.66,0.89
2026-03-26,ENVB,1.93,1.86,1.95,1.86,16200,31349.0,4.57,-5.58,-0.11,1.17
2026-03-26,ENVX,5.25,5.12,5.39,5.08,4568800,23788318.0,5.84,-5.01,-0.27,2.1
2026-03-26,ENZL,42.96,42.66,43.27,42.53,9000,385446.0,1.71,-1.51,-0.66,0.0
2026-03-26,EOCT,31.82,31.54,31.82,31.54,2800,90388.0,0.87,-1.65,-0.53,0.0
2026-03-26,EOD,5.82,5.71,5.84,5.68,85600,493205.0,2.73,-2.23,-0.13,0.0
2026-03-26,EOG,144.32,147.49,148.7,144.18,4087600,601950336.0,3.16,2.99,4.28,0.76
2026-03-26,EOI,18.96,18.61,18.96,18.55,65400,1229044.0,2.16,-2.16,-0.41,0.0
2026-03-26,EOLS,4.3,4.17,4.34,4.14,879500,3708244.0,4.52,-4.58,-0.2,1.35
2026-03-26,EONR,0.99,1.0,1.05,0.98,15517200,15703546.0,7.28,4.47,0.04,31.05
2026-03-26,EOS,20.37,19.96,20.42,19.96,166800,3368335.0,2.22,-2.59,-0.53,0.0
2026-03-26,EOSE,5.01,4.82,5.12,4.8,12873700,63078204.0,6.37,-5.49,-0.28,3.79
2026-03-26,EOSU,0.99,0.91,1.01,0.89,770800,701103.0,11.59,-9.68,-0.1,0.0
2026-03-26,EOT,17.1,17.05,17.54,17.0,36200,624019.0,3.14,-0.96,-0.17,0.0
2026-03-26,EP,2.94,2.91,3.0,2.91,82100,241521.0,3.05,-1.36,-0.04,0.23
2026-03-26,EPAC,35.98,34.54,36.65,33.66,844500,29242268.0,7.98,-7.84,-2.94,1.6
2026-03-26,EPAI,22.41,22.41,22.41,22.41,0,1526.0,0.0,-4.41,-1.03,0.0
2026-03-26,EPAM,134.55,136.15,139.34,134.24,622700,85077360.0,3.83,2.17,2.89,1.15
2026-03-26,EPC,20.01,21.08,21.13,20.01,779100,16313339.0,5.58,5.03,1.01,1.67
2026-03-26,EPD,38.99,39.1,39.57,38.91,6203300,242944400.0,1.69,0.26,0.1,0.29
2026-03-26,EPEM,24.53,24.53,24.53,24.53,0,24.0,0.0,-3.31,-0.84,0.0
2026-03-26,EPHE,24.75,24.56,24.8,24.47,156200,3851612.0,1.32,-1.76,-0.44,0.0
2026-03-26,EPI,40.78,40.33,40.97,40.28,955400,38784348.0,1.68,-1.66,-0.68,0.0
2026-03-26,EPIN,22.85,22.85,22.85,22.85,0,23.0,0.0,-1.89,-0.44,0.0
2026-03-26,EPM,4.5,4.56,4.62,4.49,328800,1500967.0,2.8,2.01,0.09,0.94
2026-03-26,EPMB,23.6,23.6,23.6,23.6,0,0.0,0.0,0.04,0.01,
2026-03-26,EPMV,23.25,23.25,23.25,23.25,0,47.0,0.0,-0.67,-0.16,0.0
2026-03-26,EPOL,35.15,34.95,35.43,34.92,770600,26977312.0,1.42,-1.52,-0.54,0.0
2026-03-26,EPOW,0.82,0.88,0.94,0.82,126500,111074.0,11.88,-9.16,-0.09,0.33
2026-03-26,EPP,52.48,51.97,52.82,51.97,589600,30902858.0,1.61,-2.02,-1.07,0.0
2026-03-26,EPR,49.32,49.61,49.94,49.12,905300,45001708.0,1.66,0.2,0.1,1.18
2026-03-26,EPRF,16.79,16.81,16.86,16.77,5100,86422.0,0.53,-0.77,-0.13,0.0
2026-03-26,EPRT,30.63,30.74,31.02,30.53,1510800,46556708.0,1.6,0.16,0.05,0.72
2026-03-26,EPRX,7.01,6.85,7.1,6.74,110300,758817.0,5.08,-3.25,-0.23,0.18
2026-03-26,EPS,68.27,67.55,68.51,67.49,51600,3504471.0,1.49,-1.96,-1.35,0.0
2026-03-26,EPSB,24.24,24.24,24.24,24.24,0,2434.0,0.0,-1.43,-0.35,0.0
2026-03-26,EPSM,1.39,1.45,1.5,1.39,15700,22459.0,7.5,3.57,0.05,0.12
2026-03-26,EPSN,6.21,6.04,6.29,6.02,471000,2891089.0,4.35,-2.58,-0.16,1.58
2026-03-26,EPSV,25.55,25.45,25.55,25.45,100,2658.0,0.37,-1.91,-0.5,0.0
2026-03-26,EPU,77.12,76.71,78.1,76.71,40300,3111769.0,1.75,-2.86,-2.26,0.0
2026-03-26,EPV,23.19,23.34,23.36,22.74,71800,1659868.0,2.75,3.55,0.8,0.0
2026-03-26,EQ,1.99,2.06,2.14,1.99,349600,724517.0,7.28,0.0,0.0,0.55
2026-03-26,EQAL,54.85,54.78,55.44,54.72,59200,3253358.0,1.31,-0.83,-0.46,0.0
2026-03-26,EQBK,43.26,43.85,43.9,43.26,61000,2669615.0,1.46,0.34,0.15,0.29
2026-03-26,EQH,38.53,38.53,39.6,36.77,9287600,357507616.0,7.4,0.89,0.34,3.31
2026-03-26,EQIN,49.24,49.01,49.35,48.99,24900,1225607.0,0.73,-0.75,-0.37,0.0
2026-03-26,EQIX,960.77,963.39,971.33,954.06,530100,511693184.0,1.79,-0.27,-2.56,0.54
2026-03-26,EQL,47.37,47.18,47.63,47.15,46700,2212208.0,1.01,-1.28,-0.61,0.0
2026-03-26,EQLT,31.35,31.35,31.35,31.35,100,3213.0,0.0,-3.46,-1.12,0.0
2026-03-26,EQNR,40.92,41.12,41.57,40.87,7682200,316716032.0,1.73,1.68,0.68,
2026-03-26,EQPT,20.65,20.42,21.41,20.17,947800,19492454.0,5.95,-1.97,-0.41,0.36
2026-03-26,EQR,58.62,59.51,59.69,58.57,3298700,196068672.0,1.92,1.8,1.05,0.87
2026-03-26,EQRR,69.77,69.65,69.8,69.64,900,64130.0,0.23,-0.13,-0.09,0.0
2026-03-26,EQS,1.85,1.79,1.85,1.79,500,1062.0,3.35,0.0,0.0,0.0
2026-03-26,EQT,67.88,66.86,67.88,66.72,7531200,505993792.0,1.7,-1.58,-1.07,1.21
2026-03-26,EQTY,25.66,25.31,25.71,25.28,14500,371223.0,1.67,-1.89,-0.49,0.0
2026-03-26,EQWL,115.19,114.54,115.83,114.43,101800,11721716.0,1.21,-1.05,-1.22,0.0
2026-03-26,EQX,12.46,12.03,12.92,11.98,11154300,137166000.0,7.23,-7.46,-0.97,1.41
2026-03-26,ERAS,15.89,15.16,16.39,14.98,4252800,66315768.0,8.82,-5.19,-0.83,1.37
2026-03-26,ERC,9.01,8.9,9.03,8.86,27300,245339.0,1.88,-1.33,-0.12,0.0
2026-03-26,ERET,26.85,26.92,26.92,26.8,300,8430.0,0.46,-0.46,-0.12,0.0
2026-03-26,ERH,11.82,11.79,11.92,11.79,14600,173585.0,1.1,-0.67,-0.08,0.0
2026-03-26,ERIC,11.56,11.44,11.65,11.44,8149900,94065480.0,1.89,-1.55,-0.18,0.24
2026-03-26,ERIE,236.46,243.26,244.78,236.38,195900,47401692.0,3.56,3.04,7.17,0.42
2026-03-26,ERII,10.09,9.94,10.21,9.86,445000,4436384.0,3.45,-1.97,-0.2,0.84
2026-03-26,ERNA,0.21,0.21,0.22,0.2,403800,84216.0,8.26,-1.14,-0.0,1.39
2026-03-26,ERO,24.47,24.56,25.23,24.36,903400,22291352.0,3.42,-3.35,-0.85,0.87
2026-03-26,ERTH,47.1,46.6,47.33,46.6,4400,210389.0,1.53,-2.05,-0.98,0.0
2026-03-26,ERX,101.69,104.26,105.25,101.11,454000,47014584.0,4.09,2.97,3.01,0.0
2026-03-26,ERY,10.48,10.16,10.5,10.07,2045200,20929432.0,4.09,-3.33,-0.35,0.0
2026-03-26,ES,67.0,67.96,68.54,66.97,2015800,137022560.0,2.35,1.37,0.92,0.54
2026-03-26,ESAB,96.1,92.45,97.05,92.3,1132200,105383840.0,4.87,-5.24,-5.11,1.86
2026-03-26,ESBA,4.72,5.06,5.06,4.72,3300,16385.0,6.95,3.37,0.16,0.02
2026-03-26,ESBG,20.36,20.21,20.36,20.21,4600,94813.0,0.69,-3.77,-0.79,0.0
2026-03-26,ESCA,17.86,17.55,18.24,17.35,30400,538818.0,4.96,-2.12,-0.38,0.22
2026-03-26,ESE,284.24,277.63,290.0,277.03,309400,87081664.0,4.49,-3.86,-11.14,1.19
2026-03-26,ESEA,62.02,62.61,65.0,62.0,105700,6736562.0,4.78,-0.19,-0.12,1.5
2026-03-26,ESG,152.23,150.79,152.23,150.79,1200,196005.0,0.94,-1.31,-2.0,0.0
2026-03-26,ESGD,93.94,93.25,94.79,93.2,349000,32810852.0,1.66,-2.17,-2.07,0.0
2026-03-26,ESGE,45.12,44.44,45.37,44.42,829300,37292596.0,2.08,-3.43,-1.58,0.0
2026-03-26,ESGG,199.06,197.84,199.84,197.84,2400,486247.0,1.0,-1.46,-2.93,0.0
2026-03-26,ESGU,141.86,140.33,142.51,140.27,730100,103201904.0,1.56,-1.74,-2.49,0.0
2026-03-26,ESGV,112.48,111.27,113.16,111.21,172500,19343964.0,1.72,-1.95,-2.21,0.0
2026-03-26,ESHA,11.86,12.08,12.08,11.86,1500,19064.0,1.82,-0.08,-0.01,0.04
2026-03-26,ESI,34.59,33.98,35.11,33.76,2545900,87053184.0,3.83,-3.6,-1.27,1.05
2026-03-26,ESIM,25.21,24.84,25.21,24.84,2300,58821.0,1.46,-1.96,-0.5,0.0
2026-03-26,ESIX,31.81,31.64,32.03,31.53,2500,82549.0,1.56,-1.05,-0.34,0.0
2026-03-26,ESK,12.55,12.55,12.55,12.55,100,2159.0,0.0,-5.62,-0.75,0.0
2026-03-26,ESLA,1.02,1.04,1.07,0.99,96100,99085.0,8.16,6.1,0.06,0.23
2026-03-26,ESLG,23.63,23.35,23.63,23.35,7200,170022.0,1.18,-1.76,-0.42,0.0
2026-03-26,ESLT,900.35,890.22,915.0,886.44,175000,157452128.0,3.13,-2.38,-21.68,0.38
2026-03-26,ESLV,26.29,26.23,26.29,26.23,2000,54158.0,0.23,-0.23,-0.06,0.0
2026-03-26,ESML,46.96,46.85,47.62,46.81,321000,15166031.0,1.71,-1.45,-0.69,0.0
2026-03-26,ESMV,28.34,28.03,28.34,28.03,2000,56445.0,1.08,-0.68,-0.19,0.0
2026-03-26,ESN,17.48,17.41,17.65,17.41,80200,1404483.0,1.37,-0.94,-0.16,0.0
2026-03-26,ESNT,57.74,58.59,58.78,57.74,519100,30373724.0,1.79,1.1,0.64,0.55
2026-03-26,ESOA,14.09,13.83,14.45,13.82,156600,2191575.0,4.42,-3.02,-0.43,0.85
2026-03-26,ESP,57.0,55.78,57.45,53.95,24200,1346981.0,6.14,-2.14,-1.22,0.82
2026-03-26,ESPO,87.96,87.21,88.69,87.12,15000,1320546.0,1.77,-1.85,-1.64,
2026-03-26,ESPR,2.7,2.85,2.89,2.66,3962100,11206469.0,8.33,3.26,0.09,1.54
2026-03-26,ESQ,105.57,106.76,107.29,105.5,76500,8151976.0,1.68,-0.08,-0.09,0.89
2026-03-26,ESRT,4.98,4.96,5.08,4.95,1257700,6274330.0,2.59,-1.0,-0.05,0.73
2026-03-26,ESS,241.42,243.71,245.2,241.42,537700,131117200.0,1.56,0.65,1.57,0.83
2026-03-26,ESSC,26.21,26.06,26.22,26.06,1700,44902.0,0.62,-1.38,-0.36,0.0
2026-03-26,ESTA,58.18,59.91,60.22,58.18,300800,17950012.0,3.42,0.57,0.34,1.03
2026-03-26,ESTC,49.43,51.31,52.18,49.33,1274300,65389516.0,5.72,2.74,1.37,1.23
2026-03-26,ESUM,26.27,26.07,26.43,26.05,40100,1049323.0,1.44,-1.44,-0.38,0.0
2026-03-26,ET,19.17,19.44,19.45,19.14,10434200,202020384.0,1.62,1.57,0.3,0.3
2026-03-26,ETB,14.6,14.34,14.66,14.26,118300,1701647.0,2.76,-2.05,-0.3,0.0
2026-03-26,ETCO,11.95,11.77,11.95,11.66,7400,87981.0,2.34,-5.17,-0.64,0.0
2026-03-26,ETD,22.28,22.32,22.63,22.21,211700,4730440.0,1.87,-0.62,-0.14,0.83
2026-03-26,ETEC,27.09,26.63,27.16,26.63,600,18520.0,1.93,-3.21,-0.88,0.0
2026-03-26,ETFT,8.97,8.87,8.97,8.87,8100,72952.0,1.11,-1.28,-0.11,0.0
2026-03-26,ETG,20.19,19.87,20.62,19.87,169900,3405135.0,3.7,-2.5,-0.51,0.0
2026-03-26,ETH,19.67,19.4,19.82,19.25,4117900,80540216.0,2.77,-5.69,-1.17,0.0
2026-03-26,ETHA,15.66,15.46,15.8,15.34,38858000,605262784.0,2.8,-5.79,-0.95,0.0
2026-03-26,ETHB,26.71,26.35,26.91,26.17,519100,13721075.0,2.65,-5.66,-1.58,0.0
2026-03-26,ETHD,64.82,66.43,67.26,63.98,529200,34623116.0,5.51,11.65,6.93,0.0
2026-03-26,ETHE,16.9,16.66,17.02,16.53,2405300,40449900.0,2.74,-5.72,-1.01,0.0
2026-03-26,ETHM,10.45,10.47,10.47,10.44,94800,991527.0,0.24,0.19,0.02,0.43
2026-03-26,ETHMW,0.87,0.84,0.87,0.84,1800,1598.0,3.74,-3.72,-0.03,0.0
2026-03-26,ETHO,66.53,65.84,66.53,65.84,1100,74145.0,1.03,-2.24,-1.51,0.0
2026-03-26,ETHT,14.78,14.38,15.03,14.14,2472400,36213420.0,5.48,-11.51,-1.87,0.0
2026-03-26,ETHU,22.02,21.4,22.41,21.07,7378400,161570752.0,5.55,-11.68,-2.83,0.0
2026-03-26,ETHV,30.33,29.93,30.58,29.73,79300,2405382.0,2.68,-5.73,-1.82,0.0
2026-03-26,ETHW,14.86,14.65,14.97,14.55,1100000,16212001.0,2.7,-5.67,-0.88,0.0
2026-03-26,ETJ,8.1,8.0,8.16,8.0,224100,1808028.0,1.95,-2.32,-0.19,0.0
2026-03-26,ETN,370.75,357.1,373.38,356.67,2036800,737746624.0,4.46,-4.77,-17.9,0.52
2026-03-26,ETO,26.88,26.27,27.02,26.25,41500,1109452.0,2.85,-3.06,-0.83,0.0
2026-03-26,ETON,23.68,23.45,24.39,23.0,362900,8564951.0,5.81,-1.64,-0.39,1.33
2026-03-26,ETOR,29.02,30.05,30.6,29.02,809400,24187420.0,5.32,1.18,0.35,1.0
2026-03-26,ETR,102.33,102.86,103.08,101.78,1989800,204276976.0,1.27,0.1,0.1,0.44
2026-03-26,ETRL,7.34,8.04,8.23,7.34,11800,89917.0,11.36,2.55,0.2,0.0
2026-03-26,ETS,0.7,0.68,0.7,0.67,75300,51049.0,4.96,-0.15,-0.0,0.45
2026-03-26,ETSY,47.57,48.52,49.42,47.56,2359000,114659672.0,3.85,0.6,0.29,2.45
2026-03-26,ETTY,11.1,10.94,11.1,10.89,1400,15451.0,1.86,-5.44,-0.63,0.0
2026-03-26,ETU,5.85,5.66,5.93,5.6,93400,539953.0,5.2,-11.7,-0.75,0.0
2026-03-26,ETV,13.72,13.56,13.81,13.55,245200,3356837.0,1.83,-2.52,-0.35,0.0
2026-03-26,ETW,8.75,8.66,8.83,8.66,514300,4501307.0,1.92,-2.37,-0.21,0.0
2026-03-26,ETX,18.8,18.93,18.99,18.8,21600,409184.0,1.01,0.69,0.13,0.0
2026-03-26,ETY,13.61,13.43,13.7,13.43,269600,3659451.0,1.96,-2.54,-0.35,0.0
2026-03-26,EU,1.83,1.76,1.86,1.75,1467800,2625751.0,5.91,-5.38,-0.1,0.78
2026-03-26,EUAD,40.63,40.0,40.83,40.0,465700,18799268.0,1.99,-3.92,-1.63,0.0
2026-03-26,EUDA,11.44,11.44,15.36,11.26,38900,509724.0,35.71,-0.26,-0.03,1.55
2026-03-26,EUDG,35.87,35.52,36.04,35.52,6900,250665.0,1.43,-2.22,-0.81,0.0
2026-03-26,EUDV,50.45,50.05,50.45,50.05,400,22943.0,0.78,-1.14,-0.58,0.0
2026-03-26,EUFN,33.85,33.55,34.08,33.53,904500,30513844.0,1.61,-2.67,-0.92,0.0
2026-03-26,EUHY,52.36,52.2,52.44,52.2,13200,692916.0,0.47,-0.7,-0.37,0.0
2026-03-26,EUIG,49.35,49.26,49.35,49.26,300,14836.0,0.17,-0.38,-0.19,0.0
2026-03-26,EUM,19.36,19.72,19.79,19.32,771200,15158428.0,2.47,3.63,0.69,0.0
2026-03-26,EUO,29.69,29.76,29.83,29.62,37900,1126067.0,0.71,0.64,0.19,0.0
2026-03-26,EURK,11.3,11.3,11.3,11.3,200,2971.0,0.0,0.62,0.07,0.01
2026-03-26,EURKR,0.28,0.28,0.28,0.28,0,6.0,0.0,0.0,0.0,0.0
2026-03-26,EURL,36.02,35.43,36.9,35.11,124200,4452119.0,4.8,-5.09,-1.9,0.0
2026-03-26,EUSA,101.63,101.26,102.77,101.19,25000,2547228.0,1.54,-1.11,-1.14,0.0
2026-03-26,EUSB,43.37,43.22,43.4,43.22,28400,1229655.0,0.4,-0.56,-0.24,
2026-03-26,EVAC,10.07,10.07,10.09,10.07,1000,10241.0,0.2,-0.2,-0.02,0.0
2026-03-26,EVAX,3.76,3.59,3.76,3.58,18100,66076.0,4.86,-2.97,-0.11,0.22
2026-03-26,EVC,3.07,3.04,3.12,3.02,225300,688979.0,3.08,-1.3,-0.04,0.25
2026-03-26,EVCM,11.53,11.75,11.97,11.53,134900,1594868.0,3.78,1.03,0.12,0.08
2026-03-26,EVER,15.67,15.9,16.56,15.67,475000,7608357.0,5.58,-0.38,-0.06,1.32
2026-03-26,EVEX,2.55,2.57,2.69,2.52,1259300,3265884.0,6.54,-1.15,-0.03,0.36
2026-03-26,EVF,4.97,4.93,4.99,4.91,69800,345520.0,1.7,-1.2,-0.06,0.0
2026-03-26,EVG,10.65,10.48,10.65,10.46,21700,228950.0,1.79,-1.13,-0.12,0.0
2026-03-26,EVGN,0.86,0.82,0.86,0.79,140900,116439.0,7.96,-3.28,-0.03,1.62
2026-03-26,EVGO,1.77,1.75,1.84,1.7,7349000,12864734.0,7.73,-3.31,-0.06,2.35
2026-03-26,EVGOW,0.02,0.02,0.02,0.02,100,4.0,0.0,-12.0,-0.0,0.0
2026-03-26,EVH,2.24,2.38,2.39,2.22,2637600,6115233.0,7.49,4.85,0.11,2.36
2026-03-26,EVHY,52.02,51.72,52.07,51.72,4500,236298.0,0.67,-0.7,-0.37,0.0
2026-03-26,EVI,20.5,20.01,21.1,20.0,24700,507194.0,5.3,-3.61,-0.75,0.19
2026-03-26,EVIM,52.49,52.47,52.52,52.45,40600,2135169.0,0.13,-0.07,-0.03,0.0
2026-03-26,EVLN,48.52,48.45,48.61,48.44,54500,2646155.0,0.35,-0.14,-0.07,0.0
2026-03-26,EVLU,33.22,32.71,33.27,32.71,1400,46701.0,1.68,-2.92,-0.98,0.0
2026-03-26,EVLV,5.89,5.96,6.2,5.85,3307100,19905916.0,5.9,0.51,0.03,1.84
2026-03-26,EVLVW,0.11,0.12,0.14,0.1,53600,6475.0,35.09,9.91,0.01,0.0
2026-03-26,EVMN,22.31,23.67,24.82,22.31,275600,6628320.0,10.85,2.33,0.54,0.77
2026-03-26,EVMO,50.42,50.26,50.42,50.23,87200,4385912.0,0.38,-0.36,-0.18,0.0
2026-03-26,EVMT,17.6,17.41,17.63,17.41,4500,80207.0,1.26,-0.41,-0.07,0.0
2026-03-26,EVN,10.4,10.24,10.43,10.23,69000,713933.0,1.89,-1.54,-0.16,0.0
2026-03-26,EVNT,11.63,11.66,11.67,11.63,3400,40732.0,0.34,-0.28,-0.03,0.0
2026-03-26,EVO,2.46,2.46,2.51,2.46,58000,144128.0,1.98,-2.38,-0.06,0.02
2026-03-26,EVOX,9.96,9.96,9.96,9.96,1800,17967.0,0.0,0.0,0.0,0.01
2026-03-26,EVOXU,10.23,10.18,10.24,10.18,4600,47426.0,0.59,-0.59,-0.06,0.02
2026-03-26,EVPF,49.5,49.42,49.5,49.42,5900,293365.0,0.15,-0.25,-0.13,0.0
2026-03-26,EVR,282.57,284.75,291.54,282.57,340500,97416528.0,3.13,-0.74,-2.12,0.86
2026-03-26,EVRG,80.08,80.4,80.61,79.78,1186100,95336560.0,1.04,0.53,0.42,0.52
2026-03-26,EVSB,50.85,50.88,50.89,50.84,90400,4601921.0,0.1,0.04,0.02,0.0
2026-03-26,EVSD,50.98,50.9,51.02,50.9,69200,3528780.0,0.23,-0.29,-0.15,0.0
2026-03-26,EVSM,50.28,50.23,50.28,50.2,79000,3971317.0,0.16,-0.09,-0.04,0.0
2026-03-26,EVT,24.45,24.06,24.53,24.01,73400,1782782.0,2.12,-2.0,-0.49,0.0
2026-03-26,EVTC,27.68,28.3,28.48,27.68,262700,7410606.0,2.87,1.51,0.42,0.43
2026-03-26,EVTL,2.57,2.39,2.6,2.32,2779400,6811644.0,10.57,-9.81,-0.26,2.72
2026-03-26,EVTR,50.81,50.6,50.83,50.58,606300,30720728.0,0.5,-0.57,-0.29,0.0
2026-03-26,EVTV,1.63,1.57,1.66,1.52,574100,908882.0,8.08,-5.99,-0.1,11.89
2026-03-26,EVUS,31.78,31.61,31.98,31.6,28600,908270.0,1.19,-1.16,-0.37,0.0
2026-03-26,EVV,9.25,9.15,9.29,9.14,366400,3385351.0,1.62,-1.4,-0.13,0.0
2026-03-26,EVX,38.58,38.23,38.76,38.11,9700,372965.0,1.68,-0.93,-0.36,0.0
2026-03-26,EVYM,49.68,49.54,49.74,49.51,2900,148228.0,0.47,-0.36,-0.18,0.0
2026-03-26,EW,82.36,82.1,83.76,81.93,6235000,515771424.0,2.21,-0.69,-0.57,1.08
2026-03-26,EWA,27.45,27.17,27.65,27.16,3552600,97358040.0,1.76,-2.27,-0.63,0.0
2026-03-26,EWBC,106.35,106.13,106.82,105.48,840300,89193400.0,1.26,-0.6,-0.64,0.61
2026-03-26,EWC,54.06,53.71,54.79,53.67,2290700,124009640.0,2.07,-1.68,-0.92,0.0
2026-03-26,EWCZ,5.77,5.78,5.82,5.77,383100,2221649.0,0.87,0.0,0.0,
2026-03-26,EWD,47.63,47.31,48.16,47.26,69000,3291769.0,1.84,-2.59,-1.26,0.0
2026-03-26,EWG,38.87,38.67,39.26,38.64,2632400,102434184.0,1.58,-2.03,-0.8,0.0
2026-03-26,EWH,22.66,22.57,22.86,22.57,11841100,269005920.0,1.25,-1.95,-0.45,0.0
2026-03-26,EWI,51.64,51.47,52.16,51.47,305600,15814093.0,1.32,-1.87,-0.98,0.0
2026-03-26,EWJ,83.64,82.71,84.28,82.66,5882900,490738400.0,1.91,-2.41,-2.04,0.0
2026-03-26,EWJV,42.01,41.57,42.27,41.51,143300,5994989.0,1.8,-1.7,-0.72,0.0
2026-03-26,EWK,23.7,23.6,23.86,23.59,25200,598576.0,1.12,-1.71,-0.41,0.0
2026-03-26,EWL,57.71,57.3,58.25,57.26,1027100,59258112.0,1.71,-1.55,-0.9,0.0
2026-03-26,EWM,28.7,28.28,28.73,28.26,1900900,53855736.0,1.59,-2.45,-0.71,
2026-03-26,EWN,57.58,56.85,57.92,56.82,68100,3902219.0,1.89,-2.84,-1.66,
2026-03-26,EWO,35.11,34.83,35.17,34.83,11800,413079.0,0.96,-1.16,-0.41,0.0
2026-03-26,EWP,52.78,52.46,53.11,52.38,501100,26407054.0,1.36,-2.0,-1.07,0.0
2026-03-26,EWQ,42.49,42.25,42.96,42.19,728400,30945130.0,1.79,-1.68,-0.72,0.0
2026-03-26,EWS,27.67,27.61,27.92,27.58,834100,23127866.0,1.22,-0.75,-0.21,0.0
2026-03-26,EWT,71.4,70.1,71.7,70.01,5003200,354850816.0,2.33,-3.16,-2.29,0.0
2026-03-26,EWTX,31.51,31.65,32.42,31.47,446300,14185617.0,2.97,-0.91,-0.29,0.42
2026-03-26,EWU,44.5,44.22,44.84,44.19,1912300,84992128.0,1.44,-2.04,-0.92,0.0
2026-03-26,EWUS,39.42,39.15,39.42,39.15,1500,59021.0,0.67,-1.45,-0.58,0.0
2026-03-26,EWV,23.2,23.83,24.05,22.71,98800,2295647.0,5.98,6.29,1.41,0.0
2026-03-26,EWW,74.62,73.29,74.79,73.18,1752000,129540400.0,2.14,-2.49,-1.87,0.0
2026-03-26,EWX,65.44,64.93,65.92,64.9,19200,1262069.0,1.53,-2.51,-1.67,0.0
2026-03-26,EWY,124.58,119.99,125.28,119.28,26420400,3226501120.0,4.7,-6.07,-7.75,0.0
2026-03-26,EWZ,37.14,36.8,37.44,36.75,27560500,1020534848.0,1.84,-1.97,-0.74,0.0
2026-03-26,EWZS,14.18,13.92,14.25,13.88,994400,14013280.0,2.56,-3.73,-0.54,0.0
2026-03-26,EXC,47.94,48.4,48.53,47.67,7886100,380952960.0,1.81,1.53,0.73,0.77
2026-03-26,EXE,113.48,111.05,114.81,110.76,5172100,580528448.0,3.56,-2.52,-2.87,2.15
2026-03-26,EXEL,42.61,42.36,43.21,42.33,1703300,72735072.0,2.05,-0.99,-0.42,0.66
2026-03-26,EXEQ,23.72,23.72,23.72,23.72,0,480.0,0.0,-1.61,-0.39,0.0
2026-03-26,EXFY,0.82,0.85,0.89,0.8,763700,647873.0,10.29,1.84,0.02,0.82
2026-03-26,EXG,8.61,8.5,8.66,8.49,566100,4860702.0,1.89,-2.41,-0.21,0.19
2026-03-26,EXI,182.81,179.77,182.93,179.68,25700,4653453.0,1.77,-2.35,-4.33,0.0
2026-03-26,EXK,8.85,8.56,9.1,8.53,8670200,75977784.0,6.21,-6.75,-0.62,2.93
2026-03-26,EXLS,30.28,30.37,30.97,30.19,2919700,88847312.0,2.58,0.3,0.09,1.87
2026-03-26,EXOD,7.11,6.85,7.47,6.8,55500,394669.0,9.25,-6.04,-0.44,0.19
2026-03-26,EXOZ,7.28,7.23,7.5,7.2,5000,37023.0,4.17,0.42,0.03,0.06
2026-03-26,EXP,184.94,183.92,190.01,183.55,425600,78835584.0,3.46,-1.48,-2.77,1.35
2026-03-26,EXPD,141.03,142.66,144.43,141.03,721300,103211040.0,2.37,-0.36,-0.52,0.54
2026-03-26,EXPE,232.98,232.84,238.16,230.73,1189900,277660160.0,3.15,-1.45,-3.42,0.97
2026-03-26,EXPI,6.09,6.2,6.34,5.94,1059000,6567806.0,6.58,1.97,0.12,0.66
2026-03-26,EXPO,65.13,65.3,67.32,64.74,416300,27371652.0,3.95,-0.06,-0.04,0.85
2026-03-26,EXR,129.32,130.49,131.76,129.19,1007200,131533472.0,1.98,0.38,0.5,0.48
2026-03-26,EXTR,15.32,15.46,15.68,15.25,942700,14556034.0,2.75,0.0,0.0,
2026-03-26,EXUS,24.16,23.87,24.16,23.84,1800,43302.0,1.31,-2.87,-0.71,0.0
2026-03-26,EYE,27.71,27.43,28.55,27.36,787400,21804060.0,4.24,-2.25,-0.63,0.99
2026-03-26,EYEG,34.99,34.99,34.99,34.99,0,245.0,0.0,-0.62,-0.22,0.0
2026-03-26,EYLD,41.62,40.4,41.62,40.4,70100,2854711.0,2.93,-3.0,-1.25,0.0
2026-03-26,EYPT,12.98,13.06,13.24,12.65,768000,10016723.0,4.52,0.08,0.01,0.92
2026-03-26,EZA,64.5,63.98,65.53,63.88,122700,7939910.0,2.49,-3.31,-2.19,0.0
2026-03-26,EZBC,40.0,39.61,40.36,39.38,101800,4051977.0,2.39,-3.34,-1.37,0.0
2026-03-26,EZET,15.74,15.51,15.86,15.41,90500,1410265.0,2.73,-5.77,-0.95,0.0
2026-03-26,EZGO,1.21,1.23,1.23,1.17,4400,5285.0,4.65,-4.65,-0.06,0.02
2026-03-26,EZJ,54.11,52.53,54.11,52.22,2800,152706.0,3.44,-4.48,-2.46,0.0
2026-03-26,EZM,67.46,66.77,67.63,66.77,29500,1985782.0,1.27,-1.05,-0.71,0.0
2026-03-26,EZMO,26.58,26.52,26.58,26.5,3100,84439.0,0.32,-0.77,-0.2,0.0
2026-03-26,EZPW,24.95,25.28,25.53,24.9,853000,21539924.0,2.47,-1.25,-0.32,1.38
2026-03-26,EZPZ,17.64,17.34,17.69,17.27,8100,142214.0,2.33,-3.75,-0.68,0.0
2026-03-26,EZRA,0.17,0.16,0.17,0.16,3388500,511915.0,6.11,-3.76,-0.01,15.94
2026-03-26,EZRO,25.62,25.46,25.62,25.42,1100,28456.0,0.78,-0.74,-0.19,0.0
2026-03-26,EZU,61.44,60.99,61.96,60.96,2819400,173178208.0,1.61,-2.07,-1.29,0.0
2026-03-26,F,11.56,11.6,11.72,11.49,28517500,330642496.0,1.97,-0.6,-0.07,0.71
2026-03-26,FA,11.28,11.29,11.44,11.05,662300,7495102.0,3.47,0.53,0.06,0.38
2026-03-26,FAAA,50.04,50.03,50.04,50.03,9500,476625.0,0.02,0.03,0.01,0.0
2026-03-26,FAAR,33.39,33.16,33.42,33.13,33700,1121526.0,0.87,-0.19,-0.06,0.0
2026-03-26,FAB,94.89,94.51,94.89,94.51,500,52431.0,0.41,-0.3,-0.28,0.0
2026-03-26,FACT,10.49,10.51,10.51,10.49,51000,536253.0,0.19,0.1,0.01,0.21
2026-03-26,FACTW,0.38,0.38,0.43,0.38,57000,23321.0,13.92,5.56,0.02,0.0
2026-03-26,FAD,160.59,158.09,161.12,158.05,7200,1160939.0,1.89,-2.39,-3.87,0.0
2026-03-26,FAF,57.5,59.44,59.54,57.5,735000,43502820.0,3.5,1.85,1.08,0.72
2026-03-26,FAI,37.83,37.0,37.94,37.0,9100,342428.0,2.45,-3.51,-1.34,0.0
2026-03-26,FALN,26.61,26.54,26.69,26.49,6752600,179433760.0,0.79,-0.75,-0.2,0.0
2026-03-26,FAMI,1.25,1.25,1.25,1.25,600,838.0,0.0,-2.73,-0.03,0.0
2026-03-26,FAN,24.11,24.03,24.27,24.03,63600,1537399.0,0.98,-1.44,-0.35,
2026-03-26,FANG,198.89,202.19,204.15,198.04,3220000,649045888.0,3.12,3.15,6.17,1.14
2026-03-26,FAPR,44.73,44.68,44.73,44.66,6700,302575.0,0.16,-0.25,-0.11,0.0
2026-03-26,FARM,1.25,1.25,1.26,1.24,24700,30844.0,1.59,-0.79,-0.01,0.11
2026-03-26,FARX,28.16,28.08,28.16,28.08,1700,48573.0,0.29,-0.27,-0.08,0.0
2026-03-26,FAS,117.12,116.75,119.91,115.63,612700,72182680.0,3.6,-1.78,-2.12,0.0
2026-03-26,FAST,45.41,45.11,45.89,44.94,5845800,264519840.0,2.09,-0.57,-0.26,0.51
2026-03-26,FATE,1.2,1.23,1.31,1.2,1222800,1524345.0,9.02,0.82,0.01,1.05
2026-03-26,FATN,2.12,2.38,2.73,2.04,4553800,10894134.0,39.9,37.57,0.65,32.71
2026-03-26,FAUG,51.85,51.46,51.95,51.46,13900,720156.0,0.94,-1.3,-0.68,0.0
2026-03-26,FAX,14.93,14.8,15.0,14.77,102200,1525424.0,1.54,-0.94,-0.14,0.0
2026-03-26,FAZ,51.91,52.05,52.5,50.64,508200,26262138.0,3.64,1.86,0.95,0.0
2026-03-26,FB,42.05,42.05,42.05,42.05,0,1263.0,0.0,-0.35,-0.15,0.0
2026-03-26,FBCG,50.5,49.58,50.63,49.56,446100,22286672.0,2.09,-3.01,-1.54,0.0
2026-03-26,FBCV,35.81,35.64,36.01,35.6,17000,609629.0,1.13,-0.86,-0.31,
2026-03-26,FBDC,16.94,16.68,16.94,16.68,1900,33418.0,1.52,-2.36,-0.4,0.0
2026-03-26,FBGL,0.57,0.52,0.57,0.5,226900,122241.0,12.13,-10.65,-0.06,1.68
2026-03-26,FBIN,38.71,38.62,39.95,38.37,2185800,84678088.0,4.01,-2.08,-0.82,1.82
2026-03-26,FBIO,2.9,2.88,3.01,2.75,740300,2138775.0,8.7,-3.68,-0.11,2.39
2026-03-26,FBIOP,13.2,13.48,13.52,12.75,18300,243076.0,5.71,0.37,0.05,0.0
2026-03-26,FBIZ,52.99,53.44,53.47,52.77,18500,988702.0,1.31,0.26,0.14,0.22
2026-03-26,FBK,51.46,51.97,52.12,51.46,244100,12659803.0,1.28,0.15,0.08,0.47
2026-03-26,FBL,24.12,21.2,24.14,20.84,2755400,60565376.0,13.1,-15.81,-3.98,0.0
2026-03-26,FBLA,13.47,13.52,13.63,13.47,121400,1648853.0,1.18,-0.44,-0.06,0.67
2026-03-26,FBLG,0.21,0.22,0.23,0.19,2287700,488465.0,16.09,-16.51,-0.04,3.26
2026-03-26,FBNC,55.39,55.61,55.88,54.78,169900,9428840.0,1.97,-0.29,-0.16,0.41
2026-03-26,FBND,45.62,45.48,45.72,45.46,2702600,123119240.0,0.57,-0.59,-0.27,0.0
2026-03-26,FBOT,33.53,33.01,33.7,33.01,8900,299836.0,2.01,-2.97,-1.01,0.0
2026-03-26,FBP,20.93,21.18,21.22,20.91,1071400,22621966.0,1.45,0.52,0.11,0.69
2026-03-26,FBRT,8.47,8.58,8.59,8.47,966200,8260085.0,1.4,0.35,0.03,1.19
2026-03-26,FBRX,25.73,27.01,29.62,25.73,436400,11975803.0,14.75,2.39,0.63,3.48
2026-03-26,FBT,196.45,197.05,198.92,196.45,45300,8989308.0,1.24,-0.77,-1.52,0.0
2026-03-26,FBTC,60.4,59.66,60.81,59.3,4543600,272561024.0,2.45,-3.29,-2.03,0.0
2026-03-26,FBUF,30.28,30.01,30.28,30.01,400,14348.0,0.88,-1.06,-0.32,0.0
2026-03-26,FBY,10.45,9.85,10.45,9.78,203900,2059887.0,6.25,-8.12,-0.87,0.0
2026-03-26,FBYD,7.52,8.72,9.47,7.52,166100,1476915.0,25.39,13.54,1.04,0.13
2026-03-26,FBYDW,1.1,1.2,1.2,1.1,4600,5177.0,10.1,21.21,0.21,0.0
2026-03-26,FBYY,13.66,13.68,13.68,13.66,1100,16335.0,0.1,-4.98,-0.72,0.0
2026-03-26,FC,15.01,15.45,15.96,15.01,105300,1627612.0,6.32,2.25,0.34,0.91
2026-03-26,FCA,31.49,31.0,31.53,31.0,25200,789088.0,1.65,-3.64,-1.17,0.0
2026-03-26,FCAL,48.74,48.75,48.81,48.63,17800,870514.0,0.37,-0.27,-0.13,0.0
2026-03-26,FCAP,48.94,48.5,48.94,48.5,2400,119245.0,0.91,1.06,0.51,0.07
2026-03-26,FCBC,40.77,41.19,41.58,40.33,85400,3506482.0,3.04,0.41,0.17,0.45
2026-03-26,FCBD,25.52,25.39,25.52,25.38,3500,89214.0,0.57,-0.39,-0.1,0.0
2026-03-26,FCCO,28.4,28.71,28.9,28.2,55800,1604543.0,2.45,0.67,0.19,0.6
2026-03-26,FCEF,22.69,22.31,22.69,22.22,71200,1594679.0,2.08,-1.33,-0.3,0.0
2026-03-26,FCEL,6.98,6.88,7.11,6.86,1157300,8050001.0,3.66,-3.1,-0.22,2.18
2026-03-26,FCF,17.22,17.45,17.46,17.19,661000,11501464.0,1.56,0.93,0.16,0.65
2026-03-26,FCFS,188.64,192.0,193.01,188.46,215800,41408456.0,2.38,0.82,1.57,0.49
2026-03-26,FCFY,25.33,25.33,25.33,25.33,0,455.0,0.0,-0.68,-0.17,0.0
2026-03-26,FCG,31.97,32.36,32.67,31.93,1710000,55413596.0,2.32,1.28,0.41,0.0
2026-03-26,FCHL,3.04,3.55,4.35,2.71,46816400,160366816.0,95.91,107.6,1.84,4130.86
2026-03-26,FCLD,27.28,27.18,27.71,27.18,4800,134105.0,1.91,-1.59,-0.44,0.0
2026-03-26,FCLO,50.09,50.06,50.09,50.06,900,48504.0,0.07,0.02,0.01,0.0
2026-03-26,FCN,168.33,171.27,172.41,168.33,262700,45021528.0,2.42,1.61,2.71,0.86
2026-03-26,FCNCA,1858.55,1896.78,1902.82,1858.55,92300,174607872.0,2.36,1.17,21.89,0.78
2026-03-26,FCNCN,24.72,24.6,24.74,24.53,53300,1315597.0,0.85,-0.36,-0.09,0.33
2026-03-26,FCNCO,21.54,21.35,21.57,21.35,18500,398739.0,1.02,-1.11,-0.24,0.0
2026-03-26,FCNCP,21.21,21.33,21.41,21.2,31900,681594.0,0.98,-0.14,-0.03,0.23
2026-03-26,FCO,3.02,3.1,3.19,3.02,71900,221769.0,5.64,2.99,0.09,0.0
2026-03-26,FCOM,68.14,66.77,68.31,66.68,117500,7895731.0,2.38,-3.01,-2.07,0.0
2026-03-26,FCOR,47.2,46.93,47.2,46.9,53000,2490413.0,0.64,-0.64,-0.3,0.0
2026-03-26,FCPI,48.87,48.42,49.04,48.42,7300,356171.0,1.25,-1.59,-0.78,0.0
2026-03-26,FCPT,23.96,23.87,24.14,23.8,510000,12181881.0,1.42,-0.62,-0.15,0.46
2026-03-26,FCRS,10.04,10.06,10.08,10.04,60800,612006.0,0.4,-0.05,-0.01,0.17
2026-03-26,FCRX,25.0,25.0,25.0,25.0,900,24104.0,0.0,-0.24,-0.06,0.0
2026-03-26,FCSH,24.26,24.25,24.26,24.25,400,10844.0,0.04,-0.35,-0.08,0.0
2026-03-26,FCT,9.59,9.58,9.61,9.5,67200,643952.0,1.14,-0.52,-0.05,0.0
2026-03-26,FCTE,24.95,24.56,24.96,24.56,20100,499992.0,1.59,-2.31,-0.58,0.0
2026-03-26,FCTR,35.68,35.43,35.68,35.43,2700,99023.0,0.7,-0.82,-0.29,0.0
2026-03-26,FCUS,36.49,35.26,36.49,35.22,14900,534013.0,3.41,-5.4,-2.01,0.0
2026-03-26,FCUV,3.51,3.0,3.8,2.73,27300,84409.0,31.5,-11.24,-0.38,2.78
2026-03-26,FCVT,45.37,44.4,45.37,44.32,25500,1143174.0,2.3,-2.59,-1.18,0.0
2026-03-26,FCX,55.36,55.83,56.21,54.9,16016500,891619712.0,2.29,-2.21,-1.26,1.11
2026-03-26,FCXG,11.28,11.49,11.53,11.12,11400,130161.0,3.41,-4.55,-0.55,0.0
2026-03-26,FDAT,21.67,21.6,21.67,21.6,400,8697.0,0.3,-0.58,-0.12,0.0
2026-03-26,FDBC,43.09,43.33,43.53,43.09,3500,154755.0,1.01,-0.51,-0.22,0.06
2026-03-26,FDCF,43.43,42.25,43.43,42.23,5000,214340.0,2.74,-3.61,-1.58,0.0
2026-03-26,FDD,17.27,17.2,17.45,17.2,110100,1907833.0,1.43,-1.77,-0.31,0.0
2026-03-26,FDEC,49.74,49.5,49.98,49.47,21000,1045396.0,1.01,-1.07,-0.53,0.0
2026-03-26,FDEM,31.43,30.91,31.8,30.91,142600,4465741.0,2.78,-3.32,-1.06,0.0
2026-03-26,FDEV,35.15,34.85,35.5,34.85,12800,451416.0,1.83,-1.66,-0.59,0.0
2026-03-26,FDFF,30.73,30.86,31.17,30.73,1800,57601.0,1.41,-0.94,-0.29,0.0
2026-03-26,FDG,114.84,112.91,115.66,112.91,24600,2828537.0,2.37,-2.73,-3.17,0.0
2026-03-26,FDHY,48.54,48.41,48.68,48.31,85900,4171586.0,0.76,-0.74,-0.36,0.0
2026-03-26,FDIF,32.91,32.45,33.1,32.45,8900,294914.0,1.95,-2.45,-0.81,0.0
2026-03-26,FDIG,34.75,33.71,35.19,33.58,39400,1348396.0,4.53,-5.17,-1.84,0.0
2026-03-26,FDIQ,66.88,67.34,67.72,66.88,1600,113563.0,1.24,-0.27,-0.18,0.0
2026-03-26,FDIS,93.98,93.02,94.78,92.99,70700,6638840.0,1.89,-1.76,-1.67,0.0
2026-03-26,FDIV,26.92,26.84,27.08,26.83,13800,373629.0,0.95,-0.03,-0.01,0.0
2026-03-26,FDL,50.03,50.32,50.49,50.03,829600,41764280.0,0.91,-0.28,-0.14,0.0
2026-03-26,FDLO,64.61,64.4,65.03,64.38,82500,5340708.0,1.0,-0.66,-0.43,0.0
2026-03-26,FDLS,37.35,36.89,37.44,36.88,12700,473868.0,1.5,-1.51,-0.56,0.0
2026-03-26,FDM,81.89,82.03,82.59,81.89,4500,374900.0,0.85,-0.7,-0.58,0.0
2026-03-26,FDMO,80.46,79.06,80.64,79.05,67600,5401078.0,1.95,-2.9,-2.36,0.0
2026-03-26,FDMT,9.65,10.18,10.7,9.64,2237800,22513100.0,10.78,3.04,0.3,4.38
2026-03-26,FDN,236.4,233.81,239.16,233.44,373200,87568624.0,2.4,-2.05,-4.89,0.0
2026-03-26,FDND,19.46,19.35,19.46,19.35,400,7911.0,0.54,-2.63,-0.52,0.0
2026-03-26,FDNI,27.01,26.86,27.44,26.86,6100,167432.0,2.07,-3.12,-0.86,0.0
2026-03-26,FDP,42.39,41.44,42.65,41.39,265200,11073357.0,2.97,-2.45,-1.04,0.56
2026-03-26,FDRR,58.66,58.44,58.99,58.31,12000,705349.0,1.14,-1.03,-0.61,0.0
2026-03-26,FDRS,21.03,20.06,21.45,20.06,29900,602208.0,6.67,-3.72,-0.77,0.0
2026-03-26,FDRV,16.44,16.2,16.49,16.19,12700,209058.0,1.8,-2.78,-0.46,0.0
2026-03-26,FDRX,17.26,16.6,17.26,16.6,2300,39991.0,3.71,-6.87,-1.22,0.0
2026-03-26,FDS,193.73,196.27,200.0,192.45,728000,143156640.0,3.89,1.23,2.39,1.96
2026-03-26,FDSB,14.72,14.8,14.85,14.67,5600,83718.0,1.19,0.27,0.04,0.11
2026-03-26,FDT,86.29,85.01,86.71,85.0,122900,10525787.0,1.95,-3.11,-2.73,0.0
2026-03-26,FDTS,63.68,63.68,63.68,63.68,1000,67120.0,0.0,-2.48,-1.62,0.0
2026-03-26,FDTX,37.45,36.66,37.65,36.66,10300,386310.0,2.62,-3.7,-1.41,0.0
2026-03-26,FDUS,17.38,17.29,17.63,17.25,209800,3655437.0,2.18,-0.8,-0.14,0.55
2026-03-26,FDV,30.51,30.63,30.77,30.5,120100,3682991.0,0.87,0.13,0.04,0.0
2026-03-26,FDVV,54.83,54.58,55.26,54.51,1028800,56427500.0,1.36,-0.93,-0.51,0.0
2026-03-26,FDX,355.27,349.55,355.34,349.36,1589400,557861824.0,1.67,-2.23,-7.97,0.67
2026-03-26,FE,49.36,50.03,50.3,49.18,4360500,218169936.0,2.26,1.03,0.51,0.75
2026-03-26,FEAC,27.98,27.77,27.98,27.74,1900,53911.0,0.87,-1.26,-0.35,0.0
2026-03-26,FEAM,1.58,1.44,1.61,1.42,328000,498093.0,12.28,-5.26,-0.08,0.79
2026-03-26,FEAT,18.64,18.22,18.69,18.22,4400,82923.0,2.46,-3.44,-0.65,0.0
2026-03-26,FEBM,30.24,30.26,30.38,30.2,12500,380822.0,0.59,-0.53,-0.16,0.0
2026-03-26,FEBO,1.18,1.21,1.3,1.16,22900,27355.0,11.67,0.83,0.01,0.21
2026-03-26,FEBP,31.38,31.1,31.38,31.1,4800,151375.0,0.9,-1.12,-0.35,0.0
2026-03-26,FEBT,37.6,37.29,37.66,37.29,6900,261275.0,0.98,-1.12,-0.42,0.0
2026-03-26,FEBU,27.03,26.83,27.03,26.83,1300,35626.0,0.73,-1.1,-0.3,0.0
2026-03-26,FEBW,33.44,33.35,33.56,33.31,7300,246171.0,0.74,-0.88,-0.29,0.0
2026-03-26,FEBZ,36.11,36.11,36.11,36.11,0,72.0,0.0,-1.28,-0.47,0.0
2026-03-26,FEDM,56.81,56.81,56.81,56.81,100,7903.0,0.0,-2.02,-1.17,0.0
2026-03-26,FEDU,10.79,10.79,10.79,10.79,100,1268.0,0.0,0.0,0.0,0.01
2026-03-26,FEED,2.61,2.3,2.62,2.08,2487900,5685769.0,20.45,-12.88,-0.34,228.64
2026-03-26,FEGE,46.47,46.16,46.8,46.1,402300,18678376.0,1.49,-1.51,-0.71,0.0
2026-03-26,FEIG,40.55,40.55,40.55,40.55,0,3367.0,0.0,-0.61,-0.25,0.0
2026-03-26,FEIM,45.83,44.67,47.79,44.56,260500,11979462.0,6.88,-4.92,-2.31,2.65
2026-03-26,FELC,36.38,36.02,36.55,36.0,1151000,41585860.0,1.5,-1.75,-0.64,0.0
2026-03-26,FELE,92.99,91.98,94.0,91.79,155300,14346942.0,2.37,-1.54,-1.44,
2026-03-26,FELG,37.7,37.13,37.82,37.12,522300,19516514.0,1.84,-2.37,-0.9,0.0
2026-03-26,FELV,34.89,34.69,35.12,34.69,143400,5008410.0,1.23,-1.22,-0.43,0.0
2026-03-26,FEM,29.46,29.18,29.64,29.17,123800,3643846.0,1.56,-2.99,-0.9,0.0
2026-03-26,FEMB,28.75,28.62,28.88,28.53,36700,1055842.0,1.21,-0.93,-0.27,0.0
2026-03-26,FEMD,33.29,33.29,33.29,33.29,0,0.0,0.0,-1.2,-0.4,
2026-03-26,FEMR,33.76,33.35,33.97,33.33,18300,616992.0,1.84,-3.28,-1.13,0.0
2026-03-26,FEMS,44.77,44.08,44.77,44.08,31000,1383716.0,1.52,-3.23,-1.47,0.0
2026-03-26,FEMY,0.5,0.5,0.52,0.49,488200,245755.0,5.44,-2.87,-0.01,0.82
2026-03-26,FENC,6.1,6.51,6.67,6.06,463900,2986442.0,9.85,5.51,0.34,1.7
2026-03-26,FENG,1.8,1.88,1.88,1.8,12700,23164.0,4.52,1.62,0.03,0.11
2026-03-26,FENI,36.7,36.4,36.97,36.36,1135600,41601824.0,1.64,-2.1,-0.78,0.0
2026-03-26,FENY,33.81,34.23,34.42,33.74,2222200,75860232.0,2.0,1.54,0.52,0.0
2026-03-26,FEOE,49.77,49.1,50.1,49.1,248500,12299566.0,1.99,-2.27,-1.14,0.0
2026-03-26,FEP,53.33,52.8,53.71,52.38,35000,1865916.0,2.46,-2.48,-1.34,0.0
2026-03-26,FEPI,40.38,39.49,40.38,39.44,312400,12451793.0,2.31,-3.02,-1.23,0.0
2026-03-26,FER,63.03,62.89,63.51,62.68,1639100,103377264.0,1.3,-1.3,-0.83,0.23
2026-03-26,FERAR,0.29,0.3,0.3,0.29,700,209.0,4.16,24.9,0.06,0.0
2026-03-26,FERAU,11.98,11.98,11.98,11.98,0,49.0,0.0,10.01,1.09,0.0
2026-03-26,FERG,226.45,221.31,229.26,221.28,868100,194124176.0,3.48,-3.29,-7.53,0.45
2026-03-26,FESM,38.26,37.99,38.63,37.92,349700,13366841.0,1.84,-1.63,-0.63,0.0
2026-03-26,FET,61.48,60.28,62.19,60.15,189200,11554325.0,3.3,-2.41,-1.49,1.68
2026-03-26,FETH,20.67,20.41,20.85,20.26,4886600,100613056.0,2.75,-5.73,-1.24,0.0
2026-03-26,FEUS,69.42,69.42,69.42,69.42,0,6693.0,0.0,-1.59,-1.12,0.0
2026-03-26,FEUZ,61.08,60.58,61.15,60.58,2600,160456.0,0.93,-1.85,-1.14,0.0
2026-03-26,FEX,121.89,121.35,122.62,121.35,7700,939389.0,1.04,-1.46,-1.8,0.0
2026-03-26,FEZ,61.02,60.46,61.52,60.43,2215300,134802032.0,1.76,-2.23,-1.38,0.0
2026-03-26,FF,3.61,3.73,3.75,3.61,275200,1021959.0,3.84,2.19,0.08,0.63
2026-03-26,FFA,20.3,19.98,20.37,19.73,65100,1308238.0,3.12,-2.49,-0.51,0.0
2026-03-26,FFAI,0.28,0.26,0.28,0.25,23398400,6186552.0,11.38,-10.07,-0.03,11.39
2026-03-26,FFAIW,0.01,0.01,0.01,0.01,263200,3155.0,24.0,-3.33,-0.0,0.0
2026-03-26,FFBC,27.35,27.7,27.77,27.35,609800,16873448.0,1.52,0.22,0.06,0.58
2026-03-26,FFC,15.45,15.34,15.53,15.34,138500,2141225.0,1.21,-1.51,-0.23,0.0
2026-03-26,FFDI,29.26,28.99,29.44,28.99,2700,80694.0,1.52,-2.79,-0.83,0.0
2026-03-26,FFEB,55.89,55.54,56.1,55.54,20300,1136579.0,1.0,-1.2,-0.67,0.0
2026-03-26,FFEM,35.01,34.47,35.08,34.39,12000,417510.0,1.94,-3.33,-1.19,0.0
2026-03-26,FFF,21.08,20.55,21.08,20.55,1600,33885.0,2.51,-2.81,-0.59,0.0
2026-03-26,FFGX,30.23,29.72,30.29,29.72,3500,107143.0,1.86,-3.16,-0.97,0.0
2026-03-26,FFIC,14.98,14.92,15.09,14.86,193100,2887744.0,1.53,-0.73,-0.11,0.57
2026-03-26,FFIN,29.16,29.53,29.55,29.16,621700,18311214.0,1.33,0.48,0.14,0.43
2026-03-26,FFIU,22.09,21.91,22.09,21.91,400,10073.0,0.84,-0.49,-0.11,0.0
2026-03-26,FFIV,297.24,293.15,303.99,292.49,642500,190150016.0,3.86,-1.58,-4.71,1.14
2026-03-26,FFLC,51.45,50.69,51.55,50.67,104300,5343845.0,1.71,-2.12,-1.1,0.0
2026-03-26,FFLG,28.01,27.43,28.04,27.43,131900,3653484.0,2.15,-3.21,-0.91,0.0
2026-03-26,FFLS,21.91,21.89,21.93,21.88,6900,151275.0,0.22,-1.08,-0.24,0.0
2026-03-26,FFLV,24.94,24.75,24.94,24.75,3600,91956.0,0.76,-0.88,-0.22,0.0
2026-03-26,FFND,28.93,28.64,28.93,28.64,8900,256586.0,1.0,-1.9,-0.56,0.0
2026-03-26,FFOG,41.53,40.56,41.58,40.55,20900,861033.0,2.44,-3.7,-1.56,0.0
2026-03-26,FFOX,26.89,26.45,26.94,26.45,17000,456174.0,1.82,-2.01,-0.54,0.0
2026-03-26,FFSM,32.22,31.88,32.5,31.86,159000,5110806.0,1.96,-2.31,-0.76,0.0
2026-03-26,FFTY,34.7,33.61,34.76,33.57,54200,1856562.0,3.36,-5.03,-1.78,0.0
2026-03-26,FFUT,57.15,57.29,57.37,57.07,2400,138083.0,0.53,0.71,0.4,0.0
2026-03-26,FFWM,5.94,5.86,5.98,5.78,650200,3798972.0,3.26,-2.01,-0.12,0.78
2026-03-26,FG,24.7,25.29,25.34,24.7,633800,15941502.0,2.6,2.64,0.65,0.47
2026-03-26,FGBI,8.35,8.26,8.36,8.26,2400,20427.0,1.2,-0.72,-0.06,0.02
2026-03-26,FGBIP,17.83,17.68,17.83,17.68,1000,19197.0,0.84,-0.62,-0.11,0.08
2026-03-26,FGD,31.31,31.17,31.5,31.11,277400,8665876.0,1.22,-1.55,-0.49,0.0
2026-03-26,FGDL,59.0,58.23,59.54,57.99,32100,1880962.0,2.58,-3.21,-1.93,0.0
2026-03-26,FGI,3.37,3.39,3.63,3.37,3600,12615.0,7.54,-1.74,-0.06,0.19
2026-03-26,FGII,9.9,9.9,9.9,9.9,0,710.0,0.0,0.0,0.0,0.0
2026-03-26,FGIIU,9.97,9.99,9.99,9.97,2700,27263.0,0.2,0.0,0.0,0.01
2026-03-26,FGIIW,0.18,0.18,0.18,0.18,200,47.0,0.0,0.0,0.0,0.0
2026-03-26,FGL,3.8,3.35,4.5,3.22,505600,1938332.0,35.26,-7.71,-0.28,114.02
2026-03-26,FGM,59.39,58.77,59.54,58.77,9300,553336.0,1.28,-2.47,-1.49,0.0
2026-03-26,FGMC,10.11,10.11,10.11,10.1,10500,105963.0,0.1,0.0,0.0,0.1
2026-03-26,FGMCR,0.51,0.5,0.51,0.5,2000,1042.0,2.94,-2.94,-0.01,0.0
2026-03-26,FGMCU,10.69,10.69,10.69,10.69,0,53.0,0.0,0.0,0.0,0.0
2026-03-26,FGN,24.77,24.82,24.98,24.69,23200,577890.0,1.17,-0.12,-0.03,0.0
2026-03-26,FGNX,6.62,6.3,6.64,6.28,25700,166066.0,5.39,-5.69,-0.38,0.39
2026-03-26,FGNXP,24.5,25.16,25.16,24.5,2500,62961.0,2.6,0.62,0.16,0.0
2026-03-26,FGRU,13.79,14.07,14.68,13.79,43500,615838.0,6.52,3.09,0.42,0.0
2026-03-26,FGSI,19.02,19.02,19.02,19.02,0,996.0,0.0,-2.41,-0.47,0.0
2026-03-26,FGSM,31.26,30.81,31.26,30.81,3000,94699.0,1.43,-1.46,-0.46,0.0
2026-03-26,FGSN,20.18,20.36,20.42,20.05,84000,1706489.0,1.83,1.04,0.21,0.0
2026-03-26,FHB,24.33,24.59,24.62,24.16,1441000,35348072.0,1.88,0.61,0.15,1.17
2026-03-26,FHDG,33.82,33.6,33.82,33.6,500,19723.0,0.64,-0.94,-0.32,0.0
2026-03-26,FHEQ,29.55,29.29,29.59,29.28,66800,1965688.0,1.03,-1.08,-0.32,0.0
2026-03-26,FHI,57.3,57.34,57.8,56.97,522200,29933246.0,1.45,-0.28,-0.16,0.69
2026-03-26,FHLC,69.85,69.89,70.42,69.81,228900,16058437.0,0.87,-0.36,-0.25,0.0
2026-03-26,FHN,22.54,22.55,22.74,22.43,2684100,60572900.0,1.34,-0.79,-0.18,0.56
2026-03-26,FHTX,4.84,4.9,5.07,4.77,128400,630604.0,6.08,-0.61,-0.03,0.22
2026-03-26,FHYS,22.92,22.83,22.95,22.82,27800,637476.0,0.56,-0.62,-0.14,0.0
2026-03-26,FIAT,26.32,26.47,26.62,25.87,39200,1033649.0,2.88,1.65,0.43,0.0
2026-03-26,FIAX,17.3,17.39,17.51,17.3,63600,1107167.0,1.21,0.33,0.06,0.0
2026-03-26,FIBK,33.3,33.5,33.76,33.22,1110200,37147020.0,1.61,-0.39,-0.13,1.1
2026-03-26,FICO,1035.85,1039.84,1072.29,1029.39,202900,212300272.0,4.11,-0.31,-3.26,0.86
2026-03-26,FICS,38.23,38.03,38.5,38.01,13400,515556.0,1.27,-2.06,-0.8,0.0
2026-03-26,FID,20.62,20.52,20.73,20.52,7500,155946.0,1.01,-1.5,-0.31,0.0
2026-03-26,FIDI,27.11,26.89,27.24,26.88,39200,1062987.0,1.32,-1.23,-0.33,0.0
2026-03-26,FIDU,87.62,86.24,88.03,86.14,132700,11518597.0,2.14,-2.56,-2.27,0.0
2026-03-26,FIEE,7.0,6.95,7.0,6.91,6000,36194.0,1.27,-1.77,-0.12,0.08
2026-03-26,FIG,20.99,22.15,22.42,20.91,12794700,280641696.0,7.18,5.03,1.06,2.45
2026-03-26,FIGB,43.07,42.85,43.07,42.82,82600,3547025.0,0.58,-0.56,-0.24,0.0
2026-03-26,FIGG,1.19,1.32,1.36,1.19,5357500,6941266.0,14.05,9.17,0.11,0.0
2026-03-26,FIGR,31.62,31.94,32.73,31.31,3066300,98504144.0,4.55,2.34,0.73,1.42
2026-03-26,FIGS,15.62,15.43,15.95,15.33,2719800,42389032.0,3.91,-2.59,-0.41,1.63
2026-03-26,FIGX,10.14,10.14,10.14,10.14,0,10.0,0.0,-0.24,-0.02,0.0
2026-03-26,FIHL,18.97,19.17,19.23,18.97,254400,4869621.0,1.36,0.31,0.06,0.29
2026-03-26,FIIG,20.62,20.55,20.66,20.54,150600,3100908.0,0.55,-1.2,-0.25,0.0
2026-03-26,FINS,12.65,12.61,12.68,12.52,15700,198814.0,1.27,0.0,0.0,0.0
2026-03-26,FINT,32.59,32.09,32.59,32.09,5000,162739.0,1.52,-2.23,-0.73,0.0
2026-03-26,FINV,4.7,4.62,4.71,4.59,1243600,5769795.0,2.53,-2.53,-0.12,0.49
2026-03-26,FINW,15.33,15.37,15.49,15.22,7300,113374.0,1.76,0.2,0.03,0.05
2026-03-26,FINX,23.33,23.17,23.84,23.13,62500,1475299.0,2.99,-2.28,-0.54,0.0
2026-03-26,FIP,4.95,5.16,5.16,4.88,965600,4915596.0,5.57,2.58,0.13,0.82
2026-03-26,FIS,47.43,47.41,48.36,46.7,11218900,532958592.0,3.49,-0.4,-0.19,2.18
2026-03-26,FISI,30.9,31.23,31.27,30.85,69600,2168132.0,1.34,-0.06,-0.02,0.35
2026-03-26,FISK,4.9,4.9,4.9,4.9,0,19.0,0.0,0.0,0.0,0.0
2026-03-26,FISR,25.53,25.49,25.61,25.47,38900,993593.0,0.54,-0.66,-0.17,0.0
2026-03-26,FISV,56.08,55.54,57.09,55.46,4702700,262650400.0,2.88,-1.94,-1.1,0.88
2026-03-26,FITB,45.11,45.41,45.83,45.11,7897700,358788288.0,1.58,-0.87,-0.4,0.87
2026-03-26,FITBI,25.57,25.71,25.72,25.57,47600,1223824.0,0.58,0.16,0.04,0.26
2026-03-26,FITBM,26.28,26.16,26.29,26.15,41500,1090987.0,0.54,-0.3,-0.08,10.4
2026-03-26,FITBO,19.65,19.42,19.65,19.42,8200,161676.0,1.18,-0.66,-0.13,0.08
2026-03-26,FITBP,23.82,23.93,23.93,23.7,18200,434201.0,0.97,0.97,0.23,0.23
2026-03-26,FITE,88.44,87.16,89.6,87.07,18400,1625486.0,2.82,-2.62,-2.35,0.0
2026-03-26,FIVA,34.14,33.95,34.46,33.94,111800,3824196.0,1.52,-1.79,-0.62,0.0
2026-03-26,FIVE,231.56,226.79,234.63,226.53,1205200,276571904.0,3.47,-2.94,-6.86,2.18
2026-03-26,FIVN,14.5,15.12,15.39,14.43,1828600,27691014.0,6.61,3.53,0.52,2.39
2026-03-26,FIVY,23.76,23.36,23.8,23.36,2100,52061.0,1.81,-3.56,-0.86,0.0
2026-03-26,FIW,103.21,102.66,104.69,102.57,56700,5903623.0,2.03,-1.49,-1.55,0.0
2026-03-26,FIX,1446.55,1358.66,1455.84,1346.0,420900,582315904.0,7.47,-7.61,-111.98,1.2
2026-03-26,FIXD,43.43,43.33,43.72,43.31,368200,15991574.0,0.94,-1.07,-0.47,0.0
2026-03-26,FIXP,19.62,19.59,19.62,19.59,100,2098.0,0.13,-0.23,-0.05,0.0
2026-03-26,FIXT,37.74,37.66,37.76,37.63,18100,683975.0,0.33,-0.4,-0.15,0.0
2026-03-26,FIZZ,33.31,33.3,33.94,33.17,149800,5018707.0,2.29,-0.21,-0.07,0.16
2026-03-26,FJAN,50.34,50.05,50.53,50.05,32900,1658370.0,0.95,-1.34,-0.68,0.0
2026-03-26,FJET,6.86,6.54,7.3,6.44,450300,3061845.0,12.29,-6.3,-0.44,1.02
2026-03-26,FJP,72.41,71.79,72.88,71.52,20700,1499893.0,1.86,-1.95,-1.42,0.0
2026-03-26,FJUL,54.79,54.42,54.99,54.42,29300,1601335.0,1.03,-1.26,-0.7,0.0
2026-03-26,FJUN,56.45,56.23,56.7,56.23,12400,704332.0,0.83,-1.06,-0.6,0.0
2026-03-26,FKU,49.61,49.0,50.35,49.0,50500,2506743.0,2.67,-2.95,-1.49,0.0
2026-03-26,FKWL,3.7,3.75,3.94,3.7,20500,77897.0,6.49,1.35,0.05,0.17
2026-03-26,FLAG,25.99,25.99,25.99,25.99,100,5135.0,0.0,-0.69,-0.18,0.0
2026-03-26,FLAO,27.12,27.12,27.12,27.12,0,54.0,0.0,-1.56,-0.43,0.0
2026-03-26,FLAU,32.88,32.3,33.36,32.3,19600,642055.0,3.21,-2.28,-0.75,0.0
2026-03-26,FLAX,30.45,29.98,30.47,29.98,12400,374414.0,1.58,-3.33,-1.03,0.0
2026-03-26,FLBL,22.96,22.94,22.96,22.9,246300,5647230.0,0.28,-0.04,-0.01,0.0
2026-03-26,FLBR,23.05,22.86,23.26,22.83,169700,3892282.0,1.84,-2.01,-0.47,0.0
2026-03-26,FLC,16.57,16.6,16.73,16.54,30300,504148.0,1.14,-0.42,-0.07,0.0
2026-03-26,FLCA,48.44,48.02,48.98,47.96,72400,3526303.0,2.09,-1.5,-0.73,0.0
2026-03-26,FLCB,21.41,21.33,21.43,21.33,343900,7353734.0,0.46,-0.65,-0.14,0.0
2026-03-26,FLCC,31.04,30.63,31.07,30.61,13700,422219.0,1.46,-1.49,-0.46,0.0
2026-03-26,FLCE,27.51,27.11,27.51,27.11,3500,97969.0,1.44,-1.6,-0.44,0.0
2026-03-26,FLCG,30.04,29.58,30.19,29.58,33500,996398.0,2.02,-2.25,-0.68,0.0
2026-03-26,FLCH,22.11,22.06,22.29,22.03,83700,1855933.0,1.15,-2.78,-0.63,0.0
2026-03-26,FLCO,21.31,21.24,21.34,21.23,167800,3578307.0,0.54,-0.68,-0.14,0.0
2026-03-26,FLCV,31.66,31.34,31.66,31.34,4400,141130.0,1.0,-0.95,-0.3,0.0
2026-03-26,FLD,1.43,1.38,1.5,1.38,71600,101667.0,8.16,-6.12,-0.09,0.14
2026-03-26,FLDB,50.38,50.42,50.5,50.37,11800,596295.0,0.25,-0.06,-0.03,0.0
2026-03-26,FLDDW,0.14,0.13,0.18,0.12,52900,7532.0,41.93,-10.64,-0.01,0.0
2026-03-26,FLDR,50.18,50.06,50.18,50.06,216100,10834749.0,0.24,-0.26,-0.13,0.0
2026-03-26,FLDZ,28.84,28.84,28.84,28.84,0,1297.0,0.0,-0.51,-0.15,0.0
2026-03-26,FLEE,35.56,35.27,35.72,35.27,5100,183338.0,1.25,-1.95,-0.7,0.0
2026-03-26,FLEU,31.78,31.6,31.95,31.59,5900,187825.0,1.1,-1.78,-0.57,0.0
2026-03-26,FLEX,68.51,64.76,68.7,64.73,3277100,215229792.0,5.67,-7.51,-5.26,0.89
2026-03-26,FLG,13.14,13.23,13.31,13.09,4511200,59633996.0,1.7,-0.3,-0.04,1.08
2026-03-26,FLGB,33.91,33.73,34.19,33.71,49200,1669099.0,1.39,-2.03,-0.7,0.0
2026-03-26,FLGR,30.61,30.5,30.94,30.5,7100,219964.0,1.42,-1.94,-0.6,0.0
2026-03-26,FLGT,16.54,16.37,16.84,16.1,468400,7711450.0,4.44,-1.8,-0.3,1.5
2026-03-26,FLGV,20.36,20.3,20.37,20.29,39600,805830.0,0.38,-0.54,-0.11,0.0
2026-03-26,FLHY,24.03,23.94,24.08,23.92,102200,2455982.0,0.66,-0.75,-0.18,0.0
2026-03-26,FLIA,20.18,20.13,20.19,20.13,70300,1417997.0,0.32,-0.59,-0.12,0.0
2026-03-26,FLIN,33.51,33.25,33.72,33.21,960300,32063438.0,1.52,-1.63,-0.55,0.0
2026-03-26,FLJH,40.15,39.73,40.35,39.73,8000,320539.0,1.53,-1.97,-0.8,0.0
2026-03-26,FLJJ,31.49,31.38,31.57,31.38,2400,78616.0,0.6,-0.78,-0.25,0.0
2026-03-26,FLJP,35.85,35.43,36.1,35.41,481100,17211720.0,1.9,-2.37,-0.86,0.0
2026-03-26,FLKR,40.39,38.88,40.57,38.85,429000,17016686.0,4.15,-6.11,-2.53,0.0
2026-03-26,FLL,2.28,2.28,2.3,2.24,52000,118815.0,2.61,-0.87,-0.02,0.14
2026-03-26,FLLA,27.43,27.16,27.68,27.16,59400,1633881.0,1.87,-2.34,-0.65,0.0
2026-03-26,FLMB,23.55,23.51,23.55,23.5,16000,377566.0,0.21,-0.14,-0.03,0.0
2026-03-26,FLMI,24.7,24.67,24.7,24.65,532500,13141382.0,0.22,-0.16,-0.04,0.0
2026-03-26,FLMX,36.43,35.76,36.44,35.76,13200,481668.0,1.87,-2.61,-0.96,0.0
2026-03-26,FLN,25.2,24.78,25.22,24.72,17400,435864.0,1.97,-3.13,-0.8,0.0
2026-03-26,FLNA,1.81,1.77,1.83,1.75,361000,640963.0,4.36,-3.28,-0.06,0.75
2026-03-26,FLNC,15.94,14.96,16.05,14.85,2935600,44836424.0,7.34,-8.5,-1.39,1.6
2026-03-26,FLNG,30.48,30.21,30.94,30.1,409900,12518519.0,2.78,-0.17,-0.05,0.76
2026-03-26,FLNT,3.45,3.41,3.69,3.29,51500,178972.0,11.63,-0.87,-0.03,0.17
2026-03-26,FLO,8.26,8.36,8.45,8.23,3540900,29494376.0,2.72,0.97,0.08,1.67
2026-03-26,FLOC,22.34,21.97,22.61,21.94,881700,19091070.0,2.97,-2.53,-0.57,0.97
2026-03-26,FLOT,50.92,50.88,50.93,50.88,1612700,82090784.0,0.1,-0.08,-0.04,0.0
2026-03-26,FLOW,35.95,35.71,35.96,35.62,1000,38572.0,0.94,0.55,0.2,0.0
2026-03-26,FLQL,67.9,66.97,68.0,66.94,100000,6738445.0,1.55,-2.06,-1.41,0.0
2026-03-26,FLQM,54.85,54.75,55.52,54.75,91900,5070463.0,1.4,-0.6,-0.33,0.0
2026-03-26,FLQS,43.22,42.74,43.22,42.74,2000,86648.0,1.11,-0.88,-0.38,0.0
2026-03-26,FLR,47.27,46.38,48.44,46.25,2069600,97337920.0,4.57,-3.25,-1.56,1.44
2026-03-26,FLRG,36.74,36.46,36.83,36.46,10000,366145.0,0.99,-1.4,-0.52,0.0
2026-03-26,FLRN,30.76,30.76,30.77,30.75,1282700,39455568.0,0.07,0.0,0.0,0.0
2026-03-26,FLRT,46.28,46.24,46.3,46.22,59900,2775676.0,0.17,-0.64,-0.3,
2026-03-26,FLS,75.0,72.87,75.89,72.02,1410800,103481568.0,5.05,-4.86,-3.72,1.11
2026-03-26,FLSA,33.35,33.04,33.43,33.04,2500,86163.0,1.17,-0.12,-0.04,0.0
2026-03-26,FLSP,27.02,27.12,27.22,27.01,14100,385237.0,0.78,1.02,0.27,0.0
2026-03-26,FLSW,39.89,39.55,39.93,39.55,3400,135926.0,0.94,-1.8,-0.73,0.0
2026-03-26,FLTB,50.36,50.1,50.36,50.1,18100,912725.0,0.52,-0.46,-0.23,0.0
2026-03-26,FLTR,25.48,25.46,25.49,25.45,557000,14187461.0,0.16,-0.12,-0.03,0.0
2026-03-26,FLTW,68.64,67.32,68.93,67.32,65800,4500686.0,2.3,-3.8,-2.66,0.0
2026-03-26,FLUD,24.98,24.99,25.01,24.98,56000,1399792.0,0.12,-0.12,-0.03,0.0
2026-03-26,FLUT,102.22,103.57,105.23,102.01,2206600,228341488.0,3.11,0.16,0.17,1.26
2026-03-26,FLUX,1.14,1.08,1.14,1.06,108200,119116.0,7.08,-4.42,-0.05,0.51
2026-03-26,FLV,76.85,76.86,77.44,76.75,15200,1173914.0,0.9,-0.17,-0.13,0.0
2026-03-26,FLWS,3.04,3.0,3.09,2.98,305000,919183.0,3.57,-2.6,-0.08,
2026-03-26,FLX,2.7,2.72,2.87,2.33,104500,284784.0,20.0,0.74,0.02,0.15
2026-03-26,FLXI,48.44,48.44,48.44,48.44,0,0.0,0.0,-0.33,-0.16,
2026-03-26,FLXN,25.04,24.89,25.04,24.88,2600,65571.0,0.64,-0.97,-0.24,0.0
2026-03-26,FLXR,39.16,39.05,39.18,39.01,513700,20092620.0,0.43,-0.36,-0.14,0.0
2026-03-26,FLXS,45.45,44.81,45.47,44.46,11300,507279.0,2.25,-0.8,-0.36,0.21
2026-03-26,FLY,26.9,26.81,28.12,25.72,6403900,171557152.0,8.72,-2.62,-0.72,4.0
2026-03-26,FLYD,82.25,82.81,82.81,82.25,2000,167900.0,0.7,4.06,3.23,0.0
2026-03-26,FLYE,2.15,2.11,2.23,2.01,19000,40507.0,10.72,0.96,0.02,1.17
2026-03-26,FLYT,14.06,14.28,15.6,13.0,220200,3109606.0,17.31,-4.93,-0.74,0.0
2026-03-26,FLYU,35.54,34.23,35.54,34.22,13000,446599.0,3.69,-4.2,-1.5,0.0
2026-03-26,FLYW,12.23,12.04,12.49,12.02,1247700,15115474.0,3.79,-2.9,-0.36,1.03
2026-03-26,FLYX,2.29,2.37,2.52,2.29,252900,610474.0,9.7,0.0,0.0,0.27
2026-03-26,FMAG,31.89,31.34,32.0,31.31,26100,825148.0,2.14,-2.58,-0.83,0.0
2026-03-26,FMAO,24.87,25.0,25.38,24.28,44900,1114365.0,4.38,-0.4,-0.1,0.33
2026-03-26,FMAR,48.52,48.12,48.62,48.12,58200,2820728.0,1.02,-1.25,-0.61,0.0
2026-03-26,FMAT,56.28,56.38,57.15,56.28,78700,4459765.0,1.54,-1.0,-0.57,0.0
2026-03-26,FMAY,52.96,52.53,52.96,52.53,28000,1477495.0,0.81,-1.13,-0.6,0.0
2026-03-26,FMB,50.53,50.42,50.6,50.35,89400,4515297.0,0.49,-0.62,-0.31,0.0
2026-03-26,FMBH,40.23,40.6,40.72,40.06,97400,3949629.0,1.63,0.1,0.04,0.37
2026-03-26,FMC,15.15,15.66,15.88,15.15,3561000,55753940.0,4.73,1.42,0.22,2.85
2026-03-26,FMCE,25.02,24.9,25.02,24.9,9900,249876.0,0.48,-1.43,-0.36,0.0
2026-03-26,FMCX,32.17,32.09,32.17,32.08,8000,257591.0,0.28,-1.33,-0.43,0.0
2026-03-26,FMDE,35.96,35.73,36.28,35.71,763400,27438044.0,1.57,-1.38,-0.5,0.0
2026-03-26,FMED,24.43,24.27,24.43,24.27,1500,38563.0,0.68,-0.49,-0.12,0.0
2026-03-26,FMET,31.23,30.69,31.23,30.69,2100,65608.0,1.72,-2.74,-0.87,0.0
2026-03-26,FMF,49.7,49.58,49.89,49.29,12500,619877.0,1.21,0.36,0.18,0.0
2026-03-26,FMFC,0.45,0.4,0.45,0.39,443600,184416.0,12.46,-14.26,-0.07,2.42
2026-03-26,FMHI,47.35,47.3,47.44,47.28,96700,4579995.0,0.34,-0.61,-0.29,0.0
2026-03-26,FMKT,20.76,20.54,20.76,20.54,4400,91869.0,1.06,-1.33,-0.28,0.0
2026-03-26,FMN,10.75,10.7,10.82,10.7,40000,430626.0,1.11,-0.83,-0.09,0.0
2026-03-26,FMNB,12.79,13.01,13.05,12.79,342500,4448048.0,2.02,0.93,0.12,0.91
2026-03-26,FMNY,26.44,26.38,26.44,26.36,27600,729689.0,0.28,-0.47,-0.12,0.0
2026-03-26,FMQQ,11.32,11.22,11.4,11.2,8500,96914.0,1.75,-1.84,-0.21,0.0
2026-03-26,FMS,22.25,22.39,22.59,22.2,424400,9514576.0,1.75,0.58,0.13,0.08
2026-03-26,FMST,1.8,1.68,1.81,1.68,89800,156666.0,7.22,-6.67,-0.12,0.62
2026-03-26,FMSTW,0.86,0.86,0.9,0.86,1200,1037.0,4.99,-5.0,-0.04,0.0
2026-03-26,FMTL,31.73,31.23,32.19,31.23,7200,230808.0,2.95,-4.19,-1.37,0.0
2026-03-26,FMTM,35.0,34.27,35.12,34.18,35900,1251853.0,2.64,-3.61,-1.28,0.0
2026-03-26,FMUB,50.49,50.47,50.56,50.46,15900,804536.0,0.2,-0.14,-0.07,0.0
2026-03-26,FMUN,49.47,49.58,49.68,49.47,13100,653244.0,0.42,0.0,0.0,0.0
2026-03-26,FMX,107.42,106.96,108.56,106.75,377700,40642924.0,1.66,-1.43,-1.55,0.11
2026-03-26,FMY,11.64,11.66,11.67,11.64,800,10071.0,0.26,0.06,0.01,0.0
2026-03-26,FN,592.34,549.7,595.5,548.14,605300,341901120.0,7.74,-10.18,-62.33,1.69
2026-03-26,FNB,16.37,16.54,16.58,16.31,8436100,139107328.0,1.64,0.3,0.05,2.37
2026-03-26,FNCL,69.6,69.69,70.23,69.45,129600,9047171.0,1.11,-0.6,-0.42,0.0
2026-03-26,FND,51.98,52.61,53.77,51.97,3801300,200564928.0,3.41,-0.3,-0.16,3.52
2026-03-26,FNDA,32.44,32.34,32.83,32.29,770000,25024316.0,1.65,-1.37,-0.45,0.0
2026-03-26,FNDB,27.12,27.04,27.3,27.0,113100,3071076.0,1.1,-0.84,-0.23,0.0
2026-03-26,FNDC,45.77,45.28,46.1,45.28,122900,5603538.0,1.76,-2.01,-0.93,0.0
2026-03-26,FNDE,37.49,37.23,37.78,37.22,820400,30727174.0,1.49,-2.05,-0.78,0.0
2026-03-26,FNDF,48.01,47.63,48.42,47.61,2037200,97785760.0,1.67,-1.92,-0.93,0.0
2026-03-26,FNDX,27.77,27.69,27.95,27.66,5987700,166526416.0,1.06,-0.75,-0.21,0.0
2026-03-26,FNF,44.64,45.95,45.98,44.4,1787100,81713840.0,3.52,2.59,1.16,0.66
2026-03-26,FNGD,73.04,77.04,77.27,72.45,370600,27675894.0,6.83,9.2,6.49,0.0
2026-03-26,FNGG,158.32,151.23,158.32,151.23,11500,1783557.0,4.39,-6.34,-10.24,0.0
2026-03-26,FNGO,90.22,86.05,90.22,86.05,5100,449306.0,4.53,-6.43,-5.91,0.0
2026-03-26,FNGR,1.1,1.06,1.12,1.06,119800,130365.0,5.45,-3.64,-0.04,0.2
2026-03-26,FNGS,60.48,59.12,60.49,59.11,36600,2189495.0,2.26,-3.11,-1.9,0.0
2026-03-26,FNGU,16.43,15.43,16.55,15.39,8324400,132286912.0,6.8,-9.5,-1.62,0.0
2026-03-26,FNK,56.58,57.0,57.39,56.58,4600,265885.0,1.41,-0.44,-0.25,0.0
2026-03-26,FNKO,3.35,3.01,3.35,3.0,870400,2702775.0,10.61,-8.79,-0.29,1.57
2026-03-26,FNLC,27.75,28.04,28.09,27.75,11700,328104.0,1.22,0.57,0.16,0.1
2026-03-26,FNOV,53.37,53.12,53.61,53.03,18800,1006377.0,1.08,-1.3,-0.7,0.0
2026-03-26,FNUC,2.22,2.18,2.39,2.17,163200,366205.0,9.82,-2.68,-0.06,0.91
2026-03-26,FNV,226.87,227.88,236.14,225.74,861100,198023792.0,4.45,-2.48,-5.79,0.45
2026-03-26,FNWB,8.6,8.65,8.79,8.6,71700,622249.0,2.21,0.82,0.07,0.76
2026-03-26,FNWD,36.97,36.3,36.97,36.3,2400,89230.0,1.84,-1.01,-0.37,0.06
2026-03-26,FNX,127.48,127.71,129.46,127.48,29600,3805568.0,1.53,-1.39,-1.8,0.0
2026-03-26,FNY,90.86,89.93,91.53,89.93,10000,913758.0,1.74,-2.38,-2.19,0.0
2026-03-26,FOA,16.62,16.7,17.33,16.45,98000,1644391.0,5.16,-1.47,-0.25,1.15
2026-03-26,FOCT,47.74,47.39,47.91,47.39,17800,849544.0,1.08,-1.36,-0.65,0.0
2026-03-26,FOF,12.82,12.84,13.13,12.81,65200,844101.0,2.48,-0.39,-0.05,0.0
2026-03-26,FOFO,4.11,4.0,4.3,3.99,34600,140402.0,7.65,-1.23,-0.05,0.5
2026-03-26,FOLD,14.43,14.43,14.43,14.42,1564100,22563324.0,0.07,0.0,0.0,0.5
2026-03-26,FONR,18.56,18.54,18.57,18.51,37700,700077.0,0.32,-0.27,-0.05,0.55
2026-03-26,FOPC,25.47,25.37,25.47,25.37,1400,35577.0,0.39,-0.49,-0.12,0.0
2026-03-26,FOR,25.15,25.34,25.67,25.04,93500,2373659.0,2.48,0.08,0.02,0.18
2026-03-26,FORA,2.07,2.04,2.07,2.04,10200,20995.0,1.46,-1.04,-0.02,0.03
2026-03-26,FORH,24.47,24.27,24.47,24.22,2100,51459.0,1.0,-0.81,-0.2,0.0
2026-03-26,FORM,104.53,100.35,106.5,100.06,1684700,173112944.0,5.96,-7.14,-7.72,2.16
2026-03-26,FORR,5.72,5.84,5.95,5.72,86600,505452.0,3.97,0.86,0.05,0.45
2026-03-26,FORTY,124.08,124.95,124.95,124.08,800,111052.0,0.71,2.37,2.89,0.01
2026-03-26,FOSL,4.1,4.06,4.2,4.01,355600,1450319.0,4.63,-0.98,-0.04,0.61
2026-03-26,FOUR,47.8,48.41,49.7,47.54,2618600,127600888.0,4.43,-0.92,-0.45,3.22
2026-03-26,FOWF,32.74,32.43,32.74,32.39,3100,103836.0,1.08,-1.49,-0.49,0.0
2026-03-26,FOX,52.33,52.55,53.01,52.13,1244800,65433944.0,1.68,0.38,0.2,0.55
2026-03-26,FOXA,58.52,58.64,59.37,58.25,2656500,156035424.0,1.91,0.26,0.15,1.32
2026-03-26,FOXF,17.41,18.21,18.44,17.41,1083200,19703786.0,5.8,2.53,0.45,2.58
2026-03-26,FOXX,4.24,4.22,4.24,4.22,1100,4697.0,0.47,0.0,0.0,0.02
2026-03-26,FOXXW,0.09,0.09,0.09,0.09,37700,3391.0,2.89,-2.33,-0.0,0.0
2026-03-26,FOXY,29.55,29.75,29.8,29.51,16800,499941.0,0.97,-0.85,-0.25,0.0
2026-03-26,FPA,43.94,42.94,43.94,42.94,4900,216399.0,2.21,-4.79,-2.16,0.0
2026-03-26,FPAG,35.9,35.64,36.22,35.59,115200,4113668.0,1.73,-1.61,-0.58,0.0
2026-03-26,FPAS,24.82,24.82,24.82,24.82,100,2804.0,0.0,-0.52,-0.13,0.0
2026-03-26,FPE,17.75,17.7,17.79,17.68,1020100,18091350.0,0.61,-1.12,-0.2,0.0
2026-03-26,FPEI,18.92,18.8,18.95,18.79,299400,5663178.0,0.84,-1.57,-0.3,0.0
2026-03-26,FPF,17.9,17.81,18.08,17.74,138100,2476549.0,1.9,-0.67,-0.12,0.0
2026-03-26,FPFD,21.61,21.55,21.65,21.55,8700,189085.0,0.46,-0.6,-0.13,0.0
2026-03-26,FPH,4.86,4.86,4.98,4.79,177500,861519.0,3.86,-1.22,-0.06,0.12
2026-03-26,FPI,10.98,11.01,11.04,10.92,333500,3669289.0,1.09,-0.27,-0.03,0.76
2026-03-26,FPRO,22.57,22.6,22.76,22.57,900,21959.0,0.84,-0.08,-0.02,0.0
2026-03-26,FPS,31.94,30.06,32.05,29.98,5924800,180537392.0,6.38,-7.42,-2.41,1.95
2026-03-26,FPWR,37.21,37.21,37.21,37.21,100,6841.0,0.0,-0.46,-0.17,0.0
2026-03-26,FPX,162.8,158.33,162.8,158.22,57500,9260628.0,2.78,-4.0,-6.6,0.0
2026-03-26,FPXE,30.56,30.43,30.56,30.43,600,19341.0,0.4,-2.17,-0.67,0.0
2026-03-26,FPXI,61.77,60.2,61.77,60.2,2600,163466.0,2.5,-3.9,-2.44,0.0
2026-03-26,FQAL,72.57,71.98,72.86,71.91,104700,7572149.0,1.3,-1.44,-1.05,0.0
2026-03-26,FR,57.44,58.17,58.76,57.44,1245500,72493888.0,2.26,-0.21,-0.12,0.94
2026-03-26,FRA,10.84,10.69,10.84,10.66,99600,1071240.0,1.66,-1.38,-0.15,0.0
2026-03-26,FRAF,50.02,50.56,50.56,49.87,13300,672431.0,1.38,0.84,0.42,0.3
2026-03-26,FRBA,15.74,15.91,16.0,15.58,67600,1076066.0,2.65,0.32,0.05,0.27
2026-03-26,FRD,18.04,18.01,18.19,17.65,18500,332444.0,3.03,0.11,0.02,0.26
2026-03-26,FRDD,22.43,22.43,22.43,22.43,100,2619.0,0.0,0.89,0.2,0.0
2026-03-26,FRDM,54.64,53.62,55.03,53.62,426100,23064374.0,2.53,-3.8,-2.12,0.0
2026-03-26,FRDU,24.53,24.53,24.53,24.53,100,2822.0,0.0,-1.53,-0.38,0.0
2026-03-26,FREL,26.6,26.64,26.86,26.51,266600,7117054.0,1.33,-0.11,-0.03,0.0
2026-03-26,FRGN,26.56,26.22,26.56,26.22,5100,137681.0,1.27,-3.0,-0.81,0.0
2026-03-26,FRGT,1.05,1.04,1.12,1.02,89900,95999.0,8.98,-1.89,-0.02,3.15
2026-03-26,FRHC,146.0,143.18,149.4,141.18,153900,22078030.0,5.63,-1.82,-2.66,0.25
2026-03-26,FRI,28.21,28.15,28.38,28.15,4900,139824.0,0.81,-0.51,-0.14,0.0
2026-03-26,FRIZ,24.7,24.46,24.7,24.46,1200,30089.0,0.97,-0.88,-0.22,0.0
2026-03-26,FRME,37.97,38.27,38.31,36.13,218000,8326696.0,5.71,0.24,0.09,0.34
2026-03-26,FRMEP,25.6,25.6,25.6,25.6,0,126.0,0.0,0.0,0.0,0.0
2026-03-26,FRMI,6.62,6.08,6.64,6.03,13872000,85978824.0,9.08,-8.71,-0.58,2.26
2026-03-26,FRMM,2.95,2.85,2.96,2.82,169900,489510.0,4.85,-4.68,-0.14,0.89
2026-03-26,FRNW,23.17,22.78,23.25,22.77,25300,582648.0,2.05,-2.57,-0.6,0.0
2026-03-26,FRO,34.27,33.57,34.89,33.53,3949500,134829872.0,4.04,-0.53,-0.18,1.77
2026-03-26,FROG,46.42,46.91,49.1,46.42,2737000,130463648.0,5.69,-0.47,-0.22,2.29
2026-03-26,FRPH,21.36,21.74,22.1,21.04,99200,2152877.0,5.14,4.92,1.02,0.52
2026-03-26,FRPT,59.51,58.79,60.12,57.2,1703400,100186600.0,4.86,-2.18,-1.31,3.47
2026-03-26,FRSH,7.88,8.01,8.18,7.87,3304900,26640104.0,3.91,1.14,0.09,1.16
2026-03-26,FRST,13.13,13.24,13.29,13.13,101300,1339796.0,1.21,-0.08,-0.01,0.41
2026-03-26,FRSX,2.46,2.5,2.5,2.13,35600,83989.0,14.98,1.21,0.03,1.49
2026-03-26,FRT,103.12,103.7,104.38,103.0,526100,54625760.0,1.34,0.42,0.43,0.61
2026-03-26,FRTY,19.72,19.35,19.81,19.29,82200,1608093.0,2.58,-3.05,-0.61,0.0
2026-03-26,FRWD,23.03,22.47,23.04,22.47,2003200,45814044.0,2.43,-4.58,-1.08,0.0
2026-03-26,FSBC,37.22,37.35,37.44,36.97,46900,1747930.0,1.26,-0.13,-0.05,0.22
2026-03-26,FSBW,38.96,38.88,39.77,38.69,5000,196087.0,2.75,-0.69,-0.27,0.07
2026-03-26,FSCC,29.81,29.69,30.27,29.65,336800,10008929.0,2.06,-1.49,-0.45,0.0
2026-03-26,FSCO,5.22,4.95,5.26,4.95,1992200,10062770.0,5.87,-6.25,-0.33,1.0
2026-03-26,FSCS,35.46,35.15,35.46,35.15,2800,101973.0,0.88,-0.75,-0.27,0.0
2026-03-26,FSEA,12.74,13.2,13.2,12.73,600,8378.0,3.7,3.61,0.46,0.01
2026-03-26,FSEC,43.85,43.68,43.95,43.68,225900,9907390.0,0.61,-0.79,-0.35,0.0
2026-03-26,FSEP,50.27,50.02,50.38,49.99,26400,1326053.0,0.77,-1.05,-0.53,0.0
2026-03-26,FSGS,29.43,29.06,29.43,29.06,800,24953.0,1.26,-1.27,-0.37,0.0
2026-03-26,FSHP,10.93,10.93,10.93,10.93,0,328.0,0.0,0.0,0.0,0.0
2026-03-26,FSI,5.27,5.42,5.42,5.26,3200,17228.0,3.0,1.69,0.09,0.03
2026-03-26,FSIG,18.85,18.81,18.87,18.81,305800,5762131.0,0.32,-0.79,-0.15,0.0
2026-03-26,FSK,10.35,10.19,10.56,10.15,2976000,30675348.0,3.89,-2.21,-0.23,1.06
2026-03-26,FSLR,190.59,185.83,193.0,185.23,1568300,294940928.0,4.02,-3.97,-7.68,1.46
2026-03-26,FSLY,29.5,28.59,30.88,28.35,12582300,371220576.0,8.49,-4.03,-1.2,8.29
2026-03-26,FSM,9.15,9.15,9.5,9.09,14476900,133904064.0,4.31,-3.89,-0.37,4.74
2026-03-26,FSMB,19.94,19.92,19.94,19.91,39100,779191.0,0.15,-0.37,-0.07,0.0
2026-03-26,FSMD,44.69,44.45,45.11,44.39,114800,5131438.0,1.6,-1.46,-0.66,0.0
2026-03-26,FSML,24.69,24.69,24.69,24.69,0,199.0,0.0,-1.46,-0.36,0.0
2026-03-26,FSOL,10.36,10.06,10.4,10.06,228700,2340526.0,3.15,-6.94,-0.75,0.0
2026-03-26,FSP,0.59,0.62,0.64,0.58,652200,398407.0,8.68,1.03,0.01,0.63
2026-03-26,FSS,109.98,108.55,111.61,107.96,229200,24961890.0,3.27,-2.51,-2.79,0.38
2026-03-26,FSSL,12.29,12.14,12.43,12.13,587100,7177577.0,2.4,-1.38,-0.17,0.0
2026-03-26,FSTA,51.87,51.7,52.29,51.65,162100,8418908.0,1.23,-0.37,-0.19,0.0
2026-03-26,FSTR,27.98,28.02,28.72,27.89,27200,764259.0,2.96,-0.07,-0.02,0.26
2026-03-26,FSUN,36.58,36.46,36.78,36.05,153100,5564736.0,1.99,-1.11,-0.41,0.55
2026-03-26,FSV,135.97,137.92,140.28,135.6,118500,16437034.0,3.4,0.12,0.16,0.26
2026-03-26,FSYD,47.84,47.7,48.0,47.7,11900,571355.0,0.63,-0.74,-0.35,0.0
2026-03-26,FSZ,79.11,78.35,79.11,77.92,13400,1054847.0,1.5,-1.28,-1.01,0.0
2026-03-26,FT,7.95,7.87,8.01,7.87,35300,281151.0,1.75,-1.75,-0.14,0.0
2026-03-26,FTA,91.7,92.07,92.62,91.7,31300,2886596.0,1.0,-0.31,-0.28,0.0
2026-03-26,FTAG,29.31,29.06,29.37,29.06,3200,95653.0,1.08,-0.49,-0.14,0.0
2026-03-26,FTAI,241.4,239.95,248.24,238.6,1290400,312802496.0,3.91,-2.75,-6.78,1.26
2026-03-26,FTAIM,27.18,27.15,27.18,26.9,4400,119977.0,1.03,-0.31,-0.09,0.0
2026-03-26,FTAIN,25.24,25.17,25.24,25.17,1300,33465.0,0.28,-0.51,-0.13,0.0
2026-03-26,FTBD,49.2,48.98,49.2,48.98,3200,161548.0,0.45,-0.68,-0.34,0.0
2026-03-26,FTBI,20.77,20.63,20.83,20.63,5400,113677.0,0.95,-1.85,-0.39,0.0
2026-03-26,FTC,156.08,153.28,156.17,153.27,10300,1605258.0,1.84,-2.59,-4.07,0.0
2026-03-26,FTCA,7.25,7.23,7.27,7.23,770200,5581185.0,0.55,-0.07,-0.01,0.0
2026-03-26,FTCB,20.84,20.75,20.87,20.68,347900,7240079.0,0.9,-1.24,-0.26,0.0
2026-03-26,FTCE,23.69,23.51,23.79,23.5,7000,167161.0,1.21,-1.53,-0.37,0.0
2026-03-26,FTCI,4.32,4.32,4.6,4.22,141400,619526.0,8.44,-4.0,-0.18,0.91
2026-03-26,FTCS,92.65,92.53,93.51,92.47,796000,74050168.0,1.12,-0.67,-0.62,0.0
2026-03-26,FTDR,57.55,55.84,57.77,55.22,623300,35054640.0,4.42,-3.29,-1.9,0.88
2026-03-26,FTDS,60.42,60.42,60.42,60.42,100,6539.0,0.0,-0.27,-0.17,0.0
2026-03-26,FTEC,211.17,207.53,212.15,207.41,383500,80391976.0,2.22,-2.86,-6.12,0.0
2026-03-26,FTEK,1.27,1.25,1.27,1.25,49900,62832.0,1.57,-1.57,-0.02,0.16
2026-03-26,FTF,5.82,5.78,5.85,5.78,162400,945393.0,1.2,-1.2,-0.07,0.0
2026-03-26,FTFT,1.24,1.22,1.25,1.21,6000,7394.0,3.2,-2.4,-0.03,0.12
2026-03-26,FTGC,27.98,27.93,28.12,27.91,608700,17063862.0,0.74,-1.13,-0.32,0.0
2026-03-26,FTGS,34.13,33.77,34.42,33.72,86000,2924788.0,2.04,-1.8,-0.62,0.0
2026-03-26,FTHB,24.92,24.88,24.92,24.88,100,2894.0,0.16,-0.36,-0.09,0.0
2026-03-26,FTHF,36.89,36.19,37.05,36.19,7400,274017.0,2.28,-3.98,-1.5,0.0
2026-03-26,FTHI,22.93,22.75,22.96,22.74,444900,10171050.0,0.97,-1.86,-0.43,0.0
2026-03-26,FTHM,0.77,0.77,0.85,0.77,77400,62947.0,9.23,-7.23,-0.06,0.24
2026-03-26,FTHY,13.55,13.52,13.74,13.51,67200,914203.0,1.68,-1.02,-0.14,0.0
2026-03-26,FTI,70.31,70.33,71.37,70.01,2768900,195523664.0,1.92,-0.62,-0.44,0.69
2026-03-26,FTIF,27.33,27.24,27.33,27.24,600,18954.0,0.33,-0.11,-0.03,0.0
2026-03-26,FTK,17.51,17.45,17.75,17.34,193800,3391644.0,2.33,-0.96,-0.17,0.54
2026-03-26,FTKI,19.24,19.13,19.31,19.13,1500,30738.0,0.93,-1.62,-0.32,0.0
2026-03-26,FTLF,12.52,13.83,14.06,12.52,26100,356821.0,11.47,2.98,0.4,0.28
2026-03-26,FTLS,69.98,69.71,70.44,69.71,53000,3711789.0,1.04,-0.57,-0.4,0.0
2026-03-26,FTMA,8.93,8.91,8.93,8.91,137600,1228157.0,0.22,-0.28,-0.02,0.0
2026-03-26,FTMH,11.49,11.46,11.49,11.45,142700,1637469.0,0.35,-0.52,-0.06,0.0
2026-03-26,FTMN,8.67,8.69,8.71,8.67,170200,1479143.0,0.46,-0.18,-0.02,0.0
2026-03-26,FTMS,9.93,9.89,9.93,9.89,61500,609334.0,0.4,-0.02,-0.0,0.0
2026-03-26,FTMU,7.77,7.73,7.77,7.72,120500,932006.0,0.65,-0.06,-0.01,0.0
2026-03-26,FTNJ,8.66,8.65,8.66,8.63,40400,349934.0,0.35,-0.06,-0.01,0.0
2026-03-26,FTNT,78.29,81.03,81.72,78.29,4489000,362937760.0,4.35,2.71,2.14,0.61
2026-03-26,FTNY,7.8,7.77,7.8,7.74,130000,1010286.0,0.77,0.0,0.0,0.0
2026-03-26,FTOH,8.28,8.27,8.28,8.26,62000,513935.0,0.24,-0.18,-0.02,0.0
2026-03-26,FTPA,8.52,8.52,8.54,8.52,103100,879336.0,0.23,-0.29,-0.03,0.0
2026-03-26,FTQI,20.06,19.77,20.06,19.75,159100,3162050.0,1.52,-2.95,-0.6,0.0
2026-03-26,FTRB,25.09,25.02,25.14,25.02,15200,383463.0,0.47,-0.65,-0.16,0.0
2026-03-26,FTRE,9.32,9.55,9.77,9.26,963900,9169919.0,5.4,1.17,0.11,1.03
2026-03-26,FTRI,17.3,17.28,17.5,17.27,22200,385201.0,1.34,-1.57,-0.28,0.0
2026-03-26,FTRK,0.49,0.46,0.51,0.46,13000,6067.0,10.75,-10.73,-0.05,0.06
2026-03-26,FTS,55.32,55.66,55.8,55.0,846100,47047692.0,1.45,0.56,0.31,0.17
2026-03-26,FTSD,90.49,90.57,90.66,90.44,51900,4708435.0,0.24,0.07,0.06,0.0
2026-03-26,FTSL,44.75,44.67,44.79,44.64,233100,10417107.0,0.33,-0.73,-0.33,0.0
2026-03-26,FTSM,59.9,59.87,59.92,59.87,906900,54326416.0,0.08,-0.08,-0.05,0.0
2026-03-26,FTV,54.42,54.81,55.4,54.37,1959600,107548456.0,1.89,0.05,0.03,0.64
2026-03-26,FTW,11.34,11.24,11.8,11.07,205200,2325841.0,6.37,-1.58,-0.18,0.74
2026-03-26,FTWO,45.92,45.06,45.92,45.06,9100,414873.0,1.87,-1.91,-0.88,0.0
2026-03-26,FTXG,21.84,21.8,22.01,21.75,11000,241003.0,1.19,-0.37,-0.08,0.0
2026-03-26,FTXH,33.8,33.73,33.87,33.7,10000,339554.0,0.5,-0.26,-0.09,0.0
2026-03-26,FTXL,152.82,148.06,152.82,148.06,167600,25174926.0,3.07,-4.6,-7.14,0.0
2026-03-26,FTXN,38.79,39.27,39.44,38.76,28400,1115515.0,1.76,1.53,0.59,0.0
2026-03-26,FTXO,35.66,35.75,35.99,35.53,2010600,71933048.0,1.26,-0.89,-0.32,0.0
2026-03-26,FTXR,38.18,38.03,38.59,37.92,137600,5273180.0,1.74,-1.3,-0.5,0.0
2026-03-26,FUBO,10.57,9.66,10.58,9.56,3777600,37506268.0,9.4,-10.97,-1.19,
2026-03-26,FUFU,1.98,1.9,2.02,1.9,99900,193461.0,6.0,-5.0,-0.1,0.06
2026-03-26,FUFUW,0.12,0.14,0.16,0.12,12200,1640.0,31.63,13.82,0.02,0.0
2026-03-26,FUL,57.9,56.99,59.27,55.42,1444400,82984688.0,6.79,0.49,0.28,2.65
2026-03-26,FULC,6.9,6.94,7.12,6.89,342500,2385140.0,3.37,-0.57,-0.04,0.51
2026-03-26,FULT,19.99,20.16,20.19,19.96,1618500,32528642.0,1.14,0.3,0.06,0.9
2026-03-26,FULTP,18.64,18.73,18.91,18.54,5000,93774.0,1.97,-0.32,-0.06,0.06
2026-03-26,FUMB,20.07,20.07,20.07,20.06,22300,447613.0,0.05,-0.25,-0.05,0.0
2026-03-26,FUN,17.22,17.68,17.79,17.22,1591100,27953646.0,3.3,2.37,0.41,1.56
2026-03-26,FUNC,36.55,36.78,36.8,36.55,7900,291181.0,0.68,0.22,0.08,0.12
2026-03-26,FUND,9.31,9.35,9.35,9.3,9700,90532.0,0.54,0.39,0.04,0.0
2026-03-26,FURY,0.58,0.57,0.61,0.55,364000,209357.0,9.86,-5.1,-0.03,0.19
2026-03-26,FUSB,15.11,15.45,15.45,15.1,6000,92780.0,2.29,1.31,0.2,0.11
2026-03-26,FUSE,1.23,1.22,1.29,1.22,28300,32533.0,5.47,-3.17,-0.04,0.1
2026-03-26,FUSEW,0.09,0.08,0.1,0.08,19100,1824.0,27.11,-16.67,-0.02,0.0
2026-03-26,FUSI,50.31,50.32,50.32,50.31,400,22942.0,0.02,-0.06,-0.03,0.0
2026-03-26,FUTG,9.17,9.02,9.5,8.94,44900,414444.0,5.84,-5.94,-0.57,0.0
2026-03-26,FUTU,137.09,136.34,139.95,135.6,949700,130352296.0,3.09,-3.03,-4.26,0.68
2026-03-26,FUTY,58.19,58.47,58.64,58.09,306300,17879030.0,0.95,0.22,0.13,
2026-03-26,FV,61.42,61.04,61.98,61.03,120700,7411976.0,1.52,-2.07,-1.29,0.0
2026-03-26,FVAL,69.21,68.8,69.58,68.67,35600,2459512.0,1.3,-1.16,-0.81,0.0
2026-03-26,FVAV,10.02,10.03,10.06,10.02,400,4616.0,0.4,-0.2,-0.02,0.0
2026-03-26,FVC,35.41,35.19,35.72,35.14,86500,3056571.0,1.61,-2.02,-0.72,0.0
2026-03-26,FVCB,15.05,15.0,15.19,14.96,54500,820973.0,1.51,-1.25,-0.19,0.3
2026-03-26,FVD,46.67,46.68,47.09,46.62,799800,37483440.0,0.99,-0.79,-0.37,0.0
2026-03-26,FVR,15.32,15.47,15.62,15.24,75100,1158101.0,2.45,-0.19,-0.03,0.34
2026-03-26,FVRR,9.91,10.12,10.33,9.91,722800,7334617.0,4.19,0.9,0.09,2.01
2026-03-26,FWD,110.49,107.47,110.49,107.46,340000,36796444.0,2.7,-4.15,-4.65,0.0
2026-03-26,FWDI,4.77,4.54,4.86,4.53,898300,4073026.0,6.77,-6.78,-0.33,1.08
2026-03-26,FWONA,75.74,76.4,77.01,75.59,162200,12387026.0,1.87,0.46,0.35,0.62
2026-03-26,FWONK,83.26,83.34,84.69,82.85,1378500,115248904.0,2.21,0.06,0.05,0.62
2026-03-26,FWRD,16.39,17.06,17.22,16.19,611400,10359311.0,6.21,2.71,0.45,1.94
2026-03-26,FWRG,11.25,10.91,11.48,10.85,2581400,28777856.0,5.55,-3.19,-0.36,4.22
2026-03-26,FXA,68.54,68.15,68.61,68.12,22400,1534901.0,0.71,-0.99,-0.68,0.0
2026-03-26,FXB,128.41,128.12,128.7,128.11,18500,2381307.0,0.45,-0.36,-0.46,0.0
2026-03-26,FXC,70.63,70.5,70.66,70.49,30400,2144682.0,0.24,-0.27,-0.19,
2026-03-26,FXD,64.47,63.86,64.75,63.76,4800,314008.0,1.54,-1.11,-0.72,0.0
2026-03-26,FXE,106.51,106.3,106.63,106.3,553400,58899148.0,0.31,-0.39,-0.42,0.0
2026-03-26,FXED,17.35,17.17,17.35,17.17,5100,88179.0,1.04,-0.92,-0.16,0.0
2026-03-26,FXF,111.36,110.98,111.42,110.95,65400,7276841.0,0.42,-0.49,-0.55,0.0
2026-03-26,FXG,62.47,62.65,63.09,62.39,9300,584711.0,1.12,-0.18,-0.11,0.0
2026-03-26,FXH,107.05,107.33,108.53,107.05,27800,3010002.0,1.37,-0.68,-0.74,0.0
2026-03-26,FXI,35.1,34.93,35.35,34.93,40289800,1413083520.0,1.18,-2.97,-1.07,0.0
2026-03-26,FXL,161.69,159.68,163.04,159.55,6800,1103275.0,2.13,-2.55,-4.17,0.0
2026-03-26,FXN,22.58,22.88,23.04,22.56,2881300,65835780.0,2.13,1.37,0.31,0.0
2026-03-26,FXNC,26.35,26.52,26.67,26.3,23000,610760.0,1.37,-0.19,-0.05,0.25
2026-03-26,FXO,55.59,55.76,56.1,55.5,121300,6767740.0,1.06,-1.03,-0.58,0.0
2026-03-26,FXP,21.36,21.5,21.5,21.08,21000,449096.0,2.06,5.43,1.11,0.0
2026-03-26,FXR,82.07,81.18,82.86,81.07,51900,4253397.0,2.16,-2.24,-1.86,0.0
2026-03-26,FXU,48.66,48.91,49.1,48.58,225300,11021718.0,1.06,-0.04,-0.02,0.0
2026-03-26,FXY,57.57,57.43,57.58,57.43,210700,12117583.0,0.26,-0.31,-0.18,0.0
2026-03-26,FXZ,73.34,73.6,74.66,73.34,37600,2771767.0,1.77,-1.46,-1.09,0.0
2026-03-26,FYC,97.81,96.64,98.92,96.54,32200,3147053.0,2.4,-2.15,-2.13,0.0
2026-03-26,FYEE,27.21,26.91,27.27,26.91,45200,1227076.0,1.32,-1.5,-0.41,0.0
2026-03-26,FYLD,36.68,36.48,36.92,36.48,61000,2240748.0,1.19,-1.19,-0.44,0.0
2026-03-26,FYT,61.83,61.97,62.45,61.81,16700,1041642.0,1.03,-0.16,-0.1,0.0
2026-03-26,FYX,119.11,119.42,121.03,119.11,29500,3547994.0,1.59,-1.14,-1.38,0.0
2026-03-26,G,37.58,37.41,38.13,37.13,2533100,94940504.0,2.66,-0.66,-0.25,1.49
2026-03-26,GAA,33.28,33.24,33.44,33.19,9400,312974.0,0.75,-0.33,-0.11,0.0
2026-03-26,GAB,5.53,5.51,5.6,5.49,924000,5109850.0,1.97,-1.08,-0.06,0.0
2026-03-26,GABC,40.9,41.54,41.64,40.9,219000,9078462.0,1.79,0.75,0.31,0.58
2026-03-26,GABF,41.5,41.2,41.61,41.17,5800,242997.0,1.07,-0.22,-0.09,0.0
2026-03-26,GAEM,25.97,25.83,25.98,25.83,3200,85084.0,0.56,-1.31,-0.34,0.0
2026-03-26,GAIA,2.8,2.83,2.9,2.72,52200,147749.0,6.57,1.07,0.03,0.21
2026-03-26,GAID,22.59,22.59,22.59,22.59,0,22.0,0.0,-4.81,-1.14,0.0
2026-03-26,GAIN,14.33,14.23,14.52,14.19,343300,4936212.0,2.3,-0.77,-0.11,0.86
2026-03-26,GAING,25.3,25.26,25.33,25.26,4600,117811.0,0.28,-0.16,-0.04,0.0
2026-03-26,GAINI,25.55,25.44,25.55,25.42,15500,396860.0,0.51,-0.06,-0.01,0.0
2026-03-26,GAINN,25.12,25.14,25.14,25.12,1700,43230.0,0.06,0.12,0.03,0.0
2026-03-26,GAINZ,24.03,23.95,24.03,23.94,1400,35526.0,0.36,-0.27,-0.07,0.0
2026-03-26,GAL,49.32,48.86,49.38,48.86,5900,292920.0,1.05,-1.67,-0.83,0.0
2026-03-26,GALT,2.93,2.8,3.0,2.8,186500,531982.0,6.83,-4.44,-0.13,0.29
2026-03-26,GAM,59.75,58.39,60.08,58.22,37600,2222498.0,3.1,-2.76,-1.66,0.0
2026-03-26,GAMB,3.95,3.93,4.05,3.89,426800,1685129.0,3.76,-1.5,-0.06,1.22
2026-03-26,GAME,0.26,0.27,0.28,0.26,462900,123663.0,6.73,-1.69,-0.0,0.47
2026-03-26,GAMR,74.24,73.17,74.29,72.96,900,69838.0,1.75,-3.9,-2.97,0.0
2026-03-26,GANX,1.95,1.89,2.07,1.88,486700,954654.0,9.69,-3.57,-0.07,1.15
2026-03-26,GAP,24.33,25.07,25.56,24.16,7967400,200360528.0,5.62,0.56,0.14,2.14
2026-03-26,GAPR,40.31,40.26,40.38,40.24,14900,600084.0,0.35,-0.21,-0.09,0.0
2026-03-26,GARA,26.04,26.04,26.04,26.04,0,26.0,0.0,-0.28,-0.07,0.0
2026-03-26,GARP,65.0,63.61,65.06,63.56,155900,10025824.0,2.29,-3.05,-2.0,0.0
2026-03-26,GARY,21.07,21.0,21.07,21.0,7500,158578.0,0.31,-3.15,-0.68,0.0
2026-03-26,GASS,9.39,9.32,9.66,9.26,160600,1516140.0,4.3,0.22,0.02,0.43
2026-03-26,GATX,168.8,168.42,170.84,167.42,129200,21789864.0,2.01,-0.96,-1.63,0.36
2026-03-26,GAU,2.23,2.21,2.32,2.19,2594500,5834026.0,5.46,-4.33,-0.1,0.99
2026-03-26,GAUD,23.4,23.4,23.4,23.4,0,47.0,0.0,0.56,0.13,0.0
2026-03-26,GAUG,38.78,38.47,38.78,38.47,138400,5347320.0,0.8,-1.05,-0.41,0.0
2026-03-26,GAUZ,0.76,0.88,1.0,0.76,464400,412704.0,31.13,13.87,0.11,2.48
2026-03-26,GAVA,21.72,21.68,21.72,21.68,500,12536.0,0.17,-6.75,-1.57,0.0
2026-03-26,GBAB,14.45,14.16,14.48,14.14,172400,2465753.0,2.37,-2.28,-0.33,0.0
2026-03-26,GBCI,44.39,44.45,44.83,44.3,541000,24079622.0,1.19,-0.4,-0.18,0.42
2026-03-26,GBDC,12.58,12.54,12.72,12.52,2597800,32736562.0,1.59,-0.32,-0.04,0.99
2026-03-26,GBF,103.73,103.45,103.73,103.45,1500,163672.0,0.27,-0.54,-0.56,0.0
2026-03-26,GBFH,25.55,25.67,26.63,25.12,42200,1092163.0,5.84,-0.85,-0.22,0.29
2026-03-26,GBHI,25.16,25.16,25.16,25.16,0,0.0,0.0,-0.3,-0.07,
2026-03-26,GBIL,100.12,100.11,100.13,100.11,1150700,115220344.0,0.02,-0.02,-0.02,0.0
2026-03-26,GBLI,27.53,27.0,27.79,27.0,6500,178953.0,2.91,-0.63,-0.17,0.05
2026-03-26,GBND,50.37,50.15,50.37,50.15,5400,274648.0,0.44,-0.62,-0.31,0.0
2026-03-26,GBR,0.83,0.88,0.89,0.83,76700,67629.0,7.06,4.0,0.03,1.5
2026-03-26,GBTC,54.01,53.34,54.37,53.0,2615800,140519824.0,2.48,-3.33,-1.84,0.0
2026-03-26,GBTG,5.38,5.53,5.6,5.38,1533500,8459810.0,4.07,2.22,0.12,0.29
2026-03-26,GBUG,41.77,40.79,42.68,40.52,61700,2550672.0,5.03,-5.07,-2.18,0.0
2026-03-26,GBX,51.99,52.08,52.61,51.67,185600,9664898.0,1.78,-0.78,-0.41,0.6
2026-03-26,GBXA,26.21,26.13,26.21,26.13,400,10622.0,0.29,-1.02,-0.27,0.0
2026-03-26,GCAD,50.68,49.85,50.68,49.85,800,43224.0,1.61,-2.9,-1.49,0.0
2026-03-26,GCAL,50.47,50.42,50.47,50.4,19400,980717.0,0.16,-0.17,-0.09,0.0
2026-03-26,GCBC,22.21,22.45,22.5,22.21,6600,148662.0,1.31,1.22,0.27,0.04
2026-03-26,GCC,23.49,23.37,23.54,23.33,50200,1177523.0,0.9,-0.38,-0.09,0.0
2026-03-26,GCDT,1.09,1.0,1.11,0.95,38200,35268.0,14.35,-10.32,-0.12,0.3
2026-03-26,GCL,0.59,0.56,0.63,0.55,62700,35800.0,13.86,-0.45,-0.0,0.05
2026-03-26,GCMG,9.62,9.65,9.87,9.62,531200,5152037.0,2.56,-1.03,-0.1,0.26
2026-03-26,GCO,27.07,28.8,28.9,27.07,243600,6955747.0,6.64,4.42,1.22,2.24
2026-03-26,GCOR,41.08,41.01,41.18,40.99,71400,2933270.0,0.46,-0.51,-0.21,0.0
2026-03-26,GCOW,45.53,45.42,45.76,45.34,571700,26050610.0,0.92,-0.61,-0.28,0.0
2026-03-26,GCT,44.23,43.52,44.55,43.0,295600,12959499.0,3.47,-2.62,-1.17,0.81
2026-03-26,GCTK,1.09,1.09,1.16,1.07,50500,56537.0,8.65,4.81,0.05,5.0
2026-03-26,GCTS,1.11,1.15,1.19,1.1,2538500,2910764.0,6.92,-11.54,-0.15,3.5
2026-03-26,GCV,4.45,4.33,4.45,4.31,28000,122777.0,3.15,-2.73,-0.12,0.0
2026-03-26,GD,351.95,355.28,356.42,351.73,1446700,513373152.0,1.33,0.79,2.78,0.54
2026-03-26,GDC,2.73,2.79,2.95,2.73,22600,64682.0,7.79,-1.06,-0.03,0.04
2026-03-26,GDDY,81.3,81.73,84.0,81.09,1821600,149169008.0,3.57,0.18,0.15,1.37
2026-03-26,GDE,60.52,58.9,60.7,58.4,86200,5124830.0,3.74,-4.23,-2.6,0.0
2026-03-26,GDEC,37.06,36.82,37.16,36.81,13600,504888.0,0.94,-1.0,-0.37,0.0
2026-03-26,GDEN,26.3,26.42,26.67,26.3,117900,3119618.0,1.4,0.11,0.03,0.45
2026-03-26,GDEV,13.7,15.99,16.08,13.7,7800,115354.0,17.85,19.95,2.66,0.04
2026-03-26,GDEVW,0.01,0.01,0.01,0.01,50000,268.0,18.92,-31.08,-0.0,0.0
2026-03-26,GDFN,25.5,25.22,25.56,25.22,12400,317242.0,1.31,-3.51,-0.92,0.0
2026-03-26,GDHG,1.68,1.74,1.84,1.67,5400,9277.0,10.05,3.57,0.06,
2026-03-26,GDIV,16.79,16.61,16.79,16.61,31000,518080.0,1.07,-1.58,-0.27,0.0
2026-03-26,GDL,8.37,8.26,8.44,8.25,10600,88273.0,2.28,-0.78,-0.06,0.0
2026-03-26,GDLC,31.81,31.38,31.85,31.16,63200,1988147.0,2.12,-3.74,-1.22,0.0
2026-03-26,GDMA,40.79,40.69,40.81,40.69,4000,167015.0,0.3,-0.36,-0.15,0.0
2026-03-26,GDMN,89.42,87.06,92.01,86.86,55500,4984500.0,5.55,-6.32,-5.87,0.0
2026-03-26,GDO,10.66,10.66,10.74,10.64,38900,416062.0,0.93,-0.84,-0.09,0.0
2026-03-26,GDOC,32.46,32.22,32.46,32.22,1000,34142.0,0.73,-0.62,-0.2,0.0
2026-03-26,GDOG,10.76,10.71,10.8,10.67,17400,184296.0,1.17,-5.35,-0.61,0.0
2026-03-26,GDOT,11.01,10.91,11.16,10.9,456800,5014415.0,2.34,-1.8,-0.2,0.82
2026-03-26,GDRX,2.03,2.04,2.11,2.03,1417500,2920308.0,3.64,-0.97,-0.02,
2026-03-26,GDS,43.59,41.99,44.24,41.79,1162100,49575540.0,5.46,-6.69,-3.01,0.58
2026-03-26,GDT,37.78,37.06,37.78,37.06,300,12324.0,1.88,-3.5,-1.34,0.0
2026-03-26,GDTC,1.03,1.03,1.03,1.03,600,699.0,0.0,-2.83,-0.03,0.01
2026-03-26,GDV,26.98,26.52,27.13,26.52,106500,2856812.0,2.25,-2.25,-0.61,0.0
2026-03-26,GDX,83.46,82.39,86.53,82.27,41415900,3463970560.0,4.94,-4.55,-3.93,0.0
2026-03-26,GDXD,58.2,60.21,60.5,52.58,1503500,85759296.0,15.09,14.75,7.74,0.0
2026-03-26,GDXJ,108.66,105.92,112.35,105.85,6919000,745075392.0,5.74,-6.51,-7.37,0.0
2026-03-26,GDXU,155.5,147.95,174.0,147.5,2474300,393823040.0,15.26,-14.84,-25.78,0.0
2026-03-26,GDXW,48.18,47.54,50.31,47.54,47800,2309588.0,5.51,-5.39,-2.71,0.0
2026-03-26,GDXY,13.09,12.91,13.34,12.88,527900,6923992.0,3.42,-4.02,-0.54,0.0
2026-03-26,GDYN,5.64,5.72,5.92,5.64,1637500,9462872.0,4.92,0.53,0.03,1.92
2026-03-26,GE,291.58,285.24,294.02,282.68,5890800,1687291392.0,3.82,-3.82,-11.32,0.56
2026-03-26,GECC,5.03,4.99,5.1,4.96,31400,158024.0,2.79,-0.4,-0.02,0.22
2026-03-26,GECCG,24.5,24.5,24.5,24.5,400,11436.0,0.0,-0.28,-0.07,0.0
2026-03-26,GECCH,25.0,25.0,25.0,25.0,0,522.0,0.0,0.0,0.0,0.0
2026-03-26,GECCI,25.04,25.0,25.04,25.0,500,13384.0,0.16,-0.44,-0.11,0.0
2026-03-26,GECCO,24.97,24.97,24.97,24.97,0,1099.0,0.0,0.0,0.0,0.0
2026-03-26,GEF,66.47,66.71,67.14,66.01,148600,9899988.0,1.69,-0.04,-0.03,0.6
2026-03-26,GEG,1.81,1.89,1.93,1.81,31900,61232.0,6.38,0.53,0.01,0.1
2026-03-26,GEGGL,24.4,24.2,24.4,24.2,300,8970.0,0.82,-0.72,-0.17,0.0
2026-03-26,GEHC,71.76,71.54,73.5,71.36,4860800,349654432.0,2.97,-0.91,-0.66,1.07
2026-03-26,GEL,18.22,18.29,18.34,17.93,351200,6391524.0,2.28,1.61,0.29,0.29
2026-03-26,GELS,0.71,0.69,0.71,0.69,4800,3389.0,1.56,-3.41,-0.02,0.05
2026-03-26,GEM,42.86,42.27,43.04,42.22,177400,7524049.0,1.88,-2.96,-1.29,0.0
2026-03-26,GEMD,41.52,41.33,41.52,41.26,4600,193551.0,0.63,-0.71,-0.29,0.0
2026-03-26,GEME,34.74,34.25,34.88,34.24,14900,517119.0,1.8,-3.45,-1.22,0.0
2026-03-26,GEMG,0.7,0.64,0.79,0.63,413700,283856.0,20.35,-16.26,-0.12,0.0
2026-03-26,GEMI,4.79,4.59,4.86,4.55,1998400,9254829.0,6.28,-6.9,-0.34,1.7
2026-03-26,GEN,19.34,18.97,19.72,18.81,6952000,132737608.0,4.67,-2.57,-0.5,1.15
2026-03-26,GENB,11.98,12.85,13.15,11.82,451800,5764096.0,11.24,8.62,1.02,0.35
2026-03-26,GENC,14.85,14.7,14.9,14.52,14700,216822.0,2.52,-1.41,-0.21,0.1
2026-03-26,GEND,12.53,12.44,12.53,12.44,700,9333.0,0.75,-0.24,-0.03,0.0
2026-03-26,GENI,4.57,4.41,4.68,4.39,5288700,23710474.0,6.09,-4.13,-0.19,2.06
2026-03-26,GENK,2.14,2.08,2.19,2.02,44200,94245.0,8.14,-3.26,-0.07,0.13
2026-03-26,GENM,10.24,10.23,10.27,10.23,9700,99898.0,0.38,-0.15,-0.02,0.0
2026-03-26,GENT,10.28,10.24,10.28,10.23,34600,355372.0,0.49,-0.44,-0.05,0.0
2026-03-26,GENVR,0.54,0.52,0.71,0.4,105400,56515.0,46.25,-23.44,-0.16,0.0
2026-03-26,GENW,13.85,13.71,13.85,13.71,200,3875.0,1.02,-1.45,-0.2,0.0
2026-03-26,GEO,17.44,17.31,17.54,17.1,1417200,24532876.0,2.51,-1.09,-0.19,
2026-03-26,GEOA,33.3,33.14,33.3,33.14,300,10065.0,0.49,-1.24,-0.42,0.0
2026-03-26,GEOS,11.47,12.23,12.66,11.35,163500,2011803.0,11.34,5.43,0.63,1.27
2026-03-26,GERN,1.54,1.54,1.6,1.53,19706500,30732918.0,4.14,-1.91,-0.03,3.08
2026-03-26,GETY,0.76,0.78,0.8,0.76,1034300,809926.0,5.48,0.84,0.01,0.25
2026-03-26,GEV,915.0,873.12,917.26,871.01,3000600,2669882880.0,5.01,-5.47,-50.57,1.11
2026-03-26,GEVG,24.3,22.47,24.79,22.41,32700,771090.0,9.45,-10.8,-2.72,0.0
2026-03-26,GEVO,2.44,2.4,2.54,2.38,2877900,7089106.0,6.3,-2.44,-0.06,1.19
2026-03-26,GEVX,57.78,52.03,57.78,51.97,106000,5732425.0,9.89,-11.54,-6.79,0.0
2026-03-26,GEW,50.04,50.04,50.04,50.04,0,400.0,0.0,-1.54,-0.78,0.0
2026-03-26,GF,10.35,10.21,10.43,10.21,29700,305598.0,2.1,-2.58,-0.27,0.0
2026-03-26,GFAI,0.47,0.45,0.48,0.45,138500,65119.0,6.28,-5.38,-0.03,0.64
2026-03-26,GFAIW,0.06,0.08,0.06,0.08,0,1.0,-21.95,0.0,0.0,0.0
2026-03-26,GFEB,41.1,40.89,41.2,40.87,73500,3020342.0,0.8,-0.99,-0.41,0.0
2026-03-26,GFF,71.37,71.13,72.65,70.71,239100,17065004.0,2.69,-1.7,-1.23,0.51
2026-03-26,GFGF,31.35,31.35,31.35,31.35,0,473.0,0.0,-1.4,-0.45,0.0
2026-03-26,GFI,41.05,40.5,42.54,40.17,3803000,155539936.0,5.61,-4.19,-1.77,0.42
2026-03-26,GFL,39.41,39.77,40.23,39.31,2214000,88124352.0,2.33,0.25,0.1,0.62
2026-03-26,GFLW,26.5,25.95,26.64,25.94,114600,2999729.0,2.6,-3.5,-0.94,0.0
2026-03-26,GFR,6.46,6.43,6.64,6.41,85400,559964.0,3.57,-0.31,-0.02,0.07
2026-03-26,GFS,45.99,44.57,46.49,44.42,2360200,106506808.0,4.43,-4.64,-2.17,0.42
2026-03-26,GGAL,44.74,44.53,46.56,43.9,1019400,45734612.0,5.86,-1.83,-0.83,0.63
2026-03-26,GGB,3.48,3.47,3.55,3.44,20673100,71940720.0,3.14,-0.86,-0.03,1.04
2026-03-26,GGG,85.45,84.66,86.5,84.47,655500,55676584.0,2.36,-1.6,-1.38,0.4
2026-03-26,GGLL,78.75,74.95,78.75,73.71,1411800,108090480.0,6.26,-6.89,-5.55,0.0
2026-03-26,GGLS,7.3,7.47,7.54,7.3,21794200,161533776.0,3.32,3.32,0.24,0.0
2026-03-26,GGM,28.02,28.0,28.02,28.0,700,20776.0,0.07,-0.38,-0.11,0.0
2026-03-26,GGME,51.33,50.16,51.33,50.16,3300,170227.0,2.28,-2.29,-1.18,
2026-03-26,GGN,5.09,5.13,5.28,5.09,823000,4276954.0,3.74,-1.72,-0.09,0.0
2026-03-26,GGOV,49.2,49.19,49.26,49.16,13800,682523.0,0.2,0.08,0.04,0.0
2026-03-26,GGR,3.5,3.49,3.5,3.43,7900,27546.0,2.0,-0.29,-0.01,0.04
2026-03-26,GGROW,0.01,0.01,0.01,0.01,1200,9.0,0.0,1.23,0.0,0.0
2026-03-26,GGRP,0.57,0.55,0.57,0.53,47100,25183.0,7.54,-4.93,-0.03,0.22
2026-03-26,GGRW,32.36,32.36,32.36,32.36,0,32.0,0.0,-2.32,-0.77,0.0
2026-03-26,GGT,4.04,3.99,4.05,3.99,226800,910831.0,1.48,-1.6,-0.06,0.0
2026-03-26,GGTL,30.74,30.74,30.74,30.74,0,372.0,0.0,-2.48,-0.78,0.0
2026-03-26,GGUS,58.51,57.48,58.51,57.48,14500,843772.0,1.75,-2.17,-1.28,0.0
2026-03-26,GGZ,15.31,15.14,15.31,15.13,8300,126769.0,1.16,-2.64,-0.41,0.0
2026-03-26,GH,85.55,88.1,89.19,85.35,1617100,142744784.0,4.44,1.76,1.52,1.23
2026-03-26,GHC,1064.45,1070.16,1079.16,1064.27,14400,15487392.0,1.39,-0.01,-0.07,0.33
2026-03-26,GHG,1.19,1.17,1.21,1.16,18400,21857.0,4.1,-4.1,-0.05,0.02
2026-03-26,GHI,4.95,4.91,5.12,4.84,210300,1039447.0,5.68,-0.41,-0.02,0.89
2026-03-26,GHM,83.75,78.2,85.12,77.44,170400,13700709.0,8.97,-8.67,-7.42,1.54
2026-03-26,GHRS,13.39,14.09,14.53,13.39,224800,3183009.0,8.35,3.22,0.44,0.36
2026-03-26,GHTA,29.69,29.56,29.7,29.56,1300,38826.0,0.48,-0.78,-0.23,0.0
2026-03-26,GHY,11.71,11.51,11.71,11.49,132000,1532453.0,1.88,-1.62,-0.19,0.0
2026-03-26,GHYB,44.45,44.1,44.46,44.1,71700,3171276.0,0.82,-0.78,-0.35,0.0
2026-03-26,GHYG,45.02,44.7,45.02,44.65,32200,1446026.0,0.82,-0.84,-0.38,0.0
2026-03-26,GIAX,14.7,14.09,14.7,14.06,55500,797201.0,4.31,-5.18,-0.77,0.0
2026-03-26,GIB,72.13,72.78,73.95,72.13,326600,23835318.0,2.51,0.47,0.34,0.15
2026-03-26,GIBO,1.39,1.42,1.42,1.33,15100,21041.0,6.29,-0.7,-0.01,0.05
2026-03-26,GIC,31.68,31.29,32.17,31.23,68100,2144690.0,2.95,-1.85,-0.59,0.18
2026-03-26,GIF,23.89,23.12,23.92,23.12,12400,291624.0,3.3,-4.56,-1.1,0.0
2026-03-26,GIFT,0.91,0.89,0.93,0.88,80400,72204.0,5.61,-0.18,-0.0,0.24
2026-03-26,GIG,10.65,10.64,10.65,10.63,133700,1424354.0,0.19,-0.19,-0.02,0.4
2026-03-26,GIGB,45.56,45.44,45.65,45.42,65700,2993240.0,0.5,-0.59,-0.27,0.0
2026-03-26,GIGGU,10.8,11.0,11.0,10.8,2600,28744.0,1.83,0.82,0.09,0.01
2026-03-26,GIGGW,0.35,0.38,0.38,0.35,13300,4885.0,9.11,9.09,0.03,0.0
2026-03-26,GIGL,50.14,49.92,50.14,49.91,2500,125093.0,0.46,-0.65,-0.33,0.0
2026-03-26,GIGM,1.45,1.5,1.53,1.45,1300,1938.0,5.42,1.67,0.02,0.01
2026-03-26,GII,75.57,75.36,75.83,75.36,105500,7973446.0,0.62,-0.78,-0.59,0.0
2026-03-26,GIII,26.7,26.89,27.37,26.7,449600,12136045.0,2.47,-0.88,-0.24,1.07
2026-03-26,GIL,57.19,55.53,57.56,55.37,1084200,60905464.0,3.78,-4.11,-2.38,0.59
2026-03-26,GILD,138.39,136.88,138.94,136.66,4285600,588411136.0,1.65,-1.0,-1.38,0.35
2026-03-26,GILT,17.0,16.57,17.21,16.5,506000,8489398.0,4.08,-4.72,-0.82,0.67
2026-03-26,GIND,22.37,22.12,22.49,22.12,400,10919.0,1.59,-2.06,-0.47,0.0
2026-03-26,GINN,68.66,67.89,68.66,67.89,2300,161509.0,1.11,-1.96,-1.36,0.0
2026-03-26,GINX,32.52,32.21,32.52,32.18,18700,606028.0,1.04,-1.18,-0.38,0.0
2026-03-26,GIPR,0.27,0.26,0.27,0.25,187300,48198.0,7.11,-5.36,-0.02,3.44
2026-03-26,GIS,36.16,36.02,36.53,35.76,11742100,423430016.0,2.13,-0.41,-0.15,2.2
2026-03-26,GITS,2.57,2.4,2.57,2.4,16600,41085.0,6.46,-8.75,-0.23,0.45
2026-03-26,GIW,9.97,9.97,9.97,9.97,100,1386.0,0.0,0.0,0.0,0.0
2026-03-26,GIWWR,0.28,0.28,0.28,0.28,250000,70005.0,0.0,0.0,0.0,
2026-03-26,GIX,9.82,9.81,9.89,9.81,104600,1026734.0,0.81,-0.1,-0.01,0.29
2026-03-26,GIXXR,0.25,0.25,0.25,0.25,500,125.0,0.0,0.04,0.0,0.0
2026-03-26,GIXXU,10.04,10.03,10.04,10.03,18100,182301.0,0.1,-0.15,-0.02,0.07
2026-03-26,GJAN,41.85,41.64,42.03,41.5,113900,4760933.0,1.26,-0.98,-0.41,0.0
2026-03-26,GJH,9.74,9.85,9.88,9.74,10200,101248.0,1.44,1.03,0.1,0.0
2026-03-26,GJO,25.08,25.08,25.08,25.08,0,200.0,0.0,0.0,0.0,0.0
2026-03-26,GJP,25.0,24.73,25.01,24.73,1300,33675.0,1.12,-1.08,-0.27,0.0
2026-03-26,GJR,24.76,24.76,24.76,24.74,3600,90546.0,0.08,-0.02,-0.0,0.0
2026-03-26,GJS,23.5,23.57,23.57,23.5,1400,33361.0,0.3,-0.13,-0.03,0.0
2026-03-26,GJUL,40.79,40.59,40.9,40.58,12500,511689.0,0.78,-0.87,-0.35,0.0
2026-03-26,GJUN,39.33,39.22,39.43,39.17,26000,1023993.0,0.66,-0.83,-0.33,0.0
2026-03-26,GK,23.4,23.4,23.4,23.4,0,329.0,0.0,-2.88,-0.69,0.0
2026-03-26,GKAT,40.28,40.14,40.28,40.14,100,4108.0,0.37,-1.12,-0.46,0.0
2026-03-26,GKOS,108.51,107.75,110.13,107.31,885500,96151048.0,2.57,-1.69,-1.85,1.52
2026-03-26,GL,137.67,138.8,139.4,137.27,414200,57360524.0,1.55,0.94,1.29,0.53
2026-03-26,GLAD,17.23,17.14,17.58,17.05,191000,3292996.0,3.06,-1.32,-0.23,0.85
2026-03-26,GLBE,31.71,30.9,33.23,30.85,1150000,36175484.0,7.41,-3.86,-1.24,0.68
2026-03-26,GLBL,23.64,23.64,23.64,23.64,0,0.0,0.0,-1.79,-0.43,
2026-03-26,GLBS,1.86,1.95,2.09,1.86,91300,181665.0,12.52,8.33,0.15,0.42
2026-03-26,GLCR,24.79,24.83,24.83,24.79,200,5504.0,0.15,-0.81,-0.2,0.0
2026-03-26,GLD,408.53,400.64,411.37,400.26,15756300,6382248960.0,2.67,-3.76,-15.65,0.0
2026-03-26,GLDB,22.79,22.41,22.82,22.41,3000,69564.0,1.78,-3.39,-0.79,0.0
2026-03-26,GLDD,16.97,16.97,16.98,16.96,1866600,31670712.0,0.12,-0.06,-0.01,2.8
2026-03-26,GLDG,1.12,1.1,1.15,1.09,1392600,1557639.0,5.17,-5.17,-0.06,0.65
2026-03-26,GLDI,160.4,155.52,160.4,155.23,22700,3578215.0,3.21,-3.55,-5.72,0.0
2026-03-26,GLDM,88.02,86.33,88.61,86.24,7595400,663320320.0,2.64,-3.72,-3.34,0.0
2026-03-26,GLDN,16.92,16.64,17.28,16.63,11800,200641.0,3.75,-3.92,-0.68,0.0
2026-03-26,GLDW,50.3,49.17,50.62,49.17,10900,545878.0,2.81,-4.55,-2.35,0.0
2026-03-26,GLDY,15.16,14.82,15.16,14.78,21700,307976.0,2.47,-3.87,-0.6,0.0
2026-03-26,GLE,0.37,0.37,0.4,0.37,34300,13138.0,7.54,-5.1,-0.02,0.19
2026-03-26,GLGG,5.76,5.03,5.84,4.99,78200,409360.0,14.17,-15.96,-0.95,0.0
2026-03-26,GLIBA,36.5,36.66,36.8,36.34,29600,1086544.0,1.26,0.38,0.14,
2026-03-26,GLIBK,36.54,36.84,37.03,36.14,364800,13410709.0,2.42,0.08,0.03,1.02
2026-03-26,GLIN,41.08,40.48,41.35,40.48,25400,1037145.0,2.11,-2.42,-1.0,0.0
2026-03-26,GLIX,26.3,26.25,26.33,26.24,8100,212643.0,0.36,-0.1,-0.02,0.0
2026-03-26,GLL,22.52,23.34,23.38,22.23,9353100,213674288.0,5.29,7.36,1.6,0.0
2026-03-26,GLMD,0.6,0.59,0.6,0.59,6200,3725.0,3.15,-1.98,-0.01,0.1
2026-03-26,GLNG,55.04,54.06,55.8,53.88,3978800,218623216.0,3.62,1.83,0.97,3.93
2026-03-26,GLNK,7.97,7.84,8.03,7.82,120400,952495.0,2.53,-5.66,-0.47,0.0
2026-03-26,GLO,5.64,5.6,5.66,5.57,101300,569537.0,1.59,-0.88,-0.05,0.0
2026-03-26,GLOB,43.32,45.35,46.66,43.32,982500,44711676.0,7.66,3.97,1.73,2.28
2026-03-26,GLOF,51.93,51.4,52.21,51.4,18900,981560.0,1.53,-1.99,-1.04,0.0
2026-03-26,GLOO,4.97,5.1,5.27,4.97,40300,207553.0,6.0,2.0,0.1,0.05
2026-03-26,GLOW,30.06,29.8,30.06,29.8,1700,53312.0,0.87,-1.7,-0.52,0.0
2026-03-26,GLP,44.97,45.0,45.74,44.12,73800,3326760.0,3.59,-0.24,-0.11,0.22
2026-03-26,GLPG,30.05,29.97,30.53,29.96,176100,5319395.0,1.86,-2.19,-0.67,0.27
2026-03-26,GLPI,45.31,44.92,45.9,44.77,1837000,82925632.0,2.49,-1.56,-0.71,0.65
2026-03-26,GLQ,7.7,7.59,7.7,7.56,37500,287204.0,1.82,-1.43,-0.11,0.0
2026-03-26,GLRE,16.17,17.12,17.13,16.17,261800,4458111.0,5.63,0.35,0.06,0.77
2026-03-26,GLRY,37.52,36.76,37.62,36.73,25200,937797.0,2.34,-3.26,-1.24,0.0
2026-03-26,GLSI,25.55,25.34,26.85,25.02,127900,3293840.0,7.04,-2.5,-0.65,0.92
2026-03-26,GLTR,204.73,200.52,206.68,200.36,114100,23116700.0,3.0,-4.89,-10.31,0.0
2026-03-26,GLU,19.51,19.43,19.58,19.34,6500,128096.0,1.21,-1.12,-0.22,0.0
2026-03-26,GLUE,15.47,15.67,16.23,15.27,879600,13913355.0,6.11,-0.25,-0.04,1.1
2026-03-26,GLV,5.98,5.93,5.99,5.93,27700,165030.0,1.08,-1.66,-0.1,0.0
2026-03-26,GLW,142.4,135.32,143.0,134.5,11263800,1548818816.0,5.81,-7.54,-11.03,1.31
2026-03-26,GLWG,17.8,16.0,17.8,15.76,983200,16548838.0,10.85,-14.76,-2.77,0.0
2026-03-26,GLXG,2.15,2.44,2.48,2.07,18200,40782.0,16.8,-0.0,-0.0,0.31
2026-03-26,GLXU,6.58,5.85,6.72,5.8,118800,728441.0,13.33,-15.71,-1.09,0.0
2026-03-26,GLXY,20.88,19.61,21.1,19.53,4776600,93225928.0,7.38,-8.06,-1.72,1.23
2026-03-26,GM,75.97,75.6,77.17,74.9,8471300,640577920.0,2.96,-1.32,-1.01,0.94
2026-03-26,GMAB,25.88,26.03,26.35,25.87,3059900,80056272.0,1.84,-0.31,-0.08,0.48
2026-03-26,GMAR,41.6,41.4,41.79,41.4,170000,7071331.0,0.93,-0.96,-0.4,0.0
2026-03-26,GMAY,41.07,40.86,41.15,40.86,20200,828731.0,0.7,-0.91,-0.37,0.0
2026-03-26,GME,22.91,22.56,23.22,22.45,6905900,156794080.0,3.34,-2.25,-0.52,1.54
2026-03-26,GMED,86.64,86.5,87.92,86.41,806900,70145248.0,1.73,-0.97,-0.85,0.6
2026-03-26,GMEU,10.29,9.77,10.44,9.77,232600,2329908.0,6.49,-5.42,-0.56,0.0
2026-03-26,GMEX,0.9,0.9,0.92,0.73,1148900,147350.0,19.77,-4.17,-0.04,56.73
2026-03-26,GMEY,32.4,32.27,32.4,32.27,500,17317.0,0.42,-2.64,-0.88,0.0
2026-03-26,GMF,135.77,134.44,135.98,134.44,2500,350044.0,1.11,-2.77,-3.83,0.0
2026-03-26,GMHS,1.06,1.06,1.08,0.97,5800,5914.0,9.72,-1.85,-0.02,0.01
2026-03-26,GMM,1.06,1.34,1.47,1.06,268000,341888.0,36.61,19.64,0.22,0.52
2026-03-26,GMMA,21.11,21.04,21.11,21.04,300,7121.0,0.35,-0.73,-0.15,0.0
2026-03-26,GMMF,100.46,100.46,100.47,100.46,62200,6249623.0,0.01,0.0,0.0,0.0
2026-03-26,GMNY,49.63,49.52,49.63,49.52,1100,56813.0,0.23,-0.35,-0.17,0.0
2026-03-26,GMOC,50.13,50.13,50.13,50.13,0,200.0,0.0,-0.01,-0.0,0.0
2026-03-26,GMOD,25.72,25.69,25.89,25.65,8800,228562.0,0.92,-1.05,-0.27,0.0
2026-03-26,GMOI,35.74,35.45,35.92,35.43,98400,3515361.0,1.37,-1.2,-0.43,0.0
2026-03-26,GMOM,35.13,34.88,35.35,34.88,3600,129504.0,1.34,-1.66,-0.59,0.0
2026-03-26,GMOV,28.33,28.14,28.33,28.11,7300,206981.0,0.78,-0.25,-0.07,0.0
2026-03-26,GMTL,15.3,16.19,16.45,14.23,298800,4657331.0,13.84,1.12,0.18,0.78
2026-03-26,GMUB,50.78,50.76,50.81,50.71,51400,2613843.0,0.2,-0.14,-0.07,0.0
2026-03-26,GMUN,49.92,49.92,49.92,49.92,0,1099.0,0.0,-0.17,-0.08,0.0
2026-03-26,GNE,13.95,13.85,14.13,13.81,43100,601219.0,2.33,-0.72,-0.1,0.16
2026-03-26,GNK,22.69,22.66,23.08,22.59,271700,6201296.0,2.13,-0.26,-0.06,0.63
2026-03-26,GNL,9.13,9.17,9.25,9.06,1435100,13191836.0,2.07,0.0,0.0,0.67
2026-03-26,GNLN,0.61,0.48,0.64,0.45,323500,168865.0,26.82,-30.45,-0.21,6.42
2026-03-26,GNLX,2.6,2.63,2.66,2.54,160400,418307.0,4.72,-0.75,-0.02,0.36
2026-03-26,GNMA,44.12,43.99,44.25,43.95,34500,1524398.0,0.68,-0.64,-0.29,0.0
2026-03-26,GNOM,43.22,43.32,43.96,43.22,15000,656719.0,1.68,-1.48,-0.65,0.0
2026-03-26,GNOV,38.92,38.81,39.05,38.76,10700,417888.0,0.74,-0.83,-0.32,0.0
2026-03-26,GNPX,1.91,1.88,1.93,1.87,125300,237780.0,3.09,-3.09,-0.06,5.41
2026-03-26,GNR,72.35,72.26,73.07,72.14,168700,12254415.0,1.28,-0.85,-0.62,0.0
2026-03-26,GNRC,203.4,198.0,208.42,196.73,1348000,271573408.0,5.7,-3.49,-7.16,2.3
2026-03-26,GNS,0.3,0.3,0.32,0.3,667300,205565.0,6.43,-3.07,-0.01,0.42
2026-03-26,GNSS,1.86,1.81,1.86,1.8,76800,140303.0,3.23,-2.69,-0.05,0.17
2026-03-26,GNT,8.28,8.18,8.39,8.18,72500,602309.0,2.51,-2.21,-0.18,0.0
2026-03-26,GNTA,0.7,0.83,0.84,0.7,53600,42103.0,18.79,10.36,0.08,0.3
2026-03-26,GNTX,21.75,22.05,22.16,21.75,1824100,40150260.0,1.85,0.55,0.12,0.85
2026-03-26,GNW,8.19,8.31,8.35,8.11,3578200,29661532.0,2.88,1.84,0.15,0.92
2026-03-26,GO,6.7,7.14,7.29,6.67,5513200,38871008.0,9.48,9.17,0.6,5.62
2026-03-26,GOAI,3.54,3.65,3.73,3.54,51000,182838.0,5.27,-1.35,-0.05,0.16
2026-03-26,GOAU,40.41,40.18,41.92,40.09,16900,690616.0,4.41,-3.53,-1.47,0.0
2026-03-26,GOCO,1.77,1.63,1.79,1.61,29900,51122.0,10.06,-8.94,-0.16,0.1
2026-03-26,GOCT,38.7,38.43,38.74,38.41,4600,180404.0,0.85,-0.99,-0.39,0.0
2026-03-26,GOEX,76.98,74.76,79.1,74.69,66500,5145333.0,5.56,-5.82,-4.62,0.0
2026-03-26,GOF,10.9,10.81,11.03,10.81,1037300,11351990.0,2.01,-1.1,-0.12,0.0
2026-03-26,GOGO,4.42,4.52,4.53,4.38,1186900,5341827.0,3.37,1.57,0.07,0.88
2026-03-26,GOLD,42.3,39.56,42.59,38.9,836400,33425594.0,8.56,-8.28,-3.57,2.97
2026-03-26,GOLF,92.32,91.06,94.0,90.8,227600,20807452.0,3.42,-2.73,-2.56,0.39
2026-03-26,GOLS,24.15,24.15,24.15,24.15,100000,2414710.0,0.0,-0.88,-0.21,0.0
2026-03-26,GOLY,30.5,29.75,30.57,29.66,48700,1464966.0,2.92,-4.46,-1.39,0.0
2026-03-26,GOOD,11.19,11.28,11.38,11.19,458400,5181161.0,1.64,0.09,0.01,0.95
2026-03-26,GOODN,22.16,22.4,22.44,21.92,6000,132733.0,2.33,0.4,0.09,0.0
2026-03-26,GOODO,19.99,19.86,20.01,19.83,5000,101399.0,0.9,-0.31,-0.06,0.0
2026-03-26,GOOG,286.19,280.74,286.52,279.05,29281200,8272438272.0,2.58,-3.06,-8.85,0.47
2026-03-26,GOOGL,287.91,280.92,287.95,278.5,39080500,11067844608.0,3.25,-3.44,-10.01,0.67
2026-03-26,GOOP,33.37,32.52,33.37,32.34,32500,1068311.0,3.05,-3.7,-1.25,0.0
2026-03-26,GOOS,10.81,10.74,11.01,10.73,286600,3104861.0,2.55,-2.1,-0.23,0.3
2026-03-26,GOOW,58.4,56.68,58.4,56.26,31800,1802791.0,3.6,-4.55,-2.7,0.0
2026-03-26,GOOX,56.0,53.9,56.23,53.32,148600,8172932.0,5.06,-6.31,-3.63,0.0
2026-03-26,GOOY,12.8,12.49,12.8,12.38,680400,8548166.0,3.24,-3.78,-0.49,0.0
2026-03-26,GOP,38.0,37.38,38.1,37.38,3100,118914.0,1.88,-1.92,-0.73,0.0
2026-03-26,GORO,1.09,1.1,1.14,1.06,1477100,1611239.0,7.02,-3.51,-0.04,0.91
2026-03-26,GOSS,0.37,0.37,0.41,0.36,9464400,3633318.0,12.35,-1.76,-0.01,4.03
2026-03-26,GOTU,1.94,1.88,1.96,1.88,555000,1063920.0,4.1,-3.59,-0.07,0.23
2026-03-26,GOU,19.61,18.96,19.73,18.67,25900,497585.0,5.21,-6.81,-1.39,0.0
2026-03-26,GOVI,27.13,27.05,27.17,27.02,132700,3596495.0,0.57,-0.72,-0.19,0.0
2026-03-26,GOVT,22.82,22.76,22.85,22.76,8737300,199176128.0,0.39,-0.5,-0.11,0.0
2026-03-26,GOVX,1.5,1.41,1.52,1.37,59800,86365.0,10.0,-6.0,-0.09,2.69
2026-03-26,GOVZ,9.17,9.15,9.21,9.1,2103200,19251052.0,1.19,-0.81,-0.07,0.0
2026-03-26,GP,1.13,1.06,1.13,1.03,16500,18317.0,9.8,3.92,0.04,0.33
2026-03-26,GPAC,9.91,9.91,9.91,9.9,644700,6388999.0,0.15,0.1,0.01,2.52
2026-03-26,GPACU,10.0,10.0,10.0,10.0,100,1030.0,0.0,0.0,0.0,0.0
2026-03-26,GPACW,0.25,0.24,0.25,0.24,17600,4319.0,4.0,-4.0,-0.01,0.0
2026-03-26,GPAT,10.82,10.83,10.83,10.8,513900,5565547.0,0.28,0.28,0.03,1.43
2026-03-26,GPC,104.46,105.28,106.48,104.39,1821400,191852752.0,1.99,0.15,0.16,1.31
2026-03-26,GPCR,47.42,46.2,48.28,46.0,702500,32770598.0,4.74,-4.01,-1.93,0.99
2026-03-26,GPGI,18.17,17.31,18.46,17.17,3043400,53377300.0,6.95,-6.33,-1.17,1.05
2026-03-26,GPI,326.65,331.51,334.3,325.76,141700,46782740.0,2.61,1.42,4.65,1.19
2026-03-26,GPIQ,50.01,49.19,50.05,49.17,1325600,65737628.0,1.75,-2.27,-1.14,0.0
2026-03-26,GPIX,50.15,49.65,50.34,49.61,740600,36988652.0,1.45,-1.66,-0.84,0.0
2026-03-26,GPJA,21.7,21.74,21.89,21.7,18100,395843.0,0.85,-0.18,-0.04,0.0
2026-03-26,GPK,9.3,9.34,9.62,9.2,5833100,54610352.0,4.53,-0.43,-0.04,1.97
2026-03-26,GPMT,1.46,1.47,1.5,1.42,113500,167273.0,5.51,1.38,0.02,0.24
2026-03-26,GPN,69.5,69.97,71.93,69.5,2265500,159277872.0,3.43,-1.13,-0.8,0.82
2026-03-26,GPOR,213.49,214.75,218.32,212.76,207800,44818620.0,2.61,0.84,1.79,1.12
2026-03-26,GPRE,16.1,16.5,16.88,16.06,1315500,21835724.0,5.06,1.91,0.31,1.88
2026-03-26,GPRF,49.92,49.92,49.92,49.92,100,6956.0,0.0,-0.33,-0.17,0.0
2026-03-26,GPRK,9.5,9.21,9.68,9.19,1201100,11287749.0,5.18,-2.64,-0.25,1.86
2026-03-26,GPRO,0.68,0.67,0.72,0.66,1971900,1359695.0,8.38,-1.32,-0.01,1.2
2026-03-26,GPT,29.97,29.97,29.97,29.97,300,11433.0,0.0,-2.77,-0.85,0.0
2026-03-26,GPTY,37.2,36.27,37.2,36.27,21900,787022.0,2.48,-3.24,-1.21,0.0
2026-03-26,GPUS,0.15,0.14,0.15,0.14,8860300,1271314.0,7.69,-5.85,-0.01,2.3
2026-03-26,GPZ,20.74,20.95,21.27,20.74,489000,10311516.0,2.52,-0.43,-0.09,0.0
2026-03-26,GQGU,26.71,26.74,26.85,26.64,1231000,32990280.0,0.79,0.51,0.14,0.0
2026-03-26,GQI,55.25,54.65,55.33,54.61,16300,901405.0,1.3,-1.32,-0.73,0.0
2026-03-26,GQQQ,29.14,28.62,29.14,28.62,6900,201380.0,1.76,-2.69,-0.79,0.0
2026-03-26,GQRE,59.13,59.19,59.72,59.13,25100,1499841.0,0.99,-0.57,-0.34,0.0
2026-03-26,GRAB,3.67,3.71,3.84,3.66,41883700,156413664.0,4.69,-0.54,-0.02,1.02
2026-03-26,GRABW,0.1,0.1,0.1,0.1,20600,1994.0,5.11,6.67,0.01,0.0
2026-03-26,GRAF,10.72,10.71,10.72,10.71,900,9643.0,0.09,-0.09,-0.01,0.0
2026-03-26,GRAG,7.4,7.1,7.55,7.05,2900,21649.0,6.9,-1.36,-0.1,0.0
2026-03-26,GRAL,50.7,52.16,53.44,50.7,614700,32056466.0,5.24,-0.25,-0.13,1.5
2026-03-26,GRAN,1.2,1.11,1.2,1.0,23600,26314.0,17.4,-3.48,-0.04,0.1
2026-03-26,GRBK,63.39,63.0,64.02,62.94,185200,11703730.0,1.69,-1.58,-1.01,0.43
2026-03-26,GRC,63.37,62.45,64.92,62.45,140900,8936483.0,3.85,-2.6,-1.67,0.54
2026-03-26,GRCE,4.69,4.77,4.85,4.55,796100,3740943.0,6.4,1.71,0.08,5.15
2026-03-26,GRDN,36.28,35.4,36.5,35.36,453900,16157708.0,3.12,-3.01,-1.1,0.71
2026-03-26,GRDX,2.1,2.05,2.11,1.95,34100,69473.0,7.76,-0.49,-0.01,1.02
2026-03-26,GREE,1.26,1.23,1.29,1.23,50700,64040.0,4.69,-3.91,-0.05,0.32
2026-03-26,GREEL,20.5,20.68,21.1,20.5,8700,182755.0,2.85,-1.76,-0.37,0.0
2026-03-26,GREK,62.66,62.4,63.24,62.24,66600,4191227.0,1.57,-1.89,-1.2,0.0
2026-03-26,GRF,10.32,10.1,10.33,9.6,4800,48341.0,6.89,-4.72,-0.5,0.0
2026-03-26,GRFS,7.65,7.62,7.71,7.52,604800,4592670.0,2.46,-1.17,-0.09,0.09
2026-03-26,GRI,2.38,2.3,2.39,2.28,24000,56217.0,4.85,-2.95,-0.07,1.67
2026-03-26,GRID,165.38,161.57,166.2,161.43,2904200,473544864.0,2.84,-3.91,-6.57,0.0
2026-03-26,GRIN,27.18,26.79,27.45,26.76,1500,41247.0,2.49,-3.22,-0.89,0.01
2026-03-26,GRML,0.36,0.3,0.37,0.3,1788400,570775.0,18.91,-14.65,-0.05,2.43
2026-03-26,GRMLW,0.14,0.14,0.14,0.14,4800,677.0,5.35,-1.64,-0.0,0.0
2026-03-26,GRMN,243.0,236.07,245.01,236.03,755700,180605536.0,3.67,-3.56,-8.71,0.39
2026-03-26,GRN,27.97,28.04,28.04,27.97,800,23473.0,0.27,0.27,0.07,0.0
2026-03-26,GRNB,23.93,23.84,23.97,23.83,53700,1283531.0,0.58,-0.73,-0.18,0.0
2026-03-26,GRND,12.42,12.59,12.9,12.28,1309100,16607204.0,4.99,1.37,0.17,0.71
2026-03-26,GRNI,19.41,19.18,19.44,19.15,51800,1000020.0,1.51,-2.0,-0.39,0.0
2026-03-26,GRNJ,25.81,25.03,25.85,24.99,152100,3785383.0,3.29,-4.21,-1.1,0.0
2026-03-26,GRNQ,2.34,2.48,2.48,2.25,45500,108563.0,9.85,6.21,0.14,0.53
2026-03-26,GRNT,5.68,5.9,5.91,5.67,1100500,6425886.0,4.28,5.17,0.29,0.84
2026-03-26,GRNY,24.24,23.9,24.32,23.89,2124500,51137180.0,1.76,-2.25,-0.55,0.0
2026-03-26,GRO,3.22,3.19,3.46,3.1,766100,2526293.0,11.11,-1.54,-0.05,1.42
2026-03-26,GROV,1.34,1.3,1.35,1.3,9600,12625.0,3.76,-2.26,-0.03,0.02
2026-03-26,GROW,2.85,2.85,2.95,2.82,10900,31386.0,4.44,-0.35,-0.01,0.09
2026-03-26,GROY,3.2,3.18,3.31,3.16,2844400,9187635.0,4.34,-4.79,-0.16,1.23
2026-03-26,GROZ,27.72,27.23,27.75,27.23,7700,214428.0,1.84,-2.57,-0.72,0.0
2026-03-26,GRPM,117.75,118.11,119.17,117.75,16200,1925046.0,1.19,-0.38,-0.45,0.0
2026-03-26,GRPN,11.19,11.14,11.59,11.1,1361500,15291496.0,4.34,-1.24,-0.14,3.34
2026-03-26,GRPZ,27.17,27.17,27.17,27.17,0,626.0,0.0,-1.09,-0.3,0.0
2026-03-26,GRRR,10.6,10.46,10.93,10.42,428400,4546912.0,4.7,-3.68,-0.4,1.89
2026-03-26,GRRRW,0.27,0.25,0.27,0.22,31800,7671.0,17.6,-12.46,-0.04,0.0
2026-03-26,GRVY,61.65,62.06,63.5,61.2,29100,1823284.0,3.71,0.08,0.05,0.42
2026-03-26,GRW,27.69,27.45,27.85,27.43,6200,173599.0,1.52,-1.26,-0.35,0.0
2026-03-26,GRWG,1.14,1.11,1.16,1.09,344300,387533.0,6.19,-1.77,-0.02,
2026-03-26,GRX,9.0,9.02,9.12,9.0,27100,246184.0,1.33,0.0,0.0,0.0
2026-03-26,GS,833.79,822.64,844.8,816.11,2052100,1692819968.0,3.41,-2.28,-19.2,0.7
2026-03-26,GSAT,67.49,60.28,67.49,60.05,1384400,86409192.0,11.04,-10.54,-7.1,1.08
2026-03-26,GSBC,61.93,62.75,62.99,60.79,49800,3113460.0,3.53,0.74,0.46,0.46
2026-03-26,GSBD,9.2,9.1,9.34,9.09,852900,7848539.0,2.71,-1.3,-0.12,0.76
2026-03-26,GSC,54.75,54.19,54.75,54.19,1900,104984.0,1.0,-2.19,-1.21,0.0
2026-03-26,GSEE,57.8,57.49,57.83,57.19,23400,1341980.0,1.08,-3.15,-1.87,0.0
2026-03-26,GSEP,38.15,37.92,38.19,37.88,22400,854693.0,0.81,-0.97,-0.37,0.0
2026-03-26,GSEU,44.45,44.05,44.71,44.05,39200,1742123.0,1.47,-1.95,-0.88,0.0
2026-03-26,GSEW,84.63,84.24,85.47,84.16,68500,5795411.0,1.54,-1.15,-0.98,0.0
2026-03-26,GSG,30.93,30.97,31.25,30.85,1881600,58439428.0,1.33,1.81,0.55,0.0
2026-03-26,GSGO,37.0,36.18,37.0,36.16,18400,677188.0,2.26,-2.66,-0.99,0.0
2026-03-26,GSHD,40.99,42.08,42.27,40.59,382700,15984567.0,4.08,2.16,0.89,1.08
2026-03-26,GSHRW,0.22,0.22,0.22,0.22,0,8.0,0.0,0.0,0.0,0.0
2026-03-26,GSIB,49.7,49.6,49.7,49.6,24000,1195716.0,0.2,-1.92,-0.97,0.0
2026-03-26,GSID,68.89,68.29,69.37,68.29,123700,8476196.0,1.54,-2.26,-1.58,0.0
2026-03-26,GSIE,42.43,42.08,42.78,42.07,605700,25648160.0,1.64,-2.03,-0.87,0.0
2026-03-26,GSIG,47.19,47.13,47.2,47.13,4100,194107.0,0.15,-0.38,-0.18,0.0
2026-03-26,GSIT,6.16,5.88,6.36,5.77,859500,5131569.0,9.37,-6.67,-0.42,
2026-03-26,GSIW,16.78,16.35,16.78,16.34,1300,22184.0,2.65,-2.74,-0.46,0.01
2026-03-26,GSJY,48.54,47.69,48.55,47.69,14200,685747.0,1.77,-2.25,-1.1,0.0
2026-03-26,GSK,54.58,53.94,54.88,53.85,6556800,355503264.0,1.86,-1.39,-0.76,0.32
2026-03-26,GSKH,76.95,76.21,77.04,76.21,200,15932.0,1.08,-1.1,-0.85,0.0
2026-03-26,GSL,38.2,38.09,38.95,37.93,303500,11625475.0,2.66,-1.04,-0.4,0.85
2026-03-26,GSLC,125.31,124.19,126.01,124.1,260100,32511234.0,1.51,-1.67,-2.11,0.0
2026-03-26,GSM,4.26,4.28,4.57,4.21,1397400,6075115.0,8.57,1.9,0.08,0.75
2026-03-26,GSOL,6.53,6.34,6.55,6.34,1108500,7128790.0,3.15,-6.97,-0.47,0.0
2026-03-26,GSPY,35.37,35.17,35.37,35.17,700,27740.0,0.55,-1.59,-0.57,0.0
2026-03-26,GSRFU,10.27,10.27,10.27,10.27,0,220.0,0.0,0.0,0.0,0.0
2026-03-26,GSSC,74.72,74.49,75.71,74.41,32800,2458799.0,1.72,-1.45,-1.1,0.0
2026-03-26,GSST,50.51,50.45,50.52,50.45,288500,14571580.0,0.14,-0.13,-0.07,0.0
2026-03-26,GSUI,13.44,13.23,13.47,13.17,11300,151035.0,2.15,-5.23,-0.73,0.0
2026-03-26,GSUN,0.43,0.52,0.54,0.41,1225100,616842.0,30.21,18.21,0.08,12.22
2026-03-26,GSUS,89.74,88.88,90.15,88.84,98100,8800000.0,1.45,-1.71,-1.55,0.0
2026-03-26,GSWO,56.38,55.68,56.56,55.65,54000,3040893.0,1.61,-1.71,-0.97,0.0
2026-03-26,GSY,50.09,50.07,50.09,50.07,1049900,52584204.0,0.04,-0.06,-0.03,0.0
2026-03-26,GT,6.35,6.62,6.69,6.35,8041800,53051168.0,5.27,2.64,0.17,2.81
2026-03-26,GTBP,0.46,0.45,0.46,0.44,411600,184790.0,4.43,-4.09,-0.02,1.3
2026-03-26,GTE,8.63,8.72,9.14,8.61,821900,7302588.0,6.17,1.51,0.13,2.33
2026-03-26,GTEC,0.75,0.72,0.78,0.72,48000,35815.0,7.98,-5.28,-0.04,0.19
2026-03-26,GTEK,41.73,41.0,41.8,40.92,4400,181364.0,2.08,-3.87,-1.65,0.0
2026-03-26,GTEN,10.24,10.24,10.24,10.23,6000,61548.0,0.1,0.1,0.01,0.01
2026-03-26,GTERA,10.2,10.2,10.2,10.2,0,254.0,0.0,0.0,0.0,0.0
2026-03-26,GTERR,0.12,0.12,0.12,0.12,300,39.0,0.0,-8.15,-0.01,0.0
2026-03-26,GTES,23.48,22.71,23.48,22.52,2041100,46602172.0,4.06,-3.93,-0.93,0.8
2026-03-26,GTIM,1.2,1.2,1.22,1.19,33000,39646.0,2.52,0.84,0.01,0.31
2026-03-26,GTIP,49.25,49.08,49.28,49.08,35100,1727060.0,0.41,-0.39,-0.19,0.0
2026-03-26,GTLB,20.31,21.25,21.68,20.26,4297800,91302224.0,6.87,2.81,0.58,2.53
2026-03-26,GTLS,207.08,207.02,207.09,206.87,1213800,251244400.0,0.11,-0.11,-0.22,2.54
2026-03-26,GTM,5.73,5.93,6.03,5.73,6578600,38795308.0,5.25,2.07,0.12,2.15
2026-03-26,GTN,4.6,4.64,4.73,4.59,870900,4054635.0,2.99,-0.64,-0.03,0.93
2026-03-26,GTO,46.67,46.51,46.72,46.51,335100,15615563.0,0.46,-0.56,-0.26,0.0
2026-03-26,GTOC,25.03,24.95,25.03,24.95,5100,129144.0,0.32,-0.57,-0.14,0.0
2026-03-26,GTOH,25.17,25.13,25.21,25.13,2900,74257.0,0.34,-0.59,-0.15,0.0
2026-03-26,GTOP,36.56,36.01,36.79,36.01,12400,453320.0,2.09,-3.03,-1.13,0.0
2026-03-26,GTOQ,22.05,21.9,22.05,21.89,8300,184051.0,0.73,-0.72,-0.16,0.0
2026-03-26,GTOS,24.9,24.84,24.91,24.84,8000,200173.0,0.28,-0.24,-0.06,0.0
2026-03-26,GTPE,51.01,50.44,51.01,50.44,1100,57043.0,1.1,-2.34,-1.21,0.0
2026-03-26,GTR,24.94,24.84,24.95,24.84,1000,25707.0,0.42,-1.62,-0.41,0.0
2026-03-26,GTX,18.18,18.34,18.55,18.09,2175300,39943648.0,2.45,-1.03,-0.19,1.15
2026-03-26,GTY,31.62,31.91,31.98,31.59,341600,10892933.0,1.21,-0.84,-0.27,0.54
2026-03-26,GUG,15.05,14.98,15.09,14.89,63400,953503.0,1.31,-1.12,-0.17,0.0
2026-03-26,GUMI,50.36,50.36,50.38,50.34,9200,465713.0,0.08,-0.0,-0.0,0.0
2026-03-26,GUNR,53.53,53.56,54.1,53.49,490400,26370778.0,1.14,-0.65,-0.35,0.0
2026-03-26,GURE,5.01,4.71,5.15,4.6,52600,256018.0,11.0,-5.8,-0.29,3.42
2026-03-26,GURU,59.46,58.51,59.46,58.51,1100,70566.0,1.59,-1.76,-1.05,0.0
2026-03-26,GUSA,56.62,55.88,56.7,55.87,4500,255390.0,1.46,-1.79,-1.02,0.0
2026-03-26,GUSE,39.14,38.78,39.34,38.77,28200,1103836.0,1.44,-1.84,-0.73,0.0
2026-03-26,GUSH,44.76,46.03,46.92,44.75,2057100,94269552.0,4.91,4.19,1.85,0.0
2026-03-26,GUT,5.97,5.94,6.0,5.9,190800,1137818.0,1.68,-0.5,-0.03,0.0
2026-03-26,GUTS,0.48,0.47,0.49,0.46,1963900,925816.0,6.98,-5.36,-0.03,1.24
2026-03-26,GV,0.23,0.22,0.26,0.22,2728100,627726.0,18.0,-6.81,-0.02,48.65
2026-03-26,GVA,120.45,118.83,121.93,118.76,374300,44707736.0,2.6,-2.53,-3.09,0.86
2026-03-26,GVAL,32.45,32.05,32.57,32.04,334300,10811848.0,1.62,-2.29,-0.75,0.0
2026-03-26,GVH,0.97,1.03,1.05,0.97,6985400,9630982.0,8.59,4.67,0.05,305.47
2026-03-26,GVI,106.25,106.04,106.37,106.0,223900,23767798.0,0.34,-0.41,-0.43,0.0
2026-03-26,GVIP,147.32,143.94,147.32,143.94,42500,6236805.0,2.26,-3.65,-5.45,0.0
2026-03-26,GVLE,40.06,39.64,40.06,39.64,100,6351.0,1.03,-1.83,-0.74,0.0
2026-03-26,GVLU,25.34,25.18,25.34,25.12,5200,132420.0,0.87,0.13,0.03,0.0
2026-03-26,GVUS,55.05,54.55,55.05,54.55,800,44268.0,0.91,-1.12,-0.62,0.0
2026-03-26,GWAV,3.51,3.65,3.68,3.38,17200,60928.0,8.5,3.69,0.13,2.07
2026-03-26,GWH,1.21,1.2,1.24,1.17,223100,268559.0,5.6,-4.0,-0.05,0.82
2026-03-26,GWRE,148.2,151.34,154.45,148.2,786300,119508096.0,4.18,1.27,1.9,0.93
2026-03-26,GWRS,7.32,7.39,7.47,7.32,55900,413627.0,2.04,0.27,0.02,0.19
2026-03-26,GWW,1070.73,1065.48,1084.09,1060.97,158300,168966112.0,2.15,-0.97,-10.39,0.33
2026-03-26,GWX,41.94,41.46,42.24,41.46,66100,2767648.0,1.85,-2.34,-0.99,0.0
2026-03-26,GXAI,1.31,1.31,1.35,1.28,550200,723057.0,5.19,-2.96,-0.04,5.38
2026-03-26,GXC,91.45,91.07,91.89,90.79,25400,2316753.0,1.18,-2.57,-2.4,0.0
2026-03-26,GXDW,22.4,22.07,22.41,22.06,1800,41442.0,1.54,-2.72,-0.62,0.0
2026-03-26,GXIG,24.77,24.77,24.77,24.77,0,297.0,0.0,-0.64,-0.16,0.0
2026-03-26,GXLC,77.65,77.65,77.65,77.65,0,0.0,0.0,-1.74,-1.37,0.0
2026-03-26,GXO,51.16,51.72,52.19,51.16,900500,46553264.0,1.97,-0.84,-0.44,0.79
2026-03-26,GXPC,27.49,26.84,27.49,26.79,1566000,42129848.0,2.51,-3.75,-1.05,0.0
2026-03-26,GXPD,24.33,23.94,24.35,23.93,28100,674718.0,1.72,-1.76,-0.43,0.0
2026-03-26,GXPE,36.02,36.28,36.4,35.99,1300,47930.0,1.13,1.6,0.57,0.0
2026-03-26,GXPS,26.19,25.97,26.23,25.97,20800,545080.0,1.0,-0.41,-0.11,0.0
2026-03-26,GXPT,25.04,24.7,25.19,24.67,2797000,69317128.0,2.05,-2.56,-0.65,0.0
2026-03-26,GXRP,26.66,26.03,26.75,25.89,106200,2813109.0,3.14,-4.86,-1.33,0.0
2026-03-26,GXUS,56.18,55.49,56.18,55.49,100,10778.0,1.22,-2.49,-1.42,0.0
2026-03-26,GYLD,13.79,13.8,13.89,13.68,26700,368660.0,1.53,0.77,0.11,0.0
2026-03-26,GYRE,7.01,7.04,7.28,7.01,91500,651660.0,3.76,-1.95,-0.14,0.09
2026-03-26,GYRO,8.18,8.18,8.18,8.18,0,308.0,0.0,0.0,0.0,0.0
2026-03-26,H,147.4,145.96,149.9,144.88,678700,99285152.0,3.4,-1.09,-1.61,0.72
2026-03-26,HACK,75.32,75.73,77.19,75.32,63300,4825305.0,2.46,-0.34,-0.26,0.0
2026-03-26,HACQU,10.04,10.05,10.05,10.04,19600,197780.0,0.1,0.1,0.01,0.08
2026-03-26,HAE,55.86,55.52,56.75,55.47,941100,52556524.0,2.29,-0.73,-0.41,2.03
2026-03-26,HAFC,25.87,26.33,26.34,25.87,176100,4624454.0,1.8,0.57,0.15,0.59
2026-03-26,HAFN,7.56,7.55,7.74,7.54,1651700,12596559.0,2.61,1.07,0.08,0.33
2026-03-26,HAIL,33.41,32.53,33.41,32.53,400,14479.0,2.61,-3.29,-1.11,0.0
2026-03-26,HAIN,0.65,0.64,0.69,0.63,810000,522178.0,8.75,-1.63,-0.01,0.89
2026-03-26,HAKY,23.75,23.59,23.75,23.59,400,10721.0,0.68,-0.4,-0.1,0.0
2026-03-26,HAL,38.87,38.79,39.87,38.61,21483200,839802816.0,3.26,0.41,0.16,2.57
2026-03-26,HALO,63.05,63.29,64.0,62.68,730200,46332156.0,2.09,0.08,0.05,
2026-03-26,HAO,1.23,1.3,1.3,1.21,5100,6394.0,7.2,4.0,0.05,0.01
2026-03-26,HAP,70.25,70.35,70.96,70.25,31100,2202290.0,1.0,-0.78,-0.55,0.0
2026-03-26,HAPI,39.72,39.37,39.91,39.37,1500,60616.0,1.34,-1.44,-0.57,0.0
2026-03-26,HAPS,31.05,31.05,31.05,31.05,0,372.0,0.0,-0.61,-0.19,0.0
2026-03-26,HARD,33.95,34.07,34.22,33.84,7400,252313.0,1.12,1.37,0.46,0.0
2026-03-26,HAS,91.18,91.16,92.6,90.79,1079500,98761448.0,1.96,-1.12,-1.03,0.77
2026-03-26,HASI,36.5,36.45,37.31,36.37,563000,20643580.0,2.55,-1.0,-0.37,0.44
2026-03-26,HAUS,17.22,17.21,17.22,17.21,600,10605.0,0.03,0.05,0.01,0.0
2026-03-26,HAUZ,22.44,22.27,22.54,22.27,64300,1439243.0,1.19,-2.03,-0.46,0.0
2026-03-26,HAVA,10.01,10.01,10.01,10.01,0,20.0,0.0,0.0,0.0,0.0
2026-03-26,HAVAR,0.13,0.13,0.13,0.13,0,0.0,0.0,0.08,0.0,0.0
2026-03-26,HAVAU,10.12,10.12,10.12,10.12,0,131.0,0.0,0.0,0.0,0.0
2026-03-26,HAWX,40.35,40.08,40.58,40.08,18200,736343.0,1.22,-1.93,-0.79,0.0
2026-03-26,HAYW,13.72,13.49,13.98,13.44,1604300,21799452.0,3.91,-3.16,-0.44,0.74
2026-03-26,HBAN,15.47,15.43,15.57,15.35,19176700,296087520.0,1.45,-0.71,-0.11,0.94
2026-03-26,HBANL,25.1,25.14,25.17,25.1,10800,272942.0,0.28,-0.41,-0.1,0.08
2026-03-26,HBANM,22.03,22.0,22.16,22.0,8500,188667.0,0.72,-1.06,-0.24,0.12
2026-03-26,HBANP,17.26,17.14,17.36,17.13,32200,556261.0,1.33,-0.72,-0.12,0.16
2026-03-26,HBANZ,20.62,20.69,20.84,20.62,49800,1035196.0,1.07,-0.5,-0.1,0.72
2026-03-26,HBB,17.26,17.4,17.89,17.05,22800,398406.0,4.83,0.75,0.13,0.17
2026-03-26,HBCP,59.81,60.73,61.51,59.56,190400,11540373.0,3.22,0.31,0.19,2.43
2026-03-26,HBDC,24.48,24.48,24.49,24.47,3400,84099.0,0.08,-0.12,-0.03,0.0
2026-03-26,HBIO,5.02,5.07,5.13,4.98,36400,183930.0,2.92,-1.17,-0.06,0.81
2026-03-26,HBM,19.53,18.82,19.8,18.76,5086900,97382136.0,5.17,-5.99,-1.2,1.28
2026-03-26,HBNB,7.75,7.77,7.77,7.75,1400,11397.0,0.26,0.78,0.06,0.0
2026-03-26,HBNC,16.14,16.34,16.4,16.07,294300,4798437.0,2.0,0.68,0.11,0.57
2026-03-26,HBR,12.51,12.34,12.6,12.33,51300,612969.0,2.09,-4.2,-0.54,0.0
2026-03-26,HBRD,24.29,24.29,24.29,24.29,0,24.0,0.0,-2.26,-0.56,0.0
2026-03-26,HBT,26.53,26.73,26.77,26.39,30400,811147.0,1.42,-0.04,-0.01,0.1
2026-03-26,HBTA,26.92,26.51,27.15,26.51,6000,161734.0,2.34,-3.03,-0.83,0.0
2026-03-26,HBTC,19.55,19.55,19.55,19.55,0,78.0,0.0,-2.16,-0.43,0.0
2026-03-26,HCA,482.94,480.32,488.5,478.57,625800,301784256.0,2.05,-0.76,-3.7,0.28
2026-03-26,HCAC,9.93,9.93,9.93,9.93,200,2045.0,0.0,0.0,0.0,0.0
2026-03-26,HCACU,10.35,10.35,10.35,10.35,200,2380.0,0.0,1.97,0.2,0.0
2026-03-26,HCAI,0.15,0.14,0.16,0.14,65800,8815.0,11.63,-4.3,-0.01,0.19
2026-03-26,HCAT,1.07,1.1,1.12,1.07,655700,719120.0,5.0,0.0,0.0,0.89
2026-03-26,HCC,96.2,95.62,98.09,95.05,605300,58193208.0,3.14,-1.25,-1.21,1.15
2026-03-26,HCHL,1.4,1.49,1.5,1.4,72100,106668.0,6.99,4.2,0.06,0.24
2026-03-26,HCI,153.14,153.01,155.69,152.1,86900,13310397.0,2.33,-0.55,-0.84,0.67
2026-03-26,HCICU,10.0,10.0,10.0,10.0,5300,53910.0,0.0,0.0,0.0,0.02
2026-03-26,HCKT,12.49,12.74,13.11,12.49,315300,4055630.0,4.94,1.43,0.18,1.25
2026-03-26,HCM,13.85,14.16,14.2,13.85,37700,526886.0,2.47,0.07,0.01,0.02
2026-03-26,HCMA,10.09,10.09,10.09,10.09,1000,10100.0,0.0,0.0,0.0,0.0
2026-03-26,HCMAU,10.25,10.25,10.25,10.25,1000,10250.0,0.0,-0.29,-0.03,
2026-03-26,HCMT,35.2,35.22,35.24,35.2,57100,2012144.0,0.11,0.11,0.04,0.0
2026-03-26,HCOW,23.59,23.33,23.6,23.33,8200,194692.0,1.17,-0.51,-0.12,0.0
2026-03-26,HCRB,35.04,34.9,35.06,34.9,88700,3109526.0,0.47,-0.63,-0.22,0.0
2026-03-26,HCSG,19.47,19.11,19.7,19.0,421600,8090511.0,3.58,-2.95,-0.58,
2026-03-26,HCTI,3.18,2.78,3.28,2.75,4919100,16069185.0,18.15,-4.79,-0.14,425.77
2026-03-26,HCWB,0.38,0.37,0.42,0.36,665500,253032.0,14.87,-4.33,-0.02,18.93
2026-03-26,HCWC,0.28,0.27,0.28,0.26,478100,129174.0,9.79,-3.99,-0.01,2.1
2026-03-26,HCXY,25.1,24.99,25.1,24.95,1500,37527.0,0.6,-0.75,-0.19,0.0
2026-03-26,HD,331.44,328.43,334.12,326.58,3448400,1135389056.0,2.27,-1.23,-4.08,0.35
2026-03-26,HDB,25.6,25.11,25.71,25.09,10598800,268597760.0,2.38,-2.71,-0.7,0.21
2026-03-26,HDEF,31.76,31.54,31.94,31.54,95400,3032491.0,1.25,-1.16,-0.37,0.0
2026-03-26,HDG,51.4,51.27,51.45,51.17,1700,90006.0,0.54,-0.71,-0.37,0.0
2026-03-26,HDGE,18.14,18.05,18.16,17.93,759000,13651116.0,1.25,-0.16,-0.03,0.0
2026-03-26,HDL,14.87,14.87,14.87,14.87,100,2775.0,0.0,0.0,0.0,0.0
2026-03-26,HDLB,17.24,17.14,17.24,17.14,200,4981.0,0.58,0.56,0.1,0.0
2026-03-26,HDMV,36.07,35.88,36.07,35.88,1700,64684.0,0.53,-1.41,-0.51,0.0
2026-03-26,HDSN,6.13,6.22,6.36,6.13,463200,2896377.0,3.7,0.0,0.0,1.09
2026-03-26,HDUS,63.38,62.67,63.55,62.67,7100,451688.0,1.38,-1.5,-0.95,0.0
2026-03-26,HDV,134.16,134.4,135.01,133.93,587200,79034912.0,0.81,0.19,0.25,0.0
2026-03-26,HE,14.87,14.98,15.14,14.73,1616800,24265756.0,2.74,0.27,0.04,0.94
2026-03-26,HEAL,24.39,24.16,24.6,24.02,22000,537159.0,2.38,-1.11,-0.27,0.0
2026-03-26,HECA,29.22,29.19,29.33,29.17,318900,9324863.0,0.57,-0.34,-0.1,0.0
2026-03-26,HECO,40.85,40.85,40.85,40.85,0,2592.0,0.0,-4.59,-1.97,0.0
2026-03-26,HEDG,28.98,28.87,29.09,28.85,17600,509912.0,0.82,-1.6,-0.47,0.0
2026-03-26,HEDJ,51.57,51.37,51.96,51.02,71300,3678208.0,1.81,-1.02,-0.53,0.0
2026-03-26,HEEM,36.42,35.99,36.6,35.98,94700,3432988.0,1.66,-3.07,-1.14,0.0
2026-03-26,HEFA,41.76,41.6,42.07,41.54,565800,23632888.0,1.25,-1.52,-0.64,0.0
2026-03-26,HEFT,26.51,26.55,26.71,26.51,53900,1437850.0,0.75,-0.3,-0.08,0.0
2026-03-26,HEGD,24.7,24.56,24.89,24.56,84600,2088491.0,1.33,-0.99,-0.25,0.0
2026-03-26,HEI,276.14,272.64,278.08,271.52,450300,123404520.0,2.35,-2.31,-6.45,0.82
2026-03-26,HELE,14.8,14.85,15.45,14.67,473300,7058610.0,5.2,-0.93,-0.14,2.05
2026-03-26,HELO,64.29,63.9,64.45,63.87,404100,25910094.0,0.9,-0.91,-0.59,0.0
2026-03-26,HELP,4.78,4.65,5.09,4.64,1504400,7177476.0,9.26,-2.11,-0.1,3.01
2026-03-26,HELS,23.72,23.75,23.86,23.72,20100,478913.0,0.59,0.08,0.02,0.0
2026-03-26,HELX,32.25,32.31,32.52,32.25,400,15091.0,0.83,-0.53,-0.17,0.0
2026-03-26,HEMI,38.16,38.16,38.16,38.16,0,76.0,0.0,-1.74,-0.67,0.0
2026-03-26,HEPS,2.66,2.63,2.66,2.63,129900,344352.0,1.12,-1.87,-0.05,0.04
2026-03-26,HEQ,10.71,10.67,10.86,10.62,29200,313300.0,2.19,-0.47,-0.05,0.0
2026-03-26,HEQQ,55.81,55.81,55.88,55.81,5700,323806.0,0.12,-1.36,-0.77,0.0
2026-03-26,HEQT,31.22,31.12,31.34,31.11,40600,1269738.0,0.75,-1.23,-0.39,0.0
2026-03-26,HERD,45.64,45.22,45.7,45.2,6800,313585.0,1.1,-0.62,-0.28,0.0
2026-03-26,HERE,3.03,3.11,3.19,3.03,147400,458602.0,5.16,0.32,0.01,0.27
2026-03-26,HERO,25.2,25.0,25.49,24.92,12600,318725.0,2.23,-1.56,-0.4,0.06
2026-03-26,HERZ,15.76,15.7,15.93,15.56,6200,98807.0,2.34,-0.82,-0.13,0.0
2026-03-26,HESM,39.78,40.04,40.29,39.6,1286600,51507672.0,1.74,0.73,0.29,0.62
2026-03-26,HEWJ,56.04,55.57,56.49,55.53,133900,7521986.0,1.69,-1.99,-1.13,0.0
2026-03-26,HEZU,43.02,42.76,43.28,42.75,19300,830624.0,1.23,-1.66,-0.72,0.0
2026-03-26,HF,21.04,21.02,21.05,21.02,200,5093.0,0.12,-0.48,-0.1,0.0
2026-03-26,HFBL,16.75,17.44,17.44,16.75,2800,49771.0,4.18,5.63,0.93,0.09
2026-03-26,HFEQ,21.02,20.78,21.02,20.78,3700,79425.0,1.16,-2.36,-0.5,0.0
2026-03-26,HFFG,1.79,1.77,1.84,1.73,161800,287717.0,5.8,-2.21,-0.04,0.31
2026-03-26,HFGM,32.0,31.51,32.06,31.45,50300,1594215.0,1.87,-2.39,-0.77,0.0
2026-03-26,HFGO,24.75,24.22,24.75,24.22,7800,191053.0,2.12,-2.93,-0.73,0.0
2026-03-26,HFMF,23.2,22.95,23.27,22.95,10400,243737.0,1.36,-1.74,-0.41,0.0
2026-03-26,HFND,23.18,22.92,23.21,22.92,10700,246386.0,1.25,-1.51,-0.35,0.0
2026-03-26,HFRO,5.7,5.62,5.8,5.62,143700,815511.0,3.1,-3.27,-0.19,0.0
2026-03-26,HFSI,34.87,34.77,34.9,34.75,296200,10307855.0,0.42,-0.32,-0.11,0.0
2026-03-26,HFSP,16.22,16.22,16.22,16.22,0,172.0,0.0,0.75,0.12,0.0
2026-03-26,HFWA,25.27,25.58,25.63,25.27,249000,6359867.0,1.41,0.0,0.0,0.61
2026-03-26,HFXI,33.09,32.83,33.34,32.81,320800,10558526.0,1.57,-2.12,-0.71,0.0
2026-03-26,HG,28.99,29.22,29.33,28.99,280400,8195386.0,1.17,0.55,0.16,0.28
2026-03-26,HGBL,1.41,1.35,1.41,1.35,24000,33375.0,4.32,-2.88,-0.04,0.07
2026-03-26,HGER,30.17,30.12,30.32,29.99,456800,13779063.0,1.1,0.77,0.23,0.0
2026-03-26,HGLB,8.2,7.69,8.41,7.56,254000,2009508.0,10.4,-5.88,-0.48,0.0
2026-03-26,HGRO,28.06,27.92,28.16,27.89,29800,837238.0,0.98,-0.95,-0.27,0.0
2026-03-26,HGTY,10.53,10.64,10.82,10.5,68200,727662.0,2.97,-0.19,-0.02,0.02
2026-03-26,HGV,40.39,40.36,40.61,40.0,743800,29970678.0,1.5,-0.74,-0.3,0.92
2026-03-26,HHH,63.5,64.2,64.54,63.5,330600,21179556.0,1.64,0.52,0.33,0.55
2026-03-26,HHS,2.4,2.37,2.4,2.34,1900,4658.0,2.33,-3.47,-0.09,0.03
2026-03-26,HIBL,62.79,60.09,64.31,59.83,85100,5303138.0,6.84,-8.26,-5.41,0.0
2026-03-26,HIBS,46.32,48.08,48.21,45.16,126000,5925614.0,6.87,8.48,3.76,0.0
2026-03-26,HIDE,23.75,23.67,23.79,23.67,8300,198881.0,0.51,-0.28,-0.07,0.0
2026-03-26,HIDV,77.94,76.87,77.94,76.87,4500,348999.0,1.37,-1.48,-1.15,0.0
2026-03-26,HIFS,271.23,274.78,279.57,271.23,23100,6387748.0,3.03,-0.21,-0.59,1.06
2026-03-26,HIG,134.14,134.89,135.2,133.77,1172700,158048240.0,1.07,0.59,0.79,0.43
2026-03-26,HIGH,21.27,21.33,21.36,21.16,36600,779993.0,0.93,-0.51,-0.11,0.0
2026-03-26,HIHO,0.78,0.78,0.81,0.77,20100,15968.0,5.06,-4.97,-0.04,0.44
2026-03-26,HII,396.06,384.79,400.98,384.25,470500,182731008.0,4.16,-4.41,-17.77,1.2
2026-03-26,HIMS,20.58,20.86,21.22,20.02,26020000,537870976.0,5.76,0.1,0.02,11.42
2026-03-26,HIMU,47.76,47.64,47.9,47.64,278500,13307197.0,0.54,-0.38,-0.18,0.0
2026-03-26,HIMX,9.0,8.35,9.1,8.31,2510100,21582762.0,8.55,-9.58,-0.88,1.44
2026-03-26,HIMZ,22.88,23.64,24.5,21.83,803300,18485000.0,11.25,-0.42,-0.1,0.0
2026-03-26,HIND,2.25,2.2,2.29,2.2,7300,15732.0,4.03,-3.08,-0.07,0.1
2026-03-26,HIO,3.63,3.58,3.65,3.58,346200,1251651.0,1.93,-1.38,-0.05,0.0
2026-03-26,HIPO,25.58,25.86,26.24,25.57,97300,2513720.0,2.61,0.0,0.0,0.37
2026-03-26,HIPS,11.73,11.65,11.79,11.65,23800,279583.0,1.24,-0.72,-0.08,0.0
2026-03-26,HISF,44.2,44.03,44.2,44.03,1200,54142.0,0.38,-1.06,-0.47,0.0
2026-03-26,HIT,1.54,1.61,1.9,1.44,520200,843946.0,25.41,-11.05,-0.2,0.87
2026-03-26,HITI,2.3,2.31,2.37,2.28,724000,1671841.0,4.11,0.0,0.0,0.82
2026-03-26,HIVE,2.09,1.93,2.1,1.93,10331700,20691006.0,7.94,-9.81,-0.21,4.08
2026-03-26,HIW,21.03,21.05,21.45,21.01,993700,20989314.0,2.11,-0.33,-0.07,0.9
2026-03-26,HIX,3.9,3.79,3.9,3.79,338100,1301206.0,2.82,-2.82,-0.11,0.0
2026-03-26,HIYY,13.93,14.11,14.34,13.69,28700,398643.0,4.52,-1.95,-0.28,0.0
2026-03-26,HKD,1.55,1.52,1.55,1.5,109100,165681.0,3.27,-0.65,-0.01,0.03
2026-03-26,HKIT,0.06,0.06,0.06,0.05,9781200,548332.0,12.79,-14.71,-0.01,6.79
2026-03-26,HKPD,0.66,0.66,0.67,0.66,2900,1916.0,0.76,0.0,0.0,0.04
2026-03-26,HL,17.53,17.19,18.02,17.16,15171600,265354688.0,4.71,-6.37,-1.17,2.26
2026-03-26,HLAL,59.7,58.84,59.82,58.8,53400,3170173.0,1.7,-2.17,-1.3,0.0
2026-03-26,HLF,15.16,14.76,15.3,14.72,1345000,20025850.0,3.79,-3.53,-0.54,1.3
2026-03-26,HLI,140.99,141.14,143.68,140.64,628100,89123896.0,2.15,-0.52,-0.74,0.9
2026-03-26,HLIO,66.24,65.69,66.7,65.08,308400,20333632.0,2.4,-2.29,-1.54,0.93
2026-03-26,HLIT,9.41,9.4,9.56,9.37,707700,6675831.0,2.0,-1.16,-0.11,0.64
2026-03-26,HLLY,2.87,2.88,2.96,2.85,582500,1683121.0,3.75,-1.71,-0.05,0.48
2026-03-26,HLMN,8.34,8.32,8.59,8.31,1066000,8957046.0,3.38,-1.19,-0.1,0.54
2026-03-26,HLN,9.81,9.75,9.89,9.75,7852800,77214760.0,1.39,0.1,0.01,0.18
2026-03-26,HLNE,99.15,97.53,100.96,97.4,685100,67480816.0,3.53,-3.3,-3.33,1.23
2026-03-26,HLP,0.99,0.96,1.0,0.96,11300,11165.0,4.25,-5.24,-0.05,0.02
2026-03-26,HLT,301.81,301.7,304.7,300.35,1287100,388917120.0,1.43,-0.48,-1.46,0.56
2026-03-26,HLX,9.88,10.08,10.19,9.88,1358000,13678492.0,3.07,1.61,0.16,0.92
2026-03-26,HLXC,10.28,10.28,10.28,10.28,0,439.0,0.0,0.0,0.0,0.0
2026-03-26,HLXX,24.07,23.07,24.13,23.07,4300,104637.0,3.97,-13.29,-3.54,0.0
2026-03-26,HMC,24.69,24.58,24.95,24.56,1006100,24815974.0,1.59,-0.77,-0.19,0.08
2026-03-26,HMN,42.4,42.87,42.98,42.4,179000,7665211.0,1.36,0.52,0.22,0.44
2026-03-26,HMOP,38.79,38.72,38.79,38.65,136100,5271202.0,0.36,-0.22,-0.09,0.0
2026-03-26,HMR,0.83,0.81,0.83,0.79,29700,23847.0,4.41,-0.23,-0.0,0.05
2026-03-26,HMY,14.02,13.94,14.53,13.91,4579700,64747576.0,4.23,-4.19,-0.61,0.72
2026-03-26,HMYY,7.89,7.93,7.99,7.89,2700,21711.0,1.25,-0.64,-0.05,0.0
2026-03-26,HNDL,21.82,21.74,21.88,21.67,49500,1077714.0,0.96,-0.69,-0.15,0.0
2026-03-26,HNGE,39.98,40.18,41.42,39.82,584200,23603110.0,3.98,-0.02,-0.01,0.74
2026-03-26,HNI,36.2,35.21,36.62,35.18,834100,29628628.0,3.91,-4.4,-1.62,1.16
2026-03-26,HNNA,9.84,9.59,9.84,9.5,8000,77146.0,3.48,-1.74,-0.17,0.1
2026-03-26,HNNAZ,24.98,24.99,24.99,24.83,1400,36375.0,0.64,0.64,0.16,0.0
2026-03-26,HNRG,18.74,18.38,19.72,18.17,2745700,51354128.0,8.78,4.25,0.75,5.84
2026-03-26,HNST,2.89,2.91,3.01,2.87,1538500,4509119.0,4.77,-0.68,-0.02,1.37
2026-03-26,HNVR,21.4,21.29,21.49,21.29,5100,110379.0,0.93,-1.02,-0.22,0.07
2026-03-26,HODL,19.62,19.36,19.75,19.26,1441400,28042634.0,2.44,-3.44,-0.69,0.0
2026-03-26,HODU,7.5,7.34,7.97,7.23,71000,525686.0,9.45,-6.14,-0.48,0.0
2026-03-26,HOFT,11.52,11.85,12.06,11.4,38700,455233.0,5.61,1.46,0.17,0.36
2026-03-26,HOG,18.32,19.49,19.68,18.32,4937200,95746592.0,7.36,5.52,1.02,4.41
2026-03-26,HOII,10.71,10.53,10.9,10.47,3500,37436.0,3.94,-3.42,-0.37,0.0
2026-03-26,HOLA,51.9,51.63,52.23,51.63,109400,5692611.0,1.14,-1.59,-0.84,0.0
2026-03-26,HOLD,30.15,29.93,30.16,29.93,2600,78628.0,0.74,-1.2,-0.36,0.0
2026-03-26,HOLO,2.0,1.96,2.08,1.92,524300,1054772.0,8.06,-0.51,-0.01,3.6
2026-03-26,HOLOW,0.09,0.1,0.1,0.09,4200,389.0,9.47,9.8,0.01,0.0
2026-03-26,HOLX,75.63,75.69,75.75,75.56,3302600,249881824.0,0.25,0.23,0.17,1.48
2026-03-26,HOMB,26.46,26.73,26.8,26.34,1174900,31318216.0,1.71,0.41,0.11,0.6
2026-03-26,HOMZ,41.97,41.97,41.99,41.97,1200,51878.0,0.06,-0.96,-0.41,0.0
2026-03-26,HON,224.68,225.17,228.65,224.43,4754500,1074198400.0,1.87,-0.27,-0.62,0.75
2026-03-26,HOOD,71.15,70.35,73.24,69.7,21327000,1513408384.0,4.88,-3.02,-2.19,2.37
2026-03-26,HOOG,18.32,17.82,19.37,17.51,400200,6867690.0,9.77,-6.19,-1.18,0.0
2026-03-26,HOOW,23.35,23.08,24.19,22.87,151000,3450641.0,5.5,-3.75,-0.9,0.0
2026-03-26,HOOX,20.5,20.17,21.92,19.83,52600,1036529.0,9.61,-7.26,-1.58,0.0
2026-03-26,HOOY,28.27,28.16,29.16,27.91,34100,965384.0,4.27,-4.35,-1.28,0.0
2026-03-26,HOOZ,39.74,40.43,41.07,37.59,80100,3141670.0,9.11,5.89,2.25,0.0
2026-03-26,HOPE,11.06,11.14,11.18,11.02,580200,6442690.0,1.43,-0.36,-0.04,0.45
2026-03-26,HOTH,0.88,0.84,0.89,0.83,321200,281563.0,7.03,-6.65,-0.06,2.07
2026-03-26,HOUR,1.87,1.83,1.87,1.83,13400,24955.0,2.14,-2.14,-0.04,0.04
2026-03-26,HOV,110.74,111.27,113.4,109.42,93500,10467552.0,3.54,-0.95,-1.07,1.58
2026-03-26,HOVNP,20.55,20.42,20.55,20.4,1500,32244.0,0.73,-0.87,-0.18,0.03
2026-03-26,HOVR,1.43,1.36,1.48,1.35,635300,885500.0,8.9,-6.85,-0.1,1.44
2026-03-26,HOVRW,0.3,0.3,0.31,0.3,5600,1715.0,2.37,-2.89,-0.01,0.0
2026-03-26,HOWL,0.77,0.86,0.86,0.77,324600,271944.0,11.96,10.63,0.08,0.67
2026-03-26,HOYY,7.16,7.11,7.23,7.09,20100,142783.0,1.94,-1.56,-0.11,0.0
2026-03-26,HP,36.36,36.95,37.14,36.22,1171600,43172136.0,2.54,1.62,0.59,1.17
2026-03-26,HPAI,2.31,2.31,2.31,2.31,300,790.0,0.0,0.22,0.01,0.0
2026-03-26,HPE,25.58,25.07,25.98,24.92,24536600,620916160.0,4.09,-2.75,-0.71,1.85
2026-03-26,HPF,15.38,15.36,15.51,15.35,41000,632624.0,1.03,-0.78,-0.12,0.0
2026-03-26,HPI,15.82,15.68,15.88,15.56,17500,276383.0,1.99,-0.88,-0.14,0.0
2026-03-26,HPK,6.68,6.92,7.12,6.62,664300,4594629.0,7.63,5.65,0.37,0.53
2026-03-26,HPP,5.61,6.13,6.25,5.61,1546900,9431000.0,11.37,8.88,0.5,2.85
2026-03-26,HPQ,19.34,19.32,20.14,19.27,22004300,432626048.0,4.45,-0.72,-0.14,2.41
2026-03-26,HPS,14.25,14.2,14.27,14.14,79100,1125711.0,0.91,-0.14,-0.02,0.0
2026-03-26,HQ,11.21,10.89,11.69,10.73,99800,1124232.0,8.68,-1.0,-0.11,0.19
2026-03-26,HQGO,56.18,56.18,56.18,56.18,0,1987.0,0.0,-1.87,-1.07,0.0
2026-03-26,HQH,18.07,18.12,18.46,18.07,136200,2486583.0,2.13,-1.09,-0.2,0.0
2026-03-26,HQI,10.1,10.03,10.41,9.99,24500,249460.0,4.11,-1.76,-0.18,0.17
2026-03-26,HQL,16.65,16.54,16.72,16.47,42500,706063.0,1.5,-0.84,-0.14,0.0
2026-03-26,HQWWW,2.65,2.55,2.98,2.52,62600,172880.0,17.42,-3.41,-0.09,0.0
2026-03-26,HQY,82.4,83.85,84.36,82.4,589300,49314124.0,2.38,1.67,1.38,0.7
2026-03-26,HR,17.14,17.2,17.4,17.14,2315600,39900472.0,1.51,-0.17,-0.03,0.66
2026-03-26,HRB,30.79,31.28,31.71,30.63,1488900,46421808.0,3.5,1.62,0.5,1.17
2026-03-26,HRI,104.95,104.83,108.49,104.31,315700,33431742.0,3.92,-1.77,-1.89,0.95
2026-03-26,HRL,23.0,22.85,23.17,22.73,4753200,108887576.0,1.91,-0.87,-0.2,0.86
2026-03-26,HRMY,27.4,27.44,27.78,27.11,657100,18076966.0,2.45,-0.54,-0.15,1.14
2026-03-26,HROW,35.43,35.38,36.66,35.23,545500,19532468.0,3.93,-2.67,-0.97,1.47
2026-03-26,HRTG,26.31,26.49,26.72,26.29,169900,4497909.0,1.63,0.38,0.1,0.55
2026-03-26,HRTS,33.32,33.17,33.34,33.17,3000,100780.0,0.51,-0.11,-0.04,0.0
2026-03-26,HRTX,0.8,0.83,0.87,0.78,7329100,5987582.0,11.79,3.62,0.03,3.89
2026-03-26,HRZN,4.22,4.3,4.36,4.21,640800,2764577.0,3.49,1.65,0.07,1.34
2026-03-26,HSAI,19.5,19.39,20.49,19.1,3103800,61263388.0,7.0,-2.32,-0.46,1.98
2026-03-26,HSBC,80.59,79.63,81.04,79.53,1755700,140707328.0,1.86,-1.96,-1.59,0.05
2026-03-26,HSBH,91.53,90.76,91.62,90.76,20000,1831633.0,0.93,-1.48,-1.36,0.0
2026-03-26,HSCS,2.44,2.31,2.47,2.31,10500,25265.0,6.48,-6.51,-0.16,0.33
2026-03-26,HSCSW,0.12,0.12,0.12,0.12,0,0.0,0.0,0.0,0.0,0.0
2026-03-26,HSCZ,39.3,39.1,39.53,39.1,21600,850463.0,1.08,-1.36,-0.54,0.0
2026-03-26,HSDT,2.14,2.01,2.23,1.99,172300,350791.0,11.11,-6.94,-0.15,0.33
2026-03-26,HSHP,12.8,12.78,13.08,12.77,197600,2551722.0,2.42,-0.31,-0.04,0.42
2026-03-26,HSIC,73.81,73.71,75.59,73.4,1012700,74928024.0,2.95,-0.73,-0.54,0.88
2026-03-26,HSLV,5.3,5.09,5.38,5.02,412500,2133777.0,6.49,-8.29,-0.46,0.32
2026-03-26,HSMV,35.78,36.0,36.21,35.78,1100,42070.0,1.18,-0.4,-0.15,0.0
2026-03-26,HSPT,6.21,6.52,6.52,6.21,1200,8233.0,4.57,-3.94,-0.27,0.01
2026-03-26,HSPTR,0.25,0.25,0.28,0.25,2800,731.0,9.62,-5.66,-0.01,0.0
2026-03-26,HSPTU,10.4,10.4,10.4,10.4,0,0.0,0.0,0.0,0.0,0.0
2026-03-26,HST,19.48,19.42,19.97,19.35,9343300,183047936.0,3.16,-0.31,-0.06,1.36
2026-03-26,HSTM,21.14,21.25,21.53,20.86,170000,3617657.0,3.16,0.09,0.02,0.58
2026-03-26,HSY,215.28,210.43,217.16,209.95,2009700,426131296.0,3.32,-3.03,-6.57,0.99
2026-03-26,HTAB,18.98,18.95,18.99,18.93,57200,1084596.0,0.29,-0.21,-0.04,0.0
2026-03-26,HTAX,24.08,24.06,24.12,24.06,1000,24644.0,0.24,-0.34,-0.08,0.0
2026-03-26,HTB,41.67,42.44,42.48,41.53,60400,2341295.0,2.26,1.0,0.42,0.36
2026-03-26,HTBK,12.21,12.39,12.41,12.21,900000,11114386.0,1.62,0.16,0.02,1.46
2026-03-26,HTCO,8.06,7.1,8.25,7.1,146000,1092984.0,13.91,-14.15,-1.17,1.98
2026-03-26,HTCR,0.24,0.24,0.25,0.24,80200,19692.0,5.35,-1.12,-0.0,0.32
2026-03-26,HTD,24.64,24.74,24.89,24.44,37800,935667.0,1.82,-0.2,-0.05,0.0
2026-03-26,HTEC,32.86,32.98,33.27,32.86,5700,188166.0,1.23,-0.68,-0.23,0.0
2026-03-26,HTFC,24.53,24.41,24.54,24.4,5900,144994.0,0.57,-0.49,-0.12,0.0
2026-03-26,HTFL,27.41,25.88,27.99,25.67,1352900,35832544.0,8.36,-6.74,-1.87,1.58
2026-03-26,HTGC,14.16,14.06,14.4,14.03,1633000,23184594.0,2.57,-0.85,-0.12,0.89
2026-03-26,HTH,35.12,35.63,35.66,35.12,224500,7983618.0,1.52,0.2,0.07,0.38
2026-03-26,HTHT,48.63,50.36,50.37,48.56,2570600,128105488.0,3.68,2.34,1.15,0.84
2026-03-26,HTLD,10.28,10.35,10.45,10.27,315800,3266367.0,1.73,-0.29,-0.03,0.41
2026-03-26,HTLM,1.86,1.83,1.87,1.82,1600,3078.0,2.7,0.0,0.0,0.0
2026-03-26,HTO,56.92,57.91,58.22,56.73,553600,31953750.0,2.63,2.1,1.19,1.16
2026-03-26,HTOO,2.75,2.69,2.76,2.63,10500,28381.0,4.78,-1.1,-0.03,0.35
2026-03-26,HTRB,33.76,33.62,33.76,33.62,278800,9388855.0,0.43,-0.65,-0.22,0.0
2026-03-26,HTT,2.4,2.3,2.47,2.26,162700,381785.0,8.63,-4.56,-0.11,0.1
2026-03-26,HTUS,38.15,37.57,38.15,37.57,5300,201426.0,1.51,-1.91,-0.73,0.0
2026-03-26,HTZ,4.34,4.77,5.09,4.26,19172500,92091032.0,18.88,9.15,0.4,6.14
2026-03-26,HTZWW,2.07,2.34,2.43,2.07,165600,383010.0,16.59,7.83,0.17,0.0
2026-03-26,HUBB,496.43,481.67,499.61,480.22,493200,239980144.0,3.85,-4.28,-21.53,0.93
2026-03-26,HUBC,0.17,0.13,0.18,0.13,13373800,2060328.0,22.09,-44.98,-0.11,612.43
2026-03-26,HUBCW,0.01,0.01,0.01,0.01,43600,416.0,8.51,0.0,0.0,0.0
2026-03-26,HUBCZ,0.0,0.0,0.01,0.0,43400,271.0,64.86,-44.59,-0.0,0.0
2026-03-26,HUBG,34.89,36.11,36.35,34.81,801600,28780808.0,4.24,-0.66,-0.24,1.31
2026-03-26,HUBS,236.99,245.07,249.0,235.17,898600,220033632.0,5.81,2.94,7.0,1.7
2026-03-26,HUDI,1.13,1.14,1.18,1.13,5400,6229.0,4.29,-1.97,-0.02,0.04
2026-03-26,HUHU,6.4,7.0,7.32,6.4,15500,107947.0,14.05,6.87,0.45,0.06
2026-03-26,HUIZ,1.7,1.7,1.78,1.7,12400,21674.0,4.82,2.41,0.04,0.12
2026-03-26,HUM,173.23,175.14,175.2,172.51,1197900,208849536.0,1.54,0.52,0.9,1.0
2026-03-26,HUMA,0.83,0.78,0.9,0.78,6914100,5773238.0,14.78,-5.42,-0.04,3.17
2026-03-26,HUMAW,0.09,0.09,0.09,0.09,8100,726.0,5.34,-5.34,-0.01,0.0
2026-03-26,HUMN,28.88,28.35,29.0,28.35,23400,668123.0,2.2,-4.06,-1.2,0.0
2026-03-26,HUN,12.12,12.55,13.16,12.09,10077200,127701760.0,8.65,1.46,0.18,5.79
2026-03-26,HURA,1.94,1.95,2.05,1.93,428800,851511.0,5.78,-2.01,-0.04,0.71
2026-03-26,HURC,15.07,15.0,15.4,14.82,5700,86646.0,3.82,-0.46,-0.07,0.09
2026-03-26,HURN,119.4,121.81,123.06,119.4,296200,35990600.0,3.04,1.2,1.45,1.79
2026-03-26,HUSV,38.29,38.2,38.52,38.2,2000,78048.0,0.83,-0.51,-0.2,0.0
2026-03-26,HUT,53.5,50.58,53.85,49.55,4985600,254374048.0,7.73,-9.06,-5.04,4.5
2026-03-26,HUTG,8.81,7.85,8.85,7.63,76000,608615.0,12.74,-18.19,-1.75,0.0
2026-03-26,HUYA,3.18,3.14,3.3,3.14,986700,3182033.0,4.94,-3.09,-0.1,0.44
2026-03-26,HVAC,34.99,33.87,35.18,33.87,4600,160952.0,3.69,-4.68,-1.66,0.0
2026-03-26,HVII,10.33,10.34,10.34,10.33,2700,28341.0,0.1,0.1,0.01,0.01
2026-03-26,HVIIU,10.57,10.57,10.57,10.57,100,1828.0,0.0,-0.19,-0.02,0.0
2026-03-26,HVMC,10.05,10.05,10.05,10.05,5700,57616.0,0.0,0.0,0.0,0.02
2026-03-26,HVMCW,0.25,0.25,0.25,0.25,100,30.0,0.0,-16.77,-0.05,0.0
2026-03-26,HVT,20.92,21.36,21.51,20.92,114800,2445400.0,2.8,0.56,0.12,0.77
2026-03-26,HWAY,32.71,32.69,32.71,32.69,300,10185.0,0.05,-2.12,-0.71,0.0
2026-03-26,HWBK,32.91,32.99,33.0,32.61,3300,109963.0,1.19,1.01,0.33,0.05
2026-03-26,HWC,63.46,63.44,64.03,63.3,648300,41216412.0,1.14,-0.55,-0.35,0.8
2026-03-26,HWCPZ,21.65,21.52,21.97,21.5,19000,412837.0,2.16,-1.15,-0.25,0.0
2026-03-26,HWH,1.3,1.76,1.83,1.3,1388900,2674939.0,40.47,34.34,0.45,18.58
2026-03-26,HWKN,150.87,151.34,152.82,149.47,163100,24696574.0,2.2,-0.64,-0.97,0.78
2026-03-26,HWM,237.5,230.51,238.66,229.78,1604800,372144128.0,3.68,-4.6,-11.11,0.4
2026-03-26,HWSM,27.27,27.27,27.27,27.27,0,0.0,0.0,1.21,0.33,
2026-03-26,HXHX,0.46,0.46,0.47,0.45,6600,2300.0,4.37,-2.4,-0.01,0.05
2026-03-26,HXL,81.61,80.54,81.98,80.13,1069000,86475192.0,2.25,-2.07,-1.7,1.41
2026-03-26,HY,33.36,33.12,34.06,32.72,85700,2847658.0,4.0,-1.31,-0.44,0.48
2026-03-26,HYAC,11.5,11.39,11.56,10.22,15800,181790.0,11.64,-1.03,-0.12,0.05
2026-03-26,HYBB,46.27,46.07,46.39,46.07,22000,1021038.0,0.68,-0.72,-0.33,0.0
2026-03-26,HYBI,49.36,49.33,49.41,49.33,33600,1661266.0,0.16,-0.12,-0.06,0.0
2026-03-26,HYBL,27.74,27.66,27.79,27.66,103000,2855178.0,0.47,-0.52,-0.15,0.0
2026-03-26,HYBX,29.62,29.6,29.63,29.6,700,23541.0,0.1,-0.62,-0.19,0.0
2026-03-26,HYD,50.06,49.89,50.2,49.83,1090300,54461100.0,0.74,-0.4,-0.2,0.0
2026-03-26,HYDB,46.34,46.18,46.42,46.12,182600,8452007.0,0.65,-0.67,-0.31,0.0
2026-03-26,HYDR,37.58,36.4,37.81,36.3,11700,432277.0,4.02,-3.16,-1.19,0.0
2026-03-26,HYDW,46.44,46.23,46.44,46.23,2600,124689.0,0.47,-0.55,-0.25,0.0
2026-03-26,HYEM,19.81,19.74,19.86,19.67,96400,1906134.0,0.98,-0.63,-0.12,0.0
2026-03-26,HYFI,36.86,36.76,36.95,36.69,13400,493927.0,0.7,-0.66,-0.24,0.0
2026-03-26,HYFM,1.25,1.06,1.25,1.06,98700,111350.0,15.08,-15.87,-0.2,2.12
2026-03-26,HYFT,1.19,1.16,1.25,1.15,152000,177720.0,8.68,-4.92,-0.06,0.33
2026-03-26,HYG,79.25,78.92,79.32,78.8,74979300,5927674368.0,0.66,-0.63,-0.5,0.0
2026-03-26,HYGH,85.46,85.29,85.53,85.11,46900,3998308.0,0.5,-0.31,-0.26,0.0
2026-03-26,HYGV,39.86,39.72,39.96,39.67,152400,6069907.0,0.74,-0.75,-0.3,0.0
2026-03-26,HYGW,29.31,29.24,29.38,29.24,18300,536622.0,0.46,-0.65,-0.19,0.0
2026-03-26,HYHG,63.85,63.6,64.01,63.59,8400,536209.0,0.67,-0.29,-0.18,0.0
2026-03-26,HYI,10.7,10.56,10.72,10.56,131800,1402614.0,1.49,-1.86,-0.2,0.0
2026-03-26,HYIN,14.13,14.07,14.29,14.07,20100,286558.0,1.53,-2.29,-0.33,0.0
2026-03-26,HYKE,27.3,27.3,27.3,27.3,0,54.0,0.0,0.99,0.27,0.0
2026-03-26,HYLB,36.19,36.08,36.26,36.03,1378100,49821072.0,0.63,-0.66,-0.24,0.0
2026-03-26,HYLN,1.86,1.78,1.87,1.78,790000,1432059.0,4.77,-5.82,-0.11,0.44
2026-03-26,HYLS,40.45,40.31,40.58,40.28,354500,14319947.0,0.72,-1.07,-0.43,0.0
2026-03-26,HYMB,24.74,24.57,24.74,24.51,6188700,151981216.0,0.93,-0.73,-0.18,0.0
2026-03-26,HYMC,32.44,31.18,34.33,31.08,2153700,69796592.0,9.41,-9.54,-3.29,2.37
2026-03-26,HYNE,14.5,14.61,14.81,14.17,21100,309628.0,4.41,-0.2,-0.03,0.26
2026-03-26,HYP,25.22,24.26,25.26,24.26,6000,149250.0,3.9,-5.49,-1.41,0.0
2026-03-26,HYPD,3.43,3.49,3.69,3.4,232500,815508.0,7.84,-5.68,-0.21,2.68
2026-03-26,HYPR,1.15,1.12,1.17,1.1,375400,420629.0,5.98,-4.27,-0.05,0.38
2026-03-26,HYRM,22.94,22.86,22.94,22.84,5900,135696.0,0.42,-0.69,-0.16,0.0
2026-03-26,HYS,92.9,92.58,93.09,92.54,150200,13937646.0,0.59,-0.61,-0.57,0.0
2026-03-26,HYSA,14.91,14.73,14.91,14.71,14500,216358.0,1.35,-0.85,-0.13,0.0
2026-03-26,HYSD,20.0,19.99,20.0,19.99,100,3700.0,0.05,-0.52,-0.1,0.0
2026-03-26,HYT,8.44,8.35,8.47,8.34,792500,6655747.0,1.48,-1.18,-0.1,0.0
2026-03-26,HYTI,19.2,19.09,19.2,19.09,9300,179718.0,0.59,-0.59,-0.11,0.0
2026-03-26,HYTR,21.32,21.27,21.32,21.25,80900,1724661.0,0.3,-0.42,-0.09,0.0
2026-03-26,HYUP,41.3,41.15,41.3,41.15,500,21125.0,0.37,-0.84,-0.35,0.0
2026-03-26,HYXF,46.18,45.96,46.18,45.96,2900,134363.0,0.49,-0.79,-0.37,0.0
2026-03-26,HYZD,22.22,22.17,22.25,22.13,55600,1234735.0,0.54,-0.9,-0.2,0.0
2026-03-26,HZO,25.56,26.51,26.52,25.25,416200,10856771.0,4.9,2.36,0.61,1.89
2026-03-26,IAC,38.85,39.88,39.99,38.81,1423100,56339464.0,3.02,2.41,0.94,1.85
2026-03-26,IACOU,9.9,9.9,9.9,9.9,94800,938571.0,0.1,0.1,0.01,0.27
2026-03-26,IAE,7.34,7.16,7.42,7.16,63000,458729.0,3.49,-4.02,-0.3,0.04
2026-03-26,IAF,11.98,11.88,12.05,11.85,45300,542560.0,1.7,-1.74,-0.21,0.0
2026-03-26,IAG,17.03,16.91,17.99,16.88,7324500,126855024.0,6.29,-4.68,-0.83,1.24
2026-03-26,IAGG,49.87,49.76,49.94,49.74,910300,45344588.0,0.4,-0.5,-0.25,0.0
2026-03-26,IAI,162.82,162.5,164.45,161.98,54500,8885226.0,1.51,-0.88,-1.45,0.0
2026-03-26,IAK,127.84,128.09,128.64,127.47,36200,4641717.0,0.92,0.36,0.46,0.0
2026-03-26,IALT,27.31,27.07,27.37,27.04,206800,5630900.0,1.21,-0.51,-0.14,0.0
2026-03-26,IAPR,31.2,31.16,31.32,31.12,27700,864866.0,0.64,-0.61,-0.19,0.0
2026-03-26,IART,9.52,9.38,9.91,9.31,758800,7228247.0,6.27,-1.78,-0.17,0.97
2026-03-26,IAT,52.83,53.08,53.37,52.76,347000,18414652.0,1.13,-0.45,-0.24,0.0
2026-03-26,IAU,83.69,82.09,84.29,82.03,15659300,1299764736.0,2.66,-3.73,-3.18,0.0
2026-03-26,IAUG,28.44,28.29,28.44,28.28,3200,92573.0,0.56,-1.03,-0.3,0.0
2026-03-26,IAUI,53.97,53.12,54.4,53.02,163200,8597582.0,2.5,-3.75,-2.07,0.0
2026-03-26,IAUM,44.33,43.49,44.63,43.44,5972700,262734976.0,2.64,-3.68,-1.66,0.0
2026-03-26,IAUX,1.36,1.33,1.39,1.31,7638500,10161938.0,5.86,-4.32,-0.06,0.91
2026-03-26,IBAC,10.8,10.68,10.8,10.68,12900,139555.0,1.11,-1.11,-0.12,0.23
2026-03-26,IBACR,0.1,0.09,0.12,0.09,76500,7762.0,42.38,6.75,0.01,0.0
2026-03-26,IBAT,34.03,33.23,34.13,33.23,13300,451509.0,2.66,-2.5,-0.85,0.0
2026-03-26,IBB,164.2,165.26,166.98,164.02,1780900,295425152.0,1.79,-0.3,-0.49,0.0
2026-03-26,IBBQ,28.18,28.42,28.58,28.18,37900,1082077.0,1.41,-0.14,-0.04,0.0
2026-03-26,IBCA,25.48,25.38,25.53,25.37,102300,2603679.0,0.63,-0.81,-0.21,0.0
2026-03-26,IBCP,32.5,32.68,32.74,32.38,195000,6359997.0,1.1,-0.06,-0.02,0.95
2026-03-26,IBD,23.87,23.75,23.87,23.7,84300,2005063.0,0.71,-0.29,-0.07,0.0
2026-03-26,IBDR,24.22,24.22,24.23,24.21,476400,11540808.0,0.08,0.0,0.0,0.0
2026-03-26,IBDS,24.17,24.16,24.19,24.16,411700,9955070.0,0.12,-0.12,-0.03,0.0
2026-03-26,IBDT,25.24,25.19,25.25,25.19,482600,12170170.0,0.24,-0.26,-0.07,0.0
2026-03-26,IBDU,23.16,23.11,23.18,23.1,1253100,28978972.0,0.35,-0.3,-0.07,0.0
2026-03-26,IBDV,21.79,21.72,21.82,21.71,1093000,23774352.0,0.5,-0.5,-0.11,0.0
2026-03-26,IBDW,20.83,20.75,20.85,20.74,717100,14896248.0,0.53,-0.6,-0.12,0.0
2026-03-26,IBDX,25.11,25.03,25.16,25.01,311900,7818084.0,0.58,-0.71,-0.18,0.0
2026-03-26,IBDY,25.72,25.62,25.76,25.62,432600,11118208.0,0.54,-0.72,-0.18,0.0
2026-03-26,IBDZ,25.94,25.83,25.98,25.82,141300,3659150.0,0.61,-0.77,-0.2,0.0
2026-03-26,IBEX,26.84,26.71,27.35,26.56,131000,3505323.0,2.99,-0.3,-0.08,0.98
2026-03-26,IBFR,48.39,48.29,48.39,48.29,400,21669.0,0.21,-0.54,-0.26,0.0
2026-03-26,IBG,1.16,1.11,1.16,1.04,406300,449245.0,10.17,-5.93,-0.07,22.38
2026-03-26,IBGA,24.42,24.29,24.42,24.28,7000,170795.0,0.57,-0.85,-0.21,0.0
2026-03-26,IBGB,24.38,24.23,24.38,24.23,100,3152.0,0.61,-0.88,-0.21,0.0
2026-03-26,IBGK,23.31,23.31,23.31,23.31,0,140.0,0.0,-0.71,-0.17,0.0
2026-03-26,IBGL,24.08,23.98,24.08,23.94,400,9885.0,0.6,-0.7,-0.17,
2026-03-26,IBHF,22.94,22.95,22.97,22.92,212500,4876087.0,0.22,0.0,0.0,0.0
2026-03-26,IBHG,22.06,22.02,22.09,22.0,76700,1690747.0,0.43,-0.36,-0.08,0.0
2026-03-26,IBHH,23.38,23.33,23.43,23.3,74800,1749502.0,0.55,-0.51,-0.12,0.0
2026-03-26,IBHI,23.19,23.07,23.21,23.04,40000,926149.0,0.73,-0.6,-0.14,0.0
2026-03-26,IBHJ,26.13,25.98,26.15,25.95,27800,725818.0,0.76,-0.82,-0.22,0.0
2026-03-26,IBHK,25.4,25.25,25.44,25.23,24500,621359.0,0.83,-0.77,-0.2,0.0
2026-03-26,IBHL,25.15,24.98,25.15,24.98,7600,191320.0,0.66,-0.89,-0.22,0.0
2026-03-26,IBIC,25.9,25.9,25.91,25.9,10400,270502.0,0.06,0.08,0.02,0.0
2026-03-26,IBID,26.06,26.04,26.1,26.01,10100,265490.0,0.35,0.13,0.04,0.0
2026-03-26,IBIE,26.15,26.12,26.16,26.12,24800,649944.0,0.13,-0.0,-0.0,0.0
2026-03-26,IBIF,26.18,26.11,26.18,26.11,10200,267878.0,0.25,-0.14,-0.04,0.0
2026-03-26,IBIG,26.16,26.07,26.16,26.07,20300,531950.0,0.35,-0.31,-0.08,0.0
2026-03-26,IBIH,26.1,26.0,26.1,26.0,4500,119455.0,0.38,-0.42,-0.11,0.0
2026-03-26,IBII,25.82,25.71,25.82,25.7,1900,49903.0,0.46,-0.41,-0.11,0.0
2026-03-26,IBIJ,25.91,25.79,25.91,25.79,2300,60751.0,0.46,-0.54,-0.14,0.0
2026-03-26,IBIK,25.67,25.56,25.68,25.56,10800,278515.0,0.49,-0.51,-0.13,0.0
2026-03-26,IBIL,25.42,25.28,25.42,25.28,2900,73716.0,0.57,-0.51,-0.13,0.0
2026-03-26,IBIO,1.65,1.74,1.8,1.43,6281000,10380597.0,16.97,-20.18,-0.44,18.18
2026-03-26,IBIT,39.31,38.82,39.58,38.59,43649000,1705697536.0,2.46,-3.36,-1.35,0.0
2026-03-26,IBKR,68.08,66.2,68.8,65.69,3518500,234178784.0,4.53,-3.61,-2.48,0.79
2026-03-26,IBLC,39.26,37.82,39.5,37.72,16500,635028.0,4.43,-5.83,-2.34,0.0
2026-03-26,IBM,240.56,241.67,246.67,239.8,3606800,875478144.0,2.85,0.12,0.28,0.38
2026-03-26,IBMO,25.67,25.63,25.68,25.59,120300,3084252.0,0.35,-0.16,-0.04,0.0
2026-03-26,IBMP,25.41,25.37,25.41,25.37,134000,3403332.0,0.16,-0.12,-0.03,0.0
2026-03-26,IBMQ,25.49,25.46,25.49,25.46,71300,1817047.0,0.12,-0.06,-0.02,0.0
2026-03-26,IBMR,25.32,25.31,25.33,25.3,62000,1571284.0,0.11,0.0,0.0,0.0
2026-03-26,IBMS,25.82,25.77,25.82,25.76,93900,2421931.0,0.23,-0.12,-0.03,0.0
2026-03-26,IBMT,25.62,25.52,25.64,25.51,147700,3778339.0,0.49,-0.45,-0.11,0.0
2026-03-26,IBN,26.0,25.93,26.26,25.9,3435300,89417880.0,1.37,-1.41,-0.37,0.1
2026-03-26,IBND,31.01,30.86,31.21,30.82,57600,1786094.0,1.25,-1.12,-0.35,0.0
2026-03-26,IBO,0.56,0.56,0.6,0.54,133700,75698.0,11.15,-3.11,-0.02,0.12
2026-03-26,IBOC,67.33,67.85,67.97,67.19,266000,18024956.0,1.16,0.21,0.14,0.43
2026-03-26,IBOT,54.09,53.07,54.2,53.07,14500,782695.0,2.06,-3.08,-1.69,0.0
2026-03-26,IBP,268.04,264.98,272.85,263.45,158600,42146456.0,3.46,-2.44,-6.62,0.59
2026-03-26,IBRN,31.8,31.8,31.8,31.8,0,1819.0,0.0,-0.86,-0.28,0.0
2026-03-26,IBRX,7.9,7.38,8.43,7.22,27582900,212990560.0,14.98,-8.55,-0.69,2.68
2026-03-26,IBTA,29.05,29.41,29.89,29.05,227400,6695758.0,2.88,0.82,0.24,0.93
2026-03-26,IBTG,22.9,22.9,22.9,22.89,719700,16477277.0,0.04,0.0,0.0,0.0
2026-03-26,IBTH,22.39,22.38,22.4,22.38,393000,8799235.0,0.11,-0.09,-0.02,0.0
2026-03-26,IBTI,22.21,22.17,22.22,22.17,450600,10003554.0,0.22,-0.25,-0.06,0.0
2026-03-26,IBTJ,21.76,21.7,21.77,21.7,194100,4220588.0,0.31,-0.37,-0.08,0.0
2026-03-26,IBTK,19.64,19.58,19.66,19.58,400400,7856503.0,0.4,-0.51,-0.1,0.0
2026-03-26,IBTL,20.3,20.24,20.32,20.23,170300,3453422.0,0.47,-0.54,-0.11,0.0
2026-03-26,IBTM,22.81,22.73,22.83,22.72,607200,13822381.0,0.48,-0.66,-0.15,
2026-03-26,IBTO,24.26,24.16,24.28,24.15,223400,5411391.0,0.53,-0.74,-0.18,
2026-03-26,IBTP,25.53,25.41,25.53,25.4,62200,1586829.0,0.51,-0.74,-0.19,0.0
2026-03-26,IBTQ,25.17,25.07,25.2,25.06,291800,7339938.0,0.55,-0.75,-0.19,0.0
2026-03-26,IBUF,29.41,29.33,29.42,29.28,60400,1774168.0,0.48,-0.34,-0.1,0.0
2026-03-26,IBUY,61.86,61.69,62.92,61.69,10100,629415.0,1.96,-1.36,-0.85,0.0
2026-03-26,IBX,23.68,23.68,23.68,23.68,400,9956.0,0.0,0.42,0.1,0.0
2026-03-26,ICAP,26.5,26.34,26.61,26.26,30600,808676.0,1.32,-0.85,-0.23,0.0
2026-03-26,ICCC,6.34,6.53,6.54,6.3,7600,48738.0,3.73,1.4,0.09,0.08
2026-03-26,ICCM,0.43,0.39,0.46,0.38,4171800,1748427.0,13.59,-33.66,-0.2,5.7
2026-03-26,ICE,156.17,155.96,157.38,155.53,3031400,473349632.0,1.18,-0.55,-0.87,0.53
2026-03-26,ICF,60.64,61.04,61.43,60.64,122200,7472077.0,1.3,0.1,0.06,0.0
2026-03-26,ICFI,66.08,65.78,66.91,65.0,499700,32956922.0,2.89,-0.57,-0.38,2.73
2026-03-26,ICG,1.22,1.36,1.36,1.22,30700,39544.0,11.72,13.77,0.16,0.05
2026-03-26,ICHR,49.24,45.45,49.24,45.29,719900,33547564.0,7.71,-11.16,-5.71,2.08
2026-03-26,ICL,5.18,5.18,5.36,5.17,2411900,12701908.0,3.59,0.58,0.03,0.19
2026-03-26,ICLN,18.44,18.03,18.57,18.0,5430300,98898872.0,3.0,-4.15,-0.78,0.0
2026-03-26,ICLO,25.49,25.47,25.49,25.47,87100,2220734.0,0.08,-0.08,-0.02,0.0
2026-03-26,ICLR,101.63,103.08,103.22,100.25,846700,86539936.0,2.97,3.09,3.09,1.11
2026-03-26,ICMB,1.88,1.88,1.93,1.87,15800,30079.0,3.19,0.0,0.0,0.11
2026-03-26,ICOI,12.0,11.8,12.13,11.7,88900,1039001.0,3.51,-3.67,-0.45,0.0
2026-03-26,ICON,0.89,0.89,0.9,0.87,27600,24520.0,3.99,1.4,0.01,0.86
2026-03-26,ICOP,45.1,44.31,45.53,44.27,109800,4917521.0,2.71,-4.83,-2.25,
2026-03-26,ICOW,41.87,41.53,42.07,41.52,165700,6922312.0,1.31,-1.28,-0.54,0.0
2026-03-26,ICPI,50.63,50.62,50.63,50.61,500,28094.0,0.04,0.1,0.05,0.0
2026-03-26,ICPY,11.33,11.21,11.34,11.21,90600,1024218.0,1.13,-1.4,-0.16,0.0
2026-03-26,ICRC,27.9,27.21,28.33,27.21,1200,35581.0,3.95,-3.89,-1.1,0.0
2026-03-26,ICSH,50.57,50.57,50.58,50.57,1515000,76624448.0,0.02,-0.02,-0.01,0.0
2026-03-26,ICU,2.38,2.79,3.14,2.38,578000,1648872.0,33.33,22.37,0.51,14.48
2026-03-26,ICUCW,0.02,0.03,0.03,0.02,233100,6399.0,28.07,22.81,0.01,0.0
2026-03-26,ICUI,129.72,127.65,132.51,127.61,212500,27470956.0,3.73,-2.84,-3.73,0.86
2026-03-26,ICVT,103.57,102.0,103.76,101.93,442100,45410392.0,1.75,-2.22,-2.32,0.0
2026-03-26,IDA,138.3,139.58,140.66,138.22,453000,63261476.0,1.76,0.74,1.02,0.83
2026-03-26,IDAI,2.44,2.29,2.48,2.28,26200,61791.0,8.16,-6.53,-0.16,0.5
2026-03-26,IDCC,306.88,299.04,312.83,298.26,234600,70607752.0,4.68,-3.86,-12.01,0.91
2026-03-26,IDE,12.65,12.4,12.65,12.4,32800,409992.0,1.97,-2.29,-0.29,0.0
2026-03-26,IDEC,32.19,31.98,32.28,31.98,4000,131729.0,0.92,-1.3,-0.42,0.0
2026-03-26,IDEF,33.77,33.12,33.85,33.03,590000,19673072.0,2.4,-3.1,-1.06,0.0
2026-03-26,IDEQ,31.48,31.0,31.56,31.0,415700,13020993.0,1.75,-2.97,-0.95,0.0
2026-03-26,IDEV,82.26,81.58,82.92,81.51,1451400,119094256.0,1.69,-1.98,-1.65,0.0
2026-03-26,IDGT,98.22,96.87,99.05,96.86,7600,742078.0,2.21,-2.32,-2.3,0.0
2026-03-26,IDHQ,35.33,34.82,35.54,34.82,282100,9876947.0,2.0,-3.12,-1.12,0.0
2026-03-26,IDLV,34.02,33.98,34.28,33.86,19700,672691.0,1.23,-0.86,-0.3,0.0
2026-03-26,IDMO,54.16,53.53,54.67,53.51,419400,22628992.0,2.11,-2.58,-1.42,0.0
2026-03-26,IDN,5.41,5.31,5.6,5.3,151800,828272.0,5.39,-3.98,-0.22,0.75
2026-03-26,IDNA,28.51,28.51,28.97,28.51,9900,285194.0,1.59,-1.28,-0.37,0.0
2026-03-26,IDOG,40.76,40.62,40.99,40.53,24000,980081.0,1.13,-1.06,-0.44,0.0
2026-03-26,IDR,26.9,26.35,27.06,26.09,233100,6166056.0,3.55,-3.44,-0.94,1.47
2026-03-26,IDRV,37.68,37.17,38.04,37.17,57500,2158825.0,2.27,-3.08,-1.18,0.0
2026-03-26,IDT,47.04,48.01,48.41,47.04,149700,7185863.0,2.88,1.03,0.49,0.6
2026-03-26,IDU,114.24,114.81,115.04,114.1,73100,8393182.0,0.83,0.28,0.32,0.0
2026-03-26,IDUB,24.82,24.48,24.86,24.44,24200,596553.0,1.69,-1.92,-0.48,0.0
2026-03-26,IDV,41.34,41.15,41.52,41.01,968400,40017304.0,1.22,-1.41,-0.59,0.0
2026-03-26,IDVO,40.16,39.66,40.29,39.55,293100,11692983.0,1.83,-1.83,-0.74,0.0
2026-03-26,IDVY,22.86,22.84,22.86,22.84,500,11452.0,0.08,-2.4,-0.56,0.0
2026-03-26,IDVZ,33.24,33.02,33.27,33.0,30100,1002928.0,0.81,-1.34,-0.45,0.0
2026-03-26,IDX,13.66,13.6,13.75,13.59,100400,1374461.0,1.15,-2.51,-0.35,0.0
2026-03-26,IDXX,575.26,573.29,586.21,570.98,432400,249428192.0,2.65,-0.42,-2.43,0.54
2026-03-26,IDYA,30.97,32.09,32.55,30.97,793700,25349874.0,5.03,2.23,0.7,0.9
2026-03-26,IDYN,28.7,28.25,28.7,28.25,5700,164740.0,1.59,-2.53,-0.73,0.0
2026-03-26,IE,10.75,10.8,10.96,10.62,3647300,39402212.0,3.05,-3.23,-0.36,2.32
2026-03-26,IEAG,10.0,10.01,10.01,9.99,356700,3567302.0,0.2,-0.4,-0.04,0.82
2026-03-26,IEAGR,0.18,0.19,0.19,0.18,50300,9535.0,2.76,2.7,0.0,0.0
2026-03-26,IEAGU,10.2,10.16,10.2,10.16,2300,23832.0,0.39,-0.1,-0.01,0.01
2026-03-26,IEDI,53.86,53.77,54.37,53.73,14700,795811.0,1.18,-0.82,-0.44,0.0
2026-03-26,IEF,95.01,94.59,95.12,94.59,12897300,1222208512.0,0.56,-0.81,-0.77,0.0
2026-03-26,IEFA,89.01,88.33,89.75,88.29,11627100,1034451008.0,1.63,-2.01,-1.81,0.0
2026-03-26,IEI,118.09,117.74,118.18,117.71,2778000,327703808.0,0.4,-0.54,-0.64,0.0
2026-03-26,IEMG,69.15,68.16,69.58,68.15,13286200,914247552.0,2.03,-3.33,-2.35,0.0
2026-03-26,IEO,125.26,127.42,128.46,125.25,186200,23694808.0,2.58,2.29,2.85,0.0
2026-03-26,IEP,7.56,7.66,7.71,7.56,669500,5131474.0,1.97,0.79,0.06,0.11
2026-03-26,IESC,490.0,468.92,503.81,456.36,145000,68479040.0,9.47,-6.45,-32.35,0.73
2026-03-26,IETC,89.28,87.96,89.94,87.96,46100,4094929.0,2.19,-2.83,-2.56,0.0
2026-03-26,IETH,20.52,20.65,20.65,20.51,3300,69103.0,0.64,-3.0,-0.64,0.0
2026-03-26,IEUR,68.92,68.36,69.44,68.35,1055900,72732904.0,1.56,-1.94,-1.35,0.0
2026-03-26,IEUS,65.79,65.27,66.18,65.25,22300,1468429.0,1.4,-1.42,-0.94,0.0
2026-03-26,IEV,66.52,66.09,67.08,66.02,113700,7557367.0,1.57,-2.02,-1.36,0.0
2026-03-26,IEX,190.69,189.73,193.69,188.91,780600,148556560.0,2.49,-0.99,-1.9,1.05
2026-03-26,IEZ,29.24,29.55,29.76,29.21,486100,14375569.0,1.87,0.41,0.12,0.0
2026-03-26,IFBD,1.0,1.0,1.0,0.97,2000,2023.0,3.43,3.65,0.04,0.02
2026-03-26,IFEB,29.61,29.4,29.64,29.4,23700,699803.0,0.81,-1.22,-0.36,0.0
2026-03-26,IFED,41.35,41.27,41.35,41.27,100,6038.0,0.19,-0.83,-0.35,0.0
2026-03-26,IFF,70.22,71.15,71.82,70.22,1340900,95168392.0,2.26,0.62,0.44,0.52
2026-03-26,IFGL,22.17,22.09,22.33,22.05,41700,929167.0,1.23,-1.63,-0.36,0.0
2026-03-26,IFLN,17.91,17.87,17.95,17.83,262000,4680693.0,0.64,-0.5,-0.09,0.0
2026-03-26,IFLO,30.38,30.27,30.38,30.27,300,10629.0,0.34,-1.5,-0.46,0.0
2026-03-26,IFLR,49.88,49.8,50.03,49.75,4300,215636.0,0.54,-1.4,-0.71,0.0
2026-03-26,IFN,11.17,11.08,11.34,11.08,265300,2971798.0,2.3,-2.03,-0.23,0.0
2026-03-26,IFRA,57.03,56.61,57.18,56.51,233900,13283784.0,1.17,-1.07,-0.61,0.0
2026-03-26,IFRX,0.98,0.93,1.01,0.91,388000,369249.0,10.41,-1.1,-0.01,0.54
2026-03-26,IFS,48.03,48.11,48.83,47.94,101900,4918488.0,1.85,-0.33,-0.16,0.09
2026-03-26,IFV,24.84,24.77,25.12,24.7,46100,1143890.0,1.66,-2.12,-0.54,0.0
2026-03-26,IG,20.51,20.47,20.55,20.45,30200,619159.0,0.48,-0.73,-0.15,0.0
2026-03-26,IGA,9.58,9.43,9.6,9.38,30300,287502.0,2.31,-1.67,-0.16,0.0
2026-03-26,IGBH,24.03,24.0,24.1,24.0,18000,434231.0,0.42,-0.39,-0.09,0.0
2026-03-26,IGC,0.27,0.26,0.27,0.26,235800,61572.0,2.67,-0.61,-0.0,0.24
2026-03-26,IGCB,45.72,45.6,45.72,45.6,100,4982.0,0.25,-0.55,-0.25,0.0
2026-03-26,IGD,5.83,5.75,5.86,5.75,228900,1326144.0,1.88,-1.71,-0.1,0.0
2026-03-26,IGE,61.75,62.13,62.63,61.75,131600,8202918.0,1.42,0.1,0.06,0.0
2026-03-26,IGEB,44.85,44.69,44.92,44.69,148700,6661598.0,0.53,-0.68,-0.31,0.0
2026-03-26,IGF,66.52,66.38,66.78,66.29,1047400,69590744.0,0.73,-0.72,-0.48,0.0
2026-03-26,IGGY,25.49,25.49,25.49,25.49,0,542.0,0.0,-1.84,-0.48,0.0
2026-03-26,IGHG,77.62,77.56,77.68,77.28,3600,280032.0,0.52,-0.12,-0.1,0.0
2026-03-26,IGI,15.95,15.92,16.03,15.92,17600,281957.0,0.69,-0.69,-0.11,0.0
2026-03-26,IGIB,52.95,52.74,53.04,52.72,4871200,257276032.0,0.6,-0.75,-0.4,0.0
2026-03-26,IGIC,23.52,23.83,23.91,23.45,74800,1777051.0,1.95,1.1,0.26,0.17
2026-03-26,IGLB,49.25,49.07,49.45,49.01,2474800,121756192.0,0.88,-0.97,-0.48,0.0
2026-03-26,IGLD,24.28,23.8,24.35,23.74,216400,5203888.0,2.47,-4.03,-1.0,0.0
2026-03-26,IGM,120.11,117.77,120.64,117.69,866200,103072320.0,2.42,-3.21,-3.91,0.0
2026-03-26,IGME,25.13,24.93,25.49,24.93,1400,36347.0,2.18,-2.11,-0.54,0.0
2026-03-26,IGOV,40.92,40.69,41.18,40.66,138500,5657161.0,1.26,-1.29,-0.53,0.0
2026-03-26,IGPT,59.55,57.97,59.68,57.92,32300,1893876.0,2.9,-4.37,-2.65,0.0
2026-03-26,IGR,4.29,4.23,4.3,4.22,730700,3111458.0,1.74,-1.86,-0.08,0.0
2026-03-26,IGRO,82.26,81.78,82.86,81.72,45100,3714773.0,1.37,-1.47,-1.22,0.0
2026-03-26,IGSB,52.37,52.26,52.42,52.25,6323500,330796160.0,0.32,-0.36,-0.19,0.0
2026-03-26,IGTR,27.99,27.74,27.99,27.74,300,11028.0,0.89,-2.17,-0.61,0.0
2026-03-26,IGV,79.54,79.75,81.24,79.32,20723200,1663982208.0,2.39,-0.81,-0.65,0.0
2026-03-26,IH,1.79,1.79,1.85,1.7,9300,16396.0,8.62,2.61,0.05,0.02
2026-03-26,IHAK,43.97,44.25,45.08,43.97,147700,6582168.0,2.5,-0.52,-0.23,0.0
2026-03-26,IHD,6.53,6.45,6.57,6.45,187300,1220642.0,1.83,-1.83,-0.12,0.0
2026-03-26,IHDG,47.56,47.23,47.86,47.23,177000,8397689.0,1.32,-1.52,-0.73,0.0
2026-03-26,IHE,85.31,85.27,85.97,85.27,21300,1828489.0,0.81,-0.87,-0.75,0.0
2026-03-26,IHF,42.13,42.09,42.75,42.04,128900,5464206.0,1.68,-0.54,-0.23,0.0
2026-03-26,IHG,132.78,132.47,134.12,132.27,103100,13726355.0,1.38,-1.24,-1.67,0.07
2026-03-26,IHI,54.15,54.29,55.13,54.13,1753200,95838736.0,1.84,-0.17,-0.09,0.0
2026-03-26,IHRT,2.71,2.84,2.86,2.71,453600,1280146.0,5.36,1.43,0.04,0.29
2026-03-26,IHS,8.2,8.21,8.24,8.17,2274700,18680162.0,0.85,-0.36,-0.03,0.68
2026-03-26,IHT,1.02,1.02,1.03,1.02,1700,1768.0,0.98,-0.49,-0.0,0.02
2026-03-26,IHY,21.44,21.33,21.47,21.24,9400,201477.0,1.07,-0.97,-0.21,0.0
2026-03-26,IIF,20.79,20.5,20.96,20.28,21600,446431.0,3.24,-1.77,-0.37,0.0
2026-03-26,IIGD,24.51,24.43,24.51,24.43,900,22060.0,0.31,-0.39,-0.1,0.0
2026-03-26,III,3.91,3.87,4.01,3.85,183900,717434.0,4.08,-1.28,-0.05,0.39
2026-03-26,IIIN,33.96,33.47,34.12,33.25,100700,3387877.0,2.57,-1.15,-0.39,0.52
2026-03-26,IIIV,22.76,22.91,23.41,22.67,225000,5191900.0,3.22,0.22,0.05,0.74
2026-03-26,IIM,12.21,12.07,12.22,12.01,356200,4303539.0,1.75,-1.63,-0.2,0.0
2026-03-26,IINN,0.56,0.51,0.56,0.5,368200,189943.0,11.2,-4.37,-0.02,0.85
2026-03-26,IINNW,0.11,0.11,0.11,0.11,0,0.0,0.0,0.0,0.0,0.0
2026-03-26,IIPR,52.15,52.09,53.0,52.02,244600,12811960.0,1.87,-0.5,-0.26,0.87
2026-03-26,IJAN,36.01,35.65,36.05,35.65,13500,485554.0,1.11,-1.37,-0.5,0.0
2026-03-26,IJH,67.54,67.21,68.28,67.17,19265200,1304662400.0,1.63,-1.48,-1.01,0.0
2026-03-26,IJJ,131.46,131.69,133.24,131.46,178400,23577190.0,1.34,-0.62,-0.82,0.0
2026-03-26,IJK,101.33,100.27,102.26,100.22,1096900,111204888.0,1.99,-2.26,-2.32,0.0
2026-03-26,IJR,123.87,123.67,125.54,123.52,6166400,767458688.0,1.61,-1.13,-1.41,0.0
2026-03-26,IJS,117.97,118.49,119.86,117.97,971900,115763080.0,1.59,-0.48,-0.57,0.0
2026-03-26,IJT,144.59,143.27,145.88,143.16,60900,8797064.0,1.86,-1.81,-2.64,0.0
2026-03-26,IJUL,33.47,33.21,33.53,33.21,11300,376927.0,0.95,-1.32,-0.44,0.0
2026-03-26,IJUN,29.0,28.98,29.07,28.98,3600,105428.0,0.29,-1.2,-0.35,0.0
2026-03-26,IKT,1.61,1.63,1.68,1.61,551600,905802.0,4.6,0.0,0.0,0.42
2026-03-26,ILAG,2.1,2.15,2.21,2.1,3900,8669.0,4.49,-12.24,-0.3,0.19
2026-03-26,ILCB,90.18,89.18,90.42,89.17,8300,746218.0,1.38,-1.74,-1.58,0.0
2026-03-26,ILCG,96.43,94.55,96.63,94.51,65900,6292623.0,2.18,-2.92,-2.84,0.0
2026-03-26,ILCV,92.68,92.51,93.37,92.44,29800,2775198.0,1.0,-0.67,-0.62,0.0
2026-03-26,ILDR,30.05,29.66,30.28,29.58,22400,671191.0,2.29,-2.4,-0.73,0.0
2026-03-26,ILF,34.36,34.1,34.75,34.06,1972300,67686232.0,1.97,-2.04,-0.71,0.0
2026-03-26,ILIT,16.75,16.4,16.81,16.37,16900,281649.0,2.59,-2.27,-0.38,0.0
2026-03-26,ILLUU,9.94,9.92,9.94,9.92,700,7249.0,0.25,0.0,0.0,0.0
2026-03-26,ILMN,125.27,124.4,127.3,124.25,963800,120581064.0,2.42,-1.43,-1.8,0.63
2026-03-26,ILOW,41.9,41.52,42.07,41.52,120700,5025195.0,1.3,-1.94,-0.82,0.0
2026-03-26,ILPT,5.86,5.89,5.95,5.84,146600,862819.0,1.78,-0.17,-0.01,0.22
2026-03-26,ILS,19.73,19.76,19.78,19.73,90300,1785049.0,0.25,-0.13,-0.02,0.0
2026-03-26,ILTB,48.79,48.61,48.88,48.53,43600,2122482.0,0.71,-0.82,-0.4,0.0
2026-03-26,IMA,5.4,5.4,5.44,5.39,3800,20705.0,0.81,-2.88,-0.16,0.03
2026-03-26,IMAR,28.82,28.58,28.82,28.55,94900,2716290.0,0.95,-1.35,-0.39,0.0
2026-03-26,IMAX,37.79,37.75,38.16,37.32,958800,36180680.0,2.2,-1.15,-0.44,1.78
2026-03-26,IMAY,29.69,29.7,29.7,29.69,3100,94532.0,0.04,-0.75,-0.22,0.0
2026-03-26,IMCB,83.43,83.04,84.23,82.97,25600,2134413.0,1.5,-1.26,-1.06,0.0
2026-03-26,IMCC,0.58,0.5,0.58,0.47,161400,80573.0,18.96,-15.29,-0.09,2.74
2026-03-26,IMCG,79.49,78.31,80.09,78.26,100100,7910148.0,2.28,-2.44,-1.96,0.0
2026-03-26,IMCR,30.03,30.51,31.07,30.03,248100,7586089.0,3.43,0.76,0.23,0.49
2026-03-26,IMCV,84.32,84.33,85.11,84.32,11600,983689.0,0.93,-0.32,-0.27,0.0
2026-03-26,IMDX,4.2,4.11,4.47,4.02,317800,1334306.0,10.87,-0.72,-0.03,0.99
2026-03-26,IMF,50.39,50.08,50.39,50.08,100,5188.0,0.63,1.01,0.5,0.0
2026-03-26,IMFL,31.15,30.86,31.4,30.86,28500,888660.0,1.7,-2.19,-0.69,0.0
2026-03-26,IMKTA,86.47,87.65,87.74,86.47,103900,9080744.0,1.47,1.25,1.08,0.55
2026-03-26,IMMP,0.37,0.36,0.38,0.35,637300,235797.0,7.2,-2.15,-0.01,0.43
2026-03-26,IMMR,6.07,5.93,6.19,5.92,460100,2748893.0,4.35,-4.51,-0.28,1.4
2026-03-26,IMMX,8.13,8.72,9.52,8.12,1045400,9228343.0,15.71,-2.13,-0.19,1.97
2026-03-26,IMNM,20.06,20.41,21.08,20.06,1305800,26788300.0,5.0,0.54,0.11,1.18
2026-03-26,IMNN,2.8,2.71,2.98,2.65,103900,294207.0,11.87,-2.52,-0.07,3.06
2026-03-26,IMO,130.01,127.82,131.62,127.48,1009300,129969152.0,3.18,-1.84,-2.39,0.21
2026-03-26,IMOM,40.24,39.42,40.24,39.42,18700,744473.0,2.01,-3.25,-1.32,0.0
2026-03-26,IMOS,37.49,36.32,37.49,36.28,36100,1324349.0,3.18,-4.6,-1.75,0.1
2026-03-26,IMPP,4.4,4.43,4.53,4.33,535400,2383099.0,4.41,0.23,0.01,1.17
2026-03-26,IMPPP,26.52,26.3,26.52,26.3,500,15260.0,0.82,-0.1,-0.03,0.0
2026-03-26,IMRA,13.41,13.69,14.33,13.41,6900,97724.0,6.95,3.37,0.45,0.0
2026-03-26,IMRN,0.82,0.76,0.82,0.76,19800,15649.0,8.37,-1.41,-0.01,0.24
2026-03-26,IMRX,5.27,5.22,5.53,5.18,458300,2433425.0,6.48,-1.88,-0.1,0.71
2026-03-26,IMSR,6.68,6.45,6.85,6.45,1276800,8458627.0,5.87,-5.43,-0.37,1.56
2026-03-26,IMSRW,3.1,3.1,3.11,3.06,1100,3581.0,1.55,-3.72,-0.12,0.0
2026-03-26,IMST,11.42,11.27,11.66,11.19,403200,4538621.0,4.03,-3.3,-0.38,0.0
2026-03-26,IMTB,43.73,43.46,43.73,43.42,24600,1071419.0,0.71,-0.59,-0.26,0.0
2026-03-26,IMTE,0.61,0.64,0.67,0.58,146500,92682.0,14.88,6.46,0.04,4.25
2026-03-26,IMTG,48.95,48.95,48.95,48.95,0,0.0,0.0,-1.76,-0.88,
2026-03-26,IMTM,47.41,46.92,47.79,46.92,676700,32023160.0,1.81,-2.78,-1.34,0.0
2026-03-26,IMTX,9.61,9.77,10.02,9.61,335600,3301749.0,4.26,0.31,0.03,0.25
2026-03-26,IMUX,1.3,1.26,1.31,1.23,1588800,2011272.0,6.06,-4.55,-0.06,1.22
2026-03-26,IMVP,20.57,20.33,20.69,20.32,37000,759971.0,1.78,-2.23,-0.46,0.0
2026-03-26,IMVT,24.35,25.36,25.84,24.3,1035200,26211148.0,6.22,2.42,0.6,0.51
2026-03-26,IMXI,15.84,15.82,15.85,15.8,221800,3508682.0,0.32,-0.19,-0.03,0.74
2026-03-26,INAB,1.55,1.47,1.55,1.45,77300,114891.0,6.21,-8.7,-0.14,0.79
2026-03-26,INACR,0.13,0.16,0.16,0.13,700,97.0,18.07,-0.32,-0.0,0.0
2026-03-26,INBK,19.9,20.02,20.3,19.82,28900,579246.0,2.38,-0.94,-0.19,0.33
2026-03-26,INBKZ,24.48,24.5,24.5,24.48,1300,31932.0,0.08,0.82,0.2,0.0
2026-03-26,INBS,3.25,3.4,3.52,3.18,34100,115822.0,10.15,1.49,0.05,1.71
2026-03-26,INBX,65.32,65.79,68.36,65.32,212600,14223533.0,4.57,-1.01,-0.67,1.46
2026-03-26,INCE,64.87,64.54,64.95,64.49,23500,1522038.0,0.71,-0.68,-0.44,0.0
2026-03-26,INCM,28.83,28.76,28.91,28.72,368700,10618471.0,0.67,-0.28,-0.08,0.0
2026-03-26,INCO,55.39,54.81,55.53,54.75,38300,2109779.0,1.4,-1.53,-0.85,0.0
2026-03-26,INCR,0.74,0.73,0.77,0.73,52600,39641.0,6.01,0.01,0.0,0.1
2026-03-26,INCY,90.99,92.26,93.73,90.99,1229600,113842160.0,2.97,0.03,0.03,0.62
2026-03-26,IND,21.18,21.07,21.43,21.07,1900,42505.0,1.67,-1.36,-0.29,0.0
2026-03-26,INDA,47.0,46.61,47.31,46.6,6865000,321924160.0,1.5,-1.71,-0.81,0.0
2026-03-26,INDB,74.22,75.07,75.25,74.22,232200,17408756.0,1.37,0.16,0.12,0.48
2026-03-26,INDE,26.0,25.78,26.0,25.78,700,18785.0,0.84,-2.05,-0.54,0.0
2026-03-26,INDH,38.08,37.75,38.1,37.75,2100,82789.0,0.9,-4.12,-1.62,0.0
2026-03-26,INDI,3.08,3.24,3.37,3.08,5447200,17892120.0,9.18,2.53,0.08,2.44
2026-03-26,INDL,42.26,41.34,42.55,41.3,10400,439462.0,2.92,-3.32,-1.42,0.0
2026-03-26,INDO,3.81,3.93,4.1,3.6,2464400,9582243.0,13.48,5.93,0.22,16.44
2026-03-26,INDP,1.74,1.78,1.81,1.74,7300,12999.0,3.98,1.14,0.02,0.33
2026-03-26,INDS,36.4,36.47,36.73,36.4,5300,197018.0,0.9,-0.39,-0.14,0.0
2026-03-26,INDV,30.06,29.95,30.79,29.8,2112400,63933940.0,3.27,-1.02,-0.31,1.69
2026-03-26,INDY,42.47,42.05,42.68,42.01,267300,11292148.0,1.56,-1.8,-0.77,0.0
2026-03-26,INDZ,22.37,22.06,22.37,22.06,600,14355.0,1.39,-1.5,-0.34,0.0
2026-03-26,INEO,0.55,0.58,0.74,0.5,12856500,7972805.0,51.25,23.8,0.11,77.72
2026-03-26,INEQ,38.54,38.15,38.6,38.15,3500,136918.0,1.15,-2.1,-0.82,0.0
2026-03-26,INFL,51.32,51.26,52.03,51.19,218700,11310949.0,1.63,-0.72,-0.37,0.0
2026-03-26,INFO,23.56,23.29,23.56,23.29,10100,236551.0,1.16,-1.71,-0.4,0.0
2026-03-26,INFQ,11.28,10.65,11.77,10.6,3071500,33646040.0,10.33,-6.0,-0.68,1.42
2026-03-26,INFU,9.51,9.7,10.06,9.51,103800,1019667.0,5.67,-0.92,-0.09,0.51
2026-03-26,INFY,13.1,13.16,13.35,13.08,8750500,115501072.0,2.09,-0.08,-0.01,0.22
2026-03-26,ING,25.4,25.12,25.65,25.12,2332500,59078356.0,2.04,-2.45,-0.63,0.08
2026-03-26,INGM,22.6,22.69,23.08,22.49,725200,16552517.0,2.59,-0.44,-0.1,0.3
2026-03-26,INGN,6.36,6.5,6.66,6.36,181200,1184000.0,4.67,1.25,0.08,0.67
2026-03-26,INGR,110.46,111.82,113.1,109.78,541900,60583940.0,3.0,0.93,1.03,0.86
2026-03-26,INHD,1.03,1.02,1.05,1.0,89000,91631.0,4.37,-0.97,-0.01,1.06
2026-03-26,INKM,33.52,33.29,33.52,33.29,11400,381076.0,0.7,-1.38,-0.47,0.0
2026-03-26,INKT,8.95,9.63,9.97,8.72,64500,614147.0,13.73,5.53,0.51,1.37
2026-03-26,INLF,0.31,0.3,0.33,0.29,240600,76797.0,12.13,-2.16,-0.01,0.11
2026-03-26,INLX,7.3,7.3,7.3,7.3,200,1159.0,0.0,0.0,0.0,0.01
2026-03-26,INM,0.69,0.68,0.7,0.67,33800,22868.0,4.85,-2.55,-0.02,1.16
2026-03-26,INMB,1.2,1.2,1.23,1.18,223800,270177.0,4.1,-1.64,-0.02,0.84
2026-03-26,INMD,13.61,13.75,13.84,13.61,660400,9083669.0,1.67,0.0,0.0,1.04
2026-03-26,INMU,23.88,23.87,23.91,23.85,217800,5204305.0,0.25,-0.29,-0.07,0.0
2026-03-26,INN,4.27,4.34,4.45,4.27,694800,3037038.0,4.31,1.17,0.05,0.64
2026-03-26,INNV,7.92,7.92,8.3,7.78,357100,2834875.0,6.39,-2.58,-0.21,0.26
2026-03-26,INO,1.54,1.55,1.58,1.53,381700,591620.0,3.25,0.65,0.01,0.55
2026-03-26,INOD,42.5,41.0,43.7,40.9,667400,27919528.0,6.41,-6.11,-2.67,2.05
2026-03-26,INOV,34.38,34.13,34.39,34.08,9400,325507.0,0.9,-1.34,-0.46,0.0
2026-03-26,INQQ,11.81,11.73,11.86,11.73,19500,230810.0,1.07,-1.57,-0.19,0.0
2026-03-26,INR,17.84,18.25,18.61,17.77,261600,4619532.0,4.72,2.59,0.46,0.41
2026-03-26,INRO,30.93,30.46,30.93,30.46,6900,214615.0,1.51,-2.02,-0.63,0.0
2026-03-26,INSE,6.66,6.87,7.01,6.46,186600,1285415.0,8.21,2.54,0.17,0.69
2026-03-26,INSG,11.78,11.46,12.03,11.36,93000,1081986.0,5.6,-4.58,-0.55,0.57
2026-03-26,INSM,148.45,147.6,149.88,146.26,2587400,383609792.0,2.44,-0.48,-0.71,1.2
2026-03-26,INSP,51.38,50.45,52.37,50.0,917900,46680784.0,4.61,-1.87,-0.96,3.19
2026-03-26,INSW,71.03,70.01,72.05,69.82,351200,24836048.0,3.17,-0.37,-0.26,0.71
2026-03-26,INTA,23.9,25.2,25.56,23.71,694900,17420640.0,7.73,5.31,1.27,
2026-03-26,INTC,46.29,44.1,46.6,43.92,82841300,3717165824.0,5.69,-6.53,-3.08,1.65
2026-03-26,INTF,38.31,38.03,38.54,37.99,930100,35408052.0,1.42,-1.93,-0.75,0.0
2026-03-26,INTG,36.35,35.26,36.35,34.88,6700,238457.0,4.09,-1.78,-0.64,0.31
2026-03-26,INTJ,8.0,7.95,8.08,7.95,1900,15615.0,1.58,-3.11,-0.26,0.13
2026-03-26,INTL,27.84,27.56,28.1,27.56,33000,918393.0,1.93,-2.23,-0.63,0.0
2026-03-26,INTM,51.15,51.15,51.15,51.15,0,665.0,0.0,-0.02,-0.01,0.0
2026-03-26,INTR,8.33,8.23,8.42,8.16,3427300,28277432.0,3.04,-3.63,-0.31,0.78
2026-03-26,INTS,6.22,6.11,6.28,5.93,12500,76342.0,5.56,-4.23,-0.27,0.5
2026-03-26,INTT,15.04,14.26,15.16,14.08,126500,1833180.0,7.15,-5.56,-0.84,1.01
2026-03-26,INTU,423.8,432.55,443.61,423.8,2192800,953551552.0,4.64,1.33,5.69,0.79
2026-03-26,INTW,57.82,52.14,58.25,51.65,528900,28499308.0,11.03,-12.82,-7.67,0.0
2026-03-26,INTZ,0.97,0.83,1.0,0.82,244000,219277.0,18.68,-15.2,-0.15,1.2
2026-03-26,INUV,2.1,1.97,2.15,1.95,281500,567584.0,9.43,-7.08,-0.15,1.91
2026-03-26,INV,4.26,4.01,4.47,3.94,1012000,4161414.0,11.99,-8.56,-0.38,1.26
2026-03-26,INVA,22.53,22.66,22.92,22.53,691700,15720838.0,1.73,0.31,0.07,0.93
2026-03-26,INVE,4.06,3.79,4.08,3.71,515300,2032460.0,9.41,-3.56,-0.14,2.15
2026-03-26,INVG,25.18,25.14,25.18,25.14,800,20421.0,0.15,-0.66,-0.17,0.0
2026-03-26,INVH,24.68,24.83,25.16,24.68,6700300,166990128.0,1.93,-0.24,-0.06,1.12
2026-03-26,INVN,18.61,18.58,18.61,18.58,2100,39152.0,0.14,0.35,0.06,0.0
2026-03-26,INVX,24.22,24.79,24.82,24.12,383500,9473879.0,2.87,1.6,0.39,0.55
2026-03-26,INVZ,0.66,0.64,0.69,0.64,2029400,1339975.0,7.45,-4.63,-0.03,0.95
2026-03-26,INVZW,0.0,0.0,0.0,0.0,184500,835.0,47.22,-8.33,-0.0,
2026-03-26,IOBT,0.2,0.2,0.21,0.19,956200,192997.0,7.11,6.33,0.01,1.33
2026-03-26,IOCT,34.83,34.54,34.85,34.54,5800,204709.0,0.89,-1.34,-0.47,0.0
2026-03-26,ION,53.88,53.11,54.1,52.92,15900,848572.0,2.16,-2.91,-1.59,0.0
2026-03-26,IONL,13.04,11.8,13.25,11.66,393000,4713344.0,11.77,-12.66,-1.71,0.0
2026-03-26,IONQ,31.4,29.84,31.61,29.71,17726800,537632256.0,5.94,-6.63,-2.12,4.83
2026-03-26,IONR,3.49,3.56,3.79,3.39,220200,807416.0,11.59,3.19,0.11,0.33
2026-03-26,IONS,72.25,74.24,75.63,70.5,3884000,289033568.0,7.06,2.12,1.54,2.35
2026-03-26,IONX,25.35,22.78,25.59,22.5,1195100,28010144.0,11.78,-13.15,-3.45,0.0
2026-03-26,IONZ,22.24,24.19,24.42,21.87,859600,19325346.0,11.92,13.09,2.8,0.0
2026-03-26,IOO,120.62,119.26,121.06,119.15,107600,12919941.0,1.57,-1.8,-2.18,0.0
2026-03-26,IOPP,23.78,23.51,23.84,23.51,1100,26751.0,1.39,-2.18,-0.52,0.0
2026-03-26,IOR,18.01,18.01,18.01,18.01,0,0.0,0.0,0.0,0.0,0.0
2026-03-26,IOSP,70.3,72.37,72.48,70.3,215600,15516175.0,3.08,2.29,1.62,0.87
2026-03-26,IOT,31.6,31.89,32.99,31.36,4758400,152598480.0,5.12,0.13,0.04,0.82
2026-03-26,IOTR,1.98,2.07,2.18,1.78,31600,62469.0,21.28,10.11,0.19,1.23
2026-03-26,IOVA,3.58,3.69,3.81,3.52,7473300,27916026.0,7.73,-1.6,-0.06,1.81
2026-03-26,IOYY,9.85,9.65,9.86,9.65,14700,141919.0,2.11,-2.62,-0.26,0.0
2026-03-26,IP,36.1,36.15,37.0,35.77,6496300,235183216.0,3.37,-0.88,-0.32,1.23
2026-03-26,IPAC,75.77,75.0,76.28,74.87,127200,9575330.0,1.84,-2.25,-1.73,0.0
2026-03-26,IPAR,90.56,91.48,92.24,90.56,216800,19812830.0,1.84,0.24,0.22,0.68
2026-03-26,IPAV,29.96,29.58,29.96,29.57,800,25838.0,1.29,-2.16,-0.65,0.0
2026-03-26,IPAY,42.59,42.63,43.21,42.56,6900,296851.0,1.5,-1.3,-0.56,0.0
2026-03-26,IPB,25.64,25.64,25.64,25.64,300,8448.0,0.0,0.16,0.04,0.0
2026-03-26,IPCX,10.23,10.21,10.25,10.2,28600,292373.0,0.49,-0.1,-0.01,
2026-03-26,IPCXR,0.36,0.36,0.36,0.36,0,0.0,0.0,0.0,0.0,0.0
2026-03-26,IPDN,1.32,1.18,1.32,1.1,142100,175950.0,16.79,-9.92,-0.13,2.91
2026-03-26,IPEX,10.39,10.39,10.39,10.38,8200,85235.0,0.1,0.1,0.01,0.07
2026-03-26,IPEXR,0.6,0.57,0.64,0.57,11200,6744.0,13.24,17.35,0.08,0.0
2026-03-26,IPGP,122.76,118.7,124.39,118.32,339400,40958748.0,4.78,-6.54,-8.31,0.8
2026-03-26,IPHA,1.3,1.25,1.31,1.21,28800,36587.0,7.73,-2.34,-0.03,0.03
2026-03-26,IPI,43.94,42.62,45.24,42.29,405200,17559606.0,6.63,-4.12,-1.83,3.02
2026-03-26,IPKW,55.21,54.8,55.57,54.76,25000,1380972.0,1.45,-1.89,-1.05,0.0
2026-03-26,IPM,1.56,1.55,1.58,1.52,27900,43432.0,3.8,-1.9,-0.03,0.31
2026-03-26,IPO,42.95,42.02,43.54,41.96,16400,698793.0,3.64,-3.25,-1.41,0.0
2026-03-26,IPOD,10.39,10.34,10.39,10.32,1200,12475.0,0.68,0.1,0.01,0.01
2026-03-26,IPOS,18.06,17.71,18.11,17.71,14200,255756.0,2.16,-4.99,-0.93,0.0
2026-03-26,IPSC,2.0,2.06,2.16,2.0,1118200,2314490.0,7.73,-0.48,-0.01,
2026-03-26,IPST,0.34,0.28,0.34,0.26,325900,91539.0,26.32,-13.21,-0.04,3.17
2026-03-26,IPW,1.53,1.56,1.59,1.52,102500,159558.0,4.58,1.96,0.03,
2026-03-26,IPWR,3.06,3.11,3.25,3.06,40400,127405.0,6.15,0.65,0.02,0.33
2026-03-26,IPX,23.47,21.98,23.95,21.66,329000,7318213.0,9.27,-11.01,-2.72,0.97
2026-03-26,IQ,1.25,1.24,1.28,1.23,6178500,7719437.0,3.91,-3.12,-0.04,0.64
2026-03-26,IQDF,31.16,30.85,31.35,30.84,73100,2272490.0,1.61,-2.02,-0.64,0.0
2026-03-26,IQDG,39.79,39.43,40.08,39.38,42400,1684662.0,1.77,-1.94,-0.78,0.0
2026-03-26,IQDY,37.31,36.98,37.46,36.98,8700,326399.0,1.26,-2.08,-0.79,0.0
2026-03-26,IQHI,25.86,25.69,25.86,25.69,100,3083.0,0.65,-0.56,-0.14,0.0
2026-03-26,IQI,9.67,9.47,9.71,9.42,328000,3125923.0,3.0,-2.07,-0.2,0.0
2026-03-26,IQLT,45.44,45.01,45.74,44.97,1063100,48166172.0,1.66,-2.17,-1.0,0.0
2026-03-26,IQM,91.05,88.29,91.05,88.29,35700,3219884.0,2.95,-5.5,-5.14,0.0
2026-03-26,IQMM,100.09,100.1,100.1,100.09,805100,80590464.0,0.01,0.02,0.02,0.0
2026-03-26,IQQQ,42.37,41.68,42.47,41.63,53400,2244593.0,1.98,-2.36,-1.01,0.0
2026-03-26,IQRA,28.89,28.82,28.89,28.82,100,3032.0,0.26,-0.79,-0.23,0.0
2026-03-26,IQSI,34.83,34.46,34.83,34.46,400,14307.0,1.04,-1.99,-0.7,0.0
2026-03-26,IQSM,34.56,34.46,34.56,34.46,3200,112736.0,0.27,-1.45,-0.51,0.0
2026-03-26,IQST,1.8,1.6,1.8,1.6,66000,101541.0,11.39,-11.11,-0.2,1.48
2026-03-26,IQSU,51.79,51.01,51.82,51.01,2900,153907.0,1.57,-1.58,-0.82,0.0
2026-03-26,IQSZ,27.31,27.31,27.31,27.31,0,137.0,0.0,-1.13,-0.31,0.0
2026-03-26,IQV,164.33,169.4,170.48,164.33,1149100,194320608.0,3.71,2.27,3.76,0.68
2026-03-26,IR,82.66,81.39,84.1,81.24,1731700,142182128.0,3.42,-2.7,-2.26,0.44
2026-03-26,IRAB,9.82,9.82,9.82,9.82,0,236.0,0.0,0.0,0.0,
2026-03-26,IRD,4.7,4.52,4.79,4.51,418800,1928850.0,5.89,-4.84,-0.23,0.59
2026-03-26,IRDM,29.39,28.31,29.85,28.19,2137400,61693556.0,5.58,-4.62,-1.37,2.04
2026-03-26,IRE,19.12,16.15,19.12,15.95,5596500,95447616.0,15.88,-19.09,-3.81,0.0
2026-03-26,IREG,13.96,11.73,13.96,11.66,259000,3273545.0,15.82,-19.3,-2.8,0.0
2026-03-26,IREN,40.67,37.45,40.7,37.25,36651200,1411092864.0,8.33,-9.61,-3.98,11.03
2026-03-26,IRET,19.19,19.19,19.19,19.19,0,811.0,0.0,0.13,0.03,0.0
2026-03-26,IREX,25.26,21.32,25.43,21.11,703200,15954979.0,16.35,-19.43,-5.14,0.0
2026-03-26,IREZ,23.11,26.68,26.89,23.11,891200,22093316.0,16.91,19.37,4.33,0.0
2026-03-26,IRHO,9.85,9.85,9.85,9.85,5500,54825.0,0.0,-0.15,-0.01,0.02
2026-03-26,IRHOR,0.15,0.14,0.15,0.14,700,103.0,7.16,28.83,0.03,0.0
2026-03-26,IRHOU,9.95,9.99,9.99,9.95,3100,31609.0,0.4,0.4,0.04,0.01
2026-03-26,IRIX,1.32,1.35,1.37,1.3,72000,96211.0,5.28,1.89,0.02,0.42
2026-03-26,IRM,99.81,100.21,101.04,99.03,1126200,112693552.0,2.0,-0.32,-0.32,0.38
2026-03-26,IRMD,101.44,98.74,102.78,98.74,70900,7109886.0,3.97,-2.99,-3.04,0.56
2026-03-26,IROC,50.14,50.03,50.14,50.03,800,40960.0,0.21,-0.26,-0.13,0.0
2026-03-26,IRON,61.5,62.01,63.27,61.22,340200,21173828.0,3.28,-0.86,-0.54,0.89
2026-03-26,IRS,15.27,15.35,15.8,15.2,262900,4054387.0,3.82,-1.48,-0.23,0.32
2026-03-26,IRT,15.16,15.0,15.2,14.95,2744000,41358596.0,1.67,-0.07,-0.01,1.16
2026-03-26,IRTC,121.2,122.8,124.4,119.93,405900,49887640.0,3.67,0.83,1.01,1.26
2026-03-26,IRTR,30.51,30.31,30.51,30.31,15400,471830.0,0.67,-0.92,-0.28,0.0
2026-03-26,IRVH,19.83,19.83,19.83,19.83,0,1529.0,0.0,0.04,0.01,0.0
2026-03-26,IRWD,3.13,3.15,3.26,3.13,1146000,3638691.0,3.92,-1.25,-0.04,0.7
2026-03-26,ISBA,44.61,44.56,46.78,44.31,14200,647382.0,5.45,-1.44,-0.65,0.19
2026-03-26,ISBG,18.09,17.39,18.14,17.31,10300,181365.0,4.45,-7.38,-1.38,0.0
2026-03-26,ISCB,65.07,64.83,65.77,64.83,5200,342543.0,1.43,-1.36,-0.89,0.0
2026-03-26,ISCF,41.34,40.99,41.56,40.97,74100,3054764.0,1.41,-1.96,-0.82,0.0
2026-03-26,ISCG,55.24,54.74,55.73,54.66,43000,2366619.0,1.91,-2.15,-1.2,0.0
2026-03-26,ISCV,69.01,69.17,70.04,69.01,12900,895973.0,1.48,-0.58,-0.4,0.0
2026-03-26,ISD,13.13,12.82,13.15,12.82,124900,1618400.0,2.5,-2.73,-0.36,0.0
2026-03-26,ISEP,32.45,32.33,32.6,32.33,28600,928495.0,0.8,-1.17,-0.38,0.0
2026-03-26,ISHG,74.48,73.83,74.61,73.79,168900,12483899.0,1.1,-0.62,-0.46,0.0
2026-03-26,ISHP,32.75,32.75,32.75,32.75,0,130.0,0.0,-2.28,-0.76,0.0
2026-03-26,ISMD,40.02,40.12,40.66,40.02,44400,1798585.0,1.58,-1.16,-0.47,0.0
2026-03-26,ISMF,27.1,27.04,27.16,26.93,10100,274035.0,0.85,0.04,0.01,0.0
2026-03-26,ISOU,10.63,10.0,10.67,9.97,91100,927764.0,6.46,-7.75,-0.84,0.15
2026-03-26,ISPC,0.15,0.16,0.16,0.15,1514300,239287.0,7.63,1.28,0.0,15.5
2026-03-26,ISPR,1.73,1.85,1.92,1.71,105500,194327.0,12.14,6.94,0.12,0.18
2026-03-26,ISPY,43.79,43.29,43.8,43.01,69000,2999748.0,1.8,-1.37,-0.6,0.0
2026-03-26,ISRA,62.46,61.8,62.46,61.74,4700,297571.0,1.13,-1.44,-0.9,0.0
2026-03-26,ISRG,469.1,468.55,478.25,465.0,1605500,756430272.0,2.82,-0.3,-1.43,0.45
2026-03-26,ISSB,18.67,18.67,18.67,18.67,200,4343.0,0.0,-5.24,-1.03,0.0
2026-03-26,ISSC,24.99,22.08,24.99,21.82,1296100,29822422.0,12.18,-15.17,-3.95,7.29
2026-03-26,ISTB,48.31,48.24,48.35,48.22,437500,21127858.0,0.25,-0.29,-0.14,0.0
2026-03-26,ISTR,26.85,27.01,27.22,26.85,87500,2366622.0,1.37,-0.26,-0.07,0.64
2026-03-26,ISUL,25.19,24.81,25.82,24.8,3600,91849.0,4.07,-0.94,-0.24,0.0
2026-03-26,ISVL,47.49,47.04,47.84,47.04,41900,1995139.0,1.67,-1.88,-0.9,0.0
2026-03-26,ISWN,21.37,21.18,21.37,21.18,1700,36743.0,0.88,-1.91,-0.41,0.0
2026-03-26,IT,150.14,156.6,156.99,149.59,1259600,196286976.0,4.93,4.24,6.37,1.79
2026-03-26,ITA,223.85,220.12,224.04,219.35,1212500,267557472.0,2.08,-2.54,-5.74,0.0
2026-03-26,ITAN,36.43,36.01,36.43,35.95,4100,148891.0,1.32,-0.93,-0.34,0.0
2026-03-26,ITB,90.87,90.33,92.44,90.24,2364000,215923920.0,2.4,-1.62,-1.49,0.0
2026-03-26,ITDB,32.58,32.38,32.58,32.38,6500,212241.0,0.62,-1.19,-0.39,0.0
2026-03-26,ITDC,33.65,33.38,33.72,33.38,24100,810177.0,1.01,-1.3,-0.44,0.0
2026-03-26,ITDD,34.68,34.52,34.9,34.52,16600,578815.0,1.08,-1.5,-0.53,0.0
2026-03-26,ITDE,35.54,35.36,35.81,35.33,10200,365066.0,1.34,-1.59,-0.57,0.0
2026-03-26,ITDF,36.41,36.19,36.66,36.19,3500,130278.0,1.28,-1.76,-0.65,0.0
2026-03-26,ITDG,36.83,36.59,37.09,36.59,10900,404543.0,1.34,-1.84,-0.69,0.0
2026-03-26,ITDH,36.82,36.53,37.0,36.53,7700,286894.0,1.26,-1.9,-0.71,0.0
2026-03-26,ITDI,36.95,36.53,36.98,36.52,5200,193882.0,1.24,-1.87,-0.7,0.0
2026-03-26,ITDJ,28.76,28.39,28.76,28.39,500,16206.0,1.28,-1.99,-0.58,0.0
2026-03-26,ITEQ,59.94,59.69,60.91,59.61,253500,15293852.0,2.15,-1.2,-0.72,0.0
2026-03-26,ITGR,85.97,86.83,88.08,85.97,496200,43068708.0,2.43,0.08,0.07,1.44
2026-03-26,ITHAU,9.97,9.97,9.97,9.97,1200,12035.0,0.0,0.0,0.0,0.01
2026-03-26,ITIC,213.77,217.21,218.01,210.47,17100,3705893.0,3.52,1.47,3.14,0.91
2026-03-26,ITM,46.31,46.22,46.35,46.16,719100,33220586.0,0.41,-0.24,-0.11,0.0
2026-03-26,ITOC,0.38,0.39,0.42,0.31,3116900,1158976.0,26.97,-4.93,-0.02,14.82
2026-03-26,ITOL,24.1,24.1,24.1,24.1,0,48.0,0.0,-2.17,-0.53,0.0
2026-03-26,ITOT,142.79,141.36,143.51,141.28,4825200,687296064.0,1.55,-1.72,-2.48,0.0
2026-03-26,ITP,0.19,0.18,0.2,0.18,92800,17323.0,10.75,-2.68,-0.01,0.55
2026-03-26,ITRG,2.6,2.51,2.68,2.5,3664700,9432497.0,6.62,-7.72,-0.21,1.81
2026-03-26,ITRI,93.18,88.35,93.38,88.15,841800,75197192.0,5.59,-5.55,-5.19,1.9
2026-03-26,ITRM,0.18,0.18,0.18,0.17,323500,56190.0,6.05,2.33,0.0,0.61
2026-03-26,ITRN,52.25,50.95,53.09,50.68,156000,8071488.0,4.62,-2.38,-1.24,0.78
2026-03-26,ITT,190.82,186.95,192.92,186.92,744200,139977216.0,3.1,-3.49,-6.76,0.87
2026-03-26,ITUB,8.13,7.96,8.16,7.95,18705900,150603280.0,2.68,-3.05,-0.25,0.17
2026-03-26,ITW,264.52,261.37,266.64,260.42,1503800,394342016.0,2.33,-1.91,-5.08,0.52
2026-03-26,ITWO,40.0,39.79,40.5,39.77,26000,1044561.0,1.8,-1.66,-0.67,0.0
2026-03-26,IUS,57.91,57.6,58.25,57.6,34100,1977470.0,1.11,-1.05,-0.61,0.0
2026-03-26,IUSB,46.04,45.89,46.09,45.88,3061700,140753344.0,0.45,-0.58,-0.27,0.0
2026-03-26,IUSG,156.46,153.53,156.74,153.48,1257300,194982992.0,2.06,-2.82,-4.46,0.0
2026-03-26,IUSV,101.84,101.73,102.75,101.64,832900,85118504.0,1.08,-0.54,-0.55,0.0
2026-03-26,IVA,5.75,6.09,6.24,5.75,348200,2099203.0,8.22,1.16,0.07,0.18
2026-03-26,IVAL,33.58,33.24,33.6,33.24,16500,552555.0,1.06,-1.45,-0.49,0.0
2026-03-26,IVDA,0.28,0.26,0.29,0.26,403300,109149.0,10.17,-7.21,-0.02,3.62
2026-03-26,IVDAW,0.05,0.05,0.05,0.05,100,10.0,0.0,0.0,0.0,0.0
2026-03-26,IVE,210.47,210.13,212.23,210.0,807000,170305776.0,1.06,-0.53,-1.13,0.0
2026-03-26,IVES,28.9,28.33,29.16,28.33,341600,9790288.0,2.82,-3.24,-0.95,0.0
2026-03-26,IVF,0.61,0.58,0.62,0.57,320700,184020.0,8.35,-8.18,-0.05,4.59
2026-03-26,IVLU,38.92,38.66,39.22,38.66,1204400,46927532.0,1.42,-1.75,-0.69,0.0
2026-03-26,IVOG,126.24,124.68,127.04,124.68,11500,1455046.0,1.85,-2.09,-2.67,0.0
2026-03-26,IVOL,18.59,18.45,18.6,18.43,128900,2390451.0,0.91,-0.91,-0.17,0.0
2026-03-26,IVOO,114.3,113.76,115.55,113.7,108200,12398094.0,1.6,-1.51,-1.74,0.0
2026-03-26,IVOV,101.14,101.45,102.53,101.14,13600,1383340.0,1.36,-0.56,-0.57,0.0
2026-03-26,IVR,7.88,7.81,7.98,7.8,1890700,14868743.0,2.22,-2.98,-0.24,2.17
2026-03-26,IVRS,28.09,28.09,28.09,28.09,0,196.0,0.0,-3.02,-0.88,0.0
2026-03-26,IVSI,26.0,25.66,26.0,25.66,100,2600.0,1.34,-0.46,-0.12,0.0
2026-03-26,IVSS,26.32,26.01,26.32,26.01,2600,70484.0,1.19,-0.9,-0.24,0.0
2026-03-26,IVSX,22.9,22.76,22.9,22.76,1700,40669.0,0.61,-0.5,-0.11,0.0
2026-03-26,IVT,30.49,30.5,30.75,30.43,306300,9356519.0,1.03,-0.07,-0.02,0.39
2026-03-26,IVV,654.98,648.01,657.8,647.69,5846500,3810600448.0,1.53,-1.78,-11.73,0.0
2026-03-26,IVVB,32.26,32.01,32.26,31.89,27300,874180.0,1.14,-1.0,-0.32,
2026-03-26,IVVD,1.54,1.51,1.59,1.5,1565000,2412891.0,5.77,-3.21,-0.05,0.55
2026-03-26,IVVM,34.03,33.86,34.15,33.86,616800,21038238.0,0.85,-0.82,-0.28,0.0
2026-03-26,IVVW,43.53,43.31,43.64,43.2,37800,1641072.0,1.01,-0.98,-0.43,0.0
2026-03-26,IVW,114.06,111.92,114.26,111.85,4788700,540871424.0,2.09,-2.85,-3.28,0.0
2026-03-26,IVZ,23.98,24.1,24.33,23.79,3892300,93779696.0,2.24,-1.07,-0.26,0.88
2026-03-26,IWB,357.65,353.98,359.27,353.76,1985600,706638784.0,1.53,-1.69,-6.08,0.0
2026-03-26,IWC,160.9,160.26,163.17,160.05,55600,8963253.0,1.91,-1.81,-2.95,0.0
2026-03-26,IWD,213.73,212.51,214.95,212.36,2854800,609610688.0,1.21,-1.1,-2.36,0.0
2026-03-26,IWDL,48.63,48.54,48.63,48.54,100,4853.0,0.19,-2.3,-1.14,0.0
2026-03-26,IWF,428.63,422.35,430.51,422.14,2289700,974290944.0,1.94,-2.28,-9.85,0.0
2026-03-26,IWFG,46.13,46.13,46.13,46.13,0,654.0,0.0,-2.43,-1.15,0.0
2026-03-26,IWFL,44.39,44.39,44.39,44.39,0,44.0,0.0,-4.92,-2.3,0.0
2026-03-26,IWL,161.21,159.33,161.66,159.27,40400,6489214.0,1.48,-1.77,-2.86,0.0
2026-03-26,IWLG,48.23,47.47,48.4,47.47,40700,1949664.0,1.91,-2.63,-1.28,0.0
2026-03-26,IWM,248.89,247.44,251.86,247.16,46830200,11665780736.0,1.87,-1.74,-4.38,0.0
2026-03-26,IWMI,47.53,47.26,48.02,47.22,403700,19210196.0,1.67,-1.64,-0.79,0.0
2026-03-26,IWML,23.18,23.18,23.18,23.18,0,1834.0,0.0,-3.84,-0.93,0.0
2026-03-26,IWMW,37.21,37.13,37.31,37.03,11400,426372.0,0.73,-0.93,-0.35,0.0
2026-03-26,IWMY,18.18,18.04,18.33,18.04,40800,735980.0,1.57,-2.24,-0.41,0.0
2026-03-26,IWN,189.19,189.31,191.84,189.0,608400,115804424.0,1.49,-0.99,-1.89,0.0
2026-03-26,IWO,316.59,313.68,320.12,313.17,346400,109588376.0,2.17,-2.35,-7.56,0.0
2026-03-26,IWP,129.44,127.81,130.62,127.72,1320700,170654016.0,2.22,-2.16,-2.82,0.0
2026-03-26,IWR,97.28,96.72,98.21,96.63,3117900,303460224.0,1.61,-1.37,-1.34,0.0
2026-03-26,IWS,145.24,144.77,146.76,144.67,328300,47760392.0,1.43,-1.2,-1.76,0.0
2026-03-26,IWV,371.58,367.98,373.28,367.63,342500,126478808.0,1.51,-1.7,-6.36,0.0
2026-03-26,IWX,92.69,92.09,93.06,92.06,94400,8738935.0,1.07,-1.11,-1.03,0.0
2026-03-26,IWY,249.87,246.24,250.94,246.16,656700,163322032.0,1.9,-2.29,-5.76,0.0
2026-03-26,IX,29.89,29.63,30.41,29.63,410100,12230311.0,2.56,-2.76,-0.84,0.04
2026-03-26,IXC,56.94,57.4,57.72,56.81,628800,36026504.0,1.6,1.18,0.67,0.0
2026-03-26,IXG,112.62,112.01,113.41,112.01,16000,1810035.0,1.23,-1.39,-1.58,0.0
2026-03-26,IXHL,3.1,3.41,3.6,3.05,606600,2066773.0,17.08,5.9,0.19,4.34
2026-03-26,IXJ,92.39,92.39,93.19,92.23,96300,8918148.0,1.03,-0.44,-0.41,0.0
2026-03-26,IXN,101.32,99.21,101.52,99.21,214400,21487382.0,2.25,-3.51,-3.61,0.0
2026-03-26,IXP,114.47,112.56,114.47,112.53,96100,10869916.0,1.68,-2.68,-3.09,0.0
2026-03-26,IXUS,85.32,84.41,85.93,84.39,3084700,262386288.0,1.79,-2.4,-2.08,0.0
2026-03-26,IYC,96.86,96.26,97.78,96.26,57500,5575216.0,1.56,-1.29,-1.26,0.0
2026-03-26,IYE,64.26,65.12,65.44,64.17,973200,63118628.0,1.98,1.51,0.97,0.0
2026-03-26,IYF,116.85,116.71,117.7,116.33,226300,26475048.0,1.17,-0.6,-0.7,0.0
2026-03-26,IYG,82.36,82.21,82.82,81.88,67500,5567997.0,1.14,-0.64,-0.53,0.0
2026-03-26,IYH,61.13,61.14,61.63,61.08,808200,49643840.0,0.9,-0.33,-0.2,0.0
2026-03-26,IYJ,148.34,147.12,149.8,147.01,45200,6703318.0,1.86,-1.9,-2.85,0.0
2026-03-26,IYK,69.85,69.31,70.31,69.28,456800,31910546.0,1.48,-0.74,-0.52,0.0
2026-03-26,IYLD,21.6,21.54,21.66,21.51,9500,205612.0,0.69,-0.69,-0.15,0.0
2026-03-26,IYM,170.12,170.78,172.77,169.44,76900,13175662.0,1.93,-0.95,-1.64,0.0
2026-03-26,IYR,93.3,93.34,94.15,92.93,7426700,694845376.0,1.31,-0.16,-0.15,0.0
2026-03-26,IYRI,46.52,46.71,47.06,46.5,55200,2579627.0,1.2,-0.32,-0.15,
2026-03-26,IYT,73.96,73.7,74.79,73.52,440800,32616308.0,1.71,-1.37,-1.02,0.0
2026-03-26,IYW,183.7,180.01,184.19,179.88,1709100,310288832.0,2.32,-3.19,-5.93,0.0
2026-03-26,IYY,158.73,157.2,159.49,157.1,20200,3209240.0,1.49,-1.76,-2.81,0.0
2026-03-26,IYZ,40.62,39.86,40.81,39.79,1158700,46568340.0,2.5,-2.33,-0.95,0.0
2026-03-26,IZEA,3.59,3.5,3.65,3.5,28600,101116.0,4.26,-3.85,-0.14,0.17
2026-03-26,IZM,0.44,0.45,0.54,0.4,390400,179901.0,34.52,7.64,0.03,3.25
2026-03-26,IZRL,27.9,27.78,27.99,27.69,10500,295055.0,1.08,-0.22,-0.06,0.0
2026-03-26,J,129.5,129.52,131.0,128.57,686100,88843144.0,1.87,-0.35,-0.45,0.58
2026-03-26,JA,50.15,50.14,50.15,50.14,700,35806.0,0.02,0.02,0.01,0.0
2026-03-26,JAAA,50.57,50.58,50.6,50.55,5015400,253686720.0,0.1,-0.02,-0.01,0.0
2026-03-26,JABS,49.98,49.83,49.98,49.81,4400,221741.0,0.34,-0.23,-0.11,0.0
2026-03-26,JACK,10.85,10.72,11.38,10.7,659900,7235620.0,6.18,-2.55,-0.28,3.47
2026-03-26,JACS,10.51,10.53,10.53,10.51,111000,1169441.0,0.19,0.0,0.0,0.38
2026-03-26,JADE,65.36,65.13,65.36,65.13,700,50136.0,0.35,-3.05,-2.05,0.0
2026-03-26,JAGU,1.8,1.68,1.82,1.59,504500,857455.0,12.99,-5.62,-0.1,2.5
2026-03-26,JAGX,0.41,0.39,0.42,0.38,211000,83560.0,7.88,-5.7,-0.02,1.7
2026-03-26,JAJL,29.09,29.05,29.09,29.03,54400,1581190.0,0.21,-0.1,-0.03,0.0
2026-03-26,JAKK,20.22,20.02,20.87,19.94,68300,1386797.0,4.56,-1.74,-0.35,0.6
2026-03-26,JAN,23.38,23.44,23.95,23.22,5062000,118662472.0,3.09,-0.85,-0.2,1.92
2026-03-26,JANB,25.12,25.0,25.12,25.0,13600,341827.0,0.5,-0.99,-0.25,0.0
2026-03-26,JANH,24.24,24.24,24.26,24.24,2300,57443.0,0.09,-0.74,-0.18,0.0
2026-03-26,JANI,24.32,24.11,24.32,24.11,300,7835.0,0.88,-1.33,-0.33,0.0
2026-03-26,JANJ,24.53,24.43,24.54,24.43,6700,166407.0,0.45,-0.5,-0.12,0.0
2026-03-26,JANM,32.79,32.73,32.81,32.73,900,32074.0,0.24,-0.41,-0.14,0.0
2026-03-26,JANP,31.97,31.74,32.01,31.74,8600,274766.0,0.84,-1.03,-0.33,0.0
2026-03-26,JANT,40.14,39.83,40.14,39.83,2800,113775.0,0.77,-1.26,-0.51,0.0
2026-03-26,JANU,27.44,27.16,27.44,27.15,2900,80106.0,1.04,-1.11,-0.3,0.0
2026-03-26,JANW,36.45,36.27,36.53,36.27,20100,735087.0,0.71,-0.89,-0.33,0.0
2026-03-26,JANX,13.62,13.63,13.98,13.53,1256000,17274540.0,3.26,-1.23,-0.17,2.06
2026-03-26,JANZ,36.92,36.6,36.92,36.6,3300,121960.0,0.87,-1.22,-0.45,0.0
2026-03-26,JAPN,22.4,22.35,22.7,22.35,17300,389624.0,1.55,-2.38,-0.54,0.0
2026-03-26,JAVA,71.71,71.32,72.12,71.24,247500,17730018.0,1.22,-0.96,-0.69,0.0
2026-03-26,JAZZ,187.16,189.15,191.28,185.7,836400,158295888.0,2.95,0.04,0.07,1.36
2026-03-26,JBBB,46.95,47.06,47.14,46.95,277100,13052743.0,0.4,-0.13,-0.06,0.0
2026-03-26,JBDI,0.6,0.64,0.69,0.57,15200,9248.0,18.01,2.52,0.02,0.08
2026-03-26,JBGS,15.2,15.13,15.49,15.09,407100,6192276.0,2.62,-0.79,-0.12,0.54
2026-03-26,JBHT,207.39,206.18,210.77,205.72,598300,123806184.0,2.42,-1.4,-2.92,0.63
2026-03-26,JBI,5.24,5.19,5.35,5.14,1713800,8935264.0,3.84,-2.81,-0.15,1.23
2026-03-26,JBIO,13.56,13.95,14.03,13.56,181100,2522992.0,3.37,0.0,0.0,0.37
2026-03-26,JBK,26.09,26.7,26.7,26.09,1600,42756.0,2.34,2.31,0.6,0.0
2026-03-26,JBL,277.07,264.15,278.35,263.59,1037700,278878368.0,5.21,-6.74,-19.09,0.98
2026-03-26,JBLU,4.59,4.51,4.68,4.37,32783800,148385024.0,6.47,-5.05,-0.24,8.86
2026-03-26,JBND,53.54,53.37,53.82,53.26,1248800,66795868.0,1.04,-0.67,-0.36,0.0
2026-03-26,JBS,15.84,16.64,17.16,15.77,11002200,184521056.0,8.83,5.65,0.89,1.03
2026-03-26,JBSS,76.57,77.59,78.55,76.57,39800,3101566.0,2.58,0.91,0.7,0.34
2026-03-26,JBTM,131.7,130.99,136.3,130.02,589800,77920472.0,4.77,-0.41,-0.54,1.13
2026-03-26,JCAP,19.27,19.14,19.56,18.87,213500,3993332.0,3.54,-1.69,-0.33,0.39
2026-03-26,JCE,14.66,14.45,14.69,14.44,29400,429582.0,1.69,-2.23,-0.33,0.0
2026-03-26,JCHI,50.98,50.85,50.98,50.85,300,19331.0,0.24,-2.67,-1.39,0.0
2026-03-26,JCI,136.0,131.57,136.87,130.96,4322000,571969152.0,4.3,-4.3,-5.91,0.71
2026-03-26,JCPB,46.86,46.69,46.93,46.69,1676200,78497672.0,0.51,-0.72,-0.34,0.0
2026-03-26,JCPI,48.22,47.99,48.22,47.99,33300,1601427.0,0.49,-0.32,-0.16,0.0
2026-03-26,JCSE,1.02,0.99,1.05,0.99,6300,6457.0,6.58,0.45,0.0,0.12
2026-03-26,JCTC,1.56,1.65,1.65,1.56,3900,6484.0,5.45,0.0,0.0,0.11
2026-03-26,JD,28.92,29.18,29.58,28.92,9887200,289658912.0,2.22,-1.92,-0.57,0.72
2026-03-26,JDIV,51.82,51.82,51.82,51.82,100,9112.0,0.0,-1.63,-0.86,0.0
2026-03-26,JDOC,54.96,54.9,54.96,54.9,4600,253706.0,0.12,-0.56,-0.31,0.0
2026-03-26,JDST,43.47,45.51,45.6,41.08,451400,19587642.0,11.16,12.2,4.95,0.0
2026-03-26,JDVI,35.51,35.07,35.51,35.07,9000,317540.0,1.23,-2.05,-0.73,0.0
2026-03-26,JDVL,27.23,26.96,27.34,26.96,20200,548070.0,1.39,-1.49,-0.41,0.0
2026-03-26,JDZG,1.7,1.91,1.91,1.66,256200,463716.0,14.7,12.35,0.21,17.77
2026-03-26,JEDI,25.9,25.43,25.99,25.3,77500,1994380.0,2.64,-2.68,-0.7,0.0
2026-03-26,JEF,39.64,40.28,40.55,39.23,4295700,171978896.0,3.33,1.61,0.64,2.1
2026-03-26,JELD,1.21,1.2,1.27,1.18,697800,841675.0,7.26,-3.23,-0.04,0.81
2026-03-26,JEM,0.1,0.11,0.11,0.1,925300,94323.0,14.31,7.01,0.01,2.57
2026-03-26,JEMA,51.65,50.78,51.87,50.78,28600,1469968.0,2.07,-3.52,-1.85,0.0
2026-03-26,JEMB,52.66,52.25,53.06,51.77,4600,242397.0,2.44,-1.23,-0.65,0.0
2026-03-26,JENA,10.22,10.22,10.22,10.22,200,2603.0,0.0,0.1,0.01,0.0
2026-03-26,JEPI,56.48,56.19,56.82,56.15,4300400,242954544.0,1.17,-0.95,-0.54,0.0
2026-03-26,JEPQ,56.02,55.15,56.08,55.12,8038700,447236000.0,1.69,-2.13,-1.2,0.0
2026-03-26,JETD,4.96,5.08,5.11,4.85,348300,1756507.0,5.39,5.39,0.26,0.0
2026-03-26,JETS,24.93,25.01,25.42,24.89,2873700,72069744.0,2.07,-1.15,-0.29,0.0
2026-03-26,JETU,24.71,24.25,25.3,24.15,4100,102842.0,4.51,-5.39,-1.38,0.0
2026-03-26,JF,0.99,0.94,1.0,0.94,8600,8368.0,6.37,-0.21,-0.0,0.05
2026-03-26,JFB,9.13,8.23,9.45,7.82,180500,1500152.0,18.13,-8.66,-0.78,1.29
2026-03-26,JFBR,2.84,2.52,2.86,2.5,42600,117693.0,12.46,-12.8,-0.37,6.54
2026-03-26,JFBRW,0.01,0.01,0.01,0.01,400,4.0,10.53,-24.81,-0.0,0.0
2026-03-26,JFIN,5.38,4.83,5.38,4.82,103800,528395.0,10.35,-10.72,-0.58,0.19
2026-03-26,JFLI,50.15,49.59,50.15,49.59,2900,146137.0,1.12,-1.52,-0.77,0.0
2026-03-26,JFLX,49.62,49.54,49.71,49.54,51200,2542142.0,0.34,-0.44,-0.22,0.0
2026-03-26,JFR,7.31,7.24,7.32,7.21,1493200,10838007.0,1.5,-1.36,-0.1,0.0
2026-03-26,JFU,3.48,3.42,3.48,3.42,1200,4289.0,1.78,8.35,0.26,0.01
2026-03-26,JG,6.81,6.84,6.84,6.81,2200,15505.0,0.4,-2.31,-0.16,0.04
2026-03-26,JGH,12.34,12.05,12.35,12.04,70300,855792.0,2.51,-2.43,-0.3,0.0
2026-03-26,JGLO,64.68,64.25,65.09,64.16,62600,4040204.0,1.42,-1.67,-1.09,0.0
2026-03-26,JGRO,84.89,83.53,85.08,83.52,860800,72325128.0,1.83,-2.42,-2.07,0.0
2026-03-26,JGRW,24.45,24.09,24.46,24.09,27700,674538.0,1.51,-1.67,-0.41,0.0
2026-03-26,JHAC,13.6,13.59,13.6,13.59,200,3006.0,0.05,-0.71,-0.1,0.0
2026-03-26,JHAI,26.11,25.49,26.12,25.49,7300,192506.0,2.37,-4.34,-1.16,0.0
2026-03-26,JHCB,21.15,21.08,21.19,21.08,4400,94089.0,0.52,-0.57,-0.12,0.0
2026-03-26,JHCP,25.09,25.01,25.1,25.01,10500,265633.0,0.34,-0.57,-0.14,0.0
2026-03-26,JHCR,25.25,25.14,25.26,25.05,269600,6773071.0,0.83,-0.56,-0.14,0.0
2026-03-26,JHDV,40.04,40.04,40.04,40.04,0,161.0,0.0,-1.53,-0.62,0.0
2026-03-26,JHEM,34.07,33.6,34.2,33.57,1245700,42489084.0,1.82,-2.85,-0.98,0.0
2026-03-26,JHG,51.37,51.39,51.48,51.35,3454300,177523136.0,0.25,-0.06,-0.03,2.24
2026-03-26,JHHY,25.44,25.3,25.44,25.3,2300,59724.0,0.56,-0.68,-0.17,0.0
2026-03-26,JHI,12.86,12.8,12.96,12.74,49000,632578.0,1.66,-1.16,-0.15,0.0
2026-03-26,JHID,39.63,39.63,39.63,39.63,0,477.0,0.0,-1.49,-0.6,0.0
2026-03-26,JHLN,24.45,24.48,24.56,24.44,4400,107880.0,0.47,0.18,0.05,0.0
2026-03-26,JHMB,22.06,21.91,22.06,21.91,26800,590849.0,0.68,-0.66,-0.14,0.0
2026-03-26,JHMD,41.76,41.35,41.92,41.27,82000,3417430.0,1.55,-1.69,-0.71,0.0
2026-03-26,JHML,78.3,77.67,78.75,77.67,18900,1477404.0,1.38,-1.48,-1.17,0.0
2026-03-26,JHMM,67.12,66.73,67.82,66.68,244800,16478132.0,1.68,-1.4,-0.95,0.0
2026-03-26,JHMU,25.98,25.92,25.98,25.91,17200,449003.0,0.27,-0.25,-0.06,0.0
2026-03-26,JHPI,22.79,22.66,22.79,22.66,21200,481832.0,0.58,-0.67,-0.15,0.0
2026-03-26,JHS,10.98,10.9,10.99,10.9,13800,151474.0,0.82,-0.27,-0.03,0.0
2026-03-26,JHSC,42.83,42.83,43.23,42.82,15100,648972.0,0.95,-1.06,-0.46,0.0
2026-03-26,JHX,19.16,18.69,19.5,18.63,5401900,101805376.0,4.45,-3.91,-0.76,0.93
2026-03-26,JIDE,46.79,46.17,46.79,46.17,1500,72683.0,1.31,-2.36,-1.12,0.0
2026-03-26,JIG,73.54,72.59,74.01,72.56,28100,2060487.0,1.94,-3.12,-2.34,0.0
2026-03-26,JIII,49.64,49.43,49.64,49.43,34400,1707632.0,0.43,-0.59,-0.3,0.0
2026-03-26,JILL,15.01,15.35,15.38,14.99,72700,1102810.0,2.55,0.46,0.07,0.48
2026-03-26,JIRE,74.45,73.85,74.94,73.77,691300,51396868.0,1.55,-2.04,-1.54,0.0
2026-03-26,JIVE,84.2,83.5,84.64,83.45,287800,24187860.0,1.41,-1.81,-1.54,0.36
2026-03-26,JJSF,77.55,79.19,79.68,76.82,153300,12124820.0,3.68,2.04,1.58,
2026-03-26,JKHY,157.19,157.2,160.09,156.37,949700,149815120.0,2.36,-0.13,-0.2,1.32
2026-03-26,JKS,25.9,25.52,26.14,25.34,341800,8767519.0,3.02,-3.66,-0.97,0.66
2026-03-26,JL,6.03,6.38,6.47,5.82,39300,241473.0,11.1,9.81,0.57,1.05
2026-03-26,JLHL,5.68,5.88,5.88,5.68,1000,5799.0,3.72,9.29,0.5,0.0
2026-03-26,JLL,297.13,300.44,305.11,296.32,370900,111346544.0,2.93,0.08,0.25,0.79
2026-03-26,JLQD,41.06,41.04,41.15,41.04,4000,164344.0,0.26,-0.6,-0.25,0.0
2026-03-26,JLS,18.22,17.93,18.24,17.91,18900,342333.0,1.83,-0.46,-0.08,0.0
2026-03-26,JMBS,45.16,44.91,45.22,44.9,1295500,58391936.0,0.7,-0.82,-0.37,0.0
2026-03-26,JMEE,66.89,66.61,67.66,66.51,337700,22546604.0,1.69,-1.48,-1.0,0.0
2026-03-26,JMHI,49.73,49.51,49.73,49.5,22500,1117936.0,0.46,-0.07,-0.03,0.0
2026-03-26,JMIA,6.91,6.79,7.11,6.74,1050600,7229622.0,5.21,-4.37,-0.31,0.85
2026-03-26,JMID,28.78,28.17,28.78,28.17,3100,89169.0,2.1,-2.24,-0.65,0.0
2026-03-26,JMM,5.87,5.78,5.87,5.78,7900,46062.0,1.52,-2.69,-0.16,0.0
2026-03-26,JMMF,100.19,100.18,100.2,100.18,600,69925.0,0.02,0.02,0.02,0.0
2026-03-26,JMOM,68.46,67.47,68.65,67.43,124100,8429127.0,1.76,-2.37,-1.64,0.0
2026-03-26,JMSB,19.75,20.14,20.22,19.75,8100,163572.0,2.36,1.16,0.23,0.06
2026-03-26,JMSI,49.61,49.6,49.65,49.56,33500,1666552.0,0.18,-0.16,-0.08,0.0
2026-03-26,JMST,50.97,50.96,50.98,50.95,948900,48366312.0,0.06,-0.05,-0.02,0.0
2026-03-26,JMTG,50.67,50.49,50.73,50.49,393000,19883668.0,0.48,-0.61,-0.31,0.0
2026-03-26,JMUB,49.94,49.88,49.94,49.87,2031400,101389184.0,0.16,-0.2,-0.1,0.0
2026-03-26,JNEU,29.11,28.87,29.11,28.87,400,12318.0,0.81,-1.38,-0.4,0.0
2026-03-26,JNJ,240.0,239.24,241.65,238.93,5171400,1241443968.0,1.14,-0.29,-0.69,0.21
2026-03-26,JNK,95.29,94.95,95.43,94.78,8017400,762871872.0,0.68,-0.63,-0.6,0.0
2026-03-26,JNUG,165.24,156.51,176.52,156.51,281100,46381636.0,11.09,-13.29,-23.99,0.0
2026-03-26,JOB,0.25,0.25,0.26,0.25,143400,36149.0,3.61,-0.82,-0.0,0.13
2026-03-26,JOBX,21.41,19.48,21.41,19.21,66900,1308607.0,10.08,-10.68,-2.33,0.0
2026-03-26,JOBY,8.83,8.47,8.83,8.4,21530700,183972256.0,4.85,-5.57,-0.5,2.2
2026-03-26,JOE,61.0,60.32,61.95,59.84,231100,13992327.0,3.42,-2.09,-1.29,0.4
2026-03-26,JOET,40.05,39.7,40.24,39.69,16200,649460.0,1.36,-1.69,-0.68,0.0
2026-03-26,JOF,10.73,10.61,10.79,10.59,73200,781002.0,1.85,-1.76,-0.19,0.0
2026-03-26,JOJO,15.46,15.46,15.46,15.46,0,741.0,0.0,-0.76,-0.12,0.0
2026-03-26,JOUT,46.91,47.33,47.58,46.71,60400,2857081.0,1.84,-0.46,-0.22,0.58
2026-03-26,JOYT,53.09,52.8,53.45,52.8,31500,1669085.0,1.21,-1.46,-0.78,0.0
2026-03-26,JOYY,58.0,57.87,59.28,57.65,263100,15200921.0,2.78,-1.31,-0.77,0.53
2026-03-26,JPAN,36.62,35.97,36.62,35.97,2300,84320.0,1.76,-2.49,-0.92,0.0
2026-03-26,JPC,7.82,7.65,7.86,7.65,1793600,13900766.0,2.66,-3.16,-0.25,0.0
2026-03-26,JPEF,71.81,71.21,72.18,71.18,256800,18365500.0,1.38,-1.47,-1.06,0.0
2026-03-26,JPEM,61.22,60.51,61.33,60.49,14300,871108.0,1.35,-2.25,-1.39,0.0
2026-03-26,JPHY,49.91,49.77,49.94,49.77,5100,257158.0,0.35,-0.56,-0.28,0.0
2026-03-26,JPIB,47.72,47.55,47.78,47.53,258600,12327973.0,0.5,-0.71,-0.34,0.0
2026-03-26,JPIE,45.95,45.83,45.95,45.83,865800,39731320.0,0.26,-0.39,-0.18,0.0
2026-03-26,JPIN,69.95,69.26,70.21,69.26,7500,526170.0,1.35,-1.81,-1.28,0.0
2026-03-26,JPLD,52.12,52.05,52.16,52.04,521200,27162048.0,0.22,-0.22,-0.12,0.0
2026-03-26,JPM,292.58,291.66,294.99,290.73,8669100,2533251072.0,1.44,-1.27,-3.76,0.32
2026-03-26,JPMB,39.29,39.03,39.35,39.03,2700,108013.0,0.81,-1.06,-0.42,0.0
2026-03-26,JPME,114.31,113.82,115.11,113.77,14100,1616126.0,1.17,-0.79,-0.9,0.0
2026-03-26,JPO,13.86,13.78,13.86,13.76,3300,45590.0,0.72,-1.38,-0.19,0.0
2026-03-26,JPRE,47.37,47.55,47.83,47.37,9800,469116.0,0.96,0.0,0.0,0.0
2026-03-26,JPSE,52.48,52.23,52.93,52.19,23500,1239702.0,1.4,-1.19,-0.63,0.0
2026-03-26,JPST,50.56,50.52,50.56,50.52,6440000,325481376.0,0.08,-0.08,-0.04,0.0
2026-03-26,JPSV,58.69,58.69,58.69,58.69,100,7757.0,0.0,-0.31,-0.18,0.0
2026-03-26,JPUS,129.77,129.26,130.61,129.25,7600,989368.0,1.04,-0.81,-1.05,0.0
2026-03-26,JPXN,90.78,89.78,91.17,89.76,19300,1747969.0,1.54,-2.09,-1.92,0.0
2026-03-26,JPY,32.94,32.35,32.94,32.35,19800,653272.0,1.79,-2.24,-0.74,0.0
2026-03-26,JQC,4.8,4.72,4.82,4.72,1156900,5495933.0,1.96,-2.48,-0.12,0.0
2026-03-26,JQUA,61.43,60.97,61.86,60.95,878700,53910816.0,1.47,-1.42,-0.88,0.0
2026-03-26,JRE,24.26,24.26,24.26,24.26,0,145.0,0.0,-0.33,-0.08,0.0
2026-03-26,JRI,12.2,12.07,12.23,12.02,196400,2380644.0,1.78,-0.25,-0.03,0.0
2026-03-26,JRS,7.37,7.35,7.43,7.31,104200,769286.0,1.56,-0.14,-0.01,0.0
2026-03-26,JRSH,3.01,2.86,3.1,2.85,35700,105698.0,8.33,-4.67,-0.14,0.28
2026-03-26,JRVR,6.13,6.29,6.36,6.13,192900,1214316.0,3.64,1.78,0.11,0.42
2026-03-26,JSCP,47.13,47.08,47.16,47.06,169300,7977688.0,0.2,-0.27,-0.13,0.0
2026-03-26,JSI,51.6,51.47,51.64,51.46,147000,7573467.0,0.34,-0.44,-0.22,0.0
2026-03-26,JSM,18.16,18.15,18.21,18.06,7400,135387.0,0.86,0.78,0.14,0.0
2026-03-26,JSMD,79.4,78.31,80.12,78.27,136700,10861535.0,2.3,-2.76,-2.23,0.0
2026-03-26,JSML,70.86,69.36,70.88,69.36,12000,848632.0,2.13,-2.67,-1.9,0.0
2026-03-26,JSPR,1.11,1.11,1.14,1.07,401300,446544.0,6.88,1.83,0.02,1.43
2026-03-26,JSPRW,0.02,0.02,0.02,0.02,0,0.0,0.0,0.0,0.0,0.0
2026-03-26,JSTC,19.57,19.35,19.69,19.35,3900,76328.0,1.72,-1.95,-0.38,0.0
2026-03-26,JTAI,0.09,0.09,0.1,0.09,14272900,1304761.0,10.15,-5.02,-0.0,11.97
2026-03-26,JTEK,80.72,78.99,81.25,78.96,287700,22998448.0,2.79,-3.74,-3.07,0.0
2026-03-26,JUCY,22.16,22.14,22.22,22.14,34800,772748.0,0.36,-0.34,-0.08,0.0
2026-03-26,JUDO,25.0,24.73,25.13,24.73,4100,104684.0,0.0,0.0,0.0,0.0
2026-03-26,JULB,25.14,25.01,25.14,25.01,1300,32882.0,0.52,-0.95,-0.24,0.0
2026-03-26,JULH,25.02,24.96,25.02,24.96,1500,39005.0,0.24,-0.42,-0.11,0.0
2026-03-26,JULJ,25.05,25.03,25.05,25.03,1500,38548.0,0.06,-0.12,-0.03,0.0
2026-03-26,JULM,33.56,33.49,33.56,33.49,200,6698.0,0.2,-0.35,-0.12,0.0
2026-03-26,JULP,30.32,30.19,30.32,30.19,4800,147410.0,0.43,-1.04,-0.32,0.0
2026-03-26,JULT,44.06,43.73,44.06,43.73,1300,61141.0,0.75,-1.2,-0.53,0.0
2026-03-26,JULU,28.71,28.43,28.71,28.4,10300,294212.0,1.1,-1.07,-0.31,0.0
2026-03-26,JULW,38.84,38.69,38.86,38.69,11000,426718.0,0.44,-0.67,-0.26,0.0
2026-03-26,JULZ,40.36,39.92,40.36,39.92,1100,45814.0,1.09,-1.47,-0.6,0.0
2026-03-26,JUNM,34.28,34.24,34.28,34.24,2000,69144.0,0.1,-0.29,-0.1,0.0
2026-03-26,JUNP,30.23,30.17,30.23,30.17,3000,92236.0,0.21,-0.94,-0.29,0.0
2026-03-26,JUNS,0.35,0.35,0.37,0.34,54000,19228.0,8.5,-0.48,-0.0,0.16
2026-03-26,JUNT,35.83,35.77,35.83,35.75,200,8985.0,0.22,-1.08,-0.39,0.0
2026-03-26,JUNW,33.21,33.21,33.21,33.21,0,0.0,0.0,-0.65,-0.22,
2026-03-26,JUNZ,31.04,31.04,31.04,31.04,0,62.0,0.0,-1.45,-0.46,0.0
2026-03-26,JUSA,58.39,58.32,58.39,58.32,400,27465.0,0.12,-1.73,-1.03,0.0
2026-03-26,JUST,93.11,91.84,93.12,91.83,4800,448975.0,1.38,-1.5,-1.4,0.0
2026-03-26,JVA,4.46,4.45,4.72,4.27,84200,381938.0,10.04,-1.55,-0.07,1.48
2026-03-26,JVAL,48.79,48.6,49.3,48.57,322000,15724800.0,1.48,-1.25,-0.62,0.0
2026-03-26,JWEL,2.43,2.45,2.46,2.43,700,1950.0,1.18,-3.54,-0.09,0.04
2026-03-26,JXG,3.76,3.78,3.9,3.71,2700,10493.0,4.98,1.28,0.05,0.04
2026-03-26,JXI,84.37,84.52,84.7,84.24,16100,1366299.0,0.55,-0.48,-0.41,0.0
2026-03-26,JXN,107.08,105.94,108.37,104.7,528400,56099288.0,3.41,-1.68,-1.81,0.75
2026-03-26,JXX,24.69,24.5,24.72,24.48,1700,42168.0,0.96,-2.03,-0.51,0.0
2026-03-26,JYD,2.88,2.92,2.93,2.88,4300,12800.0,1.68,-1.68,-0.05,0.05
2026-03-26,JYNT,8.35,8.48,8.56,8.35,32100,273242.0,2.5,0.83,0.07,0.23
2026-03-26,JZ,0.9,0.98,1.04,0.88,44700,42008.0,18.18,11.51,0.1,0.24
2026-03-26,JZXN,1.08,0.99,1.08,0.92,47500,49053.0,14.68,-9.16,-0.1,3.58
2026-03-26,KAI,306.88,299.5,315.0,297.86,171800,52210628.0,5.43,-5.07,-15.98,1.46
2026-03-26,KALA,0.21,0.2,0.22,0.2,2112900,446721.0,10.41,-6.67,-0.01,0.23
2026-03-26,KALU,114.85,114.87,116.74,114.31,142300,16401765.0,2.06,-2.83,-3.35,0.88
2026-03-26,KALV,16.97,18.95,19.27,16.44,2402100,44381516.0,16.51,10.56,1.81,4.69
2026-03-26,KAMO,24.87,24.82,24.87,24.82,7300,182547.0,0.22,-0.33,-0.08,0.0
2026-03-26,KAPA,0.6,0.59,0.6,0.57,47800,27776.0,4.93,-2.32,-0.01,0.23
2026-03-26,KAPR,35.91,35.99,36.01,35.91,4100,150647.0,0.29,-0.12,-0.04,0.0
2026-03-26,KARO,48.62,48.05,50.44,48.05,41600,2034293.0,4.9,-1.44,-0.7,0.13
2026-03-26,KARS,31.81,31.22,31.81,31.22,5000,160501.0,1.84,-2.73,-0.88,0.0
2026-03-26,KAT,53.42,53.42,53.94,53.35,10000,536535.0,1.1,-0.84,-0.45,0.0
2026-03-26,KAUG,26.83,26.67,26.83,26.67,2200,59306.0,0.61,-0.93,-0.25,0.0
2026-03-26,KB,100.86,99.72,101.76,99.58,169300,16986518.0,2.14,-1.99,-2.02,0.05
2026-03-26,KBA,29.6,29.48,29.7,29.45,86600,2557073.0,0.83,-1.86,-0.56,0.0
2026-03-26,KBAB,9.95,9.72,9.95,9.66,5500,53924.0,2.77,-7.13,-0.75,0.0
2026-03-26,KBDC,13.95,13.88,14.12,13.87,219300,3065744.0,1.79,-0.5,-0.07,0.33
2026-03-26,KBDU,20.09,20.09,20.09,20.09,400,8444.0,0.0,-9.73,-2.16,0.0
2026-03-26,KBE,58.73,59.09,59.32,58.57,1698700,100257576.0,1.26,-0.17,-0.1,0.0
2026-03-26,KBFR,24.63,24.57,24.63,24.57,300,8989.0,0.25,-0.03,-0.01,0.0
2026-03-26,KBH,51.62,51.91,52.85,51.51,1534300,79957896.0,2.57,-0.4,-0.21,2.45
2026-03-26,KBON,10.05,10.05,10.06,10.05,400,4723.0,0.1,0.0,0.0,0.0
2026-03-26,KBONU,10.2,10.26,10.35,10.2,12500,128919.0,1.46,0.1,0.01,0.04
2026-03-26,KBONW,0.51,0.51,0.51,0.51,100,72.0,0.0,-20.89,-0.14,0.0
2026-03-26,KBR,37.55,37.53,38.17,37.44,984000,37029228.0,1.93,-0.56,-0.21,0.78
2026-03-26,KBSX,1.48,1.3,1.48,1.29,28500,40264.0,12.84,-12.16,-0.18,0.06
2026-03-26,KBUF,28.0,28.0,28.0,28.0,100,3643.0,0.0,-1.53,-0.43,0.0
2026-03-26,KBWB,78.24,78.07,79.04,77.64,1360200,106487936.0,1.78,-1.18,-0.93,0.0
2026-03-26,KBWD,12.44,12.36,12.56,12.34,292500,3638149.0,1.76,-1.29,-0.16,0.0
2026-03-26,KBWP,118.6,118.62,119.39,118.25,17700,2106190.0,0.96,0.2,0.23,0.0
2026-03-26,KBWY,15.24,15.27,15.45,15.23,136900,2103282.0,1.44,-0.07,-0.01,0.0
2026-03-26,KC,14.52,14.4,15.28,14.28,1336600,19646240.0,6.79,-2.7,-0.4,0.45
2026-03-26,KCAI,31.33,31.33,31.33,31.33,0,1285.0,0.0,-1.2,-0.38,0.0
2026-03-26,KCCA,15.08,15.05,15.08,14.97,44100,663160.0,0.73,-0.03,-0.01,0.0
2026-03-26,KCE,135.44,135.97,136.98,135.44,12000,1644780.0,1.13,-0.4,-0.54,0.0
2026-03-26,KCHV,10.25,10.25,10.25,10.25,0,358.0,0.0,0.0,0.0,0.0
2026-03-26,KCOP,21.4,21.11,21.59,21.08,28100,598932.0,2.34,-4.05,-0.89,0.0
2026-03-26,KCSH,25.1,25.09,25.1,25.09,200,5923.0,0.02,0.0,0.0,0.0
2026-03-26,KD,12.5,12.82,13.04,12.5,3280700,42106664.0,4.27,1.34,0.17,1.46
2026-03-26,KDEC,25.75,25.64,25.82,25.64,7600,197770.0,0.7,-0.93,-0.24,0.0
2026-03-26,KDEF,55.76,53.73,56.05,53.67,140900,7681439.0,4.22,-4.77,-2.69,0.0
2026-03-26,KDK,7.51,7.58,7.7,7.49,390700,2961185.0,2.77,0.4,0.03,0.21
2026-03-26,KDKRW,1.2,1.2,1.27,1.2,204700,254150.0,5.83,0.0,0.0,0.0
2026-03-26,KDP,26.43,26.27,26.67,26.19,9865700,259893760.0,1.84,-0.38,-0.1,0.73
2026-03-26,KDRN,23.15,23.15,23.15,23.15,0,115.0,0.0,-0.15,-0.03,0.0
2026-03-26,KDVD,25.76,25.76,25.76,25.76,0,180.0,0.0,-1.02,-0.26,0.0
2026-03-26,KE,25.14,24.53,25.46,24.47,154000,3811908.0,3.88,-3.95,-1.01,0.64
2026-03-26,KEAT,33.9,33.61,33.9,33.61,500,19715.0,0.86,-0.49,-0.16,0.0
2026-03-26,KELYA,8.81,8.9,9.2,8.81,629000,5632830.0,4.38,-0.11,-0.01,2.03
2026-03-26,KELYB,12.14,12.49,13.0,12.1,4200,52902.0,6.94,-3.92,-0.51,0.13
2026-03-26,KEMQ,22.4,22.13,22.49,22.13,2900,64983.0,1.57,-3.73,-0.86,0.0
2026-03-26,KEMX,40.29,39.49,40.54,39.49,36300,1457803.0,2.56,-3.82,-1.57,0.0
2026-03-26,KEN,80.65,81.2,82.1,80.33,20800,1697485.0,2.18,-0.2,-0.16,0.04
2026-03-26,KEP,15.33,15.06,15.47,15.04,528000,8024537.0,2.73,-3.95,-0.62,0.04
2026-03-26,KEQU,34.32,34.79,35.35,34.0,10200,354822.0,3.97,2.2,0.75,0.36
2026-03-26,KEX,135.12,136.15,137.15,134.03,614200,83660168.0,2.29,0.2,0.27,1.15
2026-03-26,KEY,19.81,19.88,19.99,19.67,10819000,214730128.0,1.58,-0.6,-0.12,0.99
2026-03-26,KEYS,288.94,281.07,290.02,280.33,1024400,290454528.0,3.31,-4.11,-12.05,0.6
2026-03-26,KF,46.4,45.15,46.4,45.05,18800,861793.0,2.83,-5.27,-2.51,
2026-03-26,KFEB,28.26,27.99,28.26,27.99,2700,76143.0,0.96,-1.1,-0.31,0.0
2026-03-26,KFFB,4.49,4.49,4.49,4.49,600,2735.0,0.0,5.65,0.24,0.01
2026-03-26,KFII,10.42,10.43,10.43,10.42,125100,1303807.0,0.1,0.19,0.02,0.32
2026-03-26,KFRC,27.79,28.7,29.08,27.79,185700,5325152.0,4.62,2.72,0.76,1.02
2026-03-26,KFS,10.0,10.19,10.31,10.0,71900,733752.0,3.09,0.79,0.08,0.25
2026-03-26,KFY,62.75,64.06,64.8,62.75,508600,32615512.0,3.25,1.67,1.05,0.98
2026-03-26,KG,11.11,10.85,11.16,10.57,13800,150896.0,5.38,-1.05,-0.11,0.18
2026-03-26,KGC,28.1,27.89,29.24,27.85,8195800,232729424.0,4.77,-3.89,-1.13,0.68
2026-03-26,KGEI,5.45,5.62,5.71,5.43,116900,655670.0,5.22,2.93,0.16,0.33
2026-03-26,KGLD,30.64,30.15,30.95,30.15,65600,1998316.0,2.56,-3.55,-1.11,0.0
2026-03-26,KGRN,28.96,28.6,29.0,28.6,7000,202033.0,1.36,-2.71,-0.8,0.0
2026-03-26,KGS,58.92,58.74,59.33,58.26,783100,46020436.0,1.81,-0.64,-0.38,0.91
2026-03-26,KHC,21.47,21.56,21.94,21.47,14424000,312351136.0,2.19,0.23,0.05,1.22
2026-03-26,KHPI,24.35,24.31,24.51,24.31,53800,1312913.0,0.83,-1.02,-0.25,0.0
2026-03-26,KHYB,23.9,23.84,23.9,23.84,4500,109723.0,0.23,-0.57,-0.14,0.0
2026-03-26,KIDS,16.03,16.35,16.62,16.03,128500,2100868.0,3.64,0.74,0.12,0.51
2026-03-26,KIDZ,2.38,2.54,2.68,2.26,377600,923036.0,17.42,5.39,0.13,30.74
2026-03-26,KIDZW,0.01,0.01,0.01,0.01,106800,1528.0,8.45,-5.63,-0.0,0.0
2026-03-26,KIE,54.41,54.83,55.15,54.41,1997300,109436504.0,1.36,0.42,0.23,0.0
2026-03-26,KIM,22.38,22.26,22.58,22.22,3876700,86623400.0,1.61,-0.67,-0.15,0.58
2026-03-26,KINS,14.51,14.66,14.85,14.5,73900,1085468.0,2.41,0.83,0.12,0.51
2026-03-26,KIO,10.95,10.78,10.97,10.78,247000,2693580.0,1.69,-1.46,-0.16,0.0
2026-03-26,KIQQ,23.29,23.12,23.29,23.12,6600,154894.0,0.74,-1.52,-0.36,0.0
2026-03-26,KITT,0.57,0.54,0.57,0.5,2539200,1368377.0,12.04,-7.23,-0.04,9.05
2026-03-26,KITTW,0.05,0.05,0.06,0.05,13500,711.0,17.4,1.2,0.0,0.0
2026-03-26,KJAN,41.77,41.55,41.83,41.53,3300,141253.0,0.72,-0.79,-0.33,0.0
2026-03-26,KJD,18.38,18.29,18.71,18.29,8600,158654.0,2.22,-3.54,-0.67,0.0
2026-03-26,KJUL,32.03,31.9,32.03,31.89,7000,225646.0,0.42,-0.6,-0.19,0.0
2026-03-26,KJUN,28.13,28.13,28.13,28.13,0,1349.0,0.0,-0.5,-0.14,0.0
2026-03-26,KKR,88.0,89.99,90.96,87.74,7207200,649033472.0,3.62,1.21,1.08,0.81
2026-03-26,KKRS,16.47,16.17,16.63,15.96,95800,1562280.0,4.02,-2.77,-0.46,0.0
2026-03-26,KKRT,24.29,23.53,24.55,23.51,72600,1734938.0,4.28,-3.17,-0.77,0.0
2026-03-26,KLAC,1503.91,1451.13,1514.79,1445.51,1091600,1598772096.0,4.49,-6.0,-92.69,0.83
2026-03-26,KLAG,22.02,20.3,22.02,20.18,24400,510556.0,7.97,-12.03,-2.78,0.0
2026-03-26,KLAR,12.85,12.85,13.2,12.84,5872300,75666736.0,2.81,-0.85,-0.11,0.83
2026-03-26,KLC,2.11,2.16,2.17,2.1,876500,1878854.0,3.47,0.0,0.0,0.74
2026-03-26,KLIC,66.94,64.75,67.44,64.45,463300,30305858.0,4.35,-5.89,-4.05,0.89
2026-03-26,KLIP,26.24,25.9,26.27,25.9,25100,655687.0,1.41,-2.48,-0.66,0.0
2026-03-26,KLMN,26.5,26.39,26.51,26.39,20920400,554005760.0,0.44,-2.23,-0.6,0.0
2026-03-26,KLMT,29.93,29.72,29.93,29.72,100,3748.0,0.71,-1.99,-0.6,0.0
2026-03-26,KLRS,5.98,5.82,6.16,5.68,100500,590377.0,7.81,-4.82,-0.29,0.44
2026-03-26,KLTR,1.29,1.34,1.38,1.27,850300,1141509.0,8.66,5.51,0.07,0.57
2026-03-26,KLXE,2.83,2.79,2.98,2.73,289200,823631.0,8.83,-1.41,-0.04,1.48
2026-03-26,KMAR,29.03,28.97,29.25,28.97,5300,156296.0,0.95,-1.15,-0.34,0.0
2026-03-26,KMAY,28.6,28.6,28.6,28.6,0,0.0,0.0,-0.44,-0.13,
2026-03-26,KMB,99.16,98.85,100.82,98.57,2999200,297768288.0,2.26,-0.51,-0.51,0.9
2026-03-26,KMDA,8.14,8.22,8.29,8.1,71700,588334.0,2.32,0.24,0.02,0.12
2026-03-26,KMI,33.94,34.07,34.4,33.77,11080400,378023296.0,1.85,0.26,0.09,0.5
2026-03-26,KMID,23.81,23.53,23.81,23.53,27200,643811.0,1.17,-1.51,-0.36,0.0
2026-03-26,KMLI,8.48,8.41,8.76,8.31,51100,424279.0,5.29,-1.15,-0.1,0.0
2026-03-26,KMLM,27.73,27.74,27.86,27.62,115900,3218543.0,0.87,0.95,0.26,0.0
2026-03-26,KMPB,22.33,22.51,22.71,22.18,51400,1150657.0,2.37,0.78,0.17,0.0
2026-03-26,KMPR,30.26,31.17,31.28,30.26,760500,23638268.0,3.37,2.63,0.8,1.29
2026-03-26,KMRK,1.76,1.78,1.88,1.76,2400,4477.0,7.02,0.0,0.0,0.01
2026-03-26,KMT,35.83,35.61,36.29,35.52,598000,21363780.0,2.13,-2.09,-0.76,0.78
2026-03-26,KMTS,20.39,19.68,21.22,19.41,271100,5405753.0,8.79,-4.37,-0.9,0.46
2026-03-26,KMX,41.74,42.68,42.74,41.54,2458700,104082720.0,2.86,1.91,0.8,1.73
2026-03-26,KN,26.13,25.87,26.39,25.85,623200,16197932.0,2.01,-2.93,-0.78,0.73
2026-03-26,KNCT,141.06,138.68,141.06,138.68,1000,144937.0,1.67,-2.79,-3.98,0.0
2026-03-26,KNDI,0.86,0.86,0.88,0.85,112100,96563.0,3.16,-0.76,-0.01,0.13
2026-03-26,KNF,86.83,87.1,88.96,86.83,505700,44237804.0,2.42,-0.91,-0.8,0.89
2026-03-26,KNG,48.4,48.38,48.78,48.29,240600,11677432.0,1.0,-1.0,-0.49,0.0
2026-03-26,KNGZ,35.82,35.92,36.28,35.82,6000,219220.0,1.27,-1.02,-0.37,0.0
2026-03-26,KNO,51.66,51.66,51.66,51.66,0,207.0,0.0,-2.3,-1.22,0.0
2026-03-26,KNOP,9.9,9.91,10.69,9.83,366700,3753386.0,8.56,-1.29,-0.13,1.06
2026-03-26,KNOV,28.75,28.63,28.75,28.63,700,21126.0,0.42,-0.95,-0.27,0.0
2026-03-26,KNOW,12.08,12.0,12.08,12.0,8000,96781.0,0.7,-1.11,-0.13,0.0
2026-03-26,KNRG,25.42,25.31,25.44,25.31,1300,35225.0,0.51,-1.11,-0.28,0.0
2026-03-26,KNRX,1.13,1.3,1.42,1.13,70900,93914.0,22.31,0.0,0.0,0.23
2026-03-26,KNSA,45.75,46.78,47.13,45.24,405400,18937030.0,4.12,2.05,0.94,0.53
2026-03-26,KNSL,327.45,335.28,336.51,327.25,231900,77388280.0,2.83,2.46,8.06,1.0
2026-03-26,KNTK,47.72,48.64,48.99,47.31,984300,47813892.0,3.56,3.03,1.43,0.61
2026-03-26,KNX,55.67,55.51,56.62,55.27,2734600,152578944.0,2.4,-1.47,-0.83,1.68
2026-03-26,KO,75.19,74.69,75.75,74.65,11202100,840721536.0,1.46,-0.74,-0.56,0.26
2026-03-26,KOCT,34.08,33.82,34.14,33.82,5200,179892.0,0.94,-0.96,-0.33,0.0
2026-03-26,KOD,35.41,39.76,40.46,33.5,13184200,482457312.0,30.61,74.77,17.01,21.97
2026-03-26,KODK,8.54,8.88,8.89,8.42,1225500,10711557.0,5.39,2.9,0.25,1.26
2026-03-26,KOF,96.48,95.48,96.48,94.27,330200,31519242.0,2.27,-1.99,-1.94,0.02
2026-03-26,KOID,31.49,31.06,31.65,31.03,71500,2246177.0,1.94,-2.91,-0.93,
2026-03-26,KOKU,114.05,114.05,114.05,114.05,100,13856.0,0.0,-1.76,-2.04,
2026-03-26,KOLD,21.3,21.5,21.67,20.51,5316600,112488024.0,5.43,0.61,0.13,0.0
2026-03-26,KOMP,59.94,59.1,60.52,58.98,79100,4700944.0,2.53,-2.86,-1.74,0.0
2026-03-26,KONG,29.63,29.21,29.64,29.21,2200,64879.0,1.46,-1.15,-0.34,0.0
2026-03-26,KOOL,12.98,12.85,12.98,12.85,3800,49903.0,1.01,-2.2,-0.29,0.0
2026-03-26,KOP,37.65,38.77,38.84,37.65,272500,10529657.0,3.14,2.38,0.9,1.39
2026-03-26,KOPN,2.25,1.92,2.27,1.92,4600500,9410682.0,15.22,-16.3,-0.38,2.52
2026-03-26,KORE,9.0,9.0,9.0,8.99,163400,1470740.0,0.11,0.0,0.0,0.93
2026-03-26,KORP,46.48,46.27,46.51,46.26,55700,2584277.0,0.54,-0.79,-0.37,0.0
2026-03-26,KORU,303.46,269.93,307.8,266.03,1557400,451216448.0,12.75,-17.6,-57.67,0.0
2026-03-26,KOS,2.71,2.87,3.0,2.71,31783100,92346920.0,10.9,7.89,0.21,5.49
2026-03-26,KOSS,3.95,3.74,3.96,3.73,17600,68257.0,5.85,-4.84,-0.19,0.19
2026-03-26,KOYN,10.03,10.03,10.03,10.03,2000,20350.0,0.0,-0.1,-0.01,0.01
2026-03-26,KOYNU,10.17,10.15,10.17,10.14,500,5358.0,0.3,0.1,0.01,0.0
2026-03-26,KPDD,8.84,8.65,9.36,8.5,105900,937695.0,9.61,-3.3,-0.3,0.0
2026-03-26,KPHO,22.96,22.75,23.03,22.75,600,14737.0,1.18,-1.34,-0.31,0.0
2026-03-26,KPLT,7.13,7.24,7.29,7.12,12500,89798.0,2.37,0.49,0.04,0.28
2026-03-26,KPLTW,0.0,0.0,0.0,0.0,14800,45.0,3.45,3.45,0.0,0.0
2026-03-26,KPRO,27.25,27.25,27.25,27.25,0,27.0,0.0,-0.19,-0.05,0.0
2026-03-26,KPRX,2.11,1.97,2.11,1.96,30100,59311.0,7.35,-3.43,-0.07,0.76
2026-03-26,KPTI,5.07,5.57,5.61,5.0,4207900,22969952.0,11.71,6.91,0.36,20.38
2026-03-26,KQQQ,24.7,24.12,24.7,24.12,57900,1410890.0,2.32,-2.73,-0.68,0.0
2026-03-26,KR,70.76,71.79,71.86,70.57,4984800,356613600.0,1.83,2.03,1.43,0.81
2026-03-26,KRAQ,9.87,9.86,9.88,9.86,237300,2340788.0,0.23,-0.1,-0.01,0.55
2026-03-26,KRAQU,10.05,10.03,10.07,10.03,115100,1154884.0,0.4,-0.2,-0.02,
2026-03-26,KRAQW,0.58,0.67,0.69,0.45,22000,12844.0,38.87,7.0,0.04,0.0
2026-03-26,KRBN,29.06,29.27,29.65,29.06,20700,607105.0,2.02,0.16,0.05,0.0
2026-03-26,KRC,28.36,28.91,29.17,28.25,2947600,85159664.0,3.21,1.51,0.43,2.49
2026-03-26,KRE,63.98,64.47,64.69,63.91,14882400,958155776.0,1.22,-0.15,-0.1,0.0
2026-03-26,KREF,6.4,6.41,6.53,6.4,870700,5615271.0,2.1,-0.16,-0.01,1.35
2026-03-26,KRG,24.23,24.27,24.51,24.09,1016900,24731056.0,1.73,0.04,0.01,0.49
2026-03-26,KRKR,4.38,4.05,4.59,4.05,24200,104776.0,12.86,-3.57,-0.15,1.23
2026-03-26,KRMA,41.5,41.36,41.76,41.34,5700,240701.0,1.0,-1.29,-0.54,0.0
2026-03-26,KRMD,4.35,4.36,4.47,4.29,45300,198896.0,4.08,-1.13,-0.05,0.1
2026-03-26,KRMN,100.79,86.01,106.3,86.0,2853500,262287056.0,20.38,-13.64,-13.59,2.16
2026-03-26,KRNT,14.92,15.06,15.45,14.82,292300,4413721.0,4.18,-0.07,-0.01,0.64
2026-03-26,KRNY,7.28,7.5,7.53,7.28,478400,3571497.0,3.41,2.18,0.16,0.74
2026-03-26,KRO,6.27,6.51,6.61,6.27,341200,2226229.0,5.28,2.52,0.16,0.3
2026-03-26,KROP,35.0,34.16,35.0,34.16,1900,65322.0,2.45,-0.67,-0.23,0.0
2026-03-26,KROS,11.16,11.08,11.6,11.0,385700,4327113.0,5.25,-2.29,-0.26,1.96
2026-03-26,KRP,14.63,14.63,14.7,14.47,728700,10633440.0,1.55,0.69,0.1,0.68
2026-03-26,KRRO,10.71,10.91,11.1,10.5,121600,1329725.0,5.49,-0.09,-0.01,0.84
2026-03-26,KRSP,10.29,10.28,10.35,10.27,123700,1273164.0,0.78,0.29,0.03,0.27
2026-03-26,KRT,27.99,27.71,28.43,27.49,80000,2224057.0,3.31,-2.4,-0.68,0.4
2026-03-26,KRUS,66.14,67.0,68.34,65.47,245500,16477550.0,4.29,0.13,0.09,2.03
2026-03-26,KRYP,21.18,21.0,21.18,21.0,400,9681.0,0.83,-4.27,-0.94,0.0
2026-03-26,KRYS,249.06,251.4,259.14,249.0,281900,71345536.0,3.98,-1.39,-3.55,0.96
2026-03-26,KSA,38.63,38.41,38.83,38.37,610900,23592638.0,1.21,0.03,0.01,0.0
2026-03-26,KSCP,5.14,5.53,5.96,5.0,1478300,8200806.0,18.46,6.35,0.33,11.25
2026-03-26,KSEP,28.13,28.13,28.13,28.13,0,0.0,0.0,-0.91,-0.26,
2026-03-26,KSLV,31.61,30.85,32.11,30.78,61500,1926535.0,3.98,-7.27,-2.42,0.0
2026-03-26,KSPI,74.5,74.16,75.61,73.32,426200,31849148.0,3.06,-0.82,-0.61,0.22
2026-03-26,KSPY,27.36,27.26,27.45,27.23,7100,196301.0,0.8,-0.8,-0.22,0.0
2026-03-26,KSS,12.59,12.92,13.07,12.43,3796600,48937292.0,5.04,1.73,0.22,3.38
2026-03-26,KSTR,18.36,18.04,18.36,18.02,103100,1875616.0,1.82,-3.68,-0.69,0.0
2026-03-26,KT,21.53,21.38,21.65,21.32,945400,20275264.0,1.51,-1.97,-0.43,0.2
2026-03-26,KTB,68.77,67.32,69.92,67.04,359400,24399206.0,4.14,-3.15,-2.19,0.65
2026-03-26,KTCC,2.84,2.77,2.84,2.69,4400,12328.0,5.61,4.33,0.12,0.04
2026-03-26,KTEC,13.7,13.63,13.73,13.6,42200,576989.0,0.95,-2.94,-0.41,0.0
2026-03-26,KTF,8.93,8.87,8.93,8.87,224800,2005544.0,0.68,-0.67,-0.06,0.0
2026-03-26,KTH,28.83,28.83,28.83,28.83,200,3140.0,0.0,0.0,0.0,0.0
2026-03-26,KTN,25.87,25.88,25.89,25.72,3300,87179.0,0.66,0.58,0.15,0.0
2026-03-26,KTOS,78.38,75.86,79.53,75.15,3024000,232058416.0,5.48,-5.15,-4.12,1.64
2026-03-26,KTTA,0.8,0.78,0.81,0.77,59000,46587.0,6.14,-0.42,-0.0,0.26
2026-03-26,KTUP,20.01,18.22,20.09,18.02,42800,805489.0,10.04,-11.58,-2.39,0.0
2026-03-26,KTWO,9.87,9.88,9.88,9.86,56100,554463.0,0.2,0.1,0.01,0.28
2026-03-26,KTWOR,0.19,0.2,0.2,0.19,25100,4980.0,4.71,4.71,0.01,0.0
2026-03-26,KTWOU,10.05,10.05,10.05,10.04,20200,203187.0,0.1,0.0,0.0,0.14
2026-03-26,KULR,2.47,2.44,2.66,2.41,1075800,2719902.0,10.24,-2.01,-0.05,2.36
2026-03-26,KURA,8.39,8.36,8.63,8.33,1200900,10161632.0,3.51,-2.22,-0.19,1.36
2026-03-26,KURE,16.23,16.23,16.35,16.16,4100,67715.0,1.14,-2.35,-0.39,0.0
2026-03-26,KUST,0.65,0.57,0.65,0.55,139500,82349.0,16.15,-7.02,-0.04,22.05
2026-03-26,KVAC,12.0,12.0,12.0,12.0,0,24.0,0.0,0.0,0.0,0.0
2026-03-26,KVACW,0.05,0.05,0.05,0.05,100,5.0,0.0,0.0,0.0,0.0
2026-03-26,KVHI,8.8,8.81,9.23,8.62,97900,872286.0,6.78,-1.23,-0.11,0.5
2026-03-26,KVLE,24.95,24.83,25.21,24.82,3800,95689.0,1.56,-0.84,-0.21,0.0
2026-03-26,KVUE,17.62,17.57,17.86,17.51,15052100,265277680.0,1.98,-0.51,-0.09,0.79
2026-03-26,KVYO,18.0,19.03,19.3,18.0,3444800,65208612.0,7.17,4.85,0.88,1.13
2026-03-26,KW,10.92,10.93,10.93,10.92,763400,8341370.0,0.09,0.09,0.01,0.55
2026-03-26,KWEB,28.34,28.2,28.66,28.14,24008100,680206848.0,1.78,-3.23,-0.94,0.0
2026-03-26,KWIN,25.47,25.47,25.47,25.4,6900,176865.0,0.27,0.17,0.04,0.0
2026-03-26,KWM,0.65,0.6,0.65,0.59,108600,66477.0,9.68,-3.53,-0.02,0.15
2026-03-26,KWR,125.86,126.1,127.6,125.03,168500,21257084.0,2.04,-0.14,-0.18,0.97
2026-03-26,KWT,36.01,35.82,36.05,35.82,1300,48320.0,0.64,-1.33,-0.48,0.0
2026-03-26,KXI,66.57,66.17,67.0,66.09,54000,3591340.0,1.37,-0.72,-0.48,0.0
2026-03-26,KXIN,6.24,5.9,6.24,5.8,14600,86956.0,7.03,-5.75,-0.36,0.88
2026-03-26,KYIV,10.52,10.21,10.75,10.12,532100,5434738.0,5.92,-4.13,-0.44,0.23
2026-03-26,KYIVW,3.52,3.6,3.6,3.52,1500,5738.0,2.27,2.27,0.08,0.0
2026-03-26,KYLD,18.76,18.39,18.86,18.31,15000,276744.0,2.89,-3.43,-0.65,0.0
2026-03-26,KYMR,77.51,80.18,82.03,77.24,774000,62175124.0,6.08,1.58,1.25,0.95
2026-03-26,KYN,14.19,14.32,14.39,14.19,235100,3368497.0,1.41,0.63,0.09,0.21
2026-03-26,KYNB,6.74,6.54,6.93,6.54,26300,176414.0,5.67,-3.68,-0.25,0.65
2026-03-26,KYTX,7.71,8.03,8.35,7.62,563100,4569753.0,9.19,2.03,0.16,0.93
2026-03-26,KZIA,7.1,7.26,7.42,6.9,91800,653638.0,7.12,-0.55,-0.04,0.8
2026-03-26,KZR,6.48,6.35,6.68,6.35,21900,143555.0,5.09,-2.01,-0.13,0.3
2026-03-26,L,106.51,106.87,107.14,106.15,406100,43376488.0,0.93,0.44,0.47,0.2
2026-03-26,LAB,0.95,0.96,0.98,0.95,1032200,986539.0,3.18,-0.42,-0.0,0.26
2026-03-26,LABD,19.1,18.6,19.26,17.84,6063100,111474048.0,7.63,-0.05,-0.01,0.0
2026-03-26,LABU,150.5,155.01,161.2,149.6,546100,85533888.0,7.49,0.07,0.11,0.0
2026-03-26,LABX,17.51,16.5,18.33,16.5,141300,2421517.0,9.86,-10.81,-2.0,0.0
2026-03-26,LAC,3.94,3.88,4.04,3.86,6345800,24896874.0,4.41,-4.2,-0.17,1.83
2026-03-26,LACG,7.17,6.98,7.39,6.98,2200,16017.0,5.43,-8.07,-0.61,0.0
2026-03-26,LAD,252.7,256.84,257.42,251.13,314100,80314976.0,2.47,1.04,2.64,1.35
2026-03-26,LADR,9.96,9.92,10.02,9.91,867200,8625792.0,1.05,-0.7,-0.07,0.68
2026-03-26,LAES,2.8,2.67,2.82,2.66,5130700,13976496.0,5.57,-6.97,-0.2,2.37
2026-03-26,LAFAU,10.1,10.1,10.1,10.1,800,8180.0,0.0,0.4,0.04,0.01
2026-03-26,LAKE,7.68,7.8,8.0,7.56,149400,1166530.0,5.66,0.26,0.02,1.52
2026-03-26,LALT,23.97,23.89,24.04,23.89,23200,556865.0,0.6,-2.61,-0.64,0.0
2026-03-26,LAMR,126.1,126.49,127.9,125.65,460900,58458856.0,1.78,0.02,0.02,0.45
2026-03-26,LAND,10.3,10.19,10.37,10.12,542900,5535915.0,2.42,-1.36,-0.14,1.31
2026-03-26,LANDO,20.1,20.22,20.31,20.0,7500,152877.0,1.54,0.7,0.14,0.0
2026-03-26,LANDP,19.7,19.74,19.87,19.7,7800,155862.0,0.86,0.2,0.04,0.0
2026-03-26,LANV,1.5,1.5,1.58,1.32,96400,148374.0,16.89,-0.66,-0.01,0.08
2026-03-26,LAPR,25.11,25.12,25.15,25.11,1000,26965.0,0.14,-0.02,-0.0,0.0
2026-03-26,LAR,7.01,6.87,7.35,6.84,2205300,14500001.0,7.13,-4.85,-0.35,1.36
2026-03-26,LARK,24.59,23.79,24.59,23.57,14700,354692.0,4.15,-3.21,-0.79,0.24
2026-03-26,LASE,0.99,0.99,1.02,0.95,859100,851115.0,7.15,1.23,0.01,2.87
2026-03-26,LASR,69.0,63.86,69.65,63.68,1557500,102551480.0,8.32,-11.0,-7.89,2.79
2026-03-26,LATA,9.98,9.99,10.01,9.98,656200,6561806.0,0.3,0.0,0.0,2.85
2026-03-26,LAUR,35.36,35.41,36.14,35.24,1548300,55127176.0,2.54,0.08,0.03,1.08
2026-03-26,LAW,3.84,4.04,4.05,3.84,162900,654081.0,5.54,4.12,0.16,0.26
2026-03-26,LAYS,39.26,37.88,39.28,37.88,2100,84964.0,3.29,-10.77,-4.57,0.0
2026-03-26,LAZ,40.33,41.25,41.52,40.23,1057500,43487456.0,3.15,0.86,0.35,1.13
2026-03-26,LB,72.94,72.77,75.48,72.19,271400,19929006.0,4.56,1.04,0.75,0.35
2026-03-26,LBAY,26.85,26.88,26.88,26.85,500,15056.0,0.12,0.2,0.05,0.0
2026-03-26,LBGJ,0.01,0.01,0.01,0.01,113431400,1246839.0,16.55,-28.97,-0.0,57.09
2026-03-26,LBO,23.38,23.4,23.4,23.38,1300,32021.0,0.07,-0.37,-0.09,0.0
2026-03-26,LBRDA,50.27,50.78,51.39,50.21,146200,7411332.0,2.32,-0.27,-0.14,0.78
2026-03-26,LBRDK,50.72,50.82,51.62,50.21,758700,38549408.0,2.76,-0.24,-0.12,0.61
2026-03-26,LBRDP,23.84,23.88,23.96,23.77,8900,214544.0,0.78,0.34,0.08,0.0
2026-03-26,LBRT,28.53,29.86,29.89,28.27,16246900,471576960.0,5.62,3.68,1.06,10.03
2026-03-26,LBRX,24.11,24.53,24.82,23.25,233000,5675804.0,6.48,1.32,0.32,0.81
2026-03-26,LBTYA,12.2,12.06,12.33,12.02,1610300,19541034.0,2.48,-1.79,-0.22,0.92
2026-03-26,LBTYB,13.7,13.3,13.7,12.68,3900,51137.0,7.88,2.23,0.29,0.03
2026-03-26,LBTYK,11.95,11.71,12.03,11.69,1457200,17204722.0,2.84,-2.25,-0.27,0.99
2026-03-26,LC,14.29,14.39,14.62,14.24,848000,12198447.0,2.61,-1.03,-0.15,0.74
2026-03-26,LCAP,29.2,28.82,29.2,28.82,26800,779165.0,1.29,-1.81,-0.53,0.0
2026-03-26,LCCC,10.3,10.31,10.31,10.3,200,2071.0,0.1,0.29,0.03,0.0
2026-03-26,LCCCR,0.21,0.21,0.21,0.21,0,1.0,0.0,0.05,0.0,0.0
2026-03-26,LCCCU,10.47,10.47,10.47,10.47,1000,10742.0,0.0,0.0,0.0,0.01
2026-03-26,LCDL,2.76,2.45,2.76,2.4,214200,536755.0,12.58,-14.51,-0.42,0.0
2026-03-26,LCDS,62.07,62.07,62.07,62.07,0,1184.0,0.0,-1.65,-1.04,0.0
2026-03-26,LCF,39.18,38.85,39.18,38.84,1700,70034.0,0.86,-1.7,-0.67,0.0
2026-03-26,LCFY,4.57,4.53,4.59,4.53,5500,25316.0,1.43,-0.33,-0.01,0.31
2026-03-26,LCFYW,2.7,2.7,2.7,2.7,0,168.0,0.0,-2.17,-0.06,0.0
2026-03-26,LCID,10.51,9.91,10.51,9.8,6884400,69075488.0,6.65,-7.21,-0.77,2.1
2026-03-26,LCII,121.57,123.75,123.92,121.57,215800,26570874.0,1.91,0.68,0.83,0.89
2026-03-26,LCLG,58.47,58.47,58.47,58.47,0,1762.0,0.0,-3.12,-1.88,0.0
2026-03-26,LCNB,15.77,15.76,15.9,15.63,19700,311813.0,1.71,-0.44,-0.07,0.14
2026-03-26,LCO,25.48,25.48,25.48,25.48,0,0.0,0.0,0.86,0.22,0.0
2026-03-26,LCOW,22.18,22.14,22.18,22.14,800,19588.0,0.18,-1.6,-0.36,0.0
2026-03-26,LCR,37.08,36.99,37.08,36.99,1700,66422.0,0.23,-0.98,-0.37,0.0
2026-03-26,LCTD,54.82,54.06,54.83,53.94,5800,318430.0,1.61,-1.94,-1.07,0.0
2026-03-26,LCTU,70.67,69.59,70.67,69.59,22300,1567010.0,1.52,-1.74,-1.24,0.0
2026-03-26,LCTX,1.53,1.53,1.57,1.51,704000,1076884.0,3.87,-1.29,-0.02,0.28
2026-03-26,LCUT,4.74,4.68,5.11,4.43,160500,744304.0,14.3,-2.3,-0.11,0.71
2026-03-26,LDDR,81.15,81.05,81.15,81.05,300,30026.0,0.12,-0.49,-0.4,0.0
2026-03-26,LDEM,57.36,56.72,57.78,56.72,9100,523901.0,1.83,-2.39,-1.39,0.0
2026-03-26,LDI,1.37,1.39,1.44,1.37,1893600,2652988.0,4.96,-1.42,-0.02,0.57
2026-03-26,LDOS,158.05,157.58,159.87,156.85,611200,96418976.0,1.9,-0.82,-1.3,0.49
2026-03-26,LDP,19.96,19.92,20.22,19.92,86800,1742493.0,1.49,-1.04,-0.21,0.3
2026-03-26,LDRC,25.18,25.14,25.21,25.14,21500,542737.0,0.28,-0.24,-0.06,0.0
2026-03-26,LDRH,24.58,24.52,24.58,24.51,800,21208.0,0.3,-0.41,-0.1,0.0
2026-03-26,LDRI,25.39,25.37,25.42,25.37,1500,40428.0,0.21,0.01,0.0,0.0
2026-03-26,LDRT,25.18,25.12,25.18,25.12,11800,298577.0,0.24,-0.2,-0.05,0.0
2026-03-26,LDRX,29.75,30.42,30.86,29.75,4400,135980.0,3.59,-1.66,-0.51,0.0
2026-03-26,LDSF,18.85,18.81,18.86,18.81,38600,728766.0,0.26,-0.74,-0.14,0.0
2026-03-26,LDUR,95.44,95.27,95.5,95.27,26300,2515424.0,0.24,-0.35,-0.33,0.0
2026-03-26,LE,13.16,13.8,14.09,13.09,862600,11851180.0,7.5,3.45,0.46,2.81
2026-03-26,LEA,120.58,121.95,122.96,120.58,440600,53699656.0,1.95,-0.23,-0.28,0.87
2026-03-26,LEAD,77.16,76.0,77.16,76.0,500,39558.0,1.49,-2.53,-1.97,0.0
2026-03-26,LECO,252.96,251.46,256.9,249.96,316100,80069536.0,2.71,-1.99,-5.1,0.58
2026-03-26,LEDS,1.26,1.21,1.26,1.21,5000,6276.0,4.21,-2.6,-0.03,0.06
2026-03-26,LEE,8.4,8.7,8.83,8.37,34700,301724.0,5.52,3.63,0.31,0.16
2026-03-26,LEG,9.98,9.9,10.12,9.8,760500,7539272.0,3.17,-1.98,-0.2,0.56
2026-03-26,LEGH,19.97,19.88,20.2,19.58,111600,2217602.0,3.05,-1.49,-0.3,0.47
2026-03-26,LEGN,17.42,17.49,17.79,17.31,1491100,26115386.0,2.73,-0.63,-0.11,0.81
2026-03-26,LEGO,9.88,9.87,9.88,9.87,19500,193428.0,0.1,-0.3,-0.03,0.06
2026-03-26,LEGR,57.06,56.83,57.24,56.72,37700,2151675.0,0.9,-1.96,-1.14,0.0
2026-03-26,LEGT,10.98,10.98,10.98,10.97,4500,49971.0,0.14,0.27,0.03,0.02
2026-03-26,LEMB,40.78,40.57,40.83,40.54,422300,17195748.0,0.72,-0.71,-0.29,0.0
2026-03-26,LEN,91.12,91.11,93.38,90.78,2194100,200708624.0,2.82,-1.17,-1.08,1.01
2026-03-26,LENS,44.61,43.91,44.61,43.91,14800,659889.0,1.56,-1.86,-0.83,0.0
2026-03-26,LENZ,8.91,8.94,9.18,8.56,2036400,17928818.0,6.78,-1.43,-0.13,6.49
2026-03-26,LEO,6.1,6.07,6.12,6.07,151700,923957.0,0.9,-1.14,-0.07,0.0
2026-03-26,LESL,1.11,1.07,1.15,1.05,122200,135998.0,8.93,-4.46,-0.05,1.31
2026-03-26,LEU,190.0,193.31,197.4,188.5,534600,102970272.0,4.61,0.03,0.05,2.72
2026-03-26,LEUX,19.96,20.8,21.61,19.88,18900,385424.0,8.26,-0.72,-0.15,0.0
2026-03-26,LEVI,18.35,18.3,18.8,18.26,1665700,30617788.0,2.9,-0.97,-0.18,0.43
2026-03-26,LEXI,35.38,34.92,35.38,34.92,18100,634053.0,1.28,-1.86,-0.66,0.0
2026-03-26,LEXX,0.77,0.75,0.84,0.75,253400,200486.0,11.62,-3.15,-0.02,1.02
2026-03-26,LFAC,9.93,9.93,9.93,9.93,442100,4390707.0,0.0,0.03,0.0,0.3
2026-03-26,LFACW,0.26,0.26,0.26,0.26,900,234.0,0.0,-2.03,-0.01,0.0
2026-03-26,LFAI,151.07,151.07,151.07,151.07,0,755.0,0.0,-0.73,-1.1,0.0
2026-03-26,LFAO,164.78,164.78,164.78,164.78,0,330.0,0.0,-0.72,-1.19,0.0
2026-03-26,LFAW,175.94,175.94,175.94,175.94,0,0.0,0.0,-0.96,-1.7,
2026-03-26,LFBE,185.59,185.59,185.59,185.59,0,0.0,0.0,-1.45,-2.73,
2026-03-26,LFCR,4.19,3.87,4.3,3.86,397900,1598510.0,10.5,-7.64,-0.32,1.06
2026-03-26,LFDR,185.67,185.67,185.67,185.67,0,372.0,0.0,-0.73,-1.36,0.0
2026-03-26,LFEQ,52.01,51.31,52.01,51.31,900,47632.0,1.34,-1.71,-0.9,
2026-03-26,LFGY,21.0,20.45,21.13,20.38,57000,1168478.0,3.54,-3.36,-0.71,0.0
2026-03-26,LFMD,3.85,3.94,4.18,3.8,995100,3948393.0,9.74,1.03,0.04,2.07
2026-03-26,LFMDP,23.1,23.1,23.1,23.1,0,2071.0,0.0,0.0,0.0,0.0
2026-03-26,LFS,2.6,2.57,2.61,2.41,32800,84007.0,7.95,2.19,0.05,0.13
2026-03-26,LFSC,34.03,33.94,34.29,33.94,3200,112429.0,1.04,-0.82,-0.28,0.0
2026-03-26,LFST,6.59,6.69,6.74,6.59,1972100,13182829.0,2.18,0.6,0.04,0.51
2026-03-26,LFT,1.26,1.26,1.3,1.19,188300,233306.0,8.87,1.61,0.02,0.36
2026-03-26,LFUS,345.57,337.73,347.64,335.91,205000,69574392.0,3.33,-4.09,-14.39,0.81
2026-03-26,LFVN,4.26,4.29,4.38,4.26,45300,195812.0,2.8,0.0,0.0,0.35
2026-03-26,LFWD,6.53,6.3,6.64,6.3,2900,19057.0,5.28,-3.52,-0.23,0.19
2026-03-26,LGCB,1.51,1.54,1.57,1.51,31300,48066.0,3.97,1.99,0.03,0.26
2026-03-26,LGCF,34.22,34.22,34.22,34.22,0,68.0,0.0,-0.0,-0.0,0.0
2026-03-26,LGCL,1.53,1.53,1.53,1.53,1100,1928.0,0.0,-4.38,-0.07,0.0
2026-03-26,LGCY,13.16,12.95,13.25,12.85,19900,260376.0,3.02,-2.19,-0.29,0.16
2026-03-26,LGDX,21.7,21.7,21.7,21.7,0,109.0,0.0,-1.77,-0.39,0.0
2026-03-26,LGH,57.52,57.13,57.69,57.12,26800,1539535.0,0.99,-1.22,-0.71,0.0
2026-03-26,LGHL,0.96,0.88,0.96,0.88,37900,34392.0,9.07,-0.22,-0.0,7.48
2026-03-26,LGHT,8.77,8.76,8.88,8.76,8500,75895.0,1.36,-0.36,-0.03,0.0
2026-03-26,LGI,17.18,16.46,17.22,16.41,116600,1961199.0,4.67,-4.58,-0.79,0.0
2026-03-26,LGIH,39.61,39.36,41.49,39.1,615500,24543584.0,6.09,0.05,0.02,2.66
2026-03-26,LGL,7.38,7.26,7.38,7.26,2000,15219.0,1.6,-3.07,-0.23,0.04
2026-03-26,LGLV,177.33,177.48,178.99,177.33,45200,8049869.0,0.93,-0.35,-0.63,0.0
2026-03-26,LGN,55.59,52.98,55.61,52.72,1580100,84807352.0,5.18,-5.07,-2.83,1.5
2026-03-26,LGND,204.99,203.7,207.89,202.29,214300,43990256.0,2.74,-0.42,-0.86,1.07
2026-03-26,LGO,1.22,1.15,1.23,1.15,816100,963032.0,6.56,-5.74,-0.07,0.98
2026-03-26,LGOV,21.41,21.28,21.74,20.78,206300,4405309.0,4.43,-1.25,-0.27,0.0
2026-03-26,LGPS,0.72,0.72,0.72,0.72,1800,1395.0,0.0,0.0,0.0,0.01
2026-03-26,LGRO,37.21,36.66,37.21,36.66,3000,113392.0,1.47,-1.59,-0.59,0.0
2026-03-26,LGVN,0.96,0.97,0.99,0.94,549800,530264.0,5.14,-0.02,-0.0,2.36
2026-03-26,LH,264.89,268.38,271.78,264.64,389800,104932520.0,2.68,0.89,2.36,0.47
2026-03-26,LHAI,1.16,1.15,1.21,1.15,77000,90239.0,5.13,-1.71,-0.02,0.47
2026-03-26,LHSW,0.18,0.17,0.19,0.17,1141600,200530.0,10.8,1.99,0.0,2.21
2026-03-26,LHX,348.99,349.34,353.94,347.64,916700,321248224.0,1.79,-0.76,-2.68,0.49
2026-03-26,LI,17.63,17.58,17.75,17.51,2294400,40442960.0,1.33,-2.77,-0.5,0.21
2026-03-26,LIAE,207.13,207.13,207.13,207.13,0,0.0,0.0,-0.49,-1.02,
2026-03-26,LIAM,234.99,234.78,234.99,234.78,100,23733.0,0.09,-0.52,-1.23,0.0
2026-03-26,LIAU,259.67,259.67,259.67,259.67,0,0.0,0.0,-0.55,-1.43,
2026-03-26,LIBD,275.93,275.93,275.93,275.93,0,1103.0,0.0,-0.52,-1.43,0.0
2026-03-26,LICN,4.55,5.39,5.42,4.5,108000,522873.0,21.6,26.64,1.13,0.66
2026-03-26,LIDR,2.02,1.93,2.08,1.93,1454100,2887232.0,7.28,-6.31,-0.13,3.21
2026-03-26,LIDRW,0.04,0.03,0.05,0.03,83600,3013.0,37.65,-29.01,-0.01,0.0
2026-03-26,LIEN,9.64,9.62,9.79,9.59,99200,957656.0,2.06,-0.72,-0.07,0.43
2026-03-26,LIF,39.54,39.68,41.6,39.22,1076300,43304160.0,5.89,-1.73,-0.7,1.34
2026-03-26,LIFE,10.5,10.1,10.6,9.97,393300,4046379.0,5.9,-5.43,-0.58,0.63
2026-03-26,LIFT,26.49,26.49,26.49,26.49,0,1646.0,0.0,-0.13,-0.04,0.0
2026-03-26,LII,476.83,438.3,481.95,437.86,973900,438446080.0,9.15,-9.01,-43.38,2.8
2026-03-26,LILA,8.29,8.32,8.48,8.29,265400,2222731.0,2.26,-1.19,-0.1,0.64
2026-03-26,LILAK,8.43,8.39,8.53,7.75,446800,3768525.0,9.19,-1.18,-0.1,0.28
2026-03-26,LIMI,46.9,46.9,46.9,46.9,0,2843.0,0.0,-2.35,-1.13,0.0
2026-03-26,LIMN,0.2,0.2,0.2,0.19,638100,126178.0,5.11,-0.31,-0.0,1.62
2026-03-26,LIMNW,0.04,0.04,0.04,0.04,1600,65.0,0.0,0.0,0.0,0.0
2026-03-26,LIN,491.25,495.49,500.31,491.15,3051600,1514224256.0,1.86,0.64,3.15,0.66
2026-03-26,LINC,41.3,40.85,42.13,40.8,264400,10933867.0,3.2,-1.83,-0.76,0.83
2026-03-26,LIND,18.47,18.16,18.66,17.91,495800,9007895.0,4.04,-2.26,-0.42,0.76
2026-03-26,LINE,34.43,33.65,35.06,33.59,968300,32894660.0,4.21,-3.55,-1.24,0.43
2026-03-26,LINK,2.88,3.03,3.12,2.8,12300,36493.0,10.3,-2.42,-0.08,0.08
2026-03-26,LINT,36.28,32.82,36.52,32.5,143300,4900738.0,10.62,-13.33,-5.05,0.0
2026-03-26,LION,9.58,9.39,9.58,9.34,891500,8412396.0,2.5,-2.09,-0.2,0.31
2026-03-26,LIQT,1.32,1.78,1.95,1.32,1057700,1788920.0,46.67,31.85,0.43,10.63
2026-03-26,LIT,71.03,70.36,71.86,70.26,178000,12627054.0,2.22,-2.3,-1.66,0.0
2026-03-26,LITB,2.25,2.16,2.3,2.08,8000,18178.0,9.57,-6.09,-0.14,0.04
2026-03-26,LITE,744.85,688.8,753.66,687.58,6305600,4503078400.0,8.5,-11.37,-88.37,8.83
2026-03-26,LITL,28.76,28.68,28.76,28.68,500,15644.0,0.26,-1.03,-0.3,0.0
2026-03-26,LITP,12.6,12.39,12.95,12.38,53000,664177.0,4.38,-4.77,-0.62,0.0
2026-03-26,LITS,1.2,1.16,1.22,1.15,154400,182559.0,5.0,-3.33,-0.04,0.42
2026-03-26,LITX,34.0,28.62,34.64,28.51,4012900,122021088.0,16.79,-21.59,-7.88,0.0
2026-03-26,LIVE,11.9,13.05,13.05,11.9,1800,23744.0,8.51,-3.41,-0.46,0.06
2026-03-26,LIVN,63.27,63.65,64.88,62.97,768600,49274256.0,3.02,0.55,0.35,1.41
2026-03-26,LIXT,2.96,2.96,3.02,2.85,76300,224999.0,5.69,-0.84,-0.03,0.95
2026-03-26,LJAN,24.25,24.2,24.27,24.18,17600,427509.0,0.38,-0.48,-0.12,0.0
2026-03-26,LJUL,23.9,23.9,23.9,23.9,500,12977.0,0.0,-0.06,-0.02,0.0
2026-03-26,LKFN,56.39,56.96,57.0,55.67,99200,5638477.0,2.34,0.28,0.16,0.39
2026-03-26,LKOR,41.35,41.22,41.35,41.19,1100,47176.0,0.39,-0.93,-0.39,0.0
2026-03-26,LKQ,29.45,29.65,29.99,29.3,2233300,66124476.0,2.35,0.54,0.16,0.88
2026-03-26,LKSPR,1.4,1.15,1.4,1.11,1900,2122.0,21.32,-15.44,-0.21,0.0
2026-03-26,LKSPU,10.12,10.12,10.12,10.12,200,2202.0,0.0,0.0,0.0,0.0
2026-03-26,LLDR,45.02,44.76,45.02,44.74,800,36195.0,0.62,-0.79,-0.35,0.0
2026-03-26,LLII,21.54,21.13,21.54,21.13,4400,93939.0,1.9,-2.17,-0.47,0.0
2026-03-26,LLY,912.38,897.0,916.35,896.29,2163100,1951127168.0,2.19,-2.11,-19.31,0.23
2026-03-26,LLYVA,91.41,89.49,92.57,89.32,84700,7643749.0,3.52,-3.09,-2.85,0.3
2026-03-26,LLYVK,94.35,91.72,95.04,91.69,372500,34363284.0,3.53,-3.44,-3.27,0.58
2026-03-26,LLYX,17.07,16.58,17.26,16.56,109100,1829437.0,4.05,-4.16,-0.72,0.0
2026-03-26,LMAT,110.79,110.33,113.6,109.85,302900,33817948.0,3.37,-0.68,-0.75,1.33
2026-03-26,LMB,80.97,80.33,85.62,78.51,309700,24945194.0,8.57,-3.19,-2.65,2.65
2026-03-26,LMBO,17.48,16.72,17.96,16.63,10600,182780.0,7.34,-7.69,-1.39,0.0
2026-03-26,LMBS,49.66,49.57,49.76,49.56,787600,39096900.0,0.41,-0.78,-0.39,0.0
2026-03-26,LMFA,0.32,0.32,0.34,0.31,306800,99205.0,6.55,0.31,0.0,2.01
2026-03-26,LMND,65.92,65.99,69.25,65.19,1469300,98491912.0,6.05,-1.67,-1.12,1.92
2026-03-26,LMNR,13.39,13.6,13.71,13.39,37200,505950.0,2.38,1.04,0.14,
2026-03-26,LMNX,20.78,20.6,22.19,20.09,42600,905345.0,9.92,-2.72,-0.58,0.09
2026-03-26,LMRI,8.4,7.76,10.92,7.59,2549700,22422112.0,30.11,-29.84,-3.3,2.65
2026-03-26,LMT,619.8,627.33,632.92,619.8,1262400,791001984.0,2.1,0.5,3.13,0.55
2026-03-26,LMTL,47.33,48.45,49.38,47.33,25300,1229229.0,4.27,0.77,0.37,0.0
2026-03-26,LMTS,16.55,16.43,16.55,16.43,700,12129.0,0.7,-0.32,-0.05,0.0
2026-03-26,LMUB,49.79,49.62,49.79,49.54,158600,7873836.0,0.5,-0.36,-0.18,0.0
2026-03-26,LNAI,0.92,0.49,0.95,0.48,257635500,176714672.0,115.87,22.94,0.09,1065.17
2026-03-26,LNC,35.74,35.83,36.7,35.66,2219500,79917712.0,2.89,-0.28,-0.1,1.17
2026-03-26,LND,3.98,3.92,4.02,3.92,83700,332345.0,2.51,-1.75,-0.07,0.08
2026-03-26,LNG,287.56,291.4,292.38,286.3,2847300,826986176.0,2.14,2.46,7.01,1.35
2026-03-26,LNGX,47.82,48.01,48.46,47.6,69300,3310998.0,1.82,1.65,0.78,0.0
2026-03-26,LNKB,8.15,8.28,8.3,8.15,53300,440112.0,1.76,0.49,0.04,
2026-03-26,LNKS,0.03,0.03,0.03,0.02,220171900,5393986.0,13.98,-10.39,-0.0,1638.79
2026-03-26,LNN,119.35,120.51,121.07,119.35,70700,8508888.0,1.43,-0.02,-0.03,0.68
2026-03-26,LNOK,33.38,31.24,33.38,31.24,1800,59778.0,6.64,-3.18,-1.02,0.0
2026-03-26,LNSR,5.55,5.52,5.64,5.5,65300,362687.0,2.6,-1.08,-0.06,0.55
2026-03-26,LNT,69.77,70.26,70.47,69.63,1342300,94282360.0,1.21,0.7,0.49,0.52
2026-03-26,LNTH,75.01,76.36,76.64,74.85,858800,65455156.0,2.37,0.97,0.73,1.32
2026-03-26,LNZA,21.17,20.1,21.17,17.79,31900,629139.0,15.79,-6.03,-1.29,1.38
2026-03-26,LNZAW,0.01,0.01,0.01,0.01,30500,372.0,9.23,-3.85,-0.0,0.0
2026-03-26,LOAN,4.33,4.35,4.43,4.27,19600,85544.0,3.79,0.46,0.02,0.17
2026-03-26,LOAR,58.49,57.26,59.59,56.63,1092800,63267924.0,4.97,-3.78,-2.25,1.17
2026-03-26,LOB,32.48,32.68,32.85,32.32,219600,7172741.0,1.61,-0.43,-0.14,0.48
2026-03-26,LOBO,0.4,0.43,0.45,0.39,82400,34489.0,13.37,-3.13,-0.01,0.66
2026-03-26,LOCL,1.3,1.14,1.3,1.11,13400,15847.0,16.52,-0.87,-0.01,0.06
2026-03-26,LOCO,14.24,14.12,14.35,14.04,373100,5290909.0,2.13,-1.47,-0.21,
2026-03-26,LOCT,23.62,23.6,23.62,23.57,5100,122545.0,0.21,-0.39,-0.09,0.0
2026-03-26,LODE,3.25,3.09,3.39,3.07,1939400,6184596.0,9.97,-3.74,-0.12,2.62
2026-03-26,LODI,25.23,25.22,25.27,25.21,15200,383543.0,0.24,-0.06,-0.01,0.0
2026-03-26,LOGI,93.07,92.58,94.44,92.48,859400,80181688.0,2.09,-1.42,-1.33,0.59
2026-03-26,LOGO,18.91,18.75,18.91,18.75,400,7584.0,0.85,-1.82,-0.35,0.0
2026-03-26,LOKV,10.36,10.36,10.38,10.36,63200,655811.0,0.19,-0.03,-0.0,0.23
2026-03-26,LOKVW,1.4,1.5,1.5,1.04,25200,34318.0,30.33,-0.01,-0.0,0.0
2026-03-26,LOMA,10.72,10.37,11.08,10.23,382300,4019932.0,7.85,-4.25,-0.46,0.33
2026-03-26,LONA,8.9,9.68,9.79,8.76,125900,1174833.0,11.41,7.2,0.65,1.35
2026-03-26,LONZ,49.39,49.31,49.39,49.3,7200,356778.0,0.18,-0.23,-0.11,0.0
2026-03-26,LOOP,1.28,1.36,1.37,1.25,501900,675309.0,9.98,4.62,0.06,1.04
2026-03-26,LOPE,170.05,169.43,173.26,169.41,189500,32325508.0,2.26,-0.7,-1.19,0.7
2026-03-26,LOPP,34.3,34.3,34.3,34.3,0,2177.0,0.0,-2.26,-0.79,0.0
2026-03-26,LOT,1.18,1.16,1.21,1.13,64200,75160.0,6.81,-1.28,-0.01,0.01
2026-03-26,LOTI,25.38,25.34,25.38,25.34,8500,217009.0,0.17,-0.58,-0.15,0.0
2026-03-26,LOUP,70.88,69.39,71.15,69.36,12900,907477.0,2.48,-3.76,-2.71,0.0
2026-03-26,LOVE,13.7,13.76,14.41,13.23,1232900,16925762.0,10.48,21.88,2.47,8.43
2026-03-26,LOW,234.17,236.03,238.52,233.87,2113700,498363936.0,1.97,-0.06,-0.15,0.38
2026-03-26,LOWV,74.3,73.32,74.3,73.28,8400,622520.0,1.37,-1.27,-0.94,0.0
2026-03-26,LPA,3.02,3.52,3.55,3.0,78400,263616.0,18.15,16.17,0.49,0.25
2026-03-26,LPAA,10.71,10.71,10.71,10.71,0,21.0,0.0,0.0,0.0,0.0
2026-03-26,LPAAW,0.14,0.14,0.14,0.14,900,143.0,0.0,-1.43,-0.0,0.0
2026-03-26,LPBB,10.63,10.63,10.64,10.62,3300,35343.0,0.19,0.33,0.03,0.01
2026-03-26,LPBBW,0.17,0.15,0.17,0.08,12600,1615.0,42.73,-28.04,-0.06,0.0
2026-03-26,LPCN,7.43,7.4,7.6,7.34,32000,238046.0,3.57,-0.4,-0.03,0.44
2026-03-26,LPCV,9.91,9.91,9.91,9.91,100,1526.0,0.0,0.1,0.01,0.0
2026-03-26,LPCVW,0.23,0.23,0.23,0.22,1700,393.0,5.0,15.06,0.03,0.0
2026-03-26,LPG,34.2,33.33,34.49,33.19,468400,15744024.0,3.85,-1.27,-0.43,1.1
2026-03-26,LPL,3.94,3.85,3.96,3.83,2710700,10504597.0,3.28,-6.55,-0.27,0.27
2026-03-26,LPLA,298.68,303.72,305.83,298.68,635600,192751040.0,2.38,1.01,3.04,0.79
2026-03-26,LPRE,26.22,26.04,26.22,26.0,4400,116558.0,0.84,-0.15,-0.04,0.0
2026-03-26,LPRO,1.28,1.21,1.28,1.2,301100,364761.0,6.8,-3.2,-0.04,0.26
2026-03-26,LPSN,2.57,2.68,2.78,2.56,194800,524139.0,8.54,4.69,0.12,1.62
2026-03-26,LPTH,11.56,10.99,11.93,10.89,1357600,15335674.0,8.74,-8.03,-0.96,2.35
2026-03-26,LPX,73.72,72.47,75.69,72.39,852300,62263880.0,4.43,-2.61,-1.94,1.22
2026-03-26,LQAI,38.09,38.09,38.09,38.09,0,3504.0,0.0,-1.63,-0.63,0.0
2026-03-26,LQD,108.28,107.88,108.58,107.84,42072700,4550312960.0,0.68,-0.78,-0.85,0.0
2026-03-26,LQDA,36.6,36.77,38.25,36.21,900800,33521786.0,5.59,0.44,0.16,1.02
2026-03-26,LQDB,85.71,85.55,85.79,85.55,1700,149486.0,0.28,-0.61,-0.53,0.0
2026-03-26,LQDH,92.1,91.96,92.22,91.92,31800,2933935.0,0.33,-0.16,-0.15,0.0
2026-03-26,LQDI,26.01,25.94,26.01,25.94,3400,88975.0,0.29,-0.42,-0.11,0.0
2026-03-26,LQDT,30.17,29.8,30.71,29.79,111700,3358296.0,3.01,-2.23,-0.68,0.36
2026-03-26,LQDW,24.01,23.96,24.07,23.93,44600,1073322.0,0.58,-0.52,-0.12,0.0
2026-03-26,LQIG,94.25,93.85,94.25,93.85,300,35981.0,0.42,-0.74,-0.7,0.0
2026-03-26,LQTI,19.47,19.4,19.49,19.37,172400,3345336.0,0.61,-0.61,-0.12,0.0
2026-03-26,LRCU,34.54,30.69,34.6,30.68,126000,3995646.0,10.4,-18.62,-7.02,0.0
2026-03-26,LRCX,225.74,211.62,226.88,211.38,13460500,2891027712.0,6.64,-9.35,-21.83,1.08
2026-03-26,LRE,1.39,1.4,1.41,1.35,4400,6054.0,4.09,-1.04,-0.01,0.03
2026-03-26,LRGC,73.75,72.89,73.9,72.88,227100,16662409.0,1.38,-1.74,-1.29,0.0
2026-03-26,LRGE,75.53,74.63,75.92,74.63,24900,1879465.0,1.69,-2.33,-1.78,0.0
2026-03-26,LRGF,66.11,65.46,66.39,65.43,217000,14297568.0,1.45,-1.67,-1.11,0.0
2026-03-26,LRGG,25.57,25.38,25.78,25.37,17900,458039.0,1.6,-1.24,-0.32,0.0
2026-03-26,LRHC,0.65,0.62,0.68,0.6,326900,205291.0,11.03,-8.25,-0.06,61.11
2026-03-26,LRMR,4.59,4.85,4.85,4.58,1200900,5738102.0,5.77,3.63,0.17,1.16
2026-03-26,LRN,88.16,87.86,89.42,86.8,367000,32267758.0,2.96,-0.84,-0.74,0.86
2026-03-26,LRND,36.99,36.87,37.24,36.86,1300,48683.0,1.02,-2.48,-0.94,0.0
2026-03-26,LRNZ,40.53,40.09,40.87,40.09,3300,135028.0,1.9,-2.41,-0.99,0.0
2026-03-26,LSAF,45.89,45.93,46.21,45.74,8500,390504.0,1.02,-0.29,-0.13,0.0
2026-03-26,LSAK,5.07,4.9,5.15,4.8,75000,370251.0,6.84,-4.3,-0.22,0.09
2026-03-26,LSAT,39.35,39.49,39.89,39.35,6400,254085.0,1.37,-0.06,-0.02,0.0
2026-03-26,LSBK,15.29,15.29,15.29,15.21,5100,79224.0,0.5,-0.65,-0.1,0.07
2026-03-26,LSCC,98.86,94.92,99.3,94.63,1249800,119996608.0,4.64,-5.76,-5.8,0.91
2026-03-26,LSE,5.03,4.52,5.03,4.48,2600,12234.0,12.06,-0.88,-0.04,0.02
2026-03-26,LSEQ,32.84,32.64,32.84,32.64,500,17931.0,0.59,-0.88,-0.29,0.0
2026-03-26,LSF,2.38,2.25,2.46,2.2,131200,302065.0,11.61,0.45,0.01,1.23
2026-03-26,LSGR,39.4,38.87,39.62,38.84,80600,3168642.0,1.97,-2.4,-0.96,0.0
2026-03-26,LSH,0.77,0.76,0.78,0.74,17600,14377.0,5.38,-6.22,-0.05,0.05
2026-03-26,LSPD,8.74,8.72,9.11,8.72,1909100,16884750.0,4.41,-1.47,-0.13,1.39
2026-03-26,LST,40.67,40.11,40.67,40.09,6900,280446.0,1.42,-1.85,-0.75,0.0
2026-03-26,LSTA,5.01,5.02,5.02,5.01,6300,31625.0,0.2,0.2,0.01,0.07
2026-03-26,LSTR,155.83,156.37,158.09,154.67,299100,46816016.0,2.18,-0.45,-0.7,0.88
2026-03-26,LSVD,29.16,29.16,29.16,29.16,100,3378.0,0.0,-1.46,-0.43,0.0
2026-03-26,LTAX,24.54,24.54,24.54,24.54,0,0.0,0.0,-0.72,-0.18,
2026-03-26,LTBR,10.84,10.98,11.25,10.81,467100,5124507.0,3.86,-2.83,-0.32,1.37
2026-03-26,LTC,37.22,37.16,37.58,37.03,387500,14459966.0,1.47,-0.24,-0.09,0.8
2026-03-26,LTCC,13.4,13.26,13.42,13.24,8100,109125.0,1.28,-3.62,-0.5,0.0
2026-03-26,LTH,26.27,26.58,26.95,26.18,1695800,45156536.0,2.91,0.61,0.16,0.76
2026-03-26,LTL,24.55,23.85,24.72,23.83,3900,94397.0,3.55,-4.73,-1.18,0.0
2026-03-26,LTM,49.29,48.69,50.28,48.43,778900,38254008.0,3.74,-1.91,-0.95,0.27
2026-03-26,LTPZ,51.16,50.94,51.29,50.93,164000,8374341.0,0.71,-0.55,-0.28,0.0
2026-03-26,LTRN,2.19,2.09,2.19,2.06,31900,66903.0,5.86,-5.86,-0.13,0.29
2026-03-26,LTRX,5.95,5.57,6.05,5.56,456700,2624271.0,8.06,-8.39,-0.51,1.15
2026-03-26,LTRYW,0.01,0.01,0.01,0.01,41500,541.0,39.86,-8.7,-0.0,0.0
2026-03-26,LTTI,18.73,18.63,18.73,18.59,600,12656.0,0.75,-0.54,-0.1,0.0
2026-03-26,LU,1.9,1.89,1.99,1.88,2012700,3904086.0,5.7,-2.07,-0.04,0.23
2026-03-26,LUCD,1.19,1.15,1.24,1.15,508400,597894.0,7.56,-3.36,-0.04,0.29
2026-03-26,LUCK,8.24,8.0,8.46,7.96,57900,471959.0,6.14,-1.72,-0.14,0.04
2026-03-26,LUCY,1.13,1.09,1.13,1.09,66100,73537.0,3.67,0.0,0.0,1.05
2026-03-26,LUCYW,0.07,0.07,0.07,0.07,1000,69.0,0.0,6.74,0.0,0.0
2026-03-26,LUD,3.72,3.56,4.04,3.5,143300,550449.0,12.68,-16.43,-0.7,0.64
2026-03-26,LULG,12.89,12.01,13.22,11.96,40400,508151.0,9.53,-9.22,-1.22,0.0
2026-03-26,LULU,157.99,151.39,160.1,151.23,3015700,464333888.0,5.59,-4.62,-7.33,2.73
2026-03-26,LUMN,6.87,6.76,6.95,6.72,7613800,51804552.0,3.37,-3.01,-0.21,0.74
2026-03-26,LUNG,1.28,1.24,1.32,1.23,496200,630558.0,6.92,-4.62,-0.06,1.17
2026-03-26,LUNL,13.97,12.99,14.48,12.74,597100,7992593.0,11.68,-12.76,-1.9,0.0
2026-03-26,LUNR,19.97,19.23,20.24,19.02,11040600,215321456.0,5.94,-6.42,-1.32,5.09
2026-03-26,LUV,39.78,39.53,40.28,39.01,5037100,198813184.0,3.16,-1.64,-0.66,
2026-03-26,LUXE,8.22,8.13,8.55,8.12,118000,956889.0,5.06,-3.21,-0.27,0.09
2026-03-26,LVDS,50.65,50.22,50.65,50.22,1000,54558.0,0.85,-0.95,-0.48,0.0
2026-03-26,LVHD,42.37,42.46,42.72,42.37,16500,705071.0,0.84,0.08,0.03,0.0
2026-03-26,LVHI,39.72,39.52,39.88,39.51,879900,34932908.0,0.93,-0.88,-0.35,0.0
2026-03-26,LVIG,98.22,97.93,98.22,97.93,56300,5530678.0,0.3,-0.64,-0.63,0.0
2026-03-26,LVLN,24.69,24.64,24.69,24.58,2500,61698.0,0.45,-0.22,-0.06,0.0
2026-03-26,LVLU,13.54,13.92,14.91,13.54,14200,200148.0,9.91,0.65,0.09,0.51
2026-03-26,LVO,4.97,4.89,5.15,4.71,80000,391450.0,8.58,-4.68,-0.24,0.66
2026-03-26,LVS,53.62,52.4,53.94,52.01,3828200,201618256.0,3.56,-3.27,-1.77,0.57
2026-03-26,LVWR,1.39,1.37,1.43,1.32,159900,216026.0,7.73,-0.72,-0.01,
2026-03-26,LW,41.6,40.83,42.25,40.76,1810600,74700712.0,3.57,-2.3,-0.96,1.3
2026-03-26,LWAC,10.19,10.19,10.19,10.19,2400,25362.0,0.0,-0.1,-0.01,0.01
2026-03-26,LWAY,18.56,18.55,18.6,18.09,68000,1257374.0,2.72,-1.22,-0.23,0.45
2026-03-26,LWLG,8.19,7.84,8.24,7.55,7953300,62788696.0,8.03,-8.79,-0.76,5.34
2026-03-26,LX,2.23,2.13,2.23,2.12,2888900,6326611.0,4.87,-5.75,-0.13,1.72
2026-03-26,LXEH,0.21,0.22,0.25,0.21,1797400,417748.0,18.41,2.04,0.0,9.38
2026-03-26,LXEO,5.62,5.65,6.08,5.56,800900,4609855.0,9.09,-1.22,-0.07,1.1
2026-03-26,LXFR,12.5,12.35,12.89,12.24,160600,1986591.0,5.08,-2.68,-0.34,0.6
2026-03-26,LXP,45.77,46.78,46.81,45.18,683500,31796486.0,3.54,1.48,0.68,1.16
2026-03-26,LXRX,1.66,1.63,1.7,1.58,3670800,5976573.0,7.14,-2.98,-0.05,0.87
2026-03-26,LXU,15.9,16.88,17.22,15.87,3161100,53071952.0,8.51,6.77,1.07,4.4
2026-03-26,LYB,76.87,77.72,78.68,76.83,4248200,329964736.0,2.4,0.69,0.53,1.32
2026-03-26,LYEL,19.9,20.22,21.09,19.9,49600,1010991.0,5.91,0.4,0.08,0.21
2026-03-26,LYFT,13.09,12.99,13.41,12.98,12927000,169777216.0,3.28,-2.0,-0.27,3.25
2026-03-26,LYG,5.01,4.94,5.06,4.93,20786100,103793648.0,2.54,-3.33,-0.17,0.14
2026-03-26,LYLD,28.97,28.88,28.97,28.88,800,25761.0,0.32,-0.01,-0.0,0.0
2026-03-26,LYTS,19.35,18.81,19.5,18.7,225100,4254934.0,4.12,-3.09,-0.6,0.63
2026-03-26,LYV,153.93,150.05,154.66,149.5,1836700,277646464.0,3.33,-3.14,-4.87,0.78
2026-03-26,LZ,5.92,5.79,6.08,5.77,1977800,11649330.0,5.23,-2.36,-0.14,1.14
2026-03-26,LZB,32.49,32.62,33.07,32.38,290400,9482350.0,2.12,-0.28,-0.09,0.71
2026-03-26,LZM,3.22,3.42,3.5,3.22,409500,1406157.0,8.64,5.56,0.18,0.46
2026-03-26,LZMH,1.27,1.55,1.59,1.25,379100,538672.0,26.77,22.05,0.28,0.25
2026-03-26,M,18.32,18.49,18.56,18.24,5468500,100695128.0,1.73,-0.05,-0.01,2.08
2026-03-26,MA,500.51,500.75,504.8,499.05,3995500,2002749184.0,1.14,-0.4,-2.01,0.45
2026-03-26,MAA,121.51,122.15,123.15,121.46,790900,96789144.0,1.39,0.42,0.51,0.68
2026-03-26,MAAS,5.48,5.68,5.7,5.48,3900,21750.0,3.9,-0.18,-0.01,0.0
2026-03-26,MAAY,8.11,8.07,8.28,8.03,14700,119620.0,3.1,0.13,0.01,0.0
2026-03-26,MAC,18.69,19.09,19.09,18.58,1447300,27498608.0,2.71,1.49,0.28,0.56
2026-03-26,MACI,10.76,10.75,10.76,10.75,11500,123826.0,0.09,-0.09,-0.01,0.05
2026-03-26,MACIW,0.12,0.12,0.12,0.12,100,13.0,0.0,0.0,0.0,0.0
2026-03-26,MADE,34.23,33.33,34.23,33.29,12900,435544.0,2.71,-3.3,-1.14,0.0
2026-03-26,MAGA,53.58,53.29,53.58,53.29,100,8788.0,0.55,-0.34,-0.18,0.0
2026-03-26,MAGC,20.9,20.63,20.94,20.63,3300,70742.0,1.45,-2.77,-0.59,0.0
2026-03-26,MAGG,20.31,20.26,20.31,20.26,3100,64485.0,0.22,-0.41,-0.08,0.0
2026-03-26,MAGN,9.18,9.07,9.48,9.0,663600,6080597.0,5.13,-2.99,-0.28,1.85
2026-03-26,MAGO,20.51,20.42,20.51,20.42,400,8928.0,0.4,-3.36,-0.71,0.0
2026-03-26,MAGS,58.35,57.03,58.53,56.98,3306600,190849360.0,2.62,-3.26,-1.92,0.0
2026-03-26,MAGX,43.38,41.59,43.66,41.5,52300,2219057.0,4.85,-6.54,-2.91,0.0
2026-03-26,MAGY,45.69,44.65,45.72,44.61,47100,2120831.0,2.41,-2.89,-1.33,0.0
2026-03-26,MAIA,1.47,1.38,1.48,1.37,1253100,1780580.0,7.14,-6.12,-0.09,2.07
2026-03-26,MAIN,54.32,52.92,54.79,52.86,689400,36937452.0,3.54,-2.85,-1.55,0.77
2026-03-26,MAKX,52.89,52.13,52.89,52.13,400,21824.0,1.42,-3.45,-1.86,0.0
2026-03-26,MAMA,15.09,14.87,15.31,14.87,300700,4506698.0,2.88,-2.65,-0.4,0.74
2026-03-26,MAMB,23.93,23.83,23.95,23.82,20600,493534.0,0.54,-1.24,-0.3,0.0
2026-03-26,MAMO,0.98,0.94,1.0,0.94,85000,83147.0,6.16,-3.97,-0.04,0.2
2026-03-26,MAN,28.07,28.81,29.33,28.07,790000,22750112.0,4.45,2.05,0.58,1.7
2026-03-26,MANE,65.36,67.55,69.41,63.44,393100,26032764.0,9.11,3.04,1.99,
2026-03-26,MANH,129.46,132.2,135.84,129.42,420000,55893880.0,4.91,1.28,1.67,0.7
2026-03-26,MANI,25.18,25.16,25.18,25.16,200,5941.0,0.1,-0.18,-0.04,0.0
2026-03-26,MANU,16.5,16.48,16.77,16.48,365600,6061332.0,1.77,-0.96,-0.16,0.21
2026-03-26,MAPP,25.94,25.92,25.99,25.92,800,22098.0,0.28,-1.16,-0.3,0.0
2026-03-26,MAPS,0.62,0.63,0.66,0.62,289900,183731.0,5.96,-0.16,-0.0,0.18
2026-03-26,MAPSW,0.0,0.0,0.0,0.0,200,0.0,0.0,-7.32,-0.0,0.0
2026-03-26,MAR,325.52,325.74,328.93,323.59,1010200,329097312.0,1.63,-0.32,-1.05,0.38
2026-03-26,MARA,8.57,8.58,9.4,8.46,106517600,946959936.0,11.29,3.62,0.3,28.01
2026-03-26,MARB,20.61,20.71,20.78,20.61,4600,97042.0,0.84,0.34,0.07,0.0
2026-03-26,MARM,33.44,33.37,33.46,33.37,11900,400280.0,0.26,-0.32,-0.11,0.0
2026-03-26,MARO,5.46,5.48,5.84,5.46,217300,1220606.0,6.96,0.37,0.02,0.0
2026-03-26,MARPS,5.2,5.72,5.81,5.17,63700,356482.0,12.5,11.72,0.6,3.19
2026-03-26,MARS,27.7,26.13,28.57,26.04,88300,2364375.0,9.12,-6.01,-1.67,0.0
2026-03-26,MART,38.34,38.11,38.34,38.11,1100,43542.0,0.6,-1.28,-0.5,0.0
2026-03-26,MARU,26.71,26.71,26.71,26.71,0,2308.0,0.0,-0.99,-0.27,0.0
2026-03-26,MARW,34.17,33.98,34.19,33.98,26600,907010.0,0.61,-0.79,-0.27,0.0
2026-03-26,MARZ,33.04,32.8,33.04,32.8,100,6406.0,0.75,-1.25,-0.42,0.0
2026-03-26,MAS,60.66,60.19,61.64,59.95,1651200,99738936.0,2.75,-2.16,-1.33,0.81
2026-03-26,MASI,178.09,176.89,178.16,176.8,1630000,288911200.0,0.76,-0.67,-1.2,3.12
2026-03-26,MASK,1.88,1.88,1.99,1.73,463100,774709.0,13.66,-1.05,-0.02,40.18
2026-03-26,MASS,6.23,6.14,6.35,6.11,155400,959507.0,3.8,-2.85,-0.18,0.42
2026-03-26,MAT,14.75,14.62,15.0,14.58,3013800,44277568.0,2.82,-1.68,-0.25,1.0
2026-03-26,MATE,25.97,25.55,25.97,25.55,2900,75476.0,1.62,-1.43,-0.37,0.0
2026-03-26,MATH,1.14,1.21,1.43,1.14,108500,134417.0,26.25,11.01,0.12,0.23
2026-03-26,MATV,8.65,8.74,8.91,8.65,410900,3596541.0,2.97,-0.23,-0.02,0.75
2026-03-26,MATW,25.18,25.27,25.41,24.91,164500,4144153.0,1.97,-0.51,-0.13,0.53
2026-03-26,MATX,162.5,163.24,165.2,162.5,165000,26976742.0,1.64,-0.65,-1.06,0.54
2026-03-26,MAVF,116.96,116.65,116.96,116.65,200,18279.0,0.26,-1.75,-2.08,0.0
2026-03-26,MAX,9.44,9.59,9.85,9.43,502000,4833575.0,4.45,1.59,0.15,
2026-03-26,MAXI,9.84,9.75,9.94,9.7,32800,323616.0,2.38,-3.48,-0.35,0.0
2026-03-26,MAXJ,28.18,28.16,28.24,28.12,5100,144778.0,0.43,-0.25,-0.07,0.0
2026-03-26,MAXN,1.61,1.49,1.62,1.46,74000,115507.0,10.06,-6.29,-0.1,0.44
2026-03-26,MAYM,32.25,32.23,32.25,32.23,600,20032.0,0.08,-0.26,-0.09,0.0
2026-03-26,MAYP,30.88,30.85,30.88,30.85,2000,63998.0,0.1,-0.7,-0.22,0.0
2026-03-26,MAYS,41.38,41.38,41.38,41.38,100,7812.0,0.0,0.0,0.0,0.01
2026-03-26,MAYT,36.75,36.75,36.75,36.75,0,1359.0,0.0,-0.86,-0.32,0.0
2026-03-26,MAYU,29.74,29.74,29.74,29.74,0,843.0,0.0,-1.16,-0.35,0.0
2026-03-26,MAYW,33.68,33.68,33.68,33.68,1100,37484.0,0.0,-0.38,-0.13,0.0
2026-03-26,MAYZ,31.63,31.63,31.63,31.63,100,4939.0,0.0,-1.59,-0.51,0.0
2026-03-26,MAZE,31.11,31.71,35.28,30.16,1717200,56388928.0,16.14,-0.06,-0.02,3.45
2026-03-26,MB,5.81,5.81,5.81,5.81,800,4632.0,0.0,-0.51,-0.03,0.0
2026-03-26,MBAI,1.69,1.64,1.69,1.62,38400,62887.0,4.27,0.0,0.0,0.53
2026-03-26,MBAV,10.79,10.77,10.79,10.74,383500,4127130.0,0.42,0.23,0.03,1.07
2026-03-26,MBAVU,11.29,10.8,11.29,10.8,0,11.0,4.45,-1.82,-0.2,0.0
2026-03-26,MBAVW,0.39,0.3,0.39,0.3,334200,100918.0,23.08,-23.08,-0.09,0.0
2026-03-26,MBB,94.41,94.04,94.62,94.0,2670800,251533488.0,0.66,-0.73,-0.69,0.0
2026-03-26,MBBA,49.54,49.32,49.59,49.24,3100,155522.0,0.7,-0.57,-0.28,0.0
2026-03-26,MBBB,21.37,21.23,21.37,21.23,25400,542372.0,0.66,-0.61,-0.13,0.0
2026-03-26,MBBC,14.15,14.15,14.15,14.15,0,877.0,0.0,0.0,0.0,0.0
2026-03-26,MBC,8.57,8.49,8.78,8.31,1824600,15484228.0,5.35,-2.3,-0.2,1.43
2026-03-26,MBCC,34.69,34.24,34.69,34.21,30000,1031062.0,1.38,-1.78,-0.62,0.0
2026-03-26,MBI,5.74,5.75,5.84,5.74,150200,867330.0,1.73,-0.69,-0.04,0.29
2026-03-26,MBIN,42.64,43.2,43.32,42.51,124800,5375443.0,1.89,0.61,0.26,0.27
2026-03-26,MBINL,23.65,23.51,23.99,23.42,38500,909664.0,2.43,-0.8,-0.19,0.42
2026-03-26,MBINM,24.94,24.89,25.11,24.85,5400,135022.0,1.05,-0.04,-0.01,0.1
2026-03-26,MBINN,19.71,19.79,20.1,19.63,2000,41329.0,2.36,-0.6,-0.12,0.03
2026-03-26,MBIO,0.76,0.74,0.77,0.73,24300,18404.0,5.05,-3.27,-0.02,0.32
2026-03-26,MBLY,6.9,6.82,7.09,6.75,10897700,75307328.0,4.83,-1.59,-0.11,1.3
2026-03-26,MBND,27.12,27.02,27.12,27.02,2800,76215.0,0.37,-0.25,-0.07,0.0
2026-03-26,MBNE,28.98,28.88,28.98,28.88,100,5419.0,0.35,-0.09,-0.03,0.0
2026-03-26,MBNKO,25.05,24.93,25.05,24.93,2800,71366.0,0.48,-0.48,-0.12,0.0
2026-03-26,MBOT,2.68,2.62,2.76,2.58,2873400,7691288.0,7.11,3.56,0.09,4.28
2026-03-26,MBOX,37.12,36.84,37.12,36.84,1200,47879.0,0.77,-0.33,-0.12,0.0
2026-03-26,MBRX,2.47,2.43,2.52,2.4,110000,270125.0,4.82,-2.41,-0.06,2.06
2026-03-26,MBS,8.79,8.7,8.79,8.68,165600,1442612.0,1.26,-0.29,-0.02,0.0
2026-03-26,MBSD,20.6,20.53,20.63,20.53,8000,166595.0,0.48,-0.73,-0.15,0.0
2026-03-26,MBSF,25.76,25.66,25.76,25.58,87900,2254541.0,0.68,-0.08,-0.02,0.0
2026-03-26,MBSX,26.2,26.2,26.2,26.2,100,2703.0,0.0,0.0,0.0,0.0
2026-03-26,MBUU,26.65,27.4,27.52,26.6,430400,11693490.0,3.42,1.97,0.53,2.31
2026-03-26,MBVI,10.05,10.05,10.05,10.05,300,3778.0,0.0,0.0,0.0,0.0
2026-03-26,MBWM,49.04,49.78,49.97,48.72,108800,5401338.0,2.54,0.96,0.47,0.63
2026-03-26,MBX,28.14,28.29,29.24,28.0,236900,6744473.0,4.28,-2.31,-0.67,0.5
2026-03-26,MC,54.66,55.44,55.95,54.66,584500,32333176.0,2.33,0.25,0.14,0.75
2026-03-26,MCB,80.96,82.15,82.2,80.96,69600,5691119.0,1.52,0.39,0.32,0.57
2026-03-26,MCBS,28.56,28.49,28.78,28.36,80800,2309053.0,1.45,-0.66,-0.19,0.28
2026-03-26,MCD,310.75,308.93,312.71,308.8,3025700,937394432.0,1.25,-0.89,-2.77,0.43
2026-03-26,MCDS,59.11,59.11,59.11,59.11,0,712.0,0.0,-1.21,-0.73,0.0
2026-03-26,MCFT,21.16,20.94,21.5,20.65,105900,2227731.0,3.99,-1.6,-0.34,0.65
2026-03-26,MCGA,10.11,10.11,10.12,10.11,11000,111890.0,0.06,0.0,0.0,0.05
2026-03-26,MCGAW,0.41,0.41,0.41,0.41,100,60.0,0.0,1.27,0.01,0.0
2026-03-26,MCH,26.03,25.96,26.11,25.96,2300,61418.0,0.55,-3.05,-0.82,0.0
2026-03-26,MCHB,14.62,14.43,14.75,14.36,348600,5048673.0,2.66,-1.64,-0.24,0.16
2026-03-26,MCHI,55.28,55.04,55.69,55.0,4258700,235117216.0,1.23,-2.84,-1.61,0.0
2026-03-26,MCHP,64.49,64.2,65.99,63.97,10554400,681322432.0,3.1,-1.47,-0.96,1.95
2026-03-26,MCHPP,56.53,57.12,58.4,56.53,20200,1163188.0,3.23,-1.02,-0.59,0.07
2026-03-26,MCHS,36.44,36.15,36.44,36.15,300,13311.0,0.77,-2.64,-0.98,0.0
2026-03-26,MCHX,1.45,1.42,1.49,1.37,46900,66985.0,8.04,-4.7,-0.07,0.11
2026-03-26,MCI,19.12,18.51,19.19,18.5,30700,576667.0,3.61,-3.19,-0.61,0.16
2026-03-26,MCK,879.62,863.56,884.07,863.05,835200,725747328.0,2.39,-1.84,-16.19,0.68
2026-03-26,MCN,5.81,5.77,5.81,5.75,42400,245567.0,1.03,-0.86,-0.05,0.0
2026-03-26,MCO,423.98,432.28,435.09,423.98,1280900,554185088.0,2.6,0.99,4.23,
2026-03-26,MCOW,18.25,18.25,18.25,18.25,0,73.0,0.0,-1.36,-0.25,0.0
2026-03-26,MCR,5.98,5.91,6.03,5.91,112300,671966.0,2.08,-1.91,-0.11,0.0
2026-03-26,MCRB,9.0,9.33,9.49,9.0,22800,211278.0,5.36,2.08,0.19,0.24
2026-03-26,MCRI,99.18,97.22,100.37,96.97,89800,8835251.0,3.42,-2.26,-2.25,0.5
2026-03-26,MCRP,2.77,2.55,2.85,2.17,109900,272253.0,24.64,-7.61,-0.21,0.32
2026-03-26,MCS,16.91,17.03,17.24,16.91,95400,1627286.0,1.95,0.41,0.07,0.31
2026-03-26,MCVT,25.0,25.02,25.02,25.0,700,18910.0,0.08,-0.02,-0.0,0.0
2026-03-26,MCW,6.98,6.98,7.0,6.97,3736000,26080020.0,0.43,-0.14,-0.01,1.14
2026-03-26,MCY,88.39,88.37,89.28,87.66,180600,15983887.0,1.83,-0.05,-0.04,0.33
2026-03-26,MD,21.1,20.98,21.42,20.81,783800,16470512.0,2.88,-0.99,-0.21,0.94
2026-03-26,MDA,27.4,26.57,27.8,26.57,429300,11662042.0,4.42,-4.46,-1.24,0.34
2026-03-26,MDAA,96.61,96.45,96.61,96.45,1700,173161.0,0.16,-3.87,-3.89,0.0
2026-03-26,MDAI,1.52,1.52,1.56,1.44,715700,1069159.0,7.79,-1.3,-0.02,2.25
2026-03-26,MDAIW,0.55,0.53,0.55,0.53,1400,737.0,3.78,0.11,0.0,0.0
2026-03-26,MDB,241.26,241.28,250.87,240.72,1259000,307253248.0,4.12,-2.13,-5.26,1.57
2026-03-26,MDBH,2.95,2.95,2.96,2.95,1300,3938.0,0.34,0.68,0.02,0.01
2026-03-26,MDBX,19.1,19.11,20.58,19.1,20200,400580.0,7.44,-4.02,-0.8,0.0
2026-03-26,MDCX,0.5,0.47,0.51,0.42,3053900,1437938.0,18.95,-5.71,-0.03,7.76
2026-03-26,MDCXW,0.57,0.57,0.57,0.57,100,95.0,0.0,0.0,0.0,0.0
2026-03-26,MDEV,18.89,18.89,18.89,18.89,0,0.0,0.0,-0.42,-0.08,
2026-03-26,MDGL,457.29,518.76,572.2,455.56,1373700,710189248.0,25.25,12.3,56.83,5.99
2026-03-26,MDIA,0.65,0.65,0.65,0.64,24800,16057.0,1.85,0.02,0.0,0.03
2026-03-26,MDIV,16.09,16.14,16.24,16.09,71500,1157151.0,0.92,-1.01,-0.16,0.0
2026-03-26,MDLN,42.29,42.21,43.48,42.09,7068200,302445952.0,3.26,-1.08,-0.46,0.54
2026-03-26,MDLV,30.34,30.23,30.37,30.23,1700,53761.0,0.45,-0.16,-0.05,0.0
2026-03-26,MDLZ,57.55,57.58,58.68,57.52,8417300,487534144.0,2.02,0.26,0.15,0.66
2026-03-26,MDPL,25.73,25.48,25.73,25.48,10300,265271.0,0.98,-0.39,-0.1,0.0
2026-03-26,MDRR,11.41,11.41,11.41,11.41,200,2414.0,0.0,0.0,0.0,0.01
2026-03-26,MDST,29.14,29.31,29.37,29.09,50100,1468832.0,0.94,0.41,0.12,0.0
2026-03-26,MDT,87.3,87.67,89.18,87.3,10770000,948746688.0,2.14,-0.25,-0.22,0.84
2026-03-26,MDU,20.48,20.63,20.76,20.41,1904600,39288812.0,1.73,0.39,0.08,0.93
2026-03-26,MDV,14.3,14.24,14.59,14.2,87900,1259091.0,2.73,-0.42,-0.06,0.85
2026-03-26,MDWD,16.84,15.71,16.89,15.7,223300,3630421.0,7.01,-7.48,-1.27,1.74
2026-03-26,MDXG,4.06,3.94,4.16,3.92,1126400,4506884.0,5.73,-3.9,-0.16,0.76
2026-03-26,MDXH,2.82,2.7,2.93,2.7,148300,411799.0,8.04,-5.59,-0.16,0.29
2026-03-26,MDY,616.38,613.77,623.49,613.36,1011600,625010496.0,1.63,-1.48,-9.23,0.0
2026-03-26,MDYG,96.56,95.66,97.46,95.59,51500,4965595.0,1.91,-2.24,-2.19,0.0
2026-03-26,MDYV,84.51,84.66,85.61,84.51,116900,9928150.0,1.29,-0.65,-0.55,0.0
2026-03-26,MEAR,50.29,50.28,50.33,50.26,130200,6547671.0,0.14,-0.02,-0.01,0.0
2026-03-26,MEC,18.5,18.04,18.84,17.89,115700,2122728.0,5.19,-1.42,-0.26,0.57
2026-03-26,MED,9.54,9.63,9.77,9.49,241400,2325444.0,2.92,0.42,0.04,2.2
2026-03-26,MEDI,28.85,28.62,28.87,28.62,1400,42086.0,0.87,-0.66,-0.19,
2026-03-26,MEDP,463.47,466.6,475.8,463.47,226400,106707960.0,2.64,-0.04,-0.2,0.8
2026-03-26,MEDX,32.75,32.61,32.75,32.61,400,16247.0,0.42,-0.08,-0.03,
2026-03-26,MEG,22.37,22.38,23.22,22.03,256100,5739816.0,5.22,-1.8,-0.41,0.71
2026-03-26,MEGI,14.23,14.2,14.41,14.15,148400,2126350.0,1.81,-1.18,-0.17,0.0
2026-03-26,MEGL,1.03,1.03,1.07,1.03,14700,15361.0,3.85,-0.96,-0.01,0.29
2026-03-26,MEHA,0.17,0.17,0.17,0.16,468700,75242.0,4.79,-1.48,-0.0,2.89
2026-03-26,MEI,6.06,5.74,6.14,5.71,278700,1619987.0,6.91,-6.67,-0.41,0.79
2026-03-26,MELI,1624.77,1630.99,1668.59,1620.0,290100,475214080.0,2.96,-0.52,-8.48,0.57
2026-03-26,MEM,37.08,36.51,37.08,36.51,1200,44775.0,1.51,-2.97,-1.12,0.0
2026-03-26,MEMA,26.82,26.44,26.93,26.44,4000,109040.0,1.79,-3.3,-0.9,0.0
2026-03-26,MEME,6.8,6.41,6.83,6.4,57300,367857.0,6.14,-8.47,-0.59,0.0
2026-03-26,MEMS,26.32,25.94,26.32,25.94,400,12802.0,1.42,-2.91,-0.78,0.0
2026-03-26,MEMX,39.9,39.13,40.08,39.13,500,20382.0,2.34,-3.39,-1.37,0.0
2026-03-26,MEMY,18.78,18.12,18.78,18.12,1000,19260.0,3.39,-6.92,-1.35,0.0
2026-03-26,MENS,2.03,2.02,2.13,1.99,39000,79216.0,6.7,-3.35,-0.07,0.05
2026-03-26,MEOH,58.51,59.46,59.85,58.34,1392900,82569152.0,2.58,1.62,0.95,1.8
2026-03-26,MERC,1.3,1.3,1.37,1.29,460400,614851.0,5.77,0.0,0.0,0.69
2026-03-26,MESH,9.88,9.89,9.9,9.88,6600,66220.0,0.2,0.1,0.01,0.02
2026-03-26,MESHW,0.25,0.25,0.25,0.25,200,71.0,0.04,-10.32,-0.03,0.0
2026-03-26,MESO,15.56,14.86,15.56,14.75,124700,1868363.0,5.18,-5.05,-0.79,0.1
2026-03-26,MET,70.23,69.74,71.1,69.35,3172400,221969152.0,2.49,-0.92,-0.65,0.49
2026-03-26,META,582.49,547.54,583.0,543.35,35780100,19949371392.0,6.67,-7.96,-47.35,1.41
2026-03-26,METC,13.7,13.97,14.07,13.32,2385100,32848108.0,5.37,0.36,0.05,4.26
2026-03-26,METCB,10.94,10.65,11.44,10.52,28700,311881.0,8.37,-3.14,-0.34,0.26
2026-03-26,METCI,25.1,25.14,25.2,25.0,5400,137711.0,0.8,0.12,0.03,0.0
2026-03-26,METCZ,25.19,25.09,25.19,25.06,800,20646.0,0.54,-0.52,-0.13,0.0
2026-03-26,METD,17.66,18.62,18.73,17.66,678500,12367951.0,6.2,7.94,1.37,0.0
2026-03-26,METL,25.84,25.28,26.19,25.19,52300,1352668.0,3.78,-4.78,-1.27,0.0
2026-03-26,METU,23.57,20.69,23.57,20.35,8656600,183873904.0,13.08,-15.96,-3.93,0.0
2026-03-26,METV,15.85,15.55,16.01,15.54,101700,1604103.0,2.91,-3.57,-0.57,0.0
2026-03-26,METW,28.22,26.1,28.22,25.93,21400,571131.0,7.92,-9.7,-2.8,0.0
2026-03-26,MEVO,9.85,9.85,9.85,9.85,0,305.0,0.0,0.0,0.0,0.0
2026-03-26,MEVOU,10.03,10.03,10.05,10.03,7600,77052.0,0.2,0.0,0.0,0.03
2026-03-26,MEXX,28.69,26.94,28.69,26.94,18200,507989.0,6.01,-7.45,-2.17,0.0
2026-03-26,MFA,9.77,9.74,9.84,9.7,1263300,12319117.0,1.42,-1.02,-0.1,1.24
2026-03-26,MFAN,24.85,24.87,24.93,24.77,14700,366930.0,0.62,-0.08,-0.02,0.0
2026-03-26,MFAO,24.76,24.89,24.93,24.76,13400,334347.0,0.68,-0.08,-0.02,0.0
2026-03-26,MFC,34.38,34.45,34.86,34.25,2882000,99343000.0,1.76,-0.4,-0.14,0.17
2026-03-26,MFDX,39.32,38.82,39.47,38.82,10100,396868.0,1.63,-2.01,-0.8,0.0
2026-03-26,MFEM,24.92,24.43,24.92,24.43,28800,710716.0,1.95,-2.9,-0.73,0.0
2026-03-26,MFG,7.83,7.78,7.9,7.76,3651500,28535506.0,1.76,-2.26,-0.18,0.03
2026-03-26,MFI,10.35,9.8,10.35,9.8,4400,45414.0,5.31,-5.31,-0.55,0.01
2026-03-26,MFIC,11.14,11.04,11.32,11.02,1749000,19555194.0,2.77,-1.52,-0.17,1.9
2026-03-26,MFICL,25.26,25.26,25.26,25.26,200,5835.0,0.0,0.0,0.0,0.0
2026-03-26,MFIG,18.24,17.87,18.24,17.87,18800,338981.0,2.02,-1.99,-0.36,0.0
2026-03-26,MFIN,8.4,8.43,8.52,8.33,38600,326233.0,2.24,-0.71,-0.06,0.16
2026-03-26,MFLX,16.86,16.83,16.89,16.76,6200,105942.0,0.74,-0.71,-0.12,0.03
2026-03-26,MFM,5.26,5.25,5.28,5.24,74300,391120.0,0.81,-0.76,-0.04,0.0
2026-03-26,MFMO,19.59,18.85,19.59,18.85,13000,251025.0,3.8,-3.76,-0.74,0.0
2026-03-26,MFSB,24.9,24.84,24.93,24.82,94600,2354470.0,0.44,-0.56,-0.14,0.0
2026-03-26,MFSG,25.86,25.36,25.86,25.34,103900,2661704.0,2.0,-2.65,-0.69,0.0
2026-03-26,MFSI,29.34,29.07,29.55,29.06,533000,15673331.0,1.65,-2.29,-0.68,0.0
2026-03-26,MFSM,24.86,24.8,24.86,24.8,10200,254522.0,0.26,-0.34,-0.08,0.0
2026-03-26,MFSV,26.67,26.59,26.77,26.56,103000,2745649.0,0.8,-0.78,-0.21,0.0
2026-03-26,MFUL,21.59,21.51,21.59,21.51,300,7745.0,0.37,-0.65,-0.14,0.0
2026-03-26,MFUS,58.37,58.16,58.53,58.16,2000,122507.0,0.63,-1.14,-0.67,0.0
2026-03-26,MFUT,17.32,17.34,17.34,17.32,200,3716.0,0.11,0.34,0.06,0.0
2026-03-26,MFVL,20.17,20.01,20.21,20.01,17800,359617.0,0.97,-0.37,-0.08,0.0
2026-03-26,MG,14.94,15.11,15.34,14.94,125900,1907639.0,2.65,0.07,0.01,0.4
2026-03-26,MGA,55.51,55.41,57.06,55.36,1681200,94101136.0,3.03,-1.25,-0.7,0.6
2026-03-26,MGC,237.79,235.03,238.46,234.87,98200,23229134.0,1.5,-1.82,-4.35,0.0
2026-03-26,MGEE,76.07,75.94,76.9,75.55,176000,13380072.0,1.78,-0.35,-0.27,0.48
2026-03-26,MGF,2.97,2.93,2.97,2.93,48800,143502.0,1.35,-1.01,-0.03,0.0
2026-03-26,MGIH,1.38,1.41,1.41,1.38,3400,4891.0,2.13,0.0,0.0,0.03
2026-03-26,MGK,370.33,364.08,371.74,364.01,350800,129073208.0,2.07,-2.58,-9.64,0.0
2026-03-26,MGLD,1.18,1.15,1.19,1.15,14300,17121.0,3.04,-2.54,-0.03,0.03
2026-03-26,MGM,37.59,37.57,37.97,36.9,5130100,192072096.0,2.85,0.21,0.08,2.01
2026-03-26,MGMT,45.5,45.12,45.78,45.12,2900,132207.0,1.44,-1.3,-0.6,0.0
2026-03-26,MGN,0.42,0.28,0.47,0.25,39239500,14269724.0,5.03,-93.39,-3.96,106.05
2026-03-26,MGNI,12.0,11.85,12.26,11.81,2029600,24246112.0,3.63,-2.15,-0.26,1.41
2026-03-26,MGNR,49.86,49.66,50.76,49.58,185300,9262941.0,2.31,-2.49,-1.27,0.0
2026-03-26,MGNX,3.14,3.18,3.26,3.03,883200,2789647.0,7.26,0.32,0.01,1.39
2026-03-26,MGOV,20.2,20.13,20.22,20.13,13300,269518.0,0.42,-1.06,-0.21,0.0
2026-03-26,MGPI,18.41,18.39,19.25,18.23,415800,7707104.0,5.48,-1.29,-0.24,1.95
2026-03-26,MGR,20.35,20.2,20.47,20.01,23500,476018.0,2.25,-0.88,-0.18,0.0
2026-03-26,MGRB,16.58,16.74,16.75,16.47,16400,272853.0,1.71,0.42,0.07,0.0
2026-03-26,MGRC,108.05,111.02,111.19,108.05,144100,15910359.0,2.87,1.44,1.58,0.59
2026-03-26,MGRD,15.01,14.92,15.11,14.88,11600,174491.0,1.53,-0.93,-0.14,0.0
2026-03-26,MGRE,23.19,23.4,23.55,23.01,57300,1336559.0,2.32,0.47,0.11,0.0
2026-03-26,MGRT,7.79,7.86,7.9,7.79,4300,34149.0,1.4,0.38,0.03,0.03
2026-03-26,MGRX,0.33,0.37,0.37,0.32,2582000,869452.0,16.46,12.6,0.04,15.85
2026-03-26,MGTX,7.64,7.53,8.56,7.42,1063200,8496418.0,14.96,-1.18,-0.09,1.31
2026-03-26,MGV,145.42,144.89,146.14,144.84,291300,42409832.0,0.89,-0.77,-1.13,0.0
2026-03-26,MGX,1.39,1.39,1.43,1.36,150700,208667.0,5.04,0.0,0.0,0.4
2026-03-26,MGY,31.68,31.86,32.36,31.54,2224100,71044744.0,2.62,1.34,0.42,1.2
2026-03-26,MGYR,17.25,17.48,17.48,17.12,4400,76029.0,2.09,1.33,0.23,0.07
2026-03-26,MH,13.53,13.49,14.0,13.45,574800,7796335.0,4.0,-0.88,-0.12,0.3
2026-03-26,MHD,11.46,11.36,11.49,11.33,457700,5227011.0,1.39,-1.13,-0.13,0.0
2026-03-26,MHF,6.68,6.66,6.72,6.66,80300,537004.0,0.97,-0.75,-0.05,0.0
2026-03-26,MHH,6.37,6.17,6.46,6.16,19500,123720.0,4.76,-2.2,-0.14,0.16
2026-03-26,MHK,100.91,98.58,103.28,98.24,1097100,108816384.0,4.94,-3.31,-3.37,1.79
2026-03-26,MHLA,10.24,10.23,10.44,10.21,1800,18738.0,2.17,-3.31,-0.35,0.0
2026-03-26,MHNC,12.5,12.06,12.7,12.06,900,11536.0,5.16,-2.74,-0.34,0.0
2026-03-26,MHO,122.3,121.88,124.0,120.71,128100,15643029.0,2.67,-0.99,-1.22,0.5
2026-03-26,MHY,24.72,24.72,24.72,24.72,0,49.0,0.0,-0.34,-0.08,0.0
2026-03-26,MI,0.28,0.3,0.31,0.26,2420700,690652.0,16.94,3.61,0.01,16.1
2026-03-26,MIAX,37.1,38.31,39.22,37.1,1860200,70062320.0,5.51,-0.52,-0.2,2.03
2026-03-26,MICC,14.79,14.64,14.97,14.64,1126300,16625184.0,2.25,-0.07,-0.01,0.18
2026-03-26,MID,61.81,61.15,61.81,61.15,2400,149214.0,1.06,-1.45,-0.9,0.0
2026-03-26,MIDD,135.61,133.88,137.26,133.46,303500,40871016.0,2.78,-2.27,-3.11,0.64
2026-03-26,MIDE,33.39,33.43,33.43,33.39,700,24512.0,0.13,-1.12,-0.38,0.0
2026-03-26,MIDU,52.69,51.58,54.0,51.54,20200,1063264.0,4.56,-4.43,-2.39,0.0
2026-03-26,MIG,21.19,21.18,21.21,21.17,1100,23704.0,0.19,-0.65,-0.14,0.0
2026-03-26,MIGI,2.36,2.39,2.67,2.22,31700,75590.0,18.29,-2.85,-0.07,1.17
2026-03-26,MIGO,22.67,22.67,22.67,22.67,0,22.0,0.0,-3.38,-0.79,0.0
2026-03-26,MILK,24.05,23.93,24.05,23.89,1300,31540.0,0.66,-1.17,-0.28,0.0
2026-03-26,MILN,40.87,40.3,41.0,40.27,6600,271438.0,1.79,-1.04,-0.42,0.0
2026-03-26,MIMI,0.28,0.28,0.29,0.28,122400,27537.0,3.01,-3.11,-0.01,0.53
2026-03-26,MIN,2.48,2.45,2.48,2.45,228000,561493.0,1.21,-0.81,-0.02,0.0
2026-03-26,MIND,8.55,8.96,9.37,8.55,145100,1314245.0,9.5,3.82,0.33,1.61
2026-03-26,MINE,3.1,2.96,3.15,2.96,46400,142012.0,6.03,-6.03,-0.19,0.07
2026-03-26,MINN,22.1,22.06,22.12,21.99,7900,175667.0,0.59,-0.45,-0.1,0.0
2026-03-26,MINO,45.09,44.9,45.09,44.89,99600,4481918.0,0.44,-0.18,-0.08,0.0
2026-03-26,MINT,100.53,100.52,100.55,100.52,1875000,188509216.0,0.03,-0.05,-0.05,0.0
2026-03-26,MINV,38.5,37.85,38.5,37.7,7300,280442.0,2.05,-3.24,-1.27,0.0
2026-03-26,MINY,43.05,42.13,43.05,42.13,900,38417.0,2.13,-2.69,-1.17,0.0
2026-03-26,MIR,18.41,18.25,19.1,18.15,2752400,50776932.0,5.1,-2.98,-0.56,1.1
2026-03-26,MIRA,1.1,1.06,1.13,1.03,113400,121193.0,8.93,-5.36,-0.06,0.27
2026-03-26,MIRM,89.69,88.88,90.87,88.41,672800,60212604.0,2.73,-1.43,-1.29,1.12
2026-03-26,MISL,46.1,45.31,46.15,45.17,105200,4815343.0,2.11,-2.66,-1.24,0.0
2026-03-26,MIST,1.25,1.15,1.25,1.15,1503600,1801341.0,8.0,-8.0,-0.1,1.28
2026-03-26,MITK,14.02,13.7,14.25,13.68,705700,9775299.0,4.03,-3.32,-0.47,1.56
2026-03-26,MITN,24.76,24.76,24.8,24.69,19800,490427.0,0.44,-0.28,-0.07,0.0
2026-03-26,MITP,24.89,24.76,24.89,24.66,14600,363244.0,0.93,-0.38,-0.1,0.0
2026-03-26,MITQ,0.57,0.58,0.58,0.55,9600,5603.0,4.0,-4.21,-0.03,0.1
2026-03-26,MITT,7.52,7.49,7.56,7.42,195700,1464109.0,1.85,-1.19,-0.09,0.62
2026-03-26,MIY,11.98,11.82,12.04,11.75,32100,382397.0,2.42,-1.5,-0.18,0.0
2026-03-26,MJ,24.15,23.15,24.49,23.0,23200,548375.0,6.07,-5.74,-1.41,0.0
2026-03-26,MJSC,53.81,53.81,53.81,53.81,0,0.0,0.0,-0.58,-0.32,0.0
2026-03-26,MKAM,30.2,30.2,30.2,30.2,0,242.0,0.0,-0.55,-0.17,0.0
2026-03-26,MKC,52.4,51.58,53.26,51.49,4038100,210001776.0,3.34,-2.27,-1.2,1.59
2026-03-26,MKDW,5.25,7.8,7.8,5.0,1089900,7611307.0,53.54,49.14,2.57,30.71
2026-03-26,MKDWW,0.01,0.01,0.02,0.01,34700,473.0,39.86,-0.68,-0.0,0.0
2026-03-26,MKL,1887.89,1899.64,1907.94,1885.9,55300,104957664.0,1.16,0.36,6.82,0.44
2026-03-26,MKLY,10.04,10.04,10.04,10.04,1000,10612.0,0.0,0.0,0.0,0.0
2026-03-26,MKLYR,0.11,0.11,0.11,0.11,1000,115.0,2.82,-0.36,-0.0,0.0
2026-03-26,MKLYU,10.13,10.13,10.13,10.13,900,9755.0,0.0,0.1,0.01,0.01
2026-03-26,MKOR,44.07,42.56,44.27,42.56,23900,1039590.0,3.8,-5.8,-2.62,0.0
2026-03-26,MKSI,237.0,225.12,239.21,224.04,1111300,254297840.0,6.23,-7.62,-18.56,1.65
2026-03-26,MKTN,25.97,25.97,26.03,25.96,5200,135850.0,0.27,-0.4,-0.1,0.0
2026-03-26,MKTW,17.91,18.68,19.3,17.86,54400,1017638.0,8.12,5.3,0.94,0.34
2026-03-26,MKTX,164.94,166.72,169.45,164.85,384700,64259804.0,2.77,0.37,0.61,1.08
2026-03-26,MKZR,3.6,3.77,3.77,3.6,7300,27180.0,4.59,1.89,0.07,0.37
2026-03-26,MLAA,9.85,9.85,9.85,9.85,100,1791.0,0.0,-0.05,-0.01,0.0
2026-03-26,MLAAU,9.93,9.96,9.96,9.93,2200,21868.0,0.3,0.0,0.0,0.01
2026-03-26,MLAAW,0.19,0.19,0.19,0.19,3200,608.0,0.0,-4.95,-0.01,0.0
2026-03-26,MLAB,81.69,81.75,83.8,81.25,74500,6162643.0,3.06,-2.21,-1.85,1.35
2026-03-26,MLAC,10.55,10.53,10.55,10.52,900,9686.0,0.24,-0.19,-0.02,0.0
2026-03-26,MLACR,0.23,0.17,0.26,0.17,9700,2013.0,42.95,-18.1,-0.04,0.0
2026-03-26,MLCI,3.85,3.63,3.94,3.63,83700,316692.0,7.97,-6.68,-0.26,0.75
2026-03-26,MLCIL,23.0,22.94,23.0,22.85,12300,282722.0,0.65,-0.61,-0.14,0.0
2026-03-26,MLCO,5.42,5.53,5.58,5.4,1674500,9222912.0,3.29,0.91,0.05,0.41
2026-03-26,MLDR,48.88,48.78,48.9,48.78,800,39394.0,0.26,-0.61,-0.3,0.0
2026-03-26,MLEC,6.53,7.22,7.36,6.53,14000,100767.0,12.52,8.41,0.56,1.93
2026-03-26,MLECW,0.02,0.02,0.03,0.02,453000,11948.0,28.23,5.26,0.0,0.0
2026-03-26,MLGO,3.35,3.34,3.45,3.29,39500,133380.0,4.62,-2.91,-0.1,0.32
2026-03-26,MLI,110.66,109.5,111.98,109.48,599400,65991556.0,2.23,-2.23,-2.5,0.54
2026-03-26,MLKN,14.36,15.03,15.65,14.24,4074900,60848280.0,7.28,-22.37,-4.33,5.97
2026-03-26,MLM,583.47,580.11,592.48,579.77,426400,248697552.0,2.16,-1.58,-9.31,0.71
2026-03-26,MLN,17.34,17.3,17.34,17.28,230800,3996636.0,0.35,-0.32,-0.06,0.0
2026-03-26,MLP,15.45,15.51,15.69,15.45,7700,120921.0,1.58,0.13,0.02,0.04
2026-03-26,MLPA,54.8,55.46,55.49,54.8,228700,12637449.0,1.26,1.0,0.55,0.0
2026-03-26,MLPB,29.56,29.83,29.83,29.56,1300,38667.0,0.91,0.87,0.26,0.0
2026-03-26,MLPD,25.68,25.81,25.89,25.68,9200,238165.0,0.81,0.23,0.06,0.0
2026-03-26,MLPI,57.04,57.31,57.42,56.85,372300,21165756.0,0.99,0.67,0.38,0.0
2026-03-26,MLPR,73.95,73.69,73.95,73.69,100,14617.0,0.35,1.11,0.81,0.0
2026-03-26,MLPX,75.11,75.46,75.82,74.81,452100,34092820.0,1.35,0.75,0.56,0.0
2026-03-26,MLR,44.94,44.92,45.7,44.92,64500,2912375.0,1.73,-0.55,-0.25,0.57
2026-03-26,MLSS,0.29,0.28,0.3,0.26,220400,63617.0,11.9,-6.77,-0.02,0.28
2026-03-26,MLTX,17.78,17.75,18.12,17.55,1348800,24189266.0,3.22,-1.5,-0.27,1.88
2026-03-26,MLYS,24.0,23.61,24.51,23.52,775900,18495062.0,4.01,-4.1,-1.01,0.94
2026-03-26,MMA,0.42,0.47,0.48,0.42,451200,201791.0,13.68,9.61,0.04,1.7
2026-03-26,MMAX,26.51,26.52,26.52,26.51,300,8512.0,0.04,0.0,0.0,0.0
2026-03-26,MMCA,21.59,21.53,21.6,21.53,53400,1153109.0,0.32,-0.23,-0.05,0.0
2026-03-26,MMD,14.84,14.63,14.84,14.59,70100,1029568.0,1.69,-1.22,-0.18,0.25
2026-03-26,MMED,16.11,15.27,16.38,15.05,867300,13353323.0,8.28,-4.62,-0.74,0.31
2026-03-26,MMI,26.06,26.07,26.6,25.9,359600,9378661.0,2.69,-0.53,-0.14,0.94
2026-03-26,MMID,24.84,24.62,24.84,24.62,1200,29943.0,0.89,-0.61,-0.15,0.0
2026-03-26,MMIN,23.69,23.66,23.74,23.63,81800,1936846.0,0.45,-0.34,-0.08,0.0
2026-03-26,MMIT,24.1,24.08,24.12,24.07,211800,5104100.0,0.21,-0.21,-0.05,0.0
2026-03-26,MMK,100.23,100.23,100.23,100.23,0,601.0,0.0,0.01,0.01,0.0
2026-03-26,MMKT,100.25,100.25,100.26,100.24,18200,1827379.0,0.02,0.0,0.0,0.0
2026-03-26,MMLG,31.41,30.98,31.41,30.98,37300,1159275.0,1.35,-2.57,-0.82,0.0
2026-03-26,MMLP,2.66,2.69,2.7,2.58,6400,17137.0,4.63,3.86,0.1,0.02
2026-03-26,MMM,147.09,143.99,147.4,143.71,2812100,407697600.0,2.49,-2.74,-4.06,0.54
2026-03-26,MMMA,24.99,24.95,24.99,24.95,100,2504.0,0.16,-0.38,-0.09,0.0
2026-03-26,MMS,67.24,66.03,67.9,65.72,461800,30683758.0,3.21,-2.62,-1.78,0.85
2026-03-26,MMSC,24.31,23.7,24.31,23.7,12700,304886.0,2.48,-3.09,-0.76,0.0
2026-03-26,MMSD,25.25,25.25,25.25,25.25,0,1441.0,0.0,-0.24,-0.06,0.0
2026-03-26,MMSI,68.0,69.31,69.89,67.82,696200,48156624.0,3.03,1.76,1.2,1.17
2026-03-26,MMT,4.54,4.55,4.55,4.53,150900,685415.0,0.55,0.22,0.01,0.0
2026-03-26,MMTM,281.64,277.98,281.64,277.94,1200,342466.0,1.3,-2.36,-6.71,0.0
2026-03-26,MMTX,9.99,9.99,9.99,9.99,0,10.0,0.0,0.0,0.0,0.0
2026-03-26,MMU,10.12,10.07,10.13,10.04,93200,941452.0,0.89,-0.89,-0.09,0.0
2026-03-26,MMYT,38.75,40.0,40.09,38.65,1606000,63518096.0,3.68,2.28,0.89,1.69
2026-03-26,MNA,36.14,36.24,36.36,36.14,11300,411100.0,0.6,-0.38,-0.14,0.0
2026-03-26,MNBD,25.73,25.72,25.74,25.72,25400,654238.0,0.08,-0.12,-0.03,0.0
2026-03-26,MNDO,1.17,1.18,1.21,1.17,31800,37958.0,3.56,0.0,0.0,0.16
2026-03-26,MNDR,1.02,0.99,1.03,0.98,102000,102555.0,5.32,-2.75,-0.03,2.0
2026-03-26,MNDY,68.55,69.38,70.85,67.5,1833100,127493656.0,4.84,0.14,0.1,3.58
2026-03-26,MNKD,2.25,2.3,2.37,2.23,6357000,14681791.0,5.79,0.88,0.02,2.06
2026-03-26,MNOV,1.45,1.42,1.47,1.39,32100,45725.0,5.48,-2.74,-0.04,0.07
2026-03-26,MNPR,55.71,54.56,58.2,54.26,125400,7150885.0,6.92,-4.2,-2.39,1.88
2026-03-26,MNR,14.11,14.21,14.44,14.1,361900,5176526.0,2.43,1.43,0.2,0.22
2026-03-26,MNRO,16.14,15.64,16.35,15.46,1360500,21479126.0,5.44,-4.34,-0.71,4.53
2026-03-26,MNRS,28.53,27.27,28.53,27.12,6600,180954.0,4.8,-7.14,-2.1,0.0
2026-03-26,MNSB,21.71,22.0,22.2,21.71,30800,679643.0,2.23,-0.05,-0.01,0.42
2026-03-26,MNSBP,24.95,24.95,24.95,24.95,100,3688.0,0.0,0.0,0.0,0.01
2026-03-26,MNSO,16.05,16.02,16.24,15.8,399200,6424520.0,2.65,-3.49,-0.58,0.13
2026-03-26,MNST,73.21,71.98,73.33,71.82,4589700,331594368.0,2.07,-1.68,-1.23,0.47
2026-03-26,MNTK,1.11,1.25,1.26,1.11,590400,701233.0,13.39,11.61,0.13,0.41
2026-03-26,MNTN,8.52,8.6,8.94,8.47,452100,3864283.0,5.46,-0.12,-0.01,0.61
2026-03-26,MNTS,4.17,4.03,4.36,3.94,723300,3028011.0,9.88,-5.4,-0.23,51.77
2026-03-26,MNTSW,0.02,0.02,0.02,0.02,102800,1806.0,26.99,3.68,0.0,0.0
2026-03-26,MNVT,25.49,24.23,25.49,24.23,61400,1507733.0,4.93,-4.93,-1.26,0.0
2026-03-26,MNY,1.3,1.34,1.36,1.3,7300,9773.0,4.2,2.29,0.03,0.02
2026-03-26,MNZL,50.86,50.13,50.87,50.13,7500,382872.0,1.45,-1.72,-0.88,0.0
2026-03-26,MO,64.03,64.62,65.08,63.96,8226000,532206592.0,1.76,1.32,0.84,0.49
2026-03-26,MOAT,96.11,96.17,97.53,96.08,1864200,180599840.0,1.5,-0.63,-0.61,0.0
2026-03-26,MOB,5.37,5.22,5.62,5.18,231400,1227431.0,7.9,-5.26,-0.29,1.83
2026-03-26,MOBBW,2.8,2.07,3.72,2.07,1800,4345.0,73.66,-7.59,-0.17,0.0
2026-03-26,MOBX,0.4,0.38,0.42,0.37,12000500,4709307.0,11.14,-12.93,-0.06,11.64
2026-03-26,MOBXW,0.11,0.13,0.14,0.11,6700,907.0,22.34,2.48,0.0,0.0
2026-03-26,MOD,227.41,215.81,227.41,213.01,755800,164866464.0,6.18,-7.33,-17.08,1.43
2026-03-26,MODD,0.18,0.17,0.19,0.17,1264200,209793.0,9.94,-7.05,-0.01,0.87
2026-03-26,MODL,44.65,44.28,44.85,44.24,134800,5982320.0,1.37,-1.48,-0.67,0.0
2026-03-26,MOGU,2.52,2.56,2.56,2.4,7000,17408.0,6.4,2.4,0.06,0.09
2026-03-26,MOH,137.89,138.8,141.0,137.75,965900,134460064.0,2.32,-0.74,-1.04,1.85
2026-03-26,MOLN,4.21,4.3,4.3,4.21,1100,4788.0,2.06,-0.26,-0.01,0.0
2026-03-26,MOMO,5.84,5.84,5.92,5.83,1037000,6069832.0,1.51,-1.85,-0.11,0.68
2026-03-26,MOO,82.71,82.77,83.68,82.61,498200,41404896.0,1.29,-0.2,-0.17,0.0
2026-03-26,MOOD,40.5,40.08,40.5,40.08,19100,771084.0,1.02,-1.46,-0.59,0.0
2026-03-26,MORN,158.66,160.68,164.09,158.66,597000,96014480.0,3.42,1.08,1.71,1.51
2026-03-26,MORT,10.07,10.01,10.12,9.99,1126700,11305144.0,1.29,-1.09,-0.11,0.0
2026-03-26,MOS,25.4,25.0,26.19,24.42,11879800,299176192.0,6.76,-4.54,-1.19,3.74
2026-03-26,MOTG,36.83,36.35,36.96,36.35,4500,165914.0,1.65,-1.85,-0.69,0.0
2026-03-26,MOTI,33.74,33.07,33.83,33.07,8300,280611.0,2.24,-2.56,-0.87,0.0
2026-03-26,MOTO,54.05,54.05,54.05,54.05,300,19957.0,0.0,-2.95,-1.64,0.0
2026-03-26,MOV,23.93,24.17,24.81,23.93,106400,2582628.0,3.62,-0.45,-0.11,0.48
2026-03-26,MOVE,14.5,14.79,16.64,14.5,43400,669019.0,14.91,3.07,0.44,3.6
2026-03-26,MP,52.5,51.7,53.53,51.24,3828400,199258032.0,4.26,-3.8,-2.04,2.15
2026-03-26,MPA,10.97,10.9,10.97,10.86,15300,166990.0,0.96,-0.73,-0.08,0.0
2026-03-26,MPAA,11.02,11.14,11.28,11.0,75400,839490.0,2.5,-0.45,-0.05,0.39
2026-03-26,MPB,31.43,31.65,31.68,31.31,113900,3593959.0,1.17,0.03,0.01,0.49
2026-03-26,MPC,241.89,248.31,249.76,240.58,2038200,504278112.0,3.81,2.93,7.06,0.69
2026-03-26,MPG,6.3,5.99,6.48,5.99,17700,107960.0,7.54,-8.2,-0.53,0.0
2026-03-26,MPL,17.14,16.81,17.8,16.5,17800,304989.0,7.17,-7.23,-1.31,0.0
2026-03-26,MPLT,17.62,19.23,19.72,17.62,295100,5650876.0,11.58,6.01,1.09,0.65
2026-03-26,MPLX,59.04,58.96,59.35,58.5,1427400,83960656.0,1.44,0.12,0.07,0.14
2026-03-26,MPLY,27.69,27.41,27.69,27.41,400,12159.0,0.99,-2.33,-0.65,0.0
2026-03-26,MPRO,31.29,31.04,31.29,31.01,27000,843222.0,0.89,-1.24,-0.39,0.0
2026-03-26,MPT,4.62,4.67,4.76,4.61,3491700,16323458.0,3.23,0.43,0.02,0.58
2026-03-26,MPTI,76.76,72.15,79.58,72.0,160100,11965636.0,9.84,-6.37,-4.91,4.49
2026-03-26,MPU,0.76,0.75,0.76,0.74,2700,2079.0,2.35,-1.09,-0.01,0.0
2026-03-26,MPV,18.26,17.2,18.88,16.06,18700,324273.0,15.22,-7.13,-1.32,0.0
2026-03-26,MPWR,1101.48,1058.28,1112.44,1057.02,547100,585446720.0,4.95,-5.4,-60.38,1.11
2026-03-26,MPX,7.36,7.34,7.52,7.29,9100,67003.0,3.11,-0.68,-0.05,0.03
2026-03-26,MQ,4.17,4.16,4.26,4.13,2227400,9318825.0,3.1,-0.72,-0.03,0.52
2026-03-26,MQQQ,159.45,155.33,161.27,155.33,5300,857034.0,3.64,-4.86,-7.93,0.0
2026-03-26,MQY,11.02,10.98,11.05,10.95,374000,4119572.0,0.9,-0.81,-0.09,0.0
2026-03-26,MRAL,3.22,3.21,3.79,3.12,5050100,17365184.0,22.0,7.0,0.21,0.0
2026-03-26,MRAM,9.5,9.04,9.53,9.01,177500,1635447.0,5.4,-7.0,-0.68,0.77
2026-03-26,MRBK,18.89,18.99,19.17,18.81,84700,1608092.0,1.89,-0.11,-0.02,0.71
2026-03-26,MRCC,4.56,4.64,4.76,4.56,60800,285694.0,4.33,0.43,0.02,0.28
2026-03-26,MRCP,31.74,31.52,31.75,31.51,9900,315955.0,0.75,-1.04,-0.33,0.0
2026-03-26,MRCY,77.04,76.16,78.93,75.91,887200,68295496.0,3.84,-3.24,-2.55,1.48
2026-03-26,MRDN,7.43,7.59,7.81,7.25,13200,101313.0,7.46,1.07,0.08,0.1
2026-03-26,MREO,0.34,0.34,0.37,0.33,992100,342494.0,10.03,-3.12,-0.01,0.62
2026-03-26,MRGR,44.89,44.85,44.89,44.85,200,9336.0,0.08,-0.17,-0.08,0.0
2026-03-26,MRK,118.96,118.93,120.06,118.65,6497200,774762816.0,1.18,-0.37,-0.44,
2026-03-26,MRKR,1.33,1.35,1.38,1.31,80700,109256.0,5.22,0.75,0.01,0.48
2026-03-26,MRLN,12.8,11.15,13.1,11.1,1287000,15262372.0,14.75,-17.71,-2.4,1.53
2026-03-26,MRM,1.13,1.13,1.14,1.12,29500,33365.0,1.77,0.0,0.0,0.37
2026-03-26,MRNA,52.76,53.57,54.68,52.3,3862600,207294528.0,4.45,0.06,0.03,0.97
2026-03-26,MRNO,0.53,0.46,0.53,0.44,200900,97991.0,16.51,-9.69,-0.05,0.25
2026-03-26,MRNOW,0.06,0.06,0.06,0.06,29500,1712.0,0.6,16.0,0.01,0.0
2026-03-26,MRNX,29.57,29.64,29.95,28.45,5000,147772.0,5.09,0.59,0.18,0.0
2026-03-26,MRNY,18.86,19.09,19.28,18.81,83300,1588624.0,2.42,-1.34,-0.26,0.0
2026-03-26,MRP,29.08,28.84,29.4,28.72,859400,24518406.0,2.31,-1.94,-0.57,0.52
2026-03-26,MRSH,174.37,174.14,177.04,173.25,3125900,545608128.0,2.18,-0.03,-0.06,0.65
2026-03-26,MRSK,35.6,35.37,35.76,35.33,7900,282011.0,1.2,-1.44,-0.52,0.0
2026-03-26,MRT,2.02,2.05,2.06,2.02,15700,32240.0,1.98,1.49,0.03,0.02
2026-03-26,MRTN,12.96,12.86,13.13,12.85,635600,8239359.0,2.14,-1.76,-0.23,0.78
2026-03-26,MRVI,3.08,3.09,3.17,3.07,785700,2448429.0,3.22,-0.64,-0.02,0.31
2026-03-26,MRVL,97.96,97.68,100.65,97.22,26078500,2571832832.0,3.48,-0.78,-0.77,2.98
2026-03-26,MRVU,33.67,33.41,35.23,33.24,45500,1554392.0,5.87,-1.52,-0.51,0.0
2026-03-26,MRX,40.0,40.55,42.48,39.8,1896000,77685104.0,6.89,4.35,1.69,2.6
2026-03-26,MS,164.65,163.23,166.33,162.48,6175700,1012659584.0,2.32,-1.46,-2.42,0.39
2026-03-26,MSA,174.62,167.69,176.35,167.23,279300,47493632.0,5.18,-4.74,-8.34,0.72
2026-03-26,MSAI,0.24,0.23,0.25,0.21,1144400,267703.0,18.17,-2.75,-0.01,1.42
2026-03-26,MSAIW,0.04,0.04,0.05,0.04,10900,421.0,15.84,-14.03,-0.01,0.0
2026-03-26,MSB,30.36,30.78,31.38,30.36,20200,626980.0,3.26,-1.63,-0.51,0.15
2026-03-26,MSBI,21.65,21.94,22.02,21.57,116100,2544252.0,2.06,0.5,0.11,0.54
2026-03-26,MSBIP,24.92,24.9,25.05,24.9,2600,67038.0,0.6,-0.24,-0.06,0.06
2026-03-26,MSC,2.49,2.65,2.99,2.22,19700,51084.0,30.8,6.0,0.15,0.01
2026-03-26,MSCI,528.16,534.68,538.96,528.0,335300,179479792.0,2.06,0.69,3.69,0.46
2026-03-26,MSD,7.35,7.25,7.4,7.25,90900,665936.0,2.04,-1.49,-0.11,0.0
2026-03-26,MSDD,56.5,60.77,61.34,56.5,2500,153298.0,8.65,8.56,4.79,0.0
2026-03-26,MSDL,14.59,14.43,14.77,14.41,638700,9311064.0,2.44,-1.16,-0.17,0.75
2026-03-26,MSEX,50.86,52.03,52.38,50.7,105800,5496025.0,3.29,1.8,0.92,0.57
2026-03-26,MSFD,14.73,14.93,14.95,14.58,3034600,44969708.0,2.55,1.36,0.2,0.0
2026-03-26,MSFL,15.32,14.92,15.65,14.87,1371300,20847364.0,5.11,-2.86,-0.44,0.0
2026-03-26,MSFO,11.57,11.41,11.63,11.41,82000,943754.0,1.89,-2.14,-0.25,0.0
2026-03-26,MSFT,370.82,365.97,374.72,365.19,36836500,13570831360.0,2.57,-1.37,-5.07,0.5
2026-03-26,MSFU,23.17,22.55,23.65,22.47,5342600,122681376.0,5.09,-2.8,-0.65,0.0
2026-03-26,MSFW,26.69,26.37,26.91,26.28,31000,828403.0,2.35,-1.6,-0.43,0.0
2026-03-26,MSFX,15.27,14.92,15.6,14.84,109700,1659630.0,4.95,-2.86,-0.44,0.0
2026-03-26,MSFY,17.09,16.81,17.14,16.8,20200,344612.0,2.0,-1.24,-0.21,0.0
2026-03-26,MSGE,57.23,56.88,57.9,56.71,201300,11478251.0,2.06,-1.3,-0.75,0.43
2026-03-26,MSGM,4.1,4.12,4.25,4.06,18300,76366.0,4.66,-1.44,-0.06,0.32
2026-03-26,MSGS,314.61,314.93,317.38,311.67,192700,60671308.0,1.81,-0.34,-1.07,0.8
2026-03-26,MSGY,0.44,0.57,0.6,0.44,1601100,852661.0,34.44,26.84,0.12,11.26
2026-03-26,MSI,448.03,450.01,454.17,447.66,1002500,451795072.0,1.44,-0.22,-1.0,0.61
2026-03-26,MSIF,13.0,12.49,13.31,12.46,554800,7093012.0,6.49,-4.66,-0.61,1.21
2026-03-26,MSII,6.74,6.56,6.87,6.55,10700,72681.0,4.66,-4.52,-0.31,0.0
2026-03-26,MSLC,51.8,51.45,52.16,51.42,60900,3164903.0,1.42,-1.51,-0.79,0.0
2026-03-26,MSLE,7.21,6.93,7.52,6.93,60300,430061.0,8.29,-2.67,-0.19,0.3
2026-03-26,MSM,91.44,89.48,92.93,89.2,527000,47694592.0,4.06,-2.63,-2.42,0.94
2026-03-26,MSMR,33.99,34.04,34.33,33.99,2900,100600.0,0.99,-0.86,-0.3,0.0
2026-03-26,MSN,0.38,0.38,0.38,0.36,9400,3503.0,4.97,0.5,0.0,0.04
2026-03-26,MSOO,6.97,6.93,6.97,6.93,200,1694.0,0.55,-4.98,-0.36,0.0
2026-03-26,MSOS,3.7,3.57,3.77,3.5,7060300,25653696.0,7.19,-4.8,-0.18,0.0
2026-03-26,MSOX,2.41,2.22,2.46,2.2,2168800,5037927.0,10.53,-10.12,-0.25,0.0
2026-03-26,MSS,0.14,0.15,0.15,0.14,388900,55673.0,8.2,0.0,0.0,1.28
2026-03-26,MSSM,51.74,51.45,52.41,51.45,10200,533527.0,1.83,-1.83,-0.96,0.0
2026-03-26,MSSS,30.35,29.97,30.35,29.92,12000,360863.0,1.42,-1.26,-0.38,0.0
2026-03-26,MSST,35.3,34.82,35.3,34.82,1100,39010.0,1.33,-3.7,-1.34,0.0
2026-03-26,MST,24.16,23.15,24.72,23.15,39700,937462.0,6.35,-6.51,-1.61,0.0
2026-03-26,MSTB,38.25,38.23,38.29,38.22,2700,105111.0,0.18,-1.33,-0.52,0.0
2026-03-26,MSTI,20.33,20.33,20.33,20.33,0,1730.0,0.0,-0.32,-0.06,0.0
2026-03-26,MSTK,7.84,7.8,7.84,7.8,1300,10489.0,0.51,-4.4,-0.36,0.0
2026-03-26,MSTP,1.74,1.65,1.81,1.64,1561500,2651485.0,9.17,-8.06,-0.14,0.0
2026-03-26,MSTQ,32.5,32.5,32.5,32.5,100,6323.0,0.0,-1.8,-0.59,0.0
2026-03-26,MSTR,136.55,132.93,139.08,132.69,15285400,2063501824.0,4.59,-4.46,-6.2,4.42
2026-03-26,MSTU,5.14,4.86,5.33,4.84,25340200,128663016.0,9.16,-8.99,-0.48,0.0
2026-03-26,MSTW,7.08,6.85,7.22,6.84,332000,2222404.0,5.19,-5.19,-0.38,0.0
2026-03-26,MSTX,23.68,22.35,24.5,22.26,1906200,44297156.0,9.13,-8.92,-2.19,0.0
2026-03-26,MSTY,22.99,22.42,23.34,22.42,983900,22474402.0,3.89,-5.24,-1.24,0.0
2026-03-26,MSTZ,10.64,11.17,11.21,10.27,11757100,126119064.0,9.18,8.98,0.92,0.0
2026-03-26,MSW,0.92,0.92,0.92,0.92,1100,1016.0,0.0,-4.78,-0.05,0.01
2026-03-26,MT,51.33,51.01,52.05,50.94,1261700,64798048.0,2.1,-3.54,-1.87,
2026-03-26,MTA,7.2,6.55,7.2,6.54,665000,4474224.0,9.37,-6.96,-0.49,0.71
2026-03-26,MTB,203.39,205.73,206.18,203.35,1020300,209327952.0,1.39,0.48,0.98,0.69
2026-03-26,MTBA,49.23,49.01,49.3,49.01,251100,12345249.0,0.59,-1.23,-0.61,0.0
2026-03-26,MTC,6.35,6.95,7.0,6.35,46800,318731.0,10.16,8.59,0.55,0.19
2026-03-26,MTCH,30.0,30.81,31.08,30.0,4250800,130726776.0,3.56,1.55,0.47,
2026-03-26,MTD,1255.69,1270.0,1284.61,1255.69,170400,216255440.0,2.28,0.34,4.25,
2026-03-26,MTDR,61.95,64.2,64.47,61.75,2360000,150509232.0,4.46,5.16,3.15,1.9
2026-03-26,MTEK,1.5,1.35,1.58,1.34,1074200,1604300.0,16.67,-6.25,-0.09,11.97
2026-03-26,MTEKW,0.19,0.17,0.2,0.17,3800,722.0,13.16,-7.89,-0.02,0.0
2026-03-26,MTEN,1.36,1.31,1.36,1.25,23000,30074.0,8.09,-3.68,-0.05,1.88
2026-03-26,MTEX,6.5,6.95,6.95,6.4,5800,36875.0,7.87,-0.57,-0.04,0.31
2026-03-26,MTG,25.92,26.11,26.19,25.92,1874900,48908652.0,1.04,0.38,0.1,0.87
2026-03-26,MTGP,43.89,43.78,44.03,43.78,4900,217593.0,0.54,-0.91,-0.4,0.0
2026-03-26,MTH,60.82,60.54,62.14,60.33,727700,44217336.0,2.94,-1.7,-1.05,1.09
2026-03-26,MTLS,4.95,4.94,5.04,4.91,50700,250977.0,2.63,-0.2,-0.01,0.09
2026-03-26,MTN,129.5,130.13,133.69,129.38,607100,79443832.0,3.26,-1.46,-1.93,1.7
2026-03-26,MTNB,0.61,0.6,0.61,0.58,16700,10059.0,5.25,4.63,0.03,0.26
2026-03-26,MTR,5.24,5.14,5.35,5.1,51200,265393.0,4.91,0.19,0.01,2.75
2026-03-26,MTRA,24.0,23.66,24.0,23.66,102700,2466624.0,1.41,-2.12,-0.51,0.0
2026-03-26,MTRN,145.27,140.68,147.29,140.07,179600,25533976.0,4.87,-5.02,-7.43,0.86
2026-03-26,MTRX,11.35,11.35,11.65,11.2,228700,2600014.0,3.94,-0.53,-0.06,0.81
2026-03-26,MTSI,240.01,228.5,243.41,228.04,1496300,347648192.0,6.27,-6.75,-16.54,1.99
2026-03-26,MTUL,33.28,33.24,33.28,31.25,1300,43089.0,5.8,-4.96,-1.74,0.0
2026-03-26,MTUM,243.8,238.21,244.54,238.17,1014000,243365024.0,2.58,-3.63,-8.97,0.0
2026-03-26,MTUS,16.49,16.31,16.73,16.22,362500,5940696.0,3.08,-2.04,-0.34,0.87
2026-03-26,MTVA,1.3,1.32,1.36,1.3,54300,72348.0,4.62,1.54,0.02,1.07
2026-03-26,MTW,11.92,11.98,12.1,11.88,147900,1772179.0,1.82,-0.99,-0.12,0.41
2026-03-26,MTX,69.92,70.72,70.99,69.92,175300,12377248.0,1.52,0.77,0.54,0.56
2026-03-26,MTYY,5.29,5.21,5.32,5.21,17100,90534.0,2.06,-2.21,-0.12,0.0
2026-03-26,MTZ,317.24,306.74,321.51,304.42,895800,278312352.0,5.28,-5.2,-16.81,1.14
2026-03-26,MU,370.02,355.46,374.25,350.0,54515800,19703603200.0,6.35,-6.97,-26.63,4.83
2026-03-26,MUA,10.53,10.48,10.56,10.45,76300,801377.0,1.04,-0.57,-0.06,0.0
2026-03-26,MUB,105.9,105.6,105.9,105.58,4400000,465329280.0,0.3,-0.38,-0.4,0.0
2026-03-26,MUC,10.52,10.4,10.54,10.4,261800,2739690.0,1.31,-1.42,-0.15,0.0
2026-03-26,MUD,40.48,41.98,42.37,40.1,1117300,46112392.0,5.77,6.75,2.65,0.0
2026-03-26,MUFG,16.64,16.62,16.88,16.58,2770700,46252252.0,1.77,-2.0,-0.34,0.02
2026-03-26,MUJ,11.83,11.55,11.85,11.55,111700,1309129.0,2.53,-2.61,-0.31,0.0
2026-03-26,MULL,130.56,119.51,133.09,117.24,471400,58757044.0,11.42,-13.9,-19.29,0.0
2026-03-26,MULT,25.0,25.01,25.01,25.0,200,5075.0,0.04,-0.63,-0.16,0.0
2026-03-26,MUNA,99.83,99.86,100.03,99.81,30400,3040237.0,0.22,-0.13,-0.13,0.0
2026-03-26,MUNB,100.07,100.07,100.07,100.07,0,0.0,0.0,-0.09,-0.09,
2026-03-26,MUNC,101.17,101.29,101.29,101.17,400,40566.0,0.12,-0.12,-0.12,0.0
2026-03-26,MUND,101.98,101.98,101.98,101.98,0,0.0,0.0,-0.15,-0.15,
2026-03-26,MUNI,52.02,51.98,52.08,51.97,356800,18566252.0,0.21,-0.21,-0.11,0.0
2026-03-26,MUNX,24.64,24.64,24.66,24.64,14700,364285.0,0.08,-0.46,-0.11,0.0
2026-03-26,MUNY,102.14,101.97,102.22,101.91,39800,4070059.0,0.3,-0.18,-0.18,0.0
2026-03-26,MUR,40.69,41.75,42.22,40.48,2354500,98065256.0,4.37,4.45,1.78,1.65
2026-03-26,MUSA,490.0,495.2,502.33,481.11,391400,193338064.0,4.45,3.74,17.84,2.12
2026-03-26,MUSE,49.17,49.17,49.17,49.17,0,244.0,0.0,-0.27,-0.13,0.0
2026-03-26,MUSI,43.56,43.4,43.56,43.39,34100,1480611.0,0.39,-0.59,-0.26,0.0
2026-03-26,MUSQ,23.79,23.79,23.79,23.79,200,5962.0,0.0,-1.53,-0.37,0.0
2026-03-26,MUST,20.47,20.41,20.48,20.37,81600,1668618.0,0.54,-0.29,-0.06,0.0
2026-03-26,MUU,146.5,135.06,150.6,132.33,3238600,459485760.0,11.61,-14.19,-22.33,0.0
2026-03-26,MUX,18.59,18.51,19.32,18.43,790400,14795985.0,4.58,-4.78,-0.93,1.33
2026-03-26,MUZE,9.83,9.85,9.85,9.82,6500,64863.0,0.31,0.15,0.02,0.02
2026-03-26,MUZEU,9.95,9.95,9.95,9.95,2700,27073.0,0.0,-0.16,-0.02,0.01
2026-03-26,MUZEW,0.26,0.22,0.26,0.2,159300,31970.0,25.01,-15.35,-0.04,0.0
2026-03-26,MVAL,35.41,35.23,35.41,35.23,300,13382.0,0.52,-0.36,-0.13,0.0
2026-03-26,MVBF,24.71,25.46,25.55,24.71,40800,1021697.0,3.35,1.35,0.34,0.32
2026-03-26,MVFD,29.58,29.36,29.62,29.36,6700,197899.0,0.87,-1.26,-0.37,0.0
2026-03-26,MVFG,32.35,31.82,32.35,31.82,6900,221564.0,1.63,-2.17,-0.71,0.0
2026-03-26,MVIS,0.68,0.62,0.68,0.6,5784000,3596818.0,11.18,-9.51,-0.06,1.89
2026-03-26,MVLL,25.99,25.83,27.2,25.5,296800,7518102.0,6.49,-1.37,-0.36,0.0
2026-03-26,MVO,2.16,2.23,2.25,2.15,202200,443750.0,4.61,2.76,0.06,1.76
2026-03-26,MVPA,31.66,31.24,31.66,31.24,1900,60720.0,1.32,-0.81,-0.25,0.0
2026-03-26,MVPL,33.95,33.63,33.95,33.63,100,5328.0,0.94,-1.71,-0.59,0.0
2026-03-26,MVRL,13.12,13.12,13.12,13.12,100,2402.0,0.0,-1.82,-0.24,0.0
2026-03-26,MVST,1.54,1.45,1.56,1.44,3985600,5892749.0,7.64,-7.64,-0.12,1.2
2026-03-26,MVSTW,0.02,0.02,0.02,0.02,18000,324.0,17.59,-19.6,-0.0,0.0
2026-03-26,MVV,71.88,71.13,73.09,71.13,5300,383385.0,2.68,-3.01,-2.21,
2026-03-26,MWA,28.0,27.8,28.28,27.69,616700,17185132.0,2.11,-1.49,-0.42,0.39
2026-03-26,MWG,1.73,1.86,1.97,1.73,22300,41230.0,13.33,3.33,0.06,0.44
2026-03-26,MWH,29.24,27.81,29.54,27.47,314900,8538394.0,7.02,-5.66,-1.67,0.16
2026-03-26,MWYN,0.79,0.79,0.79,0.76,7200,5639.0,3.24,0.23,0.0,0.04
2026-03-26,MX,2.92,2.84,2.96,2.82,222200,643940.0,5.1,-3.4,-0.1,0.61
2026-03-26,MXC,11.24,11.07,12.0,11.0,35400,400770.0,9.1,0.73,0.08,1.73
2026-03-26,MXCT,0.67,0.72,0.74,0.67,1286800,918881.0,10.27,3.94,0.03,1.2
2026-03-26,MXE,12.66,12.59,12.66,12.59,3600,45635.0,0.55,-1.64,-0.21,0.0
2026-03-26,MXF,20.85,20.45,21.24,20.45,70800,1471736.0,3.74,-2.53,-0.53,0.47
2026-03-26,MXI,102.19,101.81,103.52,101.81,15900,1637383.0,1.65,-1.77,-1.83,0.0
2026-03-26,MXL,17.48,17.16,17.77,17.09,787400,13641526.0,3.82,-3.6,-0.64,0.91
2026-03-26,MYCF,25.05,25.05,25.05,25.04,3700,92780.0,0.04,-0.02,-0.0,0.0
2026-03-26,MYCG,24.95,24.92,24.95,24.92,2400,60868.0,0.1,-0.16,-0.04,0.0
2026-03-26,MYCH,24.85,24.83,24.85,24.83,149800,3724523.0,0.08,-0.24,-0.06,0.0
2026-03-26,MYCI,24.75,24.72,24.78,24.72,3600,89410.0,0.24,-0.36,-0.09,0.0
2026-03-26,MYCJ,24.69,24.61,24.69,24.61,8700,215759.0,0.32,-0.47,-0.12,0.0
2026-03-26,MYCK,24.77,24.68,24.79,24.68,11700,291254.0,0.44,-0.57,-0.14,0.0
2026-03-26,MYCL,24.54,24.53,24.55,24.53,4800,118201.0,0.08,-0.69,-0.17,0.0
2026-03-26,MYCM,24.54,24.52,24.54,24.52,5700,140702.0,0.08,-0.63,-0.16,0.0
2026-03-26,MYCN,24.42,24.32,24.42,24.32,5700,139981.0,0.41,-0.75,-0.18,0.0
2026-03-26,MYCO,24.32,24.32,24.32,24.32,3000,74661.0,0.02,-0.74,-0.18,0.0
2026-03-26,MYE,21.06,20.97,21.28,20.84,310400,6512593.0,2.06,-1.6,-0.34,0.83
2026-03-26,MYFW,24.19,24.62,24.68,24.19,9300,229167.0,2.03,0.78,0.19,0.1
2026-03-26,MYGN,4.62,4.62,4.81,4.58,930700,4326087.0,4.91,-1.28,-0.06,1.0
2026-03-26,MYHA,24.91,24.91,24.91,24.91,0,0.0,0.0,-0.28,-0.07,
2026-03-26,MYHB,24.86,24.85,24.86,24.85,400,9943.0,0.04,0.06,0.01,0.0
2026-03-26,MYHC,24.8,24.71,24.8,24.71,100,3338.0,0.37,-0.55,-0.14,0.0
2026-03-26,MYHD,24.7,24.58,24.7,24.58,2900,72014.0,0.48,-0.77,-0.19,0.0
2026-03-26,MYHE,24.68,24.56,24.68,24.56,2800,68992.0,0.5,-0.81,-0.2,0.0
2026-03-26,MYI,10.56,10.46,10.62,10.46,235400,2485980.0,1.51,-1.51,-0.16,0.0
2026-03-26,MYLD,28.1,28.06,28.1,27.98,4500,126887.0,0.46,-0.14,-0.04,0.0
2026-03-26,MYMF,24.96,24.96,24.96,24.96,0,0.0,0.0,-0.08,-0.02,
2026-03-26,MYMG,24.7,24.7,24.7,24.7,0,2001.0,0.0,-0.06,-0.01,0.0
2026-03-26,MYMH,24.61,24.6,24.61,24.6,400,11862.0,0.02,0.02,0.0,0.0
2026-03-26,MYMI,24.57,24.57,24.57,24.57,0,319.0,0.0,0.02,0.0,0.0
2026-03-26,MYMJ,24.69,24.69,24.69,24.69,0,321.0,0.0,-0.3,-0.07,0.0
2026-03-26,MYMK,24.87,24.87,24.87,24.87,0,323.0,0.0,-0.98,-0.24,0.0
2026-03-26,MYN,9.7,9.68,9.76,9.66,170700,1657019.0,1.01,-0.51,-0.05,0.0
2026-03-26,MYND,0.39,0.35,0.39,0.35,3300,1223.0,10.28,-1.67,-0.01,0.01
2026-03-26,MYO,0.69,0.68,0.73,0.67,216400,149956.0,8.44,-2.2,-0.02,0.56
2026-03-26,MYPS,0.45,0.43,0.46,0.43,197000,86772.0,5.78,-5.08,-0.02,0.15
2026-03-26,MYPSW,0.01,0.0,0.01,0.0,216100,1160.0,29.09,-21.82,-0.0,0.0
2026-03-26,MYRG,282.18,269.06,282.18,268.26,160100,43845044.0,4.88,-5.65,-16.12,1.03
2026-03-26,MYSE,1.62,1.75,1.79,1.6,41400,70429.0,11.31,4.17,0.07,0.97
2026-03-26,MYSZ,0.56,0.62,0.62,0.56,63500,39055.0,9.4,3.51,0.02,1.65
2026-03-26,MYY,17.11,17.2,17.2,16.94,12000,206172.0,1.53,1.47,0.25,0.0
2026-03-26,MZTI,139.61,141.71,143.32,138.87,206700,28942210.0,3.19,1.33,1.86,0.75
2026-03-26,MZZ,7.55,7.58,7.58,7.39,6600,49988.0,2.6,2.76,0.2,0.0
2026-03-26,NAAS,2.5,2.35,2.5,2.25,2500,6055.0,9.26,-12.96,-0.35,0.02
2026-03-26,NABL,4.67,4.8,4.86,4.67,1075600,5154129.0,3.94,2.35,0.11,0.57
2026-03-26,NAC,11.62,11.49,11.62,11.46,714100,8240062.0,1.38,-1.29,-0.15,0.0
2026-03-26,NACP,48.83,48.18,48.83,48.18,4000,195106.0,1.32,-2.17,-1.07,0.0
2026-03-26,NAD,11.44,11.3,11.44,11.28,1214500,13789237.0,1.39,-1.65,-0.19,0.0
2026-03-26,NAGE,4.45,4.47,4.55,4.4,934300,4172816.0,3.32,-1.11,-0.05,1.17
2026-03-26,NAII,2.76,2.73,2.89,2.71,25200,70706.0,6.48,-1.44,-0.04,0.41
2026-03-26,NAIL,38.49,37.78,40.53,37.65,1250500,48717016.0,7.24,-5.03,-2.0,0.0
2026-03-26,NAK,1.31,1.24,1.34,1.22,5772500,7309626.0,8.74,-6.77,-0.09,1.04
2026-03-26,NAKA,0.25,0.24,0.25,0.24,2461000,594894.0,6.94,-2.04,-0.01,0.36
2026-03-26,NAMI,0.93,0.85,0.94,0.8,52200,45802.0,15.1,-6.59,-0.06,0.07
2026-03-26,NAMM,2.3,2.22,2.35,2.2,446600,989657.0,6.25,-7.5,-0.18,0.83
2026-03-26,NAMS,30.96,31.25,32.15,30.48,493500,15486838.0,5.37,0.77,0.24,0.43
2026-03-26,NANC,42.36,41.86,42.61,41.86,15700,665097.0,1.75,-2.08,-0.89,0.0
2026-03-26,NANR,81.65,81.87,82.65,81.65,16200,1338208.0,1.22,-0.39,-0.32,0.0
2026-03-26,NAPR,54.6,54.53,54.61,54.48,18900,1035392.0,0.24,-0.06,-0.03,0.0
2026-03-26,NAT,5.62,5.59,5.79,5.58,4588200,26010774.0,3.79,0.9,0.05,2.17
2026-03-26,NATH,100.6,100.49,100.74,100.49,13000,1308173.0,0.24,-0.16,-0.16,0.32
2026-03-26,NATL,43.2,43.48,43.75,43.11,1543700,67085068.0,1.46,-0.59,-0.26,2.1
2026-03-26,NATO,39.23,38.76,39.29,38.68,19100,746819.0,1.54,-2.72,-1.08,0.0
2026-03-26,NATR,23.67,23.64,24.12,23.51,83400,1973536.0,2.56,-0.55,-0.13,0.48
2026-03-26,NAUG,29.08,28.86,29.08,28.85,11300,328542.0,0.81,-1.13,-0.33,0.0
2026-03-26,NAUT,3.82,3.78,3.88,3.4,454300,1659253.0,12.34,-3.32,-0.13,0.36
2026-03-26,NAVI,8.17,8.23,8.29,8.12,807200,6628283.0,2.02,0.73,0.06,0.85
2026-03-26,NAVN,11.26,13.11,13.78,10.5,21262500,259466352.0,35.85,43.28,3.96,8.55
2026-03-26,NAZ,12.18,11.94,12.18,11.92,27500,332692.0,2.09,-2.13,-0.26,0.0
2026-03-26,NB,4.67,4.57,4.68,4.51,2082600,9557828.0,3.59,-3.38,-0.16,1.46
2026-03-26,NBB,15.63,15.38,15.77,15.33,60100,928367.0,2.81,-1.73,-0.27,0.0
2026-03-26,NBBK,20.54,20.79,20.85,20.54,208800,4335422.0,1.5,0.43,0.09,0.46
2026-03-26,NBCE,33.91,33.91,33.91,33.91,0,135.0,0.0,-2.39,-0.83,0.0
2026-03-26,NBCM,27.73,27.34,27.73,27.34,55900,1536271.0,1.43,0.29,0.08,0.0
2026-03-26,NBCR,29.75,29.47,29.89,29.47,8400,251691.0,1.39,-1.63,-0.49,0.0
2026-03-26,NBDS,31.6,30.78,31.6,30.78,500,17788.0,2.56,-3.37,-1.07,0.0
2026-03-26,NBET,41.64,41.56,41.78,41.53,2800,116548.0,0.59,0.87,0.36,0.0
2026-03-26,NBFC,49.83,49.83,49.83,49.83,100,6138.0,0.0,-1.07,-0.54,0.0
2026-03-26,NBFR,24.2,24.2,24.2,24.2,100,4036.0,0.0,-1.23,-0.3,0.0
2026-03-26,NBGX,25.21,25.21,25.21,25.21,0,126.0,0.0,-1.98,-0.51,0.0
2026-03-26,NBH,9.95,9.92,10.08,9.91,100100,995870.0,1.71,-0.5,-0.05,0.0
2026-03-26,NBHC,38.38,38.55,38.97,38.38,339100,13093549.0,1.52,-0.52,-0.2,0.75
2026-03-26,NBIE,24.3,23.94,24.3,23.94,37800,913017.0,1.46,-1.84,-0.45,0.0
2026-03-26,NBIG,8.95,7.82,8.95,7.75,1208100,9746715.0,12.94,-15.64,-1.45,0.0
2026-03-26,NBIL,12.75,11.07,12.75,10.95,1346000,15651977.0,13.68,-15.88,-2.09,0.0
2026-03-26,NBIS,113.25,105.97,113.3,105.41,13405400,1452795520.0,6.86,-7.92,-9.12,5.3
2026-03-26,NBIX,131.13,132.42,133.01,129.96,574600,76061616.0,2.33,0.98,1.29,0.57
2026-03-26,NBIZ,9.83,10.96,11.05,9.83,413500,4236661.0,12.84,15.37,1.46,0.0
2026-03-26,NBJP,32.21,31.85,32.21,31.85,400,13773.0,1.08,-2.89,-0.95,0.0
2026-03-26,NBN,108.04,109.1,109.52,107.96,113000,12293194.0,1.43,-0.19,-0.21,1.32
2026-03-26,NBOS,26.72,26.6,26.87,26.55,16600,445026.0,1.19,-1.88,-0.51,0.0
2026-03-26,NBP,2.53,2.55,2.69,2.53,450300,1166350.0,6.25,-3.41,-0.09,0.39
2026-03-26,NBR,87.7,89.46,89.67,86.32,274000,24381588.0,3.83,2.25,1.97,1.87
2026-03-26,NBRG,9.91,9.88,9.91,9.88,113700,1125866.0,0.35,0.0,0.0,1.51
2026-03-26,NBRGR,0.13,0.13,0.13,0.13,570900,74214.0,4.1,29.97,0.03,0.0
2026-03-26,NBRGU,9.98,10.0,10.01,9.98,29200,293189.0,0.3,0.0,0.0,0.49
2026-03-26,NBSD,50.54,50.42,50.55,50.42,205300,10369385.0,0.26,-0.75,-0.38,0.0
2026-03-26,NBSM,25.28,25.11,25.47,25.08,7800,197130.0,1.54,-1.06,-0.27,0.0
2026-03-26,NBTB,42.23,42.54,42.64,42.23,166400,7071080.0,0.97,0.16,0.07,0.32
2026-03-26,NBTR,49.64,49.64,49.64,49.64,0,99.0,0.0,-0.97,-0.49,0.0
2026-03-26,NBTX,30.56,31.32,31.86,30.56,47000,1462611.0,4.24,2.25,0.69,0.1
2026-03-26,NBXG,13.13,12.82,13.17,12.79,165500,2149052.0,2.88,-2.95,-0.39,0.0
2026-03-26,NBY,1.43,1.53,1.7,1.43,364200,573204.0,19.01,7.75,0.11,1.37
2026-03-26,NC,51.09,50.71,51.77,49.69,21700,1101233.0,4.06,-1.11,-0.57,0.29
2026-03-26,NCA,9.08,9.04,9.08,9.01,28300,256361.0,0.73,-0.66,-0.06,0.0
2026-03-26,NCDL,13.14,13.12,13.4,13.05,121900,1607450.0,2.64,-0.98,-0.13,0.25
2026-03-26,NCEL,2.4,2.47,2.49,2.34,7200,15458.0,6.15,1.65,0.04,0.16
2026-03-26,NCEW,10.59,11.12,12.0,10.58,6500,73780.0,13.81,8.17,0.84,0.2
2026-03-26,NCI,5.47,5.96,6.07,5.37,1854700,10171796.0,12.52,6.62,0.37,9.81
2026-03-26,NCIQ,17.61,17.36,17.73,17.3,112700,1969402.0,2.4,-3.07,-0.55,0.0
2026-03-26,NCL,0.15,0.15,0.15,0.14,41400,5984.0,2.0,0.69,0.0,0.18
2026-03-26,NCLH,19.95,19.85,20.28,19.6,17203700,341952032.0,3.36,-1.83,-0.37,3.78
2026-03-26,NCLO,24.92,24.88,24.92,24.85,8200,204846.0,0.28,-0.16,-0.04,0.0
2026-03-26,NCMI,3.19,3.12,3.22,3.11,155700,491064.0,3.43,-2.8,-0.09,0.17
2026-03-26,NCNA,1.52,1.48,1.54,1.48,22200,33534.0,3.75,-3.27,-0.05,0.54
2026-03-26,NCNO,14.41,15.0,15.44,14.39,1999600,30053904.0,7.22,3.59,0.52,1.74
2026-03-26,NCPB,24.92,24.83,24.92,24.83,900,22768.0,0.36,-0.52,-0.13,0.0
2026-03-26,NCPL,0.41,0.38,0.41,0.38,69000,27371.0,8.55,-6.0,-0.02,0.88
2026-03-26,NCPLW,0.02,0.02,0.03,0.02,4700,104.0,21.84,-0.49,-0.0,0.0
2026-03-26,NCRA,0.22,0.21,0.22,0.2,91900,20024.0,8.89,-3.33,-0.01,0.64
2026-03-26,NCSM,72.1,70.76,74.15,70.33,18200,1325484.0,5.26,-2.66,-1.93,0.72
2026-03-26,NCT,0.1,0.11,0.13,0.09,2490400,273671.0,45.74,9.46,0.01,8.17
2026-03-26,NCTY,5.85,5.23,5.9,5.11,73100,401454.0,13.5,-10.6,-0.62,0.48
2026-03-26,NCV,15.24,14.9,15.27,14.85,121500,1832603.0,2.75,-2.42,-0.37,0.0
2026-03-26,NCZ,13.81,13.48,13.81,13.42,77900,1061184.0,2.82,-2.6,-0.36,0.0
2026-03-26,NDAA,21.43,21.43,21.43,21.43,0,471.0,0.0,-1.69,-0.37,0.0
2026-03-26,NDAQ,83.5,83.78,84.93,83.5,1696000,142473888.0,1.7,0.05,0.04,0.3
2026-03-26,NDEC,27.08,26.79,27.08,26.79,10200,275466.0,1.07,-1.49,-0.41,0.0
2026-03-26,NDIA,26.08,25.84,26.14,25.84,2800,75048.0,1.12,-1.64,-0.43,0.0
2026-03-26,NDIV,36.85,36.54,37.53,36.22,43100,1585885.0,3.6,0.83,0.3,0.0
2026-03-26,NDLS,7.5,9.43,9.95,7.44,1672300,15546507.0,41.42,55.61,3.37,28.4
2026-03-26,NDMO,10.08,10.0,10.11,9.97,152200,1525214.0,1.39,-0.7,-0.07,0.0
2026-03-26,NDOW,27.32,27.09,27.32,27.09,11700,320553.0,0.83,-1.49,-0.41,0.0
2026-03-26,NDRA,3.77,4.59,4.61,3.75,133600,576432.0,22.93,22.4,0.84,11.46
2026-03-26,NDSN,269.05,264.96,272.21,264.19,247200,65808388.0,2.96,-2.17,-5.89,0.44
2026-03-26,NDVG,34.57,34.39,34.57,34.39,800,30755.0,0.53,-1.02,-0.36,0.0
2026-03-26,NE,49.29,49.83,50.35,49.24,1324000,66007128.0,2.25,0.89,0.44,0.83
2026-03-26,NEA,11.1,10.97,11.12,10.95,948000,10456504.0,1.52,-1.61,-0.18,0.0
2026-03-26,NEAR,50.68,50.59,50.72,50.58,529900,26843256.0,0.28,-0.27,-0.13,0.0
2026-03-26,NEBX,39.43,34.64,39.43,34.2,891600,32168044.0,12.79,-15.31,-6.26,0.0
2026-03-26,NECB,23.5,23.73,23.83,23.46,25700,611177.0,1.56,0.17,0.04,0.19
2026-03-26,NEE,91.7,91.16,92.0,90.57,6537700,596036736.0,1.57,0.0,0.0,0.31
2026-03-26,NEGG,46.78,41.13,47.26,41.06,85100,3679489.0,13.19,-12.49,-5.87,0.41
2026-03-26,NEHI,32.68,32.35,32.75,32.15,35600,1156832.0,1.76,-4.49,-1.52,0.0
2026-03-26,NELS,24.97,24.6,24.97,24.6,5400,136755.0,1.48,-2.11,-0.53,0.0
2026-03-26,NEM,98.99,99.36,101.99,98.73,8829800,882846016.0,3.21,-2.13,-2.16,0.82
2026-03-26,NEMD,51.67,51.18,51.8,51.18,1700,89500.0,1.2,-1.55,-0.81,0.0
2026-03-26,NEMG,17.69,16.88,17.69,16.76,6600,113169.0,5.24,-4.4,-0.78,0.0
2026-03-26,NEN,61.01,61.01,61.01,61.01,0,6072.0,0.0,0.0,0.0,0.0
2026-03-26,NEO,7.63,7.76,7.92,7.61,1039300,8051078.0,3.93,-0.13,-0.01,0.8
2026-03-26,NEOG,9.04,9.15,9.24,9.04,1668300,15224488.0,2.18,-0.11,-0.01,0.77
2026-03-26,NEON,1.36,1.36,1.37,1.33,87800,118403.0,2.94,0.0,0.0,0.52
2026-03-26,NEOV,4.05,4.12,4.35,3.91,871200,3587606.0,10.81,1.23,0.05,2.05
2026-03-26,NEOVW,1.69,1.69,1.69,1.69,100,232.0,0.0,-2.88,-0.05,0.0
2026-03-26,NEPH,3.0,2.94,3.03,2.91,12600,37840.0,3.97,-2.65,-0.08,0.12
2026-03-26,NERD,20.14,20.1,20.14,20.1,600,12205.0,0.15,-1.69,-0.35,0.0
2026-03-26,NERV,6.01,6.14,6.31,5.79,326100,1967620.0,8.52,0.66,0.04,0.75
2026-03-26,NESR,21.98,21.43,22.27,20.94,2595300,55560412.0,5.95,-4.12,-0.92,2.57
2026-03-26,NET,216.0,210.13,219.98,206.8,4060100,861507456.0,6.05,-3.61,-7.87,1.15
2026-03-26,NETG,13.63,12.66,13.96,12.34,120400,1613571.0,11.8,-7.76,-1.06,0.0
2026-03-26,NETL,24.64,24.73,24.83,24.64,3400,85404.0,0.77,0.23,0.06,0.0
2026-03-26,NEU,618.69,629.12,635.46,618.69,107200,67373056.0,2.7,1.23,7.66,1.14
2026-03-26,NEUP,4.32,4.2,4.47,4.2,19400,83251.0,6.16,-3.89,-0.17,0.36
2026-03-26,NEWP,3.63,3.68,3.78,3.62,926100,3438327.0,4.38,-2.39,-0.09,0.5
2026-03-26,NEWT,11.1,11.07,11.36,11.03,204900,2275100.0,2.94,-1.34,-0.15,0.71
2026-03-26,NEWTG,24.86,24.82,24.86,24.82,400,12022.0,0.16,-0.16,-0.04,0.0
2026-03-26,NEWTH,25.05,25.03,25.05,25.01,3300,82804.0,0.16,0.22,0.06,0.0
2026-03-26,NEWTI,25.38,25.16,25.38,25.08,2100,54065.0,1.18,-0.79,-0.2,0.0
2026-03-26,NEWTO,25.08,25.08,25.08,25.08,100,2507.0,0.0,-0.68,-0.17,0.0
2026-03-26,NEWTP,23.49,23.6,23.77,23.49,8500,201532.0,1.18,-0.8,-0.19,0.43
2026-03-26,NEWZ,27.68,27.53,27.68,27.53,300,10513.0,0.54,-0.43,-0.12,0.0
2026-03-26,NEXA,9.65,9.67,9.98,9.52,371200,3599274.0,4.57,-3.88,-0.39,0.28
2026-03-26,NEXM,2.34,2.27,2.37,2.25,28200,64854.0,5.11,-3.4,-0.08,0.08
2026-03-26,NEXN,6.51,6.65,6.7,6.51,172600,1145205.0,2.89,1.22,0.08,0.31
2026-03-26,NEXT,7.91,8.15,8.48,7.7,13687300,110004088.0,10.69,11.04,0.81,5.17
2026-03-26,NFBK,13.28,13.4,13.41,13.26,152500,2037497.0,1.12,-0.07,-0.01,0.37
2026-03-26,NFE,0.7,0.71,0.77,0.68,15449600,11231849.0,12.24,0.08,0.0,5.43
2026-03-26,NFEB,27.57,27.3,27.58,27.3,4000,110649.0,1.0,-1.33,-0.37,0.0
2026-03-26,NFG,94.47,94.68,95.1,94.22,548400,51956656.0,0.93,0.3,0.28,0.58
2026-03-26,NFGC,1.81,1.68,1.81,1.67,2285800,3960295.0,7.69,-7.69,-0.14,0.66
2026-03-26,NFJ,12.6,12.47,12.67,12.46,201800,2531059.0,1.64,-2.12,-0.27,0.0
2026-03-26,NFLP,25.05,25.53,25.85,25.01,5200,135211.0,3.32,0.91,0.23,0.0
2026-03-26,NFLT,22.75,22.77,22.77,22.62,87900,1994883.0,0.66,0.09,0.02,0.0
2026-03-26,NFLU,29.04,30.27,31.89,28.88,139300,4247273.0,10.15,2.26,0.67,0.0
2026-03-26,NFLW,24.25,24.79,25.16,24.16,6800,168583.0,4.1,1.53,0.37,0.0
2026-03-26,NFLX,91.52,93.32,95.86,91.01,59522000,5562617856.0,5.26,1.13,1.04,1.41
2026-03-26,NFLY,10.46,10.72,10.89,10.46,53200,571063.0,4.0,-0.36,-0.04,0.0
2026-03-26,NFRA,63.16,63.03,63.58,62.95,32800,2078063.0,0.99,-0.99,-0.63,0.0
2026-03-26,NFRX,26.21,26.13,26.21,26.13,100,2665.0,0.29,-0.54,-0.14,0.0
2026-03-26,NFTY,51.55,51.05,51.78,51.0,40400,2082606.0,1.5,-2.77,-1.45,0.0
2026-03-26,NFXL,27.43,28.46,29.93,27.05,608600,17290498.0,10.35,2.28,0.63,0.0
2026-03-26,NFXS,17.17,16.87,17.17,16.63,39500,666799.0,3.17,-1.06,-0.18,0.0
2026-03-26,NG,7.85,7.73,8.17,7.67,1927000,15106055.0,6.09,-5.85,-0.48,0.44
2026-03-26,NGEN,3.93,3.66,3.93,3.65,114400,431744.0,7.16,-6.39,-0.25,0.14
2026-03-26,NGG,82.76,82.4,83.29,82.28,939700,77681504.0,1.2,-2.24,-1.89,0.09
2026-03-26,NGL,12.96,12.51,13.09,12.38,206700,2609355.0,5.44,-3.4,-0.44,0.17
2026-03-26,NGNE,21.67,21.41,22.95,21.01,95600,2067240.0,8.81,-2.81,-0.62,0.61
2026-03-26,NGS,39.52,39.64,40.01,39.28,66200,2618495.0,1.83,-0.45,-0.18,0.53
2026-03-26,NGVC,24.75,25.65,25.78,24.75,122400,3135788.0,4.16,3.59,0.89,0.53
2026-03-26,NGVT,70.91,71.35,72.06,70.48,268100,19098706.0,2.19,-0.6,-0.43,0.76
2026-03-26,NHC,160.75,161.28,162.9,159.3,176900,28612038.0,2.23,-0.09,-0.14,1.14
2026-03-26,NHI,83.0,82.79,83.85,82.61,280900,23315290.0,1.49,-0.4,-0.33,0.58
2026-03-26,NHIC,10.38,10.38,10.38,10.38,600,6228.0,0.0,0.0,0.0,0.0
2026-03-26,NHICW,0.41,0.41,0.41,0.41,200,81.0,0.0,4.62,0.02,0.0
2026-03-26,NHPAP,19.5,19.05,19.5,19.05,3700,73173.0,2.36,-0.26,-0.05,0.0
2026-03-26,NHPBP,18.77,18.78,18.85,18.67,1600,31445.0,0.96,0.6,0.11,0.0
2026-03-26,NHS,6.54,6.37,6.55,6.35,389000,2520400.0,3.04,-3.12,-0.2,0.0
2026-03-26,NHTC,2.84,2.82,2.93,2.81,20600,59544.0,4.15,0.0,0.0,0.24
2026-03-26,NHYB,24.43,24.43,24.43,24.43,0,269.0,0.0,-0.72,-0.18,0.0
2026-03-26,NHYM,24.55,24.55,24.67,24.55,10700,264228.0,0.49,-0.08,-0.02,0.0
2026-03-26,NI,45.46,45.44,45.85,45.36,2711200,123364960.0,1.07,-0.53,-0.24,0.57
2026-03-26,NIC,147.57,147.69,149.32,146.85,102400,15161825.0,1.66,-0.79,-1.18,0.48
2026-03-26,NICE,109.51,109.41,112.89,108.93,468200,51745236.0,3.61,-0.09,-0.1,0.79
2026-03-26,NIE,23.4,23.35,23.6,23.33,88300,2067647.0,1.14,-1.23,-0.29,0.0
2026-03-26,NIHI,48.08,47.66,48.32,47.63,59500,2848310.0,1.41,-2.03,-0.99,0.0
2026-03-26,NIKL,15.26,15.12,15.52,15.08,175800,2689014.0,2.77,-4.96,-0.79,0.0
2026-03-26,NIM,9.59,9.4,9.59,9.4,5000,47840.0,2.0,-0.95,-0.09,0.0
2026-03-26,NIO,5.71,5.56,5.82,5.54,36538300,205905008.0,4.82,-3.81,-0.22,1.47
2026-03-26,NIOBW,1.75,1.75,1.75,1.75,800,1418.0,0.0,4.79,0.08,0.0
2026-03-26,NIOG,18.13,17.32,18.75,17.32,15800,284643.0,7.59,-8.04,-1.51,0.0
2026-03-26,NIPG,0.77,0.72,0.8,0.7,18300,13578.0,12.69,-7.22,-0.06,0.02
2026-03-26,NIQ,10.6,10.8,11.2,10.59,1069900,11679197.0,5.71,1.03,0.11,0.36
2026-03-26,NITE,33.41,33.41,33.41,33.41,0,1042.0,0.0,-2.27,-0.78,0.0
2026-03-26,NIU,3.0,2.9,3.04,2.9,507700,1494278.0,4.61,-4.61,-0.14,0.65
2026-03-26,NIVF,2.04,2.05,2.05,1.82,48000,94234.0,11.44,1.99,0.04,8.46
2026-03-26,NIVFW,0.02,0.02,0.02,0.01,15000,249.0,32.49,-1.52,-0.0,0.0
2026-03-26,NIXT,27.79,27.44,27.79,27.42,1400,40951.0,1.32,-1.07,-0.3,0.0
2026-03-26,NIXX,1.16,1.08,1.17,1.03,1214700,1334349.0,11.76,-9.24,-0.11,4.88
2026-03-26,NIXXW,0.02,0.04,0.06,0.02,35700,1932.0,73.37,-32.5,-0.02,0.0
2026-03-26,NJAN,53.58,53.15,53.7,53.15,21700,1160447.0,1.02,-1.34,-0.72,0.0
2026-03-26,NJNK,19.91,19.84,19.91,19.81,11600,230617.0,0.5,-0.46,-0.09,0.0
2026-03-26,NJR,54.28,54.67,54.74,54.04,401700,21914950.0,1.29,1.02,0.55,0.4
2026-03-26,NJUL,71.78,71.03,71.78,71.03,2700,193935.0,1.04,-1.45,-1.04,0.0
2026-03-26,NJUN,31.4,31.14,31.4,31.14,1500,46875.0,0.82,-1.1,-0.35,0.0
2026-03-26,NKE,52.76,52.07,53.62,51.87,14486700,759706816.0,3.29,-1.72,-0.91,0.98
2026-03-26,NKLR,4.94,4.74,5.1,4.72,491000,2376966.0,7.63,-4.82,-0.24,0.7
2026-03-26,NKSH,36.26,36.01,36.77,35.69,29500,1064857.0,2.97,-0.83,-0.3,0.46
2026-03-26,NKTR,71.02,70.97,72.0,69.38,912000,64632888.0,3.63,-1.54,-1.11,3.18
2026-03-26,NKTX,2.13,2.14,2.3,2.09,556300,1218009.0,9.62,0.47,0.01,0.78
2026-03-26,NKX,12.17,11.89,12.18,11.84,175800,2111953.0,2.79,-2.42,-0.3,0.0
2026-03-26,NL,5.74,5.95,5.96,5.62,56000,325285.0,5.85,2.41,0.14,0.11
2026-03-26,NLOP,14.8,14.81,15.19,14.72,254100,3786382.0,3.19,0.41,0.06,1.72
2026-03-26,NLR,134.0,130.49,134.94,130.38,347800,45827896.0,3.34,-4.35,-5.94,0.0
2026-03-26,NLSI,45.34,45.74,46.16,45.34,1400,68063.0,1.8,0.24,0.11,0.0
2026-03-26,NLY,21.26,21.06,21.35,20.98,8983600,189511840.0,1.73,-1.63,-0.35,1.25
2026-03-26,NMAI,12.52,12.4,12.62,12.4,46900,586853.0,1.76,-1.43,-0.18,0.0
2026-03-26,NMAR,29.41,29.22,29.5,29.21,154700,4547166.0,0.98,-1.16,-0.34,0.0
2026-03-26,NMAX,5.94,5.98,6.25,5.92,1015300,5907727.0,5.45,-0.33,-0.02,0.79
2026-03-26,NMAY,27.98,27.89,27.98,27.89,200,7025.0,0.32,-0.06,-0.02,0.0
2026-03-26,NMB,23.97,23.97,23.97,23.97,100,3651.0,0.0,-1.09,-0.26,0.0
2026-03-26,NMBL,19.23,19.23,19.23,19.23,0,1593.0,0.0,-1.67,-0.33,0.0
2026-03-26,NMCO,10.4,10.42,10.49,10.36,116700,1215268.0,1.25,-0.1,-0.01,0.25
2026-03-26,NMFC,7.74,7.65,7.86,7.61,1111700,8547467.0,3.1,-1.29,-0.1,1.1
2026-03-26,NMFCZ,25.34,25.32,25.4,25.32,20200,514233.0,0.32,0.0,0.0,0.0
2026-03-26,NMG,2.16,2.14,2.27,2.13,594400,1302918.0,6.16,-2.28,-0.05,0.37
2026-03-26,NMI,9.98,9.89,9.99,9.84,34500,343677.0,1.51,-0.7,-0.07,0.0
2026-03-26,NMIH,37.02,37.52,37.56,37.02,323500,12101907.0,1.44,0.81,0.3,0.43
2026-03-26,NML,10.32,10.4,10.49,10.32,137600,1433730.0,1.64,0.48,0.05,0.0
2026-03-26,NMM,66.63,66.4,68.43,66.4,204700,13707008.0,3.06,-0.03,-0.02,0.72
2026-03-26,NMP,10.14,10.14,10.14,10.14,0,366.0,0.0,0.0,0.0,0.0
2026-03-26,NMR,7.82,7.74,7.9,7.73,1921100,14990943.0,2.13,-3.25,-0.26,0.07
2026-03-26,NMRA,2.49,2.49,2.61,2.45,1115000,2832695.0,6.29,-0.4,-0.01,0.66
2026-03-26,NMRK,14.89,14.91,15.31,14.81,1820500,27271314.0,3.32,-0.86,-0.13,0.99
2026-03-26,NMS,12.09,12.0,12.09,11.92,17200,206463.0,1.4,-0.83,-0.1,0.0
2026-03-26,NMT,12.0,11.91,12.09,11.9,10300,123337.0,1.58,-1.0,-0.12,0.0
2026-03-26,NMTC,0.78,0.76,0.78,0.76,70700,53938.0,2.6,-1.27,-0.01,0.14
2026-03-26,NMZ,10.23,10.1,10.24,10.1,456100,4633969.0,1.41,-1.56,-0.16,0.0
2026-03-26,NN,19.15,18.82,19.58,18.66,1290900,24605056.0,4.78,-2.79,-0.54,0.95
2026-03-26,NNAVW,8.2,8.25,8.9,8.2,32300,275844.0,8.45,-0.36,-0.03,0.0
2026-03-26,NNBR,1.73,1.56,1.74,1.56,327100,537315.0,10.34,-10.34,-0.18,0.65
2026-03-26,NNDM,1.75,1.79,1.85,1.74,2548100,4605182.0,6.18,0.56,0.01,1.21
2026-03-26,NNE,21.44,21.15,22.11,20.92,1167700,24902666.0,5.42,-3.6,-0.79,2.24
2026-03-26,NNEX,6.28,6.13,6.66,6.05,13700,86284.0,9.04,-7.68,-0.51,0.0
2026-03-26,NNI,128.0,128.6,130.04,128.0,151800,19581190.0,1.59,0.22,0.28,0.42
2026-03-26,NNN,41.85,42.1,42.4,41.85,1569100,66177800.0,1.31,0.26,0.11,0.82
2026-03-26,NNNN,24.77,23.2,24.77,23.2,27500,658513.0,6.61,-2.36,-0.56,0.02
2026-03-26,NNOV,27.98,27.7,28.04,27.7,47400,1323645.0,1.21,-1.48,-0.42,0.0
2026-03-26,NNOX,2.27,2.27,2.37,2.25,721100,1662899.0,5.02,-0.87,-0.02,1.04
2026-03-26,NNVC,0.94,0.96,0.98,0.92,171700,162815.0,6.59,1.44,0.01,0.8
2026-03-26,NNY,8.38,8.31,8.43,8.3,31200,261717.0,1.49,-0.89,-0.07,0.0
2026-03-26,NOA,14.19,13.65,14.36,13.57,132600,1831401.0,5.54,-4.34,-0.62,0.48
2026-03-26,NOAH,10.95,9.89,11.01,9.75,451000,4558750.0,11.12,-12.71,-1.44,0.67
2026-03-26,NOBL,104.94,105.2,106.19,104.94,1041400,110092272.0,1.18,-0.28,-0.3,0.0
2026-03-26,NOC,689.65,691.99,696.93,687.47,543200,375717600.0,1.37,0.11,0.78,0.38
2026-03-26,NOCT,56.68,56.15,56.71,56.14,81600,4614352.0,1.0,-1.36,-0.77,0.0
2026-03-26,NODE,34.35,33.23,34.44,33.16,13200,439913.0,3.66,-5.04,-1.76,0.0
2026-03-26,NODK,13.43,12.91,13.43,12.86,10600,138158.0,4.4,-0.31,-0.04,0.05
2026-03-26,NOEM,10.38,10.37,10.4,10.37,2100,22118.0,0.29,0.0,0.0,0.02
2026-03-26,NOEMR,0.18,0.12,0.18,0.11,14000,1803.0,36.92,-34.85,-0.06,0.0
2026-03-26,NOEMW,0.13,0.09,0.13,0.09,500,69.0,42.78,-1.53,-0.0,0.0
2026-03-26,NOEQ,25.26,25.01,25.3,25.01,1500,39680.0,1.13,-1.53,-0.39,0.0
2026-03-26,NOG,30.01,30.41,30.65,29.9,2129500,64691740.0,2.53,2.7,0.8,2.04
2026-03-26,NOK,8.44,8.28,8.53,8.25,54616000,456550240.0,3.33,-1.55,-0.13,0.95
2026-03-26,NOM,10.61,10.41,10.61,10.41,900,10006.0,1.89,-1.89,-0.2,0.0
2026-03-26,NOMA,3.43,3.52,3.67,3.22,25300,86931.0,12.99,2.42,0.08,0.2
2026-03-26,NOMD,9.5,9.7,9.7,9.5,1267200,12182648.0,2.08,1.04,0.1,0.89
2026-03-26,NORW,36.38,36.14,36.67,36.12,101300,3693895.0,1.51,-0.66,-0.24,0.0
2026-03-26,NOTV,0.31,0.27,0.32,0.27,238100,67328.0,16.55,-9.66,-0.03,0.69
2026-03-26,NOV,19.54,19.92,19.95,19.54,3415400,67730472.0,2.09,1.53,0.3,0.95
2026-03-26,NOVM,32.71,32.7,32.71,32.68,200,6539.0,0.09,-0.34,-0.11,0.0
2026-03-26,NOVP,29.73,29.46,29.73,29.46,5200,155885.0,0.9,-1.14,-0.34,
2026-03-26,NOVT,116.36,118.49,119.1,115.56,325400,38380952.0,3.01,0.71,0.84,0.91
2026-03-26,NOVTU,53.63,53.91,53.91,52.9,12400,668662.0,1.86,-0.83,-0.45,0.0
2026-03-26,NOVZ,42.52,42.18,42.52,42.18,200,11090.0,0.79,-1.2,-0.51,0.0
2026-03-26,NOW,102.42,103.64,105.84,100.88,11595300,1207920128.0,4.81,0.56,0.58,1.11
2026-03-26,NOWL,5.72,5.89,6.13,5.6,823900,4848852.0,9.14,0.86,0.05,0.0
2026-03-26,NP,23.21,23.72,24.73,23.03,338500,8100686.0,7.3,2.15,0.5,0.25
2026-03-26,NPAC,10.25,10.25,10.26,10.25,375500,3849993.0,0.1,0.0,0.0,0.98
2026-03-26,NPACU,10.31,10.31,10.31,10.31,100,1154.0,0.0,0.0,0.0,0.0
2026-03-26,NPACW,0.26,0.26,0.26,0.26,0,4.0,0.0,0.0,0.0,0.0
2026-03-26,NPB,17.0,17.21,17.21,16.75,141900,2353730.0,2.71,1.24,0.21,0.41
2026-03-26,NPCE,13.36,13.66,13.73,13.36,170500,2319576.0,2.77,0.96,0.13,0.51
2026-03-26,NPCT,10.03,9.92,10.04,9.9,95000,946474.0,1.39,-1.29,-0.13,0.0
2026-03-26,NPFD,18.83,18.51,18.9,18.51,48600,905983.0,2.07,-1.7,-0.32,0.0
2026-03-26,NPFE,24.34,24.06,24.34,24.06,3000,72532.0,1.16,-2.1,-0.52,0.0
2026-03-26,NPFI,25.76,25.68,25.76,25.68,600,16158.0,0.32,-0.4,-0.1,0.0
2026-03-26,NPK,135.76,136.42,139.94,132.88,92800,12725289.0,5.16,-0.23,-0.31,1.3
2026-03-26,NPKI,14.77,14.42,14.91,14.33,547500,7959946.0,3.88,-3.42,-0.51,0.65
2026-03-26,NPO,254.29,249.19,256.49,246.9,166200,41642980.0,3.73,-3.06,-7.87,0.79
2026-03-26,NPT,6.45,6.14,6.97,5.8,67400,414144.0,18.54,-2.69,-0.17,0.3
2026-03-26,NPV,11.2,11.25,11.26,11.19,54100,608678.0,0.62,-0.09,-0.01,0.0
2026-03-26,NPWR,1.72,1.65,1.8,1.62,557000,944441.0,10.29,-5.71,-0.1,0.25
2026-03-26,NQP,11.71,11.67,11.75,11.66,140600,1645651.0,0.76,-0.6,-0.07,0.0
2026-03-26,NRC,16.91,17.52,17.81,16.91,51900,910689.0,5.21,1.98,0.34,0.23
2026-03-26,NRDS,10.13,10.53,10.59,10.13,712100,7444992.0,4.5,2.93,0.3,1.07
2026-03-26,NRDY,0.82,0.81,0.85,0.79,400600,324889.0,6.84,-2.25,-0.02,0.21
2026-03-26,NREF,13.45,13.38,13.54,13.26,47600,638892.0,2.09,0.07,0.01,0.27
2026-03-26,NRES,33.76,33.76,33.76,33.76,200,8386.0,0.01,-0.82,-0.28,0.0
2026-03-26,NRG,148.91,146.14,150.55,144.38,2419500,354717216.0,4.09,-3.24,-4.9,1.13
2026-03-26,NRGD,26.41,24.49,26.41,24.06,51200,1260459.0,8.79,-8.36,-2.23,0.0
2026-03-26,NRGU,45.6,48.52,49.11,45.6,217700,10159837.0,7.8,7.85,3.53,0.0
2026-03-26,NRGV,3.56,3.52,3.71,3.42,3097500,11041003.0,8.02,-4.35,-0.16,1.79
2026-03-26,NRIM,22.66,22.7,22.78,22.47,155700,3524979.0,1.36,-0.39,-0.09,0.7
2026-03-26,NRIX,15.26,15.53,16.2,15.23,1203500,18915408.0,6.28,0.58,0.09,1.17
2026-03-26,NRK,10.14,10.07,10.15,10.06,251200,2539076.0,0.89,-0.79,-0.08,0.0
2026-03-26,NRO,2.79,2.79,2.83,2.78,124300,349505.0,1.6,-0.71,-0.02,0.0
2026-03-26,NRP,123.1,125.06,127.99,123.1,9400,1190508.0,3.91,0.05,0.06,0.07
2026-03-26,NRSH,24.17,24.17,24.17,24.17,0,293.0,0.0,-4.27,-1.08,0.0
2026-03-26,NRSN,0.77,0.77,0.81,0.77,63000,49231.0,5.19,0.0,0.0,0.19
2026-03-26,NRT,9.2,9.28,9.52,9.2,29900,279146.0,3.43,-0.11,-0.01,0.33
2026-03-26,NRUC,23.21,23.23,23.37,23.13,9400,219265.0,1.02,-0.51,-0.12,0.0
2026-03-26,NRXP,2.35,2.38,2.43,2.32,992200,2357525.0,4.68,-1.24,-0.03,3.0
2026-03-26,NRXPW,0.01,0.02,0.02,0.01,1100,14.0,17.11,-0.66,-0.0,0.0
2026-03-26,NRXS,7.47,7.0,7.47,6.82,118800,838958.0,8.65,-6.79,-0.51,1.06
2026-03-26,NSA,37.34,37.36,38.0,37.27,1456900,54776544.0,1.95,-0.16,-0.06,1.89
2026-03-26,NSC,281.66,283.28,283.53,279.74,2167900,612180928.0,1.34,0.24,0.67,0.97
2026-03-26,NSCI,25.11,25.11,25.11,25.11,3300,83100.0,0.02,0.0,0.0,0.0
2026-03-26,NSCR,28.48,28.48,28.48,28.48,0,0.0,0.0,-1.16,-0.34,
2026-03-26,NSEP,28.81,28.61,28.92,28.61,4000,116956.0,1.07,-1.27,-0.37,0.0
2026-03-26,NSI,34.85,34.27,34.9,34.27,1000,36750.0,1.78,-2.89,-1.02,0.0
2026-03-26,NSIT,64.09,70.04,70.13,64.06,746300,51542044.0,9.35,7.9,5.13,2.41
2026-03-26,NSP,25.95,26.82,27.95,25.88,816600,22111290.0,7.96,2.92,0.76,2.16
2026-03-26,NSPR,1.75,1.73,1.82,1.7,33500,58674.0,6.77,-2.26,-0.04,0.07
2026-03-26,NSRX,2.53,2.4,2.67,2.35,45800,113569.0,11.65,-13.04,-0.36,
2026-03-26,NSSC,40.74,38.92,41.03,38.52,485800,19060320.0,6.05,-6.22,-2.58,1.36
2026-03-26,NSTS,11.8,11.8,11.81,11.8,1200,14279.0,0.08,-0.34,-0.04,0.02
2026-03-26,NSYS,10.15,9.87,10.15,9.87,15900,170868.0,2.8,-1.32,-0.13,0.57
2026-03-26,NTAP,104.57,104.45,106.49,104.32,1844300,193561296.0,2.06,-1.0,-1.05,0.93
2026-03-26,NTB,51.56,51.71,51.94,51.44,98400,5092347.0,0.98,-0.25,-0.13,0.25
2026-03-26,NTCL,0.35,0.36,0.37,0.32,99500,35156.0,13.59,0.03,0.0,0.45
2026-03-26,NTCT,32.09,32.6,32.87,31.84,492400,16044372.0,3.17,0.93,0.3,0.68
2026-03-26,NTES,109.51,109.94,111.08,108.84,480800,53027348.0,1.98,-2.76,-3.12,0.08
2026-03-26,NTGR,22.0,22.13,22.43,21.66,609800,13477584.0,3.46,-1.16,-0.26,2.17
2026-03-26,NTHI,7.24,7.28,7.74,6.89,26900,193241.0,11.94,2.82,0.2,0.12
2026-03-26,NTIC,8.58,8.4,8.58,8.4,3700,32085.0,2.13,-0.83,-0.07,0.04
2026-03-26,NTIP,1.47,1.47,1.5,1.43,1200,1846.0,4.75,-0.17,-0.0,0.01
2026-03-26,NTLA,13.02,13.24,14.02,12.82,5712700,77575664.0,9.08,-0.15,-0.02,4.84
2026-03-26,NTNX,38.56,39.45,40.47,38.56,2244600,88825328.0,4.89,1.18,0.46,0.85
2026-03-26,NTR,76.0,73.69,77.88,73.22,5760100,428659200.0,6.08,-3.82,-2.93,1.2
2026-03-26,NTRA,195.36,196.15,198.52,194.55,643500,126332376.0,2.01,-0.62,-1.22,0.45
2026-03-26,NTRB,3.71,3.85,4.01,3.7,12600,48767.0,8.09,1.32,0.05,0.1
2026-03-26,NTRBW,1.13,1.13,1.13,1.13,0,28.0,0.0,0.0,0.0,0.0
2026-03-26,NTRP,2.4,2.2,2.43,2.19,24300,55681.0,10.17,-7.56,-0.18,0.18
2026-03-26,NTRS,138.5,137.98,139.59,136.65,731500,100852496.0,2.1,-1.25,-1.75,0.39
2026-03-26,NTRSO,19.02,18.9,19.04,18.88,16400,311612.0,0.84,-0.74,-0.14,0.1
2026-03-26,NTSD,38.36,37.82,38.54,37.82,8000,308603.0,1.85,-3.04,-1.19,0.0
2026-03-26,NTSE,38.82,38.82,38.82,38.82,300,12753.0,0.0,-3.7,-1.49,0.0
2026-03-26,NTSI,43.43,42.81,43.44,42.81,13600,586126.0,1.43,-2.44,-1.07,0.0
2026-03-26,NTSK,8.32,8.48,8.98,8.32,4018900,34434208.0,7.78,0.0,0.0,1.0
2026-03-26,NTST,18.6,18.73,18.94,18.53,813300,15263621.0,2.2,0.32,0.06,0.84
2026-03-26,NTSX,51.99,51.54,52.33,51.39,28200,1460089.0,1.78,-2.24,-1.18,0.0
2026-03-26,NTWK,3.38,3.39,3.44,3.32,179600,608096.0,3.54,0.0,0.0,1.52
2026-03-26,NTWO,10.51,10.51,10.51,10.51,500,0.0,0.0,0.0,0.0,0.0
2026-03-26,NTZ,2.79,3.08,3.1,2.78,15300,44982.0,10.67,2.67,0.08,0.14
2026-03-26,NU,14.13,14.02,14.32,13.93,65543300,922986048.0,2.76,-2.09,-0.3,1.35
2026-03-26,NUAG,20.94,20.88,20.94,20.88,7700,162191.0,0.29,-0.5,-0.11,0.0
2026-03-26,NUAI,4.4,4.31,4.76,4.26,3040500,13566865.0,11.24,-3.15,-0.14,5.36
2026-03-26,NUAIW,1.91,1.9,1.99,1.85,18500,35472.0,7.25,-1.55,-0.03,0.0
2026-03-26,NUBD,22.12,22.07,22.15,22.06,48200,1067490.0,0.41,-0.52,-0.11,0.0
2026-03-26,NUCL,7.27,6.63,7.43,6.54,286600,1912284.0,12.14,-9.55,-0.7,0.97
2026-03-26,NUCLW,1.49,1.35,1.51,1.28,36900,52850.0,15.33,-10.0,-0.15,0.0
2026-03-26,NUDM,35.73,35.19,35.83,35.19,25000,889126.0,1.77,-2.44,-0.88,0.0
2026-03-26,NUDV,31.07,30.78,31.07,30.78,700,23529.0,0.94,-0.45,-0.14,0.0
2026-03-26,NUE,165.55,166.01,167.98,165.3,1444800,240430112.0,1.62,0.51,0.84,0.63
2026-03-26,NUEM,36.13,35.67,36.28,35.67,13700,493072.0,1.67,-2.6,-0.95,0.0
2026-03-26,NUG,10.64,10.6,10.64,10.6,700,8183.0,0.32,-4.03,-0.45,0.0
2026-03-26,NUGO,36.22,35.57,36.22,35.57,6500,235920.0,1.78,-2.76,-1.01,0.0
2026-03-26,NUGT,157.0,152.91,168.88,152.53,894500,142849744.0,9.77,-8.64,-14.47,0.0
2026-03-26,NUGY,17.55,17.47,17.74,17.47,12500,220735.0,1.54,-1.82,-0.32,0.0
2026-03-26,NUHY,21.07,21.01,21.14,21.0,70200,1476684.0,0.66,-0.71,-0.15,0.0
2026-03-26,NUKX,43.12,42.34,43.12,42.34,1700,76487.0,1.78,-3.7,-1.63,0.0
2026-03-26,NUKZ,67.24,66.12,67.76,65.85,40600,2701073.0,2.79,-3.26,-2.23,0.0
2026-03-26,NULC,46.01,46.01,46.01,46.01,900,41782.0,0.0,-1.73,-0.81,0.0
2026-03-26,NULG,91.39,90.16,92.12,90.16,54700,4979387.0,2.12,-2.49,-2.3,
2026-03-26,NULV,45.31,45.25,45.72,45.19,59100,2690050.0,1.16,-0.79,-0.36,0.0
2026-03-26,NUMG,41.32,40.93,41.88,40.93,20800,862063.0,2.28,-1.96,-0.82,0.0
2026-03-26,NUMI,24.8,24.79,24.82,24.78,5000,124813.0,0.16,-0.1,-0.02,0.0
2026-03-26,NUMV,38.6,38.45,39.0,38.43,36700,1416102.0,1.47,-0.98,-0.38,0.0
2026-03-26,NURE,27.54,27.55,27.75,27.54,900,25171.0,0.76,0.28,0.08,0.0
2026-03-26,NUS,7.23,7.26,7.34,7.17,337700,2445561.0,2.26,-0.41,-0.03,0.7
2026-03-26,NUSA,23.2,23.17,23.2,23.17,500,12588.0,0.15,-0.31,-0.07,0.0
2026-03-26,NUSB,25.25,25.25,25.25,25.25,0,302.0,0.0,-0.04,-0.01,0.0
2026-03-26,NUSC,44.9,44.84,45.54,44.78,61100,2754836.0,1.69,-1.36,-0.62,0.0
2026-03-26,NUTX,99.79,94.86,102.99,94.31,162100,15931783.0,8.65,-5.5,-5.52,2.33
2026-03-26,NUV,9.0,8.97,9.0,8.94,557900,4997687.0,0.67,-0.44,-0.04,0.0
2026-03-26,NUVB,4.26,4.42,4.47,4.25,2296700,10121990.0,5.02,0.91,0.04,0.66
2026-03-26,NUVL,97.72,98.06,100.08,96.63,478300,47225376.0,3.53,0.06,0.06,0.61
2026-03-26,NUW,14.06,13.99,14.18,13.88,60500,848658.0,2.13,-0.71,-0.1,0.0
2026-03-26,NUWE,1.13,1.1,1.16,1.1,10500,11917.0,5.19,-4.35,-0.05,0.46
2026-03-26,NVA,5.5,5.52,5.9,5.44,567500,3181388.0,7.9,-5.15,-0.3,1.5
2026-03-26,NVAWW,29.1,28.82,29.1,28.74,400,12352.0,1.25,-0.28,-0.08,0.0
2026-03-26,NVAX,9.01,8.95,9.29,8.75,3071300,27761572.0,5.78,-4.18,-0.39,1.89
2026-03-26,NVBT,35.67,35.55,35.76,35.55,300,13582.0,0.58,-1.27,-0.46,0.0
2026-03-26,NVBU,28.22,28.02,28.22,28.02,600,19288.0,0.69,-1.01,-0.28,0.0
2026-03-26,NVBW,33.33,33.13,33.33,33.13,1000,33843.0,0.61,-0.85,-0.28,0.0
2026-03-26,NVCR,11.8,11.76,12.3,11.41,1331400,15618782.0,7.67,1.29,0.15,1.17
2026-03-26,NVCT,7.87,7.81,7.95,7.69,35100,274942.0,3.27,-1.88,-0.15,0.13
2026-03-26,NVD,7.51,7.92,7.93,7.49,88879100,687522304.0,5.95,8.34,0.61,0.0
2026-03-26,NVDA,176.07,171.24,176.51,171.14,186152200,32261484544.0,3.01,-4.16,-7.44,0.77
2026-03-26,NVDB,23.5,22.26,23.5,22.26,14500,329797.0,5.11,-8.21,-1.99,0.0
2026-03-26,NVDD,40.03,41.03,41.07,39.95,118300,4796539.0,2.84,4.16,1.64,0.0
2026-03-26,NVDG,14.29,13.43,14.29,13.42,257400,3560963.0,5.94,-8.26,-1.21,0.0
2026-03-26,NVDL,74.63,70.4,74.87,70.29,7556800,548601920.0,5.97,-8.26,-6.34,0.0
2026-03-26,NVDO,17.88,17.88,17.88,17.88,0,109.0,0.0,-5.39,-1.02,0.0
2026-03-26,NVDQ,17.47,18.38,18.41,17.4,2347000,42024480.0,5.92,8.21,1.39,0.0
2026-03-26,NVDS,29.43,30.6,30.63,29.37,311500,9423038.0,4.37,6.15,1.77,0.0
2026-03-26,NVDU,99.55,93.74,99.56,93.59,502500,48470868.0,5.85,-8.2,-8.37,0.0
2026-03-26,NVDW,34.85,33.68,34.85,33.61,44800,1533386.0,3.51,-4.76,-1.69,0.0
2026-03-26,NVDX,14.34,13.52,14.39,13.51,13659500,190293616.0,5.96,-8.4,-1.24,0.0
2026-03-26,NVDY,13.13,12.78,13.14,12.78,6082400,78770280.0,2.69,-4.56,-0.61,0.0
2026-03-26,NVEC,67.14,66.58,67.65,66.35,21200,1420861.0,1.92,-1.68,-1.14,0.44
2026-03-26,NVG,12.21,12.05,12.23,12.05,628500,7630886.0,1.51,-1.79,-0.22,0.0
2026-03-26,NVGS,19.64,19.25,19.79,19.18,506400,9859199.0,3.12,-1.64,-0.32,0.78
2026-03-26,NVII,24.35,23.5,24.35,23.44,139300,3283635.0,3.69,-4.82,-1.19,0.0
2026-03-26,NVIR,40.85,40.85,40.85,40.85,100,7080.0,0.0,0.03,0.01,0.0
2026-03-26,NVIT,46.72,45.73,46.72,45.73,7000,327843.0,2.08,-3.36,-1.59,0.0
2026-03-26,NVMI,471.79,453.61,471.93,452.25,411900,188772960.0,4.09,-5.75,-27.67,1.3
2026-03-26,NVNI,1.22,1.19,1.25,1.17,51000,60410.0,6.61,-1.65,-0.02,0.51
2026-03-26,NVNIW,0.05,0.06,0.06,0.05,9000,471.0,24.66,1.19,0.0,0.0
2026-03-26,NVNO,10.84,10.51,11.05,10.5,8900,96446.0,5.01,-4.25,-0.47,1.37
2026-03-26,NVO,36.29,36.4,37.44,36.13,20602800,758306496.0,3.61,0.19,0.07,0.46
2026-03-26,NVOH,19.81,19.86,20.33,19.81,4900,99341.0,2.63,0.28,0.06,0.0
2026-03-26,NVOX,9.46,9.5,10.05,9.39,1346100,13015872.0,6.9,0.11,0.01,0.0
2026-03-26,NVR,6516.17,6530.22,6631.0,6493.09,21000,138026112.0,2.1,-0.34,-21.98,0.76
2026-03-26,NVRI,18.68,18.69,18.82,18.51,1563400,29218058.0,1.65,-0.53,-0.1,1.92
2026-03-26,NVS,149.67,149.7,151.11,149.31,1157600,173811280.0,1.19,-0.7,-1.05,0.06
2026-03-26,NVST,25.79,25.84,26.4,25.76,1733100,44937140.0,2.45,-1.15,-0.3,1.06
2026-03-26,NVT,124.96,118.44,125.35,118.2,2145100,257791344.0,5.63,-6.75,-8.57,1.33
2026-03-26,NVTS,9.15,9.02,9.21,8.85,17173800,154760736.0,3.8,-4.85,-0.46,7.44
2026-03-26,NVTX,23.5,22.92,23.86,22.22,88800,2006573.0,6.45,-9.83,-2.5,0.0
2026-03-26,NVVE,0.82,0.82,0.84,0.8,114400,93370.0,4.21,-2.51,-0.02,7.77
2026-03-26,NVX,0.77,0.73,0.77,0.71,141000,104078.0,7.44,-8.1,-0.06,0.07
2026-03-26,NVYY,14.93,14.65,14.93,14.61,94600,1384737.0,2.13,-2.42,-0.36,0.0
2026-03-26,NWAX,10.05,10.05,10.06,10.04,41500,417204.0,0.2,0.0,0.0,0.08
2026-03-26,NWBI,12.44,12.59,12.64,12.43,1240900,15607910.0,1.68,0.64,0.08,0.85
2026-03-26,NWE,65.31,65.0,65.78,64.88,309000,20170628.0,1.38,-0.55,-0.36,0.5
2026-03-26,NWFL,28.89,29.14,29.3,28.73,19100,556258.0,1.97,0.76,0.22,0.18
2026-03-26,NWG,14.42,14.3,14.58,14.3,2965700,42773764.0,1.95,-2.05,-0.3,0.07
2026-03-26,NWGL,0.7,0.77,0.81,0.66,136900,100807.0,19.46,-3.04,-0.02,0.83
2026-03-26,NWL,3.51,3.47,3.62,3.43,4565700,15949588.0,5.34,-2.53,-0.09,1.07
2026-03-26,NWLG,33.44,33.31,33.44,33.31,100,6054.0,0.39,-2.52,-0.86,0.0
2026-03-26,NWN,52.41,52.86,53.01,52.41,175000,9242620.0,1.13,0.74,0.39,0.42
2026-03-26,NWPX,78.18,76.78,78.66,76.1,79200,6104641.0,3.23,-3.08,-2.44,0.83
2026-03-26,NWS,27.43,27.55,27.59,27.03,1109000,30499950.0,2.03,-0.14,-0.04,0.6
2026-03-26,NWSA,24.1,24.26,24.47,24.1,2223300,53939252.0,1.5,-0.04,-0.01,0.6
2026-03-26,NWTG,1.53,1.46,1.53,1.42,4900,7139.0,7.44,-1.16,-0.02,0.1
2026-03-26,NX,17.65,17.57,18.05,17.47,409800,7221458.0,3.2,-2.17,-0.39,0.89
2026-03-26,NXDR,1.38,1.38,1.43,1.37,3085000,4292016.0,4.61,-2.13,-0.03,
2026-03-26,NXDT,4.26,4.26,4.44,4.24,97600,420846.0,4.56,-2.96,-0.13,0.0
2026-03-26,NXE,11.51,11.08,11.74,11.05,4628100,52196052.0,5.89,-5.46,-0.64,0.7
2026-03-26,NXG,56.73,56.5,57.05,55.0,18000,1016156.0,3.63,-0.05,-0.03,0.3
2026-03-26,NXGL,0.68,0.7,0.73,0.68,109300,75704.0,7.36,3.66,0.02,1.34
2026-03-26,NXGLW,0.04,0.06,0.06,0.04,1700,76.0,29.74,-0.85,-0.0,0.0
2026-03-26,NXJ,12.06,12.04,12.09,12.0,85500,1027534.0,0.75,-0.25,-0.03,0.0
2026-03-26,NXL,0.38,0.38,0.4,0.37,44600,17232.0,6.76,-5.1,-0.02,0.22
2026-03-26,NXP,14.27,14.16,14.33,14.16,203100,2892386.0,1.18,-1.32,-0.19,0.0
2026-03-26,NXPI,196.63,196.92,199.76,195.0,3635200,717343360.0,2.41,-0.35,-0.69,1.44
2026-03-26,NXPL,0.61,0.54,0.61,0.5,502900,277815.0,18.23,-9.59,-0.06,1.86
2026-03-26,NXRT,25.13,25.12,25.65,24.98,182000,4581052.0,2.67,-0.08,-0.02,0.72
2026-03-26,NXST,218.0,219.63,223.33,215.24,541200,118418672.0,3.71,0.7,1.53,1.78
2026-03-26,NXT,127.34,119.85,128.97,119.38,1617800,198390976.0,7.35,-8.1,-10.57,1.09
2026-03-26,NXTC,10.02,10.13,10.94,10.01,31500,333963.0,9.18,-0.59,-0.06,0.89
2026-03-26,NXTE,39.43,39.12,39.43,39.12,400,18670.0,0.77,-2.44,-0.98,0.0
2026-03-26,NXTG,112.78,110.95,112.78,110.95,2400,277385.0,1.6,-2.76,-3.15,0.0
2026-03-26,NXTI,29.89,29.64,29.89,29.64,100,5894.0,0.84,-1.43,-0.43,0.0
2026-03-26,NXTS,0.66,0.68,0.69,0.65,13700,8811.0,6.04,3.96,0.03,0.27
2026-03-26,NXTT,1.39,1.48,1.65,1.2,1765500,2520630.0,25.42,-16.38,-0.29,2.32
2026-03-26,NXUS,24.72,24.67,24.72,24.67,700,18929.0,0.2,-0.62,-0.16,0.0
2026-03-26,NXXT,0.4,0.42,0.46,0.38,3020600,1272654.0,19.34,6.52,0.03,2.25
2026-03-26,NYAX,54.96,55.06,55.63,54.96,8000,445087.0,1.21,-0.33,-0.19,0.02
2026-03-26,NYC,9.0,8.35,9.0,8.35,600,5814.0,7.72,-0.77,-0.06,0.02
2026-03-26,NYF,52.99,52.9,53.0,52.89,135200,7158814.0,0.21,-0.22,-0.12,0.0
2026-03-26,NYM,24.86,24.85,24.89,24.84,55400,1378183.0,0.18,-0.16,-0.04,0.0
2026-03-26,NYT,84.88,82.96,85.43,82.85,2866200,239684576.0,3.03,-2.59,-2.21,1.77
2026-03-26,NYXH,3.12,3.09,3.12,3.06,104700,323536.0,1.98,-2.52,-0.08,0.24
2026-03-26,NZAC,40.47,40.11,40.73,40.11,11200,455073.0,1.52,-1.88,-0.77,0.0
2026-03-26,NZF,12.21,11.97,12.23,11.96,785100,9487179.0,2.21,-2.21,-0.27,0.0
2026-03-26,NZUS,32.59,32.59,32.59,32.59,0,65.0,0.0,-1.54,-0.51,0.0
2026-03-26,O,59.95,60.27,60.65,59.9,3980800,240277584.0,1.25,0.35,0.21,0.43
2026-03-26,OABI,1.61,1.58,1.66,1.56,153400,244618.0,6.34,-2.47,-0.04,0.11
2026-03-26,OABIW,0.09,0.09,0.09,0.09,5000,469.0,0.0,-9.91,-0.01,0.0
2026-03-26,OACC,10.6,10.65,10.65,10.6,600,6420.0,0.42,-0.47,-0.05,0.0
2026-03-26,OACCW,0.75,0.75,0.75,0.75,9000,6768.0,0.0,0.0,0.0,0.0
2026-03-26,OACP,22.75,22.68,22.75,22.67,31600,717661.0,0.35,-0.46,-0.11,0.0
2026-03-26,OAEM,40.13,39.5,40.13,39.5,4000,162172.0,1.54,-3.69,-1.51,0.0
2026-03-26,OAIM,42.82,42.17,42.91,42.17,27300,1163777.0,1.71,-2.68,-1.16,0.0
2026-03-26,OAKG,24.27,24.01,24.27,24.01,200,5194.0,1.07,-1.03,-0.25,0.0
2026-03-26,OAKI,23.77,23.5,23.93,23.5,8700,207767.0,1.82,-1.91,-0.46,0.0
2026-03-26,OAKM,27.46,27.5,27.72,27.45,146000,4022193.0,0.94,-0.18,-0.05,0.0
2026-03-26,OALC,34.6,34.21,34.6,34.2,21300,730896.0,1.15,-1.89,-0.66,0.0
2026-03-26,OARK,30.85,30.45,31.2,30.45,3700,116992.0,2.39,-3.67,-1.16,0.0
2026-03-26,OASC,30.03,29.6,30.05,29.6,21200,631196.0,1.49,-1.82,-0.55,0.0
2026-03-26,OBA,10.13,10.13,10.13,10.13,20000,202660.0,0.0,-0.39,-0.04,0.06
2026-03-26,OBAI,1.41,1.31,1.42,1.3,188500,247958.0,8.74,-8.39,-0.12,1.36
2026-03-26,OBDC,11.18,11.11,11.32,11.07,5543600,61861564.0,2.22,-1.16,-0.13,1.11
2026-03-26,OBE,9.1,9.01,9.17,8.94,700200,6339863.0,2.48,-0.66,-0.06,1.04
2026-03-26,OBIL,50.13,50.12,50.14,50.12,72800,3654367.0,0.03,-0.04,-0.02,0.0
2026-03-26,OBIO,4.52,4.49,4.64,4.46,111600,505381.0,3.83,-1.75,-0.08,0.19
2026-03-26,OBK,40.7,41.06,41.11,40.62,152800,6260841.0,1.18,0.24,0.1,0.49
2026-03-26,OBND,25.49,25.41,25.5,25.41,2100,54265.0,0.35,-0.73,-0.19,0.0
2026-03-26,OBOR,27.19,27.07,27.27,27.07,5800,159877.0,0.73,-1.77,-0.49,0.0
2026-03-26,OBT,32.01,32.13,32.64,31.54,34000,1094445.0,3.4,-0.62,-0.2,0.25
2026-03-26,OBTC,22.37,22.07,22.42,22.07,2400,54818.0,1.51,-3.16,-0.72,0.0
2026-03-26,OC,106.68,107.52,109.39,106.12,1165900,125280872.0,3.03,-0.42,-0.45,1.45
2026-03-26,OCC,10.0,9.79,10.56,9.01,279500,2762512.0,15.32,-3.26,-0.33,3.17
2026-03-26,OCCI,2.75,3.0,3.04,2.75,649800,1930886.0,10.5,7.91,0.22,2.23
2026-03-26,OCCIM,25.0,24.92,25.02,24.9,900,23397.0,0.48,-0.12,-0.03,0.0
2026-03-26,OCCIN,24.58,24.58,24.58,24.58,500,14206.0,0.02,0.16,0.04,0.0
2026-03-26,OCCIO,25.06,25.06,25.06,25.06,0,1952.0,0.0,0.0,0.0,0.0
2026-03-26,OCFC,17.53,17.64,17.68,17.5,593100,10432882.0,1.05,0.06,0.01,1.03
2026-03-26,OCG,0.63,0.61,0.65,0.61,163000,102247.0,6.16,-5.85,-0.04,2.8
2026-03-26,OCGN,1.98,1.96,2.03,1.9,8020300,15827790.0,6.67,0.51,0.01,2.45
2026-03-26,OCIO,33.85,33.84,33.85,33.84,300,10995.0,0.03,-1.52,-0.52,0.0
2026-03-26,OCS,24.81,24.99,25.18,24.59,113100,2814726.0,2.36,-0.04,-0.01,0.2
2026-03-26,OCSAW,13.0,13.0,13.0,13.0,0,0.0,0.0,0.0,0.0,0.0
2026-03-26,OCSL,11.3,11.14,11.43,11.12,863600,9673698.0,2.74,-1.68,-0.19,0.98
2026-03-26,OCTB,25.08,24.89,25.08,24.89,2600,67377.0,0.76,-1.05,-0.26,0.0
2026-03-26,OCTH,23.8,23.76,23.81,23.73,1800,42870.0,0.33,-0.61,-0.14,0.0
2026-03-26,OCTJ,24.02,23.9,24.03,23.9,4600,110623.0,0.55,-0.41,-0.1,0.0
2026-03-26,OCTM,32.46,32.46,32.46,32.46,100,5063.0,0.01,-0.38,-0.12,0.0
2026-03-26,OCTP,29.6,29.47,29.61,29.47,4800,141893.0,0.46,-1.1,-0.33,0.0
2026-03-26,OCTT,42.41,42.09,42.42,42.09,2200,95222.0,0.78,-1.22,-0.52,0.0
2026-03-26,OCTU,27.68,27.48,27.75,27.48,4000,112636.0,0.96,-1.01,-0.28,0.0
2026-03-26,OCTW,38.48,38.29,38.54,38.29,20900,804733.0,0.66,-0.82,-0.32,0.0
2026-03-26,OCTZ,41.19,40.89,41.19,40.89,3400,141284.0,0.72,-1.28,-0.53,0.0
2026-03-26,OCUL,8.13,8.07,8.43,7.95,3679900,29877574.0,5.7,-3.12,-0.26,1.69
2026-03-26,ODC,62.96,62.69,63.78,62.58,44600,2810127.0,1.89,-1.21,-0.77,0.31
2026-03-26,ODD,13.87,13.42,14.14,13.14,1451900,19617226.0,7.17,-3.24,-0.45,
2026-03-26,ODDS,23.2,22.79,23.2,22.78,1600,39097.0,1.8,-2.29,-0.53,0.0
2026-03-26,ODFL,188.7,187.93,191.56,186.84,1743600,328560544.0,2.5,-0.59,-1.12,0.84
2026-03-26,ODHY,9.93,9.9,9.93,9.9,100,1129.0,0.3,-0.45,-0.04,0.0
2026-03-26,ODV,2.78,2.86,3.08,2.78,1689500,4927296.0,10.07,-4.03,-0.12,0.58
2026-03-26,ODYS,6.91,6.76,6.91,6.75,2000,14204.0,2.32,-2.17,-0.15,0.01
2026-03-26,OEC,5.8,6.26,6.28,5.8,1204700,7463216.0,8.19,6.83,0.4,2.14
2026-03-26,OEF,319.07,314.96,320.0,314.84,1405200,446286688.0,1.61,-1.96,-6.29,0.0
2026-03-26,OEFA,31.29,30.84,31.29,30.84,400,13506.0,1.43,-2.33,-0.74,0.0
2026-03-26,OEI,24.56,24.33,24.56,24.33,14900,364151.0,0.93,-1.34,-0.33,0.0
2026-03-26,OESX,9.73,9.64,10.24,9.6,10400,101983.0,6.46,-2.63,-0.26,0.26
2026-03-26,OFAL,0.41,0.43,0.44,0.38,167300,67032.0,15.29,8.67,0.03,0.49
2026-03-26,OFG,40.09,40.59,40.61,40.09,224500,9096024.0,1.29,0.45,0.18,0.53
2026-03-26,OFIX,11.78,11.79,12.05,11.67,257500,3035481.0,3.19,-1.17,-0.14,0.64
2026-03-26,OFLX,30.2,30.05,30.87,29.75,42700,1291322.0,3.69,-0.66,-0.2,0.42
2026-03-26,OFRM,16.55,16.01,17.09,16.01,608200,10010118.0,6.45,-4.36,-0.73,1.45
2026-03-26,OFS,3.12,3.19,3.27,3.12,50900,163086.0,4.76,1.27,0.04,0.38
2026-03-26,OFSSH,23.65,23.65,23.65,23.65,0,46.0,0.0,0.0,0.0,0.0
2026-03-26,OFSSO,26.44,26.44,26.44,26.44,1000,26440.0,0.0,1.65,0.43,0.0
2026-03-26,OGCP,4.87,4.87,4.87,4.87,200,1102.0,0.0,-1.02,-0.05,0.01
2026-03-26,OGE,47.33,47.67,47.86,47.02,1295700,61767232.0,1.77,0.65,0.31,0.63
2026-03-26,OGEN,0.63,0.58,0.64,0.58,198500,118103.0,10.19,-7.34,-0.05,4.58
2026-03-26,OGI,1.35,1.31,1.39,1.31,250700,337974.0,5.8,-5.07,-0.07,0.18
2026-03-26,OGIG,40.65,40.31,41.19,40.31,11200,455961.0,2.14,-2.38,-0.98,0.0
2026-03-26,OGN,6.05,6.05,6.28,6.01,2519700,15345296.0,4.51,-0.82,-0.05,0.97
2026-03-26,OGS,85.22,85.79,86.11,85.17,434500,37277040.0,1.1,0.67,0.57,0.69
2026-03-26,OGSP,10.02,10.02,10.02,10.02,0,110.0,0.0,0.0,0.0,0.0
2026-03-26,OHI,44.63,44.55,44.99,44.39,1268400,56640364.0,1.34,-0.4,-0.18,0.43
2026-03-26,OI,10.71,10.52,10.9,10.44,1538000,16274088.0,4.25,-2.77,-0.3,1.01
2026-03-26,OIA,5.95,5.95,6.0,5.95,65700,392343.0,0.8,-0.67,-0.04,0.0
2026-03-26,OIH,408.43,413.25,415.64,406.91,485100,200197248.0,2.13,1.01,4.14,0.0
2026-03-26,OII,35.93,36.52,36.94,35.8,755500,27596240.0,3.16,1.08,0.39,0.76
2026-03-26,OILD,37.57,36.44,37.85,35.73,108100,3958299.0,5.56,-4.41,-1.68,0.0
2026-03-26,OILK,55.27,55.14,55.66,54.68,180600,9987137.0,1.81,1.79,0.97,0.0
2026-03-26,OILT,32.9,33.41,33.6,32.9,17500,584499.0,2.14,1.9,0.62,0.0
2026-03-26,OILU,54.44,56.43,57.34,54.2,175500,9863109.0,5.79,4.21,2.28,0.0
2026-03-26,OIM,10.03,10.01,10.03,9.98,49300,493730.0,0.5,0.1,0.01,0.14
2026-03-26,OIMAU,10.11,10.11,10.2,10.11,6900,70574.0,0.89,-0.1,-0.01,0.02
2026-03-26,OIO,3.05,3.08,3.3,2.92,43300,132094.0,12.57,1.65,0.05,0.1
2026-03-26,OIS,11.9,12.0,12.2,11.79,744600,8961028.0,3.46,0.08,0.01,1.24
2026-03-26,OKE,91.85,93.57,94.29,91.8,3908000,365334080.0,2.7,1.57,1.45,0.62
2026-03-26,OKLL,7.25,6.74,7.58,6.55,4782700,33100600.0,13.34,-12.69,-0.98,0.0
2026-03-26,OKLO,53.61,51.81,54.88,51.1,7246300,379680608.0,6.83,-6.26,-3.46,4.17
2026-03-26,OKLS,58.76,61.75,63.47,56.43,51900,3070056.0,12.64,10.88,6.06,0.0
2026-03-26,OKTA,77.69,79.38,81.01,77.47,3466600,275482496.0,4.53,1.61,1.26,1.96
2026-03-26,OKTG,12.11,11.79,12.11,11.79,1000,12154.0,2.81,3.07,0.35,0.0
2026-03-26,OKUR,4.0,4.59,4.61,4.0,646600,2900442.0,15.25,14.75,0.59,4.73
2026-03-26,OKYO,1.6,1.58,1.65,1.53,34600,54543.0,7.59,0.0,0.0,0.07
2026-03-26,OLB,0.52,0.49,0.54,0.45,395100,199191.0,16.15,-7.12,-0.04,2.94
2026-03-26,OLED,95.66,93.55,96.51,93.27,469200,44274044.0,3.35,-3.39,-3.28,1.0
2026-03-26,OLLI,91.01,90.52,93.31,90.37,1563300,142794816.0,3.22,-0.54,-0.49,2.56
2026-03-26,OLMA,13.9,14.12,14.59,13.7,758900,10741726.0,6.25,-0.35,-0.05,0.87
2026-03-26,OLN,27.7,28.6,29.15,27.7,2906700,83253264.0,5.17,2.0,0.56,2.55
2026-03-26,OLOX,1.02,1.05,1.16,1.0,582900,628487.0,16.0,5.0,0.05,9.43
2026-03-26,OLP,22.1,22.16,22.44,22.1,76300,1699998.0,1.56,0.0,0.0,0.35
2026-03-26,OLPX,2.0,2.01,2.01,1.99,104732200,209665952.0,1.5,51.13,0.68,15.65
2026-03-26,OM,3.46,3.52,3.67,3.46,108700,385013.0,5.95,-0.28,-0.01,0.59
2026-03-26,OMAB,115.84,113.53,116.41,113.44,65200,7486659.0,2.54,-2.8,-3.27,0.14
2026-03-26,OMAH,18.1,18.17,18.26,18.1,558400,10059396.0,0.88,0.0,0.0,0.0
2026-03-26,OMC,75.45,75.31,76.49,73.88,4155000,311738240.0,3.45,-0.57,-0.43,1.46
2026-03-26,OMCL,34.42,35.2,35.62,34.21,505600,17830376.0,4.03,0.74,0.26,1.11
2026-03-26,OMDA,12.8,13.18,13.51,12.73,668400,8823794.0,5.98,1.7,0.22,1.13
2026-03-26,OMER,10.33,10.3,10.69,10.2,559900,5826133.0,4.69,-1.34,-0.14,0.79
2026-03-26,OMEX,0.81,0.87,0.92,0.79,697400,597994.0,15.66,4.53,0.04,1.25
2026-03-26,OMF,52.7,53.05,53.62,52.65,736200,39073356.0,1.82,-0.06,-0.03,0.63
2026-03-26,OMFL,60.42,59.86,60.68,59.81,285700,17216268.0,1.43,-1.72,-1.05,0.0
2026-03-26,OMFS,45.24,45.25,45.74,45.24,9900,454681.0,1.09,-0.96,-0.44,0.0
2026-03-26,OMH,1.25,1.21,1.25,1.21,13100,16262.0,3.2,-3.2,-0.04,0.05
2026-03-26,OMSE,4.4,4.5,4.5,4.4,21900,98414.0,2.31,4.17,0.18,0.05
2026-03-26,ON,61.8,60.87,62.57,60.57,7461900,456670880.0,3.17,-3.53,-2.23,1.89
2026-03-26,ONB,21.6,21.73,21.8,21.5,2677500,58069504.0,1.33,-0.18,-0.04,0.69
2026-03-26,ONBPO,24.96,24.65,24.96,24.59,30500,759682.0,1.48,-1.6,-0.4,0.71
2026-03-26,ONBPP,24.96,24.82,25.0,24.8,3800,94489.0,0.8,-0.59,-0.15,0.08
2026-03-26,ONC,276.42,276.95,279.24,272.02,238500,65631664.0,2.55,-2.29,-6.5,0.2
2026-03-26,ONCH,10.18,10.14,10.18,10.14,34100,346291.0,0.39,-0.1,-0.01,0.16
2026-03-26,ONCHU,10.26,10.26,10.26,10.24,20000,205462.0,0.17,0.0,0.0,0.12
2026-03-26,ONCHW,0.43,0.43,0.43,0.43,5600,2408.0,0.02,0.0,0.0,0.0
2026-03-26,ONCO,3.06,3.22,3.89,2.76,442700,1446012.0,37.46,6.27,0.19,63.24
2026-03-26,ONCY,0.95,0.9,0.96,0.9,864300,798853.0,6.2,-5.16,-0.05,0.8
2026-03-26,OND,33.32,32.87,33.38,32.87,2000,69616.0,1.53,-1.93,-0.65,0.0
2026-03-26,ONDG,6.78,5.96,6.9,5.75,1279000,7995176.0,16.06,-16.76,-1.2,0.0
2026-03-26,ONDL,19.49,17.0,19.71,16.33,2083300,37774604.0,16.39,-17.56,-3.62,0.0
2026-03-26,ONDS,10.05,9.44,10.14,9.27,72606100,706745216.0,8.44,-8.44,-0.87,15.54
2026-03-26,ONDU,10.94,9.34,11.0,9.34,58700,597529.0,14.5,-18.4,-2.11,0.0
2026-03-26,ONEG,2.23,2.14,2.23,2.09,134700,290598.0,6.26,-4.25,-0.09,0.85
2026-03-26,ONEH,24.34,24.34,24.46,24.34,1700,42048.0,0.47,-0.2,-0.05,0.0
2026-03-26,ONEO,132.68,132.64,132.8,132.64,500,68493.0,0.12,-1.32,-1.77,0.0
2026-03-26,ONEQ,85.47,84.26,85.85,84.21,458400,38940808.0,1.9,-2.38,-2.05,0.0
2026-03-26,ONEV,133.29,133.36,134.85,133.28,4900,660235.0,1.17,-0.62,-0.83,0.0
2026-03-26,ONEW,9.23,9.24,9.57,9.19,74600,690370.0,4.06,-1.18,-0.11,
2026-03-26,ONEY,118.85,119.39,120.23,118.85,8900,1067507.0,1.15,-0.15,-0.18,0.0
2026-03-26,ONEZ,24.96,24.93,25.14,24.87,14100,352982.0,1.07,-1.09,-0.28,0.0
2026-03-26,ONFO,0.69,0.7,0.7,0.64,193300,128169.0,8.66,-0.64,-0.0,3.3
2026-03-26,ONFOW,0.06,0.06,0.06,0.06,1100,71.0,0.15,-3.57,-0.0,
2026-03-26,ONIT,38.18,38.33,38.8,38.15,45400,1746626.0,1.69,-0.16,-0.06,0.53
2026-03-26,ONL,2.11,2.02,2.15,1.99,541500,1101523.0,7.68,-2.88,-0.06,0.95
2026-03-26,ONLN,53.0,52.62,53.0,52.61,3100,168459.0,0.73,-2.18,-1.17,0.0
2026-03-26,ONMD,0.84,0.88,0.97,0.82,430100,393702.0,17.11,1.41,0.01,0.84
2026-03-26,ONMDW,0.05,0.07,0.07,0.05,13400,940.0,27.03,1.54,0.0,0.0
2026-03-26,ONOF,36.18,36.22,36.22,36.17,84900,3075060.0,0.14,0.08,0.03,0.0
2026-03-26,ONON,34.82,32.11,34.95,32.05,16826500,552757376.0,8.25,-8.67,-3.05,5.08
2026-03-26,ONTF,8.09,8.1,8.1,8.09,603300,4885294.0,0.12,0.0,0.0,1.41
2026-03-26,ONTO,215.16,204.75,216.23,204.25,684800,143519936.0,5.42,-7.37,-16.29,1.38
2026-03-26,OOMA,14.17,14.35,14.71,14.07,352500,5081036.0,4.49,0.7,0.1,1.28
2026-03-26,OOQB,8.92,8.76,8.92,8.76,100,1761.0,1.71,-5.64,-0.52,0.0
2026-03-26,OOSB,9.53,9.3,9.57,9.3,600,6461.0,2.77,-5.14,-0.5,0.0
2026-03-26,OOSP,10.12,10.12,10.12,10.12,200,2187.0,0.0,-0.05,-0.01,0.0
2026-03-26,OPAD,0.67,0.67,0.7,0.65,748500,504020.0,7.87,-0.36,-0.0,1.58
2026-03-26,OPAL,2.24,2.24,2.33,2.23,124300,280517.0,4.17,-1.75,-0.04,0.07
2026-03-26,OPBK,13.22,13.3,13.39,13.2,26900,357410.0,1.43,0.08,0.01,0.18
2026-03-26,OPCH,28.35,27.75,28.69,27.69,1085600,30284166.0,3.51,-2.6,-0.74,0.69
2026-03-26,OPEG,6.18,5.8,6.26,5.8,23400,143979.0,7.28,-7.99,-0.5,0.0
2026-03-26,OPEN,5.01,4.9,5.19,4.89,20230000,101236688.0,5.88,-3.92,-0.2,2.11
2026-03-26,OPENL,0.3,0.3,0.31,0.3,90100,27177.0,4.81,-3.21,-0.01,0.0
2026-03-26,OPENW,0.68,0.66,0.73,0.65,299900,201332.0,11.71,-3.41,-0.02,0.0
2026-03-26,OPENZ,0.28,0.27,0.29,0.27,184200,51011.0,7.22,-3.93,-0.01,0.0
2026-03-26,OPER,100.31,100.33,100.35,100.31,1200,123603.0,0.03,0.01,0.01,0.0
2026-03-26,OPEX,24.6,23.73,26.25,23.53,24300,565022.0,10.45,-8.88,-2.31,0.0
2026-03-26,OPFI,7.78,7.71,7.91,7.67,323600,2509096.0,3.08,-2.53,-0.2,0.38
2026-03-26,OPHC,5.43,5.4,5.45,5.29,3200,17198.0,2.99,0.93,0.05,0.03
2026-03-26,OPK,1.18,1.17,1.19,1.15,2617600,3059946.0,3.36,-1.68,-0.02,0.34
2026-03-26,OPLN,26.8,26.82,27.13,26.62,1037300,27810750.0,1.89,-0.67,-0.18,0.98
2026-03-26,OPP,7.64,7.5,7.69,7.5,89200,678901.0,2.49,-1.83,-0.14,0.0
2026-03-26,OPPE,52.61,52.15,52.69,52.15,14900,784819.0,1.02,-1.41,-0.75,0.0
2026-03-26,OPPJ,54.23,53.64,54.56,53.6,67100,3631763.0,1.75,-1.87,-1.02,0.0
2026-03-26,OPRA,13.55,13.92,14.19,13.55,510900,7122732.0,4.66,1.46,0.2,0.57
2026-03-26,OPRT,4.6,4.71,4.84,4.6,459800,2181427.0,5.17,1.51,0.07,1.03
2026-03-26,OPRX,7.11,6.96,7.33,6.9,590100,4173700.0,5.98,-3.06,-0.22,3.15
2026-03-26,OPTT,0.37,0.35,0.38,0.34,5092000,1815814.0,8.21,-8.37,-0.03,2.23
2026-03-26,OPTU,1.33,1.37,1.39,1.32,1307000,1779457.0,4.99,1.48,0.02,0.28
2026-03-26,OPTX,8.12,7.84,8.54,7.75,486400,3915942.0,9.46,-6.11,-0.51,1.32
2026-03-26,OPTXW,1.6,1.37,1.77,1.31,164400,260053.0,29.67,-11.61,-0.18,0.0
2026-03-26,OPTZ,36.48,36.03,36.48,36.03,19000,692012.0,1.23,-2.7,-1.0,0.0
2026-03-26,OPXS,13.52,13.36,13.78,13.3,25600,347466.0,3.54,-1.47,-0.2,0.37
2026-03-26,OPY,87.96,89.03,89.96,87.45,52300,4660513.0,2.85,1.1,0.97,0.49
2026-03-26,OR,33.55,34.12,35.4,33.55,1149300,39668396.0,5.32,-1.87,-0.65,0.61
2026-03-26,ORA,110.39,110.9,112.92,110.31,807300,89948424.0,2.36,0.18,0.2,1.33
2026-03-26,ORBS,1.22,1.16,1.34,1.11,31126200,36451280.0,18.12,-9.38,-0.12,15.73
2026-03-26,ORC,7.13,6.99,7.14,6.98,5443100,38349548.0,2.24,-2.24,-0.16,2.78
2026-03-26,ORCL,143.89,142.81,146.47,142.54,16961800,2440866560.0,2.69,-2.2,-3.21,0.59
2026-03-26,ORCS,34.73,35.31,35.32,34.63,18900,665028.0,1.98,2.17,0.75,0.0
2026-03-26,ORCU,9.12,9.04,9.49,8.99,444800,3990705.0,5.3,-4.02,-0.38,0.0
2026-03-26,ORCX,25.61,25.29,26.6,25.21,1440900,36628180.0,5.25,-4.42,-1.17,0.0
2026-03-26,ORGN,3.27,3.61,3.99,3.27,152000,550819.0,21.75,9.06,0.3,2.8
2026-03-26,ORGNW,0.0,0.0,0.0,0.0,22300,73.0,22.58,3.23,0.0,0.0
2026-03-26,ORGO,2.45,2.42,2.51,2.4,493400,1200175.0,4.3,-0.82,-0.02,0.38
2026-03-26,ORI,39.33,39.81,39.96,39.21,1040400,41386584.0,1.91,1.14,0.45,0.42
2026-03-26,ORIC,11.54,12.38,12.61,11.33,1743700,21469018.0,10.94,5.81,0.68,1.53
2026-03-26,ORIO,0.98,0.97,0.99,0.95,14000,13601.0,4.15,1.14,0.01,0.06
2026-03-26,ORIQU,10.2,10.2,10.2,10.2,400,4080.0,0.0,-0.78,-0.08,0.01
2026-03-26,ORIS,0.85,0.85,1.14,0.67,932100,834390.0,55.35,0.32,0.0,18.43
2026-03-26,ORKA,42.41,45.46,47.25,42.0,1558600,71965912.0,11.98,3.77,1.65,3.15
2026-03-26,ORKT,1.0,1.03,1.05,0.97,103300,105379.0,7.79,0.98,0.01,1.77
2026-03-26,ORLA,14.03,13.81,14.65,13.79,2067200,29219044.0,5.91,-5.15,-0.75,0.6
2026-03-26,ORLG,13.7,13.6,13.7,13.59,1100,16273.0,0.87,2.48,0.33,0.0
2026-03-26,ORLY,91.53,92.27,92.98,91.25,5294800,488518784.0,1.9,1.22,1.11,0.63
2026-03-26,ORMP,3.49,3.32,3.53,3.26,108000,361439.0,7.71,-5.14,-0.18,
2026-03-26,ORN,11.0,10.88,11.29,10.82,298100,3277187.0,4.19,-3.03,-0.34,0.74
2026-03-26,ORO,18.08,18.08,18.08,18.08,0,217.0,0.0,-1.8,-0.33,0.0
2026-03-26,ORR,36.53,36.29,36.81,36.21,99700,3623850.0,1.63,-1.47,-0.54,0.0
2026-03-26,ORRF,35.02,35.35,35.42,34.99,117300,4134835.0,1.23,0.23,0.08,0.6
2026-03-26,OS,23.8,23.83,23.83,23.77,1053000,25066568.0,0.25,0.13,0.03,0.43
2026-03-26,OSBC,19.49,19.7,19.82,19.41,325300,6390465.0,2.07,0.46,0.09,0.62
2026-03-26,OSCG,5.58,5.4,5.72,5.4,8400,46963.0,5.59,-7.14,-0.41,0.0
2026-03-26,OSCR,12.05,11.84,12.36,11.81,5296400,63408640.0,4.5,-3.03,-0.37,1.78
2026-03-26,OSCV,39.24,39.27,39.55,39.14,23500,924988.0,1.02,-0.76,-0.3,0.0
2026-03-26,OSCX,22.2,21.67,23.3,21.51,20700,456723.0,7.79,-5.74,-1.32,0.0
2026-03-26,OSEA,28.66,28.32,28.8,28.3,244900,6953015.0,1.72,-2.55,-0.74,0.0
2026-03-26,OSG,4.6,4.71,4.76,4.46,439100,2060304.0,6.44,1.07,0.05,0.98
2026-03-26,OSIS,280.86,274.7,284.0,272.77,227000,62809632.0,3.95,-3.47,-9.87,1.38
2026-03-26,OSK,144.39,143.27,146.59,142.71,503100,72411808.0,2.62,-3.12,-4.62,0.8
2026-03-26,OSPN,10.6,10.64,10.98,10.6,499900,5355659.0,3.55,-0.47,-0.05,1.33
2026-03-26,OSRH,0.43,0.44,0.45,0.43,222700,94137.0,4.77,0.05,0.0,0.87
2026-03-26,OSRHW,0.06,0.06,0.06,0.06,100,10.0,0.0,0.0,0.0,0.0
2026-03-26,OSS,8.87,8.54,9.34,8.52,1067800,9411677.0,9.03,-5.95,-0.54,4.32
2026-03-26,OSTX,1.42,1.37,1.44,1.37,218900,307458.0,4.86,-4.86,-0.07,0.62
2026-03-26,OSUR,3.11,3.07,3.14,3.05,238300,733389.0,3.03,-2.23,-0.07,0.34
2026-03-26,OSW,23.1,22.97,23.46,22.72,585500,13452160.0,3.19,-0.99,-0.23,0.58
2026-03-26,OTEX,21.88,22.25,22.64,21.83,848600,18948228.0,3.65,0.77,0.17,0.34
2026-03-26,OTF,12.57,12.59,12.8,12.53,1945600,24623490.0,2.09,-0.47,-0.06,0.42
2026-03-26,OTGA,10.05,10.05,10.06,10.05,10000,101442.0,0.1,-0.1,-0.01,0.03
2026-03-26,OTGAU,10.18,10.18,10.18,10.18,500,6006.0,0.0,-0.1,-0.01,0.0
2026-03-26,OTGAW,0.25,0.25,0.26,0.25,2000,511.0,3.49,-11.84,-0.03,0.0
2026-03-26,OTGL,10.66,10.51,10.67,10.51,3200,34807.0,1.46,-1.2,-0.13,0.0
2026-03-26,OTH,2.38,2.16,2.46,2.13,47900,107215.0,13.87,-9.24,-0.22,0.2
2026-03-26,OTIS,78.44,77.44,79.46,77.29,3231000,251636288.0,2.76,-1.6,-1.26,0.83
2026-03-26,OTLK,0.21,0.21,0.23,0.2,4409100,946472.0,16.11,0.96,0.0,4.21
2026-03-26,OTLY,9.87,9.62,10.07,9.6,42200,414535.0,4.66,-3.51,-0.35,0.14
2026-03-26,OTTR,86.35,85.41,87.14,84.92,226300,19440004.0,2.56,-1.32,-1.14,0.54
2026-03-26,OUNZ,42.78,41.96,43.07,41.92,1494700,63427652.0,2.64,-3.72,-1.62,0.0
2026-03-26,OUSA,55.69,55.5,56.0,55.46,37300,2081555.0,0.97,-0.55,-0.31,0.0
2026-03-26,OUSM,43.77,43.72,44.25,43.67,48500,2133695.0,1.32,-0.75,-0.33,0.0
2026-03-26,OUST,19.63,19.31,19.98,19.12,1728400,33595652.0,4.25,-4.5,-0.91,2.75
2026-03-26,OUT,26.93,26.75,27.27,26.62,1232200,33040602.0,2.4,-1.26,-0.34,0.7
2026-03-26,OVB,20.53,20.46,20.57,20.46,12800,263442.0,0.51,-0.68,-0.14,0.0
2026-03-26,OVBC,41.8,42.26,43.0,41.8,9700,413449.0,2.84,0.02,0.01,0.21
2026-03-26,OVF,29.29,28.84,29.3,28.84,11800,345548.0,1.56,-2.39,-0.71,0.0
2026-03-26,OVID,2.35,2.46,2.53,2.31,1564900,3817811.0,8.95,2.5,0.06,1.19
2026-03-26,OVL,50.8,50.19,51.01,50.19,10100,512417.0,1.61,-2.03,-1.04,0.0
2026-03-26,OVLH,37.96,37.79,38.08,37.78,2900,113460.0,0.79,-0.95,-0.36,0.0
2026-03-26,OVLY,32.01,32.05,32.16,31.73,17400,558584.0,1.36,0.05,0.01,0.21
2026-03-26,OVM,21.5,21.42,21.5,21.4,5700,122542.0,0.47,-0.44,-0.09,0.0
2026-03-26,OVS,36.7,36.5,36.7,36.5,1400,53011.0,0.53,-1.25,-0.46,0.0
2026-03-26,OVT,22.0,21.91,22.0,21.85,3800,85139.0,0.68,-0.47,-0.1,0.0
2026-03-26,OVV,60.5,61.26,61.94,60.45,3127600,191669584.0,2.48,1.86,1.12,1.1
2026-03-26,OWL,8.94,9.02,9.21,8.9,19701100,178683632.0,3.43,-0.11,-0.01,1.27
2026-03-26,OWLS,5.98,5.91,5.98,5.87,12400,73438.0,1.82,-2.15,-0.13,0.01
2026-03-26,OWLT,5.02,4.91,5.1,4.88,191300,947302.0,4.31,-3.91,-0.2,0.68
2026-03-26,OWNB,17.5,16.79,17.6,16.77,5400,92945.0,4.72,-4.51,-0.79,0.0
2026-03-26,OWNS,17.41,17.28,17.42,17.27,25800,448066.0,0.83,-1.03,-0.18,0.0
2026-03-26,OXBR,0.88,0.89,0.89,0.88,9100,8111.0,1.7,1.14,0.01,0.12
2026-03-26,OXBRW,0.07,0.11,0.11,0.07,4400,393.0,31.6,-1.3,-0.0,0.0
2026-03-26,OXLC,9.09,9.36,9.48,9.05,2020800,18871780.0,4.69,2.18,0.2,0.0
2026-03-26,OXLCG,24.93,24.79,24.94,24.68,6800,171177.0,1.04,-0.44,-0.11,0.0
2026-03-26,OXLCI,25.29,25.25,25.34,25.22,1900,50384.0,0.5,0.05,0.01,0.0
2026-03-26,OXLCL,23.83,23.77,24.08,23.77,9300,224471.0,1.31,-0.52,-0.12,0.0
2026-03-26,OXLCM,24.61,24.6,24.61,24.5,11000,270386.0,0.44,-0.01,-0.0,0.0
2026-03-26,OXLCN,24.18,24.18,24.18,24.18,300,8664.0,0.0,-1.99,-0.49,0.0
2026-03-26,OXLCO,23.52,23.18,23.52,23.18,2300,53810.0,1.46,-0.3,-0.07,0.0
2026-03-26,OXLCP,24.72,24.66,24.74,24.57,4900,121337.0,0.69,0.33,0.08,0.0
2026-03-26,OXLCZ,24.5,24.38,24.63,24.33,75300,1837954.0,1.22,-0.89,-0.22,0.0
2026-03-26,OXM,32.59,31.89,33.53,31.86,478300,15455983.0,5.08,-3.28,-1.08,3.22
2026-03-26,OXSQ,1.67,1.68,1.69,1.66,779900,1311157.0,1.79,0.0,0.0,0.89
2026-03-26,OXSQG,24.05,24.05,24.05,24.05,400,11377.0,0.0,0.0,0.0,0.0
2026-03-26,OXSQH,24.91,25.0,25.0,24.91,2900,73858.0,0.36,0.81,0.2,0.0
2026-03-26,OXY,62.35,64.36,64.44,62.14,20658900,1314899328.0,3.72,4.06,2.51,2.08
2026-03-26,OYSE,10.17,10.17,10.17,10.17,22500,228825.0,0.0,-0.68,-0.07,0.07
2026-03-26,OZ,52.15,53.02,53.02,51.55,9800,513826.0,2.83,2.18,1.13,0.25
2026-03-26,OZEM,30.36,30.25,30.4,30.19,25200,765180.0,0.69,-0.65,-0.2,0.0
2026-03-26,OZK,44.77,45.41,45.5,44.67,788200,35696968.0,1.84,0.87,0.39,0.71
2026-03-26,OZKAP,16.43,16.4,16.48,16.32,19800,324992.0,0.97,-0.55,-0.09,0.0
2026-03-26,PAA,22.14,22.52,22.52,22.05,3948800,88533424.0,2.14,1.67,0.37,0.56
2026-03-26,PAAA,51.37,51.38,51.4,51.36,2679800,137708560.0,0.08,0.04,0.02,0.0
2026-03-26,PAACU,10.0,10.0,10.0,9.97,1600,16006.0,0.3,-0.1,-0.01,0.01
2026-03-26,PAAS,49.56,49.65,52.23,49.38,6932300,349229856.0,5.54,-3.52,-1.81,1.64
2026-03-26,PAAU,16.67,16.24,17.3,16.24,2700,45504.0,6.09,-6.94,-1.21,0.0
2026-03-26,PAB,42.37,42.14,42.37,42.14,13000,549750.0,0.54,-0.53,-0.23,0.0
2026-03-26,PABD,62.63,61.92,62.63,61.92,500,35346.0,1.12,-2.08,-1.32,0.0
2026-03-26,PABU,66.56,65.62,66.61,65.62,6000,398345.0,1.49,-1.58,-1.05,0.0
2026-03-26,PAC,246.05,243.34,251.02,242.31,92700,22843684.0,3.48,-2.83,-7.09,0.18
2026-03-26,PACB,1.37,1.35,1.4,1.33,4665200,6325405.0,5.04,-2.88,-0.04,1.54
2026-03-26,PACH,10.15,10.15,10.15,10.15,0,20.0,0.0,0.0,0.0,0.0
2026-03-26,PACHW,0.23,0.23,0.23,0.23,500,115.0,0.0,0.0,0.0,0.0
2026-03-26,PACK,3.63,3.68,3.82,3.61,275100,1020372.0,5.68,-0.54,-0.02,
2026-03-26,PACS,32.26,32.34,32.57,31.83,773600,24981524.0,2.28,-0.83,-0.27,0.49
2026-03-26,PAG,147.57,148.89,149.85,147.13,182400,27074626.0,1.84,0.53,0.78,0.28
2026-03-26,PAGP,24.14,24.44,24.49,24.03,1744000,42512876.0,1.87,1.54,0.37,0.23
2026-03-26,PAGS,10.06,9.86,10.3,9.86,1640800,16398509.0,4.25,-3.62,-0.37,0.54
2026-03-26,PAHC,56.3,55.82,57.62,55.25,391400,22025360.0,4.16,-2.09,-1.19,0.97
2026-03-26,PAI,12.09,12.01,12.15,12.0,16600,201876.0,1.23,-1.72,-0.21,0.0
2026-03-26,PAII,10.16,10.16,10.16,10.16,0,60.0,0.0,0.0,0.0,0.0
2026-03-26,PAL,6.6,6.44,6.71,6.42,202900,1319537.0,4.31,-3.01,-0.2,0.73
2026-03-26,PALC,52.07,51.57,52.25,51.57,9400,490062.0,1.3,-0.89,-0.46,0.0
2026-03-26,PALD,27.48,27.48,27.48,27.48,400,13011.0,0.0,-2.1,-0.59,0.0
2026-03-26,PALI,2.03,1.96,2.16,1.92,4222800,8469862.0,12.0,-2.0,-0.04,2.55
2026-03-26,PALL,123.95,122.38,125.34,121.73,346300,42645604.0,2.79,-5.31,-6.86,0.0
2026-03-26,PALOU,9.97,9.97,9.97,9.97,100,1555.0,0.0,0.05,0.01,0.0
2026-03-26,PALU,11.4,12.08,12.51,11.4,76200,923293.0,9.58,4.22,0.49,0.0
2026-03-26,PAM,85.2,84.22,86.83,83.59,215500,18257198.0,3.77,-1.9,-1.63,0.39
2026-03-26,PAMC,48.67,47.96,48.67,47.96,400,22253.0,1.43,-2.77,-1.37,0.0
2026-03-26,PAMT,8.44,8.38,8.71,8.26,16200,137304.0,5.28,-1.64,-0.14,0.08
2026-03-26,PANG,7.07,7.45,7.72,7.07,82400,620589.0,9.08,4.05,0.29,0.0
2026-03-26,PANL,6.89,6.84,7.04,6.82,440800,3034605.0,3.16,-1.72,-0.12,0.67
2026-03-26,PANW,152.24,156.36,159.39,152.2,6081900,953903680.0,4.69,2.05,3.14,0.75
2026-03-26,PAPI,27.58,27.55,27.71,27.49,60600,1673977.0,0.8,0.24,0.06,
2026-03-26,PAPL,0.68,0.67,0.71,0.67,15000,10287.0,7.3,0.45,0.0,0.06
2026-03-26,PAPR,39.62,39.59,39.71,39.58,69800,2767589.0,0.34,-0.21,-0.08,0.0
2026-03-26,PAR,13.16,13.56,13.56,13.0,1430700,19130600.0,4.18,1.27,0.17,3.48
2026-03-26,PARK,16.44,15.87,16.54,15.81,24600,398537.0,4.49,-1.67,-0.27,0.55
2026-03-26,PARR,61.81,63.01,63.36,61.78,1128800,70831872.0,2.57,2.52,1.55,2.28
2026-03-26,PASG,7.02,6.89,7.26,6.88,9400,66845.0,5.43,-2.89,-0.2,0.3
2026-03-26,PASW,0.15,0.14,0.15,0.14,58300,8021.0,4.68,-2.48,-0.0,0.05
2026-03-26,PATH,10.89,11.04,11.19,10.79,17625800,194164656.0,3.66,1.01,0.11,3.36
2026-03-26,PATK,110.61,108.16,111.67,107.28,451500,49180336.0,3.92,-3.43,-3.84,1.36
2026-03-26,PATN,28.43,27.87,28.51,27.86,24800,700688.0,2.25,-3.49,-1.01,0.0
2026-03-26,PATX,8.8,9.1,9.22,8.73,42300,381631.0,5.51,2.25,0.2,0.0
2026-03-26,PAUG,42.82,42.45,42.82,42.45,23600,1008958.0,0.86,-0.98,-0.42,0.0
2026-03-26,PAVE,50.82,50.15,51.19,50.04,1168200,59104604.0,2.23,-2.31,-1.18,0.0
2026-03-26,PAVM,9.68,8.94,9.68,8.88,19100,172492.0,8.63,-3.87,-0.36,1.28
2026-03-26,PAVS,0.25,0.25,0.28,0.23,3263800,851882.0,15.74,-13.65,-0.04,47.14
2026-03-26,PAWZ,51.21,50.88,51.22,50.88,1000,53074.0,0.67,-0.24,-0.12,0.0
2026-03-26,PAX,11.41,11.51,11.57,11.28,774200,8894892.0,2.51,-0.35,-0.04,0.49
2026-03-26,PAXS,14.16,13.97,14.27,13.97,162000,2282464.0,2.12,-1.41,-0.2,0.0
2026-03-26,PAY,25.03,25.16,25.98,25.0,292300,7391814.0,3.92,0.24,0.06,0.23
2026-03-26,PAYC,118.68,123.03,124.4,118.68,1888700,231784960.0,4.77,2.68,3.21,3.48
2026-03-26,PAYH,22.72,22.32,22.72,22.27,3700,85001.0,1.94,-3.79,-0.88,0.0
2026-03-26,PAYM,23.59,23.4,23.59,23.18,13800,324932.0,1.75,-0.17,-0.04,0.0
2026-03-26,PAYO,4.78,4.99,5.07,4.77,3261400,16218435.0,6.13,2.04,0.1,0.95
2026-03-26,PAYP,24.73,22.71,24.73,22.7,1987200,45838568.0,8.27,-7.53,-1.85,0.3
2026-03-26,PAYR,53.99,54.04,54.33,53.99,5900,320531.0,0.63,0.12,0.07,0.0
2026-03-26,PAYS,5.11,5.33,5.57,4.94,3003700,15848264.0,12.2,3.5,0.18,5.44
2026-03-26,PAYX,93.07,93.59,96.24,93.02,5360400,503446464.0,3.45,0.25,0.23,1.5
2026-03-26,PB,65.73,66.44,66.68,65.73,919600,61091512.0,1.43,0.36,0.24,0.91
2026-03-26,PBA,45.64,45.69,46.04,45.53,2315300,105931128.0,1.13,0.15,0.07,0.4
2026-03-26,PBAP,29.33,29.32,29.33,29.32,900,28477.0,0.04,-0.08,-0.02,0.0
2026-03-26,PBAU,29.53,29.53,29.53,29.53,0,0.0,0.0,-0.78,-0.23,
2026-03-26,PBD,17.94,17.67,17.98,17.64,48600,866197.0,1.88,-2.16,-0.39,0.0
2026-03-26,PBDC,27.37,27.17,27.72,27.12,91800,2521617.0,2.18,-1.15,-0.32,0.0
2026-03-26,PBDE,28.99,28.88,28.99,28.88,4300,126504.0,0.39,-0.8,-0.23,0.0
2026-03-26,PBE,78.19,77.81,78.29,77.81,2200,176672.0,0.62,-0.33,-0.26,0.0
2026-03-26,PBEU,27.02,26.66,27.04,26.63,69600,1865086.0,1.51,-1.77,-0.48,0.0
2026-03-26,PBF,49.75,50.37,51.8,48.92,3846200,193185312.0,5.84,2.07,1.02,3.27
2026-03-26,PBFB,29.97,29.89,29.97,29.89,100,2988.0,0.27,-0.81,-0.24,0.0
2026-03-26,PBFR,29.02,28.71,29.03,28.71,20400,588621.0,1.1,-1.27,-0.37,0.0
2026-03-26,PBFS,13.58,13.52,14.49,13.41,23500,320293.0,7.84,-1.82,-0.25,0.09
2026-03-26,PBH,60.87,60.38,61.7,60.28,430000,26102518.0,2.32,-1.23,-0.75,0.91
2026-03-26,PBHC,13.24,12.75,13.24,12.75,1200,16787.0,3.77,-2.82,-0.37,0.02
2026-03-26,PBI,10.82,10.95,11.06,10.8,2635800,28796834.0,2.34,0.37,0.04,1.76
2026-03-26,PBJ,48.48,48.7,49.12,48.48,15500,762050.0,1.32,0.3,0.14,0.0
2026-03-26,PBJA,30.37,30.28,30.38,30.28,4600,140052.0,0.31,-0.79,-0.24,0.0
2026-03-26,PBJL,29.73,29.6,29.73,29.6,1400,43821.0,0.44,-0.71,-0.21,0.0
2026-03-26,PBJN,29.74,29.74,29.74,29.74,0,0.0,0.0,-0.67,-0.2,
2026-03-26,PBL,30.05,29.86,30.06,29.86,7400,222555.0,0.66,-1.25,-0.38,0.0
2026-03-26,PBM,2.43,2.63,2.64,2.4,32100,79690.0,9.88,8.23,0.2,3.14
2026-03-26,PBMR,30.34,30.18,30.34,30.18,4200,127801.0,0.51,-0.71,-0.22,0.0
2026-03-26,PBMWW,0.02,0.02,0.02,0.02,2000,45.0,0.0,6.54,0.0,0.0
2026-03-26,PBMY,30.12,30.12,30.12,30.12,0,30.0,0.0,-0.4,-0.12,0.0
2026-03-26,PBNV,28.78,28.78,28.78,28.78,0,661.0,0.0,-0.82,-0.24,0.0
2026-03-26,PBOC,28.8,28.66,28.8,28.66,700,22347.0,0.5,-0.81,-0.23,0.0
2026-03-26,PBOG,34.96,35.23,35.43,34.93,73400,2593873.0,1.44,1.17,0.41,0.0
2026-03-26,PBOT,23.78,23.33,23.78,23.33,100,3491.0,1.87,-2.63,-0.63,0.0
2026-03-26,PBP,21.94,21.8,21.96,21.76,58600,1282179.0,0.91,-0.91,-0.2,0.0
2026-03-26,PBPH,25.1,24.97,25.15,24.97,100200,2511978.0,0.74,-0.47,-0.12,0.0
2026-03-26,PBQQ,28.42,28.23,28.45,28.23,2600,76590.0,0.78,-1.08,-0.31,0.0
2026-03-26,PBR,19.97,20.33,20.6,19.94,33734800,686765888.0,3.36,2.57,0.51,0.91
2026-03-26,PBRG,43.3,44.5,45.76,43.3,33500,1485856.0,5.8,4.85,2.06,0.0
2026-03-26,PBSE,29.04,29.04,29.04,29.04,0,377.0,0.0,-0.75,-0.22,0.0
2026-03-26,PBT,22.21,21.99,22.41,21.58,267500,5888201.0,3.79,-0.14,-0.03,0.57
2026-03-26,PBTP,26.07,26.04,26.07,26.03,8200,214771.0,0.15,-0.02,-0.0,0.0
2026-03-26,PBUS,65.26,64.65,65.6,64.61,98300,6380565.0,1.51,-1.7,-1.12,0.0
2026-03-26,PBW,32.15,31.39,32.6,31.35,396600,12706317.0,3.81,-4.21,-1.38,0.0
2026-03-26,PBYI,6.21,6.27,6.45,6.2,180300,1135114.0,3.95,-0.95,-0.06,0.35
2026-03-26,PCAP,10.19,10.18,10.19,10.18,5300,54620.0,0.1,0.0,0.0,0.02
2026-03-26,PCAPU,10.28,10.28,10.28,10.28,400,4811.0,0.0,0.0,0.0,0.0
2026-03-26,PCAPW,0.33,0.33,0.33,0.33,600,224.0,0.0,0.0,0.0,0.0
2026-03-26,PCAR,116.09,115.33,117.07,115.04,2492700,287821152.0,1.74,-0.87,-1.01,0.47
2026-03-26,PCB,22.44,22.37,22.44,22.25,12100,271126.0,0.85,0.31,0.07,0.09
2026-03-26,PCCE,12.01,12.01,12.01,12.01,0,47.0,0.0,-2.24,-0.27,0.0
2026-03-26,PCEF,18.97,18.65,18.97,18.65,179800,3386224.0,1.68,-1.82,-0.35,0.0
2026-03-26,PCF,5.49,5.49,5.55,5.49,194000,1068392.0,1.09,-0.36,-0.02,0.0
2026-03-26,PCFI,22.9,22.9,22.9,22.9,0,411.0,0.0,-0.04,-0.01,0.0
2026-03-26,PCG,17.42,17.37,17.54,17.26,18870900,327755168.0,1.61,-0.4,-0.07,0.71
2026-03-26,PCGG,10.16,9.98,10.16,9.98,14200,143199.0,1.77,-1.95,-0.2,0.0
2026-03-26,PCHI,24.49,24.44,24.5,24.44,6700,166050.0,0.24,-0.61,-0.15,0.0
2026-03-26,PCI,49.71,49.71,49.71,49.71,0,0.0,0.0,-1.14,-0.57,
2026-03-26,PCIG,7.99,7.86,8.0,7.86,10100,80264.0,1.77,-2.15,-0.17,0.0
2026-03-26,PCL,49.1,49.1,49.1,49.1,0,98.0,0.0,-0.88,-0.44,0.0
2026-03-26,PCLA,2.15,2.15,2.34,2.05,3100,6842.0,14.08,4.36,0.09,0.08
2026-03-26,PCLG,20.69,20.35,20.69,20.35,10000,207807.0,1.69,-1.36,-0.28,0.0
2026-03-26,PCLN,25.3,25.3,25.3,25.3,0,1074.0,0.0,-3.23,-0.84,
2026-03-26,PCLO,24.89,24.89,24.89,24.89,400,10332.0,0.0,0.0,0.0,0.0
2026-03-26,PCM,5.6,5.59,5.62,5.58,49000,274307.0,0.71,-0.18,-0.01,0.0
2026-03-26,PCMM,49.33,49.48,49.87,49.33,29000,1436431.0,1.09,0.28,0.14,0.0
2026-03-26,PCN,11.65,11.59,11.74,11.56,569400,6625250.0,1.53,-1.19,-0.14,0.0
2026-03-26,PCOR,55.61,57.52,58.41,55.08,1145900,65775348.0,5.95,2.82,1.58,0.76
2026-03-26,PCQ,8.57,8.52,8.6,8.52,137900,1179575.0,0.91,-0.93,-0.08,0.0
2026-03-26,PCR,19.7,19.28,19.7,19.28,6200,123336.0,2.11,-2.41,-0.48,0.0
2026-03-26,PCRB,46.4,46.4,46.4,46.4,0,464.0,0.0,-0.57,-0.27,0.0
2026-03-26,PCRX,23.27,23.31,24.03,23.27,506100,11941101.0,3.24,-0.77,-0.18,1.25
2026-03-26,PCS,49.97,49.97,49.97,49.97,100,5002.0,0.0,-0.27,-0.14,0.0
2026-03-26,PCSA,2.29,2.24,2.43,2.24,18600,43951.0,8.26,-2.61,-0.06,0.7
2026-03-26,PCSC,11.07,10.81,11.1,10.81,12800,141055.0,2.65,-1.28,-0.14,0.12
2026-03-26,PCT,5.37,5.47,5.71,5.36,2932900,16137078.0,6.25,-2.32,-0.13,1.62
2026-03-26,PCTTW,0.83,0.83,0.83,0.83,200,181.0,0.0,0.0,0.0,0.0
2026-03-26,PCTY,109.08,111.03,113.17,109.08,598800,66663616.0,3.73,1.3,1.43,1.11
2026-03-26,PCVX,55.06,54.71,56.4,54.64,1051700,58015040.0,3.15,-2.15,-1.2,0.73
2026-03-26,PCY,20.92,20.76,21.0,20.75,687300,14315782.0,1.17,-1.24,-0.26,0.0
2026-03-26,PCYO,9.84,9.85,9.98,9.79,42200,417521.0,1.92,-0.3,-0.03,0.18
2026-03-26,PD,6.27,6.31,6.52,6.22,2369400,15019806.0,4.66,-0.32,-0.02,2.79
2026-03-26,PDBA,35.99,36.2,36.26,35.92,170300,6147925.0,0.95,0.49,0.18,0.0
2026-03-26,PDBC,17.03,17.02,17.15,16.98,7885200,134655280.0,1.01,1.13,0.19,0.0
2026-03-26,PDC,4.9,4.78,4.99,4.75,19700,96546.0,4.8,-4.5,-0.22,0.65
2026-03-26,PDCC,10.32,10.06,10.32,10.0,2900,29298.0,3.1,-2.52,-0.26,0.04
2026-03-26,PDD,102.09,100.62,105.11,99.81,10861400,1106001024.0,5.17,-1.94,-1.99,0.77
2026-03-26,PDDL,21.86,21.23,22.92,20.96,34600,746055.0,8.87,-3.88,-0.86,0.0
2026-03-26,PDEC,42.47,42.29,42.61,42.24,18200,774240.0,0.87,-1.01,-0.43,0.0
2026-03-26,PDEX,48.43,49.3,49.36,47.68,20100,977665.0,3.46,1.42,0.69,0.63
2026-03-26,PDFS,34.24,34.42,34.87,33.66,612200,21118598.0,3.47,-1.29,-0.45,1.53
2026-03-26,PDI,16.94,16.88,17.09,16.88,2157000,36647964.0,1.23,-0.88,-0.15,0.0
2026-03-26,PDLB,16.53,16.6,16.66,16.53,27000,449128.0,0.79,-0.27,-0.05,0.11
2026-03-26,PDM,6.52,6.5,6.64,6.49,1149300,7516158.0,2.36,-1.07,-0.07,0.92
2026-03-26,PDN,42.8,42.44,43.19,42.43,17800,763725.0,1.76,-2.02,-0.88,0.0
2026-03-26,PDO,12.65,12.65,12.76,12.62,681700,8657300.0,1.06,-0.35,-0.04,0.0
2026-03-26,PDP,122.39,119.64,122.74,119.55,28200,3425977.0,2.57,-3.77,-4.69,0.0
2026-03-26,PDPA,25.02,25.1,25.2,25.0,3000,75412.0,0.79,-0.36,-0.09,0.0
2026-03-26,PDS,102.38,101.69,103.8,101.27,77500,7936773.0,2.48,-0.26,-0.27,0.6
2026-03-26,PDSB,0.63,0.64,0.65,0.58,424800,266611.0,10.75,0.85,0.01,0.81
2026-03-26,PDT,12.98,12.85,13.0,12.83,96800,1250081.0,1.31,-1.15,-0.15,0.0
2026-03-26,PDX,22.27,22.09,22.28,22.05,141100,3134468.0,1.03,-0.63,-0.14,0.32
2026-03-26,PDYN,6.28,6.24,6.48,6.19,1162500,7307728.0,4.52,-2.65,-0.17,2.5
2026-03-26,PDYNW,0.08,0.08,0.08,0.08,4800,379.0,0.0,0.0,0.0,0.0
2026-03-26,PEB,12.71,12.7,12.95,12.66,1734500,22087316.0,2.27,-0.47,-0.06,1.52
2026-03-26,PEBK,38.34,38.59,38.68,38.23,16900,653052.0,1.17,-0.03,-0.01,0.31
2026-03-26,PEBO,31.94,32.31,32.33,31.94,164200,5291197.0,1.21,0.59,0.19,0.46
2026-03-26,PECO,36.74,36.88,37.12,36.53,627200,23145364.0,1.62,0.14,0.05,0.5
2026-03-26,PED,14.5,15.15,15.41,14.5,56700,850193.0,6.24,3.84,0.56,0.43
2026-03-26,PEG,80.62,80.5,81.22,80.3,1853000,149397104.0,1.14,-0.7,-0.57,0.37
2026-03-26,PEGA,41.2,42.16,42.77,41.15,970200,41053220.0,3.9,1.61,0.67,0.57
2026-03-26,PEJ,58.83,57.87,58.83,57.82,5800,340454.0,1.72,-1.26,-0.74,0.0
2026-03-26,PEMX,69.73,68.6,69.73,68.6,800,59054.0,1.6,-3.22,-2.28,0.0
2026-03-26,PEN,335.01,336.42,337.76,335.01,574200,193376992.0,0.82,0.04,0.15,1.46
2026-03-26,PENG,18.32,17.66,18.4,17.65,491400,8779606.0,4.07,-4.23,-0.78,0.94
2026-03-26,PENN,14.51,14.57,14.97,14.42,2457800,35938028.0,3.76,-0.61,-0.09,1.84
2026-03-26,PEO,27.8,27.82,28.04,27.77,172100,4800365.0,0.97,0.22,0.06,0.0
2026-03-26,PEP,151.93,150.83,153.15,150.67,5677100,859336000.0,1.63,-0.59,-0.9,0.42
2026-03-26,PEPG,4.81,4.89,5.37,4.81,677300,3423393.0,11.48,0.2,0.01,0.98
2026-03-26,PEPS,28.1,27.77,28.1,27.77,1200,34437.0,1.15,-2.03,-0.58,0.0
2026-03-26,PERF,1.66,1.7,1.71,1.66,65200,109990.0,2.96,0.59,0.01,0.06
2026-03-26,PERI,10.22,10.28,10.49,10.21,1408600,14489736.0,2.73,0.1,0.01,3.58
2026-03-26,PESI,11.11,10.87,11.7,10.54,301800,3322774.0,10.44,-2.16,-0.24,1.63
2026-03-26,PETS,2.33,2.31,2.4,2.26,71500,165467.0,6.01,-0.86,-0.02,0.33
2026-03-26,PETZ,1.24,1.24,1.24,1.2,2700,3357.0,3.23,0.0,0.0,0.03
2026-03-26,PEVC,25.73,25.73,25.73,25.73,0,154.0,0.0,-2.05,-0.54,0.0
2026-03-26,PEW,3.02,2.95,3.05,2.89,274400,815820.0,5.28,-2.64,-0.08,0.93
2026-03-26,PEX,21.22,21.02,21.32,21.0,13600,289042.0,1.46,-2.68,-0.58,0.0
2026-03-26,PEXL,59.12,58.08,59.12,58.08,1300,76182.0,1.74,-2.83,-1.69,0.0
2026-03-26,PEY,20.97,21.18,21.39,20.97,1197300,25438722.0,1.97,0.52,0.11,0.0
2026-03-26,PEZ,96.79,95.09,96.79,95.09,300,33908.0,1.74,-2.33,-2.27,0.0
2026-03-26,PFAI,2.43,2.43,2.43,2.43,500,1366.0,0.0,2.1,0.05,0.0
2026-03-26,PFBC,89.04,89.87,90.33,88.9,64200,5767326.0,1.6,0.48,0.43,0.53
2026-03-26,PFD,11.1,11.14,11.17,11.1,14100,157736.0,0.63,-0.45,-0.05,0.0
2026-03-26,PFDE,23.56,23.34,23.61,23.3,33400,788643.0,1.3,-2.07,-0.49,0.0
2026-03-26,PFE,27.25,27.57,27.81,27.24,28834900,795746944.0,2.07,1.06,0.29,0.51
2026-03-26,PFEB,40.06,39.84,40.14,39.8,14200,568330.0,0.85,-0.94,-0.38,0.0
2026-03-26,PFF,30.46,30.38,30.59,30.36,4038200,122924512.0,0.75,-0.75,-0.23,0.0
2026-03-26,PFFA,20.55,20.36,20.59,20.33,759300,15544561.0,1.24,-1.07,-0.22,0.0
2026-03-26,PFFD,18.47,18.43,18.6,18.43,484400,8960596.0,0.91,-0.86,-0.16,0.0
2026-03-26,PFFL,7.8,7.74,7.85,7.73,8300,65079.0,1.53,-1.46,-0.11,0.0
2026-03-26,PFFR,17.5,17.26,17.5,17.21,61700,1070663.0,1.66,-1.37,-0.24,0.0
2026-03-26,PFFV,21.92,21.89,22.01,21.89,28800,633467.0,0.54,-0.67,-0.15,0.0
2026-03-26,PFG,88.6,88.94,90.0,87.8,1529200,136007488.0,2.48,0.25,0.22,0.71
2026-03-26,PFGC,85.03,85.09,86.1,84.41,870200,74019912.0,1.97,-0.67,-0.57,0.55
2026-03-26,PFH,17.03,16.89,17.1,16.85,35000,594458.0,1.46,-1.11,-0.19,35099.0
2026-03-26,PFI,53.45,52.95,53.45,52.9,1100,61770.0,1.03,-0.96,-0.51,0.0
2026-03-26,PFIG,23.87,23.84,23.92,23.82,26300,627277.0,0.4,-0.54,-0.13,0.0
2026-03-26,PFIS,52.37,52.78,53.15,52.37,22600,1193167.0,1.48,0.36,0.19,0.23
2026-03-26,PFIX,47.56,48.83,48.83,47.13,456900,21856114.0,3.62,4.05,1.9,0.0
2026-03-26,PFL,7.86,7.72,7.87,7.71,203100,1584165.0,2.04,-2.15,-0.17,0.0
2026-03-26,PFLD,19.44,19.4,19.47,19.4,82600,1606070.0,0.36,-0.41,-0.08,0.0
2026-03-26,PFLT,8.15,8.0,8.24,7.98,759300,6135942.0,3.19,-1.84,-0.15,0.77
2026-03-26,PFM,50.88,50.68,51.14,50.67,26700,1362439.0,0.91,-0.76,-0.39,0.0
2026-03-26,PFN,6.76,6.67,6.8,6.67,507200,3414844.0,1.99,-1.77,-0.12,0.0
2026-03-26,PFO,9.04,9.0,9.06,8.99,39800,359597.0,0.77,-0.44,-0.04,0.0
2026-03-26,PFOE,22.14,21.95,22.36,21.94,35500,788699.0,1.88,-1.56,-0.35,0.0
2026-03-26,PFRL,48.91,48.88,48.94,48.88,3700,181794.0,0.13,-0.17,-0.08,0.0
2026-03-26,PFS,20.74,20.92,20.97,20.64,721300,15059785.0,1.58,0.19,0.04,0.55
2026-03-26,PFSA,0.52,0.53,0.53,0.51,26500,12394.0,3.71,-1.21,-0.01,1.95
2026-03-26,PFSI,85.4,86.44,87.13,85.4,395700,34186516.0,2.0,0.01,0.01,0.76
2026-03-26,PFUT,23.88,23.49,23.96,23.47,48500,1142301.0,2.04,-1.98,-0.47,0.0
2026-03-26,PFX,39.52,39.52,39.52,39.52,200,8326.0,0.0,0.0,0.0,0.01
2026-03-26,PFXF,17.67,17.55,17.73,17.55,801600,14125655.0,1.02,-1.02,-0.18,0.0
2026-03-26,PFXNZ,23.71,23.71,23.71,23.71,200,4882.0,0.0,0.55,0.13,0.0
2026-03-26,PG,143.69,142.42,144.57,142.24,6443100,920952896.0,1.62,-1.04,-1.5,0.28
2026-03-26,PGAC,10.47,10.49,10.49,10.47,6700,70467.0,0.19,0.0,0.0,
2026-03-26,PGC,34.34,34.83,34.99,34.16,57700,2001002.0,2.4,0.72,0.25,0.33
2026-03-26,PGEN,4.07,3.89,4.28,3.73,23541500,93046920.0,17.58,25.48,0.79,6.65
2026-03-26,PGF,13.87,13.8,13.9,13.8,185400,2565589.0,0.68,-0.68,-0.1,0.0
2026-03-26,PGHY,19.46,19.4,19.57,19.26,74500,1446583.0,1.59,-0.61,-0.12,0.0
2026-03-26,PGJ,25.88,25.71,26.12,25.68,19500,507761.0,1.65,-2.53,-0.67,0.0
2026-03-26,PGNY,17.73,17.79,18.28,17.4,825700,14806488.0,4.96,0.23,0.04,1.01
2026-03-26,PGP,8.3,8.12,8.36,8.12,16600,137710.0,2.87,-2.87,-0.24,0.0
2026-03-26,PGR,204.35,202.9,206.31,202.71,2079700,423601280.0,1.77,0.03,0.06,0.36
2026-03-26,PGRI,23.92,23.92,23.92,23.92,0,48.0,0.0,-1.61,-0.39,0.0
2026-03-26,PGRO,40.63,39.99,40.67,39.9,9300,378103.0,1.87,-2.37,-0.97,0.0
2026-03-26,PGX,11.0,10.95,11.03,10.94,2701500,29649546.0,0.82,-0.73,-0.08,0.0
2026-03-26,PGY,11.45,11.91,12.07,11.37,3973100,47114040.0,6.04,2.76,0.32,4.81
2026-03-26,PGYWW,0.06,0.06,0.07,0.05,170200,9277.0,37.16,-3.88,-0.0,0.0
2026-03-26,PGZ,9.64,9.53,9.69,9.52,16600,159547.0,1.76,-1.19,-0.11,0.0
2026-03-26,PH,914.77,901.46,920.25,899.09,772400,700656320.0,2.3,-2.18,-20.1,0.61
2026-03-26,PHAR,16.17,16.31,16.38,16.06,5000,81215.0,1.97,0.49,0.08,0.01
2026-03-26,PHAT,10.45,10.79,10.92,10.35,762900,8174689.0,5.49,3.06,0.32,0.97
2026-03-26,PHDG,37.84,37.69,37.87,37.67,2100,82729.0,0.53,-0.42,-0.16,0.0
2026-03-26,PHEQ,32.04,31.74,32.04,31.73,14500,464074.0,0.97,-0.85,-0.27,0.0
2026-03-26,PHG,27.21,27.14,27.66,27.12,1089600,29786300.0,1.97,-1.09,-0.3,0.11
2026-03-26,PHGE,4.85,4.71,5.0,4.66,85500,417562.0,6.95,-3.68,-0.18,1.31
2026-03-26,PHI,21.3,21.28,21.49,21.09,91500,1951387.0,1.86,-0.47,-0.1,0.04
2026-03-26,PHIN,67.79,68.59,69.1,67.79,348500,23875556.0,1.9,-0.44,-0.3,0.92
2026-03-26,PHIO,1.27,1.26,1.35,1.26,424900,554967.0,7.14,0.0,0.0,3.66
2026-03-26,PHK,4.51,4.5,4.56,4.5,611400,2767263.0,1.31,-1.53,-0.07,0.0
2026-03-26,PHM,116.77,117.12,119.0,116.77,1663500,195185088.0,1.89,-0.9,-1.06,0.87
2026-03-26,PHO,66.81,66.5,67.81,66.37,98700,6596397.0,2.14,-1.19,-0.8,0.0
2026-03-26,PHOE,14.76,14.45,14.76,14.28,7500,111551.0,3.25,-2.1,-0.31,0.04
2026-03-26,PHR,11.19,11.65,11.8,11.13,1148400,13336103.0,5.94,3.28,0.37,1.9
2026-03-26,PHUN,1.89,1.74,1.91,1.74,144300,261205.0,9.09,-8.42,-0.16,0.71
2026-03-26,PHVS,26.41,27.39,27.76,25.91,454800,12235528.0,7.07,4.74,1.24,0.7
2026-03-26,PHYD,49.9,49.77,49.94,49.76,2300,115573.0,0.36,-0.46,-0.23,0.0
2026-03-26,PHYL,34.73,34.63,34.83,34.6,81200,2819039.0,0.65,-0.6,-0.21,0.0
2026-03-26,PHYS,33.63,33.01,33.89,32.96,7486300,249726272.0,2.71,-3.73,-1.28,0.0
2026-03-26,PI,102.15,101.78,103.38,99.94,321900,32727420.0,3.31,-2.21,-2.3,1.07
2026-03-26,PICB,23.09,22.97,23.17,22.97,116200,2679098.0,0.86,-1.07,-0.25,0.0
2026-03-26,PICK,54.0,53.59,54.6,53.53,304200,16374048.0,1.93,-3.13,-1.73,0.0
2026-03-26,PICS,11.21,11.31,11.77,11.01,734200,8163100.0,6.68,0.09,0.01,0.57
2026-03-26,PID,22.01,21.9,22.16,21.83,139000,3066959.0,1.48,-0.66,-0.15,0.0
2026-03-26,PIE,26.25,25.78,26.25,25.69,24700,642288.0,2.1,-3.33,-0.89,0.0
2026-03-26,PIEL,23.93,23.93,23.93,23.93,0,47.0,0.0,-2.44,-0.6,0.0
2026-03-26,PIEQ,33.33,33.01,33.53,33.01,28400,950271.0,1.53,-2.57,-0.87,0.0
2026-03-26,PIFI,94.54,94.3,94.54,94.27,3400,322105.0,0.28,-0.42,-0.4,0.0
2026-03-26,PII,56.36,56.83,58.45,55.83,656300,37516540.0,4.62,0.04,0.02,1.16
2026-03-26,PIII,3.18,2.79,3.18,2.76,38000,106995.0,13.5,-10.29,-0.32,0.53
2026-03-26,PILL,9.72,10.0,10.26,9.57,35100,351531.0,6.7,-1.96,-0.2,0.0
2026-03-26,PIM,3.17,3.16,3.19,3.15,50600,160161.0,1.26,-0.47,-0.02,0.0
2026-03-26,PINE,18.15,18.06,18.5,18.0,143600,2610329.0,2.73,-1.37,-0.25,0.95
2026-03-26,PINK,33.07,32.95,33.44,32.89,56400,1880467.0,1.65,-0.98,-0.33,0.0
2026-03-26,PINS,18.3,17.96,18.83,17.77,18758700,339563424.0,5.67,-3.85,-0.72,2.82
2026-03-26,PIO,43.11,42.85,43.75,42.85,3900,172311.0,2.06,-1.86,-0.81,0.0
2026-03-26,PIPE,29.96,29.89,29.96,29.89,500,16983.0,0.22,0.57,0.17,0.0
2026-03-26,PIPR,73.92,75.05,75.49,73.51,558800,41835584.0,2.65,0.74,0.55,
2026-03-26,PIT,69.65,69.67,70.24,69.61,8000,565461.0,0.91,1.39,0.96,0.0
2026-03-26,PIZ,48.95,48.32,49.28,48.18,99800,4852880.0,2.21,-2.8,-1.39,0.0
2026-03-26,PJAN,46.04,45.81,46.2,45.78,39600,1820020.0,0.91,-0.99,-0.46,0.0
2026-03-26,PJBF,55.55,55.55,55.55,55.55,0,1073.0,0.0,-3.23,-1.85,0.0
2026-03-26,PJFG,98.18,96.53,98.18,96.53,2000,195633.0,1.67,-2.51,-2.49,0.0
2026-03-26,PJFM,60.71,60.71,60.71,60.71,0,122.0,0.0,-2.03,-1.26,0.0
2026-03-26,PJFV,84.12,83.01,84.19,83.01,4200,359608.0,1.4,-2.01,-1.7,0.0
2026-03-26,PJIO,55.67,54.78,55.67,54.78,900,55205.0,1.56,-3.43,-1.95,0.0
2026-03-26,PJP,101.91,101.7,102.53,101.69,6100,626727.0,0.82,-0.32,-0.33,0.0
2026-03-26,PJT,136.25,139.2,139.41,136.25,321100,44524776.0,2.3,1.35,1.85,1.33
2026-03-26,PJUL,45.93,45.71,46.18,45.71,25700,1181783.0,1.02,-0.91,-0.42,0.0
2026-03-26,PJUN,41.79,41.54,41.8,41.53,9300,387263.0,0.65,-0.81,-0.34,0.0
2026-03-26,PK,10.66,10.72,10.91,10.49,2391200,25695892.0,4.01,1.13,0.12,1.19
2026-03-26,PKB,97.84,96.04,97.84,96.04,6300,613859.0,1.83,-2.55,-2.51,0.0
2026-03-26,PKBK,28.22,28.35,28.57,28.22,63700,1807884.0,1.21,-0.21,-0.06,0.54
2026-03-26,PKE,28.56,27.59,28.56,27.57,257100,7151139.0,3.41,-4.99,-1.45,1.29
2026-03-26,PKG,211.46,212.6,215.16,210.35,807700,171834880.0,2.25,-0.36,-0.76,0.91
2026-03-26,PKOH,24.29,24.33,24.76,24.02,20400,497666.0,3.03,-0.25,-0.06,0.14
2026-03-26,PKST,20.85,20.88,20.89,20.85,158900,3318043.0,0.19,0.1,0.02,0.43
2026-03-26,PKW,131.42,131.11,132.83,131.01,16600,2197845.0,1.38,-0.83,-1.1,0.0
2026-03-26,PKX,56.99,56.5,57.51,56.4,156700,8887312.0,1.93,-2.27,-1.31,0.05
2026-03-26,PL,34.97,32.4,35.69,32.12,14611300,485825984.0,10.1,-8.4,-2.97,4.22
2026-03-26,PLAB,41.54,39.76,42.72,39.6,1415100,57403620.0,7.21,-8.09,-3.5,2.4
2026-03-26,PLAG,1.75,1.64,1.78,1.64,7300,12626.0,8.0,-6.29,-0.11,0.05
2026-03-26,PLAY,11.82,10.65,12.07,10.47,2005500,21994826.0,13.2,-12.06,-1.46,5.78
2026-03-26,PLBC,48.4,48.79,49.0,48.4,22800,1115634.0,1.23,-0.18,-0.09,0.33
2026-03-26,PLBL,8.8,8.7,8.8,8.7,1300,11762.0,1.14,-0.68,-0.06,0.0
2026-03-26,PLBY,1.66,1.62,1.67,1.62,392400,645768.0,2.98,-3.57,-0.06,0.34
2026-03-26,PLCE,3.48,3.49,3.74,3.48,216900,786076.0,7.39,-0.85,-0.03,0.98
2026-03-26,PLD,129.49,129.74,130.91,128.97,3058400,396763072.0,1.49,-0.48,-0.62,0.33
2026-03-26,PLDR,33.87,33.59,33.87,33.59,200,9754.0,0.82,-1.73,-0.59,0.0
2026-03-26,PLG,1.66,1.63,1.71,1.6,1450000,2383109.0,6.43,-4.68,-0.08,1.14
2026-03-26,PLGI,24.47,24.1,24.47,24.1,5400,131302.0,1.52,-0.4,-0.1,0.0
2026-03-26,PLMK,10.59,10.55,10.6,10.55,9000,95492.0,0.47,-0.38,-0.04,0.04
2026-03-26,PLMKW,0.55,0.52,0.55,0.52,36700,19801.0,6.58,-2.79,-0.01,0.0
2026-03-26,PLMR,121.4,121.29,122.81,118.56,230200,27850458.0,3.48,-0.45,-0.55,0.86
2026-03-26,PLNT,74.98,75.4,76.46,74.7,986800,74541544.0,2.34,0.32,0.24,1.24
2026-03-26,PLOO,14.4,14.16,14.4,14.16,100,1515.0,1.63,-2.17,-0.31,0.0
2026-03-26,PLOW,42.41,42.45,42.85,42.19,244300,10368137.0,1.53,-1.12,-0.48,1.06
2026-03-26,PLPC,272.41,272.7,278.56,268.15,226900,62088956.0,3.76,-1.4,-3.86,4.63
2026-03-26,PLRX,1.3,1.23,1.32,1.23,634600,811496.0,6.87,-6.11,-0.08,1.03
2026-03-26,PLRZ,14.25,13.75,14.25,13.51,9100,126199.0,5.2,-3.37,-0.48,0.56
2026-03-26,PLSE,21.99,21.5,22.43,21.39,105700,2289871.0,4.75,-2.36,-0.52,0.16
2026-03-26,PLSM,3.97,3.46,3.97,3.43,22800,84296.0,14.32,-8.22,-0.31,0.35
2026-03-26,PLTA,18.91,17.57,18.91,17.57,11400,207437.0,6.91,-9.75,-1.9,0.0
2026-03-26,PLTD,7.23,7.48,7.5,7.23,48511000,359007904.0,3.78,4.76,0.34,0.0
2026-03-26,PLTG,17.6,16.25,17.6,16.21,169800,2830963.0,7.67,-10.32,-1.87,0.0
2026-03-26,PLTI,16.54,15.92,16.54,15.92,17100,279686.0,3.66,-5.48,-0.92,0.0
2026-03-26,PLTK,2.88,2.96,2.99,2.87,1324200,3910055.0,4.15,2.42,0.07,0.35
2026-03-26,PLTM,17.89,17.49,18.03,17.41,280400,4975949.0,3.37,-5.82,-1.08,0.0
2026-03-26,PLTR,153.05,147.56,153.12,147.25,43038400,6426355712.0,3.79,-4.78,-7.4,1.8
2026-03-26,PLTU,49.09,45.66,49.17,45.41,996600,46965976.0,7.44,-9.53,-4.81,0.0
2026-03-26,PLTW,27.3,25.9,27.3,25.9,152300,3993774.0,5.08,-5.99,-1.65,0.0
2026-03-26,PLTY,40.09,38.94,40.09,38.9,194000,7655037.0,2.89,-5.3,-2.18,0.0
2026-03-26,PLTZ,27.37,29.26,29.38,27.37,983900,27844370.0,7.53,9.51,2.54,0.0
2026-03-26,PLU,39.8,34.28,41.49,33.05,158700,5231507.0,20.62,-16.25,-6.65,0.0
2026-03-26,PLUG,2.22,2.25,2.41,2.22,58192600,134251712.0,8.37,-0.88,-0.02,4.17
2026-03-26,PLUL,12.06,11.95,13.3,11.85,11500,144349.0,11.91,-1.82,-0.22,0.0
2026-03-26,PLUR,3.27,3.22,3.33,3.21,11300,37428.0,3.6,-3.3,-0.11,0.11
2026-03-26,PLUS,75.39,76.94,77.76,75.39,140300,10803660.0,3.11,0.98,0.75,0.53
2026-03-26,PLUT,3.03,3.03,3.03,3.03,400,1412.0,0.16,-2.26,-0.07,0.0
2026-03-26,PLX,2.14,2.11,2.18,2.06,951600,2014253.0,5.56,-2.31,-0.05,1.18
2026-03-26,PLXS,213.62,200.17,216.49,199.35,490400,101303816.0,7.89,-7.87,-17.09,1.83
2026-03-26,PLYX,6.2,6.38,6.69,5.73,238700,1492519.0,15.29,1.59,0.1,0.5
2026-03-26,PLYY,13.15,12.91,13.15,12.91,13400,175764.0,1.83,-2.78,-0.37,0.0
2026-03-26,PM,165.5,162.49,166.0,161.93,3053500,498654336.0,2.46,-1.82,-3.01,0.2
2026-03-26,PMAP,26.69,26.67,26.69,26.67,6300,169961.0,0.09,0.08,0.02,0.0
2026-03-26,PMAR,44.54,44.37,44.71,44.3,35400,1574865.0,0.91,-0.94,-0.42,0.0
2026-03-26,PMAU,25.72,25.63,25.72,25.63,400,10288.0,0.35,-0.01,-0.0,0.0
2026-03-26,PMAX,0.34,0.34,0.35,0.34,177900,60729.0,4.3,-7.32,-0.03,2.03
2026-03-26,PMAY,39.78,39.61,39.79,39.61,2500,101822.0,0.45,-0.67,-0.27,0.0
2026-03-26,PMBS,49.31,49.1,49.39,49.09,116600,5752452.0,0.61,-0.87,-0.43,0.0
2026-03-26,PMCB,0.76,0.78,0.84,0.76,270400,217811.0,10.49,2.52,0.02,2.52
2026-03-26,PMDE,24.96,24.97,24.97,24.96,5100,128868.0,0.06,-0.34,-0.08,0.0
2026-03-26,PMEC,0.67,0.71,0.71,0.67,13700,9543.0,6.14,1.29,0.01,0.04
2026-03-26,PMFB,26.5,26.5,26.5,26.5,800,21919.0,0.0,-0.22,-0.06,0.0
2026-03-26,PMI,1.0,1.01,1.06,1.0,99800,102406.0,5.88,-0.98,-0.01,0.14
2026-03-26,PMIO,50.55,50.55,50.67,50.55,2100,108584.0,0.24,-0.08,-0.04,0.0
2026-03-26,PMJA,26.62,26.62,26.62,26.62,0,106.0,0.0,-0.26,-0.07,0.0
2026-03-26,PMJL,25.78,25.78,25.78,25.78,0,0.0,0.0,-0.45,-0.12,
2026-03-26,PMJN,26.14,26.14,26.14,26.14,0,0.0,0.0,-0.32,-0.08,
2026-03-26,PML,7.45,7.3,7.5,7.3,486800,3610909.0,2.66,-2.8,-0.21,0.0
2026-03-26,PMM,6.03,5.99,6.06,5.99,120500,726259.0,1.19,-1.32,-0.08,0.0
2026-03-26,PMMF,100.45,100.45,100.46,100.45,384700,38641224.0,0.01,0.0,0.0,0.0
2026-03-26,PMMR,26.4,26.4,26.4,26.4,0,0.0,0.0,-0.3,-0.08,
2026-03-26,PMMY,26.38,26.38,26.38,26.38,0,0.0,0.0,-0.09,-0.03,
2026-03-26,PMN,15.8,15.13,16.0,14.13,32000,483143.0,11.79,-4.54,-0.72,0.36
2026-03-26,PMNT,0.2,0.2,0.2,0.19,121000,23736.0,9.75,-2.89,-0.01,0.26
2026-03-26,PMNV,24.83,25.02,25.02,24.83,100,3575.0,0.77,-0.72,-0.18,
2026-03-26,PMO,10.19,10.12,10.23,10.12,57600,586021.0,1.08,-0.78,-0.08,0.0
2026-03-26,PMOC,25.17,25.17,25.17,25.17,0,0.0,0.0,-0.36,-0.09,
2026-03-26,PMSE,25.44,25.44,25.44,25.44,0,0.0,0.0,-0.04,-0.01,
2026-03-26,PMT,11.35,11.31,11.38,11.23,738500,8343143.0,1.27,-0.96,-0.11,0.85
2026-03-26,PMTR,10.27,10.28,10.29,10.26,1800,18909.0,0.29,0.0,0.0,0.01
2026-03-26,PMTRW,0.65,0.65,0.65,0.65,100,82.0,0.0,0.0,0.0,0.0
2026-03-26,PMTS,14.02,13.94,14.14,13.54,35600,493689.0,4.29,-0.43,-0.06,0.31
2026-03-26,PMTU,25.25,25.25,25.25,25.25,800,21277.0,0.0,-0.67,-0.17,0.0
2026-03-26,PMTV,25.07,25.07,25.15,25.06,11000,278222.0,0.36,-0.12,-0.03,0.0
2026-03-26,PMTW,25.04,24.94,25.1,24.92,13700,344633.0,0.72,-0.64,-0.16,0.0
2026-03-26,PMVP,1.37,1.35,1.41,1.34,971400,1332744.0,4.77,-1.46,-0.02,1.82
2026-03-26,PN,0.78,0.85,0.92,0.77,354600,301540.0,18.18,3.68,0.03,0.76
2026-03-26,PNBK,1.35,1.29,1.39,1.29,230800,305699.0,7.3,-5.84,-0.08,0.2
2026-03-26,PNC,204.88,205.46,206.63,204.24,1948900,400374048.0,1.16,-0.24,-0.49,0.48
2026-03-26,PNFP,83.9,84.68,84.99,83.63,1409000,119050432.0,1.6,-0.21,-0.18,0.93
2026-03-26,PNI,6.74,6.71,6.87,6.69,53500,361988.0,2.6,-0.59,-0.04,0.0
2026-03-26,PNNT,4.53,4.51,4.65,4.51,682200,3125404.0,3.04,-2.17,-0.1,1.04
2026-03-26,PNOV,41.04,40.71,41.04,40.71,19300,790372.0,0.8,-1.01,-0.41,0.0
2026-03-26,PNQI,44.31,44.1,45.01,44.06,26900,1194595.0,2.12,-1.6,-0.72,0.0
2026-03-26,PNR,87.41,85.93,88.14,85.73,2035100,175739456.0,2.75,-1.92,-1.68,1.26
2026-03-26,PNRG,224.1,227.01,230.0,221.55,22800,5170100.0,3.78,1.58,3.53,1.4
2026-03-26,PNTG,31.01,30.56,31.01,30.21,295800,9053450.0,2.57,-1.77,-0.55,0.85
2026-03-26,PNW,97.74,98.56,98.9,97.26,1298200,127792592.0,1.68,0.88,0.86,1.07
2026-03-26,POAS,1.51,1.55,1.65,1.51,48800,76997.0,9.15,1.31,0.02,0.17
2026-03-26,POCI,4.05,4.21,4.42,4.05,42800,174347.0,8.3,-6.24,-0.28,0.55
2026-03-26,POCT,43.2,42.9,43.22,42.84,30500,1313608.0,0.88,-0.97,-0.42,0.0
2026-03-26,PODC,2.35,2.24,2.39,2.24,19700,45344.0,6.38,-4.68,-0.11,0.07
2026-03-26,PODD,216.0,218.11,221.1,215.62,1040300,227756272.0,2.54,0.98,2.11,1.48
2026-03-26,POET,5.94,5.49,5.94,5.44,9738100,54719172.0,8.2,-10.0,-0.61,6.38
2026-03-26,POLA,1.64,1.63,1.71,1.6,58800,97307.0,6.5,-3.55,-0.06,2.21
2026-03-26,POLE,10.63,10.63,10.63,10.63,38500,409979.0,0.0,-0.19,-0.02,0.13
2026-03-26,POLEW,0.14,0.14,0.14,0.14,100,19.0,0.0,6.46,0.01,0.0
2026-03-26,POM,0.27,0.27,0.32,0.27,112900,31234.0,17.95,-2.21,-0.01,0.1
2026-03-26,PONOU,9.97,9.97,9.98,9.97,100800,1005677.0,0.1,-0.2,-0.02,0.83
2026-03-26,PONX,9.99,7.62,9.99,7.15,299500,2422505.0,26.3,-29.44,-3.18,0.0
2026-03-26,PONY,10.8,9.72,10.89,9.5,14832100,146291392.0,12.17,-14.66,-1.67,3.42
2026-03-26,POOL,201.26,201.04,204.88,198.8,734000,147759296.0,3.01,-0.56,-1.13,2.0
2026-03-26,POR,51.19,51.7,51.96,51.19,787200,40711276.0,1.5,0.88,0.45,0.68
2026-03-26,POST,97.33,95.73,97.51,95.69,717900,69142064.0,1.87,-1.52,-1.48,1.5
2026-03-26,POW,24.93,24.22,24.96,24.22,13000,321513.0,2.93,-4.7,-1.19,0.0
2026-03-26,POWA,86.95,86.01,86.95,86.01,1400,120972.0,1.09,-0.7,-0.61,0.0
2026-03-26,POWI,51.06,50.05,51.98,49.67,1134800,57906780.0,4.43,-3.73,-1.94,2.04
2026-03-26,POWL,574.77,524.39,574.77,521.13,252800,135932224.0,9.18,-10.29,-60.17,2.09
2026-03-26,POWR,26.45,26.13,26.57,26.12,62000,1633485.0,1.69,-2.06,-0.55,0.0
2026-03-26,POWW,2.04,1.98,2.07,1.98,386700,777508.0,4.15,-3.41,-0.07,0.33
2026-03-26,POWWP,24.26,24.64,24.64,24.26,2100,52968.0,1.58,1.58,0.38,0.0
2026-03-26,PPA,169.65,167.54,170.37,167.14,323000,54411968.0,1.88,-2.23,-3.82,0.0
2026-03-26,PPBT,4.0,3.99,4.07,3.85,5700,22486.0,5.31,-3.62,-0.15,0.62
2026-03-26,PPC,35.42,36.13,36.24,35.4,1259100,45417332.0,2.37,2.0,0.71,0.53
2026-03-26,PPCB,0.11,0.11,0.11,0.1,606100,65207.0,10.51,-3.83,-0.0,3.82
2026-03-26,PPEM,18.52,18.4,18.52,18.4,900,16720.0,0.63,-3.18,-0.6,0.0
2026-03-26,PPG,104.85,105.31,107.51,104.71,1756100,185676224.0,2.63,-1.29,-1.38,0.78
2026-03-26,PPH,102.42,101.96,102.96,101.93,70500,7225385.0,1.0,-0.66,-0.68,0.0
2026-03-26,PPHC,12.49,11.79,12.63,11.63,190100,2138982.0,8.06,-5.0,-0.62,0.67
2026-03-26,PPI,20.71,20.53,20.79,20.53,55000,1135296.0,1.22,-1.69,-0.35,0.0
2026-03-26,PPIE,25.22,24.98,25.31,24.98,5900,148866.0,1.3,-2.26,-0.58,0.0
2026-03-26,PPIH,30.5,29.85,31.92,29.64,95400,2900999.0,7.31,-4.23,-1.32,1.18
2026-03-26,PPL,37.18,37.54,37.6,37.02,6593100,247329760.0,1.56,1.02,0.38,0.88
2026-03-26,PPLC,50.47,50.52,50.68,50.4,33600,1700675.0,0.56,0.4,0.2,0.0
2026-03-26,PPLT,169.39,165.46,170.42,164.4,390800,65496572.0,3.43,-5.69,-9.98,0.0
2026-03-26,PPSI,3.26,3.26,3.39,3.25,53800,178141.0,4.34,-2.4,-0.08,0.49
2026-03-26,PPT,3.48,3.47,3.51,3.47,91800,319473.0,1.14,-1.14,-0.04,0.0
2026-03-26,PPTA,25.01,25.25,26.5,25.01,1328900,34069064.0,5.69,-3.44,-0.9,1.07
2026-03-26,PPTY,30.12,29.9,30.12,29.9,2200,67001.0,0.72,-0.0,-0.0,0.0
2026-03-26,PQAP,29.06,29.06,29.06,29.06,0,0.0,0.0,-0.12,-0.04,
2026-03-26,PQDI,19.33,19.21,19.33,19.2,6700,130161.0,0.67,-0.48,-0.09,0.0
2026-03-26,PQJA,28.45,28.13,28.45,28.13,100,4210.0,1.12,-1.53,-0.44,0.0
2026-03-26,PQJL,28.55,28.21,28.55,28.21,200,6216.0,1.19,-1.53,-0.44,0.0
2026-03-26,PQNT,20.67,20.53,20.67,20.53,200,4188.0,0.68,-2.12,-0.45,0.0
2026-03-26,PQOC,27.62,27.62,27.62,27.62,0,0.0,0.0,-1.5,-0.42,
2026-03-26,PQUS,24.14,23.92,24.24,23.92,2900,71516.0,1.28,-2.47,-0.61,0.0
2026-03-26,PR,21.08,21.46,21.69,21.0,12425100,266387680.0,3.28,2.58,0.54,1.49
2026-03-26,PRA,24.76,24.72,24.85,24.71,526600,13030059.0,0.57,-0.12,-0.03,
2026-03-26,PRAA,17.65,17.61,18.07,17.43,255900,4512057.0,3.59,-1.23,-0.22,0.67
2026-03-26,PRAB,25.0,25.0,25.0,24.99,200,6076.0,0.04,-0.16,-0.04,0.0
2026-03-26,PRAE,36.78,36.78,36.78,36.78,0,183.0,0.0,-1.65,-0.62,0.0
2026-03-26,PRAX,311.92,302.69,315.0,300.91,419900,129225832.0,4.52,-2.96,-9.23,1.51
2026-03-26,PRAY,32.25,31.84,32.25,31.84,31500,1012391.0,1.27,-1.73,-0.56,0.0
2026-03-26,PRCH,7.37,7.21,7.53,7.14,835700,6069086.0,5.21,-3.61,-0.27,0.67
2026-03-26,PRCS,25.16,24.87,25.41,24.85,91700,2290249.0,2.22,-1.48,-0.37,0.0
2026-03-26,PRCT,24.85,25.07,25.81,24.65,1372900,34596444.0,4.65,0.52,0.13,2.43
2026-03-26,PRDO,37.51,37.89,38.5,37.51,757500,28761290.0,2.61,0.08,0.03,1.21
2026-03-26,PRE,21.14,21.32,22.04,20.97,160100,3434974.0,4.96,-1.11,-0.24,0.95
2026-03-26,PREF,18.87,18.71,18.89,18.7,525000,9869367.0,1.01,-1.02,-0.19,0.0
2026-03-26,PRENW,0.02,0.02,0.02,0.02,25000,450.0,0.0,-10.0,-0.0,0.0
2026-03-26,PRF,47.43,47.24,47.77,47.22,468900,22267264.0,1.15,-0.96,-0.46,0.0
2026-03-26,PRFD,50.69,50.61,50.74,50.58,4700,241292.0,0.31,-0.42,-0.22,0.0
2026-03-26,PRFX,2.24,2.36,2.43,2.2,45000,102717.0,10.36,6.31,0.14,5.76
2026-03-26,PRFZ,45.87,45.83,46.59,45.78,66800,3083770.0,1.74,-1.32,-0.61,0.0
2026-03-26,PRG,28.75,29.02,29.58,28.34,491600,14213494.0,4.28,0.1,0.03,1.23
2026-03-26,PRGO,9.61,9.38,10.04,9.38,3113900,29712948.0,6.86,-3.2,-0.31,2.26
2026-03-26,PRGS,27.1,29.17,29.18,27.0,1270800,36559716.0,7.99,6.73,1.84,3.02
2026-03-26,PRH,23.91,23.89,24.07,23.8,22500,538257.0,1.12,-0.75,-0.18,0.0
2026-03-26,PRHI,0.65,0.61,0.66,0.6,16900,10849.0,9.08,1.21,0.01,0.14
2026-03-26,PRHIZ,17.51,17.51,17.51,17.51,0,726.0,0.0,0.0,0.0,0.0
2026-03-26,PRI,249.85,253.69,255.74,249.85,152100,38560384.0,2.34,0.71,1.8,0.48
2026-03-26,PRIM,146.99,140.6,148.48,139.5,609400,86950144.0,6.01,-5.89,-8.8,1.12
2026-03-26,PRIV,25.09,25.05,25.17,25.03,4600,116163.0,0.55,-0.43,-0.11,0.0
2026-03-26,PRK,156.07,159.93,160.46,156.07,71500,11348186.0,2.79,1.54,2.43,0.4
2026-03-26,PRKS,31.46,31.0,32.28,30.58,1819000,56685436.0,5.45,-0.7,-0.22,3.74
2026-03-26,PRLB,58.79,58.11,59.46,57.53,151700,8834144.0,3.23,-2.86,-1.71,0.64
2026-03-26,PRLD,3.2,3.24,3.31,3.12,72300,232528.0,5.89,-0.61,-0.02,0.11
2026-03-26,PRM,21.65,21.44,21.91,21.23,894000,19217814.0,3.12,-1.61,-0.35,0.55
2026-03-26,PRMB,18.35,17.88,18.87,17.83,4827600,87361168.0,5.67,-2.93,-0.54,1.33
2026-03-26,PRME,3.56,3.64,3.84,3.56,1807600,6665805.0,7.58,0.28,0.01,1.0
2026-03-26,PRMR,23.45,23.21,23.52,23.21,5100,121302.0,1.32,-1.66,-0.39,0.0
2026-03-26,PRN,200.72,194.51,201.19,194.51,20400,4058093.0,3.27,-4.81,-9.82,0.0
2026-03-26,PRNT,20.67,20.73,21.05,20.67,8600,180201.0,1.81,-1.37,-0.29,0.0
2026-03-26,PROF,5.68,6.3,6.7,5.68,1148500,7481262.0,17.53,8.25,0.48,3.16
2026-03-26,PROK,1.81,1.77,1.84,1.72,878600,1545941.0,6.56,-3.28,-0.06,
2026-03-26,PROP,1.91,2.04,2.2,1.88,12178300,25384432.0,17.88,13.97,0.25,20.42
2026-03-26,PROV,16.01,16.08,16.2,16.0,9400,152230.0,1.24,-0.4,-0.07,0.15
2026-03-26,PRPL,0.6,0.62,0.63,0.59,334700,205665.0,6.55,6.98,0.04,0.31
2026-03-26,PRPO,27.12,26.54,27.66,26.54,65400,1784104.0,4.11,-2.57,-0.7,3.74
2026-03-26,PRQR,1.57,1.5,1.57,1.48,226900,342504.0,5.7,-5.06,-0.08,0.22
2026-03-26,PRS,23.13,23.09,23.4,23.02,30500,706049.0,1.63,-0.65,-0.15,0.0
2026-03-26,PRSD,25.02,24.97,25.02,24.97,1500,38950.0,0.2,-0.2,-0.05,0.0
2026-03-26,PRSO,1.1,1.05,1.11,1.03,680400,726181.0,7.08,-7.08,-0.08,7.31
2026-03-26,PRSU,36.3,36.34,37.03,35.85,243800,8858672.0,3.23,-0.49,-0.18,0.87
2026-03-26,PRT,3.3,3.3,3.42,3.3,50700,169965.0,3.64,0.0,0.0,0.42
2026-03-26,PRTA,9.19,9.52,9.68,9.16,452700,4299546.0,5.61,2.26,0.21,0.84
2026-03-26,PRTC,15.96,15.75,15.96,15.75,1100,18083.0,1.32,-1.01,-0.16,0.0
2026-03-26,PRTH,4.7,4.81,4.82,4.68,167500,799283.0,3.08,2.12,0.1,0.2
2026-03-26,PRTO,25.26,24.89,25.26,24.89,13900,349284.0,1.45,-1.63,-0.41,0.0
2026-03-26,PRTS,0.84,0.82,0.86,0.82,409900,341445.0,5.01,-2.07,-0.02,0.58
2026-03-26,PRU,95.44,95.27,96.47,94.42,1932300,184198816.0,2.16,0.01,0.01,0.56
2026-03-26,PRVA,20.39,20.18,20.64,20.06,762800,15439197.0,2.82,-1.75,-0.36,0.62
2026-03-26,PRVS,27.82,27.46,27.84,27.42,4800,133522.0,1.5,-1.75,-0.49,0.0
2026-03-26,PRXG,33.16,32.53,33.16,32.53,6800,225645.0,1.89,-2.48,-0.83,0.0
2026-03-26,PRXV,31.29,31.03,31.29,31.03,2700,84435.0,0.83,-0.74,-0.23,
2026-03-26,PRZO,0.85,0.82,0.9,0.8,1063600,890480.0,11.22,-6.1,-0.05,4.32
2026-03-26,PSA,266.46,268.01,272.32,266.46,1399600,377559552.0,2.19,0.14,0.38,0.8
2026-03-26,PSBD,10.59,10.59,10.88,10.48,43900,468837.0,3.75,0.67,0.07,0.14
2026-03-26,PSC,57.78,57.16,58.12,57.08,151000,8715900.0,1.79,-1.69,-0.98,0.0
2026-03-26,PSCC,31.6,31.5,31.89,31.5,7700,244289.0,1.24,-0.36,-0.12,0.0
2026-03-26,PSCD,102.17,102.53,102.53,102.17,200,29543.0,0.35,-1.14,-1.18,0.0
2026-03-26,PSCE,61.61,62.36,62.85,61.61,40800,2551333.0,2.01,1.22,0.75,0.0
2026-03-26,PSCF,56.62,56.62,56.62,56.62,200,16382.0,0.0,0.01,0.01,0.0
2026-03-26,PSCH,40.13,40.23,40.72,40.13,4200,169961.0,1.45,-1.02,-0.41,0.0
2026-03-26,PSCI,154.56,153.01,156.0,152.62,4900,771411.0,2.16,-2.39,-3.75,0.0
2026-03-26,PSCJ,29.56,29.52,29.56,29.52,600,20169.0,0.14,-0.98,-0.29,0.0
2026-03-26,PSCM,96.5,96.31,97.07,96.29,800,79889.0,0.81,-0.96,-0.93,0.0
2026-03-26,PSCQ,28.78,28.78,28.78,28.78,0,0.0,0.0,-0.91,-0.26,
2026-03-26,PSCT,61.8,60.9,62.64,60.88,9700,599031.0,2.8,-3.01,-1.89,0.0
2026-03-26,PSCU,59.88,59.52,59.88,59.52,500,30000.0,0.61,-0.08,-0.05,0.0
2026-03-26,PSCW,28.27,28.22,28.27,28.2,200,5643.0,0.25,-0.43,-0.12,0.0
2026-03-26,PSCX,30.39,30.28,30.41,30.28,21300,648714.0,0.42,-1.05,-0.32,0.0
2026-03-26,PSDM,51.13,50.99,51.13,50.98,25900,1325876.0,0.29,-0.2,-0.1,0.0
2026-03-26,PSEC,2.6,2.55,2.63,2.55,5220500,13551639.0,3.08,-1.92,-0.05,1.07
2026-03-26,PSEP,43.17,42.86,43.17,42.85,11800,507592.0,0.74,-0.94,-0.41,0.0
2026-03-26,PSET,70.27,69.23,70.27,69.23,3200,230306.0,1.49,-1.45,-1.02,0.0
2026-03-26,PSF,19.35,19.36,19.5,19.35,49600,964201.0,0.79,-0.77,-0.15,0.0
2026-03-26,PSFD,36.31,36.31,36.31,36.31,100,5485.0,0.0,-1.14,-0.42,0.0
2026-03-26,PSFE,6.8,6.88,6.97,6.79,192100,1320263.0,2.69,0.15,0.01,0.37
2026-03-26,PSFF,31.98,31.75,32.07,31.75,137700,4385091.0,1.0,-0.84,-0.27,0.0
2026-03-26,PSFJ,32.66,32.49,32.66,32.49,200,7185.0,0.52,-1.03,-0.34,0.0
2026-03-26,PSFM,32.19,32.19,32.19,32.19,0,0.0,0.0,-0.2,-0.06,
2026-03-26,PSFO,31.68,31.49,31.68,31.49,200,6297.0,0.6,-1.14,-0.36,0.0
2026-03-26,PSH,49.87,49.72,49.87,49.66,16000,797469.0,0.42,-0.28,-0.14,0.0
2026-03-26,PSHG,1.98,1.91,2.07,1.89,145900,286204.0,9.22,-4.02,-0.08,1.17
2026-03-26,PSI,98.56,94.75,98.56,94.65,213700,20762276.0,3.88,-5.88,-5.92,0.0
2026-03-26,PSIG,5.45,5.7,5.91,5.4,164900,920262.0,9.57,7.34,0.39,1.91
2026-03-26,PSIL,16.68,16.58,16.98,16.58,2300,40393.0,2.37,-1.58,-0.27,0.0
2026-03-26,PSIX,62.95,58.95,63.88,58.65,563600,34282756.0,8.05,-9.22,-5.99,2.45
2026-03-26,PSK,31.25,31.04,31.25,31.02,51700,1608934.0,0.74,-0.8,-0.25,
2026-03-26,PSKY,9.16,8.88,9.25,8.86,10668000,95821088.0,4.23,-3.79,-0.35,0.96
2026-03-26,PSL,108.37,107.74,108.47,107.71,1100,127577.0,0.7,-0.28,-0.3,0.0
2026-03-26,PSLV,22.23,21.58,22.59,21.49,15241900,334618880.0,4.71,-7.58,-1.77,0.0
2026-03-26,PSMD,31.74,31.74,31.74,31.74,0,3083.0,0.0,-0.81,-0.26,0.0
2026-03-26,PSMJ,31.9,31.72,31.9,31.7,900,29177.0,0.63,-0.8,-0.26,0.0
2026-03-26,PSMO,30.03,30.03,30.03,30.03,0,0.0,0.0,-0.61,-0.19,
2026-03-26,PSMR,30.16,30.16,30.16,30.16,0,0.0,0.0,0.02,0.01,
2026-03-26,PSMT,145.5,146.43,147.81,144.21,194500,28391886.0,2.45,-0.51,-0.75,0.63
2026-03-26,PSN,53.55,53.62,54.55,52.65,1132400,60605288.0,3.53,-0.41,-0.22,1.06
2026-03-26,PSNL,7.52,7.32,7.79,7.31,1373900,10333066.0,6.26,-4.94,-0.38,1.31
2026-03-26,PSNY,16.8,17.07,17.48,16.69,95200,1619894.0,4.6,0.12,0.02,0.11
2026-03-26,PSNYW,5.5,5.22,5.5,5.21,2400,13089.0,5.47,-1.51,-0.08,0.0
2026-03-26,PSO,12.8,12.76,12.94,12.76,955300,12263536.0,1.37,-0.39,-0.05,
2026-03-26,PSP,55.51,55.32,56.4,55.28,51000,2845689.0,1.99,-2.0,-1.13,0.0
2026-03-26,PSQ,31.93,32.4,32.42,31.82,11642600,373892032.0,1.9,2.4,0.76,0.0
2026-03-26,PSQA,20.41,20.39,20.45,20.37,56300,1150121.0,0.39,-0.34,-0.07,0.0
2026-03-26,PSQH,0.6,0.57,0.63,0.56,395100,231946.0,11.0,-7.13,-0.04,0.76
2026-03-26,PSQO,20.46,20.5,20.58,20.46,64500,1323440.0,0.58,-0.26,-0.05,0.0
2026-03-26,PSR,91.96,91.52,91.96,91.44,2100,192801.0,0.57,-0.23,-0.21,0.0
2026-03-26,PST,22.66,22.84,22.85,22.61,26700,609757.0,1.07,1.56,0.35,0.0
2026-03-26,PSTG,64.16,62.04,64.76,62.01,1914900,120265896.0,4.2,-5.24,-3.43,0.58
2026-03-26,PSTL,18.05,18.38,18.5,18.05,237300,4354665.0,2.47,0.93,0.17,0.86
2026-03-26,PSTP,34.59,34.38,34.61,34.28,17400,601215.0,0.95,-0.97,-0.34,0.0
2026-03-26,PSTR,27.95,27.8,27.95,27.8,700,22004.0,0.53,-1.58,-0.45,0.0
2026-03-26,PSTV,0.24,0.24,0.25,0.24,2107600,508403.0,3.94,-1.22,-0.0,1.23
2026-03-26,PSWD,30.7,30.25,30.7,30.25,800,25917.0,1.51,-0.66,-0.2,0.0
2026-03-26,PSX,181.36,184.01,187.57,181.31,3276000,605522368.0,3.45,1.5,2.72,0.82
2026-03-26,PTA,18.88,18.61,18.92,18.61,100000,1879257.0,1.64,-1.43,-0.27,0.0
2026-03-26,PTBD,18.8,18.74,18.83,18.73,8700,163491.0,0.51,-0.93,-0.17,0.0
2026-03-26,PTC,143.25,144.01,147.16,142.71,1298200,188316560.0,3.11,0.31,0.45,1.09
2026-03-26,PTCT,65.85,67.0,67.85,65.75,659200,44261556.0,3.15,0.37,0.25,0.8
2026-03-26,PTEN,10.95,11.26,11.35,10.94,6666100,74700864.0,3.75,3.02,0.33,1.76
2026-03-26,PTEU,29.69,29.17,29.69,29.17,1100,34982.0,1.73,-2.13,-0.63,0.0
2026-03-26,PTF,91.04,86.76,91.04,86.75,56700,5032895.0,4.61,-6.78,-6.31,0.0
2026-03-26,PTGX,103.25,102.17,105.69,102.01,1045200,108202648.0,3.53,-2.05,-2.14,1.64
2026-03-26,PTH,47.94,48.19,48.56,47.94,2100,104297.0,1.29,0.87,0.42,0.0
2026-03-26,PTHS,22.21,22.74,22.74,20.96,7900,171897.0,8.06,2.94,0.65,0.24
2026-03-26,PTIN,32.2,31.99,32.57,31.96,18000,578167.0,1.87,-2.16,-0.7,0.0
2026-03-26,PTIR,18.07,16.79,18.08,16.71,4865900,84383424.0,7.37,-9.63,-1.79,0.0
2026-03-26,PTL,251.94,249.99,253.45,249.92,20800,5244593.0,1.39,-1.83,-4.66,0.0
2026-03-26,PTLC,53.18,52.68,53.44,52.66,165300,8767615.0,1.45,-1.75,-0.94,0.0
2026-03-26,PTLE,5.57,4.96,5.78,4.68,98900,516784.0,19.73,-10.63,-0.59,1.57
2026-03-26,PTLO,5.39,5.38,5.55,5.32,1019800,5521471.0,4.34,-0.74,-0.04,1.35
2026-03-26,PTMC,36.62,36.43,36.94,36.41,27500,1007388.0,1.43,-1.41,-0.52,0.0
2026-03-26,PTN,20.45,20.65,21.41,20.45,5800,123383.0,4.55,-1.67,-0.35,0.33
2026-03-26,PTNQ,74.68,73.45,74.81,73.4,31600,2344470.0,1.87,-2.33,-1.75,0.0
2026-03-26,PTON,4.03,4.07,4.13,3.95,9496900,38474416.0,4.4,-0.49,-0.02,2.23
2026-03-26,PTOR,9.79,9.8,9.8,9.79,14800,143718.0,0.1,0.0,0.0,
2026-03-26,PTORU,9.9,9.9,9.9,9.9,2600,26433.0,0.0,-0.05,-0.01,0.01
2026-03-26,PTORW,0.29,0.29,0.29,0.29,5100,1479.0,0.0,0.0,0.0,0.0
2026-03-26,PTRB,41.52,41.39,41.56,41.38,192900,8007592.0,0.44,-0.74,-0.31,0.0
2026-03-26,PTRN,12.56,12.48,13.12,12.41,540400,6823025.0,5.56,-2.19,-0.28,0.31
2026-03-26,PTY,11.88,11.77,11.94,11.77,1355900,16062246.0,1.42,-1.34,-0.16,0.0
2026-03-26,PUBM,8.02,8.31,8.42,8.02,783400,6529490.0,4.93,2.47,0.2,1.65
2026-03-26,PUI,46.81,46.66,46.91,46.66,3400,161308.0,0.54,-0.2,-0.1,0.0
2026-03-26,PUK,29.27,28.92,29.52,28.88,658900,19211450.0,2.16,-2.53,-0.75,0.05
2026-03-26,PULM,1.56,1.51,1.66,1.41,808200,1393518.0,11.79,-28.77,-0.61,22.13
2026-03-26,PULS,49.65,49.63,49.66,49.63,3111200,154444384.0,0.06,-0.04,-0.02,0.0
2026-03-26,PULT,50.42,50.4,50.43,50.4,10800,546502.0,0.05,-0.01,-0.01,0.0
2026-03-26,PUMP,14.56,14.67,15.06,14.5,2928100,43267712.0,3.88,0.82,0.12,2.4
2026-03-26,PURR,5.25,4.88,5.51,4.84,5699500,28688622.0,12.62,-7.4,-0.39,4.6
2026-03-26,PUSH,50.45,50.45,50.45,50.44,24900,1260242.0,0.03,0.02,0.01,0.0
2026-03-26,PVAL,46.31,46.16,46.58,46.11,1208700,55944604.0,1.02,-0.8,-0.37,0.0
2026-03-26,PVEX,27.42,27.17,27.42,27.17,11000,300714.0,0.89,-1.43,-0.4,0.0
2026-03-26,PVH,67.18,66.45,68.97,66.43,977700,65426072.0,3.79,-0.94,-0.63,2.13
2026-03-26,PVI,24.76,24.83,24.91,24.76,18500,459986.0,0.6,-0.04,-0.01,0.0
2026-03-26,PVL,1.88,1.86,1.89,1.85,18900,35529.0,2.36,1.09,0.02,0.06
2026-03-26,PVLA,117.57,117.61,118.82,113.99,195800,23140832.0,4.01,-2.31,-2.78,1.46
2026-03-26,PW,0.85,0.83,0.89,0.81,18900,16104.0,9.16,-2.35,-0.02,0.56
2026-03-26,PWB,128.29,125.39,128.35,125.37,58900,7470136.0,2.29,-3.48,-4.52,0.0
2026-03-26,PWER,39.36,39.36,39.36,39.36,300,15679.0,0.0,-1.19,-0.47,0.0
2026-03-26,PWP,17.3,17.5,17.76,17.03,366800,6430389.0,4.16,0.4,0.07,0.4
2026-03-26,PWR,563.22,545.64,567.3,544.85,1265500,698239616.0,3.91,-4.86,-27.86,0.85
2026-03-26,PWRD,100.26,97.31,100.26,97.27,83500,8216521.0,2.94,-4.22,-4.29,0.03
2026-03-26,PWS,31.84,31.71,31.87,31.64,14100,448317.0,0.72,-0.69,-0.22,0.0
2026-03-26,PWV,69.15,69.18,69.56,69.12,79300,5500096.0,0.63,-0.14,-0.1,0.0
2026-03-26,PWZ,23.76,23.66,23.76,23.64,510000,12087993.0,0.51,-0.42,-0.1,0.0
2026-03-26,PXE,39.01,39.67,40.03,39.01,48200,1917002.0,2.63,2.21,0.86,0.0
2026-03-26,PXED,31.2,30.64,32.44,30.58,106600,3227933.0,5.86,-3.25,-1.03,0.3
2026-03-26,PXF,68.61,67.89,69.06,67.89,60000,4104845.0,1.69,-2.07,-1.44,0.0
2026-03-26,PXH,26.4,26.18,26.55,26.16,403000,10616992.0,1.46,-2.06,-0.55,0.0
2026-03-26,PXI,60.2,60.82,61.19,60.2,8400,514974.0,1.65,1.4,0.84,0.0
2026-03-26,PXJ,41.89,41.95,42.34,41.83,22300,939396.0,1.23,0.5,0.21,0.0
2026-03-26,PXLW,5.47,5.25,5.75,5.25,94700,524195.0,9.14,-4.02,-0.22,1.49
2026-03-26,PXS,4.44,4.46,4.57,4.36,28300,126537.0,4.65,0.68,0.03,0.27
2026-03-26,PY,51.68,51.28,51.83,51.21,11400,591816.0,1.21,-0.28,-0.15,0.0
2026-03-26,PYLD,26.17,26.08,26.21,26.07,4238800,110794176.0,0.53,-0.52,-0.13,0.0
2026-03-26,PYPD,4.35,4.32,4.47,4.26,49300,216143.0,4.9,0.7,0.03,0.26
2026-03-26,PYPG,5.76,5.94,6.14,5.76,1205500,7246545.0,6.5,1.47,0.09,0.0
2026-03-26,PYPL,44.48,45.2,45.97,44.47,14613000,662079040.0,3.35,0.78,0.35,1.59
2026-03-26,PYPU,26.1,26.1,26.1,26.1,0,1459.0,0.0,1.56,0.4,0.0
2026-03-26,PYPY,28.76,28.94,29.22,28.76,3700,107560.0,1.58,-0.45,-0.13,0.0
2026-03-26,PYT,23.39,23.4,23.4,23.39,1400,34015.0,0.04,-0.43,-0.1,0.0
2026-03-26,PYXS,1.42,1.39,1.45,1.37,180500,251862.0,5.94,-2.8,-0.04,0.29
2026-03-26,PYZ,116.05,114.96,116.26,114.72,1400,168484.0,1.31,-2.19,-2.58,0.0
2026-03-26,PZA,22.84,22.78,22.89,22.78,1202300,27429396.0,0.48,-0.31,-0.07,0.0
2026-03-26,PZG,1.59,1.52,1.61,1.51,707300,1100944.0,5.9,-5.59,-0.09,0.84
2026-03-26,PZT,22.01,21.97,22.02,21.89,7900,174575.0,0.59,-0.0,-0.0,0.0
2026-03-26,PZZA,33.2,32.64,33.78,32.54,681800,22533078.0,3.73,-1.45,-0.48,2.07
2026-03-26,Q,117.1,112.78,118.97,112.19,1603100,182968512.0,5.64,-6.22,-7.48,0.76
2026-03-26,QABA,57.44,57.72,57.79,57.44,6300,364898.0,0.6,-0.39,-0.22,0.0
2026-03-26,QAI,34.02,33.82,34.09,33.82,41800,1420101.0,0.79,-0.97,-0.33,0.0
2026-03-26,QALT,25.31,25.36,25.39,25.31,13600,345831.0,0.32,-0.02,-0.0,0.0
2026-03-26,QARP,58.92,58.54,58.92,58.54,700,42833.0,0.63,-1.48,-0.88,0.0
2026-03-26,QAT,18.22,18.34,18.52,18.15,135800,2484363.0,2.04,-0.44,-0.08,0.0
2026-03-26,QB,42.8,42.8,42.8,42.8,0,129.0,0.0,-0.69,-0.3,0.0
2026-03-26,QBER,24.13,24.2,24.2,24.04,18500,447709.0,0.67,0.83,0.2,0.0
2026-03-26,QBF,17.43,17.3,17.43,17.26,3600,63901.0,0.99,-1.7,-0.3,0.0
2026-03-26,QBIG,34.41,33.76,34.41,33.76,5300,181105.0,1.89,-2.39,-0.83,0.0
2026-03-26,QBSF,26.12,26.16,26.2,26.12,2300,60927.0,0.31,-0.04,-0.01,0.0
2026-03-26,QBTS,15.78,14.65,15.83,14.57,20256300,304122560.0,7.8,-9.51,-1.54,5.52
2026-03-26,QBTX,9.75,8.37,9.76,8.23,1522600,13255291.0,14.86,-18.42,-1.89,0.0
2026-03-26,QBTZ,45.13,50.9,51.25,45.13,131600,6070672.0,14.25,18.52,7.95,0.0
2026-03-26,QBUF,29.14,29.14,29.22,29.14,15300,447482.0,0.29,-0.19,-0.06,0.0
2026-03-26,QBUL,23.64,23.58,23.64,23.54,2200,51912.0,0.42,-0.27,-0.06,0.0
2026-03-26,QBY,10.15,9.95,10.17,9.95,5400,54852.0,2.18,-3.22,-0.33,0.0
2026-03-26,QCAP,23.92,23.93,23.94,23.92,500,13065.0,0.08,-0.17,-0.04,0.0
2026-03-26,QCJA,21.62,21.51,21.67,21.51,68300,1472656.0,0.74,-1.02,-0.22,0.0
2026-03-26,QCJL,23.39,23.32,23.39,23.32,6900,162238.0,0.28,-0.96,-0.23,0.0
2026-03-26,QCLN,47.34,45.89,47.67,45.89,40900,1923148.0,3.68,-5.06,-2.45,0.0
2026-03-26,QCLR,26.47,26.46,26.47,26.46,100,4529.0,0.03,-1.26,-0.34,0.0
2026-03-26,QCLS,3.73,3.53,3.85,3.5,375500,1355238.0,9.21,-7.11,-0.27,4.79
2026-03-26,QCMD,27.86,27.86,27.86,27.86,500,14989.0,0.0,-0.17,-0.05,0.0
2026-03-26,QCML,11.73,12.02,12.34,11.64,52500,603673.0,5.85,0.7,0.08,0.0
2026-03-26,QCMU,14.95,15.0,15.35,14.95,18200,273178.0,2.68,0.38,0.06,0.0
2026-03-26,QCOC,22.07,21.9,22.07,21.9,7700,170814.0,0.74,-1.2,-0.27,0.0
2026-03-26,QCOM,128.79,130.54,132.34,128.31,11912500,1560274688.0,3.09,0.15,0.19,1.12
2026-03-26,QCRH,83.45,84.36,84.54,83.43,55700,4689377.0,1.33,0.55,0.46,0.33
2026-03-26,QDEC,31.56,31.23,31.58,31.23,58200,1831376.0,1.1,-1.61,-0.51,0.0
2026-03-26,QDEF,79.53,79.23,80.0,79.19,6200,497531.0,1.01,-0.78,-0.62,0.0
2026-03-26,QDEL,15.75,15.6,16.28,15.51,1612000,25383858.0,4.84,-2.56,-0.41,2.37
2026-03-26,QDF,79.22,78.64,79.62,78.58,43900,3469352.0,1.31,-1.27,-1.01,0.0
2026-03-26,QDIV,36.86,36.76,36.86,36.76,400,16296.0,0.26,0.3,0.11,0.0
2026-03-26,QDPL,40.41,40.08,40.62,40.04,183400,7382384.0,1.42,-2.11,-0.87,0.0
2026-03-26,QDTE,27.98,27.59,28.08,27.57,831400,23160468.0,1.8,-2.72,-0.77,0.0
2026-03-26,QDTY,38.0,37.43,38.03,37.42,28300,1069033.0,1.59,-2.17,-0.83,0.0
2026-03-26,QDVO,26.97,26.7,27.1,26.67,226100,6081164.0,1.58,-1.95,-0.53,0.0
2026-03-26,QEFA,91.69,91.0,92.11,90.95,19700,1806396.0,1.25,-1.63,-1.51,0.0
2026-03-26,QEMM,68.51,67.85,69.14,67.85,7700,531416.0,1.86,-2.49,-1.74,0.0
2026-03-26,QETA,11.31,11.5,11.5,11.31,1100,13261.0,1.65,0.0,0.0,0.03
2026-03-26,QETH,20.67,20.37,20.81,20.29,41600,851413.0,2.41,-5.74,-1.24,0.0
2026-03-26,QEW,24.66,24.34,24.74,24.33,23700,584328.0,1.66,-1.23,-0.3,0.0
2026-03-26,QFHD,26.06,26.06,26.06,26.06,0,52.0,0.0,0.83,0.22,0.0
2026-03-26,QFIN,13.0,12.86,13.11,12.67,1452200,18623770.0,3.35,-1.98,-0.26,1.19
2026-03-26,QFLR,33.77,33.24,33.77,33.15,38600,1290648.0,1.84,-1.54,-0.52,0.0
2026-03-26,QFRD,23.05,23.05,23.05,23.05,0,115.0,0.0,-1.21,-0.28,
2026-03-26,QGEN,40.09,39.71,40.92,39.67,1109500,44669504.0,3.08,-2.26,-0.92,0.54
2026-03-26,QGRD,25.36,25.43,25.63,25.36,4800,123594.0,1.05,-1.33,-0.34,0.0
2026-03-26,QGRO,106.27,104.32,106.36,104.28,203000,21346716.0,1.94,-2.75,-2.95,0.0
2026-03-26,QGRW,54.0,52.88,54.12,52.87,219900,11728063.0,2.3,-3.1,-1.69,0.0
2026-03-26,QH,0.1,0.1,0.1,0.09,110200,10530.0,6.37,-5.2,-0.01,0.44
2026-03-26,QHDG,28.5,28.45,28.5,28.45,8700,248834.0,0.16,-1.16,-0.34,0.0
2026-03-26,QHY,45.29,45.01,45.31,44.95,43300,1951512.0,0.79,-1.34,-0.61,0.0
2026-03-26,QID,22.35,23.02,23.04,22.2,15868400,357745248.0,3.82,4.83,1.06,0.0
2026-03-26,QIDX,10.74,10.67,10.74,10.67,3400,36859.0,0.61,-1.08,-0.12,0.0
2026-03-26,QIG,44.15,43.99,44.15,43.99,300,14904.0,0.35,-1.1,-0.49,0.0
2026-03-26,QINT,64.33,63.72,64.55,63.6,49300,3157394.0,1.47,-1.74,-1.13,0.0
2026-03-26,QIS,12.35,12.2,12.35,12.2,1400,17459.0,1.27,0.63,0.08,0.0
2026-03-26,QJUN,31.37,31.11,31.44,31.1,8300,262517.0,1.08,-1.46,-0.46,0.0
2026-03-26,QLC,78.17,77.43,78.63,77.43,90000,7049157.0,1.52,-1.75,-1.38,0.0
2026-03-26,QLD,62.33,60.43,62.76,60.36,5020800,308713952.0,3.78,-4.73,-3.0,0.0
2026-03-26,QLDY,39.75,39.04,39.88,39.03,30000,1185278.0,2.12,-2.74,-1.1,0.0
2026-03-26,QLTA,47.31,47.17,47.42,47.17,424100,20033080.0,0.54,-0.65,-0.31,0.0
2026-03-26,QLTI,24.85,24.5,24.94,24.5,13600,337131.0,1.76,-1.99,-0.5,0.0
2026-03-26,QLTY,36.3,35.97,36.5,35.94,818800,29580644.0,1.52,-1.69,-0.62,0.0
2026-03-26,QLV,71.69,71.22,71.74,71.18,109500,7852136.0,0.78,-0.39,-0.28,0.0
2026-03-26,QLVD,32.06,32.06,32.06,32.06,0,1933.0,0.0,-1.19,-0.38,0.0
2026-03-26,QLVE,29.06,29.06,29.06,29.06,0,116.0,0.0,-2.75,-0.82,0.0
2026-03-26,QLYS,89.37,91.11,92.54,89.0,432500,39459116.0,3.94,1.35,1.21,1.21
2026-03-26,QMAG,23.3,23.02,23.3,23.02,5300,122455.0,1.2,-1.42,-0.33,0.0
2026-03-26,QMAR,33.65,33.34,33.77,33.33,44100,1481752.0,1.3,-1.62,-0.55,0.0
2026-03-26,QMCO,5.42,5.22,5.76,5.17,346000,1873471.0,10.42,-7.77,-0.44,2.36
2026-03-26,QMFE,22.28,22.09,22.28,22.09,18300,406162.0,0.85,-1.12,-0.25,0.0
2026-03-26,QMID,26.81,26.85,26.85,26.81,500,13657.0,0.15,-1.55,-0.42,0.0
2026-03-26,QMMY,24.95,24.71,24.95,24.71,800,20341.0,0.96,-1.21,-0.3,0.0
2026-03-26,QMNV,22.9,22.67,22.9,22.67,6400,147326.0,0.99,-1.34,-0.31,0.0
2026-03-26,QMOM,68.76,67.07,68.93,67.07,10000,680132.0,2.66,-3.96,-2.77,0.0
2026-03-26,QNC,2.19,2.14,2.38,2.12,354000,780272.0,11.14,-6.55,-0.15,0.16
2026-03-26,QNCX,0.09,0.09,0.1,0.09,15398400,1480931.0,12.06,-7.75,-0.01,27.65
2026-03-26,QNRX,9.33,7.57,9.33,7.31,180500,1522468.0,21.79,-18.39,-1.71,10.01
2026-03-26,QNST,12.22,12.11,12.52,12.11,593800,7247594.0,3.37,-1.54,-0.19,1.04
2026-03-26,QNTM,4.2,3.83,4.41,3.6,281100,1104698.0,18.54,-11.95,-0.52,7.32
2026-03-26,QNXT,26.51,26.18,26.51,26.18,200,6073.0,1.26,-0.97,-0.26,0.0
2026-03-26,QOWZ,31.37,31.35,31.39,31.34,800,27724.0,0.16,-1.3,-0.41,0.0
2026-03-26,QPUX,17.58,16.47,17.87,16.23,54100,921800.0,8.89,-10.97,-2.03,0.0
2026-03-26,QPX,42.33,41.87,42.33,41.83,1300,57982.0,1.17,-1.92,-0.82,0.0
2026-03-26,QQA,50.36,49.64,50.62,49.58,127400,6365470.0,2.07,-1.9,-0.96,0.0
2026-03-26,QQDN,31.96,32.83,32.84,31.82,900,30736.0,3.25,4.74,1.48,0.0
2026-03-26,QQEW,127.3,126.88,129.25,126.86,54600,6994267.0,1.86,-1.43,-1.84,0.0
2026-03-26,QQH,70.8,70.12,70.93,70.08,51700,3649510.0,1.19,-1.61,-1.15,0.0
2026-03-26,QQHG,58.19,58.19,58.19,58.19,0,2217.0,0.0,-1.29,-0.76,0.0
2026-03-26,QQLV,23.95,23.81,23.95,23.81,800,20931.0,0.61,-0.13,-0.03,0.0
2026-03-26,QQMG,39.89,39.3,40.01,39.3,22700,901104.0,1.76,-2.4,-0.97,0.0
2026-03-26,QQQ,582.6,573.79,584.63,573.43,81492100,47193432064.0,1.91,-2.39,-14.03,0.0
2026-03-26,QQQA,51.44,50.38,51.64,50.38,2700,139221.0,2.39,-4.61,-2.43,0.0
2026-03-26,QQQD,14.72,15.0,15.01,14.63,337100,5012242.0,2.62,3.23,0.47,0.0
2026-03-26,QQQE,98.9,98.29,99.79,98.22,211100,20888706.0,1.57,-1.22,-1.21,0.0
2026-03-26,QQQG,22.57,22.46,22.57,22.46,1000,22727.0,0.45,-2.93,-0.68,0.0
2026-03-26,QQQH,51.6,51.11,51.7,51.08,50900,2620418.0,1.2,-1.43,-0.74,0.0
2026-03-26,QQQI,50.15,49.42,50.31,49.38,6449900,321685536.0,1.83,-2.27,-1.15,0.0
2026-03-26,QQQJ,36.48,36.0,36.83,35.99,132600,4831750.0,2.26,-2.68,-0.99,0.0
2026-03-26,QQQM,239.85,236.21,240.68,236.09,4667700,1111328896.0,1.9,-2.38,-5.77,0.0
2026-03-26,QQQP,151.72,149.86,151.72,149.86,100,29471.0,1.18,-5.02,-7.92,0.0
2026-03-26,QQQS,34.12,33.85,34.65,33.85,2100,73683.0,2.3,-2.1,-0.73,0.0
2026-03-26,QQQT,15.99,15.74,16.01,15.61,22800,362121.0,2.49,-2.21,-0.36,0.0
2026-03-26,QQQU,43.33,41.28,43.35,41.17,94300,3962396.0,4.93,-6.35,-2.8,0.0
2026-03-26,QQQX,26.87,26.22,26.95,26.2,161500,4297769.0,2.78,-2.71,-0.73,0.0
2026-03-26,QQQY,20.85,20.54,20.91,20.52,157700,3268604.0,1.82,-2.93,-0.62,0.0
2026-03-26,QQUP,44.48,43.21,44.57,43.2,3700,163745.0,3.02,-4.76,-2.16,0.0
2026-03-26,QQWZ,26.45,26.25,27.98,26.22,12700,335704.0,6.71,0.13,0.03,0.0
2026-03-26,QQXL,37.62,36.24,37.62,36.24,2800,106123.0,3.59,-5.55,-2.13,0.0
2026-03-26,QQXT,97.19,97.28,98.33,97.19,4300,422146.0,1.17,-0.54,-0.53,0.0
2026-03-26,QRFT,59.63,59.07,59.63,59.07,2300,138914.0,0.93,-1.89,-1.14,0.0
2026-03-26,QRHC,1.15,1.18,1.25,1.15,33900,40220.0,8.91,3.51,0.04,0.16
2026-03-26,QRMI,15.15,15.05,15.15,15.05,3500,53733.0,0.69,-0.73,-0.11,0.0
2026-03-26,QRVO,79.53,80.61,82.0,79.17,910600,73837536.0,3.51,-0.16,-0.13,0.98
2026-03-26,QS,6.73,6.5,6.83,6.48,8668200,57136584.0,5.09,-5.52,-0.38,1.42
2026-03-26,QSEA,10.34,10.36,10.36,10.34,1900,20459.0,0.24,0.05,0.01,0.02
2026-03-26,QSI,0.86,0.81,0.86,0.81,2619200,2170805.0,5.98,-6.51,-0.06,1.21
2026-03-26,QSIAW,0.12,0.13,0.15,0.12,3300,442.0,24.79,-7.14,-0.01,0.0
2026-03-26,QSIG,48.3,48.22,48.31,48.22,2400,120225.0,0.2,-0.76,-0.37,0.0
2026-03-26,QSIX,35.63,35.02,35.63,35.02,1300,47733.0,1.7,-2.14,-0.77,0.0
2026-03-26,QSML,27.93,27.89,27.93,27.89,500,15686.0,0.14,-0.93,-0.26,0.0
2026-03-26,QSOL,8.83,8.59,8.83,8.59,2700,24370.0,2.57,-6.59,-0.61,0.0
2026-03-26,QSPT,30.77,30.52,30.85,30.51,24800,761954.0,1.1,-1.39,-0.43,0.0
2026-03-26,QSR,72.98,73.1,74.07,72.81,2402000,176243728.0,1.73,0.25,0.18,0.69
2026-03-26,QSU,13.76,12.68,13.95,12.68,45500,600241.0,8.92,-10.93,-1.56,0.0
2026-03-26,QTAC,23.16,22.75,23.32,22.71,7100,164891.0,2.59,-3.52,-0.83,0.0
2026-03-26,QTAP,45.55,45.55,45.55,45.55,0,2412.0,0.0,-0.01,-0.01,
2026-03-26,QTEC,217.71,215.67,220.46,215.45,204800,44516388.0,2.27,-2.35,-5.18,0.0
2026-03-26,QTI,6.78,6.3,7.1,6.15,48600,316624.0,13.77,-8.7,-0.6,0.4
2026-03-26,QTJA,28.23,28.23,28.23,28.23,0,622.0,0.0,-2.24,-0.65,0.0
2026-03-26,QTJL,38.41,38.19,38.41,38.19,100,6293.0,0.56,-1.94,-0.76,0.0
2026-03-26,QTOC,33.05,32.48,33.05,32.48,100,5050.0,1.73,-2.38,-0.79,0.0
2026-03-26,QTOP,30.25,29.71,30.3,29.69,113800,3416700.0,1.96,-2.81,-0.86,0.0
2026-03-26,QTPI,25.54,25.49,25.57,25.34,4500,116384.0,0.9,-0.08,-0.02,0.0
2026-03-26,QTR,28.27,28.27,28.27,28.27,0,141.0,0.0,-1.75,-0.5,0.0
2026-03-26,QTRX,3.9,3.9,4.1,3.87,421900,1669390.0,5.93,-1.52,-0.06,0.9
2026-03-26,QTTB,7.09,7.14,7.85,7.02,362800,2726901.0,11.42,-1.52,-0.11,2.48
2026-03-26,QTUM,109.96,107.78,110.57,107.67,242800,26442198.0,2.6,-3.44,-3.84,0.0
2026-03-26,QTWO,45.98,46.51,47.71,45.98,489100,22808286.0,3.73,0.67,0.31,0.78
2026-03-26,QUAD,6.5,6.59,6.72,6.5,106500,704673.0,3.34,0.15,0.01,0.2
2026-03-26,QUAL,192.48,190.15,193.44,190.11,2171400,415840640.0,1.72,-2.05,-3.97,0.0
2026-03-26,QUBT,7.11,7.12,7.39,7.1,6903300,49632912.0,3.96,-2.73,-0.2,3.07
2026-03-26,QUBX,8.53,8.31,8.9,8.29,58500,492497.0,6.96,-5.25,-0.46,0.0
2026-03-26,QUCY,0.49,0.47,0.5,0.43,116800,54311.0,13.62,-6.03,-0.03,0.93
2026-03-26,QUIK,9.8,9.62,9.92,9.5,120300,1163962.0,4.21,-3.51,-0.35,0.7
2026-03-26,QUIZ,26.77,26.45,26.81,26.44,8000,213495.0,1.37,-2.09,-0.57,0.0
2026-03-26,QULL,51.16,51.16,51.16,51.16,0,4450.0,0.0,-4.14,-2.21,0.0
2026-03-26,QUMS,10.11,10.11,10.11,10.11,4200,43109.0,0.0,0.0,0.0,0.04
2026-03-26,QUMSU,10.32,10.32,10.32,10.32,0,10.0,0.0,0.0,0.0,0.0
2026-03-26,QURE,16.01,15.6,16.15,15.45,1593400,25026754.0,4.28,-4.65,-0.76,2.55
2026-03-26,QUS,171.52,170.58,172.4,170.52,9500,1642886.0,1.09,-1.06,-1.82,0.0
2026-03-26,QUSA,17.24,17.25,17.44,16.78,5200,89800.0,3.76,-1.45,-0.25,0.0
2026-03-26,QUVU,27.2,27.15,27.41,27.15,8200,225899.0,0.97,-0.9,-0.25,0.0
2026-03-26,QVAL,51.8,51.94,52.46,51.8,17300,902496.0,1.27,-0.36,-0.19,0.0
2026-03-26,QVCC,10.3,10.44,10.45,10.25,61800,640051.0,1.92,0.48,0.05,0.0
2026-03-26,QVCD,10.3,10.47,10.49,10.12,41400,426761.0,3.54,0.96,0.1,0.0
2026-03-26,QVCGA,1.96,2.02,2.21,1.92,182200,372865.0,14.72,2.54,0.05,2.31
2026-03-26,QVCGP,3.43,3.63,3.66,3.43,14000,50415.0,6.71,5.83,0.2,0.0
2026-03-26,QVML,38.44,37.99,38.49,37.99,9700,369254.0,1.3,-1.69,-0.65,0.0
2026-03-26,QVMM,31.9,31.57,31.9,31.57,700,24039.0,1.03,-1.42,-0.46,0.0
2026-03-26,QVMS,29.41,29.11,29.41,29.11,1100,33840.0,1.02,-1.12,-0.33,0.0
2026-03-26,QVMT,59.86,59.28,59.86,59.28,19500,1161060.0,0.96,-1.4,-0.84,0.0
2026-03-26,QVOY,28.11,28.1,28.17,28.08,2400,67554.0,0.32,0.11,0.03,0.0
2026-03-26,QWLD,142.43,141.12,142.43,141.12,1400,212149.0,0.92,-1.31,-1.87,0.0
2026-03-26,QXAS,8.04,8.04,8.04,8.04,100,1567.0,0.0,-11.07,-1.0,0.0
2026-03-26,QXO,20.14,19.66,20.83,19.65,6278800,125250904.0,5.79,-3.91,-0.8,0.88
2026-03-26,QXQ,25.72,25.56,25.79,25.53,15100,389134.0,0.99,-2.35,-0.61,0.0
2026-03-26,QYLD,17.11,16.97,17.17,16.97,11275100,192431232.0,1.16,-1.39,-0.24,0.0
2026-03-26,QYLG,26.07,25.74,26.1,25.74,23500,611796.0,1.38,-1.82,-0.48,0.0
2026-03-26,R,200.75,199.88,203.38,198.49,275300,55126372.0,2.41,-1.85,-3.76,0.7
2026-03-26,RA,12.92,12.78,12.94,12.75,199600,2566690.0,1.44,-1.46,-0.19,0.0
2026-03-26,RAA,27.45,27.26,27.53,27.25,29800,816651.0,1.01,-1.28,-0.35,0.0
2026-03-26,RAAA,25.01,25.0,25.01,24.98,3600,90356.0,0.12,0.0,0.0,0.0
2026-03-26,RAAQ,10.51,10.46,10.51,10.43,33100,347404.0,0.76,-0.48,-0.05,0.14
2026-03-26,RAAQU,11.19,11.09,11.2,11.09,7500,83684.0,0.97,-2.29,-0.26,0.04
2026-03-26,RAAQW,1.39,1.35,1.39,1.31,32900,44386.0,6.02,1.5,0.02,0.0
2026-03-26,RAAR,50.09,50.06,50.09,50.05,7100,360219.0,0.08,0.0,0.0,0.0
2026-03-26,RAAX,39.82,39.49,39.96,39.45,200500,7957626.0,1.27,-1.27,-0.51,0.0
2026-03-26,RAAY,100.11,100.11,100.11,100.11,0,0.0,0.0,0.14,0.14,
2026-03-26,RAC,10.4,10.42,10.42,10.4,1100,11651.0,0.19,0.0,0.0,0.0
2026-03-26,RACE,321.0,323.58,327.78,320.56,630100,203779168.0,2.24,0.44,1.41,0.27
2026-03-26,RADX,4.05,4.25,4.39,4.05,111300,468541.0,7.85,-1.85,-0.08,0.94
2026-03-26,RAFE,41.67,41.44,41.87,41.39,20600,858757.0,1.15,-0.86,-0.36,0.0
2026-03-26,RAIL,8.01,8.01,8.3,7.88,160300,1283344.0,5.15,-1.84,-0.15,0.84
2026-03-26,RAIN,2.82,2.85,2.85,2.67,6200,16911.0,6.51,3.07,0.08,0.08
2026-03-26,RAL,42.22,41.1,43.0,40.94,925900,38396204.0,4.82,-3.93,-1.68,0.83
2026-03-26,RAMP,25.34,25.91,26.25,25.34,598400,15522595.0,3.57,1.53,0.39,0.95
2026-03-26,RAND,11.94,11.51,11.94,11.49,2000,23759.0,3.76,-3.71,-0.44,0.07
2026-03-26,RANG,10.51,10.51,10.51,10.51,100,1135.0,0.0,-0.1,-0.01,0.0
2026-03-26,RANGR,0.5,0.33,0.5,0.2,20900,5539.0,98.36,7.84,0.02,0.0
2026-03-26,RANI,1.22,1.08,1.22,1.07,2549600,2914911.0,13.16,-5.26,-0.06,2.06
2026-03-26,RAPP,28.71,29.0,30.39,28.63,325400,9606862.0,6.08,0.42,0.12,0.68
2026-03-26,RARE,19.69,20.0,20.45,19.61,2293800,46076124.0,4.23,0.76,0.15,2.37
2026-03-26,RAUS,25.49,25.2,25.5,25.18,37500,950456.0,1.26,-1.63,-0.42,0.0
2026-03-26,RAVE,2.52,2.59,2.65,2.52,33100,85580.0,5.22,4.02,0.1,0.23
2026-03-26,RAVI,75.36,75.33,75.37,75.31,21000,1588406.0,0.08,-0.05,-0.04,0.0
2026-03-26,RAY,3.85,3.76,3.85,3.45,11200,42169.0,10.17,-4.39,-0.17,0.38
2026-03-26,RAYA,0.41,0.43,0.44,0.4,265800,111118.0,9.2,1.0,0.0,7.43
2026-03-26,RAYJ,34.77,34.45,34.77,34.44,700,24688.0,0.94,-1.73,-0.61,0.0
2026-03-26,RB,44.81,44.81,44.81,44.81,0,1210.0,0.0,-0.19,-0.09,0.0
2026-03-26,RBA,96.76,98.12,98.71,96.43,1210000,118595800.0,2.34,0.67,0.65,0.65
2026-03-26,RBB,20.92,21.15,21.2,20.89,64700,1361225.0,1.47,0.0,0.0,0.38
2026-03-26,RBBN,2.16,2.14,2.21,2.13,521600,1125922.0,3.68,-2.73,-0.06,0.3
2026-03-26,RBC,555.77,548.95,560.67,548.51,213800,118281640.0,2.17,-2.26,-12.71,0.68
2026-03-26,RBCAA,68.85,69.64,69.85,68.43,66500,4596650.0,2.06,1.3,0.89,0.34
2026-03-26,RBIL,49.94,49.94,49.96,49.94,10000,502011.0,0.05,0.07,0.03,0.0
2026-03-26,RBKB,15.33,15.34,15.36,15.13,10600,163056.0,1.55,0.85,0.13,0.1
2026-03-26,RBLD,80.5,80.5,80.5,80.5,100,12530.0,0.0,-1.82,-1.5,0.0
2026-03-26,RBLU,11.52,10.86,12.03,10.68,64200,714960.0,11.21,-9.8,-1.18,0.0
2026-03-26,RBLX,55.5,53.85,56.65,53.48,7757800,420987296.0,5.6,-4.94,-2.8,1.09
2026-03-26,RBLY,18.23,17.75,18.24,17.75,2600,48341.0,2.61,-5.3,-0.99,0.0
2026-03-26,RBNE,2.54,2.12,2.8,2.07,22315000,56348652.0,31.47,-8.62,-0.2,317.8
2026-03-26,RBRK,46.3,47.59,48.76,46.0,2924900,139306496.0,5.85,0.87,0.41,1.45
2026-03-26,RBUF,29.7,29.52,29.71,29.48,12700,377510.0,0.77,-0.49,-0.15,0.0
2026-03-26,RC,1.57,1.6,1.62,1.56,1444000,2312544.0,3.78,1.27,0.02,0.89
2026-03-26,RCAT,15.58,14.0,15.59,13.88,13313700,193767568.0,10.75,-11.78,-1.87,10.99
2026-03-26,RCAX,20.95,16.37,20.95,16.08,342500,6056971.0,22.77,-23.45,-5.02,0.0
2026-03-26,RCB,25.19,25.19,25.2,25.17,8200,208230.0,0.12,0.12,0.03,0.0
2026-03-26,RCD,19.59,19.34,19.65,19.34,13600,265586.0,1.58,-1.18,-0.23,0.0
2026-03-26,RCEL,3.95,3.86,4.08,3.85,72000,284262.0,5.76,-3.26,-0.13,0.24
2026-03-26,RCG,3.28,3.28,3.29,3.24,4000,13304.0,1.52,-0.03,-0.0,0.0
2026-03-26,RCGE,27.25,27.25,27.25,27.25,0,656.0,0.0,-0.37,-0.1,0.0
2026-03-26,RCI,39.03,38.93,39.33,38.84,1824900,71239664.0,1.25,-0.36,-0.14,0.34
2026-03-26,RCKT,4.65,4.69,5.14,4.62,8887700,43472668.0,11.0,0.21,0.01,8.19
2026-03-26,RCKTW,0.03,0.02,0.04,0.02,70600,2271.0,56.47,-9.8,-0.0,0.0
2026-03-26,RCKY,38.8,38.2,39.75,37.37,71900,2751109.0,6.09,-2.23,-0.87,0.95
2026-03-26,RCL,275.67,274.0,280.8,273.18,1880400,517596576.0,2.73,-1.8,-5.01,0.7
2026-03-26,RCLO,24.68,24.62,24.68,24.62,2300,57240.0,0.22,-0.28,-0.07,0.0
2026-03-26,RCLR,49.22,49.1,49.22,49.1,5800,288569.0,0.24,-0.28,-0.14,0.0
2026-03-26,RCLY,98.19,98.19,98.19,98.19,0,0.0,0.0,-0.14,-0.14,
2026-03-26,RCMT,19.35,19.12,19.88,18.88,35100,676486.0,5.13,-1.97,-0.38,0.47
2026-03-26,RCON,0.88,0.85,0.94,0.85,6600,5850.0,10.17,-1.16,-0.01,0.02
2026-03-26,RCS,5.4,5.32,5.44,5.32,68100,366038.0,2.21,-2.03,-0.11,0.0
2026-03-26,RCT,0.72,0.86,0.91,0.72,140700,114734.0,26.8,21.2,0.15,0.25
2026-03-26,RCTR,35.36,34.69,35.36,34.69,3900,138124.0,1.88,-2.85,-1.02,0.0
2026-03-26,RCUS,21.12,21.21,22.0,21.08,950600,20351224.0,4.31,-1.16,-0.25,0.76
2026-03-26,RDAC,5.16,4.91,5.16,4.62,4300,21169.0,11.16,2.08,0.1,0.06
2026-03-26,RDACR,0.17,0.17,0.17,0.17,0,1.0,0.0,0.0,0.0,0.0
2026-03-26,RDACU,5.84,4.6,5.84,4.6,0,5.0,26.96,0.0,0.0,0.0
2026-03-26,RDAG,10.23,10.21,10.23,10.21,2000,21038.0,0.2,0.0,0.0,0.01
2026-03-26,RDCM,11.5,11.86,12.72,11.5,161600,1955990.0,11.13,8.21,0.9,0.99
2026-03-26,RDDT,135.49,127.26,137.52,124.0,8196900,1052133120.0,9.68,-8.86,-12.37,4.29
2026-03-26,RDFI,23.12,22.88,23.12,22.86,15900,366854.0,1.1,-1.29,-0.3,0.0
2026-03-26,RDGT,0.09,0.08,0.09,0.07,14621500,1157067.0,20.45,-20.08,-0.02,79.98
2026-03-26,RDHL,0.83,0.78,0.87,0.78,31100,25444.0,9.54,-12.23,-0.11,0.61
2026-03-26,RDI,1.17,1.13,1.17,1.09,9300,10502.0,6.84,-3.42,-0.04,0.04
2026-03-26,RDIB,9.41,9.41,9.7,9.41,2900,28281.0,3.04,0.11,0.01,0.18
2026-03-26,RDIV,55.28,55.66,55.94,55.28,80900,4514030.0,1.19,0.51,0.28,0.0
2026-03-26,RDN,32.7,33.11,33.26,32.7,943000,31216630.0,1.7,0.42,0.14,0.69
2026-03-26,RDNT,59.59,59.41,61.26,59.2,628500,37663956.0,3.4,-2.06,-1.25,0.81
2026-03-26,RDNW,6.59,6.46,6.73,6.26,44700,291739.0,7.08,-2.71,-0.18,0.12
2026-03-26,RDOG,35.3,35.3,35.3,35.3,0,849.0,0.0,-0.15,-0.05,0.0
2026-03-26,RDTE,27.32,27.23,27.64,27.23,36200,994340.0,1.47,-2.4,-0.67,0.0
2026-03-26,RDTL,15.5,13.41,15.69,12.58,1315100,17941596.0,19.22,-17.11,-2.77,0.0
2026-03-26,RDTY,36.3,36.22,36.6,36.21,12600,459343.0,1.05,-1.2,-0.44,0.0
2026-03-26,RDVI,25.7,25.42,25.73,25.35,693400,17666772.0,1.44,-2.34,-0.61,0.0
2026-03-26,RDVT,36.88,36.28,38.1,35.85,116200,4239403.0,6.06,-2.08,-0.77,0.82
2026-03-26,RDVY,68.54,67.75,68.82,67.75,1296000,88508168.0,1.54,-2.19,-1.52,0.0
2026-03-26,RDW,8.9,8.87,9.31,8.74,17919600,161553168.0,6.28,-3.17,-0.29,9.33
2026-03-26,RDWR,27.55,27.04,27.73,26.82,323100,8780200.0,3.3,-1.85,-0.51,0.74
2026-03-26,RDWU,9.51,9.5,10.32,9.19,207600,2034108.0,11.28,-5.19,-0.52,0.0
2026-03-26,RDY,13.82,13.77,13.95,13.76,1891000,26141188.0,1.41,-0.72,-0.1,0.23
2026-03-26,RDYY,19.87,18.88,20.0,18.39,10100,193958.0,7.79,-8.62,-1.78,0.0
2026-03-26,RDZN,1.15,1.15,1.15,1.12,18100,20658.0,2.53,0.0,0.0,0.02
2026-03-26,REAI,19.4,19.4,19.4,19.4,0,154.0,0.0,-0.55,-0.11,
2026-03-26,REAL,8.98,9.0,9.27,8.94,1972600,17849658.0,3.55,-1.64,-0.15,1.66
2026-03-26,REAX,2.39,2.41,2.51,2.37,1847500,4498520.0,5.86,0.84,0.02,0.87
2026-03-26,REBN,1.95,2.02,2.05,1.87,43500,87501.0,9.18,3.06,0.06,0.73
2026-03-26,RECS,38.91,38.61,39.13,38.55,431600,16753963.0,1.48,-1.33,-0.52,0.0
2026-03-26,RECT,1.22,1.14,1.22,1.14,3700,4526.0,6.25,-4.58,-0.06,0.03
2026-03-26,REE,0.54,0.58,0.58,0.52,33300,17961.0,10.0,3.01,0.02,0.11
2026-03-26,REED,3.59,2.91,3.59,2.91,43300,138940.0,18.73,-19.83,-0.72,0.37
2026-03-26,REET,24.95,24.95,25.15,24.89,2812200,70327176.0,1.06,-0.56,-0.14,0.0
2026-03-26,REFA,20.86,20.66,20.86,20.66,900,18769.0,0.97,-2.16,-0.46,0.0
2026-03-26,REFI,12.03,11.93,12.11,11.91,206400,2468950.0,1.7,-1.0,-0.12,0.98
2026-03-26,REFR,0.86,0.9,0.91,0.86,31600,27533.0,7.03,8.48,0.07,0.09
2026-03-26,REG,74.35,74.37,75.15,74.21,777900,57981188.0,1.27,-0.08,-0.06,0.42
2026-03-26,REGCO,21.95,21.71,22.1,21.71,10800,238014.0,1.81,0.56,0.12,0.0
2026-03-26,REGCP,22.88,22.82,22.88,22.82,1200,28387.0,0.26,-0.44,-0.1,0.0
2026-03-26,REGL,85.36,85.91,86.57,85.36,36400,3137673.0,1.41,-0.08,-0.07,0.0
2026-03-26,REGN,749.4,756.73,761.73,747.77,488500,370050848.0,1.86,0.97,7.26,0.46
2026-03-26,REGS,9.78,9.63,9.84,9.63,20400,198346.0,2.15,-2.52,-0.25,0.0
2026-03-26,REI,1.54,1.59,1.65,1.53,7731200,12357822.0,7.65,2.58,0.04,3.69
2026-03-26,REIT,27.14,27.11,27.32,27.08,6800,186429.0,0.88,-0.14,-0.04,0.0
2026-03-26,REK,17.24,17.22,17.25,17.09,16900,290197.0,0.93,0.01,0.0,0.0
2026-03-26,REKR,0.87,0.81,0.91,0.81,2032000,1709845.0,11.54,-7.76,-0.07,1.49
2026-03-26,REKT,18.72,19.06,19.06,18.72,1900,36410.0,1.85,4.27,0.78,0.0
2026-03-26,RELL,11.44,11.4,11.69,11.3,47500,544479.0,3.31,-1.98,-0.23,0.33
2026-03-26,RELX,31.86,32.07,32.69,31.86,4225900,136348704.0,2.56,-1.23,-0.4,0.23
2026-03-26,RELY,16.11,15.99,16.33,15.86,2890400,46256172.0,2.89,-0.74,-0.12,1.37
2026-03-26,REM,21.01,20.92,21.17,20.89,754100,15847267.0,1.35,-1.18,-0.25,0.0
2026-03-26,REMC,20.16,19.97,20.16,19.97,200,4180.0,0.95,-0.63,-0.13,0.0
2026-03-26,REMG,30.61,30.23,30.76,30.23,6500,200510.0,1.7,-3.12,-0.97,0.0
2026-03-26,REMX,85.96,84.6,87.1,84.32,564100,48306984.0,3.12,-5.1,-4.55,0.0
2026-03-26,RENT,4.75,4.83,4.92,4.49,19400,94108.0,8.94,0.42,0.02,0.06
2026-03-26,RENX,1.95,1.82,2.03,1.69,616300,1145951.0,361.65,1827.97,1.73,24.65
2026-03-26,REPL,7.45,7.54,7.59,7.21,1102000,8174347.0,4.96,-0.26,-0.02,1.33
2026-03-26,REPX,36.59,37.45,37.7,36.4,324600,12118376.0,3.56,2.69,0.98,1.51
2026-03-26,RERE,5.05,4.93,5.13,4.91,554200,2757871.0,4.3,-3.52,-0.18,0.25
2026-03-26,RES,7.1,7.25,7.32,7.06,1978500,14338328.0,3.68,2.69,0.19,0.89
2026-03-26,RESM,20.54,20.33,20.54,20.33,300,8146.0,1.0,-1.37,-0.28,0.0
2026-03-26,RETL,7.2,7.28,7.56,7.17,789700,5818043.0,5.33,-0.55,-0.04,0.0
2026-03-26,RETO,0.78,0.82,0.84,0.72,57000,44921.0,15.62,5.13,0.04,0.47
2026-03-26,REVB,1.18,1.13,1.19,1.12,27900,32096.0,6.19,-4.24,-0.05,0.75
2026-03-26,REVS,28.43,28.38,28.68,28.35,306200,8698027.0,1.15,-0.68,-0.19,0.0
2026-03-26,REW,12.28,12.67,12.69,12.18,47200,590641.0,4.27,6.2,0.74,0.0
2026-03-26,REX,40.56,44.08,45.0,40.56,360100,15746526.0,10.73,6.52,2.7,1.09
2026-03-26,REXR,33.33,33.25,33.79,33.14,2154900,71866088.0,1.94,-0.6,-0.2,0.93
2026-03-26,REYN,21.11,20.93,21.32,20.84,944900,19822608.0,2.27,-0.85,-0.18,0.45
2026-03-26,REZ,82.82,82.93,83.69,82.77,31300,2608588.0,1.12,-0.01,-0.01,0.0
2026-03-26,REZI,35.12,34.37,35.4,33.9,794100,27332242.0,4.22,-3.54,-1.26,0.53
2026-03-26,RF,25.58,25.51,25.81,25.38,17858400,456454944.0,1.67,-0.97,-0.25,2.09
2026-03-26,RFAI,10.93,10.93,10.93,10.91,4400,48167.0,0.14,0.28,0.03,0.05
2026-03-26,RFAIR,0.12,0.12,0.12,0.12,100,12.0,0.0,1.52,0.0,0.0
2026-03-26,RFAM,9.79,9.79,9.79,9.79,400,4531.0,0.0,0.0,0.0,0.0
2026-03-26,RFAMU,9.95,9.91,9.95,9.91,3000,30085.0,0.4,-0.36,-0.04,0.03
2026-03-26,RFCI,22.27,22.23,22.27,22.23,500,12792.0,0.18,-0.49,-0.11,0.0
2026-03-26,RFDA,62.6,62.51,62.6,62.51,1500,99659.0,0.14,-0.83,-0.52,0.0
2026-03-26,RFDI,80.7,80.08,81.09,80.08,2400,198682.0,1.23,-2.32,-1.9,0.0
2026-03-26,RFEM,81.94,80.67,81.97,80.66,2200,182591.0,1.58,-2.49,-2.06,0.0
2026-03-26,RFFC,65.85,65.82,65.85,65.82,200,18465.0,0.05,-1.75,-1.17,0.0
2026-03-26,RFG,55.48,54.76,55.65,54.76,5600,308720.0,1.58,-2.65,-1.49,0.0
2026-03-26,RFI,10.88,10.87,11.01,10.85,79700,868087.0,1.46,-0.55,-0.06,0.0
2026-03-26,RFIL,11.08,10.57,11.39,10.49,150300,1629021.0,7.83,-8.01,-0.92,1.39
2026-03-26,RFIX,42.9,42.5,42.99,41.94,252000,10735303.0,2.42,-1.96,-0.85,0.0
2026-03-26,RFL,1.27,1.26,1.29,1.24,20200,25791.0,3.93,-0.79,-0.01,0.04
2026-03-26,RFLR,29.2,29.16,29.22,29.08,8600,251402.0,0.48,0.09,0.03,0.0
2026-03-26,RFM,13.93,13.73,14.01,13.72,11600,160512.0,2.09,-1.12,-0.16,0.0
2026-03-26,RFMZ,12.44,12.39,12.48,12.38,79300,984864.0,0.76,-0.96,-0.12,0.0
2026-03-26,RFV,128.34,129.69,130.4,128.34,5300,694675.0,1.59,0.4,0.51,0.0
2026-03-26,RGA,204.51,204.26,206.24,203.06,198800,40629108.0,1.55,-0.13,-0.26,0.3
2026-03-26,RGC,24.0,25.4,26.3,24.0,104800,2682817.0,9.52,5.18,1.25,0.02
2026-03-26,RGCO,21.06,21.15,21.79,21.06,7600,163029.0,3.45,0.28,0.06,0.07
2026-03-26,RGEF,30.07,29.7,30.14,29.7,19300,582965.0,1.44,-2.35,-0.72,0.0
2026-03-26,RGEN,112.66,114.42,117.37,112.66,731000,84018728.0,4.12,0.09,0.1,1.3
2026-03-26,RGLD,223.22,230.69,237.33,223.22,1587600,368078176.0,6.06,-0.99,-2.3,1.87
2026-03-26,RGLO,28.75,28.62,29.16,28.56,28500,823745.0,2.06,-1.62,-0.47,0.0
2026-03-26,RGNT,3.0,3.04,3.08,2.81,9700,29102.0,9.0,1.5,0.05,0.19
2026-03-26,RGNX,8.25,8.26,8.78,8.2,586800,4906671.0,6.8,-2.36,-0.2,1.14
2026-03-26,RGP,3.65,3.72,3.76,3.62,165100,613120.0,3.67,1.09,0.04,0.49
2026-03-26,RGR,43.43,41.89,44.1,41.15,248900,10529942.0,6.78,-3.77,-1.64,1.56
2026-03-26,RGS,24.17,23.6,24.3,23.59,6200,151692.0,2.88,-4.14,-1.02,0.25
2026-03-26,RGT,13.41,13.25,13.41,13.25,3500,47689.0,1.18,-2.14,-0.29,0.0
2026-03-26,RGTI,14.77,14.41,14.9,14.24,20765600,301033376.0,4.36,-4.82,-0.73,6.25
2026-03-26,RGTIW,6.22,5.89,6.22,5.68,113600,670672.0,8.42,-8.11,-0.52,0.0
2026-03-26,RGTU,16.32,15.41,16.48,15.12,91000,1426132.0,7.99,-9.78,-1.67,0.0
2026-03-26,RGTX,16.65,15.91,16.96,15.5,814100,12913789.0,8.3,-9.5,-1.67,0.0
2026-03-26,RGTZ,25.8,26.84,27.55,25.44,1001600,25447274.0,8.59,9.28,2.28,0.0
2026-03-26,RGYY,10.5,10.43,10.5,10.39,12200,128227.0,1.03,-1.55,-0.16,0.0
2026-03-26,RH,133.88,132.03,139.58,131.9,624200,83961168.0,5.61,-3.59,-4.91,3.32
2026-03-26,RHI,24.48,25.09,25.42,24.43,2853200,71499504.0,4.04,2.32,0.57,2.82
2026-03-26,RHLD,161.92,159.12,163.49,155.04,271200,43291972.0,5.15,-3.17,-5.21,3.2
2026-03-26,RHP,92.05,93.07,94.26,91.75,467200,43502940.0,2.73,1.35,1.24,0.74
2026-03-26,RHRX,18.96,18.84,18.96,18.84,2100,39976.0,0.62,-1.42,-0.27,0.0
2026-03-26,RHTX,18.18,18.18,18.18,18.18,0,1429.0,0.0,-2.19,-0.41,0.0
2026-03-26,RIBB,10.59,10.59,10.59,10.59,0,31.0,0.0,0.0,0.0,0.0
2026-03-26,RICK,23.99,23.87,24.87,23.59,50800,1219508.0,5.32,-0.71,-0.17,0.66
2026-03-26,RIET,8.9,8.94,9.02,8.9,58700,525214.0,1.34,-0.5,-0.04,0.0
2026-03-26,RIFR,27.73,27.65,27.73,27.64,8700,242069.0,0.32,-0.17,-0.05,0.0
2026-03-26,RIG,6.75,6.89,6.95,6.71,31589800,217342224.0,3.47,1.77,0.12,2.86
2026-03-26,RIGL,26.0,26.37,26.82,26.0,179000,4713274.0,3.12,0.3,0.08,0.97
2026-03-26,RIGS,22.71,22.73,22.92,22.7,4000,92983.0,0.96,-0.49,-0.11,0.0
2026-03-26,RILA,10.44,10.37,10.44,10.37,100,1605.0,0.68,-2.07,-0.22,0.0
2026-03-26,RILY,7.12,7.15,7.5,7.1,661900,4825449.0,5.58,-1.38,-0.1,2.12
2026-03-26,RILYG,23.0,22.93,23.0,22.81,12400,285861.0,0.87,0.7,0.16,0.0
2026-03-26,RILYK,25.19,25.19,25.21,25.19,10500,264624.0,0.06,0.0,0.0,0.0
2026-03-26,RILYL,11.75,12.27,12.75,11.68,27400,336644.0,8.86,1.57,0.19,1.59
2026-03-26,RILYN,23.71,23.98,24.2,23.71,19600,472718.0,2.05,0.33,0.08,0.0
2026-03-26,RILYP,11.34,11.7,12.05,11.34,29300,346311.0,6.2,2.18,0.25,1.03
2026-03-26,RILYT,17.7,18.0,18.1,17.62,12600,226982.0,2.67,-0.06,-0.01,0.0
2026-03-26,RILYZ,16.92,16.97,17.03,16.8,18100,306857.0,1.35,-0.35,-0.06,0.0
2026-03-26,RIME,1.18,1.14,1.24,1.13,463200,545745.0,8.75,-5.0,-0.06,8.04
2026-03-26,RINF,31.92,31.88,31.99,31.86,7000,226181.0,0.41,0.02,0.01,0.0
2026-03-26,RING,72.51,71.41,74.87,71.37,395500,28683042.0,4.68,-4.49,-3.36,0.0
2026-03-26,RINT,28.67,28.51,28.89,28.47,11500,333802.0,1.45,-1.9,-0.55,0.0
2026-03-26,RIO,85.51,85.79,86.63,85.35,3107900,266798960.0,1.46,-2.0,-1.75,0.25
2026-03-26,RIOT,14.83,14.01,14.9,13.64,14665300,206607520.0,8.31,-7.62,-1.15,3.87
2026-03-26,RIOX,22.1,19.62,22.1,18.62,216700,4316059.0,14.99,-15.5,-3.6,0.0
2026-03-26,RISN,28.94,28.62,29.1,28.62,3000,88589.0,1.66,-1.13,-0.33,0.0
2026-03-26,RISR,36.29,36.52,36.57,36.2,130900,4771537.0,1.02,0.77,0.28,
2026-03-26,RITA,19.24,19.18,19.35,19.18,600,12005.0,0.89,-0.54,-0.1,0.0
2026-03-26,RITM,9.12,9.31,9.33,9.11,10208700,94645416.0,2.38,0.76,0.07,1.84
2026-03-26,RITR,0.54,0.55,0.58,0.54,50300,28514.0,8.41,-3.31,-0.02,0.08
2026-03-26,RIV,11.22,11.18,11.34,11.18,29900,336599.0,1.42,-0.62,-0.07,0.0
2026-03-26,RIVN,15.42,15.21,15.7,15.13,16862700,258715584.0,3.65,-2.62,-0.41,1.36
2026-03-26,RJDI,27.0,26.72,27.01,26.66,35100,943572.0,1.31,-1.26,-0.34,0.0
2026-03-26,RJET,17.76,18.45,18.5,17.4,131800,2389622.0,6.19,3.89,0.69,0.28
2026-03-26,RJF,145.13,144.2,145.79,143.31,1324700,191488304.0,1.7,-1.13,-1.65,0.67
2026-03-26,RJMI,25.27,25.24,25.27,25.23,18600,469716.0,0.16,-0.24,-0.06,0.0
2026-03-26,RJVI,24.97,24.92,24.97,24.92,1000,26961.0,0.2,-0.3,-0.07,0.0
2026-03-26,RKDA,1.64,1.52,1.7,1.52,17900,29424.0,10.3,-10.54,-0.18,0.87
2026-03-26,RKLB,71.2,65.94,72.09,65.59,22988800,1562789376.0,8.92,-9.52,-6.94,4.04
2026-03-26,RKLX,32.45,27.81,33.62,27.5,3228800,94462288.0,17.85,-18.87,-6.47,0.0
2026-03-26,RKLZ,21.82,24.88,25.0,21.4,2125500,48621652.0,17.24,19.16,4.0,0.0
2026-03-26,RKNG,19.57,18.65,19.58,18.65,33700,637949.0,4.62,-7.5,-1.51,0.0
2026-03-26,RKT,13.8,13.95,14.11,13.72,22642500,315026112.0,2.73,-2.38,-0.34,0.8
2026-03-26,RKTL,12.13,12.49,12.64,12.08,48800,597995.0,4.26,-4.91,-0.64,0.0
2026-03-26,RL,343.54,333.64,347.39,333.35,530800,179196096.0,4.06,-3.55,-12.29,0.88
2026-03-26,RLAY,9.37,10.12,10.2,9.35,4015300,39842968.0,8.85,5.42,0.52,2.25
2026-03-26,RLGT,7.0,6.99,7.08,6.91,80500,562320.0,2.48,-1.13,-0.08,0.17
2026-03-26,RLI,57.1,57.3,57.81,56.93,563700,32292128.0,1.54,0.58,0.33,0.61
2026-03-26,RLJ,7.63,7.73,7.86,7.63,1230400,9529132.0,3.0,0.78,0.06,0.81
2026-03-26,RLMD,6.45,6.53,6.73,6.44,1037500,6833400.0,4.35,-1.95,-0.13,0.99
2026-03-26,RLTY,14.22,14.19,14.39,14.18,62400,892591.0,1.47,-0.56,-0.08,0.0
2026-03-26,RLX,2.21,2.2,2.22,2.18,1836000,4048848.0,2.04,-0.45,-0.01,0.15
2026-03-26,RLY,35.73,35.63,35.82,35.57,153800,5494910.0,0.7,-0.47,-0.17,0.0
2026-03-26,RLYB,8.43,8.44,8.71,8.34,74800,636552.0,4.29,-2.14,-0.19,1.42
2026-03-26,RM,32.09,32.43,32.55,31.75,61400,1979181.0,2.46,0.5,0.16,0.65
2026-03-26,RMAX,5.99,6.19,6.24,5.99,217000,1336985.0,4.21,2.31,0.14,1.08
2026-03-26,RMBI,13.3,13.45,13.52,13.3,7400,99924.0,1.6,0.11,0.02,0.07
2026-03-26,RMBS,93.95,91.44,94.69,90.92,1867600,172274592.0,3.93,-4.68,-4.49,1.73
2026-03-26,RMCA,23.95,23.91,23.95,23.91,1300,32546.0,0.19,-0.29,-0.07,0.0
2026-03-26,RMCF,2.26,2.31,2.36,2.26,6800,15968.0,4.34,2.21,0.05,0.07
2026-03-26,RMCO,3.29,3.29,3.32,3.29,4200,14345.0,0.9,-1.2,-0.04,0.03
2026-03-26,RMCOW,0.21,0.21,0.23,0.21,47300,10286.0,7.11,-6.22,-0.01,0.0
2026-03-26,RMD,225.09,222.5,228.53,221.22,1036500,231358432.0,3.23,-1.68,-3.81,0.71
2026-03-26,RMI,15.07,14.79,15.12,14.77,900,14212.0,2.32,-1.86,-0.28,0.0
2026-03-26,RMIF,24.27,24.23,24.27,24.23,300,7836.0,0.16,-0.34,-0.08,0.0
2026-03-26,RMM,13.52,13.38,13.63,13.35,49700,671683.0,2.04,-1.25,-0.17,0.0
2026-03-26,RMME,100.3,100.3,100.3,100.3,0,5114.0,0.0,0.02,0.02,0.0
2026-03-26,RMMZ,14.29,14.27,14.37,14.24,18600,266887.0,0.91,-0.21,-0.03,0.0
2026-03-26,RMNI,3.12,3.21,3.27,3.12,245400,790858.0,4.75,1.58,0.05,0.27
2026-03-26,RMNY,24.38,24.19,24.38,24.19,6200,152539.0,0.78,-0.35,-0.08,0.0
2026-03-26,RMOP,24.82,24.79,24.85,24.78,54900,1364028.0,0.28,-0.14,-0.03,0.0
2026-03-26,RMR,15.51,15.56,15.63,15.46,82200,1279107.0,1.09,0.13,0.02,0.26
2026-03-26,RMRC,23.76,23.76,23.76,23.76,0,1190.0,0.0,-0.92,-0.22,
2026-03-26,RMSG,0.56,0.63,0.66,0.56,4670000,2826253.0,15.83,-0.91,-0.01,51.2
2026-03-26,RMSGW,0.03,0.02,0.04,0.01,42100,859.0,87.38,-50.77,-0.02,0.0
2026-03-26,RMT,11.72,11.39,11.79,11.36,221600,2549260.0,3.63,-3.56,-0.42,
2026-03-26,RMTI,0.9,0.94,0.95,0.88,743000,669712.0,6.73,-9.41,-0.1,1.89
2026-03-26,RNA,12.99,13.1,13.24,12.95,230900,3019089.0,2.25,0.08,0.01,1.49
2026-03-26,RNAC,6.17,6.08,6.57,6.07,133500,826700.0,8.0,-2.72,-0.17,0.5
2026-03-26,RNAZ,8.87,8.54,8.87,8.52,3400,29632.0,4.1,0.0,0.0,0.37
2026-03-26,RND,27.53,27.14,27.54,27.14,5600,153575.0,1.44,-2.22,-0.62,0.0
2026-03-26,RNEM,53.32,53.31,53.32,53.04,900,52097.0,0.52,-1.56,-0.85,0.0
2026-03-26,RNG,35.35,37.52,38.06,35.11,1399200,52397396.0,8.27,5.13,1.83,1.66
2026-03-26,RNGR,17.36,17.27,17.56,17.2,192200,3336488.0,2.07,-0.69,-0.12,0.82
2026-03-26,RNGT,10.0,10.0,10.0,9.98,18900,188784.0,0.2,0.0,0.0,0.06
2026-03-26,RNIN,29.32,29.06,29.45,29.06,8900,261765.0,1.33,0.3,0.09,0.0
2026-03-26,RNP,19.74,19.6,19.92,19.6,88500,1746440.0,1.62,-0.86,-0.17,0.0
2026-03-26,RNR,293.72,295.95,296.7,292.81,253200,74777232.0,1.33,0.92,2.71,0.59
2026-03-26,RNRG,36.52,36.38,36.55,36.38,5400,200208.0,0.48,-0.56,-0.21,0.0
2026-03-26,RNST,35.8,36.14,36.2,35.63,377800,13626691.0,1.58,0.33,0.12,0.41
2026-03-26,RNTX,1.3,1.27,1.37,1.16,116400,148510.0,16.02,-2.31,-0.03,0.42
2026-03-26,RNTY,48.49,48.26,48.49,48.0,6400,308851.0,1.02,0.1,0.05,0.0
2026-03-26,RNW,4.76,4.68,4.77,4.64,766800,3597502.0,2.84,-1.68,-0.08,0.21
2026-03-26,RNWWW,0.01,0.01,0.01,0.01,11600,95.0,32.86,31.43,0.0,0.0
2026-03-26,RNWZ,31.24,31.02,31.24,31.02,1700,55829.0,0.71,-1.41,-0.44,0.0
2026-03-26,RNXT,1.1,1.16,1.3,1.1,1458100,1767512.0,18.18,5.45,0.06,3.98
2026-03-26,ROAD,110.6,109.71,111.54,108.45,506800,55778244.0,2.76,-2.1,-2.35,0.9
2026-03-26,ROAM,30.97,30.6,31.03,30.52,15900,489740.0,1.64,-1.68,-0.52,0.0
2026-03-26,ROBN,18.28,17.84,19.39,17.54,824600,14881704.0,9.69,-6.35,-1.21,0.0
2026-03-26,ROBO,69.94,68.96,70.45,68.9,81400,5664403.0,2.17,-2.97,-2.11,0.0
2026-03-26,ROBT,46.6,46.2,47.22,46.15,37800,1764233.0,2.27,-2.2,-1.04,0.0
2026-03-26,ROC,6.55,7.16,7.16,6.55,34600,236407.0,9.5,11.53,0.74,0.18
2026-03-26,ROCK,41.24,40.92,42.3,40.54,271600,11157711.0,4.19,-2.55,-1.07,0.92
2026-03-26,ROCQ,49.3,48.52,49.34,48.52,18200,894000.0,1.66,-2.4,-1.19,0.0
2026-03-26,ROCY,49.73,49.24,49.84,49.24,10400,518588.0,1.2,-1.57,-0.79,0.0
2026-03-26,RODM,38.78,38.56,38.96,38.54,62500,2425520.0,1.07,-1.22,-0.47,0.0
2026-03-26,ROE,35.77,35.41,35.94,35.4,7500,268475.0,1.5,-2.02,-0.73,0.0
2026-03-26,ROG,108.18,109.29,110.72,107.75,154100,16811536.0,2.71,-0.38,-0.42,0.86
2026-03-26,ROIV,26.92,27.35,27.82,26.92,6147600,168559728.0,3.29,-0.04,-0.01,0.86
2026-03-26,ROK,356.12,354.82,363.15,354.75,711700,254458736.0,2.33,-1.62,-5.83,0.63
2026-03-26,ROKT,104.45,101.32,104.45,101.31,11200,1148534.0,2.98,-3.86,-4.07,0.0
2026-03-26,ROKU,92.93,89.03,95.83,88.25,3424600,311005472.0,7.98,-6.34,-6.03,2.32
2026-03-26,ROL,53.21,52.81,53.81,52.6,2503700,132558224.0,2.26,-1.25,-0.67,0.52
2026-03-26,ROLR,3.59,3.3,3.64,3.28,157300,545350.0,9.97,-9.84,-0.36,1.44
2026-03-26,ROM,81.27,78.2,81.65,78.13,44200,3517509.0,4.22,-6.27,-5.23,0.0
2026-03-26,ROMA,9.97,7.85,10.25,7.4,366600,3278111.0,27.56,-24.08,-2.49,0.62
2026-03-26,ROMO,31.23,30.82,31.23,30.79,1900,59583.0,1.4,-1.79,-0.56,0.0
2026-03-26,RONB,22.82,22.64,23.08,22.63,244700,5482000.0,1.96,-1.05,-0.24,0.0
2026-03-26,ROOT,47.02,47.9,48.05,47.01,306700,14618979.0,2.21,1.7,0.8,1.97
2026-03-26,ROP,346.98,351.07,356.5,344.27,1197800,421429728.0,3.53,1.25,4.35,1.16
2026-03-26,ROPE,28.09,27.99,28.09,27.99,1100,32932.0,0.37,-0.25,-0.07,0.0
2026-03-26,ROSC,48.97,48.39,48.98,48.39,1400,72122.0,1.22,-0.53,-0.26,0.0
2026-03-26,ROST,216.33,214.3,217.51,214.16,2927300,630043840.0,1.55,-0.8,-1.73,0.91
2026-03-26,ROUS,59.21,58.81,59.54,58.79,66500,3944039.0,1.26,-1.14,-0.68,0.0
2026-03-26,RPAR,22.06,21.89,22.06,21.84,13400,293928.0,0.99,-1.26,-0.28,0.0
2026-03-26,RPAY,3.02,3.04,3.12,3.0,1296400,3950695.0,4.06,-1.3,-0.04,1.51
2026-03-26,RPC,7.22,7.33,7.37,7.14,1265700,9210601.0,3.27,4.27,0.3,1.16
2026-03-26,RPD,5.56,5.7,5.83,5.54,1777500,10124592.0,5.18,1.79,0.1,2.7
2026-03-26,RPG,47.52,46.26,47.63,46.23,496600,23333204.0,2.9,-4.2,-2.03,0.0
2026-03-26,RPGL,0.56,0.52,0.58,0.52,164100,85269.0,10.32,-6.86,-0.04,5.34
2026-03-26,RPHS,9.72,9.65,9.74,9.65,10700,104844.0,0.97,-1.19,-0.12,0.0
2026-03-26,RPID,2.39,2.28,2.46,2.24,219500,503724.0,9.05,-6.17,-0.15,
2026-03-26,RPM,97.66,98.37,99.11,97.31,940300,92335888.0,1.83,-0.48,-0.47,0.73
2026-03-26,RPRX,46.95,46.94,47.54,46.81,3216500,151720832.0,1.54,-0.19,-0.09,0.56
2026-03-26,RPT,13.42,13.29,13.42,13.17,10500,140598.0,1.9,-0.6,-0.08,0.14
2026-03-26,RPV,106.59,107.0,107.81,106.59,50200,5392312.0,1.14,-0.03,-0.03,0.0
2026-03-26,RQI,11.9,11.86,12.04,11.85,285800,3410969.0,1.58,-0.59,-0.07,0.0
2026-03-26,RR,2.17,2.1,2.22,2.09,5168900,11055422.0,5.96,-3.67,-0.08,2.31
2026-03-26,RRBI,89.9,90.39,91.37,88.77,144100,12963081.0,2.87,-0.21,-0.19,2.19
2026-03-26,RRC,47.0,46.83,47.75,46.67,3873200,183043504.0,2.33,0.52,0.24,1.65
2026-03-26,RRGB,2.96,2.86,3.04,2.85,429300,1271559.0,6.35,-4.35,-0.13,2.38
2026-03-26,RRR,58.01,55.74,58.76,55.68,928200,52568944.0,5.24,-5.12,-3.01,0.88
2026-03-26,RRX,191.49,187.39,193.8,186.09,774400,145876960.0,3.95,-3.97,-7.74,1.16
2026-03-26,RS,295.51,299.6,302.0,293.34,247200,74047464.0,2.9,0.2,0.61,0.48
2026-03-26,RSBA,20.65,20.59,20.7,20.59,38700,801066.0,0.52,-0.7,-0.15,0.0
2026-03-26,RSBT,18.66,18.68,18.77,18.66,73000,1368188.0,0.61,-0.16,-0.03,0.0
2026-03-26,RSBY,18.54,18.54,18.58,18.53,6200,114956.0,0.27,0.89,0.16,0.0
2026-03-26,RSDE,21.92,21.86,21.92,21.86,1100,25658.0,0.27,-0.55,-0.12,0.0
2026-03-26,RSEE,33.15,32.57,33.15,32.57,900,31766.0,1.72,-2.76,-0.92,0.0
2026-03-26,RSF,14.67,15.07,15.07,14.47,6600,97174.0,4.12,3.57,0.52,0.0
2026-03-26,RSG,215.64,217.27,218.83,215.61,1030700,224093776.0,1.49,0.8,1.72,0.33
2026-03-26,RSHO,50.63,49.37,50.68,49.37,14200,712307.0,2.55,-3.82,-1.96,0.0
2026-03-26,RSI,21.92,21.45,22.22,21.45,1347500,29209658.0,3.51,-2.14,-0.47,0.58
2026-03-26,RSJN,34.41,34.41,34.41,34.41,0,0.0,0.0,-0.64,-0.22,
2026-03-26,RSKD,3.98,3.91,4.08,3.89,1133000,4494738.0,4.8,-2.74,-0.11,0.76
2026-03-26,RSMC,25.07,24.75,25.12,24.75,135500,3395061.0,1.5,-1.26,-0.32,0.0
2026-03-26,RSMR,22.17,22.07,22.17,22.07,2600,59144.0,0.45,-0.5,-0.11,0.0
2026-03-26,RSMV,26.46,26.2,26.46,26.2,2400,65081.0,0.96,-2.02,-0.54,0.0
2026-03-26,RSP,191.71,191.08,193.5,190.84,17145700,3291800832.0,1.38,-0.92,-1.77,0.0
2026-03-26,RSPA,49.95,49.9,50.35,49.78,99600,4980165.0,1.14,-0.89,-0.45,0.0
2026-03-26,RSPC,36.89,36.81,36.95,36.81,500,21472.0,0.37,-1.44,-0.54,0.0
2026-03-26,RSPD,53.77,53.42,54.32,53.39,10000,537454.0,1.72,-1.26,-0.68,0.0
2026-03-26,RSPE,29.66,29.26,29.66,29.26,13400,395114.0,1.35,-1.05,-0.31,0.0
2026-03-26,RSPF,71.2,70.76,71.33,70.52,7500,534040.0,1.14,-0.23,-0.16,0.0
2026-03-26,RSPG,109.76,111.25,112.05,109.75,140900,15676668.0,2.1,1.51,1.66,0.0
2026-03-26,RSPH,30.25,30.33,30.66,30.25,59200,1808391.0,1.35,-0.21,-0.06,0.0
2026-03-26,RSPM,38.09,38.08,38.56,38.05,17200,658501.0,1.33,-0.87,-0.33,0.0
2026-03-26,RSPN,58.02,57.34,58.57,57.25,45900,2664227.0,2.25,-2.07,-1.21,0.0
2026-03-26,RSPR,32.72,32.77,33.15,32.67,9200,304392.0,1.46,0.01,0.0,0.0
2026-03-26,RSPS,29.2,29.23,29.57,29.19,94500,2779371.0,1.3,-0.15,-0.05,0.0
2026-03-26,RSPT,46.0,45.24,46.37,45.2,266800,12212864.0,2.51,-2.88,-1.34,0.0
2026-03-26,RSPU,79.6,79.97,80.15,79.41,43700,3496118.0,0.93,0.34,0.27,0.0
2026-03-26,RSSB,27.08,26.66,27.23,26.66,72200,1955112.0,2.08,-2.59,-0.71,0.0
2026-03-26,RSSE,21.48,21.44,21.52,21.44,1000,22071.0,0.35,-0.49,-0.11,0.0
2026-03-26,RSSL,97.56,97.14,97.56,97.14,1500,149218.0,0.43,-1.68,-1.66,0.0
2026-03-26,RSSS,2.35,2.35,2.37,2.32,50000,117604.0,2.13,0.0,0.0,0.15
2026-03-26,RSST,28.26,28.06,28.48,28.01,266400,7490069.0,1.65,-1.47,-0.42,0.0
2026-03-26,RSSX,22.94,22.31,23.12,22.31,16600,377125.0,3.46,-5.19,-1.22,0.0
2026-03-26,RSSY,22.36,22.28,22.53,22.24,102300,2297656.0,1.32,-0.09,-0.02,0.0
2026-03-26,RSVR,9.22,9.22,9.39,9.17,46300,428128.0,2.31,-0.75,-0.07,0.07
2026-03-26,RSVRW,0.14,0.14,0.14,0.14,200,39.0,0.0,-6.67,-0.01,0.0
2026-03-26,RTAC,10.35,10.32,10.35,10.32,101500,1049214.0,0.34,-0.1,-0.01,0.33
2026-03-26,RTACU,10.58,10.56,10.58,10.56,2500,26797.0,0.19,-0.25,-0.03,0.01
2026-03-26,RTACW,0.53,0.53,0.53,0.53,9400,4982.0,0.0,-3.65,-0.02,0.0
2026-03-26,RTAI,20.57,20.57,20.57,20.57,0,205.0,0.0,-0.77,-0.16,0.0
2026-03-26,RTH,250.69,249.32,252.48,249.17,2800,714661.0,1.31,-0.87,-2.2,0.0
2026-03-26,RTO,31.02,30.71,31.37,30.69,1264800,39242332.0,2.16,-2.23,-0.7,0.25
2026-03-26,RTRE,24.92,24.81,24.93,24.81,18300,458124.0,0.48,-0.78,-0.19,0.0
2026-03-26,RTX,194.31,192.85,194.31,191.38,4871900,938338304.0,1.5,-1.1,-2.15,0.36
2026-03-26,RTXG,24.22,24.2,24.38,23.82,13100,315146.0,2.24,-2.42,-0.6,0.0
2026-03-26,RTYY,13.51,13.34,13.51,13.22,6200,81843.0,2.13,-1.84,-0.25,0.0
2026-03-26,RUBI,0.61,0.59,0.61,0.56,429200,239533.0,8.28,-2.32,-0.01,5.67
2026-03-26,RULE,23.45,23.39,23.45,23.39,600,14812.0,0.25,-3.07,-0.74,0.0
2026-03-26,RUM,5.04,4.99,5.16,4.87,2402400,11944186.0,5.67,-2.35,-0.12,0.55
2026-03-26,RUMBW,1.07,1.03,1.07,1.01,5300,5474.0,5.71,-1.91,-0.02,0.0
2026-03-26,RUN,12.74,12.4,13.2,12.35,5762400,72700552.0,6.52,-4.91,-0.64,2.46
2026-03-26,RUNN,32.17,32.0,32.5,31.96,66900,2153262.0,1.67,-0.94,-0.3,0.0
2026-03-26,RUSC,32.28,31.88,32.32,31.88,4200,135391.0,1.36,-1.56,-0.51,0.0
2026-03-26,RUSHA,66.62,66.2,67.83,65.39,373900,24755974.0,3.63,-1.69,-1.14,0.62
2026-03-26,RUSHB,63.23,63.1,64.11,62.6,56500,3583972.0,2.39,-0.32,-0.2,0.34
2026-03-26,RVER,27.23,27.23,27.23,27.23,0,2692.0,0.0,-2.6,-0.73,0.0
2026-03-26,RVI,31.0,32.18,35.0,30.24,1659400,52728364.0,16.42,11.0,3.19,7.86
2026-03-26,RVLV,22.38,22.25,23.07,22.15,619000,13831147.0,4.05,-2.07,-0.47,0.87
2026-03-26,RVMD,93.68,93.21,95.11,93.05,1703100,159613792.0,2.18,-1.15,-1.08,0.86
2026-03-26,RVMDW,1.65,1.65,1.65,1.65,700,1196.0,0.0,0.0,0.0,0.0
2026-03-26,RVNL,29.69,29.26,31.24,28.92,28700,861665.0,7.5,-5.46,-1.69,0.0
2026-03-26,RVNU,24.36,24.46,24.5,24.36,11200,275264.0,0.57,-0.14,-0.04,0.0
2026-03-26,RVP,0.72,0.68,0.72,0.68,78300,55264.0,5.14,-5.14,-0.04,0.26
2026-03-26,RVPH,0.83,0.78,0.83,0.77,453300,360372.0,7.24,-5.4,-0.04,3.56
2026-03-26,RVRB,33.49,33.49,33.49,33.49,0,201.0,0.0,-1.67,-0.57,0.0
2026-03-26,RVSB,5.4,5.53,5.55,5.38,29000,159487.0,3.12,1.47,0.08,0.14
2026-03-26,RVSN,8.24,7.8,8.24,7.63,8900,70862.0,7.25,-7.03,-0.59,0.41
2026-03-26,RVSNW,0.04,0.04,0.04,0.03,1400,45.0,22.14,-6.77,-0.0,0.0
2026-03-26,RVT,16.8,16.41,16.95,16.32,213500,3537213.0,3.73,-2.84,-0.48,0.0
2026-03-26,RVTY,87.14,87.12,89.33,86.93,576600,50441592.0,2.73,-0.82,-0.72,0.52
2026-03-26,RVYL,5.95,5.35,6.21,5.26,148300,868962.0,15.89,-10.54,-0.63,11.71
2026-03-26,RW,22.99,22.63,22.99,22.63,100,4404.0,1.54,-2.46,-0.57,0.0
2026-03-26,RWAY,7.0,6.81,7.06,6.8,509200,3513001.0,3.77,-2.99,-0.21,1.41
2026-03-26,RWAYI,25.2,25.3,25.3,25.2,900,23547.0,0.4,0.2,0.05,0.0
2026-03-26,RWAYL,25.11,25.01,25.22,25.01,3100,78034.0,0.84,-0.4,-0.1,0.0
2026-03-26,RWEM,30.32,30.35,30.38,29.4,5500,166776.0,3.2,-0.85,-0.26,0.0
2026-03-26,RWJ,50.15,50.4,51.01,50.15,115600,5853835.0,1.7,-0.36,-0.18,0.0
2026-03-26,RWK,127.26,127.48,129.0,127.26,13600,1745244.0,1.36,-0.56,-0.72,0.0
2026-03-26,RWL,114.76,114.4,115.65,114.31,185900,21364534.0,1.16,-0.82,-0.95,0.0
2026-03-26,RWLC,32.13,31.78,32.13,31.78,3500,114367.0,1.08,-1.55,-0.5,0.0
2026-03-26,RWM,16.19,16.28,16.29,16.0,29908500,483094176.0,1.81,1.81,0.29,0.0
2026-03-26,RWO,45.24,45.43,45.82,45.17,47300,2151441.0,1.42,-0.57,-0.26,0.0
2026-03-26,RWR,99.83,100.07,100.84,99.7,579000,58089176.0,1.14,-0.03,-0.03,0.0
2026-03-26,RWT,5.42,5.36,5.47,5.35,1075300,5791040.0,2.11,-1.83,-0.1,0.86
2026-03-26,RWTN,24.15,24.1,24.5,23.94,22000,529841.0,2.31,-0.58,-0.14,0.0
2026-03-26,RWTO,24.03,23.89,24.05,23.72,8400,201371.0,1.36,-1.28,-0.31,0.0
2026-03-26,RWTP,23.58,23.55,23.98,23.51,21300,504937.0,1.98,-0.55,-0.13,0.0
2026-03-26,RWTQ,23.6,23.47,23.6,23.23,10000,235433.0,1.61,0.26,0.06,0.0
2026-03-26,RWX,26.64,26.44,26.75,26.37,27000,716444.0,1.41,-2.11,-0.57,0.0
2026-03-26,RXD,10.23,10.24,10.24,10.09,12300,125114.0,1.57,0.56,0.06,0.0
2026-03-26,RXI,187.7,185.53,188.19,185.51,1700,324935.0,1.42,-1.67,-3.14,0.0
2026-03-26,RXL,45.27,45.39,46.07,45.27,10500,484148.0,1.75,-0.63,-0.29,0.0
2026-03-26,RXO,14.16,14.2,14.88,14.06,988700,14191654.0,5.7,-1.25,-0.18,0.6
2026-03-26,RXRX,3.1,3.15,3.26,3.1,9541200,30285250.0,5.21,-0.63,-0.02,1.81
2026-03-26,RXST,6.55,6.49,6.78,6.45,403400,2637359.0,5.01,-1.52,-0.1,0.98
2026-03-26,RXT,1.25,1.16,1.32,1.08,13232300,15596351.0,18.46,-10.77,-0.14,5.36
2026-03-26,RY,161.13,160.19,162.76,160.04,1706900,274131552.0,1.67,-1.42,-2.31,0.12
2026-03-26,RYAAY,60.67,60.69,61.57,60.48,805000,49026208.0,1.77,-1.11,-0.68,0.15
2026-03-26,RYAM,11.1,10.81,11.34,10.8,592000,6479311.0,4.77,-3.65,-0.41,0.88
2026-03-26,RYAN,33.54,33.04,34.2,32.97,1307100,43573428.0,3.67,-1.37,-0.46,0.5
2026-03-26,RYDE,0.52,0.52,0.55,0.47,827000,434347.0,17.28,12.92,0.06,0.68
2026-03-26,RYET,1.0,0.97,1.02,0.96,27900,27581.0,5.88,-4.9,-0.05,0.08
2026-03-26,RYLD,14.87,14.84,14.94,14.83,858300,12769255.0,0.7,-0.74,-0.11,0.0
2026-03-26,RYLG,21.95,21.72,21.95,21.72,2900,63834.0,1.03,-1.28,-0.28,0.0
2026-03-26,RYM,17.5,17.42,17.5,17.0,2900,51456.0,2.87,-0.03,-0.0,0.14
2026-03-26,RYN,20.06,20.15,20.42,20.0,2023500,40838792.0,2.06,0.1,0.02,
2026-03-26,RYOJ,2.3,2.27,2.5,2.25,4400,10230.0,10.55,-4.22,-0.1,0.04
2026-03-26,RYSE,23.87,24.05,24.05,23.87,1300,33207.0,0.76,1.93,0.46,0.0
2026-03-26,RYTM,83.42,81.9,85.59,81.71,932700,77459488.0,4.59,-3.21,-2.72,1.37
2026-03-26,RYZ,21.02,21.03,21.46,20.7,470400,9882040.0,3.56,-1.59,-0.34,0.91
2026-03-26,RZB,25.04,24.95,25.05,24.94,30600,765285.0,0.44,-0.34,-0.08,0.0
2026-03-26,RZC,25.34,25.35,25.43,25.27,140900,3575219.0,0.61,-0.31,-0.08,0.0
2026-03-26,RZG,56.98,56.07,56.98,56.07,3400,193289.0,1.6,-1.98,-1.13,0.0
2026-03-26,RZLT,3.16,3.25,3.45,3.14,5558900,18058744.0,9.75,2.2,0.07,5.81
2026-03-26,RZLV,2.43,2.35,2.44,2.34,10516100,25023336.0,4.05,-4.86,-0.12,2.64
2026-03-26,RZLVW,0.87,0.86,0.87,0.86,1500,1300.0,1.44,-1.43,-0.01,0.0
2026-03-26,RZV,123.62,124.7,126.26,123.62,4400,556446.0,2.11,-0.44,-0.55,0.0
2026-03-26,S,13.29,13.4,13.69,13.24,5069200,68072776.0,3.37,0.3,0.04,1.49
2026-03-26,SA,25.09,25.15,26.26,25.07,1227000,31467312.0,4.52,-4.41,-1.16,1.18
2026-03-26,SAA,27.07,26.74,27.55,26.74,23800,642886.0,2.98,-2.11,-0.58,0.0
2026-03-26,SAAQ,9.97,9.91,10.02,9.88,112700,1120589.0,1.45,-0.6,-0.06,0.36
2026-03-26,SAAQU,10.2,10.24,10.24,10.19,22100,225613.0,0.52,-0.21,-0.02,0.09
2026-03-26,SAAQW,0.64,0.65,0.7,0.56,16500,11111.0,21.53,-0.03,-0.0,0.0
2026-03-26,SABA,8.19,8.12,8.24,8.12,37600,307447.0,1.46,-1.22,-0.1,0.0
2026-03-26,SABR,1.52,1.53,1.58,1.48,6578200,10025517.0,6.62,1.32,0.02,1.66
2026-03-26,SABS,3.79,3.83,3.89,3.79,649800,2490039.0,2.62,0.26,0.01,
2026-03-26,SACH,0.96,0.96,0.97,0.94,188000,180103.0,3.07,0.92,0.01,0.39
2026-03-26,SAEF,27.73,27.36,27.73,27.33,6800,189974.0,1.45,-1.63,-0.45,0.0
2026-03-26,SAFE,13.75,13.95,14.07,13.75,214800,2994893.0,2.28,-0.36,-0.05,0.3
2026-03-26,SAFT,72.59,73.3,73.3,72.35,95800,6994967.0,1.3,0.66,0.48,0.66
2026-03-26,SAFX,0.37,0.45,0.47,0.35,12527700,5079963.0,32.52,26.87,0.1,5.38
2026-03-26,SAGP,34.16,34.0,34.47,34.0,2200,77612.0,1.37,-1.11,-0.38,0.0
2026-03-26,SAGT,2.21,2.25,2.31,2.08,35100,78735.0,10.83,8.17,0.17,0.28
2026-03-26,SAH,64.96,66.8,66.88,64.96,388200,25729896.0,2.94,2.28,1.49,1.16
2026-03-26,SAIA,339.3,336.78,344.83,331.19,411500,138485440.0,3.96,-2.2,-7.58,1.54
2026-03-26,SAIC,96.18,99.4,99.89,96.04,642800,63702180.0,3.99,3.05,2.94,1.48
2026-03-26,SAIH,8.25,8.34,8.35,8.25,12600,104647.0,1.21,1.09,0.09,0.66
2026-03-26,SAIL,12.17,12.28,12.83,12.11,1996900,24898592.0,5.84,-0.41,-0.05,0.35
2026-03-26,SAJ,25.22,25.28,25.28,25.15,1400,35885.0,0.51,-0.08,-0.02,0.0
2026-03-26,SAM,226.24,233.76,239.1,226.24,215900,50407356.0,5.73,4.23,9.49,2.07
2026-03-26,SAMG,13.23,13.31,13.4,13.12,26700,354594.0,2.15,0.6,0.08,0.23
2026-03-26,SAMM,29.82,29.77,29.82,29.77,2000,60670.0,0.17,-1.2,-0.36,0.0
2026-03-26,SAMT,39.9,39.31,40.24,39.31,63200,2517456.0,2.32,-2.09,-0.84,0.0
2026-03-26,SAN,10.93,10.77,11.02,10.76,8284100,90181448.0,2.37,-3.75,-0.42,0.06
2026-03-26,SANA,3.04,3.03,3.17,2.99,1792800,5511564.0,5.97,-2.26,-0.07,0.67
2026-03-26,SANG,4.12,4.12,4.12,4.12,1100,4981.0,0.0,0.0,0.0,0.0
2026-03-26,SANM,135.83,130.97,135.94,130.79,578700,76582032.0,3.72,-5.48,-7.59,1.06
2026-03-26,SAP,167.72,167.08,170.95,166.3,3719900,626489984.0,2.75,-1.11,-1.87,0.32
2026-03-26,SAPH,31.18,31.31,31.31,31.15,200,6261.0,0.5,-0.44,-0.14,0.0
2026-03-26,SAR,22.14,22.1,22.53,22.01,54900,1223623.0,2.35,-0.32,-0.07,0.34
2026-03-26,SARK,32.68,33.41,33.43,32.2,695200,22931926.0,3.81,3.6,1.16,0.0
2026-03-26,SARO,26.15,26.29,26.52,26.05,3332200,87506752.0,1.76,-1.31,-0.35,1.0
2026-03-26,SASS,23.51,23.11,23.51,23.11,300,8287.0,1.69,-1.46,-0.34,0.0
2026-03-26,SAT,24.7,24.7,24.7,24.7,7600,189071.0,0.0,-0.16,-0.04,0.0
2026-03-26,SATA,99.05,99.0,99.25,98.62,163200,16124931.0,0.64,0.0,0.0,
2026-03-26,SATG,17.03,15.22,17.03,14.71,194400,3016573.0,13.3,-12.73,-2.22,0.0
2026-03-26,SATL,5.75,6.42,6.72,5.63,20936800,131727752.0,17.52,3.22,0.2,14.64
2026-03-26,SATLW,1.64,1.73,1.8,1.52,277700,462067.0,17.61,8.81,0.14,0.0
2026-03-26,SATO,15.19,14.66,15.19,14.66,400,6828.0,3.45,-5.31,-0.82,0.0
2026-03-26,SATS,117.28,111.4,117.81,109.7,9235500,1035745216.0,6.82,-6.44,-7.67,3.2
2026-03-26,SAUG,25.72,25.65,25.83,25.65,10000,258985.0,0.7,-0.82,-0.21,0.0
2026-03-26,SAV,25.2,25.08,25.24,25.05,8100,204542.0,0.75,-0.52,-0.13,0.0
2026-03-26,SAWG,20.46,20.46,20.46,20.46,0,1329.0,0.0,-1.61,-0.34,0.0
2026-03-26,SAWS,21.22,21.22,21.22,21.22,0,191.0,0.0,-2.03,-0.44,0.0
2026-03-26,SAY,25.33,25.15,25.33,25.15,1700,45228.0,0.71,-0.79,-0.2,0.0
2026-03-26,SAZ,25.34,25.29,25.34,25.29,3300,85391.0,0.2,-0.23,-0.06,0.0
2026-03-26,SB,6.24,6.21,6.39,6.2,731200,4590010.0,2.95,-1.11,-0.07,0.72
2026-03-26,SBAC,164.57,166.17,166.91,163.05,662900,110007920.0,2.34,0.62,1.02,0.63
2026-03-26,SBAR,24.71,24.56,24.71,24.48,125400,3088902.0,0.92,-1.8,-0.45,0.0
2026-03-26,SBB,13.32,13.31,13.32,13.11,5000,66786.0,1.56,1.14,0.15,0.0
2026-03-26,SBC,3.8,3.8,3.9,3.7,24200,92194.0,5.25,-0.26,-0.01,0.02
2026-03-26,SBCF,29.94,29.94,30.23,29.83,422600,12674242.0,1.33,-0.66,-0.2,0.43
2026-03-26,SBDS,3.58,3.3,3.87,3.28,42100,149505.0,16.3,-8.84,-0.32,1.65
2026-03-26,SBET,7.0,6.53,7.02,6.45,10293800,68349608.0,7.76,-10.3,-0.75,5.22
2026-03-26,SBEV,0.42,0.4,0.42,0.38,277400,108752.0,10.21,-4.75,-0.02,9.54
2026-03-26,SBFG,20.02,20.6,20.84,20.02,9900,202863.0,4.06,2.08,0.42,0.16
2026-03-26,SBFM,1.03,1.01,1.05,1.0,45700,47224.0,4.85,-1.94,-0.02,0.93
2026-03-26,SBFMW,0.15,0.15,0.15,0.15,100,13.0,0.0,0.0,0.0,0.0
2026-03-26,SBGI,13.05,13.16,13.42,13.05,302500,3984808.0,2.79,-0.6,-0.08,0.42
2026-03-26,SBH,13.72,13.81,14.11,13.66,1253700,17378810.0,3.32,-0.22,-0.03,1.29
2026-03-26,SBI,7.68,7.6,7.68,7.6,44000,335568.0,1.04,-1.04,-0.08,0.0
2026-03-26,SBIL,100.02,100.02,100.03,100.01,126200,12622166.0,0.02,-0.26,-0.26,0.0
2026-03-26,SBIO,49.45,49.9,50.42,49.45,15300,771574.0,1.94,-0.19,-0.1,0.0
2026-03-26,SBIT,54.8,56.06,56.67,54.1,1353700,74818832.0,4.9,6.82,3.58,0.0
2026-03-26,SBLK,22.68,22.5,23.12,22.41,1367300,31019426.0,3.13,-1.57,-0.36,1.23
2026-03-26,SBLX,2.11,2.03,2.23,2.02,20000,41648.0,9.33,-9.78,-0.22,1.38
2026-03-26,SBND,18.8,18.68,18.8,18.68,50200,940431.0,0.61,-0.4,-0.08,0.0
2026-03-26,SBR,74.07,74.84,75.39,74.07,23900,1791309.0,1.78,1.04,0.77,0.16
2026-03-26,SBRA,19.81,19.63,19.94,19.59,1499600,29571988.0,1.79,-1.06,-0.21,0.59
2026-03-26,SBS,29.54,29.01,29.85,28.96,754100,22050590.0,2.98,-2.85,-0.85,0.11
2026-03-26,SBSI,30.59,30.98,31.14,30.59,85700,2651449.0,1.79,0.65,0.2,0.29
2026-03-26,SBSW,11.32,11.22,11.66,11.2,5136800,58461116.0,3.91,-4.59,-0.54,0.73
2026-03-26,SBTU,3.51,3.23,3.58,3.2,119500,403311.0,9.29,-21.04,-0.86,0.0
2026-03-26,SBU,16.81,16.38,16.81,16.38,200,4116.0,2.55,-3.09,-0.52,0.0
2026-03-26,SBUX,92.31,91.22,92.76,90.73,6133900,560552704.0,2.19,-1.6,-1.48,0.54
2026-03-26,SBXD,10.71,10.71,10.71,10.71,100,1498.0,0.0,0.0,0.0,0.0
2026-03-26,SCAG,1.37,1.25,1.37,1.25,4100,5308.0,8.39,-12.58,-0.18,0.01
2026-03-26,SCAP,35.11,34.68,35.11,34.68,2100,74642.0,1.23,-1.06,-0.37,0.0
2026-03-26,SCC,16.96,17.18,17.18,16.59,19800,338177.0,3.52,3.46,0.57,0.0
2026-03-26,SCCD,24.41,24.4,24.41,24.4,6300,155767.0,0.06,-0.25,-0.06,0.0
2026-03-26,SCCE,23.55,23.61,23.65,23.53,3600,86659.0,0.49,0.17,0.04,0.0
2026-03-26,SCCF,23.69,23.67,23.69,23.63,1300,32884.0,0.25,-0.08,-0.02,0.0
2026-03-26,SCCG,23.71,23.49,23.76,23.49,1100,27917.0,1.14,-0.51,-0.12,0.0
2026-03-26,SCCO,158.51,159.76,160.87,156.19,1560700,248198512.0,2.83,-3.46,-5.73,0.19
2026-03-26,SCCR,25.6,25.47,25.6,25.47,278200,7095963.0,0.51,-0.51,-0.13,0.0
2026-03-26,SCD,15.09,14.86,15.09,14.84,52900,790512.0,1.71,-0.6,-0.09,0.0
2026-03-26,SCDL,49.14,49.14,49.14,49.14,0,0.0,0.0,1.62,0.78,
2026-03-26,SCDS,61.29,61.29,61.29,61.29,0,61.0,0.0,-1.79,-1.12,0.0
2026-03-26,SCDV,25.22,24.86,25.22,24.86,100,4258.0,1.41,-2.22,-0.56,0.0
2026-03-26,SCEC,24.99,24.92,24.99,24.9,136000,3391546.0,0.36,-0.44,-0.11,0.0
2026-03-26,SCEP,23.68,23.46,23.68,23.46,34700,818168.0,0.93,-1.3,-0.31,0.0
2026-03-26,SCHA,29.12,28.93,29.46,28.92,2162500,63056340.0,1.85,-1.87,-0.55,0.0
2026-03-26,SCHB,25.18,24.93,25.3,24.91,12485000,313397568.0,1.54,-1.73,-0.44,0.0
2026-03-26,SCHC,46.06,45.62,46.41,45.57,321000,14762225.0,1.8,-2.17,-1.01,0.0
2026-03-26,SCHD,30.44,30.62,30.81,30.44,20280000,622300352.0,1.2,0.26,0.08,0.0
2026-03-26,SCHE,32.57,32.22,32.76,32.19,1741200,56592660.0,1.72,-2.75,-0.91,0.0
2026-03-26,SCHF,24.4,24.16,24.6,24.15,11303900,275330688.0,1.84,-2.38,-0.59,0.0
2026-03-26,SCHG,29.3,28.88,29.45,28.86,16698600,486505920.0,2.01,-2.23,-0.66,0.0
2026-03-26,SCHH,21.21,21.24,21.41,21.14,13722600,292105568.0,1.29,-0.09,-0.02,0.0
2026-03-26,SCHI,22.57,22.48,22.61,22.46,5572400,125443152.0,0.66,-0.75,-0.17,0.0
2026-03-26,SCHJ,24.64,24.59,24.66,24.58,313600,7718073.0,0.3,-0.34,-0.08,0.0
2026-03-26,SCHK,31.39,31.09,31.56,31.08,967100,30269990.0,1.52,-1.74,-0.55,0.0
2026-03-26,SCHL,38.78,39.02,39.4,38.74,540700,21157456.0,1.68,-0.18,-0.07,2.49
2026-03-26,SCHM,31.04,30.77,31.35,30.75,1461300,45298472.0,1.91,-1.91,-0.6,0.0
2026-03-26,SCHO,24.21,24.17,24.21,24.17,3421800,82787552.0,0.17,-0.21,-0.05,0.0
2026-03-26,SCHP,26.55,26.46,26.56,26.45,3554200,94214088.0,0.41,-0.34,-0.09,0.0
2026-03-26,SCHQ,31.29,31.2,31.38,31.14,472400,14769886.0,0.75,-0.79,-0.25,0.0
2026-03-26,SCHR,24.8,24.72,24.83,24.71,4149300,102700880.0,0.46,-0.56,-0.14,0.0
2026-03-26,SCHV,30.49,30.32,30.65,30.3,6633800,202239296.0,1.14,-1.04,-0.32,0.0
2026-03-26,SCHW,94.68,94.47,95.16,93.84,6984100,659591296.0,1.39,-0.55,-0.52,0.4
2026-03-26,SCHX,25.71,25.45,25.83,25.43,25331700,649415872.0,1.54,-1.74,-0.45,0.0
2026-03-26,SCHY,31.06,30.9,31.22,30.88,449100,13933436.0,1.09,-0.9,-0.28,0.0
2026-03-26,SCHZ,23.13,23.04,23.21,23.04,3818700,88214424.0,0.73,-0.65,-0.15,0.0
2026-03-26,SCI,78.65,81.84,83.12,78.65,2023200,165912272.0,5.67,3.87,3.05,1.45
2026-03-26,SCIIU,10.78,10.26,11.29,10.18,11900,124420.0,10.9,0.77,0.08,0.07
2026-03-26,SCIO,20.62,20.5,20.62,20.5,60500,1243949.0,0.58,-0.8,-0.17,0.0
2026-03-26,SCJ,96.74,95.83,97.27,95.65,32200,3115034.0,1.66,-1.86,-1.82,0.0
2026-03-26,SCKT,0.92,0.9,0.92,0.88,12300,10984.0,3.96,1.81,0.02,0.15
2026-03-26,SCL,49.88,50.04,50.74,49.72,121300,6085213.0,2.03,-0.46,-0.23,0.53
2026-03-26,SCLS,23.86,23.86,23.86,23.86,0,858.0,0.0,1.08,0.25,0.0
2026-03-26,SCLX,6.74,6.58,6.81,6.45,21300,141723.0,5.35,-2.08,-0.14,0.25
2026-03-26,SCLXW,0.11,0.12,0.11,0.12,0,9.0,-9.71,0.0,0.0,0.0
2026-03-26,SCLZ,51.79,51.38,51.79,51.38,2100,108742.0,0.8,-1.64,-0.86,0.0
2026-03-26,SCM,9.15,9.11,9.42,9.09,133000,1222650.0,3.57,-1.3,-0.12,0.46
2026-03-26,SCMB,25.42,25.35,25.42,25.33,920000,23335984.0,0.35,-0.18,-0.05,0.0
2026-03-26,SCMC,24.91,24.83,24.91,24.79,25200,627303.0,0.48,-0.4,-0.1,0.0
2026-03-26,SCNI,0.68,0.6,0.7,0.55,34700,21930.0,22.97,-10.3,-0.07,1.0
2026-03-26,SCNM,24.78,24.73,24.81,24.71,35700,884493.0,0.38,-0.4,-0.1,0.0
2026-03-26,SCNX,0.46,0.45,0.47,0.43,298100,135260.0,8.4,-1.33,-0.01,0.73
2026-03-26,SCO,8.07,8.06,8.21,7.9,34373700,275557856.0,3.66,-3.93,-0.33,0.0
2026-03-26,SCOR,7.02,7.21,7.3,7.02,6200,44900.0,3.98,1.41,0.1,0.04
2026-03-26,SCOW,19.15,19.15,19.15,19.15,0,115.0,0.0,-0.85,-0.16,0.0
2026-03-26,SCPQ,9.9,9.9,9.9,9.9,0,9.0,0.0,0.0,0.0,0.0
2026-03-26,SCPQU,10.29,10.06,11.02,10.02,14700,149310.0,9.98,0.4,0.04,0.14
2026-03-26,SCSC,36.45,36.79,37.13,36.16,243900,8967829.0,2.64,0.08,0.03,1.14
2026-03-26,SCUS,25.18,25.17,25.18,25.17,86400,2175405.0,0.04,-0.06,-0.01,0.0
2026-03-26,SCVL,16.66,16.43,17.52,15.9,886600,14755978.0,9.09,-8.06,-1.44,3.23
2026-03-26,SCWO,3.5,3.0,3.51,2.87,52000,165983.0,18.27,-14.29,-0.5,0.31
2026-03-26,SCYB,25.92,25.81,25.95,25.77,1033300,26716410.0,0.67,-0.65,-0.17,0.0
2026-03-26,SCYX,0.83,0.84,0.87,0.82,112000,94342.0,5.61,-4.92,-0.04,0.25
2026-03-26,SCZ,77.66,76.99,78.15,76.94,5592900,434336480.0,1.54,-1.84,-1.44,0.0
2026-03-26,SCZM,7.76,7.3,7.84,7.22,369400,2760001.0,7.64,-9.32,-0.75,0.4
2026-03-26,SD,17.0,16.88,17.34,16.88,540600,9222978.0,2.73,0.12,0.02,1.47
2026-03-26,SDA,1.75,1.75,1.84,1.71,21800,38816.0,7.3,-1.69,-0.03,0.02
2026-03-26,SDAWW,0.19,0.19,0.19,0.19,6400,1250.0,1.04,0.0,0.0,0.0
2026-03-26,SDCI,26.84,26.78,27.01,26.73,168800,4531582.0,1.06,1.36,0.36,0.0
2026-03-26,SDCP,25.55,25.55,25.55,25.55,0,178.0,0.0,-0.1,-0.03,0.0
2026-03-26,SDD,11.48,11.69,11.72,11.39,2400,27981.0,2.88,2.13,0.24,0.0
2026-03-26,SDEM,31.66,31.51,31.8,31.51,3700,117959.0,0.91,-1.44,-0.46,0.0
2026-03-26,SDFI,35.44,35.44,35.44,35.44,4700,166674.0,0.01,-0.35,-0.12,0.0
2026-03-26,SDG,82.79,81.84,82.79,81.84,5800,481420.0,1.15,-1.73,-1.44,0.0
2026-03-26,SDGR,11.28,11.57,11.76,11.28,897000,10385947.0,4.21,1.49,0.17,1.22
2026-03-26,SDHC,12.1,12.23,12.66,12.1,178200,2201230.0,4.55,-0.57,-0.07,0.35
2026-03-26,SDHI,10.3,10.3,10.3,10.3,145000,1493500.0,0.0,0.0,0.0,0.42
2026-03-26,SDHIR,0.18,0.18,0.18,0.18,31200,5628.0,0.0,-10.0,-0.02,0.0
2026-03-26,SDHY,15.93,15.76,16.0,15.71,42200,669537.0,1.82,-0.94,-0.15,0.0
2026-03-26,SDIV,24.7,24.62,24.87,24.6,455500,11248031.0,1.05,-1.24,-0.31,0.0
2026-03-26,SDMF,24.68,24.7,24.7,24.68,600,17111.0,0.1,0.04,0.01,0.0
2026-03-26,SDOG,64.47,64.67,65.19,64.47,19700,1277473.0,1.12,0.02,0.01,0.0
2026-03-26,SDOT,1.69,1.64,1.79,1.64,9300,15787.0,9.24,1.86,0.03,0.5
2026-03-26,SDOW,35.68,36.18,36.28,34.81,9923500,353102592.0,4.18,3.17,1.11,0.0
2026-03-26,SDP,10.99,10.9,10.99,10.9,23700,259872.0,0.82,-0.31,-0.03,0.0
2026-03-26,SDRL,44.92,45.46,46.2,44.92,651500,29685988.0,2.85,1.09,0.49,1.04
2026-03-26,SDS,75.04,76.59,76.64,74.39,4020200,303206432.0,3.04,3.58,2.65,0.0
2026-03-26,SDSI,51.09,51.04,51.15,51.04,19100,979495.0,0.21,-0.32,-0.17,0.0
2026-03-26,SDST,2.64,2.32,2.65,2.31,95400,234873.0,13.03,-11.11,-0.29,0.96
2026-03-26,SDSTW,0.21,0.17,0.21,0.17,5600,992.0,18.52,-18.57,-0.04,0.0
2026-03-26,SDTY,40.31,39.83,40.36,39.83,13300,529615.0,1.32,-1.61,-0.65,0.0
2026-03-26,SDVD,21.83,21.62,21.9,21.57,177000,3851012.0,1.5,-1.95,-0.43,0.0
2026-03-26,SDVY,39.57,39.27,39.86,39.24,2538400,100311200.0,1.57,-1.64,-0.65,0.0
2026-03-26,SDY,144.92,145.28,146.48,144.92,178500,26014760.0,1.07,-0.1,-0.15,0.0
2026-03-26,SE,81.91,79.86,83.1,79.73,2557200,206520672.0,4.09,-3.16,-2.61,0.43
2026-03-26,SEA,16.62,16.37,16.67,16.37,12000,199133.0,1.81,-1.44,-0.24,0.0
2026-03-26,SEAT,5.25,5.69,5.78,5.18,173500,943877.0,11.23,7.36,0.39,1.61
2026-03-26,SEB,5366.66,5435.97,5492.0,5319.0,14800,80317784.0,3.2,0.57,30.67,1.55
2026-03-26,SECR,25.67,25.54,25.67,25.54,7400,190357.0,0.52,-0.6,-0.15,0.0
2026-03-26,SECT,60.59,59.99,60.97,59.99,71500,4319371.0,1.6,-2.28,-1.4,0.0
2026-03-26,SECU,49.63,49.6,49.71,49.48,20200,1005672.0,0.46,0.03,0.01,0.0
2026-03-26,SEDG,50.6,50.27,52.96,49.8,3478200,178320464.0,6.16,-1.97,-1.01,5.76
2026-03-26,SEE,42.01,42.0,42.03,41.99,3416000,143482784.0,0.11,-0.1,-0.04,2.32
2026-03-26,SEED,1.3,1.24,1.3,1.19,26700,33363.0,8.49,-1.59,-0.02,0.22
2026-03-26,SEEM,32.5,32.04,32.69,32.04,23400,761705.0,1.96,-3.4,-1.13,0.0
2026-03-26,SEER,1.72,1.69,1.73,1.67,121500,205989.0,3.19,-2.03,-0.03,0.22
2026-03-26,SEF,34.19,34.28,34.35,34.0,16700,572583.0,1.03,0.66,0.22,0.0
2026-03-26,SEG,20.63,20.93,21.24,20.63,46400,974650.0,2.92,0.29,0.06,0.36
2026-03-26,SEGG,0.64,0.59,0.76,0.59,414400,266178.0,26.44,-8.46,-0.05,3.28
2026-03-26,SEI,60.74,60.45,62.27,59.0,1690200,102514248.0,5.33,-1.43,-0.88,2.44
2026-03-26,SEIC,77.27,76.92,78.26,76.72,750100,57830252.0,2.0,-0.36,-0.28,0.61
2026-03-26,SEIE,32.3,31.99,32.47,31.96,51400,1659470.0,1.57,-1.73,-0.56,0.0
2026-03-26,SEIM,45.92,45.03,46.1,45.02,65400,2980948.0,2.32,-3.2,-1.49,0.0
2026-03-26,SEIQ,36.54,36.27,36.8,36.25,29600,1081027.0,1.5,-1.08,-0.4,0.0
2026-03-26,SEIS,27.92,27.57,28.08,27.56,39000,1088918.0,1.85,-1.82,-0.51,0.0
2026-03-26,SEIV,41.71,41.46,41.95,41.43,56500,2358134.0,1.24,-0.9,-0.38,0.0
2026-03-26,SEIX,23.05,23.05,23.08,23.04,52000,1199806.0,0.16,-0.09,-0.02,0.0
2026-03-26,SELF,5.16,5.12,5.2,5.08,6300,32335.0,2.32,-0.78,-0.04,0.06
2026-03-26,SELV,32.34,32.23,32.47,32.23,5400,175719.0,0.75,-0.28,-0.09,0.0
2026-03-26,SELX,0.37,0.36,0.4,0.28,40500,14886.0,27.62,-17.68,-0.08,0.09
2026-03-26,SEM,16.3,16.29,16.32,16.29,1074700,17512188.0,0.18,0.0,0.0,0.87
2026-03-26,SEMG,24.12,23.83,24.18,23.83,7000,169951.0,1.46,-1.75,-0.42,0.0
2026-03-26,SEMI,29.28,28.66,29.28,28.66,17700,513005.0,2.08,-3.77,-1.12,0.0
2026-03-26,SEMR,11.93,11.93,11.94,11.93,453900,5417143.0,0.08,0.0,0.0,0.3
2026-03-26,SEMY,17.88,17.57,17.99,17.49,418400,7371593.0,2.77,-2.61,-0.47,
2026-03-26,SENEA,145.55,147.35,150.46,145.55,110500,16344675.0,3.35,0.58,0.85,2.12
2026-03-26,SENEB,148.03,148.03,148.03,148.03,100,20392.0,0.0,2.01,2.91,0.01
2026-03-26,SENS,6.7,6.56,6.79,6.5,239900,1594483.0,4.29,-2.96,-0.2,0.57
2026-03-26,SEPI,25.07,24.96,25.33,24.95,89900,2253040.0,1.5,-1.77,-0.45,0.0
2026-03-26,SEPM,31.68,31.59,31.68,31.57,18700,594635.0,0.35,-0.42,-0.13,0.0
2026-03-26,SEPN,23.98,24.74,25.0,23.4,238700,5845085.0,6.61,2.19,0.53,0.53
2026-03-26,SEPP,29.99,29.86,29.99,29.86,4400,133760.0,0.44,-1.07,-0.32,0.0
2026-03-26,SEPT,34.47,34.12,34.47,34.12,8800,304625.0,1.03,-1.34,-0.46,0.0
2026-03-26,SEPU,28.1,27.8,28.1,27.8,16800,471040.0,1.07,-1.2,-0.34,0.0
2026-03-26,SEPW,31.62,31.43,31.62,31.43,15100,476839.0,0.6,-0.86,-0.27,0.0
2026-03-26,SEPZ,40.66,40.44,40.77,40.41,6000,243819.0,0.88,-1.19,-0.49,0.0
2026-03-26,SER,2.76,2.61,2.9,2.56,940500,2561884.0,11.22,-13.86,-0.42,7.64
2026-03-26,SERA,1.96,1.99,2.1,1.95,16200,32452.0,7.5,0.0,0.0,0.04
2026-03-26,SERV,9.14,9.08,9.39,8.95,2344600,21354146.0,4.72,-2.58,-0.24,3.1
2026-03-26,SES,1.05,1.01,1.07,1.01,2649200,2748735.0,5.66,-4.72,-0.05,0.72
2026-03-26,SETH,49.74,50.42,50.6,49.43,49300,2473269.0,2.46,6.01,2.86,0.0
2026-03-26,SETM,32.03,31.21,32.19,31.2,135200,4277076.0,3.02,-4.79,-1.57,0.0
2026-03-26,SEV,2.9,2.75,2.98,2.69,306700,857732.0,10.1,-4.18,-0.12,0.94
2026-03-26,SEVN,8.3,8.26,8.4,8.26,74800,622209.0,1.74,-0.6,-0.05,0.0
2026-03-26,SEZL,67.62,67.03,70.6,66.43,341800,23258496.0,6.06,-2.56,-1.76,1.01
2026-03-26,SF,72.04,72.24,73.07,71.83,1126300,81364352.0,1.71,-0.4,-0.29,0.73
2026-03-26,SFB,19.83,19.76,19.99,19.56,15100,299267.0,2.15,-0.25,-0.05,0.0
2026-03-26,SFBC,43.58,43.88,44.29,43.08,5500,243932.0,2.77,0.33,0.14,0.22
2026-03-26,SFBS,73.04,73.38,74.06,72.83,186700,13697677.0,1.66,-0.65,-0.48,0.34
2026-03-26,SFD,25.25,25.83,26.1,25.19,2897500,73016496.0,3.62,3.36,0.84,0.74
2026-03-26,SFEB,23.8,23.7,23.89,23.67,24900,594308.0,0.94,-0.96,-0.23,0.0
2026-03-26,SFGV,32.57,32.58,32.6,32.57,10900,356118.0,0.1,-1.06,-0.35,0.0
2026-03-26,SFHG,2.3,2.48,2.51,2.24,23000,54764.0,11.34,4.2,0.1,0.57
2026-03-26,SFIX,3.35,3.43,3.51,3.35,2463900,8457506.0,4.66,0.0,0.0,1.8
2026-03-26,SFL,10.64,10.64,10.84,10.6,988600,10573955.0,2.26,0.38,0.04,0.68
2026-03-26,SFLO,29.77,30.03,30.39,29.77,20200,608723.0,2.07,0.13,0.04,0.0
2026-03-26,SFLR,35.7,35.34,35.74,35.31,185900,6598354.0,1.2,-1.17,-0.42,0.0
2026-03-26,SFM,75.65,77.27,78.11,75.26,1710500,132429360.0,3.79,2.67,2.01,1.81
2026-03-26,SFNC,19.17,19.4,19.44,19.17,1398800,27032324.0,1.42,0.31,0.06,0.97
2026-03-26,SFST,53.0,53.85,53.97,52.51,102600,5490179.0,2.75,1.03,0.55,1.25
2026-03-26,SFTX,26.56,26.24,26.72,26.24,24300,647279.0,1.78,-2.88,-0.78,0.0
2026-03-26,SFTY,27.04,26.78,27.09,26.78,21600,584809.0,1.14,-1.81,-0.49,0.0
2026-03-26,SFWL,0.89,0.89,0.89,0.89,3200,2966.0,0.01,1.15,0.01,0.0
2026-03-26,SFY,125.57,123.85,125.71,123.77,12900,1614066.0,1.53,-2.2,-2.78,0.0
2026-03-26,SFYF,51.35,50.51,51.45,50.51,3100,160565.0,1.81,-2.74,-1.42,0.0
2026-03-26,SG,5.2,4.95,5.35,4.95,2842800,14443422.0,7.62,-5.71,-0.3,
2026-03-26,SGA,12.03,12.0,12.05,11.9,4600,55414.0,1.2,-0.41,-0.05,0.07
2026-03-26,SGC,10.02,10.03,10.19,10.02,16000,161385.0,1.67,-1.28,-0.13,0.1
2026-03-26,SGDJ,79.41,77.06,81.17,77.04,163300,12837388.0,5.01,-6.44,-5.3,0.0
2026-03-26,SGDM,68.99,68.27,71.3,68.27,70200,4881557.0,4.26,-4.05,-2.88,0.0
2026-03-26,SGHC,10.42,10.54,10.74,10.35,2148600,22680750.0,3.7,0.0,0.0,0.42
2026-03-26,SGHT,3.99,4.0,4.09,3.99,196900,790526.0,2.48,-0.99,-0.04,0.36
2026-03-26,SGI,74.26,73.76,75.39,73.18,2246000,166100256.0,2.96,-1.27,-0.95,1.07
2026-03-26,SGLC,37.34,36.89,37.34,36.89,108900,4041449.0,1.2,-1.97,-0.74,0.0
2026-03-26,SGLY,0.4,0.39,0.41,0.39,30100,12001.0,6.37,-5.83,-0.02,0.41
2026-03-26,SGML,10.16,9.7,10.5,9.62,1902800,18901722.0,8.4,-7.44,-0.78,1.71
2026-03-26,SGMO,0.36,0.34,0.37,0.34,5109500,1808674.0,8.85,-2.11,-0.01,1.37
2026-03-26,SGMT,4.58,5.11,5.15,4.58,621900,3106686.0,12.34,10.61,0.49,1.91
2026-03-26,SGOL,42.36,41.57,42.66,41.53,7457400,313379200.0,2.63,-3.68,-1.59,0.0
2026-03-26,SGOV,100.62,100.62,100.62,100.61,17499200,1760722048.0,0.01,0.01,0.01,0.0
2026-03-26,SGP,24.6,25.2,25.78,24.6,87200,2208522.0,4.68,-0.08,-0.02,0.26
2026-03-26,SGRP,0.73,0.72,0.75,0.71,35200,26053.0,5.16,-1.52,-0.01,0.15
2026-03-26,SGRT,27.27,26.36,27.27,26.35,210800,5583110.0,3.32,-4.79,-1.33,0.0
2026-03-26,SGRW,18.25,18.25,18.25,18.25,0,18.0,0.0,-2.28,-0.43,0.0
2026-03-26,SGRY,12.03,11.85,12.32,11.82,884600,10571627.0,4.15,-1.66,-0.2,0.68
2026-03-26,SGU,12.57,12.55,12.65,12.48,9500,120041.0,1.38,-0.24,-0.03,0.03
2026-03-26,SGVT,100.68,100.68,100.68,100.67,297600,29613474.0,0.01,0.02,0.02,0.0
2026-03-26,SH,37.83,38.05,38.24,37.67,13781600,522646432.0,1.52,1.33,0.5,0.0
2026-03-26,SHAG,47.44,47.34,47.44,47.34,3000,144777.0,0.22,-0.68,-0.32,0.0
2026-03-26,SHAK,88.32,85.08,89.36,85.0,1017900,87613416.0,4.88,-4.94,-4.42,2.39
2026-03-26,SHAZ,24.49,23.61,24.76,23.61,137300,3345773.0,4.72,-3.12,-0.76,0.85
2026-03-26,SHBI,18.13,18.35,18.49,18.13,313600,5747282.0,1.97,0.16,0.03,0.94
2026-03-26,SHC,13.56,13.54,13.78,13.52,1662100,22590702.0,1.97,-1.17,-0.16,0.58
2026-03-26,SHDG,31.13,30.93,31.22,30.93,2500,79031.0,0.93,-1.04,-0.33,0.0
2026-03-26,SHE,128.32,127.28,129.0,127.28,1600,209734.0,1.33,-1.6,-2.06,0.0
2026-03-26,SHEH,66.82,67.29,67.48,66.81,13700,918676.0,1.0,0.73,0.49,0.0
2026-03-26,SHEL,91.91,91.98,92.7,91.48,6423700,591978432.0,1.33,0.11,0.1,0.23
2026-03-26,SHEN,14.54,14.88,15.05,14.54,168600,2508380.0,3.42,0.74,0.11,0.3
2026-03-26,SHFS,0.89,0.88,0.94,0.83,53000,46464.0,12.56,0.46,0.0,1.72
2026-03-26,SHG,61.46,60.92,62.06,60.9,438400,26697160.0,1.89,-1.33,-0.82,0.09
2026-03-26,SHIM,3.6,3.33,3.6,3.3,13400,45854.0,8.46,-6.2,-0.22,0.04
2026-03-26,SHIP,12.57,12.4,12.95,12.36,176700,2228905.0,4.62,-2.75,-0.35,0.84
2026-03-26,SHLD,72.61,71.51,72.96,71.44,1302900,93990584.0,2.07,-2.75,-2.02,0.0
2026-03-26,SHLS,6.76,6.47,6.87,6.42,3173000,20844766.0,6.51,-6.37,-0.44,1.89
2026-03-26,SHM,47.86,47.82,47.86,47.79,239700,11467046.0,0.15,-0.04,-0.02,0.0
2026-03-26,SHMD,7.15,6.6,7.38,6.41,513600,3539545.0,13.07,-11.05,-0.82,0.92
2026-03-26,SHMDW,2.28,2.12,2.3,2.0,16200,36527.0,13.27,-6.2,-0.14,0.0
2026-03-26,SHNY,12.05,11.63,12.3,11.32,1754000,20606264.0,7.65,-9.0,-1.15,0.0
2026-03-26,SHO,9.31,9.25,9.42,9.22,1183800,10991551.0,2.16,-0.11,-0.01,
2026-03-26,SHOC,74.06,71.76,74.6,71.71,16400,1195652.0,3.84,-4.54,-3.42,0.0
2026-03-26,SHOO,33.29,33.2,34.23,33.03,1180400,39349652.0,3.53,-2.32,-0.79,1.62
2026-03-26,SHOP,116.25,115.43,120.68,115.0,7715300,902729664.0,4.8,-2.52,-2.99,0.59
2026-03-26,SHPD,22.22,22.83,22.83,22.22,2700,60854.0,2.76,2.61,0.58,0.0
2026-03-26,SHPH,0.88,0.86,0.94,0.86,1699400,1706153.0,8.93,-4.05,-0.04,30.39
2026-03-26,SHPP,30.05,29.65,30.05,29.65,100,3659.0,1.33,-1.78,-0.54,0.0
2026-03-26,SHPU,13.26,13.15,14.35,13.11,54700,741933.0,9.0,-4.97,-0.69,0.0
2026-03-26,SHRT,7.39,7.42,7.42,7.37,5500,40688.0,0.68,1.57,0.12,0.0
2026-03-26,SHRY,43.46,43.44,43.47,43.44,500,23557.0,0.07,-0.25,-0.11,0.0
2026-03-26,SHV,110.33,110.31,110.33,110.31,2526800,278773120.0,0.02,-0.01,-0.01,0.0
2026-03-26,SHW,317.52,319.55,326.62,317.32,2058000,661776000.0,2.89,-0.75,-2.4,0.83
2026-03-26,SHY,82.33,82.22,82.36,82.22,7405800,609365440.0,0.17,-0.22,-0.18,0.0
2026-03-26,SHYD,22.62,22.63,22.64,22.55,79800,1804737.0,0.4,-0.09,-0.02,0.0
2026-03-26,SHYG,42.09,41.97,42.16,41.92,1738600,73060936.0,0.57,-0.59,-0.25,0.0
2026-03-26,SHYL,44.22,44.03,44.24,44.03,24100,1065738.0,0.47,-0.74,-0.33,0.0
2026-03-26,SHYM,21.99,21.94,22.0,21.92,397300,8656297.0,0.36,-0.34,-0.07,0.0
2026-03-26,SI,14.3,14.41,14.85,14.3,55500,808376.0,3.82,0.07,0.01,0.27
2026-03-26,SIBN,12.81,12.84,13.13,12.67,543800,6977098.0,3.56,-0.54,-0.07,1.23
2026-03-26,SID,1.27,1.23,1.3,1.23,5435800,6772547.0,5.81,-4.65,-0.06,0.41
2026-03-26,SIDU,2.76,2.7,2.86,2.55,13172400,35708200.0,10.92,-4.93,-0.14,19.8
2026-03-26,SIEB,1.97,1.95,1.99,1.92,19100,37376.0,3.52,-2.01,-0.04,0.05
2026-03-26,SIF,13.08,13.09,13.98,12.28,85100,1118999.0,12.66,-2.53,-0.34,1.37
2026-03-26,SIFI,42.95,42.94,42.96,42.94,500,24447.0,0.07,-0.68,-0.29,0.0
2026-03-26,SIFY,13.98,13.31,14.26,13.26,55400,753969.0,7.08,-5.33,-0.75,0.08
2026-03-26,SIG,88.96,87.92,91.0,86.66,670500,59072696.0,4.83,-2.16,-1.94,1.67
2026-03-26,SIGA,4.93,4.96,5.03,4.89,705300,3546044.0,2.91,-0.6,-0.03,0.98
2026-03-26,SIGI,73.62,74.76,75.39,73.45,652900,48835724.0,2.62,1.41,1.04,1.09
2026-03-26,SIGIP,16.28,16.25,16.46,16.25,6500,106556.0,1.28,-0.79,-0.13,0.08
2026-03-26,SIHY,44.89,44.47,44.89,44.47,38600,1723303.0,0.95,-0.61,-0.27,0.0
2026-03-26,SII,136.02,133.1,139.07,132.91,174200,23577956.0,4.42,-4.48,-6.24,0.68
2026-03-26,SIJ,10.08,10.44,10.45,10.04,73900,762325.0,4.11,5.05,0.5,0.0
2026-03-26,SIL,82.22,81.16,84.98,81.09,2502600,205812640.0,4.56,-4.94,-4.22,13.45
2026-03-26,SILA,23.19,23.15,23.43,23.08,266500,6185890.0,1.52,-0.86,-0.2,0.48
2026-03-26,SILC,22.01,21.29,22.59,21.05,56300,1221175.0,6.81,-5.8,-1.31,
2026-03-26,SILJ,27.14,26.69,28.12,26.65,6795900,184967152.0,5.15,-6.58,-1.88,0.0
2026-03-26,SILO,0.37,0.38,0.39,0.37,85100,31948.0,4.5,-0.29,-0.0,0.64
2026-03-26,SIM,30.8,30.8,30.8,30.8,200,7902.0,0.0,0.0,0.0,0.0
2026-03-26,SIMA,10.68,10.71,10.71,10.68,1200,13119.0,0.28,0.0,0.0,0.0
2026-03-26,SIMAW,0.28,0.28,0.28,0.28,1000,297.0,0.0,-6.67,-0.02,0.0
2026-03-26,SIMO,108.0,111.23,116.39,107.6,938500,105684120.0,7.92,0.27,0.3,2.76
2026-03-26,SIMS,42.5,41.87,42.5,41.87,1400,60076.0,1.46,-2.64,-1.14,0.0
2026-03-26,SINT,2.62,2.42,2.62,2.38,28800,70462.0,9.37,-5.47,-0.14,0.7
2026-03-26,SIO,25.87,25.66,25.87,25.66,15000,386844.0,0.82,-0.29,-0.08,0.0
2026-03-26,SION,37.43,37.96,38.71,35.93,273800,10366934.0,7.5,2.37,0.88,0.61
2026-03-26,SIOO,18.78,18.57,18.83,18.57,8200,153527.0,1.38,-1.54,-0.29,0.0
2026-03-26,SIRI,22.92,22.95,23.22,22.87,2983300,68644152.0,1.52,-0.17,-0.04,0.89
2026-03-26,SITC,5.3,5.37,5.4,5.3,779500,4176138.0,1.86,0.0,0.0,1.49
2026-03-26,SITE,134.38,133.49,136.67,132.21,420500,56164412.0,3.27,-2.06,-2.81,0.95
2026-03-26,SITM,344.48,334.67,347.73,331.55,283200,95983832.0,4.56,-5.59,-19.83,1.08
2026-03-26,SIVR,65.25,63.84,66.29,63.42,3098000,200244960.0,4.19,-6.79,-4.65,0.0
2026-03-26,SIXA,52.2,51.83,52.2,51.8,3600,191871.0,0.77,-0.38,-0.2,0.0
2026-03-26,SIXD,28.19,28.18,28.19,28.18,1400,39917.0,0.05,-0.95,-0.27,0.0
2026-03-26,SIXF,31.41,31.24,31.49,31.22,1000,31407.0,0.85,-1.02,-0.32,0.0
2026-03-26,SIXG,70.78,69.0,71.04,68.97,29000,2032849.0,2.9,-3.43,-2.45,0.0
2026-03-26,SIXH,42.21,41.86,42.21,41.85,2700,116182.0,0.86,-0.55,-0.23,0.0
2026-03-26,SIXJ,33.76,33.47,33.76,33.47,7500,252226.0,0.85,-0.99,-0.34,0.0
2026-03-26,SIXL,37.63,37.58,37.63,37.48,4800,181098.0,0.4,0.13,0.05,0.0
2026-03-26,SIXO,33.92,33.8,33.92,33.79,37000,1255436.0,0.38,-0.43,-0.15,0.0
2026-03-26,SIXP,31.1,31.09,31.1,31.09,400,14078.0,0.03,-1.07,-0.34,0.0
2026-03-26,SIXS,52.08,51.91,52.08,51.91,200,10713.0,0.33,0.21,0.11,0.0
2026-03-26,SIXZ,29.0,28.87,29.06,28.87,5900,171007.0,0.65,-0.69,-0.2,0.0
2026-03-26,SIZE,159.12,158.18,160.45,158.13,2600,416651.0,1.44,-1.49,-2.39,0.0
2026-03-26,SJ,1.43,1.47,1.5,1.27,94800,132582.0,15.86,1.38,0.02,0.22
2026-03-26,SJB,15.54,15.63,15.65,15.54,658400,10271909.0,0.71,0.71,0.11,0.0
2026-03-26,SJCP,24.78,24.78,24.78,24.78,0,74.0,0.0,-0.38,-0.09,0.0
2026-03-26,SJLD,25.08,25.08,25.08,25.08,0,75.0,0.0,-0.22,-0.06,0.0
2026-03-26,SJM,95.11,95.11,96.41,94.6,1827200,173880688.0,1.9,-0.29,-0.28,1.71
2026-03-26,SJNK,24.88,24.81,24.91,24.78,5944400,147668016.0,0.52,-0.56,-0.14,0.0
2026-03-26,SJT,5.11,5.15,5.22,5.11,167200,864315.0,2.15,0.78,0.04,0.36
2026-03-26,SKBL,3.23,3.21,3.3,3.13,76300,244678.0,5.26,-0.62,-0.02,0.53
2026-03-26,SKE,26.39,26.46,27.75,26.26,588100,15770713.0,5.45,-3.18,-0.87,0.48
2026-03-26,SKF,31.31,31.34,31.53,30.78,29900,934116.0,2.43,1.36,0.42,0.0
2026-03-26,SKIL,4.04,4.12,4.34,3.98,42100,174893.0,8.78,0.49,0.02,0.48
2026-03-26,SKIN,0.99,0.9,1.01,0.9,588400,555205.0,11.66,-10.15,-0.1,0.46
2026-03-26,SKK,0.26,0.25,0.27,0.24,87100,21695.0,13.02,-2.67,-0.01,0.46
2026-03-26,SKLZ,2.47,2.52,2.57,2.46,26400,66385.0,4.35,-0.4,-0.01,0.17
2026-03-26,SKM,29.7,29.2,29.92,29.17,1068400,31514156.0,2.47,-3.88,-1.18,0.28
2026-03-26,SKOR,48.46,48.29,48.46,48.29,163400,7909569.0,0.35,-0.46,-0.22,0.0
2026-03-26,SKRE,8.9,8.79,8.9,8.76,112600,994227.0,1.62,0.21,0.02,0.0
2026-03-26,SKT,33.68,33.97,34.3,33.65,696200,23688706.0,1.91,0.06,0.02,0.61
2026-03-26,SKWD,43.0,43.26,43.56,42.7,357800,15454132.0,2.0,0.25,0.11,0.8
2026-03-26,SKY,75.01,74.42,76.72,73.78,415500,30979702.0,3.89,-1.59,-1.2,0.75
2026-03-26,SKYE,0.62,0.62,0.62,0.6,187000,113831.0,3.2,-1.09,-0.01,0.56
2026-03-26,SKYH,9.89,9.59,9.97,9.52,101500,986141.0,4.56,-2.84,-0.28,0.13
2026-03-26,SKYQ,2.2,2.02,2.2,1.85,125100,254241.0,15.92,-8.18,-0.18,3.33
2026-03-26,SKYT,28.23,27.87,28.69,27.8,1217200,34336004.0,3.09,-3.33,-0.96,2.54
2026-03-26,SKYU,25.35,25.3,25.38,25.27,1000,27571.0,0.43,-2.79,-0.73,0.0
2026-03-26,SKYW,92.67,93.98,94.94,92.67,275400,25912052.0,2.41,-0.16,-0.15,0.69
2026-03-26,SKYX,1.6,1.56,1.6,1.53,1070300,1683382.0,4.35,-3.11,-0.05,0.8
2026-03-26,SKYY,110.23,109.92,112.57,109.73,164600,18294290.0,2.55,-1.39,-1.55,0.0
2026-03-26,SLAB,206.54,206.79,207.5,206.32,175400,36293900.0,0.57,-0.14,-0.28,0.53
2026-03-26,SLAI,0.84,0.77,0.84,0.75,89000,64212.0,10.12,-7.85,-0.07,0.48
2026-03-26,SLB,51.55,52.31,52.69,51.48,16516100,863409472.0,2.33,0.81,0.42,1.1
2026-03-26,SLDB,7.06,7.73,7.96,7.06,1152300,8852215.0,12.45,6.92,0.5,1.17
2026-03-26,SLDE,17.59,18.03,18.22,17.51,1758300,31654796.0,4.0,1.46,0.26,1.41
2026-03-26,SLDP,3.03,3.01,3.11,2.99,2948500,8951469.0,3.84,-2.27,-0.07,1.34
2026-03-26,SLDPW,0.24,0.2,0.24,0.19,14900,3065.0,20.93,-14.52,-0.03,0.0
2026-03-26,SLDR,49.83,49.83,49.83,49.83,0,1943.0,0.0,-0.17,-0.09,0.0
2026-03-26,SLE,4.0,4.17,4.23,4.0,7800,32671.0,5.97,6.92,0.27,0.68
2026-03-26,SLF,62.32,62.53,63.04,62.08,502100,31393566.0,1.53,-0.38,-0.24,0.09
2026-03-26,SLG,36.97,36.65,38.0,36.63,803900,29724014.0,3.68,-1.43,-0.53,1.13
2026-03-26,SLGB,0.92,0.86,0.92,0.86,39000,34477.0,6.57,-5.81,-0.05,0.1
2026-03-26,SLGL,78.85,77.75,81.5,75.7,63600,5032547.0,7.34,-1.67,-1.32,1.95
2026-03-26,SLGN,39.11,38.8,39.59,38.6,852000,33195578.0,2.51,-1.57,-0.62,0.81
2026-03-26,SLI,3.61,3.5,3.68,3.48,1433100,5074442.0,5.26,-5.66,-0.21,0.6
2026-03-26,SLJY,32.0,31.15,32.21,30.87,28500,897860.0,4.09,-4.94,-1.62,0.0
2026-03-26,SLM,20.12,20.64,20.69,20.12,2312300,47563812.0,2.81,1.03,0.21,1.17
2026-03-26,SLMBP,74.9,74.5,74.9,74.5,800,59778.0,0.54,0.0,0.0,0.0
2026-03-26,SLMT,0.89,0.82,0.89,0.82,326000,274822.0,8.1,-5.42,-0.05,0.4
2026-03-26,SLN,5.42,5.31,5.42,5.1,307200,1622110.0,5.85,-2.93,-0.16,0.65
2026-03-26,SLND,1.58,1.61,1.79,1.43,8568600,13499744.0,27.24,21.97,0.29,15.83
2026-03-26,SLNG,4.31,4.57,4.69,4.26,51800,232631.0,10.0,6.28,0.27,0.28
2026-03-26,SLNH,0.76,0.71,0.82,0.71,2113200,1615598.0,14.17,-9.78,-0.08,1.91
2026-03-26,SLNHP,8.08,7.32,8.08,7.29,15900,126668.0,9.74,-9.74,-0.79,0.0
2026-03-26,SLNO,31.36,31.86,32.15,30.85,1752500,54970640.0,4.1,0.06,0.02,3.39
2026-03-26,SLNZ,45.49,45.49,45.49,45.49,400,19921.0,0.0,0.08,0.03,0.0
2026-03-26,SLON,5.73,5.37,5.76,5.35,262200,1431642.0,6.55,-14.22,-0.89,0.0
2026-03-26,SLP,11.54,11.7,12.15,11.52,202800,2404425.0,5.42,1.39,0.16,1.01
2026-03-26,SLQD,50.31,50.25,50.35,50.24,278800,14025497.0,0.23,-0.27,-0.13,0.0
2026-03-26,SLQT,0.63,0.61,0.65,0.6,679900,415763.0,7.92,-2.97,-0.02,0.39
2026-03-26,SLRC,14.31,14.16,14.49,14.14,255000,3637004.0,2.48,-0.91,-0.13,0.47
2026-03-26,SLS,5.09,4.95,5.27,4.92,5669100,28592634.0,6.59,-6.6,-0.35,3.16
2026-03-26,SLSN,0.87,0.94,0.94,0.86,11800,10828.0,8.64,5.98,0.05,0.02
2026-03-26,SLSR,8.06,7.86,8.24,7.86,131600,1058846.0,4.67,-4.61,-0.38,0.08
2026-03-26,SLTY,29.07,29.45,29.45,28.94,15300,446219.0,1.77,1.48,0.43,0.0
2026-03-26,SLV,62.1,60.77,63.13,60.37,56080400,3457764096.0,4.24,-6.81,-4.44,0.0
2026-03-26,SLVM,40.38,40.3,41.53,40.18,502600,20409698.0,3.32,-0.64,-0.26,1.27
2026-03-26,SLVO,83.58,80.31,83.58,80.01,120500,9839630.0,4.18,-6.07,-5.19,0.0
2026-03-26,SLVP,32.68,32.29,33.85,32.21,379300,12441367.0,4.8,-5.45,-1.86,0.0
2026-03-26,SLVR,54.41,52.85,56.17,52.74,356100,19233522.0,6.01,-7.45,-4.26,1.14
2026-03-26,SLVX,17.45,16.99,17.88,16.99,9400,164968.0,4.87,-6.65,-1.21,0.0
2026-03-26,SLX,89.2,88.59,89.91,88.4,19900,1774211.0,1.68,-1.54,-1.39,0.0
2026-03-26,SLXN,1.42,1.31,1.42,1.27,43800,59499.0,10.21,-7.75,-0.11,1.32
2026-03-26,SLXNW,0.02,0.02,0.02,0.02,800,16.0,0.56,13.56,0.0,0.0
2026-03-26,SLYG,96.47,95.7,97.44,95.6,161800,15618066.0,1.89,-1.76,-1.71,0.0
2026-03-26,SLYV,94.23,94.63,95.63,94.23,306000,29025442.0,1.47,-0.47,-0.45,0.0
2026-03-26,SM,32.0,32.68,33.17,31.72,5000000,163012288.0,4.6,3.75,1.18,2.1
2026-03-26,SMA,30.49,30.01,31.08,29.9,943800,28524782.0,3.86,-1.86,-0.57,1.7
2026-03-26,SMAP,24.48,24.25,24.48,24.25,1000,24344.0,0.95,-1.25,-0.31,0.0
2026-03-26,SMAX,26.87,26.77,26.87,26.76,22300,599984.0,0.39,-0.39,-0.1,0.0
2026-03-26,SMAY,26.21,26.16,26.26,26.16,1400,38844.0,0.39,-0.66,-0.17,0.0
2026-03-26,SMB,17.28,17.27,17.29,17.27,55000,950921.0,0.12,-0.09,-0.02,0.0
2026-03-26,SMBC,62.45,63.16,63.24,61.85,35300,2216137.0,2.21,0.65,0.41,0.32
2026-03-26,SMBK,38.08,38.59,38.6,37.85,57400,2199366.0,1.95,0.42,0.16,0.34
2026-03-26,SMBS,25.42,25.33,25.47,25.32,987000,25050666.0,0.58,-0.84,-0.22,0.0
2026-03-26,SMC,31.3,32.63,33.5,31.3,137100,4502284.0,6.85,1.56,0.5,0.72
2026-03-26,SMCF,34.7,34.69,34.7,34.69,100,6671.0,0.03,-0.24,-0.08,0.0
2026-03-26,SMCI,23.32,22.21,23.74,21.86,53777200,1212462720.0,7.82,-7.65,-1.84,8.96
2026-03-26,SMCL,1.83,1.65,1.89,1.6,20896600,36123732.0,15.13,-15.38,-0.3,0.0
2026-03-26,SMCO,27.59,27.11,27.59,27.08,5500,152696.0,1.85,-1.87,-0.52,0.0
2026-03-26,SMCX,9.12,8.29,9.49,8.0,7739800,66060232.0,15.22,-15.32,-1.5,0.0
2026-03-26,SMCY,5.46,5.36,5.57,5.3,708300,3844163.0,4.74,-5.96,-0.34,0.0
2026-03-26,SMCZ,45.4,49.27,50.46,43.79,714500,32826410.0,15.52,14.63,6.29,
2026-03-26,SMDD,11.41,11.56,11.56,11.15,7300,83991.0,3.74,3.93,0.44,0.0
2026-03-26,SMDV,68.14,68.49,68.89,68.14,8800,606659.0,1.09,-0.2,-0.14,0.0
2026-03-26,SMDX,23.44,23.44,23.44,23.44,0,846.0,0.0,-1.62,-0.39,0.0
2026-03-26,SMFG,19.61,19.39,19.69,19.35,2013700,39269328.0,1.71,-2.71,-0.54,0.03
2026-03-26,SMG,64.61,62.19,65.36,61.53,1535800,96778200.0,5.67,-8.1,-5.48,2.65
2026-03-26,SMH,391.92,380.84,392.68,380.3,14806200,5694070784.0,3.1,-4.56,-18.18,0.0
2026-03-26,SMHB,3.65,3.6,3.67,3.57,15200,54693.0,2.94,0.81,0.03,0.0
2026-03-26,SMHI,7.4,7.6,7.75,7.4,107400,815270.0,4.73,2.7,0.2,0.4
2026-03-26,SMHX,37.98,37.3,38.2,37.26,150600,5650009.0,2.44,-3.17,-1.22,0.0
2026-03-26,SMID,30.12,32.95,32.95,30.12,5300,171871.0,9.36,9.0,2.72,0.1
2026-03-26,SMIG,29.27,29.27,29.56,29.23,214600,6301568.0,1.12,-0.59,-0.18,0.0
2026-03-26,SMIN,60.3,59.67,60.75,59.57,141500,8507839.0,1.94,-1.91,-1.16,0.0
2026-03-26,SMIZ,37.23,36.76,37.5,36.76,13500,502281.0,1.96,-2.68,-1.01,0.0
2026-03-26,SMJF,3.05,3.18,3.22,3.0,1621200,4921684.0,7.53,8.9,0.26,5.85
2026-03-26,SMLF,75.41,74.89,76.19,74.86,211800,15944482.0,1.74,-1.71,-1.3,0.0
2026-03-26,SMLL,19.01,18.99,19.01,18.99,100,3725.0,0.12,-0.43,-0.08,0.0
2026-03-26,SMLV,136.78,136.54,137.22,136.54,1100,152979.0,0.5,-0.63,-0.86,0.0
2026-03-26,SMMD,76.49,75.93,77.33,75.81,252400,19336780.0,1.96,-1.85,-1.43,0.0
2026-03-26,SMMT,17.47,17.26,18.24,17.15,4344300,76303048.0,6.1,-3.79,-0.68,0.56
2026-03-26,SMMU,50.39,50.4,50.4,50.37,71500,3604459.0,0.06,-0.02,-0.01,0.0
2026-03-26,SMMV,43.21,43.38,43.74,43.2,5500,241025.0,1.24,-0.15,-0.07,0.0
2026-03-26,SMN,10.77,11.05,11.05,10.76,5800,63508.0,2.65,1.89,0.2,0.0
2026-03-26,SMOG,134.25,133.39,134.25,133.39,800,109942.0,0.62,-3.44,-4.75,0.0
2026-03-26,SMOM,25.02,24.75,25.09,24.75,3700,93115.0,1.35,-1.7,-0.43,0.0
2026-03-26,SMOT,34.98,35.05,35.54,34.98,34200,1206198.0,1.59,-0.6,-0.21,0.0
2026-03-26,SMOX,26.41,26.45,26.97,26.41,4500,121610.0,2.08,-1.57,-0.42,0.0
2026-03-26,SMP,36.37,36.39,36.73,35.92,99300,3611773.0,2.21,-0.74,-0.27,0.45
2026-03-26,SMPL,14.13,14.46,14.53,14.08,1834000,26414804.0,3.13,0.49,0.07,1.98
2026-03-26,SMQ,54.19,54.19,54.19,54.19,0,0.0,0.0,1.58,0.84,
2026-03-26,SMR,11.39,10.99,11.61,10.93,16127400,179596928.0,5.82,-5.99,-0.7,4.77
2026-03-26,SMRF,23.44,23.24,23.59,23.24,600,15547.0,1.44,-4.76,-1.16,0.0
2026-03-26,SMRI,35.54,35.37,35.59,35.37,18900,671066.0,0.63,-0.87,-0.31,0.0
2026-03-26,SMRT,1.56,1.53,1.57,1.52,439300,676777.0,3.2,-1.92,-0.03,0.23
2026-03-26,SMSI,0.76,0.79,0.82,0.76,130900,104037.0,7.4,-0.29,-0.0,0.51
2026-03-26,SMST,56.23,58.92,59.0,54.23,170600,9706290.0,8.81,8.82,4.77,0.0
2026-03-26,SMTC,77.79,74.16,78.57,73.74,1991500,151034576.0,6.03,-7.35,-5.88,2.14
2026-03-26,SMTH,25.66,25.59,25.69,25.58,227100,5820151.0,0.45,-0.56,-0.15,0.0
2026-03-26,SMTI,16.21,18.01,18.42,16.2,99100,1738872.0,13.56,10.22,1.67,1.08
2026-03-26,SMTK,0.23,0.25,0.25,0.22,142900,34027.0,10.86,6.03,0.01,0.67
2026-03-26,SMU,15.5,14.35,16.07,14.25,283700,4185434.0,11.2,-11.69,-1.9,0.0
2026-03-26,SMUP,0.46,0.44,0.49,0.43,1648600,737528.0,10.92,-11.57,-0.06,0.0
2026-03-26,SMWB,2.65,2.67,2.79,2.61,296000,801447.0,6.69,-0.74,-0.02,0.34
2026-03-26,SMX,8.0,8.09,8.76,7.86,218600,1805681.0,10.27,-7.65,-0.67,7.2
2026-03-26,SMXT,0.71,0.7,0.75,0.69,288600,204812.0,8.74,-0.48,-0.0,0.53
2026-03-26,SMXWW,0.05,0.04,0.05,0.04,5200,232.0,13.91,-19.35,-0.01,0.0
2026-03-26,SMYY,9.34,9.28,9.35,9.23,25300,236007.0,1.28,-0.69,-0.06,0.0
2026-03-26,SMZ,45.22,48.69,49.1,45.22,5000,241523.0,8.91,11.78,5.13,0.0
2026-03-26,SN,105.78,104.28,108.11,103.01,1457500,152613632.0,4.74,-2.99,-3.21,1.03
2026-03-26,SNA,365.01,362.0,368.45,361.16,393000,142458144.0,1.98,-1.53,-5.62,0.75
2026-03-26,SNAG,4.61,3.74,4.72,3.59,199600,771773.0,23.57,-22.29,-1.07,0.0
2026-03-26,SNAL,0.6,0.55,0.61,0.5,57000,31602.0,19.57,-1.14,-0.01,0.15
2026-03-26,SNAP,4.42,4.01,4.49,3.9,104488700,426188128.0,13.25,-10.69,-0.48,6.19
2026-03-26,SNAV,34.78,34.65,34.78,34.63,1300,46289.0,0.43,-0.74,-0.26,0.0
2026-03-26,SNBR,2.41,2.26,2.52,2.25,944400,2250894.0,10.95,-6.61,-0.16,4.13
2026-03-26,SNCY,16.9,17.04,17.25,16.87,305400,5198895.0,2.24,-0.99,-0.17,0.57
2026-03-26,SND,5.34,5.2,5.4,5.04,648900,3373112.0,7.2,4.0,0.2,1.49
2026-03-26,SNDA,30.97,31.43,31.91,30.82,583100,18293036.0,3.49,0.67,0.21,1.23
2026-03-26,SNDK,654.0,603.17,659.66,602.03,19023800,11745433600.0,8.5,-11.02,-74.69,12.89
2026-03-26,SNDL,1.34,1.33,1.37,1.32,938400,1259849.0,3.18,-2.21,-0.03,0.36
2026-03-26,SNDR,25.52,25.73,25.92,25.45,715500,18415978.0,1.82,-0.46,-0.12,0.41
2026-03-26,SNDU,23.65,20.24,24.44,20.18,207400,4443094.0,16.44,-22.0,-5.71,0.0
2026-03-26,SNDX,23.91,24.7,25.32,23.89,1299200,32232654.0,5.91,2.07,0.5,1.47
2026-03-26,SNES,1.76,1.74,1.78,1.71,12000,21088.0,4.0,-0.57,-0.01,0.23
2026-03-26,SNEX,75.76,77.96,78.56,74.68,973600,75468832.0,5.12,2.91,2.21,1.24
2026-03-26,SNFCA,9.04,9.21,9.26,9.04,26400,243571.0,2.41,0.99,0.09,0.1
2026-03-26,SNGX,1.22,1.21,1.23,1.0,4004800,5055417.0,19.17,0.83,0.01,39.71
2026-03-26,SNN,32.15,32.27,32.6,32.15,835200,27042682.0,1.4,-0.55,-0.18,0.2
2026-03-26,SNOA,2.28,2.1,2.35,2.08,27100,59120.0,11.63,-7.89,-0.18,1.57
2026-03-26,SNOU,19.53,20.59,21.51,19.53,25200,519358.0,9.86,2.57,0.51,0.0
2026-03-26,SNOV,24.9,24.75,24.9,24.71,2600,66556.0,0.76,-0.92,-0.23,0.0
2026-03-26,SNOW,159.41,162.33,166.49,158.54,3142700,511664608.0,4.95,1.07,1.72,0.91
2026-03-26,SNOY,8.23,8.32,8.42,8.18,31300,261022.0,2.88,0.0,0.0,0.0
2026-03-26,SNPD,27.99,27.76,27.99,27.72,800,22596.0,0.97,-0.16,-0.04,0.0
2026-03-26,SNPE,59.68,58.99,59.85,58.97,386600,22947566.0,1.47,-1.77,-1.06,0.0
2026-03-26,SNPG,48.58,47.83,48.58,47.83,300,19270.0,1.54,-2.12,-1.03,0.0
2026-03-26,SNPS,405.28,401.95,413.53,400.37,1380100,558921280.0,3.21,-1.99,-8.18,0.72
2026-03-26,SNPX,23.66,23.14,24.43,23.14,10200,243035.0,5.34,-4.26,-1.03,0.0
2026-03-26,SNSE,28.97,26.88,30.68,26.58,76200,2210891.0,13.9,-8.85,-2.61,6.04
2026-03-26,SNSR,38.08,37.57,38.42,37.57,3900,148937.0,2.21,-2.45,-0.94,0.0
2026-03-26,SNT,2.97,2.91,2.98,2.83,11500,33872.0,5.03,-2.35,-0.07,0.05
2026-03-26,SNTG,1.86,1.87,1.87,1.85,2400,4564.0,0.97,0.43,0.01,0.09
2026-03-26,SNTH,26.45,26.26,26.47,26.26,12900,340816.0,0.79,-1.35,-0.36,0.0
2026-03-26,SNTI,0.89,0.88,0.9,0.87,53400,47253.0,2.67,0.03,0.0,0.2
2026-03-26,SNWV,19.72,18.85,20.0,18.61,160300,2963778.0,7.0,-5.42,-1.08,1.87
2026-03-26,SNX,161.54,159.64,163.59,159.07,419400,67293336.0,2.76,-2.52,-4.13,0.52
2026-03-26,SNXX,39.75,33.43,40.62,33.43,10399600,364664256.0,16.75,-22.11,-9.49,0.0
2026-03-26,SNY,46.33,46.62,47.15,46.25,2216600,103712152.0,1.96,1.28,0.59,0.09
2026-03-26,SNYR,1.13,1.18,1.28,0.99,28100,33876.0,25.03,0.85,0.01,0.25
2026-03-26,SO,94.59,95.42,95.53,94.35,3723400,354717024.0,1.25,0.86,0.81,0.33
2026-03-26,SOAR,0.27,0.29,0.29,0.26,1393800,386877.0,10.36,2.13,0.01,8.58
2026-03-26,SOBO,34.27,34.0,34.44,33.93,1296100,44187592.0,1.51,-0.38,-0.13,0.62
2026-03-26,SOBR,0.8,0.8,0.85,0.79,44000,34969.0,6.62,-5.78,-0.05,2.34
2026-03-26,SOC,17.99,17.92,18.38,17.16,4454700,79765704.0,6.76,-0.67,-0.12,3.03
2026-03-26,SOCA,10.14,10.14,10.14,10.14,0,183.0,0.0,0.0,0.0,0.0
2026-03-26,SOCL,43.12,42.26,43.4,42.26,3000,132209.0,2.55,-4.67,-2.07,0.0
2026-03-26,SOEZ,15.16,14.77,15.19,14.77,15600,233495.0,2.62,-6.85,-1.09,0.0
2026-03-26,SOFA,14.23,13.38,14.23,13.33,20100,276564.0,6.16,-8.45,-1.23,0.0
2026-03-26,SOFI,16.27,15.87,16.49,15.81,59196100,950534592.0,4.14,-4.17,-0.69,4.64
2026-03-26,SOFR,100.39,100.41,100.44,100.38,3200,325704.0,0.06,0.03,0.04,0.0
2026-03-26,SOFX,9.92,9.39,10.13,9.31,701800,6729669.0,7.98,-8.58,-0.88,0.0
2026-03-26,SOGP,15.75,16.0,16.36,15.65,25300,407221.0,4.37,-1.54,-0.25,0.61
2026-03-26,SOHOB,13.48,12.41,13.48,12.36,5700,73777.0,8.84,-2.01,-0.26,0.0
2026-03-26,SOHON,12.8,12.39,13.86,12.01,2500,32448.0,15.41,3.25,0.39,0.0
2026-03-26,SOHOO,12.11,12.51,12.9,12.11,6500,82026.0,6.39,1.21,0.15,0.0
2026-03-26,SOHU,16.09,15.8,16.38,15.6,32800,523075.0,4.78,-3.19,-0.52,0.13
2026-03-26,SOJC,21.04,21.0,21.2,20.96,26800,565561.0,1.13,-0.71,-0.15,0.0
2026-03-26,SOJD,19.7,19.67,19.79,19.62,102300,2017567.0,0.85,-0.1,-0.02,0.0
2026-03-26,SOJE,17.23,17.21,17.4,17.2,126400,2188355.0,1.16,-0.52,-0.09,0.0
2026-03-26,SOJF,25.29,25.11,25.36,25.1,28600,720460.0,1.03,-0.67,-0.17,0.0
2026-03-26,SOLC,17.3,16.81,17.3,16.81,1400,24582.0,2.71,-6.59,-1.19,0.0
2026-03-26,SOLM,11.99,11.66,11.99,11.66,2500,29750.0,2.69,-6.17,-0.77,0.0
2026-03-26,SOLR,30.88,30.4,30.88,30.4,800,24672.0,1.53,-2.69,-0.84,0.0
2026-03-26,SOLS,74.38,74.43,75.84,74.0,1205100,89791976.0,2.41,-2.51,-1.92,0.76
2026-03-26,SOLT,51.6,48.54,52.17,48.53,730300,36440976.0,6.42,-14.45,-8.2,0.0
2026-03-26,SOLV,64.22,64.71,65.39,64.1,1179200,76274128.0,2.0,0.11,0.07,0.68
2026-03-26,SOLX,10.04,9.51,10.04,9.5,13500,134777.0,4.93,-13.17,-1.44,0.0
2026-03-26,SOLZ,8.87,8.62,8.92,8.62,987700,8687624.0,3.23,-7.31,-0.68,0.0
2026-03-26,SOMN,50.99,51.4,51.43,50.98,87300,4477617.0,0.88,0.63,0.32,0.0
2026-03-26,SON,53.18,53.56,53.8,52.85,752200,40250440.0,1.78,0.26,0.14,0.76
2026-03-26,SONM,2.78,2.75,2.88,2.62,17100,47105.0,9.32,-1.43,-0.04,1.15
2026-03-26,SONO,13.07,12.81,13.34,12.8,794000,10255789.0,4.07,-3.39,-0.45,0.66
2026-03-26,SONY,20.19,20.3,20.33,19.98,3435900,69164136.0,1.72,-1.55,-0.32,0.06
2026-03-26,SOPA,0.58,0.56,0.6,0.56,141800,81088.0,7.06,-1.19,-0.01,1.1
2026-03-26,SOPH,4.72,4.73,4.89,4.69,41300,196948.0,4.24,0.21,0.01,0.06
2026-03-26,SOR,45.1,44.85,46.23,44.79,10000,450809.0,3.15,-1.92,-0.88,
2026-03-26,SORA,1.91,1.8,1.92,1.8,1800,3401.0,6.25,-6.25,-0.12,0.01
2026-03-26,SORN,9.87,9.94,9.94,9.87,6600,65801.0,0.71,1.02,0.1,0.02
2026-03-26,SORNU,9.97,10.0,10.0,9.97,1200,11975.0,0.35,0.0,0.0,0.0
2026-03-26,SORNW,0.32,0.32,0.33,0.32,2100,694.0,3.97,0.0,0.0,0.0
2026-03-26,SOS,1.04,1.02,1.1,0.99,60600,62329.0,10.36,-2.39,-0.02,0.67
2026-03-26,SOTK,3.99,4.04,4.08,3.98,4000,16179.0,2.51,1.51,0.06,0.03
2026-03-26,SOUL,10.25,10.26,10.26,10.24,59400,608985.0,0.2,0.1,0.01,0.18
2026-03-26,SOUN,6.35,6.06,6.42,6.05,16236200,100708528.0,5.63,-6.48,-0.42,3.84
2026-03-26,SOUNW,2.07,2.01,2.16,1.95,32300,65270.0,9.72,-6.94,-0.15,0.0
2026-03-26,SOUX,14.38,13.08,14.68,13.07,81400,1113026.0,10.8,-12.52,-1.87,0.0
2026-03-26,SOVF,27.18,27.02,27.27,26.95,8200,222865.0,1.18,-0.14,-0.04,0.0
2026-03-26,SOWG,0.54,0.51,0.57,0.5,215200,113958.0,12.46,-9.73,-0.06,1.61
2026-03-26,SOXL,54.19,49.91,54.44,48.87,116603700,5993458688.0,9.77,-12.5,-7.13,0.0
2026-03-26,SOXQ,61.7,59.71,61.7,59.7,1155900,70044560.0,3.19,-4.8,-3.01,0.0
2026-03-26,SOXS,37.84,40.39,41.26,37.7,46756000,1836091136.0,9.88,12.13,4.37,0.0
2026-03-26,SOXX,339.45,328.85,339.89,328.52,10172400,3389897984.0,3.29,-4.75,-16.4,0.0
2026-03-26,SOXY,65.03,63.3,65.03,63.3,7500,483625.0,2.62,-3.91,-2.57,0.0
2026-03-26,SOYB,24.32,24.5,24.5,24.22,72100,1756636.0,1.15,0.62,0.15,0.0
2026-03-26,SPAB,25.5,25.43,25.53,25.42,4524900,115217464.0,0.43,-0.51,-0.13,0.0
2026-03-26,SPAI,4.3,4.04,4.4,4.0,144400,598346.0,9.17,-7.34,-0.32,0.69
2026-03-26,SPAM,29.17,29.17,29.17,29.17,0,1855.0,0.0,-1.11,-0.33,0.0
2026-03-26,SPAQ,90.27,90.27,90.27,90.27,0,2618.0,0.0,-0.27,-0.25,0.0
2026-03-26,SPB,74.19,75.57,75.97,74.19,258500,19487796.0,2.36,0.31,0.23,1.11
2026-03-26,SPBC,41.49,41.28,41.49,41.27,2100,88439.0,0.53,-2.29,-0.97,0.0
2026-03-26,SPBO,28.87,28.75,28.92,28.75,2143700,61781320.0,0.57,-0.73,-0.21,0.0
2026-03-26,SPBU,27.29,27.07,27.29,27.06,10600,290024.0,0.84,-0.81,-0.22,0.0
2026-03-26,SPBW,27.25,27.11,27.25,27.1,2500,68729.0,0.55,-0.69,-0.19,0.0
2026-03-26,SPBX,26.99,26.87,26.99,26.83,3400,94256.0,0.59,-0.83,-0.23,0.0
2026-03-26,SPCB,8.36,8.06,8.44,8.0,29400,241142.0,5.18,-5.06,-0.43,0.63
2026-03-26,SPCE,2.48,2.46,2.48,2.37,2443100,5921095.0,4.37,-2.38,-0.06,3.34
2026-03-26,SPCI,29.0,27.53,29.17,27.53,3500,101150.0,5.59,-6.18,-1.81,0.0
2026-03-26,SPCT,26.19,25.95,26.19,25.95,5500,145254.0,0.93,-0.73,-0.19,0.0
2026-03-26,SPCX,21.94,21.85,21.99,21.69,1300,29407.0,1.37,0.02,0.0,0.0
2026-03-26,SPCZ,25.58,25.58,25.58,25.58,0,204.0,0.0,0.1,0.02,0.0
2026-03-26,SPD,36.65,36.31,36.67,36.31,19900,730758.0,0.98,-1.6,-0.59,0.0
2026-03-26,SPDG,41.88,41.7,41.88,41.7,600,26871.0,0.43,-0.41,-0.17,0.0
2026-03-26,SPDN,9.92,10.02,10.03,9.87,128241600,1274653440.0,1.62,1.73,0.17,0.0
2026-03-26,SPDV,37.3,37.29,37.6,37.27,12500,471643.0,0.89,0.15,0.06,0.0
2026-03-26,SPDW,45.02,44.56,45.39,44.55,5936600,266106832.0,1.84,-2.32,-1.06,0.0
2026-03-26,SPE,14.05,13.78,14.05,13.72,47900,666334.0,2.35,-2.06,-0.29,0.0
2026-03-26,SPEG,10.18,10.18,10.18,10.18,800,8795.0,0.0,0.2,0.02,0.01
2026-03-26,SPEGU,10.38,10.38,10.38,10.38,0,10.0,0.0,0.0,0.0,0.0
2026-03-26,SPEM,46.37,45.9,46.66,45.88,2378700,109989080.0,1.65,-2.65,-1.25,0.0
2026-03-26,SPEU,50.28,49.92,50.67,49.92,37700,1895836.0,1.47,-1.91,-0.97,0.0
2026-03-26,SPFF,8.93,8.92,9.0,8.91,12200,109547.0,1.0,-0.79,-0.07,0.0
2026-03-26,SPFI,41.24,41.87,41.99,40.71,98400,4094553.0,3.08,1.04,0.43,0.6
2026-03-26,SPG,181.16,181.8,182.83,181.03,1478700,268876416.0,0.99,0.13,0.23,0.46
2026-03-26,SPGI,406.78,412.45,415.35,406.2,2363000,974753472.0,2.24,0.97,3.97,0.79
2026-03-26,SPGM,75.34,74.67,75.75,74.62,204600,15345641.0,1.49,-2.01,-1.53,0.0
2026-03-26,SPGP,108.01,107.07,109.13,106.99,206600,22323314.0,1.96,-1.77,-1.93,0.0
2026-03-26,SPH,20.25,20.52,20.52,20.2,74300,1515560.0,1.58,1.33,0.27,0.11
2026-03-26,SPHB,117.54,115.94,118.46,115.79,332300,38835008.0,2.24,-2.72,-3.24,0.0
2026-03-26,SPHD,48.96,49.2,49.49,48.96,593000,29218528.0,1.08,0.29,0.14,0.0
2026-03-26,SPHL,2.72,2.8,3.21,2.72,69800,204557.0,18.38,4.49,0.12,0.57
2026-03-26,SPHQ,75.86,74.95,76.18,74.9,2171500,163924944.0,1.67,-2.0,-1.53,0.0
2026-03-26,SPHR,114.5,108.33,116.4,108.02,875000,97482968.0,7.24,-6.47,-7.49,2.46
2026-03-26,SPHY,23.2,23.13,23.26,23.09,5521900,127917496.0,0.73,-0.64,-0.15,0.0
2026-03-26,SPIB,33.39,33.3,33.43,33.28,10464000,348932928.0,0.43,-0.51,-0.17,0.0
2026-03-26,SPIN,30.65,30.23,30.65,30.23,2800,85442.0,1.35,-1.62,-0.5,0.0
2026-03-26,SPIP,25.96,25.89,25.99,25.89,173700,4503669.0,0.4,-0.31,-0.08,0.0
2026-03-26,SPIR,13.51,13.49,14.09,13.27,659400,8993783.0,5.97,-1.75,-0.24,1.88
2026-03-26,SPIT,26.53,26.33,26.53,26.33,6800,181733.0,0.72,-2.94,-0.8,0.0
2026-03-26,SPKL,11.3,11.3,11.3,11.3,700,8814.0,0.0,-0.26,-0.03,0.01
2026-03-26,SPKLW,0.22,0.2,0.22,0.2,1400,315.0,7.32,-7.27,-0.02,0.0
2026-03-26,SPLB,22.04,21.98,22.15,21.94,6154800,135657808.0,0.91,-0.9,-0.2,0.0
2026-03-26,SPLS,47.0,46.45,47.0,46.45,2000,93357.0,1.15,-2.07,-0.98,0.0
2026-03-26,SPLV,72.43,72.63,73.13,72.42,2283600,166129024.0,0.98,0.12,0.09,0.0
2026-03-26,SPMA,24.87,24.9,24.98,24.8,1900,48849.0,0.72,-0.28,-0.07,0.0
2026-03-26,SPMB,22.25,22.16,22.29,22.15,1103400,24490190.0,0.63,-0.72,-0.16,0.0
2026-03-26,SPMC,8.64,8.99,9.11,8.64,21900,197433.0,5.33,1.93,0.17,0.11
2026-03-26,SPMD,59.2,58.91,59.87,58.89,2136300,126882856.0,1.63,-1.52,-0.91,0.0
2026-03-26,SPME,24.74,24.64,24.74,24.59,2200,55411.0,0.62,-0.36,-0.09,0.0
2026-03-26,SPMO,113.94,111.34,113.94,111.25,1674400,188354480.0,2.33,-3.45,-3.98,0.0
2026-03-26,SPNT,21.45,21.29,21.73,20.87,580900,12345906.0,4.0,-1.02,-0.22,0.5
2026-03-26,SPOG,7.32,7.37,7.64,7.32,12400,90106.0,4.38,0.78,0.06,0.0
2026-03-26,SPOK,11.12,11.13,11.27,11.1,119200,1332581.0,1.57,0.0,0.0,0.58
2026-03-26,SPOT,468.39,478.18,485.5,466.1,1294500,619504064.0,4.1,1.05,4.97,0.63
2026-03-26,SPPL,2.11,2.01,2.38,2.0,63000,128050.0,20.0,5.79,0.11,1.09
2026-03-26,SPPP,14.43,14.13,14.61,14.0,595600,8536974.0,4.06,-5.86,-0.88,0.0
2026-03-26,SPRB,69.29,69.11,74.83,67.64,41100,2884649.0,10.28,-1.23,-0.86,3.0
2026-03-26,SPRC,4.29,4.0,4.33,3.87,19300,80443.0,10.76,-5.88,-0.25,3.43
2026-03-26,SPRE,19.38,19.36,19.56,19.31,55900,1088621.0,1.28,-0.77,-0.15,0.0
2026-03-26,SPRO,2.39,2.37,2.48,2.34,482600,1167286.0,5.81,-1.66,-0.04,0.83
2026-03-26,SPRU,3.93,4.02,4.17,3.92,28500,115437.0,6.38,2.55,0.1,0.16
2026-03-26,SPRX,38.7,36.57,38.74,36.56,172300,6451627.0,5.5,-7.56,-2.99,0.0
2026-03-26,SPRY,7.87,8.56,8.7,7.82,1898200,16074537.0,11.13,8.35,0.66,1.91
2026-03-26,SPSB,29.97,29.95,30.0,29.94,3058500,91672192.0,0.2,-0.2,-0.06,0.0
2026-03-26,SPSC,54.85,55.1,56.64,54.81,782800,43423028.0,3.33,0.18,0.1,2.09
2026-03-26,SPSK,17.85,17.8,17.89,17.78,139500,2487684.0,0.59,-0.36,-0.07,0.0
2026-03-26,SPSM,48.25,48.1,48.83,48.04,1484500,71846680.0,1.61,-1.11,-0.54,0.0
2026-03-26,SPT,5.62,5.74,5.9,5.55,1477200,8495032.0,6.28,3.05,0.17,2.48
2026-03-26,SPTB,30.16,30.08,30.18,30.08,15100,456198.0,0.35,-0.5,-0.15,0.0
2026-03-26,SPTE,35.01,34.31,35.09,34.28,25400,885004.0,2.29,-3.17,-1.12,0.0
2026-03-26,SPTI,28.53,28.44,28.56,28.43,3129800,89170648.0,0.44,-0.56,-0.16,0.0
2026-03-26,SPTL,26.16,26.09,26.24,26.03,5808500,151789264.0,0.78,-0.8,-0.21,0.0
2026-03-26,SPTM,79.31,78.46,79.65,78.44,1345400,106298360.0,1.52,-1.74,-1.39,0.0
2026-03-26,SPTS,29.09,29.06,29.1,29.05,2690800,78255848.0,0.17,-0.17,-0.05,0.0
2026-03-26,SPTU,25.07,25.07,25.07,25.06,700,19727.0,0.04,0.0,0.0,
2026-03-26,SPUC,44.54,43.92,44.54,43.92,1400,65363.0,1.38,-2.27,-1.02,0.0
2026-03-26,SPUS,48.42,47.76,48.6,47.76,711400,34287348.0,1.71,-2.13,-1.04,0.0
2026-03-26,SPUT,26.69,26.53,26.69,26.53,400,11688.0,0.59,-0.83,-0.22,0.0
2026-03-26,SPUU,166.31,163.1,168.0,163.09,25400,4195920.0,2.9,-3.52,-5.95,0.0
2026-03-26,SPVM,68.54,68.56,69.05,68.51,7300,506981.0,0.79,-0.3,-0.21,0.0
2026-03-26,SPWH,1.38,1.34,1.41,1.33,146100,198237.0,5.8,-2.9,-0.04,0.38
2026-03-26,SPWO,28.09,27.44,28.17,27.44,112500,3121508.0,2.56,-3.69,-1.05,0.0
2026-03-26,SPWR,1.25,1.3,1.34,1.25,1054700,1374433.0,6.64,1.56,0.02,0.93
2026-03-26,SPWRW,0.3,0.3,0.3,0.3,28900,8695.0,0.03,-0.03,-0.0,0.0
2026-03-26,SPXC,198.19,200.45,202.19,194.48,1036100,206836336.0,3.83,-0.41,-0.82,2.08
2026-03-26,SPXD,26.26,26.0,26.26,26.0,4000,106070.0,0.99,-1.09,-0.29,0.0
2026-03-26,SPXE,69.67,68.97,69.67,68.97,1200,86137.0,1.0,-1.83,-1.28,0.0
2026-03-26,SPXL,187.43,181.51,189.97,181.21,3254400,603900800.0,4.6,-4.76,-9.07,0.0
2026-03-26,SPXN,71.16,70.41,71.24,70.39,2200,161352.0,1.18,-1.87,-1.34,0.0
2026-03-26,SPXS,40.39,41.63,41.67,39.87,19837800,805471488.0,4.56,4.8,1.91,0.0
2026-03-26,SPXT,101.41,100.41,101.78,100.41,5600,568887.0,1.34,-1.31,-1.33,0.0
2026-03-26,SPXU,56.63,58.38,58.44,55.9,7324400,417925728.0,4.55,4.81,2.68,0.0
2026-03-26,SPXV,71.39,70.49,71.39,70.49,800,60820.0,1.26,-1.85,-1.33,0.0
2026-03-26,SPXX,16.39,16.25,16.5,16.18,74400,1217759.0,1.95,-1.1,-0.18,0.0
2026-03-26,SPY,652.06,645.09,654.85,644.82,96494300,62689693696.0,1.53,-1.57,-10.31,0.0
2026-03-26,SPYA,26.33,26.33,26.33,26.33,0,158.0,0.0,-1.11,-0.3,0.0
2026-03-26,SPYC,39.67,39.27,39.76,39.24,7100,281705.0,1.3,-1.69,-0.68,0.0
2026-03-26,SPYD,44.9,45.12,45.44,44.9,1273800,57582656.0,1.2,0.13,0.06,0.0
2026-03-26,SPYG,98.74,96.85,98.9,96.82,4105000,401368928.0,2.09,-2.67,-2.66,0.0
2026-03-26,SPYH,52.88,52.45,52.97,52.45,18000,952131.0,0.98,-1.21,-0.64,0.0
2026-03-26,SPYI,49.45,48.97,49.68,48.94,4528600,223366480.0,1.49,-1.65,-0.82,0.0
2026-03-26,SPYM,76.73,75.92,77.07,75.9,10907400,834280064.0,1.52,-1.64,-1.27,0.0
2026-03-26,SPYQ,142.85,142.85,142.85,142.85,100,18698.0,0.0,-3.57,-5.29,0.0
2026-03-26,SPYT,16.35,16.12,16.36,16.12,136500,2217596.0,1.49,-1.77,-0.29,0.0
2026-03-26,SPYU,21.31,20.37,21.68,20.35,2198800,46302080.0,6.06,-6.82,-1.49,0.0
2026-03-26,SPYV,56.35,56.8,56.85,56.24,3787200,214195072.0,1.06,0.19,0.11,0.0
2026-03-26,SPYX,53.21,52.65,53.43,52.61,97300,5157032.0,1.53,-1.77,-0.95,0.0
2026-03-26,SQFT,2.56,2.52,2.57,2.52,4800,11977.0,1.97,-0.79,-0.02,0.33
2026-03-26,SQFTP,6.55,6.44,6.55,6.34,1600,10464.0,3.33,2.25,0.14,0.0
2026-03-26,SQFTW,0.02,0.02,0.03,0.02,24000,541.0,54.36,-0.51,-0.0,0.0
2026-03-26,SQLV,44.26,44.28,44.28,44.25,600,27239.0,0.06,-0.52,-0.23,0.0
2026-03-26,SQM,77.74,77.37,79.31,77.14,710700,55414892.0,2.74,-2.26,-1.79,0.25
2026-03-26,SQMX,33.31,33.21,33.31,33.21,900,33080.0,0.29,-0.3,-0.1,0.0
2026-03-26,SQNS,2.96,2.92,3.03,2.88,44900,132256.0,5.0,-2.67,-0.08,0.28
2026-03-26,SQQQ,79.01,81.6,82.62,78.25,53752400,4308377088.0,5.68,6.03,4.64,0.0
2026-03-26,SQS,24.52,24.22,24.52,24.22,7100,172935.0,1.23,-2.12,-0.53,0.0
2026-03-26,SR,90.26,91.09,91.29,90.13,273900,24901158.0,1.29,0.94,0.85,0.46
2026-03-26,SRAD,18.56,18.0,18.98,17.6,2412900,43508072.0,7.4,-2.76,-0.51,0.24
2026-03-26,SRBK,17.06,16.96,17.2,16.89,23000,392632.0,1.8,-1.28,-0.22,0.28
2026-03-26,SRCE,67.08,68.48,68.49,66.24,112500,7658679.0,3.31,0.63,0.43,0.46
2026-03-26,SRE,94.96,95.5,96.29,94.69,3411700,326077216.0,1.68,0.12,0.11,0.52
2026-03-26,SREA,21.59,19.87,21.67,19.87,50600,1088647.0,8.29,-8.48,-1.84,0.0
2026-03-26,SRET,21.08,20.97,21.14,20.95,19300,407680.0,0.92,-0.78,-0.17,0.0
2026-03-26,SRFM,1.26,1.23,1.28,1.2,1409600,1740740.0,5.92,-4.75,-0.06,1.83
2026-03-26,SRG,2.74,2.7,2.76,2.7,81500,222584.0,2.19,-1.46,-0.04,0.14
2026-03-26,SRHQ,40.79,40.13,40.79,40.13,200,10166.0,1.59,-2.66,-1.09,0.0
2026-03-26,SRHR,52.39,52.39,52.39,52.39,0,1101.0,0.0,-0.74,-0.39,0.0
2026-03-26,SRI,5.28,5.15,5.47,5.09,268100,1388127.0,7.09,-3.92,-0.21,0.96
2026-03-26,SRJN,24.68,24.11,24.68,24.05,31100,755537.0,2.57,-1.83,-0.45,0.0
2026-03-26,SRL,7.62,7.8,7.91,7.62,12700,99527.0,3.81,0.78,0.06,0.08
2026-03-26,SRLN,40.18,40.12,40.25,40.12,4007000,160949408.0,0.32,-0.27,-0.11,0.0
2026-03-26,SROI,32.4,32.4,32.4,32.4,0,227.0,0.0,-1.73,-0.57,0.0
2026-03-26,SRPT,23.15,21.68,23.2,21.36,7565100,166573488.0,7.74,-8.79,-2.09,7.21
2026-03-26,SRPU,14.49,12.4,14.49,12.01,69300,892119.0,16.6,-17.0,-2.54,0.0
2026-03-26,SRRK,45.13,44.21,46.19,44.09,1940700,87157456.0,4.62,-2.69,-1.22,1.69
2026-03-26,SRS,49.13,49.06,49.2,48.39,8100,398539.0,1.65,0.13,0.06,0.0
2026-03-26,SRTA,4.35,4.25,4.4,4.25,375600,1612974.0,3.41,-2.97,-0.13,0.43
2026-03-26,SRTAW,0.01,0.01,0.01,0.01,600,6.0,0.0,-4.55,-0.0,0.0
2026-03-26,SRTS,4.1,4.01,4.13,3.97,17900,72307.0,3.79,-4.98,-0.21,0.11
2026-03-26,SRTY,39.65,39.5,40.43,38.31,1733200,68060936.0,5.49,2.28,0.88,0.0
2026-03-26,SRV,45.64,45.85,46.09,45.55,43500,1992841.0,1.18,0.46,0.21,0.0
2026-03-26,SRVR,30.81,30.61,31.06,30.59,30500,940104.0,1.51,-1.69,-0.52,0.0
2026-03-26,SRXH,0.12,0.12,0.12,0.11,15763600,1780106.0,6.84,-1.2,-0.0,4.4
2026-03-26,SRZN,26.79,28.0,28.52,26.17,58100,1626138.0,9.01,7.12,1.86,0.51
2026-03-26,SRZNW,0.02,0.02,0.02,0.02,100,2.0,0.0,7.37,0.0,0.0
2026-03-26,SSAC,9.88,9.87,9.89,9.86,73900,729561.0,0.3,-0.3,-0.03,0.31
2026-03-26,SSACR,0.18,0.18,0.18,0.18,55800,10043.0,2.17,0.0,0.0,0.0
2026-03-26,SSACU,10.05,10.05,10.05,10.05,101600,1021170.0,0.0,0.0,0.0,0.56
2026-03-26,SSACW,0.07,0.08,0.08,0.07,400,34.0,14.0,14.29,0.01,0.0
2026-03-26,SSB,91.16,91.96,92.29,91.14,562000,48869676.0,1.25,0.27,0.25,0.57
2026-03-26,SSBI,12.75,13.36,13.36,12.75,8000,105565.0,4.66,1.98,0.26,0.12
2026-03-26,SSD,173.95,171.13,176.32,170.25,249400,42834360.0,3.47,-2.12,-3.7,0.61
2026-03-26,SSEA,10.14,10.14,10.14,10.14,2000,20280.0,0.0,0.1,0.01,0.03
2026-03-26,SSEAU,10.28,10.28,10.28,10.28,0,349.0,0.0,0.0,0.0,0.0
2026-03-26,SSFI,21.34,21.25,21.34,21.25,1200,27220.0,0.42,-0.59,-0.13,0.0
2026-03-26,SSG,29.33,30.39,30.81,29.15,147300,4435668.0,5.86,7.69,2.17,0.0
2026-03-26,SSII,4.81,4.93,5.09,4.78,61300,301694.0,6.3,1.44,0.07,0.03
2026-03-26,SSK,11.98,11.64,12.04,11.63,76700,907884.0,3.27,-7.03,-0.88,0.0
2026-03-26,SSL,12.74,12.83,13.02,12.68,2101400,27025156.0,2.61,-0.47,-0.06,0.32
2026-03-26,SSM,6.3,6.5,6.5,6.3,2700,17360.0,3.24,5.25,0.32,0.19
2026-03-26,SSNC,67.05,67.16,69.0,67.01,2707300,182938192.0,2.95,-0.42,-0.28,1.12
2026-03-26,SSO,52.26,51.6,52.72,51.11,4281200,222169840.0,3.04,-2.71,-1.44,0.0
2026-03-26,SSP,3.48,3.62,3.69,3.48,444700,1606889.0,5.93,2.26,0.08,0.49
2026-03-26,SSPY,88.19,87.99,88.32,87.99,10400,918388.0,0.37,-0.95,-0.85,0.0
2026-03-26,SSRM,25.11,24.66,26.46,24.64,3060800,77666104.0,6.98,-5.44,-1.42,1.49
2026-03-26,SSS,18.44,18.42,18.44,18.38,3700,68162.0,0.32,-2.65,-0.5,0.0
2026-03-26,SSSS,10.51,10.27,10.62,10.2,247500,2554985.0,3.98,-2.65,-0.28,0.98
2026-03-26,SSSSL,25.1,25.1,25.1,25.1,100,3352.0,0.0,0.0,0.0,0.0
2026-03-26,SST,1.46,1.37,1.58,1.35,43200,62005.0,15.3,-8.67,-0.13,0.44
2026-03-26,SSTI,6.65,6.62,6.84,6.48,95400,632317.0,5.46,0.46,0.03,0.74
2026-03-26,SSTK,16.53,16.43,16.88,16.28,154800,2531421.0,3.64,-0.36,-0.06,0.44
2026-03-26,SSUS,46.9,46.35,47.06,46.35,137700,6401694.0,1.5,-1.88,-0.89,
2026-03-26,SSXU,34.07,33.64,34.12,33.64,2100,74520.0,1.4,-1.95,-0.67,0.0
2026-03-26,SSYS,8.04,7.91,8.1,7.89,596400,4742463.0,2.6,-2.1,-0.17,0.69
2026-03-26,ST,35.9,35.53,36.52,35.35,1339800,48018928.0,3.21,-2.39,-0.87,0.92
2026-03-26,STAA,18.96,18.64,19.3,18.59,586700,11027401.0,3.7,-2.87,-0.55,1.19
2026-03-26,STAG,35.89,36.69,36.69,35.86,1462800,53042388.0,2.31,1.97,0.71,0.77
2026-03-26,STAK,0.99,1.01,1.01,0.97,481900,479850.0,4.4,1.0,0.01,2.51
2026-03-26,STAX,25.41,25.41,25.41,25.41,0,152.0,0.0,-0.02,-0.01,0.0
2026-03-26,STBA,40.81,41.24,41.43,40.81,148300,6106583.0,1.51,0.17,0.07,0.41
2026-03-26,STBF,25.3,25.27,25.31,25.27,4000,103411.0,0.14,-0.14,-0.03,0.0
2026-03-26,STBQ,20.63,20.36,20.63,20.36,400,8839.0,1.29,-3.25,-0.68,0.0
2026-03-26,STC,57.93,59.38,59.67,57.75,185000,10655062.0,3.28,1.3,0.76,0.61
2026-03-26,STCE,55.23,53.49,56.2,53.3,109400,6017818.0,5.15,-5.07,-2.85,0.0
2026-03-26,STE,222.0,223.43,226.26,221.99,466500,104587008.0,1.91,0.02,0.05,0.48
2026-03-26,STEL,35.94,36.23,36.39,35.94,330300,11177282.0,1.24,-0.06,-0.02,0.65
2026-03-26,STEM,10.22,9.72,10.51,9.53,222000,2205292.0,9.36,-7.16,-0.75,2.61
2026-03-26,STEN,24.91,24.67,24.91,24.67,4200,106357.0,0.96,-1.37,-0.34,0.0
2026-03-26,STEP,47.6,46.85,48.26,46.21,876200,41264612.0,4.29,-1.97,-0.94,0.74
2026-03-26,STEW,17.0,16.95,17.14,16.92,79300,1348105.0,1.29,-0.88,-0.15,0.0
2026-03-26,STEX,1.22,1.14,1.29,1.09,4045700,4685807.0,16.06,-7.32,-0.09,4.42
2026-03-26,STFS,3.7,4.03,4.05,3.7,5400,21493.0,9.07,4.4,0.17,0.46
2026-03-26,STG,3.95,3.8,3.95,3.76,9400,36806.0,4.92,-1.55,-0.06,0.07
2026-03-26,STGW,6.11,6.25,6.34,6.11,1068600,6666795.0,3.73,1.46,0.09,0.42
2026-03-26,STHH,66.93,66.25,68.1,66.25,1500,104243.0,2.76,-1.01,-0.68,0.0
2026-03-26,STHO,7.59,7.66,7.85,7.59,15900,122713.0,3.37,-0.78,-0.06,0.13
2026-03-26,STI,6.1,6.03,6.77,5.76,99200,621392.0,16.45,-1.79,-0.11,1.28
2026-03-26,STIM,1.37,1.33,1.46,1.33,966300,1340633.0,9.28,-5.0,-0.07,1.39
2026-03-26,STIP,103.11,102.96,103.13,102.94,1745300,179852912.0,0.18,-0.09,-0.09,0.0
2026-03-26,STK,39.18,38.48,39.62,38.06,42500,1651048.0,3.95,-2.26,-0.89,0.0
2026-03-26,STKE,1.16,1.09,1.16,0.97,463400,497054.0,16.52,-5.22,-0.06,1.45
2026-03-26,STKH,1.4,1.45,1.45,1.14,7100,8953.0,22.46,5.07,0.07,0.52
2026-03-26,STKL,6.47,6.47,6.48,6.46,743700,4813516.0,0.31,0.0,0.0,0.63
2026-03-26,STKS,1.9,1.79,1.9,1.77,68500,126177.0,7.1,-2.19,-0.04,0.22
2026-03-26,STLA,6.74,6.75,6.91,6.7,25777300,174984512.0,2.98,-1.89,-0.13,0.68
2026-03-26,STLD,171.44,174.42,175.06,171.44,1035200,179920960.0,2.09,0.55,0.95,0.71
2026-03-26,STM,33.21,32.91,34.09,32.78,11451400,382284992.0,3.93,-1.17,-0.39,1.29
2026-03-26,STN,87.63,86.97,89.62,86.81,173500,15245430.0,3.17,-1.76,-1.56,0.15
2026-03-26,STNC,34.16,33.74,34.16,33.7,3000,103085.0,1.35,-1.34,-0.46,0.0
2026-03-26,STNE,14.02,14.0,14.39,13.96,3947800,55570296.0,2.99,-2.51,-0.36,1.61
2026-03-26,STNG,73.48,73.91,76.14,73.25,1215800,90829656.0,3.99,2.1,1.52,2.35
2026-03-26,STOK,32.32,33.7,34.67,31.43,3079700,99691288.0,9.59,-0.27,-0.09,5.21
2026-03-26,STOT,47.05,47.0,47.08,47.0,76200,3584770.0,0.17,-0.2,-0.1,0.0
2026-03-26,STOX,27.31,26.83,27.31,26.83,10100,273121.0,1.74,-1.92,-0.53,0.0
2026-03-26,STPZ,53.89,53.8,53.92,53.8,31400,1695961.0,0.22,-0.15,-0.08,0.0
2026-03-26,STRA,82.72,83.45,84.71,82.72,278500,23276770.0,2.38,-0.05,-0.04,1.23
2026-03-26,STRC,99.95,99.97,100.0,99.94,2129200,212126944.0,0.06,0.03,0.03,0.0
2026-03-26,STRD,73.14,73.17,73.58,72.61,34300,2509568.0,1.33,0.04,0.03,0.0
2026-03-26,STRF,97.0,96.61,97.77,96.5,41500,4030772.0,1.3,-1.3,-1.27,0.0
2026-03-26,STRK,74.98,73.8,75.2,73.46,118700,8829258.0,2.31,-1.86,-1.4,0.0
2026-03-26,STRL,440.48,415.93,444.95,410.72,313600,132064744.0,7.56,-8.17,-36.99,1.02
2026-03-26,STRN,20.95,20.55,21.01,20.55,77100,1591202.0,2.14,-4.27,-0.92,0.0
2026-03-26,STRO,23.45,24.91,26.0,23.18,201800,5025414.0,12.0,6.02,1.41,1.22
2026-03-26,STRR,9.8,10.27,10.5,9.8,15900,161676.0,7.21,5.82,0.56,0.43
2026-03-26,STRRP,10.24,10.0,10.24,10.0,700,7787.0,2.4,0.0,0.0,0.0
2026-03-26,STRS,30.73,30.65,31.38,29.56,18800,574294.0,6.05,1.83,0.55,0.24
2026-03-26,STRT,81.51,79.14,83.06,78.74,79100,6399897.0,5.28,-3.29,-2.69,1.89
2026-03-26,STRV,42.15,41.77,42.33,41.67,200800,8461223.0,1.55,-1.58,-0.67,0.0
2026-03-26,STRW,11.77,12.15,12.35,11.77,25400,307620.0,4.83,1.25,0.15,0.19
2026-03-26,STRZ,11.98,11.53,12.08,11.33,77500,897667.0,6.33,-2.62,-0.31,0.46
2026-03-26,STSM,36.75,38.73,38.82,36.75,13300,500539.0,6.0,12.2,4.21,0.0
2026-03-26,STSS,1.7,1.67,1.74,1.65,255700,432343.0,4.91,-3.47,-0.06,0.88
2026-03-26,STSSW,0.05,0.05,0.05,0.03,102800,4509.0,46.54,17.66,0.01,0.0
2026-03-26,STT,125.8,125.66,127.02,124.88,1654200,208018560.0,1.69,-0.99,-1.26,0.59
2026-03-26,STTK,6.3,6.31,6.81,6.26,426300,2735253.0,8.63,-0.94,-0.06,0.6
2026-03-26,STUB,6.79,6.74,7.16,6.7,3071700,21033422.0,6.7,-1.89,-0.13,0.86
2026-03-26,STVN,14.25,13.62,14.45,13.55,675500,9309256.0,6.38,-3.95,-0.56,0.25
2026-03-26,STWD,17.4,17.45,17.58,17.38,2602400,45447840.0,1.12,0.0,0.0,0.7
2026-03-26,STX,401.66,378.79,406.65,377.33,4111800,1586125184.0,7.1,-8.33,-34.43,1.84
2026-03-26,STXD,35.77,35.35,35.77,35.35,7400,264586.0,1.17,-1.27,-0.46,0.0
2026-03-26,STXE,39.11,38.34,39.31,38.27,11300,439198.0,2.61,-3.92,-1.57,0.0
2026-03-26,STXG,47.19,46.58,47.35,46.54,8900,419406.0,1.7,-2.21,-1.06,
2026-03-26,STXI,30.74,30.58,30.74,30.58,400,14523.0,0.51,-1.67,-0.52,0.0
2026-03-26,STXK,33.75,33.38,33.75,33.33,2000,69361.0,1.25,-0.78,-0.26,0.0
2026-03-26,STXM,29.74,29.32,29.75,29.18,7700,227195.0,1.94,-0.11,-0.03,0.0
2026-03-26,STXS,1.84,1.89,1.95,1.84,499500,948200.0,5.91,1.61,0.03,0.51
2026-03-26,STXT,19.92,19.84,19.92,19.76,10800,216371.0,0.8,-0.35,-0.07,0.0
2026-03-26,STXV,35.3,35.15,35.34,35.15,1000,38310.0,0.54,-0.31,-0.11,0.0
2026-03-26,STZ,151.91,150.41,154.48,150.16,1353900,205312544.0,2.85,-0.76,-1.15,0.78
2026-03-26,SU,64.8,64.98,65.65,64.4,4584900,298298176.0,1.93,0.43,0.28,0.39
2026-03-26,SUB,106.45,106.4,106.47,106.4,451900,48102192.0,0.07,-0.07,-0.07,0.0
2026-03-26,SUGP,5.09,5.11,5.11,5.09,1000,5527.0,0.29,-1.73,-0.09,0.07
2026-03-26,SUI,127.0,127.83,128.88,127.0,440400,56368040.0,1.48,0.15,0.19,0.36
2026-03-26,SUIG,1.36,1.34,1.39,1.32,142000,189814.0,5.76,-3.6,-0.05,0.18
2026-03-26,SUIS,24.99,23.71,24.99,23.71,2300,57294.0,5.14,-5.13,-1.28,0.0
2026-03-26,SUMAU,9.99,10.02,10.02,9.99,200100,1999992.0,0.3,0.1,0.01,1.3
2026-03-26,SUN,66.1,66.58,67.18,65.66,631900,42165028.0,2.32,1.65,1.08,0.31
2026-03-26,SUNB,67.03,63.31,69.01,63.31,3125100,202711600.0,8.32,-7.54,-5.16,0.76
2026-03-26,SUNC,62.5,62.58,63.24,61.87,623500,38870860.0,2.21,0.53,0.33,1.21
2026-03-26,SUNE,2.64,3.17,3.46,2.6,2336700,7325534.0,32.21,18.73,0.5,68.59
2026-03-26,SUNS,8.3,8.07,8.34,8.07,111100,906887.0,3.25,-2.77,-0.23,0.82
2026-03-26,SUPL,41.72,41.72,41.72,41.72,0,666.0,0.0,-1.1,-0.46,
2026-03-26,SUPN,50.37,50.79,51.0,49.22,387700,19545650.0,3.56,1.47,0.73,0.67
2026-03-26,SUPP,69.56,69.56,69.56,69.56,0,630.0,0.0,-3.5,-2.52,0.0
2026-03-26,SUPV,8.92,8.68,9.19,8.56,636500,5591839.0,6.9,-4.19,-0.38,0.72
2026-03-26,SUPX,9.13,8.95,9.3,8.9,115000,1038746.0,4.25,-4.89,-0.46,0.27
2026-03-26,SURE,127.48,127.36,127.48,127.36,200,37516.0,0.1,-0.84,-1.08,0.0
2026-03-26,SURG,0.82,0.8,0.82,0.76,73200,57261.0,7.11,-1.52,-0.01,0.31
2026-03-26,SURI,15.65,15.67,16.13,15.52,5600,90439.0,3.74,-3.91,-0.64,0.0
2026-03-26,SUSA,132.39,131.37,133.35,131.28,42400,5627692.0,1.55,-1.51,-2.02,0.0
2026-03-26,SUSB,24.96,24.91,24.99,24.91,141100,3521687.0,0.32,-0.36,-0.09,0.0
2026-03-26,SUSC,23.0,22.92,23.04,22.91,203100,4667435.0,0.56,-0.61,-0.14,0.0
2026-03-26,SUSL,114.0,112.53,114.35,112.5,30900,3508228.0,1.61,-1.94,-2.22,0.0
2026-03-26,SUUN,0.64,0.6,0.65,0.6,409000,255951.0,7.82,-6.16,-0.04,0.88
2026-03-26,SUZ,9.73,9.62,9.86,9.61,2774200,26934342.0,2.55,-2.04,-0.2,0.22
2026-03-26,SVAC,10.22,10.17,10.22,10.17,112900,1150194.0,0.49,-0.29,-0.03,0.37
2026-03-26,SVACU,10.45,10.45,10.45,10.45,0,20.0,0.0,0.0,0.0,0.0
2026-03-26,SVACW,1.1,1.0,1.15,1.0,50500,53251.0,14.09,-9.08,-0.1,0.0
2026-03-26,SVAL,35.97,35.98,36.35,35.93,13900,504177.0,1.16,-0.81,-0.29,0.0
2026-03-26,SVAQ,9.89,9.89,9.89,9.88,2800,28229.0,0.1,0.1,0.01,0.01
2026-03-26,SVAQU,10.0,10.0,10.0,10.0,500,5300.0,0.0,-0.1,-0.01,0.0
2026-03-26,SVAQW,0.32,0.31,0.33,0.31,15200,4943.0,6.87,-1.39,-0.0,0.0
2026-03-26,SVC,1.76,1.79,1.83,1.76,1452800,2620540.0,3.65,0.56,0.01,0.86
2026-03-26,SVCC,10.45,10.47,10.47,10.45,400,4298.0,0.19,0.19,0.02,0.0
2026-03-26,SVCCW,0.27,0.27,0.27,0.27,0,0.0,0.0,0.0,0.0,0.0
2026-03-26,SVCO,7.13,7.26,7.44,6.69,425400,3074433.0,10.5,1.68,0.12,1.35
2026-03-26,SVIV,9.88,9.88,9.88,9.88,100,1336.0,0.0,0.0,0.0,0.0
2026-03-26,SVIVU,10.17,10.17,10.17,10.17,100,1037.0,0.0,0.0,0.0,0.0
2026-03-26,SVIVW,0.67,0.73,0.76,0.67,19400,10914.0,11.45,-2.67,-0.02,0.0
2026-03-26,SVIX,16.27,15.43,16.48,15.42,11191800,177436624.0,6.35,-7.16,-1.19,0.0
2026-03-26,SVM,9.95,9.69,10.27,9.57,5010100,49497000.0,6.75,-6.56,-0.68,2.27
2026-03-26,SVOL,15.69,15.3,15.69,15.29,478000,7374542.0,2.51,-3.83,-0.61,0.0
2026-03-26,SVRA,5.19,5.25,5.34,5.14,1271700,6681156.0,3.79,-0.57,-0.03,0.62
2026-03-26,SVRE,3.13,3.08,3.14,3.0,6400,19767.0,4.46,-1.91,-0.06,1.02
2026-03-26,SVRN,0.17,0.31,0.31,0.16,18166700,4678619.0,74.68,50.0,0.1,48.42
2026-03-26,SVV,7.58,7.31,7.7,7.25,1945300,14331479.0,5.77,-5.19,-0.4,1.25
2026-03-26,SVXY,46.41,45.19,46.72,45.19,3734600,171606816.0,3.25,-3.89,-1.83,0.0
2026-03-26,SW,40.5,40.44,41.07,40.09,6309600,255970672.0,2.41,-0.57,-0.23,1.2
2026-03-26,SWAG,1.73,1.69,1.81,1.68,203000,351283.0,7.3,-5.06,-0.09,1.09
2026-03-26,SWAGW,0.05,0.05,0.05,0.05,400,18.0,0.0,-10.0,-0.0,0.0
2026-03-26,SWAN,31.19,30.83,31.19,30.83,6000,187974.0,1.15,-1.78,-0.56,0.0
2026-03-26,SWBI,14.98,14.85,15.14,14.75,564200,8414196.0,2.59,-1.46,-0.22,1.27
2026-03-26,SWIM,5.54,5.49,5.71,5.45,408800,2258130.0,4.54,-2.31,-0.13,0.35
2026-03-26,SWK,70.77,70.81,72.36,70.11,1090400,77408888.0,3.12,-1.45,-1.04,0.7
2026-03-26,SWKH,16.78,17.01,17.06,16.78,24600,417219.0,1.67,1.25,0.21,0.2
2026-03-26,SWKHL,25.35,25.45,25.45,25.35,5900,151089.0,0.39,-0.16,-0.04,0.0
2026-03-26,SWKS,55.6,56.66,57.6,55.58,2586500,146899712.0,3.59,0.84,0.47,1.72
2026-03-26,SWMR,31.81,36.71,40.59,31.8,3480100,128753664.0,27.55,15.08,4.81,28.18
2026-03-26,SWP,26.95,26.84,27.15,26.8,9200,247181.0,1.26,-1.54,-0.42,0.0
2026-03-26,SWVL,1.37,1.4,1.41,1.35,23900,33189.0,4.38,2.19,0.03,0.24
2026-03-26,SWVLW,0.01,0.01,0.01,0.01,0,0.0,0.0,0.0,0.0,0.0
2026-03-26,SWX,85.36,86.57,86.65,85.36,387100,33446468.0,1.5,0.87,0.75,0.53
2026-03-26,SWZ,5.98,5.93,5.99,5.93,19400,115598.0,1.09,-1.09,-0.06,0.0
2026-03-26,SXC,6.65,6.62,6.78,6.59,1397900,9308925.0,2.77,-1.05,-0.07,1.65
2026-03-26,SXI,256.55,255.52,259.09,252.67,114200,29250262.0,2.47,-1.75,-4.55,0.94
2026-03-26,SXQG,29.86,29.74,29.86,29.74,500,17224.0,0.39,-1.56,-0.47,0.0
2026-03-26,SXT,85.82,87.0,88.05,85.71,219500,19096150.0,2.7,0.24,0.21,0.52
2026-03-26,SXTC,1.38,1.32,1.38,1.28,13300,17780.0,7.45,-2.94,-0.04,1.4
2026-03-26,SXTP,1.49,1.49,1.55,1.43,159700,236489.0,7.74,-3.87,-0.06,7.44
2026-03-26,SXTPW,0.08,0.08,0.08,0.05,1800,119.0,43.75,-0.25,-0.0,0.0
2026-03-26,SY,3.12,2.83,3.19,2.83,650000,1916985.0,11.28,-11.29,-0.36,0.65
2026-03-26,SYBT,64.05,65.42,65.46,63.96,232200,15083164.0,2.33,1.65,1.06,0.79
2026-03-26,SYF,67.18,67.21,68.15,66.57,2329800,156180896.0,2.34,-0.62,-0.42,
2026-03-26,SYFI,35.34,35.21,35.39,35.21,219200,7727697.0,0.52,-0.71,-0.25,0.0
2026-03-26,SYK,325.68,332.68,339.67,325.63,2219600,737466816.0,4.29,1.76,5.76,0.58
2026-03-26,SYLD,74.76,75.3,75.86,74.76,90700,6844827.0,1.47,0.17,0.13,0.0
2026-03-26,SYM,52.05,50.8,52.82,50.73,1155100,59453536.0,3.92,-4.8,-2.56,0.19
2026-03-26,SYNA,73.82,73.18,75.23,72.88,519700,38295596.0,3.14,-2.37,-1.78,1.34
2026-03-26,SYNX,1.07,1.02,1.08,1.0,113900,118266.0,7.35,0.0,0.0,1.72
2026-03-26,SYPR,3.32,3.05,3.32,3.03,69900,221370.0,8.81,-7.29,-0.24,0.3
2026-03-26,SYRE,45.39,47.52,49.31,45.23,1332500,63626196.0,8.92,4.03,1.84,1.7
2026-03-26,SYSB,88.61,88.3,88.67,88.29,60800,5380008.0,0.42,-0.62,-0.55,0.0
2026-03-26,SYY,82.16,83.25,83.69,82.06,2023600,167828512.0,1.97,0.54,0.45,0.42
2026-03-26,SYZ,26.14,26.11,26.59,26.11,7000,185300.0,1.81,-1.52,-0.4,0.0
2026-03-26,SZK,11.43,11.65,11.67,11.36,4300,32502.0,2.68,0.8,0.09,0.0
2026-03-26,SZNE,36.04,35.43,36.04,35.42,600,24232.0,1.71,-1.75,-0.63,0.0
2026-03-26,SZZL,10.25,10.25,10.25,10.25,100,1660.0,0.0,0.0,0.0,0.0
2026-03-26,SZZLR,0.15,0.17,0.17,0.15,22700,3845.0,11.18,-0.06,-0.0,0.0
2026-03-26,T,29.07,28.96,29.21,28.82,29904500,867429824.0,1.35,0.56,0.16,0.43
2026-03-26,TABD,24.85,24.78,24.9,24.78,1651800,41047488.0,0.48,-0.46,-0.11,0.0
2026-03-26,TAC,12.98,12.94,13.21,12.86,1217200,15786750.0,2.64,-0.92,-0.12,0.41
2026-03-26,TACH,10.34,10.34,10.34,10.34,200,2791.0,0.0,0.0,0.0,0.0
2026-03-26,TACK,30.58,30.32,30.62,30.28,66300,2014156.0,1.11,-1.04,-0.32,0.0
2026-03-26,TACN,25.53,25.36,25.53,25.36,5100,131677.0,0.66,-2.1,-0.54,0.0
2026-03-26,TACO,10.2,10.21,10.21,10.2,10700,109701.0,0.1,0.0,0.0,0.03
2026-03-26,TACOW,0.27,0.25,0.27,0.23,102200,26926.0,14.44,-7.4,-0.02,0.0
2026-03-26,TACT,3.29,3.25,3.43,3.19,20200,67461.0,7.29,-1.22,-0.04,0.2
2026-03-26,TACU,23.89,23.59,23.89,23.59,800,21116.0,1.25,-1.71,-0.41,0.0
2026-03-26,TAFI,25.13,25.11,25.14,25.1,487200,12233818.0,0.16,-0.08,-0.02,0.0
2026-03-26,TAFL,24.71,24.65,24.72,24.65,600,15882.0,0.3,-0.38,-0.09,0.0
2026-03-26,TAFM,25.22,25.15,25.22,25.14,68900,1736092.0,0.32,-0.23,-0.06,0.0
2026-03-26,TAGG,42.44,42.3,42.5,42.28,264100,11174475.0,0.51,-0.99,-0.42,0.0
2026-03-26,TAGS,25.17,25.33,25.43,25.13,83500,2111844.0,1.18,0.52,0.13,0.0
2026-03-26,TAIL,11.69,11.75,11.76,11.64,888400,10404299.0,0.99,0.69,0.08,0.0
2026-03-26,TAK,18.09,18.06,18.26,18.03,2359400,42839944.0,1.26,-1.26,-0.23,0.07
2026-03-26,TAL,11.14,11.21,11.49,11.07,1611600,18155320.0,3.8,-0.8,-0.09,0.26
2026-03-26,TALK,5.13,5.15,5.16,5.13,7925700,40740088.0,0.58,0.39,0.02,4.74
2026-03-26,TALKW,0.0,0.0,0.0,0.0,500,0.0,0.0,0.0,0.0,0.0
2026-03-26,TALO,16.5,16.55,17.0,16.43,3806000,63320792.0,3.49,1.35,0.22,2.26
2026-03-26,TALV,25.15,25.02,25.15,25.02,1781700,44565424.0,0.51,-1.15,-0.29,0.0
2026-03-26,TAN,56.25,55.23,56.99,55.17,1108300,61850244.0,3.19,-3.09,-1.76,0.0
2026-03-26,TANH,0.74,0.75,0.8,0.7,24500,18607.0,12.27,0.28,0.0,0.38
2026-03-26,TAOP,1.35,1.48,1.48,1.35,14800,21499.0,9.7,10.43,0.14,0.16
2026-03-26,TAOX,6.18,5.61,6.27,5.51,207700,1201204.0,12.1,-10.67,-0.67,2.79
2026-03-26,TAP,41.35,41.91,42.51,41.08,3072400,128876600.0,3.47,1.67,0.69,1.75
2026-03-26,TAPR,25.67,25.66,25.67,25.66,400,11549.0,0.01,-0.05,-0.01,0.0
2026-03-26,TARA,5.25,5.19,5.49,5.16,501400,2647363.0,6.21,-2.26,-0.12,0.93
2026-03-26,TARK,37.89,35.23,37.89,35.2,18000,655425.0,7.09,-7.14,-2.71,0.0
2026-03-26,TARS,66.32,67.2,68.77,65.95,689700,46649660.0,4.21,0.36,0.24,1.62
2026-03-26,TASK,6.96,6.54,6.96,6.53,1407500,9385158.0,4.15,-37.6,-3.94,1.55
2026-03-26,TATT,45.34,44.63,45.96,44.02,172100,7746468.0,4.23,-2.6,-1.19,1.33
2026-03-26,TAVI,10.55,10.55,10.55,10.55,3100,33384.0,0.0,0.09,0.01,0.02
2026-03-26,TAVIR,0.16,0.16,0.16,0.16,8800,0.0,0.0,0.0,0.0,0.0
2026-03-26,TAVIU,12.94,12.98,12.94,12.98,0,102.0,-0.31,0.0,0.0,0.0
2026-03-26,TAX,27.16,26.84,27.16,26.84,100,3171.0,1.18,-1.84,-0.5,0.0
2026-03-26,TAXE,50.6,50.54,50.61,50.52,15000,761583.0,0.17,-0.43,-0.22,0.0
2026-03-26,TAXF,49.9,49.85,49.9,49.82,79100,3946246.0,0.16,-0.13,-0.07,0.0
2026-03-26,TAXI,50.9,50.88,50.9,50.88,300,15317.0,0.05,-0.1,-0.05,0.0
2026-03-26,TAXM,49.72,49.6,49.72,49.58,8100,403372.0,0.28,-0.29,-0.15,0.0
2026-03-26,TAXS,50.23,50.24,50.24,50.23,1500,80016.0,0.01,-0.01,-0.01,0.0
2026-03-26,TAXT,51.1,51.06,51.14,51.05,5300,272575.0,0.18,-0.15,-0.08,0.0
2026-03-26,TAXX,50.52,50.49,50.53,50.48,13700,694239.0,0.1,-0.07,-0.03,0.0
2026-03-26,TAYD,78.0,75.01,79.9,74.4,40300,3084324.0,6.88,-6.12,-4.89,1.28
2026-03-26,TBB,21.56,21.6,21.68,21.51,90000,1947764.0,0.81,-0.41,-0.09,0.0
2026-03-26,TBBB,34.16,33.94,34.5,33.33,535400,18164102.0,3.38,-1.85,-0.64,0.47
2026-03-26,TBBK,51.65,52.45,52.7,51.58,443500,23233590.0,2.13,-0.1,-0.05,1.05
2026-03-26,TBCH,11.57,11.17,11.73,10.99,239200,2684950.0,6.34,-5.02,-0.59,1.22
2026-03-26,TBF,24.34,24.41,24.45,24.27,215100,5247597.0,0.72,0.74,0.18,
2026-03-26,TBFG,29.46,29.46,29.46,29.46,500,14938.0,0.0,-1.73,-0.52,0.0
2026-03-26,TBG,34.76,34.86,35.03,34.76,16700,583823.0,0.77,0.06,0.02,0.0
2026-03-26,TBH,0.26,0.28,0.32,0.26,2327100,621762.0,23.2,3.64,0.01,11.11
2026-03-26,TBHC,0.96,0.93,1.03,0.9,398900,391843.0,13.39,-3.81,-0.04,1.78
2026-03-26,TBI,3.52,3.55,3.76,3.49,464300,1657092.0,7.56,-0.56,-0.02,1.54
2026-03-26,TBIL,49.98,49.97,49.98,49.97,2276600,113778128.0,0.02,0.0,0.0,0.0
2026-03-26,TBJL,19.83,19.83,19.83,19.8,900,19288.0,0.15,-0.35,-0.07,0.0
2026-03-26,TBLA,3.05,3.06,3.13,3.04,2001600,6172206.0,2.94,0.0,0.0,0.72
2026-03-26,TBLD,21.28,21.06,21.57,21.04,66000,1404092.0,2.45,-1.01,-0.22,0.0
2026-03-26,TBLL,105.5,105.49,105.5,105.49,188600,19896310.0,0.01,0.0,0.0,0.0
2026-03-26,TBLU,50.07,49.67,50.7,49.63,6500,324404.0,2.12,-1.38,-0.69,0.0
2026-03-26,TBMC,10.92,7.32,11.6,5.75,284900,1993523.0,53.42,-33.11,-3.63,11.62
2026-03-26,TBMCR,0.48,0.7,0.74,0.44,1378400,878681.0,63.52,45.83,0.22,0.0
2026-03-26,TBN,32.25,36.5,36.5,32.25,112500,3862731.0,13.3,14.24,4.55,0.5
2026-03-26,TBPH,15.32,15.19,15.75,15.16,387400,5953606.0,3.86,-0.65,-0.1,0.75
2026-03-26,TBRG,14.48,14.85,14.99,14.48,109300,1615377.0,3.49,1.71,0.25,0.73
2026-03-26,TBT,35.31,35.49,35.68,35.13,575800,20395644.0,1.56,1.75,0.61,0.0
2026-03-26,TBUX,49.68,49.66,49.69,49.64,195800,9729198.0,0.11,-0.43,-0.22,0.0
2026-03-26,TBX,28.19,28.3,28.3,28.16,64700,1829510.0,0.5,0.8,0.22,0.0
2026-03-26,TBXU,30.28,30.52,30.52,30.28,100,3891.0,0.79,-0.44,-0.14,0.0
2026-03-26,TC,10.1,10.23,10.35,10.1,1400,14440.0,2.4,-1.92,-0.2,0.07
2026-03-26,TCAF,35.57,35.21,35.82,35.21,3878900,137245968.0,1.7,-1.79,-0.64,0.0
2026-03-26,TCAI,36.79,35.32,36.79,35.1,35300,1261550.0,4.5,-5.94,-2.23,0.0
2026-03-26,TCAL,22.31,22.27,22.46,22.25,87900,1964132.0,0.95,-1.18,-0.27,0.0
2026-03-26,TCBI,94.15,94.68,95.67,93.92,372200,35184268.0,1.84,-0.44,-0.42,0.84
2026-03-26,TCBIO,21.98,21.92,22.2,21.85,19200,421698.0,1.59,-0.68,-0.15,0.16
2026-03-26,TCBK,47.11,47.28,47.39,46.88,100400,4746504.0,1.08,-0.27,-0.13,0.31
2026-03-26,TCBS,17.7,17.51,17.7,17.51,2200,38924.0,1.1,1.51,0.26,0.08
2026-03-26,TCBX,37.01,37.68,37.68,37.01,69900,2422362.0,1.78,0.19,0.07,0.42
2026-03-26,TCHI,21.53,21.42,21.58,21.42,11100,240594.0,0.71,-3.37,-0.75,0.0
2026-03-26,TCHP,44.26,43.67,44.45,43.64,114000,5027594.0,1.82,-2.17,-0.97,0.0
2026-03-26,TCI,34.7,34.06,34.7,34.06,4100,141306.0,1.87,-0.7,-0.24,0.05
2026-03-26,TCMD,26.86,26.78,27.24,26.5,288100,7732072.0,2.74,-0.67,-0.18,1.27
2026-03-26,TCOM,50.08,50.22,50.85,49.94,2175700,109672056.0,1.77,-2.18,-1.12,0.33
2026-03-26,TCPA,24.13,23.95,24.3,23.92,48700,1172395.0,1.58,-0.66,-0.16,0.0
2026-03-26,TCPB,50.68,50.53,50.72,50.53,15000,761015.0,0.39,-0.6,-0.3,0.0
2026-03-26,TCPC,3.67,3.61,3.74,3.6,830800,3052839.0,3.95,-1.63,-0.06,0.99
2026-03-26,TCRT,3.03,3.01,3.1,2.88,19200,58260.0,7.31,0.0,0.0,0.86
2026-03-26,TCRX,1.04,1.03,1.06,1.01,290100,300362.0,4.81,-0.96,-0.01,0.51
2026-03-26,TCV,28.1,28.1,28.1,28.1,200,8067.0,0.0,-0.74,-0.21,0.0
2026-03-26,TCX,16.19,16.33,16.45,15.92,32700,530714.0,3.27,0.86,0.14,0.29
2026-03-26,TD,93.31,92.84,94.66,92.69,2622200,244012640.0,2.09,-1.55,-1.46,0.16
2026-03-26,TDAC,10.56,10.57,10.57,10.56,400,5094.0,0.09,0.0,0.0,0.0
2026-03-26,TDAQ,23.78,23.45,23.95,23.45,67900,1603728.0,2.09,-2.09,-0.5,0.0
2026-03-26,TDAX,20.74,20.39,20.85,20.39,11900,246821.0,2.21,-2.92,-0.61,0.0
2026-03-26,TDAY,6.7,6.66,6.8,6.6,2634600,17675198.0,3.0,-1.62,-0.11,1.79
2026-03-26,TDC,25.74,26.23,26.75,25.74,1616700,42577528.0,3.86,0.85,0.22,1.71
2026-03-26,TDEC,23.96,23.83,23.96,23.83,3500,85416.0,0.55,-2.32,-0.56,0.0
2026-03-26,TDF,10.52,10.38,10.62,10.38,18500,194642.0,2.34,-2.9,-0.31,0.0
2026-03-26,TDG,1143.92,1151.94,1161.33,1140.98,261800,301722048.0,1.76,-0.39,-4.55,0.46
2026-03-26,TDI,40.34,40.05,40.73,40.0,19200,778879.0,1.76,-2.47,-1.02,0.0
2026-03-26,TDIC,0.14,0.12,0.14,0.12,217200,28007.0,12.07,-8.49,-0.01,0.59
2026-03-26,TDIV,94.03,93.41,95.03,93.4,89200,8399039.0,1.71,-2.01,-1.92,0.0
2026-03-26,TDOC,5.47,5.52,5.6,5.45,3923900,21653014.0,2.69,-0.9,-0.05,2.2
2026-03-26,TDOG,18.4,18.36,18.47,18.35,800,16490.0,0.62,-5.43,-1.05,0.0
2026-03-26,TDOT,16.1,15.76,16.11,15.76,5100,82214.0,2.15,-4.37,-0.72,0.0
2026-03-26,TDS,43.03,43.2,43.29,42.77,590000,24969132.0,1.21,0.21,0.09,0.52
2026-03-26,TDSB,24.25,24.11,24.27,24.1,5500,134172.0,0.69,-0.85,-0.21,0.0
2026-03-26,TDSC,25.9,25.72,25.92,25.72,10600,274837.0,0.76,-0.95,-0.25,0.0
2026-03-26,TDTF,24.04,23.95,24.05,23.95,260500,6249904.0,0.4,-0.37,-0.09,0.0
2026-03-26,TDTH,0.22,0.21,0.22,0.21,180900,38285.0,4.99,-2.01,-0.0,0.16
2026-03-26,TDTT,24.17,24.13,24.19,24.13,309400,7478096.0,0.25,-0.12,-0.03,0.0
2026-03-26,TDUP,3.33,3.4,3.49,3.32,1837000,6250128.0,5.03,0.59,0.02,1.45
2026-03-26,TDV,86.08,84.62,86.11,84.6,9900,842081.0,1.74,-2.01,-1.74,0.0
2026-03-26,TDVG,44.6,44.36,44.82,44.35,50000,2224613.0,1.04,-0.98,-0.44,0.0
2026-03-26,TDVI,26.85,26.53,26.95,26.5,73000,1952321.0,1.64,-2.21,-0.6,0.0
2026-03-26,TDW,77.36,80.8,81.88,77.36,685500,55063956.0,5.81,3.83,2.98,1.38
2026-03-26,TDWDR,0.19,0.19,0.19,0.19,200,35.0,0.0,0.0,0.0,0.0
2026-03-26,TDY,619.67,611.08,626.32,609.5,298700,184184464.0,2.69,-2.23,-13.92,0.64
2026-03-26,TE,6.5,6.28,6.56,6.15,8307800,52339364.0,6.14,-5.99,-0.4,3.07
2026-03-26,TEAD,0.62,0.66,0.67,0.62,223500,146513.0,8.68,3.23,0.02,0.23
2026-03-26,TEAM,66.09,68.13,69.37,65.82,4760800,324090080.0,5.34,2.51,1.67,1.81
2026-03-26,TEC,26.19,25.56,26.19,25.56,500,14795.0,2.37,-3.08,-0.81,0.0
2026-03-26,TECB,55.51,55.12,55.75,55.12,25200,1399933.0,1.12,-1.71,-0.96,0.0
2026-03-26,TECH,52.61,52.7,53.63,52.19,1493000,78873128.0,2.72,0.02,0.01,0.95
2026-03-26,TECK,48.33,48.57,49.06,47.93,4595700,222807136.0,2.24,-3.55,-1.79,0.94
2026-03-26,TECL,91.74,87.89,92.69,86.23,2005200,179083856.0,6.82,-7.3,-6.92,0.0
2026-03-26,TECS,20.02,20.76,21.14,19.84,1541100,31421730.0,6.68,6.63,1.29,0.0
2026-03-26,TECX,30.5,30.76,31.99,30.5,129700,4017873.0,4.8,-0.97,-0.3,0.69
2026-03-26,TEI,6.07,6.05,6.19,6.03,227900,1386520.0,2.51,-1.94,-0.12,0.0
2026-03-26,TEK,28.4,27.97,28.4,27.97,2100,61146.0,1.49,-4.44,-1.3,0.0
2026-03-26,TEKX,41.54,41.54,41.54,41.54,200,9910.0,0.0,-5.34,-2.34,0.0
2026-03-26,TEKY,34.01,33.86,34.01,33.86,100,6571.0,0.42,-3.25,-1.14,0.0
2026-03-26,TEL,205.64,203.2,209.15,202.98,1951200,400161696.0,2.94,-3.25,-6.82,0.66
2026-03-26,TELA,0.67,0.75,0.82,0.67,391200,290233.0,22.03,8.11,0.06,0.87
2026-03-26,TELO,1.29,1.26,1.33,1.22,72900,91222.0,8.26,-5.26,-0.07,0.21
2026-03-26,TEM,46.0,45.53,47.71,45.33,5224800,241011744.0,5.09,-2.63,-1.23,2.92
2026-03-26,TEMD,24.71,24.61,24.74,24.6,10900,268254.0,0.57,-0.55,-0.14,0.0
2026-03-26,TEMR,26.12,23.82,26.12,23.82,4500,107984.0,9.42,-2.48,-0.6,0.0
2026-03-26,TEMT,18.71,18.27,19.98,18.1,245300,4561932.0,9.75,-5.29,-1.02,0.0
2026-03-26,TEMX,29.32,29.23,29.32,29.23,400,11793.0,0.31,-3.32,-1.0,0.0
2026-03-26,TEN,38.76,38.17,39.58,38.05,300800,11237163.0,4.0,-0.13,-0.05,1.0
2026-03-26,TENB,17.99,18.29,18.8,17.86,2700200,49572968.0,5.19,0.99,0.18,2.35
2026-03-26,TEND,24.82,24.59,24.82,24.59,12200,303737.0,0.92,-1.13,-0.28,0.0
2026-03-26,TENJ,24.65,24.65,24.65,24.65,0,0.0,0.0,-0.73,-0.18,
2026-03-26,TENM,24.86,24.86,24.86,24.86,2500,62162.0,0.04,-0.28,-0.07,0.0
2026-03-26,TENX,13.96,14.97,15.12,13.74,382400,5545093.0,9.86,6.93,0.97,2.22
2026-03-26,TEO,11.91,11.62,12.36,11.44,197400,2321979.0,7.63,-3.57,-0.43,0.05
2026-03-26,TEQI,44.97,44.96,45.37,44.92,16800,760375.0,0.99,-0.64,-0.29,0.0
2026-03-26,TER,314.98,297.34,314.98,296.67,3017600,911177728.0,5.66,-8.05,-26.02,1.93
2026-03-26,TERG,42.8,38.45,42.8,38.45,37200,1498121.0,9.46,-16.39,-7.54,0.0
2026-03-26,TERN,52.84,53.17,53.19,52.78,19691800,1041067776.0,0.78,0.59,0.31,18.52
2026-03-26,TESL,13.97,13.71,14.01,13.53,8200,113267.0,3.42,-2.33,-0.33,0.0
2026-03-26,TEST,43.91,43.91,43.91,43.91,500,22438.0,0.0,-3.01,-1.36,0.0
2026-03-26,TETH,10.36,10.23,10.45,10.16,1646200,16917742.0,2.67,-5.71,-0.62,0.0
2026-03-26,TEVA,29.04,29.78,29.83,29.01,7065000,209787280.0,2.8,0.91,0.27,0.61
2026-03-26,TEX,60.03,58.57,60.86,58.42,1204600,71238512.0,4.01,-3.83,-2.33,1.06
2026-03-26,TEXN,30.64,30.42,30.64,30.42,2000,63015.0,0.71,-0.47,-0.14,0.0
2026-03-26,TEXU,43.52,44.67,44.9,43.52,4900,221301.0,3.18,2.97,1.29,0.0
2026-03-26,TEXX,28.62,28.53,28.64,28.53,900,27063.0,0.4,0.18,0.05,0.0
2026-03-26,TFC,44.67,45.2,45.28,44.52,8772400,394424992.0,1.66,-0.55,-0.25,0.71
2026-03-26,TFFI,19.79,19.81,19.84,19.76,1600,32261.0,0.41,0.31,0.06,
2026-03-26,TFI,45.15,45.07,45.17,45.07,811900,36635484.0,0.23,-0.28,-0.12,0.0
2026-03-26,TFII,105.27,105.48,107.46,104.95,173400,18360612.0,2.36,-0.94,-1.0,0.21
2026-03-26,TFIN,57.2,57.65,57.83,56.92,169300,9733625.0,1.58,-0.38,-0.22,0.71
2026-03-26,TFJL,19.54,19.55,19.55,19.54,100,2033.0,0.06,-0.7,-0.14,0.0
2026-03-26,TFLO,50.6,50.61,50.61,50.6,1562200,79058296.0,0.02,0.02,0.01,0.0
2026-03-26,TFLR,50.34,50.31,50.4,50.31,39400,1985464.0,0.18,-0.7,-0.35,0.0
2026-03-26,TFNS,25.14,24.95,25.14,24.95,800,21559.0,0.76,-0.55,-0.14,0.0
2026-03-26,TFPM,31.41,31.62,32.76,31.14,650600,20785096.0,4.99,-2.62,-0.85,0.31
2026-03-26,TFPN,27.92,27.77,27.94,27.65,4600,130054.0,1.03,-1.29,-0.36,0.0
2026-03-26,TFSA,14.18,15.0,15.0,14.16,5800,86348.0,5.93,5.86,0.83,0.0
2026-03-26,TFSL,13.65,13.69,13.73,13.6,569200,7787427.0,0.91,-0.07,-0.01,0.2
2026-03-26,TFX,107.91,110.49,110.82,107.54,844900,93122752.0,3.03,2.14,2.31,1.91
2026-03-26,TG,7.53,7.55,7.79,7.49,62500,472369.0,3.83,-1.95,-0.15,0.18
2026-03-26,TGB,6.03,5.81,6.06,5.8,4329600,25588884.0,4.19,-6.29,-0.39,1.19
2026-03-26,TGE,1.22,1.19,1.24,1.17,20600,22889.0,5.16,-5.56,-0.07,0.04
2026-03-26,TGEN,2.84,2.62,2.94,2.62,345900,940523.0,11.07,-9.34,-0.27,1.16
2026-03-26,TGHL,0.31,0.32,0.35,0.31,9600,3029.0,13.63,3.83,0.01,0.04
2026-03-26,TGL,4.01,3.84,4.03,3.57,444600,1833266.0,11.92,-1.54,-0.06,26.54
2026-03-26,TGLB,24.63,24.63,24.63,24.63,0,173.0,0.0,-1.5,-0.37,0.0
2026-03-26,TGLR,36.03,35.97,36.31,35.96,9900,357851.0,0.95,-1.48,-0.54,0.0
2026-03-26,TGLS,41.24,42.23,43.47,40.98,648700,27616846.0,5.95,0.86,0.36,1.45
2026-03-26,TGRT,39.59,38.93,39.72,38.91,116900,4576990.0,2.01,-2.6,-1.04,0.0
2026-03-26,TGRW,40.79,40.11,40.91,40.11,14400,583102.0,1.94,-2.52,-1.04,0.0
2026-03-26,TGS,34.03,33.78,34.7,33.09,736500,24835648.0,4.74,-0.32,-0.11,0.49
2026-03-26,TGT,115.88,117.0,118.35,115.68,3403100,398652032.0,2.29,0.54,0.63,0.75
2026-03-26,TGTX,31.51,31.98,32.24,31.24,1839500,58627208.0,3.14,0.5,0.16,1.15
2026-03-26,TH,9.6,9.69,9.79,9.35,339400,3289439.0,4.55,0.21,0.02,0.34
2026-03-26,THC,197.92,195.46,202.1,195.07,589400,115811944.0,3.52,-2.29,-4.58,0.68
2026-03-26,THCH,1.72,2.03,2.24,1.72,1600,3466.0,29.21,14.04,0.25,0.01
2026-03-26,THD,66.42,65.61,66.57,65.52,43900,2898820.0,1.56,-2.53,-1.7,0.0
2026-03-26,THEQ,27.35,27.07,27.35,27.07,2900,81394.0,1.01,-1.18,-0.32,0.0
2026-03-26,THFF,62.2,62.85,63.06,62.1,63200,3962150.0,1.54,0.53,0.33,0.53
2026-03-26,THG,170.15,172.28,172.62,170.15,261500,44980572.0,1.45,1.04,1.78,0.74
2026-03-26,THH,0.41,0.38,0.41,0.37,237700,89965.0,10.64,-6.51,-0.03,0.48
2026-03-26,THIR,31.02,30.79,31.19,30.78,31000,962425.0,1.31,-1.35,-0.42,0.0
2026-03-26,THLV,32.01,31.72,32.01,31.72,29400,935559.0,0.91,-0.43,-0.14,0.0
2026-03-26,THM,2.11,2.06,2.19,2.03,744100,1554237.0,7.37,-5.07,-0.11,0.29
2026-03-26,THMZ,29.29,28.92,29.37,28.92,3100,92126.0,1.54,-2.04,-0.6,0.0
2026-03-26,THNQ,59.8,59.17,60.54,58.95,15200,905070.0,2.61,-2.8,-1.71,0.0
2026-03-26,THNR,23.67,23.67,23.67,23.67,0,1692.0,0.0,-0.93,-0.22,0.0
2026-03-26,THO,80.58,81.44,82.05,80.11,585500,47578220.0,2.38,-0.22,-0.18,1.11
2026-03-26,THQ,17.16,17.18,17.39,16.9,280900,4812777.0,2.86,0.23,0.04,0.0
2026-03-26,THR,50.95,51.06,51.28,50.23,349100,17779422.0,2.03,-1.31,-0.68,1.06
2026-03-26,THRM,28.34,29.13,29.31,28.26,237300,6892450.0,3.63,1.32,0.38,0.78
2026-03-26,THRO,36.46,35.98,36.58,35.96,981800,35572972.0,1.67,-2.04,-0.75,0.0
2026-03-26,THRV,24.39,24.4,24.45,24.37,1600,39832.0,0.33,-0.27,-0.07,0.0
2026-03-26,THRY,2.58,2.6,2.71,2.53,440800,1153455.0,7.09,-0.38,-0.01,1.0
2026-03-26,THTA,15.31,15.34,15.4,15.31,27500,423928.0,0.59,0.16,0.02,0.0
2026-03-26,THW,11.79,11.79,11.92,11.79,60500,717198.0,1.1,0.0,0.0,0.0
2026-03-26,THY,21.95,21.95,21.98,21.93,8500,188869.0,0.23,0.02,0.0,0.0
2026-03-26,THYF,50.97,50.7,50.97,50.7,5000,257063.0,0.53,-1.07,-0.55,0.0
2026-03-26,THYM,49.49,49.42,49.49,49.42,300,18038.0,0.15,-0.69,-0.34,0.0
2026-03-26,TIC,7.05,7.11,7.35,6.83,4282400,30427684.0,7.06,-3.53,-0.26,1.94
2026-03-26,TIER,28.18,27.86,28.18,27.86,300,9324.0,1.14,-1.3,-0.37,0.0
2026-03-26,TIGO,75.61,73.35,76.39,73.19,2255400,168254432.0,4.16,-4.68,-3.6,1.35
2026-03-26,TIGR,6.46,6.2,6.53,6.15,4624500,29160802.0,5.76,-6.06,-0.4,2.59
2026-03-26,TII,2.79,2.77,2.95,2.7,156800,434020.0,8.72,-2.81,-0.08,0.16
2026-03-26,TIIV,27.5,27.3,27.5,27.3,100,3719.0,0.73,-1.84,-0.51,0.0
2026-03-26,TIL,8.4,8.36,8.6,8.18,26800,224601.0,4.85,-2.79,-0.24,0.4
2026-03-26,TILE,25.34,25.16,25.67,25.01,578300,14597794.0,2.55,-1.87,-0.48,1.0
2026-03-26,TILL,18.42,18.51,18.56,18.32,81000,1498362.0,1.3,0.65,0.12,0.0
2026-03-26,TILT,243.25,239.98,243.25,239.98,4200,1030194.0,1.34,-1.4,-3.4,0.0
2026-03-26,TIMB,25.96,25.6,26.14,25.56,254200,6563876.0,2.23,-2.33,-0.61,0.05
2026-03-26,TIME,23.1,22.8,23.1,22.8,500,13447.0,1.3,-2.14,-0.5,0.0
2026-03-26,TINS,26.04,26.04,26.04,26.04,0,52.0,0.0,1.12,0.29,0.0
2026-03-26,TINT,35.41,35.13,35.41,35.13,200,7329.0,0.79,-2.57,-0.93,0.0
2026-03-26,TINY,61.68,61.68,61.68,61.68,0,4009.0,0.0,-4.49,-2.9,0.0
2026-03-26,TIP,110.12,109.76,110.21,109.76,3267900,359273536.0,0.41,-0.36,-0.4,0.0
2026-03-26,TIPA,100.59,100.45,100.64,100.45,3500,360809.0,0.19,-0.08,-0.08,0.0
2026-03-26,TIPB,100.06,100.06,100.06,100.06,0,0.0,0.0,-0.2,-0.2,
2026-03-26,TIPC,99.91,99.91,99.91,99.91,0,0.0,0.0,-0.47,-0.47,
2026-03-26,TIPD,99.74,99.74,99.74,99.74,0,0.0,0.0,-0.53,-0.53,0.0
2026-03-26,TIPT,16.69,16.77,16.83,16.62,291900,4885004.0,1.29,0.48,0.08,0.77
2026-03-26,TIPX,19.13,19.09,19.15,19.08,251500,4805492.0,0.34,-0.21,-0.04,0.0
2026-03-26,TIPZ,53.02,52.85,53.02,52.85,7100,377583.0,0.33,-0.34,-0.18,0.0
2026-03-26,TISI,15.81,15.62,16.2,15.54,2800,44993.0,4.28,1.36,0.21,0.06
2026-03-26,TITN,16.06,16.2,16.41,15.91,125900,2035953.0,3.06,-0.67,-0.11,0.54
2026-03-26,TIVC,0.97,0.99,1.02,0.89,134500,131579.0,11.79,-13.26,-0.15,5.33
2026-03-26,TJAN,27.03,27.03,27.03,27.03,100,3332.0,0.0,-0.49,-0.13,0.0
2026-03-26,TJGC,0.63,0.62,0.63,0.58,22100,13303.0,7.67,1.06,0.01,0.15
2026-03-26,TJUL,29.37,29.26,29.41,29.26,3800,113517.0,0.51,-0.53,-0.16,0.0
2026-03-26,TJUN,22.28,22.28,22.28,22.28,0,0.0,0.0,-1.49,-0.34,
2026-03-26,TJX,159.58,157.57,159.93,157.02,4156700,658171456.0,1.82,-1.36,-2.17,0.37
2026-03-26,TK,12.02,11.85,12.27,11.81,605600,7251208.0,3.79,-1.33,-0.16,0.7
2026-03-26,TKC,6.01,5.95,6.06,5.95,2926000,17584498.0,1.8,-2.62,-0.16,
2026-03-26,TKLF,2.18,2.15,2.18,2.15,2700,6058.0,1.14,-1.55,-0.03,0.07
2026-03-26,TKNO,3.05,2.83,3.1,2.73,105200,302939.0,12.17,-6.91,-0.21,0.2
2026-03-26,TKNQ,21.82,21.82,21.82,21.82,0,1774.0,0.0,-3.2,-0.72,0.0
2026-03-26,TKO,191.03,192.64,194.1,191.03,613100,118092712.0,1.58,-0.67,-1.3,0.32
2026-03-26,TKR,98.82,99.06,101.09,98.42,606700,60199920.0,2.62,-2.79,-2.84,0.87
2026-03-26,TLA,24.28,24.16,24.28,24.16,500,14213.0,0.53,-1.45,-0.35,0.0
2026-03-26,TLCI,24.53,24.25,24.6,24.25,7000,171618.0,1.44,-1.7,-0.42,0.0
2026-03-26,TLDR,25.01,25.01,25.01,25.01,1300,34242.0,0.02,0.0,0.0,0.0
2026-03-26,TLF,2.37,2.27,2.4,2.21,48100,110429.0,8.33,-2.58,-0.06,0.6
2026-03-26,TLG,23.38,23.17,23.39,23.17,900,22721.0,0.92,-3.07,-0.73,0.0
2026-03-26,TLH,100.14,99.77,100.38,99.67,937600,93732672.0,0.7,-0.88,-0.89,0.0
2026-03-26,TLIH,0.24,0.24,0.25,0.24,66600,16005.0,4.81,0.76,0.0,0.23
2026-03-26,TLK,18.85,18.77,18.99,18.73,468200,8820164.0,1.39,-1.78,-0.34,0.05
2026-03-26,TLN,327.78,323.13,335.0,318.42,595700,192792928.0,5.05,-1.57,-5.16,1.31
2026-03-26,TLNC,10.18,10.25,10.26,10.18,337200,3446934.0,0.78,0.49,0.05,0.99
2026-03-26,TLNCU,10.36,10.36,10.36,10.36,1000,10422.0,0.0,0.58,0.06,0.0
2026-03-26,TLNCW,0.5,0.5,0.5,0.5,25500,12340.0,0.0,11.11,0.05,0.0
2026-03-26,TLPH,0.82,0.77,0.82,0.76,141300,110445.0,7.28,-2.99,-0.02,0.28
2026-03-26,TLRY,6.91,6.54,6.94,6.52,1927400,12923752.0,6.11,-5.76,-0.4,1.65
2026-03-26,TLS,4.4,4.32,4.51,4.27,872800,3806632.0,5.56,-2.04,-0.09,1.18
2026-03-26,TLSA,1.29,1.25,1.38,1.25,136000,176512.0,9.63,-7.41,-0.1,0.11
2026-03-26,TLSI,4.0,3.92,4.05,3.81,182300,713157.0,5.99,-2.24,-0.09,0.3
2026-03-26,TLSIW,1.19,1.19,1.19,1.19,1200,1333.0,0.0,9.17,0.1,0.0
2026-03-26,TLT,86.34,86.11,86.61,85.93,39536900,3409549056.0,0.78,-0.84,-0.73,0.0
2026-03-26,TLTD,92.84,91.9,93.16,91.9,75600,7028674.0,1.35,-1.81,-1.7,0.0
2026-03-26,TLTE,66.38,65.6,67.03,65.6,7300,489169.0,2.12,-3.01,-2.04,0.0
2026-03-26,TLTI,45.49,45.36,45.65,45.36,2600,121997.0,0.63,-0.85,-0.39,0.0
2026-03-26,TLTP,21.58,21.52,21.59,21.46,41200,887140.0,0.6,-0.44,-0.09,0.0
2026-03-26,TLTW,22.51,22.42,22.56,22.38,1641700,36881036.0,0.77,-0.8,-0.18,0.0
2026-03-26,TLTX,23.45,23.36,23.45,23.36,2000,48975.0,0.38,-0.26,-0.06,0.0
2026-03-26,TLX,8.85,8.97,9.15,8.85,343900,3099573.0,3.37,0.79,0.07,0.1
2026-03-26,TLYS,4.08,4.2,4.37,4.0,764800,3183166.0,8.92,1.2,0.05,2.51
2026-03-26,TM,211.04,209.93,212.98,209.56,204900,43228800.0,1.62,-0.47,-1.0,0.02
2026-03-26,TMAR,23.44,23.14,23.59,23.14,94300,2198630.0,1.9,-2.79,-0.66,0.0
2026-03-26,TMAT,23.69,23.3,23.91,23.3,14100,333697.0,2.56,-3.04,-0.73,0.0
2026-03-26,TMB,25.46,25.4,25.5,25.4,21500,547663.0,0.43,-0.49,-0.12,0.0
2026-03-26,TMC,4.45,4.61,4.66,4.4,7759300,35329188.0,5.66,0.44,0.02,1.88
2026-03-26,TMCI,1.28,1.28,1.33,1.26,373000,480562.0,5.56,1.59,0.02,0.58
2026-03-26,TMCWW,0.43,0.42,0.46,0.4,190800,81844.0,14.34,1.08,0.0,0.0
2026-03-26,TMDE,1.34,1.34,1.42,1.27,1458600,1935141.0,11.9,6.35,0.08,6.19
2026-03-26,TMDV,48.22,48.22,48.22,48.22,0,289.0,0.0,-0.03,-0.01,0.0
2026-03-26,TMDX,103.19,102.2,106.0,101.85,778200,80612624.0,3.95,-2.79,-2.93,2.27
2026-03-26,TME,9.54,9.49,9.65,9.36,12762800,121269568.0,2.98,-2.47,-0.24,0.82
2026-03-26,TMED,28.78,28.51,28.78,28.47,1000,29899.0,1.08,-0.23,-0.07,
2026-03-26,TMET,28.96,28.41,29.0,28.41,4800,139070.0,2.02,-2.53,-0.74,0.0
2026-03-26,TMF,35.69,35.42,36.02,35.19,5010000,178192800.0,2.3,-2.37,-0.86,0.0
2026-03-26,TMFC,66.25,65.47,66.57,65.47,106400,7019785.0,1.66,-1.98,-1.32,
2026-03-26,TMFE,27.2,26.96,27.38,26.95,25000,679438.0,1.55,-1.57,-0.43,0.0
2026-03-26,TMFG,28.01,27.88,28.26,27.84,14600,411708.0,1.48,-1.47,-0.42,0.0
2026-03-26,TMFM,20.08,20.19,20.51,20.08,13700,278063.0,2.12,-0.35,-0.07,0.0
2026-03-26,TMFS,31.83,31.93,32.34,31.83,31300,1010865.0,1.58,-0.87,-0.28,0.0
2026-03-26,TMFX,20.14,19.98,20.22,19.98,2400,49326.0,1.17,-1.72,-0.35,0.0
2026-03-26,TMH,57.75,57.12,57.75,57.12,100,7376.0,1.1,-0.41,-0.23,0.0
2026-03-26,TMHC,59.01,58.89,59.95,58.87,964600,56970060.0,1.81,-1.06,-0.63,1.0
2026-03-26,TMLP,29.1,28.99,29.1,28.8,23700,688155.0,1.02,-1.21,-0.36,0.0
2026-03-26,TMNL,49.26,49.23,49.26,49.23,900,45791.0,0.06,-1.02,-0.51,0.0
2026-03-26,TMNS,49.85,49.83,49.85,49.83,500,26809.0,0.05,-0.52,-0.26,0.0
2026-03-26,TMO,489.75,488.85,496.26,485.82,1302000,638864256.0,2.13,-0.39,-1.92,0.35
2026-03-26,TMP,76.7,77.18,77.65,76.28,53000,4089819.0,1.78,0.09,0.07,0.37
2026-03-26,TMQ,3.34,3.33,3.46,3.31,1553000,5215109.0,4.27,-3.76,-0.13,0.9
2026-03-26,TMSF,49.3,49.08,49.3,49.08,3900,194332.0,0.44,-0.98,-0.49,0.0
2026-03-26,TMSL,36.97,36.3,37.17,36.3,167400,6147040.0,2.34,-2.39,-0.89,0.0
2026-03-26,TMTSU,10.03,10.03,10.03,10.03,50200,503507.0,0.05,0.0,0.0,0.25
2026-03-26,TMUS,212.58,211.59,213.47,210.93,5201900,1102456320.0,1.2,0.11,0.23,0.47
2026-03-26,TMUSI,21.39,21.56,21.71,21.29,30600,659687.0,1.95,0.28,0.06,0.0
2026-03-26,TMUSL,24.12,24.27,24.3,24.11,14700,357078.0,0.78,-0.27,-0.06,0.0
2026-03-26,TMUSZ,21.53,21.4,21.53,21.3,32300,691260.0,1.06,-1.13,-0.25,0.0
2026-03-26,TMV,37.77,38.05,38.29,37.44,890900,33761064.0,2.29,2.45,0.91,0.0
2026-03-26,TMVE,15.76,15.62,15.76,15.62,300,4784.0,0.87,-1.03,-0.16,0.0
2026-03-26,TNA,44.97,44.16,46.6,44.01,11892000,536769440.0,5.57,-5.2,-2.42,0.0
2026-03-26,TNC,68.4,67.73,68.78,67.14,247400,16822178.0,2.41,-0.67,-0.46,1.37
2026-03-26,TNDM,23.81,23.32,24.3,22.98,1805600,42394072.0,5.44,-3.87,-0.94,2.64
2026-03-26,TNET,36.86,37.71,38.56,36.86,311300,11804777.0,4.59,1.95,0.72,0.66
2026-03-26,TNGX,20.6,19.86,20.99,19.68,2746200,55762152.0,6.27,-4.89,-1.02,1.92
2026-03-26,TNGY,10.62,10.66,10.75,10.59,78400,835945.0,1.5,0.19,0.02,0.0
2026-03-26,TNK,70.46,70.6,73.12,70.38,561500,40173812.0,3.89,0.33,0.23,1.62
2026-03-26,TNL,71.32,70.69,72.1,70.39,367400,26035256.0,2.38,-1.66,-1.19,0.59
2026-03-26,TNMG,1.99,1.95,2.03,1.9,14500,28507.0,6.5,-2.5,-0.05,0.57
2026-03-26,TNON,0.76,0.73,0.79,0.73,130600,98917.0,7.14,-5.86,-0.05,1.2
2026-03-26,TNONW,0.01,0.01,0.01,0.01,0,0.0,0.0,0.0,0.0,0.0
2026-03-26,TNUK,25.48,25.48,25.48,25.48,0,2197.0,0.0,-3.23,-0.85,0.0
2026-03-26,TNXP,14.4,13.75,14.98,13.75,408500,5785421.0,8.2,-8.33,-1.25,3.05
2026-03-26,TNXT,22.22,22.22,22.22,22.22,0,2043.0,0.0,-2.16,-0.49,0.0
2026-03-26,TNYA,0.72,0.7,0.73,0.68,3375500,2361030.0,7.38,-2.98,-0.02,1.56
2026-03-26,TOAK,28.62,28.64,28.64,28.62,5700,164576.0,0.06,0.09,0.02,0.0
2026-03-26,TOCT,26.3,26.24,26.3,26.18,4400,117126.0,0.45,-0.49,-0.13,0.0
2026-03-26,TOGA,27.6,27.15,27.65,27.15,5300,145851.0,1.82,-1.2,-0.33,0.0
2026-03-26,TOI,3.05,3.1,3.28,3.04,1129600,3539295.0,7.75,-0.64,-0.02,1.14
2026-03-26,TOIIW,0.05,0.05,0.05,0.04,1100,51.0,1.97,-10.45,-0.01,0.0
2026-03-26,TOK,133.2,131.75,133.2,131.75,600,90228.0,1.08,-1.74,-2.34,0.0
2026-03-26,TOKE,5.28,5.22,5.5,5.15,74400,389131.0,6.58,-1.79,-0.1,0.0
2026-03-26,TOL,135.08,133.23,137.57,132.74,1615400,216561248.0,3.53,-2.69,-3.68,1.71
2026-03-26,TOLL,33.78,33.57,34.01,33.57,2700,92611.0,1.29,-1.71,-0.58,0.0
2026-03-26,TOLZ,59.38,59.61,59.84,59.38,6900,414247.0,0.77,-0.12,-0.07,0.0
2026-03-26,TOMZ,0.64,0.6,0.64,0.59,54800,34109.0,6.6,-10.45,-0.07,0.27
2026-03-26,TONX,2.93,2.69,2.93,2.65,411800,1110990.0,9.32,-8.81,-0.26,0.7
2026-03-26,TOON,0.6,0.62,0.62,0.58,544200,325381.0,6.03,1.45,0.01,1.01
2026-03-26,TOP,0.79,0.88,0.94,0.75,1087600,894116.0,22.09,4.39,0.04,2.93
2026-03-26,TOPC,30.05,29.79,30.07,29.79,7400,209137.0,0.92,-1.68,-0.51,0.0
2026-03-26,TOPP,0.75,0.75,0.77,0.72,35600,26734.0,6.46,-6.26,-0.05,0.18
2026-03-26,TOPS,3.26,3.36,3.43,3.26,41300,137883.0,5.19,3.7,0.12,0.89
2026-03-26,TOPT,28.67,28.75,28.75,28.26,430700,12290416.0,1.72,-0.36,-0.11,0.0
2026-03-26,TOPW,33.7,33.15,33.94,33.14,64000,2148522.0,2.34,-2.74,-0.94,0.0
2026-03-26,TORO,3.82,3.74,3.85,3.71,21600,81658.0,3.69,-2.09,-0.08,0.1
2026-03-26,TOS,24.47,24.37,24.47,24.37,200,6572.0,0.38,-3.63,-0.92,0.0
2026-03-26,TOST,26.6,26.5,27.31,26.32,10213100,271826560.0,3.69,-1.19,-0.32,1.73
2026-03-26,TOT,20.32,20.32,20.32,20.32,0,0.0,0.0,-1.69,-0.35,
2026-03-26,TOTL,39.59,39.47,39.65,39.46,468600,18531190.0,0.47,-0.58,-0.23,0.0
2026-03-26,TOTR,40.08,39.95,40.12,39.95,1500,60092.0,0.41,-1.0,-0.4,0.0
2026-03-26,TOUR,0.75,0.74,0.78,0.74,108500,82668.0,4.66,-3.57,-0.03,0.09
2026-03-26,TOUS,34.21,33.87,34.4,33.85,1972000,66834764.0,1.57,-2.19,-0.76,0.0
2026-03-26,TOV,27.52,27.22,27.52,27.22,1000,29594.0,1.1,-1.7,-0.47,0.0
2026-03-26,TOVX,0.22,0.22,0.22,0.21,3720600,807845.0,6.02,-0.91,-0.0,8.11
2026-03-26,TOWN,33.13,33.4,33.45,33.1,329500,10990357.0,1.04,0.33,0.11,0.42
2026-03-26,TOXR,13.39,13.09,13.45,13.02,82600,1094725.0,3.13,-4.73,-0.65,0.0
2026-03-26,TOYO,8.43,7.94,8.6,7.9,38900,316573.0,8.25,-6.37,-0.54,0.1
2026-03-26,TPAY,47.91,47.47,48.15,47.47,500,21613.0,1.41,-1.74,-0.84,0.0
2026-03-26,TPB,87.6,84.56,87.82,84.46,317300,27070038.0,3.8,-4.33,-3.83,1.64
2026-03-26,TPC,76.85,76.24,77.94,75.76,450900,33742320.0,2.73,-4.6,-3.68,0.85
2026-03-26,TPCS,3.36,3.32,3.38,3.3,8900,30055.0,2.53,-0.9,-0.03,0.09
2026-03-26,TPET,0.85,0.8,0.92,0.79,21524900,18653700.0,16.52,-0.55,-0.0,67.41
2026-03-26,TPG,40.64,40.28,41.2,40.02,1572700,63613592.0,2.9,-1.0,-0.41,0.41
2026-03-26,TPGXL,24.47,24.42,24.65,24.17,31200,765563.0,1.95,-0.53,-0.13,0.0
2026-03-26,TPH,46.7,46.67,46.75,46.66,2860400,130598864.0,0.19,-0.11,-0.05,3.36
2026-03-26,TPHD,41.07,41.23,41.51,41.07,27600,1144692.0,1.07,-0.02,-0.01,0.0
2026-03-26,TPIF,35.37,35.13,35.63,35.09,22700,803495.0,1.51,-1.73,-0.62,0.0
2026-03-26,TPL,531.37,522.28,538.3,521.06,335800,176430864.0,3.25,-1.45,-7.66,0.49
2026-03-26,TPLC,46.46,46.3,46.86,46.22,26700,1244279.0,1.37,-0.88,-0.41,0.0
2026-03-26,TPLS,25.24,25.17,25.25,25.17,43400,1095643.0,0.3,-0.55,-0.14,0.0
2026-03-26,TPOR,27.88,27.5,28.65,27.4,19300,537099.0,4.35,-4.39,-1.26,0.0
2026-03-26,TPR,145.16,141.06,147.46,141.06,1866800,267600448.0,4.39,-3.23,-4.71,0.92
2026-03-26,TPRY,18.41,18.07,18.43,18.01,3900,71237.0,2.26,-2.89,-0.54,0.0
2026-03-26,TPSC,42.43,42.37,42.87,42.26,24200,1029759.0,1.43,-0.8,-0.34,0.0
2026-03-26,TPST,1.94,1.66,1.95,1.64,1092100,2026872.0,17.53,-4.6,-0.08,8.1
2026-03-26,TPTA,14.64,14.64,14.64,14.64,400,7231.0,0.0,2.36,0.34,0.0
2026-03-26,TPVG,4.6,4.62,4.69,4.56,247200,1148537.0,2.81,0.0,0.0,0.61
2026-03-26,TPYP,43.09,43.49,43.49,42.72,104100,4476551.0,1.78,0.74,0.32,0.0
2026-03-26,TPZ,21.84,21.96,22.05,21.84,10000,219939.0,0.94,-1.22,-0.27,0.0
2026-03-26,TQQQ,43.23,41.23,43.68,41.15,117558800,4994264064.0,5.7,-7.12,-3.16,0.0
2026-03-26,TQQY,13.35,13.08,13.37,13.07,16300,216353.0,2.22,-2.51,-0.34,0.0
2026-03-26,TR,41.67,41.62,42.18,41.56,112300,4686813.0,1.5,-0.24,-0.1,0.15
2026-03-26,TRAK,7.63,7.24,7.73,7.24,89100,663090.0,6.48,-3.82,-0.29,0.49
2026-03-26,TRAW,1.98,1.93,2.07,1.93,15000,29860.0,7.0,-3.5,-0.07,0.19
2026-03-26,TRBF,49.56,49.31,49.56,49.3,3200,160762.0,0.52,-0.72,-0.36,0.0
2026-03-26,TRC,18.97,19.75,19.75,18.97,58600,1120165.0,4.11,4.17,0.79,0.22
2026-03-26,TRDA,11.95,12.31,12.52,11.84,138400,1703615.0,5.64,2.16,0.26,0.36
2026-03-26,TREE,41.61,43.46,43.55,41.61,145300,6247779.0,4.57,2.27,0.97,1.05
2026-03-26,TREX,36.9,36.68,37.76,36.45,1292900,46359044.0,3.51,-1.66,-0.62,1.24
2026-03-26,TRFK,63.84,62.32,64.2,62.32,77800,4933432.0,2.91,-3.66,-2.37,0.0
2026-03-26,TRFM,47.57,46.38,47.6,46.38,14000,659444.0,2.54,-3.51,-1.69,0.0
2026-03-26,TRGP,244.79,249.99,252.45,244.03,1487600,371811584.0,3.44,2.04,4.99,0.69
2026-03-26,TRGSU,9.98,9.98,9.98,9.98,500,5920.0,0.0,-0.19,-0.02,0.0
2026-03-26,TRI,88.11,90.38,90.77,87.3,1802000,162329824.0,3.97,3.41,2.98,0.41
2026-03-26,TRIB,0.61,0.61,0.63,0.61,87500,53803.0,3.23,1.07,0.01,0.47
2026-03-26,TRIN,14.55,14.53,14.83,14.47,887000,12973045.0,2.46,-0.68,-0.1,1.07
2026-03-26,TRINI,25.11,25.05,25.16,25.05,6200,156491.0,0.42,-0.2,-0.05,0.0
2026-03-26,TRINZ,25.03,25.05,25.06,25.03,5800,145627.0,0.12,-0.18,-0.05,0.0
2026-03-26,TRIO,60.33,60.05,60.33,60.05,500,34170.0,0.45,-1.08,-0.66,0.0
2026-03-26,TRIP,9.34,9.95,10.1,9.34,4099900,40669872.0,7.99,4.63,0.44,3.57
2026-03-26,TRMB,65.4,65.45,66.65,65.14,1420400,93218088.0,2.29,-0.64,-0.42,0.61
2026-03-26,TRMD,27.7,27.19,28.17,27.12,1272900,35155860.0,3.82,-1.66,-0.46,1.25
2026-03-26,TRMK,41.85,42.3,42.32,41.76,282000,11881402.0,1.33,0.52,0.22,0.48
2026-03-26,TRN,31.39,31.47,31.67,31.22,497400,15553033.0,1.42,-1.66,-0.53,0.62
2026-03-26,TRND,33.03,32.87,33.03,32.87,1400,46255.0,0.48,-1.66,-0.55,0.0
2026-03-26,TRNO,62.14,61.78,62.14,61.26,535000,33023714.0,1.42,0.19,0.12,0.5
2026-03-26,TRNR,1.29,1.21,1.32,1.21,72200,91831.0,8.4,-7.63,-0.1,3.55
2026-03-26,TRNS,72.63,73.24,75.1,72.5,145900,10723135.0,3.55,0.37,0.27,1.56
2026-03-26,TRON,2.51,2.2,2.61,2.08,3383700,7726435.0,20.14,-16.35,-0.43,1.3
2026-03-26,TROO,2.69,2.61,2.82,2.56,44300,118569.0,9.85,-2.97,-0.08,0.04
2026-03-26,TROT,24.67,24.67,24.67,24.67,0,24.0,0.0,-0.28,-0.07,0.0
2026-03-26,TROW,89.39,90.23,90.88,89.02,3010400,271621248.0,2.08,0.73,0.65,1.38
2026-03-26,TROX,8.75,9.25,9.29,8.74,4256400,38477728.0,6.18,3.93,0.35,2.67
2026-03-26,TRP,64.08,63.68,64.36,63.25,3246100,205599840.0,1.73,-0.58,-0.37,0.31
2026-03-26,TRPA,38.93,38.9,38.93,38.9,1300,51197.0,0.09,-0.09,-0.03,0.0
2026-03-26,TRS,36.97,36.62,37.51,36.59,335200,12417158.0,2.49,-1.48,-0.55,0.89
2026-03-26,TRSG,1.26,1.26,1.26,1.26,300,466.0,0.0,7.68,0.09,0.0
2026-03-26,TRST,42.89,43.38,43.49,42.71,66600,2881754.0,1.81,0.49,0.21,0.38
2026-03-26,TRSY,30.14,30.13,30.14,30.13,800,24286.0,0.02,-0.01,-0.0,0.0
2026-03-26,TRT,6.23,6.11,6.49,5.91,49600,301631.0,9.22,-3.32,-0.21,0.57
2026-03-26,TRTX,8.05,8.06,8.1,8.02,901400,7264193.0,1.05,-0.12,-0.01,1.15
2026-03-26,TRTY,29.6,29.4,29.66,29.4,20300,601903.0,0.88,-0.98,-0.29,0.0
2026-03-26,TRU,67.08,68.24,69.78,66.73,1513100,103436992.0,4.5,0.77,0.52,0.78
2026-03-26,TRUC,24.12,23.61,24.12,23.49,1705400,40300924.0,2.59,-3.05,-0.74,0.0
2026-03-26,TRUD,23.92,23.7,24.16,23.69,38600,925526.0,1.95,-1.81,-0.44,0.0
2026-03-26,TRUG,0.41,0.49,0.54,0.38,1955600,867747.0,44.68,32.68,0.12,35.19
2026-03-26,TRUP,25.53,26.04,26.25,25.14,261900,6797842.0,4.35,2.12,0.54,0.6
2026-03-26,TRUT,24.17,23.77,24.27,23.77,3917000,93542192.0,2.05,-2.78,-0.68,0.0
2026-03-26,TRV,290.16,291.13,293.01,289.16,1158300,326515680.0,1.32,0.19,0.54,0.54
2026-03-26,TRVG,2.79,2.93,2.96,2.79,35200,102299.0,6.01,3.53,0.1,0.05
2026-03-26,TRVI,11.26,11.8,12.2,11.19,1384800,16469051.0,8.83,3.15,0.36,1.08
2026-03-26,TRX,1.33,1.3,1.34,1.25,3459500,4467873.0,6.2,-5.12,-0.07,1.2
2026-03-26,TS,57.07,58.33,58.69,57.07,2242200,130046272.0,2.83,2.01,1.15,
2026-03-26,TSAT,39.9,38.21,40.0,38.0,78300,3032308.0,4.95,-5.37,-2.17,0.53
2026-03-26,TSBK,39.05,39.21,39.53,39.03,19300,757246.0,1.27,-0.08,-0.03,0.24
2026-03-26,TSCM,18.12,17.99,18.12,17.99,1800,32709.0,0.74,-1.77,-0.32,0.0
2026-03-26,TSCO,45.91,45.89,46.56,45.7,4049700,186020880.0,1.87,-0.15,-0.07,0.77
2026-03-26,TSCV,28.09,27.84,28.09,27.84,700,21582.0,0.89,-1.06,-0.3,0.0
2026-03-26,TSDD,10.02,10.51,10.52,9.89,23808800,244539648.0,6.47,7.14,0.7,0.0
2026-03-26,TSEC,25.86,25.83,25.87,25.83,9900,258151.0,0.15,-0.16,-0.04,0.0
2026-03-26,TSEL,24.76,24.4,24.84,24.38,29300,719586.0,1.84,-2.58,-0.65,0.0
2026-03-26,TSEM,180.72,174.68,188.34,172.15,5473000,978950016.0,8.58,-7.45,-14.06,4.86
2026-03-26,TSEP,23.93,23.65,23.93,23.65,200,5239.0,1.17,-2.05,-0.5,0.0
2026-03-26,TSES,30.54,30.53,30.67,30.53,2300,71130.0,0.46,-0.1,-0.03,0.0
2026-03-26,TSHA,4.46,4.32,4.6,4.3,2329200,10340736.0,6.55,-5.68,-0.26,0.81
2026-03-26,TSI,4.66,4.59,4.71,4.57,659100,3073051.0,2.95,-3.37,-0.16,0.0
2026-03-26,TSIC,25.07,24.97,25.2,24.97,500,13560.0,0.91,-0.58,-0.15,0.0
2026-03-26,TSII,19.64,19.07,19.74,19.02,22000,426967.0,3.64,-3.54,-0.7,0.0
2026-03-26,TSL,15.09,14.57,15.18,14.56,764800,11384972.0,4.07,-4.45,-0.68,0.0
2026-03-26,TSLA,381.6,372.11,384.44,371.87,55522800,20969248768.0,3.26,-3.59,-13.84,1.48
2026-03-26,TSLG,6.35,6.03,6.44,6.03,31201600,194277520.0,6.4,-7.07,-0.46,0.0
2026-03-26,TSLI,24.08,22.82,24.22,22.79,16900,399943.0,5.82,-7.1,-1.74,0.0
2026-03-26,TSLL,12.89,12.25,13.08,12.22,65091800,823715136.0,6.53,-7.06,-0.93,0.0
2026-03-26,TSLO,16.77,16.77,16.77,16.77,0,0.0,0.0,-3.85,-0.67,
2026-03-26,TSLP,18.71,18.23,18.83,18.23,13500,251067.0,3.18,-3.53,-0.67,0.0
2026-03-26,TSLQ,23.59,24.72,24.77,23.27,9443200,226346752.0,6.5,7.11,1.64,0.0
2026-03-26,TSLR,21.88,20.81,22.23,20.78,1140300,24583214.0,6.45,-7.14,-1.6,0.0
2026-03-26,TSLS,58.92,60.35,60.37,58.51,614800,36547712.0,3.19,3.57,2.08,0.0
2026-03-26,TSLT,18.01,17.17,18.32,17.12,1936600,34306756.0,6.51,-6.85,-1.26,0.0
2026-03-26,TSLW,24.41,23.7,24.54,23.65,125300,3018997.0,3.62,-4.16,-1.03,0.0
2026-03-26,TSLX,17.61,17.69,17.99,17.61,730100,12977340.0,2.14,-0.34,-0.06,0.77
2026-03-26,TSLY,30.52,29.88,30.7,29.88,565800,17111726.0,2.66,-3.61,-1.12,0.0
2026-03-26,TSLZ,15.26,16.02,16.02,15.05,4945500,76866096.0,6.5,7.3,1.09,0.0
2026-03-26,TSM,339.82,326.11,340.91,325.37,14560100,4828463616.0,4.49,-5.84,-20.24,0.28
2026-03-26,TSME,42.23,41.29,42.4,41.25,64300,2694118.0,2.7,-3.32,-1.42,0.0
2026-03-26,TSMG,28.4,25.91,28.4,25.89,77100,2050557.0,8.5,-12.26,-3.62,0.0
2026-03-26,TSMU,51.53,47.28,51.53,47.15,77800,3825322.0,8.1,-12.52,-6.77,0.0
2026-03-26,TSMX,58.48,53.44,58.62,53.35,832300,46471392.0,8.63,-12.42,-7.58,0.0
2026-03-26,TSMY,15.33,14.79,15.33,14.76,313800,4725244.0,3.63,-5.8,-0.91,0.0
2026-03-26,TSMZ,10.55,10.93,10.94,10.53,125200,1344132.0,3.99,6.3,0.65,0.0
2026-03-26,TSN,61.5,62.96,63.53,61.25,3095500,195031584.0,3.71,2.46,1.51,0.88
2026-03-26,TSNF,24.55,23.92,24.55,23.92,2200,52802.0,2.51,-3.17,-0.78,0.0
2026-03-26,TSOL,8.5,8.27,8.5,8.27,1500,13196.0,2.59,-6.72,-0.6,0.0
2026-03-26,TSPA,41.09,40.58,41.17,40.55,124700,5094658.0,1.49,-1.84,-0.76,0.0
2026-03-26,TSPX,26.56,26.56,26.56,26.56,0,614.0,0.0,-1.19,-0.32,0.0
2026-03-26,TSPY,23.52,23.23,23.59,23.22,202100,4726558.0,1.57,-1.65,-0.39,0.0
2026-03-26,TSQ,5.58,5.02,5.58,4.98,200200,1037622.0,10.64,-10.99,-0.62,1.17
2026-03-26,TSRS,25.17,25.17,25.17,25.17,200,6834.0,0.0,0.12,0.03,0.0
2026-03-26,TSSD,25.0,24.84,25.26,24.83,3200,79341.0,1.71,-1.41,-0.36,0.0
2026-03-26,TSSI,12.74,12.72,13.44,12.54,1390600,18097808.0,6.75,-4.65,-0.62,5.01
2026-03-26,TSUI,18.62,18.32,18.62,18.26,5000,92591.0,1.84,-5.1,-0.98,0.0
2026-03-26,TSXD,16.5,17.76,17.76,16.5,2400,42687.0,7.76,9.76,1.58,0.0
2026-03-26,TSXU,27.9,26.35,27.98,26.35,13500,373980.0,5.56,-10.08,-2.95,0.0
2026-03-26,TSYW,45.72,45.53,45.74,45.44,2600,120901.0,0.65,-0.83,-0.38,0.0
2026-03-26,TSYX,21.31,20.89,21.32,20.89,12800,270229.0,1.99,-2.26,-0.48,0.0
2026-03-26,TSYY,3.64,3.6,3.66,3.59,967600,3514206.0,1.91,-2.0,-0.07,0.0
2026-03-26,TT,430.0,407.13,432.96,406.89,1867200,772267584.0,6.03,-5.87,-25.37,0.84
2026-03-26,TTAM,15.25,14.94,15.53,14.94,227700,3435418.0,3.81,-3.49,-0.54,0.12
2026-03-26,TTAN,62.1,63.06,65.95,61.51,869700,55411924.0,7.04,-0.03,-0.02,0.91
2026-03-26,TTC,95.43,93.81,96.18,93.55,600500,56639408.0,2.75,-1.93,-1.85,0.62
2026-03-26,TTD,21.76,21.74,22.36,21.55,14263200,311998624.0,3.69,-1.05,-0.23,3.0
2026-03-26,TTDU,4.53,4.52,4.76,4.45,317400,1449016.0,6.82,-2.16,-0.1,0.0
2026-03-26,TTE,89.44,89.95,91.35,89.29,1777700,161031088.0,2.32,1.39,1.23,0.08
2026-03-26,TTEC,2.5,2.31,2.57,2.3,485000,1157263.0,10.47,-9.96,-0.25,
2026-03-26,TTEK,31.12,30.41,31.4,30.38,3185400,97747104.0,3.23,-3.8,-1.2,1.22
2026-03-26,TTEQ,30.87,30.08,30.89,30.08,78100,2368030.0,2.58,-4.01,-1.26,0.0
2026-03-26,TTGT,3.77,3.97,4.02,3.71,253700,1003515.0,8.14,4.2,0.16,0.35
2026-03-26,TTI,8.29,8.4,8.45,8.26,1155100,9672419.0,2.21,-2.33,-0.2,0.86
2026-03-26,TTMI,104.26,95.93,105.25,95.62,1792600,178851440.0,8.91,-11.18,-12.07,1.73
2026-03-26,TTOP,16.31,16.31,16.31,16.31,0,32.0,0.0,-3.62,-0.61,0.0
2026-03-26,TTRX,3.37,3.4,3.63,3.37,41100,145659.0,7.62,-0.29,-0.01,0.14
2026-03-26,TTT,67.98,68.43,68.5,67.53,3100,217626.0,1.45,2.3,1.54,0.0
2026-03-26,TTWO,190.5,194.72,197.17,190.35,1677400,327283808.0,3.53,0.87,1.67,0.91
2026-03-26,TTXD,37.42,38.51,38.51,37.4,18900,721148.0,3.04,5.95,2.16,0.0
2026-03-26,TTXU,15.17,14.42,15.2,14.42,12600,187764.0,5.03,-6.99,-1.08,0.0
2026-03-26,TU,12.9,12.88,13.01,12.82,5671600,73161208.0,1.39,-0.39,-0.05,0.36
2026-03-26,TUA,20.81,20.66,20.84,20.66,607000,12609573.0,0.88,-1.53,-0.32,0.0
2026-03-26,TUG,37.35,36.93,37.35,36.93,300,13892.0,1.11,-2.61,-0.99,0.0
2026-03-26,TUGN,23.16,22.87,23.32,22.87,14700,341319.0,1.91,-3.13,-0.74,0.0
2026-03-26,TULP,4.0,3.97,4.0,3.95,600,2510.0,1.29,2.02,0.08,0.04
2026-03-26,TUR,38.11,37.68,38.31,37.6,206000,7816201.0,1.84,-2.31,-0.89,0.0
2026-03-26,TURB,1.79,1.96,2.17,1.63,9346600,18173204.0,36.49,32.43,0.48,77.78
2026-03-26,TURF,34.46,34.08,34.49,34.08,11600,400963.0,1.19,-0.87,-0.3,0.0
2026-03-26,TUSB,50.4,50.4,50.47,50.4,7100,362581.0,0.15,-0.18,-0.09,0.0
2026-03-26,TUSI,25.36,25.36,25.36,25.34,196800,4991460.0,0.08,-0.02,-0.0,0.0
2026-03-26,TUSK,2.31,2.62,2.7,2.3,1104600,2789846.0,17.38,12.45,0.29,2.28
2026-03-26,TUYA,2.41,2.36,2.45,2.33,1135700,2694680.0,5.1,-3.67,-0.09,0.19
2026-03-26,TV,2.83,2.87,2.94,2.83,819500,2381397.0,3.82,-0.35,-0.01,0.15
2026-03-26,TVA,10.38,10.36,10.38,10.35,81000,839700.0,0.29,0.0,0.0,0.27
2026-03-26,TVACU,10.54,10.54,10.54,10.54,200,2108.0,0.0,-0.41,-0.04,0.0
2026-03-26,TVACW,0.47,0.48,0.48,0.47,1100,274.0,1.91,1.91,0.01,0.0
2026-03-26,TVAI,10.21,10.21,10.21,10.21,200,2062.0,0.0,0.0,0.0,0.0
2026-03-26,TVAL,36.2,35.95,36.31,35.92,289100,10404856.0,1.07,-1.24,-0.45,0.0
2026-03-26,TVC,24.21,24.13,24.21,24.12,4600,111782.0,0.37,-0.23,-0.06,
2026-03-26,TVE,23.9,23.77,23.97,23.76,10600,254820.0,0.89,-0.42,-0.1,0.0
2026-03-26,TVGN,5.25,4.76,5.33,4.68,58500,292081.0,12.55,-8.11,-0.42,1.45
2026-03-26,TVGNW,0.03,0.03,0.03,0.03,1800,55.0,13.01,-7.51,-0.0,0.0
2026-03-26,TVRD,3.34,3.33,3.45,3.26,29000,96691.0,5.78,1.22,0.04,0.31
2026-03-26,TVTX,26.77,27.92,28.62,26.77,851000,23805878.0,6.71,1.31,0.36,0.92
2026-03-26,TW,119.58,117.64,120.21,117.25,2231200,263370688.0,2.47,-1.93,-2.31,0.95
2026-03-26,TWAV,1.72,1.75,1.77,1.57,197200,333251.0,11.35,-2.23,-0.04,5.93
2026-03-26,TWFG,17.73,18.32,18.34,17.5,322900,5831367.0,4.71,2.75,0.49,0.57
2026-03-26,TWG,3.59,3.61,3.66,3.59,10100,36720.0,1.84,-1.1,-0.04,0.04
2026-03-26,TWI,7.01,6.93,7.1,6.91,694000,4829382.0,2.68,-2.39,-0.17,1.08
2026-03-26,TWIN,15.45,15.39,15.77,15.3,17600,274654.0,3.0,-1.66,-0.26,0.12
2026-03-26,TWLO,124.48,126.1,128.55,123.08,1721600,217896928.0,4.36,0.53,0.67,
2026-03-26,TWM,30.92,31.23,31.31,30.2,755300,23241984.0,3.68,3.41,1.03,0.0
2026-03-26,TWN,65.61,64.86,65.65,64.73,4000,267169.0,1.41,-1.08,-0.71,0.0
2026-03-26,TWO,11.21,11.4,11.4,11.2,3947500,44634500.0,1.72,0.71,0.08,3.76
2026-03-26,TWOD,25.27,25.25,25.34,25.23,5600,143720.0,0.43,-0.2,-0.05,0.0
2026-03-26,TWOX,26.87,26.55,26.87,26.55,2800,75305.0,1.17,-1.81,-0.49,0.0
2026-03-26,TWST,47.59,46.75,49.22,46.39,999300,47306036.0,5.82,-3.89,-1.89,1.63
2026-03-26,TX,38.49,38.63,39.6,38.49,114900,4447738.0,2.82,-2.38,-0.94,0.06
2026-03-26,TXBC,15.1,15.0,15.1,15.0,300,4773.0,0.66,-4.97,-0.78,0.0
2026-03-26,TXG,20.58,20.43,21.2,20.33,1366200,28300750.0,4.16,-2.3,-0.48,1.07
2026-03-26,TXMD,2.3,2.22,2.36,2.22,5800,13251.0,6.09,-3.06,-0.07,0.05
2026-03-26,TXN,196.1,193.41,197.07,192.88,6314500,1227089280.0,2.13,-1.71,-3.36,0.69
2026-03-26,TXNM,58.25,58.25,58.49,58.25,953600,55128916.0,0.41,-0.07,-0.04,0.88
2026-03-26,TXNU,24.65,24.65,24.65,24.65,500,12635.0,0.0,0.0,0.0,0.0
2026-03-26,TXO,12.88,13.1,13.14,12.83,516200,6726578.0,2.41,1.71,0.22,0.93
2026-03-26,TXRH,168.66,166.35,170.21,165.92,711000,119000280.0,2.54,-1.61,-2.73,1.08
2026-03-26,TXS,37.74,37.61,37.74,37.61,400,17012.0,0.33,-2.81,-1.09,0.0
2026-03-26,TXT,89.96,88.4,90.75,88.38,1311700,116944480.0,2.61,-2.55,-2.31,0.75
2026-03-26,TXUE,31.58,31.48,31.79,31.45,37400,1179889.0,1.06,-1.52,-0.49,0.0
2026-03-26,TXUG,23.2,23.2,23.2,23.2,0,208.0,0.0,-2.43,-0.58,0.0
2026-03-26,TXXD,6.01,5.9,6.04,5.88,35800,213070.0,2.41,-11.14,-0.74,0.0
2026-03-26,TXXI,50.03,49.88,50.03,49.87,3500,174869.0,0.32,-0.32,-0.16,0.0
2026-03-26,TXXS,4.85,4.68,4.92,4.64,22000,103519.0,5.29,-10.83,-0.57,0.0
2026-03-26,TY,31.63,31.34,31.92,31.34,35300,1119160.0,1.82,-1.76,-0.56,0.0
2026-03-26,TYA,12.98,12.79,12.98,12.79,7500,97003.0,1.45,-2.44,-0.32,0.0
2026-03-26,TYD,24.28,23.94,24.33,23.92,33300,802358.0,1.67,-2.31,-0.57,0.0
2026-03-26,TYG,50.11,50.0,50.59,49.75,82300,4110385.0,1.64,-2.38,-1.22,0.07
2026-03-26,TYGO,4.25,3.97,4.4,3.92,391800,1588386.0,11.06,-8.53,-0.37,0.52
2026-03-26,TYL,328.89,341.07,347.79,328.89,362600,124155248.0,5.7,2.9,9.6,0.85
2026-03-26,TYLD,25.1,25.1,25.1,25.1,500,13630.0,0.02,-0.08,-0.02,0.0
2026-03-26,TYLG,34.27,33.85,34.37,33.85,1800,62621.0,1.5,-2.52,-0.87,0.0
2026-03-26,TYO,13.78,13.93,13.96,13.71,48900,675964.0,1.84,2.43,0.33,0.0
2026-03-26,TYRA,36.0,38.03,38.86,36.0,596300,22665524.0,7.79,3.6,1.32,1.11
2026-03-26,TZA,7.02,6.99,7.15,6.77,136308000,953652992.0,5.58,2.64,0.18,0.0
2026-03-26,TZOO,6.33,6.19,6.57,6.15,46100,290184.0,6.47,-3.43,-0.22,0.42
2026-03-26,U,17.55,19.27,19.27,17.02,13714800,242536528.0,12.65,8.38,1.49,3.17
2026-03-26,UA,5.81,5.76,5.92,5.74,1945600,11323327.0,3.14,-2.37,-0.14,0.96
2026-03-26,UAA,5.93,5.9,6.07,5.85,7546100,45007236.0,3.58,-1.67,-0.1,3.38
2026-03-26,UAE,18.28,17.95,18.43,17.92,507000,9190941.0,2.7,-4.06,-0.76,0.0
2026-03-26,UAL,91.0,92.69,94.71,91.0,5992100,556309376.0,3.99,-0.28,-0.26,1.85
2026-03-26,UAMY,9.4,9.07,9.5,8.7,9578400,85918368.0,8.21,-6.88,-0.67,6.68
2026-03-26,UAN,139.0,137.0,139.0,135.15,49500,6779510.0,2.79,-0.59,-0.82,0.47
2026-03-26,UAPR,33.25,33.16,33.25,33.16,8200,272715.0,0.26,-0.29,-0.1,0.0
2026-03-26,UAUG,39.47,39.15,39.47,39.15,2700,107547.0,0.81,-1.01,-0.4,0.0
2026-03-26,UAVS,1.0,0.95,1.01,0.93,2442500,2362968.0,7.9,-5.94,-0.06,5.61
2026-03-26,UBCP,16.08,15.66,16.08,15.61,2800,44311.0,2.85,-4.99,-0.82,0.05
2026-03-26,UBER,72.74,70.9,72.76,70.2,15412900,1097368704.0,3.51,-2.98,-2.18,0.76
2026-03-26,UBEW,30.92,30.07,31.27,30.07,1400,43817.0,3.82,-4.36,-1.37,0.0
2026-03-26,UBFO,10.3,10.32,10.32,10.24,21200,218438.0,0.77,-0.1,-0.01,0.12
2026-03-26,UBND,21.68,21.63,21.72,21.6,152000,3292906.0,0.53,-0.55,-0.12,0.0
2026-03-26,UBOT,21.52,20.9,21.69,20.89,11400,242109.0,3.6,-6.06,-1.35,0.0
2026-03-26,UBR,34.5,33.88,34.81,33.88,1400,51046.0,2.64,-3.99,-1.41,0.0
2026-03-26,UBRL,15.94,15.16,16.05,15.01,42700,662622.0,6.38,-7.04,-1.15,0.0
2026-03-26,UBS,37.54,37.52,37.81,37.13,2739000,102405560.0,1.78,-1.52,-0.58,0.09
2026-03-26,UBSI,40.63,41.08,41.17,40.29,905200,37116192.0,2.15,0.56,0.23,0.65
2026-03-26,UBT,16.2,16.12,16.28,16.05,62300,1009853.0,1.4,-1.95,-0.32,0.0
2026-03-26,UBXG,1.65,1.65,1.73,1.56,3700,6265.0,10.56,2.48,0.04,0.01
2026-03-26,UCAR,0.09,0.07,0.09,0.07,39836000,3748453.0,30.77,-27.13,-0.03,186.75
2026-03-26,UCB,30.98,31.35,31.41,30.93,548700,17056028.0,1.54,0.45,0.14,0.46
2026-03-26,UCC,43.02,42.44,44.1,42.44,3700,161371.0,3.78,-3.41,-1.5,0.0
2026-03-26,UCIB,32.63,32.95,33.13,32.63,1700,57051.0,1.53,1.1,0.36,0.0
2026-03-26,UCL,1.37,1.38,1.39,1.37,1900,2738.0,1.42,1.14,0.02,0.01
2026-03-26,UCO,41.0,40.75,41.71,40.25,10879200,446524736.0,3.7,3.27,1.29,0.0
2026-03-26,UCON,24.69,24.58,24.83,24.56,586100,14454335.0,1.11,-1.09,-0.27,0.0
2026-03-26,UCRD,21.33,21.3,21.34,21.3,2300,49942.0,0.21,-0.7,-0.15,0.0
2026-03-26,UCTT,63.21,59.51,63.26,59.17,1757000,106612496.0,6.28,-8.5,-5.53,3.86
2026-03-26,UCYB,40.57,39.66,40.57,39.59,1400,56694.0,2.46,-0.38,-0.15,0.0
2026-03-26,UDEC,38.87,38.71,38.93,38.7,7500,293125.0,0.59,-0.82,-0.32,0.0
2026-03-26,UDI,33.6,33.6,33.6,33.6,200,7641.0,0.0,-0.08,-0.03,0.0
2026-03-26,UDIV,51.58,51.29,51.74,51.28,11100,575229.0,0.88,-1.5,-0.78,0.0
2026-03-26,UDMY,4.62,4.63,4.78,4.57,976100,4577158.0,4.31,-0.22,-0.01,0.67
2026-03-26,UDN,18.01,17.97,18.03,17.97,218000,3924654.0,0.36,-0.5,-0.09,0.0
2026-03-26,UDOW,49.86,49.8,51.14,49.03,6335300,316841248.0,4.17,-1.85,-0.94,0.0
2026-03-26,UDR,33.87,34.06,34.33,33.87,3088100,105284800.0,1.34,0.38,0.13,0.94
2026-03-26,UE,20.17,20.17,20.4,20.15,644800,13037543.0,1.24,-0.05,-0.01,0.51
2026-03-26,UEC,13.02,13.14,13.38,12.71,6802000,88546328.0,4.99,-2.23,-0.3,1.39
2026-03-26,UECG,8.2,8.05,8.29,7.82,5500,44717.0,5.54,-5.27,-0.45,0.0
2026-03-26,UEIC,4.28,4.25,4.32,4.21,31000,132118.0,2.42,-1.85,-0.08,0.24
2026-03-26,UEVM,56.54,56.12,56.89,56.12,3100,177664.0,1.33,-2.58,-1.48,0.0
2026-03-26,UFCS,36.74,37.24,37.3,36.52,86300,3206728.0,2.12,1.06,0.39,0.34
2026-03-26,UFEB,36.37,36.17,36.38,36.14,33300,1208437.0,0.64,-0.8,-0.29,0.0
2026-03-26,UFG,0.85,0.8,0.88,0.8,47000,38377.0,8.76,-6.18,-0.05,0.15
2026-03-26,UFI,3.62,3.63,3.76,3.59,4500,16449.0,4.67,-0.27,-0.01,0.02
2026-03-26,UFIV,48.72,48.56,48.72,48.56,7200,353377.0,0.33,-0.56,-0.27,0.0
2026-03-26,UFO,47.31,45.81,47.46,45.73,788700,36645052.0,3.61,-4.4,-2.11,0.0
2026-03-26,UFOD,24.07,23.65,24.07,23.65,900,23532.0,1.72,-3.03,-0.74,0.0
2026-03-26,UFPI,91.64,90.68,92.6,90.25,289000,26273768.0,2.56,-1.43,-1.32,0.51
2026-03-26,UFPT,189.83,187.98,192.09,187.17,150500,28568288.0,2.59,-1.1,-2.09,1.95
2026-03-26,UG,6.36,6.25,6.36,6.25,1000,6365.0,1.85,0.64,0.04,0.02
2026-03-26,UGA,98.55,98.69,100.2,97.95,93300,9278246.0,2.35,3.26,3.12,0.0
2026-03-26,UGE,18.19,18.06,18.43,18.0,48400,876237.0,2.36,-0.88,-0.16,0.0
2026-03-26,UGI,36.24,36.63,36.67,36.13,725100,26470098.0,1.48,0.6,0.22,0.34
2026-03-26,UGL,55.57,53.46,56.39,53.36,6360500,350109952.0,5.25,-7.36,-4.25,0.0
2026-03-26,UGP,5.4,5.37,5.49,5.35,3129800,16899422.0,2.5,-0.74,-0.04,0.29
2026-03-26,UGRO,25.3,28.0,37.0,21.22,10824200,313429600.0,43.48,-22.84,-8.29,1440.12
2026-03-26,UHAL,45.39,45.52,45.99,44.92,279500,12680178.0,2.34,-0.33,-0.15,1.43
2026-03-26,UHG,1.16,1.17,1.17,1.16,11400,13252.0,0.85,0.0,0.0,0.02
2026-03-26,UHS,185.14,185.09,188.4,184.86,393400,73248632.0,1.9,-0.87,-1.63,0.64
2026-03-26,UHT,39.99,40.25,40.68,39.81,52800,2129480.0,2.17,0.62,0.25,0.38
2026-03-26,UI,825.0,778.09,833.74,775.0,93300,74259856.0,7.0,-7.27,-60.96,0.15
2026-03-26,UIS,2.09,2.1,2.18,2.08,545600,1155443.0,4.88,-1.41,-0.03,0.75
2026-03-26,UITB,46.79,46.65,46.85,46.65,182600,8533467.0,0.45,-0.56,-0.26,0.0
2026-03-26,UIVM,67.25,66.61,67.38,66.61,1800,123762.0,1.14,-1.77,-1.2,0.0
2026-03-26,UJAN,42.59,42.37,42.6,42.32,10300,439885.0,0.66,-0.73,-0.31,0.0
2026-03-26,UJB,75.11,75.32,75.32,75.11,6200,467959.0,0.28,-1.24,-0.95,0.0
2026-03-26,UJUL,38.43,38.1,38.43,38.1,4900,187551.0,0.86,-1.0,-0.39,0.0
2026-03-26,UJUN,37.25,37.06,37.25,37.06,500,21336.0,0.5,-0.79,-0.3,0.0
2026-03-26,UK,0.49,0.47,0.49,0.42,21500,10080.0,15.82,0.91,0.0,0.47
2026-03-26,UL,60.53,59.81,60.81,59.75,3459700,208341760.0,1.74,-1.63,-0.99,0.16
2026-03-26,ULBI,6.57,6.61,6.81,6.46,32700,216650.0,5.15,-2.65,-0.18,0.2
2026-03-26,ULCC,3.63,3.69,3.79,3.61,4159300,15442986.0,4.86,-0.27,-0.01,1.81
2026-03-26,ULE,12.63,12.59,12.66,12.59,12600,159726.0,0.55,-0.91,-0.12,0.0
2026-03-26,ULH,20.9,21.23,21.89,20.44,60300,1280365.0,6.87,0.57,0.12,0.23
2026-03-26,ULS,85.56,83.75,87.85,83.55,1272000,108523472.0,4.95,-3.68,-3.2,0.63
2026-03-26,ULST,40.43,40.41,40.44,40.41,47200,1911311.0,0.07,-0.07,-0.03,0.0
2026-03-26,ULTA,524.81,521.64,532.0,520.95,655100,344889728.0,2.1,-0.86,-4.5,1.5
2026-03-26,ULTI,12.88,12.35,13.03,12.31,63200,790690.0,5.45,-6.58,-0.87,0.2
2026-03-26,ULTY,31.43,30.37,31.43,30.35,635300,19567956.0,3.41,-4.1,-1.3,0.0
2026-03-26,ULVM,94.71,94.71,94.71,94.71,200,27947.0,0.0,-0.71,-0.68,0.0
2026-03-26,UMAC,14.5,13.44,14.87,13.32,4085100,56399184.0,10.4,-9.56,-1.42,8.55
2026-03-26,UMAR,39.82,39.53,39.83,39.53,21600,859126.0,0.75,-1.03,-0.41,0.0
2026-03-26,UMAY,36.78,36.62,36.78,36.62,800,31850.0,0.42,-0.51,-0.19,0.0
2026-03-26,UMBF,111.52,111.6,114.12,111.18,446200,49893376.0,2.61,-0.99,-1.12,0.59
2026-03-26,UMBFO,26.5,26.09,26.5,26.04,8500,223778.0,1.75,-0.72,-0.19,0.07
2026-03-26,UMC,9.13,9.02,9.14,8.89,8801900,79611224.0,2.69,-3.11,-0.29,0.35
2026-03-26,UMDD,26.69,26.03,27.13,25.92,19800,532641.0,4.46,-3.96,-1.07,0.0
2026-03-26,UMH,14.25,14.45,14.55,14.25,849100,12278618.0,2.09,0.77,0.11,1.0
2026-03-26,UMI,59.11,59.29,59.77,58.95,27900,1664103.0,1.39,0.37,0.22,0.0
2026-03-26,UMMA,30.47,29.98,30.62,29.9,44900,1359378.0,2.33,-3.6,-1.12,0.0
2026-03-26,UNB,23.01,23.15,23.93,23.01,2200,52746.0,3.95,-0.6,-0.14,0.05
2026-03-26,UNCY,6.6,6.63,6.82,6.54,245000,1636685.0,4.21,-0.3,-0.02,1.14
2026-03-26,UNF,260.83,251.47,261.39,250.57,428600,107936864.0,4.12,-4.1,-10.74,2.37
2026-03-26,UNFI,44.83,45.12,47.58,44.46,1587200,72344408.0,7.17,3.58,1.56,2.61
2026-03-26,UNG,11.89,11.84,12.1,11.79,8439200,100641984.0,2.61,-0.17,-0.02,0.0
2026-03-26,UNH,269.99,267.83,274.64,267.18,6218700,1677397504.0,2.76,-1.01,-2.72,0.69
2026-03-26,UNHG,10.17,10.0,10.55,9.99,1299800,13150569.0,5.37,-2.44,-0.25,0.0
2026-03-26,UNHU,24.59,24.1,24.6,24.1,1500,37955.0,2.03,-2.39,-0.59,0.0
2026-03-26,UNHW,36.0,35.3,36.0,35.27,2100,76120.0,2.04,-1.35,-0.48,0.0
2026-03-26,UNIT,7.74,7.85,7.99,7.52,1206200,9481997.0,5.98,-0.25,-0.02,0.5
2026-03-26,UNIY,48.08,48.08,48.08,48.08,0,2692.0,0.0,-0.96,-0.47,0.0
2026-03-26,UNL,7.11,7.1,7.2,7.07,55600,397623.0,1.9,-0.14,-0.01,0.0
2026-03-26,UNM,74.45,74.45,75.17,74.06,1000700,73293704.0,1.5,-0.07,-0.05,0.61
2026-03-26,UNMA,23.33,23.18,23.33,23.17,9300,218243.0,0.67,-0.39,-0.09,0.0
2026-03-26,UNOV,37.29,37.19,37.38,37.11,28000,1044746.0,0.72,-0.77,-0.29,0.0
2026-03-26,UNP,239.35,240.12,241.59,238.28,2225600,533221248.0,1.37,-0.5,-1.21,0.37
2026-03-26,UNTY,50.51,51.11,51.28,50.51,38400,1959272.0,1.5,0.18,0.09,0.38
2026-03-26,UNX,19.6,18.37,19.61,18.37,19500,353858.0,6.15,-8.9,-1.79,0.0
2026-03-26,UOCT,38.35,38.19,38.45,38.11,9700,371947.0,0.88,-0.8,-0.31,0.0
2026-03-26,UONE,6.88,6.52,7.62,6.52,112200,801193.0,15.43,-8.56,-0.61,10.16
2026-03-26,UONEK,5.86,5.86,5.86,5.86,200,1570.0,0.0,0.0,0.0,0.01
2026-03-26,UP,0.51,0.51,0.53,0.51,1497300,772653.0,3.42,-1.49,-0.01,0.21
2026-03-26,UPAR,15.82,15.82,15.82,15.82,100,1987.0,0.0,-2.13,-0.34,0.0
2026-03-26,UPB,9.48,9.79,10.43,9.38,883300,8834493.0,11.09,3.38,0.32,1.62
2026-03-26,UPBD,18.33,18.42,18.52,18.06,694400,12722838.0,2.51,0.49,0.09,1.19
2026-03-26,UPC,2.24,2.34,2.53,2.23,4000,9637.0,13.35,4.12,0.09,0.71
2026-03-26,UPGD,72.87,72.67,72.89,72.67,1300,97819.0,0.3,-1.44,-1.06,0.0
2026-03-26,UPGR,23.81,23.37,23.81,23.37,200,6364.0,1.8,-3.55,-0.86,0.0
2026-03-26,UPLD,0.71,0.66,0.73,0.65,319900,216633.0,10.67,-5.96,-0.04,1.1
2026-03-26,UPRO,98.34,96.4,99.64,95.05,3848400,373829888.0,4.57,-4.1,-4.12,
2026-03-26,UPS,97.89,97.79,98.94,97.2,3790800,370527712.0,1.77,-0.59,-0.58,0.45
2026-03-26,UPSD,25.64,25.41,25.87,25.4,12000,307893.0,1.81,-1.76,-0.46,0.0
2026-03-26,UPSG,14.38,14.07,14.42,14.0,1500,22479.0,2.92,-2.28,-0.33,0.0
2026-03-26,UPST,25.54,25.33,26.18,25.29,3578500,91534200.0,3.41,-2.91,-0.76,3.65
2026-03-26,UPSX,13.98,13.75,14.64,13.68,53300,742967.0,6.58,-5.85,-0.85,0.0
2026-03-26,UPV,83.09,81.43,83.09,81.43,600,56258.0,1.97,-3.82,-3.24,0.0
2026-03-26,UPW,24.2,24.27,24.35,24.05,2100,51023.0,1.24,0.51,0.12,0.0
2026-03-26,UPWK,11.11,11.19,11.69,11.11,2444100,27626876.0,5.12,-1.15,-0.13,1.87
2026-03-26,UPXI,1.15,1.07,1.15,1.07,3240700,3560747.0,6.72,-10.08,-0.12,4.65
2026-03-26,URA,47.92,47.07,48.44,46.65,2465700,116624112.0,3.66,-3.84,-1.88,0.0
2026-03-26,URAA,35.23,33.14,35.55,32.82,45300,1521174.0,7.5,-8.91,-3.24,0.0
2026-03-26,URAN,43.94,42.78,43.94,42.54,11100,480618.0,3.17,-3.06,-1.35,0.0
2026-03-26,URBN,61.48,61.99,63.28,60.79,1296800,80892704.0,4.05,0.85,0.52,1.45
2026-03-26,URE,58.58,58.07,58.78,57.9,1500,92919.0,1.51,-0.08,-0.05,0.0
2026-03-26,URG,1.48,1.42,1.5,1.4,6748000,9696008.0,6.58,-6.58,-0.1,1.7
2026-03-26,URGN,17.88,17.9,18.16,17.66,326900,5864056.0,2.76,-1.21,-0.22,0.67
2026-03-26,URI,739.56,749.53,752.34,736.04,422400,313719776.0,2.18,0.26,1.94,0.67
2026-03-26,URNJ,28.24,27.4,28.54,27.27,366200,10181521.0,4.34,-6.42,-1.88,0.0
2026-03-26,URNM,61.15,59.51,61.74,59.15,518800,31251928.0,4.13,-5.06,-3.17,0.0
2026-03-26,UROY,3.43,3.33,3.46,3.32,1579300,5329096.0,4.34,-3.76,-0.13,1.08
2026-03-26,URSP,40.77,40.14,41.27,40.14,14600,592706.0,2.76,-2.0,-0.82,0.0
2026-03-26,URTH,179.71,178.04,180.55,177.89,1251000,223274784.0,1.47,-1.74,-3.15,0.0
2026-03-26,URTY,52.41,52.58,54.31,51.37,903900,47643304.0,5.41,-3.3,-1.79,0.0
2026-03-26,USA,5.6,5.64,5.66,5.55,987800,5538031.0,1.96,0.35,0.02,0.0
2026-03-26,USAC,28.1,28.17,28.77,27.82,330800,9397505.0,3.36,-0.21,-0.06,0.23
2026-03-26,USAF,27.14,27.07,27.15,27.05,9600,260160.0,0.35,-0.33,-0.09,0.0
2026-03-26,USAI,47.94,48.31,48.51,47.94,12800,619428.0,1.19,0.51,0.25,0.0
2026-03-26,USAR,16.3,16.0,16.59,15.79,9831800,157737216.0,4.81,-3.85,-0.64,4.51
2026-03-26,USAS,5.6,5.39,5.72,5.29,4781300,26118996.0,7.35,-7.85,-0.46,1.48
2026-03-26,USAU,13.97,13.77,14.16,13.57,208600,2880152.0,4.11,-4.11,-0.59,1.26
2026-03-26,USAX,15.32,14.84,16.0,14.43,217400,3307274.0,9.73,-7.98,-1.29,0.0
2026-03-26,USB,51.5,51.8,51.94,51.31,7317200,377449728.0,1.21,-0.17,-0.09,0.47
2026-03-26,USBC,0.35,0.34,0.35,0.34,89000,29843.0,4.24,0.91,0.0,0.02
2026-03-26,USCA,39.24,38.72,39.24,38.72,29600,1161828.0,1.33,-1.57,-0.62,0.0
2026-03-26,USCB,18.33,18.32,18.49,18.08,23600,433430.0,2.26,-0.38,-0.07,0.13
2026-03-26,USCI,93.88,92.64,94.62,92.64,18600,1759124.0,2.16,0.97,0.89,0.0
2026-03-26,USCL,73.54,73.54,73.54,73.54,0,1183.0,0.0,-1.57,-1.17,0.0
2026-03-26,USD,50.58,48.19,50.58,47.46,781200,38257304.0,6.02,-7.09,-3.68,0.0
2026-03-26,USDU,26.27,26.37,26.37,26.25,181700,4782751.0,0.44,0.42,0.11,0.0
2026-03-26,USDX,25.66,25.74,25.75,25.66,163400,4207085.0,0.35,0.16,0.04,0.0
2026-03-26,USE,30.65,30.67,30.74,30.48,1500,48536.0,0.87,2.27,0.68,0.0
2026-03-26,USEA,2.18,2.19,2.23,2.14,131800,288160.0,4.25,3.3,0.07,1.45
2026-03-26,USEG,1.02,1.01,1.06,1.01,3890400,3996356.0,4.9,-0.98,-0.01,7.33
2026-03-26,USEP,38.79,38.5,38.79,38.5,3900,153432.0,0.75,-0.85,-0.33,0.0
2026-03-26,USEW,48.79,48.79,48.79,48.79,0,1317.0,0.0,-1.48,-0.73,0.0
2026-03-26,USFD,92.11,92.1,93.35,91.77,1384800,127729600.0,1.71,-0.41,-0.38,0.63
2026-03-26,USFE,32.94,32.94,32.94,32.94,0,724.0,0.0,-0.58,-0.19,0.0
2026-03-26,USFI,24.58,24.57,24.58,24.57,100,2507.0,0.04,-0.24,-0.06,0.0
2026-03-26,USFR,50.32,50.32,50.32,50.31,6256900,314825056.0,0.02,-0.26,-0.13,0.0
2026-03-26,USG,35.14,34.55,35.2,34.55,3700,131824.0,1.82,-3.17,-1.13,0.0
2026-03-26,USGG,9.57,9.04,9.65,8.8,135400,1249167.0,8.7,-7.46,-0.73,0.0
2026-03-26,USGO,10.62,10.6,10.8,10.4,43700,463053.0,3.7,-1.99,-0.22,0.33
2026-03-26,USGOW,0.58,0.57,0.64,0.5,80200,43690.0,23.33,-5.0,-0.03,0.0
2026-03-26,USHY,36.66,36.55,36.74,36.5,21984000,805440384.0,0.64,-0.9,-0.33,0.0
2026-03-26,USIG,50.94,50.8,51.06,50.78,2129800,108422736.0,0.54,-0.61,-0.31,0.0
2026-03-26,USIN,49.63,49.63,49.63,49.63,0,347.0,0.0,-1.1,-0.55,0.0
2026-03-26,USIO,1.14,1.12,1.17,1.09,66200,74111.0,6.94,-2.61,-0.03,0.24
2026-03-26,USL,49.63,49.12,49.65,48.91,37000,1831189.0,1.53,1.85,0.89,0.0
2026-03-26,USLM,125.9,125.06,127.61,124.53,140000,17623628.0,2.44,-0.87,-1.1,0.49
2026-03-26,USLN,50.54,50.54,50.54,50.54,0,505.0,0.0,0.01,0.01,0.0
2026-03-26,USMC,64.26,63.66,64.48,63.66,94000,6027117.0,1.27,-1.65,-1.07,0.0
2026-03-26,USMD,24.21,24.09,24.21,24.09,100,2590.0,0.49,-1.08,-0.26,0.0
2026-03-26,USMF,49.62,49.33,49.85,49.31,23700,1179110.0,1.08,-1.09,-0.55,0.0
2026-03-26,USML,40.54,39.91,40.64,39.91,700,30808.0,1.83,-0.83,-0.33,0.0
2026-03-26,USMV,92.34,92.21,93.07,92.17,2284000,210941584.0,0.98,-0.45,-0.42,0.0
2026-03-26,USNA,17.0,17.28,17.35,16.87,231300,3974995.0,2.79,0.52,0.09,1.25
2026-03-26,USNG,33.97,34.03,34.19,33.97,1400,49431.0,0.64,-0.35,-0.12,0.0
2026-03-26,USNZ,39.89,39.89,39.89,39.89,0,3655.0,0.0,-1.87,-0.76,0.0
2026-03-26,USO,116.73,116.15,118.94,115.2,42398500,4963258368.0,3.3,2.33,2.65,0.0
2026-03-26,USOI,55.27,55.77,55.99,55.26,69800,3887302.0,1.34,1.53,0.84,0.0
2026-03-26,USOY,8.71,8.77,8.77,8.64,784000,6833471.0,1.54,1.74,0.15,0.0
2026-03-26,USPH,74.28,74.42,75.89,73.86,159000,11877669.0,2.71,-0.72,-0.54,1.05
2026-03-26,USPX,57.17,56.41,57.2,56.35,77800,4425411.0,1.47,-1.78,-1.02,0.0
2026-03-26,USRD,31.32,31.32,31.32,31.32,0,313.0,0.0,-1.84,-0.59,0.0
2026-03-26,USRT,58.61,58.69,59.18,58.46,501700,29520204.0,1.23,-0.09,-0.05,0.0
2026-03-26,USSE,33.44,32.92,33.44,32.91,35800,1191447.0,1.57,-2.48,-0.84,0.0
2026-03-26,USSG,59.72,59.03,60.0,59.03,12500,742119.0,1.62,-2.0,-1.2,0.0
2026-03-26,USSH,50.31,50.32,50.32,50.31,400,24564.0,0.02,-0.49,-0.25,0.0
2026-03-26,UST,42.64,42.26,42.64,42.26,3700,157571.0,0.89,-1.47,-0.63,0.0
2026-03-26,USTB,50.56,50.48,50.56,50.47,179000,9044099.0,0.18,-0.24,-0.12,0.0
2026-03-26,USVM,94.44,94.41,95.53,94.35,39800,3774032.0,1.24,-0.84,-0.8,0.0
2026-03-26,USVN,47.95,47.81,47.95,47.81,900,43456.0,0.3,-0.71,-0.34,0.0
2026-03-26,USXF,55.65,54.85,55.81,54.8,46000,2546688.0,1.8,-2.34,-1.32,
2026-03-26,UTEN,43.51,43.33,43.56,43.32,33300,1449322.0,0.54,-0.78,-0.34,0.0
2026-03-26,UTES,79.18,79.29,79.69,78.62,186600,14768387.0,1.34,-0.36,-0.29,0.0
2026-03-26,UTF,25.56,25.41,25.74,25.41,306500,7850390.0,1.28,-1.28,-0.33,0.0
2026-03-26,UTG,39.58,39.31,39.78,39.1,178700,7005955.0,1.71,-1.18,-0.47,0.0
2026-03-26,UTHR,534.65,532.53,541.16,530.82,497900,266278528.0,1.91,-1.67,-9.07,1.14
2026-03-26,UTHY,40.88,40.78,40.95,40.67,25200,1030077.0,0.67,-0.68,-0.28,0.0
2026-03-26,UTI,39.36,37.96,40.0,37.9,610100,23570688.0,5.3,-4.29,-1.7,1.11
2026-03-26,UTL,52.0,52.6,52.98,52.0,95600,5000084.0,1.87,0.36,0.19,0.53
2026-03-26,UTMD,63.16,62.6,63.77,62.6,6300,398241.0,1.84,-1.74,-1.11,0.2
2026-03-26,UTRE,49.37,49.33,49.37,49.33,1000,51086.0,0.08,-0.34,-0.17,0.0
2026-03-26,UTSI,2.15,2.45,2.5,2.15,2600,6217.0,14.46,1.24,0.03,0.03
2026-03-26,UTSL,46.65,47.21,47.6,46.38,110100,5184969.0,2.6,0.58,0.27,0.0
2026-03-26,UTWO,48.26,48.2,48.27,48.19,88500,4271786.0,0.16,-0.2,-0.1,0.0
2026-03-26,UTWY,42.6,42.63,42.63,42.6,800,35328.0,0.06,-0.88,-0.38,0.0
2026-03-26,UTZ,7.54,7.65,7.67,7.44,1296800,9765344.0,3.04,1.19,0.09,0.9
2026-03-26,UUP,27.76,27.81,27.82,27.72,2410100,66922224.0,0.34,0.4,0.11,0.0
2026-03-26,UUU,6.04,6.02,6.09,5.8,17700,102357.0,4.9,1.69,0.1,0.65
2026-03-26,UUUG,10.34,9.72,10.52,9.35,258200,2545791.0,10.7,-11.06,-1.21,0.0
2026-03-26,UUUU,18.19,17.77,18.38,17.32,9094000,162112672.0,5.67,-5.23,-0.98,3.76
2026-03-26,UVE,33.84,34.13,34.6,33.84,133300,4275707.0,2.22,-0.18,-0.06,0.48
2026-03-26,UVIX,8.62,9.06,9.45,8.37,50679700,451878976.0,13.05,9.52,0.79,0.0
2026-03-26,UVSP,33.45,33.98,34.08,33.32,260000,8816184.0,2.27,0.83,0.28,0.93
2026-03-26,UVV,52.21,52.67,52.81,52.03,159500,8393365.0,1.52,1.39,0.72,0.64
2026-03-26,UVXY,51.57,53.52,55.39,50.47,5441100,288108768.0,9.88,7.38,3.68,0.0
2026-03-26,UWM,47.12,47.2,48.26,46.5,399800,18985572.0,3.65,-2.2,-1.06,0.0
2026-03-26,UWMC,3.45,3.55,3.55,3.38,13785500,47701332.0,4.81,0.57,0.02,0.86
2026-03-26,UX,29.06,28.48,29.06,28.42,2600,77459.0,2.18,-3.22,-0.95,0.0
2026-03-26,UXAP,36.67,36.48,36.67,36.48,600,22002.0,0.51,-1.98,-0.74,0.0
2026-03-26,UXI,51.23,49.22,51.23,49.22,1500,75399.0,3.9,-4.76,-2.46,0.0
2026-03-26,UXIN,3.39,3.37,3.48,3.31,92700,314713.0,5.1,-1.75,-0.06,0.04
2026-03-26,UXJA,32.6,32.46,32.6,32.46,300,10921.0,0.43,-1.84,-0.61,0.0
2026-03-26,UXJL,31.01,30.86,31.01,30.86,7700,241096.0,0.48,-1.87,-0.59,0.0
2026-03-26,UXOC,33.75,33.43,33.75,33.41,19300,648234.0,1.0,-1.82,-0.62,0.0
2026-03-26,UXRP,3.91,3.71,3.94,3.68,606500,2242852.0,6.35,-9.31,-0.38,0.0
2026-03-26,UYG,72.64,72.5,73.57,72.15,5900,432392.0,1.93,-1.27,-0.93,0.0
2026-03-26,UYLD,51.19,51.19,51.22,51.16,155400,7957261.0,0.12,-0.04,-0.02,0.0
2026-03-26,UYM,28.57,28.27,28.91,28.24,3200,92902.0,2.34,-1.2,-0.34,0.0
2026-03-26,UYSC,10.38,10.38,10.38,10.38,100,1048.0,0.0,0.19,0.02,0.0
2026-03-26,UYSCR,0.17,0.16,0.17,0.15,13700,2183.0,9.31,0.0,0.0,0.0
2026-03-26,UYSCU,10.34,10.35,10.35,10.34,1000,10350.0,0.1,0.0,0.0,0.02
2026-03-26,UZD,20.38,19.71,20.42,19.34,12700,250580.0,5.27,-3.29,-0.67,0.0
2026-03-26,UZE,17.81,17.57,17.81,17.54,7400,131397.0,1.51,-1.84,-0.33,0.0
2026-03-26,UZF,17.87,17.68,17.87,17.51,27500,487264.0,1.99,-2.51,-0.45,0.0
2026-03-26,V,304.16,305.99,307.87,303.0,7652600,2336474624.0,1.6,0.36,1.09,0.42
2026-03-26,VABK,38.2,38.55,38.92,38.2,3000,119428.0,1.88,0.55,0.21,0.06
2026-03-26,VABS,24.12,24.1,24.12,24.1,1500,37965.0,0.08,-0.25,-0.06,0.0
2026-03-26,VAC,69.65,70.22,71.49,69.65,313400,22044744.0,2.62,0.09,0.06,0.91
2026-03-26,VACH,11.98,12.21,15.68,10.8,33900,453910.0,42.07,5.26,0.61,0.11
2026-03-26,VACHU,10.4,10.4,10.4,10.4,0,1098.0,0.0,0.0,0.0,0.0
2026-03-26,VACHW,0.2,0.2,0.24,0.2,2600,570.0,28.36,35.04,0.05,0.0
2026-03-26,VACI,9.93,9.93,9.93,9.93,18700,186445.0,0.0,0.0,0.0,0.06
2026-03-26,VAL,99.63,102.5,102.73,99.63,797900,81180056.0,3.09,2.23,2.24,1.15
2026-03-26,VALE,14.98,14.95,15.19,14.89,18773700,281699552.0,2.03,-2.29,-0.35,0.44
2026-03-26,VALG,19.23,18.95,19.23,18.95,100,2316.0,1.46,-2.52,-0.49,0.0
2026-03-26,VALN,6.4,6.32,6.52,6.27,114900,737929.0,3.86,-2.47,-0.16,0.13
2026-03-26,VALQ,64.9,64.93,65.54,64.87,3500,233838.0,1.03,-0.43,-0.28,0.0
2026-03-26,VALU,35.92,35.92,35.92,35.92,400,15772.0,0.0,-0.17,-0.06,0.0
2026-03-26,VAMO,35.62,35.62,35.62,35.62,400,16449.0,0.0,0.46,0.16,0.0
2026-03-26,VANI,1.1,1.08,1.11,1.07,271300,294634.0,3.98,-4.42,-0.05,0.32
2026-03-26,VATE,3.91,4.03,4.07,3.91,16700,66333.0,3.8,-1.23,-0.05,0.12
2026-03-26,VAVX,18.67,18.67,18.67,18.67,1100,21248.0,0.01,-6.84,-1.37,0.0
2026-03-26,VAW,220.0,220.4,223.53,220.0,66500,14732637.0,1.59,-0.96,-2.14,0.0
2026-03-26,VB,263.51,261.74,266.45,261.52,851400,224747744.0,1.86,-1.36,-3.61,0.0
2026-03-26,VBF,14.85,14.84,14.94,14.83,76300,1134200.0,0.73,-0.07,-0.01,
2026-03-26,VBIL,75.61,75.61,75.61,75.6,3714700,278707232.0,0.01,0.0,0.0,0.0
2026-03-26,VBIX,2.18,2.05,2.19,2.0,27200,57912.0,9.09,-1.91,-0.04,0.26
2026-03-26,VBK,305.59,301.13,308.59,300.96,183500,55892392.0,2.47,-2.63,-8.12,
2026-03-26,VBND,43.33,43.24,43.36,43.17,15000,648739.0,0.44,-0.36,-0.15,0.0
2026-03-26,VBNK,14.11,13.93,14.17,13.86,19900,278186.0,2.21,-0.21,-0.03,0.06
2026-03-26,VBR,217.96,217.51,220.51,217.31,230900,50494028.0,1.46,-0.95,-2.09,0.0
2026-03-26,VC,86.5,87.84,88.45,86.5,292500,25615870.0,2.22,0.26,0.23,1.09
2026-03-26,VCEB,62.51,62.32,62.62,62.31,53000,3313647.0,0.49,-0.73,-0.46,0.0
2026-03-26,VCEL,31.04,30.82,31.81,30.51,747200,23151034.0,4.13,-1.97,-0.62,1.47
2026-03-26,VCIC,9.36,11.28,13.7,9.36,24800,263928.0,45.69,18.74,1.78,0.08
2026-03-26,VCICU,11.21,11.21,11.21,11.21,0,863.0,0.0,0.0,0.0,0.0
2026-03-26,VCICW,1.36,1.42,1.55,1.36,5100,7756.0,15.2,13.6,0.17,0.0
2026-03-26,VCIG,1.69,1.71,1.82,1.56,589900,1008728.0,16.25,6.88,0.11,25.93
2026-03-26,VCIT,82.37,82.01,82.5,82.0,20532000,1687245056.0,0.61,-0.74,-0.61,0.0
2026-03-26,VCLN,28.94,27.75,28.94,27.75,3300,93790.0,4.19,-2.44,-0.7,0.0
2026-03-26,VCLT,74.12,73.88,74.41,73.75,7885400,584168576.0,0.88,-0.9,-0.67,0.0
2026-03-26,VCOB,49.42,49.42,49.42,49.42,0,98.0,0.0,-0.52,-0.26,0.0
2026-03-26,VCR,362.12,358.36,365.14,358.09,41800,15121920.0,1.93,-1.7,-6.19,0.0
2026-03-26,VCRB,77.08,76.79,77.15,76.79,347600,26755108.0,0.47,-0.62,-0.48,0.0
2026-03-26,VCRM,74.9,74.73,74.9,74.71,208200,15573157.0,0.25,-0.17,-0.13,0.0
2026-03-26,VCSH,78.98,78.81,79.05,78.8,4914200,387797408.0,0.32,-0.34,-0.27,0.0
2026-03-26,VCTR,69.59,69.55,70.2,68.97,529900,36914628.0,1.74,-0.95,-0.67,0.83
2026-03-26,VCV,10.5,10.43,10.53,10.36,126500,1320241.0,1.61,-1.04,-0.11,0.0
2026-03-26,VCX,445.0,262.0,450.0,182.01,1170900,312246496.0,70.52,-31.05,-118.0,0.0
2026-03-26,VCYT,32.49,32.8,33.24,32.3,617900,20236500.0,2.87,0.03,0.01,0.78
2026-03-26,VDC,222.74,221.7,224.45,221.58,518200,115124496.0,1.29,-0.43,-0.95,0.0
2026-03-26,VDE,171.87,174.14,175.05,171.66,816400,141738080.0,1.98,1.57,2.7,0.0
2026-03-26,VDI,32.27,31.98,32.27,31.98,500,18433.0,0.91,-1.84,-0.6,0.0
2026-03-26,VDIG,56.95,56.64,57.22,56.64,2200,129269.0,1.02,-0.95,-0.54,0.0
2026-03-26,VEA,63.16,62.48,63.66,62.47,14445500,909335744.0,1.86,-2.33,-1.49,0.0
2026-03-26,VECO,36.15,36.03,36.96,35.76,1371200,49710336.0,3.26,-2.52,-0.93,2.27
2026-03-26,VEEA,0.52,0.54,0.59,0.52,116000,63841.0,14.24,1.68,0.01,0.23
2026-03-26,VEEE,0.36,0.37,0.37,0.34,4306300,1546488.0,9.6,1.54,0.01,21.99
2026-03-26,VEEV,178.0,178.28,183.22,178.0,1775900,319746464.0,2.93,0.1,0.17,1.09
2026-03-26,VEGA,48.1,47.75,48.3,47.75,7600,365405.0,1.13,-1.45,-0.7,0.0
2026-03-26,VEGI,44.93,44.98,45.39,44.93,71100,3210729.0,1.02,-0.42,-0.19,0.0
2026-03-26,VEGN,57.24,56.58,57.55,56.58,3300,190453.0,1.68,-2.06,-1.19,0.0
2026-03-26,VEL,17.5,17.6,17.82,17.5,81400,1435670.0,1.81,-0.45,-0.08,0.21
2026-03-26,VELO,10.35,10.0,10.91,9.65,2426900,24614164.0,11.85,-5.93,-0.63,9.86
2026-03-26,VEM,23.32,23.32,23.32,23.32,100,2718.0,0.0,-2.21,-0.53,0.0
2026-03-26,VEMY,27.81,27.62,27.89,27.59,2200,62204.0,1.07,-0.97,-0.27,0.0
2026-03-26,VENU,3.25,3.27,3.42,3.21,148500,486698.0,6.17,-1.51,-0.05,0.26
2026-03-26,VEON,48.52,46.72,48.9,46.72,66000,3149173.0,4.47,-4.24,-2.07,0.1
2026-03-26,VERA,39.46,40.26,40.98,39.26,625700,25255600.0,4.28,0.25,0.1,0.88
2026-03-26,VERI,2.69,2.61,2.86,2.6,6963900,19806270.0,9.8,-2.97,-0.08,7.59
2026-03-26,VERS,52.86,52.86,52.86,52.86,100,6069.0,0.0,-2.85,-1.55,0.0
2026-03-26,VERU,2.27,2.23,2.32,2.19,47500,105986.0,5.68,-2.62,-0.06,0.3
2026-03-26,VERX,11.56,11.77,12.04,11.56,1108200,13065344.0,4.12,0.94,0.11,0.69
2026-03-26,VET,13.31,13.28,13.66,13.23,2205900,29627730.0,3.25,0.45,0.06,1.45
2026-03-26,VETZ,19.86,19.77,19.9,19.77,21900,435929.0,0.65,-0.9,-0.18,0.0
2026-03-26,VEU,74.16,74.07,74.68,73.35,2566200,189838768.0,1.76,-1.5,-1.13,0.0
2026-03-26,VEXC,81.0,80.0,81.42,79.95,11400,925273.0,1.79,-2.5,-2.05,0.0
2026-03-26,VFC,16.99,16.5,17.36,16.45,4712100,78735328.0,5.26,-4.13,-0.71,1.2
2026-03-26,VFF,2.84,2.73,2.88,2.72,677900,1890000.0,5.61,-4.21,-0.12,0.59
2026-03-26,VFH,120.11,121.32,121.32,119.58,677900,81507048.0,1.44,0.51,0.62,0.0
2026-03-26,VFL,9.75,9.72,9.8,9.72,52000,507396.0,0.87,-0.61,-0.06,0.0
2026-03-26,VFLO,39.52,39.43,40.02,39.4,601500,23835926.0,1.57,-0.95,-0.38,0.0
2026-03-26,VFMF,154.64,154.12,156.08,154.12,14500,2250733.0,1.26,-1.09,-1.7,0.0
2026-03-26,VFMO,198.48,195.78,199.8,195.47,30600,6041230.0,2.15,-2.75,-5.54,0.0
2026-03-26,VFMV,133.5,132.8,133.99,132.7,19100,2551885.0,0.96,-0.66,-0.88,0.0
2026-03-26,VFQY,148.4,148.21,150.04,148.21,7600,1125655.0,1.22,-1.03,-1.55,0.0
2026-03-26,VFS,3.09,3.22,3.22,3.07,457300,1448068.0,4.85,4.21,0.13,0.02
2026-03-26,VFSWW,0.17,0.17,0.17,0.17,0,4.0,0.0,0.0,0.0,0.0
2026-03-26,VFVA,133.29,134.24,135.54,133.29,13500,1827687.0,1.67,-0.25,-0.34,0.0
2026-03-26,VG,17.03,16.82,17.37,16.51,26263000,441876672.0,5.12,0.66,0.11,1.07
2026-03-26,VGAS,1.78,1.72,1.88,1.68,9800,17380.0,11.37,0.0,0.0,0.02
2026-03-26,VGASW,0.03,0.03,0.03,0.03,400,10.0,0.0,-6.72,-0.0,0.0
2026-03-26,VGHY,74.17,73.8,74.28,73.79,63800,4723890.0,0.66,-0.64,-0.47,0.0
2026-03-26,VGI,7.36,7.34,7.39,7.32,22700,167804.0,0.88,-0.47,-0.04,0.0
2026-03-26,VGIT,59.28,59.09,59.33,59.08,2800100,165786688.0,0.43,-0.57,-0.34,0.0
2026-03-26,VGK,80.75,80.92,81.45,80.14,4553800,367267072.0,1.6,-1.03,-0.84,
2026-03-26,VGLT,55.11,54.94,55.26,54.85,2351400,129444904.0,0.73,-0.81,-0.45,0.0
2026-03-26,VGM,9.85,9.7,9.93,9.69,169200,1651868.0,2.43,-1.72,-0.17,0.0
2026-03-26,VGMS,50.82,50.62,50.86,50.61,25400,1291696.0,0.49,-0.61,-0.31,0.0
2026-03-26,VGRO,22.61,22.16,22.61,22.16,1000,24307.0,1.96,-2.58,-0.59,0.0
2026-03-26,VGSH,58.37,58.31,58.4,58.31,6053000,353248672.0,0.15,-0.19,-0.11,0.0
2026-03-26,VGSR,10.23,10.19,10.31,10.17,54900,562389.0,1.35,-1.69,-0.18,0.0
2026-03-26,VGT,708.22,700.11,711.45,695.71,748900,525850848.0,2.2,-2.28,-16.35,0.0
2026-03-26,VGUS,75.61,75.61,75.62,75.61,114200,8635400.0,0.01,0.03,0.03,0.0
2026-03-26,VGVT,75.44,75.25,75.44,75.25,800,61576.0,0.25,-0.4,-0.3,0.0
2026-03-26,VGZ,1.93,1.84,1.96,1.77,3037100,5598377.0,9.16,-8.91,-0.18,2.1
2026-03-26,VHC,16.55,15.12,16.93,15.12,21400,340901.0,10.84,-9.46,-1.58,0.51
2026-03-26,VHCPU,10.01,10.01,10.01,10.01,100,1491.0,0.0,0.0,0.0,0.0
2026-03-26,VHCPW,0.4,0.4,0.4,0.4,0,34.0,0.0,0.0,0.0,0.0
2026-03-26,VHI,13.96,14.24,14.25,13.7,18400,257383.0,3.91,1.71,0.24,0.06
2026-03-26,VHT,270.01,270.42,272.66,269.78,266200,72304824.0,1.06,-0.41,-1.1,0.0
2026-03-26,VHUB,0.68,0.61,0.74,0.58,796900,501968.0,22.14,-11.29,-0.08,0.94
2026-03-26,VIA,13.6,14.22,14.69,13.54,499700,7111799.0,8.46,4.64,0.63,0.62
2026-03-26,VIASP,25.55,25.52,25.65,25.52,1400,37223.0,0.51,-0.12,-0.03,0.0
2026-03-26,VIAV,36.26,34.44,36.96,34.4,4860600,171711808.0,6.86,-7.59,-2.83,2.1
2026-03-26,VICE,31.39,31.25,31.39,31.25,600,18891.0,0.44,-0.84,-0.26,0.0
2026-03-26,VICI,27.06,27.16,27.4,26.99,5935500,161299024.0,1.51,0.33,0.09,0.56
2026-03-26,VICR,179.0,157.96,179.25,156.02,1014000,166656480.0,12.49,-15.08,-28.04,2.23
2026-03-26,VIDI,35.52,35.25,35.75,35.22,14800,525996.0,1.48,-1.55,-0.56,0.0
2026-03-26,VIG,215.07,214.22,216.5,214.1,1208900,260385872.0,1.11,-0.91,-1.97,0.0
2026-03-26,VIGI,87.03,86.31,87.82,86.27,395400,34364536.0,1.76,-1.84,-1.62,0.0
2026-03-26,VIK,73.64,71.59,74.3,71.52,2577300,186759520.0,3.73,-3.91,-2.91,0.58
2026-03-26,VINP,10.31,10.2,10.34,9.69,53200,545903.0,6.22,-2.39,-0.25,0.08
2026-03-26,VIOG,124.1,123.22,125.53,123.19,23200,2900189.0,1.87,-1.79,-2.25,0.0
2026-03-26,VIOO,114.55,114.28,115.95,114.17,114000,13101429.0,1.54,-1.15,-1.33,0.0
2026-03-26,VIOT,1.21,1.08,1.22,1.04,407400,455710.0,14.23,-12.2,-0.15,0.61
2026-03-26,VIOV,101.37,101.65,102.79,101.37,46300,4736437.0,1.39,-0.55,-0.56,0.0
2026-03-26,VIPS,15.91,16.18,16.47,15.91,4814900,77956968.0,3.46,0.06,0.01,1.01
2026-03-26,VIR,8.9,8.96,9.18,8.86,2030400,18263124.0,3.56,-0.33,-0.03,1.29
2026-03-26,VIRC,6.09,6.3,6.34,6.06,33100,206805.0,4.59,3.28,0.2,0.21
2026-03-26,VIRT,43.66,43.44,44.0,43.34,626800,27303146.0,1.51,-0.69,-0.3,0.41
2026-03-26,VIS,316.28,311.17,318.11,310.91,104700,32864602.0,2.25,-2.57,-8.2,0.0
2026-03-26,VISN,18.31,18.31,18.93,18.19,2867700,52541932.0,4.03,-0.92,-0.17,1.27
2026-03-26,VIST,72.76,72.31,74.86,71.92,2017500,147686176.0,4.12,1.37,0.98,1.93
2026-03-26,VITL,13.54,13.01,13.59,12.99,2197500,28844568.0,4.43,-3.91,-0.53,4.91
2026-03-26,VIV,15.68,15.35,15.73,15.31,771400,11946652.0,2.65,-3.15,-0.5,0.05
2026-03-26,VIVO,2.74,2.68,2.95,2.6,736500,2022655.0,12.24,-6.29,-0.18,4.39
2026-03-26,VIVS,1.65,1.69,1.74,1.65,27100,45874.0,5.29,-0.59,-0.01,1.04
2026-03-26,VIXM,16.79,17.11,17.11,16.73,199200,3385704.0,2.27,2.33,0.39,0.0
2026-03-26,VIXY,33.87,35.49,35.56,33.39,4702700,162228000.0,6.53,6.87,2.28,0.0
2026-03-26,VKI,8.65,8.44,8.69,8.43,199600,1701757.0,3.01,-2.43,-0.21,0.0
2026-03-26,VKQ,9.48,9.39,9.49,9.38,238000,2244753.0,1.16,-1.16,-0.11,0.0
2026-03-26,VKTX,32.58,34.25,34.79,32.32,2561400,86726504.0,7.44,3.16,1.05,2.22
2026-03-26,VLGEA,40.87,41.59,41.65,40.82,61100,2519902.0,2.05,1.94,0.79,0.41
2026-03-26,VLLU,23.53,23.53,23.53,23.53,200,6533.0,0.0,-0.11,-0.03,0.0
2026-03-26,VLN,1.27,1.22,1.3,1.22,329100,413657.0,6.35,-3.17,-0.04,0.31
2026-03-26,VLO,235.24,246.6,249.11,235.0,4151000,1022063936.0,6.02,5.14,12.06,1.39
2026-03-26,VLRS,7.43,7.86,7.86,7.43,385000,2900746.0,5.65,3.54,0.27,0.34
2026-03-26,VLT,10.18,10.1,10.18,10.07,12900,131320.0,1.08,-1.22,-0.12,0.0
2026-03-26,VLTO,86.52,86.39,88.4,86.09,3114100,243571248.0,2.65,-0.83,-0.72,1.26
2026-03-26,VLU,216.07,213.97,216.32,213.85,43800,9377930.0,1.14,-1.03,-2.23,0.0
2026-03-26,VLUE,144.16,142.9,145.06,142.84,546100,78588440.0,1.53,-1.83,-2.66,0.0
2026-03-26,VLY,12.15,12.19,12.29,12.1,5180100,63174056.0,1.55,-0.65,-0.08,0.93
2026-03-26,VLYPN,25.5,25.35,25.5,25.35,20200,515091.0,0.61,-0.08,-0.02,0.0
2026-03-26,VLYPO,24.78,24.77,24.81,24.65,10100,252068.0,0.64,-0.62,-0.16,0.0
2026-03-26,VLYPP,24.73,24.55,24.77,24.48,5300,131324.0,1.18,-0.81,-0.2,0.0
2026-03-26,VMAR,2.09,2.02,2.09,2.0,17200,35104.0,4.5,1.0,0.02,1.73
2026-03-26,VMAX,55.72,55.72,55.72,55.72,0,335.0,0.0,-0.68,-0.38,
2026-03-26,VMBS,46.76,46.5,46.81,46.5,1657900,77316424.0,0.66,-0.83,-0.39,0.0
2026-03-26,VMC,267.31,266.53,271.86,265.81,1186300,317469472.0,2.24,-1.32,-3.57,0.91
2026-03-26,VMD,9.28,9.22,9.47,9.18,145400,1347507.0,3.1,-1.39,-0.13,0.38
2026-03-26,VMET,10.05,9.5,10.05,9.43,205000,1970517.0,6.1,-6.31,-0.64,0.19
2026-03-26,VMI,403.7,399.33,409.01,397.84,171700,69048824.0,2.75,-1.74,-7.06,0.88
2026-03-26,VMO,9.45,9.34,9.51,9.34,250000,2354715.0,1.79,-1.68,-0.16,0.37
2026-03-26,VMSB,49.09,49.07,49.1,48.97,20500,1006355.0,0.26,-0.16,-0.08,0.0
2026-03-26,VNAM,22.03,21.82,22.13,21.82,5300,118682.0,1.41,-0.95,-0.21,0.0
2026-03-26,VNCE,2.08,2.04,2.17,2.04,30700,64667.0,6.49,-1.92,-0.04,0.23
2026-03-26,VNDA,7.07,7.12,7.16,6.94,903100,6388581.0,3.03,-1.79,-0.13,1.53
2026-03-26,VNET,8.8,8.71,8.8,8.57,4992500,43353948.0,2.52,-4.39,-0.4,1.76
2026-03-26,VNIE,24.06,24.06,24.06,24.06,0,0.0,0.0,-0.95,-0.23,
2026-03-26,VNLA,48.98,48.97,48.99,48.94,743200,36392584.0,0.11,-0.06,-0.03,0.0
2026-03-26,VNM,16.59,16.48,16.72,16.47,799200,13257184.0,1.49,-1.44,-0.24,0.0
2026-03-26,VNMEU,10.6,10.24,10.6,10.2,3400,35218.0,3.89,-0.29,-0.03,0.02
2026-03-26,VNO,25.78,25.67,26.27,25.52,1734100,44781360.0,2.91,-1.19,-0.31,0.91
2026-03-26,VNOM,47.66,47.82,48.17,47.59,1791000,85738200.0,1.22,0.76,0.36,0.5
2026-03-26,VNQ,87.66,88.02,88.5,87.3,6108200,536946752.0,1.36,0.05,0.04,0.0
2026-03-26,VNQI,44.16,43.81,44.38,43.78,377400,16631681.0,1.35,-2.19,-0.98,0.0
2026-03-26,VNRX,0.19,0.19,0.2,0.18,10045500,1887346.0,10.64,-0.21,-0.0,7.3
2026-03-26,VNSE,36.09,35.91,36.09,35.91,800,30326.0,0.48,-1.88,-0.69,0.0
2026-03-26,VNT,36.4,35.94,36.75,35.83,731200,26343458.0,2.49,-2.18,-0.8,0.52
2026-03-26,VNTG,0.87,0.86,0.87,0.83,27600,23391.0,4.45,-2.27,-0.02,0.09
2026-03-26,VO,288.93,287.31,291.49,287.04,602000,173910656.0,1.53,-1.21,-3.53,0.0
2026-03-26,VOC,3.59,3.62,3.65,3.56,107700,389098.0,2.51,1.12,0.04,0.63
2026-03-26,VOD,14.75,14.63,14.8,14.62,3795300,55892508.0,1.19,-0.61,-0.09,0.16
2026-03-26,VOE,184.39,184.37,186.39,184.16,282900,52386612.0,1.2,-0.48,-0.89,0.0
2026-03-26,VOLT,34.95,33.91,35.03,33.87,220400,7560825.0,3.3,-4.07,-1.44,0.0
2026-03-26,VONE,295.41,292.62,297.07,292.62,104000,30653174.0,1.49,-1.76,-5.25,0.0
2026-03-26,VONG,110.43,108.66,110.77,108.61,2354000,258281712.0,1.95,-2.3,-2.56,0.0
2026-03-26,VONV,93.78,93.2,94.3,93.14,819100,76752120.0,1.23,-1.12,-1.06,0.0
2026-03-26,VOO,601.29,594.92,603.91,594.68,7712600,4618557440.0,1.53,-1.6,-9.68,0.0
2026-03-26,VOOG,411.41,403.5,411.96,403.29,346300,141062224.0,2.1,-2.3,-9.5,0.0
2026-03-26,VOOV,203.17,202.91,204.84,202.78,108000,22003040.0,1.0,-1.2,-2.46,0.0
2026-03-26,VOR,12.84,13.57,14.23,12.65,1022100,13893343.0,12.25,4.87,0.63,2.46
2026-03-26,VOT,260.52,257.51,263.24,257.38,317100,82648400.0,2.21,-2.95,-7.84,0.0
2026-03-26,VOTE,76.53,75.8,76.89,75.76,41300,3149156.0,1.46,-1.74,-1.34,0.0
2026-03-26,VOX,180.16,176.3,180.4,176.1,428700,75968144.0,2.37,-3.01,-5.47,0.0
2026-03-26,VOXR,4.79,4.66,4.92,4.64,507700,2425576.0,5.77,-3.92,-0.19,0.75
2026-03-26,VOYA,68.28,68.84,69.24,67.8,730900,50143264.0,2.11,0.92,0.63,0.79
2026-03-26,VOYG,25.09,23.82,25.29,23.6,1133300,27330894.0,6.57,-7.39,-1.9,1.92
2026-03-26,VOYX,10.12,9.3,10.48,9.14,26800,267129.0,12.14,-15.43,-1.7,0.0
2026-03-26,VPC,14.88,14.88,15.1,14.84,66400,995716.0,1.74,-0.32,-0.05,0.0
2026-03-26,VPG,44.19,42.52,45.49,42.32,262300,11442550.0,6.77,-9.24,-4.33,1.97
2026-03-26,VPL,97.21,95.64,97.75,95.61,1406200,135415200.0,2.17,-3.0,-2.96,0.0
2026-03-26,VPLS,77.24,76.95,77.32,76.94,150500,11600654.0,0.48,-0.58,-0.45,0.0
2026-03-26,VPU,195.34,195.92,196.55,194.51,372800,72975752.0,1.04,0.23,0.44,0.0
2026-03-26,VPV,10.43,10.37,10.46,10.26,36600,380696.0,1.91,-0.96,-0.1,0.0
2026-03-26,VPX,24.32,23.98,24.33,23.98,2600,65140.0,1.44,-2.21,-0.54,0.0
2026-03-26,VRA,3.41,3.48,3.55,3.4,163800,569476.0,4.37,1.46,0.05,0.59
2026-03-26,VRAI,27.07,26.95,27.19,26.95,2100,57764.0,0.9,0.64,0.17,0.0
2026-03-26,VRAX,0.19,0.17,0.19,0.17,109700,19495.0,7.57,-6.38,-0.01,1.48
2026-03-26,VRCA,4.49,4.39,4.64,4.33,94000,418063.0,6.82,-4.98,-0.23,0.55
2026-03-26,VRDN,27.84,28.2,28.37,27.5,1103800,30948950.0,3.07,-0.53,-0.15,1.08
2026-03-26,VRE,18.94,18.94,18.96,18.93,803700,15225586.0,0.16,0.05,0.01,0.86
2026-03-26,VREX,10.58,10.78,10.85,10.58,313500,3370355.0,2.48,0.84,0.09,
2026-03-26,VRIG,25.02,25.02,25.03,25.02,303500,7597332.0,0.06,-0.04,-0.01,0.0
2026-03-26,VRM,13.05,12.35,13.05,12.03,4000,51629.0,7.67,-7.14,-0.95,0.08
2026-03-26,VRME,0.85,0.85,0.89,0.85,128500,111043.0,5.31,-2.72,-0.02,1.03
2026-03-26,VRNS,21.18,21.83,22.46,21.12,1733700,38045780.0,6.28,2.06,0.44,1.48
2026-03-26,VRP,24.01,23.88,24.03,23.88,337100,8083216.0,0.62,-0.71,-0.17,0.0
2026-03-26,VRRM,14.14,14.47,14.76,14.14,2393800,34750272.0,4.34,1.33,0.19,1.58
2026-03-26,VRSK,185.4,185.75,188.97,184.51,1855300,346125344.0,2.41,0.38,0.7,1.34
2026-03-26,VRSN,251.72,250.8,255.0,249.01,823300,206928528.0,2.38,-0.36,-0.9,0.9
2026-03-26,VRT,273.81,252.4,274.16,252.4,6621700,1707012096.0,7.93,-8.06,-22.13,1.73
2026-03-26,VRTL,123.79,104.63,123.79,104.08,105900,11590554.0,15.62,-17.09,-21.56,0.0
2026-03-26,VRTS,131.22,133.2,134.36,130.66,77400,10300707.0,2.79,0.53,0.7,1.16
2026-03-26,VRTX,450.72,453.74,457.54,449.29,1158200,526712128.0,1.81,-0.27,-1.23,0.46
2026-03-26,VS,1.09,1.1,1.12,1.09,9900,10555.0,2.45,-3.16,-0.04,0.2
2026-03-26,VSA,0.68,1.37,1.69,0.59,115032200,126359232.0,193.26,140.35,0.8,5187.66
2026-03-26,VSAT,48.5,47.83,50.1,47.51,1476200,71844136.0,5.18,-4.26,-2.13,1.09
2026-03-26,VSCO,43.45,44.33,45.03,43.45,2062200,91047144.0,3.54,-0.76,-0.34,2.56
2026-03-26,VSDA,54.49,54.16,54.5,54.14,5000,276715.0,0.66,-0.25,-0.14,0.0
2026-03-26,VSDB,76.03,75.88,76.09,75.88,34500,2626949.0,0.28,-0.37,-0.28,0.0
2026-03-26,VSDM,76.22,76.14,76.23,76.12,43000,3278933.0,0.14,-0.12,-0.1,0.0
2026-03-26,VSEC,174.78,173.57,177.24,171.3,434200,75330952.0,3.33,-2.66,-4.75,1.55
2026-03-26,VSECU,47.12,47.08,47.12,47.08,51400,2411369.0,0.08,-1.63,-0.78,0.0
2026-03-26,VSEE,0.25,0.23,0.25,0.19,526900,121116.0,24.09,-4.77,-0.01,
2026-03-26,VSEEW,0.05,0.05,0.06,0.05,2400,133.0,29.91,56.7,0.02,0.0
2026-03-26,VSGX,70.74,69.97,71.16,69.92,288100,20262668.0,1.73,-2.59,-1.86,0.0
2026-03-26,VSH,17.93,17.47,18.2,17.44,2133400,37718328.0,4.13,-4.48,-0.82,1.57
2026-03-26,VSHY,21.41,21.41,21.41,21.41,300,7343.0,0.0,-0.42,-0.09,0.0
2026-03-26,VSLU,41.84,41.54,42.04,41.5,28600,1193347.0,1.28,-1.41,-0.59,0.0
2026-03-26,VSME,1.06,1.02,1.07,1.01,41800,44607.0,5.71,-2.86,-0.03,1.52
2026-03-26,VSMV,56.56,56.24,56.66,56.16,7700,435896.0,0.88,-0.62,-0.35,0.0
2026-03-26,VSNT,36.25,36.09,36.48,35.83,1756900,62822908.0,1.78,-1.12,-0.41,1.22
2026-03-26,VSOL,11.58,11.28,11.58,11.28,6800,78088.0,2.48,-6.53,-0.79,0.0
2026-03-26,VSS,144.17,142.74,145.21,142.66,305900,43802880.0,1.75,-2.21,-3.23,0.0
2026-03-26,VST,149.5,152.6,152.67,146.49,4437900,665909824.0,4.08,0.72,1.09,1.31
2026-03-26,VSTD,0.32,0.29,0.32,0.29,15500,3809.0,11.99,2.47,0.01,0.11
2026-03-26,VSTL,28.96,29.38,29.5,27.25,25000,690804.0,7.76,1.29,0.37,0.0
2026-03-26,VSTM,5.02,5.29,5.43,5.0,2232600,11745490.0,8.45,3.93,0.2,2.54
2026-03-26,VSTS,7.86,7.72,8.06,7.71,1070500,8343386.0,4.45,-3.14,-0.25,0.81
2026-03-26,VT,137.84,137.2,138.64,136.34,4334300,596081728.0,1.65,-1.42,-1.97,0.0
2026-03-26,VTAK,1.15,1.08,1.15,1.08,146400,162765.0,6.09,-6.09,-0.07,6.21
2026-03-26,VTC,76.41,76.18,76.54,76.11,114200,8719928.0,0.56,-0.6,-0.46,0.0
2026-03-26,VTEB,49.73,49.63,49.75,49.62,8440400,419260832.0,0.26,-0.2,-0.1,0.0
2026-03-26,VTEC,98.85,98.73,98.85,98.69,268300,26502974.0,0.16,-0.25,-0.25,0.0
2026-03-26,VTEI,99.83,99.65,99.83,99.65,88900,8867023.0,0.18,-0.25,-0.25,0.0
2026-03-26,VTEL,101.89,101.79,102.01,101.75,25500,2601262.0,0.25,-0.19,-0.2,0.0
2026-03-26,VTES,101.05,100.93,101.06,100.93,200800,20150424.0,0.12,-0.15,-0.15,0.0
2026-03-26,VTEX,3.9,3.97,4.03,3.88,1584300,6301998.0,3.91,0.25,0.01,0.92
2026-03-26,VTG,75.5,75.25,75.5,75.23,15300,1153133.0,0.36,-0.47,-0.35,0.0
2026-03-26,VTGN,0.6,0.6,0.62,0.59,381200,231226.0,4.65,-0.9,-0.01,0.96
2026-03-26,VTHR,288.8,285.6,289.76,285.37,29400,8484269.0,1.51,-1.67,-4.85,0.0
2026-03-26,VTI,322.85,320.8,324.42,319.39,4794400,1542473472.0,1.55,-1.34,-4.35,0.0
2026-03-26,VTIP,49.79,49.73,49.81,49.72,2624200,130618144.0,0.18,-0.1,-0.05,0.0
2026-03-26,VTIX,7.31,6.52,7.59,6.03,172600,1134529.0,21.82,-8.81,-0.63,0.54
2026-03-26,VTMX,32.91,32.44,33.01,32.32,48400,1585944.0,2.07,-2.67,-0.89,0.05
2026-03-26,VTN,10.75,10.64,10.75,10.63,11000,118268.0,1.11,-1.21,-0.13,0.0
2026-03-26,VTOL,45.43,46.3,46.4,45.43,108300,5001808.0,2.12,0.96,0.44,0.37
2026-03-26,VTP,75.95,75.62,75.95,75.62,19000,1442038.0,0.43,-0.37,-0.28,0.0
2026-03-26,VTR,82.47,82.66,83.07,82.0,2365900,195380304.0,1.29,-0.05,-0.04,0.5
2026-03-26,VTRS,13.45,13.37,13.6,13.32,4706800,63088388.0,2.0,-0.96,-0.13,0.41
2026-03-26,VTS,19.0,19.43,19.65,19.0,614900,11920423.0,3.47,3.63,0.68,1.55
2026-03-26,VTSI,4.44,4.43,4.49,4.28,108600,461718.0,4.62,-1.99,-0.09,0.96
2026-03-26,VTV,196.86,196.27,198.03,196.11,3757800,740229312.0,0.97,-0.69,-1.36,0.0
2026-03-26,VTVT,37.77,37.8,39.37,37.77,19400,749968.0,4.18,-1.31,-0.5,0.49
2026-03-26,VTWG,231.92,228.84,233.29,228.5,9700,2251130.0,2.04,-2.31,-5.42,0.0
2026-03-26,VTWO,100.53,99.95,101.74,99.85,3585600,361292768.0,1.86,-1.77,-1.8,0.0
2026-03-26,VTWV,167.27,166.81,169.01,166.81,14200,2383005.0,1.31,-1.04,-1.76,0.0
2026-03-26,VUG,440.11,432.72,441.83,432.57,1547600,675440320.0,2.08,-2.6,-11.53,0.0
2026-03-26,VUS,25.51,25.51,25.51,25.51,0,414.0,0.0,-1.95,-0.51,0.0
2026-03-26,VUSB,49.71,49.66,49.73,49.66,1494800,74288344.0,0.14,-0.16,-0.08,0.0
2026-03-26,VUSE,63.18,62.29,63.32,62.29,7700,487659.0,1.62,-1.82,-1.16,0.0
2026-03-26,VUSG,55.23,54.38,55.42,54.38,3500,195831.0,1.86,-2.58,-1.44,0.0
2026-03-26,VUSI,50.06,50.06,50.06,50.06,0,4106.0,0.0,-0.17,-0.08,0.0
2026-03-26,VUSV,62.26,61.95,62.64,61.95,10500,660735.0,1.1,-0.71,-0.44,0.0
2026-03-26,VUZI,2.37,2.25,2.47,2.23,1045500,2434469.0,9.92,-7.02,-0.17,1.26
2026-03-26,VV,300.51,297.27,301.75,297.18,397600,118992624.0,1.51,-1.75,-5.29,0.0
2026-03-26,VVOS,1.13,1.19,1.36,1.1,255200,321556.0,23.25,4.39,0.05,2.44
2026-03-26,VVR,3.12,3.12,3.12,3.1,619600,1923033.0,0.8,-0.32,-0.01,0.0
2026-03-26,VVV,34.88,34.65,35.42,34.4,1963800,68160288.0,2.88,-1.56,-0.55,1.54
2026-03-26,VVX,68.77,68.47,70.5,67.48,333100,22828848.0,4.33,-1.79,-1.25,1.07
2026-03-26,VWAV,7.26,6.57,7.47,6.55,302400,2086154.0,12.3,-12.17,-0.91,1.54
2026-03-26,VWAVW,1.33,1.28,1.39,1.25,5200,6807.0,10.0,-8.57,-0.12,0.0
2026-03-26,VWID,36.23,36.23,36.23,36.23,0,2741.0,0.0,-1.26,-0.46,0.0
2026-03-26,VWO,53.37,52.85,53.74,52.83,11508000,613156096.0,1.67,-2.74,-1.49,0.0
2026-03-26,VWOB,65.78,65.33,65.93,65.3,1032700,67668520.0,0.95,-1.03,-0.68,0.0
2026-03-26,VXF,206.15,205.09,208.79,204.9,514000,106303168.0,1.87,-1.58,-3.3,0.0
2026-03-26,VXUS,76.02,75.2,76.56,75.18,6221300,472201312.0,1.79,-2.44,-1.88,0.0
2026-03-26,VXX,34.98,36.62,36.81,34.53,13237100,473879872.0,6.66,6.92,2.37,0.0
2026-03-26,VXZ,59.01,59.85,59.94,58.68,4000,241163.0,2.16,1.96,1.15,0.0
2026-03-26,VYGR,3.94,4.13,4.22,3.94,414800,1715172.0,6.95,2.48,0.1,0.7
2026-03-26,VYLD,26.46,26.46,26.46,26.46,0,1143.0,0.0,-2.21,-0.6,0.0
2026-03-26,VYM,147.39,147.22,148.5,147.11,1437700,212444784.0,0.94,-0.59,-0.87,0.0
2026-03-26,VYMI,92.57,91.8,93.14,91.78,950200,87806320.0,1.46,-1.77,-1.65,0.0
2026-03-26,VYNE,0.62,0.62,0.63,0.6,252200,155698.0,4.2,0.23,0.0,0.76
2026-03-26,VYX,6.28,6.47,6.55,6.25,2220200,14288748.0,4.81,2.05,0.13,1.6
2026-03-26,VZ,50.57,50.74,51.24,50.42,24423200,1240684160.0,1.63,0.73,0.37,0.58
2026-03-26,VZLA,3.09,3.06,3.21,3.05,6587900,20521086.0,5.09,-5.56,-0.18,1.88
2026-03-26,W,77.84,74.49,79.86,73.15,3661600,274807840.0,8.41,-6.6,-5.26,2.8
2026-03-26,WAB,250.48,246.76,253.18,245.06,951000,236282576.0,3.27,-0.63,-1.56,0.56
2026-03-26,WABC,51.21,51.47,51.57,50.95,154700,7956900.0,1.2,0.0,0.0,0.64
2026-03-26,WABF,24.97,24.97,24.97,24.97,600,15411.0,0.02,-0.48,-0.12,0.0
2026-03-26,WAFD,31.34,31.59,31.68,31.34,484500,15292710.0,1.08,0.13,0.04,0.64
2026-03-26,WAFDP,16.5,16.44,16.5,16.22,15900,261176.0,1.68,-1.14,-0.19,0.13
2026-03-26,WAFU,1.54,1.72,1.79,1.53,77500,129527.0,16.99,12.42,0.19,1.76
2026-03-26,WAGN,14.48,14.31,14.53,14.3,79700,1149765.0,1.58,-1.72,-0.25,0.0
2026-03-26,WAI,2.1,2.19,2.3,2.1,13200,28970.0,10.0,9.5,0.19,0.7
2026-03-26,WAL,70.01,69.0,70.83,69.0,981100,68790976.0,2.59,-2.46,-1.74,0.89
2026-03-26,WALD,1.11,1.02,1.11,1.0,268400,281653.0,9.73,-9.73,-0.11,0.21
2026-03-26,WALDW,0.04,0.04,0.04,0.04,27500,1098.0,21.5,-9.25,-0.0,0.0
2026-03-26,WAMA,23.93,23.87,23.93,23.87,343300,8210306.0,0.24,-1.79,-0.43,0.0
2026-03-26,WANT,37.47,36.32,38.5,36.31,76800,2864594.0,5.7,-5.47,-2.1,0.0
2026-03-26,WAR,25.0,24.11,25.0,24.11,13100,322043.0,3.47,-6.08,-1.56,0.0
2026-03-26,WASH,32.94,33.17,33.28,32.85,137700,4559311.0,1.3,0.03,0.01,0.72
2026-03-26,WAT,300.72,302.19,308.28,300.11,925900,280115520.0,2.7,-0.04,-0.13,0.94
2026-03-26,WATT,16.7,16.11,17.96,15.36,508300,8311452.0,15.13,-6.34,-1.09,9.24
2026-03-26,WAVE,6.41,6.31,6.53,6.25,10600,67985.0,4.47,0.8,0.05,0.18
2026-03-26,WAY,23.92,24.85,25.01,23.92,2234100,55235404.0,4.52,2.94,0.71,1.17
2026-03-26,WB,8.5,8.57,8.72,8.47,1464800,12579916.0,2.87,-1.61,-0.14,0.6
2026-03-26,WBD,27.16,27.07,27.22,27.07,25750700,698429888.0,0.55,-0.55,-0.15,1.04
2026-03-26,WBI,27.1,26.62,27.39,26.43,684300,18146806.0,3.58,-1.3,-0.35,0.55
2026-03-26,WBIF,31.63,31.28,31.63,31.28,5600,176159.0,1.1,-0.76,-0.24,0.0
2026-03-26,WBIG,23.82,23.61,23.82,23.6,5400,128405.0,0.93,-0.23,-0.05,0.0
2026-03-26,WBIL,34.23,33.71,34.23,33.71,5500,189310.0,1.5,-2.42,-0.84,0.0
2026-03-26,WBIY,34.28,34.09,34.29,34.02,6000,206904.0,0.8,0.55,0.19,0.0
2026-03-26,WBS,68.91,68.45,69.2,68.44,2837900,194614000.0,1.09,-1.44,-1.0,1.76
2026-03-26,WBTN,8.9,9.03,9.12,8.82,786300,7090285.0,3.35,0.89,0.08,0.59
2026-03-26,WBUY,0.91,0.93,0.96,0.9,11100,10290.0,6.28,-0.69,-0.01,0.31
2026-03-26,WBX,2.62,2.62,2.66,2.61,3300,8735.0,1.92,0.77,0.02,0.02
2026-03-26,WCAP,8.81,8.69,8.81,8.69,900,7858.0,1.36,-1.75,-0.16,0.0
2026-03-26,WCBR,25.33,25.15,25.7,25.01,28700,728831.0,2.76,0.07,0.02,0.0
2026-03-26,WCC,270.5,269.4,275.21,265.21,549700,147991840.0,3.61,-2.66,-7.36,1.13
2026-03-26,WCEO,33.37,33.28,33.37,33.28,200,7268.0,0.26,-0.66,-0.22,0.0
2026-03-26,WCLD,26.87,27.4,27.94,26.87,976000,26977982.0,3.94,1.02,0.28,0.0
2026-03-26,WCME,16.92,16.61,16.97,16.61,8800,148813.0,2.1,-2.93,-0.5,0.0
2026-03-26,WCMI,16.74,16.56,16.9,16.52,747200,12509097.0,2.24,-2.59,-0.44,0.0
2026-03-26,WCN,156.95,154.04,159.49,154.04,1046700,165221680.0,3.47,-1.92,-3.02,0.41
2026-03-26,WCPB,25.26,25.2,25.31,25.2,30800,779526.0,0.42,-0.66,-0.17,0.0
2026-03-26,WCT,2.77,2.78,2.78,2.69,2000,5694.0,3.17,1.35,0.04,0.07
2026-03-26,WD,44.77,44.94,45.58,44.38,250100,11087883.0,2.67,-0.29,-0.13,0.73
2026-03-26,WDAF,33.36,32.67,33.36,32.62,3500,116606.0,2.21,-2.43,-0.81,0.0
2026-03-26,WDAY,127.29,127.97,130.39,126.0,5233400,672262976.0,3.45,0.71,0.9,2.04
2026-03-26,WDC,286.79,273.35,291.81,272.83,9726800,2716673792.0,6.41,-7.7,-22.79,2.87
2026-03-26,WDCX,30.95,28.24,32.38,28.17,461400,13293999.0,12.64,-15.2,-5.06,0.0
2026-03-26,WDEF,30.31,29.77,30.45,29.75,31200,941147.0,2.27,-3.62,-1.12,0.0
2026-03-26,WDFC,214.26,205.62,217.3,200.34,160900,33433530.0,7.85,-4.85,-10.49,1.19
2026-03-26,WDGF,33.47,32.91,33.47,32.91,8600,286583.0,1.63,-3.42,-1.17,0.0
2026-03-26,WDH,1.63,1.64,1.75,1.62,420300,707095.0,7.87,-0.72,-0.01,0.12
2026-03-26,WDI,13.15,13.11,13.23,13.11,126800,1669443.0,0.91,-0.61,-0.08,0.0
2026-03-26,WDIV,75.9,75.79,76.43,75.69,4300,326810.0,0.97,-0.94,-0.72,0.0
2026-03-26,WDNA,17.15,17.15,17.15,17.15,0,810.0,0.0,-0.4,-0.07,0.0
2026-03-26,WDS,24.0,23.98,24.14,23.76,1314500,31483900.0,1.61,1.34,0.32,0.07
2026-03-26,WDTE,28.44,28.26,28.7,28.26,29400,835829.0,1.52,-2.18,-0.63,0.0
2026-03-26,WEA,10.4,10.42,10.49,10.4,21800,227733.0,0.86,-0.19,-0.02,0.0
2026-03-26,WEAT,22.8,23.14,23.22,22.73,736100,16944176.0,2.13,0.74,0.17,0.0
2026-03-26,WEAV,4.35,4.52,4.67,4.35,1804400,8198491.0,7.26,2.49,0.11,2.29
2026-03-26,WEBL,17.43,17.23,18.13,16.81,355300,6164709.0,7.32,-4.41,-0.8,0.0
2026-03-26,WEBS,28.86,29.68,29.68,27.77,68600,1980228.0,6.86,6.65,1.85,0.0
2026-03-26,WEC,112.87,114.87,114.87,112.34,1766400,201359104.0,2.24,1.91,2.15,0.54
2026-03-26,WEED,16.03,15.11,16.03,15.01,21800,344176.0,6.33,-6.71,-1.09,0.0
2026-03-26,WEEI,24.75,24.85,24.94,24.64,61000,1516142.0,1.22,0.65,0.16,0.0
2026-03-26,WEEK,100.02,100.01,100.05,100.01,54300,5430353.0,0.04,-0.05,-0.05,0.0
2026-03-26,WEEL,19.32,19.15,19.4,19.15,21500,413921.0,1.25,-4.44,-0.89,0.0
2026-03-26,WELL,195.01,196.2,197.61,194.65,1970400,386119520.0,1.51,-0.27,-0.53,0.28
2026-03-26,WEN,7.11,6.99,7.24,6.96,5183600,36601648.0,3.92,-2.1,-0.15,2.72
2026-03-26,WENN,10.18,10.18,10.18,10.18,300,3471.0,0.0,0.0,0.0,0.0
2026-03-26,WENNW,0.32,0.32,0.32,0.32,0,1.0,0.0,-8.43,-0.03,0.0
2026-03-26,WEPN,44.18,43.78,44.18,43.78,1200,53402.0,0.89,-3.2,-1.45,0.0
2026-03-26,WERN,28.5,28.84,29.17,28.48,852000,24619364.0,2.37,-1.03,-0.3,1.42
2026-03-26,WES,42.0,42.6,42.76,41.83,743300,31492986.0,2.21,1.4,0.59,0.19
2026-03-26,WEST,3.92,3.88,3.92,3.78,253300,972518.0,3.76,0.52,0.02,0.26
2026-03-26,WETH,1.4,1.31,1.43,1.3,34600,47052.0,9.12,-5.76,-0.08,0.29
2026-03-26,WETO,0.56,0.55,0.57,0.48,154600,81489.0,15.27,-8.42,-0.05,0.19
2026-03-26,WEX,150.25,155.1,155.24,150.25,323500,49894860.0,3.3,2.5,3.78,0.94
2026-03-26,WEYS,32.3,32.28,32.52,31.91,9700,314341.0,1.89,-0.15,-0.05,0.1
2026-03-26,WF,66.11,65.25,66.57,65.05,112800,7381819.0,2.27,-2.44,-1.63,0.05
2026-03-26,WFC,79.89,79.2,80.3,78.72,15430400,1222112512.0,1.97,-1.32,-1.06,0.5
2026-03-26,WFCF,13.75,13.75,13.75,13.75,400,6016.0,0.0,0.15,0.02,0.01
2026-03-26,WFF,0.37,0.37,0.38,0.35,48400,17174.0,7.84,-3.28,-0.01,0.19
2026-03-26,WFG,63.43,63.48,65.29,62.93,138700,8848262.0,3.68,-0.89,-0.57,0.18
2026-03-26,WFRD,96.15,95.94,97.39,94.66,1340500,128674360.0,2.81,-1.12,-1.09,1.87
2026-03-26,WGMI,39.2,37.08,39.54,36.82,800800,30033370.0,6.75,-7.99,-3.22,0.0
2026-03-26,WGO,32.0,32.85,32.89,31.55,1130600,36652048.0,4.1,0.55,0.18,4.0
2026-03-26,WGRX,0.12,0.11,0.12,0.11,1136300,129063.0,10.12,-10.68,-0.01,1.08
2026-03-26,WGS,65.32,61.35,66.0,60.72,1311300,81974312.0,7.89,-8.36,-5.6,4.48
2026-03-26,WGSWW,0.01,0.01,0.01,0.01,112900,807.0,24.1,-25.3,-0.0,0.0
2026-03-26,WH,79.02,80.7,81.34,79.02,1391000,112186736.0,2.93,1.91,1.51,1.85
2026-03-26,WHD,48.28,48.81,49.46,48.0,924300,44164740.0,3.0,0.23,0.11,1.16
2026-03-26,WHF,7.24,7.26,7.39,7.24,81900,598291.0,2.12,-0.82,-0.06,0.37
2026-03-26,WHFCL,25.16,25.16,25.16,25.16,700,19880.0,0.0,0.04,0.01,0.0
2026-03-26,WHG,15.77,16.0,16.15,15.77,3200,52437.0,2.37,-0.12,-0.02,0.03
2026-03-26,WHLR,1.1,1.02,1.17,1.0,76000,82024.0,14.91,-10.53,-0.12,5.3
2026-03-26,WHLRD,37.2,37.2,37.2,37.2,0,397.0,0.0,0.0,0.0,0.0
2026-03-26,WHLRL,80.0,80.0,80.0,80.0,0,960.0,0.0,0.0,0.0,0.0
2026-03-26,WHLRP,7.3,6.96,7.53,6.96,3900,28471.0,7.81,-5.43,-0.4,0.0
2026-03-26,WHR,54.58,53.95,55.83,53.37,1671100,90563472.0,4.45,-2.3,-1.27,
2026-03-26,WHWK,3.58,3.57,3.75,3.48,166700,598635.0,7.52,-0.56,-0.02,0.35
2026-03-26,WIA,8.03,7.99,8.03,7.98,23400,187804.0,0.62,-0.13,-0.01,0.0
2026-03-26,WILC,25.24,25.62,25.89,25.24,1900,49388.0,2.51,-1.12,-0.29,0.01
2026-03-26,WIMA,38.3,38.12,38.3,38.12,162300,6200129.0,0.46,-1.96,-0.76,0.0
2026-03-26,WIMI,1.63,1.66,1.73,1.63,32400,54460.0,5.92,-1.78,-0.03,0.25
2026-03-26,WINA,427.59,428.34,434.3,420.24,62500,26918826.0,3.27,-0.37,-1.6,1.75
2026-03-26,WING,162.25,155.67,167.16,155.38,1549100,245896928.0,7.08,-6.4,-10.64,5.64
2026-03-26,WINN,27.9,27.53,28.04,27.49,124300,3447112.0,1.95,-2.2,-0.62,0.0
2026-03-26,WIP,39.7,39.16,39.72,39.15,75300,2971144.0,1.44,-1.11,-0.44,0.0
2026-03-26,WISD,100.78,100.78,100.78,100.78,0,6857.0,0.0,-0.16,-0.16,0.0
2026-03-26,WISE,32.43,32.27,32.96,32.27,5500,181749.0,2.1,-2.03,-0.67,0.0
2026-03-26,WIT,2.09,2.08,2.13,2.08,5541700,11666600.0,2.39,-0.48,-0.01,0.05
2026-03-26,WIW,8.42,8.38,8.44,8.36,320700,2694699.0,0.94,-0.71,-0.06,0.0
2026-03-26,WIX,89.12,89.51,90.59,88.88,2570600,230587056.0,1.92,0.44,0.39,4.67
2026-03-26,WK,58.5,59.43,60.69,58.5,521100,30999254.0,3.74,1.38,0.81,0.92
2026-03-26,WKC,22.97,23.47,23.56,22.97,430500,9950198.0,2.56,1.65,0.38,0.84
2026-03-26,WKEY,6.37,6.1,6.63,6.03,91200,571196.0,9.17,-6.73,-0.44,0.81
2026-03-26,WKHS,3.2,3.09,3.29,3.03,83300,261749.0,8.18,-2.83,-0.09,0.95
2026-03-26,WKSP,1.3,1.33,1.38,1.29,3124600,4617950.0,6.62,-2.21,-0.03,26.29
2026-03-26,WLAC,11.0,10.86,11.01,10.81,79400,866272.0,1.81,-1.81,-0.2,0.46
2026-03-26,WLACU,10.83,10.83,10.83,10.83,0,475.0,0.0,-9.98,-1.2,0.0
2026-03-26,WLACW,3.0,3.0,3.0,3.0,500,1516.0,0.0,-2.28,-0.07,0.0
2026-03-26,WLDN,80.86,80.15,83.52,79.94,252200,20492568.0,4.32,-3.2,-2.65,1.71
2026-03-26,WLDR,37.9,36.94,37.9,36.94,7400,275647.0,2.53,-2.53,-0.96,0.0
2026-03-26,WLDS,1.34,1.3,1.41,1.28,63600,84425.0,10.01,-2.99,-0.04,1.8
2026-03-26,WLDSW,3.1,3.1,3.1,3.1,0,54.0,0.0,0.0,0.0,0.0
2026-03-26,WLDU,14.0,13.6,14.0,13.58,17500,235260.0,2.97,-3.93,-0.56,0.0
2026-03-26,WLFC,172.0,171.24,181.0,170.21,50500,8734424.0,6.12,-2.84,-5.01,0.74
2026-03-26,WLIIU,10.14,10.14,10.14,10.14,200,2028.0,0.0,0.5,0.05,0.0
2026-03-26,WLK,113.63,113.46,115.94,112.56,1035000,117641448.0,2.96,-0.67,-0.76,0.81
2026-03-26,WLKP,22.21,22.18,22.55,22.15,29700,663421.0,1.79,-0.98,-0.22,0.08
2026-03-26,WLTG,34.12,33.66,34.19,33.65,3200,111609.0,1.57,-2.26,-0.78,0.0
2026-03-26,WLTH,8.73,9.1,9.23,8.73,1499300,13581573.0,5.64,2.71,0.24,1.0
2026-03-26,WLY,37.36,38.26,38.38,37.12,435500,16613370.0,3.38,2.33,0.87,1.02
2026-03-26,WLYB,38.56,38.56,38.56,38.56,100,5269.0,0.0,4.23,1.56,0.0
2026-03-26,WM,224.39,226.51,227.97,223.71,1702000,385853856.0,1.89,0.74,1.66,0.42
2026-03-26,WMB,74.25,74.06,74.53,73.19,4615200,341495104.0,1.82,0.34,0.25,0.38
2026-03-26,WMG,23.72,24.22,24.54,23.72,2173000,52518084.0,3.43,1.38,0.33,0.42
2026-03-26,WMK,65.58,67.3,67.3,65.58,172700,11567758.0,2.62,2.33,1.53,0.7
2026-03-26,WMS,136.58,134.32,139.65,133.43,927400,125433160.0,4.48,-3.35,-4.65,1.19
2026-03-26,WMSB,25.07,25.0,25.08,24.99,28500,713857.0,0.36,-0.39,-0.1,0.0
2026-03-26,WMT,123.61,122.18,123.8,121.79,16442500,2014295808.0,1.63,-0.72,-0.88,0.21
2026-03-26,WMTI,26.49,26.28,26.49,26.24,11400,299951.0,0.95,-0.51,-0.14,0.0
2026-03-26,WNC,9.0,9.07,9.27,8.96,469900,4256984.0,3.32,-1.41,-0.13,1.16
2026-03-26,WNEB,12.72,12.85,12.86,12.7,50700,649436.0,1.28,0.0,0.0,0.25
2026-03-26,WNTR,32.76,33.33,33.38,32.23,130400,4203780.0,3.51,1.62,0.53,0.0
2026-03-26,WNW,0.11,0.09,0.11,0.08,29590100,2809380.0,20.09,-18.84,-0.02,48.79
2026-03-26,WOK,1.22,1.19,1.31,1.19,26200,33122.0,9.95,-1.24,-0.01,1.52
2026-03-26,WOLF,18.11,16.82,18.37,16.82,788200,13687195.0,8.49,-7.84,-1.43,1.63
2026-03-26,WOMN,39.52,39.52,39.52,39.52,200,10263.0,0.0,-0.91,-0.36,0.0
2026-03-26,WOOD,69.55,69.16,70.2,69.02,7600,530209.0,1.69,-1.17,-0.82,0.0
2026-03-26,WOOF,2.78,2.75,2.83,2.73,1543700,4270295.0,3.56,-2.14,-0.06,0.48
2026-03-26,WOR,49.09,50.96,51.09,48.69,392800,19879850.0,4.88,3.61,1.78,0.79
2026-03-26,WORX,0.13,0.13,0.14,0.13,1583200,208627.0,9.95,2.95,0.0,10.0
2026-03-26,WPC,67.25,67.62,67.93,67.11,803200,54348184.0,1.22,0.27,0.18,0.37
2026-03-26,WPM,119.19,118.95,123.55,118.59,2741400,329524352.0,4.05,-2.81,-3.44,0.6
2026-03-26,WPP,15.45,15.49,15.87,15.43,915400,14298521.0,2.84,-0.06,-0.01,0.42
2026-03-26,WPRT,1.84,1.86,1.87,1.84,14900,27794.0,1.62,0.54,0.01,0.09
2026-03-26,WQTM,25.5,24.79,25.62,24.79,7600,193734.0,3.2,-4.47,-1.16,0.0
2026-03-26,WRAP,1.54,1.46,1.55,1.45,228600,340627.0,6.49,-5.19,-0.08,0.41
2026-03-26,WRB,64.6,65.26,65.28,64.59,1874700,122019184.0,1.06,0.02,0.01,0.5
2026-03-26,WRBY,22.95,21.99,23.63,21.84,2364000,52967444.0,7.83,-3.85,-0.88,1.93
2026-03-26,WRD,7.42,7.64,7.91,7.28,9095800,69397712.0,8.37,1.46,0.11,2.66
2026-03-26,WRLD,124.69,130.67,134.62,124.69,159300,20806168.0,7.78,2.47,3.15,3.23
2026-03-26,WRN,2.45,2.41,2.48,2.36,1603100,3854922.0,5.02,-3.21,-0.08,0.71
2026-03-26,WRND,36.06,35.33,36.06,35.33,2200,81476.0,1.99,-2.84,-1.03,0.0
2026-03-26,WS,29.8,29.79,31.68,28.4,893800,26590730.0,10.92,-1.01,-0.31,1.79
2026-03-26,WSBC,33.7,33.89,34.03,33.39,380700,12903170.0,1.89,0.06,0.02,0.4
2026-03-26,WSBCO,25.32,25.26,25.35,25.25,13800,349886.0,0.39,-0.24,-0.06,0.15
2026-03-26,WSBF,18.27,18.3,18.61,18.08,56500,1035648.0,2.94,-0.38,-0.07,0.31
2026-03-26,WSBK,12.9,12.9,12.9,12.9,600,7742.0,0.0,0.07,0.01,0.01
2026-03-26,WSC,18.41,18.45,18.71,18.01,2387500,44080424.0,3.75,-1.07,-0.2,1.32
2026-03-26,WSFS,64.43,65.2,65.35,64.21,316100,20590100.0,1.75,0.52,0.34,0.6
2026-03-26,WSGE,24.33,24.33,24.33,24.33,0,633.0,0.0,-1.91,-0.47,0.0
2026-03-26,WSHP,7.42,6.81,7.66,6.74,67300,437866.0,11.96,-10.98,-0.84,0.29
2026-03-26,WSM,179.68,180.56,183.62,178.54,1428200,257826608.0,2.8,-0.65,-1.19,1.2
2026-03-26,WSML,30.91,31.11,31.16,30.91,1200,40208.0,0.8,-0.54,-0.17,0.0
2026-03-26,WSO,361.9,348.01,373.27,345.26,875100,310225408.0,7.63,-5.21,-19.14,2.5
2026-03-26,WSR,16.04,16.16,16.26,16.04,130900,2120112.0,1.42,0.5,0.08,0.25
2026-03-26,WST,245.97,248.12,252.41,244.72,1059000,264254320.0,3.11,0.45,1.1,1.47
2026-03-26,WSTNU,10.14,10.14,10.14,10.14,200,2068.0,0.0,0.0,0.0,0.0
2026-03-26,WT,14.72,14.55,14.8,14.44,2022400,29056112.0,2.4,-3.0,-0.45,1.43
2026-03-26,WTAI,29.05,28.08,29.05,28.07,167200,4768603.0,3.32,-4.91,-1.45,0.0
2026-03-26,WTBA,23.56,23.89,24.01,23.55,16200,387285.0,1.94,0.76,0.18,0.1
2026-03-26,WTBN,25.15,25.08,25.2,25.07,3400,87784.0,0.51,-0.75,-0.19,0.0
2026-03-26,WTF,3.46,3.47,3.72,3.18,14400,51361.0,15.08,-3.07,-0.11,0.03
2026-03-26,WTFC,135.87,135.29,136.92,134.07,455400,61639904.0,2.08,-1.2,-1.64,0.68
2026-03-26,WTFCN,26.11,26.01,26.25,26.01,15000,393557.0,0.91,-0.91,-0.24,0.09
2026-03-26,WTG,10.26,10.26,10.26,10.26,100,1672.0,0.0,0.0,0.0,0.0
2026-03-26,WTI,3.06,3.22,3.37,3.05,10749600,34912140.0,10.67,7.33,0.22,7.23
2026-03-26,WTIB,23.9,23.9,23.9,23.9,0,1417.0,0.0,0.23,0.05,0.0
2026-03-26,WTID,4.23,3.97,4.23,3.94,89100,358892.0,6.84,-6.56,-0.28,0.0
2026-03-26,WTIP,36.94,36.73,36.94,36.73,900,36706.0,0.58,-0.36,-0.13,0.0
2026-03-26,WTIU,22.54,23.5,23.97,22.54,118800,2786073.0,6.45,5.95,1.32,0.0
2026-03-26,WTLS,49.99,48.95,49.99,48.95,800,44531.0,2.08,-2.54,-1.27,0.0
2026-03-26,WTM,2185.51,2220.71,2224.51,2185.51,10800,24058470.0,1.77,0.69,15.2,0.44
2026-03-26,WTMF,39.43,39.23,39.56,39.05,15500,610290.0,1.29,-0.56,-0.22,0.0
2026-03-26,WTMU,25.52,25.52,25.52,25.52,0,51.0,0.0,-0.33,-0.08,0.0
2026-03-26,WTMY,25.09,25.09,25.09,25.09,0,50.0,0.0,-0.24,-0.06,0.0
2026-03-26,WTO,2.53,2.78,2.85,2.45,18200,47555.0,14.49,0.72,0.02,1.08
2026-03-26,WTPI,32.06,31.67,32.12,31.6,74300,2367826.0,1.6,-2.72,-0.89,0.0
2026-03-26,WTRE,21.8,21.58,21.8,21.58,2200,47728.0,1.0,-2.29,-0.51,0.0
2026-03-26,WTRG,39.68,40.79,40.83,39.56,1281800,51817436.0,3.19,2.88,1.14,0.45
2026-03-26,WTS,295.15,290.3,296.51,290.02,145900,42560612.0,2.18,-2.52,-7.49,0.44
2026-03-26,WTTR,15.15,15.59,15.66,15.13,1704300,26364568.0,3.5,2.9,0.44,1.23
2026-03-26,WTV,94.48,94.61,95.43,94.48,152800,14521137.0,1.0,-0.73,-0.7,0.0
2026-03-26,WTW,289.51,286.8,293.77,285.88,406200,116951216.0,2.72,-0.94,-2.71,0.43
2026-03-26,WU,9.05,8.97,9.16,8.93,8349400,75146160.0,2.53,-1.43,-0.13,2.66
2026-03-26,WUGI,65.2,65.2,65.2,65.2,0,4088.0,0.0,-3.93,-2.67,0.0
2026-03-26,WULF,16.52,15.35,16.58,15.17,27329800,428409664.0,8.36,-8.96,-1.51,6.44
2026-03-26,WULX,25.52,21.96,25.65,21.4,392700,9079119.0,15.97,-17.47,-4.65,0.0
2026-03-26,WVE,5.36,6.2,6.49,5.02,50156500,289391136.0,11.95,-49.59,-6.1,26.64
2026-03-26,WVVI,2.51,2.54,2.72,2.51,3100,8148.0,8.28,0.17,0.0,0.06
2026-03-26,WVVIP,2.92,2.94,2.97,2.92,800,2440.0,1.71,0.68,0.02,0.0
2026-03-26,WW,16.18,15.85,16.46,15.56,490500,7875041.0,5.42,-4.52,-0.75,4.91
2026-03-26,WWD,364.87,355.66,367.5,352.99,498500,178304688.0,3.9,-4.41,-16.42,0.84
2026-03-26,WWJD,36.56,36.34,36.9,36.33,46900,1717587.0,1.54,-1.86,-0.69,0.0
2026-03-26,WWR,0.63,0.62,0.66,0.6,640800,402340.0,8.57,-4.17,-0.03,0.51
2026-03-26,WWW,16.89,16.47,17.25,16.39,692300,11529936.0,5.1,-2.31,-0.39,0.84
2026-03-26,WXET,19.16,19.76,20.0,19.09,64200,1258158.0,4.66,1.33,0.26,0.0
2026-03-26,WXM,0.49,0.47,0.5,0.47,10100,4596.0,4.48,-4.94,-0.02,0.12
2026-03-26,WY,23.53,23.6,23.86,23.37,4186000,98707176.0,2.09,-0.21,-0.05,0.58
2026-03-26,WYFI,12.32,12.16,13.57,12.12,1958300,24873252.0,9.87,-17.19,-2.52,5.1
2026-03-26,WYHG,0.42,0.42,0.43,0.41,22800,9608.0,4.28,-3.75,-0.02,0.05
2026-03-26,WYNN,100.86,99.47,101.43,99.07,1314900,131189104.0,2.32,-2.38,-2.42,1.26
2026-03-26,WYY,5.02,4.77,5.16,4.6,76700,370698.0,10.3,-11.5,-0.62,0.78
2026-03-26,WZRD,19.76,19.67,19.91,19.67,14500,287904.0,1.25,2.55,0.49,0.0
2026-03-26,XAGG,49.97,49.74,49.97,49.74,170400,8492145.0,0.47,-0.43,-0.22,0.0
2026-03-26,XAIR,0.75,0.69,0.77,0.68,213700,153705.0,12.26,-6.74,-0.05,2.03
2026-03-26,XAIX,40.51,39.79,40.54,39.79,11200,452546.0,1.83,-3.08,-1.27,0.0
2026-03-26,XAPR,36.78,36.78,36.78,36.74,1200,44808.0,0.11,0.05,0.02,0.0
2026-03-26,XAR,262.95,257.03,264.08,256.52,154100,40020772.0,2.84,-3.59,-9.56,0.0
2026-03-26,XAUG,37.18,36.95,37.19,36.92,11200,415775.0,0.72,-0.92,-0.34,0.0
2026-03-26,XB,38.75,38.61,38.81,38.61,1100,42824.0,0.5,-0.7,-0.27,0.0
2026-03-26,XBAP,39.12,39.12,39.2,39.11,24400,956495.0,0.23,-0.04,-0.01,0.0
2026-03-26,XBB,40.51,40.32,40.54,40.32,5700,232085.0,0.55,-0.64,-0.26,0.0
2026-03-26,XBCI,41.86,41.13,42.02,40.81,25400,1053761.0,2.83,-3.93,-1.68,0.0
2026-03-26,XBFR,24.63,24.42,24.64,24.42,7300,181429.0,0.89,-0.86,-0.21,0.0
2026-03-26,XBI,122.52,123.9,125.64,122.52,11477100,1428839680.0,2.52,-0.02,-0.02,0.0
2026-03-26,XBIL,50.14,50.15,50.15,50.14,117900,5916088.0,0.02,0.0,0.0,0.0
2026-03-26,XBIO,2.94,2.8,2.98,2.77,13200,37987.0,7.16,-6.35,-0.19,0.58
2026-03-26,XBIT,2.36,2.31,2.36,2.31,26800,62893.0,2.12,-2.12,-0.05,0.09
2026-03-26,XBJA,31.25,31.11,31.25,31.08,4700,146793.0,0.54,-1.18,-0.37,0.0
2026-03-26,XBJL,38.02,37.74,38.02,37.74,1200,46520.0,0.73,-1.0,-0.38,0.0
2026-03-26,XBOC,32.79,32.67,32.87,32.67,700,23965.0,0.61,-1.23,-0.41,0.0
2026-03-26,XBOX,99.07,98.7,99.07,98.7,8300,828906.0,0.37,-0.63,-0.63,0.0
2026-03-26,XBP,4.39,4.23,4.4,4.23,2900,12690.0,3.95,-1.63,-0.07,0.02
2026-03-26,XBPEW,0.06,0.06,0.06,0.06,300,16.0,0.22,21.96,0.01,0.0
2026-03-26,XBTY,7.46,7.42,7.51,7.39,35500,263144.0,1.52,-1.97,-0.15,0.0
2026-03-26,XC,31.03,30.52,31.03,30.52,6500,200188.0,1.62,-2.38,-0.74,0.0
2026-03-26,XCBE,9.84,9.85,9.85,9.84,1800,18261.0,0.1,0.1,0.01,0.01
2026-03-26,XCBEU,9.92,9.94,9.94,9.92,2800,28594.0,0.2,0.1,0.01,0.01
2026-03-26,XCCC,36.21,36.09,36.33,36.06,40000,1447855.0,0.74,-0.78,-0.28,0.0
2026-03-26,XCEM,40.49,39.91,40.79,39.91,108800,4389597.0,2.13,-3.23,-1.33,0.0
2026-03-26,XCH,1.26,1.15,1.28,1.05,152600,175366.0,18.54,-7.25,-0.09,0.26
2026-03-26,XCHG,23.88,23.55,23.88,23.55,2800,66460.0,1.39,-1.68,-0.4,
2026-03-26,XCLR,25.64,25.45,25.64,25.45,300,9297.0,0.73,-1.0,-0.26,0.0
2026-03-26,XCNY,28.25,28.25,28.25,28.25,100,3641.0,0.0,-2.45,-0.71,0.0
2026-03-26,XCOR,76.5,75.72,76.5,75.72,4300,333669.0,1.01,-1.99,-1.54,0.0
2026-03-26,XCUR,4.59,4.61,4.7,4.38,9700,44124.0,7.02,0.0,0.0,0.15
2026-03-26,XDAT,20.87,20.87,20.87,20.87,0,612.0,0.0,-2.77,-0.59,0.0
2026-03-26,XDEC,40.27,40.07,40.27,40.07,1900,79346.0,0.49,-1.0,-0.4,0.0
2026-03-26,XDEF,22.07,22.07,22.07,22.07,0,794.0,0.0,-1.83,-0.41,0.0
2026-03-26,XDIV,26.56,26.31,26.6,26.26,10700,285202.0,1.27,-1.53,-0.41,0.0
2026-03-26,XDQQ,37.43,36.74,37.43,36.74,6600,246776.0,1.83,-2.7,-1.02,0.0
2026-03-26,XDSQ,39.82,39.33,39.83,39.33,19100,756935.0,1.26,-1.79,-0.72,0.0
2026-03-26,XDTE,37.08,36.71,37.24,36.71,153900,5692381.0,1.43,-1.86,-0.69,0.0
2026-03-26,XEL,77.67,77.93,78.35,77.24,3311900,258226256.0,1.43,0.3,0.23,0.53
2026-03-26,XELB,1.6,1.58,1.65,1.56,48900,78701.0,5.49,-3.66,-0.06,0.83
2026-03-26,XELLL,24.84,24.58,24.84,24.57,31900,788294.0,1.09,-0.57,-0.14,0.0
2026-03-26,XEMD,44.07,43.78,44.14,43.76,27500,1209786.0,0.86,-0.92,-0.41,0.0
2026-03-26,XEML,23.92,23.92,23.92,23.92,0,24.0,0.0,-1.69,-0.41,0.0
2026-03-26,XENE,55.38,55.53,56.22,55.0,1055400,58774560.0,2.2,-0.07,-0.04,1.13
2026-03-26,XERS,5.26,5.57,5.66,5.26,2176600,12055307.0,7.45,5.09,0.27,1.26
2026-03-26,XES,117.86,119.05,119.88,117.51,87000,10353012.0,2.01,0.81,0.96,0.0
2026-03-26,XFEB,35.22,34.98,35.22,34.98,2700,95877.0,0.69,-1.01,-0.36,0.0
2026-03-26,XFIV,48.97,48.78,48.97,48.76,101400,4959895.0,0.43,-0.56,-0.27,0.0
2026-03-26,XFLH,9.87,9.87,9.87,9.87,15700,155166.0,0.0,0.1,0.01,0.11
2026-03-26,XFLT,16.21,17.02,17.02,16.15,140300,2357270.0,5.33,4.29,0.7,0.0
2026-03-26,XFLX,22.19,22.09,22.19,22.09,5800,128283.0,0.45,-0.63,-0.14,0.0
2026-03-26,XFOR,4.08,4.31,4.51,3.99,655000,2867233.0,12.71,5.38,0.22,0.72
2026-03-26,XGN,2.84,2.79,2.94,2.75,108000,304585.0,6.6,-3.13,-0.09,0.45
2026-03-26,XHB,99.58,98.06,100.82,97.95,1728700,171009840.0,2.89,-1.38,-1.37,0.0
2026-03-26,XHE,80.15,79.3,80.36,79.3,13100,1043419.0,1.34,-0.58,-0.46,0.0
2026-03-26,XHG,0.9,0.91,0.91,0.9,2200,1986.0,0.71,1.07,0.01,0.0
2026-03-26,XHLD,1.37,1.25,1.41,1.23,31500,41776.0,13.14,-8.76,-0.12,0.8
2026-03-26,XHLF,50.3,50.3,50.3,50.29,295700,14873967.0,0.02,0.0,0.0,0.0
2026-03-26,XHR,14.95,15.11,15.31,14.95,534800,8095569.0,2.43,0.6,0.09,0.58
2026-03-26,XHS,101.06,100.89,101.96,100.82,42700,4330566.0,1.12,-0.81,-0.82,0.0
2026-03-26,XHYC,36.61,36.61,36.61,36.61,0,1684.0,0.0,-0.54,-0.2,0.0
2026-03-26,XHYD,37.79,37.79,37.79,37.79,0,302.0,0.0,-0.45,-0.17,0.0
2026-03-26,XHYE,38.88,38.88,38.88,38.88,0,1053.0,0.0,-0.22,-0.08,0.0
2026-03-26,XHYF,36.63,36.63,36.63,36.63,100,4691.0,0.01,-0.18,-0.06,0.0
2026-03-26,XHYH,35.19,35.07,35.2,34.96,1200,42944.0,0.68,-0.13,-0.04,0.0
2026-03-26,XHYI,37.31,37.07,37.31,37.07,1600,62751.0,0.64,-0.97,-0.36,0.0
2026-03-26,XHYT,33.71,33.71,33.71,33.71,0,944.0,0.0,-0.57,-0.19,0.0
2026-03-26,XIDE,29.67,29.53,29.67,29.53,1300,39341.0,0.49,-0.59,-0.17,0.0
2026-03-26,XIDV,35.41,35.15,35.41,35.15,1600,59370.0,0.74,-1.09,-0.39,0.0
2026-03-26,XIFR,10.16,10.08,10.34,10.01,525200,5307227.0,3.25,-2.23,-0.23,0.56
2026-03-26,XIJN,30.66,30.63,30.66,30.61,16800,514903.0,0.16,-0.2,-0.06,0.0
2026-03-26,XIMR,30.92,30.8,30.94,30.79,11600,358105.0,0.48,-0.45,-0.14,0.0
2026-03-26,XISE,29.92,29.82,29.92,29.82,600,18440.0,0.34,-0.49,-0.15,0.0
2026-03-26,XITK,150.79,148.83,153.66,148.83,900,150418.0,3.15,-2.8,-4.28,0.0
2026-03-26,XJAN,35.99,35.93,36.1,35.93,5400,196506.0,0.5,-0.95,-0.35,0.0
2026-03-26,XJH,45.27,45.06,45.67,45.03,10300,468194.0,1.39,-1.52,-0.69,0.0
2026-03-26,XJR,43.36,43.3,43.74,43.29,5700,250754.0,1.04,-1.26,-0.55,0.0
2026-03-26,XJUL,38.92,38.7,38.92,38.7,6000,235064.0,0.55,-0.84,-0.33,0.0
2026-03-26,XJUN,42.92,42.85,43.02,42.81,16500,710736.0,0.5,-0.6,-0.26,0.0
2026-03-26,XLB,48.97,49.35,49.73,48.97,12903700,636105536.0,1.55,-0.12,-0.06,0.0
2026-03-26,XLBI,23.21,23.31,23.5,23.21,8500,199589.0,1.22,-0.26,-0.06,0.0
2026-03-26,XLC,110.61,108.81,110.88,108.68,9766000,1068560128.0,1.97,-2.36,-2.63,0.0
2026-03-26,XLCI,23.96,23.68,23.96,23.68,500,14029.0,1.15,-2.18,-0.53,0.0
2026-03-26,XLE,60.67,61.52,61.86,60.59,54967600,3376701184.0,2.1,1.57,0.95,0.0
2026-03-26,XLEI,28.3,28.43,29.5,28.12,73700,2093992.0,4.87,0.64,0.18,0.0
2026-03-26,XLF,49.11,49.05,49.49,48.88,45035700,2213729792.0,1.25,-0.59,-0.29,0.0
2026-03-26,XLFI,22.46,22.33,22.5,22.33,2800,62970.0,0.77,-0.65,-0.15,0.0
2026-03-26,XLG,54.64,53.97,54.86,53.94,2547200,138658688.0,1.67,-1.91,-1.05,0.0
2026-03-26,XLI,163.73,161.27,164.61,161.09,15416400,2508076288.0,2.13,-2.32,-3.83,0.0
2026-03-26,XLII,24.05,24.01,24.07,23.98,2900,71661.0,0.38,-1.82,-0.44,0.0
2026-03-26,XLK,135.18,132.5,135.52,132.42,15434500,2065750784.0,2.27,-3.11,-4.26,0.0
2026-03-26,XLKI,24.32,23.8,24.32,23.8,8700,211129.0,2.15,-2.74,-0.67,0.0
2026-03-26,XLO,8.62,8.68,9.25,8.41,58800,519366.0,9.85,1.76,0.15,1.02
2026-03-26,XLP,81.48,81.14,82.23,81.07,14148300,1154700160.0,1.43,-0.45,-0.37,
2026-03-26,XLRE,40.19,40.29,40.6,40.03,14478400,583929216.0,1.42,0.05,0.02,0.0
2026-03-26,XLRI,22.53,22.59,22.59,22.46,1500,34306.0,0.6,-0.01,-0.0,0.0
2026-03-26,XLSI,23.47,23.29,23.52,23.29,3000,71648.0,0.98,-0.41,-0.1,0.0
2026-03-26,XLSR,57.87,57.19,58.06,57.19,57700,3331840.0,1.5,-2.14,-1.25,0.0
2026-03-26,XLU,45.24,45.33,45.48,45.01,19987900,905133696.0,1.03,0.18,0.08,0.0
2026-03-26,XLUI,24.87,24.9,24.9,24.66,9400,232857.0,0.98,0.14,0.03,0.0
2026-03-26,XLV,145.75,145.74,146.9,145.63,13320900,1950025344.0,0.87,-0.34,-0.5,0.0
2026-03-26,XLVI,25.12,24.97,25.12,24.97,6600,138210.0,0.6,-0.19,-0.05,0.0
2026-03-26,XLY,110.05,108.83,110.9,108.74,7981000,875182400.0,1.95,-1.72,-1.9,0.0
2026-03-26,XLYI,22.49,22.46,22.49,22.46,300,8294.0,0.13,-1.46,-0.33,0.0
2026-03-26,XMAG,22.26,22.12,22.43,22.05,39600,881150.0,1.7,-1.24,-0.28,0.0
2026-03-26,XMAR,40.59,40.3,40.63,40.3,24600,997304.0,0.81,-0.74,-0.3,0.0
2026-03-26,XMAY,34.95,34.82,34.97,34.82,700,26366.0,0.42,-0.59,-0.21,0.0
2026-03-26,XME,105.29,104.92,107.68,104.68,1552100,164085696.0,2.78,-2.76,-2.98,0.0
2026-03-26,XMHQ,102.85,102.36,104.06,102.32,221100,22802436.0,1.68,-1.4,-1.45,0.0
2026-03-26,XMLV,62.39,62.74,63.12,62.39,36200,2273787.0,1.17,0.4,0.25,0.0
2026-03-26,XMMO,147.38,144.59,148.03,144.39,372200,54402744.0,2.43,-3.31,-4.95,0.0
2026-03-26,XMPT,21.49,21.19,21.49,21.19,21000,448213.0,1.4,-1.03,-0.22,0.0
2026-03-26,XMTR,41.0,40.98,42.8,40.72,540500,22415326.0,5.0,-1.56,-0.65,1.04
2026-03-26,XMVM,64.77,65.22,65.41,64.77,26800,1752740.0,0.98,0.06,0.04,0.0
2026-03-26,XNAV,80.84,80.16,80.84,80.16,1700,143856.0,0.82,-2.78,-2.3,0.0
2026-03-26,XNCR,12.01,12.31,12.82,12.01,811300,10058019.0,6.53,-0.73,-0.09,1.11
2026-03-26,XNET,5.75,5.63,5.97,5.62,302700,1727131.0,5.93,-4.58,-0.27,0.48
2026-03-26,XNOV,37.44,37.19,37.44,37.19,200,10378.0,0.65,-0.92,-0.35,0.0
2026-03-26,XNTK,259.86,254.22,260.0,254.04,33300,8559587.0,2.26,-3.57,-9.42,0.0
2026-03-26,XOCT,37.28,37.08,37.28,37.08,1300,49459.0,0.55,-0.87,-0.33,0.0
2026-03-26,XOEF,26.34,26.25,26.59,26.25,1900,52010.0,1.28,-1.3,-0.35,0.0
2026-03-26,XOEX,35.44,35.3,35.44,35.3,2700,97588.0,0.39,-0.87,-0.31,0.0
2026-03-26,XOM,164.09,165.43,165.68,162.06,18625200,3067278592.0,2.22,1.33,2.17,0.45
2026-03-26,XOMA,30.1,30.53,31.5,29.69,100900,3094688.0,5.98,1.09,0.33,
2026-03-26,XOMAO,25.3,25.38,25.48,25.3,800,22507.0,0.71,-0.16,-0.04,0.05
2026-03-26,XOMAP,25.6,25.6,25.6,25.6,0,716.0,0.0,0.0,0.0,0.0
2026-03-26,XOMO,13.5,13.51,13.53,13.38,103100,1387651.0,1.15,0.0,0.0,0.0
2026-03-26,XOMX,52.76,53.15,53.3,51.65,45700,2382743.0,3.18,2.78,1.44,0.0
2026-03-26,XOMZ,15.76,15.64,15.9,15.62,12600,190313.0,1.76,-1.47,-0.23,0.0
2026-03-26,XONE,49.44,49.44,49.45,49.43,81500,4029823.0,0.04,-0.02,-0.01,0.0
2026-03-26,XOP,182.41,185.32,187.19,182.41,4482700,830954368.0,2.63,2.05,3.73,0.0
2026-03-26,XOS,2.1,2.05,2.15,2.03,104400,213141.0,5.88,0.49,0.01,0.92
2026-03-26,XOVR,17.07,16.78,17.08,16.78,2293500,38806204.0,1.75,-2.27,-0.39,0.0
2026-03-26,XP,19.31,18.58,19.5,18.53,4506900,85084624.0,4.93,-5.64,-1.11,0.87
2026-03-26,XPAY,49.11,48.51,49.29,48.49,47000,2304789.0,1.62,-1.76,-0.87,0.0
2026-03-26,XPEG,10.51,10.02,10.52,9.7,19200,193550.0,7.1,-13.32,-1.54,0.0
2026-03-26,XPEL,40.48,40.32,41.56,39.79,149200,6018555.0,4.29,-1.9,-0.78,0.54
2026-03-26,XPER,5.5,5.59,5.7,5.5,270400,1512160.0,3.58,0.0,0.0,0.58
2026-03-26,XPEV,18.04,17.61,18.19,17.32,8856700,156155040.0,4.66,-6.28,-1.18,0.93
2026-03-26,XPH,52.8,53.39,53.82,52.79,37900,2021468.0,1.92,-0.73,-0.39,0.0
2026-03-26,XPL,0.8,0.79,0.8,0.77,143200,111526.0,3.84,0.51,0.0,0.16
2026-03-26,XPND,33.27,32.71,33.29,32.71,2900,98416.0,1.72,-2.95,-0.99,0.0
2026-03-26,XPO,189.97,191.39,192.59,187.35,1129100,215052528.0,2.72,-0.76,-1.47,0.96
2026-03-26,XPOF,5.87,5.85,6.11,5.81,272200,1609292.0,5.05,-1.52,-0.09,0.56
2026-03-26,XPON,0.62,0.6,0.62,0.58,153200,91397.0,6.99,-3.82,-0.02,1.41
2026-03-26,XPP,21.39,21.13,21.64,21.13,3400,74023.0,2.27,-6.03,-1.36,0.0
2026-03-26,XPRO,17.69,17.82,17.97,17.43,1279700,22800360.0,3.03,0.0,0.0,1.12
2026-03-26,XQQI,44.8,43.76,44.99,43.75,85700,3799961.0,2.73,-3.65,-1.66,0.0
2026-03-26,XRAY,11.49,11.66,12.16,11.49,3100800,36560984.0,5.72,-0.13,-0.02,1.55
2026-03-26,XRLX,44.49,44.28,44.49,44.28,2200,97854.0,0.47,-1.37,-0.62,0.0
2026-03-26,XRMI,16.97,16.85,16.97,16.85,9200,156068.0,0.68,-0.53,-0.09,0.0
2026-03-26,XRN,33.15,33.2,33.49,32.74,137200,4543415.0,2.25,0.06,0.02,1.04
2026-03-26,XRP,15.39,15.0,15.45,14.94,459600,6959713.0,3.23,-4.88,-0.77,0.0
2026-03-26,XRPC,14.61,14.27,14.69,14.21,62900,906513.0,3.2,-4.93,-0.74,0.0
2026-03-26,XRPI,7.79,7.62,7.82,7.56,142800,1099170.0,3.26,-4.53,-0.36,0.0
2026-03-26,XRPK,8.32,8.07,8.32,8.07,100,1388.0,2.79,-8.04,-0.71,0.0
2026-03-26,XRPM,14.75,14.44,14.8,14.39,19700,287286.0,2.68,-4.37,-0.66,0.0
2026-03-26,XRPN,10.29,10.29,10.3,10.29,78700,809977.0,0.1,0.0,0.0,0.25
2026-03-26,XRPNW,0.72,0.66,0.73,0.64,20900,13438.0,13.54,2.28,0.01,0.0
2026-03-26,XRPR,11.28,10.99,11.31,10.98,25600,282717.0,2.85,-5.09,-0.59,0.0
2026-03-26,XRPT,42.64,40.81,42.97,40.22,110300,4470415.0,6.13,-9.01,-4.04,0.0
2026-03-26,XRPZ,14.94,14.6,15.01,14.52,157500,2220967.0,3.2,-4.76,-0.73,0.0
2026-03-26,XRT,79.41,79.96,80.99,79.41,8017500,642908544.0,1.97,-0.12,-0.1,0.0
2026-03-26,XRTX,0.41,0.34,0.41,0.34,81100,30021.0,17.02,-9.69,-0.04,1.16
2026-03-26,XRX,1.39,1.44,1.5,1.39,1971200,2877890.0,7.8,2.13,0.03,1.53
2026-03-26,XRXDW,0.08,0.1,0.11,0.07,857100,80175.0,46.33,28.7,0.02,0.0
2026-03-26,XSD,334.59,328.33,337.27,327.9,49200,16298270.0,2.75,-3.49,-11.89,0.0
2026-03-26,XSEP,41.94,41.71,41.95,41.71,6700,284025.0,0.57,-0.95,-0.4,0.0
2026-03-26,XSHD,12.9,12.99,13.09,12.9,16100,210229.0,1.46,-0.23,-0.03,0.0
2026-03-26,XSHQ,42.05,41.89,42.55,41.88,27200,1150726.0,1.58,-1.32,-0.56,0.0
2026-03-26,XSLL,9.82,9.85,9.85,9.82,34300,337435.0,0.3,0.0,0.0,0.12
2026-03-26,XSLLU,9.88,9.89,9.9,9.87,34300,339405.0,0.25,-0.1,-0.01,0.16
2026-03-26,XSLLW,0.15,0.16,0.16,0.15,2900,425.0,5.5,-11.11,-0.02,0.0
2026-03-26,XSLV,46.76,46.98,47.27,46.76,10400,490896.0,1.09,0.07,0.03,0.0
2026-03-26,XSMO,76.91,75.86,77.49,75.68,233700,17897368.0,2.33,-2.37,-1.84,0.0
2026-03-26,XSOE,39.88,39.28,40.16,39.28,111100,4411870.0,2.15,-3.38,-1.38,0.0
2026-03-26,XSPI,45.0,44.37,45.33,44.33,23300,1030920.0,2.21,-2.48,-1.13,0.0
2026-03-26,XSVM,59.73,60.13,60.6,59.73,21400,1295308.0,1.45,-0.02,-0.01,0.0
2026-03-26,XSVN,47.48,47.29,47.52,47.29,25800,1225602.0,0.48,-0.73,-0.35,0.0
2026-03-26,XSW,142.28,143.67,146.47,142.28,74300,10747220.0,2.91,-0.15,-0.22,0.0
2026-03-26,XT,67.78,67.13,68.22,67.08,60500,4089998.0,1.66,-2.09,-1.44,0.0
2026-03-26,XTAP,41.27,41.25,41.27,41.25,200,9531.0,0.04,-0.1,-0.04,0.0
2026-03-26,XTEN,45.64,45.43,45.7,45.42,135600,6173392.0,0.61,-0.85,-0.39,0.0
2026-03-26,XTIA,2.32,2.31,2.35,2.25,1196300,2749377.0,4.29,-1.28,-0.03,3.47
2026-03-26,XTJA,30.27,30.27,30.27,30.27,100,4957.0,0.0,-1.66,-0.51,0.0
2026-03-26,XTJL,38.45,38.04,38.45,38.04,4400,167770.0,1.08,-1.32,-0.51,0.0
2026-03-26,XTKG,1.06,1.08,1.08,1.03,103100,107677.0,4.52,1.89,0.02,1.06
2026-03-26,XTL,195.0,189.67,196.15,189.31,93000,17877438.0,3.47,-3.9,-7.7,0.0
2026-03-26,XTLB,2.65,2.63,2.88,2.62,18100,49289.0,9.46,-2.95,-0.08,0.77
2026-03-26,XTN,92.07,92.45,93.15,92.07,19700,1837269.0,1.16,-0.56,-0.52,0.0
2026-03-26,XTNT,0.57,0.57,0.58,0.56,89000,50546.0,3.73,0.53,0.0,0.06
2026-03-26,XTOC,32.14,32.14,32.14,32.14,100,5390.0,0.0,-1.7,-0.56,0.0
2026-03-26,XTR,25.17,24.99,25.17,24.99,800,22209.0,0.71,-1.3,-0.33,0.0
2026-03-26,XTRE,49.33,49.23,49.34,49.22,102800,5071914.0,0.24,-0.35,-0.17,0.0
2026-03-26,XTWO,49.14,49.1,49.15,49.08,27100,1331199.0,0.14,-0.17,-0.09,0.0
2026-03-26,XTWY,37.43,37.43,37.56,37.29,13200,497261.0,0.7,-0.64,-0.24,0.0
2026-03-26,XUDV,28.23,27.97,28.23,27.96,5300,149693.0,0.96,-0.3,-0.08,0.0
2026-03-26,XUSP,44.56,43.87,44.6,43.87,5100,226333.0,1.63,-2.14,-0.96,0.0
2026-03-26,XV,23.73,23.57,23.73,23.54,72000,1697816.0,0.79,-2.22,-0.53,0.0
2026-03-26,XVOL,22.3,22.27,22.31,22.27,46600,1040796.0,0.19,-1.3,-0.29,0.0
2026-03-26,XVV,49.37,48.9,49.63,48.9,15600,772971.0,1.47,-1.88,-0.93,0.0
2026-03-26,XWEL,1.26,1.29,1.31,1.26,121500,155807.0,3.91,0.78,0.01,2.11
2026-03-26,XWIN,7.26,7.23,7.37,7.18,1160400,8422336.0,2.62,-0.28,-0.02,2.25
2026-03-26,XXI,7.04,6.55,7.14,6.52,1488100,10075276.0,8.58,-8.65,-0.62,0.23
2026-03-26,XXII,3.16,2.94,3.24,2.92,46600,142652.0,9.72,-10.64,-0.35,7.04
2026-03-26,XXRP,4.07,3.86,4.11,3.81,2920200,11314377.0,7.03,-9.6,-0.41,0.0
2026-03-26,XXV,22.89,22.72,22.94,22.7,18600,425713.0,1.02,-3.79,-0.9,0.0
2026-03-26,XXX,18.62,18.62,18.62,18.62,200,3786.0,0.0,-2.3,-0.44,0.0
2026-03-26,XYF,3.85,3.41,4.19,3.39,977400,3630451.0,17.21,-26.19,-1.21,2.5
2026-03-26,XYL,120.8,119.49,122.63,119.18,1751500,210508352.0,2.83,-1.86,-2.26,0.72
2026-03-26,XYLD,38.99,38.78,39.09,38.77,1026700,39964068.0,0.82,-0.95,-0.37,0.0
2026-03-26,XYLG,26.34,26.15,26.4,26.09,11000,290035.0,1.17,-1.12,-0.3,0.0
2026-03-26,XYZ,59.33,59.37,61.4,59.11,5610200,331763648.0,3.82,-1.07,-0.64,0.94
2026-03-26,XYZG,11.52,10.9,11.52,10.85,7800,87284.0,6.02,-2.1,-0.23,0.0
2026-03-26,XYZY,25.36,25.61,26.57,25.36,7400,191355.0,4.6,-2.29,-0.6,0.0
2026-03-26,XZO,14.49,14.0,14.69,13.54,359800,5013979.0,7.91,-3.71,-0.54,0.4
2026-03-26,YAAS,0.94,0.98,0.98,0.92,343600,378347.0,6.31,3.29,0.03,
2026-03-26,YALA,6.3,6.11,6.53,6.01,540500,3349810.0,8.04,-5.56,-0.36,0.34
2026-03-26,YALL,42.24,41.71,42.24,41.71,5000,212089.0,1.26,-1.09,-0.46,0.0
2026-03-26,YANG,31.27,31.66,31.68,30.66,1630300,50849356.0,3.48,8.05,2.36,0.0
2026-03-26,YB,17.35,17.31,17.8,17.09,34000,595118.0,4.12,-0.35,-0.06,0.07
2026-03-26,YBIT,24.24,23.88,24.27,23.75,16700,401564.0,2.1,-3.52,-0.87,0.0
2026-03-26,YBMN,15.69,14.76,15.69,14.59,5900,90047.0,6.85,-8.07,-1.3,0.0
2026-03-26,YBST,16.23,15.98,16.23,15.98,16300,263543.0,1.53,-1.96,-0.32,0.0
2026-03-26,YBTC,21.39,21.1,21.49,20.97,81000,1719004.0,2.39,-3.08,-0.67,0.0
2026-03-26,YBTY,15.1,14.9,15.1,14.9,3000,45027.0,1.35,-1.68,-0.26,0.0
2026-03-26,YCBD,0.78,0.76,0.82,0.73,818100,625807.0,11.69,-4.42,-0.04,7.8
2026-03-26,YCL,18.15,18.11,18.19,18.11,64500,1171101.0,0.44,-0.27,-0.05,0.0
2026-03-26,YCS,53.52,53.76,53.77,53.52,18100,975641.0,0.47,0.64,0.34,0.0
2026-03-26,YCY,10.03,10.03,10.03,10.03,0,30.0,0.0,0.0,0.0,0.0
2026-03-26,YDDL,11.02,14.41,14.49,11.02,586100,7338942.0,33.69,39.9,4.11,1.08
2026-03-26,YDEC,26.08,25.93,26.12,25.9,8600,224034.0,0.84,-1.14,-0.3,0.0
2026-03-26,YDES,7.77,7.73,8.35,7.41,11900,92885.0,12.28,0.91,0.07,0.02
2026-03-26,YDESW,0.76,0.76,0.76,0.76,100,148.0,0.0,0.0,0.0,0.0
2026-03-26,YDKG,0.86,0.89,0.91,0.86,59400,47783.0,5.76,2.8,0.02,1.07
2026-03-26,YEAR,50.38,50.37,50.4,50.36,258500,13025605.0,0.08,-0.09,-0.04,0.0
2026-03-26,YELP,24.05,24.75,25.04,24.05,893000,22145066.0,4.09,2.23,0.54,1.5
2026-03-26,YETH,11.3,11.04,11.35,11.02,88800,994314.0,2.73,-7.23,-0.86,0.0
2026-03-26,YETI,36.67,36.0,37.21,35.96,1126100,40832012.0,3.36,-2.81,-1.04,1.49
2026-03-26,YEXT,4.35,4.26,4.42,4.23,4024500,17264200.0,4.34,-2.74,-0.12,3.26
2026-03-26,YFFI,9.92,9.95,9.97,9.88,22700,225731.0,0.85,-0.85,-0.09,0.0
2026-03-26,YFYA,9.77,9.86,9.88,9.77,10000,98694.0,1.12,0.72,0.07,0.0
2026-03-26,YGLD,37.97,36.87,38.3,36.8,25300,950729.0,3.85,-5.41,-2.11,0.0
2026-03-26,YHC,0.97,1.04,1.05,0.97,128500,131091.0,7.49,2.97,0.03,0.6
2026-03-26,YHGJ,2.97,2.82,3.04,2.8,3000,8835.0,8.13,-4.44,-0.13,0.12
2026-03-26,YI,6.25,6.45,6.45,6.25,2600,16902.0,3.18,2.54,0.16,0.03
2026-03-26,YIBO,0.97,0.96,1.0,0.96,5400,5331.0,3.74,-9.78,-0.1,0.01
2026-03-26,YINN,30.85,30.42,31.51,30.4,2969600,91908472.0,3.36,-8.24,-2.73,0.0
2026-03-26,YJ,1.92,1.86,1.92,1.85,4200,7965.0,3.65,-3.12,-0.06,0.09
2026-03-26,YJUN,25.57,25.45,25.6,25.45,26000,664965.0,0.6,-1.09,-0.28,0.0
2026-03-26,YLD,18.8,18.77,18.84,18.73,282100,5296222.0,0.61,-0.79,-0.15,0.0
2026-03-26,YLDE,53.82,53.48,53.99,53.48,15100,814672.0,0.95,-0.76,-0.41,0.0
2026-03-26,YLDW,24.6,24.45,24.6,24.45,8100,198988.0,0.61,-0.76,-0.19,0.0
2026-03-26,YMAG,12.08,11.81,12.08,11.79,1484300,17656838.0,2.39,-2.62,-0.32,0.0
2026-03-26,YMAR,27.18,26.98,27.22,26.98,45600,1238533.0,0.88,-1.28,-0.35,0.0
2026-03-26,YMAT,0.33,0.34,0.35,0.33,49900,16567.0,5.83,-4.28,-0.02,0.29
2026-03-26,YMAX,7.85,7.86,8.04,7.85,2203300,17455044.0,2.38,-1.75,-0.14,0.0
2026-03-26,YMM,8.21,8.14,8.31,8.08,6335500,51699824.0,2.69,-2.51,-0.21,
2026-03-26,YMT,0.21,0.22,0.23,0.2,1636800,331000.0,16.34,1.51,0.0,1.43
2026-03-26,YNOT,26.88,26.35,27.05,26.35,5000,135443.0,2.55,-3.81,-1.04,0.0
2026-03-26,YOKE,27.79,27.41,27.79,27.41,600,17059.0,1.37,-2.2,-0.62,0.0
2026-03-26,YOLO,2.72,2.65,2.88,2.65,14000,38385.0,8.22,-5.31,-0.15,0.0
2026-03-26,YORW,30.09,30.47,30.67,30.09,120000,3658580.0,1.91,0.99,0.3,0.83
2026-03-26,YOU,54.6,53.4,56.51,52.5,3081300,166199984.0,7.36,-1.98,-1.08,2.31
2026-03-26,YOUL,0.97,1.03,1.03,0.97,31700,31839.0,5.86,5.98,0.06,0.04
2026-03-26,YPF,42.8,43.68,44.9,42.8,3982900,175830656.0,4.86,1.16,0.5,1.01
2026-03-26,YQ,2.67,2.3,2.67,2.3,9000,22447.0,15.29,-4.96,-0.12,
2026-03-26,YQQQ,12.75,12.87,12.88,12.69,75200,963982.0,1.49,1.28,0.16,0.0
2026-03-26,YRD,1.8,1.7,1.82,1.7,205000,359402.0,6.63,-6.08,-0.11,0.24
2026-03-26,YSEP,25.87,25.78,26.01,25.78,8000,207657.0,0.86,-1.32,-0.34,0.0
2026-03-26,YSG,3.27,3.01,3.4,3.0,114400,359357.0,12.16,-8.51,-0.28,0.12
2026-03-26,YSPY,15.42,15.24,15.5,15.24,28500,430147.0,1.68,-1.64,-0.25,0.0
2026-03-26,YSS,21.81,21.19,22.64,20.83,1007000,21326376.0,8.05,-5.78,-1.3,0.79
2026-03-26,YSXT,1.17,1.13,1.22,1.13,185900,217971.0,7.2,-4.24,-0.05,0.79
2026-03-26,YTRA,1.07,1.05,1.08,1.04,5100,5454.0,3.42,0.0,0.0,0.01
2026-03-26,YUM,158.86,156.14,159.65,156.1,2034000,319559424.0,2.23,-1.9,-3.02,0.74
2026-03-26,YUMC,50.0,49.97,50.58,49.5,1325000,66337360.0,2.11,-2.5,-1.28,0.38
2026-03-26,YXI,22.0,22.29,22.29,21.8,4000,89433.0,2.27,3.18,0.69,0.0
2026-03-26,YXT,0.52,0.52,0.55,0.52,1900,1044.0,5.77,-0.02,-0.0,0.0
2026-03-26,YYAI,0.94,0.91,0.95,0.89,275000,252422.0,5.68,-4.93,-0.05,0.65
2026-03-26,YYGH,1.05,1.02,1.07,0.93,564100,566644.0,12.9,-5.96,-0.07,6.2
2026-03-26,YYY,11.18,11.03,11.18,11.02,306900,3406693.0,1.43,-1.52,-0.17,0.0
2026-03-26,YYYM,19.31,19.13,19.31,19.13,4000,78124.0,0.93,-1.19,-0.23,0.0
2026-03-26,Z,43.15,41.86,44.64,41.86,3044500,130186168.0,6.38,-3.99,-1.74,1.62
2026-03-26,ZALT,32.44,32.4,32.49,32.4,86100,2794235.0,0.28,-0.18,-0.06,0.0
2026-03-26,ZAP,31.83,31.67,31.98,31.57,102500,3254692.0,1.28,-1.03,-0.33,0.0
2026-03-26,ZAPR,26.05,26.06,26.11,26.02,5400,142265.0,0.35,0.01,0.0,0.0
2026-03-26,ZAUG,26.66,26.62,26.68,26.62,4300,115711.0,0.23,-0.4,-0.11,0.0
2026-03-26,ZBAI,5.52,5.97,6.1,5.52,11000,65271.0,9.52,-1.97,-0.12,0.11
2026-03-26,ZBAO,0.76,0.76,0.96,0.76,148400,121429.0,24.6,-4.98,-0.04,0.45
2026-03-26,ZBH,87.42,89.15,89.61,87.16,1582600,140787056.0,2.79,1.72,1.51,0.81
2026-03-26,ZBIO,21.92,22.16,22.74,21.74,236600,5166529.0,4.48,-0.14,-0.03,0.41
2026-03-26,ZBRA,205.27,204.42,211.64,203.71,414900,85471400.0,3.8,-1.93,-4.03,0.84
2026-03-26,ZCBA,49.49,49.49,49.49,49.49,0,0.0,0.0,-0.8,-0.4,
2026-03-26,ZCBB,49.44,49.44,49.44,49.44,0,0.0,0.0,-0.99,-0.5,
2026-03-26,ZCBC,49.53,49.53,49.53,49.53,0,99.0,0.0,-0.73,-0.37,0.0
2026-03-26,ZCBE,49.54,49.54,49.54,49.54,0,0.0,0.0,-0.34,-0.17,
2026-03-26,ZCBF,49.48,49.48,49.48,49.48,0,0.0,0.0,-1.67,-0.84,
2026-03-26,ZCBG,49.55,49.55,49.55,49.55,0,0.0,0.0,-1.64,-0.82,
2026-03-26,ZCMD,1.75,1.78,1.82,1.75,15000,26700.0,3.61,-1.11,-0.02,0.39
2026-03-26,ZD,42.72,43.33,44.66,42.72,620100,27074302.0,4.46,-0.3,-0.13,1.64
2026-03-26,ZDAI,3.54,3.65,3.65,3.34,3300,11945.0,8.73,2.82,0.1,0.04
2026-03-26,ZDEK,25.64,25.61,25.66,25.58,10900,280247.0,0.31,-0.25,-0.06,0.0
2026-03-26,ZDGE,2.88,2.94,3.01,2.86,71900,212283.0,5.02,-1.67,-0.05,0.55
2026-03-26,ZECP,33.78,33.55,33.93,33.52,12500,423912.0,1.21,-1.24,-0.42,0.0
2026-03-26,ZENA,2.4,2.32,2.49,2.31,1215700,2889744.0,7.66,-6.45,-0.16,2.16
2026-03-26,ZEO,0.72,0.69,0.73,0.67,35900,24947.0,8.0,-5.6,-0.04,0.06
2026-03-26,ZEPP,13.31,11.65,13.31,11.27,164300,1958396.0,15.38,-12.14,-1.61,1.14
2026-03-26,ZETA,16.07,16.08,16.78,16.01,5382000,87811152.0,4.74,-1.0,-0.16,2.2
2026-03-26,ZETX,15.11,14.77,16.01,14.77,34800,544060.0,8.09,-3.65,-0.56,0.0
2026-03-26,ZFEB,25.36,25.31,25.36,25.31,8200,209724.0,0.22,-0.28,-0.07,0.0
2026-03-26,ZG,42.83,42.04,44.52,42.03,805600,34552032.0,5.74,-3.13,-1.36,1.55
2026-03-26,ZGM,1.52,1.51,1.62,1.51,4000,6349.0,7.28,-4.43,-0.07,0.03
2026-03-26,ZGN,10.21,9.91,10.25,9.9,628600,6282737.0,3.42,-3.13,-0.32,0.15
2026-03-26,ZH,2.82,2.7,2.85,2.68,806300,2225360.0,6.01,-4.59,-0.13,0.9
2026-03-26,ZHDG,21.49,21.25,21.49,21.24,19900,424574.0,1.14,-1.51,-0.33,0.0
2026-03-26,ZHOG,51.32,51.24,51.32,51.24,400,22166.0,0.16,-0.25,-0.13,0.0
2026-03-26,ZIG,38.86,38.5,38.86,38.41,900,36610.0,1.17,-0.27,-0.1,0.0
2026-03-26,ZIM,26.7,26.25,26.88,26.23,1666100,44190788.0,2.47,-0.27,-0.07,1.38
2026-03-26,ZION,56.51,57.25,57.42,56.49,1924400,109787512.0,1.63,0.09,0.05,1.31
2026-03-26,ZIONP,19.31,19.47,19.64,19.31,2600,52304.0,1.69,-0.41,-0.08,0.1
2026-03-26,ZIP,1.84,1.83,1.96,1.8,946600,1763532.0,8.15,-0.54,-0.01,1.12
2026-03-26,ZJAN,27.28,27.19,27.29,27.19,32800,896741.0,0.37,-0.44,-0.12,0.0
2026-03-26,ZJK,1.98,1.95,2.1,1.95,5000,10057.0,7.39,-3.94,-0.08,0.01
2026-03-26,ZJUL,29.06,28.98,29.08,28.98,1800,53347.0,0.34,-0.46,-0.14,0.0
2026-03-26,ZJUN,26.89,26.86,26.89,26.84,1300,35293.0,0.19,-0.28,-0.08,0.0
2026-03-26,ZJYL,1.92,1.92,1.96,1.89,1900,3687.0,3.65,0.0,0.0,0.02
2026-03-26,ZKH,3.1,3.05,3.17,2.9,41700,125588.0,8.76,-2.87,-0.09,0.03
2026-03-26,ZKIN,1.73,1.74,1.74,1.66,2700,4573.0,4.42,2.22,0.04,0.0
2026-03-26,ZKPU,9.96,9.96,9.96,9.96,800,7968.0,0.0,0.3,0.03,0.0
2026-03-26,ZKPW,0.23,0.22,0.25,0.22,5700,1348.0,13.45,0.85,0.0,0.0
2026-03-26,ZLAB,18.02,17.51,18.11,17.5,933000,16567409.0,3.34,-4.26,-0.78,0.84
2026-03-26,ZM,78.25,79.32,81.1,78.17,4250800,338826304.0,3.75,1.55,1.21,1.44
2026-03-26,ZMAR,27.57,27.51,27.59,27.5,59100,1630549.0,0.33,-0.34,-0.1,0.0
2026-03-26,ZMAY,25.55,25.55,25.55,25.55,0,102.0,0.0,-0.16,-0.04,0.0
2026-03-26,ZMUN,50.22,50.24,50.24,50.22,1700,86550.0,0.03,0.03,0.01,0.0
2026-03-26,ZNB,2.4,2.32,2.47,2.17,51900,82245.0,12.51,-2.93,-0.07,3.29
2026-03-26,ZNOV,26.61,26.5,26.61,26.5,19800,527804.0,0.41,-0.41,-0.11,0.0
2026-03-26,ZNTL,2.49,2.67,2.69,2.49,430200,1139500.0,8.04,4.71,0.12,0.61
2026-03-26,ZOCT,26.77,26.72,26.78,26.72,14100,377420.0,0.24,-0.28,-0.08,0.0
2026-03-26,ZONE,0.39,0.37,0.42,0.37,2085200,831437.0,13.59,-6.29,-0.02,0.99
2026-03-26,ZOOZ,0.36,0.35,0.36,0.34,183200,64833.0,4.47,-2.5,-0.01,0.11
2026-03-26,ZROZ,63.96,64.0,64.33,63.63,779000,49924980.0,1.08,-0.82,-0.53,0.0
2026-03-26,ZS,139.18,141.5,145.0,137.6,1936600,274538976.0,5.31,1.48,2.06,1.2
2026-03-26,ZSB,21.62,21.44,21.62,21.44,1300,28391.0,0.81,-0.7,-0.15,0.0
2026-03-26,ZSC,28.89,28.89,28.89,28.89,0,551.0,0.0,0.17,0.05,0.0
2026-03-26,ZSEP,26.79,26.66,26.79,26.66,5200,141547.0,0.48,-0.47,-0.12,0.0
2026-03-26,ZSL,27.69,28.75,29.19,26.93,9729000,273384576.0,8.95,13.82,3.49,0.0
2026-03-26,ZSPC,0.14,0.14,0.15,0.14,1135000,165396.0,12.35,-0.07,-0.0,3.18
2026-03-26,ZSTK,7.7,6.51,7.71,6.19,39900,269951.0,18.65,-20.12,-1.64,1.64
2026-03-26,ZTAX,25.37,25.37,25.37,25.37,0,225.0,0.0,0.0,0.0,0.0
2026-03-26,ZTEK,0.57,0.56,0.57,0.54,27700,15156.0,5.23,-1.97,-0.01,0.03
2026-03-26,ZTEN,50.37,50.1,50.37,50.1,6400,322612.0,0.54,-0.9,-0.46,0.0
2026-03-26,ZTO,24.3,24.02,24.31,23.95,1237400,29783674.0,1.46,-1.23,-0.3,0.16
2026-03-26,ZTOP,51.11,50.97,51.11,50.97,400,23455.0,0.27,-0.7,-0.36,0.0
2026-03-26,ZTR,6.7,6.59,6.7,6.59,84700,562442.0,1.65,-1.35,-0.09,0.0
2026-03-26,ZTRE,50.68,50.56,50.68,50.56,200,11544.0,0.24,-0.34,-0.17,0.0
2026-03-26,ZTS,115.64,116.63,118.58,115.3,2725800,320068192.0,2.81,-0.07,-0.08,0.65
2026-03-26,ZTWO,50.39,50.39,50.39,50.39,0,1007.0,0.0,-0.21,-0.1,0.0
2026-03-26,ZUMZ,21.9,21.96,22.74,21.84,156200,3452508.0,4.03,-1.66,-0.37,0.92
2026-03-26,ZURA,5.56,6.04,6.18,5.5,509200,3044987.0,12.1,7.47,0.42,0.54
2026-03-26,ZVIA,1.22,1.17,1.22,1.15,554800,649733.0,5.83,-2.5,-0.03,0.74
2026-03-26,ZVOL,8.45,8.31,8.49,8.31,39100,326326.0,2.13,-1.87,-0.16,0.0
2026-03-26,ZVRA,9.07,9.4,9.54,9.02,767500,7209338.0,5.7,2.96,0.27,1.31
2026-03-26,ZWS,45.6,44.81,46.08,44.7,689600,31079442.0,3.0,-3.03,-1.4,0.41
2026-03-26,ZYBT,0.76,0.85,0.95,0.73,94300,74688.0,24.57,-3.77,-0.03,0.2
2026-03-26,ZYME,24.0,24.69,24.99,23.97,388100,9597867.0,4.21,1.9,0.46,0.53
