日期,代码,开盘价,收盘价,最高价,最低价,成交量,成交额,振幅,涨跌幅,涨跌额,换手率
2026-02-17,A,125.865,123.87,125.91,122.99,2110511,261507333.0,2.32,-1.54,-1.94,0.75
2026-02-17,AA,58.9,57.47,59.0,55.04,8265138,469064432.0,6.61,-4.14,-2.48,3.14
2026-02-17,AAA,25.1,25.02,25.1,24.98,12961,324381.0,0.48,0.16,0.04,0.0
2026-02-17,AAAA,27.63,27.833,27.92,27.6,19258,536029.0,1.15,0.23,0.065,0.0
2026-02-17,AAAC,20.085,20.085,20.085,20.085,8,161.0,0.0,-0.05,-0.01,0.0
2026-02-17,AAAU,48.31,48.12,48.46,47.84,3985995,191665934.0,1.25,-3.08,-1.53,0.0
2026-02-17,AACB,10.36,10.36,10.36,10.36,138,1431.0,0.0,0.0,0.0,0.0
2026-02-17,AACBR,0.32,0.32,0.32,0.32,185,57.0,0.0,0.0,0.0,0.0
2026-02-17,AACBU,10.6,10.6,10.6,10.6,1,11.0,0.0,0.0,0.0,0.0
2026-02-17,AACG,0.87,0.89,0.917,0.87,12544,11316.0,5.26,-0.45,-0.004,0.03
2026-02-17,AADR,94.11,93.885,94.45,93.885,1153,108487.0,0.6,-0.9,-0.85,0.0
2026-02-17,AAEQ,48.35,48.551,48.66,48.35,2275,110041.0,0.64,0.08,0.04,0.0
2026-02-17,AAL,13.96,14.4,14.559,13.94,41742308,598183376.0,4.46,3.75,0.52,6.32
2026-02-17,AALG,14.24,15.038,15.23,14.24,6501,97204.0,7.09,7.62,1.065,0.0
2026-02-17,AAME,2.53,2.72,2.76,2.53,25428,67838.0,8.98,6.25,0.16,0.12
2026-02-17,AAMI,51.98,51.94,52.37,51.31,179825,9352276.0,2.04,0.17,0.09,0.5
2026-02-17,AAOI,43.2,43.91,45.49,41.12,3326930,143938813.0,9.83,-1.24,-0.55,4.42
2026-02-17,AAON,100.59,102.78,103.19,99.231,612457,62357191.0,3.92,1.72,1.74,0.75
2026-02-17,AAP,58.38,56.74,59.95,55.925,2049103,116812961.0,6.84,-3.59,-2.11,3.41
2026-02-17,AAPB,28.32,29.7,30.084,27.88,183280,5331639.0,7.9,6.45,1.8,0.0
2026-02-17,AAPD,13.775,13.47,13.91,13.338,10803954,146495577.0,4.11,-3.16,-0.44,0.0
2026-02-17,AAPG,23.139,25.0,25.0,23.139,4068,98021.0,7.81,4.95,1.18,0.0
2026-02-17,AAPL,258.05,263.88,266.29,255.54,58469094,15346815232.0,4.2,3.17,8.1,0.4
2026-02-17,AAPR,28.561,28.575,28.6,28.561,1571,44882.0,0.14,0.05,0.015,0.0
2026-02-17,AAPU,29.685,31.0,31.546,29.13,2522779,76665054.0,8.28,6.27,1.83,0.0
2026-02-17,AAPW,36.09,37.34,37.825,36.09,13640,507305.0,4.8,3.23,1.17,0.0
2026-02-17,AAPX,26.76,28.11,28.53,26.39,202652,5563588.0,8.11,6.48,1.71,0.0
2026-02-17,AAPY,22.75,23.47,23.56,22.75,2366,55043.0,3.57,3.32,0.755,0.0
2026-02-17,AARD,12.09,12.45,12.49,12.0,43010,529433.0,4.05,2.89,0.35,0.2
2026-02-17,AAT,18.71,18.74,18.78,18.43,286237,5343546.0,1.89,0.97,0.18,0.47
2026-02-17,AAUC,31.15,31.33,31.36,31.1,452720,14167367.0,0.83,-0.44,-0.14,0.36
2026-02-17,AAUM,22.26,22.26,22.26,22.26,88,1962.0,0.0,-0.74,-0.167,0.0
2026-02-17,AAUS,54.689,54.689,54.689,54.689,191,10404.0,0.0,0.11,0.059,0.0
2026-02-17,AAVM,33.34,33.204,33.34,32.949,875,28946.0,1.18,-0.1,-0.033,0.0
2026-02-17,AAXJ,103.31,103.42,103.81,102.34,615361,63432484.0,1.42,-0.22,-0.23,0.0
2026-02-17,AB,41.51,41.43,41.68,40.94,438571,18128384.0,1.81,1.44,0.59,0.48
2026-02-17,ABAT,3.765,3.66,3.765,3.58,3355796,12300969.0,4.87,-3.68,-0.14,2.55
2026-02-17,ABBV,232.655,232.86,235.25,231.19,7336770,1708407152.0,1.75,0.59,1.36,0.41
2026-02-17,ABCB,84.47,83.85,85.59,83.33,344507,28957394.0,2.69,-0.2,-0.17,0.51
2026-02-17,ABCL,3.1,3.17,3.19,3.0,2879118,8984541.0,6.13,2.26,0.07,0.96
2026-02-17,ABCS,31.42,31.373,31.42,31.18,3938,123049.0,0.77,0.06,0.02,0.0
2026-02-17,ABEO,4.99,5.04,5.071,4.91,651819,3268906.0,3.21,0.6,0.03,1.18
2026-02-17,ABEQ,38.711,39.01,39.01,38.711,7622,296860.0,0.77,-0.06,-0.023,0.0
2026-02-17,ABEV,3.11,3.08,3.11,3.04,16087979,49355603.0,2.25,-0.96,-0.03,0.1
2026-02-17,ABFL,73.01,73.04,73.36,72.32,66384,4844634.0,1.42,0.07,0.05,0.0
2026-02-17,ABG,227.72,227.4,230.97,220.2,251232,56827469.0,4.69,-0.89,-2.04,1.31
2026-02-17,ABI,25.02,25.02,25.02,25.02,5,125.0,0.0,0.0,0.0,0.0
2026-02-17,ABIG,30.48,30.759,30.78,30.48,3808,116893.0,0.98,0.01,0.004,0.0
2026-02-17,ABLD,32.76,32.889,32.99,32.52,6667,219130.0,1.41,-1.03,-0.342,0.0
2026-02-17,ABLG,32.528,32.528,32.528,32.528,203,6561.0,0.0,-0.45,-0.146,0.0
2026-02-17,ABLS,19.29,19.305,19.305,19.29,109,2103.0,0.08,-0.21,-0.04,0.0
2026-02-17,ABLV,0.802,0.79,0.802,0.79,1454,1152.0,1.46,-3.66,-0.03,0.0
2026-02-17,ABLVW,0.025,0.027,0.027,0.025,1425,38.0,8.0,8.0,0.002,0.0
2026-02-17,ABM,44.75,44.29,44.78,44.11,397471,17641135.0,1.51,-0.49,-0.22,0.68
2026-02-17,ABNB,122.08,124.23,127.65,122.08,6695428,838402384.0,4.59,2.37,2.88,1.1
2026-02-17,ABNG,14.39,14.739,15.23,14.39,2627,38912.0,5.95,4.42,0.624,0.0
2026-02-17,ABNY,42.459,42.459,42.459,42.459,208,8828.0,0.0,1.99,0.827,0.0
2026-02-17,ABOS,2.5,2.45,2.51,2.37,193011,469968.0,5.58,-2.39,-0.06,0.32
2026-02-17,ABOT,34.221,34.221,34.221,34.221,149,5110.0,0.0,-0.35,-0.121,0.0
2026-02-17,ABP,0.75,0.597,0.758,0.58,505102,324217.0,24.22,-18.78,-0.138,18.6
2026-02-17,ABPWW,0.013,0.012,0.013,0.012,12543,158.0,7.69,-7.69,-0.001,0.0
2026-02-17,ABR,7.7,7.33,7.72,7.2,5855638,43165571.0,6.74,-5.05,-0.39,3.0
2026-02-17,ABR_D,17.684,17.37,17.8,17.37,23916,419395.0,2.42,-2.18,-0.388,0.0
2026-02-17,ABR_E,17.43,17.2,17.5,17.2,12483,216204.0,1.72,-1.34,-0.234,0.0
2026-02-17,ABR_F,22.16,22.15,22.3,22.1,38632,856332.0,0.9,-0.67,-0.15,0.0
2026-02-17,ABSI,2.535,2.66,2.69,2.47,4428527,11474432.0,8.63,4.31,0.11,2.95
2026-02-17,ABT,113.19,112.26,113.59,111.93,6568863,738568448.0,1.47,-0.37,-0.42,0.38
2026-02-17,ABTC,1.135,1.09,1.15,1.07,11408628,12541353.0,7.08,-3.54,-0.04,1.23
2026-02-17,ABTS,2.72,2.5,2.77,2.5,3719,10033.0,9.68,-10.39,-0.29,0.16
2026-02-17,ABUS,3.99,4.17,4.34,3.93,3246911,13413869.0,10.3,4.77,0.19,1.69
2026-02-17,ABVC,1.66,1.63,1.664,1.6,46976,76557.0,3.83,-2.4,-0.04,0.18
2026-02-17,ABVE,1.71,1.63,1.84,1.59,3061342,5249584.0,15.92,3.82,0.06,5.98
2026-02-17,ABVEW,0.573,0.52,0.6,0.483,32606,18118.0,20.53,-8.77,-0.05,0.0
2026-02-17,ABVX,126.51,125.63,127.95,123.935,928502,116983851.0,3.21,0.51,0.64,1.19
2026-02-17,ABX,8.45,8.49,8.55,8.33,604177,5112526.0,2.62,1.07,0.09,0.62
2026-02-17,ABXB,19.94,19.935,19.94,19.931,396,7895.0,0.05,0.03,0.005,0.0
2026-02-17,ABXL,25.79,26.07,26.07,25.79,12489,324114.0,1.09,1.09,0.28,0.0
2026-02-17,ACA,126.77,125.14,127.25,124.53,166967,20986714.0,2.13,-1.83,-2.33,0.34
2026-02-17,ACAD,21.94,22.95,23.06,21.9,1806089,41211519.0,5.27,4.18,0.92,1.06
2026-02-17,ACB,3.575,3.6,3.62,3.475,807993,2882928.0,4.08,1.41,0.05,1.42
2026-02-17,ACCL,1.42,1.4,1.449,1.361,35192,49216.0,6.24,-0.71,-0.01,0.25
2026-02-17,ACCO,4.09,4.12,4.13,4.035,415135,1701078.0,2.31,0.24,0.01,0.46
2026-02-17,ACCS,6.93,6.88,6.93,6.77,7260,50032.0,2.25,-3.37,-0.24,0.19
2026-02-17,ACDC,5.46,5.42,5.49,5.12,1533932,8265664.0,6.76,-0.91,-0.05,0.85
2026-02-17,ACEI,24.24,24.205,24.273,24.06,18443,446830.0,0.88,0.31,0.076,0.0
2026-02-17,ACEL,10.85,10.93,10.97,10.815,253031,2759199.0,1.43,0.92,0.1,0.31
2026-02-17,ACEP,18.075,18.052,18.075,18.05,611,11038.0,0.14,-0.22,-0.04,0.0
2026-02-17,ACES,35.44,35.69,35.905,35.06,80937,2886188.0,2.39,0.96,0.34,0.0
2026-02-17,ACET,6.86,7.04,7.08,6.5,255171,1749332.0,8.39,1.88,0.13,2.66
2026-02-17,ACFN,17.84,17.5,18.18,17.4,6089,106799.0,4.29,-3.79,-0.69,0.24
2026-02-17,ACGL,99.39,98.88,100.86,98.78,2365335,234505124.0,2.11,0.51,0.5,0.66
2026-02-17,ACGLN,17.75,17.92,17.92,17.65,31773,564962.0,1.52,1.19,0.21,0.16
2026-02-17,ACGLO,21.04,21.14,21.14,20.89,22421,471095.0,1.19,0.67,0.14,0.24
2026-02-17,ACGR,62.547,62.547,62.547,62.547,92,5747.0,0.0,0.62,0.387,0.0
2026-02-17,ACH,2.27,2.34,2.38,2.165,1271967,2924189.0,9.6,4.46,0.1,1.66
2026-02-17,ACHC,16.9,16.415,16.95,16.23,2520228,41473545.0,4.29,-2.12,-0.355,2.79
2026-02-17,ACHR,6.71,6.82,6.895,6.57,30776379,208009858.0,4.8,0.74,0.05,4.14
2026-02-17,ACHR_WS,0.84,0.82,0.93,0.81,25504,21636.0,14.12,-3.53,-0.03,0.0
2026-02-17,ACHV,4.2,4.24,4.305,4.11,341433,1442208.0,4.64,0.95,0.04,0.64
2026-02-17,ACI,18.72,18.47,18.83,18.285,5410415,99975943.0,2.93,-0.54,-0.1,1.05
2026-02-17,ACIC,11.12,11.29,11.45,10.985,436625,4947535.0,4.19,1.8,0.2,0.9
2026-02-17,ACII,25.31,25.52,25.58,25.31,21887,557594.0,1.06,0.12,0.03,0.0
2026-02-17,ACIO,43.24,43.4,43.53,43.165,134654,5841535.0,0.84,-0.05,-0.02,0.0
2026-02-17,ACIU,2.97,2.91,2.97,2.8,191144,547103.0,5.69,-2.68,-0.08,0.19
2026-02-17,ACIW,40.31,40.58,41.08,40.17,957795,38832569.0,2.3,2.58,1.02,0.93
2026-02-17,ACKY,18.77,18.915,18.915,18.6,39753,747020.0,1.67,0.34,0.065,0.0
2026-02-17,ACLC,77.555,78.19,78.32,77.555,6754,525884.0,0.97,-0.45,-0.35,0.0
2026-02-17,ACLO,50.465,50.465,50.465,50.465,347079,17513356.0,0.0,0.06,0.03,0.0
2026-02-17,ACLS,92.74,98.5,99.11,90.26,1706107,162816759.0,9.36,4.18,3.95,5.55
2026-02-17,ACLX,68.73,70.2,70.79,68.49,870343,60944816.0,3.36,2.48,1.7,1.5
2026-02-17,ACM,88.13,91.23,92.61,88.13,2451335,223372956.0,5.07,3.31,2.92,1.9
2026-02-17,ACMR,64.3,65.18,65.354,62.91,925393,59764833.0,3.77,0.52,0.34,1.41
2026-02-17,ACN,225.615,219.89,229.11,217.33,7431746,1638467072.0,5.25,-1.94,-4.34,1.21
2026-02-17,ACNB,52.12,53.18,53.52,52.12,18545,984154.0,2.66,1.2,0.63,0.18
2026-02-17,ACNT,17.77,17.65,17.92,17.5,28293,498657.0,2.36,-0.73,-0.13,0.3
2026-02-17,ACOG,4.92,5.21,5.46,4.9,35091,182872.0,11.48,6.76,0.33,0.16
2026-02-17,ACON,2.62,2.59,2.63,2.41,79193,200004.0,8.53,0.39,0.01,7.51
2026-02-17,ACONW,0.034,0.036,0.036,0.034,357,13.0,5.88,5.88,0.002,0.0
2026-02-17,ACP,5.7,5.76,5.76,5.68,873311,4995059.0,1.4,1.05,0.06,0.0
2026-02-17,ACP_A,20.75,20.78,20.78,20.55,3873,80180.0,1.11,0.48,0.1,0.0
2026-02-17,ACR,18.41,18.65,18.85,18.41,13487,251267.0,2.37,0.32,0.06,0.2
2026-02-17,ACRE,5.18,5.21,5.27,5.075,537005,2782075.0,3.77,0.77,0.04,0.97
2026-02-17,ACRS,3.19,3.26,3.38,3.117,1154228,3765158.0,8.24,2.19,0.07,0.96
2026-02-17,ACRV,1.64,1.6,1.66,1.59,460828,746015.0,4.29,-1.84,-0.03,1.46
2026-02-17,ACR_C,25.04,25.11,25.14,25.035,7667,192271.0,0.42,0.0,0.0,0.0
2026-02-17,ACR_D,22.105,22.2,22.2,22.01,8509,188123.0,0.86,0.5,0.11,0.0
2026-02-17,ACSG,41.73,42.277,42.38,41.73,8237,348806.0,1.54,0.35,0.147,0.0
2026-02-17,ACSI,66.24,66.49,66.49,66.13,1013,67119.0,0.54,0.37,0.243,0.0
2026-02-17,ACSV,44.25,44.283,44.283,44.25,166,7349.0,0.07,0.06,0.028,0.0
2026-02-17,ACT,43.48,43.09,43.99,42.86,349823,15075557.0,2.61,-0.46,-0.2,0.25
2026-02-17,ACTG,4.02,4.0,4.04,3.93,126469,505453.0,2.74,-0.25,-0.01,0.13
2026-02-17,ACTU,4.35,4.26,4.35,4.15,29918,126814.0,4.62,-1.62,-0.07,0.13
2026-02-17,ACU,43.61,44.32,45.0,43.61,11949,529921.0,3.14,0.2,0.09,0.31
2026-02-17,ACV,26.9,26.85,26.955,26.7,13647,366362.0,0.95,0.04,0.01,0.0
2026-02-17,ACVA,6.64,6.43,6.86,6.31,3692406,23765947.0,8.32,-2.72,-0.18,2.12
2026-02-17,ACVF,49.85,49.803,49.928,49.6,2063,102760.0,0.66,-0.22,-0.108,0.0
2026-02-17,ACVT,26.711,26.711,26.711,26.711,28,747.0,0.0,0.02,0.006,0.0
2026-02-17,ACWI,145.28,146.0,146.36,144.385,6739491,980872400.0,1.35,0.04,0.06,0.0
2026-02-17,ACWV,123.58,123.41,123.86,123.01,82091,10127821.0,0.69,-0.35,-0.43,0.0
2026-02-17,ACWX,72.73,73.1,73.245,72.305,2506421,182519473.0,1.28,-0.2,-0.15,0.0
2026-02-17,ACXP,1.97,1.98,2.07,1.91,34746,68316.0,8.12,0.51,0.01,1.36
2026-02-17,AD,51.02,51.24,51.96,50.725,238848,12249973.0,2.43,0.71,0.36,0.28
2026-02-17,ADAC,9.87,9.875,9.875,9.86,12481,123133.0,0.15,-0.05,-0.005,0.04
2026-02-17,ADACU,9.98,9.98,9.98,9.98,101,1010.0,0.0,0.0,0.0,0.0
2026-02-17,ADACW,0.344,0.347,0.35,0.32,39445,12964.0,8.33,-3.61,-0.013,0.0
2026-02-17,ADAG,3.46,3.29,3.46,3.1,67825,221790.0,11.08,1.23,0.04,0.14
2026-02-17,ADAM,8.21,8.11,8.24,7.955,567756,4578885.0,3.49,-0.61,-0.05,0.63
2026-02-17,ADAMG,25.3,25.33,25.34,25.29,16663,421778.0,0.2,0.08,0.02,0.0
2026-02-17,ADAMH,25.63,25.635,25.65,25.58,29306,750767.0,0.27,0.02,0.005,0.0
2026-02-17,ADAMI,25.28,25.364,25.38,25.28,6971,176709.0,0.4,0.33,0.084,0.0
2026-02-17,ADAML,23.45,23.54,23.546,23.43,5177,121641.0,0.49,0.3,0.07,0.0
2026-02-17,ADAMM,25.32,25.44,25.45,25.32,11511,292471.0,0.51,0.32,0.08,0.0
2026-02-17,ADAMN,22.47,22.59,22.63,22.41,8734,196655.0,0.98,0.8,0.18,0.0
2026-02-17,ADAMO,25.34,25.3,25.38,25.3,23016,583098.0,0.32,0.04,0.01,0.0
2026-02-17,ADAMZ,19.65,19.705,19.77,19.64,8394,165155.0,0.66,0.48,0.095,0.0
2026-02-17,ADBE,265.235,260.45,269.128,255.839,5208323,1352575984.0,5.03,-1.33,-3.52,1.28
2026-02-17,ADBG,5.67,5.49,5.82,5.255,1468931,7959045.0,10.07,-2.14,-0.12,0.0
2026-02-17,ADC,78.25,79.17,79.29,77.56,1139539,89795778.0,2.22,1.4,1.09,0.95
2026-02-17,ADCT,3.97,4.18,4.2,3.845,1581443,6446701.0,8.9,4.76,0.19,1.26
2026-02-17,ADC_A,17.47,17.6,17.62,17.45,15080,263694.0,0.97,0.77,0.134,0.22
2026-02-17,ADEA,18.7,18.73,18.89,18.48,528731,9899606.0,2.18,-0.37,-0.07,0.48
2026-02-17,ADFI,8.63,8.63,8.64,8.63,14974,129350.0,0.12,-0.09,-0.008,0.0
2026-02-17,ADGM,0.993,0.98,1.01,0.97,12364,12103.0,4.06,-0.51,-0.005,0.06
2026-02-17,ADI,335.6,337.51,340.46,330.33,4547615,1532994384.0,3.01,0.12,0.41,0.93
2026-02-17,ADIL,2.83,2.7,3.14,2.59,83523,241316.0,19.3,-5.26,-0.15,7.59
2026-02-17,ADIV,19.18,18.985,19.18,18.83,3924,74482.0,1.86,0.88,0.166,0.0
2026-02-17,ADM,68.77,68.57,69.15,66.55,3993613,272086448.0,3.74,-1.35,-0.94,0.83
2026-02-17,ADMA,16.08,15.95,16.41,15.91,1598966,25737514.0,3.11,-0.87,-0.14,0.67
2026-02-17,ADME,51.42,51.66,51.715,51.29,7459,384463.0,0.82,0.04,0.02,0.0
2026-02-17,ADNT,26.86,25.92,27.17,25.86,1113627,29032217.0,4.84,-4.32,-1.17,1.42
2026-02-17,ADP,212.43,213.08,214.85,210.22,4965309,1054420352.0,2.18,0.46,0.97,1.23
2026-02-17,ADPT,15.98,15.79,16.35,15.715,1022077,16245549.0,3.96,-1.56,-0.25,0.66
2026-02-17,ADPV,44.49,44.69,44.78,44.39,13690,611477.0,0.87,0.07,0.03,0.0
2026-02-17,ADSE,10.59,10.52,10.69,10.52,2163,22602.0,1.62,0.0,0.0,0.0
2026-02-17,ADSEW,0.83,0.83,0.83,0.83,1,1.0,0.0,0.0,0.0,0.0
2026-02-17,ADSK,228.1,225.32,229.335,221.09,2629418,591544928.0,3.57,-2.55,-5.9,1.24
2026-02-17,ADT,7.77,7.75,7.8,7.54,10599586,81582285.0,3.36,0.13,0.01,1.29
2026-02-17,ADTN,9.97,10.15,10.28,9.875,1260208,12790188.0,4.0,0.2,0.02,1.58
2026-02-17,ADTX,0.61,0.607,0.617,0.58,96204,58262.0,6.0,-1.62,-0.01,5.42
2026-02-17,ADUR,10.75,10.86,11.09,10.4,151545,1624700.0,6.34,-0.28,-0.03,0.46
2026-02-17,ADUS,114.35,113.26,115.32,112.36,204000,23100216.0,2.6,-0.47,-0.54,1.1
2026-02-17,ADV,0.59,0.59,0.62,0.553,797903,465520.0,11.55,1.72,0.01,0.24
2026-02-17,ADVB,0.253,0.239,0.253,0.238,7643,1833.0,6.25,-0.42,-0.001,0.03
2026-02-17,ADVE,44.48,44.331,44.48,43.91,2862,126909.0,1.28,-0.58,-0.257,0.0
2026-02-17,ADX,23.11,23.26,23.26,22.96,352102,8139218.0,1.29,-0.04,-0.01,0.0
2026-02-17,ADXN,7.47,7.315,7.47,7.315,1626,12123.0,2.06,-2.98,-0.225,0.13
2026-02-17,AEAQ,9.91,9.92,9.92,9.91,252057,2497897.0,0.1,-0.2,-0.02,0.8
2026-02-17,AEAQU,10.1,10.06,10.1,10.05,1703,17183.0,0.5,0.1,0.01,0.01
2026-02-17,AEAQW,0.26,0.35,0.35,0.26,26300,7082.0,34.62,34.62,0.09,0.0
2026-02-17,AEBI,15.46,15.41,15.61,15.055,168993,2594350.0,3.58,-0.64,-0.1,0.22
2026-02-17,AEC,6.6,6.6,6.775,6.08,81878,527362.0,10.55,0.15,0.01,0.47
2026-02-17,AEE,111.89,110.54,112.655,110.36,1436112,159229973.0,2.07,-0.39,-0.43,0.52
2026-02-17,AEF,8.3,8.34,8.34,8.25,124547,1033189.0,1.08,0.24,0.02,0.0
2026-02-17,AEFC,20.37,20.38,20.44,20.3,27792,565804.0,0.69,0.39,0.08,0.0
2026-02-17,AEG,7.73,7.75,7.79,7.72,8639114,66981571.0,0.92,2.24,0.17,0.43
2026-02-17,AEHL,0.573,0.518,0.573,0.5,174644,91227.0,12.83,-8.96,-0.051,1.89
2026-02-17,AEHR,28.5,28.49,29.65,26.0,1251724,34745439.0,12.66,-1.21,-0.35,4.09
2026-02-17,AEI,2.3,2.45,2.59,2.275,34774,82187.0,13.58,5.6,0.13,0.09
2026-02-17,AEIS,311.04,314.12,319.986,302.01,644285,201283182.0,5.72,-0.05,-0.15,1.71
2026-02-17,AEM,210.01,212.96,214.4,207.01,2232986,472490256.0,3.41,-1.68,-3.63,0.45
2026-02-17,AEMD,1.99,2.12,2.19,1.95,85901,180371.0,12.24,8.16,0.16,6.53
2026-02-17,AEMS,10.51,10.612,10.66,10.47,70841,753364.0,1.8,0.3,0.032,0.0
2026-02-17,AENT,5.19,4.82,5.4,4.76,256167,1290461.0,11.64,-12.36,-0.68,0.23
2026-02-17,AENTW,0.339,0.403,0.435,0.32,54193,20881.0,26.2,-8.2,-0.036,0.0
2026-02-17,AEO,25.76,24.93,26.05,23.96,5876204,145022529.0,8.2,-2.16,-0.55,3.47
2026-02-17,AEON,0.96,0.97,1.03,0.96,18562,18478.0,7.0,-3.0,-0.03,0.07
2026-02-17,AEP,131.305,130.24,132.78,129.605,4035258,526171200.0,2.44,0.23,0.3,0.75
2026-02-17,AER,150.78,152.56,153.16,150.45,2978282,454062256.0,1.8,1.42,2.13,1.78
2026-02-17,AERO,18.16,19.62,19.8,18.0,756559,14562114.0,10.0,9.0,1.62,0.52
2026-02-17,AERT,0.478,0.447,0.482,0.436,42870,19578.0,9.52,-7.45,-0.036,0.09
2026-02-17,AERTW,0.025,0.029,0.029,0.025,1189,30.0,13.33,-3.33,-0.001,0.0
2026-02-17,AES,16.29,16.39,16.5,16.16,8085576,132275600.0,2.09,0.68,0.11,1.14
2026-02-17,AESI,11.94,11.8,12.09,11.32,1852854,21726412.0,6.54,0.25,0.03,1.49
2026-02-17,AESR,17.5,17.535,17.62,17.34,26272,460071.0,1.6,-0.03,-0.005,0.0
2026-02-17,AETH,35.025,35.02,35.025,34.995,592,20725.0,0.09,-0.14,-0.05,0.0
2026-02-17,AEVA,13.05,12.9,13.368,12.42,1481912,19050091.0,6.98,-5.01,-0.68,2.47
2026-02-17,AEVAW,0.045,0.042,0.045,0.04,55799,2475.0,11.9,0.0,0.0,0.0
2026-02-17,AEXA,11.38,11.25,11.42,11.15,153771,1733793.0,2.38,-0.97,-0.11,0.31
2026-02-17,AEYE,6.9,6.66,6.94,6.35,309102,2041959.0,8.48,-4.31,-0.3,2.5
2026-02-17,AFB,11.03,11.07,11.07,11.03,226711,2507185.0,0.36,0.09,0.01,0.0
2026-02-17,AFBI,20.888,20.72,20.888,20.72,1676,34932.0,0.81,0.1,0.02,0.03
2026-02-17,AFCG,2.22,2.27,2.31,2.217,201137,457121.0,4.21,2.71,0.06,0.85
2026-02-17,AFG,129.5,131.1,131.65,128.375,470248,61479211.0,2.54,1.67,2.15,0.56
2026-02-17,AFGB,21.97,22.1,22.11,21.961,15634,344536.0,0.68,0.52,0.115,0.0
2026-02-17,AFGC,19.14,19.24,19.29,19.14,13722,263729.0,0.78,0.63,0.12,0.0
2026-02-17,AFGD,21.08,21.11,21.12,20.9,7091,148709.0,1.05,0.52,0.11,0.0
2026-02-17,AFGE,17.36,17.61,17.62,17.36,6428,112260.0,1.49,1.06,0.185,0.0
2026-02-17,AFIF,9.45,9.457,9.46,9.445,159635,1509861.0,0.16,-0.03,-0.003,0.0
2026-02-17,AFIX,25.44,25.425,25.44,25.42,1711,43518.0,0.08,0.0,-0.001,0.0
2026-02-17,AFJK,47.58,45.36,49.49,45.36,5141,245884.0,8.6,-5.5,-2.64,0.08
2026-02-17,AFJKR,0.4,0.4,0.4,0.4,2500,1000.0,0.0,2.56,0.01,0.0
2026-02-17,AFJKU,67.24,67.24,67.24,67.24,3,184.0,0.0,0.0,0.0,0.0
2026-02-17,AFK,28.97,29.18,29.18,28.4,39629,1142400.0,2.66,-0.31,-0.09,0.0
2026-02-17,AFL,115.81,115.42,116.67,114.735,2021426,233457049.0,1.68,0.44,0.51,0.39
2026-02-17,AFLG,40.3,40.37,40.46,40.0,45154,1819332.0,1.14,0.15,0.06,0.0
2026-02-17,AFMC,37.39,37.377,37.56,37.01,60264,2253203.0,1.47,0.03,0.01,0.0
2026-02-17,AFOS,38.14,38.376,38.55,37.89,26547,1019917.0,1.72,-0.06,-0.023,0.0
2026-02-17,AFRI,9.81,9.82,10.05,9.8,8778,86890.0,2.54,-0.2,-0.02,0.03
2026-02-17,AFRIW,0.81,0.815,0.9,0.81,900,745.0,10.69,-3.21,-0.027,0.0
2026-02-17,AFRM,49.73,51.6,52.275,49.17,7389163,375926512.0,6.23,3.59,1.79,2.22
2026-02-17,AFRU,6.07,6.48,6.65,5.9,115749,727227.0,12.42,7.28,0.44,0.0
2026-02-17,AFSC,31.44,33.005,33.005,31.44,390,12583.0,4.75,0.15,0.049,0.0
2026-02-17,AFSM,34.62,34.73,34.882,34.35,16904,586442.0,1.53,0.06,0.02,0.0
2026-02-17,AFYA,14.08,13.92,14.08,13.8,62887,874798.0,1.99,-1.07,-0.15,0.07
2026-02-17,AG,22.02,21.55,22.02,20.54,18259361,389615168.0,6.45,-6.14,-1.41,3.72
2026-02-17,AGAE,0.267,0.297,0.3,0.258,909273,253871.0,15.85,12.08,0.032,2.41
2026-02-17,AGBK,10.93,11.18,11.19,10.76,765635,8417709.0,3.91,1.64,0.18,0.48
2026-02-17,AGCC,11.29,10.1,11.3,9.86,33259,348040.0,12.54,-12.02,-1.38,0.1
2026-02-17,AGCO,137.63,138.5,141.0,137.04,926114,128429883.0,2.82,-1.42,-1.99,1.28
2026-02-17,AGD,12.75,12.68,12.78,12.587,141693,1800752.0,1.51,-0.55,-0.07,0.0
2026-02-17,AGEM,43.67,43.63,43.79,43.265,5424,236020.0,1.2,-0.63,-0.275,0.0
2026-02-17,AGEN,2.92,3.05,3.07,2.9,432822,1296398.0,5.82,4.45,0.13,1.2
2026-02-17,AGG,101.0,101.0,101.04,100.935,6588816,665386064.0,0.1,0.01,0.01,0.0
2026-02-17,AGGA,25.42,25.4,25.42,25.38,19096,484916.0,0.16,0.0,0.0,0.0
2026-02-17,AGGH,20.9,20.905,20.93,20.88,81795,1709241.0,0.24,-0.05,-0.01,0.0
2026-02-17,AGGS,41.68,41.67,41.68,41.655,2238,93281.0,0.06,0.01,0.005,0.0
2026-02-17,AGGY,44.54,44.57,44.59,44.53,111233,4956517.0,0.13,0.02,0.01,0.0
2026-02-17,AGH,4.06,4.25,4.33,3.9,11585,47179.0,10.8,6.78,0.27,0.08
2026-02-17,AGI,43.33,43.31,43.86,41.5,4869671,208190130.0,5.22,-4.29,-1.94,1.16
2026-02-17,AGIG,3.06,2.87,3.06,2.81,402600,1164167.0,8.31,-4.65,-0.14,1.09
2026-02-17,AGIO,27.8,27.82,28.2,27.43,674571,18773753.0,2.75,-0.5,-0.14,1.15
2026-02-17,AGIQ,21.52,21.56,21.7,21.27,11355,244577.0,1.98,-0.55,-0.12,0.0
2026-02-17,AGIX,34.23,34.15,34.281,33.4,104446,3550284.0,2.57,-0.23,-0.08,0.0
2026-02-17,AGL,0.37,0.354,0.374,0.348,9508598,3401853.0,7.2,-1.94,-0.007,2.29
2026-02-17,AGM,175.05,175.0,176.95,171.41,93498,16353855.0,3.18,0.57,1.0,0.95
2026-02-17,AGMB,15.35,15.15,16.65,14.81,356504,5465886.0,11.99,-1.24,-0.19,0.73
2026-02-17,AGMH,1.37,1.42,1.46,1.35,48608,68268.0,7.97,2.9,0.04,1.39
2026-02-17,AGMI,74.75,74.787,75.68,71.207,8028,598124.0,5.71,-4.5,-3.527,0.0
2026-02-17,AGM_A,133.68,133.68,133.68,133.68,157,20218.0,0.0,0.0,0.0,0.0
2026-02-17,AGM_D,21.5,21.57,21.58,21.39,7759,166899.0,0.88,0.37,0.08,0.0
2026-02-17,AGM_E,21.65,21.92,21.92,21.65,6516,142395.0,1.24,0.83,0.18,0.0
2026-02-17,AGM_F,19.7,19.93,19.93,19.68,7439,147642.0,1.26,0.71,0.14,0.0
2026-02-17,AGM_G,18.31,18.43,18.43,18.25,13208,241781.0,0.98,0.71,0.13,0.0
2026-02-17,AGM_H,25.22,25.15,25.22,25.135,20948,527614.0,0.34,0.14,0.035,0.0
2026-02-17,AGNC,11.4,11.3,11.43,11.21,20643419,233157217.0,1.94,-0.53,-0.06,1.86
2026-02-17,AGNCL,24.95,25.12,25.12,24.95,9552,239343.0,0.68,0.36,0.09,0.16
2026-02-17,AGNCM,25.03,25.04,25.05,25.02,9430,236151.0,0.12,0.08,0.02,0.1
2026-02-17,AGNCN,25.85,25.82,25.85,25.76,12938,334011.0,0.35,-0.04,-0.01,0.1
2026-02-17,AGNCO,25.46,25.48,25.5,25.45,30300,771621.0,0.2,0.08,0.02,0.19
2026-02-17,AGNCP,25.11,25.04,25.11,25.03,29283,733935.0,0.32,-0.04,-0.01,0.13
2026-02-17,AGNCZ,26.14,26.26,26.37,26.13,48237,1265808.0,0.92,0.65,0.17,0.4
2026-02-17,AGNG,38.14,38.3,38.389,38.14,18613,712517.0,0.65,0.53,0.203,0.0
2026-02-17,AGO,87.0,87.63,88.25,86.97,255713,22437245.0,1.48,1.49,1.29,0.57
2026-02-17,AGOX,29.68,29.53,29.68,29.09,181813,5338415.0,1.99,-0.37,-0.11,0.0
2026-02-17,AGPU,2.44,2.32,2.44,2.23,23700,55056.0,8.61,-4.92,-0.12,0.7
2026-02-17,AGQ,123.35,120.06,124.936,115.3,5925040,712159312.0,7.24,-9.84,-13.1,0.0
2026-02-17,AGQI,17.815,17.917,17.945,17.764,7071,126294.0,1.01,-0.34,-0.062,0.0
2026-02-17,AGRH,26.225,26.225,26.225,26.225,15,394.0,0.0,0.0,0.0,0.0
2026-02-17,AGRO,8.74,8.75,8.835,8.52,377940,3291727.0,3.64,1.16,0.1,0.27
2026-02-17,AGRW,28.52,28.609,28.609,28.52,323,9211.0,0.31,0.41,0.116,0.0
2026-02-17,AGRZ,0.405,0.406,0.45,0.405,91611,39354.0,10.87,-1.93,-0.008,0.42
2026-02-17,AGX,406.385,406.88,416.52,397.02,301222,122928948.0,4.76,-0.75,-3.07,2.17
2026-02-17,AGYS,81.5,80.19,82.52,79.79,294985,23733652.0,3.35,-1.61,-1.31,1.05
2026-02-17,AGZ,110.65,110.7,110.735,110.59,15674,1734360.0,0.13,0.24,0.26,0.0
2026-02-17,AGZD,22.53,22.53,22.58,22.51,35609,802613.0,0.31,-0.04,-0.01,0.0
2026-02-17,AHCO,10.22,10.3,10.46,10.2,762067,7848978.0,2.55,0.98,0.1,0.56
2026-02-17,AHG,1.25,1.31,1.45,1.25,1850,2509.0,14.49,-5.07,-0.07,0.0
2026-02-17,AHH,6.76,6.34,7.0,6.2,4658928,29688980.0,11.61,-7.98,-0.55,5.81
2026-02-17,AHL,37.37,37.35,37.37,37.34,90962,3397129.0,0.08,0.03,0.01,0.1
2026-02-17,AHLT,28.12,28.2,28.285,27.883,5286,148371.0,1.42,-0.53,-0.15,0.0
2026-02-17,AHL_D,20.11,20.2,20.2,20.04,10149,204476.0,0.8,0.85,0.17,0.0
2026-02-17,AHL_E,19.87,20.04,20.06,19.73,14010,278967.0,1.67,1.21,0.24,0.14
2026-02-17,AHL_F,24.7,24.9,24.92,24.7,12334,305662.0,0.89,0.81,0.2,0.14
2026-02-17,AHMA,6.91,7.53,7.62,6.871,37099,265222.0,10.7,7.57,0.53,0.12
2026-02-17,AHR,52.03,53.0,53.035,51.85,1761207,92915549.0,2.29,2.32,1.2,0.95
2026-02-17,AHT,3.4,3.27,3.4,3.15,60926,197384.0,7.37,-3.54,-0.12,0.94
2026-02-17,AHT_D,12.55,13.28,13.28,12.55,773,9945.0,5.41,-1.63,-0.22,0.0
2026-02-17,AHT_F,10.01,10.49,10.52,10.01,902,9465.0,4.69,-3.58,-0.39,0.0
2026-02-17,AHT_G,10.91,10.314,10.91,10.314,1108,11514.0,5.56,-3.79,-0.406,0.0
2026-02-17,AHT_H,10.94,10.225,10.94,10.225,1311,13548.0,6.57,-6.11,-0.665,0.0
2026-02-17,AHT_I,10.2,10.339,10.339,10.05,5586,56608.0,2.82,0.87,0.089,0.0
2026-02-17,AHYB,46.85,46.81,46.85,46.81,1586,74287.0,0.09,-0.06,-0.03,0.0
2026-02-17,AI,10.75,10.4,10.93,10.16,5051321,52620278.0,7.14,-3.53,-0.38,3.5
2026-02-17,AIA,112.36,112.29,113.18,110.85,4679822,529537168.0,2.06,-0.7,-0.79,0.0
2026-02-17,AIBD,9.15,9.16,9.44,9.04,78651,725980.0,4.44,1.78,0.16,0.0
2026-02-17,AIBU,40.6,40.844,41.14,39.54,10342,415485.0,3.87,-1.25,-0.515,0.0
2026-02-17,AIEQ,45.34,45.49,45.72,45.196,7939,360371.0,1.15,-0.12,-0.053,0.0
2026-02-17,AIFD,38.83,39.38,39.638,38.53,3425,134510.0,2.83,0.41,0.16,0.0
2026-02-17,AIFF,0.8,0.721,0.8,0.71,100016,72784.0,11.54,-7.56,-0.059,0.7
2026-02-17,AIFU,1.71,1.831,1.831,1.64,2197,3811.0,11.04,5.84,0.101,0.0
2026-02-17,AIG,78.99,79.4,79.68,78.31,3324093,263300822.0,1.75,1.44,1.13,0.62
2026-02-17,AIHS,1.28,1.22,1.28,1.22,15966,19690.0,4.84,-1.61,-0.02,0.35
2026-02-17,AII,17.72,18.25,18.27,17.72,73162,1327465.0,3.08,2.36,0.42,0.37
2026-02-17,AIIA,9.98,10.01,10.01,9.98,233,2330.0,0.3,-0.89,-0.09,0.0
2026-02-17,AIIA_U,10.24,10.21,10.24,10.21,1100,11261.0,0.29,-0.2,-0.02,0.01
2026-02-17,AIIAr,0.305,0.305,0.305,0.305,234,71.0,0.0,5.17,0.015,0.0
2026-02-17,AIIO,0.13,0.129,0.13,0.121,3424622,430192.0,6.92,-0.77,-0.001,0.92
2026-02-17,AIIOW,0.026,0.025,0.028,0.019,224354,5285.0,30.0,-16.67,-0.005,0.0
2026-02-17,AIM,1.06,1.15,1.17,1.02,331303,357901.0,12.0,-8.0,-0.1,8.32
2026-02-17,AIMD,1.52,1.33,1.52,1.28,108172,154533.0,15.79,-12.5,-0.19,1.55
2026-02-17,AIMS,24.972,24.849,24.972,24.849,334,8335.0,0.5,0.04,0.009,0.0
2026-02-17,AIN,58.04,57.5,58.175,56.124,318612,18319216.0,3.54,-0.66,-0.38,1.13
2026-02-17,AINP,25.41,25.41,25.41,25.41,122,3100.0,0.0,0.04,0.01,0.0
2026-02-17,AINT,25.0,25.032,25.032,24.856,814,20326.0,0.69,-1.15,-0.292,0.0
2026-02-17,AIO,22.34,22.73,22.88,22.34,66663,1509659.0,2.39,0.62,0.14,0.0
2026-02-17,AIOO,25.725,25.745,25.77,25.72,10976,282610.0,0.19,-0.02,-0.005,0.0
2026-02-17,AIOS,0.58,0.514,0.59,0.476,1678785,902248.0,11.18,-49.61,-0.506,33.68
2026-02-17,AIOT,3.87,3.79,3.91,3.77,2111985,8052343.0,3.6,-2.57,-0.1,1.57
2026-02-17,AIP,14.46,14.02,14.46,13.635,873336,12258999.0,5.64,-4.1,-0.6,1.92
2026-02-17,AIPI,36.55,36.59,36.66,35.925,134766,4907376.0,2.01,-0.14,-0.05,0.0
2026-02-17,AIPO,25.63,25.93,26.07,25.29,323408,8344348.0,3.03,0.86,0.22,0.0
2026-02-17,AIQ,48.88,48.97,49.26,48.268,1919433,93785473.0,2.01,-0.97,-0.48,17.72
2026-02-17,AIR,112.87,113.54,114.72,111.65,236112,26848126.0,2.72,0.5,0.56,0.6
2026-02-17,AIRE,0.311,0.31,0.313,0.293,1230156,372082.0,6.43,-0.32,-0.001,0.93
2026-02-17,AIRG,5.62,5.32,5.62,5.04,46554,252126.0,10.39,-4.66,-0.26,0.38
2026-02-17,AIRI,3.27,3.15,3.39,2.55,830530,2497406.0,26.33,-1.25,-0.04,17.37
2026-02-17,AIRJ,3.2,3.27,3.29,3.12,202808,656119.0,5.28,1.55,0.05,0.3
2026-02-17,AIRJW,0.81,0.81,0.81,0.81,111,89.0,0.0,1.25,0.01,0.0
2026-02-17,AIRO,9.25,9.15,9.28,8.56,426836,3846809.0,7.83,-0.54,-0.05,1.36
2026-02-17,AIRR,118.93,118.44,119.44,117.475,482823,57279764.0,1.65,-0.59,-0.7,0.0
2026-02-17,AIRS,1.87,1.8,1.87,1.77,331720,602455.0,5.29,-4.76,-0.09,0.53
2026-02-17,AIRT,23.3,23.21,23.68,23.21,2080,48951.0,1.98,-1.98,-0.47,0.08
2026-02-17,AIRTP,20.0,20.0,20.08,19.95,3761,75352.0,0.64,-1.38,-0.28,0.0
2026-02-17,AIS,43.56,43.9,44.24,43.03,100570,4404652.0,2.74,-0.54,-0.24,0.0
2026-02-17,AISP,2.46,2.43,2.53,2.41,566694,1400641.0,4.94,0.0,0.0,1.65
2026-02-17,AISPW,0.978,0.888,0.978,0.75,19879,17329.0,26.82,4.47,0.038,0.0
2026-02-17,AIT,279.91,278.31,281.42,277.26,231436,64600748.0,1.49,-0.55,-1.53,0.62
2026-02-17,AIUP,24.23,23.995,24.23,23.9,1908,45816.0,1.36,-0.77,-0.187,0.0
2026-02-17,AIV,5.85,5.84,5.885,5.792,2375997,13880386.0,1.6,0.34,0.02,1.65
2026-02-17,AIVC,71.095,71.456,71.456,71.095,1076,76558.0,0.5,-0.74,-0.532,0.0
2026-02-17,AIVI,57.27,57.69,57.69,57.23,4415,253286.0,0.8,0.15,0.087,0.0
2026-02-17,AIVL,120.96,120.841,121.56,120.82,2244,271535.0,0.61,-0.41,-0.499,0.0
2026-02-17,AIXC,1.3,1.23,1.3,1.224,15948,20006.0,5.85,-5.38,-0.07,0.23
2026-02-17,AIXI,0.26,0.28,0.298,0.23,3338286,910906.0,29.18,20.17,0.047,24.81
2026-02-17,AIYY,13.52,13.13,13.59,12.91,35926,472256.0,5.03,-2.93,-0.396,0.0
2026-02-17,AIZ,218.95,221.04,222.26,218.07,614182,135659638.0,1.93,1.64,3.56,1.24
2026-02-17,AIZN,21.28,21.4,21.5,21.04,14096,300327.0,2.16,0.63,0.135,0.0
2026-02-17,AJAN,27.9,27.996,28.02,27.89,15061,420520.0,0.46,0.06,0.018,0.0
2026-02-17,AJG,212.26,214.0,216.04,206.93,4648182,990929328.0,4.37,2.66,5.55,1.81
2026-02-17,AJUL,29.143,29.205,29.205,29.13,4709,137338.0,0.26,0.1,0.029,0.0
2026-02-17,AKA,11.11,11.11,11.11,11.11,447,4926.0,0.0,0.0,0.0,0.0
2026-02-17,AKAF,32.185,32.185,32.185,32.185,703,22650.0,0.0,-0.12,-0.038,0.0
2026-02-17,AKAM,110.58,108.42,111.46,106.75,4698536,509309936.0,4.21,-2.99,-3.34,3.24
2026-02-17,AKAN,0.88,0.939,0.997,0.87,64515,59012.0,14.17,4.8,0.043,3.07
2026-02-17,AKBA,1.21,1.2,1.24,1.15,4876017,5819879.0,7.44,-0.83,-0.01,1.84
2026-02-17,AKO_A,23.5,23.5,23.5,23.5,444,10516.0,0.0,-5.05,-1.25,0.0
2026-02-17,AKO_B,31.1,31.09,31.95,30.33,13783,426098.0,5.24,0.65,0.2,0.02
2026-02-17,AKR,20.72,20.54,20.74,20.53,909594,18716700.0,1.02,-0.24,-0.05,0.69
2026-02-17,AKRE,55.31,55.26,55.89,54.84,1217582,67273715.0,1.9,-0.14,-0.08,0.0
2026-02-17,AKTS,17.65,17.95,18.29,17.62,115923,2075712.0,3.77,1.07,0.19,0.22
2026-02-17,AKTX,0.247,0.244,0.26,0.232,233801,58191.0,12.02,4.72,0.011,0.51
2026-02-17,AL,64.75,64.74,64.81,64.715,1881934,121845584.0,0.15,0.02,0.01,1.68
2026-02-17,ALAB,126.34,123.69,126.645,117.41,7105650,868415328.0,7.14,-4.35,-5.63,4.17
2026-02-17,ALAI,34.03,34.25,34.445,33.695,42636,1453440.0,2.19,-0.2,-0.07,0.0
2026-02-17,ALAR,7.47,7.29,7.52,7.2,16696,122740.0,4.28,-2.41,-0.18,0.23
2026-02-17,ALB,166.27,168.92,170.985,165.05,1809587,305375856.0,3.57,1.54,2.57,1.54
2026-02-17,ALBG,14.135,14.06,14.205,13.81,6796,94823.0,2.91,3.52,0.478,0.0
2026-02-17,ALBT,0.84,0.878,0.93,0.838,319037,280238.0,10.45,-0.23,-0.002,5.09
2026-02-17,ALB_A,66.35,68.17,68.84,66.35,39576,2697644.0,3.72,1.75,1.17,0.09
2026-02-17,ALC,79.44,80.72,81.18,79.35,2300346,184904264.0,2.31,1.92,1.52,0.47
2026-02-17,ALCO,40.625,41.1,41.9,40.625,22115,910326.0,3.12,0.69,0.28,0.29
2026-02-17,ALCY,11.79,11.8,11.89,11.73,1299,15322.0,1.36,0.08,0.01,0.03
2026-02-17,ALDF,10.54,10.56,10.56,10.54,30392,320736.0,0.19,0.28,0.03,0.1
2026-02-17,ALDFW,0.553,0.553,0.553,0.553,54,37.0,0.0,0.0,0.0,0.0
2026-02-17,ALDX,5.24,5.15,5.35,5.125,599399,3120565.0,4.26,-2.46,-0.13,1.0
2026-02-17,ALEC,1.88,1.97,2.0,1.86,669248,1296125.0,7.49,5.35,0.1,0.61
2026-02-17,ALEX,20.77,20.77,20.78,20.76,995343,20671209.0,0.1,0.0,0.0,1.37
2026-02-17,ALF,10.71,10.74,10.74,10.71,750295,8058160.0,0.28,0.09,0.01,2.09
2026-02-17,ALFUW,0.22,0.22,0.22,0.22,15000,3301.0,0.0,-5.98,-0.014,0.0
2026-02-17,ALG,211.95,208.9,211.95,204.31,91185,19090639.0,3.62,-0.92,-1.94,0.76
2026-02-17,ALGM,41.56,41.69,42.22,40.375,2229429,92099807.0,4.35,-1.63,-0.69,1.2
2026-02-17,ALGN,185.91,187.22,190.48,185.51,1351535,252909468.0,2.66,0.24,0.45,1.89
2026-02-17,ALGS,6.97,6.68,6.97,6.23,66187,430320.0,10.71,-3.33,-0.23,1.07
2026-02-17,ALGT,111.27,114.04,115.24,110.535,436091,49622042.0,4.23,2.46,2.74,2.37
2026-02-17,ALH,23.59,23.34,24.12,22.94,385528,9007837.0,5.05,-0.17,-0.04,0.2
2026-02-17,ALHC,20.16,20.59,21.02,20.03,2552972,52735330.0,4.9,1.98,0.4,1.25
2026-02-17,ALIL,30.31,30.314,30.37,30.25,408,12377.0,0.39,-0.95,-0.29,0.0
2026-02-17,ALIS,9.99,9.99,9.99,9.99,10147,101368.0,0.0,0.0,0.0,0.12
2026-02-17,ALISR,0.528,0.57,0.57,0.501,11210,6068.0,13.8,14.0,0.07,0.0
2026-02-17,ALISU,10.4,10.49,10.49,10.4,2082,21734.0,0.85,-1.32,-0.14,0.03
2026-02-17,ALIT,1.31,1.29,1.345,1.26,10163357,13245156.0,6.54,-0.77,-0.01,1.9
2026-02-17,ALK,55.15,57.08,57.98,54.8,2353450,134085665.0,5.75,3.27,1.81,2.05
2026-02-17,ALKS,32.81,32.9,33.74,32.6,1581953,52389070.0,3.44,-0.78,-0.26,0.96
2026-02-17,ALKT,16.31,16.28,16.88,15.725,3448624,55639566.0,7.1,0.06,0.01,3.25
2026-02-17,ALL,210.13,212.32,213.24,208.25,2381536,504206048.0,2.4,2.32,4.81,0.92
2026-02-17,ALLE,170.0,162.67,173.97,161.07,2285631,377033920.0,7.19,-9.38,-16.83,2.65
2026-02-17,ALLO,1.8,2.16,2.175,1.79,8545483,17405475.0,21.39,20.0,0.36,3.72
2026-02-17,ALLR,0.85,0.83,0.872,0.79,136415,113624.0,9.7,-1.78,-0.015,0.85
2026-02-17,ALLT,10.16,10.05,10.294,9.782,196999,1978265.0,4.99,-2.05,-0.21,0.41
2026-02-17,ALLW,29.25,29.17,29.25,29.03,471999,13758597.0,0.75,-0.48,-0.14,0.0
2026-02-17,ALLY,41.18,41.29,41.88,40.64,3807725,157150101.0,3.04,1.2,0.49,1.23
2026-02-17,ALL_B,26.22,26.22,26.3,26.16,15709,412022.0,0.54,0.27,0.07,0.0
2026-02-17,ALL_H,21.35,21.5,21.51,21.24,73949,1581546.0,1.27,0.94,0.2,0.16
2026-02-17,ALL_I,19.86,19.94,19.94,19.77,33807,671242.0,0.86,0.61,0.12,0.28
2026-02-17,ALL_J,26.57,26.62,26.72,26.48,48818,1297853.0,0.91,0.45,0.12,0.2
2026-02-17,ALM,13.77,13.53,13.81,12.8,2901355,38673489.0,7.3,-2.24,-0.31,1.14
2026-02-17,ALMS,26.1,26.58,27.075,25.7,936913,24782135.0,5.18,0.15,0.04,0.77
2026-02-17,ALMU,14.43,15.98,16.4,14.1,371744,5759974.0,15.94,10.74,1.55,2.06
2026-02-17,ALNT,66.65,65.98,68.0,65.42,112732,7491681.0,3.87,-1.02,-0.68,0.67
2026-02-17,ALNY,316.8,332.61,336.21,315.625,1516389,503207680.0,6.55,5.79,18.21,1.14
2026-02-17,ALOT,9.33,9.31,9.83,9.31,18786,180028.0,5.59,0.0,0.0,0.25
2026-02-17,ALOVU,10.0,9.98,10.0,9.98,5439,54314.0,0.2,-0.1,-0.01,0.02
2026-02-17,ALPS,0.905,0.9,0.915,0.9,8869,8011.0,1.67,0.0,0.0,0.01
2026-02-17,ALRG,27.3,27.507,27.507,27.3,110,3003.0,0.75,0.22,0.061,0.0
2026-02-17,ALRM,46.24,45.41,46.747,44.91,473545,21499243.0,3.96,-2.09,-0.97,0.95
2026-02-17,ALRS,25.29,25.49,25.9,25.18,117996,3000144.0,2.85,0.95,0.24,0.46
2026-02-17,ALSN,116.91,117.46,118.19,116.35,513738,60361430.0,1.56,-0.28,-0.33,0.62
2026-02-17,ALT,4.54,4.5,4.64,4.48,1885381,8575948.0,3.53,-0.66,-0.03,1.51
2026-02-17,ALTG,6.63,6.82,6.95,6.55,287988,1956639.0,6.02,2.71,0.18,0.9
2026-02-17,ALTG_A,25.1,25.15,25.15,25.1,362,9099.0,0.2,0.04,0.009,0.03
2026-02-17,ALTI,4.33,4.43,4.68,4.26,86116,385089.0,9.59,1.14,0.05,0.06
2026-02-17,ALTL,45.59,45.41,45.61,45.299,6686,303597.0,0.68,0.0,0.0,0.0
2026-02-17,ALTO,2.65,2.54,2.66,2.52,556388,1427402.0,5.22,-5.22,-0.14,0.72
2026-02-17,ALTS,1.47,1.43,1.505,1.38,2029791,2942950.0,8.39,-4.03,-0.06,1.61
2026-02-17,ALTY,12.42,12.434,12.445,12.342,15669,194310.0,0.83,-0.01,-0.001,0.0
2026-02-17,ALUB,10.04,10.04,10.04,10.04,780,7831.0,0.0,-0.1,-0.01,0.0
2026-02-17,ALUB_U,10.17,10.17,10.17,10.17,720,7321.0,0.0,0.0,0.0,0.0
2026-02-17,ALUB_WS,0.45,0.45,0.45,0.41,700,307.0,8.89,0.0,0.0,0.0
2026-02-17,ALUR,1.17,1.08,1.17,1.05,48404,52346.0,10.71,-3.57,-0.04,0.39
2026-02-17,ALUR_WS,0.018,0.021,0.021,0.018,2274,45.0,14.29,0.0,0.0,0.0
2026-02-17,ALV,125.4,125.43,126.142,123.27,577244,72215398.0,2.3,0.36,0.45,0.77
2026-02-17,ALVO,4.68,4.64,4.69,4.38,530928,2409865.0,6.68,0.0,0.0,0.17
2026-02-17,ALVOW,0.303,0.303,0.303,0.303,45,17.0,0.0,0.0,0.0,0.0
2026-02-17,ALX,232.32,229.32,232.49,225.3,89956,20610309.0,3.07,-1.95,-4.55,1.76
2026-02-17,ALXO,2.15,2.27,2.345,2.12,446958,998188.0,10.18,2.71,0.06,0.34
2026-02-17,ALZN,1.67,1.65,1.71,1.58,97945,159985.0,7.98,1.23,0.02,2.57
2026-02-17,AM,21.45,21.45,21.51,21.154,3894716,83237492.0,1.66,0.0,0.0,0.82
2026-02-17,AMAL,41.49,41.01,41.7,40.71,134092,5510588.0,2.39,-0.92,-0.38,0.45
2026-02-17,AMAT,351.0,359.13,362.63,347.66,8791276,3144206944.0,4.22,1.19,4.22,1.11
2026-02-17,AMAX,8.02,8.029,8.058,7.99,15838,127160.0,0.84,-0.57,-0.046,0.0
2026-02-17,AMBA,65.33,65.79,66.96,64.01,368324,24219579.0,4.46,-0.63,-0.42,0.86
2026-02-17,AMBO,2.37,2.315,2.37,2.315,1330,3110.0,2.33,-1.91,-0.045,0.05
2026-02-17,AMBP,4.86,4.81,4.86,4.76,788939,3797327.0,2.06,-1.03,-0.05,0.13
2026-02-17,AMBQ,29.14,29.63,30.095,28.51,200188,5890287.0,5.36,0.14,0.04,0.96
2026-02-17,AMBR,2.35,2.18,2.39,2.15,73978,170454.0,9.88,-10.29,-0.25,0.08
2026-02-17,AMC,1.25,1.25,1.28,1.22,49847154,62232743.0,4.88,1.63,0.02,9.7
2026-02-17,AMCI,6.2,6.21,6.357,6.11,18762,116553.0,3.95,-0.64,-0.04,0.08
2026-02-17,AMCR,50.0,49.56,50.02,48.94,5065404,250765275.0,2.16,-1.06,-0.53,1.1
2026-02-17,AMCX,7.62,8.25,8.32,7.54,704158,5701319.0,10.33,9.27,0.7,1.65
2026-02-17,AMD,202.145,203.08,205.3,194.83,33712081,6771831040.0,5.05,-2.05,-4.24,2.07
2026-02-17,AMDD,9.4,9.37,9.72,9.265,10611162,100138545.0,4.96,2.07,0.19,0.0
2026-02-17,AMDG,21.55,21.615,22.09,19.87,102242,2153917.0,9.84,-4.15,-0.935,0.0
2026-02-17,AMDL,12.65,12.76,13.05,11.73,10639291,132384702.0,9.92,-4.13,-0.55,0.0
2026-02-17,AMDW,43.42,43.45,44.085,41.74,38386,1654762.0,5.24,-2.97,-1.33,0.0
2026-02-17,AMDY,31.36,31.61,31.855,30.5,81315,2547499.0,4.22,-1.53,-0.49,0.0
2026-02-17,AME,228.71,233.33,234.19,228.59,1035685,240924781.0,2.44,1.55,3.57,0.45
2026-02-17,AMG,331.95,323.01,332.85,319.35,469220,151754392.0,4.09,-2.06,-6.78,1.76
2026-02-17,AMGN,370.88,373.36,374.77,369.0,2255695,841226672.0,1.56,1.13,4.17,0.42
2026-02-17,AMH,31.87,31.5,32.025,31.255,3072835,96718678.0,2.44,-0.38,-0.12,0.84
2026-02-17,AMH_G,23.07,23.04,23.07,22.81,4387,100440.0,1.13,0.24,0.055,0.0
2026-02-17,AMH_H,23.9,23.83,24.04,23.83,3026,72435.0,0.88,-0.55,-0.132,0.0
2026-02-17,AMID,34.851,34.61,34.93,34.47,11234,389436.0,1.32,-0.83,-0.289,0.0
2026-02-17,AMIX,0.39,0.366,0.39,0.363,204637,76135.0,7.05,-4.44,-0.017,1.79
2026-02-17,AMJB,34.17,34.13,34.34,33.83,28434,970488.0,1.49,-0.61,-0.21,0.0
2026-02-17,AMKR,46.92,46.84,47.09,44.29,6660389,305855152.0,5.9,-1.35,-0.64,2.69
2026-02-17,AMLP,51.15,51.39,51.64,50.855,2549570,130702707.0,1.53,0.16,0.08,0.0
2026-02-17,AMLX,14.0,14.13,14.7,13.87,600257,8544388.0,5.88,0.07,0.01,0.55
2026-02-17,AMN,16.25,16.39,16.69,15.651,2162859,35179628.0,6.39,0.86,0.14,5.6
2026-02-17,AMOD,0.591,0.579,0.615,0.561,218881,128337.0,9.15,-1.86,-0.011,0.52
2026-02-17,AMODW,0.077,0.077,0.077,0.077,164,11.0,0.0,0.0,0.0,0.0
2026-02-17,AMOM,50.69,51.087,51.42,50.69,2841,145627.0,1.43,0.23,0.118,0.0
2026-02-17,AMP,481.68,468.78,482.0,468.73,740353,349275264.0,2.8,-1.03,-4.89,0.81
2026-02-17,AMPG,2.7,2.66,2.74,2.56,495939,1312288.0,6.67,-1.48,-0.04,1.97
2026-02-17,AMPGR,0.209,0.209,0.209,0.209,668,139.0,0.0,29.81,0.048,0.0
2026-02-17,AMPGW,0.066,0.06,0.066,0.057,7552,482.0,9.0,-40.0,-0.04,0.0
2026-02-17,AMPGZ,0.23,0.3,0.3,0.23,7044,1985.0,40.0,71.43,0.125,0.0
2026-02-17,AMPH,28.65,28.45,29.23,28.39,316867,9053395.0,2.95,-0.18,-0.05,0.69
2026-02-17,AMPL,6.3,6.34,6.415,6.0,3328265,20785118.0,6.55,0.0,0.0,2.49
2026-02-17,AMPX,9.78,9.77,9.99,9.23,4344533,41862431.0,7.62,-2.01,-0.2,3.23
2026-02-17,AMPX_WS,3.5,3.7,3.7,3.38,13446,47333.0,8.42,-2.63,-0.1,0.0
2026-02-17,AMPY,5.4,5.17,5.42,5.1,430435,2233163.0,5.9,-4.61,-0.25,1.06
2026-02-17,AMR,182.98,181.41,185.71,178.75,194295,35409211.0,3.75,-2.22,-4.11,1.52
2026-02-17,AMRC,32.71,32.49,33.06,31.15,489459,15698405.0,5.84,-0.58,-0.19,0.93
2026-02-17,AMRN,14.72,15.64,15.85,14.49,155196,2411077.0,9.23,6.11,0.9,0.75
2026-02-17,AMRX,14.9,15.19,15.42,14.85,2701752,41099944.0,3.85,2.5,0.37,0.86
2026-02-17,AMRZ,56.6,57.39,57.966,56.13,4501949,257639441.0,3.12,-2.45,-1.44,0.81
2026-02-17,AMS,2.17,2.2,2.25,2.17,4212,9298.0,3.56,-2.22,-0.05,0.06
2026-02-17,AMSC,33.64,36.66,36.82,32.62,1667216,59592342.0,12.26,7.01,2.4,3.5
2026-02-17,AMSF,38.18,38.18,38.54,37.905,135985,5186478.0,1.67,0.5,0.19,0.72
2026-02-17,AMST,1.84,1.81,1.905,1.79,11886,22129.0,6.22,-2.16,-0.04,0.26
2026-02-17,AMT,192.5,193.09,193.62,189.925,3166158,610061200.0,1.92,0.52,0.99,0.68
2026-02-17,AMTB,22.52,22.73,22.88,22.0,165817,3767279.0,3.92,1.29,0.29,0.41
2026-02-17,AMTD,1.0,1.02,1.03,1.0,13991,14209.0,2.95,0.39,0.004,0.02
2026-02-17,AMTM,30.72,30.05,30.95,30.0,1814251,54934413.0,3.06,-3.06,-0.95,0.74
2026-02-17,AMTX,1.51,1.5,1.56,1.452,464377,700847.0,7.11,-1.32,-0.02,0.7
2026-02-17,AMUB,21.58,21.55,21.58,21.55,484,10444.0,0.14,0.18,0.038,0.0
2026-02-17,AMUN,26.08,26.089,26.089,26.08,109,2843.0,0.03,-0.08,-0.021,0.0
2026-02-17,AMUU,44.47,44.88,45.73,41.21,122624,5363912.0,9.67,-3.98,-1.86,0.0
2026-02-17,AMWD,59.12,58.03,59.75,57.635,159007,9286572.0,3.6,-1.24,-0.73,1.09
2026-02-17,AMWL,5.31,5.53,5.61,4.94,172159,916538.0,12.41,2.41,0.13,1.04
2026-02-17,AMX,23.63,24.34,24.435,23.58,3399942,82425923.0,3.59,2.14,0.51,0.11
2026-02-17,AMYY,17.87,17.86,18.09,17.45,29469,523571.0,3.51,-2.01,-0.366,0.0
2026-02-17,AMZA,44.78,44.72,45.0,44.2,42435,1893131.0,1.79,-0.09,-0.04,0.0
2026-02-17,AMZD,11.65,11.483,11.77,11.45,9439725,109042746.0,2.76,-1.14,-0.132,0.0
2026-02-17,AMZE,0.351,0.338,0.36,0.304,1263180,422475.0,15.95,-3.7,-0.013,3.54
2026-02-17,AMZN,198.125,201.15,201.736,196.0,69879200,13968603648.0,2.89,1.19,2.36,0.65
2026-02-17,AMZP,22.43,22.86,22.88,22.25,31949,724133.0,2.8,1.69,0.38,0.0
2026-02-17,AMZU,25.055,25.85,25.966,24.54,5336734,135536376.0,5.65,2.46,0.62,0.0
2026-02-17,AMZW,33.44,34.11,34.184,33.25,32623,1102093.0,2.77,1.04,0.35,0.0
2026-02-17,AMZY,10.99,11.13,11.155,10.91,409054,4532137.0,2.23,1.09,0.12,0.0
2026-02-17,AMZZ,22.72,23.4,23.46,22.21,245726,5643788.0,5.48,2.68,0.61,0.0
2026-02-17,AN,199.99,200.15,202.99,197.23,409523,81798871.0,2.85,-0.8,-1.61,1.18
2026-02-17,ANAB,53.1,53.695,54.58,52.73,267623,14371411.0,3.49,1.16,0.615,0.96
2026-02-17,ANDE,69.0,67.01,69.55,66.72,355527,23990136.0,4.1,-2.93,-2.02,1.05
2026-02-17,ANDG,20.88,21.63,21.71,20.391,224504,4748731.0,6.37,4.44,0.92,0.2
2026-02-17,ANEB,0.472,0.481,0.499,0.472,31736,15238.0,5.64,0.42,0.002,0.08
2026-02-17,ANEL,17.96,18.133,18.45,17.655,106555,1890254.0,4.45,1.45,0.259,0.0
2026-02-17,ANET,140.64,142.58,145.0,140.0,8724172,1238145296.0,3.53,0.7,0.99,0.69
2026-02-17,ANEW,48.69,48.796,48.95,48.59,1472,71894.0,0.74,-0.07,-0.034,0.0
2026-02-17,ANF,95.5,94.11,97.23,92.0,1135826,106812353.0,5.58,0.44,0.41,2.48
2026-02-17,ANGH,2.36,2.35,2.71,2.292,21148,53422.0,18.41,3.52,0.08,0.32
2026-02-17,ANGI,8.01,7.92,8.15,7.72,1165783,9207734.0,5.31,-2.22,-0.18,2.91
2026-02-17,ANGL,29.68,29.67,29.69,29.63,1002062,29716856.0,0.2,-0.1,-0.03,0.0
2026-02-17,ANGO,11.0,11.26,11.325,10.91,323202,3617612.0,3.78,2.64,0.29,0.78
2026-02-17,ANGX,3.26,3.18,3.342,3.125,685232,2188912.0,6.64,-2.75,-0.09,0.41
2026-02-17,ANG_D,25.25,25.25,25.25,25.215,12640,319007.0,0.14,0.04,0.01,0.11
2026-02-17,ANIK,10.24,10.42,10.46,10.22,118881,1233031.0,2.35,2.06,0.21,0.86
2026-02-17,ANIP,78.08,78.9,80.1,77.66,220982,17491505.0,3.15,1.99,1.54,0.98
2026-02-17,ANIX,2.8,2.88,2.88,2.74,112328,316067.0,4.96,2.13,0.06,0.34
2026-02-17,ANL,9.22,9.62,9.95,9.22,350482,3421833.0,7.68,1.16,0.11,0.6
2026-02-17,ANNA,2.5,2.31,2.51,2.31,8577,20794.0,7.81,-9.77,-0.25,0.01
2026-02-17,ANNX,4.89,5.04,5.11,4.79,2090401,10455340.0,6.54,3.07,0.15,1.44
2026-02-17,ANPA,42.99,18.03,43.03,18.03,205887,4840577.0,80.31,-42.08,-13.1,1.65
2026-02-17,ANRO,16.63,19.26,19.35,16.63,333060,6190500.0,16.1,14.03,2.37,1.04
2026-02-17,ANSC,11.236,11.23,11.236,11.22,1414,15880.0,0.14,-0.09,-0.01,0.0
2026-02-17,ANSCU,11.1,11.1,11.1,11.1,2,22.0,0.0,0.0,0.0,0.0
2026-02-17,ANSCW,0.32,0.295,0.32,0.295,8574,2741.0,7.86,-7.23,-0.023,0.0
2026-02-17,ANTA,9.08,9.08,9.08,9.08,402,3534.0,0.0,0.0,0.0,0.0
2026-02-17,ANTX,1.06,1.05,1.078,1.03,67427,71044.0,4.53,-0.94,-0.01,0.25
2026-02-17,ANV,24.84,24.84,24.84,24.84,25,618.0,0.0,0.67,0.165,0.0
2026-02-17,ANVS,2.35,2.38,2.409,2.281,339634,800108.0,5.4,0.42,0.01,1.25
2026-02-17,ANY,1.35,1.23,1.36,1.155,160909,194221.0,15.19,-8.89,-0.12,4.74
2026-02-17,AOA,92.26,92.61,92.77,91.8,110304,10185443.0,1.05,0.02,0.02,0.0
2026-02-17,AOCT,26.59,26.645,26.645,26.59,2149,57165.0,0.21,-0.06,-0.015,0.0
2026-02-17,AOD,10.36,10.42,10.435,10.33,704529,7312422.0,1.01,0.58,0.06,0.0
2026-02-17,AOHY,11.16,11.175,11.18,11.15,46351,517797.0,0.27,0.01,0.001,0.0
2026-02-17,AOK,41.03,41.03,41.06,40.9,177146,7263288.0,0.39,0.1,0.04,0.0
2026-02-17,AOM,48.73,48.81,48.89,48.635,182309,8891805.0,0.52,0.02,0.01,0.0
2026-02-17,AOMD,25.23,25.38,25.83,25.21,10650,271151.0,2.46,0.71,0.18,0.0
2026-02-17,AOMN,25.33,25.39,25.45,25.32,2578,65440.0,0.51,0.28,0.07,0.0
2026-02-17,AOMR,9.11,9.14,9.2,9.045,79631,728032.0,1.7,0.22,0.02,0.32
2026-02-17,AON,324.85,325.96,329.57,320.0,1862344,605191536.0,2.97,1.32,4.26,0.87
2026-02-17,AOR,66.78,66.88,66.965,66.44,490206,32717905.0,0.79,0.04,0.03,0.0
2026-02-17,AORT,36.79,36.5,37.27,35.74,1175963,42720930.0,4.18,-0.27,-0.1,2.46
2026-02-17,AOS,80.1,79.47,80.9,78.79,1249592,99397847.0,2.62,-1.23,-0.99,0.9
2026-02-17,AOSL,22.33,22.71,23.08,21.67,461618,10412177.0,6.23,0.26,0.06,1.55
2026-02-17,AOTG,49.16,49.417,49.72,48.62,9532,470158.0,2.22,-0.48,-0.239,0.0
2026-02-17,AOTS,21.59,21.62,21.68,21.39,1739,37528.0,1.34,-0.14,-0.03,0.0
2026-02-17,AOUT,8.7,8.68,8.95,8.5,32318,280817.0,5.18,0.0,0.0,0.26
2026-02-17,AP,7.735,7.6,7.8,7.1,300103,2247805.0,8.99,-2.44,-0.19,1.48
2026-02-17,APA,28.0,27.34,28.5,26.77,4805840,131358094.0,6.2,-2.08,-0.58,1.36
2026-02-17,APAC,10.01,10.01,10.01,10.01,157,1572.0,0.0,0.2,0.02,0.0
2026-02-17,APACR,0.15,0.15,0.15,0.15,33,5.0,0.0,0.0,0.0,0.0
2026-02-17,APACU,10.565,10.565,10.565,10.565,143,1493.0,0.0,0.0,0.0,0.0
2026-02-17,APAD,10.1,10.1,10.1,10.1,101,1021.0,0.0,0.0,0.0,0.0
2026-02-17,APADR,0.25,0.25,0.251,0.25,47252,11815.0,0.41,2.88,0.007,0.0
2026-02-17,APADU,10.384,10.384,10.384,10.384,1,10.0,0.0,0.0,0.0,0.0
2026-02-17,APAM,42.97,42.39,43.11,41.697,585351,24807469.0,3.32,-0.47,-0.2,0.73
2026-02-17,APC,17.99,17.9,18.5,17.85,226416,4107835.0,3.61,-0.56,-0.1,0.49
2026-02-17,APCB,30.05,29.97,30.05,29.935,75372,2259547.0,0.38,0.03,0.01,0.0
2026-02-17,APD,281.75,277.69,281.75,275.73,1601557,445794768.0,2.15,-0.73,-2.05,0.72
2026-02-17,APEI,44.59,44.3,46.06,43.284,206189,9096047.0,6.23,-0.65,-0.29,1.14
2026-02-17,APG,44.32,44.43,44.905,43.73,2302424,102501253.0,2.65,0.05,0.02,0.53
2026-02-17,APGE,67.51,69.64,70.18,66.0,609576,41935541.0,6.17,2.74,1.86,0.89
2026-02-17,APH,144.75,148.57,149.31,143.03,6844790,1007902768.0,4.28,1.26,1.85,0.56
2026-02-17,API,4.64,4.79,5.1,4.64,619211,3022772.0,10.02,4.36,0.2,0.71
2026-02-17,APIE,38.12,38.23,38.45,38.019,70960,2715801.0,1.12,-0.23,-0.09,0.0
2026-02-17,APLD,34.25,33.56,34.68,32.39,21378144,710846160.0,6.49,-4.88,-1.72,7.65
2026-02-17,APLE,12.33,12.29,12.41,12.09,1815956,22285811.0,2.61,0.16,0.02,0.77
2026-02-17,APLM,19.935,20.23,20.5,19.935,6268,126478.0,2.85,2.22,0.44,0.29
2026-02-17,APLS,21.68,21.57,21.93,21.3,1523560,32964413.0,2.9,-0.6,-0.13,1.19
2026-02-17,APLU,25.24,25.26,25.27,25.24,8786,221932.0,0.12,0.02,0.005,0.0
2026-02-17,APLX,78.84,75.88,80.95,70.11,540992,40304158.0,12.96,-9.29,-7.77,0.0
2026-02-17,APLY,12.15,12.4,12.512,12.1,208695,2583450.0,3.4,2.39,0.29,0.0
2026-02-17,APLZ,14.87,15.36,16.19,14.48,324899,5080298.0,12.24,9.95,1.39,0.0
2026-02-17,APM,0.775,0.789,0.8,0.775,11705,9255.0,3.19,0.77,0.006,0.14
2026-02-17,APMU,25.4,25.43,25.44,25.39,14732,374470.0,0.2,0.04,0.01,0.0
2026-02-17,APO,125.58,125.15,126.31,123.47,4175495,521846976.0,2.27,0.06,0.08,0.72
2026-02-17,APOC,26.33,26.308,26.33,26.251,1600585,42057922.0,0.3,0.06,0.016,0.0
2026-02-17,APOG,41.5,41.23,42.065,41.0,119757,4945596.0,2.57,-0.51,-0.21,0.56
2026-02-17,APOS,26.46,26.54,26.6,26.38,23987,635507.0,0.83,0.61,0.16,0.0
2026-02-17,APO_A,64.89,65.11,65.42,64.34,230558,15015152.0,1.67,0.72,0.465,0.0
2026-02-17,APP,384.0,376.38,388.11,368.18,5212097,1967881536.0,5.1,-3.63,-14.17,1.55
2026-02-17,APPF,177.91,168.79,179.0,166.36,606790,102821974.0,7.08,-5.39,-9.62,1.69
2026-02-17,APPN,23.0,23.04,23.245,22.57,1359527,31211948.0,2.95,0.74,0.17,1.84
2026-02-17,APPS,4.12,4.04,4.15,3.85,2989984,11952596.0,7.16,-3.58,-0.15,2.49
2026-02-17,APPX,9.23,8.86,9.4,8.48,3485407,31167639.0,9.6,-7.52,-0.72,0.0
2026-02-17,APRB,25.66,25.694,25.694,25.65,1756,45052.0,0.17,0.08,0.021,0.0
2026-02-17,APRE,0.609,0.6,0.61,0.551,250487,143032.0,9.69,-1.48,-0.009,2.19
2026-02-17,APRH,24.78,24.834,24.835,24.77,5363,133022.0,0.26,0.04,0.009,0.0
2026-02-17,APRJ,24.72,24.71,24.72,24.68,7043,173992.0,0.16,-0.06,-0.015,0.0
2026-02-17,APRP,29.82,29.94,29.94,29.82,4880,145924.0,0.4,0.2,0.06,0.0
2026-02-17,APRT,41.84,41.936,41.936,41.84,451,18885.0,0.23,0.18,0.074,0.0
2026-02-17,APRW,35.06,35.075,35.09,35.04,15127,530366.0,0.14,0.1,0.034,0.0
2026-02-17,APRZ,37.241,37.241,37.241,37.241,197,7323.0,0.0,0.13,0.048,0.0
2026-02-17,APT,5.1,5.04,5.3,5.03,35388,182956.0,5.2,-2.89,-0.15,0.35
2026-02-17,APTV,84.99,82.77,85.75,81.663,1723127,143222376.0,4.8,-2.85,-2.43,0.81
2026-02-17,APUE,41.77,41.93,42.1,41.5,146636,6147563.0,1.43,0.06,0.025,0.0
2026-02-17,APUS,1.22,1.15,1.25,1.15,23241,28091.0,8.13,-6.5,-0.08,0.18
2026-02-17,APVO,7.015,7.15,7.698,6.88,43842,316798.0,12.19,6.56,0.44,4.39
2026-02-17,APWC,1.676,1.68,1.68,1.675,4227,7099.0,0.3,1.2,0.02,0.02
2026-02-17,APXM,31.17,31.17,31.17,31.17,42,1309.0,0.0,0.0,0.0,0.0
2026-02-17,APXT,9.975,9.99,9.99,9.97,205749,2051354.0,0.2,0.1,0.01,0.45
2026-02-17,APXTU,10.12,10.11,10.14,10.11,4255,43071.0,0.3,0.1,0.01,0.01
2026-02-17,APYX,3.73,3.84,3.95,3.58,127748,480456.0,9.95,3.23,0.12,0.31
2026-02-17,AQB,0.89,0.885,0.935,0.885,15816,14251.0,5.56,-1.67,-0.015,0.31
2026-02-17,AQEC,25.16,25.23,25.28,25.07,35017,879784.0,0.83,0.06,0.015,0.0
2026-02-17,AQLT,29.3,29.37,29.444,29.09,62823,1837020.0,1.21,0.24,0.07,0.0
2026-02-17,AQMS,4.63,4.63,4.693,4.37,30532,139555.0,6.84,-1.91,-0.09,1.02
2026-02-17,AQN,6.82,6.76,6.86,6.75,4079487,27771486.0,1.62,-0.73,-0.05,0.53
2026-02-17,AQNB,25.9,25.97,25.98,25.875,16021,415295.0,0.41,0.35,0.09,0.0
2026-02-17,AQST,3.655,3.88,3.9,3.65,2194718,8355045.0,6.85,6.3,0.23,1.8
2026-02-17,AQWA,20.79,20.69,20.79,20.52,76599,1582774.0,1.3,-0.72,-0.149,0.0
2026-02-17,AR,34.81,33.63,34.96,32.81,5496135,183700891.0,6.19,-3.25,-1.13,1.78
2026-02-17,ARAI,1.24,1.19,1.318,1.14,1123341,1393619.0,15.21,1.71,0.02,3.08
2026-02-17,ARAY,0.555,0.508,0.557,0.498,1103426,565090.0,10.77,-7.3,-0.04,0.93
2026-02-17,ARB,29.23,29.16,29.23,29.12,9011,262923.0,0.38,-0.1,-0.028,0.0
2026-02-17,ARBB,5.14,4.99,5.23,4.8,7506,37715.0,8.2,-4.86,-0.255,0.43
2026-02-17,ARBE,1.11,1.08,1.12,1.06,1022344,1118336.0,5.41,-2.7,-0.03,0.85
2026-02-17,ARBEW,0.097,0.106,0.106,0.097,434,43.0,7.69,-9.4,-0.011,0.0
2026-02-17,ARBK,2.82,2.89,2.9,2.76,15830,44899.0,4.96,2.48,0.07,4.74
2026-02-17,ARCB,104.97,104.98,107.47,104.73,289593,30510223.0,2.62,0.56,0.58,1.3
2026-02-17,ARCC,19.4,19.3,19.64,19.09,7482248,144370504.0,2.84,-0.36,-0.07,1.04
2026-02-17,ARCIU,10.05,10.05,10.065,10.05,232230,2333922.0,0.15,0.0,0.0,0.94
2026-02-17,ARCM,100.335,100.335,100.335,100.335,25,2508.0,0.0,0.01,0.01,0.0
2026-02-17,ARCO,8.34,8.36,8.395,8.1,1125197,9325364.0,3.53,0.0,0.0,0.53
2026-02-17,ARCT,7.17,7.4,7.47,7.17,296398,2177678.0,4.16,2.64,0.19,1.04
2026-02-17,ARCX,26.41,27.49,27.8,25.41,22493,597439.0,8.81,1.29,0.35,0.0
2026-02-17,ARDC,13.15,13.19,13.23,13.142,85031,1120709.0,0.67,-0.3,-0.04,0.0
2026-02-17,ARDT,9.68,9.78,9.91,9.55,448326,4393648.0,3.75,1.88,0.18,0.31
2026-02-17,ARDX,7.01,6.76,7.01,6.72,3566232,24229336.0,4.22,-1.6,-0.11,1.45
2026-02-17,ARE,54.0,54.41,55.01,52.23,2271633,122545933.0,5.3,3.66,1.92,1.31
2026-02-17,AREA,20.351,20.351,20.351,20.351,128,2594.0,0.0,1.12,0.226,0.0
2026-02-17,AREB,0.255,0.175,0.276,0.165,14643618,2920246.0,37.37,-41.08,-0.122,137.7
2026-02-17,AREBW,0.012,0.008,0.013,0.008,14276,157.0,62.5,0.0,0.0,0.0
2026-02-17,AREC,3.02,2.97,3.05,2.85,2728236,8037377.0,6.49,-3.57,-0.11,2.55
2026-02-17,AREN,3.38,3.21,3.402,3.115,41950,135204.0,8.52,-4.75,-0.16,0.09
2026-02-17,ARES,133.84,130.41,135.08,128.105,3593703,469485904.0,5.21,-2.59,-3.47,1.1
2026-02-17,ARES_B,43.85,43.13,44.02,42.19,784300,33747061.0,4.18,-1.42,-0.62,0.0
2026-02-17,ARGT,91.57,90.7,92.18,88.67,219951,19815747.0,3.8,-1.83,-1.69,0.0
2026-02-17,ARGX,827.5,843.55,852.83,823.17,288573,242048340.0,3.61,2.63,21.59,0.47
2026-02-17,ARHS,9.19,8.99,9.39,8.85,1095057,9812138.0,5.84,-2.81,-0.26,0.78
2026-02-17,ARI,10.62,10.68,10.74,10.53,1066953,11368264.0,1.98,0.56,0.06,0.76
2026-02-17,ARKB,22.58,22.48,22.645,22.09,6051192,135383516.0,2.43,-1.49,-0.34,0.0
2026-02-17,ARKD,18.875,18.956,18.956,18.875,331,6256.0,0.43,0.05,0.009,0.0
2026-02-17,ARKF,37.31,37.9,38.23,37.04,302609,11393944.0,3.17,0.85,0.32,0.0
2026-02-17,ARKG,28.45,28.93,29.325,28.24,2543794,73316636.0,3.83,2.01,0.57,0.0
2026-02-17,ARKK,69.47,70.3,71.085,68.47,10606786,741299120.0,3.72,0.07,0.05,0.0
2026-02-17,ARKO,6.36,6.13,6.54,6.07,610036,3767356.0,7.42,-3.16,-0.2,0.55
2026-02-17,ARKQ,120.51,122.14,123.173,119.27,161450,19569492.0,3.2,0.22,0.27,0.0
2026-02-17,ARKR,6.875,6.75,6.875,6.75,1512,10270.0,1.84,-0.44,-0.03,0.04
2026-02-17,ARKT,17.68,17.974,17.974,17.68,132,2346.0,1.64,0.11,0.019,0.0
2026-02-17,ARKW,121.97,122.33,123.5,119.513,154754,18883443.0,3.24,-0.74,-0.91,0.0
2026-02-17,ARKX,31.13,31.62,31.87,30.85,743579,23455806.0,3.25,0.76,0.24,0.0
2026-02-17,ARL,17.2,17.15,18.0,17.15,2020,35746.0,4.96,0.0,0.0,0.01
2026-02-17,ARLO,11.28,11.66,11.74,11.27,1116502,12962132.0,4.12,2.1,0.24,1.06
2026-02-17,ARLP,25.81,25.61,25.94,25.15,419524,10685281.0,3.06,-0.81,-0.21,0.33
2026-02-17,ARLU,30.18,30.216,30.25,29.99,5998,180907.0,0.86,0.09,0.027,0.0
2026-02-17,ARM,124.5,126.89,127.0,120.58,4268855,533890224.0,5.12,1.29,1.61,0.4
2026-02-17,ARMG,7.01,7.32,7.325,6.6,1125252,7902238.0,10.14,2.38,0.17,0.0
2026-02-17,ARMH,52.89,53.396,53.396,51.5,223,11646.0,3.62,1.88,0.984,0.0
2026-02-17,ARMK,39.56,39.27,39.91,39.03,2516480,98921016.0,2.26,0.74,0.29,0.96
2026-02-17,ARMP,8.17,8.15,8.17,7.85,15677,126961.0,3.93,0.0,0.0,0.04
2026-02-17,ARMU,17.24,18.03,18.07,16.43,20292,352919.0,9.35,2.79,0.49,0.0
2026-02-17,ARMW,28.7,29.75,29.75,27.991,18766,551628.0,5.94,0.54,0.16,0.0
2026-02-17,AROC,32.78,32.7,33.03,32.235,1373055,44843969.0,2.43,0.12,0.04,0.79
2026-02-17,AROW,34.76,34.96,35.2,34.74,66729,2338353.0,1.33,0.84,0.29,0.41
2026-02-17,ARP,32.44,32.402,32.44,32.12,2754,89102.0,0.98,-0.93,-0.304,0.0
2026-02-17,ARQ,3.58,3.41,3.58,3.355,321246,1098430.0,6.27,-5.01,-0.18,0.75
2026-02-17,ARQQ,16.9,16.53,16.9,16.062,157797,2596807.0,4.93,-2.76,-0.47,1.01
2026-02-17,ARQQW,0.178,0.16,0.178,0.158,8248,1370.0,11.98,-4.19,-0.007,0.0
2026-02-17,ARQT,25.85,26.61,26.665,25.5,1177917,31041446.0,4.51,2.9,0.75,0.96
2026-02-17,ARR,18.12,17.78,18.17,17.605,3957135,70376413.0,3.09,-2.84,-0.52,3.31
2026-02-17,ARRY,11.11,11.29,11.335,10.77,4969725,55386189.0,5.06,1.16,0.13,3.25
2026-02-17,ARR_C,21.29,21.24,21.29,21.04,20061,425493.0,1.18,0.19,0.04,0.0
2026-02-17,ARTCU,9.96,9.945,9.96,9.945,504311,5017931.0,0.15,-0.15,-0.015,1.93
2026-02-17,ARTL,1.23,1.13,1.23,1.13,30436,35231.0,8.33,-5.83,-0.07,1.51
2026-02-17,ARTNA,33.8,33.55,33.98,33.22,26827,901536.0,2.25,-0.56,-0.19,0.26
2026-02-17,ARTV,3.96,4.11,4.2,3.87,82990,339153.0,8.25,2.75,0.11,0.34
2026-02-17,ARTW,2.35,2.36,2.44,2.26,35901,84859.0,7.66,0.43,0.01,0.69
2026-02-17,ARTY,50.28,50.59,50.9,49.54,508757,25546489.0,2.66,-0.92,-0.47,0.0
2026-02-17,ARVN,11.56,11.44,11.88,11.43,748864,8678433.0,3.86,-1.8,-0.21,1.18
2026-02-17,ARVR,46.488,46.488,46.488,46.488,12,556.0,0.0,-0.6,-0.28,0.0
2026-02-17,ARW,155.32,152.79,155.365,152.04,527453,80720743.0,2.13,-2.18,-3.4,1.03
2026-02-17,ARWG,24.67,24.9,25.09,24.51,15727,392838.0,2.35,0.68,0.167,0.0
2026-02-17,ARWR,63.25,63.69,64.22,62.36,1663517,105638432.0,2.91,-0.2,-0.13,1.19
2026-02-17,ARX,10.7,10.48,10.977,10.28,981045,10358215.0,6.53,-1.78,-0.19,0.44
2026-02-17,AS,39.85,40.26,40.83,39.28,3213611,128670975.0,3.89,1.13,0.45,0.58
2026-02-17,ASA,69.03,66.91,70.715,65.8,147215,9921205.0,6.87,-6.43,-4.6,0.76
2026-02-17,ASAN,7.56,7.36,7.75,7.31,7797658,58088010.0,5.82,-2.65,-0.2,3.28
2026-02-17,ASB,27.88,28.23,28.36,27.7,2228788,62589013.0,2.37,1.36,0.38,1.34
2026-02-17,ASBA,24.89,24.95,24.96,24.82,9748,242808.0,0.57,0.77,0.19,0.0
2026-02-17,ASBP,1.43,1.59,1.63,1.36,297419,453806.0,18.88,11.19,0.16,5.92
2026-02-17,ASBPW,0.018,0.02,0.02,0.018,17501,332.0,10.0,0.0,0.0,0.0
2026-02-17,ASB_E,21.43,21.52,21.53,21.43,6187,132995.0,0.47,0.42,0.09,0.15
2026-02-17,ASB_F,20.625,20.82,20.83,20.625,5232,108722.0,0.99,0.97,0.2,0.13
2026-02-17,ASC,13.62,14.03,14.12,13.615,1239049,17205562.0,3.72,3.31,0.45,3.04
2026-02-17,ASCE,28.62,28.927,28.95,28.44,25914,749024.0,1.77,0.65,0.187,0.0
2026-02-17,ASCI,35.02,35.512,35.512,35.01,2329,81855.0,1.42,0.34,0.119,0.0
2026-02-17,ASEA,20.0,20.15,20.21,20.0,45289,909856.0,1.04,0.1,0.02,0.0
2026-02-17,ASG,5.14,5.17,5.17,5.1,307672,1579709.0,1.36,0.58,0.03,0.0
2026-02-17,ASGI,25.45,24.38,25.45,24.34,519212,12853202.0,4.33,-4.91,-1.26,0.0
2026-02-17,ASGM,28.147,28.259,28.259,28.01,6454,181232.0,0.88,-0.32,-0.09,0.0
2026-02-17,ASGN,41.82,41.25,42.455,40.87,586297,24306733.0,3.83,-0.43,-0.18,1.42
2026-02-17,ASH,61.02,60.23,61.02,59.09,786188,47201076.0,3.17,-1.15,-0.7,1.72
2026-02-17,ASHR,33.8,33.86,33.91,33.65,5000384,169038211.0,0.77,0.53,0.18,0.0
2026-02-17,ASHS,43.72,43.74,43.89,43.551,13240,579208.0,0.78,0.56,0.242,0.0
2026-02-17,ASIA,37.88,37.87,37.95,37.45,4492,169226.0,1.32,-0.34,-0.128,0.0
2026-02-17,ASIC,17.53,17.76,17.79,17.36,153512,2701831.0,2.49,2.66,0.46,0.32
2026-02-17,ASIX,18.65,18.1,18.65,17.98,276852,5023746.0,3.59,-2.95,-0.55,1.03
2026-02-17,ASLE,7.23,7.36,7.41,7.19,169265,1243495.0,3.04,1.66,0.12,0.36
2026-02-17,ASLV,29.21,29.39,29.43,29.21,2895,85059.0,0.74,-0.68,-0.201,0.0
2026-02-17,ASM,9.28,8.99,9.33,8.56,4684967,41766824.0,7.87,-8.17,-0.8,2.79
2026-02-17,ASMB,26.69,27.82,27.855,26.0,78200,2132753.0,6.96,4.35,1.16,0.49
2026-02-17,ASMF,25.483,25.483,25.483,25.483,435,11031.0,0.0,-0.48,-0.124,0.0
2026-02-17,ASMG,37.0,38.3,38.72,36.4,43204,1628063.0,6.19,2.22,0.832,0.0
2026-02-17,ASMH,95.13,94.936,95.56,94.936,6161,586342.0,0.67,1.2,1.122,0.0
2026-02-17,ASML,1392.57,1419.78,1428.5,1382.75,1097175,1547074272.0,3.25,0.94,13.17,0.28
2026-02-17,ASMU,25.015,25.102,25.32,24.945,5345,133840.0,1.52,1.83,0.451,0.0
2026-02-17,ASND,217.43,223.41,225.87,216.1,633560,140709987.0,4.52,3.28,7.09,1.02
2026-02-17,ASNS,0.23,0.215,0.24,0.205,711374,153283.0,15.09,-7.33,-0.017,8.12
2026-02-17,ASO,59.54,59.77,59.81,58.21,757548,44996818.0,2.73,2.07,1.21,1.17
2026-02-17,ASPC,12.55,12.525,12.812,12.18,13217,163833.0,5.06,0.2,0.025,0.57
2026-02-17,ASPCR,0.123,0.153,0.18,0.123,2874,410.0,32.39,-13.07,-0.023,0.0
2026-02-17,ASPCU,11.98,12.4,12.5,11.98,4202,50437.0,4.16,-0.8,-0.1,0.07
2026-02-17,ASPI,5.13,5.385,5.44,4.99,3244431,17032398.0,8.62,3.16,0.165,2.93
2026-02-17,ASPN,3.51,3.56,3.64,3.5,1428811,5089789.0,3.97,0.85,0.03,1.73
2026-02-17,ASPS,5.47,5.82,6.02,5.47,9598,56161.0,10.17,7.58,0.41,0.09
2026-02-17,ASPSW,0.311,0.31,0.311,0.27,6357,1832.0,12.42,-6.06,-0.02,0.0
2026-02-17,ASPSZ,0.221,0.29,0.295,0.211,34748,7752.0,36.52,26.09,0.06,0.0
2026-02-17,ASR,373.51,378.66,378.66,373.04,27018,10172714.0,1.5,1.38,5.15,0.09
2026-02-17,ASRT,12.23,12.05,12.34,11.82,31878,385320.0,4.2,-2.63,-0.325,0.5
2026-02-17,ASRV,3.83,3.72,3.89,3.71,41229,156889.0,5.13,5.98,0.21,0.25
2026-02-17,ASST,8.52,8.18,8.67,7.904,3291551,27345507.0,9.2,-1.8,-0.15,5.22
2026-02-17,ASTC,2.755,2.81,2.81,2.755,2493,6991.0,1.96,0.36,0.01,0.14
2026-02-17,ASTE,58.72,58.77,59.68,57.28,148631,8750167.0,4.05,-0.84,-0.5,0.65
2026-02-17,ASTH,18.87,19.22,19.35,18.59,294968,5640161.0,4.05,2.34,0.44,0.6
2026-02-17,ASTI,6.33,6.05,6.67,5.65,2785066,16739689.0,16.37,-2.89,-0.18,36.2
2026-02-17,ASTL,4.79,4.64,4.79,4.425,1881754,8699646.0,7.57,-3.73,-0.18,1.79
2026-02-17,ASTLW,0.19,0.188,0.227,0.151,45193,7743.0,38.19,-5.53,-0.011,0.0
2026-02-17,ASTN,24.5,22.77,25.06,21.82,124870,2923449.0,14.07,-1.13,-0.26,0.0
2026-02-17,ASTS,80.87,83.03,84.82,78.8,9366187,770222176.0,7.3,0.63,0.52,2.5
2026-02-17,ASTX,40.51,42.44,44.23,38.14,1176256,48436519.0,14.59,1.65,0.69,0.0
2026-02-17,ASUR,7.38,7.15,7.46,7.061,124348,899826.0,5.37,-3.77,-0.28,0.44
2026-02-17,ASX,23.13,23.47,23.7,22.95,8130950,190240323.0,3.21,0.3,0.07,0.37
2026-02-17,ASYS,11.12,11.52,11.74,10.85,251069,2856868.0,7.79,0.88,0.1,1.74
2026-02-17,ATAI,3.68,3.8,3.88,3.65,4235684,16009377.0,6.44,6.44,0.23,1.17
2026-02-17,ATAT,39.18,39.41,39.7,38.82,578860,22734913.0,2.25,0.61,0.24,0.42
2026-02-17,ATCH,0.236,0.25,0.255,0.213,29579778,7363373.0,17.43,3.73,0.009,19.76
2026-02-17,ATCX,6.35,6.02,6.436,5.695,69563,426013.0,11.44,-7.1,-0.46,1.39
2026-02-17,ATEC,13.36,13.5,13.82,13.26,1464852,19808218.0,4.19,1.05,0.14,0.97
2026-02-17,ATEN,20.48,20.06,20.88,20.03,816741,16476188.0,4.11,-3.09,-0.64,1.14
2026-02-17,ATER,0.627,0.578,0.65,0.573,153985,92211.0,12.09,-9.26,-0.059,1.54
2026-02-17,ATEX,31.68,33.82,34.87,31.57,672292,22719167.0,10.35,6.05,1.93,3.59
2026-02-17,ATFV,33.43,33.6,33.66,33.0,24091,805373.0,1.97,0.24,0.08,0.0
2026-02-17,ATGE,95.27,95.59,97.22,94.35,336034,32063967.0,3.0,0.07,0.07,0.97
2026-02-17,ATGL,18.5,16.91,18.5,16.91,7919,139171.0,9.14,-2.82,-0.49,0.05
2026-02-17,ATHE,3.53,3.47,3.56,3.416,10548,36697.0,4.13,-0.46,-0.016,0.06
2026-02-17,ATHM,20.99,20.96,21.22,20.59,672335,14067612.0,3.0,-0.19,-0.04,0.58
2026-02-17,ATHR,4.5,4.93,5.052,4.5,11188,53939.0,11.31,1.02,0.05,0.09
2026-02-17,ATHS,25.32,25.56,25.56,25.262,72971,1851709.0,1.18,1.19,0.3,0.0
2026-02-17,ATH_A,24.56,24.6,24.67,24.502,69347,1704153.0,0.69,0.41,0.1,0.2
2026-02-17,ATH_B,20.21,20.18,20.28,20.09,35897,723801.0,0.94,-0.15,-0.03,0.26
2026-02-17,ATH_D,17.26,17.44,17.45,17.2,34400,594857.0,1.45,0.93,0.16,0.15
2026-02-17,ATH_E,25.94,26.04,26.05,25.84,42946,1114462.0,0.81,0.48,0.125,0.21
2026-02-17,ATI,143.46,146.75,146.94,143.12,2010765,293172672.0,2.65,1.96,2.82,1.47
2026-02-17,ATII,10.595,10.57,10.595,10.57,3148,33324.0,0.24,-0.09,-0.01,0.01
2026-02-17,ATKR,65.78,66.48,66.58,64.76,269174,17755937.0,2.73,-0.27,-0.18,0.8
2026-02-17,ATLC,52.3,52.83,53.8,51.85,53853,2843881.0,3.76,1.85,0.96,0.36
2026-02-17,ATLCL,24.97,25.03,25.05,24.97,9349,233625.0,0.32,0.2,0.05,0.0
2026-02-17,ATLCP,24.65,24.86,24.9,24.65,14994,371194.0,1.01,0.44,0.11,0.0
2026-02-17,ATLCZ,25.58,25.57,25.59,25.55,23965,612947.0,0.16,-0.04,-0.01,0.0
2026-02-17,ATLN,2.86,2.96,3.015,2.86,11091,32700.0,5.24,0.0,0.0,0.02
2026-02-17,ATLO,27.9,27.96,28.205,27.81,40315,1128026.0,1.42,0.68,0.19,0.46
2026-02-17,ATLX,4.59,4.57,4.683,4.38,299668,1360854.0,6.49,-2.14,-0.1,1.11
2026-02-17,ATMP,32.86,32.95,33.025,32.635,8601,282505.0,1.18,-0.15,-0.05,0.0
2026-02-17,ATMU,64.85,64.09,65.2,63.405,1621321,104058549.0,2.8,-0.05,-0.03,1.99
2026-02-17,ATNI,28.21,28.2,28.97,27.91,74904,2119844.0,3.68,-1.98,-0.57,0.49
2026-02-17,ATNM,1.15,1.08,1.155,1.06,187319,204562.0,8.56,-2.7,-0.03,0.6
2026-02-17,ATO,180.09,180.24,181.01,179.26,912434,164533898.0,0.98,0.55,0.99,0.55
2026-02-17,ATOM,4.0,5.73,6.19,3.97,35011205,188870065.0,56.63,46.17,1.81,108.21
2026-02-17,ATON,0.39,0.488,0.52,0.36,3333899,1452603.0,30.77,-6.15,-0.032,14.23
2026-02-17,ATOS,4.14,4.15,4.2,3.97,92805,380124.0,5.48,-1.19,-0.05,1.08
2026-02-17,ATPC,2.23,2.03,2.259,2.03,51250,109889.0,10.13,-10.18,-0.23,5.12
2026-02-17,ATR,139.26,141.65,143.62,139.26,614714,87450119.0,3.06,-0.65,-0.93,0.95
2026-02-17,ATRA,4.46,4.49,4.599,4.38,54101,241972.0,4.92,0.9,0.04,0.74
2026-02-17,ATRC,32.65,32.97,33.5,32.225,955781,31544787.0,3.91,0.98,0.32,1.92
2026-02-17,ATRO,76.15,76.97,77.55,75.2,323621,24834738.0,3.05,0.04,0.03,0.91
2026-02-17,ATS,30.94,31.62,32.211,30.94,164293,5206179.0,4.08,1.41,0.44,0.17
2026-02-17,ATTR,91.02,91.13,91.13,91.02,105,9558.0,0.12,0.0,-0.004,0.0
2026-02-17,ATXG,0.349,0.383,0.39,0.349,181655,65686.0,10.51,-1.79,-0.007,1.55
2026-02-17,ATYR,0.885,0.983,1.0,0.874,2611526,2530245.0,14.09,9.96,0.089,2.66
2026-02-17,AU,104.75,106.17,107.07,103.181,2314747,244336791.0,3.54,-3.32,-3.65,0.46
2026-02-17,AUAU,42.86,43.306,43.315,42.1,10435,445303.0,2.73,-2.61,-1.162,0.0
2026-02-17,AUB,40.26,40.29,40.81,39.825,709680,28613754.0,2.45,0.15,0.06,0.5
2026-02-17,AUBN,25.8,25.0,25.8,25.0,1187,29988.0,3.2,0.0,0.0,0.03
2026-02-17,AUB_A,24.7,24.58,24.99,24.445,26943,666978.0,2.21,-0.49,-0.12,0.39
2026-02-17,AUDC,7.08,7.03,7.18,6.99,319693,2259977.0,2.59,-4.09,-0.3,1.13
2026-02-17,AUGM,34.11,34.145,34.145,34.11,186,6349.0,0.1,0.03,0.01,0.0
2026-02-17,AUGO,69.54,67.16,69.54,65.01,612186,41176665.0,6.26,-7.19,-5.2,0.73
2026-02-17,AUGP,31.19,31.214,31.27,31.19,7147,223234.0,0.26,0.13,0.041,0.0
2026-02-17,AUGT,35.58,35.759,35.759,35.57,4466,159118.0,0.53,0.17,0.059,0.0
2026-02-17,AUGU,29.18,29.35,29.44,29.17,3774,110397.0,0.92,0.0,0.0,0.0
2026-02-17,AUGW,32.52,32.643,32.7,32.51,7262,236836.0,0.58,0.12,0.038,0.0
2026-02-17,AUGZ,42.09,42.133,42.133,42.09,407,17127.0,0.1,0.14,0.059,0.0
2026-02-17,AUID,1.72,1.72,1.74,1.66,191825,328084.0,4.6,-1.15,-0.02,1.27
2026-02-17,AUMI,102.94,104.376,104.91,101.78,10875,1125788.0,2.89,-3.52,-3.81,0.0
2026-02-17,AUNA,5.01,4.96,5.01,4.92,370627,1838354.0,1.81,0.0,0.0,0.5
2026-02-17,AUPH,14.21,14.31,14.476,14.2,581965,8334857.0,1.94,0.56,0.08,0.44
2026-02-17,AUR,4.45,4.53,4.575,4.34,12923521,57839803.0,5.25,1.12,0.05,0.66
2026-02-17,AURA,5.04,5.25,5.36,4.87,463329,2380820.0,8.8,-5.75,-0.32,0.73
2026-02-17,AURE,0.202,0.22,0.235,0.202,135226,29852.0,14.22,-5.17,-0.012,0.04
2026-02-17,AUROW,0.298,0.275,0.344,0.24,23547,7055.0,40.63,7.42,0.019,0.0
2026-02-17,AURU,11.75,11.894,11.894,11.57,83385,978178.0,2.72,-0.13,-0.016,0.0
2026-02-17,AUSF,49.9,49.83,50.035,49.5,55468,2762616.0,1.07,-0.14,-0.07,0.0
2026-02-17,AUSM,25.18,25.18,25.18,25.18,30,755.0,0.0,0.0,0.0,0.0
2026-02-17,AUST,1.74,1.78,1.78,1.61,206925,349417.0,9.29,-2.73,-0.05,1.51
2026-02-17,AUTL,1.41,1.51,1.545,1.41,1953451,2907979.0,9.64,7.86,0.11,0.73
2026-02-17,AUUD,0.735,0.835,0.92,0.671,10776685,14091440.0,37.0,24.07,0.162,347.48
2026-02-17,AUUDW,0.003,0.003,0.003,0.003,30099,237.0,0.0,-25.0,-0.001,0.0
2026-02-17,AVA,43.11,42.76,43.5,42.67,830210,35585864.0,1.93,-0.74,-0.32,1.01
2026-02-17,AVAH,7.87,7.64,7.97,7.47,1824737,13942968.0,6.31,-3.66,-0.29,0.87
2026-02-17,AVAL,4.4,4.43,4.51,4.38,66382,295525.0,2.93,0.0,0.0,0.01
2026-02-17,AVAV,254.95,262.99,266.21,252.3,1378319,359135392.0,5.7,7.84,19.12,2.76
2026-02-17,AVB,177.71,177.65,177.98,173.54,1186874,209487059.0,2.52,0.83,1.46,0.85
2026-02-17,AVBC,19.45,19.25,19.5,19.09,94608,1830058.0,2.15,0.94,0.18,0.47
2026-02-17,AVBH,30.1,30.06,30.83,29.99,79743,2402924.0,2.8,0.2,0.06,0.73
2026-02-17,AVBP,22.35,22.78,23.16,22.2,316125,7211766.0,4.27,1.42,0.32,0.74
2026-02-17,AVD,5.29,5.16,5.3,5.06,134289,696935.0,4.55,-2.27,-0.12,0.46
2026-02-17,AVDE,89.99,90.63,90.728,89.5,1441531,130222804.0,1.36,0.03,0.03,0.0
2026-02-17,AVDS,77.34,77.69,77.77,76.681,14134,1094339.0,1.4,-0.21,-0.16,0.0
2026-02-17,AVDV,106.8,107.39,107.46,105.74,854561,91350861.0,1.6,-0.25,-0.27,0.0
2026-02-17,AVEE,67.5,67.67,67.83,67.079,25747,1738779.0,1.11,-0.03,-0.02,0.0
2026-02-17,AVEM,85.82,86.09,86.3,85.08,1541040,132364513.0,1.41,-0.21,-0.18,0.0
2026-02-17,AVES,64.35,64.7,64.8,63.95,91096,5873098.0,1.31,0.03,0.02,0.0
2026-02-17,AVGB,51.295,51.315,51.32,51.295,557,28577.0,0.05,0.01,0.005,0.0
2026-02-17,AVGE,92.48,92.46,92.64,91.507,58291,5373624.0,1.23,0.03,0.03,0.0
2026-02-17,AVGG,22.3,24.11,24.53,21.8,215992,5001378.0,11.84,4.6,1.06,0.0
2026-02-17,AVGO,319.675,332.54,335.75,316.31,23469727,7745621760.0,5.98,2.27,7.37,0.5
2026-02-17,AVGU,28.3,30.79,31.29,28.0,40769,1218697.0,11.19,4.69,1.38,0.0
2026-02-17,AVGV,81.25,81.29,81.4,80.33,52705,4264390.0,1.32,-0.01,-0.01,0.0
2026-02-17,AVGW,40.11,42.05,42.64,39.8,35712,1471571.0,6.86,1.57,0.65,0.0
2026-02-17,AVGX,38.43,41.63,42.369,37.685,801607,32453712.0,11.77,4.62,1.84,0.0
2026-02-17,AVIE,72.775,72.794,72.794,72.72,623,45336.0,0.1,-0.32,-0.232,0.0
2026-02-17,AVIG,42.32,42.34,42.34,42.29,132359,5601293.0,0.12,0.05,0.02,0.0
2026-02-17,AVIR,4.27,4.6,4.625,4.27,590217,2677931.0,8.24,6.73,0.29,0.76
2026-02-17,AVIV,78.51,79.06,79.15,78.0,65541,5162794.0,1.46,0.05,0.04,0.0
2026-02-17,AVK,12.66,12.6,12.66,12.5,206396,2597917.0,1.26,-0.47,-0.06,0.0
2026-02-17,AVL,36.25,39.31,39.99,35.59,294954,11196758.0,11.72,4.69,1.76,0.0
2026-02-17,AVLC,80.8,80.93,81.13,80.13,31583,2551783.0,1.24,0.09,0.07,0.0
2026-02-17,AVLV,83.46,83.42,83.646,82.59,478099,39804692.0,1.27,0.12,0.1,0.0
2026-02-17,AVMA,69.95,69.967,70.03,69.95,4695,328669.0,0.11,0.06,0.039,0.0
2026-02-17,AVMC,75.87,75.69,75.87,75.04,17889,1352582.0,1.1,0.0,0.001,0.0
2026-02-17,AVMU,46.9,46.93,46.94,46.86,3231,151558.0,0.17,0.13,0.06,0.0
2026-02-17,AVMV,77.485,77.63,77.66,76.845,62725,4857170.0,1.05,0.26,0.2,0.0
2026-02-17,AVNM,80.82,81.4,81.57,80.47,61966,5020620.0,1.35,-0.04,-0.03,0.0
2026-02-17,AVNS,14.93,14.91,15.26,14.83,487152,7276588.0,2.89,0.07,0.01,1.05
2026-02-17,AVNT,43.01,43.04,43.235,42.375,943269,40534139.0,2.01,0.68,0.29,1.03
2026-02-17,AVNV,83.04,83.58,83.658,82.63,19377,1616508.0,1.23,-0.11,-0.09,0.0
2026-02-17,AVNW,24.92,24.72,25.7,24.54,117972,2928074.0,4.65,-0.96,-0.24,0.91
2026-02-17,AVO,14.32,14.43,14.53,14.12,427284,6162257.0,2.85,0.42,0.06,0.6
2026-02-17,AVPT,10.55,10.41,10.78,10.31,2523828,26289656.0,4.45,-1.42,-0.15,1.17
2026-02-17,AVR,5.65,5.63,5.8,5.56,526580,2974071.0,4.2,-1.4,-0.08,0.57
2026-02-17,AVRE,47.16,47.62,47.629,47.115,48742,2308389.0,1.09,0.95,0.45,0.0
2026-02-17,AVRY,21.94,21.7,21.94,21.62,3864,83787.0,1.47,-0.61,-0.133,0.0
2026-02-17,AVS,10.12,9.7,10.18,9.6,2027307,19989229.0,5.85,-2.22,-0.22,0.0
2026-02-17,AVSC,64.82,64.71,65.12,63.99,112964,7312588.0,1.74,-0.17,-0.11,0.0
2026-02-17,AVSD,79.88,80.47,80.479,79.57,11436,917038.0,1.13,0.29,0.23,0.0
2026-02-17,AVSE,72.26,72.231,72.415,72.0,2457,177522.0,0.57,-0.22,-0.157,0.0
2026-02-17,AVSF,47.25,47.25,47.26,47.235,47649,2251329.0,0.05,-0.02,-0.01,0.0
2026-02-17,AVSU,78.37,78.566,78.815,78.02,17534,1376818.0,1.01,0.15,0.12,0.0
2026-02-17,AVT,65.28,65.05,65.65,64.361,1379307,89906407.0,1.96,-1.12,-0.74,1.68
2026-02-17,AVTM,49.515,49.458,49.515,49.43,902,44609.0,0.17,0.17,0.083,0.0
2026-02-17,AVTR,9.02,9.05,9.22,8.965,8614646,77970337.0,2.77,-1.63,-0.15,1.26
2026-02-17,AVTX,13.98,15.07,15.26,13.78,495757,7230424.0,10.38,5.68,0.81,2.68
2026-02-17,AVUQ,59.11,59.366,59.575,58.632,6714,395531.0,1.6,0.42,0.248,0.0
2026-02-17,AVUS,115.82,116.1,116.39,114.9,311386,36121576.0,1.28,0.1,0.12,0.0
2026-02-17,AVUV,114.92,114.66,115.64,113.24,1430408,163754395.0,2.09,-0.21,-0.24,0.0
2026-02-17,AVX,0.693,0.672,0.7,0.651,212771,143528.0,7.07,-3.03,-0.021,0.23
2026-02-17,AVXC,72.2,72.297,72.48,71.611,25396,1833299.0,1.2,-0.5,-0.366,0.0
2026-02-17,AVXL,3.97,4.04,4.086,3.89,886567,3552581.0,4.99,2.8,0.11,0.96
2026-02-17,AVXX,7.61,8.1,8.25,7.465,458581,3599710.0,11.21,15.71,1.1,0.0
2026-02-17,AVY,195.71,194.39,197.49,192.6,374426,72789218.0,2.5,-0.72,-1.41,0.49
2026-02-17,AWAY,17.29,17.42,17.48,17.23,6550,113459.0,1.45,1.16,0.199,0.0
2026-02-17,AWF,10.65,10.67,10.68,10.62,349141,3715865.0,0.56,0.19,0.02,0.0
2026-02-17,AWI,200.0,198.22,200.235,197.39,391615,77762056.0,1.42,-1.03,-2.06,0.91
2026-02-17,AWK,134.04,133.51,135.0,132.06,2177145,289956096.0,2.2,0.01,0.01,1.12
2026-02-17,AWP,12.57,12.52,12.59,12.37,523592,6537485.0,1.79,1.62,0.2,0.0
2026-02-17,AWR,74.89,74.88,75.59,74.5,270803,20286128.0,1.46,-0.01,-0.01,0.69
2026-02-17,AWRE,1.73,1.69,1.81,1.68,19317,33319.0,7.51,-2.31,-0.04,0.09
2026-02-17,AWX,2.56,2.58,2.59,2.52,2105,5371.0,2.66,-1.9,-0.05,0.05
2026-02-17,AX,97.9,97.56,98.5,96.44,359330,35105807.0,2.12,0.29,0.28,0.63
2026-02-17,AXG,4.05,3.91,4.05,3.6,221233,845465.0,11.22,-2.49,-0.1,0.12
2026-02-17,AXGN,33.5,34.64,35.49,33.45,1068819,37140672.0,6.14,4.24,1.41,2.13
2026-02-17,AXIA,11.19,11.16,11.25,11.105,816362,9123033.0,1.29,-0.45,-0.05,0.04
2026-02-17,AXIA_,11.75,11.8,12.16,11.52,29284,351387.0,5.29,-2.48,-0.3,0.01
2026-02-17,AXIA_C,10.7,10.78,10.86,10.541,38702,416071.0,2.93,-0.83,-0.09,0.0
2026-02-17,AXIL,5.5,5.89,5.99,5.5,9553,55929.0,8.0,-3.81,-0.233,0.14
2026-02-17,AXIN,10.13,10.13,10.13,10.13,262,2661.0,0.0,0.2,0.02,0.0
2026-02-17,AXON,433.62,431.94,444.83,426.49,710606,307066288.0,4.27,0.53,2.27,0.89
2026-02-17,AXP,338.725,344.53,346.625,338.0,3186000,1095691360.0,2.56,2.08,7.03,0.46
2026-02-17,AXR,23.77,24.72,25.94,23.751,10662,263708.0,9.24,4.35,1.03,0.2
2026-02-17,AXS,102.94,104.35,104.74,102.94,936716,97641436.0,1.77,2.45,2.5,1.26
2026-02-17,AXSM,183.65,183.3,184.99,181.17,569671,104084003.0,2.11,1.15,2.09,1.11
2026-02-17,AXS_E,20.54,20.6,20.73,20.47,79507,1635726.0,1.27,0.64,0.13,0.33
2026-02-17,AXTA,34.35,34.95,35.025,34.19,3189644,110917746.0,2.45,2.4,0.82,1.49
2026-02-17,AXTI,24.45,23.21,24.99,22.66,4381731,101947684.0,9.61,-4.25,-1.03,7.92
2026-02-17,AXUP,6.77,6.84,6.94,6.65,14993,101583.0,4.28,0.88,0.06,0.0
2026-02-17,AYI,303.65,311.16,314.41,301.73,624534,193623463.0,4.15,1.85,5.66,2.04
2026-02-17,AYTU,2.15,2.17,2.19,2.15,24650,53563.0,1.88,1.88,0.04,0.23
2026-02-17,AZ,5.97,5.88,6.045,5.66,400814,2351152.0,6.36,-2.81,-0.17,0.94
2026-02-17,AZI,0.457,0.358,0.457,0.35,1660580,641574.0,23.52,-21.32,-0.097,3.65
2026-02-17,AZN,208.1,209.48,211.27,207.849,2287817,479632080.0,1.66,1.91,3.93,0.15
2026-02-17,AZO,3859.86,3742.0,3879.99,3714.06,123273,463399536.0,4.3,-3.01,-116.16,0.75
2026-02-17,AZTA,28.29,28.64,28.94,27.95,730299,20895413.0,3.46,0.07,0.02,1.59
2026-02-17,AZTD,30.532,30.532,30.532,30.532,9,274.0,0.0,0.77,0.234,0.0
2026-02-17,AZTR,0.2,0.169,0.2,0.161,2770644,487699.0,19.5,-15.5,-0.031,25.8
2026-02-17,AZYY,16.41,16.716,16.716,16.41,5421,90260.0,1.85,1.08,0.179,0.0
2026-02-17,AZZ,139.8,137.69,140.24,136.52,217707,30078359.0,2.65,-1.82,-2.55,0.73
2026-02-17,B,46.45,46.65,47.26,45.06,20388522,944768288.0,4.59,-2.63,-1.26,1.22
2026-02-17,BA,243.61,244.04,245.42,238.93,4864738,1184244384.0,2.67,0.44,1.08,0.62
2026-02-17,BAB,27.55,27.49,27.56,27.49,93190,2563998.0,0.25,0.0,0.0,0.0
2026-02-17,BABA,156.375,155.43,158.13,153.46,6803612,1057515440.0,3.0,-0.19,-0.3,0.28
2026-02-17,BABO,12.91,12.95,13.14,12.823,35572,460125.0,2.44,-0.23,-0.03,0.0
2026-02-17,BABU,21.75,21.727,21.75,21.727,961,20939.0,0.11,-0.15,-0.033,0.0
2026-02-17,BABW,39.0,39.124,39.124,38.8,1646,64061.0,0.82,-0.5,-0.196,0.0
2026-02-17,BABX,39.38,38.97,40.26,37.96,583124,22684663.0,5.89,-0.18,-0.07,0.0
2026-02-17,BAC,53.04,52.74,53.55,52.615,35542357,1880738368.0,1.78,0.36,0.19,0.49
2026-02-17,BACC,10.2,10.18,10.2,10.17,32873,334401.0,0.29,-0.1,-0.01,0.12
2026-02-17,BACCR,0.24,0.24,0.24,0.24,53,11.0,0.0,0.0,0.0,0.0
2026-02-17,BACQ,10.53,10.54,10.563,10.52,43612,459769.0,0.41,0.19,0.02,0.13
2026-02-17,BACQR,0.77,0.77,0.8,0.77,13547,10581.0,3.9,0.0,0.0,0.0
2026-02-17,BACQU,10.25,10.25,10.25,10.25,86,963.0,0.0,0.0,0.0,0.0
2026-02-17,BAC_B,25.16,25.2,25.21,25.13,102466,2578678.0,0.32,0.24,0.06,0.19
2026-02-17,BAC_E,20.26,20.55,20.55,20.206,26645,542520.0,1.7,1.43,0.29,0.22
2026-02-17,BAC_K,25.03,25.13,25.19,25.03,48452,1216641.0,0.64,0.32,0.08,0.14
2026-02-17,BAC_L,1257.97,1251.99,1257.97,1245.92,9451,11816937.0,0.96,-0.18,-2.302,0.0
2026-02-17,BAC_M,22.91,23.1,23.1,22.86,59499,1365979.0,1.05,1.03,0.235,0.11
2026-02-17,BAC_N,21.51,21.56,21.65,21.45,148233,3186491.0,0.93,0.42,0.09,0.28
2026-02-17,BAC_O,18.3,18.45,18.45,18.25,82682,1518582.0,1.09,0.93,0.17,0.19
2026-02-17,BAC_P,17.32,17.44,17.46,17.291,68411,1189462.0,0.98,0.75,0.13,0.19
2026-02-17,BAC_Q,17.76,17.9,17.91,17.74,91565,1629574.0,0.96,0.82,0.145,0.18
2026-02-17,BAC_S,20.02,20.05,20.1,19.915,64846,1298088.0,0.93,0.45,0.09,0.24
2026-02-17,BAER,2.6,2.56,2.66,2.48,592933,1508707.0,6.95,-1.16,-0.03,1.06
2026-02-17,BAERW,0.451,0.465,0.49,0.373,19040,8809.0,25.43,1.09,0.005,0.0
2026-02-17,BAFE,26.45,26.553,26.63,26.315,25160,666663.0,1.19,0.0,0.0,0.0
2026-02-17,BAFN,7.26,7.07,7.272,7.07,2592,18774.0,2.69,-5.86,-0.44,0.06
2026-02-17,BAGY,28.83,28.689,28.935,28.32,7236,207529.0,2.12,-1.19,-0.346,0.0
2026-02-17,BAH,79.44,76.42,79.6,76.38,2273433,175494663.0,4.06,-3.66,-2.9,1.89
2026-02-17,BAI,34.02,34.52,34.77,33.56,1860657,63581258.0,3.5,-0.12,-0.04,0.0
2026-02-17,BAIG,4.2,4.01,4.25,3.89,264381,1061621.0,8.39,-6.53,-0.28,0.0
2026-02-17,BAK,3.77,3.61,3.795,3.47,1535507,5515458.0,8.49,-5.74,-0.22,0.39
2026-02-17,BALI,31.78,31.88,31.98,31.58,397396,12652238.0,1.26,0.13,0.04,0.0
2026-02-17,BALL,67.46,66.55,67.82,66.285,1680168,112014787.0,2.28,-1.1,-0.74,0.63
2026-02-17,BALQ,47.98,48.355,48.545,47.98,976,47120.0,1.17,-0.01,-0.005,0.0
2026-02-17,BALT,33.66,33.685,33.71,33.59,264393,8899500.0,0.36,0.09,0.03,0.0
2026-02-17,BALY,13.68,13.97,14.16,13.55,63740,886605.0,4.39,0.43,0.06,0.13
2026-02-17,BAM,52.9,52.14,53.13,51.415,3678556,191769395.0,3.26,-0.97,-0.51,0.22
2026-02-17,BAMA,34.15,34.4,34.45,34.15,4899,168403.0,0.87,0.04,0.015,0.0
2026-02-17,BAMB,26.645,26.64,26.65,26.63,9991,266126.0,0.08,-0.02,-0.005,0.0
2026-02-17,BAMD,32.79,32.67,32.85,32.53,20319,663798.0,0.98,-0.46,-0.15,0.0
2026-02-17,BAMG,38.45,38.32,38.45,37.885,13833,530028.0,1.47,-0.31,-0.118,0.0
2026-02-17,BAMO,32.6,32.784,32.82,32.6,5108,167393.0,0.67,0.08,0.025,0.0
2026-02-17,BAMU,25.22,25.22,25.23,25.21,7953,200560.0,0.08,0.04,0.01,0.0
2026-02-17,BAMV,33.36,33.21,33.36,33.028,20606,684507.0,1.0,-0.31,-0.103,0.0
2026-02-17,BAMY,27.995,28.005,28.015,27.99,10519,294553.0,0.09,-0.06,-0.016,0.0
2026-02-17,BANC,20.0,20.1,20.26,19.82,2449788,49119947.0,2.2,0.5,0.1,1.58
2026-02-17,BANC_F,25.5,25.65,25.65,25.44,27503,702299.0,0.82,0.59,0.15,0.13
2026-02-17,BAND,12.9,12.87,13.145,12.5,702568,9039953.0,4.98,-0.69,-0.09,2.24
2026-02-17,BANF,118.37,116.83,119.28,116.83,72406,8524664.0,2.08,-0.72,-0.85,0.22
2026-02-17,BANFP,26.27,26.27,26.27,26.27,332,8713.0,0.0,0.61,0.16,0.0
2026-02-17,BANL,0.315,0.336,0.35,0.296,125602,40896.0,17.42,8.39,0.026,0.46
2026-02-17,BANR,64.46,64.34,65.21,63.75,281975,18153000.0,2.27,0.22,0.14,0.83
2026-02-17,BANX,19.98,20.07,20.2,19.98,75348,1513310.0,1.1,0.3,0.06,0.97
2026-02-17,BANXR,0.023,0.023,0.044,0.01,346959,7902.0,91.89,-37.84,-0.014,0.0
2026-02-17,BAOS,2.7,2.654,2.725,2.65,5104,13675.0,2.78,-1.7,-0.046,0.33
2026-02-17,BAP,332.29,333.18,337.58,325.64,912730,304304096.0,3.62,1.02,3.37,1.15
2026-02-17,BAPR,48.21,48.33,48.41,48.2,14679,709234.0,0.43,0.1,0.05,0.0
2026-02-17,BAR,48.255,48.05,48.37,47.77,961239,46181255.0,1.21,-3.11,-1.54,0.0
2026-02-17,BARK,0.79,0.78,0.795,0.76,753156,583756.0,4.46,-0.51,-0.004,0.44
2026-02-17,BASG,23.28,23.491,23.59,23.24,36029,847993.0,1.49,0.01,0.003,0.0
2026-02-17,BASV,28.46,28.43,28.52,28.22,14065,400238.0,1.06,0.01,0.003,0.0
2026-02-17,BATL,2.5,2.68,2.74,2.325,794793,1980751.0,16.34,5.51,0.14,4.83
2026-02-17,BATRA,47.49,47.86,48.145,47.275,55779,2668018.0,1.83,0.44,0.21,0.49
2026-02-17,BATRK,43.19,43.3,43.78,43.11,266892,11571408.0,1.55,0.28,0.12,0.51
2026-02-17,BATT,15.28,15.29,15.389,14.98,54039,819856.0,2.65,-0.97,-0.15,0.0
2026-02-17,BAUG,50.02,50.17,50.29,49.94,7705,387131.0,0.7,0.11,0.053,0.0
2026-02-17,BAX,20.09,20.74,20.915,19.965,11817631,242795879.0,4.8,4.8,0.95,2.3
2026-02-17,BAYAR,0.221,0.28,0.28,0.221,1433,393.0,21.07,0.0,0.0,0.0
2026-02-17,BA_A,76.6,77.67,77.67,76.28,196021,15157150.0,1.81,0.87,0.67,0.0
2026-02-17,BB,3.44,3.42,3.46,3.38,4514614,15394407.0,2.31,-1.16,-0.04,0.76
2026-02-17,BBAG,46.9,46.86,46.93,46.852,23424,1098603.0,0.17,-0.09,-0.04,0.0
2026-02-17,BBAI,3.99,3.94,4.08,3.88,43544246,172935403.0,4.9,-3.43,-0.14,9.97
2026-02-17,BBAI_WS,0.76,0.76,0.77,0.724,64450,48233.0,6.01,-0.65,-0.005,0.0
2026-02-17,BBAR,16.22,15.88,16.515,15.3,598341,9394684.0,7.51,-1.85,-0.3,0.29
2026-02-17,BBAX,62.3,62.75,62.89,61.96,343462,21461811.0,1.49,0.5,0.31,0.0
2026-02-17,BBB,27.76,27.723,27.76,27.494,677,18729.0,0.96,-0.28,-0.079,0.0
2026-02-17,BBBI,52.55,52.56,52.569,52.48,26031,1367225.0,0.17,0.02,0.012,0.0
2026-02-17,BBBL,49.384,49.384,49.384,49.384,53,2613.0,0.0,0.25,0.121,0.0
2026-02-17,BBBS,51.66,51.685,51.702,51.66,24276,1254509.0,0.08,-0.07,-0.035,0.0
2026-02-17,BBBY,4.95,4.99,5.03,4.88,1208914,6009973.0,3.01,0.0,0.0,1.75
2026-02-17,BBBY_WS,0.84,0.78,0.84,0.78,44679,35724.0,7.93,3.04,0.023,0.0
2026-02-17,BBC,39.83,40.508,40.8,39.56,22168,893497.0,3.11,1.59,0.633,0.0
2026-02-17,BBCA,95.64,96.07,96.24,94.7,188864,18074670.0,1.6,-0.39,-0.38,0.0
2026-02-17,BBCB,46.3,46.315,46.315,46.27,1730,80064.0,0.1,0.09,0.04,0.0
2026-02-17,BBCP,6.58,6.64,6.79,6.51,101189,675539.0,4.28,1.53,0.1,0.2
2026-02-17,BBCQ,9.95,9.95,9.95,9.95,55397,551200.0,0.0,0.0,0.0,0.14
2026-02-17,BBCQU,10.12,10.12,10.12,10.12,13,131.0,0.0,0.0,0.0,0.0
2026-02-17,BBCQW,0.52,0.52,0.535,0.52,9666,5036.0,2.73,-5.45,-0.03,0.0
2026-02-17,BBD,3.97,3.94,3.97,3.87,44397774,173038327.0,2.51,-1.01,-0.04,0.84
2026-02-17,BBDC,9.14,9.11,9.27,9.06,1181744,10841746.0,2.31,0.22,0.02,1.13
2026-02-17,BBDO,3.55,3.58,3.606,3.49,21834,77590.0,3.25,0.28,0.01,0.0
2026-02-17,BBEM,70.38,70.44,70.44,69.8,5096,356374.0,0.91,-0.27,-0.19,0.0
2026-02-17,BBEU,77.44,78.15,78.185,77.24,227148,17677444.0,1.22,0.66,0.51,0.0
2026-02-17,BBGI,4.202,4.28,4.3,4.135,8199,34501.0,4.04,4.9,0.2,0.45
2026-02-17,BBH,195.45,195.826,196.38,195.066,4054,792482.0,0.67,0.36,0.706,0.0
2026-02-17,BBHL,15.72,15.694,15.75,15.6,22216,348181.0,0.96,0.09,0.014,0.0
2026-02-17,BBHM,11.6,11.53,11.61,11.46,139218,1607824.0,1.29,-0.52,-0.06,0.0
2026-02-17,BBHY,46.58,46.56,46.6,46.535,127287,5927568.0,0.14,-0.11,-0.05,0.0
2026-02-17,BBIB,100.1,100.065,100.1,100.011,973,97357.0,0.09,-0.04,-0.04,0.0
2026-02-17,BBIN,78.19,78.95,79.059,78.09,58768,4626297.0,1.23,0.01,0.01,0.0
2026-02-17,BBIO,74.31,75.85,76.335,73.78,3250524,245198414.0,3.4,0.8,0.6,1.68
2026-02-17,BBJP,74.53,74.97,75.12,74.16,1437103,107374954.0,1.25,-2.03,-1.55,0.0
2026-02-17,BBLB,84.803,84.803,84.803,84.803,60,5088.0,0.0,0.22,0.189,0.0
2026-02-17,BBLG,1.21,1.12,1.21,1.11,42904,49013.0,8.38,-6.12,-0.073,2.39
2026-02-17,BBLGW,30.0,32.05,33.54,30.0,1486,49895.0,11.42,3.39,1.05,0.0
2026-02-17,BBLU,15.17,15.19,15.21,15.06,150355,2280388.0,0.99,0.07,0.01,0.0
2026-02-17,BBMC,114.22,114.48,114.871,113.74,10278,1175864.0,0.99,-0.16,-0.18,0.0
2026-02-17,BBN,16.51,16.56,16.61,16.5,273027,4516748.0,0.66,-0.12,-0.02,0.0
2026-02-17,BBNX,13.9,13.97,14.38,13.45,1477761,20701642.0,6.67,0.22,0.03,3.33
2026-02-17,BBOT,11.25,10.66,11.45,10.54,218730,2364172.0,8.09,-5.24,-0.59,0.27
2026-02-17,BBP,81.48,82.159,82.63,81.17,3753,307885.0,1.8,1.36,1.106,0.0
2026-02-17,BBRE,101.14,102.09,102.12,101.0,11631,1180273.0,1.11,1.2,1.21,0.0
2026-02-17,BBSB,99.43,99.395,99.46,99.395,3121,310353.0,0.07,-0.02,-0.018,0.0
2026-02-17,BBSC,78.935,78.936,79.3,78.43,19110,1500544.0,1.1,-0.03,-0.024,0.0
2026-02-17,BBSI,31.81,31.65,32.44,30.74,224653,7038488.0,5.38,0.09,0.03,0.89
2026-02-17,BBT,30.78,30.59,30.99,30.28,603599,18464555.0,2.31,-0.29,-0.09,0.72
2026-02-17,BBU,33.32,35.48,35.79,33.32,30547,1067987.0,7.32,5.09,1.72,0.03
2026-02-17,BBUC,33.74,35.66,35.98,33.74,84289,2975166.0,6.57,4.51,1.54,0.09
2026-02-17,BBUS,122.5,123.03,123.42,121.785,268366,32950667.0,1.33,0.12,0.15,0.0
2026-02-17,BBVA,22.85,23.11,23.14,22.844,1926709,44310028.0,1.3,1.67,0.38,0.03
2026-02-17,BBW,50.1,51.24,51.73,49.92,289327,14750055.0,3.61,2.19,1.1,2.23
2026-02-17,BBWI,24.2,24.67,24.94,23.67,7271668,176662979.0,5.28,2.49,0.6,3.62
2026-02-17,BBY,66.44,66.1,66.71,64.41,4102203,270298304.0,3.5,0.46,0.3,1.96
2026-02-17,BBYY,16.45,16.493,16.54,16.45,2342,38633.0,0.54,-0.42,-0.07,0.0
2026-02-17,BC,87.01,87.64,88.43,86.2,868252,75903409.0,2.56,0.69,0.6,1.34
2026-02-17,BCAB,0.16,0.141,0.161,0.138,1997199,289985.0,15.33,-6.0,-0.009,2.69
2026-02-17,BCAL,18.93,19.0,19.03,18.8,141986,2693603.0,1.22,0.69,0.13,0.44
2026-02-17,BCAR,10.11,10.12,10.12,10.1,85839,867853.0,0.2,0.1,0.01,0.21
2026-02-17,BCARW,0.76,0.84,0.848,0.721,8736,6800.0,15.12,0.0,0.0,0.0
2026-02-17,BCAT,14.91,14.8,14.95,14.6,1142107,16873883.0,2.34,-1.0,-0.15,0.0
2026-02-17,BCAX,14.15,14.08,14.45,13.75,395115,5596532.0,4.93,-0.91,-0.13,0.72
2026-02-17,BCBP,8.51,8.55,8.67,8.485,107193,916911.0,2.18,0.83,0.07,0.62
2026-02-17,BCC,86.93,86.07,87.03,84.29,422868,36316959.0,3.17,-0.5,-0.43,1.17
2026-02-17,BCCC,13.877,13.83,13.877,13.66,13813,190246.0,1.55,-1.08,-0.151,0.0
2026-02-17,BCD,32.51,32.45,32.53,32.351,58976,1913572.0,0.54,-1.22,-0.4,0.0
2026-02-17,BCDA,1.14,1.165,1.185,1.13,24476,28108.0,4.82,2.19,0.025,0.23
2026-02-17,BCDF,30.22,30.414,30.414,29.969,2846,85920.0,1.49,1.53,0.459,0.0
2026-02-17,BCE,25.55,25.79,25.83,25.53,2028555,52194363.0,1.17,0.31,0.08,0.22
2026-02-17,BCFN,21.76,21.65,21.76,21.65,2288,49719.0,0.51,-0.25,-0.054,0.0
2026-02-17,BCG,2.17,2.09,2.18,2.09,5124,10900.0,4.15,-3.69,-0.08,0.03
2026-02-17,BCGD,25.21,25.375,25.42,25.21,436,11037.0,0.83,0.43,0.108,0.0
2026-02-17,BCGWW,0.144,0.144,0.144,0.144,33,5.0,0.0,0.0,0.0,0.0
2026-02-17,BCH,42.73,42.75,42.97,42.06,617103,26253861.0,2.09,-1.77,-0.77,0.12
2026-02-17,BCHI,34.1,34.45,34.539,34.04,5186,177498.0,1.45,0.04,0.014,0.0
2026-02-17,BCHP,34.28,34.5,34.63,33.87,46084,1584810.0,2.2,0.03,0.01,0.0
2026-02-17,BCI,20.69,20.65,20.71,20.58,793907,16391047.0,0.62,-1.48,-0.31,0.0
2026-02-17,BCIC,12.1,11.8,12.186,11.79,96789,1155822.0,3.27,-2.48,-0.3,0.77
2026-02-17,BCIL,28.07,28.307,28.307,28.07,2369,66800.0,0.85,1.47,0.411,0.0
2026-02-17,BCKT,45.19,45.229,45.229,45.19,30626,1383989.0,0.09,-0.04,-0.02,0.0
2026-02-17,BCLO,49.76,49.73,49.76,49.68,8857,440546.0,0.16,0.02,0.01,0.0
2026-02-17,BCML,30.72,30.55,31.15,30.55,12652,388512.0,1.96,-0.36,-0.11,0.12
2026-02-17,BCO,130.9,129.82,131.54,129.76,226249,29493981.0,1.36,-0.67,-0.87,0.55
2026-02-17,BCOR,22.498,22.498,22.498,22.498,128,2928.0,0.0,-2.14,-0.492,0.0
2026-02-17,BCPC,180.07,179.5,183.01,178.843,241646,43779365.0,2.3,-0.72,-1.31,0.75
2026-02-17,BCPL,25.25,25.28,25.31,25.21,64988,1639236.0,0.4,0.04,0.01,0.0
2026-02-17,BCRX,6.78,6.95,7.005,6.76,3798774,26330906.0,3.62,2.81,0.19,1.53
2026-02-17,BCS,25.35,25.96,26.025,25.35,9856889,253688480.0,2.67,2.57,0.65,0.29
2026-02-17,BCSF,13.59,13.47,13.71,13.3,402373,5412752.0,3.02,-0.66,-0.09,0.62
2026-02-17,BCSM,22.62,22.74,22.81,22.52,4827,109595.0,1.28,0.22,0.05,0.0
2026-02-17,BCSS,10.2,10.16,10.2,10.16,277,2818.0,0.39,0.1,0.01,0.0
2026-02-17,BCSS_U,10.7,10.26,10.7,10.2,3375,34870.0,4.85,-0.39,-0.04,0.01
2026-02-17,BCSS_WS,0.8,0.8,0.8,0.8,783,550.0,0.0,0.0,0.0,0.0
2026-02-17,BCTK,23.9,24.186,24.3,23.71,60477,1463609.0,2.44,0.14,0.034,0.0
2026-02-17,BCTX,4.05,3.97,4.19,3.67,332983,1318839.0,12.78,-2.46,-0.1,4.59
2026-02-17,BCTXL,1.08,1.0,1.08,1.0,15762,15958.0,7.41,-7.41,-0.08,0.0
2026-02-17,BCTXW,0.005,0.004,0.005,0.004,13343,60.0,20.0,-20.0,-0.001,0.0
2026-02-17,BCTXZ,0.177,0.132,0.189,0.131,9608,1653.0,38.67,-12.0,-0.018,0.0
2026-02-17,BCUS,33.39,33.47,33.525,33.275,10934,365452.0,0.75,-0.02,-0.008,0.0
2026-02-17,BCV,23.57,23.29,23.57,23.29,4924,115271.0,1.2,-0.43,-0.1,0.0
2026-02-17,BCV_A,21.9,21.865,21.95,21.81,1666,36484.0,0.64,0.53,0.115,0.0
2026-02-17,BCX,12.85,12.8,12.99,12.515,502763,6385699.0,3.61,-2.66,-0.35,0.0
2026-02-17,BCYC,5.18,5.23,5.31,5.03,276833,1438661.0,5.34,-0.19,-0.01,0.4
2026-02-17,BC_C,24.96,25.04,25.04,24.9,6791,169593.0,0.56,0.8,0.199,0.0
2026-02-17,BDBT,25.76,25.76,25.77,25.746,33833,871491.0,0.09,0.0,0.0,0.0
2026-02-17,BDC,149.07,146.43,149.57,146.39,358126,52944011.0,2.13,-2.13,-3.19,0.92
2026-02-17,BDCI,10.055,10.07,10.07,10.055,460,4628.0,0.15,0.1,0.01,0.0
2026-02-17,BDCIU,10.2,10.226,10.226,10.2,1200,12245.0,0.26,0.95,0.096,0.0
2026-02-17,BDCIW,0.411,0.411,0.411,0.411,51,24.0,0.0,0.0,0.0,0.0
2026-02-17,BDCX,21.5,21.8,22.14,21.5,1037,22562.0,2.9,-1.06,-0.233,0.0
2026-02-17,BDCZ,15.72,15.62,15.77,15.62,1249,19614.0,0.95,-0.7,-0.11,0.0
2026-02-17,BDEC,49.39,49.56,49.69,49.349,10630,526843.0,0.69,0.1,0.05,0.0
2026-02-17,BDGS,34.174,34.218,34.218,33.996,12361,422142.0,0.65,0.11,0.037,0.0
2026-02-17,BDIV,23.77,23.826,23.826,23.77,909,21634.0,0.24,0.15,0.036,0.0
2026-02-17,BDJ,9.46,9.5,9.53,9.46,287226,2729066.0,0.74,0.21,0.02,0.0
2026-02-17,BDL,32.1,32.0,32.1,32.0,540,17336.0,0.3,-4.82,-1.62,0.03
2026-02-17,BDMD,0.795,1.26,1.41,0.795,51927594,60904821.0,79.87,63.64,0.49,195.57
2026-02-17,BDMDW,0.054,0.074,0.074,0.052,11005,700.0,44.0,48.0,0.024,0.0
2026-02-17,BDN,3.17,3.08,3.19,3.07,2388731,7425446.0,3.81,-2.22,-0.07,1.38
2026-02-17,BDRX,1.08,1.29,1.5,1.08,548217,722252.0,38.89,19.44,0.21,65.36
2026-02-17,BDRY,11.5,11.68,11.8,11.42,110949,1288558.0,3.31,1.65,0.19,0.0
2026-02-17,BDSX,11.53,12.78,12.79,10.92,127759,1499501.0,16.33,11.62,1.33,1.55
2026-02-17,BDTX,2.21,2.23,2.275,2.165,326551,728418.0,4.95,0.45,0.01,0.57
2026-02-17,BDVG,13.71,13.65,13.71,13.619,1505,20532.0,0.67,-0.01,-0.001,0.0
2026-02-17,BDVL,25.48,25.572,25.623,25.45,216889,5544599.0,0.68,0.16,0.04,0.0
2026-02-17,BDX,176.16,177.38,178.43,175.51,2237887,396643872.0,1.66,0.85,1.49,0.79
2026-02-17,BDYN,25.7,25.855,25.93,25.6,372900,9632263.0,1.28,0.05,0.012,0.0
2026-02-17,BE,135.2,145.32,145.45,131.52,7769147,1089608384.0,9.97,3.99,5.58,2.77
2026-02-17,BEAG,10.555,10.53,10.555,10.52,57651,607162.0,0.33,0.19,0.02,0.18
2026-02-17,BEAGR,0.3,0.3,0.31,0.271,226516,67961.0,12.58,-3.23,-0.01,0.0
2026-02-17,BEAGU,10.78,10.78,10.78,10.78,82,905.0,0.0,0.0,0.0,0.0
2026-02-17,BEAM,27.56,27.49,28.08,26.2,1239994,34029966.0,6.73,-1.54,-0.43,1.22
2026-02-17,BEAT,1.36,1.4,1.47,1.33,581056,816753.0,10.53,5.26,0.07,1.45
2026-02-17,BEATW,0.16,0.144,0.16,0.143,1369,207.0,13.39,13.39,0.017,0.0
2026-02-17,BEBE,9.935,9.92,9.935,9.92,55952,555121.0,0.15,-0.1,-0.01,0.28
2026-02-17,BEBE_U,9.97,9.97,9.97,9.97,111,1107.0,0.0,-0.3,-0.03,0.0
2026-02-17,BEBE_WS,0.186,0.202,0.202,0.186,4000,772.0,8.6,8.6,0.016,0.0
2026-02-17,BEDY,28.59,28.207,28.59,28.11,8851,249723.0,1.7,0.05,0.013,0.0
2026-02-17,BEDZ,32.76,33.029,33.029,32.55,343,11240.0,1.48,1.94,0.63,0.0
2026-02-17,BEEM,1.47,1.42,1.47,1.4,268295,383177.0,4.79,-2.74,-0.04,1.41
2026-02-17,BEEP,3.22,3.15,3.22,3.14,37084,117229.0,2.52,-0.94,-0.03,0.09
2026-02-17,BEEX,25.31,25.31,25.31,25.31,214,5414.0,0.0,0.06,0.016,0.0
2026-02-17,BEEZ,34.0,33.92,34.0,33.92,405,13762.0,0.23,-0.37,-0.125,0.0
2026-02-17,BEG,28.27,32.75,32.8,26.935,39112,1199494.0,19.26,7.55,2.3,0.0
2026-02-17,BEGS,18.27,18.686,18.85,18.24,1868,34652.0,3.1,-4.95,-0.974,0.0
2026-02-17,BEKE,17.5,17.18,17.63,17.09,2924552,50371203.0,3.08,-2.11,-0.37,0.25
2026-02-17,BELFA,213.03,216.04,217.45,207.15,34352,7379645.0,4.78,0.36,0.78,1.62
2026-02-17,BELFB,234.31,235.3,236.54,226.725,183797,42876316.0,4.22,1.06,2.46,1.74
2026-02-17,BELT,34.062,34.062,34.062,34.062,25,852.0,0.0,1.6,0.535,0.0
2026-02-17,BEMB,54.39,54.34,54.39,54.33,2670,145143.0,0.11,0.2,0.11,0.0
2026-02-17,BEN,27.18,27.49,27.57,26.775,4909938,134034936.0,2.94,1.7,0.46,0.94
2026-02-17,BENF,4.12,3.82,4.3,3.79,6439057,47051029.0,12.33,-7.62,-0.315,45.3
2026-02-17,BENFW,0.009,0.011,0.011,0.009,419165,6183.0,18.18,0.0,0.0,0.0
2026-02-17,BENJ,52.113,52.1,52.12,52.09,14859,774325.0,0.06,-0.01,-0.005,0.0
2026-02-17,BEP,32.0,32.03,32.78,31.88,658414,21223039.0,2.83,0.82,0.26,0.22
2026-02-17,BEPC,44.21,44.35,45.18,43.78,1693013,75412236.0,3.19,1.16,0.51,1.17
2026-02-17,BEPH,15.26,15.37,15.38,15.25,27913,427064.0,0.85,0.92,0.14,0.0
2026-02-17,BEPI,16.14,16.11,16.14,16.083,10790,173993.0,0.35,0.07,0.012,0.0
2026-02-17,BEPJ,24.92,25.16,25.21,24.89,6441,161161.0,1.29,1.13,0.28,0.0
2026-02-17,BEP_A,18.58,18.59,18.59,18.46,9862,182871.0,0.7,0.49,0.09,0.0
2026-02-17,BERZ,3.47,3.41,3.59,3.339,4515986,15521960.0,7.47,1.49,0.05,0.0
2026-02-17,BESF,38.33,37.731,38.33,37.49,745,28254.0,2.22,-0.5,-0.19,0.0
2026-02-17,BETA,17.36,18.6,19.085,17.32,1157938,21345729.0,10.11,6.59,1.15,0.51
2026-02-17,BETE,32.96,32.86,33.0,32.29,4999,162321.0,2.12,-1.98,-0.665,0.0
2026-02-17,BETH,37.95,38.437,38.51,37.861,2333,89052.0,1.66,-1.5,-0.585,0.0
2026-02-17,BETR,30.37,31.24,32.83,29.29,351371,11048050.0,11.29,-0.38,-0.12,2.2
2026-02-17,BETRW,0.171,0.18,0.181,0.171,11796,2070.0,5.88,5.88,0.01,0.0
2026-02-17,BETZ,17.17,17.43,17.44,17.05,55800,969928.0,2.26,1.1,0.19,0.0
2026-02-17,BEX,20.1,22.77,22.77,18.57,574246,11904797.0,19.85,7.61,1.61,0.0
2026-02-17,BEZ,29.689,25.207,30.0,25.207,19967,559366.0,17.55,-7.72,-2.11,0.0
2026-02-17,BFAM,67.17,67.94,69.29,65.95,2129997,144466939.0,4.99,1.55,1.04,3.86
2026-02-17,BFAP,15.75,15.18,15.75,15.18,1298,20303.0,3.71,-1.11,-0.17,0.0
2026-02-17,BFC,146.0,146.82,149.63,144.985,92132,13542449.0,3.18,0.56,0.82,0.94
2026-02-17,BFEB,49.1,49.313,49.43,48.955,34126,1681094.0,0.97,0.23,0.113,0.0
2026-02-17,BFH,72.75,73.16,74.04,72.05,748141,54816288.0,2.75,1.09,0.79,1.74
2026-02-17,BFH_A,25.17,25.5,25.5,25.01,29892,753117.0,1.96,2.0,0.5,1.0
2026-02-17,BFIX,25.54,25.59,25.629,25.54,2395,61311.0,0.35,-0.01,-0.003,0.0
2026-02-17,BFJA,18.32,18.32,18.32,18.32,17,312.0,0.0,-0.38,-0.07,0.0
2026-02-17,BFJL,16.865,16.865,16.865,16.865,7,118.0,0.0,-0.25,-0.043,0.0
2026-02-17,BFLY,3.0,3.04,3.15,3.0,3417142,10478671.0,4.93,0.0,0.0,1.35
2026-02-17,BFOC,17.1,17.18,17.19,17.1,212,3635.0,0.52,-0.73,-0.126,0.0
2026-02-17,BFOR,87.3,87.298,87.55,87.09,6690,583839.0,0.53,-0.09,-0.082,0.0
2026-02-17,BFRE,30.354,30.354,30.354,30.354,110,3329.0,0.0,0.11,0.034,0.0
2026-02-17,BFRG,0.5,0.49,0.605,0.48,710337,377115.0,27.17,6.52,0.03,6.23
2026-02-17,BFRGW,0.16,0.165,0.165,0.16,7331,1179.0,3.29,8.55,0.013,0.0
2026-02-17,BFRI,0.769,0.83,0.859,0.75,243657,197195.0,13.99,6.55,0.051,2.09
2026-02-17,BFRZ,26.742,26.8,26.83,26.64,67832,1815643.0,0.71,-0.07,-0.02,0.0
2026-02-17,BFS,34.72,35.26,35.36,34.21,53111,1864172.0,3.34,2.44,0.84,0.22
2026-02-17,BFST,29.15,29.29,29.66,29.1,172986,5073603.0,1.92,0.48,0.14,0.59
2026-02-17,BFS_D,21.87,21.58,21.87,21.52,2814,60760.0,1.62,-0.05,-0.01,0.09
2026-02-17,BFS_E,23.19,23.43,23.45,22.79,5629,131088.0,2.83,0.56,0.13,0.13
2026-02-17,BF_A,30.25,29.45,30.25,29.32,152228,4497003.0,3.08,-2.55,-0.77,0.09
2026-02-17,BF_B,29.93,29.26,30.072,28.965,3398046,99659094.0,3.7,-2.3,-0.69,1.15
2026-02-17,BG,122.0,121.88,122.565,118.82,1161759,140721187.0,3.06,-0.53,-0.65,0.6
2026-02-17,BGB,11.64,11.67,11.74,11.64,100019,1168847.0,0.86,0.15,0.017,0.0
2026-02-17,BGC,9.44,9.55,10.01,9.37,3031116,29100017.0,6.95,3.69,0.34,0.64
2026-02-17,BGDV,29.05,29.174,29.21,29.05,98976,2889830.0,0.55,0.21,0.06,0.0
2026-02-17,BGH,14.9,15.01,15.04,14.88,148476,2224377.0,1.07,0.4,0.06,0.0
2026-02-17,BGI,0.805,0.824,0.824,0.79,5656,4559.0,4.2,1.73,0.014,0.03
2026-02-17,BGIG,34.45,34.39,34.48,34.229,12317,423542.0,0.73,-0.14,-0.047,0.0
2026-02-17,BGIN,2.876,2.88,2.88,2.876,1443,4149.0,0.14,-1.37,-0.04,0.0
2026-02-17,BGL,2.62,2.2,2.68,2.19,353381,814327.0,18.63,-16.35,-0.43,1.01
2026-02-17,BGLC,2.15,2.2,2.21,2.101,15872,34402.0,5.09,2.8,0.06,0.67
2026-02-17,BGLD,18.21,18.27,18.339,18.17,23716,431858.0,0.93,0.33,0.06,0.0
2026-02-17,BGLWW,0.31,0.29,0.331,0.29,7497,2291.0,10.99,-22.25,-0.083,0.0
2026-02-17,BGM,1.1,1.05,1.178,0.987,49625,51892.0,17.36,-4.55,-0.05,0.03
2026-02-17,BGMS,1.0,1.03,1.07,1.0,58608,60820.0,7.14,4.99,0.049,1.2
2026-02-17,BGMSP,3.48,3.48,3.48,3.48,13,52.0,0.0,0.0,0.0,0.0
2026-02-17,BGR,14.99,14.85,15.086,14.68,147733,2189902.0,2.71,-0.74,-0.11,0.0
2026-02-17,BGRN,48.27,48.301,48.31,48.24,23746,1146413.0,0.15,0.07,0.036,0.0
2026-02-17,BGRO,36.73,36.766,36.766,36.73,122,4481.0,0.1,0.07,0.027,0.0
2026-02-17,BGS,5.25,5.07,5.255,5.0,1918963,9790994.0,4.88,-3.06,-0.16,2.4
2026-02-17,BGSF,5.87,6.0,6.09,5.87,14905,89571.0,3.75,2.21,0.13,0.13
2026-02-17,BGSI,168.84,168.38,170.46,167.805,23394,3947006.0,1.57,-0.39,-0.66,0.08
2026-02-17,BGT,11.31,11.25,11.35,11.21,240121,2702155.0,1.24,-0.71,-0.08,0.0
2026-02-17,BGX,11.3,11.25,11.3,11.24,68666,773052.0,0.53,-0.35,-0.04,0.0
2026-02-17,BGY,6.12,6.11,6.15,6.075,149682,913047.0,1.23,0.0,0.0,0.0
2026-02-17,BH,400.98,413.52,416.12,387.9,114819,46831133.0,7.11,4.23,16.77,5.55
2026-02-17,BHAT,0.59,0.572,0.59,0.53,53415,29793.0,10.34,-1.38,-0.008,0.14
2026-02-17,BHB,35.22,35.44,35.885,34.83,66157,2351373.0,3.01,1.08,0.38,0.4
2026-02-17,BHC,6.05,5.99,6.12,5.96,1971907,11833778.0,2.67,0.0,0.0,0.53
2026-02-17,BHE,59.03,58.06,59.18,57.63,173541,10107432.0,2.62,-1.98,-1.17,0.49
2026-02-17,BHF,63.94,63.91,64.24,63.79,650818,41591889.0,0.7,0.11,0.07,1.14
2026-02-17,BHFAL,17.44,17.43,17.6,17.21,68200,1185277.0,2.22,-0.68,-0.12,0.0
2026-02-17,BHFAM,12.3,12.28,12.3,12.18,12926,158292.0,0.98,0.76,0.093,0.09
2026-02-17,BHFAN,13.55,13.49,13.58,13.4,111900,1509565.0,1.33,-0.66,-0.09,0.49
2026-02-17,BHFAO,16.975,16.96,17.1,16.8,55224,934574.0,1.76,-0.47,-0.08,0.34
2026-02-17,BHFAP,16.41,16.75,16.79,16.41,57260,949058.0,2.3,1.48,0.245,0.34
2026-02-17,BHK,9.7,9.66,9.7,9.63,215999,2084566.0,0.72,0.0,0.0,0.0
2026-02-17,BHM,8.9,10.82,13.3,8.9,29875,327231.0,49.11,20.76,1.86,0.74
2026-02-17,BHP,72.75,74.29,74.345,71.79,4616896,339008896.0,3.48,1.24,0.91,0.18
2026-02-17,BHR,3.01,2.99,3.035,2.95,947210,2821609.0,2.84,0.0,0.0,1.39
2026-02-17,BHRB,68.27,69.51,69.735,68.0,49696,3439754.0,2.54,1.86,1.27,0.33
2026-02-17,BHR_B,16.0,16.14,16.25,15.655,32815,525002.0,3.7,0.25,0.04,0.0
2026-02-17,BHR_D,16.474,16.7,16.7,16.2,9630,158969.0,3.0,0.06,0.01,0.0
2026-02-17,BHST,4.72,4.4,4.74,4.4,80105,366819.0,7.13,-7.76,-0.37,0.35
2026-02-17,BHV,10.64,10.765,10.78,10.64,2321,24989.0,1.3,-0.07,-0.008,0.0
2026-02-17,BHVN,11.36,11.48,11.79,11.28,1869042,21481538.0,4.49,1.06,0.12,1.41
2026-02-17,BHYB,54.72,54.68,54.75,54.68,3510,192043.0,0.13,0.0,-0.001,0.0
2026-02-17,BH_A,2038.79,2076.6,2119.0,2038.79,6984,14621472.0,3.97,2.74,55.3,3.38
2026-02-17,BIAF,1.04,1.07,1.12,0.97,199891,210973.0,14.42,2.88,0.03,4.44
2026-02-17,BIAFW,0.226,0.226,0.226,0.226,1,0.0,0.0,0.0,0.0,0.0
2026-02-17,BIB,86.33,86.202,86.554,84.83,6847,585469.0,2.03,1.75,1.483,0.0
2026-02-17,BIBL,49.93,50.1,50.13,49.419,57804,2878227.0,1.42,-0.14,-0.07,0.0
2026-02-17,BIDD,30.61,30.84,30.94,30.55,76455,2352037.0,1.26,-0.36,-0.11,0.0
2026-02-17,BIDG,18.741,18.555,18.871,18.555,3946,74265.0,1.71,0.16,0.03,0.0
2026-02-17,BIDU,137.465,137.33,139.88,136.565,1943029,267992662.0,2.42,0.23,0.32,0.57
2026-02-17,BIGY,50.54,50.72,50.9,50.31,32083,1626978.0,1.16,0.04,0.021,0.0
2026-02-17,BIIB,197.46,195.62,200.29,193.37,986535,192989188.0,3.52,-0.46,-0.9,0.67
2026-02-17,BIII,9.94,9.94,9.94,9.94,130,1292.0,0.0,0.3,0.03,0.0
2026-02-17,BIII_U,10.08,10.08,10.08,10.07,376,3788.0,0.1,0.3,0.03,0.0
2026-02-17,BIII_WS,0.4,0.398,0.44,0.31,1432,523.0,33.68,3.11,0.012,0.0
2026-02-17,BIL,91.52,91.52,91.52,91.51,6709963,614069968.0,0.01,0.01,0.01,0.0
2026-02-17,BILD,31.41,31.275,31.41,31.26,251,7866.0,0.48,0.12,0.038,0.0
2026-02-17,BILI,30.6,30.9,31.3,30.54,1254757,38764741.0,2.48,0.98,0.3,0.3
2026-02-17,BILL,47.0,45.12,47.0,43.9,3180993,142398899.0,6.6,-3.98,-1.87,3.21
2026-02-17,BILS,99.33,99.34,99.34,99.33,723172,71836370.0,0.01,0.01,0.01,0.0
2026-02-17,BILT,29.37,29.174,29.39,29.1,9488,277423.0,0.99,0.05,0.016,0.0
2026-02-17,BILZ,100.87,100.87,100.89,100.86,718727,72495690.0,0.03,0.0,0.0,0.0
2026-02-17,BINC,53.16,53.19,53.19,53.154,1758303,93499351.0,0.07,0.04,0.02,0.0
2026-02-17,BINT,30.263,30.381,30.45,30.1,32153,974943.0,1.15,-0.19,-0.059,0.0
2026-02-17,BINV,43.98,44.07,44.162,43.78,42414,1865115.0,0.86,-0.79,-0.35,0.0
2026-02-17,BIO,256.0,264.93,268.52,254.59,504668,132877372.0,5.43,3.26,8.37,2.3
2026-02-17,BIOA,19.7,19.63,20.105,19.03,392014,7696760.0,5.49,0.31,0.06,0.94
2026-02-17,BIOX,0.59,0.589,0.61,0.562,142041,82955.0,8.18,0.34,0.002,0.22
2026-02-17,BIO_B,257.05,257.05,257.05,257.05,19,4948.0,0.0,0.0,0.0,0.0
2026-02-17,BIP,38.41,38.69,39.12,38.26,732844,28394534.0,2.22,-0.15,-0.06,0.16
2026-02-17,BIPC,49.59,49.26,50.095,48.921,725641,35933322.0,2.37,-0.61,-0.3,0.6
2026-02-17,BIPH,16.88,16.93,16.93,16.79,14096,237816.0,0.83,0.24,0.04,0.0
2026-02-17,BIPI,17.1,17.27,17.28,17.04,21979,376989.0,1.41,1.35,0.23,0.0
2026-02-17,BIPJ,24.92,25.01,25.13,24.89,17614,440281.0,0.97,0.89,0.22,0.0
2026-02-17,BIP_A,17.65,17.85,17.97,17.64,4979,88333.0,1.86,0.86,0.152,0.0
2026-02-17,BIP_B,17.31,17.34,17.35,17.17,10874,187813.0,1.05,1.11,0.19,0.0
2026-02-17,BIRD,2.99,3.06,3.12,2.9,58001,174672.0,7.33,2.0,0.06,0.71
2026-02-17,BIRK,40.19,41.22,41.51,39.95,2760208,113240648.0,3.92,3.57,1.42,1.5
2026-02-17,BIS,8.78,8.601,8.78,8.59,1717,14940.0,2.17,-1.78,-0.156,0.0
2026-02-17,BIT,13.18,13.18,13.18,13.134,198152,2607189.0,0.35,0.23,0.03,0.0
2026-02-17,BITB,36.945,36.79,37.06,36.16,3013113,110306332.0,2.41,-1.5,-0.56,0.0
2026-02-17,BITC,36.23,36.2,36.31,36.2,7172,259950.0,0.3,0.03,0.01,0.0
2026-02-17,BITF,2.09,2.1,2.13,2.011,27322017,56635521.0,5.56,-1.87,-0.04,4.53
2026-02-17,BITI,28.12,28.21,28.69,28.025,2429111,68894403.0,2.39,1.55,0.43,0.0
2026-02-17,BITK,11.54,11.41,11.54,11.29,12835,145908.0,2.15,-1.8,-0.209,0.0
2026-02-17,BITO,9.39,9.36,9.429,9.19,70300813,655548544.0,2.52,-1.47,-0.14,0.0
2026-02-17,BITQ,19.13,19.13,19.49,18.69,112325,2149578.0,4.11,-1.75,-0.34,0.0
2026-02-17,BITS,55.18,55.138,55.44,54.385,3357,184698.0,1.87,-2.4,-1.354,0.0
2026-02-17,BITU,12.27,12.17,12.365,11.755,4463811,54048494.0,4.86,-2.95,-0.37,0.0
2026-02-17,BITW,44.68,44.58,44.87,43.905,66057,2935774.0,2.14,-1.0,-0.45,0.0
2026-02-17,BITX,15.5,15.39,15.6,14.83,10281661,156757701.0,4.86,-2.84,-0.45,0.0
2026-02-17,BITY,30.6,30.46,30.74,30.0,5488,167077.0,2.39,-1.45,-0.447,0.0
2026-02-17,BIV,78.6,78.61,78.635,78.55,1774404,139448010.0,0.11,0.01,0.01,0.0
2026-02-17,BIVI,1.32,1.28,1.37,1.22,315573,413436.0,11.81,0.79,0.01,4.18
2026-02-17,BIVIW,0.29,0.257,0.29,0.257,1598,419.0,12.64,-1.53,-0.004,0.0
2026-02-17,BIXI,9.9,9.91,9.915,9.9,194112,1923381.0,0.15,0.0,0.0,0.64
2026-02-17,BIXIU,9.97,10.03,10.03,9.97,2614,26212.0,0.6,-0.3,-0.03,0.01
2026-02-17,BIXIW,0.284,0.284,0.284,0.284,39,11.0,0.0,0.0,0.0,0.0
2026-02-17,BIYA,2.64,2.4,2.64,2.28,14729,36406.0,14.23,-5.14,-0.13,1.22
2026-02-17,BIZD,13.44,13.33,13.552,13.21,3411504,45440988.0,2.55,-0.67,-0.09,0.0
2026-02-17,BJ,103.78,99.44,105.78,98.93,2222847,222864069.0,6.66,-3.25,-3.34,1.71
2026-02-17,BJAN,54.86,55.15,55.27,54.76,34429,1897754.0,0.93,0.27,0.149,0.0
2026-02-17,BJDX,2.68,2.69,2.835,2.52,64517,173662.0,11.8,0.75,0.02,9.11
2026-02-17,BJK,35.93,36.2,36.2,35.91,1371,49446.0,0.8,0.19,0.07,0.0
2026-02-17,BJRI,40.98,42.17,42.3,40.54,335400,14018751.0,4.34,4.02,1.63,1.59
2026-02-17,BJUL,50.76,50.979,51.035,50.64,7219,367142.0,0.78,0.22,0.11,0.0
2026-02-17,BJUN,46.85,47.045,47.05,46.85,897,42151.0,0.43,0.14,0.068,0.0
2026-02-17,BK,118.0,118.8,120.195,118.0,2960914,352012576.0,1.86,0.9,1.06,0.43
2026-02-17,BKAG,42.86,42.83,42.89,42.83,157222,6740762.0,0.14,-0.09,-0.04,0.0
2026-02-17,BKCG,35.46,35.767,35.767,35.46,295,10513.0,0.86,0.33,0.117,0.0
2026-02-17,BKCH,64.09,63.25,64.439,61.715,38182,2411074.0,4.19,-2.81,-1.83,0.0
2026-02-17,BKCI,52.36,52.64,52.713,52.203,13440,705405.0,0.97,0.46,0.24,0.0
2026-02-17,BKD,16.5,16.64,17.09,16.4,8133337,136259709.0,4.18,0.79,0.13,3.42
2026-02-17,BKDV,30.73,30.73,30.794,30.52,372202,11426993.0,0.89,-0.13,-0.04,0.0
2026-02-17,BKE,54.23,53.87,54.3,53.35,399954,21536464.0,1.78,0.79,0.42,0.78
2026-02-17,BKEM,86.08,84.425,86.08,83.42,4814,406493.0,3.14,-0.33,-0.282,0.0
2026-02-17,BKF,44.53,44.548,44.6,44.28,4191,186352.0,0.72,0.34,0.149,0.0
2026-02-17,BKFI,24.44,24.47,24.47,24.4,76459,1865994.0,0.29,0.0,0.0,0.0
2026-02-17,BKGI,44.92,45.12,45.2,44.71,118590,5329429.0,1.09,0.51,0.23,0.0
2026-02-17,BKH,74.07,73.57,75.135,73.42,1409326,104457063.0,2.32,-0.65,-0.48,1.87
2026-02-17,BKHA,11.6,11.6,11.6,11.6,502,5898.0,0.0,0.0,0.0,0.01
2026-02-17,BKHAR,1.64,1.61,1.64,1.61,2177,3534.0,1.83,-1.83,-0.03,0.0
2026-02-17,BKHAU,12.24,12.25,12.55,12.14,2700,33024.0,3.33,-0.41,-0.05,0.04
2026-02-17,BKHY,48.27,48.247,48.27,48.15,31771,1532298.0,0.25,0.01,0.004,0.0
2026-02-17,BKIE,99.95,100.05,100.05,98.845,106660,10588877.0,1.2,-0.41,-0.41,0.0
2026-02-17,BKKT,10.65,10.26,10.77,9.98,686360,7052532.0,7.34,-4.74,-0.51,2.66
2026-02-17,BKKT_WS,0.175,0.152,0.175,0.139,46886,6556.0,24.83,4.83,0.007,0.0
2026-02-17,BKLC,129.98,130.47,130.89,129.15,248256,32283858.0,1.33,0.1,0.13,0.0
2026-02-17,BKLN,20.65,20.65,20.67,20.64,13856286,286118336.0,0.15,0.05,0.01,0.0
2026-02-17,BKMC,117.44,117.37,117.71,116.39,21462,2511647.0,1.12,0.01,0.011,0.0
2026-02-17,BKMI,26.79,26.767,26.81,26.75,80644,2159855.0,0.22,0.16,0.042,0.0
2026-02-17,BKMS,25.72,25.74,25.74,25.7,16341,420097.0,0.16,0.02,0.005,0.0
2026-02-17,BKN,11.58,11.52,11.58,11.41,68333,784587.0,1.48,0.0,0.0,0.0
2026-02-17,BKNG,4131.19,4140.15,4168.11,4020.54,490341,2022588240.0,3.56,-0.01,-0.45,1.55
2026-02-17,BKNU,12.47,12.66,12.84,12.24,18302,230722.0,4.73,-0.25,-0.032,0.0
2026-02-17,BKR,60.67,59.86,61.25,58.97,8552323,511285600.0,3.73,-2.19,-1.34,0.87
2026-02-17,BKSE,119.52,120.086,120.47,119.52,1423,170924.0,0.79,-0.11,-0.13,0.0
2026-02-17,BKSY,21.1,21.3,22.004,20.5,856776,18323953.0,7.0,-0.84,-0.18,2.38
2026-02-17,BKSY_WS,0.07,0.073,0.075,0.065,43296,2990.0,13.33,-2.67,-0.002,0.0
2026-02-17,BKT,11.08,11.11,11.14,11.069,134353,1493239.0,0.64,-0.09,-0.01,0.0
2026-02-17,BKTI,83.42,80.03,83.42,76.35,40460,3235292.0,8.57,-3.03,-2.5,1.08
2026-02-17,BKU,49.14,49.15,49.73,48.73,467556,22967171.0,2.05,0.86,0.42,0.63
2026-02-17,BKUI,49.86,49.86,49.87,49.86,19456,970155.0,0.02,0.0,0.0,0.0
2026-02-17,BKV,30.6,29.96,30.97,29.3,413670,12379070.0,5.47,-1.93,-0.59,0.43
2026-02-17,BKYI,0.589,0.557,0.604,0.54,236383,133244.0,10.94,-4.79,-0.028,2.18
2026-02-17,BK_K,25.78,25.89,25.89,25.7,41846,1077542.0,0.74,0.58,0.15,0.21
2026-02-17,BL,38.54,37.34,38.54,36.24,2269712,84920299.0,5.96,-3.29,-1.27,3.79
2026-02-17,BLBD,57.63,59.99,60.4,57.38,625945,37248064.0,5.24,4.17,2.4,1.98
2026-02-17,BLBX,9.95,10.46,10.49,9.3,108918,1078953.0,11.98,5.34,0.53,2.53
2026-02-17,BLCN,23.99,22.58,23.99,22.0,20972,478809.0,8.56,-2.88,-0.67,0.0
2026-02-17,BLCO,17.07,17.73,17.905,16.945,1191031,21029678.0,5.64,4.11,0.7,0.34
2026-02-17,BLCR,42.44,42.646,42.84,42.29,12884,548963.0,1.29,-0.03,-0.014,0.0
2026-02-17,BLCV,38.58,38.415,38.6,38.27,8523,327196.0,0.86,-0.27,-0.105,0.0
2026-02-17,BLD,548.21,545.06,559.468,536.41,267191,145739974.0,4.19,-1.06,-5.84,0.95
2026-02-17,BLDG,25.75,26.436,26.436,25.75,1586,41639.0,2.62,0.82,0.214,0.0
2026-02-17,BLDP,2.14,2.14,2.175,2.07,1602078,3403342.0,4.88,-0.47,-0.01,0.53
2026-02-17,BLDR,114.14,114.63,115.78,110.58,3810339,433858336.0,4.53,-0.09,-0.1,3.44
2026-02-17,BLDX,26.65,26.745,26.82,26.605,3030,80936.0,0.81,0.4,0.107,0.0
2026-02-17,BLES,46.42,46.71,46.71,46.14,7403,343526.0,1.22,-0.04,-0.02,0.0
2026-02-17,BLFS,22.1,22.36,22.66,21.71,268158,6000281.0,4.27,0.58,0.13,0.56
2026-02-17,BLFY,14.04,14.18,14.425,14.04,213215,3026006.0,2.72,0.35,0.05,1.03
2026-02-17,BLGR,27.87,28.1,28.2,27.75,34033,953609.0,1.61,0.37,0.103,0.0
2026-02-17,BLIN,0.73,0.74,0.77,0.725,66990,50303.0,6.42,5.56,0.039,0.53
2026-02-17,BLIV,3.4,3.4,3.4,3.4,214,710.0,0.0,3.34,0.11,0.0
2026-02-17,BLK,1074.61,1072.67,1087.9,1059.225,922083,988142832.0,2.68,0.11,1.16,0.59
2026-02-17,BLKB,48.89,47.34,49.91,46.77,658376,31345768.0,6.4,-3.55,-1.74,1.43
2026-02-17,BLKC,21.133,21.133,21.133,21.133,244,5147.0,0.0,-0.02,-0.005,0.0
2026-02-17,BLLN,88.76,93.18,93.915,85.135,225882,20405386.0,9.91,5.16,4.57,0.49
2026-02-17,BLMN,6.39,6.44,6.44,6.08,2720884,17164913.0,5.76,3.04,0.19,3.19
2026-02-17,BLND,1.68,1.77,1.83,1.66,3715595,6502084.0,9.94,3.51,0.06,0.73
2026-02-17,BLNE,2.95,2.73,3.01,2.7,739248,2087398.0,10.23,-9.9,-0.3,2.66
2026-02-17,BLNK,0.7,0.67,0.709,0.662,1997827,1370703.0,6.84,-2.47,-0.017,1.41
2026-02-17,BLOK,53.46,53.56,54.15,52.44,327101,17449765.0,3.17,-0.83,-0.45,0.0
2026-02-17,BLOX,15.0,15.02,15.29,14.69,285594,4282640.0,3.92,-1.83,-0.28,0.0
2026-02-17,BLRK,9.91,9.91,9.91,9.91,1281,12693.0,0.0,0.2,0.02,0.01
2026-02-17,BLRKU,9.98,9.98,9.98,9.98,39,390.0,0.0,0.0,0.0,0.0
2026-02-17,BLRX,2.97,2.81,2.97,2.785,17117,49449.0,6.31,-4.1,-0.12,0.39
2026-02-17,BLSG,3.98,4.215,4.35,3.81,40457,171659.0,13.08,2.11,0.087,0.0
2026-02-17,BLSH,31.18,32.0,32.55,30.3,1817716,57523238.0,7.09,0.85,0.27,1.21
2026-02-17,BLST,25.46,25.46,25.46,25.44,12156,309366.0,0.08,0.0,0.0,0.0
2026-02-17,BLSX,7.1,7.508,7.62,6.76,4392,30769.0,11.72,2.27,0.167,0.0
2026-02-17,BLTD,26.04,26.038,26.05,26.005,10430,271521.0,0.17,0.15,0.038,0.0
2026-02-17,BLTE,176.61,175.84,179.78,171.78,79706,14033863.0,4.56,0.33,0.58,0.2
2026-02-17,BLUC,27.99,28.16,28.255,27.935,31394,882227.0,1.14,0.26,0.074,0.0
2026-02-17,BLUI,26.0,26.049,26.06,26.0,18675,485777.0,0.23,0.11,0.029,0.0
2026-02-17,BLUW,10.36,10.37,10.37,10.32,44525,460168.0,0.48,0.19,0.02,0.14
2026-02-17,BLUWU,10.65,10.65,10.65,10.65,319,3396.0,0.0,-0.47,-0.05,0.0
2026-02-17,BLUWW,0.6,0.6,0.6,0.6,600,360.0,0.0,0.0,0.0,0.0
2026-02-17,BLUX,28.98,29.03,29.09,28.72,40713,1179521.0,1.28,0.12,0.035,0.0
2026-02-17,BLV,71.2,71.2,71.3,71.094,546783,38931172.0,0.29,0.18,0.13,0.0
2026-02-17,BLW,13.76,13.76,13.778,13.71,61043,839179.0,0.49,0.15,0.02,0.0
2026-02-17,BLX,51.74,50.46,51.99,50.24,378169,19142429.0,3.42,-1.39,-0.71,1.02
2026-02-17,BLZE,4.25,4.03,4.25,3.945,1213540,4878815.0,7.11,-6.06,-0.26,2.07
2026-02-17,BLZR,10.06,10.05,10.06,10.05,51730,519938.0,0.1,-0.1,-0.01,0.15
2026-02-17,BLZRU,10.224,10.2,10.23,10.2,690,7044.0,0.29,-0.1,-0.01,0.0
2026-02-17,BLZRW,0.424,0.424,0.424,0.416,1000,423.0,1.63,-13.47,-0.066,0.0
2026-02-17,BMA,86.33,84.97,86.33,82.85,220927,18711319.0,4.02,-1.87,-1.62,0.35
2026-02-17,BMAR,53.29,53.57,53.61,53.195,15338,819518.0,0.78,0.24,0.126,0.0
2026-02-17,BMAX,23.47,22.959,23.47,22.959,521,11901.0,2.22,-0.37,-0.085,0.0
2026-02-17,BMAY,45.0,45.13,45.155,45.0,9598,432907.0,0.34,0.14,0.064,0.0
2026-02-17,BMBL,2.75,2.74,2.805,2.62,4387576,11971561.0,6.73,-0.36,-0.01,3.39
2026-02-17,BME,42.16,42.4,42.5,42.16,39479,1670993.0,0.81,0.78,0.33,0.0
2026-02-17,BMEA,1.27,1.33,1.355,1.245,774839,1013253.0,8.8,6.4,0.08,1.1
2026-02-17,BMED,30.515,30.692,30.692,30.49,4398,134475.0,0.66,0.71,0.217,0.0
2026-02-17,BMEZ,14.91,14.92,15.06,14.9,325196,4868276.0,1.07,-0.33,-0.05,0.0
2026-02-17,BMGL,0.651,0.68,0.69,0.65,20807,14002.0,6.35,7.94,0.05,0.11
2026-02-17,BMHL,3.6,3.6,3.6,3.6,333,1193.0,0.0,-2.44,-0.09,0.0
2026-02-17,BMI,159.15,159.19,161.07,156.8,469232,74793868.0,2.76,2.78,4.31,1.61
2026-02-17,BML_G,19.64,19.78,19.8,19.55,6546,128804.0,1.26,-0.05,-0.01,0.17
2026-02-17,BML_H,19.65,19.64,19.68,19.436,25221,493175.0,1.24,-0.05,-0.01,0.21
2026-02-17,BML_J,20.85,20.92,20.92,20.805,6075,126664.0,0.55,0.29,0.06,0.07
2026-02-17,BML_L,19.95,19.88,20.05,19.88,72151,1437674.0,0.85,-0.9,-0.18,0.45
2026-02-17,BMM,3.86,3.6,3.947,3.47,81441,295610.0,12.39,-6.49,-0.25,0.1
2026-02-17,BMN,26.75,26.48,26.75,26.062,5267,138905.0,2.58,-0.82,-0.22,0.0
2026-02-17,BMNG,1.5,1.45,1.51,1.38,17611694,25396030.0,8.33,-7.05,-0.11,0.0
2026-02-17,BMNR,20.61,20.15,20.68,19.77,30266339,611176384.0,4.34,-3.86,-0.81,6.65
2026-02-17,BMNU,2.21,2.11,2.22,2.03,61778666,130930666.0,8.32,-7.66,-0.175,0.0
2026-02-17,BMNZ,25.5,26.41,27.32,25.3,809914,21326558.0,8.26,8.02,1.96,0.0
2026-02-17,BMO,140.68,141.45,141.97,140.2,517802,73192249.0,1.26,0.3,0.43,0.07
2026-02-17,BMOP,25.05,25.09,25.13,25.0,29015,727866.0,0.52,0.06,0.015,0.0
2026-02-17,BMR,1.65,1.69,1.74,1.64,46516,77937.0,5.95,0.6,0.01,0.3
2026-02-17,BMRA,2.24,2.23,2.27,2.14,10506,23433.0,5.68,-2.62,-0.06,0.35
2026-02-17,BMRC,27.35,27.43,27.82,27.15,71248,1953448.0,2.46,0.7,0.19,0.44
2026-02-17,BMRN,60.05,59.95,60.95,59.38,1375128,82399110.0,2.62,0.13,0.08,0.72
2026-02-17,BMVP,52.27,52.273,52.273,52.27,407,21266.0,0.01,-0.18,-0.095,0.0
2026-02-17,BMY,60.85,60.35,61.3,59.475,12874351,775448000.0,3.0,-0.64,-0.39,0.63
2026-02-17,BN,47.79,47.78,48.33,47.18,6549861,313202144.0,2.41,-0.02,-0.01,0.26
2026-02-17,BNAI,19.81,18.82,19.91,18.18,640731,12284314.0,8.27,-10.04,-2.1,14.28
2026-02-17,BNAIW,0.25,0.248,0.273,0.242,48395,12145.0,10.88,-12.98,-0.037,0.0
2026-02-17,BNBX,0.821,0.8,0.85,0.75,67856,55076.0,11.83,-5.33,-0.045,1.25
2026-02-17,BNC,4.13,4.2,4.3,4.0,562284,2306218.0,6.98,-2.33,-0.1,1.29
2026-02-17,BNCWW,0.042,0.042,0.042,0.042,1052,44.0,0.0,0.0,0.0,0.0
2026-02-17,BND,74.89,74.87,74.91,74.83,9689024,725453872.0,0.11,-0.01,-0.01,0.0
2026-02-17,BNDC,22.59,22.6,22.6,22.59,7499,169444.0,0.04,0.05,0.011,0.0
2026-02-17,BNDD,98.3,98.33,98.33,98.3,643,63218.0,0.03,0.7,0.679,0.0
2026-02-17,BNDI,47.91,47.88,47.95,47.79,17599,842093.0,0.33,0.15,0.07,0.0
2026-02-17,BNDP,75.87,75.775,75.87,75.69,16289,1233946.0,0.24,0.03,0.025,0.0
2026-02-17,BNDS,51.42,51.533,51.538,51.42,14200,731051.0,0.23,0.22,0.113,0.0
2026-02-17,BNDW,69.47,69.525,69.539,69.47,149140,10365778.0,0.1,0.09,0.062,0.0
2026-02-17,BNDX,48.88,48.9,48.94,48.87,4422582,216249039.0,0.14,0.18,0.09,0.0
2026-02-17,BNDY,26.13,26.12,26.19,26.08,38040,994352.0,0.42,-0.19,-0.05,0.0
2026-02-17,BNED,7.66,7.72,7.925,7.42,290246,2244296.0,6.56,0.26,0.02,0.85
2026-02-17,BNGE,31.49,31.708,31.8,31.49,2835,89833.0,0.98,0.32,0.102,0.0
2026-02-17,BNGO,1.11,1.1,1.14,1.079,101745,111475.0,5.55,0.0,0.0,1.0
2026-02-17,BNH,16.06,16.1,16.1,16.02,10232,164287.0,0.5,0.46,0.073,0.0
2026-02-17,BNJ,15.39,15.47,15.48,15.388,14624,225410.0,0.6,0.08,0.013,0.0
2026-02-17,BNKD,9.53,9.777,9.811,9.52,3654,35332.0,2.89,-2.79,-0.281,0.0
2026-02-17,BNKK,3.92,3.92,4.15,3.819,46591,184780.0,8.34,-1.26,-0.05,0.88
2026-02-17,BNKU,32.42,32.67,33.36,32.35,26853,879390.0,3.17,2.67,0.85,0.0
2026-02-17,BNL,19.81,19.85,19.91,19.655,1122587,22236277.0,1.3,1.07,0.21,0.59
2026-02-17,BNO,31.92,31.78,32.02,31.52,873231,27763179.0,1.57,-0.34,-0.11,0.0
2026-02-17,BNOV,44.26,44.43,44.56,44.225,9706,431539.0,0.75,0.11,0.05,0.0
2026-02-17,BNR,29.05,29.55,29.99,28.28,18892,549342.0,5.87,1.42,0.415,0.18
2026-02-17,BNRG,1.5,1.42,1.5,1.34,109848,155390.0,10.53,-6.58,-0.1,15.35
2026-02-17,BNS,75.56,76.22,76.5,75.54,1083431,82445886.0,1.27,0.69,0.52,0.09
2026-02-17,BNT,48.24,47.91,48.27,47.215,27789,1331514.0,2.22,0.65,0.31,0.01
2026-02-17,BNTC,10.38,10.355,10.635,9.85,242852,2515154.0,7.56,-0.24,-0.025,0.71
2026-02-17,BNTX,106.0,106.99,107.56,105.41,384429,40941549.0,2.03,1.06,1.12,0.15
2026-02-17,BNZI,1.31,1.2,1.34,1.17,817332,1025076.0,13.08,-7.69,-0.1,6.04
2026-02-17,BNZIW,0.02,0.02,0.02,0.02,300,6.0,0.0,11.11,0.002,0.0
2026-02-17,BOAT,37.83,38.46,38.479,37.75,55379,2109213.0,1.93,1.72,0.651,0.0
2026-02-17,BOBP,27.34,27.432,27.432,27.11,2298,62711.0,1.17,0.04,0.012,0.0
2026-02-17,BOBS,20.08,20.09,20.4,19.118,845498,16941364.0,6.38,0.05,0.01,0.65
2026-02-17,BOC,12.48,12.35,12.499,12.32,83245,1031109.0,1.43,-1.2,-0.15,0.26
2026-02-17,BOCT,49.27,49.48,49.589,49.13,9770,483401.0,0.93,0.14,0.07,0.0
2026-02-17,BODI,8.96,8.6,9.01,8.28,26329,228497.0,8.24,-2.93,-0.26,0.37
2026-02-17,BOE,11.95,11.93,11.96,11.841,120164,1430248.0,1.0,-0.17,-0.02,0.0
2026-02-17,BOED,16.05,15.94,16.05,15.91,926,14805.0,0.87,-0.41,-0.066,0.0
2026-02-17,BOEG,18.7,18.665,18.755,18.0,22164,409205.0,4.08,0.97,0.179,0.0
2026-02-17,BOEU,47.15,47.214,47.8,45.38,33238,1563998.0,5.17,0.82,0.384,0.0
2026-02-17,BOF,3.13,3.22,3.24,3.08,61317,193073.0,5.05,1.58,0.05,0.46
2026-02-17,BOH,78.33,79.03,79.26,77.87,470349,37118732.0,1.78,1.06,0.83,1.19
2026-02-17,BOH_A,16.78,16.67,16.78,16.63,20201,337570.0,0.9,-0.38,-0.064,0.28
2026-02-17,BOH_B,26.56,26.57,26.79,26.5,13599,361766.0,1.09,0.26,0.07,0.21
2026-02-17,BOIL,17.53,17.48,17.95,17.23,11268808,198509928.0,3.8,-7.85,-1.49,0.0
2026-02-17,BOKF,134.8,133.56,135.89,133.37,242637,32543737.0,1.88,-0.49,-0.66,0.4
2026-02-17,BOLD,1.13,1.15,1.16,1.13,120221,137662.0,2.65,1.77,0.02,0.54
2026-02-17,BOLT,4.95,5.0,5.17,4.93,9028,45369.0,4.85,1.01,0.05,0.47
2026-02-17,BON,1.72,1.63,1.72,1.57,14203,23321.0,9.15,-0.61,-0.01,0.17
2026-02-17,BOND,94.24,94.24,94.325,94.185,416844,39284253.0,0.15,-0.01,-0.01,0.0
2026-02-17,BOOM,8.5,8.46,8.555,8.3,113805,962270.0,3.0,-0.35,-0.03,0.56
2026-02-17,BOOT,189.84,197.53,197.78,188.74,522660,101961018.0,4.81,5.07,9.54,1.72
2026-02-17,BORR,5.54,5.43,5.67,5.22,12225582,65500466.0,7.98,-3.72,-0.21,3.98
2026-02-17,BOSC,4.71,4.61,4.79,4.518,50896,233726.0,5.84,-1.07,-0.05,0.82
2026-02-17,BOTJ,20.9,20.51,20.9,20.51,6140,127203.0,1.88,-1.11,-0.23,0.14
2026-02-17,BOTT,58.1,57.95,58.38,57.18,28417,1642542.0,2.05,-1.08,-0.63,0.0
2026-02-17,BOTZ,38.27,38.62,38.75,37.94,775120,29789677.0,2.11,0.73,0.28,0.0
2026-02-17,BOUT,39.89,40.08,40.295,39.85,6621,265349.0,1.11,0.02,0.01,0.0
2026-02-17,BOW,24.1,24.74,24.81,24.03,218485,5353605.0,3.24,2.83,0.68,0.67
2026-02-17,BOX,23.22,22.68,23.44,22.42,2206182,50155610.0,4.4,-2.2,-0.51,1.57
2026-02-17,BOXA,106.865,106.879,106.9,106.71,998,106653.0,0.18,0.01,0.014,0.0
2026-02-17,BOXL,1.29,1.26,1.33,1.19,381528,473065.0,10.53,-5.26,-0.07,40.08
2026-02-17,BOXX,115.71,115.73,115.75,115.7,2108244,243971883.0,0.04,0.03,0.04,0.0
2026-02-17,BP,37.64,37.56,37.81,37.05,7290323,273227664.0,2.02,-0.27,-0.1,0.28
2026-02-17,BPAC,9.98,9.98,9.98,9.98,1100,10978.0,0.0,0.0,0.0,0.01
2026-02-17,BPACU,10.2,10.2,10.2,10.2,7,72.0,0.0,0.0,0.0,0.0
2026-02-17,BPAY,23.56,23.735,23.735,23.37,16957,397443.0,1.55,0.86,0.202,0.0
2026-02-17,BPH,57.8,57.661,57.8,57.661,15163,876420.0,0.24,0.28,0.163,0.0
2026-02-17,BPI,23.239,23.239,23.239,23.239,92,2128.0,0.0,-0.87,-0.205,0.0
2026-02-17,BPOP,142.73,144.9,145.31,142.72,604494,87482683.0,1.82,1.59,2.27,0.92
2026-02-17,BPOPM,25.33,25.33,25.33,25.33,1025,25927.0,0.0,0.32,0.08,0.0
2026-02-17,BPRE,16.84,17.14,17.63,16.8,1138549,19569798.0,4.85,0.18,0.03,0.0
2026-02-17,BPRN,35.72,36.1,36.445,35.66,16518,595978.0,2.2,1.04,0.37,0.24
2026-02-17,BPRO,23.58,23.435,23.58,23.14,872,20290.0,1.84,-1.98,-0.473,0.0
2026-02-17,BPYPM,16.33,16.325,16.4,16.04,35854,580917.0,2.22,0.71,0.115,0.0
2026-02-17,BPYPN,14.055,14.5,14.5,14.0,46213,654536.0,3.6,4.47,0.62,0.0
2026-02-17,BPYPO,15.28,15.755,15.8,15.25,28964,448942.0,3.61,3.31,0.505,0.0
2026-02-17,BPYPP,16.55,16.7,16.73,16.27,33788,559346.0,2.83,2.64,0.43,0.0
2026-02-17,BQ,1.29,1.22,1.31,1.18,70999,89189.0,9.85,-7.58,-0.1,1.46
2026-02-17,BR,174.63,174.13,176.54,171.41,1598787,278212544.0,2.95,0.25,0.43,1.37
2026-02-17,BRAG,1.89,1.85,1.99,1.815,45390,84924.0,9.11,-3.65,-0.07,0.18
2026-02-17,BRAI,20.59,22.42,23.99,17.25,46859,959710.0,29.6,-1.54,-0.35,0.1
2026-02-17,BRAZ,32.08,32.2,32.23,32.08,1393,44794.0,0.46,-0.76,-0.248,0.0
2026-02-17,BRBI,15.54,14.75,15.65,14.45,2234,33109.0,8.38,3.0,0.43,0.0
2026-02-17,BRBR,18.18,18.08,18.68,17.5,4184067,75427777.0,6.6,1.18,0.21,3.57
2026-02-17,BRBS,4.27,4.26,4.314,4.25,121705,520360.0,1.5,-0.23,-0.01,0.13
2026-02-17,BRC,96.43,95.51,97.392,95.36,275599,26433528.0,2.11,-0.85,-0.82,0.58
2026-02-17,BRCB,14.43,13.71,14.9,13.514,502812,6970147.0,9.61,-4.92,-0.71,1.0
2026-02-17,BRCC,0.767,0.694,0.767,0.678,895013,635362.0,12.21,-4.8,-0.035,0.36
2026-02-17,BRCE,26.23,26.407,26.407,26.23,128,3359.0,0.67,0.14,0.036,0.0
2026-02-17,BREM,52.097,52.097,52.097,52.097,97,5049.0,0.0,0.16,0.082,0.0
2026-02-17,BRES,25.44,25.226,25.44,25.06,12000,302583.0,1.51,0.11,0.028,0.0
2026-02-17,BRF,18.53,18.536,18.69,18.22,45994,853821.0,2.51,-0.82,-0.154,0.0
2026-02-17,BRFH,2.77,2.81,2.82,2.74,7938,22096.0,2.68,-5.93,-0.177,0.05
2026-02-17,BRHY,51.53,51.54,51.63,51.5,7331,377859.0,0.25,0.02,0.01,0.0
2026-02-17,BRIA,2.3,2.27,2.3,2.24,3782,8517.0,2.67,0.89,0.02,0.01
2026-02-17,BRID,7.52,7.529,7.552,7.43,2188,16406.0,1.6,-1.19,-0.091,0.02
2026-02-17,BRIE,28.79,28.95,28.96,28.65,59208,1707306.0,1.07,-0.1,-0.03,0.0
2026-02-17,BRIF,30.93,30.96,31.01,30.68,9191,284424.0,1.07,0.1,0.03,0.0
2026-02-17,BRKC,44.16,44.488,44.668,44.16,7604,338900.0,1.15,0.82,0.364,0.0
2026-02-17,BRKD,23.15,23.182,23.182,23.11,493,11407.0,0.31,-1.06,-0.248,0.0
2026-02-17,BRKR,36.9,38.12,38.2,36.53,3629774,137366997.0,4.57,4.41,1.61,2.39
2026-02-17,BRKRP,296.28,301.86,302.21,296.28,8532,2560135.0,2.04,3.6,10.49,0.0
2026-02-17,BRKU,24.13,24.53,24.785,24.13,130938,3208583.0,2.73,2.34,0.56,0.0
2026-02-17,BRKW,43.29,43.42,43.621,43.164,7548,327603.0,1.06,0.95,0.41,0.0
2026-02-17,BRK_A,747948.72,754910.0,757311.09,747948.72,325,245173509.0,1.25,0.46,3485.01,0.02
2026-02-17,BRK_B,500.015,503.41,506.09,499.21,4263329,2145158784.0,1.38,1.18,5.86,0.2
2026-02-17,BRLN,50.97,51.15,51.15,50.97,10867,554693.0,0.35,0.12,0.06,0.0
2026-02-17,BRLS,1.6,1.33,1.606,1.265,353419,491273.0,21.05,-17.9,-0.29,1.65
2026-02-17,BRLSW,0.06,0.06,0.06,0.06,400,24.0,0.0,0.0,0.0,0.0
2026-02-17,BRLT,1.48,1.44,1.54,1.41,51798,75237.0,8.72,-3.36,-0.05,0.05
2026-02-17,BRN,0.993,0.932,1.0,0.921,117807,111947.0,8.06,-4.9,-0.048,0.94
2026-02-17,BRNS,0.653,0.614,0.7,0.594,52830,33745.0,16.85,-2.38,-0.015,0.13
2026-02-17,BRNY,50.04,50.061,50.24,49.779,23366,1169727.0,0.92,0.11,0.055,0.0
2026-02-17,BRO,68.94,68.83,70.1,68.46,5252878,363222256.0,2.4,0.53,0.36,1.54
2026-02-17,BROS,54.14,53.61,54.345,50.61,7814150,413893712.0,7.02,0.77,0.41,4.75
2026-02-17,BRR,2.47,2.46,2.5,2.3,535339,1291171.0,7.94,-2.38,-0.06,0.64
2026-02-17,BRRR,19.195,19.11,19.25,18.79,559128,10634100.0,2.37,-1.55,-0.3,0.0
2026-02-17,BRSL,13.53,13.42,13.58,13.305,1208918,16231226.0,2.04,-0.22,-0.03,0.65
2026-02-17,BRSP,5.73,5.8,5.82,5.631,789137,4549322.0,3.3,1.22,0.07,0.61
2026-02-17,BRT,14.46,15.0,15.09,14.46,62866,931469.0,4.34,3.45,0.5,0.35
2026-02-17,BRTR,51.43,51.44,51.457,51.41,50887,2617303.0,0.09,0.02,0.01,0.0
2026-02-17,BRTX,0.288,0.267,0.289,0.254,6160422,1649232.0,12.28,-6.32,-0.018,68.1
2026-02-17,BRW,6.4,6.38,6.44,6.38,376414,2409862.0,0.93,-0.78,-0.05,0.0
2026-02-17,BRX,29.49,29.61,29.645,29.12,2047435,60364753.0,1.79,1.09,0.32,0.67
2026-02-17,BRZE,17.65,16.93,18.34,16.5,3149395,53325352.0,10.45,-3.81,-0.67,2.81
2026-02-17,BRZU,111.65,110.4,112.31,107.39,52504,5752069.0,4.38,-1.7,-1.91,0.0
2026-02-17,BSAA,10.22,10.22,10.22,10.22,1099,11232.0,0.0,0.2,0.02,0.01
2026-02-17,BSAC,35.18,35.4,35.46,34.71,336677,11807606.0,2.1,-0.7,-0.25,0.07
2026-02-17,BSBK,8.46,8.595,8.595,8.46,1057,9034.0,1.6,1.68,0.142,0.01
2026-02-17,BSBR,6.57,6.56,6.61,6.455,492108,3211396.0,2.35,-0.46,-0.03,0.01
2026-02-17,BSCQ,19.6,19.59,19.6,19.59,762364,14938203.0,0.05,0.0,0.0,0.0
2026-02-17,BSCR,19.79,19.78,19.79,19.78,1131308,22379894.0,0.05,-0.03,-0.005,0.0
2026-02-17,BSCS,20.66,20.66,20.665,20.65,694840,14353448.0,0.07,0.02,0.005,0.0
2026-02-17,BSCT,18.93,18.93,18.94,18.92,567104,10735002.0,0.11,-0.03,-0.005,0.0
2026-02-17,BSCU,17.02,17.025,17.03,17.01,737372,12546722.0,0.12,0.06,0.01,0.0
2026-02-17,BSCV,16.8,16.8,16.805,16.78,458715,7703857.0,0.15,-0.06,-0.01,0.0
2026-02-17,BSCW,21.04,21.055,21.06,21.028,163732,3445008.0,0.15,0.05,0.01,0.0
2026-02-17,BSCX,21.65,21.645,21.65,21.62,133338,2885319.0,0.14,0.05,0.01,0.0
2026-02-17,BSCY,21.21,21.22,21.24,21.195,319726,6781776.0,0.21,0.02,0.005,0.0
2026-02-17,BSCZ,21.02,21.03,21.04,21.0,61199,1286316.0,0.19,0.07,0.015,0.0
2026-02-17,BSEP,49.19,49.39,49.51,49.125,8819,435739.0,0.78,0.12,0.06,0.0
2026-02-17,BSET,16.0,15.87,16.18,15.86,19523,311342.0,2.0,-0.75,-0.12,0.23
2026-02-17,BSJQ,23.32,23.315,23.32,23.31,165483,3858169.0,0.04,0.0,0.0,0.0
2026-02-17,BSJR,22.65,22.635,22.65,22.63,164574,3725980.0,0.09,-0.09,-0.02,0.0
2026-02-17,BSJS,22.03,22.02,22.04,22.005,153165,3372517.0,0.16,-0.07,-0.015,0.0
2026-02-17,BSJT,21.44,21.42,21.44,21.41,107680,2306239.0,0.14,-0.14,-0.03,0.0
2026-02-17,BSJU,26.16,26.145,26.17,26.12,64792,1693883.0,0.19,-0.08,-0.02,0.0
2026-02-17,BSJV,26.75,26.72,26.79,26.69,18360,490731.0,0.37,-0.13,-0.035,0.0
2026-02-17,BSJW,25.8,25.809,25.82,25.8,9619,248248.0,0.08,-0.04,-0.011,0.0
2026-02-17,BSJX,25.61,25.585,25.62,25.575,6929,177391.0,0.18,-0.1,-0.025,0.0
2026-02-17,BSL,13.19,13.22,13.244,13.17,57791,763064.0,0.56,0.15,0.02,0.0
2026-02-17,BSM,15.22,15.25,15.265,14.92,580752,8799099.0,2.27,0.33,0.05,0.27
2026-02-17,BSMC,38.34,38.01,38.54,37.7,16992,644073.0,2.19,-1.04,-0.4,0.0
2026-02-17,BSMQ,23.6,23.65,23.66,23.6,124718,2946881.0,0.25,-0.15,-0.035,0.0
2026-02-17,BSMR,23.78,23.795,23.796,23.775,28022,666525.0,0.09,0.0,0.0,0.0
2026-02-17,BSMS,23.7,23.68,23.7,23.665,58417,1383217.0,0.15,0.01,0.003,0.0
2026-02-17,BSMT,23.36,23.37,23.39,23.36,37417,874430.0,0.13,0.02,0.004,0.0
2026-02-17,BSMU,22.27,22.295,22.299,22.27,49581,1104890.0,0.13,0.0,0.0,0.0
2026-02-17,BSMV,21.53,21.448,21.53,21.44,86597,1860895.0,0.42,0.06,0.013,0.0
2026-02-17,BSMW,25.51,25.495,25.51,25.47,23014,586774.0,0.16,0.07,0.017,0.0
2026-02-17,BSMY,24.98,24.97,24.98,24.94,20228,504961.0,0.16,0.2,0.05,0.0
2026-02-17,BSMZ,25.78,25.795,25.85,25.78,13946,359865.0,0.27,0.06,0.015,0.0
2026-02-17,BSOL,11.32,11.31,11.41,11.04,1399239,15719499.0,3.28,0.27,0.03,0.0
2026-02-17,BSR,30.727,30.727,30.727,30.727,143,4380.0,0.0,-0.17,-0.053,0.0
2026-02-17,BSRR,37.45,38.01,38.5,37.413,72455,2747096.0,2.92,1.99,0.74,0.55
2026-02-17,BSSX,26.19,26.218,26.23,26.16,18600,487505.0,0.27,0.2,0.053,0.0
2026-02-17,BST,38.97,39.04,39.49,38.81,149408,5839013.0,1.71,-1.61,-0.64,0.0
2026-02-17,BSTP,37.01,37.12,37.22,36.93,12575,467306.0,0.78,0.0,0.001,0.0
2026-02-17,BSTZ,22.61,22.71,22.91,22.42,167434,3804802.0,2.15,-0.18,-0.04,0.24
2026-02-17,BSV,79.08,79.07,79.1,79.06,2395394,189427187.0,0.05,-0.04,-0.03,0.0
2026-02-17,BSVN,43.91,44.13,44.55,43.91,8382,370657.0,1.46,0.48,0.21,0.09
2026-02-17,BSVO,26.36,26.281,26.48,25.97,304086,7984555.0,1.94,-0.03,-0.008,0.0
2026-02-17,BSX,75.03,76.29,76.82,75.0,14259268,1085113440.0,2.44,2.09,1.56,0.96
2026-02-17,BSY,33.98,33.28,34.225,32.86,4208888,140558619.0,4.0,-2.4,-0.82,1.39
2026-02-17,BTA,9.7,9.74,9.775,9.69,67785,659024.0,0.87,0.1,0.01,0.0
2026-02-17,BTAI,1.6,1.58,1.6,1.527,279187,435669.0,4.62,0.0,0.0,1.28
2026-02-17,BTAL,14.11,14.0,14.194,13.924,1391392,19451960.0,1.92,-0.57,-0.08,0.0
2026-02-17,BTBD,1.2,1.32,1.39,1.161,359532,471339.0,18.93,9.09,0.11,5.84
2026-02-17,BTBDW,0.13,0.147,0.147,0.13,302,41.0,13.08,13.08,0.017,0.0
2026-02-17,BTBT,1.72,1.71,1.74,1.63,26733002,45345208.0,6.25,-2.84,-0.05,8.26
2026-02-17,BTC,30.1,29.97,30.197,29.455,2849540,85066404.0,2.44,-1.51,-0.46,30.4
2026-02-17,BTCC,16.19,16.07,16.21,15.93,11654,187275.0,1.75,0.37,0.06,0.0
2026-02-17,BTCI,34.42,34.14,34.42,33.485,655126,22260130.0,2.7,-1.44,-0.5,0.0
2026-02-17,BTCL,16.055,16.02,16.18,15.44,85689,1359069.0,4.49,-2.79,-0.46,0.0
2026-02-17,BTCO,67.75,67.47,67.83,66.32,92814,6222909.0,2.2,-1.52,-1.04,0.0
2026-02-17,BTCS,1.65,1.52,1.654,1.51,974947,1513592.0,8.67,-8.43,-0.14,2.08
2026-02-17,BTCT,1.25,1.2,1.276,1.18,25355,30996.0,7.68,-4.0,-0.05,0.27
2026-02-17,BTCW,72.0,71.72,72.1,70.47,45594,3246309.0,2.24,-1.48,-1.08,0.0
2026-02-17,BTCZ,5.91,5.96,6.155,5.875,7471381,44940117.0,4.83,2.76,0.16,0.0
2026-02-17,BTDR,10.0,9.48,10.07,9.465,9624972,92428671.0,6.0,-5.95,-0.6,4.09
2026-02-17,BTE,3.48,3.44,3.525,3.34,17350171,59213316.0,5.33,-0.86,-0.03,2.27
2026-02-17,BTF,18.84,18.834,18.94,18.48,10873,203415.0,2.4,-1.93,-0.371,0.0
2026-02-17,BTFL,11.75,12.04,12.04,11.13,8853,102470.0,7.45,-1.47,-0.18,0.0
2026-02-17,BTG,5.22,5.25,5.3,5.05,30484807,159128256.0,4.63,-2.78,-0.15,2.27
2026-02-17,BTGD,29.36,29.05,29.43,28.45,42144,1226071.0,3.22,-4.69,-1.43,0.0
2026-02-17,BTGO,10.655,10.87,10.9,9.52,843060,8580021.0,12.83,1.02,0.11,0.73
2026-02-17,BTI,58.75,58.91,59.09,58.55,6281061,369617936.0,0.91,-0.99,-0.59,0.29
2026-02-17,BTM,0.93,0.934,0.969,0.92,897552,849699.0,5.3,0.97,0.009,1.22
2026-02-17,BTMD,2.15,2.06,2.17,2.06,93927,197954.0,5.16,-3.29,-0.07,0.26
2026-02-17,BTMWW,0.08,0.065,0.08,0.065,101506,6903.0,21.13,-8.45,-0.006,0.0
2026-02-17,BTO,38.65,38.45,38.86,38.29,39009,1502489.0,1.48,-0.13,-0.05,0.0
2026-02-17,BTOC,0.394,0.376,0.401,0.37,29401,11335.0,7.65,-7.16,-0.029,0.06
2026-02-17,BTOG,2.78,2.73,2.83,2.606,22700,61265.0,7.86,-4.21,-0.12,1.5
2026-02-17,BTOP,27.829,27.829,27.829,27.829,305,8488.0,0.0,-0.08,-0.021,0.0
2026-02-17,BTOT,50.63,50.625,50.64,50.625,1063,53823.0,0.03,0.1,0.05,0.0
2026-02-17,BTQ,2.7,2.545,2.72,2.5,1759535,4534208.0,7.91,-8.45,-0.235,1.26
2026-02-17,BTR,26.615,26.697,26.697,26.615,186,4960.0,0.31,-0.17,-0.045,0.0
2026-02-17,BTRN,27.461,27.51,27.51,27.461,284,7800.0,0.18,0.03,0.009,0.0
2026-02-17,BTSG,38.83,38.46,39.255,38.34,1498328,57891794.0,2.35,-1.03,-0.4,0.78
2026-02-17,BTSGU,129.37,128.91,130.34,128.91,3939,510975.0,1.13,1.99,2.52,0.05
2026-02-17,BTT,22.81,22.92,22.96,22.755,146630,3351697.0,0.9,0.53,0.12,0.0
2026-02-17,BTTC,1.69,1.6,1.707,1.6,58278,96460.0,6.22,-6.98,-0.12,0.64
2026-02-17,BTU,34.19,32.4,34.19,32.291,2530297,82795030.0,5.51,-5.95,-2.05,2.08
2026-02-17,BTX,6.5,6.53,6.55,6.43,937464,6088987.0,1.85,0.77,0.05,0.0
2026-02-17,BTYB,24.48,24.576,24.599,24.48,1108,27255.0,0.48,-0.38,-0.094,0.0
2026-02-17,BTZ,10.76,10.7,10.76,10.69,301726,3232187.0,0.65,-0.56,-0.06,0.0
2026-02-17,BU,27.57,27.901,27.901,27.57,438,11877.0,1.12,-5.56,-1.642,0.0
2026-02-17,BUCK,23.6,23.69,23.7,23.6,213193,5046121.0,0.42,0.11,0.025,0.0
2026-02-17,BUD,79.18,79.29,79.57,78.57,2317857,183566546.0,1.24,-1.37,-1.1,0.12
2026-02-17,BUDA,9.06,9.45,9.49,9.06,6601,61351.0,4.53,-0.53,-0.05,0.05
2026-02-17,BUFB,36.7,36.83,36.88,36.561,78679,2893319.0,0.87,0.46,0.17,0.0
2026-02-17,BUFC,41.28,41.38,41.44,41.28,306123,12685352.0,0.39,-0.02,-0.01,0.0
2026-02-17,BUFD,28.29,28.34,28.41,28.24,319852,9065916.0,0.6,-0.07,-0.02,0.0
2026-02-17,BUFF,50.06,50.16,50.22,49.89,64497,3231908.0,0.66,0.08,0.04,0.0
2026-02-17,BUFG,27.5,27.58,27.663,27.444,35092,967694.0,0.79,-0.04,-0.01,0.0
2026-02-17,BUFH,20.91,20.915,20.94,20.87,20885,436696.0,0.34,0.17,0.035,0.0
2026-02-17,BUFI,41.54,41.6,41.63,41.47,44560,1854748.0,0.39,0.2,0.085,0.0
2026-02-17,BUFM,39.32,39.28,39.32,39.26,124164,4881983.0,0.15,0.23,0.092,0.0
2026-02-17,BUFP,30.2,30.27,30.48,30.11,38872,1175778.0,1.23,0.36,0.11,0.0
2026-02-17,BUFQ,35.61,35.64,35.72,35.375,363775,12947614.0,0.97,0.03,0.01,0.0
2026-02-17,BUFR,34.36,34.44,34.485,34.22,1205640,41462959.0,0.77,0.19,0.065,0.0
2026-02-17,BUFS,23.51,23.525,23.55,23.37,39308,922649.0,0.77,0.06,0.015,0.0
2026-02-17,BUFT,24.74,24.735,24.742,24.69,9942,245799.0,0.21,0.06,0.016,0.0
2026-02-17,BUFX,21.26,21.316,21.316,21.25,1201,25543.0,0.31,0.11,0.023,0.0
2026-02-17,BUFY,22.84,22.88,22.9,22.81,14041,320788.0,0.39,-0.09,-0.02,0.0
2026-02-17,BUFZ,26.6,26.64,26.66,26.5,128796,3426629.0,0.6,0.08,0.02,0.0
2026-02-17,BUG,27.7,27.16,27.73,26.83,856943,23208980.0,3.23,-2.62,-0.73,0.0
2026-02-17,BUI,29.15,29.25,29.3,29.02,65757,1920679.0,0.96,0.41,0.12,0.0
2026-02-17,BUL,56.65,56.41,56.65,55.71,7955,446901.0,1.66,-0.23,-0.13,0.0
2026-02-17,BULD,29.66,29.75,29.75,29.43,823,24358.0,1.07,-0.57,-0.172,0.0
2026-02-17,BULG,1.72,1.68,1.76,1.65,235568,398034.0,6.32,-3.45,-0.06,0.0
2026-02-17,BULL,5.98,5.88,6.045,5.83,7341384,43421449.0,3.58,-2.16,-0.13,1.4
2026-02-17,BULLW,1.75,1.82,1.828,1.75,594,1077.0,4.33,1.11,0.02,0.0
2026-02-17,BULU,2.92,2.91,3.04,2.89,7901,23200.0,4.97,-3.64,-0.11,0.0
2026-02-17,BULX,3.849,3.724,3.95,3.66,9911,37540.0,7.47,-4.07,-0.158,0.0
2026-02-17,BULZ,192.88,196.78,200.41,185.0,297538,57521934.0,7.71,-1.5,-2.99,0.0
2026-02-17,BUR,9.45,9.6,9.685,9.355,1973112,18902598.0,3.51,2.24,0.21,0.9
2026-02-17,BURL,332.2,312.9,332.2,304.09,720684,223680938.0,9.3,3.48,10.53,1.15
2026-02-17,BUSA,38.78,38.727,38.925,38.56,25679,992887.0,0.94,-0.1,-0.039,0.0
2026-02-17,BUSE,26.61,26.54,26.915,26.4,406998,10835954.0,1.94,-0.04,-0.01,0.46
2026-02-17,BUSEP,25.75,26.0,26.08,25.75,29389,761732.0,1.28,0.97,0.25,0.34
2026-02-17,BUUU,13.45,15.88,18.5,13.45,52170,859563.0,37.06,16.55,2.255,0.31
2026-02-17,BUXX,20.31,20.3,20.31,20.3,145324,2950778.0,0.05,-0.05,-0.01,0.0
2026-02-17,BUYO,29.151,29.151,29.151,29.151,50,1457.0,0.0,0.0,-0.001,0.0
2026-02-17,BUYW,14.32,14.28,14.32,14.23,280048,3998532.0,0.63,0.14,0.02,0.0
2026-02-17,BUYZ,32.705,32.705,32.705,32.705,197,6374.0,0.0,0.31,0.102,0.0
2026-02-17,BUZZ,30.23,30.27,30.545,29.65,240240,7259184.0,2.93,-1.01,-0.31,0.0
2026-02-17,BV,13.61,13.61,13.75,13.42,412520,5615886.0,2.41,-0.44,-0.06,0.44
2026-02-17,BVAL,29.2,29.229,29.29,29.11,28571,835214.0,0.61,-0.17,-0.051,0.0
2026-02-17,BVC,7.76,7.3,7.76,7.3,2684,20313.0,6.3,0.0,0.0,0.03
2026-02-17,BVFL,19.285,19.77,19.8,19.21,16829,332150.0,3.02,1.33,0.26,0.19
2026-02-17,BVN,36.45,37.34,37.93,35.47,1473121,54673783.0,6.48,-1.63,-0.62,0.58
2026-02-17,BVS,8.27,8.38,8.47,8.21,199982,1666678.0,3.14,1.33,0.11,0.24
2026-02-17,BW,9.56,9.52,9.7,9.21,1753297,16598775.0,5.03,-2.36,-0.23,1.34
2026-02-17,BWA,63.2,62.51,64.277,61.59,5319727,332533712.0,4.28,-0.46,-0.29,2.57
2026-02-17,BWAY,23.15,24.97,25.265,23.15,123884,3025405.0,9.2,8.61,1.98,0.66
2026-02-17,BWB,19.24,19.29,19.59,19.09,56701,1096236.0,2.61,0.52,0.1,0.2
2026-02-17,BWBBP,20.4,20.09,20.4,20.09,2409,50614.0,1.54,-0.05,-0.01,0.09
2026-02-17,BWEB,64.251,64.251,64.251,64.251,122,7848.0,0.0,-0.5,-0.325,0.0
2026-02-17,BWEN,2.42,2.43,2.49,2.29,187363,448399.0,8.3,0.83,0.02,0.8
2026-02-17,BWET,41.5,41.75,42.193,40.65,67904,2803395.0,4.0,8.33,3.21,0.0
2026-02-17,BWFG,48.74,49.16,49.71,47.815,14116,693595.0,3.89,0.86,0.42,0.18
2026-02-17,BWG,8.63,8.56,8.67,8.54,72633,624436.0,1.51,-0.58,-0.05,0.34
2026-02-17,BWIN,16.58,17.31,17.62,16.28,1496307,25762914.0,8.12,4.91,0.81,1.26
2026-02-17,BWLP,16.78,16.79,16.8,16.43,339137,5635612.0,2.21,0.36,0.06,0.22
2026-02-17,BWMN,32.37,32.93,33.88,30.48,149865,4942954.0,10.07,-2.46,-0.83,0.87
2026-02-17,BWMX,18.2,18.69,18.79,18.2,108909,2021997.0,3.24,2.69,0.49,0.29
2026-02-17,BWNB,25.0,24.89,25.0,24.82,15533,387265.0,0.73,0.36,0.09,0.0
2026-02-17,BWOW,16.47,16.524,16.524,16.47,213,3514.0,0.34,3.94,0.627,0.0
2026-02-17,BWTG,39.525,39.75,39.75,39.525,838,33160.0,0.57,0.25,0.101,0.0
2026-02-17,BWX,23.02,23.07,23.075,22.978,265648,6118623.0,0.42,-0.04,-0.01,0.0
2026-02-17,BWXT,197.47,201.09,203.08,195.94,532547,106654036.0,3.56,0.34,0.69,0.58
2026-02-17,BWZ,27.86,27.88,28.0,27.8,45272,1263683.0,0.71,-0.43,-0.12,0.0
2026-02-17,BW_A,19.87,19.75,19.95,19.63,42578,845595.0,1.62,-0.3,-0.06,0.0
2026-02-17,BX,130.73,131.39,131.68,126.672,6807572,886913536.0,3.86,1.18,1.53,0.91
2026-02-17,BXC,73.52,74.42,75.09,72.535,54492,4038024.0,3.43,0.04,0.03,0.69
2026-02-17,BXMT,19.6,19.66,19.75,19.4,1069114,20976843.0,1.79,0.61,0.12,0.63
2026-02-17,BXMX,14.62,14.63,14.73,14.54,169029,2474021.0,1.29,-0.61,-0.09,0.0
2026-02-17,BXP,60.9,60.66,62.05,59.94,2657252,161236072.0,3.43,-1.35,-0.83,1.68
2026-02-17,BXSL,24.58,24.23,24.82,24.05,3303122,80261935.0,3.13,-1.58,-0.39,1.42
2026-02-17,BY,33.08,33.17,33.53,32.76,168849,5603693.0,2.34,0.88,0.29,0.37
2026-02-17,BYAH,0.055,0.057,0.065,0.051,2952735,170753.0,22.95,-6.56,-0.004,2.82
2026-02-17,BYD,83.13,83.22,84.05,82.505,799488,66466459.0,1.88,1.5,1.23,1.06
2026-02-17,BYFC,8.175,8.1,8.175,8.1,2415,19723.0,0.91,-1.94,-0.16,0.03
2026-02-17,BYLD,22.98,22.98,23.0,22.95,60772,1396404.0,0.22,0.17,0.04,0.0
2026-02-17,BYND,0.721,0.699,0.735,0.682,15814117,11311610.0,7.45,-1.69,-0.012,3.49
2026-02-17,BYRE,26.46,26.809,26.809,26.46,2769,73723.0,1.32,1.15,0.305,0.0
2026-02-17,BYRN,12.51,12.64,12.73,12.17,286181,3589029.0,4.48,1.04,0.13,1.26
2026-02-17,BYSI,1.28,1.3,1.34,1.25,13374,17104.0,7.09,2.36,0.03,0.03
2026-02-17,BZ,17.22,17.3,17.515,17.12,3115203,53949766.0,2.28,-0.12,-0.02,0.64
2026-02-17,BZAI,1.19,1.31,1.4,1.186,3104773,4063621.0,18.14,11.02,0.13,2.54
2026-02-17,BZAIW,0.35,0.335,0.35,0.321,22876,7895.0,8.29,-4.29,-0.015,0.0
2026-02-17,BZFD,0.818,0.82,0.835,0.797,66451,54199.0,4.65,0.37,0.003,0.18
2026-02-17,BZFDW,0.019,0.019,0.019,0.019,1,0.0,0.0,0.0,0.0,0.0
2026-02-17,BZH,27.76,27.71,27.9,27.15,511502,14155405.0,2.71,0.0,0.0,1.73
2026-02-17,BZQ,10.79,10.685,10.94,10.59,57147,610734.0,3.34,1.83,0.192,0.0
2026-02-17,BZUN,2.67,2.62,2.735,2.615,197867,520828.0,4.48,-2.24,-0.06,0.34
2026-02-17,C,112.3,113.78,114.51,111.99,12314640,1400697376.0,2.27,2.63,2.92,0.7
2026-02-17,CA,25.19,25.255,25.255,25.19,481,12119.0,0.26,0.1,0.025,0.0
2026-02-17,CAAA,20.68,20.75,20.75,20.665,5666,117268.0,0.41,0.44,0.09,0.0
2026-02-17,CAAP,27.98,28.74,28.79,27.87,299647,8560281.0,3.29,2.79,0.78,0.18
2026-02-17,CAAS,4.442,4.4,4.475,4.4,30311,134223.0,1.68,-1.57,-0.07,0.1
2026-02-17,CABA,2.82,2.96,3.05,2.75,3197206,9347335.0,10.71,5.71,0.16,3.32
2026-02-17,CABO,113.5,103.29,113.5,103.26,147919,15674591.0,9.02,-9.06,-10.29,2.62
2026-02-17,CABR,0.91,0.88,0.91,0.84,28810,25148.0,7.78,-2.22,-0.02,0.21
2026-02-17,CABZ,22.66,22.561,22.66,22.561,463,10431.0,0.44,0.23,0.051,0.0
2026-02-17,CAC,50.27,50.56,51.105,50.215,117672,5959497.0,1.78,0.94,0.47,0.7
2026-02-17,CACC,485.36,491.36,496.01,476.11,287616,139854003.0,4.11,1.52,7.38,2.68
2026-02-17,CACI,571.77,564.53,579.69,563.24,179798,102144092.0,2.87,-1.53,-8.77,0.81
2026-02-17,CADL,5.68,5.63,5.74,5.525,475711,2681711.0,3.79,-0.88,-0.05,0.87
2026-02-17,CAE,29.88,30.34,30.865,29.28,1205498,36473847.0,5.24,0.4,0.12,0.37
2026-02-17,CAEP,10.23,10.23,10.25,10.22,123549,1263876.0,0.29,0.0,0.0,0.36
2026-02-17,CAF,17.98,17.97,18.09,17.957,9547,172239.0,0.74,-0.06,-0.01,0.0
2026-02-17,CAFG,28.0,27.96,28.0,27.74,1503,41948.0,0.93,-0.13,-0.037,0.0
2026-02-17,CAFX,25.17,25.16,25.17,25.145,68044,1712089.0,0.1,-0.02,-0.005,0.0
2026-02-17,CAG,19.75,18.89,19.85,18.325,21050131,395762048.0,7.72,-4.4,-0.87,4.4
2026-02-17,CAH,221.71,225.58,225.91,221.71,1696701,381615392.0,1.9,2.17,4.79,0.72
2026-02-17,CAI,20.6,20.8,21.015,20.27,2033976,42254657.0,3.61,0.87,0.18,0.72
2026-02-17,CAIE,26.45,26.41,26.48,26.185,365194,9630336.0,1.12,0.15,0.04,0.0
2026-02-17,CAIQ,24.7,24.768,24.91,24.51,131464,3247981.0,1.61,-0.1,-0.024,0.0
2026-02-17,CAKE,59.61,62.56,63.0,59.61,3104361,192879144.0,5.78,6.63,3.89,6.23
2026-02-17,CAL,11.99,12.2,12.29,11.6,562978,6816480.0,5.84,3.3,0.39,1.66
2026-02-17,CALC,0.65,0.613,0.706,0.584,446011,272162.0,18.63,-6.41,-0.042,2.89
2026-02-17,CALF,46.41,46.19,46.8,45.685,679282,31366629.0,2.4,-0.52,-0.24,0.0
2026-02-17,CALI,50.79,50.685,50.79,50.68,59475,3015583.0,0.22,0.0,0.0,1.23
2026-02-17,CALM,83.8,81.23,84.15,80.02,770376,62629337.0,4.95,-2.65,-2.21,1.62
2026-02-17,CALX,53.0,52.31,53.66,52.16,1466861,77423016.0,2.81,-1.89,-1.01,2.24
2026-02-17,CALY,12.48,13.42,13.91,12.45,5699728,77105497.0,11.6,6.59,0.83,3.1
2026-02-17,CAM,25.43,25.43,25.44,25.41,154918,3937490.0,0.12,0.04,0.01,0.0
2026-02-17,CAML,37.05,37.38,37.52,36.965,33783,1253805.0,1.49,0.67,0.25,0.0
2026-02-17,CAMP,3.84,4.06,4.14,3.5,40019,156136.0,16.62,5.45,0.21,0.08
2026-02-17,CAMT,156.71,157.0,158.77,154.17,842046,131914942.0,2.84,-3.09,-5.0,1.84
2026-02-17,CAMX,33.846,33.846,33.846,33.846,226,7636.0,0.0,-0.04,-0.012,0.0
2026-02-17,CAN,0.485,0.455,0.493,0.455,18093529,8546035.0,7.74,-7.33,-0.036,2.73
2026-02-17,CANC,36.86,37.08,37.15,36.605,23343,862097.0,1.49,1.5,0.549,0.0
2026-02-17,CANE,9.1,9.02,9.1,9.0,194341,1761881.0,1.11,-0.11,-0.01,0.0
2026-02-17,CANF,4.52,4.41,4.52,4.2,33632,148406.0,7.06,-2.65,-0.12,2.57
2026-02-17,CANG,0.845,0.82,0.864,0.79,612313,497285.0,8.41,-6.82,-0.06,0.17
2026-02-17,CANQ,29.18,29.325,29.33,29.18,1405,41089.0,0.51,0.05,0.015,0.0
2026-02-17,CAOS,90.48,90.32,90.48,90.32,35351,3196025.0,0.18,-0.07,-0.06,0.0
2026-02-17,CAPE,32.85,32.828,33.05,32.72,8564,281178.0,1.0,-0.18,-0.059,0.0
2026-02-17,CAPL,23.17,22.57,23.17,22.39,48670,1109086.0,3.37,-2.55,-0.59,0.13
2026-02-17,CAPN,10.74,10.74,10.74,10.74,125,1343.0,0.0,0.0,0.0,0.0
2026-02-17,CAPNR,0.22,0.22,0.22,0.182,61200,13317.0,17.27,0.0,0.0,0.0
2026-02-17,CAPR,22.49,23.03,23.34,22.05,872341,19852764.0,5.75,2.58,0.58,1.52
2026-02-17,CAPS,0.58,0.55,0.58,0.545,74815,41150.0,6.33,-0.54,-0.003,0.82
2026-02-17,CAPT,0.504,0.424,0.504,0.41,841800,380155.0,18.65,-15.87,-0.08,2.3
2026-02-17,CAPTW,0.04,0.045,0.05,0.04,12395,564.0,20.0,-10.0,-0.005,0.0
2026-02-17,CAQUU,9.97,9.92,9.97,9.91,82232,815780.0,0.6,-0.5,-0.05,0.4
2026-02-17,CAR,118.53,122.1,123.05,118.53,1092642,132394513.0,3.82,3.17,3.75,3.1
2026-02-17,CARD,2.59,2.712,2.755,2.59,13726,36286.0,6.44,5.77,0.148,0.0
2026-02-17,CARE,21.85,22.01,22.31,21.785,202996,4469121.0,2.41,0.96,0.21,0.92
2026-02-17,CARG,27.36,27.73,28.09,26.93,1863043,51541087.0,4.24,1.43,0.39,1.96
2026-02-17,CARK,42.402,42.402,42.402,42.402,95,4033.0,0.0,0.56,0.236,0.0
2026-02-17,CARL,10.93,11.18,11.35,10.85,58909,656517.0,4.57,2.1,0.23,0.22
2026-02-17,CARR,65.33,66.43,66.8,65.28,5073028,336414832.0,2.32,1.57,1.03,0.61
2026-02-17,CARS,11.12,11.09,11.22,10.95,737315,8178713.0,2.44,0.09,0.01,1.26
2026-02-17,CART,37.46,36.72,37.69,35.62,10684784,393674768.0,5.7,1.16,0.42,4.4
2026-02-17,CARU,28.67,28.527,28.67,28.42,465,13305.0,0.82,-6.28,-1.912,0.0
2026-02-17,CARY,21.03,21.045,21.06,21.03,186706,3929529.0,0.14,0.1,0.02,0.0
2026-02-17,CARZ,85.9,85.994,86.99,85.9,1372,118109.0,1.26,-0.84,-0.73,0.0
2026-02-17,CAS,26.39,26.51,26.56,26.39,2684,71094.0,0.65,0.69,0.181,0.0
2026-02-17,CASH,93.12,93.37,94.09,92.66,235243,21965759.0,1.55,1.0,0.92,1.08
2026-02-17,CASI,0.876,0.824,0.89,0.787,27762,22753.0,12.12,-3.06,-0.026,0.14
2026-02-17,CASS,44.83,44.82,45.465,44.11,59661,2676098.0,3.01,-0.43,-0.195,0.46
2026-02-17,CASY,665.92,661.53,673.53,655.71,229604,151741018.0,2.68,-0.65,-4.33,0.62
2026-02-17,CAT,765.0,764.76,774.42,750.0,3450284,2632636864.0,3.15,-1.22,-9.44,0.74
2026-02-17,CATF,50.91,50.77,50.91,50.7,2255,114611.0,0.41,0.1,0.05,0.0
2026-02-17,CATH,81.8,82.08,82.29,81.215,86652,7110553.0,1.31,0.24,0.2,0.0
2026-02-17,CATO,3.08,3.1,3.18,3.05,32303,99940.0,4.23,0.98,0.03,0.16
2026-02-17,CATX,4.71,4.85,4.89,4.53,1031676,4944688.0,7.66,3.19,0.15,0.91
2026-02-17,CATY,53.3,53.8,54.23,53.28,316539,17017719.0,1.78,0.88,0.47,0.47
2026-02-17,CAVA,64.14,63.31,64.69,61.19,3186100,199593011.0,5.51,-0.3,-0.19,2.74
2026-02-17,CB,328.02,331.89,333.53,326.63,1963512,650923152.0,2.12,2.14,6.94,0.5
2026-02-17,CBAN,20.45,20.53,20.69,20.37,161021,3313037.0,1.57,0.83,0.17,0.76
2026-02-17,CBAT,0.95,1.03,1.045,0.93,616265,614905.0,11.97,7.18,0.069,0.7
2026-02-17,CBC,24.52,24.63,24.82,24.38,94199,2321979.0,1.79,0.47,0.115,0.04
2026-02-17,CBFV,37.01,35.66,37.01,35.66,6917,251263.0,3.67,-3.18,-1.17,0.14
2026-02-17,CBIO,8.89,9.33,9.425,8.8,78641,717945.0,6.99,4.36,0.39,0.29
2026-02-17,CBK,25.68,26.07,26.59,25.62,32542,845615.0,3.75,0.7,0.18,0.24
2026-02-17,CBL,35.31,36.9,36.93,35.08,257749,9418208.0,5.28,5.28,1.85,0.85
2026-02-17,CBLL,19.83,19.69,20.0,19.49,184561,3650050.0,2.58,-0.4,-0.08,0.49
2026-02-17,CBLS,30.23,30.159,30.23,30.15,2144,64734.0,0.26,-0.48,-0.144,0.0
2026-02-17,CBNA,35.26,35.42,35.42,35.22,2464,87331.0,0.57,0.77,0.27,0.04
2026-02-17,CBNK,31.6,32.0,32.33,31.6,27651,886034.0,2.3,0.66,0.21,0.17
2026-02-17,CBOA,24.46,24.455,24.46,24.455,351,8586.0,0.02,-0.39,-0.095,0.0
2026-02-17,CBOE,277.21,284.2,285.8,276.21,1356304,384270768.0,3.49,3.3,9.09,1.3
2026-02-17,CBOJ,23.66,23.71,23.74,23.66,8348,197939.0,0.34,-0.08,-0.02,0.0
2026-02-17,CBOL,23.42,23.42,23.42,23.42,76,1781.0,0.0,-0.19,-0.045,0.0
2026-02-17,CBON,23.182,23.18,23.186,23.11,7000,162142.0,0.33,-0.06,-0.015,0.0
2026-02-17,CBOO,24.29,24.345,24.37,24.29,3634,88547.0,0.33,-0.02,-0.005,0.0
2026-02-17,CBOY,24.27,24.305,24.305,24.27,309,7504.0,0.14,-0.02,-0.005,0.0
2026-02-17,CBRE,141.0,141.24,143.17,138.38,3578296,505392592.0,3.37,-0.75,-1.07,1.21
2026-02-17,CBRL,32.02,31.82,32.12,30.62,966577,30335149.0,4.78,1.34,0.42,4.32
2026-02-17,CBSE,42.28,42.415,42.54,42.145,3188,135083.0,0.93,-0.25,-0.106,0.0
2026-02-17,CBSH,53.84,53.01,54.65,52.885,1360773,72347103.0,3.29,-1.1,-0.59,0.92
2026-02-17,CBT,76.56,74.82,76.66,73.646,521537,39007251.0,3.96,-1.8,-1.37,1.0
2026-02-17,CBTA,22.23,22.168,22.23,22.168,242,5362.0,0.28,-1.46,-0.329,0.0
2026-02-17,CBTJ,18.89,18.86,18.93,18.755,20614,388600.0,0.92,-0.63,-0.12,0.0
2026-02-17,CBTL,18.3,18.295,18.3,18.292,841,15387.0,0.04,-0.64,-0.118,0.0
2026-02-17,CBTO,20.1,20.15,20.2,20.1,42236,851600.0,0.5,-0.05,-0.01,0.0
2026-02-17,CBTY,19.92,19.95,19.98,19.91,15163,302523.0,0.35,-0.28,-0.057,0.0
2026-02-17,CBU,66.59,65.66,67.0,65.0,233892,15411099.0,3.01,-1.03,-0.68,0.44
2026-02-17,CBUS,2.34,3.26,3.28,2.32,2376832,6949207.0,41.74,41.74,0.96,3.52
2026-02-17,CBXA,22.77,22.905,22.905,22.77,1359,31044.0,0.58,-1.08,-0.251,0.0
2026-02-17,CBXJ,20.725,20.75,20.77,20.705,4503,93326.0,0.31,-0.45,-0.093,0.0
2026-02-17,CBXL,20.409,20.425,20.425,20.409,274,5595.0,0.08,-0.38,-0.077,0.0
2026-02-17,CBXO,22.147,22.147,22.147,22.147,151,3345.0,0.0,-0.18,-0.04,0.0
2026-02-17,CBXY,22.03,22.045,22.045,22.02,1359,29940.0,0.11,-0.21,-0.046,0.0
2026-02-17,CBZ,27.77,28.02,28.83,27.58,1266001,35513651.0,4.49,0.65,0.18,2.33
2026-02-17,CC,20.16,20.68,20.855,19.65,3964459,81381486.0,5.87,0.78,0.16,2.64
2026-02-17,CCAP,13.99,13.76,14.08,13.69,210324,2902946.0,2.79,-1.5,-0.21,0.57
2026-02-17,CCB,84.01,85.67,87.28,83.865,158189,13610952.0,4.09,2.64,2.2,1.04
2026-02-17,CCBG,42.97,42.92,43.37,42.6,56770,2442812.0,1.8,0.23,0.1,0.33
2026-02-17,CCC,5.07,5.04,5.13,4.99,14301069,72012164.0,2.83,2.02,0.1,2.36
2026-02-17,CCCC,1.84,1.83,1.87,1.79,1476651,2700968.0,4.23,-3.17,-0.06,1.52
2026-02-17,CCD,22.94,23.03,23.11,22.75,94755,2177690.0,1.57,0.39,0.09,0.0
2026-02-17,CCEC,22.5,22.5,22.73,21.37,10879,244510.0,5.98,-1.01,-0.23,0.02
2026-02-17,CCEF,29.726,29.87,29.87,29.685,4736,141035.0,0.62,0.0,0.0,0.0
2026-02-17,CCEL,3.33,3.37,3.43,3.21,4671,15735.0,6.42,-1.66,-0.057,0.06
2026-02-17,CCEP,103.59,104.47,104.71,99.84,3331667,344998320.0,4.89,4.98,4.96,0.74
2026-02-17,CCFE,31.66,31.231,31.66,31.231,1047,33038.0,1.36,-1.34,-0.425,0.0
2026-02-17,CCG,0.785,0.784,0.805,0.755,54391,43008.0,6.25,-2.0,-0.016,0.07
2026-02-17,CCHH,0.67,0.549,0.7,0.5,1166328,690002.0,25.0,-31.38,-0.251,6.06
2026-02-17,CCI,90.44,91.86,91.95,89.26,2970470,271748672.0,2.98,1.64,1.48,0.68
2026-02-17,CCID,25.11,25.13,25.13,25.06,2144,53819.0,0.28,-0.08,-0.02,0.0
2026-02-17,CCIF,3.47,3.41,3.5,3.22,537065,1799689.0,7.22,-12.11,-0.47,0.0
2026-02-17,CCII,10.255,10.26,10.26,10.19,270559,2761475.0,0.68,-0.29,-0.03,0.78
2026-02-17,CCIIU,10.44,10.39,10.44,10.34,258643,2676525.0,0.96,-0.48,-0.05,0.99
2026-02-17,CCIIW,0.611,0.65,0.65,0.565,78401,47658.0,12.34,-5.66,-0.039,0.0
2026-02-17,CCIX,10.65,10.63,10.655,10.62,124716,1326846.0,0.33,-0.19,-0.02,0.34
2026-02-17,CCIXW,0.55,0.55,0.55,0.55,3445,1898.0,0.0,0.0,0.0,0.0
2026-02-17,CCJ,110.75,112.94,114.29,107.92,3724336,417452080.0,5.64,0.04,0.04,0.86
2026-02-17,CCK,111.1,110.32,111.85,109.87,996470,110208687.0,1.79,-0.42,-0.47,0.88
2026-02-17,CCL,32.6,32.68,33.205,32.13,21158222,692968416.0,3.38,2.86,0.91,1.71
2026-02-17,CCLD,2.32,2.41,2.47,2.32,325591,785053.0,6.47,3.88,0.09,0.77
2026-02-17,CCLDO,25.95,25.85,26.0,25.85,4132,107140.0,0.58,-0.58,-0.15,0.0
2026-02-17,CCM,3.49,3.59,3.78,3.49,1830,6669.0,7.67,-5.03,-0.19,0.04
2026-02-17,CCNE,29.77,29.86,30.18,29.38,128460,3840427.0,2.7,0.61,0.18,0.44
2026-02-17,CCNEP,25.09,25.0,25.09,25.0,1364,34105.0,0.36,-1.07,-0.27,0.06
2026-02-17,CCNR,39.12,39.506,39.66,39.0,10839,427438.0,1.69,0.99,0.387,0.0
2026-02-17,CCO,2.38,2.38,2.39,2.38,5861320,13964210.0,0.42,-0.42,-0.01,1.18
2026-02-17,CCOI,26.61,26.79,27.18,26.31,1268726,34028675.0,3.29,1.25,0.33,2.53
2026-02-17,CCOM,24.09,24.2,24.2,24.08,731,17619.0,0.49,-0.37,-0.09,0.0
2026-02-17,CCOR,27.265,27.108,27.27,27.108,10760,292631.0,0.59,-1.01,-0.276,0.0
2026-02-17,CCRN,8.1,8.22,8.36,7.98,356137,2914862.0,4.7,1.73,0.14,1.1
2026-02-17,CCRP,20.207,20.207,20.207,20.207,8,162.0,0.0,0.13,0.027,0.0
2026-02-17,CCS,73.66,73.43,75.19,72.56,237932,17481578.0,3.51,-1.88,-1.41,0.82
2026-02-17,CCSB,20.39,20.315,20.39,20.285,2444,49744.0,0.52,-0.07,-0.015,0.0
2026-02-17,CCSI,29.61,28.72,30.23,28.64,321390,9361967.0,5.37,-3.01,-0.89,1.7
2026-02-17,CCSO,27.42,27.414,27.53,27.05,5657,154196.0,1.75,0.11,0.029,0.0
2026-02-17,CCTG,0.646,0.615,0.673,0.59,52802,32625.0,12.44,-7.8,-0.052,1.35
2026-02-17,CCU,14.42,14.29,14.46,14.14,95794,1366685.0,2.2,-1.72,-0.25,0.05
2026-02-17,CCUP,2.21,2.395,2.48,2.05,2068733,4737835.0,18.94,5.51,0.125,0.0
2026-02-17,CCXI,10.26,10.26,10.26,10.26,516,5283.0,0.0,0.69,0.07,0.0
2026-02-17,CCXIU,10.3,10.3,10.3,10.3,1246,12820.0,0.0,0.0,0.0,0.0
2026-02-17,CCXIW,0.82,0.82,0.82,0.82,5000,4100.0,0.0,2.5,0.02,0.0
2026-02-17,CCZ,64.38,64.38,64.38,64.38,33,2137.0,0.0,0.0,0.0,0.0
2026-02-17,CD,5.0,4.93,5.02,4.67,62478,306566.0,7.03,-1.0,-0.05,0.09
2026-02-17,CDC,73.82,72.976,73.82,72.773,22771,1662618.0,1.42,-0.76,-0.558,0.0
2026-02-17,CDE,21.44,21.81,22.065,20.58,23776816,508321040.0,6.62,-2.72,-0.61,3.7
2026-02-17,CDEI,80.808,81.053,81.053,80.808,443,35856.0,0.3,0.3,0.244,0.0
2026-02-17,CDIG,25.5,25.936,26.02,25.5,1223,31415.0,2.0,-0.24,-0.063,0.0
2026-02-17,CDIO,1.29,1.19,1.29,1.18,44410,54194.0,8.66,-6.3,-0.08,2.43
2026-02-17,CDIOW,0.016,0.016,0.016,0.016,1552,25.0,0.0,-5.88,-0.001,0.0
2026-02-17,CDL,76.85,76.161,76.95,76.045,28300,2156671.0,1.18,-0.77,-0.594,0.0
2026-02-17,CDLR,26.18,26.23,26.27,25.74,70765,1849871.0,2.05,1.27,0.33,0.08
2026-02-17,CDLX,0.94,0.911,0.986,0.83,660837,603581.0,16.72,-2.36,-0.022,1.21
2026-02-17,CDNA,19.53,19.44,20.02,19.37,501721,9852639.0,3.31,-0.97,-0.19,0.99
2026-02-17,CDNL,25.0,24.83,26.225,24.2,89816,2222823.0,8.1,-0.68,-0.17,0.25
2026-02-17,CDNS,294.775,283.46,296.19,282.96,5580238,1600771504.0,4.42,-5.34,-16.0,2.05
2026-02-17,CDP,31.71,31.74,31.89,31.32,714691,22647738.0,1.81,0.63,0.2,0.63
2026-02-17,CDRE,42.13,42.38,43.03,41.8,123114,5228399.0,2.92,0.45,0.19,0.29
2026-02-17,CDRO,7.95,7.988,7.99,7.925,1123,8927.0,0.82,0.6,0.048,0.0
2026-02-17,CDR_B,19.24,18.8,19.24,18.38,1024,19110.0,4.53,-1.05,-0.2,0.0
2026-02-17,CDR_C,17.9,17.96,17.96,17.722,6407,114517.0,1.32,-0.44,-0.08,0.0
2026-02-17,CDT,1.03,1.1,1.145,1.03,97689,107022.0,10.65,1.85,0.02,4.24
2026-02-17,CDTG,0.253,0.239,0.276,0.2,263651,65141.0,27.64,-13.09,-0.036,2.14
2026-02-17,CDTTW,0.009,0.009,0.009,0.009,51,0.0,0.0,0.0,0.0,0.0
2026-02-17,CDW,127.49,125.145,128.28,123.58,1802608,225176844.0,3.7,-1.35,-1.715,1.4
2026-02-17,CDX,22.09,22.11,22.143,22.08,116617,2577731.0,0.29,0.18,0.04,0.0
2026-02-17,CDXS,1.2,1.21,1.231,1.16,927030,1107748.0,5.92,0.83,0.01,1.02
2026-02-17,CDZI,4.89,5.25,5.3,4.725,1067724,5426231.0,11.71,6.92,0.34,1.28
2026-02-17,CDZIP,19.23,19.543,19.58,19.2,19654,380221.0,1.99,2.11,0.403,0.85
2026-02-17,CE,57.05,55.74,58.32,55.03,4853252,271794448.0,5.59,-5.28,-3.11,4.43
2026-02-17,CECO,79.12,78.93,79.96,75.45,535460,41823373.0,5.7,-0.27,-0.21,1.5
2026-02-17,CEE,19.94,19.59,19.94,19.285,55180,1077742.0,3.32,-0.76,-0.15,0.0
2026-02-17,CEF,48.86,48.23,49.0,47.83,616229,29773722.0,2.33,-4.13,-2.08,0.32
2026-02-17,CEFA,39.99,39.92,40.04,39.92,65280,2612447.0,0.3,-0.18,-0.071,0.0
2026-02-17,CEFD,19.25,19.381,19.381,19.15,7052,135661.0,1.19,-0.05,-0.009,0.0
2026-02-17,CEFS,23.55,23.375,23.55,23.3,108287,2532838.0,1.06,-0.62,-0.145,0.0
2026-02-17,CEFZ,8.34,8.33,8.34,8.31,16529,137649.0,0.36,-0.12,-0.01,0.0
2026-02-17,CEG,289.49,303.01,307.53,288.0,5259188,1576324816.0,6.77,5.05,14.58,1.45
2026-02-17,CEGX,18.05,19.44,19.8,17.97,121427,2328294.0,10.35,9.95,1.76,0.0
2026-02-17,CELC,103.38,107.32,108.83,101.77,774772,82358216.0,6.76,2.69,2.81,1.67
2026-02-17,CELGr,0.086,0.1,0.1,0.081,10375,917.0,20.43,7.53,0.007,0.0
2026-02-17,CELH,44.61,43.91,44.69,42.85,5552020,241703782.0,4.12,-1.72,-0.77,2.16
2026-02-17,CELT,10.69,10.23,10.69,9.72,7304,72928.0,9.19,-3.03,-0.32,0.0
2026-02-17,CELU,1.24,1.28,1.29,1.23,23692,30048.0,4.74,1.19,0.015,0.08
2026-02-17,CELZ,1.86,1.83,1.93,1.825,6829,12892.0,5.65,-1.61,-0.03,0.26
2026-02-17,CEMB,46.27,46.234,46.3,46.18,53805,2488028.0,0.26,0.05,0.024,0.0
2026-02-17,CENN,0.13,0.126,0.13,0.122,701392,87575.0,6.3,-0.79,-0.001,0.8
2026-02-17,CENT,38.26,38.61,39.48,37.955,117494,4561248.0,4.02,1.74,0.66,1.04
2026-02-17,CENTA,35.0,34.26,35.115,34.155,336469,11611569.0,2.83,0.82,0.28,0.66
2026-02-17,CENX,45.12,48.89,49.32,44.08,3098999,147586452.0,11.38,6.19,2.85,3.13
2026-02-17,CEPF,10.43,10.4,10.43,10.37,47581,494767.0,0.58,-0.29,-0.03,0.08
2026-02-17,CEPI,31.6,31.63,31.96,31.035,22940,722551.0,2.9,-0.78,-0.248,0.0
2026-02-17,CEPO,10.42,10.44,10.44,10.42,36146,376964.0,0.19,0.05,0.005,0.14
2026-02-17,CEPS,10.15,10.14,10.15,10.13,6389,64775.0,0.2,0.1,0.01,0.05
2026-02-17,CEPT,11.48,11.4,11.63,11.27,416009,4762163.0,3.12,-1.13,-0.13,1.36
2026-02-17,CEPU,15.59,15.18,15.59,14.714,137785,2081282.0,5.63,-2.38,-0.37,0.09
2026-02-17,CEPV,10.14,10.15,10.15,10.14,2144,21755.0,0.1,0.0,0.0,0.01
2026-02-17,CERS,2.22,2.37,2.41,2.22,1111381,2618801.0,8.48,5.8,0.13,0.58
2026-02-17,CERT,6.66,6.51,6.82,6.5,3434432,22519968.0,4.83,-1.66,-0.11,2.16
2026-02-17,CERY,30.52,30.47,30.53,30.32,141349,4303984.0,0.68,-1.23,-0.38,0.0
2026-02-17,CET,51.0,51.34,51.6,51.0,21233,1090047.0,1.16,-0.33,-0.17,0.0
2026-02-17,CETX,1.43,1.42,1.45,1.36,518232,730616.0,6.43,1.43,0.02,5.14
2026-02-17,CETY,0.58,0.57,0.62,0.553,94942,54409.0,11.47,-2.4,-0.014,1.05
2026-02-17,CEV,10.49,10.5,10.57,10.42,26903,282318.0,1.44,0.77,0.08,0.0
2026-02-17,CEVA,22.65,20.45,22.99,20.43,812210,17062420.0,11.29,-9.79,-2.22,2.95
2026-02-17,CEW,19.43,19.49,19.49,19.4,14587,287157.0,0.46,0.05,0.01,0.0
2026-02-17,CF,93.92,93.79,94.17,92.86,1615305,151397463.0,1.38,-0.92,-0.87,1.05
2026-02-17,CFA,95.79,95.472,95.79,94.989,6202,592251.0,0.84,-0.14,-0.137,0.0
2026-02-17,CFBK,31.75,32.01,32.72,31.65,81245,2597887.0,3.36,0.63,0.2,1.27
2026-02-17,CFFI,78.37,77.54,78.49,77.54,3430,268030.0,1.22,-0.49,-0.38,0.11
2026-02-17,CFFN,7.63,7.74,7.799,7.59,1262494,9750736.0,2.74,1.31,0.1,0.97
2026-02-17,CFG,64.91,64.39,66.29,64.32,4405109,284733376.0,3.03,-1.09,-0.71,1.04
2026-02-17,CFG_E,19.97,20.09,20.09,19.88,35446,708709.0,1.05,0.85,0.17,0.2
2026-02-17,CFG_H,26.65,26.63,26.69,26.56,26330,700592.0,0.49,0.23,0.06,0.16
2026-02-17,CFG_I,25.6,25.65,25.7,25.45,27852,713773.0,0.98,0.16,0.04,0.17
2026-02-17,CFIT,26.01,25.908,26.01,25.85,825,21400.0,0.62,0.22,0.058,0.0
2026-02-17,CFLT,30.58,30.7,30.7,30.56,6685692,204641712.0,0.46,0.46,0.14,1.87
2026-02-17,CFND,4.07,4.0,4.07,3.92,35541,141338.0,3.61,-3.85,-0.16,0.42
2026-02-17,CFO,77.47,77.36,77.63,77.223,5637,436637.0,0.53,-0.2,-0.153,0.0
2026-02-17,CFR,145.15,144.21,146.7,143.95,601505,86924759.0,1.9,-0.19,-0.27,0.95
2026-02-17,CFR_B,18.13,18.24,18.24,18.08,10836,196459.0,0.88,0.66,0.12,0.18
2026-02-17,CG,54.86,54.24,55.59,53.425,1645291,89353686.0,3.97,-0.46,-0.25,0.46
2026-02-17,CGABL,17.75,17.82,17.82,17.62,22495,398623.0,1.13,0.45,0.08,0.0
2026-02-17,CGAU,18.0,18.41,18.53,17.51,2301567,41967921.0,5.41,-2.33,-0.44,1.15
2026-02-17,CGBD,11.9,11.75,11.93,11.65,758510,8934286.0,2.35,-1.43,-0.17,1.06
2026-02-17,CGBL,36.14,36.26,36.33,35.96,1469514,53206070.0,1.02,0.06,0.02,0.0
2026-02-17,CGC,1.08,1.09,1.14,1.07,8277574,9139912.0,6.48,0.93,0.01,2.19
2026-02-17,CGCB,26.84,26.84,26.84,26.81,1301594,34921024.0,0.11,0.04,0.01,0.0
2026-02-17,CGCP,22.86,22.86,22.87,22.843,1379545,31533360.0,0.12,-0.04,-0.01,0.0
2026-02-17,CGCT,10.28,10.29,10.3,10.275,43303,445173.0,0.24,-0.1,-0.01,0.13
2026-02-17,CGCTU,10.645,10.645,10.645,10.645,10,107.0,0.0,0.0,0.0,0.0
2026-02-17,CGCV,31.64,31.69,31.74,31.48,289301,9156377.0,0.82,0.09,0.03,0.0
2026-02-17,CGDG,37.63,37.66,37.715,37.365,707830,26618755.0,0.93,-0.08,-0.03,0.0
2026-02-17,CGDV,45.25,45.45,45.58,45.025,6069952,275527888.0,1.22,0.26,0.12,0.0
2026-02-17,CGEM,11.84,12.19,12.46,11.62,508089,6156070.0,7.25,5.18,0.6,0.84
2026-02-17,CGEN,1.65,1.68,1.71,1.63,132886,222558.0,4.85,1.82,0.03,0.14
2026-02-17,CGGE,32.27,32.55,32.62,32.18,1019226,33006261.0,1.36,0.37,0.12,0.0
2026-02-17,CGGG,26.94,27.18,27.305,26.81,33213,901955.0,1.83,0.59,0.16,0.0
2026-02-17,CGGO,35.86,36.06,36.216,35.65,1717469,61883033.0,1.57,-0.19,-0.07,0.0
2026-02-17,CGGR,42.38,42.64,42.795,42.045,3550429,150897079.0,1.76,-0.02,-0.01,0.0
2026-02-17,CGHM,25.86,25.85,25.86,25.825,455272,11767347.0,0.14,0.04,0.01,0.0
2026-02-17,CGHY,25.53,25.507,25.53,25.48,10782,275051.0,0.2,-0.22,-0.056,0.0
2026-02-17,CGIB,25.68,25.6,25.68,25.6,56073,1437115.0,0.31,0.08,0.02,0.0
2026-02-17,CGIC,35.13,35.37,35.44,34.96,791569,27938711.0,1.36,0.03,0.01,0.0
2026-02-17,CGIE,36.05,36.34,36.35,35.885,585795,21216697.0,1.28,-0.16,-0.06,0.0
2026-02-17,CGMM,30.88,30.99,31.065,30.62,1002569,30974841.0,1.44,0.19,0.06,0.0
2026-02-17,CGMS,27.79,27.8,27.83,27.77,1104997,30709688.0,0.22,0.04,0.01,0.0
2026-02-17,CGMU,27.83,27.84,27.84,27.82,828697,23065594.0,0.07,0.07,0.02,0.0
2026-02-17,CGNG,34.09,34.21,34.316,33.82,848757,28970266.0,1.45,-0.12,-0.04,0.0
2026-02-17,CGNT,7.06,7.06,7.09,6.875,224356,1576197.0,3.05,0.0,0.0,0.31
2026-02-17,CGNX,58.0,57.09,58.71,56.64,3572231,204712012.0,3.52,-2.89,-1.7,2.16
2026-02-17,CGO,12.35,12.4,12.4,12.3,14338,176942.0,0.81,0.2,0.025,0.0
2026-02-17,CGON,50.85,53.87,54.055,50.5,499482,26493091.0,6.9,4.6,2.37,0.62
2026-02-17,CGRO,26.14,26.258,26.258,26.14,825,21581.0,0.45,0.61,0.159,0.0
2026-02-17,CGSD,26.13,26.11,26.13,26.1,880716,22994238.0,0.11,0.04,0.01,0.0
2026-02-17,CGSM,26.61,26.61,26.62,26.58,199754,5316547.0,0.15,-0.04,-0.01,0.0
2026-02-17,CGTL,2.78,2.91,4.674,2.12,1228931,3724337.0,87.17,-0.68,-0.02,4.78
2026-02-17,CGTX,1.13,1.12,1.19,1.11,1074676,1230675.0,7.14,0.0,0.0,1.22
2026-02-17,CGUI,25.4,25.39,25.4,25.39,49187,1249081.0,0.04,0.02,0.005,0.0
2026-02-17,CGUS,40.31,40.54,40.657,40.1,1442921,58368070.0,1.38,0.35,0.14,0.0
2026-02-17,CGV,16.33,16.39,16.48,16.33,11365,186770.0,0.91,-0.49,-0.08,0.0
2026-02-17,CGVV,28.6,28.6,28.69,28.42,42539,1217242.0,0.94,-0.07,-0.02,0.0
2026-02-17,CGW,68.48,68.42,68.69,68.02,42532,2905119.0,0.98,-0.1,-0.07,0.0
2026-02-17,CGXU,31.86,31.98,32.06,31.52,1610909,51349606.0,1.68,-0.4,-0.13,0.0
2026-02-17,CHA,10.4,10.59,10.65,10.25,418504,4395723.0,3.88,2.72,0.28,0.22
2026-02-17,CHAC,10.51,10.5,10.61,10.45,392930,4137096.0,1.52,0.0,0.0,1.31
2026-02-17,CHACR,0.781,0.73,0.781,0.73,55127,41648.0,6.53,-6.53,-0.051,0.0
2026-02-17,CHAI,1.49,1.54,1.62,1.46,7676,11751.0,10.53,1.32,0.02,0.04
2026-02-17,CHAR,10.52,10.56,10.565,10.52,104530,1103763.0,0.43,0.28,0.03,0.95
2026-02-17,CHAT,63.0,63.67,64.02,62.315,240062,15188574.0,2.69,0.52,0.33,0.0
2026-02-17,CHAU,21.91,22.1,22.155,21.87,51470,1133843.0,1.3,1.14,0.25,0.0
2026-02-17,CHCI,11.47,11.5,11.8,11.103,17639,204031.0,6.14,1.23,0.14,0.17
2026-02-17,CHCO,127.27,126.51,128.495,123.92,102203,12980991.0,3.61,-0.11,-0.14,0.71
2026-02-17,CHCT,17.74,18.02,18.03,17.5,443539,7905233.0,3.0,2.15,0.38,1.55
2026-02-17,CHD,101.6,99.89,102.49,99.58,1705480,170787582.0,2.87,-1.54,-1.56,0.72
2026-02-17,CHDN,89.25,87.97,91.15,87.54,1046261,92510401.0,4.05,-1.42,-1.27,1.5
2026-02-17,CHE,476.7,473.06,481.38,471.11,163298,77405792.0,2.17,-0.03,-0.16,1.19
2026-02-17,CHEC,10.02,10.02,10.02,10.02,37000,370740.0,0.0,-0.1,-0.01,0.21
2026-02-17,CHECU,10.11,10.11,10.11,10.11,30055,303856.0,0.0,0.1,0.01,0.23
2026-02-17,CHECW,0.23,0.23,0.23,0.23,17197,3955.0,0.0,-8.0,-0.02,0.0
2026-02-17,CHEF,69.03,68.47,69.75,67.965,294014,20178682.0,2.61,0.04,0.03,0.72
2026-02-17,CHGG,0.57,0.541,0.6,0.534,1173107,647132.0,11.7,-4.08,-0.023,1.06
2026-02-17,CHGX,28.24,28.004,28.24,27.91,17567,492761.0,1.17,-0.74,-0.208,0.0
2026-02-17,CHH,110.83,110.01,112.0,107.78,696143,76059415.0,3.83,-0.03,-0.03,1.51
2026-02-17,CHI,11.68,11.65,11.7,11.542,329610,3837094.0,1.35,-0.34,-0.04,0.0
2026-02-17,CHIQ,20.95,21.02,21.14,20.8,29391,617452.0,1.62,0.29,0.06,0.0
2026-02-17,CHKP,170.78,165.02,170.93,163.92,2135829,353995984.0,4.09,-3.77,-6.46,1.99
2026-02-17,CHMG,59.86,59.24,60.13,59.24,9278,553806.0,1.5,-0.34,-0.2,0.19
2026-02-17,CHMI,2.61,2.58,2.633,2.55,185163,477712.0,3.2,-0.39,-0.01,0.5
2026-02-17,CHMI_A,21.17,21.1,21.18,21.01,8709,183867.0,0.8,-0.38,-0.08,0.0
2026-02-17,CHMI_B,23.37,23.37,23.59,23.37,4670,109459.0,0.94,-0.13,-0.03,0.0
2026-02-17,CHNR,3.4,3.26,3.428,3.23,21393,71288.0,5.79,-4.68,-0.16,1.7
2026-02-17,CHOW,0.904,0.738,1.07,0.701,52362216,45419120.0,59.32,18.65,0.116,149.18
2026-02-17,CHPG,10.25,10.24,10.25,10.24,12202,125019.0,0.1,-0.68,-0.07,0.12
2026-02-17,CHPS,57.16,57.63,57.735,56.5,17455,997348.0,2.14,-0.07,-0.042,0.0
2026-02-17,CHPT,5.87,5.87,6.04,5.82,424811,2508220.0,3.73,-0.51,-0.03,1.77
2026-02-17,CHPX,60.46,60.818,61.33,59.515,8781,531042.0,2.98,-0.22,-0.133,0.0
2026-02-17,CHPY,60.16,60.77,61.04,59.5,529838,31988799.0,2.54,0.2,0.12,0.0
2026-02-17,CHR,1.44,1.37,1.48,1.34,30363,42397.0,9.66,-5.52,-0.08,0.59
2026-02-17,CHRD,102.21,99.43,103.135,97.399,564273,55931162.0,5.62,-2.54,-2.59,0.99
2026-02-17,CHRI,81.0,81.158,81.24,80.5,2526,204272.0,0.91,0.14,0.112,0.0
2026-02-17,CHRS,1.65,1.61,1.689,1.6,2768228,4516001.0,5.53,0.0,0.0,1.85
2026-02-17,CHRW,179.19,177.38,182.87,177.08,3558457,636970704.0,3.29,0.78,1.37,3.0
2026-02-17,CHSCL,25.72,25.74,25.79,25.62,38310,983580.0,0.66,-0.04,-0.01,0.0
2026-02-17,CHSCM,25.15,25.19,25.19,25.1,21179,532380.0,0.36,0.36,0.09,0.0
2026-02-17,CHSCN,25.451,25.44,25.47,25.4,18671,475224.0,0.28,0.0,0.0,0.0
2026-02-17,CHSCO,26.48,26.44,26.48,26.25,40005,1053764.0,0.87,0.08,0.02,0.0
2026-02-17,CHSCP,28.4,28.42,28.44,28.22,17040,482499.0,0.77,-0.04,-0.01,0.0
2026-02-17,CHSN,1.87,2.03,2.03,1.79,11046,21292.0,12.7,7.41,0.14,0.03
2026-02-17,CHT,42.91,43.02,43.24,42.61,144516,6218118.0,1.47,0.7,0.3,0.02
2026-02-17,CHTR,238.54,237.01,241.12,234.27,1343896,318818256.0,2.87,-0.87,-2.08,1.06
2026-02-17,CHW,8.11,8.09,8.15,8.04,110832,896451.0,1.36,-0.25,-0.02,0.0
2026-02-17,CHWY,23.83,23.8,24.07,23.06,9299224,219102119.0,4.17,-1.77,-0.43,2.24
2026-02-17,CHY,11.97,11.98,12.05,11.9,132470,1585653.0,1.25,-0.08,-0.01,0.0
2026-02-17,CHYM,19.51,19.65,20.0,19.21,3410923,67025962.0,4.01,-0.2,-0.04,0.9
2026-02-17,CI,294.43,290.71,297.25,289.41,1048203,306050656.0,2.69,-0.25,-0.73,0.4
2026-02-17,CIA,5.92,6.21,6.22,5.8,76333,468400.0,7.02,3.85,0.23,0.15
2026-02-17,CIB,76.66,77.93,78.09,76.345,192539,14933654.0,2.27,1.21,0.93,0.08
2026-02-17,CIBR,66.74,65.54,66.79,64.925,1505984,98649372.0,2.79,-1.93,-1.29,0.0
2026-02-17,CICB,25.27,25.29,25.35,25.269,12960,328103.0,0.32,0.16,0.04,0.0
2026-02-17,CICC,24.98,24.99,25.05,24.98,24677,617342.0,0.28,-0.12,-0.03,0.0
2026-02-17,CIEN,297.91,302.33,307.63,286.81,2182171,655452144.0,6.85,-0.52,-1.59,1.54
2026-02-17,CIF,1.71,1.705,1.71,1.7,55675,94822.0,0.58,-0.87,-0.015,0.0
2026-02-17,CIFG,8.9,8.39,8.98,7.69,93122,779233.0,13.77,-10.46,-0.98,0.0
2026-02-17,CIFR,15.975,15.64,16.17,14.955,30552263,475026672.0,7.4,-4.75,-0.78,7.54
2026-02-17,CIFU,21.39,20.33,21.49,18.412,304710,6105819.0,13.78,-8.96,-2.0,0.0
2026-02-17,CIG,2.22,2.22,2.256,2.2,3404621,7544669.0,2.52,0.0,0.0,0.18
2026-02-17,CIGI,113.39,110.16,113.57,108.62,704467,77728713.0,4.37,-2.85,-3.23,1.38
2026-02-17,CIGL,1.73,1.67,1.82,1.67,39604,68183.0,8.57,-4.57,-0.08,0.15
2026-02-17,CIG_C,3.0,2.99,3.0,2.81,2989,8551.0,6.56,3.28,0.095,0.0
2026-02-17,CII,22.25,22.47,22.49,22.22,109109,2438117.0,1.2,-0.31,-0.07,0.0
2026-02-17,CIIT,0.58,0.561,0.595,0.561,1155,678.0,5.63,-7.12,-0.043,0.0
2026-02-17,CIK,2.78,2.78,2.79,2.77,120110,333909.0,0.71,-0.89,-0.025,0.0
2026-02-17,CIM,14.07,13.7,14.07,13.64,1392568,19148019.0,3.05,-2.7,-0.38,1.67
2026-02-17,CIMN,25.22,25.27,25.285,25.19,9544,240893.0,0.38,0.2,0.05,0.0
2026-02-17,CIMO,25.39,25.45,25.45,25.38,10566,268422.0,0.28,0.28,0.07,0.0
2026-02-17,CIMP,25.32,25.34,25.373,25.28,42824,1084356.0,0.37,0.16,0.04,0.0
2026-02-17,CIM_A,22.25,22.26,22.5,22.18,35260,783758.0,1.44,0.36,0.08,0.0
2026-02-17,CIM_B,23.8,23.94,23.94,23.79,29273,698901.0,0.63,0.8,0.19,0.0
2026-02-17,CIM_C,22.25,22.48,22.54,22.23,40149,894592.0,1.39,1.03,0.23,0.0
2026-02-17,CIM_D,23.61,23.75,23.8,23.61,22787,540720.0,0.8,0.34,0.08,0.0
2026-02-17,CINF,164.08,166.07,167.14,163.331,760960,126310778.0,2.34,2.03,3.3,0.49
2026-02-17,CING,5.76,5.82,5.969,5.53,385721,2217236.0,7.32,-3.0,-0.18,3.53
2026-02-17,CINT,4.96,4.75,5.0,4.74,63279,305941.0,5.27,-3.65,-0.18,0.05
2026-02-17,CION,8.63,8.61,8.73,8.56,343563,2963214.0,1.97,-0.35,-0.03,0.67
2026-02-17,CISO,0.349,0.334,0.38,0.32,256355,85703.0,17.65,-1.76,-0.006,0.58
2026-02-17,CISS,1.48,1.52,1.59,1.48,147621,222112.0,7.28,0.66,0.01,12.0
2026-02-17,CITR,7.01,7.03,7.25,6.862,13777,97974.0,5.29,-4.09,-0.3,0.07
2026-02-17,CIVB,23.85,24.15,24.45,23.85,42433,1024457.0,2.52,1.26,0.3,0.2
2026-02-17,CIX,24.58,24.3,24.58,24.3,2788,68060.0,1.14,-1.14,-0.28,0.02
2026-02-17,CJMB,1.43,1.48,1.54,1.401,23071,33803.0,9.46,0.68,0.01,0.5
2026-02-17,CKX,10.32,10.32,10.32,10.32,241,2497.0,0.0,-4.33,-0.467,0.01
2026-02-17,CL,96.97,95.65,97.63,95.29,8164502,783684304.0,2.42,-1.06,-1.02,1.02
2026-02-17,CLAR,3.36,3.25,3.36,3.2,260056,842296.0,4.76,-3.27,-0.11,0.68
2026-02-17,CLB,18.62,18.75,18.9,17.94,284925,5326189.0,5.17,1.02,0.19,0.61
2026-02-17,CLBK,18.44,18.38,18.645,18.3,154749,2851249.0,1.87,-0.16,-0.03,0.15
2026-02-17,CLBR_U,10.17,10.171,10.19,10.17,130820,1330490.0,0.2,-0.19,-0.019,0.5
2026-02-17,CLBT,14.64,14.3,14.64,13.93,1916170,27297899.0,4.85,-2.32,-0.34,0.77
2026-02-17,CLCG,25.13,25.48,25.574,25.13,5142,130681.0,1.75,0.59,0.149,0.0
2026-02-17,CLCV,27.2,27.12,27.2,27.09,1331,36098.0,0.41,0.13,0.036,0.0
2026-02-17,CLDI,0.775,0.75,0.775,0.73,35365,26629.0,5.75,-4.21,-0.033,0.49
2026-02-17,CLDT,7.54,7.61,7.635,7.45,249909,1890456.0,2.47,1.6,0.12,0.52
2026-02-17,CLDT_A,20.35,20.35,20.35,20.215,5898,119702.0,0.66,0.22,0.045,0.0
2026-02-17,CLDX,22.94,22.94,23.445,22.455,766663,17625675.0,4.3,-0.26,-0.06,1.15
2026-02-17,CLF,10.14,10.52,10.67,10.02,20707289,215906713.0,6.26,1.35,0.14,3.63
2026-02-17,CLFD,32.52,32.35,32.83,31.96,63354,2056719.0,2.66,-1.01,-0.33,0.46
2026-02-17,CLGN,0.74,0.634,0.74,0.6,125465,79317.0,19.44,-11.94,-0.086,0.87
2026-02-17,CLH,273.91,269.08,273.91,265.76,1053905,282370656.0,2.98,-1.73,-4.74,1.99
2026-02-17,CLIK,3.345,3.325,3.345,3.231,1245,4057.0,3.32,-3.17,-0.109,0.04
2026-02-17,CLIP,100.25,100.24,100.26,100.24,540494,54184619.0,0.02,-0.01,-0.01,0.0
2026-02-17,CLIR,0.61,0.628,0.628,0.593,22233,13605.0,5.7,2.28,0.014,0.04
2026-02-17,CLIX,50.29,50.764,50.85,50.29,1783,90385.0,1.11,0.42,0.21,0.0
2026-02-17,CLLS,3.73,3.88,3.93,3.73,20495,78013.0,5.36,4.02,0.15,0.03
2026-02-17,CLM,7.88,7.74,7.9,7.7,4273666,33243389.0,2.49,-3.73,-0.3,0.0
2026-02-17,CLMB,120.72,117.43,121.55,116.88,42850,5075026.0,3.86,-2.99,-3.62,0.93
2026-02-17,CLMT,28.45,28.73,28.9,27.89,1684949,48067799.0,3.53,0.42,0.12,1.94
2026-02-17,CLNE,2.63,2.6,2.66,2.57,1025503,2662743.0,3.41,-1.52,-0.04,0.47
2026-02-17,CLNK,16.17,16.142,16.32,15.81,33725,541774.0,3.18,0.72,0.115,0.0
2026-02-17,CLNN,4.24,4.22,4.24,3.97,47701,196526.0,6.38,-0.24,-0.01,0.4
2026-02-17,CLOA,51.88,51.87,51.906,51.85,454582,23576317.0,0.11,-0.01,-0.005,0.0
2026-02-17,CLOB,50.72,50.72,50.72,50.61,5653,286407.0,0.22,0.07,0.037,0.0
2026-02-17,CLOC,25.135,25.135,25.135,25.135,2003,50345.0,0.0,0.0,0.0,0.0
2026-02-17,CLOD,27.0,26.772,27.0,26.74,1031,27615.0,0.95,-2.25,-0.615,0.0
2026-02-17,CLOI,52.87,52.9,52.93,52.87,128827,6816680.0,0.11,0.02,0.01,0.0
2026-02-17,CLOU,19.48,19.23,19.6,18.92,345633,6621867.0,3.47,-1.99,-0.39,0.0
2026-02-17,CLOV,2.02,2.04,2.07,2.02,4320818,8826469.0,2.48,0.99,0.02,0.83
2026-02-17,CLOX,25.56,25.58,25.58,25.56,70624,1805658.0,0.08,0.04,0.01,0.0
2026-02-17,CLOZ,26.48,26.46,26.505,26.46,326144,8632053.0,0.17,-0.08,-0.02,0.0
2026-02-17,CLPR,3.36,3.3,3.42,3.3,85188,284393.0,3.56,-2.08,-0.07,0.53
2026-02-17,CLPS,1.19,1.18,1.23,1.18,7247,8718.0,4.2,-0.84,-0.01,0.02
2026-02-17,CLPT,13.5,13.58,14.005,13.43,460085,6292614.0,4.24,0.22,0.03,1.57
2026-02-17,CLRB,3.34,3.12,3.405,3.11,27705,90184.0,8.97,-5.17,-0.17,0.65
2026-02-17,CLRO,6.49,6.18,6.72,6.1,5649,36035.0,9.64,-3.92,-0.252,0.25
2026-02-17,CLS,276.34,286.66,290.77,271.0,1718971,486704224.0,7.04,2.14,6.0,1.5
2026-02-17,CLSE,28.11,28.27,28.32,28.0,77709,2191606.0,1.13,0.14,0.04,0.0
2026-02-17,CLSK,9.59,9.28,9.72,9.02,21331829,199201123.0,7.11,-5.79,-0.57,8.34
2026-02-17,CLSKW,0.283,0.32,0.33,0.281,71394,21953.0,16.72,9.22,0.027,0.0
2026-02-17,CLSM,23.6,23.668,23.76,23.53,39658,938977.0,0.97,-0.65,-0.155,0.0
2026-02-17,CLST,16.01,16.0,16.01,15.975,3707,59311.0,0.22,-0.06,-0.01,0.09
2026-02-17,CLSX,11.92,11.13,12.0,10.4,475142,5280025.0,12.88,-10.39,-1.29,0.0
2026-02-17,CLVT,1.83,1.79,1.885,1.74,8610194,15474726.0,8.01,-1.1,-0.02,1.34
2026-02-17,CLW,17.4,16.56,17.425,16.52,179995,3025443.0,5.14,-5.86,-1.03,1.12
2026-02-17,CLWT,1.22,1.15,1.23,1.15,1028,1240.0,6.67,-4.17,-0.05,0.01
2026-02-17,CLX,126.5,122.96,127.5,120.94,2885686,353972112.0,5.21,-2.37,-2.98,2.39
2026-02-17,CLYM,5.64,5.61,5.78,5.16,610902,3403883.0,10.93,-1.06,-0.06,1.28
2026-02-17,CM,95.4,96.54,96.84,95.39,441086,42500545.0,1.51,0.75,0.72,0.05
2026-02-17,CMBM,1.22,1.21,1.25,1.125,229896,272673.0,10.16,-1.63,-0.02,0.81
2026-02-17,CMBS,49.46,49.65,49.67,49.42,55575,2752288.0,0.51,0.36,0.18,0.0
2026-02-17,CMBT,12.88,13.22,13.22,12.735,2045983,26682063.0,3.77,2.88,0.37,0.71
2026-02-17,CMC,79.04,79.22,79.47,77.39,902687,71238690.0,2.61,-0.53,-0.42,0.81
2026-02-17,CMCI,24.68,24.68,24.68,24.68,31,762.0,0.0,-0.91,-0.227,0.0
2026-02-17,CMCL,29.1,28.11,29.1,27.61,372286,10557677.0,4.97,-6.3,-1.89,1.93
2026-02-17,CMCM,5.62,5.57,5.75,5.57,9114,50970.0,3.24,0.18,0.01,0.03
2026-02-17,CMCO,20.26,19.86,20.34,19.78,376667,7515430.0,2.75,-2.31,-0.47,1.31
2026-02-17,CMCSA,31.665,31.55,31.945,31.46,28089707,889497952.0,1.54,-0.06,-0.02,0.78
2026-02-17,CMCT,2.73,2.74,2.78,2.69,21274,58146.0,3.24,-1.44,-0.04,0.79
2026-02-17,CMDB,19.27,19.03,19.5,18.88,71159,1362845.0,3.21,-1.45,-0.28,0.29
2026-02-17,CMDT,28.61,28.54,28.61,28.37,240253,6843191.0,0.84,-0.54,-0.154,0.0
2026-02-17,CMDY,51.8,51.67,51.8,51.477,65125,3364610.0,0.62,-1.37,-0.72,0.0
2026-02-17,CME,305.26,303.23,308.2,302.1,2127523,645930736.0,2.01,0.05,0.16,0.59
2026-02-17,CMF,58.2,58.18,58.22,58.13,375360,21843386.0,0.15,0.03,0.02,0.0
2026-02-17,CMG,37.355,37.88,37.98,36.57,17175091,646482864.0,3.88,4.35,1.58,1.32
2026-02-17,CMGG,20.025,20.375,20.44,19.95,2781,56060.0,2.62,8.74,1.638,0.0
2026-02-17,CMI,602.59,595.66,602.59,585.75,772593,458978976.0,2.8,-0.89,-5.35,0.56
2026-02-17,CMIIU,9.995,9.995,10.0,9.99,93697,936356.0,0.1,-0.05,-0.005,0.45
2026-02-17,CMMB,1.55,1.51,1.55,1.45,751523,1310808.0,6.62,0.0,0.0,12.21
2026-02-17,CMND,1.12,1.21,1.23,1.082,93690,107592.0,13.21,8.04,0.09,5.22
2026-02-17,CMP,23.17,22.84,23.305,22.51,306964,7034952.0,3.31,-4.79,-1.15,0.73
2026-02-17,CMPR,74.26,71.88,75.535,71.87,88792,6461545.0,4.93,-3.22,-2.39,0.37
2026-02-17,CMPS,7.83,7.63,8.795,7.31,35093188,277333440.0,25.56,31.33,1.82,36.55
2026-02-17,CMPX,6.25,6.39,6.55,6.23,1290131,8246620.0,5.1,1.75,0.11,0.72
2026-02-17,CMRC,2.77,2.91,3.0,2.722,1939540,5624811.0,10.04,5.05,0.14,2.38
2026-02-17,CMRE,16.96,17.09,17.25,16.895,701954,11980125.0,2.1,0.89,0.15,0.58
2026-02-17,CMRE_B,25.71,25.7,25.71,25.7,700,17991.0,0.04,-0.2,-0.051,0.0
2026-02-17,CMRE_C,26.67,26.72,26.72,26.63,1828,48816.0,0.34,0.0,0.0,0.0
2026-02-17,CMRE_D,28.0,28.0,28.0,28.0,6242,174806.0,0.0,-0.64,-0.18,0.0
2026-02-17,CMS,76.58,76.04,77.275,75.93,3086836,235223260.0,1.75,-0.91,-0.7,1.01
2026-02-17,CMSA,22.8,23.04,23.04,22.8,7929,181639.0,1.05,0.7,0.16,0.0
2026-02-17,CMSC,23.69,23.86,23.9,23.65,30110,715299.0,1.05,0.46,0.11,0.0
2026-02-17,CMSD,23.61,23.72,23.8,23.61,48783,1155006.0,0.8,0.34,0.08,0.0
2026-02-17,CMS_B,78.99,82.47,82.47,78.99,9179,747077.0,4.44,5.33,4.17,0.0
2026-02-17,CMS_C,17.94,18.03,18.09,17.9,21422,384624.0,1.06,0.73,0.13,0.23
2026-02-17,CMT,18.77,19.0,19.26,18.7,25937,493863.0,2.92,-0.84,-0.16,0.3
2026-02-17,CMTG,2.58,2.52,2.59,2.48,273125,689497.0,4.28,-1.95,-0.05,0.19
2026-02-17,CMTL,5.76,5.67,5.935,5.635,156280,901642.0,5.12,-3.24,-0.19,0.53
2026-02-17,CMTV,32.0,32.02,32.62,31.9,7132,228584.0,2.25,0.09,0.03,0.12
2026-02-17,CMU,3.59,3.58,3.59,3.57,36825,131747.0,0.56,0.0,0.0,0.0
2026-02-17,CNA,49.07,49.66,49.87,48.88,513870,25486664.0,2.03,1.99,0.97,0.19
2026-02-17,CNAV,33.08,33.08,33.08,33.08,811,26832.0,0.0,0.28,0.092,0.0
2026-02-17,CNBS,23.51,23.46,23.66,23.27,9114,213845.0,1.64,-1.16,-0.275,0.0
2026-02-17,CNC,40.78,41.23,41.93,40.5,4437185,183167665.0,3.52,1.6,0.65,0.9
2026-02-17,CNCG,15.949,15.949,15.949,15.949,702,11274.0,0.0,3.36,0.518,0.0
2026-02-17,CNCK,2.6,2.67,2.75,2.55,19592,51683.0,7.69,2.69,0.07,0.01
2026-02-17,CNCKW,0.369,0.36,0.369,0.36,929,336.0,2.65,5.88,0.02,0.0
2026-02-17,CNDT,1.54,1.38,1.54,1.37,1522682,2167861.0,11.07,-10.1,-0.155,0.98
2026-02-17,CNEQ,32.67,33.13,33.175,32.535,45412,1499325.0,1.94,0.52,0.17,0.0
2026-02-17,CNET,0.82,0.857,0.857,0.708,95265,77793.0,17.63,1.42,0.012,2.91
2026-02-17,CNEY,0.99,1.05,1.095,0.98,97120,101433.0,11.5,5.0,0.05,1.73
2026-02-17,CNF,5.32,5.415,5.6,5.32,2299,12562.0,4.98,-3.65,-0.205,0.03
2026-02-17,CNH,11.99,13.09,13.31,11.99,26783430,347886192.0,10.35,2.67,0.34,1.66
2026-02-17,CNI,107.31,108.47,109.9,107.08,2872236,311997248.0,2.62,0.81,0.87,0.47
2026-02-17,CNK,25.0,25.36,25.72,24.83,4381210,111343187.0,3.58,1.93,0.48,3.79
2026-02-17,CNL,16.24,15.73,16.24,15.42,51453,813696.0,4.9,-6.09,-1.02,0.06
2026-02-17,CNM,57.96,57.3,58.12,56.73,1917322,110032991.0,2.39,-1.51,-0.88,0.98
2026-02-17,CNMD,42.2,42.55,42.76,41.37,478257,20281661.0,3.33,1.79,0.75,1.55
2026-02-17,CNNE,13.37,13.12,13.41,12.98,563129,7400323.0,3.24,-1.28,-0.17,1.21
2026-02-17,CNO,43.48,43.12,43.825,42.91,1147217,49489604.0,2.12,0.14,0.06,1.22
2026-02-17,CNOB,27.83,27.92,28.16,27.52,213944,5973705.0,2.31,0.61,0.17,0.43
2026-02-17,CNOBP,24.55,24.68,24.795,24.55,3542,87558.0,0.99,0.22,0.055,0.08
2026-02-17,CNO_A,18.95,19.2,19.2,18.94,9594,183213.0,1.37,1.1,0.209,0.0
2026-02-17,CNP,42.81,42.65,43.085,42.535,7529235,321442160.0,1.29,0.31,0.13,1.15
2026-02-17,CNQ,40.64,40.59,41.09,39.355,8705255,349339072.0,4.26,-0.22,-0.09,0.42
2026-02-17,CNQQ,23.19,23.178,23.21,23.16,2114,49005.0,0.22,0.4,0.093,0.0
2026-02-17,CNR,89.85,86.61,91.41,85.44,742572,64586842.0,6.52,-5.35,-4.9,1.46
2026-02-17,CNRG,98.91,100.31,100.53,97.815,7117,705429.0,2.74,1.14,1.13,0.0
2026-02-17,CNS,66.99,66.16,68.15,65.93,335365,22313312.0,3.33,-0.75,-0.5,0.65
2026-02-17,CNSP,3.4,3.26,3.46,3.09,16096,52494.0,10.69,-5.78,-0.2,2.59
2026-02-17,CNTA,24.43,24.94,25.1,24.43,910990,22577433.0,2.71,0.93,0.23,0.62
2026-02-17,CNTB,2.7,2.84,2.9,2.625,110800,307161.0,10.58,9.23,0.24,0.2
2026-02-17,CNTX,2.29,2.33,2.46,2.25,1170868,2750738.0,9.13,1.3,0.03,1.27
2026-02-17,CNTY,1.5,1.5,1.51,1.495,27634,41478.0,0.99,-0.66,-0.01,0.09
2026-02-17,CNVS,2.65,2.71,3.071,2.59,1665256,4692237.0,19.24,8.4,0.21,7.9
2026-02-17,CNX,40.23,39.83,40.46,38.78,1706870,67548295.0,4.14,-1.9,-0.77,1.2
2026-02-17,CNXC,29.92,31.78,31.93,29.52,2652368,82882583.0,7.93,4.59,1.395,4.32
2026-02-17,CNXN,63.62,62.35,64.06,62.335,85748,5380156.0,2.7,-2.3,-1.47,0.34
2026-02-17,CNXT,45.77,45.89,46.35,45.66,24549,1126182.0,1.51,0.7,0.32,0.0
2026-02-17,CNYA,35.505,35.65,35.68,35.44,25898,920050.0,0.68,0.8,0.282,0.0
2026-02-17,COAL,25.22,25.05,25.25,24.68,43580,1085563.0,2.23,-1.8,-0.46,0.0
2026-02-17,COCH,0.6,0.689,0.699,0.57,1384013,907228.0,21.5,14.83,0.089,1.8
2026-02-17,COCHW,0.044,0.044,0.044,0.044,39,2.0,0.0,0.0,0.0,0.0
2026-02-17,COCO,56.5,56.52,58.125,56.19,1426439,81194502.0,3.42,-0.11,-0.06,2.5
2026-02-17,COCP,0.94,0.93,0.95,0.905,68089,63315.0,4.66,-3.63,-0.035,0.49
2026-02-17,CODA,13.37,13.7,14.21,13.29,379394,5252926.0,6.87,2.24,0.3,3.37
2026-02-17,CODI,6.37,6.85,7.11,6.32,2048379,14094156.0,12.36,7.2,0.46,2.72
2026-02-17,CODI_A,18.82,19.34,19.98,18.82,21351,410318.0,6.17,2.87,0.54,0.0
2026-02-17,CODI_B,20.73,20.85,20.89,20.625,18248,379904.0,1.27,0.01,0.002,0.0
2026-02-17,CODI_C,20.74,21.0,21.0,20.74,24752,516297.0,1.25,0.73,0.153,0.0
2026-02-17,COE,25.4,26.26,27.9,25.4,3298,87841.0,9.11,-4.3,-1.18,0.06
2026-02-17,COEP,12.295,12.0,12.295,11.445,20378,241284.0,7.02,-0.91,-0.11,0.35
2026-02-17,COF,207.5,206.74,211.22,205.33,3514120,728208784.0,2.84,-0.3,-0.63,0.57
2026-02-17,COFS,28.8,28.74,29.16,28.36,150601,4323244.0,2.78,-0.07,-0.02,1.0
2026-02-17,COF_I,19.6,19.73,19.74,19.52,145340,2852306.0,1.11,-0.45,-0.09,0.24
2026-02-17,COF_J,18.56,18.66,18.66,18.47,211533,3915115.0,1.01,-0.53,-0.1,0.42
2026-02-17,COF_K,18.01,18.01,18.04,17.87,12020,216380.0,0.94,-0.86,-0.156,0.24
2026-02-17,COF_L,17.15,17.24,17.24,16.98,67761,1158670.0,1.5,-0.75,-0.13,0.25
2026-02-17,COF_N,16.69,16.78,16.78,16.6,26074,434796.0,1.07,-0.53,-0.09,0.15
2026-02-17,COGT,36.04,37.62,38.72,36.03,1770441,66507391.0,7.36,2.98,1.09,1.09
2026-02-17,COHN,17.29,15.87,17.29,15.69,21043,340807.0,9.1,-9.73,-1.71,0.99
2026-02-17,COHR,212.4,219.96,224.39,204.57,4616611,994602240.0,9.12,1.26,2.73,2.46
2026-02-17,COHU,30.05,30.27,30.86,29.05,1201630,36222025.0,5.92,-1.08,-0.33,2.56
2026-02-17,COIA,5.24,5.47,5.73,4.99,323392,1744950.0,13.78,1.86,0.1,0.0
2026-02-17,COIG,6.81,6.88,7.22,6.257,138575,938048.0,14.28,1.99,0.134,0.0
2026-02-17,COII,9.03,9.24,9.26,8.91,4878,44343.0,3.83,1.19,0.109,0.0
2026-02-17,COIN,162.475,166.02,170.54,158.4,16770648,2780334832.0,7.39,1.03,1.7,6.35
2026-02-17,COIO,6.3,6.452,6.452,6.3,174,1101.0,2.38,1.11,0.071,0.0
2026-02-17,COIW,12.4,12.72,13.07,12.02,73885,932504.0,8.32,0.79,0.1,0.0
2026-02-17,COKE,163.05,166.1,167.05,162.5,563792,92800317.0,2.81,2.59,4.19,0.85
2026-02-17,COLA,10.535,10.535,10.535,10.535,559,5878.0,0.0,1.01,0.105,0.01
2026-02-17,COLAR,0.38,0.44,0.44,0.37,47329,18011.0,17.11,7.58,0.031,0.0
2026-02-17,COLAU,11.85,12.4,12.5,11.8,1557,18696.0,5.89,4.29,0.51,0.02
2026-02-17,COLB,31.59,31.3,32.0,31.15,2697956,84564535.0,2.7,-0.6,-0.19,0.91
2026-02-17,COLD,12.49,12.32,12.5,12.115,5524814,67745662.0,3.11,-0.32,-0.04,1.94
2026-02-17,COLL,45.79,46.1,46.66,45.53,212911,9811471.0,2.47,0.68,0.31,0.67
2026-02-17,COLM,63.32,64.01,64.125,62.47,1025143,65110815.0,2.61,1.14,0.72,1.96
2026-02-17,COLO,41.0,41.19,41.355,40.5,136788,5621575.0,2.08,0.17,0.07,0.0
2026-02-17,COM,30.87,30.829,30.87,30.734,26604,819961.0,0.44,-0.49,-0.151,0.0
2026-02-17,COMB,22.37,22.314,22.37,22.26,19315,431046.0,0.49,-1.31,-0.296,0.0
2026-02-17,COMD,24.24,24.26,24.275,24.24,983,23838.0,0.14,-1.17,-0.287,0.0
2026-02-17,COMP,10.33,10.1,10.58,9.96,13887541,140984256.0,5.96,-2.98,-0.31,2.46
2026-02-17,COMT,26.53,26.49,26.57,26.395,83555,2212072.0,0.66,-0.78,-0.209,0.0
2026-02-17,CON,23.72,23.66,23.9,23.33,1007417,23787101.0,2.42,0.51,0.12,0.78
2026-02-17,CONI,94.19,90.02,98.26,85.1,344976,31672405.0,14.31,-2.12,-1.95,0.0
2026-02-17,CONL,6.69,6.96,7.34,6.34,24920285,171603296.0,14.64,1.9,0.13,0.0
2026-02-17,CONX,8.14,8.44,8.88,7.715,155182,1318007.0,14.05,1.82,0.151,0.74
2026-02-17,CONY,26.62,27.03,27.61,26.06,524673,14120595.0,5.77,0.71,0.19,0.0
2026-02-17,COO,83.13,81.94,83.76,81.22,1763078,144590333.0,3.06,-1.27,-1.05,0.9
2026-02-17,COOK,0.875,0.86,0.928,0.845,147498,126937.0,9.32,-3.48,-0.031,0.11
2026-02-17,COOT,0.563,0.56,0.615,0.55,97410,55588.0,11.09,-4.44,-0.026,0.35
2026-02-17,COOTW,0.02,0.02,0.02,0.018,1071,21.0,10.0,0.0,0.0,0.0
2026-02-17,COP,111.66,108.78,112.97,107.875,7619442,830212176.0,4.57,-2.38,-2.65,0.62
2026-02-17,COPA,49.23,48.801,49.23,47.55,5067,243873.0,3.36,-2.5,-1.249,0.0
2026-02-17,COPJ,43.91,42.8,43.98,41.78,230566,9873935.0,4.94,-3.91,-1.74,0.0
2026-02-17,COPL,10.3,10.3,10.3,10.3,102,1051.0,0.0,-0.19,-0.02,0.0
2026-02-17,COPP,39.71,39.45,39.84,38.11,229850,8978183.0,4.24,-3.43,-1.4,0.0
2026-02-17,COPX,84.4,84.78,85.02,81.78,4051448,339507584.0,3.68,-3.59,-3.16,0.0
2026-02-17,COPY,14.24,14.19,14.24,14.07,218786,3090668.0,1.2,-0.14,-0.02,0.0
2026-02-17,COR,361.34,359.97,364.24,356.225,853777,307828704.0,2.22,-0.24,-0.86,0.44
2026-02-17,CORB,30.18,30.15,30.21,30.15,121181,3658412.0,0.2,0.0,0.0,0.0
2026-02-17,CORD,15.12,15.73,16.252,14.4,1100339,16923558.0,13.08,11.09,1.57,0.0
2026-02-17,CORN,17.5,17.45,17.518,17.42,48394,845760.0,0.56,-1.13,-0.2,0.0
2026-02-17,CORO,33.95,34.102,34.12,33.78,1896,64403.0,0.99,-0.27,-0.092,0.0
2026-02-17,CORP,98.94,99.022,99.05,98.905,38924,3852565.0,0.15,0.11,0.112,0.0
2026-02-17,CORT,39.9,39.63,40.41,39.41,840225,33395232.0,2.5,-0.85,-0.34,0.79
2026-02-17,CORZ,17.5,17.23,17.97,16.86,9172353,159799619.0,6.22,-3.42,-0.61,2.92
2026-02-17,CORZW,10.95,10.87,11.49,10.14,140761,1531804.0,11.92,-4.06,-0.46,0.0
2026-02-17,CORZZ,17.26,17.72,17.79,16.91,5288,93064.0,4.91,-1.12,-0.2,0.0
2026-02-17,COSM,0.383,0.365,0.385,0.351,848672,312875.0,8.88,-4.7,-0.018,2.27
2026-02-17,COSO,25.15,25.38,25.78,25.15,62019,1576329.0,2.52,1.4,0.35,0.52
2026-02-17,COST,1022.34,1012.05,1028.44,1010.48,1732204,1758117216.0,1.76,-0.63,-6.43,0.39
2026-02-17,COSW,49.51,49.5,50.32,49.5,6954,345705.0,1.64,-1.08,-0.54,0.0
2026-02-17,COTG,15.99,15.68,16.11,15.575,54977,864063.0,3.38,-1.01,-0.16,0.0
2026-02-17,COTY,2.52,2.56,2.595,2.49,11239939,28553767.0,4.18,1.99,0.05,1.28
2026-02-17,COUR,5.89,6.13,6.22,5.78,7398847,44817333.0,7.43,3.55,0.21,4.37
2026-02-17,COWG,34.63,34.63,34.76,34.175,396283,13690177.0,1.68,-0.52,-0.18,0.0
2026-02-17,COWS,34.21,34.172,34.3,34.03,22597,772185.0,0.79,-0.09,-0.031,0.0
2026-02-17,COWZ,64.21,63.85,64.61,63.21,4032969,257380318.0,2.18,-0.48,-0.31,0.0
2026-02-17,COYA,4.72,4.65,4.75,4.51,123201,574750.0,5.1,-1.27,-0.06,0.59
2026-02-17,COYY,4.76,4.86,4.915,4.71,348883,1674345.0,4.24,0.62,0.03,0.0
2026-02-17,COZX,12.35,12.47,13.46,12.06,22206,280172.0,10.45,-6.94,-0.93,0.0
2026-02-17,CP,83.32,83.88,84.525,83.03,3012415,252633976.0,1.78,0.12,0.1,0.34
2026-02-17,CPA,146.1,146.65,148.0,144.87,373252,54580628.0,2.15,0.53,0.78,0.91
2026-02-17,CPAC,10.625,10.47,11.48,10.4,73798,799261.0,10.0,-3.06,-0.33,0.09
2026-02-17,CPAG,103.52,103.536,103.55,103.52,2114,218855.0,0.03,0.02,0.016,0.0
2026-02-17,CPAI,43.0,42.99,43.19,42.4,18031,774075.0,1.85,0.51,0.22,0.0
2026-02-17,CPAY,337.75,342.51,347.98,337.5,949885,326506272.0,3.11,1.6,5.39,1.4
2026-02-17,CPB,29.61,27.77,29.69,27.08,9304738,257244364.0,8.85,-5.83,-1.72,3.12
2026-02-17,CPBI,17.747,17.71,17.75,17.68,11689,207095.0,0.4,0.06,0.01,0.28
2026-02-17,CPER,34.85,34.94,35.03,34.64,1306848,45537487.0,1.1,-1.74,-0.62,0.0
2026-02-17,CPF,34.23,34.38,34.595,34.03,162292,5586855.0,1.66,0.85,0.29,0.62
2026-02-17,CPHC,15.88,15.61,15.94,15.14,4722,73975.0,5.12,0.0,0.0,0.09
2026-02-17,CPHI,0.653,0.63,0.729,0.61,11298,7426.0,18.8,-0.47,-0.003,0.22
2026-02-17,CPHY,51.56,51.612,51.62,51.56,3322,171474.0,0.12,-0.05,-0.026,0.0
2026-02-17,CPII,18.895,18.895,18.895,18.895,11,208.0,0.0,-0.18,-0.035,0.0
2026-02-17,CPIX,3.82,3.85,3.97,3.805,111877,434485.0,4.25,-0.77,-0.03,0.75
2026-02-17,CPK,136.0,134.71,138.07,134.115,114554,15465199.0,2.92,-0.66,-0.89,0.48
2026-02-17,CPLB,21.45,21.435,21.45,21.41,13267,284304.0,0.19,0.0,0.0,0.0
2026-02-17,CPLS,35.92,35.935,35.97,35.915,15028,539897.0,0.15,0.06,0.021,0.0
2026-02-17,CPNG,17.14,17.43,17.56,16.925,27790386,481657712.0,3.74,2.65,0.45,1.52
2026-02-17,CPNJ,27.04,27.079,27.079,27.04,2792,75563.0,0.14,0.06,0.016,0.0
2026-02-17,CPNM,26.189,26.189,26.189,26.189,70,1833.0,0.0,0.1,0.025,0.0
2026-02-17,CPNQ,26.49,26.5,26.56,26.49,8395,222795.0,0.26,-0.16,-0.042,0.0
2026-02-17,CPNS,27.27,27.275,27.275,27.25,10912,297358.0,0.09,-0.23,-0.063,0.0
2026-02-17,CPOP,0.301,0.326,0.326,0.301,17618,5525.0,7.35,-4.12,-0.014,0.02
2026-02-17,CPRA,26.76,26.754,26.76,26.73,3556,95108.0,0.11,0.0,-0.001,0.0
2026-02-17,CPRI,20.51,20.38,20.76,19.73,1923193,38869292.0,5.04,-0.2,-0.04,1.61
2026-02-17,CPRJ,27.01,27.02,27.03,27.01,2913,78695.0,0.07,-0.13,-0.034,0.0
2026-02-17,CPRO,27.27,27.31,27.311,27.27,1833,50053.0,0.15,-0.11,-0.031,0.0
2026-02-17,CPRT,37.7,37.52,37.961,36.82,11542099,431557264.0,3.04,0.08,0.03,1.2
2026-02-17,CPRX,24.53,24.64,24.86,24.1,1282178,31573883.0,3.12,1.27,0.31,1.05
2026-02-17,CPRY,27.23,27.28,27.33,27.23,2806,76584.0,0.37,-0.18,-0.05,0.0
2026-02-17,CPS,45.3,43.63,47.98,43.32,584732,26187784.0,10.31,-3.47,-1.57,3.32
2026-02-17,CPSA,27.0,27.065,27.065,27.0,871,23552.0,0.24,0.04,0.01,0.0
2026-02-17,CPSD,26.1,26.11,26.11,26.1,597,15586.0,0.04,-0.04,-0.01,0.0
2026-02-17,CPSF,25.78,25.76,25.78,25.71,13888,357514.0,0.27,0.08,0.021,0.0
2026-02-17,CPSH,4.63,4.48,4.65,4.316,82943,371903.0,7.11,-4.68,-0.22,0.46
2026-02-17,CPSJ,26.96,27.015,27.015,26.96,368,9943.0,0.2,0.0,0.0,0.0
2026-02-17,CPSL,27.29,27.37,27.37,27.29,39827,1089003.0,0.29,0.12,0.032,0.0
2026-02-17,CPSM,28.73,28.775,28.775,28.73,471,13555.0,0.16,0.0,0.0,0.0
2026-02-17,CPSN,26.92,26.979,26.995,26.92,4644,125310.0,0.28,-0.06,-0.016,0.0
2026-02-17,CPSO,27.21,27.171,27.22,27.115,4746,129108.0,0.39,0.02,0.005,0.0
2026-02-17,CPSP,26.225,26.225,26.225,26.225,278,7298.0,0.0,0.02,0.005,0.0
2026-02-17,CPSR,25.37,25.385,25.385,25.37,445,11301.0,0.06,0.07,0.018,0.0
2026-02-17,CPSS,8.49,8.36,8.58,8.35,11586,97231.0,2.68,-2.51,-0.215,0.05
2026-02-17,CPST,27.139,27.139,27.139,27.139,342,9280.0,0.0,0.01,0.004,0.0
2026-02-17,CPSU,27.21,27.2,27.23,27.2,1426,38825.0,0.11,0.05,0.014,0.0
2026-02-17,CPSY,25.24,25.16,25.24,25.13,2852,71904.0,0.44,-0.06,-0.015,0.0
2026-02-17,CPT,109.44,108.37,109.64,107.13,1127840,121956653.0,2.31,-0.15,-0.16,1.09
2026-02-17,CPXR,25.86,25.93,26.1,25.58,58804,1521267.0,1.93,-3.71,-1.0,0.0
2026-02-17,CPZ,14.91,14.91,14.92,14.84,57930,862111.0,0.54,0.34,0.05,0.0
2026-02-17,CQP,59.7,58.81,59.75,58.42,75749,4474642.0,2.23,-1.39,-0.83,0.02
2026-02-17,CQQQ,53.2,53.26,53.51,52.86,361648,19257833.0,1.22,0.19,0.1,0.0
2026-02-17,CR,200.0,200.08,203.92,198.648,586641,118034923.0,2.63,-0.22,-0.44,1.02
2026-02-17,CRAC,9.98,9.98,9.98,9.98,199,1985.0,0.0,0.1,0.01,0.0
2026-02-17,CRACU,10.76,10.22,10.76,10.22,2181,23246.0,5.28,0.0,0.0,0.01
2026-02-17,CRACW,0.12,0.12,0.12,0.12,50,5.0,0.0,0.0,0.0,0.0
2026-02-17,CRAI,154.69,159.06,161.0,154.0,104145,16441314.0,4.51,2.47,3.84,1.59
2026-02-17,CRAK,44.46,43.82,44.46,43.41,85597,3748693.0,2.36,-1.68,-0.75,0.0
2026-02-17,CRAN,9.96,9.984,9.984,9.96,1675,16720.0,0.24,0.04,0.004,0.0
2026-02-17,CRANR,0.2,0.2,0.2,0.2,91151,18230.0,0.0,-6.1,-0.013,0.0
2026-02-17,CRANU,10.632,10.135,10.632,10.135,32679,335938.0,4.89,-0.34,-0.035,0.09
2026-02-17,CRAQ,10.18,10.18,10.18,10.18,200009,2036092.0,0.0,0.0,0.0,0.64
2026-02-17,CRBD,24.48,24.655,24.7,24.35,57850,1418623.0,1.44,1.13,0.275,0.0
2026-02-17,CRBG,31.44,30.91,31.89,30.865,2990997,92723469.0,3.3,-0.51,-0.16,0.62
2026-02-17,CRBN,234.99,236.12,236.57,233.76,13098,3078301.0,1.19,-0.08,-0.2,0.0
2026-02-17,CRBP,7.54,7.52,7.612,7.235,100385,744510.0,4.99,-0.53,-0.04,0.57
2026-02-17,CRBU,1.57,1.55,1.58,1.51,629055,967907.0,4.43,-1.9,-0.03,0.66
2026-02-17,CRC,57.28,56.62,57.74,55.37,536059,30242119.0,4.16,-0.53,-0.3,0.61
2026-02-17,CRCA,2.01,2.18,2.26,1.86,20617194,43935507.0,19.32,5.31,0.11,0.0
2026-02-17,CRCD,47.46,43.7,50.84,42.0,67255,3132164.0,19.2,-5.08,-2.34,0.0
2026-02-17,CRCG,1.32,1.41,1.47,1.21,5903157,7919966.0,19.26,4.44,0.06,0.0
2026-02-17,CRCL,59.27,61.62,62.9,57.02,9686919,588330896.0,9.79,2.63,1.58,4.0
2026-02-17,CRCO,16.9,17.63,17.945,16.88,6887,121158.0,6.18,2.32,0.4,0.0
2026-02-17,CRCT,4.69,4.58,4.69,4.55,346479,1598644.0,2.99,-2.35,-0.11,0.16
2026-02-17,CRDF,1.59,1.56,1.615,1.55,457052,716843.0,4.06,-2.5,-0.04,0.67
2026-02-17,CRDL,1.03,1.04,1.06,1.01,188022,194169.0,4.81,0.0,0.0,0.17
2026-02-17,CRDO,117.5,124.8,126.96,114.1,4931909,601092960.0,10.59,2.77,3.36,2.68
2026-02-17,CRDT,23.39,23.38,23.39,23.34,1704,39830.0,0.21,-0.34,-0.08,0.0
2026-02-17,CRDU,8.87,10.11,10.4,8.43,832191,7892784.0,20.61,5.75,0.55,0.0
2026-02-17,CRD_A,10.66,10.74,11.04,10.61,47816,518107.0,4.05,1.23,0.13,0.16
2026-02-17,CRD_B,9.84,10.55,10.77,9.8,11456,119735.0,9.18,-0.19,-0.02,0.06
2026-02-17,CRE,2.62,2.465,2.7,2.43,17466,44313.0,10.31,-5.92,-0.155,0.87
2026-02-17,CRED,21.97,21.97,21.97,21.97,71,1551.0,0.0,0.9,0.197,0.0
2026-02-17,CREG,1.19,1.27,1.285,1.13,66702,82611.0,12.92,5.83,0.07,0.32
2026-02-17,CRESW,1.0,1.08,1.16,0.7,40665,38792.0,39.66,-6.9,-0.08,0.0
2026-02-17,CRESY,11.845,11.44,11.845,11.3,191945,2197687.0,4.63,-2.8,-0.33,0.3
2026-02-17,CREX,3.01,3.17,3.39,2.97,57894,185025.0,13.68,3.26,0.1,0.55
2026-02-17,CRF,7.36,7.2,7.4,7.2,2449113,17917038.0,2.63,-5.26,-0.4,0.0
2026-02-17,CRGO,2.05,2.06,2.15,1.99,59526,122819.0,7.92,1.98,0.04,0.12
2026-02-17,CRGOW,0.23,0.23,0.23,0.23,1000,230.0,0.0,15.0,0.03,0.0
2026-02-17,CRGY,10.35,9.96,10.54,9.79,4650430,46355088.0,7.33,-2.64,-0.27,1.42
2026-02-17,CRH,122.49,122.02,124.035,120.29,6778952,827926672.0,2.97,-3.14,-3.95,1.01
2026-02-17,CRI,40.59,40.8,41.15,39.778,1000829,40597960.0,3.43,1.87,0.75,2.75
2026-02-17,CRIS,1.13,1.06,1.14,1.05,230481,249662.0,7.83,-7.83,-0.09,1.68
2026-02-17,CRK,19.02,18.55,19.29,18.131,2843754,52655693.0,6.09,-2.47,-0.47,0.97
2026-02-17,CRL,160.74,158.53,164.36,157.82,1936969,308500256.0,4.05,-1.75,-2.82,3.93
2026-02-17,CRM,190.97,184.29,193.0,183.17,13692933,2532932928.0,5.18,-2.86,-5.43,1.47
2026-02-17,CRMD,7.36,7.21,7.45,7.15,1426556,10376451.0,4.09,-1.77,-0.13,1.8
2026-02-17,CRMG,6.76,6.36,6.955,6.27,896279,5827234.0,10.18,-5.5,-0.37,0.0
2026-02-17,CRML,9.13,9.33,9.5,8.62,7544728,68353723.0,9.52,0.97,0.09,6.4
2026-02-17,CRMLW,4.3,4.3,4.5,3.88,47093,195821.0,14.69,1.9,0.08,0.0
2026-02-17,CRMT,21.17,20.98,21.955,20.74,74385,1578791.0,5.72,-1.18,-0.25,0.9
2026-02-17,CRMU,7.82,8.86,9.03,7.82,6382,55288.0,13.94,2.07,0.18,0.0
2026-02-17,CRMX,6.45,6.77,6.88,5.75,477310,2997553.0,16.99,1.8,0.12,0.0
2026-02-17,CRNC,8.11,8.24,8.52,8.06,943349,7810111.0,5.57,-0.24,-0.02,2.1
2026-02-17,CRNT,2.19,2.22,2.27,2.07,807068,1761176.0,8.85,-1.77,-0.04,0.9
2026-02-17,CRNX,42.45,43.68,44.05,42.17,796240,34626946.0,4.4,2.3,0.98,0.76
2026-02-17,CRON,2.6,2.65,2.705,2.583,803025,2131224.0,4.69,1.92,0.05,0.21
2026-02-17,CROX,96.89,99.92,100.455,93.7,2002253,197316217.0,6.97,3.14,3.04,3.99
2026-02-17,CRPT,12.59,12.49,12.799,12.288,140751,1761270.0,3.94,-3.78,-0.49,0.0
2026-02-17,CRS,369.75,374.88,378.68,362.0,760741,284573984.0,4.39,-1.3,-4.92,1.53
2026-02-17,CRSH,25.91,26.15,26.64,25.91,90978,2385561.0,2.83,1.28,0.33,0.0
2026-02-17,CRSP,53.0,53.17,54.44,51.92,1688059,89923990.0,4.75,0.19,0.1,1.76
2026-02-17,CRSR,6.73,5.555,6.74,5.535,7209757,42626934.0,17.75,-18.19,-1.235,6.76
2026-02-17,CRT,8.65,8.56,8.66,8.4,31609,269034.0,3.01,-1.04,-0.09,0.53
2026-02-17,CRTC,36.53,36.53,36.69,36.41,4441,162399.0,0.76,-0.27,-0.1,0.0
2026-02-17,CRTO,17.62,17.05,17.62,16.15,684361,11484140.0,8.25,-4.27,-0.76,1.34
2026-02-17,CRUS,143.58,144.24,146.73,141.55,685003,98751656.0,3.58,-0.27,-0.385,1.34
2026-02-17,CRVL,49.78,49.5,50.3,48.42,298529,14811598.0,3.82,0.61,0.3,0.58
2026-02-17,CRVO,4.67,4.54,4.89,4.52,48722,226337.0,7.84,-3.81,-0.18,0.53
2026-02-17,CRVS,18.36,17.49,18.66,17.34,1647860,29194180.0,7.07,-6.27,-1.17,2.0
2026-02-17,CRWD,423.592,414.285,425.882,400.02,4428133,1812384768.0,6.02,-3.57,-15.355,1.75
2026-02-17,CRWG,3.97,3.81,4.21,3.65,19577384,76465127.0,13.11,-10.77,-0.46,0.0
2026-02-17,CRWL,23.84,22.781,23.84,21.15,254525,5600088.0,10.97,-7.12,-1.747,0.0
2026-02-17,CRWS,3.0,2.92,3.01,2.9,67680,200502.0,3.69,-2.01,-0.06,0.63
2026-02-17,CRWU,7.38,7.14,7.79,6.8,715114,5157521.0,12.46,-10.13,-0.805,0.0
2026-02-17,CRWV,92.69,91.0,95.46,89.09,17482204,1603143840.0,6.63,-5.25,-5.04,3.33
2026-02-17,CRXP,20.365,20.365,20.365,20.365,61,1244.0,0.0,0.18,0.036,0.0
2026-02-17,CSAI,0.786,0.683,0.786,0.653,361999,262158.0,17.18,-11.76,-0.091,1.48
2026-02-17,CSAN,4.67,4.65,4.675,4.49,1166963,5339157.0,3.94,-0.85,-0.04,0.12
2026-02-17,CSB,64.36,64.083,64.44,63.819,11622,745114.0,0.97,-0.35,-0.226,0.0
2026-02-17,CSBR,6.1,5.85,6.1,5.85,12160,72552.0,4.11,-3.78,-0.23,0.09
2026-02-17,CSCL,28.92,28.74,29.234,28.44,31787,918292.0,2.76,-0.24,-0.07,0.0
2026-02-17,CSCO,76.95,76.85,77.565,76.475,24792719,1908186912.0,1.42,0.0,0.0,0.63
2026-02-17,CSCS,21.22,21.33,21.33,21.22,267,5673.0,0.52,0.23,0.05,0.0
2026-02-17,CSD,115.16,116.7,117.6,115.16,9189,1073380.0,2.11,0.87,1.01,0.0
2026-02-17,CSEX,14.1,14.93,15.266,13.25,103405,1483513.0,14.1,4.41,0.63,0.0
2026-02-17,CSGP,44.97,45.74,45.82,43.8,8854784,400013824.0,4.49,1.67,0.75,2.12
2026-02-17,CSGS,79.65,79.69,79.84,79.63,260952,20798481.0,0.26,0.04,0.03,0.92
2026-02-17,CSHI,49.58,49.59,49.605,49.57,286302,14196760.0,0.07,0.06,0.03,0.0
2026-02-17,CSHP,99.21,99.21,99.21,99.21,249,24702.0,0.0,0.01,0.01,0.0
2026-02-17,CSIO,28.32,28.282,28.35,28.255,6258,177194.0,0.34,0.11,0.031,0.0
2026-02-17,CSIQ,19.2,19.06,19.26,18.55,1338039,25345905.0,3.66,-1.7,-0.33,2.0
2026-02-17,CSL,406.12,408.06,413.445,401.372,502144,205042934.0,2.95,-0.24,-0.98,1.23
2026-02-17,CSM,78.31,78.74,78.852,78.02,17252,1354827.0,1.06,0.38,0.3,0.0
2026-02-17,CSMD,33.93,33.5,33.93,33.26,60515,2027688.0,1.99,-0.53,-0.18,0.0
2026-02-17,CSNR,36.0,35.99,36.11,35.58,14770,529485.0,1.46,-1.18,-0.43,0.0
2026-02-17,CSPF,26.31,26.34,26.38,26.3,20301,534502.0,0.3,0.27,0.07,0.0
2026-02-17,CSPI,9.79,9.16,10.233,8.9,36609,340777.0,13.52,-7.1,-0.7,0.37
2026-02-17,CSQ,18.82,18.85,18.97,18.62,295444,5546838.0,1.86,0.21,0.04,0.0
2026-02-17,CSR,63.99,62.87,63.99,62.69,233502,14709538.0,2.04,-1.1,-0.7,1.39
2026-02-17,CSRE,28.08,28.21,28.24,27.92,87338,2456718.0,1.14,0.93,0.26,0.0
2026-02-17,CSSD,25.4,25.41,25.41,25.4,1000,25400.0,0.04,0.22,0.055,0.0
2026-02-17,CSTE,2.14,2.16,2.26,2.01,77093,163029.0,11.85,2.37,0.05,0.22
2026-02-17,CSTK,31.16,30.864,31.16,30.82,633,19610.0,1.1,-0.12,-0.036,0.0
2026-02-17,CSTL,33.13,33.42,34.18,32.7,231539,7737252.0,4.46,0.81,0.27,0.78
2026-02-17,CSTM,22.83,23.41,23.62,22.32,4700640,108568460.0,5.58,0.52,0.12,3.48
2026-02-17,CSV,43.08,43.92,44.49,43.08,90753,3982739.0,3.27,1.76,0.76,0.58
2026-02-17,CSW,308.32,294.09,308.32,282.79,151536,44142425.0,8.25,-4.97,-15.39,0.92
2026-02-17,CSWC,22.93,22.97,23.15,22.76,661612,15207209.0,1.71,0.7,0.16,1.1
2026-02-17,CSX,40.57,41.03,41.085,40.52,12159445,497290800.0,1.38,0.39,0.16,0.65
2026-02-17,CTA,29.02,29.1,29.19,29.02,219496,6389796.0,0.59,0.94,0.27,0.0
2026-02-17,CTAP,26.98,27.25,27.34,26.91,22837,619384.0,1.59,1.08,0.29,0.0
2026-02-17,CTAS,193.74,194.92,197.27,193.74,1392358,271687136.0,1.82,0.77,1.48,0.35
2026-02-17,CTA_A,54.6,54.6,54.6,54.6,145,7920.0,0.0,0.0,0.0,0.0
2026-02-17,CTA_B,68.0,68.42,68.54,68.0,3311,226007.0,0.8,0.77,0.52,0.0
2026-02-17,CTBB,19.97,20.435,20.48,19.97,48284,969268.0,2.55,2.33,0.465,0.0
2026-02-17,CTBI,63.67,64.15,64.86,63.3,69642,4465861.0,2.45,0.88,0.56,0.38
2026-02-17,CTDD,20.33,20.58,20.6,20.33,37523,766433.0,1.33,1.38,0.28,0.0
2026-02-17,CTEC,57.33,59.149,59.34,57.33,5232,305658.0,3.41,0.36,0.214,0.0
2026-02-17,CTEF,75.0,75.612,76.2,75.0,2999,228203.0,1.6,0.68,0.508,0.0
2026-02-17,CTEV,23.05,23.1,24.49,22.53,162845,3799708.0,8.53,0.48,0.11,0.98
2026-02-17,CTEX,39.0,39.296,39.296,38.08,1426,55222.0,3.14,1.52,0.588,0.0
2026-02-17,CTGO,27.17,25.3,27.17,24.75,210082,5328382.0,8.85,-7.46,-2.04,1.25
2026-02-17,CTIF,52.68,52.584,52.76,52.584,5456,287642.0,0.33,0.01,0.003,0.0
2026-02-17,CTKB,4.17,4.2,4.32,4.1,663179,2788984.0,5.19,-0.94,-0.04,0.52
2026-02-17,CTLP,10.21,9.97,10.25,9.915,1585191,15978176.0,3.28,-2.45,-0.25,2.15
2026-02-17,CTM,0.84,0.87,0.889,0.838,1226977,1064381.0,6.16,5.07,0.042,1.3
2026-02-17,CTMX,5.28,5.27,5.405,5.03,3244786,16894110.0,7.05,-0.94,-0.05,1.91
2026-02-17,CTNM,14.42,14.69,14.82,14.08,54937,797011.0,5.12,1.73,0.25,0.15
2026-02-17,CTNT,1.41,1.38,1.42,1.26,57629,78739.0,11.19,-3.5,-0.05,1.69
2026-02-17,CTO,19.0,19.15,19.19,18.805,237837,4537481.0,2.03,1.16,0.22,0.73
2026-02-17,CTOR,1.22,1.18,1.23,1.16,88200,105221.0,5.74,-3.28,-0.04,0.1
2026-02-17,CTOS,7.25,7.17,7.33,7.1,874001,6275816.0,3.17,-1.24,-0.09,0.39
2026-02-17,CTO_A,20.95,21.03,21.06,20.7,4826,100986.0,1.72,0.67,0.14,0.0
2026-02-17,CTRA,31.42,31.07,31.81,30.595,6772227,209700265.0,3.87,-0.96,-0.3,0.89
2026-02-17,CTRE,40.81,41.12,41.36,40.33,2050047,83963169.0,2.57,2.77,1.11,0.92
2026-02-17,CTRI,30.84,31.29,31.66,30.53,1904640,59743523.0,3.64,0.9,0.28,1.89
2026-02-17,CTRM,2.15,2.2,2.2,2.14,82877,181443.0,2.76,1.38,0.03,0.86
2026-02-17,CTRN,46.32,46.8,47.32,44.893,56943,2642131.0,5.26,1.34,0.62,0.68
2026-02-17,CTS,57.05,56.0,57.405,55.79,198309,11175039.0,2.81,-2.54,-1.46,0.69
2026-02-17,CTSH,66.75,65.18,67.335,64.61,11600878,757540672.0,4.09,-2.06,-1.37,2.43
2026-02-17,CTSO,0.642,0.64,0.67,0.63,47076,30277.0,6.24,-0.16,-0.001,0.07
2026-02-17,CTVA,75.19,75.55,75.865,74.86,3373571,254637902.0,1.34,0.69,0.52,0.5
2026-02-17,CTW,1.61,1.38,1.61,1.38,16923,25033.0,14.38,-13.75,-0.22,0.03
2026-02-17,CTWO,19.5,18.855,19.5,18.6,4492,84933.0,4.55,-4.77,-0.945,0.0
2026-02-17,CTXR,0.77,0.742,0.77,0.681,536227,385271.0,11.63,-3.01,-0.023,2.4
2026-02-17,CUB,10.7,10.7,10.7,10.7,176,1888.0,0.0,0.0,0.0,0.0
2026-02-17,CUBB,22.7,22.76,23.64,22.7,9596,219495.0,4.14,0.26,0.06,0.0
2026-02-17,CUBE,39.14,38.85,39.31,38.69,2617698,101846475.0,1.59,-0.21,-0.08,1.15
2026-02-17,CUBI,72.76,73.96,74.26,72.68,535021,39411875.0,2.17,1.69,1.23,1.56
2026-02-17,CUBWU,10.86,10.86,10.86,10.86,944,10826.0,0.0,0.93,0.1,0.0
2026-02-17,CUBWW,0.16,0.15,0.18,0.15,12985,2104.0,18.75,-6.25,-0.01,0.0
2026-02-17,CUE,0.303,0.291,0.303,0.288,486041,142330.0,4.89,-5.21,-0.016,0.5
2026-02-17,CUK,32.26,32.5,33.01,31.9,3443204,111882681.0,3.52,2.98,0.94,1.83
2026-02-17,CUPR,0.435,0.445,0.449,0.435,38670,16885.0,3.26,3.49,0.015,0.18
2026-02-17,CURB,26.73,27.07,27.1,26.46,1519130,40901014.0,2.44,3.32,0.87,1.34
2026-02-17,CURE,115.46,114.8,118.15,114.35,54661,6340210.0,3.29,-0.54,-0.62,0.0
2026-02-17,CURI,3.23,3.23,3.29,3.17,395248,1270809.0,3.69,-0.62,-0.02,0.67
2026-02-17,CURR,1.93,2.14,2.17,1.81,212312,417882.0,18.27,8.63,0.17,0.28
2026-02-17,CURV,1.09,1.05,1.09,1.04,81096,85388.0,4.63,-2.78,-0.03,0.08
2026-02-17,CURX,0.28,0.282,0.29,0.276,54339,15328.0,4.9,-1.4,-0.004,0.19
2026-02-17,CUSD,19.16,19.235,19.28,19.14,3021,57918.0,0.73,-0.05,-0.009,0.0
2026-02-17,CUT,32.281,32.411,32.48,32.281,4325,140001.0,0.61,-0.89,-0.291,0.0
2026-02-17,CUZ,23.57,23.27,23.57,22.31,4801943,110744314.0,5.61,3.61,0.81,2.86
2026-02-17,CV,4.85,4.88,5.0,4.68,72708,351198.0,6.63,1.04,0.05,0.16
2026-02-17,CVAR,29.77,29.77,29.77,29.77,145,4317.0,0.0,-0.58,-0.175,0.0
2026-02-17,CVBF,20.72,20.8,20.905,20.55,1475015,30606513.0,1.73,1.22,0.25,1.09
2026-02-17,CVCO,587.76,585.29,599.5,566.59,166590,96318655.0,5.57,-0.86,-5.09,2.15
2026-02-17,CVE,21.97,21.58,22.15,21.075,16732338,360130432.0,4.9,-1.73,-0.38,0.89
2026-02-17,CVEO,28.71,28.74,28.935,28.26,64149,1836619.0,2.35,0.1,0.03,0.56
2026-02-17,CVGI,1.65,1.71,1.78,1.64,138587,238561.0,8.38,2.4,0.04,0.41
2026-02-17,CVGW,26.24,25.98,26.265,25.76,119020,3091331.0,1.94,-0.35,-0.09,0.67
2026-02-17,CVI,23.63,22.52,23.63,22.24,1245919,28096412.0,6.0,-2.81,-0.65,1.24
2026-02-17,CVIE,77.75,78.22,78.56,77.435,23715,1853088.0,1.43,-0.24,-0.188,0.0
2026-02-17,CVKD,5.49,4.91,5.49,4.91,17916,92925.0,10.48,-11.29,-0.625,0.77
2026-02-17,CVLC,84.37,84.5,84.78,83.855,17294,1460991.0,1.1,0.18,0.15,0.0
2026-02-17,CVLG,28.81,29.54,29.99,28.8,312185,9250619.0,4.17,3.4,0.97,1.25
2026-02-17,CVLT,88.14,88.48,89.95,87.325,810183,71589063.0,3.0,0.97,0.85,1.84
2026-02-17,CVM,4.86,4.78,4.997,4.58,15956,76737.0,8.51,-2.45,-0.12,0.19
2026-02-17,CVMC,67.99,67.895,68.06,67.895,9780,665062.0,0.24,-0.21,-0.145,0.0
2026-02-17,CVNA,337.46,350.94,352.18,334.0,3485020,1201251552.0,5.3,2.35,8.07,1.59
2026-02-17,CVNX,15.82,16.537,16.545,15.05,37728,608100.0,9.46,4.65,0.735,0.0
2026-02-17,CVNY,28.0,28.97,28.97,27.85,34017,963730.0,3.91,1.22,0.35,0.0
2026-02-17,CVR,13.99,13.25,13.99,13.25,1780,24225.0,5.29,-5.22,-0.73,0.18
2026-02-17,CVRD,18.62,18.726,18.726,18.62,777,14534.0,0.56,-0.22,-0.042,0.0
2026-02-17,CVRT,42.47,43.028,43.22,42.29,3965,170173.0,2.18,0.71,0.302,0.0
2026-02-17,CVRX,4.93,4.74,4.99,4.37,476453,2214845.0,12.53,-4.24,-0.21,1.81
2026-02-17,CVS,79.18,78.2,79.75,77.85,5795354,454212432.0,2.42,-0.36,-0.28,0.46
2026-02-17,CVSB,50.81,50.83,50.84,50.8,21372,1086274.0,0.08,0.0,0.0,0.0
2026-02-17,CVU,3.9,3.86,4.0,3.8,39634,155660.0,5.14,-0.77,-0.03,0.3
2026-02-17,CVV,4.03,4.0,4.12,3.87,50545,200406.0,6.27,0.25,0.01,0.73
2026-02-17,CVX,183.3,180.55,183.8,178.74,9849048,1776764048.0,2.75,-1.74,-3.19,0.49
2026-02-17,CVY,28.35,28.609,28.609,28.24,9162,260387.0,1.29,0.35,0.101,0.0
2026-02-17,CW,678.57,688.0,698.76,674.055,247944,170743248.0,3.61,0.55,3.78,0.67
2026-02-17,CWAN,23.17,22.93,23.245,22.62,17135974,393168176.0,2.7,-0.95,-0.22,5.8
2026-02-17,CWB,94.38,94.78,95.11,93.785,371367,35052883.0,1.4,0.29,0.27,0.0
2026-02-17,CWBC,24.42,24.49,24.75,24.165,121682,2981269.0,2.4,0.37,0.09,0.63
2026-02-17,CWCO,37.16,37.13,37.48,36.989,43173,1607336.0,1.32,-0.21,-0.08,0.27
2026-02-17,CWD,1.25,1.27,1.3,1.201,19316,23988.0,7.92,1.6,0.02,0.28
2026-02-17,CWEB,36.27,36.3,36.75,35.79,133275,4838174.0,2.63,-0.49,-0.18,0.0
2026-02-17,CWEN,40.96,40.66,41.51,40.63,1168826,47926171.0,2.16,-0.29,-0.12,0.69
2026-02-17,CWEN_A,38.28,37.98,38.87,37.94,303885,11647825.0,2.44,-0.52,-0.2,0.88
2026-02-17,CWH,11.66,11.76,12.07,11.41,1749383,20654482.0,5.75,2.44,0.28,1.7
2026-02-17,CWI,38.81,39.0,39.085,38.59,308869,12010994.0,1.27,-0.33,-0.13,0.0
2026-02-17,CWII,14.47,14.402,14.77,14.12,3564,51549.0,4.28,-5.09,-0.773,0.0
2026-02-17,CWK,12.91,12.33,12.98,12.23,3725420,46164408.0,5.82,-4.34,-0.56,1.61
2026-02-17,CWS,67.12,67.12,67.49,67.017,9158,616033.0,0.7,-0.44,-0.3,0.0
2026-02-17,CWST,104.71,103.88,105.561,103.56,466865,48678922.0,1.93,0.15,0.16,0.74
2026-02-17,CWT,46.75,46.49,47.03,46.27,304639,14179662.0,1.63,-0.15,-0.07,0.51
2026-02-17,CWVX,32.25,30.9,34.0,29.58,783092,24684088.0,12.83,-10.28,-3.54,0.0
2026-02-17,CX,12.37,12.5,12.675,12.3,5463482,68497707.0,2.98,-0.56,-0.07,0.38
2026-02-17,CXAI,0.2,0.187,0.203,0.181,2383766,455442.0,10.95,-6.97,-0.014,7.47
2026-02-17,CXAIW,0.047,0.047,0.047,0.047,1182,55.0,0.0,17.5,0.007,0.0
2026-02-17,CXDO,6.21,6.03,6.3,6.0,152795,934305.0,4.77,-4.13,-0.26,0.49
2026-02-17,CXE,3.83,3.88,3.88,3.81,132700,510383.0,1.83,1.31,0.05,0.0
2026-02-17,CXH,8.04,8.101,8.13,8.04,3435,27872.0,1.11,-0.48,-0.039,0.0
2026-02-17,CXM,5.48,5.57,5.575,5.41,3984973,22083101.0,3.01,1.46,0.08,1.62
2026-02-17,CXRN,18.31,18.09,18.31,18.09,4119,74625.0,1.19,-2.53,-0.47,0.0
2026-02-17,CXSE,40.49,40.615,40.78,40.35,198345,8047785.0,1.06,0.26,0.105,0.0
2026-02-17,CXT,52.5,53.25,53.6,52.3,1424584,75808891.0,2.46,0.93,0.49,2.48
2026-02-17,CXW,19.23,18.69,19.3,18.35,888372,16577312.0,5.02,-1.22,-0.23,0.91
2026-02-17,CYCN,1.23,1.24,1.28,1.162,43422,53039.0,9.44,-0.8,-0.01,1.11
2026-02-17,CYCU,1.7,1.72,1.8,1.65,48372,82553.0,8.88,1.78,0.03,1.15
2026-02-17,CYCUW,0.025,0.025,0.025,0.025,4791,118.0,0.0,19.05,0.004,0.0
2026-02-17,CYD,53.95,54.37,54.99,52.63,172867,9388754.0,4.4,1.42,0.76,0.46
2026-02-17,CYH,3.41,3.44,3.495,3.365,972822,3354828.0,3.8,0.58,0.02,0.7
2026-02-17,CYN,1.5,1.45,1.508,1.43,376247,551893.0,5.13,-4.61,-0.07,4.72
2026-02-17,CYPH,0.72,0.729,0.74,0.65,2662152,1861407.0,12.68,2.68,0.019,3.17
2026-02-17,CYRX,8.32,8.47,8.67,8.23,342500,2909095.0,5.27,1.44,0.12,0.69
2026-02-17,CYTK,65.98,66.62,66.99,65.51,1126688,74733870.0,2.23,0.54,0.36,0.92
2026-02-17,CZA,116.76,116.794,117.21,116.55,2098,245033.0,0.57,0.2,0.235,0.0
2026-02-17,CZAR,31.6,31.648,31.648,31.6,108,3412.0,0.15,-0.41,-0.129,0.0
2026-02-17,CZFS,64.2,64.15,64.6,63.34,17033,1092338.0,1.97,0.36,0.23,0.35
2026-02-17,CZNC,23.83,23.76,24.09,23.63,39562,942745.0,1.93,-0.5,-0.12,0.22
2026-02-17,CZR,18.205,18.95,19.02,17.86,9782567,180923328.0,6.39,4.47,0.81,4.81
2026-02-17,CZWI,18.95,18.55,18.95,18.41,32325,602879.0,2.86,-1.77,-0.335,0.34
2026-02-17,C_N,29.67,29.88,29.89,29.6,163473,4863956.0,0.98,0.67,0.2,0.0
2026-02-17,C_R,25.32,25.35,25.35,25.28,719201,18204695.0,0.28,0.24,0.06,2.25
2026-02-17,D,67.22,65.65,67.57,65.5,6672792,440144032.0,3.11,-1.29,-0.86,0.76
2026-02-17,DAAQ,10.22,10.23,10.26,10.22,927843,9491915.0,0.39,0.1,0.01,4.03
2026-02-17,DAAQU,10.38,10.38,10.38,10.38,165,1714.0,0.0,0.0,0.0,0.0
2026-02-17,DABS,51.23,51.19,51.239,51.19,16408,840319.0,0.1,-0.09,-0.045,0.0
2026-02-17,DAC,107.99,107.31,108.87,106.505,64293,6911605.0,2.19,-0.68,-0.74,0.35
2026-02-17,DADS,19.276,19.34,19.395,19.275,1358,26244.0,0.62,-0.64,-0.125,0.0
2026-02-17,DAIC,0.31,0.295,0.312,0.295,114957,34582.0,5.67,-1.67,-0.005,0.39
2026-02-17,DAICW,0.038,0.04,0.04,0.038,3373,130.0,6.67,33.33,0.01,0.0
2026-02-17,DAIO,2.94,2.83,2.94,2.81,28150,81052.0,4.48,-2.41,-0.07,0.3
2026-02-17,DAK,26.5,26.618,26.618,26.5,222,5891.0,0.44,0.12,0.031,0.0
2026-02-17,DAKT,27.54,27.51,27.771,26.54,562596,15398011.0,4.48,0.07,0.02,1.16
2026-02-17,DAL,69.5,70.85,71.4,69.45,6936131,490451184.0,2.83,2.68,1.85,1.06
2026-02-17,DALI,29.54,29.75,29.84,29.54,25443,754186.0,1.01,0.31,0.093,0.0
2026-02-17,DAMD,22.86,22.76,24.48,22.32,604655,13974623.0,9.86,3.93,0.861,0.0
2026-02-17,DAN,32.99,32.87,33.33,32.66,1540405,50853255.0,2.01,-1.56,-0.52,1.42
2026-02-17,DANA,25.38,25.347,25.38,25.347,9834,249588.0,0.13,0.24,0.06,0.0
2026-02-17,DAO,9.17,9.31,9.85,9.13,80306,767843.0,7.76,0.32,0.03,0.07
2026-02-17,DAPP,15.66,15.67,15.963,15.21,325053,5084127.0,4.69,-2.31,-0.37,0.0
2026-02-17,DAPR,39.51,39.55,39.58,39.5,19834,784175.0,0.2,0.06,0.024,0.0
2026-02-17,DAR,51.22,50.97,51.49,50.21,3579287,182325456.0,2.51,0.02,0.01,2.26
2026-02-17,DARE,1.68,1.67,1.722,1.67,53979,90713.0,3.06,-1.76,-0.03,0.38
2026-02-17,DARP,49.0,49.24,49.63,48.41,3419,167991.0,2.48,-0.09,-0.043,0.0
2026-02-17,DASH,160.75,162.34,164.27,158.0,7509425,1217447072.0,3.91,1.25,2.0,1.73
2026-02-17,DASX,8.88,9.04,9.2,8.78,16613,149857.0,4.76,2.38,0.21,0.0
2026-02-17,DAT,37.405,36.981,37.405,36.54,1450,53467.0,2.29,-2.11,-0.799,0.0
2026-02-17,DAUG,44.42,44.45,44.529,44.32,25327,1125702.0,0.47,0.03,0.015,0.0
2026-02-17,DAVA,5.05,5.09,5.145,4.96,356331,1804656.0,3.63,-0.2,-0.01,0.66
2026-02-17,DAVE,173.93,176.61,182.27,173.69,306425,54275205.0,4.84,-0.38,-0.67,2.26
2026-02-17,DAVEW,0.481,0.481,0.481,0.481,733,320.0,0.0,0.0,0.0,0.0
2026-02-17,DAWN,11.25,11.88,11.94,11.0,1495111,17500418.0,8.28,4.67,0.53,1.45
2026-02-17,DAX,46.86,47.115,47.14,46.6,38044,1783329.0,1.15,0.21,0.1,0.0
2026-02-17,DB,35.51,35.94,36.02,35.51,3720624,133294172.0,1.45,1.87,0.66,0.19
2026-02-17,DBA,25.64,25.71,25.77,25.61,175915,4523803.0,0.62,-0.31,-0.08,0.0
2026-02-17,DBAW,44.19,44.383,44.45,44.02,17638,780434.0,0.97,0.02,0.008,0.0
2026-02-17,DBB,23.21,23.16,23.25,23.07,704612,16327813.0,0.76,-1.78,-0.42,0.0
2026-02-17,DBC,23.66,23.59,23.69,23.52,387599,9148024.0,0.71,-1.21,-0.29,0.0
2026-02-17,DBCAU,9.96,9.96,10.0,9.96,13551,134899.0,0.4,-0.1,-0.01,0.05
2026-02-17,DBD,80.5,82.58,84.42,80.39,639896,52764560.0,5.02,2.84,2.28,1.82
2026-02-17,DBE,19.02,18.985,19.11,18.84,14667,279644.0,1.41,-0.65,-0.125,0.0
2026-02-17,DBEF,51.17,51.44,51.5,51.01,846730,43430350.0,0.96,0.29,0.15,0.0
2026-02-17,DBEM,35.002,35.444,36.04,35.002,13168,465461.0,2.92,-0.18,-0.064,0.0
2026-02-17,DBEU,50.2,50.72,50.78,50.195,111283,5631326.0,1.17,1.13,0.565,0.0
2026-02-17,DBEZ,57.79,58.247,58.3,57.79,6346,368515.0,0.88,0.88,0.506,0.0
2026-02-17,DBGI,4.85,5.52,5.94,4.8,1619083,8788756.0,23.8,15.24,0.73,19.77
2026-02-17,DBI,7.24,7.35,7.45,7.04,535733,3911016.0,5.7,2.23,0.16,1.08
2026-02-17,DBJP,106.23,105.91,106.52,105.041,56780,6023778.0,1.37,-1.72,-1.853,0.0
2026-02-17,DBL,15.12,15.14,15.18,15.12,55352,838268.0,0.4,0.13,0.02,0.0
2026-02-17,DBMF,30.09,30.18,30.275,29.93,961950,28972765.0,1.14,-0.66,-0.2,0.0
2026-02-17,DBND,46.795,46.82,46.834,46.766,204825,9588951.0,0.15,0.09,0.04,0.0
2026-02-17,DBO,13.43,13.36,13.48,13.27,344319,4603297.0,1.56,-0.6,-0.08,0.0
2026-02-17,DBP,113.96,113.17,114.0,112.48,20647,2337357.0,1.3,-3.28,-3.84,0.0
2026-02-17,DBRG,15.41,15.41,15.445,15.41,1600890,24697032.0,0.23,0.0,0.0,0.88
2026-02-17,DBRG_H,18.15,18.34,18.34,18.0,28200,510786.0,1.87,0.66,0.12,0.0
2026-02-17,DBRG_I,18.07,18.19,18.25,17.96,26600,480627.0,1.6,0.17,0.03,0.0
2026-02-17,DBRG_J,18.08,18.35,18.35,18.02,36335,657853.0,1.83,1.72,0.31,0.0
2026-02-17,DBSC,25.19,25.305,25.45,25.19,460,11632.0,1.03,0.4,0.1,0.0
2026-02-17,DBVT,20.5,20.7,21.155,20.11,254214,5260432.0,5.0,-0.96,-0.2,0.55
2026-02-17,DBX,24.56,24.48,24.7,24.15,5128884,124991280.0,2.24,-0.2,-0.05,2.13
2026-02-17,DC,5.7,5.59,5.73,5.5,1279692,7152799.0,3.94,-4.28,-0.25,1.0
2026-02-17,DCBO,18.91,18.8,18.95,18.28,277589,5179086.0,3.54,-0.79,-0.15,0.97
2026-02-17,DCGO,0.745,0.796,0.799,0.74,489868,381122.0,7.92,6.85,0.051,0.5
2026-02-17,DCH,7.2,7.28,7.41,6.85,9119760,65574032.0,7.72,0.41,0.03,3.86
2026-02-17,DCI,108.98,108.68,110.138,107.89,695454,75787320.0,2.05,-0.71,-0.78,0.6
2026-02-17,DCMT,27.391,27.315,27.401,27.27,1491,40728.0,0.48,-0.91,-0.252,0.0
2026-02-17,DCO,124.29,125.19,126.39,122.15,132650,16582779.0,3.42,0.99,1.23,0.89
2026-02-17,DCOM,35.24,35.6,35.98,35.23,154124,5484417.0,2.13,1.02,0.36,0.35
2026-02-17,DCOMG,26.53,26.4,26.53,26.3,10249,270899.0,0.87,-0.43,-0.113,0.0
2026-02-17,DCOMP,19.67,19.99,19.99,18.955,8639,171196.0,5.18,0.0,0.0,0.0
2026-02-17,DCOR,75.37,75.54,75.79,74.929,92127,6957368.0,1.14,0.03,0.02,0.0
2026-02-17,DCOY,0.701,0.75,0.784,0.701,61264,45362.0,11.23,1.49,0.011,0.96
2026-02-17,DCRE,52.22,52.25,52.31,52.22,15476,808650.0,0.17,0.07,0.035,0.0
2026-02-17,DCTH,9.31,9.4,9.52,9.24,251228,2358770.0,3.01,0.97,0.09,0.72
2026-02-17,DCX,2.26,2.28,2.33,2.24,22096,49826.0,4.02,1.79,0.04,0.11
2026-02-17,DC_WS,3.54,3.43,3.63,3.39,20222,70946.0,6.42,-8.29,-0.31,0.0
2026-02-17,DD,49.99,50.87,50.9,49.88,4574460,231564945.0,2.03,1.29,0.65,1.12
2026-02-17,DDC,2.79,2.82,2.863,2.65,21341,58763.0,7.47,-1.05,-0.03,0.07
2026-02-17,DDD,2.06,2.05,2.1,2.011,2222116,4579273.0,4.28,-1.44,-0.03,1.53
2026-02-17,DDEC,45.0,45.14,45.19,44.9,28059,1262882.0,0.64,0.18,0.08,0.0
2026-02-17,DDFD,19.14,19.23,19.25,19.14,14939,286974.0,0.57,0.31,0.06,0.0
2026-02-17,DDFF,19.3,19.236,19.3,19.16,157218,3023687.0,0.73,0.4,0.076,0.0
2026-02-17,DDFJ,18.99,19.07,19.1,18.985,70114,1337011.0,0.6,0.16,0.03,0.0
2026-02-17,DDFL,20.62,20.64,20.64,20.53,20984,431460.0,0.53,0.1,0.02,0.0
2026-02-17,DDFN,19.23,19.281,19.31,19.2,19679,378947.0,0.57,0.14,0.027,0.0
2026-02-17,DDFO,21.59,21.681,21.72,21.57,5641,122169.0,0.69,0.26,0.056,0.0
2026-02-17,DDFS,21.21,21.23,21.25,21.21,6617,140541.0,0.19,-0.05,-0.011,0.0
2026-02-17,DDI,8.71,8.63,8.815,8.5,92789,804360.0,3.6,-1.37,-0.12,0.19
2026-02-17,DDIV,43.11,43.063,43.142,42.809,4637,199277.0,0.77,-0.18,-0.079,0.0
2026-02-17,DDL,2.84,2.83,2.95,2.79,2901949,8268741.0,5.54,-2.08,-0.06,1.34
2026-02-17,DDLS,45.94,46.3,46.36,45.83,22293,1027945.0,1.15,0.13,0.06,0.0
2026-02-17,DDM,59.86,60.02,60.38,59.1,178672,10701166.0,2.14,0.33,0.2,0.0
2026-02-17,DDNQ,19.51,19.57,19.67,19.49,8806,172112.0,0.92,-0.25,-0.05,0.0
2026-02-17,DDOG,126.44,122.56,129.83,120.13,5108456,627552656.0,7.75,-2.11,-2.64,1.45
2026-02-17,DDS,644.6,660.68,661.8,640.5,142480,93027127.0,3.3,2.48,15.97,0.91
2026-02-17,DDSQ,19.24,19.28,19.29,19.186,7870,151306.0,0.54,0.16,0.03,0.0
2026-02-17,DDT,26.3,26.19,26.415,25.11,28022,729707.0,4.97,-0.3,-0.08,0.0
2026-02-17,DDTD,19.09,19.185,19.2,19.09,1397,26738.0,0.57,0.15,0.028,0.0
2026-02-17,DDTF,19.2,19.18,19.22,19.06,35968,690267.0,0.84,0.33,0.064,0.0
2026-02-17,DDTJ,18.95,19.06,19.06,18.95,684,12994.0,0.58,0.16,0.03,0.0
2026-02-17,DDTL,20.91,21.02,21.06,20.89,10633,222692.0,0.81,0.33,0.07,0.0
2026-02-17,DDTN,19.23,19.235,19.26,19.09,6328,121327.0,0.89,0.31,0.06,0.0
2026-02-17,DDTO,21.57,21.71,21.71,21.56,3748,81113.0,0.69,0.18,0.039,0.0
2026-02-17,DDTS,21.375,21.425,21.425,21.37,1321,28231.0,0.26,0.12,0.025,0.0
2026-02-17,DDV,25.42,25.435,25.45,25.42,2568,65307.0,0.12,-0.02,-0.005,0.0
2026-02-17,DDWM,46.5,46.8,46.83,46.335,251917,11768241.0,1.06,0.47,0.22,0.0
2026-02-17,DDX,24.905,24.97,25.0,24.905,11140,278269.0,0.38,-0.04,-0.011,0.0
2026-02-17,DDXX,26.66,26.804,26.86,26.61,3144,83894.0,0.93,-0.12,-0.033,0.0
2026-02-17,DE,593.05,600.84,607.04,593.05,1863304,1121979696.0,2.32,-0.34,-2.08,0.69
2026-02-17,DEA,24.1,24.03,24.15,23.65,246146,5896929.0,2.09,0.29,0.07,0.53
2026-02-17,DEC,13.2,13.09,13.2,12.65,497468,6466745.0,4.16,-0.91,-0.12,0.65
2026-02-17,DECK,116.37,117.35,118.67,115.2,2043280,238946720.0,3.0,1.4,1.62,1.44
2026-02-17,DECM,32.88,32.94,32.96,32.88,4009,132080.0,0.24,0.15,0.05,0.0
2026-02-17,DECO,47.89,48.724,48.724,47.89,634,30880.0,1.68,-2.09,-1.039,0.0
2026-02-17,DECP,30.37,30.533,30.56,30.37,1999,61034.0,0.62,0.14,0.044,0.0
2026-02-17,DECT,36.45,36.67,36.765,36.45,14424,528417.0,0.86,0.15,0.055,0.0
2026-02-17,DECU,27.36,27.38,27.42,27.24,27545,752911.0,0.66,0.22,0.06,0.0
2026-02-17,DECW,33.89,34.02,34.062,33.89,10923,371072.0,0.51,0.09,0.032,0.0
2026-02-17,DECZ,40.13,40.212,40.212,40.04,7495,300759.0,0.43,0.21,0.083,0.0
2026-02-17,DEED,21.86,21.85,21.88,21.84,39443,862417.0,0.18,-0.05,-0.01,0.0
2026-02-17,DEEF,39.98,40.356,40.356,39.98,1888,75718.0,0.93,0.22,0.089,0.0
2026-02-17,DEEP,37.885,38.071,38.071,37.8,1843,69916.0,0.71,0.09,0.033,0.0
2026-02-17,DEFI,76.849,76.849,76.849,76.849,161,12344.0,0.0,-1.37,-1.071,0.0
2026-02-17,DEFR,26.99,27.09,27.1,26.99,19305,522556.0,0.41,0.11,0.03,0.0
2026-02-17,DEFT,0.75,0.72,0.759,0.71,2472405,1787053.0,6.42,-5.64,-0.043,0.64
2026-02-17,DEHP,35.78,35.9,36.02,35.5,23317,835102.0,1.44,-0.66,-0.24,0.0
2026-02-17,DEI,10.14,9.97,10.18,9.7,3149113,31174119.0,4.75,-1.38,-0.14,1.88
2026-02-17,DELL,116.25,116.09,119.05,114.97,5303651,617924944.0,3.47,-1.19,-1.4,0.81
2026-02-17,DEM,51.0,51.12,51.24,50.596,379200,19337865.0,1.26,-0.14,-0.07,0.0
2026-02-17,DEMZ,42.21,42.288,42.43,42.0,5890,248971.0,1.02,0.0,0.002,0.0
2026-02-17,DEO,97.62,96.45,98.05,96.36,1564757,151626892.0,1.7,-2.74,-2.72,0.28
2026-02-17,DERM,7.76,8.1,8.23,7.643,61841,495914.0,7.59,4.79,0.37,0.19
2026-02-17,DES,37.54,37.45,37.555,37.135,87220,3266346.0,1.12,0.03,0.01,0.0
2026-02-17,DESK,35.4,35.719,35.78,35.35,1734,61494.0,1.21,0.38,0.134,0.0
2026-02-17,DEUS,62.85,62.5,62.85,62.325,7570,473715.0,0.84,-0.48,-0.3,0.0
2026-02-17,DEVS,0.85,0.839,0.876,0.835,23938,20327.0,4.82,-1.29,-0.011,0.49
2026-02-17,DEW,68.16,68.17,68.24,67.76,5314,361725.0,0.71,0.25,0.17,0.0
2026-02-17,DEXC,68.41,68.65,68.88,68.0,10217,699539.0,1.28,-0.25,-0.17,0.0
2026-02-17,DFAC,40.7,40.81,40.925,40.4,3683260,150052435.0,1.29,0.05,0.02,0.0
2026-02-17,DFAE,36.05,36.17,36.275,35.775,923419,33318950.0,1.38,-0.33,-0.12,0.0
2026-02-17,DFAI,41.23,41.57,41.62,41.08,1614626,66929071.0,1.3,-0.07,-0.03,0.0
2026-02-17,DFAR,25.06,25.22,25.245,24.94,1085955,27276563.0,1.22,1.04,0.26,0.0
2026-02-17,DFAS,75.55,75.53,76.11,74.686,663471,50058630.0,1.88,-0.19,-0.14,0.0
2026-02-17,DFAT,66.3,66.08,66.68,65.378,339777,22425979.0,1.96,-0.3,-0.2,0.0
2026-02-17,DFAU,47.22,47.35,47.49,46.87,1013712,47931035.0,1.31,0.13,0.06,0.0
2026-02-17,DFAW,77.28,77.71,77.89,76.885,63361,4913037.0,1.29,0.03,0.02,0.0
2026-02-17,DFAX,35.98,36.16,36.24,35.754,1173608,42340385.0,1.34,-0.19,-0.07,0.0
2026-02-17,DFCA,50.71,50.71,50.72,50.69,47195,2393286.0,0.06,0.1,0.05,0.0
2026-02-17,DFCF,43.12,43.14,43.15,43.11,627409,27066992.0,0.09,0.02,0.01,0.0
2026-02-17,DFDV,3.89,3.8,3.94,3.608,737340,2779292.0,8.53,-2.31,-0.09,2.47
2026-02-17,DFDVW,0.85,0.826,0.99,0.75,6537,5659.0,31.79,9.4,0.071,0.0
2026-02-17,DFE,75.54,76.384,76.384,75.38,6601,502482.0,1.32,0.25,0.19,0.0
2026-02-17,DFEB,48.33,48.41,48.41,48.17,27538,1330957.0,0.5,0.25,0.12,0.0
2026-02-17,DFEM,36.63,36.74,36.849,36.33,951811,34914171.0,1.41,-0.27,-0.1,0.0
2026-02-17,DFEN,80.68,84.46,86.21,80.37,334207,27960233.0,7.2,4.19,3.4,0.0
2026-02-17,DFEV,37.59,37.74,37.85,37.34,183805,6922823.0,1.35,-0.21,-0.08,0.0
2026-02-17,DFGP,54.94,54.97,54.99,54.94,172328,9472590.0,0.09,0.07,0.04,0.0
2026-02-17,DFGR,28.64,28.81,28.82,28.5,537675,15454389.0,1.12,0.98,0.28,0.0
2026-02-17,DFGX,53.41,53.41,53.48,53.41,85729,4582144.0,0.13,0.17,0.09,0.0
2026-02-17,DFH,21.23,20.99,21.43,20.115,423597,8868266.0,6.25,-0.29,-0.06,0.46
2026-02-17,DFIC,37.57,37.8,37.875,37.385,1107850,41777932.0,1.29,-0.11,-0.04,0.0
2026-02-17,DFII,13.52,13.41,13.52,13.24,4765,63501.0,2.06,-1.35,-0.184,0.0
2026-02-17,DFIN,42.965,43.83,44.39,38.23,669057,28365385.0,15.75,12.04,4.71,2.61
2026-02-17,DFIP,42.12,42.08,42.12,42.052,65487,2755541.0,0.16,-0.14,-0.06,0.0
2026-02-17,DFIS,36.11,36.34,36.38,35.865,412301,14920259.0,1.42,-0.08,-0.03,0.0
2026-02-17,DFIV,54.755,55.21,55.256,54.55,1453084,79908244.0,1.28,0.0,0.0,0.0
2026-02-17,DFJ,110.24,110.64,110.86,109.595,59116,6541925.0,1.14,0.01,0.01,0.0
2026-02-17,DFLI,2.25,2.36,2.43,2.16,298964,695723.0,12.11,5.83,0.13,2.48
2026-02-17,DFLIW,0.04,0.041,0.041,0.04,4575,184.0,2.5,2.5,0.001,0.0
2026-02-17,DFLV,36.87,36.81,36.94,36.54,1345836,49398436.0,1.08,-0.27,-0.1,0.0
2026-02-17,DFNL,48.27,48.31,48.4,47.985,36616,1766751.0,0.87,0.98,0.47,0.0
2026-02-17,DFNM,48.81,48.83,48.83,48.79,267882,13073896.0,0.08,0.1,0.05,0.0
2026-02-17,DFNS,2.01,1.93,2.03,1.87,746160,1442964.0,7.88,-4.93,-0.1,2.41
2026-02-17,DFNSW,0.124,0.124,0.124,0.124,15,2.0,0.0,0.0,0.0,0.0
2026-02-17,DFP,21.93,21.94,22.0,21.87,39277,860917.0,0.59,0.37,0.08,0.0
2026-02-17,DFSB,52.54,52.59,52.6,52.54,27609,1451612.0,0.11,0.08,0.04,0.0
2026-02-17,DFSC,1.86,1.8,1.99,1.8,14474,26877.0,10.0,-5.26,-0.1,0.73
2026-02-17,DFSCW,0.048,0.048,0.048,0.048,5686,273.0,0.0,0.0,0.0,0.0
2026-02-17,DFSD,48.36,48.38,48.38,48.347,511171,24724366.0,0.07,0.0,0.0,0.0
2026-02-17,DFSE,45.37,45.73,45.795,45.37,24502,1118648.0,0.93,0.18,0.084,0.0
2026-02-17,DFSI,45.72,45.98,46.03,45.45,62304,2857854.0,1.26,0.09,0.04,0.0
2026-02-17,DFSU,43.37,43.51,43.625,43.055,104956,4564992.0,1.31,0.14,0.06,0.0
2026-02-17,DFSV,36.95,36.79,37.129,36.39,1296782,47651519.0,2.0,-0.38,-0.14,0.0
2026-02-17,DFTT,25.31,25.64,25.695,25.31,2022,51813.0,1.51,0.45,0.116,0.0
2026-02-17,DFTX,15.88,16.9,17.22,15.88,2456867,41076100.0,8.51,7.3,1.15,2.49
2026-02-17,DFUS,74.13,74.45,74.67,73.659,722998,53737429.0,1.36,0.13,0.1,0.0
2026-02-17,DFUV,50.26,50.16,50.405,49.8,416845,20915898.0,1.2,-0.3,-0.15,0.0
2026-02-17,DFVE,33.93,34.115,34.14,33.92,4633,157964.0,0.64,-0.17,-0.057,0.0
2026-02-17,DFVX,77.41,77.473,77.66,77.14,15870,1229896.0,0.67,-0.23,-0.175,0.0
2026-02-17,DG,153.79,149.68,155.0,147.57,2904786,435285776.0,4.83,-2.7,-4.16,1.32
2026-02-17,DGCB,55.06,55.1,55.137,55.04,49139,2707731.0,0.18,0.07,0.04,0.0
2026-02-17,DGICA,18.82,18.94,19.25,18.66,133006,2521771.0,3.16,1.28,0.24,0.42
2026-02-17,DGICB,16.07,16.07,16.07,16.07,365,6005.0,0.0,0.0,0.0,0.01
2026-02-17,DGII,47.96,48.94,49.318,47.12,603944,29381214.0,4.55,1.41,0.68,1.61
2026-02-17,DGIN,36.94,36.96,36.96,36.79,6471,238716.0,0.46,0.36,0.131,0.0
2026-02-17,DGLO,22.71,22.855,23.4,22.68,23214,532401.0,3.14,-0.3,-0.069,0.0
2026-02-17,DGNX,0.626,0.65,0.7,0.572,4204020,2618121.0,21.33,8.33,0.05,2.08
2026-02-17,DGOC,31.22,31.28,31.28,31.195,1211,37824.0,0.27,0.14,0.043,0.0
2026-02-17,DGP,204.2,202.01,208.768,196.22,179895,36592343.0,5.83,-6.08,-13.07,0.0
2026-02-17,DGRE,35.24,35.349,35.493,35.05,18276,643694.0,1.25,-0.61,-0.216,0.0
2026-02-17,DGRO,73.74,73.5,73.971,73.19,1927579,141697300.0,1.06,-0.16,-0.12,0.0
2026-02-17,DGRS,56.06,55.824,56.35,55.396,16388,915389.0,1.7,-0.47,-0.266,0.0
2026-02-17,DGRW,92.61,92.61,92.83,91.85,1119348,103463820.0,1.06,-0.01,-0.01,0.0
2026-02-17,DGS,63.27,63.56,63.719,62.94,74057,4698236.0,1.22,-0.09,-0.06,0.0
2026-02-17,DGT,178.48,178.48,178.66,176.885,57467,10239413.0,0.99,0.04,0.07,0.0
2026-02-17,DGX,207.99,205.49,208.93,202.825,971250,199265099.0,2.95,-0.67,-1.38,0.88
2026-02-17,DGXX,2.25,2.3,2.33,2.14,1570544,3521354.0,8.41,1.77,0.04,2.4
2026-02-17,DGZ,5.7,5.42,5.89,5.34,10685,60161.0,9.27,-8.6,-0.51,0.0
2026-02-17,DH,1.58,1.56,1.63,1.535,319046,501555.0,5.97,-1.89,-0.03,0.22
2026-02-17,DHC,6.52,6.69,6.755,6.36,3148412,21033428.0,6.03,2.14,0.14,1.3
2026-02-17,DHCNI,17.17,17.5,17.71,17.17,39390,688298.0,3.14,1.8,0.31,0.0
2026-02-17,DHCNL,18.35,18.33,18.36,18.19,35484,649457.0,0.93,-0.16,-0.03,0.0
2026-02-17,DHDG,34.32,34.415,34.47,34.27,9940,341928.0,0.58,0.13,0.044,0.0
2026-02-17,DHF,2.55,2.56,2.56,2.54,233803,595276.0,0.78,0.0,0.0,0.0
2026-02-17,DHI,168.0,166.29,169.17,162.74,2258252,373912080.0,3.83,-0.89,-1.49,0.78
2026-02-17,DHIL,170.895,170.81,171.05,170.75,12013,2053679.0,0.18,0.04,0.06,0.44
2026-02-17,DHLX,13.68,13.604,13.68,13.55,6666,90741.0,0.95,-0.15,-0.02,0.0
2026-02-17,DHR,201.8,206.36,208.5,201.0,8709352,1789497664.0,3.53,-2.93,-6.22,1.23
2026-02-17,DHS,113.72,112.94,113.72,112.41,23447,2646100.0,1.15,-0.43,-0.49,0.0
2026-02-17,DHSB,25.92,25.979,25.98,25.92,597,15509.0,0.23,-0.05,-0.013,0.0
2026-02-17,DHT,15.95,16.27,16.325,15.895,4059047,65520201.0,2.7,2.26,0.36,2.52
2026-02-17,DHX,2.45,2.83,2.927,2.45,1023354,2882368.0,19.88,17.92,0.43,2.28
2026-02-17,DHY,1.99,1.98,1.995,1.97,442846,878387.0,1.24,-1.49,-0.03,0.0
2026-02-17,DIA,495.33,495.85,497.574,492.11,6779371,3357761376.0,1.1,0.12,0.57,0.0
2026-02-17,DIAL,18.56,18.56,18.576,18.545,59388,1102143.0,0.17,-0.16,-0.03,0.0
2026-02-17,DIAX,15.74,15.75,15.76,15.565,110703,1736689.0,1.24,0.45,0.07,0.0
2026-02-17,DIBS,5.3,5.05,5.43,4.922,167127,848340.0,9.55,-5.08,-0.27,0.45
2026-02-17,DIEM,37.82,37.692,37.82,37.27,10969,412042.0,1.45,-0.34,-0.128,0.0
2026-02-17,DIG,52.92,51.49,53.5,50.44,47457,2438460.0,5.83,-1.87,-0.98,0.0
2026-02-17,DIHP,34.36,34.575,34.615,34.17,682654,23553882.0,1.29,0.04,0.015,0.0
2026-02-17,DIM,87.91,88.47,88.47,87.85,11541,1016889.0,0.7,0.29,0.259,0.0
2026-02-17,DIME,8.72,8.745,8.745,8.72,385,3361.0,0.29,0.19,0.017,0.0
2026-02-17,DIN,32.16,32.96,32.97,31.1,318696,10345295.0,5.89,3.88,1.23,2.44
2026-02-17,DINO,58.88,57.85,59.0,56.815,1880289,108476430.0,3.73,-1.16,-0.68,1.03
2026-02-17,DINT,28.85,28.741,28.85,28.41,7154,205292.0,1.53,-0.27,-0.079,0.0
2026-02-17,DIOD,70.12,67.54,70.58,66.645,452845,30652078.0,5.54,-4.97,-3.53,0.99
2026-02-17,DIPS,49.98,49.952,51.0,49.85,10670,536775.0,2.28,-0.78,-0.392,0.0
2026-02-17,DIS,106.57,105.44,107.28,104.37,10467365,1104141504.0,2.76,-0.01,-0.01,0.59
2026-02-17,DISO,10.97,11.038,11.19,10.97,5203,57413.0,1.99,0.07,0.008,0.0
2026-02-17,DISV,42.41,42.5,42.58,42.02,797011,33797198.0,1.31,-0.61,-0.26,0.0
2026-02-17,DIT,112.95,110.1,112.95,110.1,810,90084.0,2.54,-1.95,-2.19,0.12
2026-02-17,DIV,19.62,19.53,19.69,19.37,247518,4828919.0,1.64,-0.08,-0.015,0.0
2026-02-17,DIVB,56.56,56.3,56.69,56.04,80458,4532163.0,1.15,-0.32,-0.18,0.0
2026-02-17,DIVD,42.09,42.22,42.22,42.08,906,38179.0,0.33,-0.13,-0.053,0.0
2026-02-17,DIVE,25.474,25.572,25.58,25.42,7473,190454.0,0.62,-0.86,-0.221,0.0
2026-02-17,DIVG,35.407,35.407,35.407,35.407,186,6612.0,0.0,-0.49,-0.175,0.0
2026-02-17,DIVI,42.21,42.48,42.51,42.0,212401,8998496.0,1.2,0.07,0.03,0.0
2026-02-17,DIVL,25.192,25.192,25.192,25.192,160,4031.0,0.0,-0.39,-0.098,0.0
2026-02-17,DIVN,29.51,29.29,29.51,29.165,20831,610659.0,1.17,-0.27,-0.08,0.0
2026-02-17,DIVO,46.56,46.62,46.74,46.34,827608,38535869.0,0.86,0.06,0.03,0.0
2026-02-17,DIVP,27.47,27.224,27.47,27.22,5763,157151.0,0.91,-0.4,-0.109,0.0
2026-02-17,DIVS,33.0,33.166,33.17,33.0,4668,154409.0,0.51,-0.37,-0.124,0.0
2026-02-17,DIVY,28.88,28.948,28.948,28.84,12163,351560.0,0.37,-0.06,-0.018,0.0
2026-02-17,DIVZ,39.28,38.998,39.28,38.93,28230,1101346.0,0.89,-0.42,-0.165,0.0
2026-02-17,DJAN,43.39,43.45,43.5,43.23,26005,1128456.0,0.62,0.09,0.04,0.0
2026-02-17,DJCO,511.01,476.93,512.31,447.24,115132,54238647.0,12.7,-6.95,-35.63,6.38
2026-02-17,DJD,62.44,62.32,62.44,62.037,42626,2656761.0,0.65,-0.26,-0.16,0.0
2026-02-17,DJIA,22.5,22.48,22.61,22.35,187229,4218693.0,1.16,0.31,0.07,0.0
2026-02-17,DJP,40.16,40.08,40.21,39.96,40572,1626095.0,0.61,-1.55,-0.63,0.0
2026-02-17,DJT,10.96,9.91,10.98,9.9,6951261,71318298.0,9.84,-9.74,-1.07,2.51
2026-02-17,DJTU,2.52,2.01,2.53,2.0,686804,1533090.0,21.29,-19.28,-0.48,0.0
2026-02-17,DJTWW,5.72,5.635,5.82,5.55,39725,226237.0,4.54,-5.26,-0.313,0.0
2026-02-17,DJUL,47.58,47.69,47.78,47.56,6846,326260.0,0.46,0.04,0.021,0.0
2026-02-17,DJUN,47.484,47.555,47.596,47.44,8885,422503.0,0.33,0.09,0.044,0.0
2026-02-17,DK,34.93,35.01,35.49,33.755,2194574,76591808.0,5.03,1.6,0.55,3.67
2026-02-17,DKI,0.461,0.409,0.77,0.35,7033763,3773603.0,97.67,-4.88,-0.021,34.95
2026-02-17,DKL,55.09,54.28,55.09,54.02,42405,2307096.0,1.95,-1.18,-0.65,0.08
2026-02-17,DKNG,21.89,22.59,22.76,21.145,25552976,567160000.0,7.42,3.81,0.83,2.88
2026-02-17,DKNX,3.49,3.741,3.8,3.305,172962,624545.0,14.27,7.81,0.271,0.0
2026-02-17,DKS,206.09,206.15,207.31,199.0,1129763,231605343.0,4.13,2.43,4.9,1.26
2026-02-17,DKUP,4.64,4.854,4.854,4.3,14879,68105.0,12.34,8.11,0.364,0.0
2026-02-17,DLAG,31.27,31.38,31.38,31.27,10287,321857.0,0.35,0.16,0.049,0.0
2026-02-17,DLB,66.14,63.65,66.336,63.62,815095,52242108.0,4.11,-3.59,-2.37,0.85
2026-02-17,DLHC,5.56,5.5,5.66,5.5,16590,91763.0,2.88,-1.08,-0.06,0.11
2026-02-17,DLLL,19.15,18.75,19.491,18.5,37821,716911.0,5.14,-2.8,-0.54,0.0
2026-02-17,DLN,93.09,92.97,93.3,92.475,127074,11811879.0,0.89,-0.1,-0.09,0.0
2026-02-17,DLNG,3.9,3.91,4.0,3.81,112403,437807.0,4.9,0.77,0.03,0.31
2026-02-17,DLNG_A,26.29,26.22,26.33,26.22,4276,112361.0,0.42,-0.29,-0.077,0.0
2026-02-17,DLNV,31.245,31.245,31.245,31.245,45,1403.0,0.0,0.15,0.047,0.0
2026-02-17,DLO,11.9,11.85,12.04,11.675,930353,11040087.0,3.05,-1.0,-0.12,0.32
2026-02-17,DLPN,1.49,1.47,1.49,1.39,38161,56006.0,6.8,0.0,0.0,0.31
2026-02-17,DLR,180.89,179.89,182.55,178.485,2213591,398532576.0,2.25,-0.6,-1.08,0.64
2026-02-17,DLR_J,20.89,21.04,21.05,20.74,16052,335700.0,1.48,0.53,0.11,0.0
2026-02-17,DLR_K,24.08,24.1,24.12,23.96,12839,309038.0,0.67,0.54,0.13,0.0
2026-02-17,DLR_L,20.74,20.87,20.87,20.62,30806,639641.0,1.21,0.77,0.16,0.0
2026-02-17,DLS,87.62,88.09,88.3,87.295,42052,3692513.0,1.14,-0.19,-0.17,0.0
2026-02-17,DLTH,2.27,2.3,2.37,2.2,36600,83998.0,7.46,0.88,0.02,0.1
2026-02-17,DLTR,129.75,128.52,130.94,125.79,4162969,533235344.0,4.09,1.95,2.46,2.1
2026-02-17,DLX,26.3,26.61,26.73,26.12,354399,9390144.0,2.33,1.53,0.4,0.78
2026-02-17,DLXY,0.842,0.842,0.871,0.841,6210,5266.0,3.57,0.12,0.001,0.04
2026-02-17,DLY,14.93,14.94,15.02,14.902,208493,3113404.0,0.79,-0.07,-0.01,0.43
2026-02-17,DMA,8.55,8.38,8.57,8.25,64554,540757.0,3.69,-3.34,-0.29,0.0
2026-02-17,DMAA,10.45,10.45,10.45,10.45,200028,2090292.0,0.0,0.1,0.01,0.6
2026-02-17,DMAAR,0.13,0.12,0.13,0.12,13048,1666.0,7.69,-7.69,-0.01,0.0
2026-02-17,DMAAU,10.55,10.55,10.55,10.55,1,11.0,0.0,0.0,0.0,0.0
2026-02-17,DMAC,8.57,8.7,8.98,8.485,220695,1937172.0,5.8,1.99,0.17,0.41
2026-02-17,DMAR,41.82,41.91,41.945,41.8,14181,594076.0,0.35,0.07,0.029,0.0
2026-02-17,DMAT,32.28,32.19,32.44,31.53,24382,782068.0,2.77,-2.1,-0.69,0.0
2026-02-17,DMAX,26.75,26.77,26.77,26.687,32775,875704.0,0.31,0.15,0.039,0.0
2026-02-17,DMAY,45.37,45.43,45.48,45.32,7947,360815.0,0.35,0.11,0.05,0.0
2026-02-17,DMB,11.2,11.27,11.28,11.2,194728,2188030.0,0.71,0.71,0.08,0.0
2026-02-17,DMBS,50.28,50.251,50.299,50.225,68826,3459286.0,0.15,-0.01,-0.004,0.0
2026-02-17,DMCY,32.99,32.99,32.99,32.99,11,364.0,0.0,0.28,0.093,0.0
2026-02-17,DMII,9.98,10.0,10.005,9.98,220385,2201234.0,0.25,0.1,0.01,0.34
2026-02-17,DMIIR,0.13,0.12,0.13,0.12,5100,617.0,8.33,0.0,0.0,0.0
2026-02-17,DMIIU,10.75,10.12,10.75,10.12,600,6135.0,6.25,0.4,0.04,0.0
2026-02-17,DMLP,25.63,25.32,25.63,24.88,106081,2675041.0,2.94,-0.63,-0.16,0.22
2026-02-17,DMO,11.28,11.31,11.33,11.24,51963,586424.0,0.8,0.44,0.05,0.0
2026-02-17,DMRC,4.83,4.82,4.9,4.53,260452,1237376.0,7.61,-0.82,-0.04,1.19
2026-02-17,DMX,50.7,50.68,50.74,50.66,10324,523264.0,0.16,0.0,0.0,0.0
2026-02-17,DMXF,80.64,81.191,81.31,80.315,37407,3028374.0,1.22,-0.14,-0.113,0.0
2026-02-17,DNA,9.16,9.0,9.36,8.74,861146,7754434.0,6.67,-3.12,-0.29,1.39
2026-02-17,DNL,43.19,43.53,43.53,42.896,23271,1006858.0,1.46,0.23,0.1,0.0
2026-02-17,DNLI,18.73,19.28,19.626,18.65,1858787,35555862.0,5.2,2.72,0.51,1.19
2026-02-17,DNMX,9.93,9.93,9.94,9.93,14630,145412.0,0.1,-0.2,-0.02,0.05
2026-02-17,DNMXU,10.11,10.11,10.155,10.11,15232,154062.0,0.45,0.2,0.02,0.08
2026-02-17,DNN,3.72,3.81,3.82,3.59,42134488,157368312.0,6.08,0.79,0.03,4.67
2026-02-17,DNNG,12.58,13.885,13.885,12.52,3094,41591.0,9.98,1.5,0.205,0.0
2026-02-17,DNOV,48.74,48.88,48.95,48.7,12093,590522.0,0.51,0.12,0.06,0.0
2026-02-17,DNOW,16.46,16.13,16.5,15.935,1352248,21824392.0,3.44,-1.83,-0.3,0.73
2026-02-17,DNP,10.4,10.41,10.49,10.371,874577,9119288.0,1.14,-0.29,-0.03,0.0
2026-02-17,DNTH,47.2,49.21,50.07,46.91,451592,22091425.0,6.67,3.82,1.81,1.04
2026-02-17,DNUT,2.965,2.92,2.97,2.88,1617543,4729452.0,3.05,-1.02,-0.03,0.94
2026-02-17,DOC,16.82,17.22,17.3,16.71,10597039,181120344.0,3.53,3.11,0.52,1.52
2026-02-17,DOCN,67.34,67.66,68.409,64.38,2254634,151371520.0,5.91,-0.73,-0.5,2.45
2026-02-17,DOCS,25.14,24.58,25.58,24.3,4866326,120020491.0,5.12,-1.76,-0.44,2.63
2026-02-17,DOCT,44.21,44.32,44.38,44.16,5672,251127.0,0.5,0.09,0.04,0.0
2026-02-17,DOCU,44.775,45.21,45.29,43.99,4661123,208877454.0,2.9,0.87,0.39,2.33
2026-02-17,DOG,22.92,22.9,23.067,22.815,4509299,103353019.0,1.1,-0.09,-0.02,0.0
2026-02-17,DOGD,19.585,18.48,20.1,17.796,15187,281782.0,12.01,-3.7,-0.71,0.0
2026-02-17,DOGG,23.16,23.04,23.16,22.952,12000,276513.0,0.9,-0.09,-0.02,0.0
2026-02-17,DOGZ,1.42,1.42,1.475,1.35,240720,339364.0,8.45,-4.05,-0.06,1.66
2026-02-17,DOJE,9.38,9.46,9.726,9.26,16656,156961.0,5.13,4.19,0.38,0.0
2026-02-17,DOL,72.14,72.607,72.71,71.86,12723,921349.0,1.17,0.33,0.237,0.0
2026-02-17,DOLE,15.9,15.79,16.08,15.67,698460,11041354.0,2.58,-0.75,-0.12,0.73
2026-02-17,DOMH,3.4,3.39,3.6,3.29,81736,278073.0,9.06,-0.88,-0.03,0.5
2026-02-17,DOMO,4.05,4.24,4.33,3.87,1206819,4970982.0,11.22,3.41,0.14,2.89
2026-02-17,DON,56.02,55.85,56.23,55.401,98670,5511026.0,1.48,-0.29,-0.16,0.0
2026-02-17,DOO,77.98,79.86,80.49,77.33,309974,24680759.0,4.02,1.62,1.27,0.42
2026-02-17,DORM,131.75,129.26,132.35,129.2,132207,17172117.0,2.4,-1.46,-1.91,0.44
2026-02-17,DOUG,2.47,2.46,2.52,2.42,726658,1782307.0,4.0,-1.6,-0.04,0.82
2026-02-17,DOV,229.43,233.25,234.01,229.43,1403784,326823328.0,1.98,0.7,1.62,1.04
2026-02-17,DOW,32.3,31.42,32.69,30.93,9911383,311243296.0,5.42,-3.29,-1.07,1.38
2026-02-17,DOX,69.21,68.42,69.5,66.53,2267980,153946076.0,4.29,-1.17,-0.81,2.11
2026-02-17,DOYU,5.82,5.52,5.86,5.5,37581,211571.0,6.2,-4.99,-0.29,0.12
2026-02-17,DPG,14.6,14.44,14.6,14.44,159252,2310154.0,1.1,-0.82,-0.12,0.0
2026-02-17,DPRO,6.905,7.1,7.33,6.7,961655,6744028.0,9.14,3.05,0.21,3.76
2026-02-17,DPST,130.42,131.1,135.57,128.37,340867,44985346.0,5.55,1.06,1.38,0.0
2026-02-17,DPZ,375.77,373.5,377.125,370.7,838136,313187536.0,1.71,-0.53,-2.0,2.49
2026-02-17,DQ,24.65,24.25,24.69,23.758,358484,8652752.0,3.75,-2.53,-0.63,0.53
2026-02-17,DRAI,29.81,29.796,29.895,29.45,1999,59330.0,1.49,0.0,-0.001,0.0
2026-02-17,DRAY,19.6,19.995,20.0,19.05,8872,171711.0,4.9,3.07,0.595,0.0
2026-02-17,DRCT,1.55,1.42,1.55,1.32,227491,321952.0,15.03,-7.19,-0.11,9.57
2026-02-17,DRD,33.28,32.9,33.57,32.26,423766,13981779.0,3.67,-7.71,-2.75,0.49
2026-02-17,DRDB,10.49,10.46,10.49,10.46,681,7135.0,0.29,-0.14,-0.015,0.0
2026-02-17,DRES,29.46,29.338,29.54,29.335,2725,80140.0,0.7,-0.46,-0.137,0.0
2026-02-17,DRGN,34.65,35.15,35.33,34.65,24105,847032.0,1.95,0.68,0.239,0.0
2026-02-17,DRH,9.91,9.99,10.075,9.87,1864583,18598277.0,2.08,1.22,0.12,0.92
2026-02-17,DRI,214.32,218.66,219.14,212.835,1313605,285873264.0,2.98,3.39,7.16,1.14
2026-02-17,DRIO,11.71,11.55,12.105,11.12,33326,387287.0,8.4,-1.45,-0.17,0.49
2026-02-17,DRIP,6.43,6.67,6.875,6.305,14257869,95904399.0,8.84,3.41,0.22,0.0
2026-02-17,DRIV,32.43,32.61,32.85,32.1,101322,3316447.0,2.29,-0.31,-0.1,0.0
2026-02-17,DRKY,20.02,20.55,20.55,20.02,6847,139535.0,2.62,1.48,0.3,0.0
2026-02-17,DRLL,34.18,33.654,34.23,33.29,43574,1464418.0,2.76,-1.16,-0.395,0.0
2026-02-17,DRMA,1.28,1.26,1.325,1.21,143892,182504.0,8.91,-2.33,-0.03,5.07
2026-02-17,DRMAW,0.019,0.019,0.019,0.019,200,4.0,0.0,0.0,0.0,0.0
2026-02-17,DRN,10.58,10.76,10.775,10.38,1164228,12314084.0,3.78,3.07,0.32,0.0
2026-02-17,DRNZ,23.31,24.07,24.24,23.05,148659,3514248.0,5.15,4.23,0.976,0.0
2026-02-17,DRS,38.15,39.13,39.535,38.11,963577,37585231.0,3.74,2.62,1.0,0.36
2026-02-17,DRSK,28.0,28.03,28.05,27.93,105175,2945410.0,0.43,-0.07,-0.02,0.0
2026-02-17,DRTS,7.13,7.46,7.49,6.9,164714,1202799.0,8.18,3.47,0.25,0.19
2026-02-17,DRTSW,1.17,1.15,1.19,1.08,12948,14644.0,9.65,0.88,0.01,0.0
2026-02-17,DRUG,77.6,83.91,84.66,76.33,61538,5005842.0,10.69,7.72,6.01,0.63
2026-02-17,DRUP,57.642,57.642,57.642,57.642,429,24658.0,0.0,-0.98,-0.568,0.0
2026-02-17,DRV,20.98,20.53,21.34,20.53,173361,3631165.0,3.82,-3.16,-0.67,0.0
2026-02-17,DRVN,16.88,16.91,17.1,16.82,1186293,20133132.0,1.66,0.42,0.07,0.72
2026-02-17,DSAC,9.96,9.96,9.96,9.96,4110,40936.0,0.0,0.0,0.0,0.01
2026-02-17,DSACU,10.07,10.07,10.073,10.07,129808,1307168.0,0.03,0.0,0.0,0.51
2026-02-17,DSACW,0.381,0.38,0.381,0.38,1092,413.0,0.23,-13.64,-0.06,0.0
2026-02-17,DSCO,25.0,25.15,25.18,25.0,36324,912779.0,0.72,0.06,0.015,0.0
2026-02-17,DSEP,44.84,44.96,45.02,44.76,5443,244373.0,0.58,0.11,0.05,0.0
2026-02-17,DSGN,10.08,10.12,10.25,9.91,144550,1458469.0,3.38,0.5,0.05,0.24
2026-02-17,DSGR,30.57,30.67,30.995,30.095,56348,1729493.0,2.92,-0.55,-0.17,0.12
2026-02-17,DSGX,65.03,65.22,66.63,64.16,659995,43176507.0,3.76,-0.79,-0.52,0.77
2026-02-17,DSI,128.22,128.41,128.85,126.99,97015,12435902.0,1.44,-0.33,-0.42,0.0
2026-02-17,DSL,11.57,11.64,11.685,11.55,1096314,12745152.0,1.17,0.69,0.08,0.0
2026-02-17,DSM,6.23,6.25,6.262,6.22,149725,934799.0,0.67,0.16,0.01,0.0
2026-02-17,DSMC,38.346,38.184,38.346,37.76,9447,360018.0,1.53,-0.48,-0.184,0.0
2026-02-17,DSP,9.49,9.2,9.89,9.17,171288,1590431.0,7.53,-3.77,-0.36,0.27
2026-02-17,DSPY,59.63,59.6,59.82,59.191,4646,276358.0,1.06,0.06,0.033,0.0
2026-02-17,DSS,0.944,0.95,0.95,0.9,47402,44276.0,5.43,3.26,0.03,0.47
2026-02-17,DSTL,61.58,61.37,61.58,60.94,148491,9103660.0,1.04,-0.17,-0.105,0.0
2026-02-17,DSTX,33.895,34.07,34.14,33.895,2321,78978.0,0.72,-0.5,-0.172,0.0
2026-02-17,DSU,10.02,9.99,10.035,9.99,258539,2586805.0,0.45,-0.6,-0.06,0.0
2026-02-17,DSWL,3.65,3.58,3.66,3.51,10419,37739.0,4.11,-1.92,-0.07,0.07
2026-02-17,DSX,2.36,2.41,2.43,2.35,654541,1568571.0,3.35,0.84,0.02,0.57
2026-02-17,DSX_B,27.0,26.65,27.0,26.65,829,22197.0,1.3,-1.13,-0.305,0.0
2026-02-17,DSX_WS,0.23,0.26,0.26,0.23,3040,724.0,11.54,0.0,0.0,0.0
2026-02-17,DSY,0.195,0.203,0.206,0.18,92478,17715.0,12.62,-1.46,-0.003,0.1
2026-02-17,DSYWW,0.026,0.02,0.026,0.02,3347,75.0,26.09,-13.04,-0.003,0.0
2026-02-17,DT,36.98,36.63,37.375,36.17,4697481,171752541.0,3.24,-1.53,-0.57,1.58
2026-02-17,DTAN,33.18,33.195,33.215,32.97,19717,653343.0,0.74,-0.26,-0.085,0.0
2026-02-17,DTB,17.6,17.72,17.73,17.57,19403,341915.0,0.91,0.8,0.14,0.0
2026-02-17,DTCK,0.201,0.18,0.201,0.18,128860,24320.0,11.41,-2.17,-0.004,0.47
2026-02-17,DTCR,26.58,26.11,26.73,25.99,1344209,35317269.0,2.82,-0.38,-0.1,0.0
2026-02-17,DTCX,1.85,1.81,1.99,1.71,205057,365041.0,14.89,-3.72,-0.07,0.64
2026-02-17,DTD,90.1,90.0,90.22,89.485,32346,2911449.0,0.82,0.05,0.041,0.0
2026-02-17,DTE,150.05,144.69,154.63,143.81,2264865,329895424.0,7.47,-0.17,-0.25,1.09
2026-02-17,DTEC,45.53,45.589,45.64,45.14,9081,413689.0,1.09,-0.34,-0.156,0.0
2026-02-17,DTF,11.59,11.551,11.59,11.491,6296,72563.0,0.86,-0.03,-0.004,0.0
2026-02-17,DTG,17.45,17.53,17.54,17.39,15742,274849.0,0.86,0.81,0.14,0.0
2026-02-17,DTH,56.02,56.39,56.39,55.845,31461,1766511.0,0.97,0.52,0.29,0.0
2026-02-17,DTI,3.88,4.05,4.25,3.85,309242,1259007.0,10.03,1.5,0.06,0.87
2026-02-17,DTIL,3.91,3.99,4.055,3.775,133469,527773.0,7.2,2.57,0.1,0.55
2026-02-17,DTK,25.17,25.23,25.23,25.15,40931,1030763.0,0.32,0.32,0.08,0.0
2026-02-17,DTM,133.39,132.65,133.39,131.04,683027,90384369.0,1.76,-0.42,-0.56,0.67
2026-02-17,DTRE,42.1,42.1,42.1,42.1,1158,48720.0,0.0,0.63,0.263,0.0
2026-02-17,DTSQ,10.855,10.89,10.89,10.83,1084,11764.0,0.55,-0.09,-0.01,0.03
2026-02-17,DTSQR,0.141,0.169,0.17,0.141,2040,301.0,15.26,-11.05,-0.021,0.0
2026-02-17,DTSQU,10.948,10.948,10.948,10.948,7,91.0,0.0,0.0,0.0,0.0
2026-02-17,DTSS,0.917,0.9,0.93,0.85,30935,27922.0,8.64,-2.81,-0.026,0.3
2026-02-17,DTST,4.32,4.41,4.45,4.27,11088,48149.0,4.09,0.32,0.014,0.15
2026-02-17,DTSTW,0.101,0.115,0.14,0.085,162398,16494.0,39.29,-17.86,-0.025,0.0
2026-02-17,DTW,22.29,22.46,22.46,22.24,20702,462390.0,0.99,0.74,0.165,0.0
2026-02-17,DUBS,37.54,37.69,37.77,37.26,15534,583534.0,1.36,0.29,0.11,0.0
2026-02-17,DUG,21.48,22.25,22.66,21.33,97886,2184370.0,6.13,2.53,0.55,0.0
2026-02-17,DUHP,38.91,39.02,39.13,38.679,1746773,68064590.0,1.16,0.18,0.07,0.0
2026-02-17,DUK,128.5,126.71,129.0,126.17,4252985,540393744.0,2.21,-1.16,-1.49,0.55
2026-02-17,DUKB,24.71,24.86,24.89,24.698,51679,1280201.0,0.78,0.61,0.15,0.0
2026-02-17,DUKH,24.55,24.565,24.59,24.54,942,23146.0,0.2,0.12,0.03,0.0
2026-02-17,DUKQ,28.18,28.383,28.383,28.18,423,11948.0,0.72,0.04,0.01,0.0
2026-02-17,DUKX,28.33,28.568,28.57,28.33,596,16965.0,0.84,-0.25,-0.071,0.0
2026-02-17,DUKZ,25.615,25.68,25.68,25.615,1319,33832.0,0.25,0.25,0.065,0.0
2026-02-17,DUK_A,25.02,25.12,25.12,25.0,60725,1520992.0,0.48,0.32,0.08,0.15
2026-02-17,DULL,0.989,0.989,1.01,0.976,1273907,1262245.0,3.72,8.09,0.074,0.0
2026-02-17,DUNK,21.18,21.1,21.22,20.89,44830,941595.0,1.56,-0.42,-0.09,0.0
2026-02-17,DUO,1.17,1.17,1.19,1.14,39075,45246.0,4.2,-1.68,-0.02,0.1
2026-02-17,DUOG,4.54,4.459,4.56,4.13,123820,538740.0,9.57,-0.76,-0.034,0.0
2026-02-17,DUOL,113.06,112.08,113.85,107.784,2113831,235572645.0,5.39,-0.44,-0.49,4.53
2026-02-17,DUOT,8.9,8.79,8.9,8.58,114167,999183.0,3.56,-2.22,-0.2,0.55
2026-02-17,DURA,38.16,37.92,38.16,37.849,2442,92724.0,0.82,-0.6,-0.23,0.0
2026-02-17,DUSA,52.48,52.51,52.73,52.06,68195,3575582.0,1.27,-0.15,-0.08,0.0
2026-02-17,DUSB,50.84,50.85,50.86,50.84,180960,9202551.0,0.04,0.04,0.02,0.0
2026-02-17,DUSL,92.66,94.83,96.16,92.35,29968,2843468.0,4.09,1.68,1.57,0.0
2026-02-17,DUST,4.8,4.77,5.01,4.685,69471978,335679776.0,7.32,7.43,0.33,0.0
2026-02-17,DV,9.47,9.32,9.61,9.245,2709023,25283411.0,3.86,-1.38,-0.13,1.67
2026-02-17,DVA,149.35,150.41,152.67,149.2,1035575,156395880.0,2.33,0.98,1.46,1.55
2026-02-17,DVAL,15.3,15.317,15.33,15.3,2129,32634.0,0.2,-0.07,-0.01,0.0
2026-02-17,DVDN,18.26,18.15,18.26,18.09,1595,28997.0,0.93,-0.62,-0.113,0.0
2026-02-17,DVGR,25.57,25.632,25.632,25.57,3953,101087.0,0.24,-0.17,-0.044,0.0
2026-02-17,DVIN,30.57,30.868,30.88,30.46,313,9594.0,1.37,0.79,0.241,0.0
2026-02-17,DVLT,0.8,0.746,0.808,0.742,35248230,26867444.0,8.35,-5.57,-0.044,6.06
2026-02-17,DVLU,36.65,36.571,36.721,36.571,1509,55305.0,0.41,-0.21,-0.077,0.0
2026-02-17,DVN,44.98,44.04,45.29,43.45,9194997,404640768.0,4.12,-1.39,-0.62,1.48
2026-02-17,DVND,37.438,37.438,37.438,37.438,58,2172.0,0.0,-0.12,-0.046,0.0
2026-02-17,DVOL,36.55,36.692,36.865,36.55,15969,586888.0,0.86,-0.39,-0.145,0.0
2026-02-17,DVQQ,26.15,26.265,26.265,26.05,322,8408.0,0.82,-0.19,-0.051,0.0
2026-02-17,DVRE,25.268,25.268,25.268,25.268,8,201.0,0.0,3.8,0.924,0.0
2026-02-17,DVS,4.39,4.23,4.4,4.15,1145367,4840689.0,5.53,-6.42,-0.29,1.25
2026-02-17,DVSP,26.47,26.858,26.858,26.47,143,3794.0,1.45,0.15,0.039,0.0
2026-02-17,DVUT,29.34,28.985,29.34,28.985,409,11969.0,1.22,-0.36,-0.105,0.0
2026-02-17,DVXC,27.095,27.095,27.095,27.095,1,27.0,0.0,-2.63,-0.732,0.0
2026-02-17,DVXE,33.93,33.914,33.93,33.914,430,14556.0,0.05,-1.46,-0.502,0.0
2026-02-17,DVXF,23.722,23.722,23.722,23.722,21,500.0,0.0,1.73,0.404,0.0
2026-02-17,DVXK,26.853,26.853,26.853,26.853,5,135.0,0.0,-0.1,-0.027,0.0
2026-02-17,DVXP,27.144,27.144,27.144,27.144,158,4286.0,0.0,-2.31,-0.642,0.0
2026-02-17,DVXV,31.784,31.784,31.784,31.784,2,64.0,0.0,-0.34,-0.108,0.0
2026-02-17,DVXY,24.223,24.223,24.223,24.223,2,48.0,0.0,-0.24,-0.059,0.0
2026-02-17,DVY,158.0,156.97,160.38,156.29,410539,64510668.0,2.59,-0.61,-0.96,0.0
2026-02-17,DVYA,50.06,50.358,50.445,49.84,8340,418084.0,1.2,-0.29,-0.148,0.0
2026-02-17,DVYE,34.3,34.23,34.3,33.891,315079,10763221.0,1.19,-0.67,-0.23,0.0
2026-02-17,DWAS,99.69,100.922,101.59,99.69,6516,657475.0,1.89,0.56,0.562,0.0
2026-02-17,DWAW,45.87,45.915,45.915,45.87,451,20658.0,0.1,0.06,0.026,0.0
2026-02-17,DWLD,46.04,46.01,46.1,45.618,38238,1757824.0,1.05,-0.2,-0.09,0.0
2026-02-17,DWM,74.13,74.675,74.73,73.93,10982,816451.0,1.07,0.28,0.212,0.0
2026-02-17,DWMF,35.0,35.199,35.21,35.0,2869,100725.0,0.6,0.29,0.103,0.0
2026-02-17,DWSH,6.21,6.24,6.3,6.21,20908,130432.0,1.45,0.73,0.045,0.0
2026-02-17,DWSN,2.49,2.54,2.6,2.42,79131,199120.0,7.14,0.79,0.02,0.25
2026-02-17,DWTX,3.09,3.0,3.135,2.97,18886,57798.0,5.37,-2.28,-0.07,0.06
2026-02-17,DWUS,53.78,53.755,53.93,53.7,2734,147289.0,0.43,-0.07,-0.035,0.0
2026-02-17,DWX,48.02,48.13,48.133,47.76,24873,1194796.0,0.77,-0.16,-0.076,0.0
2026-02-17,DX,14.12,13.97,14.128,13.835,5780524,80629939.0,2.09,-0.57,-0.08,2.9
2026-02-17,DXC,13.55,13.38,13.73,13.205,2299287,30776069.0,3.92,-0.07,-0.01,1.35
2026-02-17,DXCM,70.25,70.43,72.19,69.81,5909319,417356048.0,3.4,0.59,0.41,1.54
2026-02-17,DXD,19.4,19.37,19.65,19.23,2822514,54723524.0,2.17,-0.1,-0.02,0.0
2026-02-17,DXF,0.955,0.968,0.97,0.9,24476,23115.0,7.14,-1.33,-0.013,0.84
2026-02-17,DXIV,71.065,71.74,71.74,70.82,7557,539562.0,1.28,0.12,0.085,0.0
2026-02-17,DXJ,164.1,164.89,165.21,163.36,490206,80590600.0,1.11,-1.17,-1.96,0.0
2026-02-17,DXLG,0.579,0.532,0.579,0.516,101874,54119.0,11.23,-5.17,-0.029,0.19
2026-02-17,DXPE,148.16,148.99,151.23,145.935,110611,16505988.0,3.56,0.3,0.44,0.71
2026-02-17,DXR,12.46,12.4,12.46,12.4,1479,18445.0,0.48,0.0,0.0,0.03
2026-02-17,DXST,0.197,0.201,0.211,0.188,3517181,703222.0,10.36,-9.46,-0.021,7.75
2026-02-17,DXUV,62.485,62.48,62.62,61.979,15144,945564.0,1.03,-0.05,-0.03,0.0
2026-02-17,DXYZ,30.19,29.45,30.3,28.611,812738,23763372.0,5.63,-1.83,-0.55,5.63
2026-02-17,DX_C,25.9,26.1,26.1,25.9,7362,191227.0,0.77,0.52,0.135,0.0
2026-02-17,DY,420.48,422.43,426.59,415.4,322071,135947188.0,2.62,-1.18,-5.05,1.07
2026-02-17,DYAI,0.85,0.805,0.85,0.79,28407,23321.0,7.23,-3.01,-0.025,0.08
2026-02-17,DYFI,23.252,23.26,23.27,23.24,53257,1237843.0,0.13,-0.04,-0.01,0.0
2026-02-17,DYLD,22.7,22.68,22.71,22.61,2985,67679.0,0.44,0.31,0.07,0.0
2026-02-17,DYLG,27.04,27.214,27.214,27.04,3127,84441.0,0.64,0.22,0.059,0.0
2026-02-17,DYN,15.81,15.28,15.81,14.67,2349351,35393752.0,7.34,-1.67,-0.26,1.42
2026-02-17,DYNB,40.13,40.11,40.13,40.1,26989,1082537.0,0.07,0.04,0.015,0.0
2026-02-17,DYNF,60.41,60.78,61.015,60.09,5848696,354858032.0,1.53,0.43,0.26,0.0
2026-02-17,DYOR,9.965,9.96,9.965,9.96,25043,249437.0,0.05,0.0,0.0,0.11
2026-02-17,DYORU,10.16,10.16,10.16,10.16,80,806.0,0.0,0.0,0.0,0.0
2026-02-17,DYTA,29.3,29.46,29.54,29.3,17643,520258.0,0.82,0.27,0.08,0.0
2026-02-17,DZZ,2.79,2.71,2.89,2.71,39930,111230.0,6.86,3.24,0.085,0.0
2026-02-17,E,42.96,43.22,43.22,42.6,214512,9227704.0,1.43,-0.53,-0.23,0.01
2026-02-17,EA,200.63,199.53,200.75,199.12,3742422,746776672.0,0.81,-0.54,-1.09,1.5
2026-02-17,EAD,6.86,6.85,6.87,6.845,160948,1103709.0,0.36,-0.15,-0.01,0.0
2026-02-17,EAF,6.73,6.32,6.853,6.26,393327,2508358.0,8.89,-5.25,-0.35,1.52
2026-02-17,EAFG,25.114,25.114,25.114,25.114,146,3654.0,0.0,0.18,0.045,0.0
2026-02-17,EAGG,48.37,48.38,48.39,48.34,293577,14200040.0,0.1,0.04,0.02,0.0
2026-02-17,EAGL,31.73,31.71,31.77,31.36,408189,12920755.0,1.29,-0.5,-0.16,0.0
2026-02-17,EAI,21.29,21.46,21.47,21.21,24025,512527.0,1.22,1.08,0.23,0.0
2026-02-17,EALT,35.41,35.45,35.53,35.18,14011,496288.0,0.99,0.08,0.03,0.0
2026-02-17,EAOA,42.3,42.493,42.56,42.3,761,32245.0,0.61,0.01,0.005,0.0
2026-02-17,EAOK,27.99,27.99,27.99,27.99,27,757.0,0.0,0.03,0.009,0.0
2026-02-17,EAOM,30.76,30.65,30.76,30.625,564,17285.0,0.44,0.02,0.006,0.0
2026-02-17,EAOR,36.14,36.187,36.187,36.14,275,9945.0,0.13,0.02,0.007,0.0
2026-02-17,EAPR,29.98,30.05,30.09,29.98,13242,397487.0,0.37,0.06,0.017,0.0
2026-02-17,EARN,5.11,5.08,5.151,4.97,1165727,5904205.0,3.47,-2.68,-0.14,3.1
2026-02-17,EASG,37.76,37.904,37.904,37.704,1839,69375.0,0.53,-0.17,-0.065,0.0
2026-02-17,EASY,27.801,27.538,27.801,27.538,31482,867829.0,0.95,-0.36,-0.099,0.0
2026-02-17,EAT,164.05,163.33,164.05,156.38,1168209,189240670.0,4.76,1.4,2.26,2.68
2026-02-17,EATZ,27.24,27.364,27.364,27.24,353,9618.0,0.46,1.46,0.394,0.0
2026-02-17,EB,4.4,4.41,4.41,4.4,409691,1805112.0,0.23,0.0,0.0,0.41
2026-02-17,EBAY,81.53,79.95,82.05,78.03,6254386,500199296.0,4.88,-2.95,-2.43,1.4
2026-02-17,EBC,21.67,21.6,21.97,21.36,1800533,38824202.0,2.82,-0.05,-0.01,0.76
2026-02-17,EBF,20.65,20.58,20.715,20.38,169467,3485571.0,1.61,-0.87,-0.18,0.67
2026-02-17,EBI,59.86,60.153,60.285,59.86,1913,115086.0,0.71,-0.03,-0.016,0.0
2026-02-17,EBIT,36.765,36.731,36.765,36.731,596,21868.0,0.09,-0.14,-0.05,0.0
2026-02-17,EBIZ,28.4,28.438,28.49,28.06,4026,114476.0,1.51,-0.36,-0.104,0.0
2026-02-17,EBMT,22.52,22.6,22.975,22.52,34539,783368.0,2.02,0.27,0.06,0.43
2026-02-17,EBND,21.81,21.85,21.86,21.765,403614,8808785.0,0.44,0.09,0.02,0.0
2026-02-17,EBON,2.55,2.65,2.77,2.55,2977,7837.0,8.63,3.92,0.1,0.05
2026-02-17,EBS,10.79,10.7,11.08,10.65,358477,3864781.0,3.97,-1.2,-0.13,0.69
2026-02-17,EBUF,29.28,29.33,29.33,29.26,5318,155833.0,0.24,0.19,0.055,0.0
2026-02-17,EC,11.91,11.95,11.985,11.65,2459859,29085365.0,2.82,0.42,0.05,0.12
2026-02-17,ECAT,15.21,15.02,15.262,14.95,784073,11811225.0,2.05,-1.31,-0.2,0.0
2026-02-17,ECBK,18.5,18.38,18.5,18.37,4469,82338.0,0.72,1.55,0.28,0.05
2026-02-17,ECC,3.98,4.17,4.19,3.95,9411040,38319805.0,5.37,-6.71,-0.3,68.1
2026-02-17,ECCC,24.16,24.51,24.52,24.08,10434,254218.0,1.81,0.86,0.21,0.0
2026-02-17,ECCU,25.3,25.25,25.35,25.22,11874,299975.0,0.51,-0.2,-0.05,0.0
2026-02-17,ECCV,23.72,23.724,23.765,23.54,4339,103009.0,0.94,-0.44,-0.106,0.0
2026-02-17,ECCW,24.92,25.039,25.039,24.91,7187,179465.0,0.52,0.68,0.169,0.0
2026-02-17,ECCX,24.93,24.95,24.99,24.81,9861,245872.0,0.72,0.2,0.05,0.0
2026-02-17,ECC_D,19.35,19.25,19.37,19.2,37756,728513.0,0.87,-0.93,-0.18,0.0
2026-02-17,ECF,12.22,12.16,12.265,12.091,30113,367205.0,1.41,-1.14,-0.14,0.0
2026-02-17,ECF_A,21.61,21.665,21.72,21.6,799,17309.0,0.55,-0.3,-0.065,0.0
2026-02-17,ECG,104.11,101.53,104.6,99.93,477340,48944324.0,4.44,-3.45,-3.63,0.94
2026-02-17,ECH,43.57,43.8,43.8,43.11,812226,35300839.0,1.57,-0.02,-0.01,0.0
2026-02-17,ECL,300.63,303.8,304.25,298.51,1341236,406760112.0,1.92,1.55,4.63,0.48
2026-02-17,ECML,37.01,37.031,37.031,37.01,710,26278.0,0.06,-0.36,-0.135,0.0
2026-02-17,ECNS,36.01,36.21,36.29,35.91,15088,545619.0,1.05,0.5,0.18,0.0
2026-02-17,ECO,42.0,42.71,42.78,41.52,652929,27549477.0,2.93,-0.63,-0.27,1.67
2026-02-17,ECON,30.86,30.849,30.949,30.59,11051,340613.0,1.16,-0.62,-0.191,0.0
2026-02-17,ECOR,5.43,6.14,6.89,5.43,137332,853997.0,26.89,13.08,0.71,1.72
2026-02-17,ECOW,27.21,27.365,27.39,27.04,46881,1278711.0,1.27,-0.35,-0.097,0.0
2026-02-17,ECPG,57.29,57.29,58.006,56.96,118951,6832149.0,1.82,-0.31,-0.18,0.55
2026-02-17,ECVT,11.55,11.64,11.7,11.515,1684112,19585414.0,1.59,0.17,0.02,1.51
2026-02-17,ECX,1.65,1.67,1.73,1.57,2572954,4309590.0,9.7,1.21,0.02,0.72
2026-02-17,ECXWW,0.053,0.064,0.064,0.051,1200,70.0,20.0,-1.54,-0.001,0.0
2026-02-17,ED,114.61,113.92,115.25,113.06,2565528,292178320.0,1.93,0.18,0.2,0.71
2026-02-17,EDAP,4.63,4.66,4.71,4.445,63805,291362.0,5.67,-0.21,-0.01,0.17
2026-02-17,EDBL,3.31,3.32,3.34,3.19,39551,129517.0,4.48,-0.9,-0.03,7.71
2026-02-17,EDBLW,0.104,0.101,0.104,0.101,1562,169.0,3.0,1.0,0.001,0.0
2026-02-17,EDC,72.71,73.15,73.895,70.7,182471,13226477.0,4.31,-1.3,-0.96,0.0
2026-02-17,EDD,6.16,6.16,6.179,6.135,383878,2363650.0,0.71,-0.16,-0.01,0.0
2026-02-17,EDEN,114.2,115.634,115.685,114.2,4786,549647.0,1.29,0.25,0.287,0.0
2026-02-17,EDF,5.12,5.24,5.286,5.08,978877,5100944.0,4.04,2.75,0.14,0.0
2026-02-17,EDGE,45.48,45.462,45.53,45.462,267,12136.0,0.15,0.18,0.083,0.0
2026-02-17,EDGF,24.83,24.82,24.83,24.79,69223,1716685.0,0.16,0.02,0.005,0.0
2026-02-17,EDGH,32.03,31.96,32.07,31.83,24423,780377.0,0.74,-1.93,-0.63,0.0
2026-02-17,EDGI,30.64,30.82,30.86,30.52,50365,1549744.0,1.1,-0.34,-0.106,0.0
2026-02-17,EDGU,29.02,28.99,29.06,28.88,13590,393786.0,0.62,-0.1,-0.03,0.0
2026-02-17,EDHL,3.09,2.95,3.29,2.93,14289,45012.0,11.29,-7.52,-0.24,0.86
2026-02-17,EDIT,1.75,1.74,1.79,1.705,665817,1163161.0,4.83,-1.14,-0.02,0.68
2026-02-17,EDIV,42.42,42.51,42.6,42.16,159586,6770108.0,1.04,0.14,0.06,0.0
2026-02-17,EDN,28.01,27.69,28.285,26.63,34966,960687.0,5.83,-2.47,-0.7,0.08
2026-02-17,EDOG,26.33,26.387,26.39,26.215,3313,87118.0,0.66,-0.04,-0.011,0.0
2026-02-17,EDOW,43.13,43.14,43.217,42.87,11589,499281.0,0.8,-0.05,-0.02,0.0
2026-02-17,EDRY,14.06,14.187,14.187,14.06,1462,20864.0,0.93,3.84,0.525,0.05
2026-02-17,EDSA,1.128,1.025,1.18,0.99,584502,654436.0,18.63,0.49,0.005,7.0
2026-02-17,EDTK,0.9,0.872,0.9,0.862,3059,2719.0,4.22,-3.11,-0.028,0.02
2026-02-17,EDU,58.83,59.0,59.54,58.45,687576,40585756.0,1.86,0.51,0.3,0.43
2026-02-17,EDUC,1.38,1.377,1.42,1.37,9350,12938.0,3.52,-3.03,-0.043,0.11
2026-02-17,EDV,68.37,68.34,68.61,68.175,1218409,83302405.0,0.64,0.43,0.29,0.0
2026-02-17,EDZ,25.85,25.71,26.52,25.457,64743,1674529.0,4.19,1.46,0.37,0.0
2026-02-17,EE,41.8,41.78,42.28,41.19,297756,12431572.0,2.61,-0.14,-0.06,0.26
2026-02-17,EEA,10.89,10.92,10.945,10.86,32757,357082.0,0.78,0.09,0.01,0.0
2026-02-17,EEE,19.306,19.306,19.306,19.306,8,154.0,0.0,-0.42,-0.081,0.0
2026-02-17,EEFT,68.44,70.55,70.97,68.081,909845,63699634.0,4.25,3.81,2.59,2.31
2026-02-17,EEIQ,3.07,3.565,3.8,3.0,261639,899680.0,444.44,1880.56,3.385,17.68
2026-02-17,EELV,29.56,29.7,29.7,29.431,44871,1327567.0,0.91,0.41,0.121,0.0
2026-02-17,EEM,60.72,60.87,61.08,60.19,38127228,2314906960.0,1.46,-0.41,-0.25,0.0
2026-02-17,EEMA,103.25,103.65,103.99,102.23,96799,9943865.0,1.69,-0.2,-0.205,0.0
2026-02-17,EEMO,18.59,18.758,18.87,18.59,15738,294284.0,1.5,0.31,0.058,0.0
2026-02-17,EEMS,73.4,73.59,73.78,72.955,28326,2081971.0,1.12,-0.24,-0.18,0.0
2026-02-17,EEMV,67.97,68.09,68.2,67.54,352878,23992910.0,0.97,-0.07,-0.05,0.0
2026-02-17,EEMX,47.23,47.439,47.61,46.923,6378,302189.0,1.44,-0.44,-0.208,0.0
2026-02-17,EES,60.47,60.35,60.557,59.82,11952,720804.0,1.22,-0.08,-0.05,0.0
2026-02-17,EET,98.29,98.491,102.08,96.42,13915,1363058.0,5.71,-0.7,-0.699,0.0
2026-02-17,EETH,24.75,24.84,25.075,24.15,89401,2202249.0,3.64,-2.32,-0.59,0.0
2026-02-17,EEV,15.36,15.15,15.46,15.135,5122,78102.0,2.16,0.7,0.106,0.0
2026-02-17,EEX,4.75,4.81,4.86,4.71,30429,146026.0,3.14,0.84,0.04,0.02
2026-02-17,EFA,103.36,104.22,104.34,103.02,19647198,2038904496.0,1.27,-0.02,-0.02,0.0
2026-02-17,EFAA,56.45,56.82,56.888,56.2,121144,6860342.0,1.21,0.12,0.07,0.0
2026-02-17,EFAD,43.15,43.08,43.15,42.9,5526,237220.0,0.58,-0.35,-0.15,0.0
2026-02-17,EFAS,20.98,21.035,21.04,20.91,11749,246346.0,0.62,0.55,0.115,0.0
2026-02-17,EFAV,93.49,93.63,93.745,93.005,382234,35739483.0,0.79,-0.2,-0.19,0.0
2026-02-17,EFAX,53.9,54.19,54.28,53.7,19481,1053525.0,1.07,0.0,0.0,0.0
2026-02-17,EFC,12.94,12.82,12.98,12.665,1506930,19293330.0,2.43,-0.93,-0.12,1.21
2026-02-17,EFC_A,25.13,25.11,25.15,25.11,40533,1018126.0,0.16,-0.02,-0.005,0.0
2026-02-17,EFC_B,24.21,24.25,24.25,24.2,10154,245927.0,0.21,0.25,0.06,0.0
2026-02-17,EFC_C,25.11,25.59,25.61,25.11,3101,78752.0,1.97,0.67,0.17,0.0
2026-02-17,EFC_D,24.39,24.39,24.39,24.39,1350,32933.0,0.0,-0.85,-0.21,0.0
2026-02-17,EFFE,24.907,24.907,24.907,24.907,4,99.0,0.0,-0.09,-0.023,0.0
2026-02-17,EFFI,25.081,25.081,25.081,25.081,53,1324.0,0.0,0.43,0.107,0.0
2026-02-17,EFG,120.71,121.82,122.03,120.32,737052,89539859.0,1.4,-0.05,-0.06,0.0
2026-02-17,EFIV,66.37,66.57,66.78,65.97,22284,1482083.0,1.22,0.17,0.11,0.0
2026-02-17,EFNL,49.89,50.54,50.62,49.89,5265,264768.0,1.46,0.9,0.45,0.0
2026-02-17,EFO,72.97,74.22,74.55,72.815,18637,1368061.0,2.33,-0.28,-0.21,0.0
2026-02-17,EFOI,1.75,1.735,1.75,1.7,2043,3531.0,2.76,-4.14,-0.075,0.04
2026-02-17,EFR,11.03,11.0,11.11,10.97,154530,1703799.0,1.26,-0.81,-0.09,0.0
2026-02-17,EFRA,36.88,36.917,36.917,36.78,1002,36941.0,0.37,-0.47,-0.174,0.0
2026-02-17,EFSC,60.92,61.26,61.54,60.33,190194,11635426.0,1.99,0.77,0.47,0.51
2026-02-17,EFSCP,20.52,20.44,20.74,20.44,3090,63450.0,1.48,1.09,0.22,0.1
2026-02-17,EFSI,39.01,39.12,39.25,38.84,12739,497953.0,1.06,0.77,0.3,0.24
2026-02-17,EFT,11.21,11.24,11.28,11.21,109144,1227857.0,0.62,-0.97,-0.11,0.0
2026-02-17,EFU,7.78,7.705,7.78,7.705,524,4051.0,0.97,0.06,0.005,0.0
2026-02-17,EFV,78.03,78.66,78.72,77.83,2105605,164978909.0,1.13,0.04,0.03,0.0
2026-02-17,EFX,195.34,192.7,198.08,191.38,1753375,338485744.0,3.48,-0.05,-0.1,1.46
2026-02-17,EFXT,18.95,19.02,19.315,18.62,626403,11900306.0,3.67,0.37,0.07,0.51
2026-02-17,EFZ,11.85,11.78,11.85,11.78,11335,133870.0,0.6,0.23,0.027,0.0
2026-02-17,EG,340.52,346.03,348.22,337.94,587525,203059575.0,3.04,2.37,8.0,1.45
2026-02-17,EGAN,9.98,9.81,10.14,9.77,245393,2438836.0,3.7,-1.8,-0.18,0.9
2026-02-17,EGBN,26.37,26.41,26.89,26.124,270349,7146552.0,2.92,0.57,0.15,0.89
2026-02-17,EGG,5.1,5.53,5.97,5.08,25476,141486.0,18.9,17.41,0.82,0.09
2026-02-17,EGGQ,44.15,44.375,44.685,44.15,1444,64132.0,1.2,-0.49,-0.217,0.0
2026-02-17,EGGS,36.75,36.66,36.926,36.645,2509,92127.0,0.77,-0.07,-0.025,0.0
2026-02-17,EGGY,33.56,33.795,34.059,33.56,22815,772502.0,1.47,-0.19,-0.065,0.0
2026-02-17,EGHA,10.21,10.2,10.21,10.2,26790,273497.0,0.1,-0.1,-0.01,0.13
2026-02-17,EGHAR,0.35,0.35,0.35,0.35,9,3.0,0.0,0.0,0.0,0.0
2026-02-17,EGHT,2.66,2.53,2.67,2.48,1761816,4500062.0,7.06,-5.95,-0.16,1.26
2026-02-17,EGLE,28.514,28.514,28.514,28.514,6,172.0,0.0,-0.3,-0.085,0.0
2026-02-17,EGO,44.39,45.33,45.96,43.23,3429479,154160097.0,5.76,-4.31,-2.04,1.73
2026-02-17,EGP,191.92,192.83,193.685,190.48,414301,79777245.0,1.68,1.0,1.91,0.78
2026-02-17,EGUS,49.711,49.931,50.07,49.71,1516,75611.0,0.72,0.47,0.235,0.0
2026-02-17,EGY,4.98,4.85,5.03,4.74,785922,3803355.0,5.88,-1.62,-0.08,0.75
2026-02-17,EH,11.8,12.01,12.13,11.606,341433,4064348.0,4.53,3.71,0.43,0.47
2026-02-17,EHAB,11.12,11.29,11.3,11.06,724991,8134928.0,2.15,1.16,0.13,1.43
2026-02-17,EHC,110.87,109.54,112.975,109.34,1622052,178610428.0,3.3,-0.54,-0.6,1.63
2026-02-17,EHGO,0.18,0.197,0.201,0.18,11768,2284.0,10.55,-1.01,-0.002,0.04
2026-02-17,EHI,6.54,6.5,6.55,6.5,97725,637439.0,0.77,-0.54,-0.035,0.0
2026-02-17,EHLD,6.44,6.76,7.0,6.44,6199,41597.0,8.7,4.97,0.32,0.22
2026-02-17,EHLS,25.658,25.657,25.658,25.657,201,5156.0,0.0,0.15,0.039,0.0
2026-02-17,EHTH,1.69,1.58,1.714,1.56,714212,1148085.0,9.06,-7.06,-0.12,2.3
2026-02-17,EHY,11.55,11.57,11.63,11.37,9332,107497.0,2.21,-1.56,-0.183,0.0
2026-02-17,EIC,9.88,10.12,10.16,9.782,286451,2859903.0,3.72,-0.39,-0.04,2.21
2026-02-17,EICA,24.74,24.77,24.83,24.74,3013,74706.0,0.36,0.2,0.05,0.0
2026-02-17,EICC,25.18,25.198,25.206,25.17,43975,1107382.0,0.14,-0.09,-0.022,0.0
2026-02-17,EIDO,17.78,17.82,17.837,17.715,304912,5424971.0,0.69,0.28,0.05,0.0
2026-02-17,EIG,42.7,42.93,43.83,42.415,292503,12556882.0,3.33,1.01,0.43,1.44
2026-02-17,EIIA,25.16,25.23,25.25,25.14,8525,214804.0,0.44,-0.02,-0.005,0.0
2026-02-17,EIKN,15.35,15.72,16.25,15.25,482503,7562906.0,6.64,4.45,0.67,0.89
2026-02-17,EIM,9.95,9.97,9.98,9.94,97602,972262.0,0.4,-0.2,-0.02,0.0
2026-02-17,EINC,110.33,110.16,110.55,110.03,5763,635614.0,0.47,-0.79,-0.878,0.0
2026-02-17,EIPI,22.04,21.93,22.05,21.81,103970,2280807.0,1.09,-0.54,-0.12,0.0
2026-02-17,EIPX,30.74,30.463,30.769,30.28,28008,856018.0,1.59,-0.64,-0.197,0.0
2026-02-17,EIRL,72.42,72.748,72.87,72.11,54684,3963432.0,1.05,0.2,0.148,0.0
2026-02-17,EIS,122.92,122.89,123.37,122.0,138577,16995483.0,1.12,0.32,0.39,0.0
2026-02-17,EIX,72.34,71.42,72.68,71.26,4140247,296687344.0,1.99,-0.06,-0.04,1.08
2026-02-17,EJAN,35.05,35.07,35.12,34.885,15172,531536.0,0.67,-0.14,-0.05,0.0
2026-02-17,EJH,0.59,0.583,0.598,0.532,141365,80320.0,11.38,0.52,0.003,0.18
2026-02-17,EJUL,30.35,30.419,30.439,30.33,2316,70365.0,0.36,0.04,0.013,0.0
2026-02-17,EKG,17.39,17.635,17.635,17.39,2998,52425.0,1.41,1.47,0.255,0.0
2026-02-17,EKSO,9.7,11.155,11.4,9.6,233992,2468375.0,18.24,13.02,1.285,6.57
2026-02-17,EL,110.13,112.14,112.35,108.185,4394150,486791248.0,3.85,3.6,3.9,1.21
2026-02-17,ELA,12.91,13.22,13.27,12.783,88460,1157039.0,3.79,2.88,0.37,0.34
2026-02-17,ELAB,1.35,1.28,1.375,1.28,324913,426735.0,6.93,-6.57,-0.09,10.0
2026-02-17,ELAN,25.02,24.86,25.29,24.84,3415428,85266464.0,1.79,-1.07,-0.27,0.69
2026-02-17,ELBM,0.85,0.84,0.855,0.825,621100,522173.0,3.48,-2.44,-0.021,0.66
2026-02-17,ELC,20.94,21.12,21.12,20.91,15466,325040.0,1.0,0.86,0.18,0.0
2026-02-17,ELCV,29.42,29.33,29.42,29.2,44671,1310466.0,0.75,-0.37,-0.11,0.0
2026-02-17,ELD,30.21,30.03,30.21,29.84,25836,775068.0,1.23,-0.23,-0.07,0.0
2026-02-17,ELDN,2.17,2.11,2.21,2.09,1033198,2219303.0,5.94,4.46,0.09,1.38
2026-02-17,ELE,20.9,19.41,20.9,18.9,201290,3934976.0,9.5,-7.79,-1.64,0.32
2026-02-17,ELF,83.13,87.28,88.55,83.125,3122363,268797312.0,6.66,7.09,5.78,5.29
2026-02-17,ELFY,40.75,40.69,40.805,40.34,85137,3453637.0,1.14,-0.12,-0.048,0.0
2026-02-17,ELIL,25.98,25.282,26.74,25.28,39766,1034750.0,5.71,-1.05,-0.268,0.0
2026-02-17,ELIS,17.34,17.51,17.51,17.05,8282,141921.0,2.63,0.26,0.045,0.0
2026-02-17,ELLO,28.49,28.41,28.5,28.01,2689,76257.0,1.72,-0.32,-0.09,0.02
2026-02-17,ELM,28.3,28.37,28.42,28.185,27407,776125.0,0.83,-0.11,-0.03,0.0
2026-02-17,ELMD,23.77,25.34,25.73,23.555,177239,4415327.0,8.97,4.45,1.08,2.14
2026-02-17,ELME,2.19,2.18,2.2,2.15,1447717,3142779.0,2.29,0.0,0.0,1.63
2026-02-17,ELOG,1.09,1.09,1.09,0.905,75828,78232.0,16.67,-1.8,-0.02,0.63
2026-02-17,ELPC,10.56,10.61,10.68,10.52,116472,1235771.0,1.5,-0.75,-0.08,0.04
2026-02-17,ELPW,0.46,0.489,0.56,0.451,2593156,1311649.0,22.34,0.2,0.001,20.85
2026-02-17,ELS,68.2,67.89,68.539,67.36,1756910,119253755.0,1.74,0.1,0.07,0.91
2026-02-17,ELSE,4.23,4.23,4.295,4.23,1934,8246.0,1.54,0.0,0.0,0.06
2026-02-17,ELTK,8.7,8.4,8.9,8.36,12538,107705.0,6.21,-3.45,-0.3,0.19
2026-02-17,ELTX,8.61,8.59,9.05,8.37,48909,422683.0,7.95,0.47,0.04,0.27
2026-02-17,ELUT,1.1,1.15,1.22,1.07,467907,543529.0,14.29,9.52,0.1,1.09
2026-02-17,ELV,347.22,344.78,352.0,342.05,1133714,391325248.0,2.87,-0.58,-2.02,0.51
2026-02-17,ELVA,7.7,7.85,7.975,7.63,380611,2981497.0,4.45,1.29,0.1,0.79
2026-02-17,ELVN,26.56,26.13,26.92,25.76,674705,17660156.0,4.34,-2.21,-0.59,1.14
2026-02-17,ELVR,51.27,53.34,54.15,50.7,58834,3101853.0,6.68,3.23,1.67,0.35
2026-02-17,ELWT,5.91,6.125,6.32,5.55,44482,266368.0,13.1,4.17,0.245,0.67
2026-02-17,EM,1.16,1.16,1.17,1.16,82639,95924.0,0.86,0.0,0.0,0.03
2026-02-17,EMA,51.64,51.71,52.15,51.403,905661,46876044.0,1.45,0.47,0.24,0.3
2026-02-17,EMAT,10.51,10.28,11.67,9.2,338941,3577784.0,24.95,3.84,0.38,0.06
2026-02-17,EMB,97.595,97.62,97.76,97.54,4672193,456158608.0,0.23,0.21,0.2,0.0
2026-02-17,EMBC,10.2,10.27,10.44,10.12,1105868,11358166.0,3.15,0.98,0.1,1.87
2026-02-17,EMBD,24.26,24.267,24.309,24.2,13993,339409.0,0.45,-0.01,-0.003,0.0
2026-02-17,EMBJ,70.99,71.51,72.05,69.65,443898,31592553.0,3.38,0.66,0.47,0.25
2026-02-17,EMBX,52.22,52.296,52.36,52.19,32443,1696060.0,0.33,0.08,0.041,0.0
2026-02-17,EMC,35.03,33.73,35.69,33.33,36136,1243091.0,7.0,0.01,0.005,0.0
2026-02-17,EMCB,66.98,67.12,68.03,66.98,3650,245213.0,1.57,0.28,0.185,0.0
2026-02-17,EMCR,40.66,40.698,40.75,40.3,2805,114029.0,1.1,-0.17,-0.071,0.0
2026-02-17,EMCS,42.33,39.96,42.33,39.76,2797,111792.0,6.4,-0.51,-0.205,0.0
2026-02-17,EMD,11.28,11.28,11.29,11.2,346192,3894583.0,0.8,0.0,0.0,0.0
2026-02-17,EMDM,37.11,37.09,37.2,36.57,8775,324391.0,1.68,-1.19,-0.448,0.0
2026-02-17,EMDV,48.332,48.332,48.332,48.332,134,6453.0,0.0,0.5,0.242,0.0
2026-02-17,EME,798.0,797.5,806.39,788.06,364099,290508224.0,2.29,-0.41,-3.32,0.82
2026-02-17,EMEQ,48.71,48.617,49.03,48.01,118738,5767400.0,2.07,-1.25,-0.613,0.0
2026-02-17,EMES,24.871,24.871,24.871,24.871,2,50.0,0.0,-0.04,-0.009,0.0
2026-02-17,EMET,46.66,43.394,46.99,42.72,28669,1238987.0,9.61,-2.36,-1.048,0.0
2026-02-17,EMF,20.2,20.22,20.29,19.92,56143,1130429.0,1.83,0.0,0.0,0.0
2026-02-17,EMGF,64.65,64.79,65.009,64.04,82489,5326521.0,1.49,-0.4,-0.26,0.0
2026-02-17,EMHC,25.78,25.79,25.8,25.76,33903,874150.0,0.16,0.29,0.074,0.0
2026-02-17,EMHY,40.93,40.93,40.945,40.865,184813,7561460.0,0.2,0.24,0.1,0.0
2026-02-17,EMIF,30.24,30.299,30.405,29.98,10166,307365.0,1.41,0.54,0.163,0.0
2026-02-17,EMIS,10.02,10.02,10.03,10.01,12368,123882.0,0.2,-0.1,-0.01,0.08
2026-02-17,EMKT,28.11,28.11,28.14,27.9,15600,437157.0,0.85,-0.07,-0.02,0.0
2026-02-17,EML,18.53,18.52,18.99,18.52,11197,208942.0,2.53,-0.48,-0.09,0.19
2026-02-17,EMLC,26.47,26.52,26.54,26.42,3154383,83528474.0,0.45,0.15,0.04,0.0
2026-02-17,EMLP,43.05,42.86,43.052,42.73,291446,12505594.0,0.75,-0.23,-0.1,0.0
2026-02-17,EMM,38.22,38.43,38.5,37.98,9065,347696.0,1.35,-0.41,-0.16,0.0
2026-02-17,EMMF,34.64,34.81,34.89,34.39,14749,512414.0,1.43,-0.34,-0.12,0.0
2026-02-17,EMN,80.29,79.11,80.35,78.611,1155363,91543094.0,2.17,-1.21,-0.97,1.01
2026-02-17,EMNT,98.85,98.84,98.86,98.84,5328,526644.0,0.02,-0.01,-0.005,0.0
2026-02-17,EMO,50.9,50.86,51.0,50.612,85942,4368392.0,0.77,0.71,0.36,0.0
2026-02-17,EMOP,46.52,46.56,46.61,46.305,75737,3527750.0,0.66,0.12,0.055,0.0
2026-02-17,EMOT,24.815,24.887,24.94,24.8,1687,41971.0,0.56,-0.46,-0.114,0.0
2026-02-17,EMP,20.92,21.0,21.02,20.9,16908,354473.0,0.57,0.62,0.13,0.0
2026-02-17,EMPB,29.68,29.667,29.735,29.66,2289,67910.0,0.25,0.26,0.077,0.0
2026-02-17,EMPD,3.77,3.86,3.91,3.62,1187725,4667192.0,7.71,2.66,0.1,3.18
2026-02-17,EMQQ,37.11,37.32,37.5,36.955,45496,1693874.0,1.46,0.05,0.02,0.0
2026-02-17,EMR,146.45,148.85,150.17,145.0,4608390,684261296.0,3.49,0.49,0.72,0.82
2026-02-17,EMSF,32.96,32.919,33.14,32.85,2220,73258.0,0.87,-0.86,-0.284,0.0
2026-02-17,EMTL,43.33,43.22,43.33,43.18,20335,879995.0,0.35,0.2,0.085,0.0
2026-02-17,EMTY,11.041,10.97,11.07,10.97,22760,250414.0,0.91,0.27,0.03,0.0
2026-02-17,EMXC,83.65,83.75,84.065,82.721,2915712,243327868.0,1.59,-0.66,-0.56,0.0
2026-02-17,EMXF,51.12,51.195,51.71,50.765,11715,599812.0,1.84,-0.2,-0.105,0.0
2026-02-17,ENB,52.08,51.44,52.25,50.66,8027035,411428608.0,2.95,-4.53,-2.44,0.37
2026-02-17,ENDW,32.99,32.883,32.99,32.64,7688,252377.0,1.06,-0.2,-0.065,0.0
2026-02-17,ENFR,35.97,35.7,35.97,35.34,57725,2059461.0,1.75,-0.83,-0.3,0.0
2026-02-17,ENGN,9.77,9.89,9.96,9.49,110754,1085093.0,4.81,1.12,0.11,0.17
2026-02-17,ENGNW,3.295,3.295,3.295,3.295,10,32.0,0.0,0.0,0.0,0.0
2026-02-17,ENGS,0.9,0.955,0.96,0.85,44653,40925.0,12.22,6.11,0.055,0.15
2026-02-17,ENHU,25.15,25.316,25.316,25.13,871,21954.0,0.73,-1.08,-0.276,0.0
2026-02-17,ENIC,4.17,4.14,4.215,3.91,682877,2796140.0,7.23,-1.9,-0.08,0.05
2026-02-17,ENJ,21.355,21.245,21.39,21.03,3110,66127.0,1.68,-0.77,-0.165,0.0
2026-02-17,ENLT,71.19,75.27,75.73,71.0,325600,23933436.0,7.29,16.04,10.405,0.25
2026-02-17,ENLV,1.09,1.1,1.12,1.08,131673,144518.0,3.6,-0.9,-0.01,0.06
2026-02-17,ENO,22.63,22.7,22.78,22.5,18227,411569.0,1.25,1.06,0.238,0.0
2026-02-17,ENOR,33.2,33.24,33.24,32.8,29163,961963.0,1.32,0.06,0.02,0.0
2026-02-17,ENOV,21.75,21.63,22.14,21.6,832915,18126864.0,2.48,-0.64,-0.14,1.46
2026-02-17,ENPH,43.29,45.64,46.17,43.07,6112544,276385568.0,7.13,4.94,2.15,4.66
2026-02-17,ENPX,23.515,26.19,26.647,23.515,32060,816560.0,13.1,9.54,2.28,0.0
2026-02-17,ENR,22.58,22.99,23.13,22.22,1208267,27506362.0,4.0,0.97,0.22,1.76
2026-02-17,ENS,178.035,178.06,180.5,176.67,523508,93461860.0,2.14,-0.64,-1.14,1.42
2026-02-17,ENSC,0.443,0.434,0.699,0.376,30830556,16610179.0,74.25,-0.23,-0.001,848.79
2026-02-17,ENSG,213.43,212.47,216.85,210.26,432368,92394188.0,3.09,-0.41,-0.87,0.74
2026-02-17,ENTA,13.89,13.86,14.12,13.65,104543,1456336.0,3.39,0.07,0.01,0.36
2026-02-17,ENTG,129.05,129.56,130.77,125.545,1872202,240954642.0,3.98,-1.42,-1.87,1.23
2026-02-17,ENTX,1.54,1.42,1.54,1.39,52953,75955.0,10.0,-5.33,-0.08,0.12
2026-02-17,ENVA,149.95,148.36,152.648,147.37,322480,48075824.0,3.54,-0.51,-0.76,1.29
2026-02-17,ENVB,2.1,2.08,2.12,1.98,23715,49043.0,6.67,-0.95,-0.02,1.71
2026-02-17,ENVX,5.84,5.92,6.03,5.59,4132528,24055484.0,7.43,0.0,0.0,1.91
2026-02-17,ENZL,45.23,44.905,45.564,44.66,531141,23958592.0,1.93,-3.99,-1.867,0.0
2026-02-17,EOCT,33.0,33.09,33.11,32.98,16869,557348.0,0.39,0.14,0.047,0.0
2026-02-17,EOD,6.1,6.11,6.11,6.04,174187,1059246.0,1.15,0.49,0.03,0.0
2026-02-17,EOG,121.79,119.75,122.385,117.79,5219160,623199920.0,3.81,-0.81,-0.98,0.97
2026-02-17,EOI,20.36,20.3,20.36,20.06,66342,1343545.0,1.47,-0.49,-0.1,0.0
2026-02-17,EOLS,4.35,4.39,4.45,4.25,618676,2695994.0,4.65,2.09,0.09,0.95
2026-02-17,EONR,0.36,0.347,0.36,0.34,577031,200689.0,5.52,-4.14,-0.015,1.15
2026-02-17,EONR_WS,0.041,0.059,0.059,0.041,1930,90.0,47.37,55.26,0.021,0.0
2026-02-17,EOS,21.8,21.8,21.96,21.64,131978,2873408.0,1.45,-0.91,-0.2,0.0
2026-02-17,EOSE,10.9,11.45,11.52,10.72,13160024,146766982.0,7.21,3.15,0.35,3.9
2026-02-17,EOSU,9.4,10.16,10.18,8.84,140123,1301805.0,14.14,7.17,0.68,0.0
2026-02-17,EOT,17.51,17.54,17.61,17.43,16953,297175.0,1.02,-0.74,-0.13,0.0
2026-02-17,EP,2.9,2.87,3.06,2.85,52439,153181.0,7.22,-1.37,-0.04,0.15
2026-02-17,EPAC,42.67,42.8,43.18,42.15,327366,14009828.0,2.39,-0.51,-0.22,0.62
2026-02-17,EPAI,23.25,23.252,23.42,23.187,4227,98787.0,1.0,-0.25,-0.059,0.0
2026-02-17,EPAM,168.55,162.2,170.055,159.645,1488144,242799882.0,6.26,-2.51,-4.17,2.75
2026-02-17,EPC,22.12,22.09,22.2,21.68,978816,21538575.0,2.38,0.91,0.2,2.1
2026-02-17,EPD,36.95,36.75,37.09,36.58,5687277,209178937.0,1.37,-1.24,-0.46,0.26
2026-02-17,EPEM,26.825,26.825,26.825,26.825,45,1206.0,0.0,-0.03,-0.009,0.0
2026-02-17,EPHE,26.58,26.68,26.76,26.564,76378,2036541.0,0.73,-1.08,-0.29,0.0
2026-02-17,EPI,45.6,45.79,45.84,45.49,720098,32887089.0,0.77,0.64,0.29,0.0
2026-02-17,EPIN,24.96,24.96,24.96,24.96,1,25.0,0.0,0.16,0.041,0.0
2026-02-17,EPM,4.35,4.41,4.475,4.2,584873,2555734.0,6.29,0.92,0.04,1.67
2026-02-17,EPMB,24.905,24.905,24.905,24.905,2,50.0,0.0,-0.44,-0.111,0.0
2026-02-17,EPMV,24.586,24.586,24.586,24.586,1,25.0,0.0,2.53,0.606,0.0
2026-02-17,EPOL,37.14,37.5,37.53,36.88,644966,24069322.0,1.73,-0.45,-0.17,0.0
2026-02-17,EPOW,0.943,0.87,0.943,0.843,237195,205927.0,9.71,-15.53,-0.16,0.61
2026-02-17,EPP,55.19,55.5,55.64,54.83,595329,32889246.0,1.46,0.34,0.19,0.0
2026-02-17,EPR,58.49,58.45,59.035,58.227,733872,42968586.0,1.38,-0.07,-0.04,0.96
2026-02-17,EPRF,17.55,17.7,17.7,17.55,11634,205145.0,0.85,0.17,0.03,0.0
2026-02-17,EPRT,32.29,32.69,32.72,32.03,1880572,61161354.0,2.15,1.87,0.6,0.9
2026-02-17,EPRX,8.44,8.23,8.44,8.15,76517,631414.0,3.44,-2.26,-0.19,0.15
2026-02-17,EPR_C,25.98,26.13,26.2,25.9,3566,92833.0,1.16,1.2,0.31,0.0
2026-02-17,EPR_E,33.76,33.17,33.76,32.84,8159,270887.0,2.71,-2.41,-0.82,0.0
2026-02-17,EPR_G,20.89,21.18,21.36,20.89,6456,136174.0,2.25,1.36,0.284,0.0
2026-02-17,EPS,70.78,70.98,71.175,70.35,64744,4589516.0,1.16,0.16,0.11,0.0
2026-02-17,EPSB,25.486,25.486,25.486,25.486,16,408.0,0.0,-0.15,-0.038,0.0
2026-02-17,EPSM,1.56,1.52,1.678,1.51,32975,51211.0,10.68,-3.37,-0.053,0.25
2026-02-17,EPSN,4.92,4.79,4.988,4.7,167223,798965.0,5.85,-2.64,-0.13,0.56
2026-02-17,EPSV,26.86,26.838,26.86,26.838,112,3008.0,0.08,0.18,0.048,0.0
2026-02-17,EPU,85.47,84.91,85.47,83.68,648465,54914719.0,2.07,-2.03,-1.76,0.0
2026-02-17,EPV,19.57,19.24,19.679,19.22,8959,174458.0,2.35,-1.39,-0.271,0.0
2026-02-17,EP_C,50.2,50.7,50.7,50.2,2571,129726.0,0.99,0.2,0.1,0.0
2026-02-17,EQ,1.58,1.59,1.64,1.55,220226,350641.0,5.73,1.27,0.02,0.36
2026-02-17,EQAL,56.74,56.59,56.88,56.11,195493,11062296.0,1.36,-0.35,-0.2,0.0
2026-02-17,EQBK,46.33,46.19,47.0,46.19,94265,4374677.0,1.75,0.04,0.02,0.5
2026-02-17,EQH,44.52,45.25,45.41,44.14,1946679,87654445.0,2.86,1.94,0.86,0.69
2026-02-17,EQH_A,20.71,20.65,20.76,20.6,113134,2336328.0,0.78,0.15,0.03,0.35
2026-02-17,EQH_C,16.57,16.53,16.57,16.47,32853,542957.0,0.61,0.3,0.05,0.27
2026-02-17,EQIN,51.04,50.828,51.156,50.7,24432,1243460.0,0.89,-0.42,-0.212,0.0
2026-02-17,EQIX,952.5,951.97,958.29,933.0,700242,666080352.0,2.64,-0.44,-4.22,0.71
2026-02-17,EQL,49.4,49.24,49.4,48.95,345674,17028748.0,0.91,-0.28,-0.14,0.0
2026-02-17,EQLT,33.7,33.683,33.755,33.683,2707,91225.0,0.21,-0.35,-0.118,0.0
2026-02-17,EQNR,27.13,27.32,27.365,26.83,3904125,106188813.0,1.9,-2.78,-0.78,0.14
2026-02-17,EQPT,34.0,33.96,34.3,32.48,467389,15695547.0,5.39,0.56,0.19,0.19
2026-02-17,EQR,64.52,63.48,65.11,62.63,2948469,186812261.0,3.88,-0.6,-0.38,0.78
2026-02-17,EQRR,68.254,68.254,68.254,68.254,12,818.0,0.0,-0.06,-0.044,0.0
2026-02-17,EQS,1.35,1.35,1.35,1.35,960,1296.0,0.0,-1.46,-0.02,0.01
2026-02-17,EQT,58.74,57.75,58.89,56.465,10209421,586915184.0,4.13,-1.62,-0.95,1.63
2026-02-17,EQTY,26.84,26.87,26.93,26.69,21806,585597.0,0.89,-0.12,-0.032,0.0
2026-02-17,EQWL,121.93,121.71,122.08,120.91,127484,15504230.0,0.96,-0.16,-0.2,0.0
2026-02-17,EQX,15.25,15.06,15.34,14.58,9337953,140599225.0,4.81,-4.68,-0.74,1.19
2026-02-17,ERAS,12.03,12.45,12.48,11.88,3544987,43333095.0,5.0,3.75,0.45,1.16
2026-02-17,ERC,9.41,9.42,9.44,9.39,53792,506549.0,0.53,0.21,0.02,0.0
2026-02-17,ERET,29.32,29.479,29.54,29.21,2150,63218.0,1.13,0.88,0.258,0.0
2026-02-17,ERH,12.31,12.34,12.45,12.31,30509,377645.0,1.13,-0.09,-0.011,0.0
2026-02-17,ERIC,11.03,11.18,11.19,11.005,4328503,48059310.0,1.67,0.99,0.11,0.13
2026-02-17,ERIE,282.9,283.85,287.91,282.435,323064,91732192.0,1.96,1.7,4.74,0.7
2026-02-17,ERII,15.56,15.89,16.095,15.44,333370,5291848.0,4.2,1.86,0.29,0.63
2026-02-17,ERNA,0.376,0.33,0.402,0.33,30256659,12184667.0,22.29,2.17,0.007,111.71
2026-02-17,ERNAW,0.08,0.054,0.08,0.054,13804,1061.0,39.39,-18.18,-0.012,0.0
2026-02-17,ERNZ,21.7,21.608,21.7,21.608,2030,43949.0,0.42,-0.38,-0.083,0.0
2026-02-17,ERO,29.64,29.93,29.95,28.105,1648259,48114134.0,6.01,-2.57,-0.79,1.58
2026-02-17,ERTH,49.21,49.499,49.51,49.13,1887,93044.0,0.77,0.73,0.357,0.0
2026-02-17,ERX,82.02,79.54,82.99,77.915,393729,31354691.0,6.23,-2.32,-1.89,0.0
2026-02-17,ERY,13.21,13.61,13.88,13.05,445457,6072861.0,6.24,2.25,0.3,0.0
2026-02-17,ES,75.0,73.03,75.0,72.25,4114780,300774928.0,3.75,-0.45,-0.33,1.1
2026-02-17,ESAB,135.0,133.43,135.35,132.51,291783,39002718.0,2.11,-1.03,-1.39,0.48
2026-02-17,ESBA,6.31,6.215,6.35,6.08,22796,141411.0,4.18,-3.79,-0.245,0.14
2026-02-17,ESBG,22.98,23.131,23.2,22.98,2013,46491.0,0.93,-1.7,-0.399,0.0
2026-02-17,ESCA,14.13,14.04,14.13,14.04,7051,99149.0,0.64,-0.04,-0.005,0.05
2026-02-17,ESE,267.0,266.0,268.97,263.265,207681,55288568.0,2.13,-0.9,-2.41,0.8
2026-02-17,ESEA,56.55,58.9,61.99,56.44,68291,4047160.0,9.81,4.16,2.35,0.97
2026-02-17,ESG,159.44,159.69,159.82,159.44,1386,220895.0,0.24,0.02,0.026,0.0
2026-02-17,ESGD,102.18,102.99,103.06,101.755,252299,25871539.0,1.27,0.01,0.01,0.0
2026-02-17,ESGE,48.78,49.08,49.26,48.55,618594,30266185.0,1.44,-0.43,-0.21,0.0
2026-02-17,ESGG,211.557,211.557,211.557,211.557,514,108520.0,0.0,0.11,0.229,0.0
2026-02-17,ESGL,3.01,3.18,3.18,3.01,1704,5273.0,5.47,2.25,0.07,0.0
2026-02-17,ESGU,147.75,148.42,148.83,146.85,583880,86451484.0,1.34,0.14,0.21,0.0
2026-02-17,ESGV,118.14,118.78,119.18,117.44,296099,35053397.0,1.47,0.2,0.24,0.0
2026-02-17,ESHA,12.245,12.15,12.25,12.12,1729,21038.0,1.05,-1.56,-0.193,0.04
2026-02-17,ESI,32.07,32.31,32.47,31.77,4037588,129962760.0,2.16,-0.15,-0.05,1.66
2026-02-17,ESIM,27.085,27.17,27.17,27.085,394,10672.0,0.31,0.17,0.047,0.0
2026-02-17,ESIX,33.96,33.899,33.96,33.899,331,11237.0,0.18,-0.07,-0.023,0.0
2026-02-17,ESK,12.0,12.243,12.243,11.93,988,11960.0,2.5,-2.31,-0.29,0.0
2026-02-17,ESLA,1.33,1.28,1.33,1.21,85866,108216.0,9.49,1.19,0.015,0.2
2026-02-17,ESLAW,0.08,0.08,0.08,0.08,263,21.0,0.0,6.67,0.005,0.0
2026-02-17,ESLG,24.75,24.679,24.75,24.61,3467,85613.0,0.57,-0.24,-0.059,0.0
2026-02-17,ESLT,676.62,694.1,699.0,673.73,100045,68860659.0,3.74,2.61,17.67,0.22
2026-02-17,ESLV,27.14,27.02,27.14,26.925,6617,179118.0,0.79,-0.27,-0.074,0.0
2026-02-17,ESML,49.58,49.61,49.79,49.07,82276,4077147.0,1.45,-0.16,-0.08,0.0
2026-02-17,ESMV,29.465,29.437,29.465,29.437,779,22945.0,0.09,-0.35,-0.103,0.0
2026-02-17,ESN,18.3,18.232,18.3,18.17,31239,569612.0,0.71,-0.47,-0.086,0.0
2026-02-17,ESNT,61.61,62.19,62.64,61.18,1233914,76292334.0,2.38,1.25,0.77,1.31
2026-02-17,ESOA,14.39,14.17,14.89,14.13,372379,5374817.0,5.35,-0.28,-0.04,2.24
2026-02-17,ESP,52.41,58.53,59.17,51.91,44980,2530813.0,13.85,11.68,6.12,1.52
2026-02-17,ESPO,92.76,92.93,93.34,92.42,18695,1737463.0,0.99,-0.06,-0.052,0.0
2026-02-17,ESPR,3.41,3.55,3.62,3.4,3157758,11173228.0,6.41,3.5,0.12,1.29
2026-02-17,ESQ,109.39,110.42,111.644,109.11,100092,11041884.0,2.33,1.37,1.49,1.17
2026-02-17,ESRT,6.33,6.39,6.45,6.225,2272751,14444723.0,3.59,1.91,0.12,1.33
2026-02-17,ESS,252.7,253.35,254.17,249.99,431972,109034590.0,1.66,0.87,2.19,0.67
2026-02-17,ESSC,27.63,27.619,27.63,27.619,522,14418.0,0.04,0.16,0.044,0.0
2026-02-17,ESTA,74.09,74.34,76.18,72.32,608354,45325336.0,5.17,-0.35,-0.26,2.08
2026-02-17,ESTC,61.26,60.44,62.0,58.85,3149079,188815362.0,5.12,-1.84,-1.13,3.02
2026-02-17,ESUM,27.46,27.385,27.49,27.21,24872,681965.0,1.02,-0.33,-0.091,0.0
2026-02-17,ET,18.7,18.61,18.825,18.25,19509972,363247280.0,3.07,-0.75,-0.14,0.57
2026-02-17,ETB,15.3,15.3,15.385,15.14,39362,600372.0,1.59,-0.58,-0.09,0.0
2026-02-17,ETCO,11.82,11.835,11.835,11.58,3224,37952.0,2.15,-0.38,-0.045,0.0
2026-02-17,ETD,23.97,23.71,23.99,23.18,276385,6521018.0,3.4,-0.59,-0.14,1.09
2026-02-17,ETEC,28.38,28.505,28.55,28.25,4816,136837.0,1.06,0.68,0.192,0.0
2026-02-17,ETFT,9.7,9.696,9.7,9.68,1856,18003.0,0.21,-0.32,-0.031,0.0
2026-02-17,ETG,22.87,22.83,22.99,22.72,288111,6582821.0,1.17,-1.13,-0.26,0.0
2026-02-17,ETH,18.8,18.87,19.07,18.35,8357237,156180832.0,3.72,-2.48,-0.48,0.0
2026-02-17,ETHA,15.015,15.05,15.23,14.65,34126567,510121776.0,3.76,-2.53,-0.39,0.0
2026-02-17,ETHD,85.42,85.02,89.308,83.32,510862,44182077.0,7.41,5.16,4.17,0.0
2026-02-17,ETHE,16.2,16.27,16.44,15.82,4628489,74530251.0,3.72,-2.46,-0.41,0.0
2026-02-17,ETHM,10.35,10.36,10.365,10.35,123083,1274498.0,0.14,0.1,0.01,0.56
2026-02-17,ETHMU,10.45,10.45,10.45,10.45,221,2315.0,0.0,-2.43,-0.26,0.0
2026-02-17,ETHMW,0.82,0.82,0.86,0.82,3903,3251.0,4.76,-2.38,-0.02,0.0
2026-02-17,ETHO,69.72,69.719,69.86,69.68,886,61657.0,0.26,0.19,0.13,0.0
2026-02-17,ETHT,14.64,14.73,15.0,13.885,1422242,20601209.0,7.2,-4.84,-0.75,0.0
2026-02-17,ETHU,21.62,21.8,22.24,20.54,5780586,123647231.0,7.42,-4.89,-1.12,0.0
2026-02-17,ETHV,29.09,29.18,29.47,28.43,154297,4465884.0,3.47,-2.51,-0.75,0.0
2026-02-17,ETHW,14.24,14.28,14.42,13.89,1337463,18951807.0,3.62,-2.53,-0.37,0.0
2026-02-17,ETHZ,3.46,3.51,3.55,3.21,622402,2149514.0,9.77,0.86,0.03,3.27
2026-02-17,ETI_,23.62,23.73,23.73,23.62,553,13084.0,0.47,0.76,0.18,0.0
2026-02-17,ETJ,8.65,8.67,8.7,8.6,209340,1811067.0,1.15,-0.46,-0.04,0.0
2026-02-17,ETN,386.78,391.49,393.23,384.359,2094528,817584016.0,2.28,0.58,2.24,0.54
2026-02-17,ETO,29.7,29.88,30.145,29.48,47835,1424127.0,2.22,-0.17,-0.05,0.0
2026-02-17,ETON,17.27,17.15,17.515,16.79,256734,4413772.0,4.25,0.47,0.08,0.96
2026-02-17,ETOR,31.41,33.07,33.88,30.92,5102173,166059923.0,10.78,20.43,5.61,6.16
2026-02-17,ETQ,73.5,72.86,76.66,72.37,13531,1004045.0,6.13,4.06,2.84,0.0
2026-02-17,ETR,106.0,104.44,106.71,104.085,3062476,320881056.0,2.5,-0.6,-0.63,0.68
2026-02-17,ETRL,9.45,10.172,10.36,9.01,44347,432455.0,18.88,42.25,3.021,0.0
2026-02-17,ETS,0.478,0.47,0.489,0.47,27804,13319.0,4.0,-1.05,-0.005,0.17
2026-02-17,ETSY,45.56,44.36,45.67,44.2,4452249,198451089.0,3.21,-3.0,-1.37,4.63
2026-02-17,ETTY,11.38,11.401,11.43,11.22,12213,137492.0,1.81,-1.89,-0.22,0.0
2026-02-17,ETU,5.75,5.76,5.86,5.47,270531,1542775.0,6.41,-5.26,-0.32,0.0
2026-02-17,ETV,14.55,14.53,14.55,14.35,196233,2844140.0,1.37,-0.82,-0.12,0.0
2026-02-17,ETW,9.38,9.41,9.41,9.315,356352,3336153.0,1.01,-0.21,-0.02,0.0
2026-02-17,ETX,18.82,18.75,18.83,18.75,5637,105832.0,0.43,-0.37,-0.07,0.0
2026-02-17,ETY,14.83,14.83,14.895,14.67,321033,4747919.0,1.51,-0.67,-0.1,0.0
2026-02-17,ET_I,11.86,11.87,11.87,11.8,69966,828956.0,0.59,0.68,0.08,0.0
2026-02-17,EU,2.6,2.49,2.62,2.415,2711312,6743122.0,7.77,-5.68,-0.15,1.45
2026-02-17,EUAD,46.01,46.36,46.825,45.897,501031,23277594.0,2.01,0.48,0.22,0.0
2026-02-17,EUDA,0.88,0.889,0.975,0.88,58251,53399.0,11.31,5.83,0.049,0.15
2026-02-17,EUDAW,0.1,0.1,0.1,0.1,119,11.0,0.0,0.0,0.0,0.0
2026-02-17,EUDG,39.71,39.96,40.02,39.58,5399,214966.0,1.11,0.68,0.27,0.0
2026-02-17,EUDV,54.51,54.836,54.836,54.36,1622,88520.0,0.87,0.2,0.11,0.0
2026-02-17,EUFN,36.805,37.33,37.346,36.76,13331150,494211360.0,1.6,1.97,0.72,0.0
2026-02-17,EUHY,53.67,53.73,53.74,53.67,18304,983134.0,0.13,0.17,0.089,0.0
2026-02-17,EUIG,50.478,50.455,50.478,50.455,162,8177.0,0.05,0.18,0.091,0.0
2026-02-17,EUM,18.12,18.11,18.28,18.05,34315,621094.0,1.28,0.44,0.079,0.0
2026-02-17,EUO,28.12,28.08,28.27,28.01,39192,1105383.0,0.93,0.65,0.182,0.0
2026-02-17,EURK,11.19,11.2,11.21,11.19,2052,22969.0,0.18,0.0,0.0,0.04
2026-02-17,EURKR,0.27,0.27,0.27,0.27,160,62.0,0.0,0.0,0.0,0.0
2026-02-17,EURL,48.02,49.3,49.72,47.7,53856,2627480.0,4.16,1.57,0.76,0.0
2026-02-17,EUSA,107.37,107.19,107.37,106.35,34394,3679402.0,0.95,-0.16,-0.17,0.0
2026-02-17,EUSB,44.3,44.29,44.305,44.265,30782,1363272.0,0.09,0.0,0.0,0.0
2026-02-17,EVAC,10.06,10.1,10.11,10.06,4909,49550.0,0.49,-0.3,-0.03,0.01
2026-02-17,EVAC_U,10.21,10.21,10.21,10.21,10,103.0,0.0,0.0,0.0,0.0
2026-02-17,EVAC_WS,0.37,0.398,0.398,0.37,4400,1669.0,7.0,-0.5,-0.002,0.0
2026-02-17,EVAX,3.34,3.16,3.34,3.14,19316,61812.0,5.99,-5.39,-0.18,0.23
2026-02-17,EVC,2.88,2.86,2.931,2.85,147100,423563.0,2.78,-1.72,-0.05,0.16
2026-02-17,EVCM,10.25,9.81,10.25,9.75,118213,1170185.0,4.88,-4.29,-0.44,0.07
2026-02-17,EVER,14.53,14.39,14.8,14.08,945993,13718597.0,4.91,-1.84,-0.27,2.63
2026-02-17,EVEX,3.03,3.05,3.125,2.965,716627,2183535.0,5.32,1.33,0.04,0.21
2026-02-17,EVEX_WS,0.4,0.42,0.44,0.4,2641,1070.0,10.0,5.0,0.02,0.0
2026-02-17,EVF,5.25,5.25,5.27,5.24,71492,375371.0,0.57,0.0,0.0,0.0
2026-02-17,EVG,11.06,11.06,11.065,11.02,27920,308349.0,0.41,-0.36,-0.04,0.0
2026-02-17,EVGN,0.97,0.976,0.976,0.94,110053,106395.0,3.75,1.67,0.016,1.26
2026-02-17,EVGO,2.91,2.69,2.91,2.67,5880475,16056065.0,8.22,-7.88,-0.23,1.91
2026-02-17,EVGOW,0.063,0.061,0.063,0.056,18433,1078.0,11.48,0.0,0.0,0.0
2026-02-17,EVH,2.79,2.72,2.795,2.62,2010379,5436115.0,6.27,-2.51,-0.07,1.8
2026-02-17,EVHY,53.01,53.02,53.02,53.01,938,49725.0,0.02,-0.14,-0.075,0.0
2026-02-17,EVI,20.77,20.33,20.89,20.33,14290,293653.0,2.67,-2.91,-0.61,0.11
2026-02-17,EVIM,53.94,53.99,54.039,53.93,42741,2306911.0,0.2,0.08,0.045,0.0
2026-02-17,EVLN,48.88,48.94,48.96,48.88,38374,1877198.0,0.16,0.1,0.047,0.0
2026-02-17,EVLU,35.73,35.777,35.84,35.54,7295,259824.0,0.84,-0.28,-0.101,0.0
2026-02-17,EVLV,5.65,5.62,5.72,5.385,2429982,13559734.0,5.9,-1.06,-0.06,1.39
2026-02-17,EVLVW,0.123,0.131,0.133,0.122,5225,649.0,8.46,0.77,0.001,0.0
2026-02-17,EVMN,31.35,31.2,33.16,29.46,522729,16341358.0,11.72,-1.17,-0.37,1.66
2026-02-17,EVMO,51.17,51.1,51.195,51.1,36284,1855778.0,0.19,-0.14,-0.07,0.0
2026-02-17,EVMT,16.99,16.98,17.035,16.92,8266,140418.0,0.67,-1.31,-0.225,0.0
2026-02-17,EVN,11.04,11.03,11.09,11.02,47049,520650.0,0.63,-0.54,-0.06,0.0
2026-02-17,EVNT,11.675,11.687,11.7,11.675,12710,148617.0,0.21,0.32,0.037,0.0
2026-02-17,EVO,3.51,3.53,3.55,3.495,404597,1426420.0,1.57,0.57,0.02,0.11
2026-02-17,EVOX,10.0,10.0,10.005,10.0,340772,3407828.0,0.05,0.0,0.0,1.06
2026-02-17,EVOXU,10.26,10.26,10.26,10.26,37,380.0,0.0,0.0,0.0,0.0
2026-02-17,EVOXW,0.508,0.5,0.54,0.463,99552,50022.0,15.4,0.0,0.0,0.0
2026-02-17,EVR,325.37,320.01,326.385,317.19,611283,196670241.0,2.85,-0.7,-2.27,1.54
2026-02-17,EVRG,83.0,81.51,83.19,81.16,2123388,173516864.0,2.45,-1.43,-1.18,0.92
2026-02-17,EVSB,51.04,50.995,51.04,50.98,226124,11528260.0,0.12,-0.02,-0.01,0.0
2026-02-17,EVSD,51.63,51.625,51.64,51.62,131900,6809943.0,0.04,-0.02,-0.01,0.0
2026-02-17,EVSM,50.8,50.79,50.815,50.78,57274,2909543.0,0.07,-0.06,-0.03,0.0
2026-02-17,EVT,25.92,26.0,26.2,25.9,110974,2885095.0,1.14,-1.48,-0.39,0.0
2026-02-17,EVTC,26.53,26.5,26.85,26.2,380980,10078491.0,2.47,0.53,0.14,0.62
2026-02-17,EVTL,4.41,4.46,4.56,4.252,673446,2985471.0,7.02,1.59,0.07,0.68
2026-02-17,EVTR,52.06,52.04,52.07,52.01,549491,28593094.0,0.12,-0.02,-0.01,0.0
2026-02-17,EVTV,2.07,2.02,2.1,1.96,549371,1112062.0,6.42,-7.34,-0.16,11.38
2026-02-17,EVUS,33.68,33.585,33.68,33.37,38665,1298126.0,0.92,-0.28,-0.095,0.0
2026-02-17,EVV,9.94,9.95,9.97,9.94,225152,2240945.0,0.3,0.0,0.0,0.0
2026-02-17,EVX,41.81,41.76,41.99,41.7,8925,373677.0,0.69,-0.05,-0.02,0.0
2026-02-17,EVYM,50.68,50.697,50.72,50.68,1118,56680.0,0.08,0.12,0.062,0.0
2026-02-17,EW,77.21,78.45,80.42,76.33,6112295,482033472.0,5.39,3.4,2.58,1.05
2026-02-17,EWA,29.06,29.32,29.384,28.889,7327451,213965670.0,1.7,0.55,0.16,0.0
2026-02-17,EWBC,118.36,119.61,120.34,117.83,892065,106311599.0,2.13,1.51,1.78,0.65
2026-02-17,EWC,55.66,55.86,55.99,55.085,2349398,130726383.0,1.61,-0.55,-0.31,0.0
2026-02-17,EWCZ,5.71,5.7,5.72,5.7,1285252,7337520.0,0.35,-0.18,-0.01,2.36
2026-02-17,EWD,52.76,53.26,53.37,52.63,111980,5946460.0,1.38,-0.39,-0.21,0.0
2026-02-17,EWG,43.71,44.04,44.07,43.554,1067502,46811408.0,1.17,0.16,0.07,0.0
2026-02-17,EWH,23.39,23.43,23.58,23.255,5415106,126897393.0,1.4,1.21,0.28,0.0
2026-02-17,EWI,55.65,56.02,56.09,55.49,336535,18804732.0,1.08,0.86,0.48,0.0
2026-02-17,EWJ,91.41,91.87,92.07,90.87,21815183,2001352016.0,1.28,-2.11,-1.98,0.0
2026-02-17,EWJV,46.18,46.39,46.53,45.91,558439,25847739.0,1.3,-2.48,-1.18,0.0
2026-02-17,EWK,27.3,27.48,27.55,27.27,23006,631172.0,1.02,0.51,0.14,0.0
2026-02-17,EWL,64.07,64.44,64.508,63.845,496470,31903331.0,1.04,1.02,0.65,0.0
2026-02-17,EWM,29.72,29.65,29.745,29.572,277527,8235319.0,0.58,-0.24,-0.07,0.0
2026-02-17,EWN,61.4,62.23,62.36,61.35,79383,4922230.0,1.64,0.94,0.58,0.0
2026-02-17,EWO,38.1,38.59,38.6,38.0,43233,1653874.0,1.58,1.37,0.52,0.0
2026-02-17,EWP,56.15,56.5,56.55,56.07,275945,15560166.0,0.86,1.6,0.89,0.0
2026-02-17,EWQ,46.68,47.05,47.09,46.525,292361,13689867.0,1.21,0.75,0.35,0.0
2026-02-17,EWS,28.44,28.58,28.685,28.35,670482,19144379.0,1.18,0.39,0.11,0.0
2026-02-17,EWT,71.8,72.89,73.01,71.36,5038458,364352720.0,2.26,-0.22,-0.16,0.0
2026-02-17,EWTX,29.46,30.08,30.88,29.46,1099607,33016139.0,4.73,0.23,0.07,1.03
2026-02-17,EWU,47.07,47.42,47.53,46.88,1856103,87697017.0,1.38,0.36,0.17,0.0
2026-02-17,EWUS,43.8,44.382,44.382,43.65,34228,1501255.0,1.65,-0.06,-0.028,0.0
2026-02-17,EWV,19.85,19.49,19.87,19.41,32156,630123.0,2.45,3.92,0.735,0.0
2026-02-17,EWW,80.94,80.76,81.0,79.71,1364587,109872668.0,1.59,-0.33,-0.27,0.0
2026-02-17,EWX,68.65,69.042,69.205,68.32,21218,1461349.0,1.28,0.13,0.092,0.0
2026-02-17,EWY,132.32,130.68,132.99,129.65,16472150,2162817008.0,2.49,-2.46,-3.29,0.0
2026-02-17,EWZ,37.865,37.74,38.05,37.222,22984930,865551120.0,2.18,-0.84,-0.32,0.0
2026-02-17,EWZS,15.05,14.94,15.39,14.59,4247203,64125490.0,5.32,-0.63,-0.095,0.0
2026-02-17,EXAS,103.2,103.31,103.405,103.14,1742849,180059819.0,0.26,0.07,0.07,0.91
2026-02-17,EXC,48.84,48.04,49.11,47.705,9356611,450458240.0,2.9,-0.91,-0.44,0.91
2026-02-17,EXE,103.52,102.75,104.275,100.8,4704050,480466592.0,3.34,-1.25,-1.3,1.96
2026-02-17,EXEL,43.96,44.08,44.67,43.5,2977786,131302471.0,2.66,0.36,0.16,1.15
2026-02-17,EXEQ,25.01,25.052,25.052,25.01,326,8153.0,0.17,0.15,0.038,0.0
2026-02-17,EXFY,1.27,1.22,1.28,1.2,443805,544586.0,6.25,-4.69,-0.06,0.48
2026-02-17,EXG,9.55,9.54,9.58,9.465,510281,4858066.0,1.2,-0.83,-0.08,0.17
2026-02-17,EXI,195.39,196.6,197.545,194.8,158659,31158530.0,1.39,-0.48,-0.95,0.0
2026-02-17,EXK,11.29,11.24,11.4,10.59,11762713,130031957.0,6.89,-4.34,-0.51,3.98
2026-02-17,EXLS,30.04,30.21,30.455,29.905,2452491,74039152.0,1.83,0.57,0.17,1.57
2026-02-17,EXOD,11.15,10.09,11.195,9.855,93209,971932.0,11.89,-10.47,-1.18,0.31
2026-02-17,EXOZ,10.5,10.0,10.5,10.0,4145,42426.0,4.89,-2.18,-0.223,0.05
2026-02-17,EXP,227.0,229.72,231.79,223.19,677148,155198149.0,3.66,-2.29,-5.39,2.15
2026-02-17,EXPD,146.28,147.16,148.3,146.28,1284647,189021547.0,1.38,0.45,0.66,0.96
2026-02-17,EXPE,212.01,200.42,212.17,198.33,5687589,1150249760.0,6.51,-5.76,-12.25,4.64
2026-02-17,EXPI,7.55,7.5,7.615,7.3,954831,7167230.0,4.17,-0.66,-0.05,0.59
2026-02-17,EXPO,66.64,68.72,69.26,66.27,817761,55978706.0,4.48,2.89,1.93,1.65
2026-02-17,EXR,147.15,147.84,149.03,145.92,1324464,195542821.0,2.12,1.01,1.48,0.63
2026-02-17,EXTR,14.41,14.2,14.72,14.12,1745645,24945850.0,4.15,-1.8,-0.26,1.3
2026-02-17,EXUS,26.92,26.805,26.93,26.79,2200,59127.0,0.52,-0.48,-0.13,0.0
2026-02-17,EYE,28.25,27.76,28.3,27.43,850158,23600735.0,3.08,-1.63,-0.46,1.07
2026-02-17,EYEG,36.1,36.1,36.1,36.1,14,503.0,0.0,0.12,0.045,0.0
2026-02-17,EYLD,42.96,43.58,43.74,42.75,111770,4842866.0,2.28,0.16,0.07,0.0
2026-02-17,EYPT,12.4,14.91,15.69,12.34,8720639,125203324.0,25.89,15.22,1.97,10.53
2026-02-17,EZA,73.81,74.71,74.94,73.27,1011323,75253039.0,2.22,-0.81,-0.61,0.0
2026-02-17,EZBC,39.35,39.18,39.43,38.5,345787,13486503.0,2.34,-1.51,-0.6,0.0
2026-02-17,EZET,15.07,15.13,15.275,14.74,70555,1058361.0,3.45,-2.42,-0.375,0.0
2026-02-17,EZGO,1.57,1.621,1.68,1.56,21169,33575.0,7.23,-2.35,-0.039,0.1
2026-02-17,EZJ,65.93,66.129,66.43,64.585,24547,1606466.0,2.67,-4.23,-2.923,0.0
2026-02-17,EZM,71.21,71.21,71.36,70.605,21226,1509168.0,1.06,0.13,0.09,0.0
2026-02-17,EZMO,27.54,27.69,27.69,27.54,13979,386417.0,0.54,-0.11,-0.03,0.0
2026-02-17,EZPW,24.31,24.78,25.07,24.29,1061420,26266099.0,3.21,1.93,0.47,1.72
2026-02-17,EZPZ,17.26,17.269,17.369,16.9,23955,412790.0,2.69,-0.98,-0.171,0.0
2026-02-17,EZRA,0.186,0.182,0.199,0.175,2500551,452144.0,12.5,-5.21,-0.01,13.78
2026-02-17,EZRO,25.81,26.141,26.27,25.81,14975,391655.0,1.77,0.43,0.112,0.0
2026-02-17,EZU,67.23,67.88,67.915,67.07,1783307,120565692.0,1.25,0.76,0.51,0.0
2026-02-17,F,14.09,14.13,14.17,13.933,57684793,811302944.0,1.68,0.07,0.01,1.45
2026-02-17,FA,9.63,9.75,9.81,9.23,1302473,12523235.0,6.11,2.74,0.26,0.75
2026-02-17,FAAA,50.11,50.12,50.13,50.11,26512,1327969.0,0.04,0.0,0.0,0.0
2026-02-17,FAAR,29.134,29.125,29.2,29.03,29239,851753.0,0.58,-0.29,-0.085,0.0
2026-02-17,FAB,98.19,97.912,98.19,97.41,8985,878205.0,0.79,-0.33,-0.328,0.0
2026-02-17,FACT,10.48,10.48,10.48,10.48,34300,359465.0,0.0,0.0,0.0,0.14
2026-02-17,FACTU,10.71,10.71,10.71,10.71,130,1398.0,0.0,0.0,0.0,0.0
2026-02-17,FACTW,0.475,0.475,0.475,0.475,1424,682.0,0.0,-5.75,-0.029,0.0
2026-02-17,FAD,167.36,168.12,168.295,166.08,9096,1522971.0,1.32,0.24,0.4,0.0
2026-02-17,FAF,68.09,68.0,68.36,66.7,1412899,95852911.0,2.47,1.16,0.78,1.39
2026-02-17,FAI,38.33,38.97,39.035,38.33,4440,172751.0,1.8,-0.59,-0.231,0.0
2026-02-17,FALN,27.6,27.57,27.605,27.545,931863,25687262.0,0.22,-0.07,-0.02,0.0
2026-02-17,FAMI,1.31,1.32,1.36,1.27,27790,36242.0,7.32,7.32,0.09,0.2
2026-02-17,FAN,23.41,23.6,23.64,23.35,179975,4228100.0,1.26,2.25,0.52,0.0
2026-02-17,FANG,170.5,168.59,172.8,163.5,1704231,285362816.0,5.5,-0.33,-0.55,0.6
2026-02-17,FAPR,44.61,44.675,44.696,44.56,11043,492803.0,0.3,0.12,0.055,0.0
2026-02-17,FARM,1.43,1.47,1.5,1.412,148355,217293.0,5.71,-4.55,-0.07,0.68
2026-02-17,FARX,27.96,27.935,27.96,27.935,657,18332.0,0.09,-0.39,-0.11,0.0
2026-02-17,FAS,139.82,142.24,143.85,139.495,614528,87309569.0,3.16,3.06,4.23,0.0
2026-02-17,FAST,46.365,45.69,46.47,45.65,5750725,264027565.0,1.77,-1.55,-0.72,0.5
2026-02-17,FATE,1.24,1.34,1.4,1.23,2039555,2720701.0,13.6,7.2,0.09,1.77
2026-02-17,FATN,1.841,1.79,1.93,1.79,78575,145118.0,7.53,-3.76,-0.07,0.56
2026-02-17,FAUG,53.0,53.1,53.2,52.85,11984,635817.0,0.66,0.13,0.07,0.0
2026-02-17,FAX,16.14,16.3,16.3,16.14,241881,3929155.0,0.99,0.93,0.15,0.0
2026-02-17,FAZ,45.23,44.25,45.23,43.72,1236804,54839325.0,3.31,-3.05,-1.39,0.0
2026-02-17,FB,42.36,42.36,42.36,42.36,85,3599.0,0.0,0.07,0.03,0.0
2026-02-17,FBCG,51.96,52.6,52.785,51.56,428810,22447909.0,2.35,0.77,0.4,0.0
2026-02-17,FBCV,37.65,37.5,37.76,37.38,12909,484331.0,1.01,-0.5,-0.19,0.0
2026-02-17,FBDC,18.13,17.93,18.16,17.79,14724,264658.0,2.05,-0.67,-0.121,0.0
2026-02-17,FBGL,1.11,1.11,1.14,0.974,1638776,1692347.0,14.69,-1.77,-0.02,12.14
2026-02-17,FBIN,50.81,52.55,53.22,50.645,5625019,293357984.0,5.02,2.4,1.23,4.69
2026-02-17,FBIO,3.58,3.5,3.6,3.465,308268,1083195.0,3.74,-3.05,-0.11,0.99
2026-02-17,FBIOP,11.078,10.9,11.24,10.72,9716,106551.0,4.68,-1.89,-0.21,0.0
2026-02-17,FBIZ,58.6,58.72,59.09,58.41,19776,1162455.0,1.17,0.62,0.36,0.24
2026-02-17,FBK,59.2,58.92,60.0,58.2,305877,18061585.0,3.05,-0.14,-0.08,0.59
2026-02-17,FBL,29.59,29.59,29.86,28.6,1407647,41294460.0,4.26,-0.03,-0.01,0.0
2026-02-17,FBLA,13.45,13.63,13.9,13.395,57062,775801.0,3.75,1.34,0.18,0.32
2026-02-17,FBLG,0.261,0.252,0.264,0.244,484151,124949.0,7.97,0.4,0.001,0.73
2026-02-17,FBNC,61.17,61.06,62.315,60.52,231423,14187365.0,2.95,0.21,0.13,0.56
2026-02-17,FBND,46.58,46.57,46.6,46.55,2538243,118213322.0,0.11,0.0,0.0,0.0
2026-02-17,FBOT,35.75,36.05,36.15,35.501,47381,1704802.0,1.8,-0.18,-0.065,0.0
2026-02-17,FBP,22.56,22.56,22.83,22.38,701357,15825649.0,2.01,0.58,0.13,0.45
2026-02-17,FBRT,8.82,8.88,8.955,8.77,2042341,18085524.0,2.09,0.34,0.03,2.5
2026-02-17,FBRT_E,22.1,22.04,22.2,21.89,23574,519731.0,1.41,0.32,0.07,0.0
2026-02-17,FBRX,32.03,29.78,32.97,29.12,122735,3715024.0,11.99,-7.26,-2.33,0.98
2026-02-17,FBT,208.33,210.04,211.45,207.76,50263,10527835.0,1.78,1.04,2.16,0.0
2026-02-17,FBTC,59.24,59.02,59.44,57.98,5102096,299422336.0,2.44,-1.45,-0.87,0.0
2026-02-17,FBUF,30.85,31.032,31.11,30.792,3522,109314.0,1.03,0.36,0.11,0.0
2026-02-17,FBY,11.54,11.57,11.63,11.42,142698,1648142.0,1.81,-0.11,-0.013,0.0
2026-02-17,FBYD,4.66,4.34,4.77,4.07,148155,639888.0,15.23,-5.55,-0.255,0.11
2026-02-17,FBYDW,1.11,0.99,1.11,0.895,1826,1792.0,22.16,2.06,0.02,0.0
2026-02-17,FBYY,16.21,16.238,16.238,16.21,220,3566.0,0.17,-0.45,-0.074,0.0
2026-02-17,FC,17.69,17.42,17.85,17.34,54245,947513.0,2.87,-1.91,-0.34,0.47
2026-02-17,FCA,33.15,33.0,33.27,32.73,43705,1440301.0,1.66,1.38,0.45,0.0
2026-02-17,FCAL,49.98,49.975,50.08,49.975,28625,1431960.0,0.21,0.01,0.005,0.0
2026-02-17,FCAP,52.0,53.52,53.823,51.37,6987,369046.0,4.7,2.49,1.3,0.21
2026-02-17,FCBC,40.02,40.03,40.65,39.785,93921,3777858.0,2.17,0.4,0.16,0.51
2026-02-17,FCBD,25.71,25.73,25.75,25.71,2444,62888.0,0.16,0.02,0.005,0.0
2026-02-17,FCCO,30.1,30.245,30.5,30.1,84331,2552693.0,1.34,1.09,0.325,1.1
2026-02-17,FCEF,23.79,23.73,23.79,23.651,7649,181500.0,0.59,-0.12,-0.028,0.0
2026-02-17,FCEL,7.13,7.28,7.35,7.01,966167,6964348.0,4.71,0.83,0.06,1.82
2026-02-17,FCF,18.46,18.38,18.65,18.33,790590,14565023.0,1.74,0.05,0.01,0.77
2026-02-17,FCFS,181.77,183.9,184.37,180.76,324871,59500070.0,1.98,1.11,2.01,0.74
2026-02-17,FCFY,26.799,26.799,26.799,26.799,32,857.0,0.0,-0.4,-0.107,0.0
2026-02-17,FCG,26.71,26.18,26.84,25.69,710780,18524929.0,4.32,-1.54,-0.41,0.0
2026-02-17,FCHL,0.201,0.215,0.229,0.201,63680,13799.0,12.61,-3.15,-0.007,0.37
2026-02-17,FCLD,28.44,28.12,28.51,27.9,10127,285535.0,2.13,-1.95,-0.56,0.0
2026-02-17,FCLO,50.15,50.145,50.15,50.145,2966,149099.0,0.01,-0.03,-0.015,0.0
2026-02-17,FCN,163.89,160.23,164.88,159.9,482898,77893119.0,3.06,-1.58,-2.58,1.56
2026-02-17,FCNCA,2020.13,1990.69,2043.155,1985.1,88172,176090349.0,2.89,-0.76,-15.18,0.74
2026-02-17,FCNCN,25.035,25.18,25.18,25.01,435526,10929273.0,0.68,0.68,0.17,2.72
2026-02-17,FCNCO,22.35,22.75,22.96,22.35,28510,644726.0,2.72,1.56,0.35,0.0
2026-02-17,FCNCP,21.36,21.79,21.79,21.27,27635,591247.0,2.43,1.87,0.4,0.2
2026-02-17,FCO,3.12,3.24,3.24,3.12,196032,623235.0,3.88,4.85,0.15,0.0
2026-02-17,FCOM,70.62,70.69,71.03,69.95,141886,10011991.0,1.52,-0.27,-0.19,0.0
2026-02-17,FCOR,48.31,48.4,48.41,48.3,68261,3300563.0,0.23,0.14,0.07,0.0
2026-02-17,FCPI,51.0,51.27,51.295,50.895,4662,238424.0,0.78,0.04,0.02,0.0
2026-02-17,FCPT,24.7,25.06,25.07,24.39,1256949,31176756.0,2.79,2.83,0.69,1.15
2026-02-17,FCRS,10.1,10.08,10.1,10.07,217623,2194262.0,0.3,-0.2,-0.02,0.61
2026-02-17,FCRS_U,10.25,10.21,10.27,10.2,391794,4005563.0,0.68,-0.34,-0.035,1.36
2026-02-17,FCRS_WS,0.7,0.693,0.7,0.61,55043,35397.0,13.04,0.43,0.003,0.0
2026-02-17,FCRX,25.18,25.18,25.18,25.18,805,20260.0,0.0,0.24,0.06,0.0
2026-02-17,FCSH,24.61,24.61,24.61,24.61,223,5488.0,0.0,0.0,0.0,0.0
2026-02-17,FCT,9.94,9.94,9.945,9.9,154345,1532177.0,0.45,0.0,0.0,0.0
2026-02-17,FCTE,26.77,26.538,26.83,26.51,34390,916846.0,1.19,-1.01,-0.272,0.0
2026-02-17,FCTR,36.97,37.11,37.121,36.97,1063,39371.0,0.41,0.13,0.049,0.0
2026-02-17,FCUS,37.36,37.95,38.38,37.065,16730,631234.0,3.47,0.11,0.04,0.0
2026-02-17,FCUV,5.15,5.01,5.15,4.81,7600,38419.0,6.8,0.2,0.01,0.77
2026-02-17,FCVT,45.7,46.189,46.375,45.61,7409,341476.0,1.66,0.35,0.159,0.0
2026-02-17,FCX,61.24,61.09,61.58,59.2,12238431,741285072.0,3.79,-2.78,-1.75,0.85
2026-02-17,FDAT,22.59,22.569,22.61,22.48,1308,29510.0,0.58,0.01,0.002,0.0
2026-02-17,FDBC,46.59,46.09,46.675,45.69,4724,218651.0,2.12,-0.73,-0.34,0.08
2026-02-17,FDCF,45.17,45.231,45.445,44.81,8280,374250.0,1.4,-0.02,-0.009,0.0
2026-02-17,FDD,18.5,18.61,18.61,18.37,343875,6366003.0,1.3,0.87,0.16,0.0
2026-02-17,FDEC,51.01,51.18,51.3,50.926,16200,827651.0,0.73,0.16,0.08,0.0
2026-02-17,FDEM,34.48,34.33,34.48,33.925,200553,6866004.0,1.61,-0.29,-0.1,0.0
2026-02-17,FDEV,37.35,37.35,37.5,37.022,42650,1589344.0,1.27,-0.69,-0.26,0.0
2026-02-17,FDFF,32.24,32.53,32.59,32.2,2899,94043.0,1.21,1.17,0.375,0.0
2026-02-17,FDG,116.745,117.61,117.991,115.85,21299,2491125.0,1.83,0.5,0.59,0.0
2026-02-17,FDHY,49.7,49.62,49.7,49.47,132328,6568289.0,0.46,-0.12,-0.06,0.0
2026-02-17,FDIF,34.21,34.546,34.58,34.17,10142,349190.0,1.19,0.36,0.124,0.0
2026-02-17,FDIG,35.23,35.371,35.99,34.48,60736,2142940.0,4.2,-1.64,-0.589,0.0
2026-02-17,FDIS,99.52,99.65,100.0,98.3,77669,7703849.0,1.71,-0.05,-0.05,0.0
2026-02-17,FDIV,28.5,28.355,28.52,28.23,7097,201113.0,1.02,-0.39,-0.112,0.0
2026-02-17,FDL,51.05,50.52,51.306,50.28,1131197,57171315.0,2.02,-0.71,-0.36,0.0
2026-02-17,FDLO,67.59,67.71,67.81,67.3,144367,9764204.0,0.75,0.18,0.12,0.0
2026-02-17,FDLS,38.64,38.65,38.84,38.36,36707,1419167.0,1.24,-0.21,-0.08,0.0
2026-02-17,FDM,86.33,86.096,86.33,85.165,7297,626568.0,1.35,-0.05,-0.044,0.0
2026-02-17,FDMO,83.39,83.92,84.29,82.92,38713,3240748.0,1.63,0.04,0.034,0.0
2026-02-17,FDMT,9.5,9.48,9.72,9.295,880011,8353165.0,4.55,1.39,0.13,1.73
2026-02-17,FDN,235.43,235.83,237.63,232.49,676575,159239444.0,2.17,-0.36,-0.86,0.0
2026-02-17,FDND,19.72,19.673,19.72,19.51,10388,204573.0,1.06,-0.25,-0.049,0.0
2026-02-17,FDNI,29.59,29.782,29.92,29.59,3406,101556.0,1.11,0.44,0.129,0.0
2026-02-17,FDP,40.67,40.32,41.05,39.98,291825,11788625.0,2.65,-0.32,-0.13,0.62
2026-02-17,FDRR,61.92,62.13,62.32,61.605,22567,1400594.0,1.15,0.29,0.18,0.0
2026-02-17,FDRS,21.38,21.38,21.39,21.36,6619,141453.0,0.14,-0.88,-0.19,0.0
2026-02-17,FDRV,17.64,17.595,17.65,17.41,8441,148220.0,1.36,-0.27,-0.048,0.0
2026-02-17,FDRX,18.95,19.217,19.217,18.95,512,9705.0,1.38,-0.85,-0.164,0.0
2026-02-17,FDS,201.07,190.06,205.0,185.0,1453680,276879056.0,9.72,-7.64,-15.73,3.92
2026-02-17,FDSB,15.11,15.2,15.23,15.11,5535,84004.0,0.79,0.6,0.09,0.1
2026-02-17,FDT,92.72,92.81,93.13,91.64,82858,7676935.0,1.59,-0.7,-0.65,0.0
2026-02-17,FDTS,69.14,69.445,69.53,68.63,8638,596696.0,1.29,-0.29,-0.2,0.0
2026-02-17,FDTX,38.06,38.255,38.445,37.68,19228,732722.0,1.99,-0.6,-0.231,0.0
2026-02-17,FDUS,18.89,18.49,19.05,18.42,335352,6232113.0,3.34,-1.91,-0.36,0.88
2026-02-17,FDV,32.21,31.84,32.21,31.749,152176,4850860.0,1.44,-0.47,-0.15,0.0
2026-02-17,FDVV,59.18,59.19,59.36,58.76,976534,57726781.0,1.02,0.14,0.08,0.0
2026-02-17,FDX,377.96,375.3,381.99,373.99,1165258,438688880.0,2.13,0.15,0.58,0.5
2026-02-17,FE,50.14,49.35,50.44,49.26,6094473,302191680.0,2.36,-1.5,-0.75,1.05
2026-02-17,FEAC,28.98,29.167,29.225,28.98,519,15089.0,0.84,0.15,0.043,0.0
2026-02-17,FEAM,2.18,2.06,2.23,1.961,500462,1033264.0,12.17,-6.79,-0.15,1.21
2026-02-17,FEAT,19.12,19.51,19.6,19.08,44378,862290.0,2.68,0.39,0.075,0.0
2026-02-17,FEBM,30.56,30.605,30.63,30.56,2819,86299.0,0.23,0.04,0.011,0.0
2026-02-17,FEBO,1.16,1.17,1.18,1.16,1210,1416.0,1.74,1.74,0.02,0.01
2026-02-17,FEBP,32.03,32.123,32.17,31.962,6636,212875.0,0.65,0.14,0.044,0.0
2026-02-17,FEBT,38.61,38.58,38.71,38.395,19314,745531.0,0.82,0.1,0.038,0.0
2026-02-17,FEBU,27.73,27.77,27.85,27.62,33467,928219.0,0.83,0.0,0.0,0.0
2026-02-17,FEBW,34.05,34.1,34.18,33.9,43380,1479008.0,0.82,0.15,0.05,0.0
2026-02-17,FEBZ,37.38,37.578,37.58,37.38,825,30957.0,0.53,0.2,0.074,0.0
2026-02-17,FEDM,62.16,63.049,63.13,62.16,4445,279880.0,1.53,-0.34,-0.213,0.0
2026-02-17,FEDU,9.735,10.48,10.48,9.642,2724,27502.0,8.23,2.9,0.295,0.12
2026-02-17,FEED,2.86,2.56,2.95,2.51,542212,1455595.0,15.55,-9.54,-0.27,49.83
2026-02-17,FEGE,50.56,50.33,50.67,49.82,413146,20755352.0,1.68,-0.69,-0.35,0.0
2026-02-17,FEIG,41.741,41.779,41.779,41.741,350,14609.0,0.09,0.18,0.074,0.0
2026-02-17,FEIM,45.79,46.62,47.9,44.44,95549,4457788.0,7.41,-0.21,-0.1,0.97
2026-02-17,FELC,37.86,38.07,38.195,37.645,2257629,85759982.0,1.45,0.29,0.11,0.0
2026-02-17,FELE,98.32,92.98,99.24,91.71,1180686,111134935.0,6.91,-14.65,-15.96,2.67
2026-02-17,FELG,39.07,39.42,39.595,38.84,668323,26208968.0,1.93,0.59,0.23,0.0
2026-02-17,FELV,36.42,36.46,36.54,36.18,109610,3992065.0,0.99,-0.03,-0.01,0.0
2026-02-17,FEM,30.19,30.485,30.59,30.13,72972,2213473.0,1.51,-0.18,-0.055,0.0
2026-02-17,FEMB,31.05,30.94,31.05,30.75,83852,2589076.0,0.97,0.19,0.06,0.0
2026-02-17,FEMD,36.06,36.208,36.21,36.06,463,16716.0,0.42,0.21,0.077,0.0
2026-02-17,FEMR,36.92,36.95,36.95,36.4,39203,1439584.0,1.48,-0.27,-0.1,0.0
2026-02-17,FEMS,46.12,46.556,46.8,45.995,30263,1404780.0,1.73,-0.02,-0.01,0.0
2026-02-17,FEMY,0.508,0.495,0.509,0.48,293949,145984.0,5.71,-2.56,-0.013,0.49
2026-02-17,FENC,8.45,8.68,8.97,8.32,128599,1117796.0,7.72,3.09,0.26,0.38
2026-02-17,FENG,1.71,1.721,1.76,1.71,2467,4283.0,2.84,-2.22,-0.039,0.02
2026-02-17,FENI,39.79,40.12,40.15,39.633,2072801,82813599.0,1.29,0.3,0.12,0.0
2026-02-17,FENY,30.15,29.73,30.34,29.385,2741119,81366412.0,3.18,-1.13,-0.34,0.0
2026-02-17,FEOE,53.89,53.91,54.09,53.29,288869,15526431.0,1.48,-0.52,-0.28,0.0
2026-02-17,FEP,57.46,58.042,58.16,57.26,22529,1301015.0,1.56,0.65,0.372,0.0
2026-02-17,FEPI,41.2,41.53,41.76,40.82,175768,7260793.0,2.26,-0.19,-0.08,0.0
2026-02-17,FER,72.32,72.71,73.3,72.3,869155,63262952.0,1.38,0.11,0.08,0.12
2026-02-17,FERA,10.26,10.27,10.27,10.26,76774,787728.0,0.1,0.0,0.0,0.25
2026-02-17,FERAR,0.36,0.38,0.4,0.33,7800,2996.0,22.08,19.87,0.063,0.0
2026-02-17,FERG,259.22,259.67,261.03,256.95,939084,243831377.0,1.56,-0.65,-1.69,0.48
2026-02-17,FESM,39.85,40.0,40.21,39.41,671047,26819420.0,2.0,-0.2,-0.08,0.0
2026-02-17,FET,50.24,50.59,50.92,48.88,185251,9294788.0,4.06,0.78,0.39,1.67
2026-02-17,FETH,19.815,19.88,20.1,19.35,3624327,71461128.0,3.68,-2.55,-0.52,0.0
2026-02-17,FEUS,72.84,72.92,73.06,72.84,7793,567739.0,0.3,0.1,0.073,0.0
2026-02-17,FEUZ,65.97,66.62,66.623,65.97,1357,89958.0,0.99,1.18,0.78,0.0
2026-02-17,FEX,126.78,126.731,127.458,125.965,29021,3670359.0,1.18,-0.19,-0.239,0.0
2026-02-17,FEZ,67.25,67.87,67.94,67.06,1339828,90624173.0,1.3,0.49,0.33,0.0
2026-02-17,FF,3.76,3.74,3.79,3.74,119059,446816.0,1.33,-0.53,-0.02,0.27
2026-02-17,FFA,21.84,21.893,21.97,21.695,45504,994255.0,1.26,0.15,0.033,0.0
2026-02-17,FFAI,0.619,0.544,0.63,0.535,28063136,15608327.0,15.57,-10.82,-0.066,13.66
2026-02-17,FFAIW,0.022,0.019,0.022,0.019,20162,407.0,15.0,-5.0,-0.001,0.0
2026-02-17,FFBC,30.35,30.45,30.925,30.11,696917,21238343.0,2.69,0.46,0.14,0.71
2026-02-17,FFC,16.84,16.91,16.93,16.82,65870,1112264.0,0.65,0.18,0.03,0.0
2026-02-17,FFDI,31.5,31.776,31.82,31.43,7076,223522.0,1.23,-0.07,-0.022,0.0
2026-02-17,FFEB,57.21,57.37,57.47,56.851,30676,1757666.0,1.08,0.28,0.16,0.0
2026-02-17,FFEM,37.78,37.68,37.79,37.26,23925,899479.0,1.4,-0.58,-0.22,0.0
2026-02-17,FFF,21.8,21.643,21.8,21.643,600,13027.0,0.72,-0.44,-0.095,0.0
2026-02-17,FFGX,32.49,32.711,32.711,32.32,4400,142989.0,1.19,-0.13,-0.044,0.0
2026-02-17,FFIC,16.64,16.84,16.98,16.58,371609,6262516.0,2.4,1.02,0.17,1.1
2026-02-17,FFIN,33.6,33.45,34.04,33.18,682484,22859933.0,2.57,-0.09,-0.03,0.48
2026-02-17,FFIU,22.45,22.422,22.45,22.422,307,6872.0,0.12,-0.06,-0.013,0.0
2026-02-17,FFIV,273.33,270.58,273.741,268.47,513747,139173327.0,1.92,-1.22,-3.35,0.91
2026-02-17,FFLC,53.97,54.33,54.49,53.765,63184,3423085.0,1.34,0.15,0.08,0.0
2026-02-17,FFLG,28.76,29.103,29.26,28.63,78776,2286675.0,2.17,0.39,0.113,0.0
2026-02-17,FFLS,22.38,22.54,22.58,22.38,7639,172106.0,0.88,-0.31,-0.07,0.0
2026-02-17,FFLV,26.22,26.18,26.22,26.07,5520,144359.0,0.57,-0.32,-0.085,0.0
2026-02-17,FFND,30.58,30.604,30.66,30.58,12413,379877.0,0.26,0.39,0.119,0.0
2026-02-17,FFOG,42.38,42.87,43.035,42.125,35675,1527160.0,2.13,0.4,0.17,0.0
2026-02-17,FFOX,28.5,28.66,28.73,28.42,19550,559472.0,1.09,0.42,0.12,0.0
2026-02-17,FFSM,33.625,33.71,33.87,33.4,164207,5528382.0,1.39,-0.33,-0.11,0.0
2026-02-17,FFTY,37.48,37.74,38.08,36.72,45398,1702499.0,3.56,-1.28,-0.49,0.0
2026-02-17,FFUT,54.82,54.875,55.04,54.49,11793,645412.0,1.0,0.01,0.005,0.0
2026-02-17,FFWM,6.24,6.33,6.36,6.17,1655605,10324502.0,3.04,1.44,0.09,2.0
2026-02-17,FG,28.6,28.55,28.74,28.09,323911,9240117.0,2.29,0.39,0.11,0.24
2026-02-17,FGBI,9.18,9.24,9.308,9.18,15744,145537.0,1.38,-0.54,-0.05,0.1
2026-02-17,FGBIP,17.85,17.694,17.85,17.694,2539,45258.0,0.88,-0.71,-0.126,0.18
2026-02-17,FGD,33.69,33.78,33.81,33.48,286761,9662868.0,0.98,0.09,0.03,0.0
2026-02-17,FGDL,65.43,65.14,65.43,64.47,33317,2163746.0,1.44,-2.6,-1.74,0.0
2026-02-17,FGI,5.61,5.61,5.79,5.6,6856,39010.0,3.38,-0.18,-0.01,0.36
2026-02-17,FGIWW,0.032,0.036,0.04,0.032,1350,45.0,20.0,-10.0,-0.004,0.0
2026-02-17,FGL,15.03,13.27,15.237,11.54,233298,3214818.0,20.54,-26.28,-4.73,56.21
2026-02-17,FGM,69.23,69.546,69.78,68.88,2994,208070.0,1.31,1.35,0.926,0.0
2026-02-17,FGMC,10.1,10.07,10.1,10.07,53628,540298.0,0.3,-0.1,-0.01,0.52
2026-02-17,FGMCR,0.548,0.535,0.548,0.488,6609,3357.0,10.95,-2.37,-0.013,0.0
2026-02-17,FGN,26.03,26.2,26.21,25.96,17809,465289.0,0.96,0.5,0.13,0.0
2026-02-17,FGNX,9.03,8.15,9.35,7.985,103202,863948.0,15.62,-6.75,-0.59,1.57
2026-02-17,FGNXP,24.6,24.61,24.61,24.4,5914,144960.0,0.86,0.86,0.21,0.0
2026-02-17,FGSI,20.04,19.965,20.04,19.96,4671,93320.0,0.4,-0.06,-0.011,0.0
2026-02-17,FGSM,32.73,32.98,33.1,32.63,2725,89663.0,1.42,-0.21,-0.068,0.0
2026-02-17,FGSN,22.35,22.41,22.48,22.28,37138,830557.0,0.9,0.72,0.16,0.0
2026-02-17,FHB,26.4,26.4,26.71,26.19,888359,23464093.0,1.98,0.38,0.1,0.72
2026-02-17,FHDG,34.04,34.161,34.205,33.95,7986,272058.0,0.75,0.14,0.047,0.0
2026-02-17,FHEQ,30.61,30.67,30.76,30.44,73113,2239743.0,1.04,0.07,0.02,0.0
2026-02-17,FHI,55.9,54.88,56.68,54.51,626052,34450763.0,3.91,-1.01,-0.56,0.82
2026-02-17,FHLC,75.02,75.01,75.6,74.88,161198,12105794.0,0.96,0.07,0.05,0.0
2026-02-17,FHN,24.61,24.78,25.06,24.56,5135449,127406769.0,2.04,0.9,0.22,1.06
2026-02-17,FHN_C,25.152,25.152,25.152,25.152,192,4837.0,0.0,0.0,0.0,0.01
2026-02-17,FHN_E,24.96,24.95,24.96,24.915,3805,94909.0,0.18,0.0,0.0,0.06
2026-02-17,FHN_F,18.865,18.765,18.865,18.65,5091,95590.0,1.17,1.78,0.328,0.08
2026-02-17,FHTX,5.49,5.56,5.68,5.28,118616,656404.0,7.21,0.18,0.01,0.2
2026-02-17,FHYS,23.311,23.31,23.33,23.306,15498,361385.0,0.1,0.04,0.01,0.0
2026-02-17,FIAT,31.96,31.37,32.56,30.56,179621,5636248.0,6.32,-0.88,-0.28,0.0
2026-02-17,FIAX,17.85,17.895,17.903,17.85,2919,52242.0,0.3,-0.04,-0.008,0.0
2026-02-17,FIBK,37.73,37.97,38.21,37.31,858199,32487675.0,2.39,0.82,0.31,0.85
2026-02-17,FICO,1363.36,1351.6,1379.6,1328.085,210404,283878000.0,3.83,0.51,6.86,0.89
2026-02-17,FICS,41.54,41.815,41.84,41.465,58086,2420062.0,0.9,0.59,0.244,0.0
2026-02-17,FID,22.27,22.36,22.39,22.18,62823,1400663.0,0.94,0.27,0.06,0.0
2026-02-17,FIDI,28.41,28.34,28.41,28.07,111326,3142772.0,1.2,-0.28,-0.08,0.0
2026-02-17,FIDU,93.15,93.89,94.234,92.8,129212,12104043.0,1.54,0.55,0.51,0.0
2026-02-17,FIEE,6.45,7.16,7.22,6.03,64877,445162.0,17.84,7.35,0.49,1.03
2026-02-17,FIG,23.0,23.1,23.58,21.965,12748238,293174144.0,7.17,2.53,0.57,2.44
2026-02-17,FIGB,43.89,43.89,43.93,43.83,121369,5323786.0,0.23,0.02,0.01,0.0
2026-02-17,FIGG,1.54,1.57,1.64,1.422,1067582,1645237.0,14.44,3.97,0.06,0.0
2026-02-17,FIGR,34.8,36.91,38.46,34.74,5185731,190624120.0,10.54,4.59,1.62,2.4
2026-02-17,FIGS,10.25,10.25,10.33,9.917,2745281,27977364.0,4.03,0.0,0.0,1.65
2026-02-17,FIHL,19.77,19.95,20.12,19.77,281771,5638504.0,1.78,1.53,0.3,0.29
2026-02-17,FIIG,21.27,21.29,21.29,21.25,123769,2633715.0,0.19,0.02,0.005,0.0
2026-02-17,FINS,13.25,13.23,13.25,13.21,49463,654397.0,0.3,-0.15,-0.02,0.0
2026-02-17,FINT,34.32,34.62,34.63,34.25,3770,129907.0,1.1,-0.11,-0.037,0.0
2026-02-17,FINV,5.56,5.79,5.86,5.56,990592,5706839.0,5.42,4.51,0.25,0.39
2026-02-17,FINW,17.5,17.16,17.5,17.16,10512,181707.0,1.96,-1.15,-0.2,0.08
2026-02-17,FINX,23.25,23.46,23.57,23.085,138090,3234746.0,2.08,0.6,0.14,0.0
2026-02-17,FIP,6.0,5.99,6.02,5.74,768715,4560842.0,4.67,-0.17,-0.01,0.66
2026-02-17,FIS,47.36,47.52,48.32,47.205,6690913,318529152.0,2.38,1.54,0.72,1.3
2026-02-17,FISI,34.86,34.78,35.11,34.34,99687,3469173.0,2.24,1.08,0.37,0.5
2026-02-17,FISK,6.0,6.38,6.38,5.99,7771,47252.0,6.38,4.42,0.27,0.35
2026-02-17,FISR,26.15,26.23,26.23,26.15,72042,1887214.0,0.31,0.23,0.06,0.0
2026-02-17,FISV,60.72,63.45,63.78,60.56,11408813,714491056.0,5.42,6.89,4.09,2.13
2026-02-17,FITB,53.37,53.06,53.65,52.685,8262802,437915328.0,1.83,0.38,0.2,0.92
2026-02-17,FITBI,25.77,25.94,25.95,25.77,67535,1747045.0,0.7,0.39,0.1,0.38
2026-02-17,FITBM,26.35,26.42,26.44,26.31,94932,2503212.0,0.49,0.46,0.12,23.73
2026-02-17,FITBO,19.85,20.04,20.04,19.85,19564,390244.0,0.96,0.86,0.17,0.2
2026-02-17,FITBP,24.73,24.88,24.88,24.7,15155,375183.0,0.73,1.06,0.26,0.19
2026-02-17,FITE,88.75,88.683,89.25,87.23,8227,726944.0,2.27,-0.47,-0.417,0.0
2026-02-17,FIVA,37.55,37.77,37.77,37.24,165203,6199273.0,1.4,0.08,0.03,0.0
2026-02-17,FIVE,206.68,212.48,212.84,204.45,940067,197986647.0,4.07,3.18,6.55,1.7
2026-02-17,FIVN,16.78,16.33,17.25,16.05,2528766,41327344.0,7.16,-2.51,-0.42,3.31
2026-02-17,FIVY,24.235,24.415,24.53,24.04,2926,70933.0,2.01,0.23,0.056,0.0
2026-02-17,FIW,112.92,112.22,113.09,111.8,52704,5926892.0,1.14,-0.73,-0.83,0.0
2026-02-17,FIX,1317.89,1337.75,1364.88,1307.645,425280,570339008.0,4.28,-0.01,-0.2,1.21
2026-02-17,FIXD,44.79,44.79,44.81,44.75,248523,11129247.0,0.13,0.0,0.0,0.0
2026-02-17,FIXP,19.967,19.967,19.967,19.967,35,698.0,0.0,0.03,0.005,0.0
2026-02-17,FIXT,38.71,38.68,38.71,38.68,26003,1006259.0,0.08,-0.03,-0.01,0.0
2026-02-17,FIZZ,36.51,36.67,36.75,36.1,230598,8424666.0,1.79,0.88,0.32,0.25
2026-02-17,FJAN,51.71,51.85,51.978,51.51,60805,3148169.0,0.9,0.12,0.06,0.0
2026-02-17,FJET,5.05,7.14,7.15,5.0,3357043,21862803.0,41.99,39.45,2.02,7.64
2026-02-17,FJP,80.75,80.67,80.75,79.53,17345,1394369.0,1.5,-0.56,-0.458,0.0
2026-02-17,FJUL,55.93,56.06,56.19,55.82,13597,761999.0,0.66,0.11,0.06,0.0
2026-02-17,FJUN,57.23,57.34,57.48,57.18,14395,825685.0,0.52,0.07,0.042,0.0
2026-02-17,FKU,54.4,54.99,55.12,54.4,10320,564683.0,1.32,0.79,0.43,0.0
2026-02-17,FKWL,4.05,4.15,4.279,4.05,8103,33877.0,5.63,1.97,0.08,0.07
2026-02-17,FLAG,27.484,27.484,27.484,27.484,43,1190.0,0.0,-0.84,-0.232,0.0
2026-02-17,FLAU,34.32,34.893,34.97,34.32,59643,2061280.0,1.88,0.67,0.231,0.0
2026-02-17,FLAX,32.8,32.63,32.8,32.37,15936,520686.0,1.31,-0.21,-0.07,0.0
2026-02-17,FLBL,23.11,23.07,23.12,23.06,386531,8922680.0,0.26,-0.17,-0.04,0.0
2026-02-17,FLBR,23.14,23.08,23.25,22.8,414933,9561319.0,1.93,-0.9,-0.21,0.0
2026-02-17,FLC,18.02,17.95,18.02,17.93,22195,398932.0,0.5,-0.39,-0.07,0.0
2026-02-17,FLCA,49.85,49.92,50.0,49.17,78426,3906542.0,1.65,-0.54,-0.27,0.0
2026-02-17,FLCB,21.85,21.84,21.87,21.84,295615,6460478.0,0.14,-0.09,-0.02,0.0
2026-02-17,FLCC,31.9,31.949,32.088,31.705,6239,199357.0,1.2,0.21,0.066,0.0
2026-02-17,FLCE,28.45,28.685,28.733,28.45,5251,150324.0,0.99,0.1,0.029,0.0
2026-02-17,FLCG,30.91,31.216,31.37,30.8,47679,1482699.0,1.84,0.53,0.166,0.0
2026-02-17,FLCH,24.07,24.22,24.27,24.01,101212,2441994.0,1.08,0.54,0.13,0.0
2026-02-17,FLCO,21.85,21.875,21.88,21.845,62677,1370246.0,0.16,0.14,0.03,0.0
2026-02-17,FLCV,32.45,32.461,32.53,32.45,837,27210.0,0.25,-0.19,-0.063,0.0
2026-02-17,FLD,1.48,1.47,1.59,1.4,131153,194820.0,12.67,-2.0,-0.03,0.27
2026-02-17,FLDB,50.54,50.52,50.54,50.52,789,39871.0,0.04,-0.01,-0.003,0.0
2026-02-17,FLDDW,0.13,0.101,0.14,0.1,47007,5548.0,30.77,-22.31,-0.029,0.0
2026-02-17,FLDR,50.42,50.38,50.42,50.36,285047,14362463.0,0.12,-0.01,-0.005,0.0
2026-02-17,FLDZ,30.168,30.168,30.168,30.168,10,303.0,0.0,0.0,0.0,0.0
2026-02-17,FLEE,38.83,39.13,39.149,38.71,9088,354054.0,1.13,0.67,0.26,0.0
2026-02-17,FLEU,34.87,35.181,35.2,34.782,25828,905576.0,1.2,0.74,0.258,0.0
2026-02-17,FLEX,64.31,64.42,65.515,62.72,3273184,210811740.0,4.35,0.28,0.18,0.89
2026-02-17,FLG,14.15,14.1,14.4,14.05,4965808,70270316.0,2.47,-0.56,-0.08,1.19
2026-02-17,FLGB,35.95,36.27,36.28,35.835,73888,2663263.0,1.23,0.55,0.2,0.0
2026-02-17,FLGR,34.447,34.793,34.793,34.41,3310,114334.0,1.1,0.27,0.095,0.0
2026-02-17,FLGT,23.45,23.6,23.83,22.82,197460,4635065.0,4.31,0.73,0.17,0.64
2026-02-17,FLGV,20.72,20.725,20.746,20.715,76550,1586775.0,0.15,0.0,0.0,0.0
2026-02-17,FLG_A,22.86,23.5,23.5,22.86,38590,895222.0,2.79,2.26,0.52,0.19
2026-02-17,FLG_U,41.2,41.5,41.595,41.2,5269,217990.0,0.96,0.61,0.25,0.0
2026-02-17,FLHY,24.51,24.52,24.526,24.495,168008,4118007.0,0.13,0.04,0.01,0.0
2026-02-17,FLIA,20.46,20.46,20.47,20.45,71509,1462964.0,0.1,0.15,0.03,0.0
2026-02-17,FLIN,37.81,37.98,37.99,37.74,684539,25908559.0,0.66,0.77,0.29,0.0
2026-02-17,FLJH,41.96,42.1,42.2,41.74,42017,1764293.0,1.08,-1.61,-0.69,0.0
2026-02-17,FLJJ,32.03,32.103,32.103,32.03,2406,77213.0,0.23,0.06,0.019,0.0
2026-02-17,FLJP,39.05,39.3,39.4,38.905,1292036,50581953.0,1.24,-1.87,-0.75,0.0
2026-02-17,FLKR,43.12,42.65,43.28,42.24,461230,19772850.0,2.39,-2.18,-0.95,0.0
2026-02-17,FLL,2.35,2.21,2.35,2.17,66044,146410.0,7.96,-2.21,-0.05,0.18
2026-02-17,FLLA,28.62,28.54,28.62,28.17,74939,2132166.0,1.57,-0.56,-0.16,0.0
2026-02-17,FLMB,24.09,24.08,24.119,24.04,3091,74403.0,0.33,0.12,0.03,0.0
2026-02-17,FLMI,25.3,25.32,25.32,25.29,671299,16991314.0,0.12,0.16,0.04,0.0
2026-02-17,FLMX,39.58,39.73,39.75,39.153,176363,6976885.0,1.5,-0.16,-0.064,0.0
2026-02-17,FLN,26.58,26.678,26.68,26.29,5128,136016.0,1.47,0.35,0.093,0.0
2026-02-17,FLNC,18.02,17.78,18.36,17.18,4542160,80395271.0,6.39,-3.68,-0.68,2.47
2026-02-17,FLNG,26.19,26.92,27.13,26.0,722890,19293185.0,4.35,3.58,0.93,1.34
2026-02-17,FLNT,3.04,3.06,3.34,3.04,10775,33672.0,9.62,-1.92,-0.06,0.04
2026-02-17,FLO,10.35,9.66,10.43,9.44,9318035,90378491.0,9.56,-6.76,-0.7,4.41
2026-02-17,FLOC,21.77,21.8,22.26,21.51,321850,7034423.0,3.44,-0.09,-0.02,0.36
2026-02-17,FLOT,50.95,50.97,50.98,50.95,1258275,64128724.0,0.06,0.04,0.02,0.0
2026-02-17,FLOW,36.46,36.53,36.55,36.23,15728,572788.0,0.87,-0.54,-0.198,0.0
2026-02-17,FLQL,70.44,70.88,71.14,70.2,77786,5507225.0,1.33,0.14,0.1,0.0
2026-02-17,FLQM,57.76,57.65,57.95,57.22,112167,6459621.0,1.26,-0.38,-0.22,0.0
2026-02-17,FLQS,45.11,45.23,45.43,45.11,14018,632957.0,0.71,-0.15,-0.067,0.0
2026-02-17,FLR,45.82,48.57,49.2,45.8,5861403,282236896.0,7.48,6.79,3.09,4.0
2026-02-17,FLRG,38.04,38.128,38.25,37.8,19328,736410.0,1.18,0.0,0.001,0.0
2026-02-17,FLRN,30.8,30.81,30.81,30.79,1145324,35280047.0,0.06,0.06,0.02,0.0
2026-02-17,FLRT,47.06,47.08,47.1,47.037,117071,5511086.0,0.13,0.13,0.06,0.0
2026-02-17,FLS,88.97,89.76,90.44,88.62,1604225,143809959.0,2.03,0.08,0.07,1.26
2026-02-17,FLSA,33.515,33.515,33.515,33.515,313,10439.0,0.0,-0.43,-0.146,0.0
2026-02-17,FLSP,27.262,26.97,27.312,26.97,12797,348248.0,1.26,-0.33,-0.09,0.0
2026-02-17,FLSW,44.27,44.589,44.62,44.14,53548,2377689.0,1.09,0.98,0.434,0.0
2026-02-17,FLTB,50.9,50.9,51.155,50.9,48365,2463232.0,0.5,-0.05,-0.024,0.0
2026-02-17,FLTR,25.55,25.55,25.55,25.54,1143898,29219630.0,0.04,0.04,0.01,0.0
2026-02-17,FLTW,69.45,70.55,70.85,69.08,1480601,104313583.0,2.51,0.04,0.03,0.0
2026-02-17,FLUD,25.03,25.04,25.06,25.023,476715,11941531.0,0.15,-0.02,-0.005,0.0
2026-02-17,FLUT,126.13,123.91,126.74,122.985,3527946,439158288.0,3.0,-1.01,-1.26,2.01
2026-02-17,FLUX,1.04,1.07,1.12,1.01,405675,431235.0,10.68,3.88,0.04,1.9
2026-02-17,FLV,81.98,81.06,81.98,80.78,22923,1859132.0,1.47,-0.37,-0.3,0.0
2026-02-17,FLWS,3.58,3.41,3.645,3.271,1313146,4415475.0,10.51,-4.21,-0.15,2.05
2026-02-17,FLX,2.81,2.62,3.01,2.61,47549,131369.0,14.23,-6.76,-0.19,0.07
2026-02-17,FLXN,25.665,25.68,25.68,25.64,5527,141845.0,0.16,0.02,0.004,0.0
2026-02-17,FLXR,39.79,39.765,39.79,39.74,372525,14812740.0,0.13,-0.01,-0.005,0.0
2026-02-17,FLXS,57.11,57.25,57.87,56.15,44869,2564265.0,2.99,-0.56,-0.32,0.84
2026-02-17,FLY,19.0,20.38,21.7,18.618,4286049,88017270.0,15.97,5.6,1.08,2.69
2026-02-17,FLYD,7.125,6.946,7.26,6.87,7707,53569.0,5.28,-5.88,-0.434,0.0
2026-02-17,FLYE,2.63,2.46,2.63,2.42,53413,135520.0,7.81,-8.55,-0.23,3.27
2026-02-17,FLYT,8.18,9.01,10.03,7.65,78047,702377.0,28.67,8.55,0.71,0.0
2026-02-17,FLYU,43.89,45.033,45.69,43.89,1237,55931.0,4.23,5.79,2.463,0.0
2026-02-17,FLYW,10.99,10.79,11.16,10.73,1285787,13945315.0,3.92,-1.64,-0.18,1.05
2026-02-17,FLYX,2.49,2.34,2.52,2.3,118939,279656.0,8.98,-4.49,-0.11,0.13
2026-02-17,FLYX_WS,0.28,0.28,0.28,0.28,240,67.0,0.0,0.72,0.002,0.0
2026-02-17,FMAG,33.34,33.47,33.63,33.2,20090,672186.0,1.29,0.03,0.01,0.0
2026-02-17,FMAO,29.6,28.95,29.831,28.705,41938,1220230.0,3.81,-2.1,-0.62,0.31
2026-02-17,FMAR,47.72,47.81,47.83,47.68,13227,631753.0,0.31,0.06,0.03,0.0
2026-02-17,FMAT,61.16,61.14,61.33,60.34,53986,3296542.0,1.6,-1.13,-0.7,0.0
2026-02-17,FMAY,53.49,53.66,53.74,53.49,15583,835974.0,0.47,0.09,0.05,0.0
2026-02-17,FMB,51.85,51.89,51.895,51.822,134574,6980975.0,0.14,0.12,0.06,0.0
2026-02-17,FMBH,43.29,43.99,44.24,43.29,97506,4277454.0,2.19,1.62,0.7,0.41
2026-02-17,FMC,14.14,14.48,14.75,14.1,2751456,39822967.0,4.53,0.98,0.14,2.2
2026-02-17,FMCE,26.142,26.142,26.142,26.142,141,3692.0,0.0,0.1,0.026,0.0
2026-02-17,FMCX,33.654,33.654,33.654,33.654,12,394.0,0.0,-0.08,-0.026,0.0
2026-02-17,FMDE,37.44,37.41,37.592,37.08,844940,31567282.0,1.37,-0.19,-0.07,0.0
2026-02-17,FMED,25.36,25.81,25.98,25.36,5331,137298.0,2.46,2.42,0.61,0.0
2026-02-17,FMET,33.32,33.225,33.405,32.84,4295,142507.0,1.69,-0.71,-0.237,0.0
2026-02-17,FMF,49.03,49.1,49.25,48.71,15821,774827.0,1.11,0.59,0.29,0.0
2026-02-17,FMFC,0.324,0.321,0.351,0.321,634211,210429.0,8.31,-11.08,-0.04,3.47
2026-02-17,FMHI,48.43,48.517,48.54,48.43,152342,7390152.0,0.23,0.1,0.047,0.0
2026-02-17,FMKT,21.9,21.943,21.99,21.83,8747,191904.0,0.73,-0.19,-0.042,0.0
2026-02-17,FMN,10.945,11.3,11.355,10.945,44941,509344.0,3.63,-0.09,-0.01,0.0
2026-02-17,FMNB,13.47,13.46,13.56,13.37,414613,5590366.0,1.41,0.15,0.02,1.1
2026-02-17,FMNY,27.11,27.11,27.14,27.045,11033,298825.0,0.35,0.31,0.085,0.0
2026-02-17,FMQQ,13.055,13.01,13.055,12.9,2231,28999.0,1.19,-0.08,-0.01,0.0
2026-02-17,FMS,24.51,24.59,24.71,24.435,494184,12154395.0,1.13,0.61,0.15,0.09
2026-02-17,FMST,2.43,2.48,2.57,2.32,453363,1120993.0,10.82,7.36,0.17,3.11
2026-02-17,FMSTW,1.15,0.9,1.15,0.868,19150,19756.0,34.18,9.09,0.075,0.0
2026-02-17,FMTL,34.3,35.07,35.15,34.23,16992,595887.0,2.56,-2.5,-0.9,0.0
2026-02-17,FMTM,36.0,36.072,36.165,35.565,40823,1468361.0,1.66,-0.08,-0.028,0.0
2026-02-17,FMUB,51.53,51.546,51.66,51.494,25089,1293031.0,0.32,0.07,0.036,0.0
2026-02-17,FMUN,50.96,50.92,50.98,50.89,7014,357236.0,0.18,-0.04,-0.02,0.0
2026-02-17,FMX,113.41,114.65,114.66,112.28,272812,31037231.0,2.08,0.23,0.26,0.08
2026-02-17,FMY,12.13,12.06,12.18,12.06,7236,87548.0,0.99,-0.17,-0.02,0.0
2026-02-17,FN,488.12,496.78,500.84,471.43,390669,191101936.0,5.93,0.25,1.23,1.09
2026-02-17,FNB,18.2,18.18,18.42,18.005,6070764,110032518.0,2.3,0.61,0.11,1.7
2026-02-17,FNCL,74.15,74.51,74.835,74.111,133312,9928934.0,0.98,0.93,0.69,0.0
2026-02-17,FND,70.33,69.25,71.52,66.5,2098096,143910636.0,7.15,-1.35,-0.95,1.94
2026-02-17,FNDA,34.54,34.5,34.64,34.09,627351,21613746.0,1.59,-0.23,-0.08,0.0
2026-02-17,FNDB,28.28,28.24,28.33,28.02,193201,5448683.0,1.1,-0.21,-0.06,0.0
2026-02-17,FNDC,49.45,49.57,49.76,49.06,122839,6079906.0,1.41,-0.42,-0.21,0.0
2026-02-17,FNDE,39.48,39.6,39.649,39.155,1087321,42871694.0,1.25,-0.13,-0.05,0.0
2026-02-17,FNDF,50.99,51.18,51.293,50.635,1998265,101995637.0,1.28,-0.49,-0.25,0.0
2026-02-17,FNDX,28.93,28.86,29.008,28.655,8426941,242965232.0,1.22,-0.21,-0.06,0.0
2026-02-17,FNF,57.36,57.46,57.65,56.72,1160464,66593198.0,1.64,1.27,0.72,0.43
2026-02-17,FNGD,72.8,70.6,75.32,69.611,431519,31271431.0,8.03,-0.65,-0.46,0.0
2026-02-17,FNGG,162.74,165.3,165.58,158.475,14347,2330505.0,4.34,0.87,1.42,0.0
2026-02-17,FNGO,91.59,93.54,94.257,89.94,13917,1280236.0,4.65,0.69,0.64,0.0
2026-02-17,FNGR,1.13,1.07,1.18,1.05,160341,176804.0,11.5,-5.31,-0.06,0.26
2026-02-17,FNGS,60.6,61.29,61.57,60.05,77940,4756979.0,2.48,0.05,0.03,0.0
2026-02-17,FNGU,17.205,17.81,18.02,16.58,5847979,101187027.0,8.18,1.19,0.21,0.0
2026-02-17,FNK,60.44,60.313,60.44,60.0,2346,141371.0,0.73,-0.28,-0.169,0.0
2026-02-17,FNKO,3.58,3.69,3.8,3.53,1447369,5370358.0,7.52,2.79,0.1,2.61
2026-02-17,FNLC,29.11,29.35,29.705,29.11,13243,389163.0,2.04,0.58,0.17,0.12
2026-02-17,FNOV,54.7,54.97,55.08,54.56,12896,707671.0,0.95,0.16,0.09,0.0
2026-02-17,FNV,244.38,249.73,249.77,241.475,462685,114423489.0,3.29,-0.97,-2.45,0.24
2026-02-17,FNWB,10.34,10.26,10.37,10.25,22028,226565.0,1.17,0.2,0.02,0.23
2026-02-17,FNWD,38.12,36.99,38.12,36.99,10518,391956.0,3.0,-1.73,-0.65,0.24
2026-02-17,FNX,136.06,136.349,137.15,134.966,39590,5398386.0,1.6,-0.03,-0.044,0.0
2026-02-17,FNY,95.73,96.552,97.008,95.44,21362,2063049.0,1.63,0.43,0.415,0.0
2026-02-17,FOA,21.86,22.62,23.23,21.86,64879,1465746.0,6.3,3.95,0.86,0.64
2026-02-17,FOCT,48.88,49.11,49.15,48.79,35906,1761733.0,0.74,0.29,0.14,0.0
2026-02-17,FOF,14.35,14.48,14.51,14.33,67399,971707.0,1.25,0.77,0.11,0.0
2026-02-17,FOFO,4.18,3.88,4.25,3.86,12217,49282.0,9.35,-6.95,-0.29,0.18
2026-02-17,FOLD,14.31,14.3,14.35,14.3,3196308,45781343.0,0.35,-0.07,-0.01,1.02
2026-02-17,FONR,18.56,18.54,18.58,18.53,189473,3513810.0,0.27,-0.05,-0.01,2.76
2026-02-17,FOPC,25.84,25.835,25.84,25.83,1305,33713.0,0.04,-0.02,-0.005,0.0
2026-02-17,FOR,30.36,30.03,30.36,29.28,197254,5903939.0,3.56,-0.92,-0.28,0.39
2026-02-17,FORA,2.1,2.1,2.1,2.09,15964,33463.0,0.48,0.0,0.0,0.05
2026-02-17,FORH,24.75,24.865,24.95,24.64,845,20950.0,1.25,-0.06,-0.015,0.0
2026-02-17,FORM,93.56,95.38,96.41,92.44,877705,83393686.0,4.1,-1.4,-1.35,1.13
2026-02-17,FORR,5.61,5.61,5.7,5.31,486961,2691682.0,6.95,0.0,0.0,2.56
2026-02-17,FORTY,118.65,118.65,118.65,118.65,155,17909.0,0.0,0.0,0.0,0.0
2026-02-17,FOSL,3.79,3.83,3.87,3.675,222970,842725.0,5.13,0.79,0.03,0.38
2026-02-17,FOUR,54.26,56.26,56.49,53.88,1097895,61174509.0,4.74,2.27,1.25,1.3
2026-02-17,FOUR_A,70.9,72.16,72.23,70.785,64496,4596168.0,2.05,2.49,1.755,0.0
2026-02-17,FOWF,33.75,33.836,33.94,33.63,2354,79681.0,0.91,-1.15,-0.394,0.0
2026-02-17,FOX,51.64,51.6,52.785,51.42,2336667,121061980.0,2.65,0.08,0.04,1.04
2026-02-17,FOXA,56.64,56.43,57.83,56.26,6399974,362555152.0,2.79,0.14,0.08,3.19
2026-02-17,FOXF,19.21,19.06,19.53,18.77,404592,7711335.0,3.94,-1.29,-0.25,0.97
2026-02-17,FOXX,4.66,4.74,4.94,4.66,9636,45287.0,5.67,-4.05,-0.2,0.14
2026-02-17,FOXY,30.68,29.52,30.68,29.3,34916,1029035.0,4.69,0.37,0.11,0.0
2026-02-17,FPA,46.18,46.205,46.35,45.6,6709,308835.0,1.62,-0.22,-0.101,0.0
2026-02-17,FPAG,38.94,39.17,39.28,38.77,134421,5269492.0,1.31,0.24,0.095,0.0
2026-02-17,FPAS,25.299,25.299,25.299,25.299,132,3339.0,0.0,-0.04,-0.011,0.0
2026-02-17,FPE,18.39,18.44,18.44,18.39,1460136,26881435.0,0.27,0.33,0.06,0.0
2026-02-17,FPEI,19.54,19.56,19.58,19.54,218804,4281112.0,0.2,0.1,0.02,0.0
2026-02-17,FPF,19.06,19.13,19.18,18.9,162478,3095980.0,1.47,0.42,0.08,0.0
2026-02-17,FPFD,22.06,22.098,22.098,22.055,15179,334953.0,0.2,0.24,0.053,0.0
2026-02-17,FPH,5.44,5.42,5.5,5.27,233861,1265470.0,4.26,0.37,0.02,0.16
2026-02-17,FPI,12.05,11.92,12.05,11.735,711783,8448529.0,2.63,-0.5,-0.06,1.63
2026-02-17,FPRO,24.24,24.4,24.4,24.24,7002,170180.0,0.66,0.83,0.2,0.0
2026-02-17,FPS,33.72,33.75,35.0,32.141,1421283,47675483.0,8.51,0.48,0.16,0.47
2026-02-17,FPWR,37.2,37.128,37.29,37.116,8844,328787.0,0.47,-0.18,-0.068,0.0
2026-02-17,FPX,160.79,162.6,163.32,160.64,26624,4306188.0,1.65,0.35,0.56,0.0
2026-02-17,FPXE,32.92,33.057,33.12,32.92,468,15464.0,0.61,0.62,0.205,0.0
2026-02-17,FPXI,66.156,67.145,67.23,66.048,8845,590583.0,1.76,-0.22,-0.145,0.0
2026-02-17,FQAL,75.97,76.24,76.48,75.62,52855,4016301.0,1.13,0.13,0.096,0.0
2026-02-17,FR,59.45,60.05,60.115,58.915,1275253,76205407.0,2.04,1.92,1.13,0.96
2026-02-17,FRA,11.54,11.49,11.58,11.48,296448,3412986.0,0.86,-1.2,-0.14,0.0
2026-02-17,FRAF,49.5,49.96,50.685,49.26,17240,855673.0,2.9,1.71,0.84,0.38
2026-02-17,FRBA,17.39,17.4,17.505,17.07,44098,765434.0,2.51,0.58,0.1,0.18
2026-02-17,FRD,19.27,18.88,19.97,18.85,21905,418742.0,5.79,-2.38,-0.46,0.31
2026-02-17,FRDD,18.69,18.555,18.7,18.555,1430,26715.0,0.78,-0.15,-0.028,0.0
2026-02-17,FRDM,59.86,59.81,60.0,59.01,599088,35754698.0,1.64,-0.98,-0.59,0.0
2026-02-17,FRDU,36.825,37.83,37.93,36.71,25566,964974.0,3.25,0.8,0.299,0.0
2026-02-17,FREL,28.84,29.01,29.015,28.67,229799,6638253.0,1.2,0.97,0.28,0.0
2026-02-17,FRGE,44.62,44.49,44.645,44.49,333300,14860213.0,0.35,-0.34,-0.15,2.41
2026-02-17,FRGN,28.41,28.567,28.61,28.375,6307,179363.0,0.82,-0.09,-0.025,0.0
2026-02-17,FRGT,1.92,1.34,2.16,1.21,10254461,18479928.0,64.63,-8.84,-0.13,655.55
2026-02-17,FRHC,117.0,112.32,117.0,111.57,126030,14292005.0,4.66,-3.51,-4.08,0.21
2026-02-17,FRI,29.94,30.16,30.16,29.835,10570,316904.0,1.09,1.17,0.35,0.0
2026-02-17,FRME,42.21,42.54,42.795,41.87,419347,17837671.0,2.2,1.17,0.49,0.74
2026-02-17,FRMEP,25.675,25.7,25.7,25.675,271,6967.0,0.1,0.67,0.17,0.03
2026-02-17,FRMI,10.05,9.61,10.083,9.23,7402517,70565738.0,8.29,-6.61,-0.68,1.21
2026-02-17,FRNW,22.85,23.18,23.2,22.69,69249,1594619.0,2.25,2.48,0.56,0.0
2026-02-17,FRO,30.77,31.52,31.56,30.415,3497417,108564511.0,3.7,1.94,0.6,1.57
2026-02-17,FROG,50.88,47.565,51.65,46.44,5705264,270244560.0,10.08,-7.96,-4.115,4.77
2026-02-17,FRPH,23.82,24.06,24.13,23.71,48484,1163748.0,1.76,1.09,0.26,0.25
2026-02-17,FRPT,68.25,71.69,71.785,66.79,1857143,131940079.0,7.38,5.86,3.97,3.79
2026-02-17,FRSH,7.24,7.29,7.485,7.085,5867783,42562102.0,5.52,0.69,0.05,2.07
2026-02-17,FRST,14.0,14.0,14.15,13.89,148993,2085101.0,1.87,0.43,0.06,0.6
2026-02-17,FRSX,0.88,0.863,0.914,0.852,39462,34590.0,6.93,-3.58,-0.032,0.9
2026-02-17,FRT,105.65,106.21,106.53,104.21,850444,89981193.0,2.21,1.35,1.41,0.99
2026-02-17,FRTY,20.55,20.73,20.87,20.483,30004,621131.0,1.87,0.34,0.07,0.0
2026-02-17,FRT_C,19.98,20.22,20.22,19.98,10208,204923.0,1.2,1.23,0.245,0.17
2026-02-17,FRWD,23.944,23.944,23.944,23.944,52,1246.0,0.0,-0.37,-0.09,0.0
2026-02-17,FSBC,40.53,40.63,41.0,40.265,33686,1369364.0,1.81,0.22,0.09,0.16
2026-02-17,FSBW,42.08,41.68,42.33,41.64,8347,349862.0,1.64,-0.95,-0.4,0.11
2026-02-17,FSCC,31.54,31.64,31.79,31.26,21604,682649.0,1.67,-0.09,-0.03,0.0
2026-02-17,FSCO,5.65,5.83,5.84,5.65,1518747,8717077.0,3.29,1.04,0.06,0.77
2026-02-17,FSCS,37.485,37.32,37.485,37.0,6314,235777.0,1.3,-0.14,-0.053,0.0
2026-02-17,FSEA,13.28,13.15,13.32,13.15,2160,28668.0,1.25,-3.32,-0.452,0.05
2026-02-17,FSEC,44.639,44.67,44.748,44.59,172770,7719602.0,0.35,-0.27,-0.12,0.0
2026-02-17,FSEP,51.55,51.66,51.75,51.358,22152,1144601.0,0.76,0.0,0.0,0.0
2026-02-17,FSGS,30.15,30.357,30.415,30.15,340,10290.0,0.87,0.03,0.01,0.0
2026-02-17,FSHP,10.85,10.85,10.85,10.85,64,693.0,0.0,0.0,0.0,0.0
2026-02-17,FSI,5.56,5.5,5.64,5.48,37514,207265.0,2.84,-2.31,-0.13,0.3
2026-02-17,FSIG,19.22,19.23,19.23,19.213,277842,5341440.0,0.09,0.05,0.01,0.0
2026-02-17,FSK,13.36,13.24,13.47,13.105,1979110,26247037.0,2.74,-0.6,-0.08,0.71
2026-02-17,FSLR,225.13,226.05,228.02,220.46,2160428,486531872.0,3.35,0.18,0.4,2.01
2026-02-17,FSLY,18.26,17.66,19.27,16.64,20959892,367770544.0,14.4,-3.29,-0.6,13.81
2026-02-17,FSM,10.48,10.35,10.63,10.005,6899598,71119169.0,5.66,-6.33,-0.7,2.26
2026-02-17,FSMB,20.22,20.23,20.24,20.22,164412,3325714.0,0.1,-0.01,-0.003,0.0
2026-02-17,FSMD,47.07,47.13,47.27,46.62,138330,6511863.0,1.38,0.0,0.0,0.0
2026-02-17,FSML,26.62,26.566,26.62,26.566,226,6016.0,0.2,-0.03,-0.009,0.0
2026-02-17,FSOL,9.98,9.96,10.04,9.75,258538,2566113.0,2.91,0.1,0.01,0.0
2026-02-17,FSP,0.78,0.758,0.814,0.752,674483,515072.0,7.96,-2.7,-0.021,0.65
2026-02-17,FSS,119.89,118.25,121.06,117.495,366870,43431580.0,2.96,-1.86,-2.24,0.6
2026-02-17,FSSL,12.9,13.1,13.14,12.88,749339,9739816.0,1.99,0.15,0.02,0.0
2026-02-17,FSTA,56.63,55.79,56.803,55.48,188970,10554023.0,2.34,-1.38,-0.78,0.0
2026-02-17,FSTR,31.51,31.89,32.35,31.42,13932,445291.0,2.94,0.82,0.26,0.14
2026-02-17,FSUN,39.42,39.65,39.96,38.33,221308,8690340.0,4.16,1.17,0.46,0.79
2026-02-17,FSV,154.26,154.3,156.535,153.11,218950,33801070.0,2.21,-0.23,-0.35,0.48
2026-02-17,FSYD,48.95,48.955,48.985,48.9,9573,468803.0,0.17,-0.06,-0.03,0.0
2026-02-17,FSZ,84.97,85.649,85.649,84.97,2434,208082.0,0.8,0.53,0.448,0.0
2026-02-17,FT,8.32,8.26,8.325,8.26,60344,499991.0,0.79,0.0,0.0,0.0
2026-02-17,FTA,95.05,94.432,95.11,93.91,78106,7373427.0,1.27,-0.39,-0.37,0.0
2026-02-17,FTAG,30.42,30.558,30.63,30.23,7720,234843.0,1.31,0.06,0.018,0.0
2026-02-17,FTAI,279.43,285.75,288.99,273.0,941749,268112364.0,5.71,2.11,5.9,0.92
2026-02-17,FTAIM,27.1,27.26,27.26,27.1,1821,49548.0,0.59,0.21,0.058,0.0
2026-02-17,FTAIN,25.6,25.68,25.68,25.56,2056,52706.0,0.47,0.21,0.055,0.0
2026-02-17,FTBD,50.215,50.216,50.26,50.16,3941,198007.0,0.2,0.05,0.026,0.0
2026-02-17,FTBI,21.665,21.746,21.75,21.665,2768,60166.0,0.39,-0.12,-0.026,0.0
2026-02-17,FTC,162.155,162.59,163.53,160.76,14315,2322113.0,1.71,0.18,0.3,0.0
2026-02-17,FTCA,7.45,7.415,7.45,7.41,39583,293629.0,0.54,0.2,0.015,0.0
2026-02-17,FTCB,21.44,21.43,21.45,21.41,493905,10587052.0,0.19,0.0,0.0,0.0
2026-02-17,FTCE,24.799,24.867,24.93,24.71,8591,213376.0,0.88,-0.25,-0.063,0.0
2026-02-17,FTCI,9.46,9.19,9.61,9.02,40736,372914.0,6.22,-3.16,-0.3,0.26
2026-02-17,FTCS,97.65,97.69,98.27,97.24,359154,35075502.0,1.05,0.0,0.002,0.0
2026-02-17,FTDR,57.19,57.64,58.16,56.76,339175,19550253.0,2.47,1.77,1.0,0.48
2026-02-17,FTDS,62.283,62.283,62.283,62.283,143,8908.0,0.0,-0.27,-0.168,0.0
2026-02-17,FTEC,216.67,218.1,219.67,214.19,316993,68852129.0,2.51,0.07,0.15,0.0
2026-02-17,FTEK,1.27,1.37,1.385,1.265,286140,379492.0,9.52,8.73,0.11,0.92
2026-02-17,FTEL,2.03,1.92,2.16,1.914,27136,54337.0,12.36,-3.52,-0.07,1.93
2026-02-17,FTF,6.2,6.2,6.21,6.18,219145,1358164.0,0.48,0.16,0.01,0.0
2026-02-17,FTFT,1.56,1.48,1.685,1.42,11504,17493.0,16.77,-6.33,-0.1,0.23
2026-02-17,FTGC,24.18,24.11,24.18,24.03,344942,8315311.0,0.61,-1.35,-0.33,0.0
2026-02-17,FTGS,35.18,35.205,35.36,34.9,134089,4719083.0,1.31,-0.11,-0.038,0.0
2026-02-17,FTHF,39.95,39.855,39.99,39.26,14998,595894.0,1.81,-0.99,-0.4,0.0
2026-02-17,FTHI,23.73,23.83,23.88,23.57,546111,12978153.0,1.31,0.42,0.1,0.0
2026-02-17,FTHM,1.02,0.966,1.04,0.95,122549,119887.0,8.82,-5.29,-0.054,0.38
2026-02-17,FTHY,14.06,14.11,14.13,14.022,116566,1641805.0,0.77,0.07,0.01,0.0
2026-02-17,FTI,61.39,61.27,61.59,59.73,3694042,224703986.0,3.03,-0.15,-0.09,0.92
2026-02-17,FTIF,25.91,26.004,26.1,25.91,18252,475743.0,0.73,-0.73,-0.192,0.0
2026-02-17,FTK,17.02,17.4,17.7,16.66,140446,2432637.0,6.02,0.64,0.11,0.47
2026-02-17,FTKI,18.4,20.077,20.077,18.12,7880,151080.0,9.78,0.3,0.061,0.0
2026-02-17,FTLF,14.21,15.01,15.03,14.21,23232,343520.0,5.76,5.48,0.78,0.25
2026-02-17,FTLS,70.61,70.83,71.01,70.29,86716,6130934.0,1.02,0.03,0.02,0.0
2026-02-17,FTMA,9.09,9.08,9.09,9.06,130904,1188238.0,0.33,0.11,0.01,0.0
2026-02-17,FTMH,11.73,11.73,11.74,11.72,75371,884179.0,0.17,0.0,0.0,0.0
2026-02-17,FTMN,8.97,8.96,8.97,8.93,46708,417903.0,0.45,0.34,0.03,0.0
2026-02-17,FTMS,10.03,10.015,10.03,10.0,103336,1034265.0,0.3,0.0,0.0,0.0
2026-02-17,FTMU,7.94,7.925,7.94,7.91,62794,497585.0,0.38,0.06,0.005,0.0
2026-02-17,FTNJ,8.88,8.87,8.88,8.85,146459,1297631.0,0.34,0.28,0.025,0.0
2026-02-17,FTNT,85.17,81.69,85.415,81.05,6061050,496678400.0,5.1,-4.52,-3.87,0.82
2026-02-17,FTNY,7.95,7.96,7.96,7.945,192123,1528270.0,0.19,0.13,0.01,0.0
2026-02-17,FTOH,8.45,8.46,8.478,8.43,27571,233144.0,0.57,0.06,0.005,0.0
2026-02-17,FTPA,8.77,8.75,8.77,8.73,58765,514281.0,0.46,0.11,0.01,0.0
2026-02-17,FTQI,20.41,20.5,20.57,20.26,155267,3175312.0,1.51,0.1,0.02,0.0
2026-02-17,FTRB,25.64,25.645,25.659,25.634,47073,1207231.0,0.1,-0.02,-0.005,0.0
2026-02-17,FTRE,9.72,9.7,9.97,9.418,1900926,18472153.0,5.64,-0.92,-0.09,2.04
2026-02-17,FTRI,18.12,18.12,18.137,17.85,39728,714391.0,1.57,-0.58,-0.105,0.0
2026-02-17,FTRK,0.55,0.515,0.55,0.515,1521,787.0,6.54,-3.74,-0.02,0.01
2026-02-17,FTS,56.66,56.98,57.25,56.31,828144,47144785.0,1.65,0.25,0.14,0.16
2026-02-17,FTSD,91.19,91.175,91.26,91.11,21885,1995296.0,0.16,0.05,0.045,0.0
2026-02-17,FTSL,45.27,45.31,45.36,45.27,191871,8694275.0,0.2,0.02,0.01,0.0
2026-02-17,FTSM,60.03,60.04,60.06,60.03,2009825,120685901.0,0.05,0.02,0.01,0.0
2026-02-17,FTV,56.98,56.81,57.65,56.28,4195154,238105277.0,2.41,-0.16,-0.09,1.34
2026-02-17,FTW,10.59,10.56,10.59,10.56,7526,79600.0,0.28,-0.09,-0.01,0.02
2026-02-17,FTWO,46.1,46.39,46.57,45.665,9778,451748.0,1.94,-0.51,-0.24,0.0
2026-02-17,FTW_WS,0.8,0.8,0.8,0.8,500,400.0,0.0,6.67,0.05,0.0
2026-02-17,FTXG,23.66,23.119,23.74,22.91,40669,938340.0,3.51,-2.1,-0.496,0.0
2026-02-17,FTXH,35.34,35.216,35.44,35.14,54238,1908319.0,0.85,0.11,0.04,0.0
2026-02-17,FTXL,154.36,155.87,157.23,152.419,62837,9751923.0,3.08,-0.3,-0.47,0.0
2026-02-17,FTXN,33.53,33.013,33.53,32.6,13878,457642.0,2.79,-1.11,-0.371,0.0
2026-02-17,FTXO,39.33,39.32,39.59,39.235,51382,2021792.0,0.91,0.61,0.239,0.0
2026-02-17,FTXR,42.49,42.86,43.03,42.49,24995,1074292.0,1.27,0.68,0.288,0.0
2026-02-17,FUBO,1.33,1.33,1.36,1.3,15791730,21096159.0,4.48,-0.75,-0.01,1.21
2026-02-17,FUFU,2.35,2.21,2.41,2.178,115200,261752.0,9.63,-8.3,-0.2,0.07
2026-02-17,FUFUW,0.15,0.16,0.171,0.15,11590,1839.0,12.35,-5.88,-0.01,0.0
2026-02-17,FUL,67.55,66.92,67.66,66.655,356998,23958814.0,1.49,-0.84,-0.57,0.66
2026-02-17,FULC,10.51,10.66,10.82,10.25,811668,8569715.0,5.36,0.28,0.03,1.22
2026-02-17,FULT,22.05,22.12,22.4,21.87,1277691,28269994.0,2.41,0.41,0.09,0.71
2026-02-17,FULTP,18.55,18.66,18.87,18.55,24636,461180.0,1.71,-0.21,-0.04,0.31
2026-02-17,FUMB,20.16,20.14,20.16,20.13,57451,1156652.0,0.15,0.05,0.01,0.0
2026-02-17,FUN,15.9,15.55,16.39,15.07,2207308,34175745.0,8.3,-2.2,-0.35,2.17
2026-02-17,FUNC,37.9,37.68,38.19,37.68,9398,356195.0,1.36,0.16,0.06,0.14
2026-02-17,FUND,9.74,9.78,9.93,9.715,32946,322477.0,2.2,0.0,0.0,0.0
2026-02-17,FUNL,49.19,49.01,49.19,49.01,3204,157430.0,0.37,-0.42,-0.209,0.0
2026-02-17,FURY,0.684,0.675,0.71,0.66,466866,316862.0,7.0,-5.46,-0.039,0.25
2026-02-17,FUSB,15.16,15.0,15.16,14.95,11936,179575.0,1.37,-2.41,-0.37,0.21
2026-02-17,FUSE,1.61,1.52,1.64,1.45,253767,385796.0,11.8,-5.59,-0.09,0.88
2026-02-17,FUSEW,0.098,0.095,0.098,0.095,851,81.0,3.0,-5.0,-0.005,0.0
2026-02-17,FUSI,50.4,50.445,50.445,50.37,1307,65873.0,0.15,-0.02,-0.01,0.0
2026-02-17,FUTG,10.85,11.246,11.28,10.85,50345,556432.0,3.94,3.13,0.341,0.0
2026-02-17,FUTU,146.0,148.94,149.65,145.73,875790,129662731.0,2.67,1.51,2.22,0.63
2026-02-17,FUTY,60.39,59.92,60.66,59.78,331470,19923851.0,1.47,-0.22,-0.13,0.0
2026-02-17,FV,64.59,65.147,65.48,64.45,89092,5798719.0,1.58,0.21,0.137,0.0
2026-02-17,FVAL,72.94,73.0,73.27,72.38,40768,2972260.0,1.22,-0.08,-0.055,0.0
2026-02-17,FVC,37.163,37.535,37.69,37.163,15922,596668.0,1.41,0.38,0.142,0.0
2026-02-17,FVCB,15.81,16.19,16.235,15.81,94474,1522500.0,2.7,2.73,0.43,0.53
2026-02-17,FVD,49.64,49.42,49.84,49.25,498234,24644780.0,1.19,-0.4,-0.2,0.0
2026-02-17,FVN,10.64,10.64,10.645,10.64,150072,1596772.0,0.05,0.0,0.0,1.99
2026-02-17,FVNNU,10.79,10.79,10.79,10.79,11,118.0,0.0,0.0,0.0,0.0
2026-02-17,FVR,16.3,16.25,16.32,15.81,72211,1163613.0,3.16,0.56,0.09,0.33
2026-02-17,FVRR,14.41,13.1,14.5,13.07,3382813,45973715.0,9.97,-8.65,-1.24,9.37
2026-02-17,FWD,113.25,114.27,114.715,112.02,189303,21459972.0,2.35,-0.19,-0.22,0.0
2026-02-17,FWDI,4.76,4.74,4.9,4.69,594564,2848328.0,4.35,-1.86,-0.09,0.72
2026-02-17,FWONA,78.45,79.63,80.26,77.94,214175,17065037.0,2.96,1.66,1.3,0.81
2026-02-17,FWONK,85.63,86.74,87.76,85.51,1647561,143299914.0,2.63,1.39,1.19,0.74
2026-02-17,FWRD,26.86,27.24,28.0,26.5,480896,13162806.0,5.59,1.6,0.43,1.54
2026-02-17,FWRG,15.66,15.74,15.89,15.37,829156,12975382.0,3.38,2.41,0.37,1.36
2026-02-17,FXA,69.79,70.16,70.185,69.691,12710,888990.0,0.71,0.17,0.12,0.0
2026-02-17,FXB,130.03,130.406,130.41,129.87,5677,739365.0,0.41,-0.66,-0.864,0.0
2026-02-17,FXC,71.45,71.655,71.67,71.38,24084,1722040.0,0.4,-0.16,-0.115,0.0
2026-02-17,FXD,70.15,70.47,70.502,69.645,16082,1130153.0,1.22,0.36,0.25,0.0
2026-02-17,FXE,109.11,109.37,109.37,108.95,220053,24039883.0,0.38,-0.19,-0.21,0.0
2026-02-17,FXED,17.86,17.96,17.97,17.86,5265,94274.0,0.61,0.34,0.06,0.0
2026-02-17,FXF,114.56,114.79,114.795,114.22,176560,20223944.0,0.5,-0.28,-0.32,0.0
2026-02-17,FXG,68.21,67.22,68.39,66.64,81143,5440160.0,2.57,-1.44,-0.98,0.0
2026-02-17,FXH,114.73,114.8,115.15,114.24,16621,1907510.0,0.79,0.13,0.15,0.0
2026-02-17,FXI,38.48,38.52,38.665,38.2,26534476,1020886592.0,1.21,0.5,0.19,0.0
2026-02-17,FXL,165.14,164.61,165.57,163.39,21855,3602561.0,1.31,-1.13,-1.88,0.0
2026-02-17,FXN,19.52,19.22,19.64,18.91,734202,14056953.0,3.76,-1.08,-0.21,0.0
2026-02-17,FXNC,28.15,28.07,28.745,28.02,55233,1555477.0,2.57,-0.5,-0.14,0.61
2026-02-17,FXO,60.28,60.56,60.98,60.17,206207,12460766.0,1.35,0.66,0.4,0.0
2026-02-17,FXP,17.94,17.92,18.22,17.84,26329,471823.0,2.1,-0.81,-0.146,0.0
2026-02-17,FXR,90.07,90.56,90.911,89.83,32905,2981074.0,1.2,0.12,0.11,0.0
2026-02-17,FXU,50.36,49.89,50.58,49.8,461806,23128044.0,1.56,-0.4,-0.2,0.0
2026-02-17,FXY,59.93,59.98,59.98,59.73,158258,9479338.0,0.42,-0.35,-0.21,0.0
2026-02-17,FXZ,76.81,76.31,76.81,75.32,89971,6834840.0,1.92,-1.66,-1.29,0.0
2026-02-17,FYC,100.77,100.9,101.32,99.405,69967,7035293.0,1.9,0.15,0.15,0.0
2026-02-17,FYEE,28.67,28.83,28.88,28.52,44690,1282755.0,1.25,0.31,0.09,0.0
2026-02-17,FYLD,36.93,37.12,37.12,36.685,46734,1727626.0,1.17,-0.05,-0.02,0.0
2026-02-17,FYT,63.99,63.801,63.99,63.367,5360,342031.0,0.97,-0.39,-0.251,0.0
2026-02-17,FYX,124.46,124.046,124.61,122.885,31081,3846554.0,1.39,-0.23,-0.28,0.0
2026-02-17,F_B,21.87,21.96,21.96,21.85,35602,779819.0,0.5,0.5,0.11,0.0
2026-02-17,F_C,21.43,21.62,21.62,21.43,23105,497000.0,0.88,0.51,0.11,0.0
2026-02-17,F_D,23.11,23.0,23.118,22.9,80574,1853704.0,0.95,-0.17,-0.04,0.0
2026-02-17,G,37.87,37.73,38.12,36.5,2386020,89913966.0,4.34,0.99,0.37,1.4
2026-02-17,GAA,34.58,34.63,34.63,34.17,7367,253783.0,1.32,-0.63,-0.22,0.0
2026-02-17,GAB,6.31,6.36,6.36,6.28,577571,3650375.0,1.27,0.95,0.06,0.0
2026-02-17,GABC,43.3,43.57,43.73,43.27,72804,3170907.0,1.06,0.86,0.37,0.19
2026-02-17,GABF,44.23,44.323,44.53,44.14,6836,303294.0,0.88,0.39,0.172,0.0
2026-02-17,GAB_G,20.87,21.07,21.07,20.87,5069,106425.0,0.95,0.57,0.12,0.0
2026-02-17,GAB_H,21.02,21.0,21.1,20.96,5581,117266.0,0.66,-0.52,-0.11,0.0
2026-02-17,GAB_K,21.01,21.09,21.2,21.01,1713,36126.0,0.9,0.07,0.014,0.0
2026-02-17,GAEM,26.78,26.732,26.8,26.73,9032,241666.0,0.26,0.21,0.057,0.0
2026-02-17,GAIA,3.28,3.18,3.28,3.135,32257,103223.0,4.43,-2.75,-0.09,0.13
2026-02-17,GAIN,13.98,13.85,13.98,13.775,206601,2862345.0,1.47,-0.93,-0.13,0.52
2026-02-17,GAINI,25.49,25.575,25.61,25.47,14989,382599.0,0.55,0.53,0.135,0.0
2026-02-17,GAINN,25.09,25.14,25.14,25.09,1640,41164.0,0.2,0.26,0.065,0.0
2026-02-17,GAINZ,24.1,24.05,24.13,24.05,28274,680464.0,0.33,-0.14,-0.033,0.0
2026-02-17,GAL,51.23,51.264,51.36,50.95,8648,443025.0,0.8,-0.09,-0.046,0.0
2026-02-17,GALT,2.74,2.74,2.81,2.69,133831,368436.0,4.35,-0.72,-0.02,0.21
2026-02-17,GAM,61.02,61.42,61.53,60.585,47572,2913884.0,1.55,0.71,0.43,0.0
2026-02-17,GAMB,4.24,4.16,4.26,4.115,598079,2492001.0,3.42,-1.89,-0.08,1.7
2026-02-17,GAME,0.309,0.303,0.326,0.299,997023,311042.0,8.97,0.66,0.002,1.01
2026-02-17,GAMR,78.14,78.983,79.02,78.03,1018,80081.0,1.25,-0.06,-0.051,0.0
2026-02-17,GAM_B,25.05,25.06,25.06,25.048,6304,157962.0,0.05,0.06,0.015,0.0
2026-02-17,GANX,1.83,1.81,1.87,1.79,515843,940575.0,4.42,0.0,0.0,1.34
2026-02-17,GAP,27.85,27.6,28.13,26.94,8062201,221288874.0,4.3,-0.25,-0.07,2.17
2026-02-17,GAPR,40.16,40.2,40.23,40.14,5159,207387.0,0.22,0.12,0.05,0.0
2026-02-17,GARA,28.24,28.24,28.24,28.24,15,422.0,0.0,0.51,0.143,0.0
2026-02-17,GARP,67.0,67.56,67.82,66.59,248908,16794744.0,1.82,0.19,0.13,0.0
2026-02-17,GARY,22.283,22.283,22.283,22.283,174,3874.0,0.0,0.04,0.009,0.0
2026-02-17,GASS,7.9,8.04,8.09,7.7,99196,788147.0,4.96,2.29,0.18,0.27
2026-02-17,GATX,191.87,193.49,194.8,190.98,217794,42147094.0,1.99,0.74,1.43,0.61
2026-02-17,GAU,2.94,2.78,2.94,2.69,3639443,10078694.0,8.28,-7.95,-0.24,1.4
2026-02-17,GAUD,25.305,25.305,25.305,25.305,9,227.0,0.0,-0.83,-0.213,0.0
2026-02-17,GAUG,39.39,39.415,39.415,39.27,1056,41548.0,0.37,0.22,0.085,0.0
2026-02-17,GAUZ,0.73,0.732,0.83,0.717,34835,26283.0,15.07,-2.4,-0.018,0.19
2026-02-17,GBAB,15.35,15.42,15.48,15.31,81038,1249943.0,1.1,0.0,0.0,0.0
2026-02-17,GBCI,51.56,50.85,52.18,50.55,1029636,52373755.0,3.18,-0.86,-0.44,0.79
2026-02-17,GBDC,12.64,12.25,12.66,12.22,5094577,62936970.0,3.48,-3.01,-0.38,1.94
2026-02-17,GBF,105.86,105.93,105.97,105.86,3680,389843.0,0.1,0.04,0.04,0.0
2026-02-17,GBFH,33.71,33.53,34.1,33.1,41881,1404267.0,2.97,-0.27,-0.09,0.29
2026-02-17,GBIL,100.09,100.09,100.09,100.08,633660,63420522.0,0.01,0.01,0.01,0.0
2026-02-17,GBLD,18.946,18.932,18.946,18.932,795,15041.0,0.07,0.53,0.1,0.0
2026-02-17,GBLI,28.47,28.22,28.56,28.13,2595,73452.0,1.52,0.0,0.0,0.02
2026-02-17,GBND,51.47,51.448,51.47,51.43,57791,2973894.0,0.08,-0.06,-0.032,0.0
2026-02-17,GBR,0.71,0.739,0.739,0.71,51056,36785.0,4.08,4.08,0.029,0.99
2026-02-17,GBTC,53.03,52.81,53.21,51.91,4827692,253822625.0,2.42,-1.53,-0.82,0.0
2026-02-17,GBTG,5.52,5.49,5.68,5.325,3260113,17830630.0,7.04,8.93,0.45,0.63
2026-02-17,GBUG,49.43,49.618,50.04,48.12,78219,3839213.0,3.72,-3.82,-1.972,0.0
2026-02-17,GBX,57.23,57.25,57.765,56.36,325426,18635044.0,2.45,0.02,0.01,1.05
2026-02-17,GBXA,27.18,27.316,27.316,27.18,118,3209.0,0.5,0.11,0.03,0.0
2026-02-17,GBXC,26.994,26.994,26.994,26.994,6,162.0,0.0,0.04,0.01,0.0
2026-02-17,GCAD,53.41,53.672,53.78,53.41,991,53106.0,0.69,0.74,0.396,0.0
2026-02-17,GCAL,51.5,51.51,51.54,51.5,19805,1020589.0,0.08,0.02,0.01,0.0
2026-02-17,GCBC,24.99,23.86,24.99,21.64,8980,216038.0,14.09,0.34,0.08,0.05
2026-02-17,GCC,21.8,21.79,21.839,21.665,47775,1038429.0,0.79,-1.4,-0.31,0.0
2026-02-17,GCDT,3.5,3.23,3.72,3.23,21593,75118.0,15.16,-0.06,-0.002,0.17
2026-02-17,GCL,0.7,0.656,0.7,0.65,54952,36405.0,7.32,-3.95,-0.027,0.04
2026-02-17,GCLWW,0.03,0.033,0.033,0.025,9500,283.0,26.67,10.0,0.003,0.0
2026-02-17,GCMG,12.04,11.71,12.13,11.64,757978,8950289.0,4.07,-2.74,-0.33,0.37
2026-02-17,GCO,27.84,27.8,28.11,27.5,237158,6604911.0,2.2,0.43,0.12,2.2
2026-02-17,GCOR,42.0,42.015,42.02,41.99,49863,2094731.0,0.07,0.08,0.035,0.0
2026-02-17,GCOW,46.48,46.45,46.48,46.03,247779,11482758.0,0.97,-0.36,-0.17,0.0
2026-02-17,GCT,35.24,34.62,35.29,34.29,288833,10011965.0,2.84,-1.73,-0.61,0.78
2026-02-17,GCTK,1.66,1.72,1.74,1.59,89199,148118.0,9.09,4.24,0.07,8.82
2026-02-17,GCTS,1.26,1.22,1.28,1.19,1475716,1806631.0,7.14,-3.17,-0.04,2.58
2026-02-17,GCTS_WS,0.177,0.161,0.177,0.155,27087,4335.0,13.41,-1.83,-0.003,0.0
2026-02-17,GCV,4.55,4.515,4.55,4.49,43448,196406.0,1.32,-0.33,-0.015,0.0
2026-02-17,GD,346.97,342.52,350.0,340.09,1699876,583088112.0,2.85,-1.47,-5.12,0.63
2026-02-17,GDC,3.11,3.13,3.25,3.08,8755,27568.0,5.47,0.64,0.02,0.02
2026-02-17,GDDY,89.66,91.2,91.53,87.13,2948702,267236392.0,4.94,2.33,2.08,2.19
2026-02-17,GDE,68.5,68.31,68.62,67.17,100359,6822956.0,2.07,-2.41,-1.69,0.0
2026-02-17,GDEC,37.82,37.88,37.929,37.71,34386,1299034.0,0.58,0.26,0.1,0.0
2026-02-17,GDEN,28.35,28.8,28.82,28.18,145592,4155027.0,2.26,1.8,0.51,0.56
2026-02-17,GDEV,15.49,15.52,15.52,15.49,1150,17756.0,0.2,4.16,0.62,0.01
2026-02-17,GDFN,26.78,27.1,27.1,26.78,308,8247.0,1.2,1.78,0.473,0.0
2026-02-17,GDHG,2.07,1.9,2.13,1.9,4667,9237.0,11.17,-7.77,-0.16,0.02
2026-02-17,GDIV,17.81,17.811,17.85,17.76,60614,1080108.0,0.51,-0.03,-0.005,0.0
2026-02-17,GDL,8.48,8.48,8.59,8.48,9409,79964.0,1.3,-0.02,-0.002,0.0
2026-02-17,GDLC,31.16,31.02,31.23,30.52,56901,1760358.0,2.26,-1.27,-0.4,0.0
2026-02-17,GDMA,41.97,41.63,41.97,41.39,5532,230324.0,1.38,-0.6,-0.25,0.0
2026-02-17,GDMN,116.85,116.01,117.16,112.51,61892,7131379.0,3.78,-5.68,-6.98,0.0
2026-02-17,GDO,11.56,11.54,11.603,11.52,33043,381773.0,0.72,0.09,0.01,0.0
2026-02-17,GDOC,34.66,34.612,34.67,34.47,57013,1976561.0,0.58,0.71,0.245,0.0
2026-02-17,GDOG,11.77,11.81,12.08,11.6,66749,789315.0,4.21,3.6,0.41,0.0
2026-02-17,GDOT,11.95,11.91,12.08,11.61,760579,9013463.0,3.95,0.0,0.0,1.37
2026-02-17,GDRX,2.17,2.22,2.24,2.115,2555180,5589865.0,5.73,1.83,0.04,0.75
2026-02-17,GDS,46.0,45.23,46.66,44.93,1797630,81952520.0,3.75,-1.93,-0.89,0.9
2026-02-17,GDT,41.047,41.047,41.047,41.047,238,9787.0,0.0,-2.97,-1.255,0.0
2026-02-17,GDTC,0.97,1.03,1.05,0.95,32801,32394.0,9.8,0.98,0.01,0.28
2026-02-17,GDV,29.17,29.18,29.305,28.9,118994,3461876.0,1.39,0.34,0.1,0.0
2026-02-17,GDV_H,23.15,23.15,23.15,22.96,7711,177952.0,0.82,-0.04,-0.01,0.0
2026-02-17,GDV_K,18.48,18.44,18.66,18.44,9038,167522.0,1.19,-0.22,-0.04,0.0
2026-02-17,GDX,99.855,100.25,101.191,97.41,26742995,2663781744.0,3.64,-3.55,-3.69,0.0
2026-02-17,GDXD,40.14,39.8,42.679,38.76,873574,35459454.0,10.93,11.05,3.96,0.0
2026-02-17,GDXJ,131.16,130.8,132.29,126.88,6680123,870363024.0,3.97,-4.06,-5.54,0.0
2026-02-17,GDXU,305.82,308.75,318.31,280.14,735707,221373375.0,10.99,-11.09,-38.5,0.0
2026-02-17,GDXW,64.0,64.3,64.865,62.01,57422,3648170.0,4.21,-5.16,-3.495,0.0
2026-02-17,GDXY,16.5,16.51,16.61,16.05,740421,12119583.0,3.3,-2.77,-0.47,0.0
2026-02-17,GDYN,6.59,6.51,6.87,6.33,2139037,13815432.0,8.21,-1.06,-0.07,2.52
2026-02-17,GE,315.0,327.08,330.4,314.5,5863646,1911923712.0,5.04,3.7,11.67,0.56
2026-02-17,GECC,6.66,6.59,6.74,6.59,78195,520814.0,2.25,-1.05,-0.07,0.56
2026-02-17,GECCG,24.74,24.72,24.86,24.61,5572,137862.0,1.02,0.57,0.14,0.0
2026-02-17,GECCH,25.294,25.294,25.294,25.294,261,6601.0,0.0,0.37,0.094,0.0
2026-02-17,GECCI,25.28,25.315,25.32,25.28,1007,25472.0,0.16,0.18,0.045,0.0
2026-02-17,GECCO,25.14,25.14,25.14,25.14,1626,40878.0,0.0,0.03,0.008,0.0
2026-02-17,GEF,76.85,76.1,77.101,75.33,239158,18254782.0,2.31,-0.94,-0.72,0.97
2026-02-17,GEF_B,87.51,88.59,88.845,87.51,23758,2101474.0,1.51,0.37,0.33,0.11
2026-02-17,GEG,2.1,2.09,2.12,2.04,11761,24595.0,3.94,2.96,0.06,0.04
2026-02-17,GEGGL,24.733,24.73,24.79,24.72,2053,50802.0,0.28,-0.24,-0.06,0.0
2026-02-17,GEHC,80.16,81.61,82.65,80.06,3899040,318650288.0,3.22,1.58,1.27,0.86
2026-02-17,GEL,17.5,17.66,17.735,17.19,389403,6817965.0,3.11,0.68,0.12,0.32
2026-02-17,GELS,0.781,0.799,0.8,0.781,6895,5448.0,2.39,0.5,0.004,0.06
2026-02-17,GEM,46.15,46.39,46.575,45.88,124742,5771926.0,1.49,-0.45,-0.21,0.0
2026-02-17,GEMD,43.015,43.0,43.07,43.0,4171,179458.0,0.16,0.03,0.015,0.0
2026-02-17,GEME,37.47,37.34,37.79,36.9,77142,2883111.0,2.37,-0.75,-0.281,0.0
2026-02-17,GEMG,1.75,1.614,1.77,1.44,130073,201813.0,15.44,-24.47,-0.523,0.0
2026-02-17,GEMI,6.98,6.585,7.09,6.305,2745241,17960194.0,10.38,-12.9,-0.975,2.33
2026-02-17,GEN,23.62,22.81,23.865,22.64,7050105,161122720.0,5.16,-3.84,-0.91,1.16
2026-02-17,GENC,15.18,15.08,15.49,14.94,30744,466459.0,3.62,-0.66,-0.1,0.21
2026-02-17,GEND,12.81,12.824,12.87,12.78,24104,310044.0,0.7,-0.69,-0.089,0.0
2026-02-17,GENI,5.83,5.79,5.89,5.745,7178323,41753372.0,2.5,0.0,0.0,2.91
2026-02-17,GENK,1.84,1.75,1.88,1.74,51755,92518.0,7.65,-4.37,-0.08,0.16
2026-02-17,GENM,10.42,10.48,10.5,10.42,10190,106510.0,0.77,0.58,0.06,0.0
2026-02-17,GENT,10.44,10.44,10.47,10.41,121268,1266126.0,0.57,0.05,0.005,0.0
2026-02-17,GENVR,2.07,1.88,2.09,1.55,136288,248046.0,25.12,-12.56,-0.27,0.0
2026-02-17,GENW,14.85,14.954,14.954,14.83,448,6653.0,0.83,-0.24,-0.036,0.0
2026-02-17,GEO,14.49,14.58,14.72,14.05,2514974,36367125.0,4.71,2.6,0.37,1.85
2026-02-17,GEOA,36.234,36.234,36.234,36.234,41,1477.0,0.0,-0.88,-0.322,0.0
2026-02-17,GEOS,9.69,9.37,9.9,9.15,246722,2346487.0,7.74,-3.3,-0.32,1.91
2026-02-17,GERN,1.65,1.8,1.848,1.65,20567733,36557607.0,12.0,9.09,0.15,3.21
2026-02-17,GETY,1.0,0.872,1.02,0.85,2500050,2249796.0,17.0,-12.8,-0.128,0.6
2026-02-17,GEV,794.24,819.15,828.53,790.62,2221624,1810991728.0,4.73,2.12,17.02,0.82
2026-02-17,GEVG,19.89,20.65,20.68,19.2,17376,349705.0,7.6,6.01,1.17,0.0
2026-02-17,GEVO,1.85,1.87,1.88,1.8,1693947,3126304.0,4.3,0.54,0.01,0.7
2026-02-17,GEVX,44.03,47.42,48.19,44.03,56855,2645314.0,9.19,4.77,2.16,0.0
2026-02-17,GEW,53.23,53.257,53.257,53.23,1220,64908.0,0.05,-0.09,-0.05,0.0
2026-02-17,GF,11.97,11.99,12.15,11.85,124057,1481393.0,2.52,0.84,0.1,0.0
2026-02-17,GFAI,0.42,0.458,0.502,0.415,849528,394870.0,22.14,16.54,0.065,3.89
2026-02-17,GFAIW,0.099,0.1,0.1,0.07,1527,125.0,30.3,1.01,0.001,0.0
2026-02-17,GFEB,41.99,42.12,42.15,41.976,39537,1664585.0,0.41,0.21,0.09,0.0
2026-02-17,GFF,93.02,92.07,93.66,91.01,380806,35049830.0,2.83,-1.63,-1.53,0.82
2026-02-17,GFGF,33.36,33.362,33.362,33.36,1138,37951.0,0.01,0.24,0.081,0.0
2026-02-17,GFI,52.0,51.47,52.22,50.5,3353036,171953350.0,3.15,-5.73,-3.13,0.37
2026-02-17,GFL,43.31,43.3,43.92,41.31,1481620,64172684.0,6.03,-0.02,-0.01,0.41
2026-02-17,GFLW,27.29,27.402,27.53,27.045,122894,3366495.0,1.78,0.43,0.118,0.0
2026-02-17,GFR,5.81,5.77,5.81,5.575,26414,151345.0,4.07,-0.17,-0.01,0.02
2026-02-17,GFS,48.93,48.22,49.37,47.31,3838742,184987364.0,4.2,-1.57,-0.77,0.69
2026-02-17,GGAL,45.79,45.16,45.96,43.41,1201980,53678818.0,5.55,-1.78,-0.82,0.75
2026-02-17,GGB,4.07,4.05,4.075,3.94,13781320,55288639.0,3.28,-1.7,-0.07,0.7
2026-02-17,GGG,94.26,94.3,94.81,93.41,950095,89512374.0,1.48,-0.39,-0.37,0.57
2026-02-17,GGLL,87.5,88.72,90.03,85.25,1442299,126500427.0,5.26,-2.33,-2.12,0.0
2026-02-17,GGLS,7.06,7.04,7.16,6.975,16558083,116985620.0,2.67,1.44,0.1,0.0
2026-02-17,GGM,28.704,28.704,28.704,28.704,3,86.0,0.0,-0.53,-0.154,0.0
2026-02-17,GGME,51.82,51.774,52.03,51.04,6860,354132.0,1.91,0.09,0.049,0.0
2026-02-17,GGN,5.58,5.49,5.6,5.42,587176,3224296.0,3.2,-2.49,-0.14,0.0
2026-02-17,GGN_B,20.99,21.02,21.18,20.9,6268,131590.0,1.33,0.19,0.04,0.0
2026-02-17,GGOV,49.005,49.005,49.005,49.005,103,5050.0,0.0,0.02,0.01,0.0
2026-02-17,GGR,3.018,3.03,3.045,3.011,7013,21206.0,1.13,0.33,0.01,0.05
2026-02-17,GGROW,0.009,0.009,0.009,0.009,50,0.0,0.0,0.0,0.0,0.0
2026-02-17,GGRW,33.885,34.141,34.141,33.885,301,10225.0,0.75,0.49,0.165,0.0
2026-02-17,GGT,4.06,4.04,4.065,4.02,392578,1588218.0,1.11,-0.25,-0.01,0.0
2026-02-17,GGTL,31.63,32.015,32.015,31.63,325,10319.0,1.2,-0.52,-0.168,0.0
2026-02-17,GGT_E,21.415,21.43,21.43,21.4,1155,24742.0,0.14,0.14,0.03,0.0
2026-02-17,GGT_G,21.4,21.43,21.43,21.4,1692,36225.0,0.14,0.33,0.07,0.0
2026-02-17,GGUS,60.4,61.024,61.275,60.25,16590,1008827.0,1.69,0.48,0.294,0.0
2026-02-17,GGZ,16.38,16.509,16.8,16.03,3904,64162.0,4.69,0.6,0.098,0.0
2026-02-17,GH,104.0,107.11,109.19,102.0,1961345,209811086.0,6.86,2.16,2.26,1.5
2026-02-17,GHC,1070.13,1073.52,1079.6,1041.07,19151,20374019.0,3.64,1.5,15.84,0.44
2026-02-17,GHG,1.43,1.44,1.45,1.42,30713,43910.0,2.14,2.86,0.04,0.03
2026-02-17,GHI,7.71,7.76,7.85,7.64,75049,581604.0,2.73,0.78,0.06,0.32
2026-02-17,GHM,82.54,82.08,84.36,80.0,99813,8205820.0,5.17,-2.75,-2.32,0.9
2026-02-17,GHRS,14.84,15.99,16.61,14.84,340825,5447614.0,12.04,8.78,1.29,0.55
2026-02-17,GHTA,31.23,31.235,31.235,31.23,1164,36352.0,0.02,-0.51,-0.16,0.0
2026-02-17,GHY,12.9,12.88,12.93,12.82,152676,1961761.0,0.85,-0.23,-0.03,0.0
2026-02-17,GHYB,45.35,45.365,45.418,45.3,38956,1766164.0,0.26,-0.08,-0.035,0.0
2026-02-17,GHYG,46.01,46.12,46.28,46.01,34551,1594650.0,0.58,-0.09,-0.04,0.0
2026-02-17,GIAX,15.35,15.493,15.616,15.19,54365,834413.0,2.77,0.67,0.103,0.0
2026-02-17,GIB,73.98,73.38,74.94,72.97,772843,56818714.0,2.64,-1.54,-1.15,0.36
2026-02-17,GIBO,1.54,1.6,1.61,1.475,52932,83493.0,8.65,2.56,0.04,1.46
2026-02-17,GIC,32.21,31.8,32.225,31.58,85507,2719933.0,2.0,-1.15,-0.37,0.22
2026-02-17,GIFT,0.966,0.96,1.02,0.96,5927,5806.0,6.15,-1.54,-0.015,0.02
2026-02-17,GIG,10.58,10.585,10.6,10.575,148368,1569754.0,0.24,-0.05,-0.005,0.45
2026-02-17,GIGB,46.75,46.815,46.825,46.75,47562,2225214.0,0.16,0.12,0.055,0.0
2026-02-17,GIGGU,11.3,11.3,11.3,11.3,42,510.0,0.0,0.0,0.0,0.0
2026-02-17,GIGGW,0.47,0.505,0.54,0.41,22630,10673.0,27.66,7.45,0.035,0.0
2026-02-17,GIGL,51.45,51.465,51.47,51.44,15386,791611.0,0.06,0.04,0.02,0.0
2026-02-17,GIGM,1.58,1.55,1.58,1.54,6802,10605.0,2.57,-0.58,-0.009,0.06
2026-02-17,GII,77.96,78.01,78.16,77.525,30168,2348020.0,0.82,0.46,0.36,0.0
2026-02-17,GIII,30.28,30.63,30.97,30.18,495415,15161665.0,2.62,1.59,0.48,1.17
2026-02-17,GIL,72.54,72.44,73.12,71.08,1322030,95602005.0,2.81,-0.19,-0.14,0.71
2026-02-17,GILD,155.04,155.27,155.75,153.31,5885152,910273456.0,1.57,0.19,0.29,0.47
2026-02-17,GILT,13.53,14.21,14.24,13.351,836825,11659204.0,6.46,3.2,0.44,1.13
2026-02-17,GIND,25.55,25.645,25.645,25.52,1096,28043.0,0.49,0.41,0.105,0.0
2026-02-17,GINN,72.2,72.409,72.59,72.2,781,56498.0,0.54,-0.03,-0.019,0.0
2026-02-17,GINX,34.16,34.39,34.39,34.16,16160,553824.0,0.67,0.17,0.058,0.0
2026-02-17,GIPR,0.61,0.601,0.63,0.6,45799,28028.0,5.06,1.35,0.008,0.84
2026-02-17,GIPRW,0.06,0.06,0.06,0.06,203,8.0,0.0,0.0,0.0,0.0
2026-02-17,GIS,46.51,44.96,46.71,43.72,22123593,992716032.0,6.19,-6.99,-3.38,4.15
2026-02-17,GITS,2.05,1.99,2.19,1.99,39231,80952.0,9.66,-3.86,-0.08,1.07
2026-02-17,GIW,9.97,10.01,10.01,9.97,441637,4412109.0,0.4,0.1,0.01,1.21
2026-02-17,GIWWR,0.3,0.285,0.3,0.25,300,84.0,17.18,-2.06,-0.006,0.0
2026-02-17,GIXXU,10.048,10.04,10.05,10.04,7478,75091.0,0.1,0.05,0.005,0.03
2026-02-17,GJAN,42.78,42.88,42.92,42.615,93832,4018333.0,0.71,0.23,0.1,0.0
2026-02-17,GJH,9.64,9.64,9.64,9.64,110,1062.0,0.0,0.0,0.0,0.0
2026-02-17,GJO,24.89,24.89,24.89,24.89,141,3510.0,0.0,0.74,0.182,0.0
2026-02-17,GJP,24.918,24.918,24.918,24.918,3,75.0,0.0,0.0,0.0,0.0
2026-02-17,GJR,24.757,24.757,24.757,24.757,2,50.0,0.0,0.0,0.0,0.0
2026-02-17,GJS,23.4,23.4,23.4,23.38,2956,69162.0,0.09,-0.34,-0.08,0.0
2026-02-17,GJT,23.01,23.01,23.01,23.01,12,279.0,0.0,0.0,0.0,0.0
2026-02-17,GJUL,41.38,41.48,41.51,41.28,9403,389306.0,0.56,0.14,0.058,0.0
2026-02-17,GJUN,39.75,39.75,39.8,39.62,11010,437201.0,0.45,0.05,0.02,0.0
2026-02-17,GK,25.15,25.082,25.15,25.082,1099,27633.0,0.27,0.17,0.042,0.0
2026-02-17,GKAT,42.52,42.548,42.548,42.52,131,5565.0,0.07,-0.25,-0.108,0.0
2026-02-17,GKOS,109.73,106.64,111.78,106.58,1263524,136605344.0,4.75,-2.59,-2.83,2.2
2026-02-17,GL,145.42,145.91,146.65,143.37,401139,58398217.0,2.27,1.15,1.66,0.51
2026-02-17,GLAD,18.74,18.53,18.845,18.4,246988,4587806.0,2.4,-0.05,-0.01,1.09
2026-02-17,GLBE,31.2,29.7,32.125,29.5,5966392,179910605.0,8.29,-6.19,-1.96,3.52
2026-02-17,GLBS,1.68,1.87,1.88,1.68,186043,331367.0,11.7,9.36,0.16,0.86
2026-02-17,GLCR,27.75,27.77,27.81,27.659,13799,382778.0,0.54,-0.24,-0.068,0.0
2026-02-17,GLD,450.26,448.2,451.37,445.53,10976087,4920260352.0,1.26,-3.12,-14.42,0.0
2026-02-17,GLDB,23.246,23.226,23.28,23.025,6672,154971.0,1.06,-3.03,-0.725,0.0
2026-02-17,GLDD,16.91,16.85,16.93,16.85,1945440,32862115.0,0.47,-0.24,-0.04,2.91
2026-02-17,GLDG,1.48,1.46,1.49,1.39,4945288,7131151.0,6.67,-2.67,-0.04,2.36
2026-02-17,GLDI,180.89,177.314,180.89,176.435,12381,2199482.0,2.47,-1.72,-3.099,0.0
2026-02-17,GLDM,96.915,96.55,97.19,95.95,5307075,512330288.0,1.24,-3.07,-3.06,0.0
2026-02-17,GLDW,58.46,58.67,59.04,58.301,32486,1906258.0,1.2,-4.45,-2.73,0.0
2026-02-17,GLDY,16.47,16.23,16.47,16.13,68975,1121154.0,2.04,-2.52,-0.42,0.0
2026-02-17,GLE,0.415,0.438,0.45,0.385,128719,54158.0,15.29,3.06,0.013,0.7
2026-02-17,GLGG,6.82,6.629,6.82,6.25,205031,1341641.0,8.31,-3.31,-0.227,0.0
2026-02-17,GLIBA,38.34,39.31,39.45,38.31,37795,1477542.0,3.01,3.83,1.45,0.93
2026-02-17,GLIBK,37.99,39.42,39.51,37.99,679913,26620683.0,4.0,3.76,1.43,1.9
2026-02-17,GLIN,46.82,46.85,46.922,46.675,219209,10245787.0,0.53,0.9,0.42,0.0
2026-02-17,GLIX,27.85,27.764,27.85,27.74,4960,137850.0,0.4,0.36,0.1,0.0
2026-02-17,GLL,19.05,19.22,19.41,18.95,8823193,169542753.0,2.54,6.31,1.14,0.0
2026-02-17,GLMD,0.61,0.571,0.61,0.568,29621,17294.0,6.85,-6.85,-0.042,0.45
2026-02-17,GLNG,43.55,44.17,44.19,42.95,908658,39776201.0,2.85,1.68,0.73,0.9
2026-02-17,GLNK,7.87,7.86,7.944,7.71,233264,1821712.0,2.99,0.51,0.04,0.0
2026-02-17,GLO,6.0,6.07,6.08,6.0,255688,1545831.0,1.33,1.0,0.06,0.0
2026-02-17,GLOB,49.72,48.46,50.46,47.61,1627054,78759558.0,5.77,-1.9,-0.94,3.71
2026-02-17,GLOF,54.46,54.79,54.88,54.24,9624,525104.0,1.17,0.28,0.152,0.0
2026-02-17,GLOO,5.36,5.39,5.807,5.323,35232,193324.0,8.92,-0.65,-0.035,0.04
2026-02-17,GLOP_A,25.8,25.94,25.99,25.8,6935,179695.0,0.74,0.5,0.13,0.0
2026-02-17,GLOP_B,25.85,25.871,25.9,25.85,4413,114224.0,0.19,0.24,0.061,0.0
2026-02-17,GLOP_C,25.65,25.57,25.65,25.5,5909,151108.0,0.58,-0.31,-0.08,0.0
2026-02-17,GLOW,31.88,31.856,31.95,31.63,8301,263751.0,1.0,-0.16,-0.051,0.0
2026-02-17,GLP,48.75,47.74,48.75,47.44,23531,1126086.0,2.69,-2.07,-1.01,0.07
2026-02-17,GLPG,33.72,33.93,34.0,33.385,151600,5109843.0,1.81,0.03,0.01,0.23
2026-02-17,GLPI,46.81,47.27,47.37,46.235,2344515,110230158.0,2.45,1.88,0.87,0.83
2026-02-17,GLP_B,25.4,25.4,25.46,25.37,13424,341191.0,0.35,0.13,0.032,0.0
2026-02-17,GLQ,8.22,8.28,8.34,8.215,88654,732184.0,1.53,1.16,0.095,0.0
2026-02-17,GLRE,14.13,14.36,14.47,14.13,142337,2040932.0,2.41,1.7,0.24,0.42
2026-02-17,GLRY,38.93,39.08,39.21,38.748,38742,1510852.0,1.18,-0.03,-0.01,0.0
2026-02-17,GLSI,26.365,25.24,26.693,24.46,163078,4146115.0,8.32,-6.0,-1.61,1.18
2026-02-17,GLTO,30.52,29.91,32.0,28.9,217060,6687787.0,10.65,2.71,0.79,0.37
2026-02-17,GLTR,225.07,223.45,225.7,221.436,115663,25833779.0,1.84,-3.63,-8.41,0.0
2026-02-17,GLU,21.45,21.18,21.45,21.02,13790,292859.0,2.0,-1.26,-0.27,0.0
2026-02-17,GLUE,17.92,18.36,18.73,17.92,1048266,19278488.0,4.52,2.46,0.44,1.37
2026-02-17,GLU_A,55.53,55.53,55.53,55.53,469,26590.0,0.0,2.83,1.53,0.0
2026-02-17,GLU_B,50.58,50.58,50.58,50.58,123,6216.0,0.0,0.0,0.0,0.0
2026-02-17,GLV,6.31,6.37,6.372,6.31,54142,343682.0,0.99,1.27,0.08,0.0
2026-02-17,GLW,131.87,130.52,133.78,128.41,12102588,1588352880.0,4.02,-2.2,-2.94,1.41
2026-02-17,GLXG,2.49,2.55,2.85,2.38,89892,231785.0,19.92,8.05,0.19,4.16
2026-02-17,GLXU,7.65,7.69,7.97,7.255,113452,861025.0,8.98,-3.39,-0.27,0.0
2026-02-17,GLXY,21.34,21.3,21.7,20.67,5096764,107641879.0,4.76,-1.66,-0.36,1.3
2026-02-17,GL_D,17.14,17.21,17.21,17.02,14163,242183.0,1.12,1.0,0.17,0.0
2026-02-17,GM,80.94,81.22,81.375,79.6,7953325,642028864.0,2.19,0.17,0.14,0.88
2026-02-17,GMAB,30.7,30.0,31.41,29.54,3036566,92415955.0,6.23,-0.1,-0.03,0.47
2026-02-17,GMAR,41.21,41.19,41.225,41.128,8213,338288.0,0.24,0.1,0.04,0.0
2026-02-17,GMAY,41.48,41.49,41.535,41.43,2929,121509.0,0.25,0.14,0.06,0.0
2026-02-17,GME,23.55,23.26,23.82,23.23,4338340,101725787.0,2.5,-1.32,-0.31,0.97
2026-02-17,GMED,88.37,89.0,90.57,88.01,782778,69840092.0,2.91,1.03,0.91,0.58
2026-02-17,GMEU,11.19,10.88,11.47,10.88,390819,4351082.0,5.25,-3.22,-0.362,0.0
2026-02-17,GMEY,35.819,35.587,36.01,35.587,1137,40719.0,1.18,-0.52,-0.186,0.0
2026-02-17,GME_WS,4.14,4.07,4.21,4.0,429398,1756150.0,5.11,-0.97,-0.04,0.0
2026-02-17,GMF,146.93,147.66,147.78,146.33,8189,1205441.0,0.98,0.06,0.09,0.0
2026-02-17,GMGI,0.648,0.639,0.696,0.615,84457,53885.0,12.37,-2.44,-0.016,0.06
2026-02-17,GMHS,0.943,0.988,1.03,0.943,10491,10356.0,8.61,-2.18,-0.022,0.01
2026-02-17,GMM,1.11,1.49,1.85,1.11,3029111,4264512.0,66.67,34.23,0.38,5.87
2026-02-17,GMMA,21.29,21.315,21.315,21.29,110,2342.0,0.12,0.09,0.019,0.0
2026-02-17,GMNY,50.53,50.56,50.56,50.53,1528,77248.0,0.06,0.13,0.065,0.0
2026-02-17,GMOC,50.171,50.171,50.171,50.171,3,150.0,0.0,0.0,0.0,0.0
2026-02-17,GMOD,27.01,27.019,27.05,26.894,40516,1094164.0,0.58,-0.18,-0.048,0.0
2026-02-17,GMOI,37.32,37.52,37.55,37.11,87858,3282900.0,1.17,0.08,0.03,0.0
2026-02-17,GMOM,36.72,36.873,36.945,36.41,6304,231263.0,1.44,-0.66,-0.245,0.0
2026-02-17,GMOV,29.25,29.197,29.33,29.06,16508,481864.0,0.92,-0.21,-0.062,0.0
2026-02-17,GMRE,36.01,36.5,36.765,35.51,77366,2801910.0,3.48,1.19,0.43,0.58
2026-02-17,GMUB,51.834,51.82,51.9,51.82,21251,1102194.0,0.15,-0.08,-0.04,0.0
2026-02-17,GMUN,51.37,51.375,51.41,51.37,69130,3546442.0,0.08,0.07,0.035,0.0
2026-02-17,GNE,14.65,14.74,14.91,14.6,63469,938748.0,2.12,0.96,0.14,0.24
2026-02-17,GNK,22.32,22.54,22.65,21.76,368167,8244492.0,4.01,1.49,0.33,0.85
2026-02-17,GNL,9.88,9.84,9.92,9.76,1265864,12459360.0,1.62,-0.1,-0.01,0.59
2026-02-17,GNLN,0.8,0.861,0.9,0.769,336662,283450.0,15.07,-0.92,-0.008,6.83
2026-02-17,GNLX,2.59,2.56,2.68,2.53,194772,503016.0,5.75,-1.92,-0.05,0.44
2026-02-17,GNL_A,23.12,23.38,23.43,23.12,10616,247678.0,1.33,0.6,0.14,0.0
2026-02-17,GNL_B,22.59,22.84,23.0,22.47,11745,266042.0,2.36,1.69,0.38,0.0
2026-02-17,GNL_D,24.32,24.5,24.5,24.26,13939,340945.0,0.98,0.39,0.096,0.0
2026-02-17,GNL_E,23.53,23.53,23.53,23.53,180,4241.0,0.0,-0.08,-0.02,0.0
2026-02-17,GNMA,44.9,45.02,45.08,44.82,20528,922913.0,0.58,0.02,0.01,0.0
2026-02-17,GNOM,45.88,46.317,46.33,45.7,6757,310966.0,1.38,1.1,0.506,0.0
2026-02-17,GNOV,39.72,39.775,39.775,39.62,1319,52389.0,0.39,0.24,0.095,0.0
2026-02-17,GNPX,1.96,1.8,1.99,1.78,285200,533056.0,10.4,-10.89,-0.22,12.3
2026-02-17,GNR,72.09,72.09,72.13,70.86,470390,33823014.0,1.74,-1.31,-0.96,0.0
2026-02-17,GNRC,224.77,233.46,236.0,223.013,1810661,420399744.0,5.79,4.01,9.01,3.09
2026-02-17,GNS,0.45,0.417,0.45,0.396,827677,348747.0,12.83,-0.95,-0.004,0.52
2026-02-17,GNSS,1.98,2.02,2.075,1.93,124677,248747.0,7.25,1.0,0.02,0.28
2026-02-17,GNT,8.54,8.42,8.56,8.38,85585,726785.0,2.1,-1.98,-0.17,0.0
2026-02-17,GNTA,0.873,0.9,0.9,0.83,47056,40606.0,7.95,2.27,0.02,0.26
2026-02-17,GNTX,24.9,24.61,25.14,24.425,1982344,48936399.0,2.87,-1.12,-0.28,0.92
2026-02-17,GNT_A,21.38,21.4,21.4,21.38,261,5590.0,0.09,-0.14,-0.03,0.0
2026-02-17,GNW,8.94,9.0,9.08,8.915,2756050,24817500.0,1.85,0.9,0.08,0.7
2026-02-17,GO,10.3,10.04,10.43,9.845,2176220,21830584.0,5.69,-2.33,-0.24,2.22
2026-02-17,GOAI,4.33,4.36,4.5,3.785,62874,262588.0,16.63,1.4,0.06,0.19
2026-02-17,GOAU,48.4,48.35,48.595,47.19,35964,1731881.0,2.8,-3.54,-1.772,0.0
2026-02-17,GOCO,1.79,1.62,1.79,1.61,42372,70438.0,10.06,-9.5,-0.17,0.15
2026-02-17,GOCT,39.4,39.42,39.51,39.24,21426,845155.0,0.69,0.07,0.027,0.0
2026-02-17,GOEX,92.65,92.41,93.725,89.68,186249,17190392.0,4.2,-3.97,-3.82,0.0
2026-02-17,GOF,12.28,12.16,12.36,12.075,1847992,22494900.0,2.31,-1.3,-0.16,0.0
2026-02-17,GOGO,4.17,4.15,4.246,4.05,2295286,9520227.0,4.7,-0.48,-0.02,1.71
2026-02-17,GOLD,59.83,58.69,59.83,55.21,1115171,64325625.0,7.58,-3.64,-2.22,3.96
2026-02-17,GOLF,99.79,99.5,100.27,98.545,240942,24012682.0,1.73,-0.06,-0.06,0.41
2026-02-17,GOLS,24.91,25.052,25.095,24.835,212620,5313488.0,1.04,0.53,0.132,0.0
2026-02-17,GOLY,37.5,37.545,37.63,36.97,44147,1650465.0,1.71,-2.71,-1.045,0.0
2026-02-17,GOOD,11.63,11.72,11.74,11.53,645143,7522725.0,1.8,0.43,0.05,1.33
2026-02-17,GOODN,23.2,23.24,23.24,23.03,2731,63298.0,0.91,0.91,0.21,0.0
2026-02-17,GOODO,20.289,20.31,20.49,20.27,17848,363192.0,1.08,0.05,0.01,0.0
2026-02-17,GOOG,300.64,302.82,304.89,296.9,23750758,7158113280.0,2.61,-1.05,-3.2,0.38
2026-02-17,GOOGL,300.04,302.02,304.435,296.25,39247556,11802435328.0,2.68,-1.21,-3.7,0.67
2026-02-17,GOOP,36.16,36.24,36.54,35.66,46906,1702490.0,2.4,-1.31,-0.48,0.0
2026-02-17,GOOS,12.13,11.93,12.19,11.62,772828,9137159.0,4.66,-2.45,-0.3,0.8
2026-02-17,GOOW,63.6,64.04,64.585,62.77,62304,3969218.0,2.78,-1.94,-1.27,0.0
2026-02-17,GOOX,62.8,63.75,64.51,61.349,61833,3885452.0,4.84,-2.4,-1.57,0.0
2026-02-17,GOOY,13.56,13.61,13.71,13.38,587139,7957921.0,2.4,-0.95,-0.13,0.0
2026-02-17,GOP,38.34,38.83,38.83,38.23,6337,243998.0,1.55,0.28,0.11,0.0
2026-02-17,GORO,1.62,1.59,1.645,1.54,2446798,3889122.0,6.25,-5.36,-0.09,1.51
2026-02-17,GOSS,2.3,2.15,2.34,2.14,6206942,13655326.0,8.73,-6.11,-0.14,2.66
2026-02-17,GOTU,2.1,2.11,2.14,2.1,234248,498289.0,1.89,-0.47,-0.01,0.1
2026-02-17,GOU,22.36,22.13,22.58,21.405,34558,761792.0,5.16,-2.81,-0.64,0.0
2026-02-17,GOVI,28.09,28.07,28.115,28.05,9169975,257314056.0,0.23,0.12,0.035,0.0
2026-02-17,GOVT,23.26,23.255,23.27,23.24,7267330,168986824.0,0.13,0.06,0.015,0.0
2026-02-17,GOVX,1.71,1.58,1.744,1.55,203382,330931.0,11.55,-5.95,-0.1,9.15
2026-02-17,GOVZ,9.69,9.69,9.74,9.673,631235,6123104.0,0.7,0.52,0.05,0.0
2026-02-17,GP,1.31,1.27,1.365,1.14,387593,492779.0,17.72,0.0,0.0,7.71
2026-02-17,GPAC,9.9,9.9,9.91,9.895,144023,1425819.0,0.15,0.0,0.0,0.56
2026-02-17,GPACU,10.01,10.0,10.01,10.0,6078,60838.0,0.1,-0.1,-0.01,0.03
2026-02-17,GPAT,10.755,10.755,10.755,10.755,207,2227.0,0.0,-0.05,-0.005,0.0
2026-02-17,GPATW,0.23,0.23,0.245,0.23,1165,276.0,6.67,2.22,0.005,0.0
2026-02-17,GPC,137.38,125.74,137.38,125.54,4107562,525505536.0,8.05,-14.56,-21.42,2.98
2026-02-17,GPCR,69.61,71.41,72.31,68.65,1002520,71126669.0,5.22,1.91,1.34,1.42
2026-02-17,GPGI,24.51,24.11,24.73,23.69,1928157,46523451.0,4.22,-2.11,-0.52,0.67
2026-02-17,GPI,332.7,330.32,337.68,324.49,159340,52564760.0,3.95,-1.06,-3.54,1.34
2026-02-17,GPIQ,51.21,51.38,51.589,50.73,1011678,51800246.0,1.67,-0.02,-0.01,0.0
2026-02-17,GPIX,52.22,52.36,52.489,51.84,754737,39411070.0,1.24,0.19,0.1,0.0
2026-02-17,GPJA,23.383,23.44,23.6,23.36,18222,426825.0,1.03,0.15,0.035,0.0
2026-02-17,GPK,12.48,12.37,12.56,12.215,3844549,47516452.0,2.78,-0.4,-0.05,1.3
2026-02-17,GPMT,1.9,1.73,1.9,1.73,507142,919165.0,8.72,-11.28,-0.22,1.07
2026-02-17,GPMT_A,20.83,21.0,21.0,20.69,21995,460650.0,1.48,0.24,0.05,0.0
2026-02-17,GPN,68.87,69.77,70.345,68.12,5743562,398682048.0,3.25,1.88,1.29,2.05
2026-02-17,GPOR,202.89,195.15,203.1,191.45,305317,59601194.0,5.71,-4.32,-8.82,1.62
2026-02-17,GPRE,13.47,13.18,13.55,13.12,1909984,25369098.0,3.14,-3.8,-0.52,2.73
2026-02-17,GPRF,51.17,51.21,51.21,50.91,1600,81833.0,0.59,0.39,0.2,0.0
2026-02-17,GPRK,8.15,8.11,8.151,7.92,245101,1982119.0,2.8,-1.58,-0.13,0.47
2026-02-17,GPRO,0.88,0.807,0.887,0.802,3283046,2720946.0,9.88,-6.16,-0.053,2.02
2026-02-17,GPT,31.64,31.649,31.65,31.06,2785,88494.0,1.86,-0.34,-0.109,0.0
2026-02-17,GPTY,38.22,38.49,38.736,37.85,27303,1047497.0,2.29,-0.49,-0.19,0.0
2026-02-17,GPUS,0.186,0.18,0.197,0.18,11267360,2107409.0,8.59,-9.09,-0.018,2.93
2026-02-17,GPUS_D,22.5,23.064,23.064,22.5,968,22016.0,2.46,0.5,0.114,0.0
2026-02-17,GPZ,24.65,24.501,24.71,24.15,314813,7677433.0,2.28,-0.2,-0.049,0.0
2026-02-17,GQGU,27.11,27.02,27.14,26.945,32821,887016.0,0.72,-0.07,-0.02,0.0
2026-02-17,GQI,57.022,57.09,57.15,56.55,14509,825819.0,1.05,0.26,0.15,0.0
2026-02-17,GQQQ,29.9,30.248,30.4,29.89,18618,562946.0,1.69,0.09,0.028,0.0
2026-02-17,GQRE,64.495,64.91,64.91,64.25,25216,1628761.0,1.03,0.9,0.58,0.0
2026-02-17,GRAB,4.19,4.27,4.3,4.1,39291337,165767931.0,4.84,3.39,0.14,0.96
2026-02-17,GRABW,0.181,0.18,0.191,0.17,16623,2970.0,11.67,0.0,0.0,0.0
2026-02-17,GRAF,10.75,10.75,10.75,10.75,4,43.0,0.0,0.0,0.0,0.0
2026-02-17,GRAF_WS,0.379,0.379,0.379,0.379,2,1.0,0.0,0.0,0.0,0.0
2026-02-17,GRAG,9.5,9.748,9.748,9.034,1594,14853.0,7.89,7.69,0.696,0.0
2026-02-17,GRAL,99.52,99.03,101.875,95.17,433773,43172078.0,6.88,1.57,1.53,1.08
2026-02-17,GRAN,2.62,2.62,2.68,2.62,1701,4466.0,2.28,-0.38,-0.01,0.01
2026-02-17,GRBK,80.59,79.49,80.59,78.209,168280,13359248.0,2.95,-1.36,-1.1,0.39
2026-02-17,GRBK_A,22.25,22.25,22.25,22.25,475,10629.0,0.0,0.09,0.02,0.02
2026-02-17,GRC,67.37,66.75,67.72,66.37,122562,8213431.0,2.0,-0.96,-0.65,0.47
2026-02-17,GRCE,3.65,3.94,4.1,3.64,408925,1546682.0,12.74,9.14,0.33,2.64
2026-02-17,GRDN,33.48,32.65,33.81,32.26,201891,6595082.0,4.63,-2.42,-0.81,0.32
2026-02-17,GRDX,3.01,2.92,3.06,2.82,47239,136700.0,7.84,-4.58,-0.14,1.41
2026-02-17,GREE,1.24,1.2,1.27,1.18,81405,98738.0,7.09,-5.51,-0.07,0.52
2026-02-17,GREEL,18.98,18.98,18.98,18.98,305,5785.0,0.0,-0.05,-0.01,0.0
2026-02-17,GREK,70.67,70.66,71.12,70.007,126769,8950660.0,1.55,-1.72,-1.24,0.0
2026-02-17,GRF,10.36,10.66,11.32,10.36,6332,69945.0,8.87,-1.45,-0.157,0.0
2026-02-17,GRFS,9.51,9.55,9.57,9.399,522762,4964504.0,1.83,2.47,0.23,0.08
2026-02-17,GRI,2.26,2.31,2.41,2.171,60807,138752.0,10.35,0.0,0.0,4.21
2026-02-17,GRID,174.31,175.14,175.79,172.93,436990,76292458.0,1.63,-0.15,-0.26,0.0
2026-02-17,GRIN,29.47,29.715,29.76,29.305,3773,111576.0,1.53,0.1,0.029,0.02
2026-02-17,GRMN,216.72,216.98,220.95,212.61,1849518,401090624.0,3.88,1.04,2.24,0.96
2026-02-17,GRN,27.47,27.55,27.57,27.47,229,6300.0,0.36,-0.48,-0.132,0.0
2026-02-17,GRNB,24.42,24.442,24.46,24.42,19771,483258.0,0.16,0.01,0.002,0.0
2026-02-17,GRND,10.01,10.42,10.42,9.92,1140629,11736719.0,4.96,3.37,0.34,0.62
2026-02-17,GRNI,19.66,19.92,19.99,19.566,65669,1303027.0,2.15,0.86,0.17,0.0
2026-02-17,GRNJ,27.28,27.54,27.708,26.91,306081,8377391.0,2.91,0.29,0.08,0.0
2026-02-17,GRNQ,1.7,1.72,1.8,1.69,26916,46562.0,6.47,1.18,0.02,0.31
2026-02-17,GRNT,5.07,4.99,5.07,4.86,537192,2659410.0,4.16,-1.19,-0.06,0.41
2026-02-17,GRNY,24.59,24.76,24.869,24.41,3937484,97389790.0,1.86,0.16,0.04,0.0
2026-02-17,GRO,2.86,2.61,2.94,2.6,449512,1226296.0,11.93,-8.42,-0.24,0.84
2026-02-17,GROV,1.54,1.54,1.54,1.49,18050,27481.0,3.29,1.32,0.02,0.04
2026-02-17,GROW,3.23,3.2,3.28,3.18,24492,78814.0,3.07,-1.84,-0.06,0.2
2026-02-17,GROY,4.15,4.12,4.185,4.01,2413576,9924915.0,4.08,-3.96,-0.17,1.1
2026-02-17,GROY_WS,2.21,2.1,2.21,2.03,17109,35972.0,8.14,-4.98,-0.11,0.0
2026-02-17,GROZ,28.78,29.01,29.07,28.649,13112,379042.0,1.46,0.6,0.173,0.0
2026-02-17,GRPM,123.87,123.51,124.78,122.44,15152,1872948.0,1.89,-0.17,-0.21,0.0
2026-02-17,GRPN,12.49,12.4,12.6,12.035,817309,10108654.0,4.53,-0.64,-0.08,2.01
2026-02-17,GRPZ,29.04,29.052,29.052,29.04,239,6943.0,0.04,-0.22,-0.065,0.0
2026-02-17,GRRR,12.39,11.8,12.39,11.612,577850,6863244.0,6.2,-5.9,-0.74,2.55
2026-02-17,GRRRW,0.284,0.27,0.32,0.27,8951,2576.0,17.24,-6.9,-0.02,0.0
2026-02-17,GRVY,66.4,64.5,66.4,62.05,22290,1427748.0,6.56,-2.71,-1.8,0.32
2026-02-17,GRW,29.8,29.802,29.88,29.68,1654,49261.0,0.67,0.34,0.1,0.0
2026-02-17,GRWG,1.12,1.09,1.14,1.08,306366,338355.0,5.36,-2.68,-0.03,0.51
2026-02-17,GRX,9.82,9.84,9.905,9.65,145245,1425075.0,2.6,0.2,0.02,0.0
2026-02-17,GS,907.73,916.04,921.55,905.68,2008475,1838532176.0,1.75,1.2,10.9,0.68
2026-02-17,GSAT,59.44,59.06,60.5,57.76,303967,17966385.0,4.56,-1.67,-1.0,0.24
2026-02-17,GSBC,64.36,64.33,65.0,64.16,46602,3004308.0,1.31,0.3,0.195,0.42
2026-02-17,GSBD,9.27,9.24,9.35,9.132,1502281,13860058.0,2.36,0.11,0.01,1.33
2026-02-17,GSC,59.14,59.504,59.7,58.82,5918,350266.0,1.47,-0.31,-0.186,0.0
2026-02-17,GSEE,62.4,62.743,62.88,62.4,3804,238079.0,0.76,-0.25,-0.158,0.0
2026-02-17,GSEP,38.83,38.89,38.929,38.66,58841,2284414.0,0.69,0.23,0.09,0.0
2026-02-17,GSEU,48.36,48.61,48.679,48.115,15910,770142.0,1.17,0.83,0.4,0.0
2026-02-17,GSEW,88.44,88.43,88.685,87.77,126567,11182694.0,1.03,-0.21,-0.19,0.0
2026-02-17,GSG,24.57,24.49,24.58,24.405,282669,6923291.0,0.71,-0.93,-0.23,0.0
2026-02-17,GSGO,38.11,38.406,38.406,37.95,2553,97809.0,1.19,0.45,0.173,0.0
2026-02-17,GSHD,49.22,50.63,51.84,48.68,878424,44279237.0,6.49,3.98,1.94,2.4
2026-02-17,GSHR,10.3,10.3,10.3,10.3,26,269.0,0.0,0.0,0.0,0.0
2026-02-17,GSIB,53.56,54.141,54.26,53.56,8582,462465.0,1.3,0.69,0.369,0.0
2026-02-17,GSID,75.366,75.366,75.366,75.366,255,19182.0,0.0,-0.04,-0.028,0.0
2026-02-17,GSIE,45.81,46.11,46.155,45.61,423053,19430423.0,1.18,0.09,0.04,0.0
2026-02-17,GSIG,47.86,47.874,47.874,47.86,402,19239.0,0.03,0.01,0.004,0.0
2026-02-17,GSIT,6.1,6.57,6.68,5.9,613249,3945475.0,12.7,7.0,0.43,1.69
2026-02-17,GSIW,0.118,0.139,0.141,0.118,86660,12021.0,16.67,0.72,0.001,0.03
2026-02-17,GSJY,52.76,53.1,53.11,52.48,10378,547751.0,1.17,-1.75,-0.948,0.0
2026-02-17,GSK,60.5,60.87,61.025,60.06,5675239,344077744.0,1.64,3.29,1.94,0.28
2026-02-17,GSKH,83.54,83.919,83.919,83.54,1051,87806.0,0.47,3.97,3.201,0.0
2026-02-17,GSL,38.44,38.85,39.02,38.15,368649,14236897.0,2.28,1.83,0.7,1.03
2026-02-17,GSLC,130.97,131.4,131.81,130.135,312554,40994163.0,1.28,0.18,0.23,0.0
2026-02-17,GSL_B,26.97,27.09,27.09,26.88,5110,137680.0,0.78,0.26,0.07,0.12
2026-02-17,GSM,5.2,4.82,5.26,4.77,1952898,9504643.0,9.28,-8.71,-0.46,1.05
2026-02-17,GSOL,6.29,6.27,6.335,6.125,857663,5345923.0,3.35,0.16,0.01,0.0
2026-02-17,GSPY,36.665,36.967,37.03,36.665,1333,49180.0,0.99,0.16,0.06,0.0
2026-02-17,GSRF,10.02,10.02,10.02,10.02,812,8138.0,0.0,0.0,0.0,0.0
2026-02-17,GSSC,79.09,79.18,79.645,78.37,67261,5344452.0,1.61,-0.12,-0.093,0.0
2026-02-17,GSST,50.61,50.63,50.63,50.61,208393,10550233.0,0.04,0.02,0.01,0.0
2026-02-17,GSUN,1.17,1.16,1.17,1.12,4300,4967.0,4.35,0.87,0.01,0.04
2026-02-17,GSUS,93.52,94.0,94.285,93.08,49528,4643693.0,1.28,0.13,0.125,0.0
2026-02-17,GSWO,59.3,59.5,59.57,58.831,143398,8491128.0,1.25,0.25,0.15,0.0
2026-02-17,GSY,50.37,50.36,50.38,50.36,1018209,51288881.0,0.04,0.0,0.0,0.0
2026-02-17,GS_A,20.37,20.37,20.44,20.23,71330,1451239.0,1.03,0.0,0.0,0.24
2026-02-17,GS_C,20.56,20.52,20.57,20.475,14996,307670.0,0.46,0.15,0.03,0.19
2026-02-17,GS_D,20.26,20.27,20.27,20.14,73932,1493698.0,0.64,0.35,0.07,0.14
2026-02-17,GT,9.35,8.86,9.44,8.835,7324767,65528554.0,6.41,-6.14,-0.58,2.56
2026-02-17,GTBP,0.474,0.457,0.59,0.44,2218591,1084654.0,32.33,-1.51,-0.007,8.32
2026-02-17,GTE,5.53,5.44,5.71,5.26,335698,1823615.0,8.08,-2.33,-0.13,0.95
2026-02-17,GTEC,0.83,0.915,0.94,0.83,181335,160937.0,13.25,10.24,0.085,0.81
2026-02-17,GTEK,42.06,42.53,42.72,41.59,13164,557773.0,2.64,-0.65,-0.28,0.0
2026-02-17,GTEN,10.32,10.35,10.35,10.32,240,2481.0,0.29,0.0,0.0,0.0
2026-02-17,GTENU,10.48,10.48,10.48,10.48,91,954.0,0.0,0.0,0.0,0.0
2026-02-17,GTERA,10.15,10.15,10.15,10.15,92428,938144.0,0.0,0.0,0.0,0.39
2026-02-17,GTERR,0.12,0.12,0.12,0.12,339,41.0,0.0,0.0,0.0,0.0
2026-02-17,GTERU,10.35,10.35,10.35,10.35,87,900.0,0.0,0.0,0.0,0.0
2026-02-17,GTERW,0.15,0.15,0.15,0.15,22,3.0,0.0,0.0,0.0,0.0
2026-02-17,GTES,27.89,27.33,28.246,27.32,3223431,88892029.0,3.31,-2.29,-0.64,1.27
2026-02-17,GTIM,1.23,1.22,1.235,1.2,38156,46568.0,2.92,1.67,0.02,0.36
2026-02-17,GTIP,49.79,49.78,49.79,49.738,28341,1410072.0,0.1,-0.1,-0.05,0.0
2026-02-17,GTLB,29.06,28.42,29.605,27.9,5354692,152201815.0,5.77,-3.82,-1.13,3.15
2026-02-17,GTLS,206.82,207.37,207.59,206.82,1307999,271263392.0,0.37,0.29,0.6,2.74
2026-02-17,GTM,6.36,6.49,6.5,6.245,14937386,95300978.0,4.01,2.04,0.13,4.89
2026-02-17,GTN,4.73,4.77,4.84,4.675,1465258,6985152.0,3.52,1.71,0.08,1.59
2026-02-17,GTN_A,11.5,12.3,12.33,11.5,3492,40854.0,6.73,-0.28,-0.035,0.04
2026-02-17,GTO,47.97,47.96,47.98,47.93,347676,16670479.0,0.1,-0.02,-0.01,0.0
2026-02-17,GTOC,25.69,25.673,25.69,25.673,60080,1542606.0,0.07,-0.07,-0.017,0.0
2026-02-17,GTOP,37.19,37.608,37.85,37.06,22403,837375.0,2.1,-0.09,-0.033,0.0
2026-02-17,GTOS,25.26,25.26,25.26,25.26,5282,133421.0,0.0,0.02,0.005,0.0
2026-02-17,GTPE,53.075,53.074,53.075,53.074,162,8595.0,0.0,0.18,0.095,0.0
2026-02-17,GTR,25.909,25.97,26.02,25.909,15522,403549.0,0.43,0.06,0.015,0.0
2026-02-17,GTX,21.1,20.62,21.381,20.5,2267249,47028809.0,4.15,-2.96,-0.63,1.19
2026-02-17,GTY,33.5,33.83,34.02,33.09,703826,23730978.0,2.8,1.77,0.59,1.18
2026-02-17,GUG,16.38,16.13,16.45,16.066,103334,1673300.0,2.37,-0.55,-0.09,0.0
2026-02-17,GUMI,50.42,50.425,50.43,50.4,4072,205287.0,0.06,0.01,0.005,0.0
2026-02-17,GUNR,52.77,52.61,52.77,51.82,326157,17086777.0,1.78,-1.28,-0.68,0.0
2026-02-17,GURE,5.43,5.81,5.81,4.99,8509,45857.0,14.64,3.75,0.21,0.55
2026-02-17,GURU,61.295,61.699,61.91,61.295,1011,62318.0,1.0,0.72,0.44,0.0
2026-02-17,GUSA,59.186,59.186,59.186,59.186,10,593.0,0.0,0.12,0.072,0.0
2026-02-17,GUSE,40.55,40.815,40.956,40.494,6315,257308.0,1.13,0.16,0.064,0.0
2026-02-17,GUSH,29.63,28.49,30.17,27.56,901755,25636510.0,8.84,-3.52,-1.04,0.0
2026-02-17,GUT,6.01,6.01,6.055,6.01,271773,1638249.0,0.74,-1.15,-0.07,0.0
2026-02-17,GUTS,0.414,0.393,0.426,0.387,3500387,1412174.0,9.33,-5.98,-0.025,2.55
2026-02-17,GUT_C,22.99,23.07,23.07,22.85,4638,106437.0,0.96,0.96,0.22,0.0
2026-02-17,GV,1.11,1.14,1.16,1.1,78326,87606.0,5.22,-0.87,-0.01,1.4
2026-02-17,GVA,130.29,128.61,131.675,128.2,492034,63417000.0,2.65,-1.77,-2.32,1.13
2026-02-17,GVAL,35.35,35.34,35.37,34.8,609934,21379437.0,1.61,-0.2,-0.07,0.0
2026-02-17,GVH,1.46,1.3,1.79,1.06,69783867,97826659.0,79.35,41.3,0.38,3051.57
2026-02-17,GVI,107.96,107.94,107.965,107.89,350448,37825950.0,0.07,0.0,0.0,0.0
2026-02-17,GVIP,156.13,156.41,157.48,155.65,9766,1529929.0,1.16,-0.51,-0.8,0.0
2026-02-17,GVLE,41.708,41.637,41.708,41.637,348,14518.0,0.17,-0.24,-0.099,0.0
2026-02-17,GVLU,26.39,26.36,26.39,26.145,3035,79830.0,0.93,-0.2,-0.054,0.0
2026-02-17,GVUS,57.335,57.335,57.335,57.335,105,6029.0,0.0,-0.19,-0.112,0.0
2026-02-17,GWAV,3.84,3.82,4.08,3.66,38737,148938.0,10.63,-3.29,-0.13,4.67
2026-02-17,GWH,1.43,1.42,1.47,1.38,180248,256016.0,6.25,-1.39,-0.02,0.67
2026-02-17,GWH_WS,0.049,0.048,0.049,0.048,986,46.0,2.04,-2.04,-0.001,0.0
2026-02-17,GWRE,127.0,122.29,127.58,120.37,1571488,192441326.0,5.68,-3.73,-4.74,1.86
2026-02-17,GWRS,9.18,9.15,9.233,8.98,105501,962921.0,2.75,-0.44,-0.04,0.37
2026-02-17,GWW,1128.9,1132.22,1140.33,1120.05,248319,281089856.0,1.79,0.07,0.8,0.52
2026-02-17,GWX,45.0,45.15,45.35,44.72,29397,1325642.0,1.39,-0.22,-0.1,0.0
2026-02-17,GXAI,1.53,1.42,1.75,1.28,94608951,149506575.0,44.76,35.24,0.37,1095.12
2026-02-17,GXC,99.91,100.311,100.6,99.74,26295,2636094.0,0.86,0.4,0.401,0.0
2026-02-17,GXDW,23.35,23.363,23.363,23.35,422,9832.0,0.06,-0.28,-0.065,0.0
2026-02-17,GXIG,25.52,25.525,25.525,25.51,5632,143688.0,0.06,0.06,0.016,0.0
2026-02-17,GXLC,81.88,81.818,81.88,81.818,431,35219.0,0.08,0.13,0.11,0.0
2026-02-17,GXO,65.37,65.36,66.19,64.88,1592195,104562246.0,2.0,-0.23,-0.15,1.39
2026-02-17,GXPC,28.67,28.72,28.815,28.32,812371,23250969.0,1.71,-0.62,-0.18,0.0
2026-02-17,GXPD,25.12,25.07,25.12,24.865,248619,6209032.0,1.02,-0.15,-0.037,0.0
2026-02-17,GXPE,32.09,31.505,32.09,31.43,939,29671.0,2.07,-1.09,-0.347,0.0
2026-02-17,GXPS,28.17,27.802,28.17,27.74,22998,639424.0,1.52,-1.59,-0.448,0.0
2026-02-17,GXPT,25.85,26.15,26.28,25.64,213460,5536010.0,2.46,0.58,0.15,0.0
2026-02-17,GXRP,28.21,28.83,28.95,27.7,207851,5953778.0,4.57,5.33,1.46,0.0
2026-02-17,GXUS,60.205,60.877,60.877,60.205,1816,110202.0,1.1,0.01,0.009,0.0
2026-02-17,GYLD,13.95,13.85,13.95,13.75,38317,529537.0,1.43,-0.93,-0.13,0.0
2026-02-17,GYRE,8.03,8.21,8.375,7.95,76239,626139.0,5.3,2.37,0.19,0.08
2026-02-17,GYRO,8.87,8.87,8.87,8.87,86,769.0,0.0,0.0,0.0,0.0
2026-02-17,H,163.43,169.59,170.695,161.31,1097713,184965534.0,5.67,2.54,4.2,1.16
2026-02-17,HACK,77.31,76.52,77.82,75.52,98055,7509168.0,2.95,-1.76,-1.37,0.0
2026-02-17,HACQU,10.08,10.07,10.15,10.07,121264,1226299.0,0.79,-0.2,-0.02,0.49
2026-02-17,HAE,58.9,58.59,59.47,58.0,736682,43187035.0,2.55,1.44,0.83,1.59
2026-02-17,HAFC,26.92,27.3,27.44,26.653,293192,7996775.0,2.93,1.68,0.45,0.98
2026-02-17,HAFN,6.69,6.71,6.72,6.58,621943,4141345.0,2.08,-0.3,-0.02,0.12
2026-02-17,HAIL,35.04,35.279,35.279,35.04,764,26808.0,0.68,-0.06,-0.02,0.0
2026-02-17,HAIN,0.944,0.882,0.974,0.861,1402627,1235848.0,11.81,-7.84,-0.075,1.54
2026-02-17,HAKY,24.51,24.341,24.51,24.16,3142,76072.0,1.42,-1.49,-0.367,0.0
2026-02-17,HAL,34.23,33.71,34.46,33.1,9323539,313268784.0,4.0,-0.74,-0.25,1.11
2026-02-17,HALO,79.75,80.48,81.51,79.17,2106784,169703914.0,2.95,1.31,1.04,1.79
2026-02-17,HAO,1.22,1.21,1.222,1.21,5587,6815.0,0.99,0.0,0.0,0.01
2026-02-17,HAP,70.97,70.88,70.984,69.94,20860,1475316.0,1.46,-1.09,-0.78,0.0
2026-02-17,HAPI,40.78,40.907,41.06,40.55,2454,99974.0,1.25,0.25,0.102,0.0
2026-02-17,HAPS,32.54,32.597,32.597,32.54,193,6307.0,0.17,-0.08,-0.025,0.0
2026-02-17,HARD,31.24,31.48,31.52,31.24,11394,357581.0,0.9,0.64,0.2,0.0
2026-02-17,HAS,102.26,102.23,103.175,101.54,1977172,202359011.0,1.6,-0.21,-0.22,1.41
2026-02-17,HASI,39.7,39.22,40.01,38.72,2013573,79148715.0,3.25,-1.21,-0.48,1.57
2026-02-17,HAUS,18.358,18.464,18.464,18.358,4933,90951.0,0.58,0.53,0.097,0.0
2026-02-17,HAUZ,25.35,25.41,25.49,25.23,81512,2069739.0,1.03,0.24,0.06,0.0
2026-02-17,HAVA,10.0,10.0,10.0,10.0,492115,4921150.0,0.0,0.1,0.01,2.38
2026-02-17,HAVAR,0.15,0.15,0.15,0.15,4,1.0,0.0,0.0,0.0,0.0
2026-02-17,HAVAU,10.11,10.11,10.11,10.11,84,850.0,0.0,0.0,0.0,0.0
2026-02-17,HAWX,42.36,42.45,42.57,42.185,26645,1129133.0,0.91,-0.12,-0.05,0.0
2026-02-17,HAYW,16.61,16.48,16.77,16.21,1233390,20308671.0,3.35,-1.38,-0.23,0.57
2026-02-17,HBAN,17.29,17.47,17.505,17.15,30405854,527566256.0,2.06,1.22,0.21,1.5
2026-02-17,HBANL,25.55,25.55,25.6,25.41,21219,541639.0,0.75,0.39,0.1,0.16
2026-02-17,HBANM,23.05,23.0,23.05,22.79,21867,501076.0,1.13,0.13,0.03,0.31
2026-02-17,HBANP,17.74,17.805,17.84,17.67,38698,686492.0,0.96,0.48,0.085,0.19
2026-02-17,HBANZ,21.71,21.83,21.85,21.53,205051,4456206.0,1.48,1.02,0.22,2.97
2026-02-17,HBB,19.4,18.86,19.4,18.85,6844,130063.0,2.88,-1.1,-0.21,0.05
2026-02-17,HBCP,62.045,61.66,62.3,61.1,30812,1904555.0,1.96,0.8,0.49,0.39
2026-02-17,HBDC,25.04,25.055,25.08,25.01,9929,248674.0,0.28,-0.02,-0.005,0.0
2026-02-17,HBIO,0.589,0.597,0.61,0.58,319929,190077.0,5.41,7.57,0.042,0.72
2026-02-17,HBM,25.04,25.19,25.25,23.77,8169868,202284973.0,5.67,-3.49,-0.91,2.06
2026-02-17,HBNB,7.32,7.4,7.6,7.32,4557,34034.0,3.8,0.41,0.03,0.0
2026-02-17,HBNC,18.02,18.1,18.28,17.87,299919,5428418.0,2.28,0.5,0.09,0.59
2026-02-17,HBR,13.81,13.867,14.13,13.579,52030,720166.0,4.15,4.55,0.603,0.0
2026-02-17,HBT,29.04,29.31,29.57,29.0,27064,793442.0,1.96,0.96,0.28,0.09
2026-02-17,HBTA,28.47,28.6,28.8,28.301,28586,814199.0,1.75,0.14,0.041,0.0
2026-02-17,HBTC,20.65,20.596,20.65,20.596,355,7326.0,0.26,-0.14,-0.029,0.0
2026-02-17,HCA,544.66,534.78,549.45,533.25,960171,514771904.0,3.0,-1.02,-5.51,0.43
2026-02-17,HCAC,10.02,10.01,10.02,10.0,54834,549215.0,0.2,0.0,0.0,0.19
2026-02-17,HCACR,0.265,0.265,0.265,0.265,400,106.0,0.0,6.0,0.015,0.0
2026-02-17,HCACU,10.25,10.24,10.3,10.24,1387,14239.0,0.58,-1.35,-0.14,0.01
2026-02-17,HCAI,0.213,0.225,0.238,0.213,91114,20201.0,11.06,-0.44,-0.001,0.26
2026-02-17,HCAT,1.85,1.73,1.85,1.72,1439484,2537170.0,7.07,-5.98,-0.11,2.0
2026-02-17,HCC,85.86,84.92,87.91,84.14,993381,84947604.0,4.37,-1.58,-1.36,1.89
2026-02-17,HCHL,0.98,1.02,1.02,0.967,353463,351080.0,5.3,2.0,0.02,1.84
2026-02-17,HCI,157.86,160.0,162.14,157.86,90736,14517251.0,2.71,1.29,2.04,0.7
2026-02-17,HCICU,10.025,10.025,10.025,10.025,698,6998.0,0.0,0.0,0.0,0.0
2026-02-17,HCKT,14.03,13.83,14.05,13.537,393833,5449993.0,3.68,-0.72,-0.1,1.57
2026-02-17,HCM,14.68,14.87,15.2,14.68,24473,368381.0,3.52,0.75,0.11,0.01
2026-02-17,HCMA,10.19,10.14,10.19,10.12,379161,3843953.0,0.69,-0.66,-0.067,1.12
2026-02-17,HCMAU,10.38,10.42,10.42,10.38,367,3809.0,0.39,0.39,0.04,0.0
2026-02-17,HCMAW,0.7,0.7,0.7,0.7,49,34.0,0.0,0.0,0.0,0.0
2026-02-17,HCMT,37.0,37.308,37.58,36.605,60127,2243906.0,2.61,-0.06,-0.022,0.0
2026-02-17,HCOW,24.25,24.274,24.39,24.17,4264,103623.0,0.91,-0.01,-0.003,0.0
2026-02-17,HCRB,35.85,35.84,35.85,35.82,8199,293769.0,0.08,0.04,0.015,0.0
2026-02-17,HCSG,21.43,20.93,21.6,20.45,1296740,27151398.0,5.33,-3.06,-0.66,1.85
2026-02-17,HCTI,7.31,7.69,8.2,7.31,104485,809373.0,10.43,-9.85,-0.84,13.8
2026-02-17,HCWB,0.687,0.601,0.687,0.601,101858,66266.0,13.23,-7.54,-0.049,3.11
2026-02-17,HCWC,0.25,0.263,0.268,0.25,73858,19195.0,6.72,-1.87,-0.005,0.37
2026-02-17,HCXY,25.34,25.25,25.427,25.25,1846,46692.0,0.7,-0.02,-0.005,0.0
2026-02-17,HD,392.23,383.04,394.0,380.5,3485285,1335615568.0,3.45,-2.05,-8.01,0.35
2026-02-17,HDB,32.96,32.81,33.01,32.655,8213337,269438752.0,1.09,0.89,0.29,0.16
2026-02-17,HDEF,33.54,33.61,33.65,33.37,171937,5763664.0,0.84,0.33,0.11,0.0
2026-02-17,HDG,52.686,52.686,52.686,52.686,197,10376.0,0.0,0.02,0.009,0.0
2026-02-17,HDGE,16.9,16.91,17.06,16.85,366463,6208195.0,1.24,-0.12,-0.02,0.0
2026-02-17,HDL,17.5,17.5,17.5,17.5,197,3327.0,0.0,0.0,0.0,0.0
2026-02-17,HDLB,18.48,18.43,18.5,17.5,10396,187189.0,5.41,-0.36,-0.066,0.0
2026-02-17,HDMV,38.58,38.722,38.722,38.462,2061,79424.0,0.67,0.01,0.003,0.0
2026-02-17,HDSN,7.39,7.24,7.39,7.15,323112,2336030.0,3.24,-2.16,-0.16,0.78
2026-02-17,HDUS,65.74,65.692,65.85,65.24,4437,291243.0,0.93,0.11,0.074,0.0
2026-02-17,HDV,138.93,137.62,139.629,137.23,751050,103462795.0,1.73,-0.82,-1.14,0.0
2026-02-17,HE,16.91,16.44,16.99,16.44,1700167,28138723.0,3.27,-2.26,-0.38,0.98
2026-02-17,HEAL,25.71,26.095,26.19,25.71,4953,128838.0,1.9,3.1,0.785,0.0
2026-02-17,HECA,30.22,30.53,30.53,30.2,386167,11729615.0,1.08,-0.03,-0.01,0.0
2026-02-17,HECO,43.14,43.104,43.14,43.104,269,11613.0,0.08,-1.6,-0.7,0.0
2026-02-17,HEDG,29.59,29.46,29.59,29.02,154498,4549316.0,1.93,-0.03,-0.01,0.0
2026-02-17,HEDJ,55.19,55.52,55.67,55.047,109750,6086309.0,1.14,1.2,0.66,0.0
2026-02-17,HEEM,38.28,38.47,38.635,38.25,30611,1177411.0,0.99,-0.75,-0.29,0.0
2026-02-17,HEFA,43.91,44.25,44.315,43.9,805471,35538467.0,0.94,0.33,0.145,0.0
2026-02-17,HEFT,27.02,26.9,27.02,26.77,53046,1426974.0,0.92,-1.03,-0.28,0.0
2026-02-17,HEGD,25.27,25.28,25.37,25.21,301856,7644322.0,0.63,-0.28,-0.07,0.0
2026-02-17,HEI,332.5,337.21,345.52,330.94,777001,263786521.0,4.38,1.41,4.69,1.41
2026-02-17,HEI_A,253.77,254.25,260.55,251.972,297852,76342913.0,3.39,0.53,1.34,0.35
2026-02-17,HELE,17.63,17.62,17.715,17.15,784946,13709562.0,3.2,-0.11,-0.02,3.4
2026-02-17,HELO,66.51,66.58,66.739,66.175,267975,17831458.0,0.85,0.02,0.01,0.0
2026-02-17,HELP,6.4,6.76,7.15,6.4,1083369,7395078.0,12.32,11.0,0.67,2.17
2026-02-17,HELS,25.57,25.66,25.74,25.37,51266,1313412.0,1.44,-0.39,-0.1,0.0
2026-02-17,HELX,34.959,34.959,34.959,34.959,268,9307.0,0.0,1.01,0.348,0.0
2026-02-17,HEMI,40.22,40.109,40.24,40.099,500452,20128163.0,0.35,0.36,0.143,0.0
2026-02-17,HEPS,2.62,2.62,2.7,2.6,126695,332317.0,3.8,-0.38,-0.01,0.04
2026-02-17,HEQ,11.42,11.41,11.453,11.39,16430,187630.0,0.55,0.0,0.0,0.0
2026-02-17,HEQQ,57.55,57.842,57.842,57.55,635,36552.0,0.5,-0.35,-0.202,0.0
2026-02-17,HEQT,32.19,32.3,32.37,32.08,52101,1678473.0,0.9,0.16,0.05,0.0
2026-02-17,HERD,46.72,46.551,46.81,46.18,5862,272804.0,1.35,-0.42,-0.198,0.0
2026-02-17,HERE,4.08,4.05,4.08,3.93,35924,145124.0,3.7,0.0,0.0,0.07
2026-02-17,HERO,27.25,27.23,27.48,27.09,26926,734832.0,1.43,-0.48,-0.13,0.13
2026-02-17,HERZ,17.5,17.55,17.63,17.16,9079,158874.0,2.67,-0.34,-0.06,0.0
2026-02-17,HESM,36.79,36.78,36.928,36.33,1379192,50621217.0,1.63,0.27,0.1,0.66
2026-02-17,HEWJ,58.74,59.0,59.08,58.48,172253,10138058.0,1.0,-1.58,-0.95,0.0
2026-02-17,HEZU,45.71,46.13,46.14,45.71,46674,2146517.0,0.94,1.07,0.49,0.0
2026-02-17,HF,21.34,21.355,21.39,21.34,491,10493.0,0.23,-0.09,-0.02,0.0
2026-02-17,HFBL,18.92,18.76,18.92,18.76,639,12056.0,0.85,-0.87,-0.165,0.02
2026-02-17,HFEQ,22.58,22.55,22.67,22.29,10460,235316.0,1.68,-0.3,-0.067,0.0
2026-02-17,HFFG,1.48,1.43,1.543,1.4,225390,323410.0,9.66,-3.38,-0.05,0.42
2026-02-17,HFGM,32.68,32.59,32.78,32.03,23592,766134.0,2.25,-2.25,-0.75,0.0
2026-02-17,HFGO,24.96,25.29,25.44,24.925,113591,2872063.0,2.05,0.6,0.15,0.0
2026-02-17,HFMF,22.85,22.855,22.95,22.613,12488,283827.0,1.45,-1.53,-0.356,0.0
2026-02-17,HFND,23.65,23.68,23.68,23.48,15401,363378.0,0.84,-0.46,-0.11,0.0
2026-02-17,HFRO,6.44,6.41,6.44,6.34,104997,671360.0,1.56,-0.16,-0.01,0.0
2026-02-17,HFRO_A,16.62,16.745,16.89,16.62,21147,354027.0,1.63,1.06,0.175,0.0
2026-02-17,HFRO_B,16.51,16.6,16.69,16.51,17076,283659.0,1.09,0.61,0.1,0.0
2026-02-17,HFSI,35.93,35.875,35.93,35.86,125359,4497309.0,0.2,-0.01,-0.003,0.0
2026-02-17,HFSP,15.06,15.06,15.06,15.06,8,120.0,0.0,0.2,0.03,0.0
2026-02-17,HFWA,28.17,28.38,28.605,28.115,325707,9260772.0,1.74,1.03,0.29,0.79
2026-02-17,HFXI,35.36,35.61,35.69,35.21,435485,15495323.0,1.35,-0.14,-0.05,0.0
2026-02-17,HG,31.16,31.41,31.589,31.07,761553,23928147.0,1.68,1.62,0.5,0.77
2026-02-17,HGBL,1.32,1.29,1.32,1.29,33216,43111.0,2.24,-3.73,-0.05,0.1
2026-02-17,HGER,26.57,26.48,26.59,26.385,378702,10032212.0,0.76,-1.67,-0.45,0.0
2026-02-17,HGLB,8.77,8.817,8.899,8.72,79200,696093.0,2.05,0.88,0.077,0.0
2026-02-17,HGRO,28.96,29.072,29.18,28.775,71793,2084258.0,1.4,0.18,0.052,0.0
2026-02-17,HGTY,12.03,12.14,12.2,11.894,77542,938049.0,2.54,0.66,0.08,0.02
2026-02-17,HGV,46.41,47.78,47.84,46.305,701324,33216209.0,3.32,3.38,1.56,0.84
2026-02-17,HHH,82.5,82.76,82.9,81.35,202282,16699683.0,1.89,0.74,0.61,0.34
2026-02-17,HHS,2.81,2.85,2.86,2.81,1801,5125.0,1.78,1.42,0.04,0.02
2026-02-17,HIBL,72.01,73.99,74.715,70.8,46699,3413863.0,5.35,1.05,0.77,0.0
2026-02-17,HIBS,4.3,4.22,4.4,4.157,3251654,13813760.0,5.73,-0.47,-0.02,0.0
2026-02-17,HIDE,23.55,23.53,23.55,23.45,15395,361739.0,0.42,-0.19,-0.045,0.0
2026-02-17,HIDV,82.39,82.645,82.69,82.39,1131,93346.0,0.36,0.07,0.055,0.0
2026-02-17,HIFS,314.8,315.8,324.16,310.58,33282,10460849.0,4.34,0.88,2.76,1.53
2026-02-17,HIG,142.87,143.53,143.98,142.285,1281509,183838303.0,1.2,1.61,2.28,0.46
2026-02-17,HIGH,21.81,21.8,21.85,21.781,538487,11743931.0,0.32,-0.32,-0.07,0.0
2026-02-17,HIG_G,25.13,25.16,25.17,25.06,27098,680117.0,0.44,0.4,0.1,0.2
2026-02-17,HIHO,0.92,0.95,0.95,0.91,16325,14951.0,4.3,2.04,0.019,0.35
2026-02-17,HII,416.46,417.83,420.94,406.7,519750,215846313.0,3.4,-0.23,-0.95,1.32
2026-02-17,HIMS,16.3,16.27,16.92,15.79,22435145,363872032.0,6.93,-0.18,-0.03,9.87
2026-02-17,HIMU,49.18,49.2,49.22,49.058,1357661,66782584.0,0.33,0.08,0.04,0.0
2026-02-17,HIMX,7.6,7.55,7.685,7.412,829696,6267312.0,3.54,-2.2,-0.17,0.47
2026-02-17,HIMZ,1.28,1.24,1.34,1.17,19539437,24010664.0,13.6,-0.8,-0.01,0.0
2026-02-17,HIND,2.51,2.63,2.7,2.51,72606,189101.0,7.34,1.54,0.04,1.29
2026-02-17,HIO,3.81,3.82,3.82,3.8,285702,1087636.0,0.52,0.26,0.01,0.0
2026-02-17,HIPO,28.28,28.88,29.015,28.09,282512,8104005.0,3.27,2.19,0.62,1.1
2026-02-17,HIPS,12.07,12.06,12.11,11.985,46104,555627.0,1.03,-0.74,-0.09,0.0
2026-02-17,HISF,45.53,45.511,45.56,45.48,4220,192113.0,0.18,0.01,0.006,0.0
2026-02-17,HIT,1.08,1.08,1.123,1.04,50463,54839.0,7.61,-0.92,-0.01,0.09
2026-02-17,HITI,2.3,2.37,2.425,2.28,450506,1060335.0,6.28,2.6,0.06,0.51
2026-02-17,HIVE,2.2,2.12,2.24,2.08,6838463,14648627.0,7.24,-4.07,-0.09,2.7
2026-02-17,HIW,22.68,22.95,23.11,22.44,2076634,47479955.0,2.9,-0.74,-0.17,1.89
2026-02-17,HIX,4.26,4.3,4.3,4.245,457654,1954759.0,1.29,1.18,0.05,0.0
2026-02-17,HIYY,12.46,12.36,12.46,12.06,12600,154719.0,3.25,0.4,0.049,0.0
2026-02-17,HKD,1.52,1.62,1.65,1.51,441534,705204.0,8.81,1.89,0.03,0.14
2026-02-17,HKIT,2.02,1.99,2.02,1.99,1794,3582.0,1.52,1.02,0.02,0.0
2026-02-17,HKPD,0.75,0.7,0.791,0.688,253264,187892.0,12.89,-12.39,-0.099,2.3
2026-02-17,HL,22.045,21.24,22.045,20.47,24173516,513721616.0,6.97,-6.02,-1.36,3.61
2026-02-17,HLAL,62.08,62.19,62.37,61.51,108897,6743820.0,1.38,-0.11,-0.07,0.0
2026-02-17,HLF,15.74,15.94,16.32,15.71,1416151,22651421.0,3.84,0.25,0.04,1.37
2026-02-17,HLI,166.96,165.53,167.84,164.0,460882,76361084.0,2.32,-0.19,-0.31,0.66
2026-02-17,HLIO,74.86,74.08,76.16,73.37,896515,66924165.0,3.69,-2.08,-1.57,2.71
2026-02-17,HLIT,10.65,10.75,10.92,10.36,1126258,12075799.0,5.24,0.66,0.07,1.01
2026-02-17,HLLY,4.12,4.15,4.21,4.1,496250,2064159.0,2.65,0.0,0.0,0.41
2026-02-17,HLMN,9.27,9.04,9.751,8.72,2892025,26396869.0,10.25,-10.14,-1.02,1.47
2026-02-17,HLN,11.21,11.23,11.265,11.11,9024402,101007959.0,1.38,0.27,0.03,0.2
2026-02-17,HLNE,122.94,119.97,125.145,119.47,409531,49575088.0,4.62,-2.27,-2.79,0.73
2026-02-17,HLP,1.24,1.03,1.262,1.02,177415,200459.0,20.17,-14.17,-0.17,0.24
2026-02-17,HLT,316.7,317.82,320.98,315.85,2235889,710748288.0,1.63,1.02,3.2,0.98
2026-02-17,HLX,8.69,8.39,8.77,8.26,1424530,11963581.0,5.93,-2.44,-0.21,0.97
2026-02-17,HLXC,10.172,10.172,10.172,10.172,188,1915.0,0.0,-0.18,-0.018,0.0
2026-02-17,HL_B,71.12,71.72,71.73,69.26,1783,125189.0,3.31,-3.99,-2.98,0.0
2026-02-17,HMC,30.86,31.13,31.155,30.705,926958,28726795.0,1.42,-2.05,-0.65,0.07
2026-02-17,HMN,42.94,43.13,43.475,42.595,166692,7190504.0,2.07,1.32,0.56,0.41
2026-02-17,HMOP,39.72,39.77,39.79,39.63,101867,4047594.0,0.4,0.03,0.01,0.0
2026-02-17,HMR,0.91,0.899,0.91,0.897,11557,10422.0,1.43,-1.21,-0.011,0.02
2026-02-17,HMY,19.7,19.79,19.965,19.185,5253554,103094512.0,3.72,-5.72,-1.2,0.83
2026-02-17,HMYY,10.37,10.379,10.385,10.28,3319,34244.0,1.01,-0.08,-0.008,0.0
2026-02-17,HNDL,22.57,22.57,22.618,22.45,160937,3633496.0,0.74,-0.15,-0.035,0.0
2026-02-17,HNGE,39.0,39.19,40.372,38.395,1671083,66038307.0,5.08,0.64,0.25,2.11
2026-02-17,HNI,50.31,50.02,50.725,49.835,614105,30814164.0,1.78,-0.02,-0.01,0.86
2026-02-17,HNNA,10.09,10.08,10.23,9.93,9733,98592.0,2.98,0.2,0.02,0.12
2026-02-17,HNNAZ,25.11,25.155,25.155,25.11,926,23288.0,0.18,0.16,0.04,0.0
2026-02-17,HNRG,20.0,18.96,20.06,18.705,367137,7012394.0,6.74,-5.62,-1.13,0.79
2026-02-17,HNST,2.15,2.18,2.205,2.14,1457652,3165236.0,3.05,2.35,0.05,1.29
2026-02-17,HNVR,22.7,22.28,22.71,22.28,9117,205004.0,1.92,-0.65,-0.145,0.13
2026-02-17,HODL,19.24,19.15,19.3,18.83,1944862,37060489.0,2.42,-1.49,-0.29,0.0
2026-02-17,HODU,8.82,9.01,9.3,8.4,84759,750541.0,9.86,-1.31,-0.12,0.0
2026-02-17,HOFT,14.85,14.74,15.005,14.575,23746,350807.0,2.86,-2.06,-0.31,0.22
2026-02-17,HOG,20.41,20.35,20.84,19.98,3310237,67459955.0,4.21,-0.34,-0.07,2.96
2026-02-17,HOII,10.91,11.04,11.22,10.75,9620,106536.0,4.24,-0.31,-0.034,0.0
2026-02-17,HOLA,54.34,54.78,55.22,54.34,47342,2595550.0,1.61,0.16,0.09,0.0
2026-02-17,HOLD,31.34,31.415,31.415,31.16,2934,91662.0,0.81,-0.73,-0.23,0.0
2026-02-17,HOLO,2.2,2.22,2.24,2.09,459926,1006575.0,6.94,2.78,0.06,3.16
2026-02-17,HOLOW,0.09,0.09,0.091,0.09,11301,1018.0,1.11,0.0,0.0,0.0
2026-02-17,HOLX,75.16,75.15,75.29,75.05,2783768,209237645.0,0.32,0.15,0.11,1.25
2026-02-17,HOMB,29.49,29.44,29.815,29.28,1072911,31600610.0,1.82,0.31,0.09,0.55
2026-02-17,HOMZ,49.01,49.145,49.17,48.87,1430,70113.0,0.61,-0.67,-0.332,0.0
2026-02-17,HON,239.67,242.65,244.75,239.67,3700177,898612208.0,2.1,0.53,1.27,0.58
2026-02-17,HOOD,74.34,75.44,76.72,72.87,31818504,2390194000.0,5.07,-0.7,-0.53,3.53
2026-02-17,HOOG,20.93,21.68,22.37,20.16,356485,7665196.0,10.05,-1.36,-0.3,0.0
2026-02-17,HOOW,26.36,26.81,27.36,25.8,148483,3967451.0,5.72,-1.69,-0.46,0.0
2026-02-17,HOOX,7.98,8.16,8.47,7.64,279351,2246748.0,10.0,-1.69,-0.14,0.0
2026-02-17,HOOY,30.26,30.62,31.09,29.85,94093,2884332.0,4.04,-0.29,-0.09,0.0
2026-02-17,HOOZ,40.46,39.464,42.0,38.17,214507,8548516.0,9.85,1.53,0.594,0.0
2026-02-17,HOPE,12.13,12.18,12.3,11.995,813840,9910437.0,2.51,0.33,0.04,0.63
2026-02-17,HOTH,1.02,0.981,1.04,0.98,181336,182361.0,5.88,-3.82,-0.039,1.17
2026-02-17,HOUR,1.87,1.93,2.0,1.87,54266,104991.0,6.88,2.12,0.04,0.15
2026-02-17,HOV,128.16,130.12,131.65,124.81,74085,9518564.0,5.26,-0.01,-0.01,1.25
2026-02-17,HOVNP,21.575,21.25,21.575,21.25,6087,130164.0,1.52,-0.7,-0.15,0.11
2026-02-17,HOVR,1.76,1.75,1.799,1.69,340118,588317.0,6.19,-0.57,-0.01,0.77
2026-02-17,HOVRW,0.38,0.37,0.38,0.34,13524,4752.0,10.53,-2.63,-0.01,0.0
2026-02-17,HOWL,0.66,0.659,0.665,0.62,237612,153461.0,6.88,0.76,0.005,0.49
2026-02-17,HOYY,8.59,8.66,8.755,8.52,98749,852161.0,2.7,-0.53,-0.046,0.0
2026-02-17,HP,33.62,33.31,33.78,32.57,1407878,46646294.0,3.64,0.33,0.11,1.41
2026-02-17,HPAI,3.0,2.9,3.25,2.9,5666,17040.0,11.33,-6.15,-0.19,0.02
2026-02-17,HPE,22.28,21.97,22.6,21.905,13720862,302943376.0,3.06,-3.17,-0.72,1.03
2026-02-17,HPE_C,61.2,60.79,61.32,60.405,21487,1309001.0,1.47,-2.17,-1.35,0.0
2026-02-17,HPF,16.19,16.15,16.19,16.11,28126,454259.0,0.5,0.0,0.0,0.0
2026-02-17,HPI,16.31,16.3,16.32,16.206,49364,802873.0,0.7,0.18,0.03,0.0
2026-02-17,HPK,5.1,4.78,5.1,4.57,806243,3827645.0,10.41,-6.09,-0.31,0.64
2026-02-17,HPP,6.63,6.32,6.66,6.125,1317788,8395871.0,8.13,-3.95,-0.26,2.43
2026-02-17,HPP_C,14.87,15.07,15.3,14.8,9614,144854.0,3.34,0.8,0.12,0.0
2026-02-17,HPQ,19.17,18.49,19.37,18.49,20393566,381364912.0,4.57,-4.0,-0.77,2.23
2026-02-17,HPS,14.79,14.82,14.854,14.77,49789,737252.0,0.57,0.2,0.03,0.0
2026-02-17,HQGO,58.63,59.043,59.043,58.63,210,12353.0,0.7,-0.21,-0.127,0.0
2026-02-17,HQH,19.98,20.08,20.3,19.91,431524,8668173.0,1.96,0.96,0.19,0.0
2026-02-17,HQI,10.9,10.74,11.18,10.52,17707,192875.0,6.07,-1.2,-0.13,0.13
2026-02-17,HQL,17.06,17.19,17.22,17.04,163008,2790567.0,1.06,1.24,0.21,0.0
2026-02-17,HQY,73.38,74.36,74.77,72.76,987593,73106445.0,2.72,0.65,0.48,1.16
2026-02-17,HR,18.22,18.53,18.64,18.01,6603425,121352545.0,3.51,3.17,0.57,1.89
2026-02-17,HRB,31.38,30.53,32.065,30.1,3243589,99298196.0,6.33,-1.67,-0.52,2.56
2026-02-17,HRI,158.0,150.12,160.05,147.72,1582757,244472492.0,7.12,-13.29,-23.0,4.74
2026-02-17,HRL,23.74,23.44,23.98,23.085,5308965,124112218.0,3.76,-1.43,-0.34,0.96
2026-02-17,HRMY,36.86,36.92,37.59,36.55,732574,27097000.0,2.89,2.53,0.91,1.27
2026-02-17,HROW,47.25,50.54,50.685,46.35,512082,25358350.0,9.09,5.98,2.85,1.38
2026-02-17,HRTG,24.43,24.63,25.485,23.93,601610,14854139.0,6.27,-0.77,-0.19,1.95
2026-02-17,HRTS,36.01,36.036,36.05,35.97,1358,48885.0,0.22,0.8,0.286,0.0
2026-02-17,HRTX,1.16,1.19,1.23,1.145,1449236,1726637.0,7.39,3.48,0.04,0.77
2026-02-17,HRZN,6.63,6.58,6.645,6.48,1006186,6608648.0,2.47,-1.35,-0.09,2.17
2026-02-17,HSAI,27.0,26.77,28.21,26.41,2432234,65725133.0,6.99,3.96,1.02,1.55
2026-02-17,HSBC,85.01,86.57,86.78,85.01,2229020,192012838.0,2.08,1.67,1.42,0.06
2026-02-17,HSBH,92.82,94.27,94.27,92.82,2719,252938.0,1.57,2.26,2.087,0.0
2026-02-17,HSCS,3.0,2.95,3.03,2.95,7140,21312.0,2.67,-1.67,-0.05,0.22
2026-02-17,HSCSW,0.1,0.1,0.1,0.1,21,2.0,0.0,0.0,0.0,0.0
2026-02-17,HSCZ,41.48,41.69,41.769,41.413,13653,568583.0,0.86,0.29,0.12,0.0
2026-02-17,HSDT,2.2,2.02,2.35,1.98,392661,837172.0,16.74,-8.6,-0.19,0.95
2026-02-17,HSHP,12.06,12.67,12.75,12.0,526589,6533839.0,6.24,5.41,0.65,1.13
2026-02-17,HSIC,78.37,77.21,78.865,76.885,1182188,91563175.0,2.53,-1.25,-0.98,1.03
2026-02-17,HSMV,38.22,38.125,38.22,38.105,2432,92695.0,0.3,-0.09,-0.033,0.0
2026-02-17,HSPT,12.98,12.0,12.98,11.69,9693,120591.0,10.15,-5.59,-0.71,0.11
2026-02-17,HSPTR,0.25,0.22,0.25,0.201,61497,13553.0,24.5,10.0,0.02,0.0
2026-02-17,HST,20.02,20.01,20.15,19.71,9166481,183223176.0,2.21,0.6,0.12,1.33
2026-02-17,HSTM,20.35,20.28,20.46,20.01,261649,5304918.0,2.22,-0.15,-0.03,0.88
2026-02-17,HSY,221.08,219.4,222.055,214.62,2696965,586360656.0,3.34,-1.43,-3.18,1.33
2026-02-17,HTAB,19.42,19.425,19.43,19.41,25809,501250.0,0.1,0.15,0.03,0.0
2026-02-17,HTAX,24.67,24.695,24.695,24.66,509,12556.0,0.14,0.13,0.033,0.0
2026-02-17,HTB,43.98,44.0,44.565,43.44,166546,7307415.0,2.56,0.11,0.05,0.96
2026-02-17,HTBK,13.3,13.44,13.53,13.3,547815,7364938.0,1.73,1.05,0.14,0.89
2026-02-17,HTCO,9.35,9.99,10.25,9.35,6796,66627.0,9.57,6.28,0.59,0.09
2026-02-17,HTCR,0.254,0.264,0.275,0.248,93724,23916.0,10.63,3.94,0.01,0.37
2026-02-17,HTD,25.55,25.39,25.72,25.39,80382,2052920.0,1.29,-0.47,-0.12,0.0
2026-02-17,HTEC,35.1,35.265,35.456,35.1,4372,153860.0,1.02,0.87,0.305,0.0
2026-02-17,HTFC,24.96,25.05,25.05,24.96,5666,141738.0,0.36,0.32,0.08,0.0
2026-02-17,HTFL,20.5,22.27,22.46,20.3,2990336,65139663.0,10.45,7.79,1.61,3.51
2026-02-17,HTGC,15.73,15.84,16.1,15.73,4693848,74660744.0,2.37,1.67,0.26,2.56
2026-02-17,HTH,39.48,38.94,39.94,38.89,369208,14452556.0,2.67,-0.84,-0.33,0.62
2026-02-17,HTHT,52.79,54.02,54.28,52.32,1406367,75706437.0,3.73,2.84,1.49,0.46
2026-02-17,HTLD,11.36,11.58,11.71,11.34,566120,6557443.0,3.28,2.66,0.3,0.73
2026-02-17,HTLM,2.48,2.16,2.48,2.089,27829,63900.0,15.58,-13.94,-0.35,0.03
2026-02-17,HTO,55.15,54.52,55.76,54.32,252729,13812571.0,2.62,-0.67,-0.37,0.7
2026-02-17,HTOO,3.5,3.5,3.5,3.42,10396,35996.0,2.29,0.0,0.0,0.44
2026-02-17,HTRB,34.58,34.56,34.59,34.54,150213,5190611.0,0.14,0.03,0.01,0.0
2026-02-17,HTT,2.75,2.75,2.85,2.74,103945,290166.0,4.03,0.73,0.02,0.06
2026-02-17,HTUS,39.43,39.79,39.855,39.43,9395,373066.0,1.07,0.56,0.22,0.0
2026-02-17,HTZ,5.03,4.92,5.065,4.88,3994207,19818564.0,3.67,-2.38,-0.12,1.28
2026-02-17,HTZWW,2.52,2.52,2.56,2.49,49973,125997.0,2.73,-1.56,-0.04,0.0
2026-02-17,HUBB,521.05,524.25,527.96,517.85,376754,197470838.0,1.93,0.02,0.13,0.71
2026-02-17,HUBC,2.18,2.2,2.3,2.01,394555,882132.0,11.15,-15.38,-0.4,18.07
2026-02-17,HUBCW,0.017,0.02,0.02,0.017,11995,219.0,15.0,0.0,0.0,0.0
2026-02-17,HUBCZ,0.009,0.009,0.009,0.009,2,0.0,0.0,0.0,0.0,0.0
2026-02-17,HUBG,40.02,39.86,40.61,39.62,983189,39231420.0,2.5,0.5,0.2,1.61
2026-02-17,HUBS,251.64,247.31,256.65,235.0,2443446,600154400.0,8.88,1.42,3.46,4.63
2026-02-17,HUDI,1.12,1.18,1.198,1.12,9710,11256.0,6.9,4.42,0.05,0.07
2026-02-17,HUHU,6.24,6.89,7.2,5.87,13412,87211.0,22.02,14.07,0.85,0.06
2026-02-17,HUIZ,2.03,1.96,2.056,1.92,4191,8403.0,6.85,-1.31,-0.026,0.04
2026-02-17,HUM,184.28,184.99,187.645,183.0,1988056,368858272.0,2.52,0.48,0.89,1.65
2026-02-17,HUMA,1.03,1.14,1.16,1.03,7222166,8096493.0,12.87,12.87,0.13,3.74
2026-02-17,HUMAW,0.09,0.12,0.13,0.09,4940,556.0,36.36,9.09,0.01,0.0
2026-02-17,HUMN,32.77,32.81,32.999,32.315,27783,908800.0,2.07,-0.67,-0.22,0.0
2026-02-17,HUN,13.13,12.35,13.24,12.26,10342782,128773464.0,7.42,-6.51,-0.86,5.94
2026-02-17,HURA,1.38,1.13,1.405,1.08,2011831,2362930.0,24.44,-15.04,-0.2,3.31
2026-02-17,HURC,17.74,17.67,17.95,17.58,30304,537143.0,2.07,-1.01,-0.18,0.47
2026-02-17,HURN,126.84,130.21,131.49,126.62,419564,54417278.0,3.88,3.87,4.855,2.48
2026-02-17,HUSV,39.73,39.62,39.75,39.55,25794,1023624.0,0.5,-0.13,-0.05,0.0
2026-02-17,HUT,52.5,52.94,54.52,51.15,3416044,180884586.0,6.26,-1.73,-0.93,3.1
2026-02-17,HUTG,9.45,9.625,10.1,9.14,10414,101323.0,9.6,-3.76,-0.376,0.0
2026-02-17,HUYA,4.26,4.27,4.45,4.24,1319063,5721457.0,4.91,-0.23,-0.01,0.59
2026-02-17,HVAC,36.68,37.04,37.29,36.485,13970,516161.0,2.18,0.52,0.19,0.0
2026-02-17,HVII,10.31,10.31,10.31,10.28,165709,1706058.0,0.29,0.1,0.01,0.64
2026-02-17,HVIIR,0.3,0.3,0.3,0.3,2790,836.0,0.0,20.48,0.051,0.0
2026-02-17,HVIIU,10.6,10.56,10.6,10.56,219,2317.0,0.38,0.0,0.0,0.0
2026-02-17,HVMC,10.05,10.04,10.06,10.03,64100,643344.0,0.3,-0.1,-0.01,0.22
2026-02-17,HVT,26.02,26.24,26.4,25.474,70428,1842897.0,3.57,1.16,0.3,0.47
2026-02-17,HVT_A,27.206,27.36,27.36,27.206,1533,39751.0,0.6,6.29,1.62,0.13
2026-02-17,HWAY,35.72,35.911,36.9,34.38,1669,59478.0,6.99,-0.42,-0.153,0.0
2026-02-17,HWBK,34.794,34.52,34.794,34.52,3635,125763.0,0.79,0.12,0.04,0.05
2026-02-17,HWC,71.57,70.79,72.395,70.685,546851,38816612.0,2.4,-0.52,-0.37,0.67
2026-02-17,HWCPZ,24.22,24.41,24.43,24.22,13252,322273.0,0.86,0.43,0.105,0.0
2026-02-17,HWH,1.53,1.56,1.56,1.482,18599,28868.0,5.03,0.65,0.01,0.25
2026-02-17,HWKN,146.39,144.96,146.78,142.71,121103,17574775.0,2.78,-1.13,-1.65,0.58
2026-02-17,HWM,247.19,252.55,254.57,246.02,3357710,846882592.0,3.42,0.94,2.34,0.84
2026-02-17,HWSM,29.155,29.185,29.209,29.155,938,27373.0,0.19,1.11,0.321,0.0
2026-02-17,HXHX,0.531,0.59,0.635,0.52,905355,510846.0,18.05,-7.38,-0.047,6.58
2026-02-17,HXL,89.9,88.98,90.25,88.38,1305567,116533517.0,2.08,-0.9,-0.81,1.72
2026-02-17,HY,39.81,39.96,40.5,38.99,106783,4250160.0,3.83,1.24,0.49,0.6
2026-02-17,HYAC,11.47,11.45,11.47,11.45,11529,132109.0,0.17,0.13,0.015,0.04
2026-02-17,HYAC_WS,1.433,1.45,1.48,1.38,45747,66121.0,6.9,0.0,0.0,0.0
2026-02-17,HYBB,47.28,47.279,47.33,47.245,21875,1034389.0,0.18,-0.03,-0.016,0.0
2026-02-17,HYBI,50.12,50.125,50.14,50.05,26902,1347971.0,0.18,-0.03,-0.015,0.0
2026-02-17,HYBL,28.32,28.335,28.349,28.304,102563,2905148.0,0.16,0.02,0.005,0.0
2026-02-17,HYBX,29.94,30.105,30.105,29.91,1658,49659.0,0.65,0.49,0.148,0.0
2026-02-17,HYD,51.34,51.33,51.34,51.22,442470,22700025.0,0.23,0.18,0.09,0.0
2026-02-17,HYDB,47.55,47.55,47.585,47.5,120182,5712179.0,0.18,-0.04,-0.02,0.0
2026-02-17,HYDR,36.86,37.123,37.4,36.41,10958,404311.0,2.65,-0.75,-0.28,0.0
2026-02-17,HYDW,47.19,47.204,47.23,47.19,3270,154391.0,0.08,0.05,0.024,0.0
2026-02-17,HYEM,20.19,20.21,20.22,20.14,156670,3163614.0,0.4,0.15,0.03,0.0
2026-02-17,HYFI,37.75,37.74,37.75,37.66,16981,640305.0,0.24,0.11,0.04,0.0
2026-02-17,HYFM,1.48,1.41,1.48,1.375,15326,21511.0,7.34,-1.4,-0.02,0.33
2026-02-17,HYFT,1.38,1.38,1.419,1.33,262817,363493.0,6.4,-0.72,-0.01,0.56
2026-02-17,HYG,80.82,80.81,80.86,80.744,35682018,2883112416.0,0.14,-0.05,-0.04,0.0
2026-02-17,HYGH,86.21,86.17,86.45,86.02,139237,11997150.0,0.5,-0.03,-0.03,0.0
2026-02-17,HYGV,40.88,40.87,40.91,40.84,111986,4577263.0,0.17,-0.05,-0.02,0.0
2026-02-17,HYGW,29.93,29.91,29.935,29.86,46690,1395160.0,0.25,-0.05,-0.015,0.0
2026-02-17,HYHG,64.31,64.6,64.96,64.3,29816,1922852.0,1.03,0.47,0.3,0.0
2026-02-17,HYI,11.24,11.21,11.25,11.21,27327,306756.0,0.36,-0.09,-0.01,0.0
2026-02-17,HYIN,15.34,15.27,15.34,15.13,29865,454231.0,1.37,-0.59,-0.09,0.0
2026-02-17,HYKE,25.031,25.031,25.031,25.031,3,75.0,0.0,0.55,0.138,0.0
2026-02-17,HYLB,36.94,36.93,36.94,36.892,6179134,228180449.0,0.13,-0.03,-0.01,0.0
2026-02-17,HYLN,2.05,2.05,2.08,1.96,837641,1709384.0,5.88,0.49,0.01,0.47
2026-02-17,HYLS,41.46,41.45,41.499,41.4,124821,5173245.0,0.24,-0.02,-0.01,0.0
2026-02-17,HYMB,25.25,25.28,25.29,25.25,624525,15781212.0,0.16,0.12,0.03,0.0
2026-02-17,HYMC,34.06,33.6,34.8,30.81,4196259,138375916.0,11.22,-5.49,-1.95,5.05
2026-02-17,HYNE,14.39,14.46,14.485,14.3,28918,417697.0,1.29,1.19,0.17,0.36
2026-02-17,HYP,25.78,26.048,26.28,25.63,23523,614776.0,2.45,-1.84,-0.488,0.0
2026-02-17,HYPD,4.09,3.79,4.16,3.721,402679,1568883.0,10.6,-8.45,-0.35,4.93
2026-02-17,HYPR,1.12,1.1,1.128,1.08,154203,170435.0,4.32,-0.9,-0.01,0.16
2026-02-17,HYRM,23.41,23.36,23.42,23.36,2717,63622.0,0.26,0.0,0.0,0.0
2026-02-17,HYS,94.65,94.55,94.7,94.54,108968,10306695.0,0.17,-0.02,-0.02,0.0
2026-02-17,HYSA,15.15,15.115,15.15,15.09,11987,181384.0,0.4,-0.24,-0.036,0.0
2026-02-17,HYSD,20.29,20.29,20.295,20.28,2523,51192.0,0.07,0.0,0.0,0.0
2026-02-17,HYT,8.87,8.87,8.905,8.853,1683621,14956790.0,0.59,0.34,0.03,0.0
2026-02-17,HYTI,19.64,19.575,19.64,19.575,76448,1499425.0,0.33,-0.58,-0.115,0.0
2026-02-17,HYUP,42.17,42.255,42.32,42.17,11999,506904.0,0.35,-0.05,-0.02,0.0
2026-02-17,HYXF,47.2,47.225,47.268,47.16,23805,1123702.0,0.23,-0.12,-0.055,0.0
2026-02-17,HYZD,22.52,22.555,22.56,22.5,53052,1194916.0,0.27,0.12,0.026,0.0
2026-02-17,HZO,28.99,29.41,29.685,28.732,214353,6287684.0,3.28,1.34,0.39,0.97
2026-02-17,IAC,34.07,34.27,34.67,33.21,1254158,42806407.0,4.26,-0.12,-0.04,1.63
2026-02-17,IACOU,9.93,9.93,9.93,9.93,3820,37931.0,0.0,0.1,0.01,0.01
2026-02-17,IAE,7.98,8.02,8.04,7.97,71833,575432.0,0.87,-0.12,-0.01,0.05
2026-02-17,IAF,14.2,14.19,14.22,14.01,32107,455113.0,1.48,0.0,0.0,0.0
2026-02-17,IAG,20.66,20.81,21.075,19.77,9488227,195231013.0,6.03,-3.79,-0.82,1.61
2026-02-17,IAGG,50.57,50.58,50.59,50.55,576591,29158380.0,0.08,0.12,0.06,0.0
2026-02-17,IAI,169.8,169.25,170.67,168.42,229687,38939568.0,1.33,-0.03,-0.05,0.0
2026-02-17,IAK,135.32,136.56,136.96,135.3,112250,15306111.0,1.23,1.52,2.04,0.0
2026-02-17,IALT,26.6,26.05,26.6,25.92,231318,6038114.0,2.61,-0.15,-0.04,0.0
2026-02-17,IAPR,31.37,31.38,31.4,31.33,8890,278979.0,0.22,0.06,0.02,0.0
2026-02-17,IART,11.32,11.44,11.63,11.195,663572,7565280.0,3.84,1.06,0.12,0.85
2026-02-17,IAT,59.94,59.9,60.7,59.71,340602,20452328.0,1.66,0.44,0.26,0.0
2026-02-17,IAU,92.19,91.82,92.45,91.28,10111978,928213200.0,1.23,-3.09,-2.93,0.0
2026-02-17,IAUG,29.31,29.39,29.39,29.31,12985,381339.0,0.27,0.16,0.048,0.0
2026-02-17,IAUI,60.87,60.54,60.87,60.1,173178,10470237.0,1.24,-2.61,-1.62,0.0
2026-02-17,IAUM,48.83,48.61,48.95,48.33,8216224,399106640.0,1.24,-3.11,-1.56,0.0
2026-02-17,IAUX,1.89,1.9,1.91,1.84,8217227,15411564.0,3.61,-2.06,-0.04,0.99
2026-02-17,IAUX_WS,1.4,1.5,1.5,1.3,1916,2605.0,14.18,6.38,0.09,0.0
2026-02-17,IBAC,10.61,10.65,10.65,10.61,304,3229.0,0.38,0.0,0.0,0.01
2026-02-17,IBAT,33.86,34.18,34.41,33.67,24841,845433.0,2.17,0.23,0.08,0.0
2026-02-17,IBB,172.49,174.02,174.85,172.385,1930567,335279904.0,1.43,0.88,1.52,0.0
2026-02-17,IBBQ,29.41,29.74,29.8,29.41,13841,410222.0,1.33,1.06,0.311,0.0
2026-02-17,IBCA,26.2,26.2,26.21,26.15,94848,2483390.0,0.23,0.04,0.01,0.0
2026-02-17,IBCP,36.61,36.66,37.27,35.19,194060,7130033.0,5.68,0.08,0.03,0.94
2026-02-17,IBD,24.29,24.31,24.34,24.24,68610,1665569.0,0.41,0.08,0.02,0.0
2026-02-17,IBDR,24.24,24.25,24.25,24.23,513799,12455925.0,0.08,0.04,0.01,0.0
2026-02-17,IBDS,24.32,24.33,24.34,24.32,661764,16099161.0,0.08,0.0,0.0,0.0
2026-02-17,IBDT,25.51,25.52,25.53,25.51,474560,12112447.0,0.08,-0.04,-0.01,0.0
2026-02-17,IBDU,23.52,23.52,23.53,23.51,537804,12649609.0,0.09,0.0,0.0,0.0
2026-02-17,IBDV,22.2,22.22,22.22,22.19,493181,10948079.0,0.14,0.05,0.01,0.0
2026-02-17,IBDW,21.27,21.29,21.3,21.27,472428,10054766.0,0.14,0.02,0.005,0.0
2026-02-17,IBDX,25.71,25.74,25.75,25.7,234952,6046543.0,0.19,0.0,0.0,0.0
2026-02-17,IBDY,26.35,26.35,26.375,26.32,167982,4426501.0,0.21,-0.02,-0.005,0.0
2026-02-17,IBDZ,26.63,26.64,26.64,26.59,250722,6675757.0,0.19,0.09,0.025,0.0
2026-02-17,IBEX,30.03,29.82,30.7,29.35,175006,5216514.0,4.49,-0.93,-0.28,1.31
2026-02-17,IBG,4.26,5.34,6.28,4.12,757325,4125766.0,53.73,32.84,1.32,109.11
2026-02-17,IBGA,25.35,25.344,25.359,25.323,2712,68730.0,0.14,0.18,0.046,0.0
2026-02-17,IBGB,25.32,25.31,25.33,25.31,363,9192.0,0.08,0.16,0.041,0.0
2026-02-17,IBGK,24.3,24.253,24.3,24.253,181,4397.0,0.19,0.19,0.045,0.0
2026-02-17,IBGL,24.91,24.924,24.93,24.91,948,23627.0,0.08,0.2,0.05,0.0
2026-02-17,IBHF,23.04,23.06,23.07,23.04,359477,8290092.0,0.13,0.09,0.02,0.0
2026-02-17,IBHG,22.25,22.24,22.25,22.21,62620,1391820.0,0.18,0.14,0.03,0.0
2026-02-17,IBHH,23.72,23.69,23.72,23.664,62985,1491965.0,0.24,-0.04,-0.01,0.0
2026-02-17,IBHI,23.61,23.6,23.61,23.55,55431,1307065.0,0.25,0.0,0.0,0.0
2026-02-17,IBHJ,26.66,26.63,26.67,26.625,17621,469384.0,0.17,-0.15,-0.04,0.0
2026-02-17,IBHK,26.06,25.95,26.06,25.94,25395,660279.0,0.46,-0.04,-0.01,0.0
2026-02-17,IBHL,25.77,25.785,25.85,25.74,5538,142824.0,0.43,0.1,0.025,0.0
2026-02-17,IBIC,25.63,25.62,25.64,25.62,6802,174351.0,0.08,-0.12,-0.03,0.0
2026-02-17,IBID,25.87,25.879,25.899,25.87,24209,626459.0,0.11,-0.05,-0.014,0.0
2026-02-17,IBIE,26.09,26.089,26.107,26.075,33498,873759.0,0.12,-0.08,-0.021,0.0
2026-02-17,IBIF,26.24,26.189,26.24,26.18,27611,723535.0,0.23,-0.12,-0.032,0.0
2026-02-17,IBIG,26.31,26.25,26.31,26.23,30237,794628.0,0.3,-0.14,-0.036,0.0
2026-02-17,IBIH,26.295,26.28,26.295,26.265,5961,156681.0,0.11,-0.19,-0.05,0.0
2026-02-17,IBII,26.07,26.05,26.07,26.038,2702,70396.0,0.12,-0.16,-0.043,0.0
2026-02-17,IBIJ,26.23,26.21,26.23,26.205,9436,247353.0,0.1,-0.19,-0.05,0.0
2026-02-17,IBIK,26.01,25.995,26.02,25.99,337180,8763420.0,0.12,-0.19,-0.05,0.0
2026-02-17,IBIL,25.84,25.8,25.84,25.8,3513,90657.0,0.15,-0.04,-0.01,0.0
2026-02-17,IBIO,2.19,2.29,2.33,2.17,588065,1337018.0,7.21,3.15,0.07,1.7
2026-02-17,IBIT,38.545,38.39,38.69,37.735,54882693,2099276608.0,2.45,-1.49,-0.58,0.0
2026-02-17,IBKR,73.845,73.29,74.15,71.55,5587525,408143280.0,3.48,-1.95,-1.46,1.25
2026-02-17,IBLC,38.38,38.29,38.54,37.32,33703,1282545.0,3.15,-1.29,-0.5,0.0
2026-02-17,IBM,259.2,258.31,260.7,254.65,4929733,1272359088.0,2.31,-1.55,-4.07,0.53
2026-02-17,IBMO,25.71,25.68,25.71,25.661,59293,1522388.0,0.19,-0.04,-0.01,0.0
2026-02-17,IBMP,25.505,25.5,25.52,25.5,60840,1551915.0,0.08,-0.06,-0.015,0.0
2026-02-17,IBMQ,25.79,25.76,25.79,25.735,67958,1749959.0,0.21,0.06,0.015,0.0
2026-02-17,IBMR,25.69,25.69,25.7,25.68,33347,856689.0,0.08,-0.04,-0.01,0.0
2026-02-17,IBMS,26.36,26.39,26.4,26.36,39984,1054991.0,0.15,0.0,0.0,0.0
2026-02-17,IBMT,26.34,26.369,26.44,26.34,24912,657032.0,0.38,0.08,0.022,0.0
2026-02-17,IBN,31.03,30.93,31.16,30.885,2932656,90886047.0,0.9,1.01,0.31,0.08
2026-02-17,IBND,32.64,32.63,32.683,32.45,103478,3372979.0,0.71,-0.31,-0.1,0.0
2026-02-17,IBO,0.443,0.44,0.471,0.37,93079,39166.0,22.65,-1.35,-0.006,0.09
2026-02-17,IBOC,72.35,72.56,73.39,71.915,189624,13753660.0,2.05,0.68,0.49,0.31
2026-02-17,IBOT,58.8,59.143,59.36,58.4,21745,1284368.0,1.62,-0.26,-0.157,0.0
2026-02-17,IBP,340.92,336.4,349.0,323.55,278225,93474004.0,7.39,-2.26,-7.79,1.03
2026-02-17,IBRN,31.944,31.944,31.944,31.944,326,10440.0,0.0,1.16,0.366,0.0
2026-02-17,IBRX,6.26,6.02,6.28,5.93,14622777,88685225.0,5.89,1.26,0.075,1.45
2026-02-17,IBTA,21.72,20.18,21.831,20.06,320600,6563769.0,8.26,-5.88,-1.26,1.32
2026-02-17,IBTG,22.89,22.89,22.9,22.89,361864,8285526.0,0.04,-0.02,-0.005,0.0
2026-02-17,IBTH,22.51,22.5,22.51,22.5,331255,7454851.0,0.04,-0.02,-0.005,0.0
2026-02-17,IBTI,22.43,22.425,22.44,22.42,277638,6227422.0,0.09,-0.04,-0.01,0.0
2026-02-17,IBTJ,22.03,22.035,22.04,22.03,145492,3205695.0,0.05,-0.05,-0.01,0.0
2026-02-17,IBTK,19.96,19.955,19.97,19.95,103947,2074396.0,0.1,-0.05,-0.01,0.0
2026-02-17,IBTL,20.69,20.675,20.69,20.66,102219,2113308.0,0.15,-0.05,-0.01,0.0
2026-02-17,IBTM,23.3,23.275,23.3,23.265,134823,3136322.0,0.15,-0.04,-0.01,0.0
2026-02-17,IBTO,24.81,24.785,24.82,24.78,35947,891367.0,0.16,-0.04,-0.01,0.0
2026-02-17,IBTP,26.11,26.09,26.11,26.081,12799,334008.0,0.11,-0.02,-0.005,0.0
2026-02-17,IBTQ,25.77,25.765,25.795,25.76,127923,3298595.0,0.14,-0.03,-0.009,0.0
2026-02-17,IBUF,29.47,29.69,29.69,29.47,20162,598152.0,0.74,0.24,0.07,0.0
2026-02-17,IBUY,63.82,63.8,64.11,63.1,45546,2903160.0,1.58,-0.5,-0.32,0.0
2026-02-17,ICAP,28.78,28.88,29.0,28.641,31662,911736.0,1.24,-0.19,-0.054,0.0
2026-02-17,ICCC,6.59,6.24,6.59,6.2,21559,136152.0,5.91,-5.45,-0.36,0.24
2026-02-17,ICCM,0.6,0.568,0.6,0.56,145171,85631.0,7.02,-0.35,-0.002,0.2
2026-02-17,ICE,152.77,153.44,154.53,149.37,5868897,900719152.0,3.39,0.76,1.16,1.03
2026-02-17,ICF,65.74,66.16,66.19,65.43,184615,12162617.0,1.16,0.92,0.6,0.0
2026-02-17,ICFI,77.46,75.94,78.22,75.785,136556,10415300.0,3.16,-1.39,-1.07,0.75
2026-02-17,ICG,1.56,1.45,1.56,1.45,30260,44659.0,7.05,-7.05,-0.11,0.05
2026-02-17,ICHR,45.62,47.07,47.73,43.53,1157385,53523000.0,8.98,0.64,0.3,3.34
2026-02-17,ICL,5.7,5.78,5.82,5.68,1146673,6597653.0,2.44,0.87,0.05,0.09
2026-02-17,ICLN,18.43,18.73,18.81,18.33,2824149,52589751.0,2.61,1.68,0.31,0.0
2026-02-17,ICLO,25.61,25.64,25.65,25.61,91981,2358388.0,0.16,0.0,0.0,0.0
2026-02-17,ICLR,90.48,88.62,94.33,88.38,5243362,469666272.0,6.4,-4.71,-4.38,6.87
2026-02-17,ICMB,3.06,3.02,3.09,2.99,42248,128020.0,3.25,-1.95,-0.06,0.29
2026-02-17,ICOI,12.19,12.475,12.618,12.07,53656,662822.0,4.42,0.52,0.065,0.0
2026-02-17,ICON,1.53,1.52,1.596,1.47,60385,91408.0,8.4,1.33,0.02,2.41
2026-02-17,ICOP,51.93,51.81,52.0,50.38,269269,13838528.0,3.03,-3.16,-1.69,0.0
2026-02-17,ICOW,42.86,43.0,43.1,42.54,242197,10400121.0,1.29,-0.58,-0.25,0.0
2026-02-17,ICPI,50.105,50.105,50.105,50.105,17,852.0,0.0,-0.03,-0.015,0.0
2026-02-17,ICPY,11.81,11.89,12.03,11.722,101596,1196459.0,2.6,0.34,0.04,0.0
2026-02-17,ICRC,23.07,23.637,23.637,23.07,1001,23715.0,2.45,2.34,0.54,0.0
2026-02-17,ICR_A,21.46,21.8,21.8,21.46,2847,61625.0,1.58,1.36,0.293,0.0
2026-02-17,ICSH,50.68,50.68,50.69,50.67,1038998,52660930.0,0.04,0.0,0.0,0.0
2026-02-17,ICU,2.41,2.42,2.484,2.36,43616,105136.0,5.17,0.83,0.02,1.15
2026-02-17,ICUCW,0.026,0.03,0.032,0.026,104982,3013.0,24.0,20.0,0.005,0.0
2026-02-17,ICUI,144.91,148.29,150.22,144.91,297661,44243724.0,3.66,2.34,3.39,1.21
2026-02-17,ICVT,104.37,104.81,105.225,103.85,490194,51268388.0,1.31,0.08,0.08,0.0
2026-02-17,IDA,145.45,143.12,145.94,142.995,632534,90894219.0,2.04,-0.79,-1.14,1.15
2026-02-17,IDAI,2.96,2.79,3.17,2.76,209675,597116.0,13.44,-8.52,-0.26,4.0
2026-02-17,IDCC,374.44,366.42,376.83,365.323,210721,77717303.0,3.07,-2.29,-8.59,0.82
2026-02-17,IDE,14.09,13.95,14.13,13.88,59874,838196.0,1.78,-0.71,-0.1,0.0
2026-02-17,IDEC,33.71,33.825,33.835,33.71,2690,90965.0,0.37,0.04,0.015,0.0
2026-02-17,IDEF,34.67,34.847,35.02,34.34,19417,674981.0,1.96,0.31,0.107,0.0
2026-02-17,IDEQ,34.03,34.2,34.26,33.77,99459,3392415.0,1.44,0.5,0.17,0.0
2026-02-17,IDEV,88.71,89.34,89.445,88.28,3169999,281945008.0,1.3,-0.04,-0.04,0.0
2026-02-17,IDGT,96.81,96.93,97.43,95.659,17832,1723158.0,1.82,-0.24,-0.23,0.0
2026-02-17,IDHQ,38.52,38.8,38.88,38.32,72923,2815242.0,1.44,0.08,0.03,0.0
2026-02-17,IDLV,36.33,36.434,36.451,36.225,21113,766874.0,0.62,0.15,0.054,0.0
2026-02-17,IDMO,58.21,58.8,58.87,58.11,360805,21146494.0,1.3,0.77,0.45,0.0
2026-02-17,IDN,4.9,4.83,4.98,4.71,76140,367769.0,5.51,-1.43,-0.07,0.38
2026-02-17,IDNA,29.19,29.51,29.59,29.085,34791,1022801.0,1.74,1.55,0.45,0.0
2026-02-17,IDOG,41.7,41.92,41.93,41.41,40019,1668709.0,1.25,0.46,0.19,0.0
2026-02-17,IDR,37.94,36.79,38.0,35.76,208877,7704145.0,5.77,-5.3,-2.06,1.34
2026-02-17,IDRV,39.54,39.55,39.8,39.18,15158,599539.0,1.56,-0.63,-0.25,0.0
2026-02-17,IDT,48.86,48.76,49.87,48.56,366873,17923817.0,2.69,0.0,0.0,1.47
2026-02-17,IDU,118.31,117.41,118.59,117.17,95234,11206996.0,1.21,-0.31,-0.36,0.0
2026-02-17,IDUB,26.47,26.56,26.6,26.29,22287,589624.0,1.17,0.0,0.0,0.0
2026-02-17,IDV,43.35,43.53,43.585,43.124,1709663,74228077.0,1.06,0.25,0.11,0.0
2026-02-17,IDVO,42.67,42.74,42.85,42.18,500848,21326107.0,1.57,-0.05,-0.02,0.0
2026-02-17,IDVY,25.01,25.057,25.057,25.01,198,4944.0,0.19,-0.17,-0.043,0.0
2026-02-17,IDVZ,35.19,34.99,35.19,34.84,12709,444609.0,1.0,-0.11,-0.04,0.0
2026-02-17,IDX,15.99,16.0,16.012,15.89,27036,431472.0,0.76,0.0,0.0,0.0
2026-02-17,IDXX,628.36,626.17,632.7,623.28,440580,276683520.0,1.5,-0.51,-3.18,0.55
2026-02-17,IDYA,29.94,30.76,31.28,29.468,781000,24018297.0,5.99,1.62,0.49,0.89
2026-02-17,IDYN,31.05,31.19,31.23,30.92,17015,529164.0,0.99,0.06,0.019,0.0
2026-02-17,IE,15.23,15.44,15.53,14.655,1577826,24090981.0,5.54,-2.22,-0.35,1.08
2026-02-17,IEAGU,10.215,10.23,10.23,10.215,151217,1544699.0,0.15,0.05,0.005,0.5
2026-02-17,IEDI,57.6,57.586,57.6,57.586,547,31443.0,0.02,-0.49,-0.283,0.0
2026-02-17,IEF,97.25,97.2,97.31,97.151,8623799,838378032.0,0.16,-0.01,-0.01,0.0
2026-02-17,IEFA,96.56,97.28,97.405,96.19,12939458,1253107264.0,1.25,0.01,0.005,0.0
2026-02-17,IEI,120.13,120.08,120.175,120.04,1252547,150427640.0,0.11,-0.05,-0.06,0.0
2026-02-17,IEMG,74.455,74.69,74.945,73.88,17712785,1319493456.0,1.42,-0.37,-0.28,0.0
2026-02-17,IEO,105.71,103.9,106.856,102.43,47441,4916137.0,4.19,-1.63,-1.72,0.0
2026-02-17,IEP,8.08,7.99,8.12,7.953,674045,5391278.0,2.07,-0.87,-0.07,0.11
2026-02-17,IESC,518.2,500.85,524.0,499.01,212448,107779824.0,4.82,-3.34,-17.31,1.07
2026-02-17,IETC,90.3,91.06,91.46,89.51,64786,5872462.0,2.14,-0.04,-0.04,0.0
2026-02-17,IETH,20.22,20.232,20.27,20.14,1138,23010.0,0.63,-2.29,-0.475,0.0
2026-02-17,IEUR,74.95,75.64,75.69,74.74,1758943,132327530.0,1.26,0.64,0.48,0.0
2026-02-17,IEUS,71.945,72.595,72.77,71.725,8676,625559.0,1.44,0.02,0.016,0.0
2026-02-17,IEV,72.56,73.23,73.23,72.3,328281,23909336.0,1.28,0.7,0.51,0.0
2026-02-17,IEX,210.55,209.21,212.68,206.765,960675,200906054.0,2.81,-0.57,-1.2,1.29
2026-02-17,IEZ,27.93,27.48,28.04,26.98,705834,19297820.0,3.81,-1.29,-0.36,0.0
2026-02-17,IFBD,0.94,0.988,1.03,0.871,2296,2187.0,15.44,-4.08,-0.042,0.03
2026-02-17,IFEB,30.85,30.96,31.055,30.775,52917,1635323.0,0.91,0.14,0.044,0.0
2026-02-17,IFED,43.43,43.789,43.789,43.43,1195,50768.0,0.83,1.13,0.49,0.0
2026-02-17,IFF,84.0,82.74,84.45,82.04,1652288,136723125.0,2.9,-0.31,-0.26,0.65
2026-02-17,IFGL,25.26,25.34,25.39,25.15,30851,781170.0,0.95,0.4,0.101,0.0
2026-02-17,IFLO,30.76,30.83,30.83,30.64,994,30505.0,0.61,-0.6,-0.185,0.0
2026-02-17,IFLR,53.05,53.58,53.7,53.05,13225,706832.0,1.21,-0.39,-0.21,0.0
2026-02-17,IFN,14.02,14.09,14.09,13.96,127901,1796242.0,0.93,0.79,0.11,0.0
2026-02-17,IFRA,60.33,60.05,60.46,59.65,386917,23254893.0,1.34,-0.63,-0.38,0.0
2026-02-17,IFRX,0.88,0.849,0.88,0.84,135442,116030.0,4.65,-1.28,-0.011,0.2
2026-02-17,IFS,47.5,47.49,47.95,46.78,270521,12832212.0,2.46,-0.02,-0.01,0.24
2026-02-17,IFV,27.02,27.345,27.43,27.02,24636,672245.0,1.51,0.64,0.173,0.0
2026-02-17,IG,21.2,21.13,21.2,21.06,44416,937750.0,0.66,0.14,0.03,0.0
2026-02-17,IGA,9.95,9.937,9.99,9.91,55958,556253.0,0.8,-0.33,-0.033,0.0
2026-02-17,IGAC,9.92,9.92,9.92,9.92,35063,347827.0,0.0,-0.2,-0.02,0.15
2026-02-17,IGBH,24.51,24.57,24.59,24.51,73915,1815822.0,0.33,0.16,0.04,0.0
2026-02-17,IGC,0.28,0.256,0.28,0.25,285481,72312.0,11.72,0.0,0.0,0.3
2026-02-17,IGCB,46.87,46.87,46.87,46.87,9,422.0,0.0,0.17,0.08,0.0
2026-02-17,IGD,5.89,5.9,5.9,5.85,406046,2386013.0,0.85,0.51,0.03,0.0
2026-02-17,IGE,59.89,59.3,59.895,58.391,200886,11887716.0,2.49,-1.72,-1.04,0.0
2026-02-17,IGEB,46.06,46.09,46.1,46.025,335030,15435378.0,0.16,0.08,0.035,0.0
2026-02-17,IGF,68.67,68.62,68.76,68.27,811836,55662417.0,0.72,0.4,0.27,0.0
2026-02-17,IGGY,28.465,28.465,28.465,28.465,4,114.0,0.0,-1.38,-0.399,0.0
2026-02-17,IGHG,78.16,78.3,78.35,78.1,6612,517003.0,0.32,0.13,0.1,0.0
2026-02-17,IGI,16.7,16.66,16.826,16.65,3749,62632.0,1.06,0.12,0.02,0.0
2026-02-17,IGIB,54.34,54.38,54.388,54.31,3127322,169940520.0,0.14,0.06,0.03,0.0
2026-02-17,IGIC,25.06,25.53,25.75,25.05,36908,940221.0,2.79,1.63,0.41,0.09
2026-02-17,IGLB,51.42,51.49,51.54,51.374,929495,47832347.0,0.32,0.23,0.12,0.0
2026-02-17,IGLD,27.5,27.09,27.5,26.86,211021,5712969.0,2.29,-3.11,-0.87,0.0
2026-02-17,IGM,122.75,123.6,124.35,121.34,472753,58183258.0,2.43,-0.17,-0.21,0.0
2026-02-17,IGME,26.37,26.112,26.37,26.112,315,8288.0,0.98,-0.42,-0.11,0.0
2026-02-17,IGOV,43.0,42.97,43.1,42.75,341617,14659541.0,0.82,0.07,0.03,0.0
2026-02-17,IGPT,62.17,62.17,62.52,60.99,60114,3719553.0,2.43,-1.08,-0.68,0.0
2026-02-17,IGR,5.03,5.0,5.044,4.94,1451526,7248969.0,2.06,-0.79,-0.04,0.0
2026-02-17,IGRO,88.89,89.1,89.179,88.27,124360,11043288.0,1.02,-0.21,-0.187,0.0
2026-02-17,IGSB,53.12,53.12,53.14,53.1,2843803,151061043.0,0.08,-0.02,-0.01,0.0
2026-02-17,IGTR,30.0,30.08,30.15,29.87,9240,277933.0,0.93,-0.29,-0.087,0.0
2026-02-17,IGV,82.11,80.96,82.49,79.91,21446629,1733707952.0,3.12,-2.19,-1.81,0.0
2026-02-17,IH,2.05,2.0,2.05,1.91,18668,36289.0,7.0,0.0,0.0,0.04
2026-02-17,IHAK,45.16,44.49,45.2,43.98,135668,6031993.0,2.68,-2.09,-0.95,0.0
2026-02-17,IHD,7.11,7.13,7.28,7.071,304813,2180949.0,2.95,0.71,0.05,0.0
2026-02-17,IHDG,50.95,51.24,51.3,50.84,277010,14162446.0,0.9,0.71,0.36,0.0
2026-02-17,IHE,90.62,90.44,91.26,90.28,74644,6761275.0,1.08,0.02,0.02,0.0
2026-02-17,IHF,46.42,46.16,46.57,45.915,193518,8947968.0,1.41,-0.28,-0.13,0.0
2026-02-17,IHG,144.33,148.23,148.9,142.13,333703,48631634.0,4.63,1.44,2.1,0.22
2026-02-17,IHI,58.07,58.58,58.88,58.07,1761040,103207444.0,1.4,1.02,0.59,0.0
2026-02-17,IHRT,3.49,3.42,3.55,3.4,430493,1489218.0,4.3,-2.01,-0.07,0.27
2026-02-17,IHS,8.23,8.1,8.3,8.06,2664605,21729693.0,2.9,-2.29,-0.19,0.79
2026-02-17,IHT,1.22,1.2,1.23,1.2,4296,5224.0,2.46,-1.64,-0.02,0.05
2026-02-17,IHY,22.22,22.16,22.33,22.15,17402,385965.0,0.81,-0.25,-0.055,0.0
2026-02-17,IHYF,22.72,22.705,22.72,22.695,7050,160153.0,0.11,-0.09,-0.02,0.0
2026-02-17,IIF,24.22,24.44,24.67,24.22,29588,721445.0,1.86,0.91,0.22,0.0
2026-02-17,IIGD,24.965,24.965,24.965,24.965,364,9088.0,0.0,-0.04,-0.01,0.0
2026-02-17,III,4.74,4.59,4.75,4.58,321629,1491808.0,3.59,-3.16,-0.15,0.67
2026-02-17,IIIN,37.54,37.31,37.57,36.7,86660,3233645.0,2.32,-0.72,-0.27,0.45
2026-02-17,IIIV,22.18,22.0,22.58,21.71,359023,7910476.0,3.92,-0.9,-0.2,1.18
2026-02-17,IIM,12.78,12.75,12.8,12.75,101783,1300940.0,0.39,-0.55,-0.07,0.0
2026-02-17,IINN,0.59,0.594,0.64,0.571,285288,170970.0,11.71,0.85,0.005,0.66
2026-02-17,IINNW,0.2,0.2,0.2,0.2,201,40.0,0.0,0.0,0.0,0.0
2026-02-17,IIPR,46.19,46.05,46.26,45.2,286562,13129339.0,2.31,0.26,0.12,1.02
2026-02-17,IIPR_A,23.2,23.61,23.61,23.01,19856,458577.0,2.59,1.81,0.42,0.0
2026-02-17,IJAN,37.44,37.526,37.538,37.37,4921,184291.0,0.45,-0.01,-0.004,0.0
2026-02-17,IJH,71.185,71.37,72.27,70.47,23625102,1681445216.0,2.53,0.18,0.13,0.0
2026-02-17,IJJ,142.29,142.09,143.23,140.8,136905,19434379.0,1.71,-0.08,-0.11,0.0
2026-02-17,IJK,104.11,104.78,105.139,103.26,177290,18509121.0,1.8,0.43,0.45,0.0
2026-02-17,IJR,130.92,130.81,131.773,129.39,5024491,656662400.0,1.82,-0.11,-0.14,0.0
2026-02-17,IJS,124.86,124.61,125.78,123.24,118206,14718308.0,2.03,-0.22,-0.28,0.0
2026-02-17,IJT,152.05,152.49,153.21,150.925,126434,19251916.0,1.5,0.0,0.0,0.0
2026-02-17,IJUL,34.54,34.65,34.677,34.52,3118,107987.0,0.45,-0.02,-0.008,0.0
2026-02-17,IJUN,30.1,30.184,30.184,30.0,19290,580813.0,0.61,0.02,0.006,0.0
2026-02-17,IKT,1.67,1.69,1.72,1.65,542504,913010.0,4.19,1.2,0.02,0.45
2026-02-17,ILAG,2.792,2.74,2.792,2.73,3942,10801.0,2.26,0.0,0.0,0.19
2026-02-17,ILCB,93.87,94.26,94.512,93.49,26789,2518319.0,1.09,0.16,0.15,0.0
2026-02-17,ILCG,99.93,100.82,101.297,99.28,98672,9896411.0,2.01,0.4,0.4,0.0
2026-02-17,ILCV,97.17,97.06,97.46,96.455,140635,13656910.0,1.03,-0.06,-0.055,0.0
2026-02-17,ILDR,31.34,31.33,31.42,30.83,156303,4850374.0,1.88,-0.03,-0.01,0.0
2026-02-17,ILF,36.06,36.03,36.16,35.525,4386748,157247129.0,1.75,-0.63,-0.23,0.0
2026-02-17,ILIT,16.72,16.787,16.86,16.428,34957,581671.0,2.59,0.46,0.077,0.0
2026-02-17,ILMN,115.58,116.51,117.155,114.025,3040547,353359024.0,2.68,-0.26,-0.3,1.99
2026-02-17,ILOW,44.73,44.91,45.02,44.54,162986,7308395.0,1.07,0.0,0.0,0.0
2026-02-17,ILPT,5.44,5.52,5.59,5.375,152352,839037.0,3.94,1.1,0.06,0.23
2026-02-17,ILS,20.1,20.08,20.11,20.07,21461,431254.0,0.2,-0.1,-0.021,0.0
2026-02-17,ILTB,50.81,50.8,50.87,50.765,38259,1943998.0,0.21,0.14,0.07,0.0
2026-02-17,IMA,6.83,6.54,6.99,6.54,21753,147708.0,6.51,-5.35,-0.37,0.19
2026-02-17,IMAR,30.34,30.29,30.34,30.29,1906,57816.0,0.16,-0.12,-0.035,0.0
2026-02-17,IMAX,36.05,37.86,38.3,36.05,1093068,41238700.0,6.24,4.93,1.78,2.02
2026-02-17,IMAY,30.61,30.643,30.643,30.61,601,18406.0,0.11,0.01,0.003,0.0
2026-02-17,IMCB,87.44,87.36,87.62,86.65,53331,4661407.0,1.11,-0.19,-0.17,0.0
2026-02-17,IMCC,1.1,1.1,1.11,1.0,54400,57444.0,10.09,0.92,0.01,0.92
2026-02-17,IMCG,82.38,82.57,82.99,81.79,99057,8174354.0,1.45,-0.06,-0.05,0.0
2026-02-17,IMCR,32.29,32.38,32.98,31.89,207205,6692076.0,3.38,0.31,0.1,0.41
2026-02-17,IMCV,89.1,88.661,89.15,88.19,38498,3417604.0,1.08,-0.32,-0.289,0.0
2026-02-17,IMDX,5.58,5.39,5.615,5.2,52976,284371.0,7.45,-3.23,-0.18,0.16
2026-02-17,IMF,47.695,47.739,47.739,47.695,161,7667.0,0.09,0.01,0.003,0.0
2026-02-17,IMFL,33.58,33.9,33.91,33.55,6165888,207730052.0,1.06,0.0,0.0,0.0
2026-02-17,IMG,0.568,0.54,0.568,0.52,87033,46574.0,8.73,-1.82,-0.01,0.56
2026-02-17,IMKTA,88.5,86.32,89.99,85.84,149181,12951150.0,4.65,-3.38,-3.02,0.79
2026-02-17,IMMP,2.65,2.77,2.79,2.625,125860,343902.0,6.25,4.92,0.13,0.09
2026-02-17,IMMR,6.14,5.91,6.17,5.79,640153,3819629.0,6.17,-4.06,-0.25,1.94
2026-02-17,IMMX,7.4,8.12,8.25,7.355,895230,7082709.0,12.21,10.78,0.79,1.69
2026-02-17,IMNM,22.13,22.69,23.1,21.92,708762,16021872.0,5.32,2.39,0.53,0.64
2026-02-17,IMNN,3.25,3.25,3.38,3.2,32843,106595.0,5.54,0.0,0.0,0.97
2026-02-17,IMO,119.71,117.42,120.57,114.545,689491,80417889.0,5.03,-1.95,-2.34,0.14
2026-02-17,IMOM,43.81,43.93,43.965,43.355,8761,382739.0,1.4,0.49,0.213,0.0
2026-02-17,IMOS,34.85,34.47,35.099,33.875,29584,1018148.0,3.46,-2.46,-0.87,0.08
2026-02-17,IMPP,3.62,3.59,3.62,3.47,478199,1706462.0,4.08,-2.45,-0.09,1.05
2026-02-17,IMPPP,25.57,25.4,25.57,25.4,563,14401.0,0.66,-1.13,-0.29,0.0
2026-02-17,IMRA,13.61,13.245,13.61,13.14,3042,40624.0,3.41,-3.81,-0.524,0.0
2026-02-17,IMRN,0.735,0.704,0.745,0.704,20307,14875.0,5.58,-4.22,-0.031,0.25
2026-02-17,IMRX,4.885,5.12,5.18,4.85,578469,2909959.0,6.69,3.85,0.19,0.89
2026-02-17,IMSR,6.96,6.94,7.12,6.742,1200661,8349371.0,5.37,-1.42,-0.1,1.47
2026-02-17,IMSRW,3.23,3.28,3.34,3.07,59659,191453.0,8.18,-0.61,-0.02,0.0
2026-02-17,IMST,11.24,11.277,11.489,11.1,26969,305864.0,3.38,-2.02,-0.233,0.0
2026-02-17,IMTB,44.73,44.6,44.73,44.562,12765,569304.0,0.38,-0.22,-0.1,0.0
2026-02-17,IMTE,0.67,0.709,0.768,0.58,251361,165944.0,26.9,1.43,0.01,7.29
2026-02-17,IMTM,51.36,51.8,51.91,51.17,552016,28482282.0,1.43,0.21,0.11,0.0
2026-02-17,IMTX,9.75,9.93,9.96,9.67,279810,2751370.0,2.95,0.91,0.09,0.21
2026-02-17,IMUX,0.93,0.917,0.96,0.851,6139589,5567898.0,11.94,0.44,0.004,5.1
2026-02-17,IMVT,25.91,26.28,26.63,25.72,1178025,30966877.0,3.53,2.06,0.53,0.58
2026-02-17,IMXI,15.56,15.55,15.57,15.545,256738,3993230.0,0.16,-0.13,-0.02,0.86
2026-02-17,INAB,1.75,1.72,1.79,1.72,42003,73433.0,3.93,-3.37,-0.06,0.43
2026-02-17,INAC,10.1,10.1,10.1,10.1,60,607.0,0.0,0.0,0.0,0.0
2026-02-17,INACR,0.131,0.131,0.131,0.131,42,5.0,0.0,0.0,0.0,0.0
2026-02-17,INBK,21.15,20.86,21.76,20.83,33734,711130.0,4.41,-1.11,-0.235,0.39
2026-02-17,INBKZ,24.3,24.47,24.47,24.3,9239,225499.0,0.7,0.7,0.17,0.0
2026-02-17,INBS,5.0,4.81,5.12,4.61,25672,124710.0,10.16,-4.18,-0.21,1.6
2026-02-17,INBX,75.0,78.77,80.43,74.765,220682,17347953.0,7.47,3.92,2.97,1.52
2026-02-17,INCE,66.497,66.79,66.79,66.32,26640,1775751.0,0.7,0.09,0.06,0.0
2026-02-17,INCM,29.57,29.38,29.57,29.28,408371,12001525.0,0.98,-0.34,-0.1,0.0
2026-02-17,INCO,64.34,64.5,64.63,64.195,41328,2661229.0,0.67,0.03,0.02,0.0
2026-02-17,INCR,0.893,0.875,0.893,0.872,8175,7170.0,2.33,-2.78,-0.025,0.01
2026-02-17,INCY,101.72,101.16,103.9,100.165,1905146,192701254.0,3.69,0.06,0.06,0.96
2026-02-17,IND,25.41,24.51,25.41,24.5,509,12578.0,3.74,0.7,0.17,0.0
2026-02-17,INDA,53.05,53.27,53.29,52.955,5935521,315548224.0,0.63,0.72,0.38,0.0
2026-02-17,INDB,83.98,82.95,84.99,82.8,258031,21471980.0,2.62,-0.87,-0.73,0.52
2026-02-17,INDE,29.34,29.515,29.515,29.34,1803,53009.0,0.6,0.57,0.167,0.0
2026-02-17,INDH,41.745,41.907,41.907,41.64,1190,49699.0,0.64,0.89,0.368,0.0
2026-02-17,INDI,3.68,3.8,3.859,3.615,2887650,10809956.0,6.51,1.33,0.05,1.31
2026-02-17,INDL,54.36,54.67,54.7,54.08,21754,1185393.0,1.15,1.45,0.78,0.0
2026-02-17,INDO,3.97,4.01,4.11,3.79,880055,3496438.0,8.14,2.04,0.08,5.87
2026-02-17,INDP,1.76,1.81,1.89,1.76,25347,46067.0,7.39,2.84,0.05,1.13
2026-02-17,INDS,40.26,40.38,40.5,39.96,22486,906563.0,1.35,0.84,0.335,0.0
2026-02-17,INDV,34.61,34.75,35.29,34.52,3351171,116708571.0,2.23,0.49,0.17,2.68
2026-02-17,INDY,48.11,48.23,48.28,47.98,112589,5421549.0,0.63,0.67,0.32,0.0
2026-02-17,INEO,0.504,0.525,0.531,0.493,4808,2397.0,7.42,2.54,0.013,0.03
2026-02-17,INEQ,40.7,40.95,40.95,40.65,3685,150399.0,0.73,-0.05,-0.02,0.0
2026-02-17,INFL,50.68,50.69,50.74,49.923,369091,18565060.0,1.6,-0.8,-0.41,0.0
2026-02-17,INFO,24.48,24.486,24.57,24.4,26657,652216.0,0.7,0.23,0.056,0.01
2026-02-17,INFQ,14.25,15.59,17.51,13.01,6358527,99216912.0,44.03,52.54,5.37,2.94
2026-02-17,INFQ_WS,7.0,7.5,8.5,6.1,268375,2076551.0,421.05,1215.79,6.93,0.0
2026-02-17,INFU,7.52,7.6,7.65,7.4,71925,543589.0,3.32,0.8,0.06,0.36
2026-02-17,INFY,15.07,14.75,15.24,14.575,23069504,340613184.0,4.52,0.2,0.03,0.57
2026-02-17,ING,28.61,29.03,29.03,28.61,2700234,77997110.0,1.48,2.58,0.73,0.09
2026-02-17,INGM,21.56,21.41,21.65,21.28,274139,5886512.0,1.72,-0.74,-0.16,0.12
2026-02-17,INGN,5.76,5.69,5.82,5.675,140057,802469.0,2.52,-1.22,-0.07,0.51
2026-02-17,INGR,118.27,116.47,118.78,115.3,537860,62653921.0,2.94,-1.56,-1.84,0.85
2026-02-17,INHD,1.12,1.09,1.141,1.08,83589,92887.0,5.35,-4.39,-0.05,0.99
2026-02-17,INKM,34.83,34.789,34.83,34.68,4987,173395.0,0.43,0.06,0.022,0.0
2026-02-17,INKT,11.03,11.18,11.18,10.96,6099,67200.0,1.99,1.27,0.14,0.13
2026-02-17,INLF,0.35,0.388,0.4,0.35,256135,98106.0,12.66,-1.77,-0.007,0.12
2026-02-17,INLX,8.18,8.18,8.18,8.18,215,1741.0,0.0,2.12,0.17,0.0
2026-02-17,INM,0.87,0.85,0.88,0.85,14764,12779.0,3.42,-3.08,-0.027,0.51
2026-02-17,INMB,1.46,1.4,1.465,1.38,282392,404620.0,5.9,-2.78,-0.04,1.06
2026-02-17,INMD,14.3,14.48,14.54,14.231,769823,11117676.0,2.16,1.26,0.18,1.22
2026-02-17,INMU,24.44,24.46,24.47,24.434,97270,2379581.0,0.15,0.02,0.005,0.0
2026-02-17,INN,4.49,4.47,4.565,4.395,543656,2426291.0,3.78,-0.67,-0.03,0.5
2026-02-17,INNV,8.38,8.48,8.749,8.19,258344,2182823.0,6.69,1.44,0.12,0.19
2026-02-17,INN_E,18.81,18.92,18.99,18.725,12727,240134.0,1.41,0.64,0.12,0.0
2026-02-17,INN_F,18.0,18.0,18.0,17.78,23549,422271.0,1.22,0.06,0.01,0.0
2026-02-17,INO,1.58,1.63,1.67,1.56,734288,1193496.0,6.83,1.24,0.02,1.06
2026-02-17,INOD,43.585,43.02,43.585,40.82,1071261,45387999.0,6.23,-3.09,-1.37,3.31
2026-02-17,INOV,36.13,36.203,36.203,35.98,1042,37578.0,0.62,0.04,0.013,0.0
2026-02-17,INQQ,13.54,13.605,13.69,13.54,23538,320285.0,1.08,-1.61,-0.222,0.0
2026-02-17,INR,16.28,16.25,16.7,15.64,114264,1842078.0,6.48,-0.61,-0.1,0.19
2026-02-17,INRO,32.1,32.06,32.13,32.06,979,31393.0,0.22,0.12,0.039,0.0
2026-02-17,INSE,8.23,8.4,8.47,8.19,54913,457667.0,3.39,1.69,0.14,0.2
2026-02-17,INSG,9.86,9.85,10.02,9.645,94490,932932.0,3.79,-0.51,-0.05,0.58
2026-02-17,INSM,147.93,150.52,152.35,147.93,1633900,246331179.0,2.97,1.19,1.77,0.76
2026-02-17,INSP,60.61,60.39,64.3,60.22,1266436,77222886.0,6.83,1.05,0.63,4.43
2026-02-17,INSW,63.29,64.42,64.68,62.795,306551,19655189.0,2.95,0.73,0.47,0.62
2026-02-17,INTA,23.42,24.0,24.39,23.23,2164123,51887908.0,4.99,3.31,0.77,2.69
2026-02-17,INTC,45.93,46.18,46.83,45.455,65802171,3039852496.0,2.94,-1.3,-0.61,1.32
2026-02-17,INTF,40.9,41.22,41.24,40.738,260342,10689548.0,1.22,0.22,0.09,0.0
2026-02-17,INTG,27.86,27.61,27.86,27.0,6618,182401.0,3.1,-0.54,-0.15,0.31
2026-02-17,INTJ,6.6,6.7,7.248,6.3,42333,282572.0,283.83,1905.99,6.366,2.75
2026-02-17,INTL,29.91,30.06,30.19,29.8,42447,1275488.0,1.29,-0.58,-0.175,0.0
2026-02-17,INTR,8.69,8.57,8.79,8.44,1250795,10705369.0,4.01,-1.83,-0.16,0.28
2026-02-17,INTS,0.23,0.223,0.237,0.22,3432969,778381.0,6.8,-10.8,-0.027,5.42
2026-02-17,INTT,10.45,10.24,10.45,9.865,56916,573774.0,5.57,-2.48,-0.26,0.46
2026-02-17,INTU,393.08,379.17,397.0,375.4,5481302,2084726976.0,5.41,-5.07,-20.23,1.98
2026-02-17,INTW,59.36,59.8,61.49,57.871,383234,22857995.0,5.9,-2.53,-1.55,0.0
2026-02-17,INTZ,0.939,0.904,0.946,0.901,79459,72359.0,4.8,-3.62,-0.034,0.4
2026-02-17,INUV,1.9,1.81,1.91,1.76,72782,131816.0,7.89,-4.74,-0.09,0.5
2026-02-17,INV,3.0,3.12,3.16,2.86,862495,2624736.0,9.93,3.31,0.1,1.09
2026-02-17,INVA,23.4,23.85,23.91,23.0,929072,22009822.0,4.01,5.07,1.15,1.25
2026-02-17,INVE,3.1,3.18,3.37,3.1,74151,241031.0,8.74,2.91,0.09,0.31
2026-02-17,INVG,25.96,25.98,25.98,25.96,623,16175.0,0.08,0.08,0.02,0.0
2026-02-17,INVH,27.25,27.14,27.335,26.805,4661272,126052860.0,1.96,0.56,0.15,0.76
2026-02-17,INVN,19.13,19.185,19.185,18.99,1253,23971.0,1.01,-0.7,-0.135,0.0
2026-02-17,INVX,24.71,24.56,24.71,23.88,239827,5864195.0,3.35,-0.81,-0.2,0.35
2026-02-17,INVZ,0.96,0.939,0.96,0.9,1657717,1536932.0,6.29,-1.57,-0.015,0.77
2026-02-17,INVZW,0.01,0.01,0.01,0.005,90764,470.0,50.0,0.0,0.0,0.0
2026-02-17,IOBT,0.393,0.366,0.393,0.342,1439331,531153.0,13.78,-1.08,-0.004,2.0
2026-02-17,IOCT,36.18,36.21,36.29,36.1,2663,96418.0,0.52,-0.12,-0.045,0.0
2026-02-17,ION,58.03,58.74,58.92,57.814,4728,275871.0,1.88,-0.4,-0.235,0.0
2026-02-17,IONL,16.0,15.79,16.74,14.45,332411,5208925.0,13.75,-5.17,-0.86,0.0
2026-02-17,IONQ,33.48,33.18,34.318,31.85,13735228,454316592.0,7.24,-2.73,-0.93,3.79
2026-02-17,IONQ_WS,22.5,22.24,22.5,21.12,2785,61123.0,6.19,-0.31,-0.07,0.0
2026-02-17,IONR,4.24,4.13,4.27,3.93,38873,159700.0,7.87,-4.4,-0.19,0.06
2026-02-17,IONS,80.3,81.36,82.53,80.23,1889525,153901605.0,2.85,0.94,0.76,1.16
2026-02-17,IONX,10.34,10.26,10.955,9.41,4052035,41074358.0,14.25,-5.35,-0.58,0.0
2026-02-17,IONZ,26.65,26.79,28.9,25.23,1015523,27539370.0,14.48,5.68,1.44,0.0
2026-02-17,IOO,125.8,126.82,127.19,125.21,116677,14748363.0,1.57,0.52,0.66,0.0
2026-02-17,IOPP,26.78,26.98,26.98,26.775,904,24281.0,0.76,0.51,0.137,0.0
2026-02-17,IOR,18.0,18.0,18.0,18.0,777,14807.0,0.0,0.0,0.0,0.02
2026-02-17,IOSP,86.84,86.14,87.53,85.02,284671,24495121.0,2.9,-0.51,-0.44,1.15
2026-02-17,IOT,26.83,26.16,26.99,25.38,12747613,329329616.0,5.89,-4.25,-1.16,2.2
2026-02-17,IOTR,2.848,2.59,2.848,2.59,36354,98031.0,9.05,-9.12,-0.26,1.42
2026-02-17,IOVA,2.55,2.62,2.64,2.465,6628383,16945281.0,6.81,1.95,0.05,1.61
2026-02-17,IOYY,12.25,11.955,12.25,11.72,34271,406247.0,4.33,-2.34,-0.287,0.0
2026-02-17,IP,48.9,49.05,49.39,47.81,5012804,244997673.0,3.22,-0.1,-0.05,0.95
2026-02-17,IPAC,81.95,82.42,82.58,81.44,109105,8960325.0,1.37,-1.01,-0.84,0.0
2026-02-17,IPAR,102.77,100.75,102.79,100.24,154875,15647221.0,2.49,-1.46,-1.49,0.48
2026-02-17,IPAV,33.089,33.251,33.32,32.855,4655,154722.0,1.41,0.65,0.216,0.0
2026-02-17,IPAY,44.3,45.03,45.11,44.3,22499,1005918.0,1.83,1.49,0.66,0.0
2026-02-17,IPB,25.86,25.86,25.86,25.86,527,13651.0,0.0,-0.42,-0.109,0.0
2026-02-17,IPCX,10.2,10.2,10.2,10.2,455,4641.0,0.0,0.39,0.04,0.0
2026-02-17,IPCXR,0.36,0.36,0.379,0.35,31147,11214.0,7.69,-4.51,-0.017,0.0
2026-02-17,IPDN,1.6,1.72,1.72,1.54,101073,165151.0,10.98,4.88,0.08,2.07
2026-02-17,IPEX,10.31,10.34,10.34,10.31,195418,2020554.0,0.29,-0.05,-0.005,1.64
2026-02-17,IPEXR,0.455,0.455,0.455,0.455,152,68.0,0.0,0.0,0.0,0.0
2026-02-17,IPEXU,11.2,11.2,11.2,11.2,52,545.0,0.0,0.0,0.0,0.0
2026-02-17,IPGP,150.01,134.86,150.1,124.44,1467486,194703826.0,16.67,-12.38,-19.05,3.48
2026-02-17,IPHA,1.74,1.69,1.77,1.68,54160,93222.0,5.17,-2.87,-0.05,0.06
2026-02-17,IPI,33.11,33.07,33.5,32.035,116683,3857685.0,4.43,-0.09,-0.03,0.89
2026-02-17,IPKW,58.81,59.085,59.171,58.5,69970,4123561.0,1.14,-0.02,-0.011,0.0
2026-02-17,IPM,1.69,1.69,1.7,1.6,16358,27386.0,5.93,0.3,0.005,0.18
2026-02-17,IPO,43.22,43.29,43.53,42.41,22091,953752.0,2.58,-0.39,-0.17,0.0
2026-02-17,IPOD,10.29,10.29,10.29,10.29,133,1366.0,0.0,0.0,0.0,0.0
2026-02-17,IPODW,0.385,0.385,0.385,0.385,1535,591.0,0.0,-6.1,-0.025,0.0
2026-02-17,IPOS,20.28,20.172,20.28,19.985,12238,247680.0,1.45,-0.58,-0.118,0.0
2026-02-17,IPSC,1.75,1.93,1.95,1.74,739978,1390901.0,12.0,10.29,0.18,0.41
2026-02-17,IPST,0.69,0.71,0.84,0.64,104494,77157.0,30.77,9.23,0.06,1.09
2026-02-17,IPW,3.63,3.43,3.63,3.3,79152,271645.0,9.27,-3.65,-0.13,6.12
2026-02-17,IPWR,3.31,3.35,3.47,3.16,35735,119298.0,9.37,1.21,0.04,0.42
2026-02-17,IPX,40.29,41.18,41.49,39.41,174054,7074987.0,5.1,1.06,0.43,0.52
2026-02-17,IQ,1.79,1.77,1.8,1.73,9228544,16239090.0,3.89,-1.67,-0.03,0.96
2026-02-17,IQDF,33.34,33.555,33.585,33.19,55393,1852552.0,1.18,-0.07,-0.025,0.0
2026-02-17,IQDG,43.85,44.13,44.219,43.68,73408,3225748.0,1.22,0.2,0.09,0.0
2026-02-17,IQDY,39.76,40.04,40.064,39.76,6769,269573.0,0.76,-0.05,-0.02,0.0
2026-02-17,IQHI,26.28,26.31,26.31,26.28,361,9488.0,0.11,-0.04,-0.01,0.0
2026-02-17,IQI,10.34,10.31,10.35,10.27,130110,1341310.0,0.77,-0.77,-0.08,0.0
2026-02-17,IQLT,48.46,48.82,48.86,48.235,1841062,89514472.0,1.28,0.18,0.09,0.0
2026-02-17,IQM,92.0,92.757,92.8,92.0,1525,140532.0,0.87,0.69,0.639,0.0
2026-02-17,IQQQ,43.35,43.554,43.76,43.045,59371,2584685.0,1.64,-0.11,-0.048,0.0
2026-02-17,IQRA,31.039,31.039,31.039,31.039,7,217.0,0.0,0.58,0.178,0.0
2026-02-17,IQSI,37.95,38.229,38.259,37.88,5702,216956.0,0.99,-0.17,-0.064,0.0
2026-02-17,IQSM,36.49,36.61,36.61,36.41,1663,60718.0,0.55,0.36,0.13,0.0
2026-02-17,IQST,2.03,1.86,2.03,1.8,80547,154091.0,11.33,-8.37,-0.17,1.81
2026-02-17,IQSU,53.91,53.975,54.1,53.62,2256,121726.0,0.89,-0.18,-0.097,0.0
2026-02-17,IQSZ,29.063,29.063,29.063,29.063,12,348.0,0.0,0.11,0.033,0.0
2026-02-17,IQV,166.21,164.44,167.55,162.82,2212481,364261920.0,2.83,-1.5,-2.5,1.3
2026-02-17,IR,97.11,98.76,99.74,97.11,4708032,465504928.0,2.67,0.24,0.24,1.2
2026-02-17,IRAB_U,9.99,9.95,9.99,9.949,75068,747192.0,0.41,0.0,0.0,0.49
2026-02-17,IRD,3.66,3.89,3.965,3.61,1446838,5508672.0,9.75,6.87,0.25,2.07
2026-02-17,IRDM,23.17,23.53,23.72,22.55,2183843,50947467.0,5.05,1.55,0.36,2.08
2026-02-17,IRE,5.55,5.51,5.85,5.15,16943999,93235057.0,12.01,-5.49,-0.32,0.0
2026-02-17,IREG,15.71,15.55,16.595,14.76,52654,821334.0,11.04,-6.43,-1.069,0.0
2026-02-17,IREN,41.0,40.97,42.23,39.7,23513851,962166112.0,5.99,-2.96,-1.25,7.08
2026-02-17,IRET,20.534,20.534,20.534,20.534,70,1432.0,0.0,1.11,0.225,0.0
2026-02-17,IREX,9.53,9.51,10.11,8.94,2226885,21104769.0,11.52,-6.4,-0.65,0.0
2026-02-17,IREZ,29.26,29.43,31.122,27.85,1014428,30035208.0,11.83,6.4,1.77,0.0
2026-02-17,IRHOR,0.16,0.16,0.16,0.15,51225,8154.0,6.33,1.27,0.002,0.0
2026-02-17,IRHOU,10.02,10.02,10.02,10.02,207,2074.0,0.0,0.1,0.01,0.0
2026-02-17,IRIX,1.39,1.32,1.391,1.3,84383,112968.0,6.59,-4.35,-0.06,0.49
2026-02-17,IRM,110.98,108.79,111.63,108.022,2501222,272292528.0,3.29,-0.95,-1.04,0.85
2026-02-17,IRMD,100.27,100.625,104.17,100.025,48779,4921508.0,4.15,0.82,0.815,0.38
2026-02-17,IROC,51.27,51.4,51.44,51.255,7582,389179.0,0.36,0.33,0.17,0.0
2026-02-17,IRON,55.67,65.57,67.27,55.51,3584374,226476250.0,21.02,17.19,9.62,9.46
2026-02-17,IROQ,27.99,27.85,27.999,27.85,3792,106027.0,0.54,0.47,0.13,0.11
2026-02-17,IRS,15.26,14.86,15.4,14.62,170916,2540807.0,5.13,-2.3,-0.35,0.22
2026-02-17,IRT,16.52,16.41,16.6,16.01,4929621,80492171.0,3.61,0.37,0.06,2.08
2026-02-17,IRTC,143.54,148.32,149.85,142.51,509013,75207739.0,5.09,2.85,4.11,1.58
2026-02-17,IRTR,31.42,31.487,31.51,31.362,42464,1334566.0,0.47,0.06,0.02,0.0
2026-02-17,IRVH,20.48,20.48,20.48,20.48,12,246.0,0.0,0.17,0.035,0.0
2026-02-17,IRWD,4.48,4.78,4.875,4.47,2085395,9907846.0,9.0,6.22,0.28,1.28
2026-02-17,ISBA,51.8,51.72,52.045,49.65,24549,1255758.0,4.67,0.83,0.425,0.34
2026-02-17,ISBG,19.188,19.11,19.265,18.598,8432,160255.0,3.27,-6.2,-1.263,0.0
2026-02-17,ISCB,69.05,69.15,69.25,68.375,3100,213943.0,1.27,0.07,0.047,0.0
2026-02-17,ISCF,44.77,45.11,45.16,44.575,54653,2459411.0,1.3,0.16,0.07,0.0
2026-02-17,ISCG,58.39,58.499,58.705,57.81,25359,1481466.0,1.53,0.15,0.089,0.0
2026-02-17,ISCV,73.63,73.64,73.945,73.01,9087,668555.0,1.27,-0.03,-0.02,0.0
2026-02-17,ISD,14.68,14.68,14.69,14.61,119805,1756090.0,0.55,0.07,0.01,0.0
2026-02-17,ISEP,33.63,33.809,33.86,33.61,7205,242980.0,0.74,0.06,0.021,0.0
2026-02-17,ISHG,76.95,76.79,76.97,76.495,114145,8759833.0,0.62,-0.21,-0.16,0.0
2026-02-17,ISHP,35.512,35.512,35.512,35.512,52,1833.0,0.0,0.73,0.257,0.0
2026-02-17,ISMD,42.48,42.53,42.64,41.975,30895,1309584.0,1.56,0.05,0.02,0.0
2026-02-17,ISMF,27.27,27.275,27.31,27.15,14843,404153.0,0.59,0.05,0.014,0.0
2026-02-17,ISOU,9.93,9.95,10.24,9.5,85393,842916.0,7.32,-1.58,-0.16,0.14
2026-02-17,ISPC,0.313,0.325,0.326,0.3,440074,136114.0,8.58,7.26,0.022,4.5
2026-02-17,ISPR,3.22,3.01,3.45,3.01,162965,516983.0,13.62,-6.81,-0.22,0.28
2026-02-17,ISPY,45.18,45.34,45.54,44.95,138057,6255153.0,1.3,-0.4,-0.18,0.0
2026-02-17,ISRA,63.91,63.97,64.085,63.4,7140,454068.0,1.07,0.11,0.07,0.0
2026-02-17,ISRG,481.215,493.35,495.19,481.215,1583207,779130272.0,2.88,1.55,7.51,0.45
2026-02-17,ISSB,18.64,19.141,19.141,18.581,1889,35862.0,2.89,-1.36,-0.264,0.0
2026-02-17,ISSC,20.08,21.41,21.5,19.585,456004,9509867.0,9.66,7.97,1.58,2.56
2026-02-17,ISTB,48.94,48.93,48.95,48.913,357913,17511701.0,0.08,-0.02,-0.01,0.0
2026-02-17,ISTR,29.98,30.1,30.43,29.85,183868,5552409.0,1.94,0.77,0.23,1.34
2026-02-17,ISUL,27.745,27.965,28.07,27.57,12624,351667.0,1.84,3.17,0.858,0.0
2026-02-17,ISVL,52.35,52.32,52.35,51.685,30336,1580387.0,1.27,-0.32,-0.17,0.0
2026-02-17,ISWN,22.84,22.975,23.05,22.84,2603,59790.0,0.91,-0.02,-0.005,0.0
2026-02-17,IT,156.0,156.3,159.53,151.0,1776412,276479520.0,5.38,-1.44,-2.28,2.52
2026-02-17,ITA,234.67,238.17,239.9,234.0,746064,177287789.0,2.51,1.41,3.3,0.0
2026-02-17,ITAN,37.51,37.435,37.62,37.195,16491,617800.0,1.13,-0.49,-0.185,0.0
2026-02-17,ITB,113.49,112.4,114.29,110.39,2443988,273762144.0,3.43,-1.03,-1.17,0.0
2026-02-17,ITDB,33.75,33.8,33.828,33.663,6431,217117.0,0.49,0.04,0.013,0.0
2026-02-17,ITDC,34.92,35.09,35.13,34.88,14242,498763.0,0.71,0.06,0.02,0.0
2026-02-17,ITDD,36.49,36.492,36.57,36.23,37690,1372880.0,0.93,0.07,0.024,0.0
2026-02-17,ITDE,37.55,37.61,37.66,37.3,5971,224263.0,0.96,0.05,0.02,0.0
2026-02-17,ITDF,38.6,38.68,38.734,38.34,9110,351576.0,1.02,0.16,0.06,0.0
2026-02-17,ITDG,39.07,39.15,39.22,38.76,20509,800627.0,1.17,0.0,0.0,0.0
2026-02-17,ITDH,39.03,39.107,39.19,38.785,6031,235527.0,1.04,0.04,0.015,0.0
2026-02-17,ITDI,39.03,39.083,39.19,38.838,4727,184657.0,0.9,0.04,0.014,0.0
2026-02-17,ITDJ,30.18,30.398,30.46,30.1,28687,869306.0,1.19,0.07,0.022,0.0
2026-02-17,ITEQ,57.34,56.937,57.34,56.675,7244,412437.0,1.16,-0.28,-0.162,0.0
2026-02-17,ITGR,86.56,87.66,88.075,85.64,1326012,116054576.0,2.83,2.03,1.74,3.86
2026-02-17,ITHA,9.91,9.91,9.91,9.91,19,188.0,0.0,0.0,0.0,0.0
2026-02-17,ITHAU,10.0,9.99,10.0,9.99,471,4707.0,0.1,-0.1,-0.01,0.0
2026-02-17,ITHAW,0.22,0.22,0.22,0.22,1000,220.0,0.0,10.0,0.02,0.0
2026-02-17,ITIC,261.47,264.96,267.03,261.47,9360,2480370.0,2.11,0.37,0.97,0.5
2026-02-17,ITM,47.73,47.78,47.785,47.73,176625,8436397.0,0.12,0.08,0.04,0.0
2026-02-17,ITOC,0.4,0.385,0.433,0.373,41435,16364.0,14.53,-6.78,-0.028,0.2
2026-02-17,ITOT,148.91,149.44,149.91,147.86,10082668,1502039760.0,1.37,0.14,0.21,0.0
2026-02-17,ITP,0.205,0.209,0.216,0.202,113196,23703.0,6.76,0.97,0.002,0.67
2026-02-17,ITRG,3.45,3.44,3.47,3.215,2997782,10045147.0,7.14,-3.64,-0.13,1.49
2026-02-17,ITRI,98.89,96.43,104.51,95.3,2764160,272424704.0,10.31,7.91,7.07,6.15
2026-02-17,ITRM,0.28,0.256,0.282,0.25,484833,129348.0,11.64,-6.91,-0.019,0.92
2026-02-17,ITRN,47.05,47.7,47.79,46.277,52655,2487955.0,3.19,0.55,0.26,0.26
2026-02-17,ITT,202.0,204.69,206.01,199.94,890371,181927406.0,2.99,0.78,1.58,1.04
2026-02-17,ITUB,9.22,9.17,9.22,9.03,23494306,213936059.0,2.07,0.11,0.01,0.21
2026-02-17,ITW,299.44,297.42,301.5,295.73,1095754,326037696.0,1.93,-0.73,-2.18,0.38
2026-02-17,ITWO,41.84,41.95,42.09,41.41,30722,1285155.0,1.63,0.29,0.12,0.0
2026-02-17,IUS,59.95,59.899,60.06,59.455,56428,3380789.0,1.01,-0.23,-0.139,0.0
2026-02-17,IUSB,47.03,47.03,47.05,47.0,2635252,123932193.0,0.11,0.0,0.0,0.0
2026-02-17,IUSG,162.35,163.62,164.42,161.255,654598,106730400.0,1.94,0.39,0.63,0.0
2026-02-17,IUSV,106.78,106.77,107.285,106.07,1309498,139638664.0,1.14,0.0,-0.004,0.0
2026-02-17,IVA,6.13,6.08,6.14,5.95,309681,1872711.0,3.08,-1.46,-0.09,0.16
2026-02-17,IVAL,36.2,35.978,36.2,35.61,16695,600060.0,1.63,-0.49,-0.177,0.0
2026-02-17,IVDA,0.313,0.339,0.34,0.249,7238259,2107238.0,27.0,0.59,0.002,64.98
2026-02-17,IVDAW,0.091,0.091,0.138,0.091,769,84.0,39.5,-23.53,-0.028,0.0
2026-02-17,IVE,220.53,220.19,221.305,218.8,1369796,301386944.0,1.14,-0.05,-0.1,0.0
2026-02-17,IVES,30.06,30.19,30.4,29.63,869278,26133972.0,2.53,-0.72,-0.22,0.0
2026-02-17,IVF,1.03,1.02,1.05,0.92,291658,289435.0,12.26,-3.77,-0.04,4.19
2026-02-17,IVLU,42.04,42.4,42.45,41.92,1946276,82203165.0,1.25,-0.09,-0.04,0.0
2026-02-17,IVOG,128.99,129.96,130.472,128.26,21270,2757286.0,1.71,0.36,0.464,0.0
2026-02-17,IVOL,19.09,19.08,19.1,19.04,135944,2592972.0,0.31,0.0,0.0,0.0
2026-02-17,IVOO,120.58,120.83,121.1,119.39,134430,16205665.0,1.42,0.17,0.21,0.0
2026-02-17,IVOV,109.21,108.97,109.285,108.11,132528,14459262.0,1.08,-0.15,-0.16,0.0
2026-02-17,IVR,8.72,8.69,8.75,8.58,2053547,17810811.0,1.95,-0.23,-0.02,2.86
2026-02-17,IVRA,18.099,18.105,18.105,18.099,361,6510.0,0.03,0.14,0.025,0.0
2026-02-17,IVRS,29.941,29.941,29.941,29.941,68,2041.0,0.0,-0.38,-0.115,0.0
2026-02-17,IVR_C,24.9,25.01,25.01,24.82,9725,242262.0,0.76,0.56,0.14,0.0
2026-02-17,IVSI,27.8,28.057,28.057,27.8,662,18415.0,0.92,0.02,0.005,0.0
2026-02-17,IVSS,27.33,27.392,27.5,27.11,2189,59791.0,1.43,0.16,0.044,0.0
2026-02-17,IVT,30.93,31.08,31.13,30.725,493457,15304668.0,1.32,1.24,0.38,0.64
2026-02-17,IVV,683.17,685.84,688.0,678.8,7334689,5022403840.0,1.34,0.16,1.08,0.0
2026-02-17,IVVB,33.16,33.15,33.265,32.98,15151,501598.0,0.86,0.06,0.02,0.0
2026-02-17,IVVD,1.55,1.55,1.6,1.5,824335,1276071.0,6.41,-0.64,-0.01,0.29
2026-02-17,IVVM,34.8,34.865,34.92,34.65,27566,959339.0,0.78,0.22,0.078,0.0
2026-02-17,IVVW,44.92,45.15,45.29,44.83,64098,2890011.0,1.02,-0.02,-0.01,0.0
2026-02-17,IVW,118.35,119.4,119.98,117.5,5228471,621589728.0,2.08,0.33,0.39,0.0
2026-02-17,IVZ,26.6,26.4,26.97,26.23,5475978,145058091.0,2.79,-0.45,-0.12,1.23
2026-02-17,IWB,372.86,374.31,375.43,370.41,1624155,606527440.0,1.34,0.15,0.57,0.0
2026-02-17,IWC,165.32,166.26,167.469,163.363,222262,36824700.0,2.47,0.14,0.23,0.0
2026-02-17,IWD,223.49,223.2,224.33,221.72,4747185,1059324800.0,1.17,-0.23,-0.51,0.0
2026-02-17,IWF,445.82,449.35,451.47,442.82,3305684,1481319504.0,1.93,0.49,2.18,0.0
2026-02-17,IWFG,49.255,49.255,49.255,49.255,38,1857.0,0.0,0.61,0.301,0.0
2026-02-17,IWFL,51.047,51.047,51.047,51.047,18,900.0,0.0,1.0,0.507,0.0
2026-02-17,IWL,167.83,168.75,169.206,167.05,84964,14318855.0,1.28,0.21,0.35,0.0
2026-02-17,IWLG,50.0,50.651,50.88,50.0,31161,1577814.0,1.75,0.54,0.271,0.0
2026-02-17,IWM,262.375,263.04,264.36,259.06,33734782,8846971904.0,2.02,0.03,0.08,0.0
2026-02-17,IWMI,50.55,50.66,50.84,50.005,645454,32605526.0,1.65,0.12,0.06,0.0
2026-02-17,IWML,26.349,26.349,26.349,26.349,81,2122.0,0.0,-3.23,-0.879,0.0
2026-02-17,IWMW,39.15,39.21,39.379,38.83,14968,586294.0,1.4,0.13,0.052,0.0
2026-02-17,IWMY,19.95,19.98,20.05,19.7,104233,2074192.0,1.75,0.1,0.02,0.0
2026-02-17,IWN,199.86,199.66,201.11,197.07,772263,153927671.0,2.02,-0.16,-0.31,0.0
2026-02-17,IWO,333.45,335.27,337.36,329.56,366684,122542844.0,2.33,0.15,0.51,0.0
2026-02-17,IWP,134.39,134.87,135.328,133.246,793057,106786804.0,1.55,0.37,0.5,0.0
2026-02-17,IWR,101.67,101.66,102.15,100.655,2135947,216847717.0,1.47,-0.06,-0.06,0.0
2026-02-17,IWS,151.98,151.99,152.97,150.65,309917,47054739.0,1.52,-0.18,-0.28,0.0
2026-02-17,IWV,387.13,388.78,390.0,384.7,634556,246290649.0,1.36,0.12,0.48,0.0
2026-02-17,IWX,96.89,96.77,97.238,96.217,1654412,160214350.0,1.05,-0.19,-0.18,0.0
2026-02-17,IWY,260.01,262.14,263.35,258.355,648065,169160832.0,1.91,0.48,1.26,0.0
2026-02-17,IX,34.68,35.15,35.25,34.64,354195,12405805.0,1.68,-3.27,-1.19,0.03
2026-02-17,IXC,50.05,49.47,50.135,48.89,7664868,378211536.0,2.49,-1.1,-0.55,0.0
2026-02-17,IXG,119.81,120.7,121.08,119.81,11287,1362731.0,1.06,0.77,0.92,0.0
2026-02-17,IXHL,0.26,0.262,0.273,0.259,2561720,681765.0,5.2,-2.6,-0.007,0.71
2026-02-17,IXJ,101.06,101.18,101.74,100.8,4155725,419581792.0,0.93,0.23,0.23,0.0
2026-02-17,IXN,104.79,105.94,106.595,103.93,646595,68023978.0,2.52,0.23,0.24,0.0
2026-02-17,IXP,119.86,120.05,120.485,118.89,137312,16450034.0,1.33,-0.22,-0.26,0.0
2026-02-17,IXUS,91.86,92.41,92.59,91.39,2383241,219571070.0,1.3,-0.14,-0.13,0.0
2026-02-17,IYC,101.56,101.41,101.725,100.38,126887,12812971.0,1.33,-0.06,-0.06,0.0
2026-02-17,IYE,57.61,56.79,57.875,56.19,877208,49738478.0,2.94,-1.08,-0.62,0.0
2026-02-17,IYF,124.41,124.84,125.26,124.16,268362,33462104.0,0.89,0.82,1.01,0.0
2026-02-17,IYG,87.59,88.04,88.49,87.59,71758,6316170.0,1.03,0.79,0.69,0.0
2026-02-17,IYH,65.81,65.71,66.29,65.59,456912,30083137.0,1.06,-0.06,-0.04,0.0
2026-02-17,IYJ,159.17,160.23,160.86,158.79,598594,95893336.0,1.3,0.43,0.68,0.0
2026-02-17,IYK,75.91,75.07,76.3,74.7,291156,21895211.0,2.11,-0.98,-0.74,0.0
2026-02-17,IYLD,22.38,22.41,22.42,22.31,26310,587975.0,0.49,0.0,0.0,0.0
2026-02-17,IYM,181.28,181.21,181.69,178.39,102174,18425865.0,1.8,-1.02,-1.87,0.0
2026-02-17,IYR,100.63,101.21,101.27,100.005,7926049,798877696.0,1.26,0.99,0.99,0.0
2026-02-17,IYRI,50.71,50.8,50.89,50.49,162839,8262802.0,0.79,0.41,0.207,0.0
2026-02-17,IYT,80.26,80.8,81.09,80.095,323415,26082613.0,1.25,1.11,0.89,0.0
2026-02-17,IYW,189.24,190.48,191.725,187.2,820342,155852458.0,2.37,-0.03,-0.06,0.0
2026-02-17,IYY,165.53,166.15,166.6,164.63,21310,3532440.0,1.19,0.1,0.16,0.0
2026-02-17,IYZ,38.2,38.53,38.78,38.2,1633908,62942385.0,1.51,0.36,0.14,0.0
2026-02-17,IZEA,3.59,3.47,3.6,3.44,40111,140127.0,4.46,-3.34,-0.12,0.23
2026-02-17,IZM,1.065,1.039,1.065,1.0,26480,27113.0,6.34,1.37,0.014,0.22
2026-02-17,IZRL,28.22,28.29,28.35,27.84,13894,391082.0,1.8,-0.18,-0.051,0.0
2026-02-17,J,133.01,136.46,136.79,132.705,1515805,205511186.0,3.08,2.76,3.67,1.29
2026-02-17,JAAA,50.75,50.72,50.75,50.72,4874768,247275898.0,0.06,-0.02,-0.01,0.0
2026-02-17,JABS,50.51,50.345,50.51,50.345,728,36758.0,0.33,-0.21,-0.105,0.0
2026-02-17,JACK,20.75,21.34,21.39,20.405,442211,9282725.0,4.75,2.94,0.61,2.32
2026-02-17,JACS,10.51,10.51,10.51,10.51,613,6443.0,0.0,0.1,0.01,0.0
2026-02-17,JADE,70.39,70.364,70.57,69.825,3244,228471.0,1.06,-0.26,-0.182,0.0
2026-02-17,JAGU,3.34,3.3,3.47,3.05,324997,1027862.0,12.65,-0.6,-0.02,1.61
2026-02-17,JAGX,0.6,0.617,0.63,0.6,125319,76431.0,4.75,-2.37,-0.015,1.12
2026-02-17,JAJL,29.14,29.2,29.21,29.14,43730,1276263.0,0.24,0.12,0.035,0.0
2026-02-17,JAKK,17.51,17.52,17.85,17.15,98740,1727009.0,4.02,0.69,0.12,0.87
2026-02-17,JANB,25.63,25.74,25.78,25.63,6895,177327.0,0.58,0.12,0.03,0.0
2026-02-17,JANH,24.64,24.665,24.688,24.64,5867,144760.0,0.19,0.14,0.034,0.0
2026-02-17,JANI,25.52,25.66,25.67,25.483,9328,239123.0,0.73,0.09,0.023,0.0
2026-02-17,JANJ,24.64,24.68,24.71,24.6,6827,168651.0,0.45,0.11,0.028,0.0
2026-02-17,JANM,33.045,33.07,33.12,33.045,29786,985470.0,0.23,0.07,0.024,0.0
2026-02-17,JANP,32.71,32.774,32.81,32.65,8419,275767.0,0.49,0.12,0.04,0.0
2026-02-17,JANT,41.15,41.32,41.42,41.12,2417,99860.0,0.73,0.15,0.06,0.0
2026-02-17,JANU,28.085,28.116,28.116,28.0,7420,208181.0,0.41,0.16,0.046,0.0
2026-02-17,JANW,37.08,37.09,37.15,36.91,22089,818589.0,0.65,0.03,0.01,0.0
2026-02-17,JANX,13.13,13.21,13.4,12.905,964024,12686541.0,3.77,0.53,0.07,1.6
2026-02-17,JANZ,37.91,38.039,38.1,37.91,3077,116905.0,0.5,0.19,0.073,0.0
2026-02-17,JAPN,24.705,24.685,24.72,24.54,5298,130248.0,0.74,1.48,0.359,0.0
2026-02-17,JAVA,76.14,75.92,76.397,75.52,332148,25219524.0,1.15,-0.33,-0.25,0.0
2026-02-17,JAZZ,165.78,167.98,168.42,165.36,552256,92468546.0,1.84,1.0,1.67,0.9
2026-02-17,JBBB,47.75,47.74,47.8,47.71,163160,7788512.0,0.19,-0.08,-0.04,0.0
2026-02-17,JBDI,0.754,0.761,0.829,0.715,53579,39824.0,14.73,-1.68,-0.013,0.28
2026-02-17,JBGS,15.79,15.98,16.36,15.74,707188,11383335.0,3.89,0.25,0.04,0.94
2026-02-17,JBHT,222.07,223.51,224.285,220.22,787351,175401379.0,1.83,0.79,1.75,0.83
2026-02-17,JBI,7.11,7.05,7.174,6.91,1109103,7808153.0,3.72,-0.7,-0.05,0.8
2026-02-17,JBIO,14.92,13.905,16.44,13.7,142707,2008722.0,18.23,-7.49,-1.125,0.29
2026-02-17,JBK,25.28,25.5,25.609,25.27,7008,177236.0,1.34,0.47,0.12,0.0
2026-02-17,JBL,253.43,257.4,259.54,250.725,643996,164975416.0,3.46,1.11,2.82,0.61
2026-02-17,JBLU,5.91,6.07,6.185,5.91,13530411,82496162.0,4.65,2.71,0.16,3.66
2026-02-17,JBND,54.69,54.64,54.71,54.64,576524,31521644.0,0.13,-0.07,-0.04,0.0
2026-02-17,JBS,16.01,16.13,16.185,15.725,3814781,61040288.0,2.88,0.81,0.13,0.34
2026-02-17,JBSS,80.21,79.78,80.66,77.88,64785,5145724.0,3.47,-0.42,-0.34,0.55
2026-02-17,JBTM,164.13,163.26,164.55,160.14,547468,89367820.0,2.69,-0.29,-0.48,1.05
2026-02-17,JCAP,21.3,21.33,21.49,21.005,151803,3237284.0,2.28,0.42,0.09,0.22
2026-02-17,JCE,15.71,15.74,15.85,15.585,42271,663603.0,1.69,0.19,0.03,0.0
2026-02-17,JCHI,55.82,55.922,55.925,55.82,1497,83564.0,0.19,0.45,0.249,0.0
2026-02-17,JCI,139.11,142.21,142.765,138.8,5043351,714572576.0,2.85,2.13,2.97,0.82
2026-02-17,JCPB,48.0,47.905,48.0,47.87,1613113,77278635.0,0.27,0.02,0.01,0.0
2026-02-17,JCPI,48.75,48.68,48.75,48.65,27999,1362954.0,0.21,-0.16,-0.08,0.0
2026-02-17,JCSE,0.855,0.82,0.87,0.8,43639,37337.0,8.06,-5.53,-0.048,0.82
2026-02-17,JCTC,1.9,1.84,1.915,1.82,8181,15409.0,4.97,-3.66,-0.07,0.23
2026-02-17,JD,27.14,27.33,27.48,26.95,6222765,169628003.0,1.95,0.7,0.19,0.45
2026-02-17,JDIV,55.895,56.015,56.04,55.895,2899,162333.0,0.26,-0.19,-0.104,0.0
2026-02-17,JDOC,59.3,59.219,59.3,59.219,187,11085.0,0.14,0.4,0.234,0.0
2026-02-17,JDST,1.67,1.67,1.77,1.64,33450871,57122862.0,8.39,7.74,0.12,0.0
2026-02-17,JDVI,38.435,38.86,38.86,38.32,15875,611938.0,1.38,-0.57,-0.223,0.0
2026-02-17,JDVL,28.59,28.79,28.79,28.59,298,8551.0,0.69,-0.45,-0.13,0.0
2026-02-17,JDZG,1.92,0.72,2.33,0.72,14951789,20427001.0,42.26,-81.1,-3.09,63.98
2026-02-17,JEDI,25.5,25.76,26.01,25.31,35070,901719.0,2.74,0.74,0.19,0.0
2026-02-17,JEF,53.5,51.98,53.93,51.56,7454103,388756144.0,4.41,-3.24,-1.74,3.61
2026-02-17,JELD,2.29,2.1,2.291,2.0,2173616,4502269.0,12.99,-6.25,-0.14,2.54
2026-02-17,JEM,0.13,0.116,0.13,0.114,819706,96951.0,13.33,-3.33,-0.004,3.11
2026-02-17,JEMA,55.14,55.35,55.59,54.715,68680,3798657.0,1.57,-0.45,-0.25,0.0
2026-02-17,JEMB,54.8,54.77,54.9,54.3,1256,68692.0,1.1,0.11,0.06,0.0
2026-02-17,JENA,10.27,10.28,10.28,10.27,304,3124.0,0.1,0.0,0.0,0.0
2026-02-17,JEPI,59.24,59.2,59.47,58.865,5306628,313950688.0,1.02,-0.19,-0.11,0.0
2026-02-17,JEPQ,57.245,57.47,57.7,56.77,5777703,330767840.0,1.62,-0.07,-0.04,0.0
2026-02-17,JETD,3.54,3.28,3.62,3.28,87191,297431.0,9.58,-7.61,-0.27,0.0
2026-02-17,JETS,29.56,30.17,30.38,29.48,3169097,95433801.0,3.07,2.76,0.81,0.0
2026-02-17,JETU,38.8,39.736,39.736,38.8,672,26410.0,2.49,5.55,2.088,0.0
2026-02-17,JF,0.96,0.951,0.965,0.95,10988,10537.0,1.5,-4.9,-0.049,0.07
2026-02-17,JFB,35.01,17.0,35.1,13.16,963455,17454942.0,73.45,-43.09,-12.87,15.75
2026-02-17,JFBR,5.5,4.61,5.805,4.47,183760,896672.0,344.96,1091.21,4.223,28.71
2026-02-17,JFBRW,0.012,0.008,0.012,0.007,86851,769.0,38.46,-38.46,-0.005,0.0
2026-02-17,JFIN,6.2,6.15,6.23,5.9,73219,443766.0,5.3,-1.28,-0.08,0.14
2026-02-17,JFLI,52.13,52.033,52.16,51.73,9499,493027.0,0.82,-0.18,-0.096,0.0
2026-02-17,JFLX,50.71,50.791,50.81,50.71,56945,2891311.0,0.2,0.09,0.046,0.0
2026-02-17,JFR,7.75,7.68,7.76,7.68,1089966,8397264.0,1.03,-0.78,-0.06,0.0
2026-02-17,JFU,4.25,4.35,4.35,4.21,2905,12379.0,3.1,-3.76,-0.17,0.02
2026-02-17,JG,7.8,8.2,8.3,7.8,1617,13096.0,6.02,-1.2,-0.1,0.03
2026-02-17,JGH,12.89,12.85,12.89,12.78,186099,2385534.0,0.86,0.0,0.0,0.0
2026-02-17,JGLO,68.74,69.08,69.15,68.395,107724,7417366.0,1.09,0.07,0.05,0.0
2026-02-17,JGRO,87.46,88.24,88.6,87.02,830235,73107385.0,1.8,0.4,0.35,0.0
2026-02-17,JGRW,25.74,25.67,25.74,25.66,1400,35958.0,0.31,0.27,0.07,0.0
2026-02-17,JHAC,14.35,14.48,14.51,14.35,5386,78061.0,1.1,-0.01,-0.002,0.0
2026-02-17,JHAI,27.14,27.126,27.25,26.708,7109,194164.0,2.0,-0.04,-0.012,0.0
2026-02-17,JHCB,21.72,21.76,22.0,21.72,216668,4730449.0,1.29,0.18,0.04,0.0
2026-02-17,JHCP,25.72,25.72,25.72,25.68,3722,95630.0,0.16,0.1,0.025,0.0
2026-02-17,JHCR,25.71,25.71,25.71,25.71,50,1286.0,0.0,0.02,0.005,0.0
2026-02-17,JHDV,42.025,42.025,42.025,42.025,4,168.0,0.0,0.09,0.038,0.0
2026-02-17,JHEM,36.22,36.29,36.33,35.86,34694,1253837.0,1.29,-0.19,-0.07,0.0
2026-02-17,JHG,49.0,49.5,49.68,48.91,3457277,170575047.0,1.57,0.92,0.45,2.24
2026-02-17,JHHY,25.91,25.908,25.93,25.89,9938,257481.0,0.15,-0.05,-0.012,0.0
2026-02-17,JHI,14.0,13.91,14.0,13.891,6714,93457.0,0.78,-0.69,-0.097,0.0
2026-02-17,JHID,41.78,42.053,42.129,41.78,1802,75789.0,0.83,-0.04,-0.018,0.0
2026-02-17,JHLN,24.66,24.662,24.662,24.66,2354,58068.0,0.01,-0.23,-0.058,0.0
2026-02-17,JHMB,22.54,22.475,22.54,22.454,43980,988963.0,0.38,-0.04,-0.01,0.0
2026-02-17,JHMD,44.83,45.22,45.24,44.69,114943,5174486.0,1.21,-0.11,-0.05,0.0
2026-02-17,JHML,81.64,81.77,81.978,81.055,18523,1511784.0,1.13,0.09,0.071,0.0
2026-02-17,JHMM,70.47,70.5,70.807,69.79,189868,13369724.0,1.44,-0.04,-0.03,0.0
2026-02-17,JHMU,26.595,26.615,26.62,26.56,11677,310463.0,0.23,0.02,0.006,0.0
2026-02-17,JHPI,23.33,23.275,23.33,23.23,34043,792115.0,0.43,0.15,0.035,0.0
2026-02-17,JHS,11.75,11.672,11.75,11.62,4022,46955.0,1.11,-0.41,-0.048,0.0
2026-02-17,JHSC,45.99,45.819,46.2,45.43,40836,1872759.0,1.67,-0.42,-0.191,0.0
2026-02-17,JHX,25.43,25.28,25.56,24.85,5953408,150358186.0,2.74,-2.32,-0.6,1.03
2026-02-17,JIDE,50.83,51.261,51.261,50.83,150,7633.0,0.84,0.21,0.105,0.0
2026-02-17,JIG,78.95,79.45,79.62,78.42,24543,1945047.0,1.5,-0.46,-0.37,0.0
2026-02-17,JIII,50.65,50.688,50.71,50.65,11944,605494.0,0.12,-0.05,-0.027,0.0
2026-02-17,JILL,16.51,17.07,17.09,16.47,34748,584829.0,3.79,4.34,0.71,0.23
2026-02-17,JIRE,80.68,81.4,81.48,80.39,490598,39757503.0,1.34,0.12,0.1,0.0
2026-02-17,JIVE,89.56,90.072,90.21,89.125,279960,25135045.0,1.21,0.04,0.032,0.35
2026-02-17,JJSF,86.3,85.2,87.36,84.15,182315,15516705.0,3.72,-1.27,-1.1,0.96
2026-02-17,JKHY,160.84,158.59,161.685,158.05,1467040,233273908.0,2.32,1.21,1.9,2.03
2026-02-17,JKS,26.6,26.47,26.94,25.76,310012,8186063.0,4.44,-0.34,-0.09,0.6
2026-02-17,JL,4.07,4.19,4.23,4.07,33673,141014.0,3.88,1.7,0.07,0.9
2026-02-17,JLHL,5.37,5.08,5.6,5.039,9163,48608.0,10.33,-6.45,-0.35,0.04
2026-02-17,JLL,288.84,286.83,291.0,283.02,889272,254373839.0,2.76,-0.8,-2.32,1.9
2026-02-17,JLQD,42.34,42.322,42.39,42.322,1081,45787.0,0.16,0.06,0.027,0.0
2026-02-17,JLS,18.72,18.52,18.72,18.51,15532,288917.0,1.12,-1.02,-0.19,0.0
2026-02-17,JMBS,46.27,46.23,46.28,46.2,572930,26489490.0,0.17,-0.11,-0.05,0.0
2026-02-17,JMEE,70.05,70.23,70.42,69.394,227778,15984253.0,1.46,0.07,0.05,0.0
2026-02-17,JMHI,51.04,50.89,51.04,50.771,13713,697702.0,0.53,0.22,0.11,0.0
2026-02-17,JMIA,9.2,9.21,9.37,9.01,1592176,14684838.0,3.86,-1.18,-0.11,1.29
2026-02-17,JMID,29.28,29.41,29.41,29.28,112,3280.0,0.44,-0.31,-0.091,0.0
2026-02-17,JMM,6.18,6.21,6.21,6.125,7047,43640.0,1.37,0.0,0.0,0.0
2026-02-17,JMMF,100.17,100.16,100.17,100.13,2793,279673.0,0.04,0.02,0.025,0.0
2026-02-17,JMOM,70.25,70.43,70.68,69.815,81223,5715400.0,1.23,-0.07,-0.05,0.0
2026-02-17,JMSB,20.1,20.1,20.2,19.945,12449,250401.0,1.28,0.5,0.1,0.09
2026-02-17,JMSI,50.88,51.0,51.03,50.88,28867,1471803.0,0.29,0.13,0.065,0.0
2026-02-17,JMST,51.04,51.09,51.11,51.04,2111737,107883427.0,0.14,-0.08,-0.04,0.0
2026-02-17,JMTG,51.71,51.69,51.726,51.665,302192,15621821.0,0.12,-0.06,-0.03,0.0
2026-02-17,JMUB,51.09,51.09,51.11,51.055,741581,37891559.0,0.11,0.08,0.04,0.0
2026-02-17,JNEU,30.34,30.305,30.34,30.3,1189,36018.0,0.13,0.09,0.026,0.0
2026-02-17,JNJ,244.13,243.33,244.49,241.87,12703029,3089706304.0,1.08,-0.05,-0.12,0.53
2026-02-17,JNK,97.43,97.39,97.47,97.33,3970746,386737232.0,0.14,-0.09,-0.09,0.0
2026-02-17,JNUG,253.89,252.97,258.415,236.78,285451,71082027.0,7.89,-7.71,-21.12,0.0
2026-02-17,JOB,0.24,0.249,0.249,0.232,186282,44598.0,7.23,5.96,0.014,0.17
2026-02-17,JOBX,9.19,9.82,9.82,8.74,150631,1397800.0,11.68,6.16,0.57,0.0
2026-02-17,JOBY,9.845,9.99,10.15,9.62,15726514,156234246.0,5.35,0.91,0.09,1.63
2026-02-17,JOBY_WS,1.87,1.92,1.99,1.76,76250,141267.0,12.11,1.05,0.02,0.0
2026-02-17,JOE,70.27,71.11,71.899,70.07,136129,9671868.0,2.61,1.33,0.93,0.24
2026-02-17,JOET,42.25,42.43,42.53,42.035,31854,1351163.0,1.17,0.17,0.07,0.0
2026-02-17,JOF,12.07,12.06,12.11,11.92,82226,990084.0,1.55,-1.87,-0.23,0.0
2026-02-17,JOJO,16.1,16.1,16.12,16.091,799,12871.0,0.18,0.16,0.025,0.0
2026-02-17,JOUT,49.41,49.93,50.5,48.31,57572,2861807.0,4.41,0.56,0.28,0.55
2026-02-17,JOYT,55.22,55.19,55.305,54.92,7122,393047.0,0.7,-0.03,-0.015,0.0
2026-02-17,JOYY,60.65,61.05,61.375,60.01,250956,15261387.0,2.23,-0.21,-0.13,0.5
2026-02-17,JPAN,39.96,40.39,40.39,39.96,2711,109006.0,1.05,-1.59,-0.652,0.0
2026-02-17,JPC,8.24,8.24,8.25,8.19,1095330,9003959.0,0.73,-0.12,-0.01,0.0
2026-02-17,JPEF,74.81,75.017,75.25,74.39,2067524,155025799.0,1.15,0.07,0.054,0.0
2026-02-17,JPEM,65.67,65.855,66.02,65.37,14627,962259.0,0.99,-0.08,-0.055,0.0
2026-02-17,JPHY,50.71,50.71,50.737,50.69,11084,562080.0,0.09,-0.04,-0.021,0.0
2026-02-17,JPIB,49.31,49.32,49.34,49.265,443627,21873250.0,0.15,0.1,0.05,0.0
2026-02-17,JPIE,46.51,46.5,46.51,46.48,1587385,73794291.0,0.06,0.02,0.01,0.0
2026-02-17,JPIN,74.83,75.15,75.32,74.494,8250,619605.0,1.09,-0.4,-0.3,0.0
2026-02-17,JPLD,52.65,52.625,52.65,52.61,378741,19933214.0,0.08,-0.05,-0.025,0.0
2026-02-17,JPM,302.76,307.13,308.24,302.5,8896753,2728339488.0,1.9,1.51,4.58,0.33
2026-02-17,JPMB,40.82,40.795,40.84,40.76,19991,815651.0,0.2,0.18,0.075,0.0
2026-02-17,JPME,118.43,117.73,118.43,117.53,148279,17478853.0,0.76,-0.59,-0.7,0.0
2026-02-17,JPM_C,25.14,25.18,25.22,25.13,148169,3728431.0,0.36,0.12,0.03,0.2
2026-02-17,JPM_D,25.07,25.14,25.14,25.0,136368,3414622.0,0.56,0.48,0.12,0.2
2026-02-17,JPM_J,20.4,20.5,20.57,20.39,82033,1680071.0,0.88,0.29,0.06,0.23
2026-02-17,JPM_K,19.58,19.66,19.67,19.525,215099,4220631.0,0.74,0.41,0.08,0.36
2026-02-17,JPM_L,19.92,20.03,20.09,19.86,172096,3436172.0,1.16,0.91,0.18,0.23
2026-02-17,JPM_M,18.64,18.81,18.84,18.611,131504,2462536.0,1.23,0.7,0.13,0.16
2026-02-17,JPRE,50.88,51.4,51.42,50.78,12750,653033.0,1.26,1.17,0.594,0.0
2026-02-17,JPSE,54.71,54.59,55.0,54.08,20114,1097183.0,1.68,-0.55,-0.3,0.0
2026-02-17,JPST,50.71,50.71,50.72,50.7,6643856,336912336.0,0.04,0.0,0.0,0.0
2026-02-17,JPSV,62.198,62.198,62.198,62.198,1513,93731.0,0.0,0.06,0.038,0.0
2026-02-17,JPUS,135.32,134.72,135.32,134.025,5976,805034.0,0.96,-0.44,-0.598,0.0
2026-02-17,JPXN,98.96,99.13,99.31,98.07,109231,10783535.0,1.23,-1.63,-1.64,0.0
2026-02-17,JPY,35.95,36.181,36.28,35.945,6342,228733.0,0.91,-1.77,-0.653,0.0
2026-02-17,JQC,5.04,4.98,5.06,4.98,1493881,7473373.0,1.57,-1.97,-0.1,0.0
2026-02-17,JQUA,63.66,63.62,63.865,63.07,1973289,125646430.0,1.25,-0.2,-0.13,0.0
2026-02-17,JRE,25.58,25.659,25.719,25.562,4244,108558.0,0.62,0.95,0.242,0.0
2026-02-17,JRI,13.21,13.22,13.325,13.16,260757,3445430.0,1.25,-0.15,-0.02,0.0
2026-02-17,JRIr,0.013,0.018,0.02,0.013,625276,10008.0,36.84,-5.26,-0.001,0.0
2026-02-17,JRS,8.09,8.19,8.22,8.064,54919,447901.0,1.93,1.24,0.1,0.0
2026-02-17,JRSH,3.29,3.3,3.438,3.26,74102,246378.0,5.41,0.3,0.01,0.58
2026-02-17,JRVR,6.85,7.0,7.11,6.85,223505,1571354.0,3.78,1.89,0.13,0.49
2026-02-17,JSCP,47.74,47.73,47.74,47.73,107772,5144588.0,0.02,-0.06,-0.03,0.0
2026-02-17,JSI,52.51,52.49,52.53,52.48,142103,7462412.0,0.1,-0.06,-0.031,0.0
2026-02-17,JSM,19.52,19.64,19.664,19.51,17878,350049.0,0.79,0.56,0.11,0.0
2026-02-17,JSMD,85.78,85.518,86.2,84.61,62625,5364517.0,1.85,-0.39,-0.336,0.0
2026-02-17,JSML,75.42,75.801,76.33,75.23,7899,598814.0,1.45,-0.01,-0.006,0.0
2026-02-17,JSPR,1.16,1.21,1.28,1.11,562541,688468.0,14.91,6.14,0.07,2.01
2026-02-17,JSPRW,0.019,0.019,0.019,0.019,300,6.0,0.0,0.0,0.0,0.0
2026-02-17,JSTC,20.73,20.794,20.839,20.61,10581,219874.0,1.1,-0.24,-0.049,0.0
2026-02-17,JTAI,0.113,0.101,0.116,0.092,38864202,4059572.0,17.65,-25.74,-0.035,85.46
2026-02-17,JTEK,83.05,83.47,83.92,81.92,655949,54735922.0,2.38,-0.7,-0.59,0.0
2026-02-17,JUCY,22.18,22.254,22.26,22.18,20075,446284.0,0.36,0.2,0.044,0.0
2026-02-17,JULB,25.665,25.689,25.689,25.665,1662,42655.0,0.09,0.13,0.034,0.0
2026-02-17,JULH,24.97,25.035,25.035,24.97,3906,97685.0,0.26,0.12,0.03,0.0
2026-02-17,JULJ,24.97,25.015,25.02,24.97,551,13764.0,0.2,0.04,0.01,0.0
2026-02-17,JULM,33.71,33.725,33.75,33.66,4465,150591.0,0.27,-0.01,-0.003,0.0
2026-02-17,JULP,30.97,30.95,30.98,30.95,3466,107361.0,0.1,0.12,0.036,0.0
2026-02-17,JULT,44.92,45.048,45.07,44.92,3182,143142.0,0.33,0.14,0.062,0.0
2026-02-17,JULU,29.6,29.56,29.69,29.4,12251,362025.0,0.98,-0.2,-0.06,0.0
2026-02-17,JULW,39.21,39.25,39.31,39.12,18604,730196.0,0.48,0.1,0.04,0.0
2026-02-17,JULZ,41.96,41.921,41.96,41.89,1160,48607.0,0.17,0.14,0.058,0.0
2026-02-17,JUNM,34.33,34.43,34.43,34.33,784,26965.0,0.29,0.14,0.048,0.0
2026-02-17,JUNP,30.69,30.709,30.76,30.63,7180,220479.0,0.42,0.1,0.031,0.0
2026-02-17,JUNS,0.57,0.56,0.583,0.54,36863,20501.0,7.44,-3.11,-0.018,0.11
2026-02-17,JUNT,36.553,36.553,36.553,36.553,27,986.0,0.0,0.18,0.064,0.0
2026-02-17,JUNW,33.49,33.568,33.568,33.49,9302,311526.0,0.23,0.09,0.03,0.0
2026-02-17,JUNZ,32.58,32.574,32.59,32.574,779,25371.0,0.05,0.14,0.045,0.0
2026-02-17,JUSA,61.85,61.812,61.85,61.812,449,27779.0,0.06,0.08,0.051,0.0
2026-02-17,JUST,96.39,96.858,97.09,95.99,16375,1582213.0,1.14,0.25,0.237,0.0
2026-02-17,JVA,3.09,3.07,3.169,3.025,24621,75659.0,4.61,-1.76,-0.055,0.43
2026-02-17,JVAL,51.56,51.5,51.63,50.989,41854,2152403.0,1.24,-0.35,-0.18,0.0
2026-02-17,JWEL,2.18,2.199,2.245,2.17,4836,10611.0,3.35,-1.83,-0.041,0.22
2026-02-17,JXG,4.05,4.07,4.1,4.05,1239,5045.0,1.25,1.75,0.07,0.07
2026-02-17,JXI,87.48,87.05,87.764,86.87,31925,2784478.0,1.03,-0.02,-0.02,0.0
2026-02-17,JXN,114.8,115.78,116.49,113.95,535126,61692943.0,2.23,1.74,1.98,0.8
2026-02-17,JXN_A,26.12,26.09,26.17,26.04,66394,1732867.0,0.5,0.23,0.06,0.3
2026-02-17,JXX,25.62,25.757,25.81,25.43,8685,223215.0,1.48,0.27,0.069,0.0
2026-02-17,JYD,2.61,2.57,2.705,2.54,8038,20785.0,6.5,1.18,0.03,0.29
2026-02-17,JYNT,8.71,8.92,9.12,8.555,51685,460420.0,6.51,2.76,0.24,0.37
2026-02-17,JZ,0.815,0.814,0.9,0.814,18746,15849.0,10.57,0.0,0.0,0.1
2026-02-17,JZXN,1.5,1.49,1.56,1.39,504516,761969.0,10.63,-6.88,-0.11,37.97
2026-02-17,KAI,335.97,333.51,339.03,322.06,154190,51223041.0,5.08,-0.15,-0.49,1.31
2026-02-17,KALA,0.42,0.398,0.441,0.38,634980,259699.0,14.99,-2.21,-0.009,0.07
2026-02-17,KALU,138.35,140.57,141.32,133.733,216981,30082556.0,5.4,0.11,0.16,1.34
2026-02-17,KALV,14.82,14.99,15.23,14.225,616203,9188160.0,6.74,0.54,0.08,1.22
2026-02-17,KAMO,25.19,25.18,25.194,25.172,9739,245251.0,0.09,-0.04,-0.01,0.0
2026-02-17,KAPA,0.63,0.589,0.63,0.55,99254,57435.0,13.38,-1.51,-0.009,0.48
2026-02-17,KAPR,35.745,35.72,35.77,35.71,2601,92971.0,0.17,0.08,0.03,0.0
2026-02-17,KARO,48.62,46.35,50.0,44.51,73307,3410852.0,11.3,-4.57,-2.22,0.24
2026-02-17,KARS,32.25,32.16,32.33,31.95,2353,75756.0,1.17,-0.91,-0.294,0.0
2026-02-17,KAT,56.29,56.183,56.29,55.87,10327,580041.0,0.75,0.24,0.132,0.0
2026-02-17,KAUG,27.14,27.2,27.29,27.12,10318,280825.0,0.62,-0.09,-0.025,0.0
2026-02-17,KB,113.02,112.98,114.895,111.59,304643,34566098.0,2.9,-0.85,-0.97,0.08
2026-02-17,KBA,30.46,30.7,30.72,30.46,69375,2124013.0,0.85,0.89,0.27,0.0
2026-02-17,KBAB,15.67,15.375,15.8,15.15,12182,187675.0,4.22,-0.27,-0.042,0.0
2026-02-17,KBDC,14.06,13.86,14.1,13.78,348581,4840509.0,2.29,-0.79,-0.11,0.51
2026-02-17,KBDU,32.0,32.095,32.314,31.844,1086,34884.0,1.47,0.3,0.097,0.0
2026-02-17,KBE,65.23,65.37,66.1,64.875,1785381,116812995.0,1.88,0.43,0.28,0.0
2026-02-17,KBH,66.33,65.75,66.88,64.12,903209,59044344.0,4.16,-0.92,-0.61,1.43
2026-02-17,KBON,10.08,10.06,10.08,10.06,97543,983156.0,0.2,0.2,0.02,0.22
2026-02-17,KBONU,10.39,10.21,10.39,10.18,39463,403459.0,2.06,0.29,0.03,0.11
2026-02-17,KBONW,0.6,0.6,0.6,0.6,700,420.0,0.0,-7.69,-0.05,0.0
2026-02-17,KBR,41.4,41.26,41.96,40.55,1628413,67038635.0,3.41,-0.1,-0.04,1.29
2026-02-17,KBSX,1.17,1.15,1.17,1.15,3302,3842.0,1.73,-0.43,-0.005,0.01
2026-02-17,KBUF,30.28,30.147,30.29,30.147,491,14867.0,0.47,-0.01,-0.003,0.0
2026-02-17,KBWB,85.79,86.19,87.12,85.79,3793085,326927344.0,1.55,0.68,0.58,0.0
2026-02-17,KBWD,13.83,13.72,13.86,13.612,370597,5087906.0,1.8,-0.54,-0.075,0.0
2026-02-17,KBWP,121.84,124.19,124.37,121.84,33792,4173795.0,2.07,1.8,2.2,0.0
2026-02-17,KBWR,69.37,69.04,69.37,68.7,3650,252023.0,0.97,0.21,0.145,0.0
2026-02-17,KBWY,16.38,16.4,16.44,16.102,196639,3202039.0,2.07,0.59,0.096,0.0
2026-02-17,KC,14.295,14.13,14.4,13.98,675661,9618441.0,2.9,-2.42,-0.35,0.22
2026-02-17,KCAI,30.945,30.945,30.945,30.945,29,899.0,0.0,0.65,0.2,0.0
2026-02-17,KCCA,15.09,15.127,15.22,15.09,36219,548358.0,0.86,-0.41,-0.063,0.0
2026-02-17,KCE,146.29,145.71,147.32,144.94,23492,3426667.0,1.63,-0.35,-0.51,0.0
2026-02-17,KCHV,10.18,10.18,10.21,10.18,50970,518878.0,0.29,0.0,0.0,0.15
2026-02-17,KCHVR,0.27,0.27,0.27,0.27,349,95.0,0.0,0.0,0.0,0.0
2026-02-17,KCOP,24.51,24.37,24.51,23.84,43199,1049782.0,2.67,-3.02,-0.76,0.0
2026-02-17,KCSH,25.1,25.1,25.1,25.1,9,226.0,0.0,0.08,0.02,0.0
2026-02-17,KD,13.0,13.59,13.66,12.68,12633742,169828596.0,8.01,11.03,1.35,5.6
2026-02-17,KDEC,26.361,26.425,26.44,26.21,5022,132315.0,0.87,0.03,0.009,0.0
2026-02-17,KDEF,56.33,56.21,56.735,55.405,39555,2222885.0,2.34,-1.25,-0.71,0.0
2026-02-17,KDK,8.61,8.77,8.94,8.445,218055,1910365.0,5.75,1.86,0.16,0.12
2026-02-17,KDKRW,1.28,1.3,1.35,1.27,64084,83575.0,6.11,-0.76,-0.01,0.0
2026-02-17,KDP,29.75,29.13,29.91,28.88,10660266,310534304.0,3.47,-1.89,-0.56,0.78
2026-02-17,KDRN,23.52,23.54,23.54,23.52,63431,1491897.0,0.08,-0.04,-0.01,0.0
2026-02-17,KDVD,28.05,27.954,28.05,27.76,1386,38708.0,1.04,0.37,0.104,0.0
2026-02-17,KE,24.05,24.48,25.14,23.95,230995,5677094.0,4.94,1.62,0.39,0.95
2026-02-17,KEAT,34.16,33.83,34.16,33.785,2843,96839.0,1.1,-0.91,-0.312,0.0
2026-02-17,KELYA,9.71,9.35,9.71,9.005,918144,8472532.0,7.2,-4.49,-0.44,2.97
2026-02-17,KELYB,15.7,15.03,17.64,14.685,35858,558801.0,17.75,-9.73,-1.62,1.09
2026-02-17,KEMQ,25.27,25.405,25.51,25.15,10941,277955.0,1.42,0.13,0.032,0.0
2026-02-17,KEMX,43.38,43.41,43.52,42.85,32875,1421934.0,1.53,-0.98,-0.43,0.0
2026-02-17,KEN,79.78,83.0,83.34,79.78,25797,2120188.0,4.49,4.76,3.77,0.05
2026-02-17,KEP,21.31,21.85,21.93,21.195,637250,13821714.0,3.42,1.53,0.33,0.05
2026-02-17,KEQU,39.66,40.0,40.0,39.66,1783,71281.0,0.85,0.58,0.23,0.06
2026-02-17,KEUA,22.9,22.808,22.9,22.8,2011,45889.0,0.43,-1.38,-0.318,0.0
2026-02-17,KEX,124.91,126.68,126.79,124.07,617176,77812003.0,2.18,1.4,1.75,1.15
2026-02-17,KEY,21.89,21.69,22.075,21.61,13212380,287065168.0,2.14,-0.05,-0.01,1.2
2026-02-17,KEYS,233.08,234.39,236.38,229.72,1121368,262107624.0,2.85,0.38,0.88,0.65
2026-02-17,KEY_I,25.18,25.31,25.31,25.15,28039,706817.0,0.64,0.76,0.19,0.14
2026-02-17,KEY_J,22.41,22.43,22.48,22.26,27171,607564.0,0.98,0.36,0.08,0.16
2026-02-17,KEY_K,22.47,22.56,22.56,22.32,19211,431727.0,1.07,0.71,0.16,0.11
2026-02-17,KEY_L,25.33,25.42,25.47,25.3,53054,1345036.0,0.67,0.71,0.18,0.22
2026-02-17,KF,49.83,48.65,49.83,48.65,8016,393866.0,2.36,-2.7,-1.35,0.0
2026-02-17,KFEB,28.9,28.95,28.99,28.68,34762,1003019.0,1.07,0.16,0.046,0.0
2026-02-17,KFFB,4.81,4.81,4.81,4.81,1122,5427.0,0.0,0.1,0.005,0.01
2026-02-17,KFII,10.4,10.4,10.4,10.4,114,1186.0,0.0,0.1,0.01,0.0
2026-02-17,KFIIU,10.75,10.75,10.75,10.75,176,1857.0,0.0,0.0,0.0,0.0
2026-02-17,KFRC,28.99,28.17,29.065,27.62,363160,10193451.0,4.99,-2.69,-0.78,1.99
2026-02-17,KFS,12.29,12.08,12.3,11.96,52247,632275.0,2.78,-1.23,-0.15,0.18
2026-02-17,KFY,61.54,61.33,61.695,60.48,405398,24785553.0,1.98,0.16,0.1,0.79
2026-02-17,KG,11.8,11.91,12.04,11.76,4225,49960.0,2.36,0.59,0.07,0.05
2026-02-17,KGC,33.11,33.56,33.775,32.37,11718522,388942352.0,4.08,-2.44,-0.84,0.98
2026-02-17,KGEI,3.8,3.79,3.82,3.57,189157,698476.0,6.61,0.26,0.01,0.53
2026-02-17,KGLD,34.55,34.37,34.58,34.18,104085,3577880.0,1.13,-3.07,-1.09,0.0
2026-02-17,KGRN,27.77,27.89,28.61,27.77,28705,803865.0,3.02,0.4,0.11,0.0
2026-02-17,KGS,50.73,50.96,51.18,49.36,1393843,70754246.0,3.62,1.35,0.68,1.62
2026-02-17,KHC,24.735,23.78,24.88,23.445,20757660,494267376.0,5.79,-4.11,-1.02,1.75
2026-02-17,KHPI,25.4,25.63,25.67,25.4,72365,1851981.0,1.05,0.12,0.03,0.0
2026-02-17,KHYB,24.77,24.78,24.79,24.77,3655,90549.0,0.08,0.0,0.0,0.0
2026-02-17,KIDS,16.93,17.05,17.46,16.87,125846,2153021.0,3.49,0.95,0.16,0.5
2026-02-17,KIDZ,0.131,0.138,0.141,0.13,4149525,555722.0,7.69,-3.5,-0.005,13.5
2026-02-17,KIDZW,0.015,0.014,0.015,0.014,7171,107.0,7.14,0.0,0.0,0.0
2026-02-17,KIE,57.68,58.35,58.485,57.68,1790381,104305374.0,1.4,1.57,0.9,0.0
2026-02-17,KIM,23.0,23.15,23.22,22.65,6601265,152229746.0,2.51,1.94,0.44,0.98
2026-02-17,KIM_L,20.27,20.55,20.55,20.25,14081,287020.0,1.48,1.38,0.28,0.16
2026-02-17,KIM_M,20.96,21.14,21.15,20.853,13653,287051.0,1.42,1.15,0.24,0.13
2026-02-17,KIM_N,60.26,60.5,60.5,60.26,244,14736.0,0.4,0.43,0.26,0.02
2026-02-17,KINS,15.83,16.04,16.09,15.78,66357,1060059.0,1.97,2.1,0.33,0.46
2026-02-17,KIO,11.66,11.6,11.67,11.6,819042,9521137.0,0.6,-0.85,-0.1,0.0
2026-02-17,KIQQ,23.851,23.851,23.851,23.851,50,1187.0,0.0,0.1,0.025,0.0
2026-02-17,KITT,0.82,0.756,0.834,0.75,2241525,1729473.0,10.28,-7.47,-0.061,7.99
2026-02-17,KITTW,0.068,0.066,0.072,0.065,29328,1925.0,9.21,-13.16,-0.01,0.0
2026-02-17,KJAN,42.7,42.72,42.84,42.46,20350,869725.0,0.89,-0.16,-0.07,0.0
2026-02-17,KJD,16.429,16.39,16.429,16.39,800,13081.0,0.24,1.09,0.177,0.0
2026-02-17,KJUL,32.445,32.464,32.465,32.3,4054,131502.0,0.51,0.26,0.083,0.0
2026-02-17,KJUN,28.39,28.441,28.46,28.38,20838,591844.0,0.28,0.05,0.015,0.0
2026-02-17,KKR,102.0,102.55,103.49,99.71,6434000,658036688.0,3.72,0.81,0.82,0.72
2026-02-17,KKRS,17.69,17.88,17.88,17.6,33497,593262.0,1.58,1.13,0.2,0.0
2026-02-17,KKRT,25.34,25.49,25.55,25.33,44155,1122725.0,0.87,0.59,0.15,0.0
2026-02-17,KKR_D,44.24,44.59,44.77,43.5,418569,18495154.0,2.89,1.46,0.64,0.0
2026-02-17,KLAC,1445.5,1470.19,1486.95,1427.67,623432,913431344.0,4.05,0.41,6.06,0.48
2026-02-17,KLAG,21.2,21.581,22.07,20.565,28827,620308.0,7.09,1.64,0.348,0.0
2026-02-17,KLAR,18.1,19.22,19.7,18.1,5191843,99298806.0,8.83,6.13,1.11,0.74
2026-02-17,KLC,4.33,4.33,4.36,4.15,942956,4030273.0,4.85,0.0,0.0,0.8
2026-02-17,KLIC,70.32,71.77,72.29,68.89,573194,40797802.0,4.75,0.21,0.15,1.1
2026-02-17,KLIP,29.51,29.446,29.65,29.29,23737,700073.0,1.22,-0.24,-0.071,0.0
2026-02-17,KLMN,27.958,27.958,27.958,27.958,6,168.0,0.0,0.15,0.043,0.0
2026-02-17,KLMT,31.825,31.825,31.825,31.825,28,890.0,0.0,0.05,0.016,0.0
2026-02-17,KLRS,9.96,8.265,9.96,8.08,176659,1556258.0,21.73,-4.45,-0.385,0.77
2026-02-17,KLTO,0.225,0.216,0.225,0.213,151761,33219.0,5.43,-2.26,-0.005,0.21
2026-02-17,KLTOW,0.09,0.075,0.09,0.075,2065,171.0,16.67,-16.67,-0.015,0.0
2026-02-17,KLTR,1.47,1.43,1.47,1.4,172642,247018.0,4.79,-2.05,-0.03,0.12
2026-02-17,KLXE,2.56,2.52,2.65,2.46,173781,446101.0,7.48,-0.79,-0.02,0.94
2026-02-17,KLXY,26.799,26.776,26.8,26.72,1328,35554.0,0.3,-0.18,-0.047,0.0
2026-02-17,KMAR,29.6,29.68,29.68,29.6,942,27897.0,0.27,0.32,0.094,0.0
2026-02-17,KMAY,28.6,28.72,28.72,28.6,3747,107344.0,0.42,0.07,0.02,0.0
2026-02-17,KMB,109.71,107.52,110.12,107.21,4213918,455451632.0,2.66,-1.73,-1.89,1.27
2026-02-17,KMDA,8.77,9.08,9.08,8.74,78893,701744.0,4.0,6.82,0.58,0.14
2026-02-17,KMI,32.33,32.13,32.575,31.81,12213850,391696368.0,2.37,-0.59,-0.19,0.55
2026-02-17,KMID,25.59,25.35,25.59,25.32,3602,91413.0,1.06,-0.43,-0.11,0.0
2026-02-17,KMLI,12.8,12.812,13.19,12.311,10985,139015.0,6.79,-1.08,-0.14,0.0
2026-02-17,KMLM,26.42,26.53,26.58,26.37,177697,4708702.0,0.79,0.0,0.0,0.0
2026-02-17,KMPB,23.89,23.93,23.98,23.81,14212,339760.0,0.71,0.13,0.03,0.0
2026-02-17,KMPR,32.01,32.34,32.51,31.64,1116700,36005353.0,2.71,0.9,0.29,1.9
2026-02-17,KMRK,1.72,1.93,2.0,1.72,76793,149445.0,15.47,6.63,0.12,0.36
2026-02-17,KMT,39.32,39.06,39.625,38.69,1520795,59661042.0,2.36,-1.34,-0.53,2.0
2026-02-17,KMTS,26.68,26.08,27.17,24.75,420474,11047205.0,8.99,-3.12,-0.84,0.72
2026-02-17,KMX,41.65,42.25,43.15,41.0,4752286,199826136.0,5.19,1.98,0.82,3.35
2026-02-17,KN,27.17,27.14,27.57,26.685,600359,16337662.0,3.24,-0.55,-0.15,0.71
2026-02-17,KNCT,145.7,145.74,145.975,144.39,2442,355002.0,1.08,-0.4,-0.585,0.0
2026-02-17,KNDI,0.949,1.02,1.04,0.93,204113,205293.0,11.59,7.48,0.071,0.24
2026-02-17,KNF,88.82,93.97,95.29,88.72,1315706,122522860.0,8.13,16.34,13.2,2.32
2026-02-17,KNG,52.59,52.34,52.9,52.105,223117,11679039.0,1.51,-0.49,-0.26,0.0
2026-02-17,KNGZ,38.32,38.278,38.4,38.118,6579,251481.0,0.73,-0.78,-0.302,0.0
2026-02-17,KNO,56.02,56.43,56.43,56.02,463,26025.0,0.73,-0.19,-0.106,0.0
2026-02-17,KNOP,10.32,10.54,10.6,10.2,83834,877155.0,3.88,2.33,0.24,0.24
2026-02-17,KNOV,29.481,29.481,29.481,29.481,117,3433.0,0.0,0.06,0.019,0.0
2026-02-17,KNOW,12.505,12.505,12.505,12.505,9,113.0,0.0,0.02,0.003,0.0
2026-02-17,KNRG,26.1,26.125,26.13,26.1,2217,57905.0,0.11,0.13,0.035,0.0
2026-02-17,KNRX,0.85,0.879,0.95,0.85,34006,29937.0,13.25,16.42,0.124,0.11
2026-02-17,KNSA,44.97,45.38,45.58,43.55,552464,24759719.0,4.47,0.02,0.01,0.72
2026-02-17,KNSL,370.92,376.65,387.77,368.395,446972,168168463.0,5.22,1.44,5.33,1.93
2026-02-17,KNTK,41.94,40.99,41.94,40.26,832979,34082446.0,4.04,-1.32,-0.55,0.52
2026-02-17,KNX,59.45,59.88,60.67,59.16,2184187,131105948.0,2.54,0.55,0.33,1.34
2026-02-17,KO,78.99,79.56,79.635,78.74,16260202,1289499344.0,1.14,1.12,0.88,0.38
2026-02-17,KOCT,34.72,34.76,34.83,34.69,5203,180687.0,0.4,0.02,0.006,0.0
2026-02-17,KOD,21.85,22.66,23.13,21.51,303121,6817579.0,7.34,2.67,0.59,0.51
2026-02-17,KODK,7.65,7.72,7.89,7.515,567731,4371927.0,4.89,0.65,0.05,0.58
2026-02-17,KOF,111.85,112.75,113.11,111.23,125709,14149596.0,1.67,0.01,0.01,0.01
2026-02-17,KOID,35.73,35.754,35.95,35.23,68633,2451897.0,2.01,-0.21,-0.076,0.0
2026-02-17,KOKU,121.16,121.694,121.91,121.16,1226,148972.0,0.62,0.23,0.274,0.0
2026-02-17,KOLD,22.185,22.11,22.46,21.675,8733096,192276702.0,3.81,7.17,1.48,0.0
2026-02-17,KOMP,62.08,62.34,62.725,61.34,78781,4888374.0,2.22,0.03,0.02,0.0
2026-02-17,KONG,30.5,30.552,30.6,30.5,503,15375.0,0.33,0.51,0.155,0.0
2026-02-17,KOOL,13.21,13.217,13.25,13.181,20834,275474.0,0.52,0.25,0.033,0.0
2026-02-17,KOP,34.12,35.07,35.44,33.14,178621,6246954.0,6.71,2.24,0.77,0.91
2026-02-17,KOPN,2.19,2.22,2.276,2.12,1821320,4014068.0,7.09,0.91,0.02,1.0
2026-02-17,KORE,5.03,4.96,5.2,4.96,21138,107183.0,4.79,-1.0,-0.05,0.12
2026-02-17,KORP,47.8,47.83,47.83,47.76,68079,3253990.0,0.15,0.08,0.04,0.0
2026-02-17,KORU,430.96,417.18,436.64,404.49,198437,83310382.0,7.18,-6.77,-30.31,0.0
2026-02-17,KOS,1.68,1.58,1.72,1.51,14754848,23156859.0,12.5,-5.95,-0.1,3.08
2026-02-17,KOSS,4.35,4.15,4.41,4.13,65561,279010.0,6.39,-5.25,-0.23,0.69
2026-02-17,KOYN,10.03,10.04,10.04,10.03,295540,2966472.0,0.1,0.1,0.01,0.94
2026-02-17,KOYNU,10.16,10.16,10.16,10.16,106,1077.0,0.0,0.0,0.0,0.0
2026-02-17,KPDD,8.74,8.987,9.09,8.73,20866,186659.0,4.13,2.99,0.261,0.0
2026-02-17,KPHO,25.82,25.75,26.42,25.68,8246,212557.0,2.86,-0.35,-0.091,0.0
2026-02-17,KPLT,6.481,6.46,6.644,6.36,7637,49700.0,4.37,-0.69,-0.045,0.16
2026-02-17,KPLTW,0.004,0.004,0.004,0.004,1700,7.0,0.0,0.0,0.0,0.0
2026-02-17,KPRX,2.08,2.02,2.08,2.01,19746,40286.0,3.37,-2.88,-0.06,0.54
2026-02-17,KPTI,8.63,9.4,9.94,8.415,896727,8486696.0,17.77,9.56,0.82,4.89
2026-02-17,KQQQ,25.5,25.72,25.85,25.335,125027,3205779.0,2.01,0.18,0.046,0.0
2026-02-17,KR,71.5,69.66,72.2,69.58,5271401,370129168.0,3.68,-2.23,-1.59,0.86
2026-02-17,KRAQU,10.08,10.08,10.08,10.075,20363,205252.0,0.05,0.0,0.0,0.07
2026-02-17,KRBN,29.51,29.58,29.73,29.32,29754,880300.0,1.38,-0.54,-0.16,0.0
2026-02-17,KRC,32.17,31.81,32.47,31.26,2544503,80566904.0,3.81,0.19,0.06,2.15
2026-02-17,KRE,71.37,71.53,72.35,71.005,12938113,925965632.0,1.89,0.35,0.25,0.0
2026-02-17,KREF,7.0,6.88,7.03,6.73,1593356,10904116.0,4.28,-1.85,-0.13,2.48
2026-02-17,KREF_A,18.35,18.35,18.5,18.25,24914,457454.0,1.36,-0.16,-0.03,0.0
2026-02-17,KRG,25.0,25.81,26.13,25.0,3194248,82515380.0,4.51,3.12,0.78,1.54
2026-02-17,KRKR,4.0,4.025,4.28,3.87,10361,41771.0,10.25,0.63,0.025,0.53
2026-02-17,KRMA,43.18,43.216,43.347,43.18,8441,364577.0,0.39,-0.14,-0.059,0.0
2026-02-17,KRMD,4.72,4.67,4.8,4.57,179546,837421.0,4.93,0.0,0.0,0.39
2026-02-17,KRMN,75.0,75.11,75.865,73.12,2417948,180359110.0,3.62,-0.9,-0.68,1.83
2026-02-17,KRNT,15.96,15.7,16.29,15.52,317847,5005723.0,4.82,-1.69,-0.27,0.69
2026-02-17,KRNY,8.1,8.17,8.225,8.05,303063,2475781.0,2.17,1.11,0.09,0.47
2026-02-17,KRO,6.29,6.21,6.32,6.08,211545,1310195.0,3.79,-1.9,-0.12,0.18
2026-02-17,KROP,36.52,35.865,36.52,35.695,3953,142071.0,2.3,-0.13,-0.046,0.0
2026-02-17,KROS,16.65,16.52,16.8,16.31,167955,2775095.0,2.96,-0.36,-0.06,0.86
2026-02-17,KRP,14.11,13.96,14.17,13.67,574898,7989085.0,3.55,-0.85,-0.12,0.53
2026-02-17,KRRO,11.96,11.48,12.29,11.274,195701,2262716.0,9.1,2.78,0.31,2.08
2026-02-17,KRSP,10.39,10.34,10.39,10.34,3077,31822.0,0.48,0.0,0.0,0.01
2026-02-17,KRSP_U,10.2,10.69,10.69,10.2,60569,632453.0,4.7,2.59,0.27,0.18
2026-02-17,KRSP_WS,0.8,0.8,0.8,0.8,110,75.0,0.0,0.0,0.0,0.0
2026-02-17,KRT,25.83,25.82,25.99,25.39,52046,1341346.0,2.33,0.12,0.03,0.26
2026-02-17,KRUS,68.46,69.88,69.88,66.4,158100,10881226.0,5.12,2.79,1.9,1.31
2026-02-17,KRYP,21.57,21.53,21.57,21.53,518,11126.0,0.19,0.06,0.013,0.0
2026-02-17,KRYS,289.0,287.84,298.303,270.71,842534,243287701.0,9.98,4.12,11.39,2.88
2026-02-17,KSA,38.82,38.94,38.965,38.63,641262,24895472.0,0.86,-0.56,-0.22,0.0
2026-02-17,KSCP,4.0,3.77,4.0,3.69,230795,878541.0,7.69,-6.45,-0.26,2.01
2026-02-17,KSEP,28.66,28.797,28.845,28.64,6724,193402.0,0.71,-0.06,-0.017,0.0
2026-02-17,KSLV,36.22,35.68,36.249,34.94,122679,4362184.0,3.48,-5.13,-1.93,0.0
2026-02-17,KSPI,73.07,72.1,73.28,71.5,579335,41867053.0,2.43,-1.64,-1.2,0.31
2026-02-17,KSPY,27.73,27.87,27.9,27.64,13791,382796.0,0.93,0.18,0.05,0.0
2026-02-17,KSS,20.07,19.56,20.43,19.45,2713699,53536326.0,4.94,-1.46,-0.29,2.42
2026-02-17,KSTR,20.85,20.96,21.07,20.777,51986,1087194.0,1.41,0.58,0.12,0.0
2026-02-17,KT,23.76,23.75,23.8,23.235,3049774,71795223.0,2.4,0.81,0.19,0.62
2026-02-17,KTB,66.98,67.0,68.04,65.435,508629,33888127.0,3.86,-0.68,-0.46,0.92
2026-02-17,KTCC,3.05,3.03,3.06,2.986,13243,40201.0,2.4,-1.78,-0.055,0.12
2026-02-17,KTEC,15.18,15.19,15.22,15.06,34659,525359.0,1.05,0.0,0.0,0.0
2026-02-17,KTF,9.21,9.21,9.23,9.2,103145,949361.0,0.33,0.11,0.01,0.0
2026-02-17,KTH,29.0,29.0,29.0,29.0,100,2900.0,0.0,0.31,0.09,0.0
2026-02-17,KTN,25.78,25.74,25.88,25.74,3315,85531.0,0.54,0.16,0.04,0.0
2026-02-17,KTOS,88.08,91.97,93.35,87.07,2405798,218919222.0,7.05,3.27,2.91,1.41
2026-02-17,KTTA,0.699,0.693,0.72,0.671,77049,54177.0,6.9,-2.39,-0.017,0.33
2026-02-17,KTTAW,0.012,0.012,0.012,0.012,1500,18.0,0.0,-14.29,-0.002,0.0
2026-02-17,KTUP,26.96,29.44,30.04,26.655,38744,1098423.0,12.2,6.07,1.686,0.0
2026-02-17,KTWOU,10.05,10.05,10.05,10.05,2597,26222.0,0.0,0.0,0.0,0.02
2026-02-17,KULR,2.78,2.86,2.9,2.7,830750,2326961.0,7.12,1.78,0.05,1.82
2026-02-17,KURA,8.28,8.48,8.56,8.25,2066642,17364415.0,3.73,2.05,0.17,2.35
2026-02-17,KURE,18.11,18.27,18.3,18.029,9310,168787.0,1.49,0.38,0.07,0.0
2026-02-17,KUST,1.25,1.34,1.38,1.222,133005,173710.0,12.15,3.08,0.04,21.02
2026-02-17,KVACU,11.5,11.5,11.5,11.5,6,78.0,0.0,0.0,0.0,0.0
2026-02-17,KVACW,0.104,0.116,0.129,0.1,102822,10671.0,21.8,-12.78,-0.017,0.0
2026-02-17,KVHI,6.72,6.4,6.94,6.4,32435,211434.0,8.05,-4.62,-0.31,0.17
2026-02-17,KVLE,26.54,26.689,26.692,26.54,874,23281.0,0.57,-0.25,-0.068,0.0
2026-02-17,KVUE,18.75,18.41,18.84,18.402,48334658,894540160.0,2.34,-1.55,-0.29,2.52
2026-02-17,KVYO,18.16,17.77,18.57,16.93,7568744,132475929.0,8.82,-4.46,-0.83,2.48
2026-02-17,KW,10.83,10.86,10.89,10.82,6912147,74955390.0,0.71,9.81,0.97,5.01
2026-02-17,KWEB,32.73,32.72,32.96,32.51,18498329,605611840.0,1.37,-0.21,-0.07,0.0
2026-02-17,KWIN,25.4,25.4,25.4,25.277,12172,308542.0,0.48,0.08,0.02,0.0
2026-02-17,KWM,0.847,0.832,0.847,0.811,113504,93985.0,4.29,-0.83,-0.007,0.18
2026-02-17,KWMWW,0.06,0.06,0.06,0.06,13,1.0,0.0,0.0,0.0,0.0
2026-02-17,KWR,180.1,180.57,181.54,175.9,183315,32886866.0,3.14,0.69,1.23,1.06
2026-02-17,KWT,37.2,37.363,37.49,37.2,2053,76755.0,0.78,0.61,0.228,0.0
2026-02-17,KXI,73.19,72.59,73.44,72.24,240338,17429346.0,1.64,-0.93,-0.68,0.0
2026-02-17,KXIN,0.72,0.693,0.72,0.675,405606,274705.0,6.21,-4.41,-0.032,1.64
2026-02-17,KYIV,12.85,12.66,13.02,12.66,369502,4733501.0,2.81,-1.25,-0.16,0.16
2026-02-17,KYIVW,4.45,4.45,4.45,4.45,250,1113.0,0.0,0.0,0.0,0.0
2026-02-17,KYLD,19.64,19.77,19.978,19.41,86748,1703223.0,2.84,-1.3,-0.26,0.0
2026-02-17,KYMR,82.06,84.84,85.44,80.36,561040,47125540.0,6.17,3.04,2.5,0.69
2026-02-17,KYN,13.8,13.69,13.81,13.62,466418,6400163.0,1.38,-0.58,-0.08,0.41
2026-02-17,KYNB,7.36,7.33,7.625,7.11,44154,323779.0,6.91,-1.61,-0.12,1.09
2026-02-17,KYTX,7.29,7.59,7.64,7.26,634588,4751020.0,5.23,4.55,0.33,1.11
2026-02-17,KZIA,5.08,5.34,5.5,4.91,136421,719194.0,11.78,6.59,0.33,1.2
2026-02-17,KZR,6.3,6.32,6.44,6.26,53399,337369.0,2.86,0.32,0.02,0.73
2026-02-17,L,109.62,110.49,110.67,109.25,770722,85072202.0,1.31,1.57,1.71,0.37
2026-02-17,LAB,1.11,1.12,1.165,1.11,1081951,1231655.0,4.91,0.0,0.0,0.28
2026-02-17,LABD,19.87,18.93,20.12,18.53,2753708,52937410.0,8.05,-4.2,-0.83,0.0
2026-02-17,LABU,155.53,162.07,165.585,153.2,392383,62840448.0,7.92,3.59,5.62,0.0
2026-02-17,LABX,7.32,6.92,7.37,6.2,2274909,15334354.0,15.37,-9.07,-0.69,0.0
2026-02-17,LAC,4.51,4.54,4.61,4.36,6928409,31231444.0,5.4,-1.94,-0.09,2.28
2026-02-17,LACG,10.15,10.12,10.15,9.55,1935,19079.0,5.67,-4.36,-0.461,0.0
2026-02-17,LAD,297.3,301.04,302.65,292.41,392453,117479033.0,3.4,-0.09,-0.28,1.67
2026-02-17,LADR,10.39,10.45,10.495,10.32,444317,4629872.0,1.69,0.67,0.07,0.35
2026-02-17,LAES,3.84,3.88,3.975,3.6,5401815,20435099.0,9.74,0.78,0.03,3.02
2026-02-17,LAFA,9.95,9.95,9.95,9.95,101,1005.0,0.0,0.0,0.0,0.0
2026-02-17,LAFAR,0.299,0.24,0.299,0.24,480,136.0,25.65,4.35,0.01,0.0
2026-02-17,LAFAU,11.0,10.32,11.0,10.06,4097,43030.0,9.29,1.98,0.2,0.04
2026-02-17,LAKE,9.86,9.59,9.885,9.46,67587,650196.0,4.31,-2.84,-0.28,0.69
2026-02-17,LALT,23.76,23.65,23.76,23.62,9507,224821.0,0.59,-0.31,-0.073,0.0
2026-02-17,LAMR,132.72,132.57,133.25,131.005,539388,71341649.0,1.7,0.59,0.78,0.53
2026-02-17,LAND,11.47,11.42,11.69,11.175,1077240,12230979.0,4.6,2.06,0.23,2.83
2026-02-17,LANDO,20.03,20.05,20.2,20.03,14497,291285.0,0.85,0.05,0.01,0.0
2026-02-17,LANDP,19.85,19.84,19.88,19.81,28611,567656.0,0.35,0.0,0.0,0.0
2026-02-17,LANV,1.5,1.52,1.574,1.38,41067,60012.0,13.38,4.83,0.07,0.04
2026-02-17,LAPR,25.12,25.12,25.12,25.12,35,880.0,0.0,-0.08,-0.02,0.0
2026-02-17,LAR,6.9,6.81,6.9,6.42,2104736,14077820.0,6.95,-1.45,-0.1,1.3
2026-02-17,LARK,27.618,27.89,28.43,27.41,7075,197347.0,3.72,1.79,0.49,0.12
2026-02-17,LASE,0.8,0.73,0.825,0.73,953885,734083.0,12.42,-4.58,-0.035,3.19
2026-02-17,LASR,51.515,50.89,52.02,49.103,727101,36855153.0,5.58,-2.66,-1.39,1.33
2026-02-17,LATA,10.03,10.02,10.03,10.02,5063,50735.0,0.1,-0.6,-0.06,0.02
2026-02-17,LAUR,34.61,34.75,35.2,34.61,718642,25049342.0,1.7,-0.06,-0.02,0.5
2026-02-17,LAW,3.64,3.02,3.68,2.935,1137500,3477894.0,20.08,-18.6,-0.69,1.8
2026-02-17,LAYS,39.42,41.406,41.595,39.11,3345,132525.0,5.94,-0.99,-0.415,0.0
2026-02-17,LAZ,52.56,51.68,53.42,51.415,1158741,60010350.0,3.83,-1.2,-0.63,1.23
2026-02-17,LB,65.28,63.92,65.54,61.1,503775,32067492.0,6.8,-2.04,-1.33,0.65
2026-02-17,LBAY,28.06,27.82,28.06,27.74,12855,358221.0,1.14,-1.0,-0.281,0.0
2026-02-17,LBGJ,0.809,0.839,0.84,0.809,3746,3065.0,3.77,1.94,0.016,0.0
2026-02-17,LBO,25.91,25.91,25.91,25.91,13,337.0,0.0,-0.47,-0.123,0.0
2026-02-17,LBRDA,55.45,55.02,55.68,54.375,89321,4917009.0,2.35,-0.74,-0.41,0.48
2026-02-17,LBRDK,55.62,55.09,56.06,54.5,959107,52974468.0,2.81,-0.92,-0.51,0.77
2026-02-17,LBRDP,23.94,24.05,24.16,23.91,8795,210997.0,1.05,0.84,0.2,0.0
2026-02-17,LBRT,26.55,26.68,26.951,25.46,5692831,149807040.0,5.76,3.01,0.78,3.51
2026-02-17,LBRX,23.31,24.12,24.39,22.477,244434,5852522.0,8.2,3.34,0.78,0.85
2026-02-17,LBTYA,10.9,11.16,11.235,10.9,5921393,65793079.0,3.08,2.48,0.27,3.39
2026-02-17,LBTYB,13.969,13.37,14.025,13.23,25680,349324.0,5.32,-10.57,-1.58,0.2
2026-02-17,LBTYK,10.73,11.05,11.1,10.73,2393942,26312694.0,3.44,2.79,0.3,1.62
2026-02-17,LC,15.47,15.51,15.79,15.29,1335406,20720069.0,3.21,-0.51,-0.08,1.16
2026-02-17,LCAP,30.02,30.268,30.3,29.96,51217,1544381.0,1.13,0.49,0.148,0.0
2026-02-17,LCCC,10.25,10.25,10.25,10.25,12,121.0,0.0,0.0,0.0,0.0
2026-02-17,LCCCR,0.232,0.24,0.244,0.227,1278,304.0,5.96,-15.79,-0.045,0.0
2026-02-17,LCDL,2.76,2.58,2.76,2.544,183164,475371.0,7.77,-7.23,-0.201,0.0
2026-02-17,LCDS,65.65,65.69,65.69,65.65,125,8201.0,0.06,-0.1,-0.068,0.0
2026-02-17,LCF,41.31,41.311,41.311,41.31,143,5904.0,0.0,0.09,0.036,0.0
2026-02-17,LCFY,3.19,3.44,3.44,3.1,33771,110216.0,10.43,5.52,0.18,1.88
2026-02-17,LCFYW,3.08,3.08,3.08,3.08,111,342.0,0.0,9.22,0.26,0.0
2026-02-17,LCID,10.19,9.92,10.28,9.85,5493521,54707952.0,4.18,-3.5,-0.36,1.68
2026-02-17,LCII,157.16,154.11,158.135,153.78,418700,65071341.0,2.77,-1.92,-3.02,1.73
2026-02-17,LCIZ,27.35,27.457,27.72,26.9,2078,56931.0,3.18,6.53,1.682,0.0
2026-02-17,LCLG,62.57,62.39,62.57,62.39,3028,189412.0,0.29,0.08,0.05,0.0
2026-02-17,LCNB,17.39,17.59,17.66,17.39,28023,492135.0,1.56,1.79,0.31,0.2
2026-02-17,LCO,26.125,26.211,26.211,26.125,355,9274.0,0.32,-1.47,-0.39,0.0
2026-02-17,LCOW,23.35,23.56,23.61,23.35,3156,74128.0,1.1,0.08,0.02,0.0
2026-02-17,LCR,38.43,38.573,38.643,38.43,24188,932904.0,0.55,-0.1,-0.037,0.0
2026-02-17,LCTD,58.4,58.85,58.96,58.2,7484,438272.0,1.29,-0.13,-0.079,0.0
2026-02-17,LCTU,73.3,73.61,73.83,72.93,33343,2444714.0,1.23,0.23,0.171,0.0
2026-02-17,LCTX,1.66,1.68,1.695,1.62,1195931,1978161.0,4.52,1.2,0.02,0.49
2026-02-17,LCUT,3.45,3.29,3.54,3.26,22213,75271.0,8.19,-3.8,-0.13,0.1
2026-02-17,LDDR,83.27,83.208,83.27,83.208,18623,1549862.0,0.07,-0.06,-0.051,0.0
2026-02-17,LDEM,62.91,63.09,63.09,62.91,973,61135.0,0.28,-0.11,-0.07,0.0
2026-02-17,LDI,2.01,2.02,2.04,1.95,1598288,3204924.0,4.43,-0.49,-0.01,0.48
2026-02-17,LDOS,178.27,161.53,179.2,161.53,2595908,430543840.0,10.02,-8.38,-14.77,2.05
2026-02-17,LDP,21.41,21.4,21.46,21.36,41771,893874.0,0.47,0.19,0.04,0.14
2026-02-17,LDRC,25.41,25.45,25.46,25.41,21440,545427.0,0.2,0.04,0.01,0.0
2026-02-17,LDRH,24.9,24.855,24.905,24.82,23128,575027.0,0.34,-0.2,-0.05,0.0
2026-02-17,LDRI,25.31,25.315,25.34,25.3,7792,197279.0,0.16,-0.1,-0.025,0.0
2026-02-17,LDRT,25.42,25.365,25.42,25.36,24193,614436.0,0.24,-0.1,-0.025,0.0
2026-02-17,LDRX,31.79,32.11,32.14,31.79,17021,544718.0,1.09,0.34,0.108,0.0
2026-02-17,LDSF,19.222,19.235,19.24,19.222,25696,494344.0,0.09,0.1,0.02,0.0
2026-02-17,LDUR,96.37,96.36,96.38,96.28,80459,7749414.0,0.1,0.05,0.046,0.0
2026-02-17,LE,18.17,18.28,18.455,17.71,107233,1953452.0,4.07,-0.05,-0.01,0.35
2026-02-17,LEA,137.93,136.7,138.75,135.86,429780,58862235.0,2.1,-0.85,-1.17,0.85
2026-02-17,LEAD,80.45,80.773,81.09,80.07,2177,175753.0,1.27,0.29,0.233,0.0
2026-02-17,LECO,289.94,287.27,293.518,286.58,342998,98879492.0,2.36,-2.18,-6.41,0.63
2026-02-17,LEDS,1.57,1.6,1.6,1.57,2590,4101.0,1.86,-0.56,-0.009,0.03
2026-02-17,LEE,7.22,7.08,7.38,6.65,63527,447767.0,10.58,2.61,0.18,0.29
2026-02-17,LEG,11.75,11.78,11.82,11.42,2099585,24511198.0,3.41,0.43,0.05,1.55
2026-02-17,LEGH,21.99,21.42,22.035,21.22,142269,3041703.0,3.68,-3.3,-0.73,0.6
2026-02-17,LEGN,17.6,18.11,18.16,17.6,1408148,25193843.0,3.19,3.01,0.53,0.76
2026-02-17,LEGO_U,10.0,10.02,10.03,10.0,57143,572251.0,0.3,0.2,0.02,0.24
2026-02-17,LEGR,60.66,60.881,61.11,60.46,4240,257949.0,1.07,0.05,0.033,0.0
2026-02-17,LEGT,10.91,10.93,10.94,10.91,311707,3406820.0,0.27,0.09,0.01,1.21
2026-02-17,LEGT_U,11.1,11.1,11.1,11.1,72,797.0,0.0,0.0,0.0,0.0
2026-02-17,LEGT_WS,0.49,0.49,0.49,0.49,100,49.0,0.0,25.64,0.1,0.0
2026-02-17,LEMB,42.76,42.84,42.87,42.7,111506,4772390.0,0.4,0.02,0.01,0.0
2026-02-17,LEN,122.26,121.44,124.1,118.61,1830078,220974027.0,4.49,-0.69,-0.84,0.85
2026-02-17,LENS,44.658,45.351,45.351,44.658,2186,98679.0,1.49,-2.78,-1.296,0.0
2026-02-17,LENZ,12.75,13.04,13.31,12.56,355144,4593775.0,5.82,1.24,0.16,1.14
2026-02-17,LEN_B,114.57,113.99,114.57,111.107,50708,5740030.0,3.03,-0.23,-0.26,0.16
2026-02-17,LEO,6.51,6.52,6.52,6.475,180779,1174639.0,0.69,0.46,0.03,0.0
2026-02-17,LESL,1.14,1.2,1.23,1.034,423691,483131.0,17.5,7.14,0.08,4.55
2026-02-17,LEU,194.54,199.35,200.3,187.358,1096241,213656150.0,6.5,0.08,0.16,5.57
2026-02-17,LEVI,22.0,21.83,22.22,21.48,1880953,40926297.0,3.38,-0.37,-0.08,0.48
2026-02-17,LEXI,36.68,36.786,36.86,36.53,9858,362419.0,0.9,0.1,0.038,0.0
2026-02-17,LEXX,0.616,0.65,0.69,0.6,64692,41332.0,14.45,4.33,0.027,0.26
2026-02-17,LFAC,9.95,9.95,9.95,9.95,63241,629248.0,0.0,-0.05,-0.005,0.37
2026-02-17,LFACU,10.15,10.06,10.15,10.06,337,3399.0,0.89,0.0,0.0,0.0
2026-02-17,LFACW,0.32,0.32,0.32,0.32,159,53.0,0.0,0.0,0.0,0.0
2026-02-17,LFAI,156.59,156.59,156.59,156.59,7,1098.0,0.0,0.1,0.151,0.0
2026-02-17,LFAO,170.993,170.993,170.993,170.993,3,513.0,0.0,0.13,0.22,0.0
2026-02-17,LFBE,192.942,192.942,192.942,192.942,1,193.0,0.0,0.17,0.331,0.0
2026-02-17,LFCR,7.09,7.16,7.29,7.0,92935,664897.0,4.1,1.13,0.08,0.25
2026-02-17,LFDR,193.02,193.02,193.02,193.02,48,9260.0,0.0,0.18,0.338,0.0
2026-02-17,LFEQ,53.97,54.143,54.143,53.79,604,32569.0,0.65,0.15,0.079,0.0
2026-02-17,LFGY,21.01,21.01,21.32,20.625,75305,1581557.0,3.27,-1.27,-0.27,0.0
2026-02-17,LFMD,2.77,2.85,2.89,2.71,1614051,4531814.0,6.47,2.52,0.07,3.46
2026-02-17,LFMDP,22.55,22.55,22.55,22.55,157,3540.0,0.0,0.22,0.05,0.0
2026-02-17,LFS,2.98,3.3,3.73,2.98,22173580,79991603.0,30.99,36.36,0.88,84.76
2026-02-17,LFSC,35.97,36.21,36.3,35.97,756,27309.0,0.93,1.69,0.603,0.0
2026-02-17,LFST,7.03,7.04,7.191,7.02,1437618,10174321.0,2.43,0.14,0.01,0.37
2026-02-17,LFT,1.31,1.31,1.34,1.3,104714,137185.0,3.01,-1.5,-0.02,0.2
2026-02-17,LFT_A,20.41,20.816,20.816,20.41,545,11246.0,1.99,1.84,0.376,0.0
2026-02-17,LFUS,354.33,349.74,355.25,343.14,234588,82049200.0,3.37,-2.73,-9.81,0.93
2026-02-17,LFVN,5.03,4.94,5.05,4.765,206483,1014464.0,5.67,-1.79,-0.09,1.61
2026-02-17,LFWD,0.508,0.527,0.583,0.508,270344,143127.0,14.71,3.33,0.017,1.48
2026-02-17,LGCB,1.58,1.57,1.63,1.56,55006,87811.0,4.32,-3.09,-0.05,0.47
2026-02-17,LGCF,34.718,34.718,34.718,34.718,3,104.0,0.0,0.13,0.045,0.0
2026-02-17,LGCL,1.76,1.89,1.89,1.61,3991,7217.0,14.97,1.07,0.02,0.01
2026-02-17,LGCY,11.0,12.17,12.17,10.995,182470,2115834.0,10.17,5.37,0.62,1.45
2026-02-17,LGH,61.02,61.135,61.41,60.39,32804,2003520.0,1.67,0.2,0.125,0.0
2026-02-17,LGHL,1.15,1.75,1.91,1.1,1806354,2773990.0,67.5,45.83,0.55,356.23
2026-02-17,LGHT,9.37,9.492,9.52,9.37,1271,12081.0,1.6,1.4,0.131,0.0
2026-02-17,LGI,18.79,18.78,18.89,18.69,72293,1358602.0,1.06,-0.32,-0.06,0.0
2026-02-17,LGIH,58.58,58.145,60.7,55.75,607693,35196864.0,8.14,-4.41,-2.685,2.63
2026-02-17,LGL,7.25,6.99,7.25,6.99,12508,89885.0,3.59,-3.59,-0.26,0.23
2026-02-17,LGLV,186.15,185.27,186.76,184.675,18281,3391443.0,1.12,-0.34,-0.64,0.0
2026-02-17,LGN,47.4,47.6,48.28,45.82,851276,40206777.0,5.15,-0.42,-0.2,0.81
2026-02-17,LGND,184.02,187.51,189.75,184.02,123438,23144655.0,3.12,2.0,3.68,0.62
2026-02-17,LGO,1.48,1.43,1.51,1.37,1432408,2044376.0,9.46,-3.38,-0.05,1.71
2026-02-17,LGOV,22.32,22.32,22.34,22.29,106302,2372150.0,0.22,0.16,0.035,0.0
2026-02-17,LGPS,0.74,0.76,0.78,0.725,7263,5459.0,7.33,1.33,0.01,0.03
2026-02-17,LGRO,38.591,38.65,38.7,38.18,2828,109156.0,1.35,0.04,0.016,0.0
2026-02-17,LGVN,0.545,0.552,0.552,0.525,109653,58736.0,5.04,2.99,0.016,0.48
2026-02-17,LH,277.89,276.67,279.49,260.57,1610181,440082800.0,6.69,-2.11,-5.96,1.96
2026-02-17,LHAI,1.33,1.44,1.485,1.25,217036,302390.0,17.54,7.46,0.1,1.34
2026-02-17,LHSW,0.2,0.256,0.26,0.2,2425264,556482.0,27.27,16.36,0.036,4.66
2026-02-17,LHX,345.87,346.59,349.86,343.04,1284187,445391072.0,1.97,0.32,1.09,0.69
2026-02-17,LI,18.31,18.4,18.585,18.24,1295775,23794215.0,1.87,-0.33,-0.06,0.12
2026-02-17,LIAM,242.87,242.901,242.901,242.87,428,103959.0,0.01,-0.11,-0.258,0.0
2026-02-17,LIAU,269.873,269.873,269.873,269.873,2,541.0,0.0,1.21,3.221,0.0
2026-02-17,LIBD,287.9,287.517,287.9,287.517,118,33970.0,0.13,-0.04,-0.115,0.0
2026-02-17,LICN,2.893,3.0,3.0,2.66,2902,8589.0,11.33,0.0,0.0,0.02
2026-02-17,LIDR,1.65,1.61,1.675,1.6,389080,632825.0,4.55,-2.42,-0.04,0.86
2026-02-17,LIDRW,0.066,0.072,0.072,0.066,5771,405.0,9.09,9.09,0.006,0.0
2026-02-17,LIEN,10.23,10.15,10.33,10.15,32919,335741.0,1.76,-0.98,-0.1,0.14
2026-02-17,LIF,49.23,49.55,49.93,48.22,674398,33270691.0,3.47,0.49,0.24,0.85
2026-02-17,LIFE,10.39,10.08,10.85,9.9,339203,3454506.0,9.23,-2.04,-0.21,0.54
2026-02-17,LIFT,27.415,27.41,27.45,27.41,1681,46130.0,0.15,0.0,0.0,0.0
2026-02-17,LII,566.22,565.5,574.285,555.59,600805,339152688.0,3.3,-0.2,-1.15,1.73
2026-02-17,LILA,7.72,7.84,7.98,7.72,335117,2643142.0,3.37,1.55,0.12,0.81
2026-02-17,LILAK,7.81,7.93,8.065,7.81,572481,4560622.0,3.27,1.67,0.13,0.36
2026-02-17,LIMI,49.08,48.707,49.08,47.72,911,44044.0,2.82,0.96,0.463,0.0
2026-02-17,LIMN,0.253,0.256,0.283,0.225,13813151,3507479.0,15.43,-31.91,-0.12,44.47
2026-02-17,LIMNW,0.071,0.058,0.071,0.043,31035,2003.0,39.44,-18.31,-0.013,0.0
2026-02-17,LIN,479.13,482.22,483.77,478.01,2249585,1083656432.0,1.2,0.25,1.22,0.49
2026-02-17,LINC,28.74,30.13,30.205,28.32,818494,24262784.0,6.52,4.26,1.23,2.59
2026-02-17,LIND,20.01,20.54,20.85,20.0,913609,18765920.0,4.24,2.34,0.47,1.65
2026-02-17,LINE,38.14,37.12,38.35,36.625,2088250,77735116.0,4.56,-1.88,-0.71,0.92
2026-02-17,LINK,3.38,3.34,3.48,3.3,8155,27471.0,5.33,-1.18,-0.04,0.05
2026-02-17,LINT,37.65,37.96,38.92,36.8,60044,2281242.0,5.43,-2.72,-1.06,0.0
2026-02-17,LION,8.13,8.26,8.28,7.89,2167875,17515709.0,4.82,2.1,0.17,0.75
2026-02-17,LIQT,1.82,1.82,1.82,1.82,494,884.0,0.0,0.55,0.01,0.01
2026-02-17,LIT,71.9,72.47,72.84,71.37,219301,15836260.0,2.02,-0.32,-0.23,0.0
2026-02-17,LITB,2.642,2.63,2.65,2.57,5266,13881.0,3.02,-0.75,-0.02,0.03
2026-02-17,LITE,538.0,600.42,616.52,528.01,5625048,3296232384.0,15.73,6.7,37.68,7.88
2026-02-17,LITL,30.04,30.231,30.231,30.04,2252,67666.0,0.63,-0.1,-0.031,0.0
2026-02-17,LITM,3.03,2.91,3.035,2.89,165061,485586.0,4.75,-4.59,-0.14,0.92
2026-02-17,LITP,13.26,13.04,13.26,12.76,170477,2221106.0,3.9,1.8,0.23,0.0
2026-02-17,LITS,1.14,1.1,1.14,1.06,178875,198728.0,7.14,-1.79,-0.02,0.49
2026-02-17,LITX,61.98,76.93,80.8,60.31,973293,72031186.0,29.95,12.44,8.51,0.0
2026-02-17,LIVE,19.88,18.61,19.88,18.21,7267,137960.0,8.44,-5.99,-1.185,0.24
2026-02-17,LIVN,65.82,66.96,67.16,65.82,881922,58836626.0,2.04,1.76,1.16,1.61
2026-02-17,LIXT,3.08,3.02,3.28,3.02,13643,42510.0,8.52,-0.98,-0.03,0.17
2026-02-17,LJAN,24.545,24.555,24.58,24.48,2390,58584.0,0.41,0.1,0.025,0.0
2026-02-17,LJUL,23.941,23.985,23.985,23.941,228,5461.0,0.18,0.08,0.02,0.0
2026-02-17,LKFN,61.71,61.61,62.47,61.09,112792,6963740.0,2.25,0.33,0.2,0.45
2026-02-17,LKOR,43.17,43.213,43.26,43.17,3344,144491.0,0.21,0.31,0.132,0.0
2026-02-17,LKQ,33.98,32.51,34.19,32.225,3107457,101430880.0,5.76,-4.66,-1.59,1.22
2026-02-17,LKSPR,1.23,1.23,1.23,1.23,1110,1386.0,0.0,0.0,0.0,0.0
2026-02-17,LKSPU,10.29,10.29,10.29,10.29,68,689.0,0.0,0.0,0.0,0.0
2026-02-17,LLDR,46.672,46.672,46.672,46.672,20,934.0,0.0,0.16,0.076,0.0
2026-02-17,LLII,25.855,25.67,26.31,25.64,20228,525538.0,2.61,0.12,0.03,0.0
2026-02-17,LLY,1045.61,1036.05,1067.0,1034.88,2984593,3117042000.0,3.09,-0.38,-3.95,0.32
2026-02-17,LLYVA,91.53,91.79,92.19,88.946,116660,10689279.0,3.58,1.2,1.09,0.42
2026-02-17,LLYVK,93.72,94.21,94.553,91.04,242133,22683279.0,3.77,1.07,1.0,0.38
2026-02-17,LLYX,23.09,22.76,24.01,22.71,248609,5802801.0,5.69,-0.39,-0.09,0.0
2026-02-17,LMAT,87.34,89.25,89.8,85.775,143100,12692607.0,4.59,1.81,1.59,0.63
2026-02-17,LMB,88.14,91.16,92.58,87.25,85753,7788898.0,6.05,3.43,3.02,0.74
2026-02-17,LMBO,17.35,17.48,17.55,16.64,2984,51437.0,5.19,-0.4,-0.07,0.0
2026-02-17,LMBS,50.48,50.42,50.48,50.412,427584,21565405.0,0.13,-0.02,-0.01,0.0
2026-02-17,LMFA,0.343,0.368,0.394,0.321,728018,263766.0,22.32,12.54,0.041,4.77
2026-02-17,LMND,63.74,64.59,65.26,62.19,2046864,131000236.0,4.81,1.3,0.83,2.7
2026-02-17,LMNR,14.25,13.96,14.28,13.93,59988,840878.0,2.45,-2.14,-0.305,0.33
2026-02-17,LMNX,20.92,21.591,22.05,20.18,43546,932832.0,8.93,3.08,0.645,0.09
2026-02-17,LMRI,14.55,15.22,15.3,14.22,647451,9597076.0,7.52,5.99,0.86,0.68
2026-02-17,LMT,653.0,649.58,656.22,642.0,1169583,761020416.0,2.18,-0.46,-3.0,0.51
2026-02-17,LMTL,53.09,52.66,53.382,51.69,18417,973018.0,3.19,-0.65,-0.345,0.0
2026-02-17,LMTS,16.065,16.065,16.065,16.065,88,1414.0,0.0,0.36,0.057,0.0
2026-02-17,LMUB,51.011,51.103,51.2,51.011,3479,178303.0,0.37,0.35,0.18,0.0
2026-02-17,LNAI,0.68,0.667,0.69,0.65,462056,307692.0,5.45,-9.13,-0.067,1.91
2026-02-17,LNC,41.61,41.57,42.25,41.1,2081045,86535122.0,2.81,1.69,0.69,1.09
2026-02-17,LNC_D,26.64,26.64,26.73,26.62,59707,1591372.0,0.41,0.08,0.02,0.3
2026-02-17,LND,3.9,3.84,3.93,3.83,40396,156235.0,2.58,-1.03,-0.04,0.04
2026-02-17,LNG,222.49,219.01,223.54,217.55,1283878,281237760.0,2.71,-0.81,-1.78,0.6
2026-02-17,LNGX,40.66,39.817,40.66,39.305,18786,741351.0,3.36,-1.24,-0.501,0.0
2026-02-17,LNKB,9.24,9.4,9.42,9.2,87408,816425.0,2.39,1.95,0.18,0.23
2026-02-17,LNKS,1.12,1.17,1.19,1.12,45150,52144.0,6.25,4.46,0.05,0.34
2026-02-17,LNN,135.72,134.31,148.003,133.01,52265,7027128.0,11.11,-0.48,-0.65,0.5
2026-02-17,LNOK,23.8,25.455,25.555,23.79,4642,114543.0,7.5,8.16,1.921,0.0
2026-02-17,LNSR,12.3,11.66,12.3,11.33,125993,1470453.0,7.93,-4.66,-0.57,1.05
2026-02-17,LNT,71.825,71.1,72.255,70.97,2725659,194064813.0,1.81,-0.13,-0.09,1.06
2026-02-17,LNTH,69.4,71.27,71.44,69.36,825021,58420699.0,3.0,2.72,1.89,1.28
2026-02-17,LNZA,9.14,9.05,9.545,8.701,4632,41634.0,9.09,-2.48,-0.23,0.2
2026-02-17,LNZAW,0.012,0.014,0.014,0.012,23360,316.0,15.38,7.69,0.001,0.0
2026-02-17,LOAN,4.42,4.42,4.48,4.38,29450,130155.0,2.25,-0.67,-0.03,0.26
2026-02-17,LOAR,64.46,63.77,65.24,63.71,1034209,66472829.0,2.37,-1.07,-0.69,1.1
2026-02-17,LOB,40.5,40.75,41.4,40.07,207208,8440103.0,3.28,0.52,0.21,0.45
2026-02-17,LOBO,0.55,0.572,0.572,0.55,5580,3106.0,3.81,-0.87,-0.005,0.04
2026-02-17,LOB_A,25.99,25.99,26.0,25.848,9150,237315.0,0.59,0.36,0.094,0.23
2026-02-17,LOCL,1.7,1.77,1.81,1.7,7383,12863.0,6.4,2.91,0.05,0.03
2026-02-17,LOCO,10.51,10.63,10.71,10.405,164919,1750692.0,2.9,1.14,0.12,0.55
2026-02-17,LOCT,23.87,23.852,23.87,23.8,10253,244523.0,0.29,0.09,0.021,0.0
2026-02-17,LODE,2.7,2.77,2.79,2.62,881537,2392157.0,6.16,0.36,0.01,1.24
2026-02-17,LODI,25.42,25.405,25.42,25.358,6814,173048.0,0.24,0.02,0.005,0.0
2026-02-17,LOGI,89.935,89.94,90.34,89.04,720915,64616479.0,1.45,0.59,0.53,0.49
2026-02-17,LOGO,19.69,19.849,19.849,19.69,526,10419.0,0.8,0.12,0.023,0.0
2026-02-17,LOKV,10.32,10.31,10.32,10.31,628,6478.0,0.1,-0.1,-0.01,0.0
2026-02-17,LOKVU,11.0,10.78,11.0,10.78,400,4378.0,2.0,-1.91,-0.21,0.0
2026-02-17,LOKVW,1.6,1.65,1.7,1.55,7253,11735.0,9.09,0.0,0.0,0.0
2026-02-17,LOMA,11.3,11.32,11.552,10.835,141734,1584415.0,6.25,-1.31,-0.15,0.12
2026-02-17,LONA,4.23,4.39,4.6,4.22,282662,1265908.0,8.76,1.15,0.05,3.03
2026-02-17,LONZ,49.99,49.97,50.01,49.93,47634,2380145.0,0.16,0.05,0.025,0.0
2026-02-17,LOOP,1.28,1.315,1.35,1.265,107031,138282.0,6.8,5.2,0.065,0.22
2026-02-17,LOPE,162.13,162.35,164.127,159.1,259536,41879701.0,3.12,0.78,1.26,0.96
2026-02-17,LOPP,36.71,36.816,36.816,36.71,1076,39506.0,0.29,0.06,0.023,0.0
2026-02-17,LOT,1.1,1.1,1.14,1.08,61959,67823.0,5.41,-0.9,-0.01,0.01
2026-02-17,LOTI,26.31,26.262,26.31,26.262,38045,1000182.0,0.18,0.01,0.003,0.0
2026-02-17,LOTWW,0.065,0.07,0.07,0.065,45910,2995.0,7.14,0.0,0.0,0.0
2026-02-17,LOUP,74.25,74.701,75.16,73.57,9414,701520.0,2.13,0.08,0.061,0.0
2026-02-17,LOVE,13.34,13.46,13.485,13.02,100192,1338048.0,3.49,0.98,0.13,0.69
2026-02-17,LOW,287.025,281.16,289.86,278.25,2304987,647996016.0,4.04,-2.17,-6.23,0.41
2026-02-17,LOWV,76.8,76.79,77.04,76.79,40940,3145497.0,0.33,0.05,0.04,0.0
2026-02-17,LPA,2.46,2.38,2.5,2.38,22238,54472.0,4.92,-2.46,-0.06,0.07
2026-02-17,LPAA,10.64,10.64,10.64,10.64,303,3227.0,0.0,-0.09,-0.01,0.0
2026-02-17,LPAAW,0.11,0.11,0.11,0.11,221,24.0,0.0,-20.86,-0.029,0.0
2026-02-17,LPBBW,0.31,0.31,0.31,0.31,226,67.0,0.0,-1.9,-0.006,0.0
2026-02-17,LPCN,8.66,9.45,9.778,8.66,78038,728962.0,12.91,9.12,0.79,1.27
2026-02-17,LPCV,9.9,9.9,9.905,9.9,1920,19009.0,0.05,-0.3,-0.03,0.01
2026-02-17,LPCVU,10.01,10.01,10.04,10.01,831,8330.0,0.3,0.0,0.0,0.0
2026-02-17,LPCVW,0.36,0.33,0.36,0.33,200,69.0,7.5,-17.5,-0.07,0.0
2026-02-17,LPG,33.19,34.18,34.38,32.41,662138,22275513.0,5.89,2.15,0.72,1.55
2026-02-17,LPL,3.96,4.03,4.055,3.94,715805,2876907.0,2.88,0.75,0.03,0.07
2026-02-17,LPLA,334.7,322.19,335.27,320.62,1843555,598502368.0,4.38,-3.74,-12.51,2.3
2026-02-17,LPRE,28.29,28.58,28.58,28.29,2416,68456.0,1.03,1.05,0.298,0.0
2026-02-17,LPRO,1.36,1.4,1.47,1.33,523693,726602.0,10.29,2.94,0.04,0.45
2026-02-17,LPSN,2.71,2.67,2.74,2.56,99213,262630.0,6.55,-2.91,-0.08,0.82
2026-02-17,LPTH,11.5,11.18,11.5,10.4,2102608,23097103.0,9.55,-2.95,-0.34,3.64
2026-02-17,LPX,91.16,88.86,91.38,86.563,3114479,278327024.0,5.15,-5.08,-4.76,4.46
2026-02-17,LQAI,39.585,39.585,39.585,39.585,252,10000.0,0.0,-0.54,-0.216,0.0
2026-02-17,LQD,111.57,111.7,111.74,111.49,33132619,3698204384.0,0.22,0.1,0.11,0.0
2026-02-17,LQDA,37.92,33.84,37.92,31.39,6151973,211178651.0,17.09,-11.41,-4.36,6.98
2026-02-17,LQDB,87.95,88.12,88.12,87.95,1978,174174.0,0.19,0.1,0.09,0.0
2026-02-17,LQDH,93.05,93.18,93.28,93.05,62183,5794273.0,0.25,0.06,0.055,0.0
2026-02-17,LQDI,26.67,26.57,26.67,26.552,6282,167077.0,0.44,-0.45,-0.12,0.0
2026-02-17,LQDT,30.86,30.99,31.35,30.28,245723,7619732.0,3.48,0.85,0.26,0.79
2026-02-17,LQDW,24.7,24.705,24.72,24.681,73498,1815565.0,0.16,0.08,0.02,0.0
2026-02-17,LQIG,96.97,97.017,97.05,96.938,1594,154575.0,0.12,0.09,0.089,0.0
2026-02-17,LQTI,20.16,20.09,20.16,20.02,65277,1310410.0,0.7,0.0,0.0,0.0
2026-02-17,LRCU,115.45,120.0,121.75,113.6,34370,4054848.0,6.79,-0.02,-0.02,0.0
2026-02-17,LRCX,231.45,235.58,238.15,228.88,7368503,1731610592.0,3.94,0.02,0.05,0.59
2026-02-17,LRE,1.26,1.36,1.41,1.26,47102,64256.0,11.9,7.94,0.1,0.35
2026-02-17,LRGC,76.57,76.93,77.195,76.29,138641,10667901.0,1.18,0.12,0.09,0.0
2026-02-17,LRGE,77.7,78.24,78.505,77.24,20059,1565847.0,1.62,0.38,0.3,0.0
2026-02-17,LRGF,68.65,68.87,69.08,68.2,768930,52948633.0,1.28,0.16,0.11,0.0
2026-02-17,LRGG,26.36,26.49,26.525,26.25,21664,573150.0,1.04,0.08,0.02,0.0
2026-02-17,LRHC,1.24,1.45,1.81,1.23,1298306,1985336.0,45.67,14.17,0.18,242.67
2026-02-17,LRMR,3.15,3.03,3.18,2.96,1269246,3844068.0,6.98,-3.81,-0.12,1.48
2026-02-17,LRN,85.26,83.78,86.91,82.76,599829,50444202.0,4.89,-1.31,-1.11,1.41
2026-02-17,LRND,39.5,39.262,39.5,39.262,245,9619.0,0.61,0.31,0.122,0.0
2026-02-17,LRNZ,42.57,42.654,42.654,42.05,3267,138739.0,1.41,-0.77,-0.33,0.0
2026-02-17,LSAF,47.13,47.16,47.23,46.76,5827,274283.0,1.0,0.4,0.19,0.0
2026-02-17,LSAK,4.41,4.46,4.5,4.39,27403,122178.0,2.49,1.13,0.05,0.03
2026-02-17,LSAT,40.34,40.22,40.34,39.86,7734,310824.0,1.19,0.1,0.04,0.0
2026-02-17,LSBK,15.45,15.49,15.59,15.45,35086,543608.0,0.91,0.26,0.04,0.45
2026-02-17,LSCC,95.98,97.5,97.84,94.64,2917223,281494400.0,3.28,-0.13,-0.13,2.13
2026-02-17,LSE,4.22,4.63,4.96,4.22,2515,11581.0,16.97,6.19,0.27,0.01
2026-02-17,LSEQ,32.04,31.949,32.14,31.949,1543,49422.0,0.6,0.06,0.019,0.0
2026-02-17,LSF,2.91,2.88,2.97,2.68,75709,211030.0,9.97,-1.03,-0.03,0.71
2026-02-17,LSGR,41.26,41.312,41.452,40.765,72501,2984045.0,1.66,-0.41,-0.168,0.0
2026-02-17,LSH,0.582,0.557,0.583,0.53,12546,6972.0,9.53,0.18,0.001,0.04
2026-02-17,LSPD,8.96,9.1,9.125,8.8,809716,7308511.0,3.62,1.22,0.11,0.59
2026-02-17,LST,42.82,42.84,43.0,42.485,38173,1635553.0,1.2,-0.37,-0.16,0.0
2026-02-17,LSTA,4.55,4.56,4.59,4.55,36250,165328.0,0.88,-0.22,-0.01,0.41
2026-02-17,LSTR,142.17,144.15,144.625,141.2,523172,75186097.0,2.41,1.26,1.79,1.54
2026-02-17,LSVD,30.33,30.39,30.4,30.3,22721,688616.0,0.33,0.08,0.023,0.0
2026-02-17,LTBR,13.045,13.21,13.52,12.53,523917,6849964.0,7.59,1.3,0.17,1.57
2026-02-17,LTC,39.55,39.9,39.9,39.347,328729,13064307.0,1.4,1.29,0.51,0.68
2026-02-17,LTCC,13.46,13.253,13.46,13.058,4664,61953.0,2.97,-1.95,-0.264,0.0
2026-02-17,LTH,29.24,29.06,29.38,28.63,1620793,46963871.0,2.58,0.0,0.0,0.73
2026-02-17,LTL,26.61,26.499,26.665,26.18,3929,104035.0,1.83,-0.22,-0.059,0.0
2026-02-17,LTM,59.7,60.52,60.605,58.91,2588681,154424980.0,2.84,1.36,0.81,0.9
2026-02-17,LTPZ,53.35,53.26,53.387,53.247,25199,1343191.0,0.26,-0.04,-0.02,0.0
2026-02-17,LTRN,2.7,2.739,2.83,2.635,22783,62433.0,7.22,1.44,0.039,0.2
2026-02-17,LTRX,5.35,5.41,5.546,5.23,611422,3325219.0,5.77,-1.28,-0.07,1.54
2026-02-17,LTRYW,0.01,0.01,0.011,0.01,23643,245.0,10.0,0.0,0.0,0.0
2026-02-17,LTTI,19.5,19.58,19.58,19.496,10704,208863.0,0.43,0.74,0.143,0.0
2026-02-17,LU,2.99,3.11,3.21,2.87,4906986,15240740.0,12.64,15.61,0.42,0.57
2026-02-17,LUCD,1.3,1.29,1.34,1.27,849984,1108086.0,5.26,-3.01,-0.04,0.62
2026-02-17,LUCK,7.88,8.24,8.26,7.74,242868,1961823.0,6.64,5.24,0.41,0.18
2026-02-17,LUCY,1.11,1.15,1.24,1.11,128371,148641.0,11.5,1.77,0.02,2.4
2026-02-17,LUCYW,0.07,0.07,0.07,0.07,1275,89.0,0.0,7.69,0.005,0.0
2026-02-17,LUD,6.8,6.5,6.8,6.5,1273,8422.0,4.67,1.09,0.07,0.01
2026-02-17,LULG,16.71,17.024,17.06,15.89,85158,1368940.0,7.04,2.45,0.407,0.0
2026-02-17,LULU,175.21,177.72,178.81,172.4,1636186,287956944.0,3.63,0.74,1.3,1.47
2026-02-17,LUMN,8.27,8.09,8.51,8.01,13386042,110288029.0,5.96,-3.58,-0.3,1.31
2026-02-17,LUNG,1.5,1.49,1.52,1.46,271689,405334.0,4.08,1.36,0.02,0.65
2026-02-17,LUNL,10.54,11.69,11.79,10.41,93053,1042165.0,12.38,4.84,0.54,0.0
2026-02-17,LUNR,15.81,16.62,16.65,15.52,6133526,99950982.0,7.01,3.04,0.49,3.4
2026-02-17,LUV,52.67,54.26,55.11,52.64,12962176,699554576.0,4.83,6.16,3.15,2.64
2026-02-17,LUXE,10.36,10.27,10.44,9.975,475548,4855869.0,4.42,-2.28,-0.24,0.35
2026-02-17,LVDS,52.72,52.705,52.88,52.55,10845,572207.0,0.62,-0.38,-0.202,0.0
2026-02-17,LVHD,44.13,43.869,44.15,43.72,43913,1927228.0,0.98,-0.45,-0.197,0.0
2026-02-17,LVHI,40.57,40.54,40.7,40.22,1957288,79135477.0,1.19,0.15,0.06,0.0
2026-02-17,LVLN,24.815,24.815,24.815,24.815,394,9777.0,0.0,-0.12,-0.03,0.0
2026-02-17,LVLU,14.5,14.73,15.03,14.33,25757,380441.0,4.81,1.24,0.18,0.93
2026-02-17,LVO,5.1,4.955,5.2,4.91,18103,91220.0,5.59,-4.53,-0.235,0.16
2026-02-17,LVRO,0.739,0.76,0.774,0.7,147721,104496.0,7.57,-22.29,-0.218,0.13
2026-02-17,LVROW,0.018,0.004,0.018,0.004,321980,2201.0,40.0,-88.57,-0.031,0.0
2026-02-17,LVS,57.66,57.52,57.785,56.35,4879318,279440864.0,2.51,0.65,0.37,0.73
2026-02-17,LVWR,2.64,2.47,2.76,2.44,192169,492449.0,11.94,-7.84,-0.21,0.09
2026-02-17,LW,50.01,48.18,50.39,46.59,2359493,112645631.0,7.63,-3.29,-1.64,1.7
2026-02-17,LWAC,10.1,10.1,10.1,10.1,5400,54540.0,0.0,-0.1,-0.01,0.02
2026-02-17,LWAY,22.0,21.78,22.02,21.54,24194,526068.0,2.18,-0.91,-0.2,0.16
2026-02-17,LWLG,3.43,3.46,3.497,3.295,884569,3006169.0,5.79,-0.86,-0.03,0.61
2026-02-17,LX,2.75,3.0,3.03,2.75,1972986,5779080.0,10.14,8.7,0.24,1.17
2026-02-17,LXEH,0.22,0.217,0.235,0.217,69054,15730.0,7.73,-6.87,-0.016,0.36
2026-02-17,LXEO,6.32,6.28,6.42,6.03,552227,3428070.0,6.18,-0.48,-0.03,0.76
2026-02-17,LXFR,15.66,15.62,15.745,15.425,148146,2315471.0,2.05,0.0,0.0,0.56
2026-02-17,LXP,47.77,48.38,49.44,47.375,871267,42393007.0,4.33,1.51,0.72,1.47
2026-02-17,LXP_C,47.1,47.15,47.15,47.05,1571,74013.0,0.21,0.32,0.15,0.0
2026-02-17,LXRX,1.32,1.32,1.34,1.29,995337,1308390.0,3.82,0.76,0.01,0.24
2026-02-17,LXU,9.81,9.68,9.81,9.449,244001,2358761.0,3.66,-1.73,-0.17,0.34
2026-02-17,LYB,57.45,55.98,58.01,55.052,4694660,262507137.0,5.13,-2.83,-1.63,1.46
2026-02-17,LYEL,25.91,25.38,26.739,23.42,229327,5727007.0,12.84,-1.78,-0.46,1.08
2026-02-17,LYFT,13.235,13.3,13.44,13.07,16806861,223196690.0,2.79,0.23,0.03,4.22
2026-02-17,LYFX,7.95,7.995,8.01,7.94,5536,44148.0,0.88,-0.06,-0.005,0.0
2026-02-17,LYG,5.6,5.7,5.72,5.56,26764273,150964745.0,2.85,1.6,0.09,0.18
2026-02-17,LYLD,30.23,30.324,30.472,30.125,8384,253521.0,1.14,-0.4,-0.121,0.0
2026-02-17,LYRA,1.42,1.35,1.45,1.28,23874,31684.0,12.23,-2.88,-0.04,1.35
2026-02-17,LYTS,22.54,22.37,22.61,22.08,105377,2358903.0,2.36,-0.49,-0.11,0.34
2026-02-17,LYV,156.22,157.53,158.22,152.73,2372716,372082928.0,3.47,-0.47,-0.74,1.01
2026-02-17,LZ,6.81,6.86,6.95,6.665,2564307,17527843.0,4.15,-0.15,-0.01,1.48
2026-02-17,LZB,38.69,37.93,38.88,37.34,462765,17485349.0,4.02,-1.07,-0.41,1.13
2026-02-17,LZM,4.32,4.33,4.48,4.22,180270,785036.0,5.92,-1.37,-0.06,0.22
2026-02-17,LZMH,1.12,1.17,1.24,1.12,16148,18604.0,10.71,4.46,0.05,0.01
2026-02-17,LZM_WS,0.48,0.48,0.48,0.48,2661,1277.0,0.0,-4.0,-0.02,0.0
2026-02-17,M,21.74,22.24,22.385,21.47,6198150,136814302.0,4.23,2.82,0.61,2.33
2026-02-17,MA,515.0,521.93,525.86,515.0,3177954,1658685952.0,2.1,0.69,3.57,0.36
2026-02-17,MAA,136.0,134.41,137.05,132.93,795783,106801909.0,3.04,-0.84,-1.14,0.68
2026-02-17,MAAS,5.995,6.14,6.14,5.995,1671,10054.0,2.36,0.0,0.0,0.0
2026-02-17,MAAY,9.77,9.509,9.78,9.42,19476,186398.0,3.68,-2.74,-0.268,0.0
2026-02-17,MAA_I,54.75,54.75,54.75,54.75,419,23015.0,0.0,-0.22,-0.12,0.0
2026-02-17,MAC,18.71,18.79,18.94,18.46,3180622,59692702.0,2.59,1.46,0.27,1.24
2026-02-17,MACI,10.72,10.7,10.72,10.69,1979,21163.0,0.28,0.0,0.0,0.01
2026-02-17,MACIU,10.88,10.88,10.88,10.88,15,162.0,0.0,0.0,0.0,0.0
2026-02-17,MACIW,0.111,0.111,0.111,0.111,1,0.0,0.0,0.0,0.0,0.0
2026-02-17,MADE,36.18,36.43,36.52,35.945,160731,5855785.0,1.59,0.55,0.2,0.0
2026-02-17,MAGA,55.76,55.636,55.91,55.502,1601,89149.0,0.73,-0.28,-0.157,0.0
2026-02-17,MAGC,21.9,21.82,21.9,21.71,4185,91383.0,0.87,-0.32,-0.07,0.0
2026-02-17,MAGG,20.73,20.73,20.74,20.69,20974,434721.0,0.24,-0.04,-0.009,0.0
2026-02-17,MAGN,13.61,13.77,13.95,13.45,580771,7980304.0,3.62,-0.36,-0.05,1.62
2026-02-17,MAGO,22.03,22.193,22.32,22.03,562,12435.0,1.31,0.34,0.076,0.0
2026-02-17,MAGS,60.74,61.27,61.555,60.13,5627157,342504080.0,2.33,0.2,0.12,0.0
2026-02-17,MAGX,47.63,48.52,48.999,46.92,34978,1673571.0,4.32,0.75,0.36,0.0
2026-02-17,MAGY,47.69,47.98,48.27,47.32,230230,11008608.0,1.98,0.13,0.06,0.0
2026-02-17,MAIA,1.86,1.97,1.97,1.83,286852,546030.0,7.29,2.6,0.05,0.75
2026-02-17,MAIN,59.5,59.18,60.13,58.3,591760,34952889.0,3.08,-0.44,-0.26,0.66
2026-02-17,MAKX,57.123,57.123,57.123,57.123,132,7538.0,0.0,-0.65,-0.372,0.0
2026-02-17,MAMA,15.53,14.98,15.61,14.925,475659,7210250.0,4.41,-3.54,-0.55,1.17
2026-02-17,MAMB,24.61,24.63,24.63,24.6,14899,366715.0,0.12,-0.11,-0.026,0.0
2026-02-17,MAMO,0.926,0.966,0.985,0.922,255255,244209.0,6.63,1.68,0.016,0.61
2026-02-17,MAN,28.65,28.36,28.83,27.64,1689684,47653238.0,4.15,-1.05,-0.3,3.65
2026-02-17,MANE,43.89,47.38,47.79,42.66,284216,12983161.0,11.8,9.02,3.92,0.81
2026-02-17,MANH,139.64,141.63,141.965,138.48,988778,139249771.0,2.48,0.84,1.18,1.65
2026-02-17,MANI,25.28,25.28,25.28,25.28,325,8216.0,0.0,0.12,0.03,0.0
2026-02-17,MANU,17.44,17.66,17.83,17.34,229004,4039254.0,2.81,1.26,0.22,0.13
2026-02-17,MAPP,27.04,27.07,27.16,27.02,2572,69669.0,0.51,-0.59,-0.16,0.0
2026-02-17,MAPS,0.75,0.704,0.75,0.699,1075724,771163.0,7.13,-1.54,-0.011,0.68
2026-02-17,MAPSW,0.006,0.008,0.008,0.006,6246,37.0,33.33,33.33,0.002,0.0
2026-02-17,MAR,354.95,359.94,361.75,354.84,2160097,775288608.0,1.95,1.71,6.05,0.82
2026-02-17,MARA,7.675,7.51,7.88,7.33,41177886,311059408.0,6.94,-5.18,-0.41,10.85
2026-02-17,MARB,20.69,20.73,20.73,20.69,72980,1510592.0,0.19,0.12,0.025,0.0
2026-02-17,MARM,33.215,33.213,33.24,33.17,5102,169401.0,0.21,0.05,0.015,0.0
2026-02-17,MARO,5.8,5.72,5.84,5.615,109268,626377.0,3.83,-2.56,-0.15,0.0
2026-02-17,MARPS,4.43,4.42,4.455,4.31,8705,37950.0,3.31,0.91,0.04,0.44
2026-02-17,MART,38.945,39.128,39.158,38.945,3362,130986.0,0.55,0.23,0.088,0.0
2026-02-17,MARU,27.64,27.652,27.75,27.64,2175,60141.0,0.4,0.12,0.032,0.0
2026-02-17,MARW,34.58,34.648,34.655,34.54,10677,369239.0,0.33,0.13,0.044,0.0
2026-02-17,MARZ,33.97,34.143,34.143,33.97,4898,167014.0,0.51,0.14,0.048,0.0
2026-02-17,MAS,76.25,76.17,76.845,75.03,2067620,157138099.0,2.38,-0.03,-0.02,1.02
2026-02-17,MASI,175.0,174.69,175.25,174.37,14818218,2589524720.0,0.68,34.22,44.54,28.39
2026-02-17,MASK,0.21,0.206,0.21,0.2,521908,106576.0,4.46,-8.04,-0.018,1.87
2026-02-17,MASS,6.31,6.76,6.8,6.31,184550,1236243.0,7.55,4.16,0.27,0.51
2026-02-17,MAT,16.5,16.84,17.31,16.49,9472672,161301272.0,4.98,2.25,0.37,3.13
2026-02-17,MATE,27.17,27.303,27.45,26.86,7669,208225.0,2.15,-0.41,-0.113,0.0
2026-02-17,MATH,1.36,1.27,1.37,1.265,55155,71961.0,7.55,-8.63,-0.12,0.12
2026-02-17,MATV,14.68,14.26,14.82,13.78,337033,4784632.0,7.04,-3.52,-0.52,0.62
2026-02-17,MATW,26.01,26.5,26.8,25.69,185596,4924798.0,4.25,1.57,0.41,0.6
2026-02-17,MATX,163.3,165.05,166.53,162.26,238898,39417632.0,2.63,1.77,2.87,0.78
2026-02-17,MAVF,125.85,125.82,126.1,125.82,317,39896.0,0.22,0.4,0.5,0.0
2026-02-17,MAX,7.17,7.33,7.4,7.09,1350472,9829744.0,4.32,2.23,0.16,2.09
2026-02-17,MAXI,10.32,10.25,10.35,10.02,30899,315567.0,3.15,-2.05,-0.215,0.0
2026-02-17,MAXJ,28.26,28.325,28.35,28.26,1143,32379.0,0.32,0.09,0.025,0.0
2026-02-17,MAXN,2.6,2.5,2.64,2.48,208215,521823.0,6.15,-3.85,-0.1,1.23
2026-02-17,MAYP,31.07,31.1,31.12,31.07,1775,55226.0,0.16,0.11,0.035,0.0
2026-02-17,MAYS,39.95,40.54,40.55,39.8,2541,101748.0,1.92,3.95,1.54,0.13
2026-02-17,MAYT,37.163,37.173,37.173,37.14,371,13785.0,0.09,0.12,0.045,0.0
2026-02-17,MAYU,31.2,31.418,31.44,31.2,532,16655.0,0.76,0.11,0.033,0.0
2026-02-17,MAYW,33.695,33.743,33.743,33.695,2056,69294.0,0.14,0.1,0.035,0.0
2026-02-17,MAYZ,33.31,33.338,33.338,33.3,2715,90455.0,0.11,0.14,0.045,0.0
2026-02-17,MAZE,46.01,46.97,47.86,44.54,339784,15774509.0,7.22,2.09,0.96,0.71
2026-02-17,MB,4.98,4.63,4.98,4.6,7710,36337.0,7.6,-7.4,-0.37,0.04
2026-02-17,MBAI,1.82,1.79,1.86,1.79,35230,64210.0,3.8,-2.72,-0.05,0.48
2026-02-17,MBAV,10.67,10.67,10.67,10.67,1710,18243.0,0.0,-0.28,-0.03,0.0
2026-02-17,MBAVU,10.85,10.85,10.85,10.85,103,1079.0,0.0,0.0,0.0,0.0
2026-02-17,MBAVW,0.85,0.85,0.88,0.7,8466,6361.0,26.87,26.87,0.18,0.0
2026-02-17,MBB,96.45,96.34,96.48,96.33,1942522,187252124.0,0.16,-0.22,-0.21,0.0
2026-02-17,MBBA,50.57,50.742,50.825,50.57,3448,174831.0,0.5,-0.08,-0.043,0.0
2026-02-17,MBBB,21.86,21.88,21.89,21.855,4254,92986.0,0.16,0.05,0.01,0.0
2026-02-17,MBBC,13.042,13.25,13.4,13.042,3093,40804.0,2.66,-1.41,-0.19,0.11
2026-02-17,MBC,11.78,11.59,11.975,11.575,2057974,24061701.0,3.39,-1.7,-0.2,1.61
2026-02-17,MBCC,36.39,36.59,36.6,36.39,10603,387614.0,0.57,0.16,0.06,0.0
2026-02-17,MBCN,34.88,34.87,35.19,34.76,31162,1089438.0,1.23,-0.49,-0.17,0.38
2026-02-17,MBI,6.06,5.96,6.1,5.91,246772,1475605.0,3.15,-1.32,-0.08,0.49
2026-02-17,MBIN,47.73,47.24,48.5,47.124,300435,14283992.0,2.89,-0.82,-0.39,0.65
2026-02-17,MBINL,25.22,25.13,25.22,24.85,36615,920818.0,1.49,1.13,0.28,0.4
2026-02-17,MBINM,25.49,25.7,25.72,25.45,35132,898227.0,1.06,1.06,0.27,0.62
2026-02-17,MBINN,20.12,20.06,20.2,20.03,29389,590234.0,0.85,0.3,0.06,0.37
2026-02-17,MBIO,0.865,0.89,0.89,0.823,67379,57145.0,7.67,1.83,0.016,0.92
2026-02-17,MBLY,9.09,9.28,9.39,8.91,4492378,41226740.0,5.22,0.98,0.09,0.53
2026-02-17,MBND,27.7,27.69,27.7,27.631,2764,76468.0,0.25,0.16,0.045,0.0
2026-02-17,MBNE,29.411,29.411,29.411,29.411,3,88.0,0.0,0.1,0.03,0.0
2026-02-17,MBNKO,25.76,25.85,25.86,25.72,9610,248028.0,0.54,0.31,0.08,0.0
2026-02-17,MBOT,2.18,2.12,2.22,2.03,1830190,3910190.0,8.76,-2.3,-0.05,2.73
2026-02-17,MBOX,37.91,37.876,37.91,37.865,1580,59789.0,0.12,0.13,0.049,0.0
2026-02-17,MBRX,4.4,4.56,4.7,4.33,69344,312492.0,8.53,5.07,0.22,2.25
2026-02-17,MBS,8.84,8.835,8.84,8.83,76550,676329.0,0.11,-0.07,-0.006,0.0
2026-02-17,MBSD,20.96,20.96,20.964,20.94,7138,149554.0,0.11,0.05,0.01,0.0
2026-02-17,MBSF,25.62,25.719,25.77,25.62,60883,1567379.0,0.58,-0.1,-0.026,0.0
2026-02-17,MBSX,26.08,28.48,28.48,26.08,1310,35268.0,9.03,7.21,1.915,0.0
2026-02-17,MBUU,31.42,31.52,31.8,30.92,152706,4800451.0,2.79,0.0,0.0,0.82
2026-02-17,MBVI,10.095,10.1,10.1,10.095,324,3271.0,0.05,-0.1,-0.01,0.0
2026-02-17,MBVIU,10.285,10.29,10.29,10.285,617,6349.0,0.05,0.05,0.005,0.0
2026-02-17,MBWM,54.08,54.34,54.89,53.47,84429,4591745.0,2.63,0.78,0.42,0.49
2026-02-17,MBX,38.19,39.38,40.25,37.52,511233,20111542.0,7.17,3.39,1.29,1.14
2026-02-17,MC,65.51,63.01,65.905,62.84,1558736,98983117.0,4.65,-4.44,-2.93,2.01
2026-02-17,MCB,93.53,94.42,95.48,93.45,78522,7425527.0,2.18,1.3,1.21,0.78
2026-02-17,MCBS,29.24,29.48,29.73,29.22,71448,2107029.0,1.76,1.48,0.43,0.25
2026-02-17,MCD,330.0,327.62,332.08,325.0,3367458,1102527792.0,2.16,0.01,0.04,0.47
2026-02-17,MCDS,61.936,61.936,61.936,61.936,12,744.0,0.0,-0.08,-0.05,0.0
2026-02-17,MCFT,23.78,23.67,24.06,23.63,130775,3109022.0,1.8,-0.96,-0.23,0.8
2026-02-17,MCGA,10.14,10.12,10.14,10.09,231091,2337840.0,0.49,-0.2,-0.02,0.98
2026-02-17,MCGAU,10.27,10.249,10.27,10.23,4163,42726.0,0.39,-0.2,-0.021,0.02
2026-02-17,MCGAW,0.45,0.43,0.45,0.416,14388,6193.0,7.73,-2.27,-0.01,0.0
2026-02-17,MCH,28.86,28.929,29.0,28.86,1038,30023.0,0.49,0.63,0.182,0.0
2026-02-17,MCHB,15.41,15.31,15.52,15.14,213438,3272508.0,2.47,-0.39,-0.06,0.1
2026-02-17,MCHI,60.52,60.61,60.8,60.11,2146442,129880400.0,1.14,0.43,0.26,0.0
2026-02-17,MCHP,78.5,78.94,79.625,77.11,6181864,486828880.0,3.2,0.48,0.38,1.14
2026-02-17,MCHPP,68.83,68.83,69.8,68.445,76226,5298779.0,1.97,0.04,0.03,0.26
2026-02-17,MCHS,38.659,38.659,38.659,38.659,146,5629.0,0.0,0.16,0.06,0.0
2026-02-17,MCHX,1.566,1.57,1.583,1.55,9701,15155.0,2.12,0.64,0.01,0.02
2026-02-17,MCI,20.92,20.98,21.04,20.73,18514,386660.0,1.49,0.62,0.13,0.09
2026-02-17,MCK,942.2,946.47,950.0,935.665,551598,521964896.0,1.53,1.25,11.72,0.45
2026-02-17,MCN,6.12,6.07,6.123,6.02,56698,343619.0,1.67,-1.62,-0.1,0.0
2026-02-17,MCO,430.25,423.22,433.53,420.75,1933428,822128400.0,3.0,-0.76,-3.22,1.09
2026-02-17,MCOW,19.44,19.59,19.59,19.44,203,3959.0,0.77,0.04,0.007,0.0
2026-02-17,MCR,6.28,6.27,6.3,6.25,85996,539632.0,0.79,-0.79,-0.05,0.0
2026-02-17,MCRB,8.47,8.28,8.65,7.85,61228,502333.0,9.45,-2.24,-0.19,0.64
2026-02-17,MCRI,93.58,93.59,94.0,92.25,60979,5691589.0,1.88,0.28,0.26,0.34
2026-02-17,MCRP,3.14,3.32,3.45,3.14,124233,410514.0,9.6,2.79,0.09,0.36
2026-02-17,MCS,16.09,16.1,16.235,15.98,115040,1852860.0,1.59,0.44,0.07,0.38
2026-02-17,MCW,6.01,6.01,6.11,5.945,1399291,8413020.0,2.76,0.67,0.04,0.43
2026-02-17,MCY,94.34,96.19,96.86,93.195,391680,37637533.0,3.92,2.91,2.72,0.71
2026-02-17,MD,21.59,21.71,21.86,21.41,515940,11177485.0,2.09,0.88,0.19,0.62
2026-02-17,MDAA,106.715,107.903,107.903,106.715,351,37562.0,1.1,-0.45,-0.483,0.0
2026-02-17,MDAI,1.55,1.52,1.57,1.49,147655,224522.0,5.16,-1.94,-0.03,0.48
2026-02-17,MDAIW,0.515,0.45,0.515,0.45,5970,2791.0,14.44,0.0,0.0,0.0
2026-02-17,MDB,364.755,354.36,364.755,340.4,1652300,578206320.0,6.61,-3.81,-14.04,2.05
2026-02-17,MDBH,3.135,3.135,3.135,3.135,367,1153.0,0.0,0.32,0.01,0.0
2026-02-17,MDBX,49.55,47.33,50.04,44.04,14009,644420.0,11.7,-7.74,-3.97,0.0
2026-02-17,MDCX,1.04,1.1,1.14,1.0,283859,301560.0,13.21,3.77,0.04,1.11
2026-02-17,MDCXW,0.92,0.92,0.92,0.92,620,567.0,0.0,1.1,0.01,0.0
2026-02-17,MDEV,20.35,20.452,20.452,20.35,111,2258.0,0.5,0.51,0.104,0.0
2026-02-17,MDGL,462.37,487.32,495.0,462.04,403068,195446169.0,7.09,4.87,22.61,1.76
2026-02-17,MDIA,0.614,0.593,0.652,0.573,55657,34181.0,12.64,-5.12,-0.032,0.07
2026-02-17,MDIV,16.65,16.667,16.68,16.555,52695,876677.0,0.75,0.07,0.012,0.0
2026-02-17,MDLN,44.55,46.16,46.23,44.16,1707923,77686633.0,4.65,3.61,1.61,0.13
2026-02-17,MDLV,30.885,30.861,30.885,30.815,1347,41550.0,0.23,-0.47,-0.145,0.0
2026-02-17,MDLZ,62.56,59.86,62.79,59.245,8970835,538472720.0,5.66,-4.36,-2.73,0.7
2026-02-17,MDPL,27.11,26.53,27.11,26.525,4727,125608.0,2.17,-1.41,-0.38,0.0
2026-02-17,MDRR,12.225,11.8,12.225,11.51,6588,77747.0,5.96,-1.67,-0.2,0.59
2026-02-17,MDST,28.52,28.27,28.69,28.14,52947,1498069.0,1.94,-0.35,-0.1,0.0
2026-02-17,MDT,95.875,96.41,98.12,95.5,17374819,1679624208.0,2.63,-3.1,-3.08,1.35
2026-02-17,MDU,20.83,20.27,20.94,20.23,1921489,39324100.0,3.41,-2.55,-0.53,0.94
2026-02-17,MDV,14.99,15.02,15.04,14.8,25760,385616.0,1.61,0.6,0.09,0.25
2026-02-17,MDV_A,25.34,25.165,25.34,25.05,9569,241162.0,1.15,-0.12,-0.03,0.0
2026-02-17,MDWD,17.43,17.72,17.91,17.365,56237,995442.0,3.16,2.61,0.45,0.44
2026-02-17,MDXG,5.11,5.16,5.205,5.03,493510,2542858.0,3.42,0.78,0.04,0.33
2026-02-17,MDXH,3.45,3.51,3.565,3.4,94779,330124.0,4.85,3.24,0.11,0.18
2026-02-17,MDY,649.98,651.76,653.64,643.626,1055051,686629072.0,1.54,0.17,1.1,0.0
2026-02-17,MDYG,99.3,100.01,100.3,98.55,100156,9996151.0,1.76,0.46,0.46,0.0
2026-02-17,MDYV,91.61,91.45,92.39,90.565,93167,8504567.0,1.99,-0.09,-0.08,0.0
2026-02-17,MEAR,50.55,50.56,50.59,50.54,100481,5081749.0,0.1,0.0,0.0,0.0
2026-02-17,MEC,21.95,21.43,21.95,21.18,117588,2519621.0,3.51,-2.32,-0.51,0.58
2026-02-17,MED,10.78,10.8,10.84,10.56,176137,1889764.0,2.6,0.28,0.03,1.6
2026-02-17,MEDI,31.27,31.264,31.42,31.15,6773,211430.0,0.88,1.86,0.572,0.0
2026-02-17,MEDP,430.89,428.18,445.0,425.8,429923,184751290.0,4.49,0.04,0.15,1.51
2026-02-17,MEDX,35.03,34.938,35.03,34.938,1995,69882.0,0.26,0.62,0.215,0.0
2026-02-17,MEG,20.73,21.42,21.73,20.485,810911,17251496.0,6.08,4.54,0.93,2.26
2026-02-17,MEGI,15.47,15.35,15.47,15.299,309833,4762011.0,1.11,-0.39,-0.06,0.0
2026-02-17,MEGL,0.95,0.96,0.97,0.92,6656,6301.0,5.32,2.24,0.021,0.13
2026-02-17,MEHA,0.22,0.2,0.22,0.2,389913,79969.0,9.48,-5.21,-0.011,2.39
2026-02-17,MEI,9.03,8.83,9.1,8.755,350547,3124846.0,3.8,-2.65,-0.24,0.99
2026-02-17,MELI,1975.39,1975.51,2006.66,1931.12,425711,837167152.0,3.8,-0.64,-12.75,0.84
2026-02-17,MEM,40.05,40.15,40.21,39.73,2165,86677.0,1.19,-0.45,-0.182,0.0
2026-02-17,MEMA,28.785,28.694,28.785,28.694,734,21123.0,0.32,-0.49,-0.142,0.0
2026-02-17,MEME,6.49,6.65,6.76,6.37,97180,637546.0,5.86,0.0,0.0,0.0
2026-02-17,MEMS,27.74,27.995,27.995,27.74,393,10911.0,0.91,-0.04,-0.01,0.0
2026-02-17,MEMX,42.87,42.97,43.13,42.735,3747,160809.0,0.92,-0.45,-0.195,0.0
2026-02-17,MEMY,18.975,19.545,19.545,18.975,323,6138.0,2.9,-0.64,-0.125,0.0
2026-02-17,MENS,1.56,1.71,1.8,1.5,430260,716234.0,19.35,10.32,0.16,0.57
2026-02-17,MEOH,48.36,47.81,48.67,46.77,395837,18822064.0,3.9,-1.93,-0.94,0.51
2026-02-17,MERC,1.82,2.09,2.134,1.82,2956896,5863729.0,17.64,17.42,0.31,4.41
2026-02-17,MER_K,25.79,25.94,25.94,25.77,22479,581242.0,0.66,0.43,0.112,0.0
2026-02-17,MESH,9.9,9.9,9.92,9.9,7647,75729.0,0.2,-0.1,-0.01,0.02
2026-02-17,MESHU,9.99,9.995,10.0,9.99,3151,31482.0,0.1,0.05,0.005,0.01
2026-02-17,MESHW,0.3,0.3,0.3,0.3,3200,960.0,0.0,0.0,0.0,0.0
2026-02-17,MESO,16.67,16.85,16.905,16.57,170965,2870651.0,2.01,1.08,0.18,0.13
2026-02-17,MET,78.06,78.58,78.72,76.79,2950380,230682190.0,2.5,1.64,1.27,0.45
2026-02-17,META,639.495,639.29,642.6,628.8,12674739,8084913152.0,2.16,-0.08,-0.48,0.5
2026-02-17,METC,16.46,16.06,16.46,15.25,1347695,21376325.0,7.34,-2.55,-0.42,2.44
2026-02-17,METCB,13.4,12.7,13.4,12.32,35943,454971.0,8.06,-5.22,-0.7,0.33
2026-02-17,METCI,25.29,25.24,25.29,25.24,15447,390387.0,0.2,-0.16,-0.04,0.0
2026-02-17,METCZ,25.41,25.45,25.5,25.4,6865,174854.0,0.39,-0.12,-0.03,0.0
2026-02-17,METD,16.13,16.148,16.408,16.07,1045808,16969429.0,2.1,0.16,0.025,0.0
2026-02-17,METL,28.65,29.11,29.138,28.01,73945,2116499.0,3.79,-2.12,-0.63,0.0
2026-02-17,METU,29.12,29.15,29.44,28.19,2568755,74212047.0,4.28,-0.21,-0.06,0.0
2026-02-17,METV,16.46,16.54,16.73,16.31,55881,921117.0,2.53,-0.24,-0.04,0.0
2026-02-17,METW,32.68,32.64,32.8,32.08,28531,926165.0,2.2,-0.34,-0.11,0.0
2026-02-17,MET_A,21.85,21.86,21.88,21.75,75343,1643574.0,0.59,-0.09,-0.02,0.0
2026-02-17,MET_E,24.41,24.41,24.43,24.26,192501,4688065.0,0.7,0.41,0.1,0.6
2026-02-17,MET_F,19.92,20.04,20.05,19.86,88815,1771047.0,0.96,0.86,0.17,0.22
2026-02-17,MEVOU,10.02,10.025,10.03,10.02,1309,13118.0,0.1,0.05,0.005,0.0
2026-02-17,MEXX,38.28,38.17,38.33,36.585,62074,2326754.0,4.53,-0.91,-0.35,0.0
2026-02-17,MFA,9.99,9.92,9.99,9.791,1337746,13232746.0,2.01,0.3,0.03,1.31
2026-02-17,MFAN,25.07,25.24,25.24,25.07,18082,454911.0,0.68,0.68,0.17,0.0
2026-02-17,MFAO,25.25,25.28,25.29,25.22,4725,119347.0,0.28,0.28,0.07,0.0
2026-02-17,MFA_B,20.9,21.29,21.29,20.815,17479,366283.0,2.27,1.96,0.41,0.0
2026-02-17,MFA_C,23.44,23.59,23.6,23.42,19677,463592.0,0.77,0.3,0.07,0.0
2026-02-17,MFC,36.72,37.17,37.255,36.64,2928839,108697310.0,1.67,1.09,0.4,0.17
2026-02-17,MFDX,42.13,42.34,42.35,41.94,31324,1322178.0,0.97,-0.12,-0.05,0.0
2026-02-17,MFEM,26.4,26.459,26.53,26.19,10188,268801.0,1.28,-0.26,-0.069,0.0
2026-02-17,MFG,9.17,9.34,9.38,9.08,8497073,79144034.0,3.03,-5.66,-0.56,0.07
2026-02-17,MFI,13.21,13.33,14.14,13.21,2314,31860.0,7.04,0.91,0.12,0.0
2026-02-17,MFIC,11.15,11.08,11.33,11.015,829175,9262723.0,2.84,-0.27,-0.03,0.9
2026-02-17,MFICL,25.48,25.42,25.48,25.42,8102,206176.0,0.24,-0.16,-0.04,0.0
2026-02-17,MFIG,18.63,18.65,18.685,18.41,4053,75497.0,1.48,0.13,0.025,0.0
2026-02-17,MFIN,10.27,10.41,10.5,10.23,18611,193241.0,2.63,1.36,0.14,0.08
2026-02-17,MFLX,17.26,17.264,17.32,17.26,5741,99336.0,0.35,0.17,0.029,0.02
2026-02-17,MFM,5.56,5.56,5.56,5.515,57683,318883.0,0.81,0.27,0.015,0.0
2026-02-17,MFMO,19.989,20.012,20.095,19.989,1907,38195.0,0.53,-0.13,-0.027,0.0
2026-02-17,MFSB,25.47,25.48,25.48,25.46,49653,1264881.0,0.08,0.08,0.021,0.0
2026-02-17,MFSG,26.71,26.97,27.13,26.535,39655,1065786.0,2.22,0.52,0.14,0.0
2026-02-17,MFSI,31.52,31.65,31.69,31.31,331268,10440790.0,1.19,-0.47,-0.15,0.0
2026-02-17,MFSM,25.4,25.425,25.44,25.4,15054,382645.0,0.16,0.22,0.055,0.0
2026-02-17,MFSV,28.14,28.01,28.25,27.89,209039,5858552.0,1.29,0.0,0.0,0.0
2026-02-17,MFUL,22.139,22.139,22.139,22.139,152,3364.0,0.0,-0.09,-0.021,0.0
2026-02-17,MFUS,60.6,60.532,60.705,60.532,6288,381079.0,0.28,-0.36,-0.218,0.0
2026-02-17,MFUT,17.5,17.506,17.506,17.4,2866,50088.0,0.6,-0.92,-0.162,0.0
2026-02-17,MFVL,21.02,20.849,21.02,20.83,2839,59277.0,0.91,-0.22,-0.045,0.0
2026-02-17,MG,14.59,14.49,14.81,14.26,107661,1559364.0,3.78,-0.48,-0.07,0.34
2026-02-17,MGA,66.65,66.82,67.99,65.12,5906683,393092160.0,4.18,-2.78,-1.91,2.11
2026-02-17,MGC,246.85,248.23,248.98,245.69,152078,37655426.0,1.33,0.23,0.57,0.0
2026-02-17,MGEE,83.5,82.43,83.5,82.09,75180,6199657.0,1.7,-0.54,-0.45,0.21
2026-02-17,MGF,3.04,3.03,3.05,3.02,64890,197044.0,0.99,-0.33,-0.01,0.0
2026-02-17,MGIC,17.84,17.35,18.49,17.06,125488,2206963.0,7.57,-8.2,-1.55,0.26
2026-02-17,MGIH,1.46,1.42,1.48,1.42,3915,5709.0,3.9,-7.79,-0.12,0.03
2026-02-17,MGK,383.16,385.87,387.735,380.16,858853,330915584.0,1.97,0.31,1.18,0.0
2026-02-17,MGLD,1.01,1.25,1.37,0.99,1018014,1262996.0,37.25,22.55,0.23,2.38
2026-02-17,MGM,34.02,34.27,34.66,33.53,3741786,127419295.0,3.31,0.38,0.13,1.46
2026-02-17,MGMT,49.8,49.308,49.8,48.86,6146,302882.0,1.88,-1.31,-0.652,0.0
2026-02-17,MGN,2.04,2.01,2.06,1.77,13152,25651.0,14.01,-2.9,-0.06,0.08
2026-02-17,MGNI,11.53,11.57,11.79,11.05,1430087,16416274.0,6.32,-1.11,-0.13,1.0
2026-02-17,MGNR,51.18,51.14,51.24,49.85,82470,4175881.0,2.68,-1.58,-0.82,0.0
2026-02-17,MGNX,1.71,1.7,1.725,1.68,325856,554776.0,2.63,-0.58,-0.01,0.51
2026-02-17,MGOV,20.79,20.791,20.84,20.78,24161,502596.0,0.29,0.05,0.011,0.0
2026-02-17,MGPI,25.75,25.7,25.92,25.12,203094,5205016.0,3.11,-0.16,-0.04,0.95
2026-02-17,MGR,21.41,21.59,21.59,21.35,37773,809811.0,1.12,0.84,0.18,0.0
2026-02-17,MGRB,17.77,17.8,17.86,17.62,14679,260460.0,1.36,0.62,0.11,0.0
2026-02-17,MGRC,117.78,116.98,118.25,115.69,83205,9728622.0,2.18,-0.56,-0.66,0.34
2026-02-17,MGRD,15.69,15.86,15.88,15.64,20771,327065.0,1.53,0.89,0.14,0.0
2026-02-17,MGRE,24.69,24.72,24.73,24.61,24916,614911.0,0.49,0.48,0.119,0.0
2026-02-17,MGRT,7.18,7.07,7.4,6.5,83409,569967.0,12.05,-5.35,-0.4,0.61
2026-02-17,MGRX,0.408,0.38,0.408,0.372,93220,36123.0,9.09,-4.04,-0.016,0.57
2026-02-17,MGTX,7.5,7.58,7.747,7.44,238941,1819376.0,4.12,1.74,0.13,0.3
2026-02-17,MGV,152.7,152.35,153.38,151.72,275921,42054040.0,1.09,-0.2,-0.3,0.0
2026-02-17,MGX,1.45,1.46,1.519,1.42,163248,236756.0,6.78,0.0,0.0,0.43
2026-02-17,MGY,26.83,26.01,27.07,25.68,4194905,108873268.0,5.19,-2.88,-0.77,2.25
2026-02-17,MGYR,18.0,18.0,18.0,18.0,821,14798.0,0.0,-1.1,-0.2,0.01
2026-02-17,MH,13.71,13.84,14.27,13.34,1051358,14540771.0,6.8,1.24,0.17,0.55
2026-02-17,MHD,11.73,11.76,11.77,11.73,811300,9527259.0,0.34,0.26,0.03,0.0
2026-02-17,MHF,7.05,7.03,7.05,7.0,61322,430618.0,0.71,0.43,0.03,0.0
2026-02-17,MHH,6.79,6.6,6.91,6.6,11323,76123.0,4.49,-4.49,-0.31,0.1
2026-02-17,MHK,132.9,131.91,133.58,129.86,820416,108078613.0,2.81,-0.52,-0.69,1.33
2026-02-17,MHLA,12.93,13.24,13.24,12.93,10979,143201.0,2.4,2.4,0.31,0.0
2026-02-17,MHNC,14.63,15.19,15.267,14.63,22410,338561.0,4.27,1.88,0.28,0.0
2026-02-17,MHO,149.66,146.74,149.66,143.85,226358,33158575.0,3.88,-1.9,-2.84,0.88
2026-02-17,MI,6.23,4.71,6.7,4.01,69730,355512.0,48.04,-15.89,-0.89,0.49
2026-02-17,MIAX,41.79,40.89,42.86,40.73,2086225,86785080.0,5.05,-2.97,-1.25,2.44
2026-02-17,MICC,16.18,15.91,16.26,15.6,3270569,51837820.0,3.92,-5.47,-0.92,0.0
2026-02-17,MID,65.71,65.724,65.877,65.41,5777,379071.0,0.71,-0.07,-0.043,0.0
2026-02-17,MIDD,163.61,163.56,167.1,162.825,615258,101117643.0,2.61,-0.23,-0.37,1.26
2026-02-17,MIDE,35.768,35.768,35.768,35.768,8,282.0,0.0,0.22,0.078,0.0
2026-02-17,MIDU,62.23,62.75,62.87,60.442,29397,1818640.0,3.89,0.51,0.32,0.0
2026-02-17,MIG,21.806,21.815,21.815,21.795,1944,42391.0,0.09,0.11,0.025,0.0
2026-02-17,MIGI,3.04,2.88,3.085,2.85,32277,95730.0,7.76,-4.95,-0.15,1.19
2026-02-17,MILK,24.95,24.96,25.21,24.93,21158,528667.0,1.12,0.2,0.049,0.0
2026-02-17,MILN,42.09,42.38,42.53,41.82,29224,1230153.0,1.68,0.47,0.199,0.0
2026-02-17,MIMI,0.333,0.364,0.37,0.325,2503528,857273.0,11.63,-5.94,-0.023,10.88
2026-02-17,MIN,2.57,2.57,2.58,2.565,279508,719294.0,0.58,-0.77,-0.02,0.0
2026-02-17,MIND,8.5,8.72,8.72,8.25,190827,1625054.0,5.53,2.59,0.22,2.11
2026-02-17,MINE,3.99,3.97,4.0,3.82,39365,157677.0,4.51,-0.5,-0.02,0.06
2026-02-17,MINN,22.83,22.755,22.83,22.72,5341,121681.0,0.48,0.07,0.015,0.0
2026-02-17,MINO,45.85,45.94,45.96,45.85,91843,4219412.0,0.24,0.09,0.04,0.0
2026-02-17,MINT,100.56,100.56,100.57,100.55,1098305,110444352.0,0.02,0.0,0.0,0.0
2026-02-17,MINV,40.41,38.96,40.41,38.4,11809,458838.0,5.14,-0.28,-0.11,0.0
2026-02-17,MIR,22.35,21.99,22.72,21.92,3173084,70490932.0,3.55,-2.31,-0.52,1.27
2026-02-17,MIRA,1.18,1.25,1.27,1.18,188923,231799.0,7.76,7.76,0.09,0.45
2026-02-17,MIRM,102.47,102.83,104.535,101.0,896332,92064923.0,3.43,-0.26,-0.27,1.5
2026-02-17,MISL,48.22,48.56,48.94,47.89,151023,7319872.0,2.18,0.79,0.38,0.0
2026-02-17,MIST,1.7,1.7,1.72,1.66,1235367,2085490.0,3.53,0.0,0.0,1.45
2026-02-17,MITK,13.21,13.55,13.75,13.2,1335945,18086118.0,4.1,1.12,0.15,2.95
2026-02-17,MITN,25.3,25.325,25.4,25.285,8213,207857.0,0.46,0.22,0.055,0.0
2026-02-17,MITP,25.37,25.41,25.51,25.34,23914,607298.0,0.67,0.51,0.13,0.0
2026-02-17,MITQ,0.631,0.637,0.66,0.631,6090,3943.0,4.33,-4.93,-0.033,0.06
2026-02-17,MITT,8.63,8.53,8.687,8.284,211216,1798632.0,4.66,-1.27,-0.11,0.67
2026-02-17,MITT_A,23.387,23.33,23.387,23.328,1589,37102.0,0.25,0.45,0.105,0.0
2026-02-17,MITT_B,22.69,22.647,22.74,22.545,5110,115843.0,0.86,-0.01,-0.003,0.0
2026-02-17,MITT_C,25.46,25.55,25.59,25.46,11425,291636.0,0.51,0.12,0.031,0.0
2026-02-17,MIY,12.56,12.24,12.56,12.18,136473,1680696.0,3.04,-2.08,-0.26,0.0
2026-02-17,MJ,25.22,25.43,25.67,25.02,22224,562272.0,2.57,0.71,0.18,0.0
2026-02-17,MJSC,58.738,58.738,58.738,58.738,76,4466.0,0.0,0.11,0.065,0.0
2026-02-17,MKAM,30.68,30.765,30.81,30.65,491,15087.0,0.52,0.09,0.027,0.0
2026-02-17,MKC,71.51,69.19,71.825,67.77,4156282,286357840.0,5.67,-3.22,-2.3,1.64
2026-02-17,MKC_V,71.17,68.41,71.17,67.67,6752,463981.0,4.87,-4.85,-3.49,0.05
2026-02-17,MKDW,2.02,2.01,2.079,1.95,58975,118098.0,6.06,-5.63,-0.12,1.66
2026-02-17,MKL,2074.79,2084.46,2102.17,2061.92,42714,89026174.0,1.95,1.1,22.58,0.34
2026-02-17,MKLY,10.02,10.04,10.05,10.02,117165,1174204.0,0.3,0.1,0.01,0.48
2026-02-17,MKOR,47.54,46.09,47.54,45.89,20772,967425.0,3.51,-1.84,-0.866,0.0
2026-02-17,MKSI,257.68,262.94,269.91,253.2,3505418,921714032.0,6.41,0.84,2.2,5.21
2026-02-17,MKTN,25.58,26.03,26.07,25.58,5685,147885.0,1.89,0.19,0.05,0.0
2026-02-17,MKTW,14.25,14.4,14.55,14.25,4901,70520.0,2.1,0.63,0.09,0.03
2026-02-17,MKTX,179.49,177.75,180.215,176.89,446506,79737409.0,1.85,-0.9,-1.61,1.25
2026-02-17,MKZR,3.89,3.9,4.06,3.756,9275,36481.0,7.84,0.54,0.021,0.47
2026-02-17,MLAAU,9.96,9.96,9.96,9.95,29742,296045.0,0.1,-0.15,-0.015,0.09
2026-02-17,MLAB,90.68,88.63,90.68,87.4,62120,5523978.0,3.62,-2.16,-1.96,1.12
2026-02-17,MLAC,10.46,10.48,10.48,10.46,46670,488410.0,0.19,0.19,0.02,0.15
2026-02-17,MLACR,0.3,0.3,0.3,0.3,815,232.0,0.0,0.0,0.0,0.0
2026-02-17,MLCI,5.99,5.65,5.99,5.56,100132,571987.0,7.14,-6.15,-0.37,0.78
2026-02-17,MLCIL,23.537,23.65,23.88,23.42,9256,219658.0,1.95,0.04,0.01,0.0
2026-02-17,MLCO,5.79,5.62,5.88,5.59,2317653,13179409.0,5.24,1.63,0.09,0.59
2026-02-17,MLDR,49.965,49.965,49.965,49.965,20,1001.0,0.0,-0.06,-0.028,0.0
2026-02-17,MLEC,7.83,9.58,10.2,7.8,903540,7923780.0,27.81,11.01,0.95,124.43
2026-02-17,MLECW,0.01,0.012,0.015,0.01,716944,8116.0,26.32,-36.84,-0.007,0.0
2026-02-17,MLGO,3.89,3.68,3.924,3.65,243590,917754.0,6.9,-7.3,-0.29,1.96
2026-02-17,MLI,118.54,118.77,119.29,116.46,1066976,126451182.0,2.37,-0.58,-0.69,0.96
2026-02-17,MLKN,21.78,21.65,22.1,21.425,451151,9765121.0,3.1,-0.6,-0.13,0.66
2026-02-17,MLM,667.46,666.53,674.74,651.04,618978,412571776.0,3.49,-1.82,-12.33,1.03
2026-02-17,MLN,17.67,17.67,17.68,17.66,188465,3330762.0,0.11,0.08,0.015,0.0
2026-02-17,MLP,16.88,16.92,17.11,16.725,6519,110283.0,2.29,0.83,0.14,0.03
2026-02-17,MLPA,52.76,52.86,53.13,52.32,384202,20251448.0,1.53,-0.11,-0.06,0.0
2026-02-17,MLPB,28.27,28.412,28.44,27.95,9038,254894.0,1.73,0.53,0.15,0.0
2026-02-17,MLPD,25.65,25.558,25.95,25.52,11193,287299.0,1.69,0.23,0.058,0.0
2026-02-17,MLPI,55.58,55.08,55.58,54.6,396514,21797452.0,1.77,-0.75,-0.415,0.0
2026-02-17,MLPR,68.634,68.634,68.634,68.634,419,28630.0,0.0,0.23,0.158,0.0
2026-02-17,MLPX,69.69,69.03,69.74,68.29,246492,16979246.0,2.08,-1.0,-0.7,0.0
2026-02-17,MLR,44.42,43.66,44.71,43.66,41766,1836446.0,2.36,-1.73,-0.77,0.37
2026-02-17,MLSS,0.261,0.271,0.271,0.26,35146,9307.0,4.17,2.65,0.007,0.04
2026-02-17,MLTX,15.78,17.52,17.61,15.78,2257559,38680789.0,11.6,11.1,1.75,3.15
2026-02-17,MLYS,27.59,27.94,28.27,27.29,761352,21272275.0,3.55,1.23,0.34,0.93
2026-02-17,MMA,0.697,0.62,0.72,0.595,216747,138998.0,17.88,-11.3,-0.079,0.82
2026-02-17,MMAX,26.379,26.375,26.379,26.375,768,20259.0,0.02,0.02,0.005,0.0
2026-02-17,MMCA,22.16,22.175,22.18,22.16,25892,574009.0,0.09,0.11,0.025,0.0
2026-02-17,MMD,15.73,15.75,15.76,15.68,41801,657430.0,0.51,0.38,0.06,0.15
2026-02-17,MMI,25.92,25.01,25.92,24.65,458862,11539869.0,4.91,-3.25,-0.84,1.19
2026-02-17,MMID,25.935,26.0,26.0,25.935,325,8441.0,0.25,-0.08,-0.021,0.0
2026-02-17,MMIN,24.27,24.29,24.29,24.24,127297,3089145.0,0.21,0.16,0.04,0.0
2026-02-17,MMIT,24.69,24.68,24.69,24.67,219140,5409148.0,0.08,0.08,0.02,0.0
2026-02-17,MMK,100.055,100.055,100.055,100.055,28,2801.0,0.0,0.0,0.0,0.0
2026-02-17,MMKT,100.2,100.24,100.25,100.2,7511,752870.0,0.05,0.02,0.025,0.0
2026-02-17,MMLG,32.535,32.63,32.65,32.535,1257,40983.0,0.35,0.32,0.105,0.0
2026-02-17,MMLP,2.85,2.9,3.0,2.83,13393,38826.0,6.07,3.57,0.1,0.03
2026-02-17,MMM,170.0,167.62,171.5,167.25,4748968,799897968.0,2.47,-2.44,-4.2,0.9
2026-02-17,MMMA,25.586,25.586,25.586,25.586,2,51.0,0.0,0.16,0.04,0.0
2026-02-17,MMS,73.81,72.35,74.93,72.23,796742,58293174.0,3.61,-3.13,-2.34,1.46
2026-02-17,MMSC,24.95,25.137,25.155,24.74,5233,131058.0,1.66,0.43,0.107,0.0
2026-02-17,MMSD,25.63,25.635,25.635,25.63,108,2768.0,0.02,0.02,0.005,0.0
2026-02-17,MMSI,81.47,81.59,82.86,81.47,859541,70568292.0,1.7,-0.09,-0.07,1.45
2026-02-17,MMT,4.76,4.715,4.77,4.7,148566,700499.0,1.46,-1.57,-0.075,0.0
2026-02-17,MMTM,292.5,294.652,295.81,292.5,732,215584.0,1.13,0.24,0.71,0.0
2026-02-17,MMTX,9.995,9.995,9.995,9.995,15,150.0,0.0,0.0,0.0,0.0
2026-02-17,MMTXU,10.12,10.12,10.12,10.12,21,212.0,0.0,0.0,0.0,0.0
2026-02-17,MMU,10.68,10.69,10.69,10.64,66227,706421.0,0.47,0.0,0.0,0.0
2026-02-17,MMYT,56.63,56.74,57.98,55.89,1312068,74200548.0,3.72,0.87,0.49,1.38
2026-02-17,MNA,36.15,36.38,36.43,36.15,20697,751765.0,0.77,0.11,0.04,0.0
2026-02-17,MNBD,26.35,26.38,26.39,26.35,21668,571290.0,0.15,0.13,0.035,0.0
2026-02-17,MNDO,1.16,1.21,1.25,1.16,37809,45340.0,7.89,6.14,0.07,0.19
2026-02-17,MNDR,0.85,0.88,0.896,0.789,8320878,10215810.0,12.46,2.44,0.021,239.18
2026-02-17,MNDY,71.59,74.34,75.29,71.33,4576870,336830752.0,5.47,2.71,1.96,8.95
2026-02-17,MNKD,5.6,5.54,5.725,5.54,1888141,10569935.0,3.27,-2.12,-0.12,0.61
2026-02-17,MNOV,1.56,1.6,1.63,1.555,58508,93808.0,5.07,8.11,0.12,0.12
2026-02-17,MNPR,55.04,54.215,55.74,51.11,153642,8188966.0,8.35,-2.24,-1.245,2.3
2026-02-17,MNR,13.2,13.31,13.349,12.83,277296,3637273.0,3.96,1.6,0.21,0.16
2026-02-17,MNRO,23.55,22.46,23.74,22.343,1164943,26300424.0,5.87,-5.67,-1.35,3.88
2026-02-17,MNRS,30.71,30.12,30.71,29.31,4097,123046.0,4.48,-3.53,-1.103,0.0
2026-02-17,MNSB,22.41,22.51,22.75,22.41,29697,669795.0,1.53,1.03,0.23,0.4
2026-02-17,MNSBP,24.8,24.8,24.8,24.8,75,1859.0,0.0,0.0,0.0,0.01
2026-02-17,MNSO,19.74,19.49,19.745,19.42,286139,5589724.0,1.69,1.14,0.22,0.09
2026-02-17,MNST,81.83,82.9,82.93,81.492,7758095,640184672.0,1.76,1.74,1.42,0.79
2026-02-17,MNTK,1.71,1.73,1.747,1.65,193833,330585.0,5.67,1.17,0.02,0.14
2026-02-17,MNTN,10.21,10.39,10.83,9.97,736698,7678030.0,8.37,1.17,0.12,1.0
2026-02-17,MNTS,5.74,5.36,5.858,5.219,519110,2824167.0,11.19,-6.13,-0.35,37.15
2026-02-17,MNTSW,0.016,0.012,0.018,0.012,78775,1125.0,30.0,-40.0,-0.008,0.0
2026-02-17,MNY,1.3,1.32,1.32,1.29,24725,32301.0,2.29,0.76,0.01,0.06
2026-02-17,MNYWW,0.05,0.055,0.055,0.05,1513,81.0,9.43,3.77,0.002,0.0
2026-02-17,MNZL,53.3,53.367,53.47,53.06,3204,170922.0,0.77,0.13,0.071,0.0
2026-02-17,MO,67.51,66.54,67.76,66.25,7807416,520444016.0,2.25,-1.06,-0.71,0.47
2026-02-17,MOAT,105.55,105.29,106.17,104.39,1270184,133692264.0,1.69,-0.27,-0.28,0.0
2026-02-17,MOB,5.04,5.21,5.345,4.8,333068,1684981.0,10.19,-2.62,-0.14,2.78
2026-02-17,MOBBW,2.0,2.0,2.0,2.0,145,292.0,0.0,-9.91,-0.22,0.0
2026-02-17,MOBX,0.189,0.146,0.191,0.131,7094141,1126787.0,30.93,-24.74,-0.048,6.88
2026-02-17,MOBXW,0.085,0.06,0.085,0.044,25493,1605.0,66.13,-3.23,-0.002,0.0
2026-02-17,MOD,215.66,216.84,223.24,214.48,1019819,222608965.0,4.05,0.16,0.34,1.93
2026-02-17,MODD,0.46,0.458,0.48,0.439,305239,138346.0,9.05,1.1,0.005,0.39
2026-02-17,MODL,46.967,46.979,47.13,46.69,28180,1324075.0,0.94,0.0,-0.001,0.0
2026-02-17,MOGU,2.75,2.75,2.78,2.45,14980,39187.0,12.0,0.0,0.0,0.18
2026-02-17,MOG_A,324.0,325.19,326.5,318.2,210839,68298363.0,2.56,0.17,0.56,0.74
2026-02-17,MOG_B,326.02,326.02,326.32,326.02,224,72587.0,0.09,-0.09,-0.3,0.01
2026-02-17,MOH,135.07,135.68,137.42,133.15,1537878,207975116.0,3.15,0.24,0.33,2.99
2026-02-17,MOLN,4.64,4.75,4.75,4.545,1371,6404.0,4.45,3.15,0.145,0.0
2026-02-17,MOMO,6.45,6.51,6.55,6.4,636424,4131022.0,2.31,0.46,0.03,0.41
2026-02-17,MOO,84.86,85.34,85.43,84.24,275164,23376511.0,1.4,0.06,0.05,0.0
2026-02-17,MOOD,41.8,41.502,41.8,41.18,41976,1741736.0,1.48,-1.17,-0.492,0.0
2026-02-17,MORN,161.76,158.31,164.54,155.8,993358,157656248.0,5.46,-1.07,-1.72,2.51
2026-02-17,MORT,10.86,10.76,10.86,10.65,1558219,16746279.0,1.94,-0.55,-0.06,0.0
2026-02-17,MOS,29.58,29.08,29.83,28.755,4438077,129177457.0,3.63,-1.92,-0.57,1.4
2026-02-17,MOTG,40.12,40.451,40.451,40.1,979,39322.0,0.87,0.31,0.124,0.0
2026-02-17,MOTI,37.825,38.03,38.11,37.667,10772,408565.0,1.17,0.1,0.037,0.0
2026-02-17,MOTO,59.42,59.526,59.526,59.296,480,28474.0,0.39,-0.32,-0.19,0.0
2026-02-17,MOV,24.33,24.84,24.84,24.06,108458,2667256.0,3.2,1.97,0.48,0.49
2026-02-17,MOVE,11.41,11.45,11.805,10.5,83550,972419.0,11.09,-2.72,-0.32,7.32
2026-02-17,MP,56.7,56.95,57.47,54.59,5160379,289776640.0,4.96,-1.86,-1.08,2.91
2026-02-17,MPA,11.48,11.51,11.52,11.402,44501,511325.0,1.03,0.09,0.01,0.0
2026-02-17,MPAA,9.86,10.24,10.38,9.75,154641,1581545.0,6.27,1.99,0.2,0.8
2026-02-17,MPB,33.74,33.97,34.49,33.74,200867,6852186.0,2.22,0.68,0.23,0.87
2026-02-17,MPC,204.75,200.54,207.3,197.63,2222289,445220192.0,4.76,-1.34,-2.72,0.75
2026-02-17,MPG,7.455,7.75,7.777,7.08,15554,116727.0,8.68,-3.5,-0.281,0.0
2026-02-17,MPL,7.0,7.2,7.3,6.61,133350,929839.0,9.2,-4.0,-0.3,0.0
2026-02-17,MPLT,17.22,17.25,17.93,17.08,106795,1853945.0,4.94,0.17,0.03,0.22
2026-02-17,MPLX,57.01,57.35,57.99,56.57,2748812,157626439.0,2.5,0.92,0.52,0.27
2026-02-17,MPLY,28.82,29.152,29.19,28.81,4351,125510.0,1.3,-0.06,-0.018,0.0
2026-02-17,MPRO,32.52,32.51,32.52,32.38,21757,706532.0,0.43,0.06,0.021,0.0
2026-02-17,MPT,5.482,5.43,5.49,5.37,4526841,24627124.0,2.21,-0.18,-0.01,0.76
2026-02-17,MPTI,61.2,61.55,63.06,60.5,53264,3292297.0,4.16,-0.05,-0.03,1.82
2026-02-17,MPU,0.81,0.857,0.864,0.81,61327,51558.0,6.51,3.25,0.027,0.09
2026-02-17,MPV,19.22,19.28,19.28,18.96,8356,159835.0,1.66,0.31,0.06,0.0
2026-02-17,MPWR,1150.15,1173.18,1191.35,1139.63,446781,522711840.0,4.41,0.15,1.71,0.92
2026-02-17,MPX,7.89,7.84,8.01,7.84,63460,501499.0,2.13,-1.75,-0.14,0.18
2026-02-17,MQ,3.87,4.02,4.06,3.86,6519757,26061109.0,5.1,2.55,0.1,1.51
2026-02-17,MQQQ,168.0,171.686,173.51,168.0,4837,832148.0,3.2,-0.3,-0.513,0.0
2026-02-17,MQT,10.21,10.23,10.3,10.21,132134,1354658.0,0.88,0.2,0.02,0.0
2026-02-17,MQY,11.71,11.7,11.721,11.672,127217,1488092.0,0.42,0.09,0.01,0.0
2026-02-17,MRAL,2.79,2.68,2.95,2.54,750801,2041729.0,13.71,-10.37,-0.31,0.0
2026-02-17,MRAM,10.8,10.91,10.92,10.26,440328,4661818.0,5.98,-1.09,-0.12,1.92
2026-02-17,MRBK,20.3,20.27,20.655,20.21,49815,1013464.0,2.19,-0.1,-0.02,0.42
2026-02-17,MRCC,6.2,6.15,6.215,6.12,73324,452138.0,1.53,-1.13,-0.07,0.34
2026-02-17,MRCP,32.21,32.34,32.36,32.21,2891,93467.0,0.46,0.2,0.063,0.0
2026-02-17,MRCY,81.17,83.32,84.75,80.435,398275,33174496.0,5.24,1.17,0.96,0.66
2026-02-17,MREO,0.374,0.416,0.437,0.35,6324761,2553372.0,23.39,11.83,0.044,3.97
2026-02-17,MRGR,44.79,44.6,44.84,44.6,11435,511167.0,0.54,-0.38,-0.17,0.0
2026-02-17,MRK,122.355,121.57,123.08,120.795,9899761,1203846352.0,1.88,0.13,0.16,0.4
2026-02-17,MRKR,1.44,1.45,1.5,1.385,86189,124338.0,8.04,1.4,0.02,0.52
2026-02-17,MRM,1.36,1.36,1.36,1.32,13050,17478.0,3.01,2.26,0.03,0.16
2026-02-17,MRNA,42.28,43.93,45.073,41.97,10454394,452913888.0,7.35,4.03,1.7,2.65
2026-02-17,MRNO,0.7,0.717,0.73,0.689,214077,155577.0,6.01,5.13,0.035,0.27
2026-02-17,MRNOW,0.05,0.05,0.05,0.05,253,14.0,0.0,-9.09,-0.005,0.0
2026-02-17,MRNX,21.0,21.269,22.3,19.54,23042,472177.0,14.02,8.07,1.588,0.0
2026-02-17,MRNY,17.75,18.24,18.57,17.65,174621,3150799.0,5.18,2.76,0.49,0.0
2026-02-17,MRP,31.97,31.53,32.0,31.39,1262845,39930319.0,1.91,-1.38,-0.44,0.76
2026-02-17,MRSH,177.16,175.83,178.31,174.28,2703946,475631296.0,2.32,1.02,1.77,0.56
2026-02-17,MRSK,36.55,36.863,36.91,36.51,16431,604635.0,1.09,0.09,0.033,0.0
2026-02-17,MRT,2.1,2.1,2.13,2.09,22999,48613.0,1.91,0.48,0.01,0.03
2026-02-17,MRTN,13.32,13.48,13.64,13.32,665330,8987099.0,2.42,1.81,0.24,0.82
2026-02-17,MRVI,2.97,2.93,3.02,2.92,811935,2403663.0,3.38,-1.01,-0.03,0.32
2026-02-17,MRVL,77.315,79.01,80.32,76.633,10568517,834438288.0,4.69,0.51,0.4,1.21
2026-02-17,MRVU,22.49,23.099,23.51,22.07,1022,23404.0,6.3,1.13,0.257,0.0
2026-02-17,MRX,41.21,41.88,42.18,40.73,679344,28387406.0,3.51,1.31,0.54,0.95
2026-02-17,MS,172.55,171.54,174.2,170.86,6376873,1095761152.0,1.95,0.23,0.39,0.4
2026-02-17,MSA,201.74,202.14,204.49,200.468,258344,52445752.0,1.99,0.1,0.2,0.67
2026-02-17,MSAI,0.29,0.299,0.302,0.288,619405,182907.0,4.9,4.55,0.013,0.77
2026-02-17,MSAIW,0.049,0.049,0.049,0.049,2425,119.0,0.0,0.0,0.0,0.0
2026-02-17,MSB,33.5,33.02,34.49,33.01,32885,1106416.0,4.36,-2.83,-0.96,0.25
2026-02-17,MSBI,22.97,23.12,23.43,22.82,77504,1795134.0,2.66,0.65,0.15,0.37
2026-02-17,MSBIP,25.55,25.57,25.72,25.55,1780,45635.0,0.66,-0.16,-0.04,0.04
2026-02-17,MSC,3.01,3.01,3.01,3.01,309,935.0,0.0,-0.03,-0.001,0.0
2026-02-17,MSCI,529.13,521.33,535.35,512.75,791662,412936944.0,4.3,-0.9,-4.73,1.08
2026-02-17,MSD,7.87,7.93,7.93,7.86,86539,683137.0,0.89,0.51,0.04,0.0
2026-02-17,MSDD,76.42,75.708,78.28,72.79,3854,293230.0,7.79,7.47,5.264,0.0
2026-02-17,MSDL,15.8,15.65,15.855,15.4,714987,11146827.0,2.88,-0.89,-0.14,0.83
2026-02-17,MSEX,55.54,55.08,56.51,54.86,106407,5881353.0,2.98,-0.56,-0.31,0.57
2026-02-17,MSFD,13.82,13.859,13.93,13.755,670244,9285278.0,1.28,1.01,0.139,0.0
2026-02-17,MSFL,17.94,17.74,18.04,17.514,1038095,18454149.0,2.9,-2.1,-0.38,0.0
2026-02-17,MSFO,12.66,12.64,12.75,12.59,112675,1427217.0,1.26,-0.71,-0.09,0.0
2026-02-17,MSFT,399.22,396.86,400.52,394.525,32078794,12739536896.0,1.49,-1.11,-4.46,0.43
2026-02-17,MSFU,27.29,26.97,27.45,26.63,2338021,63209549.0,2.98,-2.14,-0.59,0.0
2026-02-17,MSFW,30.08,29.89,30.08,29.77,20495,614032.0,1.02,-1.97,-0.6,0.0
2026-02-17,MSFX,17.96,17.75,18.07,17.56,158668,2819884.0,2.81,-2.2,-0.4,0.0
2026-02-17,MSFY,18.69,18.605,18.78,18.535,10110,188607.0,1.3,-1.27,-0.24,0.0
2026-02-17,MSGE,62.49,63.05,63.53,62.13,227755,14357641.0,2.24,0.86,0.54,0.48
2026-02-17,MSGM,3.22,3.19,3.265,3.1,26353,83863.0,5.12,-1.09,-0.035,0.46
2026-02-17,MSGS,292.52,293.78,299.01,288.75,189340,55701835.0,3.52,0.79,2.3,0.79
2026-02-17,MSGY,0.654,0.611,0.679,0.61,103068,66969.0,10.13,-10.28,-0.07,0.72
2026-02-17,MSI,464.76,457.76,468.1,457.76,1480550,684003008.0,2.24,-0.87,-4.0,0.89
2026-02-17,MSIF,12.9,12.89,13.09,12.72,327053,4213153.0,2.85,-0.77,-0.1,0.7
2026-02-17,MSII,6.32,6.247,6.36,6.13,7225,45357.0,3.58,-2.77,-0.178,0.0
2026-02-17,MSLC,54.05,54.23,54.37,53.74,114945,6217473.0,1.16,0.17,0.09,0.0
2026-02-17,MSLE,11.69,11.43,11.7,11.32,95711,1100687.0,3.3,-0.61,-0.07,0.48
2026-02-17,MSM,93.12,93.47,94.15,92.715,532272,49757455.0,1.53,-0.61,-0.57,0.95
2026-02-17,MSMR,35.72,35.373,35.72,35.16,47403,1672456.0,1.58,-0.27,-0.096,0.0
2026-02-17,MSN,0.38,0.398,0.42,0.373,100504,39747.0,12.6,6.7,0.025,0.48
2026-02-17,MSOO,6.52,6.511,6.52,6.511,225,1467.0,0.13,-4.07,-0.276,0.0
2026-02-17,MSOS,3.9,3.9,3.95,3.82,5682376,22098443.0,3.28,-1.52,-0.06,0.0
2026-02-17,MSOX,3.0,2.87,3.0,2.78,754687,2182155.0,7.48,-2.38,-0.07,0.0
2026-02-17,MSS,0.279,0.271,0.283,0.27,169577,46152.0,4.64,-3.21,-0.009,0.65
2026-02-17,MSSM,54.32,54.58,54.75,54.26,20239,1104084.0,0.9,-0.02,-0.01,0.0
2026-02-17,MSSS,31.59,31.89,31.99,31.59,5139,163755.0,1.26,0.47,0.15,0.0
2026-02-17,MSST,34.41,34.002,34.75,34.002,1856,64299.0,2.13,-3.22,-1.13,0.0
2026-02-17,MST,3.5,3.5,3.63,3.34,382668,1340269.0,7.81,-5.79,-0.215,0.0
2026-02-17,MSTB,39.75,39.84,39.98,39.75,8702,347041.0,0.58,-0.05,-0.02,0.0
2026-02-17,MSTI,20.585,20.585,20.585,20.585,130,2677.0,0.0,0.0,0.0,0.0
2026-02-17,MSTK,7.57,7.688,7.85,7.57,2987,22918.0,3.48,-4.38,-0.352,0.0
2026-02-17,MSTP,1.67,1.65,1.73,1.581,1175459,1934509.0,8.32,-7.82,-0.14,0.0
2026-02-17,MSTQ,33.71,33.663,33.71,33.663,3174,106969.0,0.14,-0.29,-0.098,0.0
2026-02-17,MSTR,129.01,128.67,132.12,125.91,18881039,2444030848.0,4.64,-3.89,-5.21,5.66
2026-02-17,MSTU,4.955,4.92,5.185,4.701,31871956,158690170.0,9.08,-7.69,-0.41,0.0
2026-02-17,MSTW,7.24,7.19,7.41,7.01,255094,1846760.0,5.24,-5.83,-0.445,0.0
2026-02-17,MSTX,2.28,2.26,2.39,2.16,71799819,164643577.0,9.39,-7.76,-0.19,0.0
2026-02-17,MSTY,23.24,23.22,23.67,22.77,852358,19790050.0,3.76,-2.93,-0.7,0.0
2026-02-17,MSTZ,13.75,13.835,14.379,13.21,13981817,192278053.0,9.1,7.75,0.995,0.0
2026-02-17,MSW,1.07,1.06,1.07,1.0,22060,23052.0,6.54,-0.93,-0.01,0.17
2026-02-17,MS_A,20.15,20.0,20.18,19.921,137809,2762423.0,1.29,-0.45,-0.09,0.31
2026-02-17,MS_E,25.57,25.52,25.598,25.47,176871,4511135.0,0.5,0.08,0.02,0.51
2026-02-17,MS_F,25.33,25.36,25.36,25.33,104155,2640108.0,0.12,0.2,0.05,0.31
2026-02-17,MS_I,25.21,25.26,25.29,25.21,41438,1046144.0,0.32,0.2,0.05,0.1
2026-02-17,MS_K,24.85,24.92,24.96,24.8,58861,1463172.0,0.64,0.4,0.1,0.15
2026-02-17,MS_L,20.77,20.97,20.97,20.66,57515,1195756.0,1.49,0.72,0.15,0.29
2026-02-17,MS_O,17.92,18.1,18.1,17.81,117517,2114148.0,1.62,1.29,0.23,0.23
2026-02-17,MS_P,25.69,25.7,25.77,25.6,77700,1996299.0,0.66,0.19,0.05,0.19
2026-02-17,MS_Q,26.37,26.37,26.44,26.31,44122,1163245.0,0.49,0.23,0.06,0.11
2026-02-17,MT,62.09,64.25,64.32,61.515,2225588,140567815.0,4.56,4.45,2.74,0.29
2026-02-17,MTA,7.35,7.55,7.56,7.26,524256,3892015.0,4.01,0.8,0.06,0.57
2026-02-17,MTB,229.67,228.36,232.13,227.74,1152512,263565325.0,1.92,-0.15,-0.35,0.77
2026-02-17,MTBA,50.6,50.63,50.63,50.58,145623,7369625.0,0.1,0.08,0.04,0.0
2026-02-17,MTB_H,25.1,25.18,25.19,25.1,14379,361901.0,0.36,0.16,0.04,0.0
2026-02-17,MTB_J,26.96,26.98,27.03,26.85,44482,1197564.0,0.67,0.37,0.1,0.15
2026-02-17,MTB_K,25.35,25.44,25.54,25.35,29857,759838.0,0.75,0.28,0.07,0.17
2026-02-17,MTC,4.45,4.23,4.45,4.23,27316,117764.0,5.03,-3.2,-0.14,0.11
2026-02-17,MTCH,30.4,30.18,30.67,29.55,3722079,111618484.0,3.67,-1.05,-0.32,1.6
2026-02-17,MTD,1350.0,1353.24,1369.0,1341.61,146655,198897166.0,2.01,-0.57,-7.71,0.72
2026-02-17,MTDR,48.25,47.39,48.5,46.253,1162563,54896917.0,4.7,-0.86,-0.41,0.94
2026-02-17,MTEK,1.58,1.68,1.701,1.5,56952,92090.0,12.72,6.33,0.1,0.71
2026-02-17,MTEKW,0.23,0.163,0.23,0.163,12867,2788.0,32.68,-20.49,-0.042,0.0
2026-02-17,MTEN,1.74,1.71,1.76,1.66,47967,82060.0,5.75,-1.72,-0.03,3.92
2026-02-17,MTEX,7.4,7.16,7.4,7.16,3701,27088.0,3.32,-0.86,-0.062,0.19
2026-02-17,MTG,26.5,26.85,27.04,26.44,2064617,55109712.0,2.25,0.71,0.19,0.94
2026-02-17,MTGP,44.89,44.95,45.0,44.89,8274,372253.0,0.24,-0.18,-0.08,0.0
2026-02-17,MTH,80.6,80.15,81.245,78.43,967040,77419722.0,3.49,-0.56,-0.45,1.45
2026-02-17,MTLS,5.6,5.39,5.677,5.351,146713,805072.0,5.77,-4.6,-0.26,0.25
2026-02-17,MTN,134.93,137.75,138.055,134.033,549677,75243533.0,2.99,2.55,3.43,1.54
2026-02-17,MTNB,0.572,0.61,0.64,0.572,9963,5960.0,11.53,3.39,0.02,0.16
2026-02-17,MTR,4.69,4.78,4.86,4.6,13566,63792.0,5.45,0.21,0.01,0.73
2026-02-17,MTRA,26.06,26.221,26.221,26.05,680,17730.0,0.65,-0.27,-0.071,0.0
2026-02-17,MTRN,157.09,153.31,157.09,145.99,291050,44018904.0,6.95,-3.99,-6.37,1.4
2026-02-17,MTRX,11.47,11.31,11.77,11.13,253256,2881719.0,5.58,-1.31,-0.15,0.9
2026-02-17,MTSI,241.05,245.59,248.28,235.14,1215414,297131936.0,5.38,0.59,1.43,1.62
2026-02-17,MTUL,37.25,37.732,37.732,37.25,486,18188.0,1.28,0.57,0.215,0.0
2026-02-17,MTUM,249.55,251.65,252.825,248.11,731180,183769696.0,1.87,0.07,0.17,0.0
2026-02-17,MTUS,20.43,21.0,21.0,20.24,284611,5914333.0,3.67,1.45,0.3,0.68
2026-02-17,MTVA,1.64,1.54,1.65,1.44,291133,449450.0,12.8,-6.1,-0.1,9.96
2026-02-17,MTW,14.3,14.53,14.79,14.13,388182,5641968.0,4.62,1.61,0.23,1.09
2026-02-17,MTX,72.96,72.89,73.79,71.51,170375,12420011.0,3.12,-0.11,-0.08,0.55
2026-02-17,MTYY,6.0,5.894,6.0,5.84,20447,120860.0,2.67,-1.82,-0.109,0.0
2026-02-17,MTZ,269.0,267.93,272.78,263.818,647642,174143112.0,3.33,-0.59,-1.6,0.82
2026-02-17,MU,400.95,399.78,413.66,395.3,28549505,11497343488.0,4.46,-2.89,-11.88,2.54
2026-02-17,MUA,11.18,11.13,11.18,11.1,47001,523654.0,0.72,-0.45,-0.05,0.0
2026-02-17,MUB,108.3,108.33,108.43,108.24,3504098,379691200.0,0.18,0.06,0.07,0.0
2026-02-17,MUC,10.82,10.79,10.87,10.78,194675,2103355.0,0.83,0.09,0.01,0.0
2026-02-17,MUD,3.89,3.91,3.95,3.78,28192463,109290638.0,4.49,3.17,0.12,0.0
2026-02-17,MUFG,18.78,19.25,19.301,18.75,3595583,68819361.0,2.79,-2.43,-0.48,0.03
2026-02-17,MUJ,12.35,12.34,12.371,12.31,41899,516853.0,0.5,0.16,0.02,0.0
2026-02-17,MULL,162.47,161.51,172.0,157.715,307040,50176575.0,8.34,-5.75,-9.86,0.0
2026-02-17,MULT,25.55,25.55,25.55,25.55,3,77.0,0.0,-0.08,-0.02,0.0
2026-02-17,MUNB,102.63,102.445,102.63,102.445,11896,1220886.0,0.18,0.19,0.19,0.0
2026-02-17,MUNI,53.12,53.17,53.18,53.12,271899,14455714.0,0.11,0.08,0.04,0.0
2026-02-17,MUNX,25.34,25.36,25.36,25.34,3847,97540.0,0.08,0.18,0.045,0.0
2026-02-17,MUNY,104.55,104.54,104.55,104.33,53262,5565945.0,0.21,0.14,0.145,0.0
2026-02-17,MUR,33.41,31.94,33.89,31.395,1915515,61166789.0,7.42,-5.0,-1.68,1.34
2026-02-17,MUSA,407.45,384.54,409.59,379.29,471117,182116746.0,7.44,-5.62,-22.91,2.54
2026-02-17,MUSE,50.071,50.071,50.071,50.071,11,550.0,0.0,0.23,0.113,0.0
2026-02-17,MUSI,44.6,44.591,44.61,44.585,6305,281190.0,0.06,-0.02,-0.009,0.0
2026-02-17,MUSQ,27.173,27.173,27.173,27.173,65,1752.0,0.0,-1.69,-0.468,0.0
2026-02-17,MUST,20.97,21.04,21.045,20.911,76141,1600084.0,0.64,0.29,0.06,0.0
2026-02-17,MUU,183.17,182.3,194.88,178.0,1349311,249530156.0,8.73,-5.72,-11.06,0.0
2026-02-17,MUX,24.33,24.11,24.43,22.94,920540,21925629.0,5.8,-6.22,-1.6,1.66
2026-02-17,MUZEU,9.96,9.99,9.99,9.95,78170,778613.0,0.4,0.1,0.01,0.44
2026-02-17,MVAL,39.24,38.993,39.24,38.82,5079,197425.0,1.07,-0.43,-0.169,0.0
2026-02-17,MVBF,27.73,28.1,28.5,27.73,47725,1346311.0,2.8,2.26,0.62,0.38
2026-02-17,MVF,7.04,7.05,7.07,7.027,127528,899047.0,0.61,0.14,0.01,0.0
2026-02-17,MVFD,31.24,30.89,31.24,30.59,13971,430747.0,2.1,-0.19,-0.06,0.0
2026-02-17,MVFG,34.17,34.1,34.17,33.77,12736,432587.0,1.17,0.15,0.05,0.0
2026-02-17,MVIS,0.76,0.755,0.78,0.745,3101986,2366247.0,4.65,0.4,0.003,1.01
2026-02-17,MVLL,16.91,17.847,18.44,16.73,156784,2773638.0,9.69,1.09,0.193,0.0
2026-02-17,MVO,1.45,1.49,1.535,1.45,117430,176056.0,5.82,2.05,0.03,1.02
2026-02-17,MVPA,32.4,32.719,32.719,32.32,728,23584.0,1.23,0.56,0.182,0.0
2026-02-17,MVPL,35.65,35.964,35.964,35.65,111,3959.0,0.88,0.26,0.093,0.0
2026-02-17,MVRL,14.86,14.85,15.11,14.61,13095,195339.0,3.34,-0.87,-0.131,0.0
2026-02-17,MVST,2.33,2.35,2.4,2.26,2666441,6240730.0,5.93,-0.42,-0.01,0.8
2026-02-17,MVSTW,0.055,0.054,0.055,0.05,51125,2652.0,9.09,-1.82,-0.001,0.0
2026-02-17,MVT,10.89,10.95,10.97,10.89,40811,445939.0,0.73,0.0,0.0,0.0
2026-02-17,MVV,80.29,80.66,81.09,78.8,18679,1502742.0,2.85,0.3,0.24,0.0
2026-02-17,MWA,30.05,30.15,30.18,29.72,1214513,36476102.0,1.53,0.07,0.02,0.78
2026-02-17,MWG,0.229,0.222,0.229,0.215,160320,35284.0,6.11,-3.06,-0.007,0.31
2026-02-17,MWH,32.34,31.86,33.0,31.65,1144714,36776074.0,4.17,-1.48,-0.48,0.57
2026-02-17,MWYN,0.728,0.789,0.83,0.72,59686,44840.0,14.77,5.91,0.044,0.3
2026-02-17,MX,2.99,2.86,3.025,2.82,421089,1213181.0,6.81,-4.98,-0.15,1.16
2026-02-17,MXC,9.88,10.02,10.174,9.88,1934,19645.0,2.81,-4.11,-0.43,0.09
2026-02-17,MXCT,0.718,0.7,0.72,0.643,1397498,953275.0,10.69,-2.78,-0.02,1.31
2026-02-17,MXE,14.25,13.965,14.25,13.85,4985,70165.0,2.87,0.11,0.015,0.0
2026-02-17,MXF,22.85,22.55,22.99,22.15,85007,1914689.0,3.69,-0.81,-0.184,0.57
2026-02-17,MXI,111.26,111.32,111.41,109.371,85436,9451619.0,1.81,-1.29,-1.45,0.0
2026-02-17,MXL,19.14,19.82,20.15,18.56,975457,19098599.0,8.14,1.48,0.29,1.13
2026-02-17,MYCF,25.07,25.075,25.08,25.061,3706,92914.0,0.08,0.04,0.01,0.0
2026-02-17,MYCG,25.095,25.1,25.1,25.09,2477,62152.0,0.04,0.02,0.005,0.0
2026-02-17,MYCH,25.13,25.145,25.15,25.13,1065436,26792726.0,0.08,-0.04,-0.01,0.0
2026-02-17,MYCI,25.12,25.14,25.15,25.12,33060,831134.0,0.12,0.0,0.0,0.0
2026-02-17,MYCJ,25.11,25.135,25.14,25.1,33001,829091.0,0.16,0.04,0.01,0.0
2026-02-17,MYCK,25.279,25.29,25.31,25.27,235928,5967960.0,0.16,0.04,0.01,0.0
2026-02-17,MYCL,25.237,25.24,25.24,25.237,222,5602.0,0.01,0.08,0.019,0.0
2026-02-17,MYCM,25.205,25.2,25.205,25.2,174,4385.0,0.02,0.08,0.019,0.0
2026-02-17,MYCN,25.085,25.085,25.085,25.085,518,12984.0,0.0,0.12,0.031,0.0
2026-02-17,MYCO,25.081,25.09,25.09,25.08,1610,40389.0,0.04,0.08,0.02,0.0
2026-02-17,MYD,10.76,10.71,10.76,10.7,86511,927970.0,0.56,-0.09,-0.01,0.0
2026-02-17,MYE,22.0,21.84,22.0,21.52,302382,6596742.0,2.17,-1.09,-0.24,0.81
2026-02-17,MYFW,26.19,25.72,26.19,25.56,19779,510511.0,2.42,-1.04,-0.27,0.2
2026-02-17,MYGN,4.49,4.5,4.61,4.34,917355,4121478.0,6.01,0.22,0.01,0.98
2026-02-17,MYI,11.23,11.21,11.26,11.21,90187,1012139.0,0.45,0.0,0.0,0.0
2026-02-17,MYLD,29.48,29.749,29.749,29.48,975,28864.0,0.91,0.1,0.03,0.0
2026-02-17,MYMF,24.99,24.985,24.99,24.98,1401,35010.0,0.04,-0.08,-0.02,0.0
2026-02-17,MYMG,24.81,24.8,24.81,24.8,1000,24810.0,0.04,0.0,0.0,0.0
2026-02-17,MYMH,24.82,24.815,24.82,24.815,1349,33482.0,0.02,0.06,0.015,0.0
2026-02-17,MYMI,24.91,24.915,24.92,24.91,4284,106724.0,0.04,0.06,0.015,0.0
2026-02-17,MYMJ,25.11,25.1,25.11,25.1,1200,30131.0,0.04,0.02,0.005,0.0
2026-02-17,MYMK,25.45,25.435,25.45,25.435,1085,27613.0,0.06,0.02,0.005,0.0
2026-02-17,MYN,10.02,10.05,10.072,10.01,132879,1335423.0,0.62,0.3,0.03,0.0
2026-02-17,MYND,0.41,0.421,0.48,0.41,17412,7675.0,15.59,-6.24,-0.028,0.04
2026-02-17,MYNZ,0.75,0.675,0.75,0.608,7964539,6921448.0,17.75,-15.63,-0.125,87.91
2026-02-17,MYO,0.823,0.805,0.83,0.771,261953,210311.0,7.2,-1.83,-0.015,0.68
2026-02-17,MYPS,0.47,0.487,0.496,0.46,495938,234739.0,7.71,4.28,0.02,0.39
2026-02-17,MYPSW,0.006,0.01,0.01,0.006,85000,719.0,66.67,66.67,0.004,0.0
2026-02-17,MYRG,273.06,270.32,275.49,268.02,159753,43287692.0,2.73,-1.33,-3.63,1.03
2026-02-17,MYSE,2.17,1.84,2.17,1.81,52067,102456.0,17.73,-9.36,-0.19,1.22
2026-02-17,MYSEW,0.043,0.043,0.043,0.043,1,0.0,0.0,0.0,0.0,0.0
2026-02-17,MYSZ,0.579,0.569,0.62,0.554,32288,18923.0,11.58,-0.18,-0.001,0.84
2026-02-17,MYY,16.33,16.303,16.47,16.28,3547,57969.0,1.16,-0.14,-0.023,0.0
2026-02-17,MZTI,160.27,158.38,160.985,156.45,179913,28449955.0,2.84,-0.85,-1.36,0.66
2026-02-17,MZZ,6.95,6.814,6.95,6.81,4467,30940.0,2.05,-0.23,-0.016,0.0
2026-02-17,NAAS,2.49,2.36,2.49,2.3,7370,17340.0,7.51,-6.72,-0.17,0.39
2026-02-17,NABL,5.36,5.17,5.47,5.125,1493341,7741481.0,6.45,-3.36,-0.18,0.8
2026-02-17,NAC,11.9,11.85,11.9,11.84,375964,4462372.0,0.51,-0.25,-0.03,0.0
2026-02-17,NACP,50.68,50.66,50.795,50.299,1964,99523.0,0.98,-0.37,-0.186,0.0
2026-02-17,NAD,12.15,12.18,12.19,12.14,643419,7828476.0,0.41,-0.41,-0.05,0.0
2026-02-17,NAGE,5.13,5.26,5.32,5.12,697672,3660307.0,3.89,2.33,0.12,0.88
2026-02-17,NAII,2.82,2.555,2.82,2.33,103359,265444.0,14.04,-26.79,-0.935,1.67
2026-02-17,NAIL,77.08,75.39,79.06,71.2,916498,68157797.0,10.13,-2.85,-2.21,0.0
2026-02-17,NAK,2.03,2.03,2.1,1.9,8706036,17343786.0,9.26,-6.02,-0.13,1.58
2026-02-17,NAKA,0.299,0.272,0.325,0.272,4268070,1237042.0,17.97,-7.8,-0.023,0.97
2026-02-17,NAMI,0.5,0.506,0.571,0.5,7740,4111.0,13.92,-0.78,-0.004,0.01
2026-02-17,NAMM,2.41,2.4,2.45,2.21,1347764,3169642.0,9.13,-8.75,-0.23,2.51
2026-02-17,NAMMW,0.18,0.157,0.193,0.157,35434,6280.0,20.57,-10.29,-0.018,0.0
2026-02-17,NAMS,35.26,35.24,35.55,34.47,470539,16515406.0,3.12,1.76,0.61,0.41
2026-02-17,NAMSW,23.15,23.18,23.18,23.15,866,20046.0,0.13,0.0,0.0,0.0
2026-02-17,NANC,44.19,44.41,44.62,44.0,31349,1388242.0,1.39,-0.18,-0.08,0.0
2026-02-17,NANR,80.96,80.56,81.04,79.04,44498,3568538.0,2.44,-1.62,-1.33,0.0
2026-02-17,NAPR,54.04,54.03,54.051,53.89,4802,259253.0,0.3,0.07,0.04,0.0
2026-02-17,NAT,4.49,4.62,4.65,4.46,2926713,13395884.0,4.19,1.76,0.08,1.38
2026-02-17,NATH,100.45,100.76,101.49,100.45,65728,6640014.0,1.03,0.01,0.01,1.61
2026-02-17,NATL,42.34,42.38,43.425,42.16,875909,37495431.0,2.99,0.33,0.14,1.19
2026-02-17,NATO,42.64,43.05,43.19,42.23,38718,1655360.0,2.26,1.34,0.57,0.0
2026-02-17,NATR,26.91,26.67,27.46,26.37,133853,3572281.0,4.05,-0.89,-0.24,0.76
2026-02-17,NAUG,29.38,29.38,29.421,29.22,6749,197784.0,0.68,0.03,0.01,0.0
2026-02-17,NAUT,2.19,2.69,2.71,2.18,711851,1814725.0,24.2,22.83,0.5,0.56
2026-02-17,NAVI,9.34,9.48,9.505,9.145,1639044,15337366.0,3.85,1.5,0.14,1.72
2026-02-17,NAVN,10.53,9.97,10.67,9.7,1734690,17431460.0,9.29,-4.5,-0.47,0.7
2026-02-17,NAZ,12.08,12.09,12.1,11.98,28094,339014.0,0.99,0.08,0.01,0.0
2026-02-17,NB,5.6,5.55,5.78,5.35,3539985,19494571.0,7.41,-4.31,-0.25,2.82
2026-02-17,NBB,16.25,16.3,16.32,16.157,61858,1005465.0,1.0,0.31,0.05,0.0
2026-02-17,NBBK,22.18,22.28,22.64,22.063,200402,4472206.0,2.61,0.72,0.16,0.44
2026-02-17,NBCE,36.25,36.314,36.314,36.22,933,33820.0,0.26,1.04,0.374,0.0
2026-02-17,NBCM,23.696,23.67,23.7,23.564,40704,963084.0,0.57,-1.5,-0.36,0.0
2026-02-17,NBCR,31.07,31.28,31.34,30.94,115877,3603748.0,1.28,0.42,0.132,0.0
2026-02-17,NBDS,31.57,31.688,31.688,31.102,888,27888.0,1.86,0.55,0.174,0.0
2026-02-17,NBET,38.15,37.86,38.19,37.6,6666,252269.0,1.55,-0.5,-0.191,0.0
2026-02-17,NBFC,51.53,51.55,51.57,51.53,354,18251.0,0.08,0.04,0.02,0.0
2026-02-17,NBGX,26.63,26.627,26.63,26.55,209,5557.0,0.3,0.34,0.09,0.0
2026-02-17,NBH,10.62,10.59,10.62,10.575,84300,893773.0,0.42,-0.19,-0.02,0.0
2026-02-17,NBHC,41.76,41.74,42.073,41.19,349585,14584816.0,2.11,-0.24,-0.1,0.78
2026-02-17,NBIG,7.4,7.65,7.9,7.03,614565,4581722.0,11.25,-1.03,-0.08,0.0
2026-02-17,NBIL,10.43,10.76,11.15,9.88,2434847,25462519.0,11.69,-0.92,-0.1,0.0
2026-02-17,NBIS,96.0,97.52,99.29,93.5,11665234,1125420880.0,5.91,-0.5,-0.49,4.61
2026-02-17,NBIX,125.14,127.76,129.94,125.14,1609469,206319600.0,3.87,2.93,3.64,1.6
2026-02-17,NBIZ,20.45,19.5,21.35,19.11,198596,3960530.0,11.49,0.0,0.0,0.0
2026-02-17,NBJP,35.22,35.575,35.59,35.21,31845,1133113.0,1.05,-1.68,-0.609,0.0
2026-02-17,NBN,120.62,120.52,123.03,119.73,115192,13977092.0,2.74,-0.02,-0.02,1.35
2026-02-17,NBOS,27.39,27.47,27.53,27.27,7713,211458.0,0.95,0.55,0.15,0.0
2026-02-17,NBP,3.3,3.22,3.31,3.051,312692,996750.0,8.07,0.31,0.01,0.27
2026-02-17,NBR,69.33,71.91,72.5,67.92,936075,67011959.0,6.73,5.59,3.81,6.38
2026-02-17,NBRGU,9.97,9.97,9.97,9.97,10,100.0,0.0,0.0,0.0,0.0
2026-02-17,NBSD,51.42,51.41,51.42,51.37,521301,26790969.0,0.1,0.04,0.02,0.0
2026-02-17,NBSM,27.36,27.02,27.38,26.849,30357,819071.0,1.96,-0.52,-0.14,0.0
2026-02-17,NBTB,45.89,45.71,46.46,45.395,201762,9233265.0,2.32,-0.24,-0.11,0.39
2026-02-17,NBTR,51.075,51.075,51.075,51.075,3,153.0,0.0,0.03,0.015,0.0
2026-02-17,NBTX,25.65,26.51,26.96,25.65,35207,928920.0,5.17,4.62,1.17,0.07
2026-02-17,NBXG,13.22,13.24,13.41,13.15,388104,5142408.0,1.94,-1.19,-0.16,0.0
2026-02-17,NBY,0.527,0.54,0.59,0.525,1433447,806801.0,12.4,3.05,0.016,1.1
2026-02-17,NC,55.5,58.01,58.74,55.2,16394,937984.0,6.38,4.52,2.51,0.22
2026-02-17,NCA,9.3,9.22,9.36,9.22,74227,688624.0,1.51,-0.86,-0.08,0.0
2026-02-17,NCDL,14.11,14.02,14.17,13.935,227101,3190597.0,1.67,-0.21,-0.03,0.46
2026-02-17,NCEL,2.71,2.71,2.76,2.67,9768,26447.0,3.25,-2.17,-0.06,0.21
2026-02-17,NCEW,7.4,7.53,7.866,7.4,4658,34815.0,6.53,5.46,0.39,0.15
2026-02-17,NCI,2.75,2.95,3.11,1.86,2025843,5259249.0,52.3,23.43,0.56,10.71
2026-02-17,NCIQ,17.32,17.281,17.37,17.0,15708,270671.0,2.12,-1.14,-0.199,0.0
2026-02-17,NCL,0.177,0.162,0.177,0.161,141974,23567.0,9.04,-8.47,-0.015,0.62
2026-02-17,NCLH,23.12,24.1,24.458,22.6,60454001,1434507216.0,8.65,12.15,2.61,13.27
2026-02-17,NCLO,25.02,25.035,25.098,25.0,49855,1248943.0,0.39,-0.16,-0.04,0.0
2026-02-17,NCMI,3.3,3.23,3.315,3.215,210006,682475.0,3.04,-1.82,-0.06,0.22
2026-02-17,NCNA,2.13,2.0,2.176,2.0,54613,113313.0,8.3,-5.66,-0.12,1.31
2026-02-17,NCNO,16.22,16.18,16.515,15.68,2467156,39744858.0,5.17,0.25,0.04,2.15
2026-02-17,NCPB,25.525,25.525,25.525,25.525,91,2322.0,0.0,0.0,0.0,0.0
2026-02-17,NCPL,0.536,0.519,0.536,0.501,59420,30482.0,6.42,-4.77,-0.026,0.76
2026-02-17,NCRA,0.436,0.43,0.498,0.41,43440,19203.0,20.23,-1.15,-0.005,0.3
2026-02-17,NCSM,38.29,38.94,39.4,37.985,8137,314749.0,3.66,0.62,0.24,0.32
2026-02-17,NCT,0.225,0.218,0.225,0.193,358607,75542.0,15.17,3.32,0.007,1.18
2026-02-17,NCTY,5.57,5.5,5.66,5.5,19483,110731.0,2.83,-2.65,-0.15,0.13
2026-02-17,NCV,16.5,16.42,16.523,16.41,84058,1383946.0,0.68,-0.67,-0.11,0.0
2026-02-17,NCV_A,21.37,21.26,21.39,21.18,24467,519500.0,0.99,-0.05,-0.01,0.0
2026-02-17,NCZ,14.87,14.89,14.92,14.82,38654,574911.0,0.67,0.0,0.0,0.0
2026-02-17,NCZ_A,20.66,20.64,20.733,20.57,5233,108003.0,0.79,-0.15,-0.03,0.0
2026-02-17,NDAA,22.4,22.52,22.6,22.4,597,13459.0,0.89,-0.13,-0.03,0.0
2026-02-17,NDAQ,80.11,80.24,81.115,79.57,5039677,404105104.0,1.94,0.97,0.77,0.89
2026-02-17,NDEC,27.31,27.44,27.51,27.285,19060,523195.0,0.82,0.0,0.0,0.0
2026-02-17,NDIA,29.77,29.791,29.8,29.75,10815,322221.0,0.17,0.87,0.257,0.0
2026-02-17,NDIV,32.5,31.97,32.5,31.61,16101,512398.0,2.75,-1.05,-0.34,0.0
2026-02-17,NDLS,0.55,0.495,0.55,0.48,306554,155928.0,14.23,0.61,0.003,0.65
2026-02-17,NDMO,10.45,10.51,10.53,10.45,75874,795459.0,0.76,0.1,0.01,0.0
2026-02-17,NDOW,28.6,28.647,28.69,28.6,740,21207.0,0.31,0.0,0.0,0.0
2026-02-17,NDRA,3.51,3.53,3.637,3.351,16226,57570.0,8.15,0.57,0.02,1.39
2026-02-17,NDSN,296.72,296.93,298.18,293.54,461522,136831045.0,1.56,-0.42,-1.26,0.83
2026-02-17,NDVG,36.55,36.649,36.649,36.55,1243,45447.0,0.27,0.08,0.03,0.0
2026-02-17,NE,45.22,43.47,45.74,43.16,3330577,146032849.0,5.63,-5.13,-2.35,2.09
2026-02-17,NEA,11.76,11.78,11.78,11.72,616543,7242385.0,0.51,0.26,0.03,0.0
2026-02-17,NEAR,51.25,51.26,51.28,51.25,390852,20037060.0,0.06,-0.04,-0.02,0.0
2026-02-17,NEBX,32.52,33.76,34.88,30.92,720231,23673044.0,11.65,-0.65,-0.22,0.0
2026-02-17,NECB,24.39,24.14,24.39,23.97,30656,741536.0,1.73,-0.41,-0.1,0.22
2026-02-17,NEE,94.91,92.71,95.56,92.28,9455448,881589120.0,3.5,-1.16,-1.09,0.45
2026-02-17,NEE_N,24.31,24.37,24.5,24.3,37267,907602.0,0.82,0.23,0.055,0.0
2026-02-17,NEE_S,58.0,57.5,58.03,57.13,836347,47952115.0,1.56,-0.19,-0.11,0.0
2026-02-17,NEE_T,53.55,53.08,53.61,52.715,25932,1378278.0,1.67,-0.82,-0.44,0.0
2026-02-17,NEE_U,25.79,25.85,25.86,25.73,52961,1365133.0,0.51,0.47,0.12,0.0
2026-02-17,NEGG,47.12,50.13,51.45,45.13,63265,3122872.0,13.55,7.51,3.5,0.3
2026-02-17,NEHI,33.13,33.28,33.32,32.4,81034,2662162.0,2.71,-1.92,-0.65,0.0
2026-02-17,NELS,26.14,26.08,26.14,26.08,210,5489.0,0.23,0.09,0.023,0.0
2026-02-17,NEM,121.7,122.31,123.64,118.1,8196432,996378624.0,4.4,-2.77,-3.49,0.75
2026-02-17,NEMD,53.615,53.575,53.65,53.54,1988,106509.0,0.21,0.13,0.069,0.0
2026-02-17,NEMG,26.23,26.397,26.96,24.395,7250,192141.0,9.17,-5.64,-1.577,0.0
2026-02-17,NEN,64.0,64.5,64.5,64.0,568,36643.0,0.77,-0.77,-0.5,0.02
2026-02-17,NEO,10.5,11.44,11.6,9.28,5439891,59264890.0,20.39,0.53,0.06,4.19
2026-02-17,NEOG,10.94,10.99,11.065,10.81,3680151,40372301.0,2.33,0.46,0.05,1.69
2026-02-17,NEON,1.71,1.7,1.76,1.66,160936,273342.0,5.81,-1.16,-0.02,0.96
2026-02-17,NEOV,3.578,3.215,3.59,3.13,766593,2506505.0,12.4,-13.34,-0.495,1.8
2026-02-17,NEOVW,1.24,1.08,1.3,1.01,15181,16527.0,19.59,-27.03,-0.4,0.0
2026-02-17,NEPH,4.0,4.0,4.26,3.77,81085,327372.0,11.95,-2.44,-0.1,0.76
2026-02-17,NERD,21.52,21.595,21.62,21.52,2518,54287.0,0.46,0.28,0.061,0.0
2026-02-17,NERV,6.29,6.45,6.69,6.09,135521,880870.0,9.57,2.87,0.18,0.31
2026-02-17,NESR,21.78,24.17,24.3,21.28,6542464,153521446.0,14.5,16.03,3.34,6.49
2026-02-17,NET,195.0,193.68,201.661,189.5,5822105,1127431584.0,6.21,-1.11,-2.17,1.65
2026-02-17,NETG,11.5,11.402,12.31,10.97,138196,1561548.0,11.48,-2.29,-0.267,0.0
2026-02-17,NETL,26.15,26.429,26.45,26.105,6448,169370.0,1.32,1.39,0.362,0.0
2026-02-17,NETX,15.54,15.4,15.81,15.4,13004,202407.0,2.59,-2.53,-0.4,0.0
2026-02-17,NEU,591.64,599.8,603.67,585.82,169625,100969963.0,3.01,1.18,7.0,1.81
2026-02-17,NEUP,4.005,4.06,4.09,3.96,13108,52688.0,3.21,0.25,0.01,0.24
2026-02-17,NEWP,3.51,3.42,3.54,3.3,837287,2850430.0,6.59,-6.04,-0.22,0.46
2026-02-17,NEWT,12.81,13.04,13.1,12.56,209682,2710647.0,4.25,2.52,0.32,0.73
2026-02-17,NEWTG,25.5,25.52,25.545,25.5,3277,83608.0,0.18,-0.23,-0.06,0.0
2026-02-17,NEWTH,25.2,25.41,25.41,25.2,9391,238158.0,0.83,0.24,0.06,0.0
2026-02-17,NEWTI,25.4,25.25,25.425,25.25,25946,658336.0,0.69,-0.71,-0.18,0.0
2026-02-17,NEWTO,25.75,26.25,26.25,25.75,1718,44606.0,1.96,2.9,0.74,0.0
2026-02-17,NEWTP,24.19,24.21,24.22,24.01,20593,496781.0,0.87,0.67,0.16,1.03
2026-02-17,NEWZ,28.2,28.21,28.21,28.2,6397,180388.0,0.04,0.84,0.234,0.0
2026-02-17,NEXA,11.69,11.15,11.93,10.855,779081,8630848.0,9.01,-6.54,-0.78,0.59
2026-02-17,NEXM,3.3,3.28,3.38,3.06,46005,146330.0,9.41,-3.53,-0.12,0.13
2026-02-17,NEXN,6.1,5.91,6.15,5.84,239919,1421410.0,5.08,-3.11,-0.19,0.43
2026-02-17,NEXT,5.17,5.08,5.25,4.97,2509901,12746704.0,5.38,-2.31,-0.12,0.95
2026-02-17,NE_WS,24.79,24.75,24.79,24.75,2546,63026.0,0.16,-1.63,-0.41,0.0
2026-02-17,NE_WS_A,22.98,22.98,22.98,22.98,138,3102.0,0.0,-1.67,-0.39,0.0
2026-02-17,NFBK,13.6,13.66,13.71,13.5,198660,2710620.0,1.55,0.52,0.07,0.48
2026-02-17,NFE,1.24,1.28,1.3,1.195,5067826,6348220.0,8.61,4.92,0.06,1.78
2026-02-17,NFEB,27.96,28.0,28.03,27.75,38711,1079449.0,1.0,0.0,0.0,0.0
2026-02-17,NFG,87.4,87.17,88.02,86.3,531316,46223053.0,1.97,-0.19,-0.17,0.56
2026-02-17,NFGC,2.62,2.59,2.67,2.484,2143486,5498824.0,6.89,-4.07,-0.11,0.87
2026-02-17,NFJ,13.69,13.8,13.84,13.6,181470,2492610.0,1.74,0.0,0.0,0.0
2026-02-17,NFLP,21.855,21.664,21.855,21.138,6241,134312.0,3.32,0.2,0.044,0.0
2026-02-17,NFLT,23.34,23.295,23.34,23.21,166746,3879122.0,0.56,-0.02,-0.005,0.0
2026-02-17,NFLU,21.14,21.36,21.83,20.431,172742,3648640.0,6.58,0.42,0.09,0.0
2026-02-17,NFLW,20.53,20.63,20.676,20.07,16023,327899.0,2.93,-0.1,-0.02,0.0
2026-02-17,NFLX,76.92,77.0,77.87,75.3,35961512,2753941360.0,3.34,0.17,0.13,0.85
2026-02-17,NFLY,9.84,9.81,9.935,9.7,54958,540619.0,2.4,0.31,0.03,0.0
2026-02-17,NFRA,66.55,66.63,66.75,66.35,42971,2862783.0,0.6,0.28,0.185,0.0
2026-02-17,NFRX,27.47,27.233,27.47,27.185,4931,134509.0,1.05,0.06,0.016,0.0
2026-02-17,NFTY,58.32,58.405,58.48,58.02,23478,1367593.0,0.79,0.72,0.42,0.0
2026-02-17,NFXL,20.005,20.18,20.62,19.3,772461,15440971.0,6.56,0.25,0.05,0.0
2026-02-17,NFXS,21.28,21.031,21.48,20.82,40025,846892.0,3.13,-0.19,-0.04,0.0
2026-02-17,NG,10.4,10.3,10.62,9.873,3058892,31508087.0,6.95,-4.19,-0.45,0.75
2026-02-17,NGD,10.66,10.77,10.89,10.165,12969821,137570669.0,6.56,-2.62,-0.29,1.64
2026-02-17,NGEN,4.24,4.11,4.29,4.05,87819,363941.0,5.69,-2.61,-0.11,0.11
2026-02-17,NGG,93.0,92.42,93.17,92.3,1890200,175215153.0,0.94,0.02,0.02,0.19
2026-02-17,NGL,11.91,11.97,12.1,11.865,326172,3909669.0,1.96,-0.25,-0.03,0.26
2026-02-17,NGL_B,24.75,24.75,24.83,24.7,43322,1073015.0,0.53,0.26,0.065,0.0
2026-02-17,NGL_C,25.2,25.36,25.59,25.06,12362,313759.0,2.11,0.82,0.206,0.0
2026-02-17,NGNE,17.42,17.38,17.71,16.78,108197,1869932.0,5.35,0.0,0.0,0.7
2026-02-17,NGS,37.23,37.25,37.7,36.45,73640,2742287.0,3.37,0.38,0.14,0.59
2026-02-17,NGVC,27.02,26.38,27.345,25.66,252085,6638481.0,6.28,-1.71,-0.46,1.09
2026-02-17,NGVT,76.0,75.81,76.22,74.23,313906,23664707.0,2.6,-0.99,-0.76,0.88
2026-02-17,NHC,170.1,164.96,171.35,163.28,72094,12037901.0,4.76,-2.79,-4.73,0.46
2026-02-17,NHI,89.88,91.02,91.38,89.55,231633,21042589.0,2.05,1.91,1.71,0.48
2026-02-17,NHIC,10.43,10.43,10.43,10.43,1000,10430.0,0.0,0.01,0.001,0.0
2026-02-17,NHICW,0.5,0.5,0.502,0.5,50520,25260.0,0.44,11.11,0.05,0.0
2026-02-17,NHPAP,19.63,19.573,19.65,19.5,3154,61722.0,0.77,0.37,0.073,0.0
2026-02-17,NHPBP,18.95,18.96,18.96,18.88,2228,42127.0,0.43,0.85,0.16,0.0
2026-02-17,NHS,7.63,7.64,7.7,7.566,131463,1002126.0,1.73,-1.16,-0.09,0.0
2026-02-17,NHTC,3.62,3.33,3.62,3.33,55597,190512.0,7.75,-10.96,-0.41,0.65
2026-02-17,NHYB,25.06,25.06,25.06,25.06,3,75.0,0.0,-0.04,-0.01,0.0
2026-02-17,NHYM,25.12,25.156,25.16,25.08,6491,162971.0,0.32,0.34,0.086,0.0
2026-02-17,NI,46.78,46.71,47.049,46.55,4248746,198620969.0,1.08,0.75,0.35,0.89
2026-02-17,NIC,155.66,157.68,158.82,155.66,270519,42524034.0,2.04,1.6,2.49,1.83
2026-02-17,NICE,100.99,95.31,102.32,94.65,1722042,166943735.0,7.41,-7.96,-8.24,2.85
2026-02-17,NIE,25.19,25.31,25.42,25.11,32789,828002.0,1.23,0.52,0.13,0.0
2026-02-17,NIHI,53.48,53.32,53.5,52.7,167317,8871974.0,1.5,0.3,0.16,0.0
2026-02-17,NIKL,18.14,18.32,18.37,17.77,603047,10965029.0,3.25,-0.65,-0.12,0.0
2026-02-17,NIM,9.66,9.66,9.78,9.653,14963,145227.0,1.31,-0.41,-0.04,0.0
2026-02-17,NIO,4.95,4.92,5.08,4.9,26445165,131005267.0,3.64,-0.61,-0.03,1.06
2026-02-17,NIOBW,2.3,2.37,2.44,2.27,16602,38787.0,6.91,-3.66,-0.09,0.0
2026-02-17,NIOG,15.11,14.55,15.52,14.4,3033,44362.0,7.65,-0.64,-0.094,0.0
2026-02-17,NIPG,0.874,0.865,0.92,0.82,76665,65405.0,11.76,1.76,0.015,0.07
2026-02-17,NIQ,10.75,11.3,11.3,10.74,821356,9136219.0,5.2,4.92,0.53,0.28
2026-02-17,NITE,34.68,35.18,35.29,34.68,2143,75400.0,1.73,-0.11,-0.04,0.0
2026-02-17,NITO,0.81,0.79,0.81,0.77,31820,25162.0,4.81,-4.93,-0.041,1.15
2026-02-17,NIU,3.43,3.4,3.455,3.295,179404,607124.0,4.66,-0.87,-0.03,0.23
2026-02-17,NIVF,0.814,0.85,0.86,0.77,117965,95045.0,11.22,5.99,0.048,6.13
2026-02-17,NIVFW,0.017,0.017,0.017,0.017,3566,62.0,0.0,0.0,0.0,0.0
2026-02-17,NIXT,28.11,28.184,28.184,28.11,1001,28201.0,0.26,0.01,0.004,0.0
2026-02-17,NIXX,0.526,0.521,0.54,0.474,478061,245990.0,12.43,-1.88,-0.01,1.92
2026-02-17,NJAN,54.1,54.34,54.5,54.0,11573,627987.0,0.92,-0.24,-0.13,0.0
2026-02-17,NJNK,20.26,20.26,20.28,20.25,9597,194489.0,0.15,-0.1,-0.02,0.0
2026-02-17,NJR,54.5,54.16,54.7,53.94,457611,24775354.0,1.4,-0.13,-0.07,0.45
2026-02-17,NJUL,72.19,72.36,72.551,71.92,7235,523380.0,0.87,-0.01,-0.01,0.0
2026-02-17,NJUN,31.42,31.507,31.507,31.42,3962,124496.0,0.28,0.05,0.016,0.0
2026-02-17,NKE,62.94,64.82,64.82,62.94,12347499,792151776.0,2.98,2.68,1.69,0.83
2026-02-17,NKLR,4.19,4.31,4.4,4.08,282684,1206066.0,7.58,2.13,0.09,0.4
2026-02-17,NKSH,38.08,38.21,38.5,38.08,13897,531670.0,1.1,0.18,0.07,0.22
2026-02-17,NKTR,71.44,73.82,74.89,69.85,1142308,83400503.0,7.07,3.49,2.49,4.24
2026-02-17,NKTX,1.99,2.06,2.105,1.975,528188,1086149.0,6.6,4.57,0.09,0.74
2026-02-17,NKX,12.96,12.96,12.96,12.92,45875,594331.0,0.31,0.0,0.0,0.0
2026-02-17,NL,6.305,6.08,6.33,6.08,63322,392095.0,3.97,-3.49,-0.22,0.13
2026-02-17,NLOP,20.0,20.0,20.11,19.53,323711,6444213.0,2.93,1.01,0.2,2.19
2026-02-17,NLR,141.02,142.46,143.24,138.1,357607,50444178.0,3.62,0.31,0.44,0.0
2026-02-17,NLSI,45.93,45.716,46.02,45.44,2173,99305.0,1.27,0.32,0.146,0.0
2026-02-17,NLY,23.09,22.98,23.15,22.73,5929666,136090107.0,1.82,-0.39,-0.09,0.83
2026-02-17,NLY_F,25.92,26.09,26.1,25.92,62137,1614930.0,0.69,0.38,0.1,0.0
2026-02-17,NLY_G,25.31,25.54,25.54,25.31,30402,773404.0,0.91,0.75,0.19,0.0
2026-02-17,NLY_I,25.79,25.8,25.84,25.7,76088,1960656.0,0.54,0.04,0.01,0.0
2026-02-17,NLY_J,26.35,26.354,26.38,26.235,35335,929928.0,0.55,0.32,0.084,0.0
2026-02-17,NMAI,13.74,13.65,13.751,13.51,122510,1667790.0,1.76,-0.22,-0.03,0.0
2026-02-17,NMAR,29.72,29.735,29.735,29.63,2663,78942.0,0.35,0.2,0.059,0.0
2026-02-17,NMAX,5.45,5.47,5.6,5.31,889300,4842850.0,5.37,1.3,0.07,0.69
2026-02-17,NMAY,27.8,27.9,27.9,27.8,6214,172898.0,0.36,0.11,0.03,0.0
2026-02-17,NMB,24.73,24.76,24.79,24.73,2517,62362.0,0.24,0.04,0.009,0.0
2026-02-17,NMBL,20.2,20.229,20.229,20.2,2440,49284.0,0.14,-0.34,-0.068,0.0
2026-02-17,NMCO,10.69,10.78,10.78,10.69,108880,1171494.0,0.84,0.47,0.05,0.23
2026-02-17,NMFC,8.39,8.16,8.41,8.125,945691,7761164.0,3.43,-1.92,-0.16,0.92
2026-02-17,NMFCZ,25.15,25.2,25.2,25.11,11593,291790.0,0.36,0.36,0.09,0.0
2026-02-17,NMG,2.2,2.2,2.22,2.105,734438,1596721.0,5.35,2.33,0.05,0.46
2026-02-17,NMI,10.19,10.1,10.19,9.98,45185,456769.0,2.06,-0.88,-0.09,0.0
2026-02-17,NMIH,40.01,40.03,40.585,39.62,402935,16108528.0,2.43,0.96,0.38,0.53
2026-02-17,NML,9.84,9.73,9.86,9.65,234350,2274941.0,2.12,-1.72,-0.17,0.0
2026-02-17,NMM,62.2,62.23,63.564,61.73,169316,10564540.0,2.96,0.47,0.29,0.59
2026-02-17,NMP,10.12,10.12,10.12,10.12,206,2085.0,0.0,0.4,0.04,0.0
2026-02-17,NMPAR,0.23,0.23,0.23,0.23,294,68.0,0.0,4.55,0.01,0.0
2026-02-17,NMR,9.4,9.41,9.47,9.35,1736562,16354129.0,1.26,-1.36,-0.13,0.06
2026-02-17,NMRA,3.35,3.54,3.635,3.244,2287395,7911882.0,12.22,10.63,0.34,1.35
2026-02-17,NMRK,14.8,14.62,14.92,14.42,1086072,15875881.0,3.37,-1.35,-0.2,0.6
2026-02-17,NMS,12.17,12.09,12.17,12.055,14611,176738.0,0.94,-0.66,-0.08,0.0
2026-02-17,NMT,11.85,11.82,11.85,11.68,17144,201741.0,1.44,0.08,0.01,0.0
2026-02-17,NMTC,0.85,0.679,0.86,0.675,884514,657950.0,22.76,-16.48,-0.134,1.75
2026-02-17,NMZ,10.6,10.62,10.62,10.563,342041,3622038.0,0.54,0.19,0.02,0.0
2026-02-17,NN,15.98,15.99,16.3,15.7,661640,10615941.0,3.73,-0.62,-0.1,0.49
2026-02-17,NNAVW,6.58,6.79,6.8,6.58,8365,56453.0,3.21,-0.88,-0.06,0.0
2026-02-17,NNBR,1.75,1.68,1.776,1.6,278601,462469.0,10.23,-2.33,-0.04,0.56
2026-02-17,NNDM,1.89,2.0,2.09,1.89,5207201,10416664.0,10.53,5.26,0.1,2.48
2026-02-17,NNE,24.52,25.23,25.57,23.4,1381822,34268747.0,8.75,1.77,0.44,2.65
2026-02-17,NNEX,8.76,9.42,9.42,7.98,8450,73813.0,16.23,6.2,0.55,0.0
2026-02-17,NNI,129.83,130.86,132.25,129.33,118292,15501892.0,2.25,0.95,1.23,0.33
2026-02-17,NNN,44.94,44.79,45.47,44.22,1782483,79689080.0,2.82,1.01,0.45,0.94
2026-02-17,NNNN,24.0,23.5,24.89,22.41,57390,1355418.0,10.25,-2.89,-0.7,0.04
2026-02-17,NNOV,28.34,28.405,28.49,28.23,12865,365005.0,0.91,-0.3,-0.085,0.0
2026-02-17,NNOX,2.3,2.3,2.32,2.19,774723,1759652.0,5.7,0.88,0.02,1.11
2026-02-17,NNVC,1.02,1.03,1.03,0.96,224742,225276.0,7.0,3.0,0.03,1.04
2026-02-17,NNY,8.55,8.52,8.65,8.46,14809,126983.0,2.24,0.24,0.02,0.0
2026-02-17,NOA,16.2,16.12,16.31,15.8,92174,1486377.0,3.15,-0.49,-0.08,0.33
2026-02-17,NOAH,12.04,12.15,12.155,11.82,112384,1352773.0,2.79,1.25,0.15,0.17
2026-02-17,NOBL,114.0,113.17,114.58,112.64,709479,80399183.0,1.7,-0.73,-0.83,0.0
2026-02-17,NOC,702.56,701.12,708.0,698.734,614507,431657200.0,1.32,-0.21,-1.45,0.43
2026-02-17,NOCT,57.392,57.49,57.53,57.01,7545,432712.0,0.91,0.1,0.06,0.0
2026-02-17,NODE,34.98,34.99,35.33,34.34,27074,948831.0,2.79,-1.33,-0.472,0.0
2026-02-17,NODK,13.34,13.46,13.625,13.21,13350,179661.0,3.12,1.13,0.15,0.06
2026-02-17,NOEM,10.33,10.33,10.33,10.33,568,5869.0,0.0,-0.1,-0.01,0.01
2026-02-17,NOEMR,0.21,0.21,0.21,0.21,64,12.0,0.0,0.0,0.0,0.0
2026-02-17,NOEMW,0.162,0.162,0.162,0.162,35,5.0,0.0,0.0,0.0,0.0
2026-02-17,NOG,26.21,25.52,26.34,24.98,1626341,41493877.0,5.24,-1.69,-0.44,1.67
2026-02-17,NOK,7.03,7.3,7.34,7.02,65856737,477424512.0,4.55,3.84,0.27,1.15
2026-02-17,NOM,11.11,11.1,11.13,10.96,6865,75885.0,1.53,-0.06,-0.007,0.0
2026-02-17,NOMA,4.66,4.7,4.7,4.66,2928,13436.0,0.88,2.84,0.13,0.02
2026-02-17,NOMD,12.88,12.68,12.885,12.48,1083107,13736844.0,3.14,-1.71,-0.22,0.76
2026-02-17,NORW,34.25,34.473,34.485,33.925,15593,534818.0,1.62,-0.03,-0.009,0.0
2026-02-17,NOTE,0.91,0.95,0.95,0.852,422247,382093.0,10.68,3.49,0.032,2.69
2026-02-17,NOTE_WS,0.025,0.025,0.025,0.025,5,0.0,0.0,0.0,0.0,0.0
2026-02-17,NOTV,0.295,0.292,0.309,0.29,371553,110927.0,6.67,2.46,0.007,1.08
2026-02-17,NOV,19.27,19.07,19.49,18.73,4401874,83916351.0,3.96,-0.68,-0.13,1.22
2026-02-17,NOVP,30.5,30.473,30.5,30.473,1677,51149.0,0.09,0.13,0.04,0.0
2026-02-17,NOVT,146.0,145.37,147.23,142.39,372201,54196372.0,3.31,-0.7,-1.02,1.04
2026-02-17,NOVTU,63.12,63.55,63.6,62.79,7162,453610.0,1.28,0.35,0.22,0.0
2026-02-17,NOVZ,43.93,43.862,43.93,43.862,581,25483.0,0.16,0.19,0.084,0.0
2026-02-17,NOW,109.56,105.91,110.85,103.88,27342961,2903775936.0,6.51,-1.09,-1.17,2.61
2026-02-17,NOWL,6.79,6.4,6.97,6.14,1598868,10355545.0,12.75,-1.69,-0.11,0.0
2026-02-17,NP,18.99,19.39,19.77,18.8,394901,7669420.0,5.13,2.65,0.5,0.29
2026-02-17,NPAC,10.3,10.32,10.32,10.29,58412,601748.0,0.29,0.0,0.0,0.15
2026-02-17,NPACU,10.53,10.43,10.53,10.43,1907,19990.0,0.96,0.0,0.0,0.01
2026-02-17,NPB,18.09,18.2,18.5,17.73,432823,7853882.0,4.38,3.47,0.61,1.25
2026-02-17,NPCE,15.03,15.48,15.6,14.82,147781,2262567.0,5.18,2.86,0.43,0.44
2026-02-17,NPCT,10.61,10.63,10.63,10.56,173010,1835221.0,0.66,0.47,0.05,0.0
2026-02-17,NPFD,19.66,19.68,19.69,19.56,124716,2451623.0,0.66,0.56,0.11,0.0
2026-02-17,NPFI,26.41,26.4,26.445,26.385,12496,330089.0,0.23,0.17,0.045,0.0
2026-02-17,NPK,125.86,125.93,127.54,123.84,56230,7057511.0,2.97,1.17,1.46,0.79
2026-02-17,NPKI,14.47,14.52,14.74,14.131,696260,10112215.0,4.22,0.55,0.08,0.82
2026-02-17,NPO,269.7,269.38,273.6,267.904,186485,50346554.0,2.09,-1.19,-3.25,0.88
2026-02-17,NPT,5.95,5.73,6.05,5.73,34028,199366.0,5.42,-2.88,-0.17,0.15
2026-02-17,NPV,11.56,11.58,11.59,11.5,30424,351319.0,0.78,-0.09,-0.01,0.0
2026-02-17,NPWR,2.1,2.12,2.14,2.015,425412,889867.0,5.87,-0.47,-0.01,0.19
2026-02-17,NPWR_WS,0.45,0.425,0.46,0.381,7884,3472.0,20.73,11.55,0.044,0.0
2026-02-17,NQP,12.07,12.06,12.07,12.005,54112,651302.0,0.54,0.42,0.05,0.0
2026-02-17,NRC,12.08,12.03,12.54,11.735,134323,1617307.0,6.66,-0.41,-0.05,0.59
2026-02-17,NRDS,9.37,9.8,9.93,9.37,1099682,10745095.0,5.95,4.14,0.39,1.54
2026-02-17,NRDY,0.995,0.97,1.0,0.965,490387,480319.0,3.5,-3.0,-0.03,0.26
2026-02-17,NREF,15.1,14.96,15.1,14.81,57136,853336.0,1.92,-0.8,-0.12,0.32
2026-02-17,NREF_A,24.53,24.498,24.55,24.328,5772,141079.0,0.91,0.48,0.118,0.0
2026-02-17,NRES,34.18,34.052,34.18,33.635,3742,127114.0,1.57,-1.64,-0.567,0.0
2026-02-17,NRG,173.12,173.45,177.71,170.86,2414565,420329696.0,3.97,0.64,1.1,1.12
2026-02-17,NRGD,8.887,9.11,9.35,8.887,5251,48508.0,5.23,2.83,0.251,0.0
2026-02-17,NRGU,28.88,27.75,29.38,26.52,118404,3253557.0,9.98,-3.18,-0.91,0.0
2026-02-17,NRGV,3.2,3.15,3.23,3.055,3746579,11744484.0,5.49,-1.25,-0.04,2.22
2026-02-17,NRIM,25.36,25.65,25.76,25.125,129845,3320370.0,2.5,1.1,0.28,0.59
2026-02-17,NRIX,15.52,15.64,15.85,15.22,631657,9808601.0,4.04,0.26,0.04,0.61
2026-02-17,NRK,10.23,10.42,10.42,10.23,931157,9618961.0,1.86,2.06,0.21,0.0
2026-02-17,NRO,3.09,3.1,3.11,3.08,800734,2480974.0,0.96,-0.32,-0.01,0.0
2026-02-17,NRP,125.47,124.18,125.922,122.59,24771,3069262.0,2.66,-0.98,-1.23,0.19
2026-02-17,NRSH,25.206,25.206,25.206,25.206,26,652.0,0.0,-0.24,-0.06,0.0
2026-02-17,NRSN,1.05,1.0,1.05,0.985,176895,177132.0,6.25,-3.85,-0.04,0.53
2026-02-17,NRSNW,0.17,0.17,0.17,0.17,250,43.0,0.0,-15.0,-0.03,0.0
2026-02-17,NRT,8.05,7.66,8.255,7.52,175460,1361484.0,9.02,-6.01,-0.49,1.91
2026-02-17,NRUC,24.49,24.66,24.67,24.43,14077,345528.0,0.98,0.94,0.23,0.0
2026-02-17,NRXP,1.8,1.8,1.85,1.725,478162,858298.0,6.94,0.0,0.0,1.5
2026-02-17,NRXPW,0.035,0.035,0.035,0.035,490,17.0,0.0,0.0,0.0,0.0
2026-02-17,NRXS,5.01,5.39,5.4,4.76,195036,988959.0,13.03,9.78,0.48,1.83
2026-02-17,NSA,33.62,34.07,34.08,33.16,3405892,115591287.0,2.75,1.79,0.6,4.42
2026-02-17,NSA_A,20.95,21.18,21.2,20.728,8460,178417.0,2.24,0.62,0.13,0.0
2026-02-17,NSA_B,20.808,21.0,21.0,20.47,6140,126947.0,2.53,0.43,0.09,0.0
2026-02-17,NSC,315.66,316.12,318.0,314.66,1015981,321108368.0,1.06,0.37,1.18,0.45
2026-02-17,NSCI,25.38,25.38,25.38,25.38,80000,2030400.0,0.0,0.08,0.02,0.0
2026-02-17,NSEP,29.12,29.121,29.16,29.06,9405,274183.0,0.34,0.02,0.007,0.0
2026-02-17,NSI,37.39,37.463,37.463,37.39,216,8080.0,0.19,-0.36,-0.135,0.0
2026-02-17,NSIT,84.92,83.0,86.277,82.9,271576,22742920.0,3.97,-2.48,-2.11,0.88
2026-02-17,NSP,25.85,24.92,26.04,24.47,1463104,36559868.0,6.11,-2.96,-0.76,3.88
2026-02-17,NSPR,1.75,1.75,1.85,1.65,19735,35391.0,11.43,0.0,0.0,0.05
2026-02-17,NSRX,6.47,5.96,6.47,5.96,1411,8348.0,8.64,1.02,0.06,0.02
2026-02-17,NSSC,44.28,44.13,44.77,42.983,672528,29485591.0,4.05,-0.05,-0.02,1.89
2026-02-17,NSTS,12.21,12.26,12.26,12.2,1713,20933.0,0.49,0.44,0.054,0.03
2026-02-17,NSYS,9.34,9.703,9.748,9.0,2140,20258.0,7.96,3.28,0.308,0.08
2026-02-17,NTAP,101.84,101.07,102.8,100.18,1899140,192023759.0,2.56,-1.32,-1.35,0.96
2026-02-17,NTB,52.9,52.84,53.325,52.54,133147,7043413.0,1.49,0.19,0.1,0.33
2026-02-17,NTCL,0.35,0.31,0.36,0.31,81468,27157.0,13.85,-14.13,-0.051,0.37
2026-02-17,NTCT,29.79,29.32,30.23,29.21,748032,22007236.0,3.42,-1.58,-0.47,1.04
2026-02-17,NTES,119.48,119.5,120.66,118.85,513342,61401221.0,1.5,-0.92,-1.11,0.08
2026-02-17,NTGR,21.86,21.26,21.96,20.74,455004,9716604.0,5.56,-3.1,-0.68,1.62
2026-02-17,NTHI,10.21,9.26,10.395,9.035,52580,496399.0,13.28,-9.57,-0.98,0.23
2026-02-17,NTIC,9.12,9.25,9.51,9.12,4490,41677.0,4.32,2.44,0.22,0.05
2026-02-17,NTIP,1.48,1.42,1.5,1.42,53132,78401.0,5.37,-4.7,-0.07,0.23
2026-02-17,NTLA,11.825,12.22,12.47,11.66,2381507,28783746.0,6.82,2.95,0.35,2.02
2026-02-17,NTNX,41.255,40.95,41.56,40.51,3407927,139596650.0,2.51,-1.94,-0.81,1.28
2026-02-17,NTR,70.27,69.86,70.32,69.03,2265779,158090044.0,1.82,-1.34,-0.95,0.47
2026-02-17,NTRA,206.065,211.25,211.51,204.24,791216,166073768.0,3.53,2.43,5.02,0.57
2026-02-17,NTRB,3.96,4.275,4.345,3.96,21246,89063.0,9.37,4.01,0.165,0.17
2026-02-17,NTRBW,1.3,1.3,1.3,1.3,89,141.0,0.0,0.0,0.0,0.0
2026-02-17,NTRP,3.05,3.06,3.15,3.02,24602,75110.0,4.3,1.32,0.04,0.18
2026-02-17,NTRS,147.0,147.23,149.225,145.26,1037340,152489188.0,2.71,0.58,0.85,0.56
2026-02-17,NTRSO,19.79,19.96,19.98,19.78,35282,700998.0,1.01,0.91,0.18,0.22
2026-02-17,NTSE,42.89,42.816,42.91,42.51,7015,299593.0,0.93,-0.46,-0.198,0.0
2026-02-17,NTSI,47.48,47.66,47.79,47.21,20048,953007.0,1.22,0.13,0.06,0.0
2026-02-17,NTSK,11.85,11.32,11.85,10.96,2050398,23032789.0,7.49,-4.79,-0.57,0.52
2026-02-17,NTST,20.41,20.5,20.55,20.18,3547131,72593072.0,1.83,1.49,0.3,3.65
2026-02-17,NTSX,54.8,55.02,55.15,54.495,37496,2057002.0,1.19,0.27,0.146,0.0
2026-02-17,NTWK,3.19,3.28,3.34,3.1,34798,111762.0,7.43,1.55,0.05,0.29
2026-02-17,NTWOW,0.268,0.247,0.43,0.231,4931,1476.0,58.53,-27.35,-0.093,0.0
2026-02-17,NTZ,3.2,3.2,3.24,3.15,1918,6135.0,2.8,-0.31,-0.01,0.02
2026-02-17,NU,16.75,16.82,17.0,16.59,65102856,1096484496.0,2.44,0.0,0.0,1.34
2026-02-17,NUAG,21.42,21.425,21.426,21.405,5197,111292.0,0.1,0.05,0.01,0.0
2026-02-17,NUAI,4.84,4.265,4.895,4.12,2993439,13168998.0,15.75,-13.31,-0.655,5.58
2026-02-17,NUAIW,1.7,1.585,1.83,1.585,21572,36006.0,13.73,-11.2,-0.2,0.0
2026-02-17,NUBD,22.59,22.59,22.607,22.58,41885,946364.0,0.12,-0.02,-0.005,0.0
2026-02-17,NUDM,38.87,39.16,39.28,38.741,99430,3874447.0,1.37,-0.23,-0.09,0.0
2026-02-17,NUDV,32.51,32.384,32.51,32.23,7921,256703.0,0.86,-0.08,-0.026,0.0
2026-02-17,NUE,184.09,183.64,184.66,178.415,1391504,253689604.0,3.41,0.22,0.41,0.61
2026-02-17,NUEM,38.9,38.93,39.04,38.5,24746,958801.0,1.38,-0.18,-0.07,0.0
2026-02-17,NUG,16.055,15.968,16.055,15.52,1745,27641.0,3.36,0.23,0.037,0.0
2026-02-17,NUGO,37.73,37.775,37.93,37.73,6386,240974.0,0.53,0.55,0.208,0.0
2026-02-17,NUGT,233.28,236.13,240.266,222.21,744019,171726704.0,7.12,-6.87,-17.41,0.0
2026-02-17,NUGY,22.15,21.593,22.15,21.14,64496,1386987.0,4.51,-3.5,-0.783,0.0
2026-02-17,NUHY,21.71,21.64,21.71,21.61,52762,1141758.0,0.46,0.07,0.015,0.0
2026-02-17,NUKZ,69.99,70.8,71.14,69.505,100595,7095948.0,2.31,0.13,0.09,0.0
2026-02-17,NULC,48.46,48.45,48.61,47.98,26907,1301934.0,1.3,-0.14,-0.07,0.0
2026-02-17,NULG,95.38,95.77,96.26,94.598,69247,6623729.0,1.73,-0.24,-0.23,0.0
2026-02-17,NULV,47.44,47.51,47.665,47.165,116812,5546348.0,1.05,-0.11,-0.05,0.0
2026-02-17,NUMG,43.16,43.31,43.344,42.67,24861,1073794.0,1.55,-0.21,-0.09,0.0
2026-02-17,NUMI,25.41,25.405,25.43,25.405,1026,26082.0,0.1,-0.26,-0.065,0.0
2026-02-17,NUMV,40.88,40.75,40.9,40.483,25819,1051562.0,1.02,-0.51,-0.21,0.0
2026-02-17,NURE,29.44,29.56,29.57,29.25,8078,238146.0,1.09,0.51,0.15,0.0
2026-02-17,NUS,8.31,8.61,8.69,8.31,947737,8113087.0,4.55,2.99,0.25,1.97
2026-02-17,NUSA,23.485,23.485,23.485,23.485,222,5214.0,0.0,0.0,0.0,0.0
2026-02-17,NUSB,25.28,25.285,25.29,25.28,8855,223932.0,0.04,0.04,0.01,0.0
2026-02-17,NUSC,47.89,48.05,48.225,47.585,53721,2580483.0,1.33,0.15,0.07,0.0
2026-02-17,NUTX,99.7,101.33,108.95,95.5,191095,19446399.0,13.49,1.62,1.62,2.7
2026-02-17,NUV,9.2,9.23,9.23,9.181,548468,5051168.0,0.53,0.33,0.03,0.0
2026-02-17,NUVB,5.69,5.88,5.95,5.64,4003466,23363654.0,5.37,1.91,0.11,0.59
2026-02-17,NUVL,100.89,102.24,103.145,98.56,542185,55171575.0,4.55,1.41,1.42,0.69
2026-02-17,NUW,14.49,14.46,14.5,14.37,42361,611864.0,0.9,0.21,0.03,0.0
2026-02-17,NUWE,1.96,1.81,2.02,1.73,93048,178655.0,14.72,-8.12,-0.16,4.97
2026-02-17,NVA,6.8,6.54,6.837,6.42,948139,6264486.0,5.91,-7.37,-0.52,2.5
2026-02-17,NVAWW,35.0,35.0,35.0,35.0,160,5749.0,0.0,-14.22,-5.8,0.0
2026-02-17,NVAX,8.51,8.65,8.845,8.495,2289062,19765937.0,4.02,-0.57,-0.05,1.4
2026-02-17,NVBT,36.66,36.904,36.904,36.65,1325,48564.0,0.69,0.14,0.053,0.0
2026-02-17,NVBU,28.865,28.94,28.985,28.865,2603,75321.0,0.42,0.1,0.03,0.0
2026-02-17,NVBW,33.9,33.91,33.91,33.77,2008,67969.0,0.41,0.09,0.029,0.0
2026-02-17,NVCR,11.14,11.13,11.36,10.69,2424163,26903307.0,6.1,1.27,0.14,2.15
2026-02-17,NVCT,8.67,8.92,9.065,8.47,58124,513267.0,6.79,1.83,0.16,0.22
2026-02-17,NVD,7.25,6.99,7.45,6.825,58340736,412290784.0,8.73,-2.37,-0.17,0.0
2026-02-17,NVDA,181.75,184.97,187.15,179.18,162276860,29798747136.0,4.36,1.18,2.16,0.67
2026-02-17,NVDB,25.85,26.82,26.84,25.18,21234,556242.0,6.35,2.56,0.67,0.0
2026-02-17,NVDD,39.16,38.43,39.65,38.09,328232,12731623.0,4.01,-1.21,-0.47,0.0
2026-02-17,NVDG,15.46,16.11,16.415,15.09,177911,2810545.0,8.46,2.81,0.44,0.0
2026-02-17,NVDL,81.22,84.12,86.09,78.95,11019891,907447328.0,8.68,2.22,1.83,0.0
2026-02-17,NVDO,19.295,19.295,19.295,19.295,47,906.0,0.0,1.26,0.241,0.0
2026-02-17,NVDQ,16.94,16.32,17.39,15.945,2479688,41103354.0,8.64,-2.39,-0.4,0.0
2026-02-17,NVDS,28.51,27.7,29.093,27.28,345864,9771234.0,6.42,-1.98,-0.56,0.0
2026-02-17,NVDU,109.06,112.53,115.042,105.7,366286,40399485.0,8.48,2.16,2.38,0.0
2026-02-17,NVDW,37.81,38.72,39.25,37.25,56189,2139390.0,5.21,0.83,0.32,0.0
2026-02-17,NVDX,15.72,16.28,16.642,15.26,14284759,227798607.0,8.7,2.52,0.4,0.0
2026-02-17,NVDY,13.63,13.88,14.024,13.46,4148980,57134921.0,4.11,1.17,0.16,0.0
2026-02-17,NVEC,65.96,66.095,66.48,63.3,61784,4028506.0,4.81,0.02,0.015,1.28
2026-02-17,NVG,13.39,13.35,13.39,13.31,484768,6467568.0,0.6,-0.15,-0.02,0.0
2026-02-17,NVGS,19.28,19.37,19.435,18.96,193844,3738070.0,2.46,0.36,0.07,0.3
2026-02-17,NVII,25.85,26.5,26.75,25.52,77188,2021510.0,4.72,1.73,0.45,0.0
2026-02-17,NVIR,37.9,38.008,38.03,37.9,740,28098.0,0.34,-0.14,-0.054,0.0
2026-02-17,NVIT,48.05,48.832,49.16,47.62,1069,51941.0,3.19,1.17,0.563,0.0
2026-02-17,NVMI,436.02,442.31,452.99,427.673,467426,206451767.0,5.71,-0.33,-1.45,1.47
2026-02-17,NVNI,1.56,1.58,1.64,1.5,58047,91543.0,8.86,0.0,0.0,0.58
2026-02-17,NVNO,9.15,8.67,10.055,8.67,5112,47111.0,14.85,-7.02,-0.655,0.78
2026-02-17,NVO,49.11,49.37,49.85,48.675,9892746,487408432.0,2.37,-0.4,-0.2,0.22
2026-02-17,NVOH,26.31,26.43,26.43,26.23,2111,55532.0,0.76,0.4,0.105,0.0
2026-02-17,NVOX,18.54,18.7,19.075,18.21,205802,3837338.0,4.58,-1.06,-0.2,0.0
2026-02-17,NVR,7453.38,7421.0,7468.5,7265.99,30567,225815997.0,2.7,-1.15,-86.43,1.09
2026-02-17,NVRI,18.9,19.0,19.06,18.72,807864,15325466.0,1.8,0.42,0.08,0.99
2026-02-17,NVS,166.78,166.17,167.29,165.57,2508793,417190864.0,1.05,1.88,3.07,0.13
2026-02-17,NVST,28.75,28.07,29.14,27.96,3199878,90449188.0,4.07,-3.11,-0.9,1.95
2026-02-17,NVT,112.2,115.22,116.59,112.01,2206682,254050891.0,4.04,1.74,1.97,1.36
2026-02-17,NVTS,8.145,8.22,8.395,7.82,13935025,112934969.0,6.93,-0.96,-0.08,6.04
2026-02-17,NVTX,21.84,22.1,22.919,19.89,173475,3665375.0,13.49,-1.56,-0.35,0.0
2026-02-17,NVVE,1.14,1.05,1.16,1.0,215424,229942.0,13.68,-10.26,-0.12,14.62
2026-02-17,NVVEW,0.013,0.013,0.013,0.013,1533,20.0,0.0,0.0,0.0,0.0
2026-02-17,NVX,0.91,0.87,0.948,0.841,651933,567683.0,11.89,-3.33,-0.03,0.3
2026-02-17,NVYY,16.47,16.664,16.96,16.09,134325,2213195.0,5.28,1.18,0.194,0.0
2026-02-17,NWAX,10.11,10.06,10.12,10.06,29956,302375.0,0.59,-0.4,-0.04,0.06
2026-02-17,NWAX_U,10.43,10.415,10.49,10.37,11990,124935.0,1.15,-0.53,-0.055,0.03
2026-02-17,NWAX_WS,0.74,0.791,0.809,0.739,40798,30414.0,10.1,14.14,0.098,0.0
2026-02-17,NWBI,13.04,13.03,13.2,12.95,886736,11564568.0,1.92,0.31,0.04,0.61
2026-02-17,NWE,70.13,69.28,71.26,69.11,859016,60140329.0,3.09,-0.57,-0.4,1.4
2026-02-17,NWFL,31.8,32.08,32.15,31.78,64656,2068376.0,1.17,1.78,0.56,0.7
2026-02-17,NWG,16.35,16.74,16.82,16.31,5239960,87189560.0,3.17,4.17,0.67,0.13
2026-02-17,NWGL,1.3,1.3,1.41,1.27,86409,114153.0,10.94,1.56,0.02,0.52
2026-02-17,NWL,4.7,4.67,4.72,4.58,4341529,20186137.0,2.98,-0.64,-0.03,1.04
2026-02-17,NWLG,35.27,35.786,35.786,35.27,233,8234.0,1.45,0.62,0.219,0.0
2026-02-17,NWN,50.5,50.2,50.9,50.07,224058,11283716.0,1.65,-0.3,-0.15,0.54
2026-02-17,NWPX,74.67,74.02,74.8,72.92,77597,5734235.0,2.52,-0.87,-0.65,0.81
2026-02-17,NWS,26.2,26.32,26.5,25.955,1540908,40528427.0,2.1,1.23,0.32,0.83
2026-02-17,NWSA,22.76,23.19,23.289,22.745,4235055,97937276.0,2.39,2.07,0.47,1.14
2026-02-17,NWTG,1.46,1.46,1.49,1.39,18082,26124.0,6.9,0.69,0.01,0.38
2026-02-17,NX,22.0,22.11,22.15,21.45,517148,11375946.0,3.18,0.32,0.07,1.13
2026-02-17,NXDR,1.6,1.65,1.68,1.59,4279100,6999246.0,5.63,3.13,0.05,1.1
2026-02-17,NXDT,4.63,4.68,4.73,4.56,139738,648098.0,3.58,-1.47,-0.07,0.0
2026-02-17,NXDT_A,13.79,13.63,13.97,13.52,10145,138662.0,3.24,-1.87,-0.26,0.0
2026-02-17,NXE,11.41,11.62,11.67,11.14,7231829,83151346.0,4.56,0.0,0.0,1.1
2026-02-17,NXG,54.39,54.06,54.39,53.68,38143,2058872.0,1.31,-0.55,-0.3,0.63
2026-02-17,NXGL,1.37,1.3,1.41,1.3,26884,36025.0,8.46,0.0,0.0,0.33
2026-02-17,NXGLW,0.11,0.167,0.167,0.11,898,118.0,40.71,19.29,0.027,0.0
2026-02-17,NXJ,12.55,12.59,12.63,12.512,114473,1440532.0,0.94,0.0,0.0,0.0
2026-02-17,NXL,0.451,0.4,0.451,0.368,511837,206882.0,18.32,-11.7,-0.053,2.74
2026-02-17,NXP,14.52,14.47,14.52,14.452,106867,1547358.0,0.47,-0.28,-0.04,0.0
2026-02-17,NXPI,244.06,245.09,246.535,237.92,1727925,422268944.0,3.52,0.27,0.66,0.68
2026-02-17,NXPL,0.579,0.548,0.589,0.54,54380,30652.0,8.75,-2.14,-0.012,0.21
2026-02-17,NXPLW,0.074,0.074,0.074,0.05,2386,156.0,31.17,-3.9,-0.003,0.0
2026-02-17,NXRT,29.95,30.23,30.29,29.46,119002,3577036.0,2.79,1.58,0.47,0.47
2026-02-17,NXST,231.18,233.4,235.22,228.72,297770,69417608.0,2.81,0.96,2.22,0.98
2026-02-17,NXT,116.5,122.59,123.42,114.24,1874008,226959906.0,7.88,5.28,6.15,1.26
2026-02-17,NXTC,12.95,13.21,13.23,12.78,6333,81852.0,3.44,0.84,0.11,0.18
2026-02-17,NXTE,41.23,41.982,42.2,41.23,1595,66469.0,2.31,0.18,0.074,0.0
2026-02-17,NXTG,117.48,118.226,118.46,117.48,3122,368332.0,0.83,-0.31,-0.367,0.0
2026-02-17,NXTI,30.55,30.5,30.55,30.5,1410,43070.0,0.16,-0.65,-0.2,0.0
2026-02-17,NXTT,2.95,2.97,3.1,2.673,24460,71919.0,14.52,1.02,0.03,0.5
2026-02-17,NXUS,25.305,25.305,25.305,25.305,96,2428.0,0.0,0.16,0.04,0.0
2026-02-17,NXXT,0.804,0.73,0.809,0.71,1533517,1137178.0,12.48,-7.94,-0.063,1.14
2026-02-17,NYAX,56.26,57.49,57.51,55.84,14777,842742.0,2.94,1.13,0.64,0.04
2026-02-17,NYC,8.23,8.437,8.86,8.23,4097,34864.0,7.62,2.02,0.167,0.15
2026-02-17,NYF,54.17,54.2,54.207,54.155,104639,5670340.0,0.1,0.11,0.06,0.0
2026-02-17,NYM,25.28,25.28,25.3,25.27,60101,1519774.0,0.12,0.02,0.005,0.0
2026-02-17,NYT,73.46,74.03,74.59,72.785,2577606,190513578.0,2.47,1.49,1.09,1.59
2026-02-17,NYXH,4.36,4.49,4.49,4.36,10164,45020.0,2.93,1.35,0.06,0.02
2026-02-17,NZAC,42.75,42.921,42.99,42.525,6705,287548.0,1.09,0.22,0.094,0.0
2026-02-17,NZF,12.96,12.93,12.97,12.91,489691,6332299.0,0.46,-0.31,-0.04,0.0
2026-02-17,NZUS,34.2,34.249,34.249,34.2,1812,61988.0,0.14,0.2,0.067,0.0
2026-02-17,O,65.75,66.49,66.735,65.75,6984464,463757664.0,1.5,1.26,0.83,0.75
2026-02-17,OABI,1.68,1.71,1.79,1.68,329952,562253.0,6.47,0.59,0.01,0.23
2026-02-17,OABIW,0.09,0.09,0.09,0.09,400,36.0,0.0,8.43,0.007,0.0
2026-02-17,OACC,10.57,10.676,10.69,10.57,553,5891.0,1.13,0.43,0.046,0.0
2026-02-17,OACCU,10.68,10.68,10.68,10.68,17,185.0,0.0,0.0,0.0,0.0
2026-02-17,OACP,23.22,23.212,23.235,23.21,108939,2529554.0,0.11,0.01,0.002,0.0
2026-02-17,OAEM,42.7,42.93,43.18,42.7,15765,677106.0,1.11,-0.8,-0.347,0.0
2026-02-17,OAIM,44.95,45.3,45.34,44.68,46344,2094569.0,1.46,-0.13,-0.06,0.0
2026-02-17,OAKG,26.15,26.174,26.195,26.15,516,13509.0,0.17,-0.18,-0.048,0.0
2026-02-17,OAKI,26.62,26.96,26.96,26.62,7300,196139.0,1.27,0.35,0.094,0.0
2026-02-17,OAKM,28.33,28.3,28.48,28.13,171571,4854494.0,1.24,0.04,0.01,0.0
2026-02-17,OAKU,12.24,12.24,12.24,12.24,1,13.0,0.0,0.0,0.0,0.0
2026-02-17,OAKUW,0.021,0.021,0.021,0.021,19500,412.0,0.0,0.0,0.0,0.0
2026-02-17,OAK_A,21.8,21.93,22.04,21.66,19383,423179.0,1.74,0.27,0.06,0.0
2026-02-17,OAK_B,21.78,21.75,21.78,21.6,35454,766806.0,0.83,0.05,0.01,0.0
2026-02-17,OALC,35.77,35.77,35.86,35.57,65522,2346061.0,0.81,-0.17,-0.06,0.0
2026-02-17,OARK,31.64,32.123,32.22,31.549,11206,357378.0,2.09,0.23,0.073,0.0
2026-02-17,OASC,30.81,30.949,31.03,30.75,49143,1522758.0,0.91,0.12,0.036,0.0
2026-02-17,OBA,10.1,10.1,10.1,10.1,4,40.0,0.0,0.0,0.0,0.0
2026-02-17,OBAI,5.82,3.39,5.82,3.08,33244886,202770995.0,87.54,8.31,0.26,239.84
2026-02-17,OBAWU,10.28,10.28,10.28,10.28,3,31.0,0.0,0.0,0.0,0.0
2026-02-17,OBAWW,0.23,0.23,0.23,0.23,7400,1702.0,0.0,0.0,0.0,0.0
2026-02-17,OBDC,11.5,11.43,11.578,11.335,6003170,68661459.0,2.12,-0.35,-0.04,1.2
2026-02-17,OBE,7.69,7.42,7.81,7.28,411552,3055511.0,6.91,-3.26,-0.25,0.61
2026-02-17,OBIL,50.27,50.255,50.27,50.25,49654,2495651.0,0.04,-0.04,-0.02,0.0
2026-02-17,OBIO,3.83,3.84,3.944,3.765,76266,293417.0,4.67,0.26,0.01,0.13
2026-02-17,OBK,43.85,43.98,44.465,43.6,135929,5991587.0,1.98,0.55,0.24,0.44
2026-02-17,OBND,26.22,26.219,26.38,26.19,21142,555089.0,0.72,0.0,-0.001,0.0
2026-02-17,OBOR,28.54,28.538,28.57,28.42,5321,151688.0,0.52,-0.38,-0.108,0.0
2026-02-17,OBT,35.49,35.39,36.25,34.99,68123,2417634.0,3.57,0.23,0.08,0.51
2026-02-17,OBTC,21.5,21.819,21.912,21.44,1520,32981.0,2.13,-1.33,-0.294,0.0
2026-02-17,OC,134.38,133.56,134.65,130.65,1029638,136922396.0,2.98,-0.47,-0.63,1.28
2026-02-17,OCC,5.93,5.87,6.38,5.64,43386,255109.0,12.37,-1.84,-0.11,0.53
2026-02-17,OCCI,3.39,3.43,3.48,3.26,1637056,5512305.0,5.56,-13.38,-0.53,5.63
2026-02-17,OCCIM,25.23,25.18,25.23,25.16,1723,43430.0,0.27,-1.45,-0.37,0.0
2026-02-17,OCCIN,24.63,24.66,24.66,24.575,786,19358.0,0.35,0.41,0.1,0.0
2026-02-17,OCCIO,25.0,24.96,25.007,24.96,4610,115181.0,0.19,-0.16,-0.04,0.0
2026-02-17,OCFC,19.66,19.71,19.91,19.345,600524,11855247.0,2.89,0.66,0.13,1.05
2026-02-17,OCG,1.12,0.96,1.12,0.898,812608,815904.0,20.0,-13.51,-0.15,46.75
2026-02-17,OCGN,1.4,1.44,1.445,1.38,2424822,3439244.0,4.61,2.13,0.03,0.74
2026-02-17,OCIO,35.52,35.494,35.539,35.381,1637,58041.0,0.45,0.01,0.005,0.0
2026-02-17,OCS,28.75,28.77,29.086,28.57,371655,10717191.0,1.81,0.98,0.28,0.64
2026-02-17,OCSAW,17.25,17.2,17.25,17.09,4789,82309.0,0.94,1.36,0.23,0.0
2026-02-17,OCSL,12.14,12.01,12.24,11.955,1414972,17061016.0,2.35,-1.07,-0.13,1.61
2026-02-17,OCTB,25.6,25.63,25.63,25.541,3463,88663.0,0.35,0.22,0.057,0.0
2026-02-17,OCTH,23.94,24.039,24.039,23.94,1380,33112.0,0.41,0.19,0.045,0.0
2026-02-17,OCTJ,23.95,24.044,24.044,23.95,380,9106.0,0.39,0.15,0.035,0.0
2026-02-17,OCTM,32.73,32.755,32.755,32.72,1020,33383.0,0.11,0.06,0.02,0.0
2026-02-17,OCTP,30.28,30.435,30.45,30.28,2366,71951.0,0.56,0.3,0.091,0.0
2026-02-17,OCTT,43.39,43.603,43.661,43.39,3299,143625.0,0.62,0.17,0.073,0.0
2026-02-17,OCTU,28.39,28.424,28.49,28.31,16093,456764.0,0.63,0.1,0.027,0.0
2026-02-17,OCTW,39.005,39.09,39.19,38.98,24621,962348.0,0.54,-0.01,-0.002,0.0
2026-02-17,OCTZ,42.25,42.478,42.478,42.25,1391,58931.0,0.54,0.14,0.061,0.0
2026-02-17,OCUL,6.41,6.99,7.13,6.23,51578447,354168320.0,10.14,-21.28,-1.89,23.69
2026-02-17,ODC,64.21,62.49,64.47,62.0,60336,3780512.0,3.84,-2.97,-1.91,0.42
2026-02-17,ODD,28.05,28.08,28.59,27.63,1037186,29077720.0,3.42,0.0,0.0,1.8
2026-02-17,ODDS,23.89,23.91,23.91,23.89,311,7426.0,0.08,0.23,0.055,0.0
2026-02-17,ODFL,192.98,193.32,196.88,190.73,2237234,432359776.0,3.18,0.06,0.11,1.07
2026-02-17,ODHY,10.105,10.105,10.105,10.105,6,61.0,0.0,0.0,0.0,0.0
2026-02-17,ODV,3.715,3.56,3.76,3.395,1889401,6637038.0,9.86,-3.78,-0.14,0.64
2026-02-17,ODYS,5.21,5.1,5.49,5.05,23519,122024.0,8.32,-3.59,-0.19,0.14
2026-02-17,OEC,6.98,5.74,7.32,5.415,2311150,13301381.0,26.79,-19.27,-1.37,4.11
2026-02-17,OEF,332.69,334.39,335.63,330.76,970497,324077504.0,1.46,0.25,0.84,0.0
2026-02-17,OEFA,35.11,35.203,35.27,35.07,684,24066.0,0.57,-0.04,-0.013,0.0
2026-02-17,OEI,25.39,25.484,25.58,25.39,2310,58969.0,0.75,0.17,0.044,0.0
2026-02-17,OESX,13.18,12.84,13.47,12.3,55236,713692.0,9.03,-0.93,-0.12,1.36
2026-02-17,OFAL,0.49,0.538,0.701,0.48,2102800,1243625.0,44.47,8.25,0.041,14.78
2026-02-17,OFG,42.21,42.19,42.583,41.905,183975,7768243.0,1.62,0.67,0.28,0.43
2026-02-17,OFIX,13.39,13.5,13.665,13.285,172588,2329652.0,2.84,0.9,0.12,0.43
2026-02-17,OFLX,37.15,36.98,37.21,36.01,24772,911172.0,3.26,0.33,0.12,0.25
2026-02-17,OFRM,22.65,23.95,24.21,22.447,844275,19934517.0,8.04,9.26,2.03,2.1
2026-02-17,OFS,4.12,4.16,4.25,3.99,150544,617880.0,6.27,0.24,0.01,1.12
2026-02-17,OFSSO,25.48,25.77,25.78,25.48,1653,42306.0,1.18,1.68,0.425,0.0
2026-02-17,OGCP,6.29,6.175,6.37,6.175,744,4664.0,3.19,0.9,0.055,0.02
2026-02-17,OGE,47.36,46.9,47.5,46.7,2245891,105393236.0,1.7,-0.17,-0.08,1.09
2026-02-17,OGEN,0.665,0.639,0.665,0.62,40628,26038.0,6.85,-2.74,-0.018,0.95
2026-02-17,OGI,1.29,1.27,1.315,1.27,414266,531908.0,3.49,-1.55,-0.02,0.31
2026-02-17,OGIG,42.76,42.638,43.065,42.08,8416,359053.0,2.3,-0.55,-0.235,0.0
2026-02-17,OGN,7.42,7.28,7.48,7.235,3791178,27684419.0,3.32,-1.49,-0.11,1.46
2026-02-17,OGS,86.77,85.74,86.77,85.58,428878,36801016.0,1.38,-0.35,-0.3,0.68
2026-02-17,OGSP,10.05,10.09,10.09,10.05,392,3944.0,0.4,0.1,0.01,0.0
2026-02-17,OHI,47.73,47.9,47.94,47.33,1871388,89321192.0,1.29,1.05,0.5,0.63
2026-02-17,OI,14.81,14.64,14.855,14.57,1560754,22910575.0,1.93,-1.01,-0.15,1.02
2026-02-17,OIA,6.32,6.3,6.34,6.28,50354,317583.0,0.95,-0.63,-0.04,0.0
2026-02-17,OIH,382.16,375.58,384.37,368.58,790681,296090912.0,4.14,-1.51,-5.74,0.0
2026-02-17,OII,33.25,32.36,33.4,31.785,1228312,39759341.0,4.87,-2.38,-0.79,1.24
2026-02-17,OILD,5.71,5.94,6.135,5.56,999508,5978765.0,10.02,3.48,0.2,0.0
2026-02-17,OILK,40.64,40.38,40.65,40.09,156972,6335172.0,1.38,-0.49,-0.2,0.0
2026-02-17,OILT,26.5,26.596,26.596,25.84,5069,132976.0,2.81,-1.19,-0.321,0.0
2026-02-17,OILU,38.13,36.34,38.71,34.95,258640,9354913.0,9.99,-3.4,-1.28,0.0
2026-02-17,OIMAU,10.15,10.11,10.15,10.1,840,8507.0,0.49,0.08,0.008,0.0
2026-02-17,OIS,9.42,9.3,9.53,9.11,625325,5802883.0,4.47,-1.06,-0.1,1.05
2026-02-17,OKE,87.0,85.61,87.47,84.68,4795630,409894752.0,3.24,-0.58,-0.5,0.76
2026-02-17,OKLL,11.23,12.44,13.1,10.71,2858020,34014663.0,20.41,6.23,0.73,0.0
2026-02-17,OKLO,64.6,67.64,69.585,62.84,6074399,404812032.0,10.27,2.97,1.95,3.78
2026-02-17,OKLS,16.02,14.39,16.562,13.46,761560,11572377.0,20.65,-4.19,-0.63,0.0
2026-02-17,OKTA,87.06,82.46,87.505,80.95,2870365,236264329.0,7.51,-5.5,-4.8,1.62
2026-02-17,OKTG,13.37,13.434,13.45,13.26,4363,58184.0,1.26,-11.06,-1.671,0.0
2026-02-17,OKUR,2.43,2.4,2.49,2.39,56587,138055.0,4.13,-0.83,-0.02,0.41
2026-02-17,OKYO,1.75,1.75,1.845,1.685,547306,974645.0,9.14,0.0,0.0,1.07
2026-02-17,OLB,0.71,1.48,1.8,0.66,476368128,510639744.0,274.7,256.63,1.065,3545.88
2026-02-17,OLED,124.38,119.06,125.0,118.91,931839,112257832.0,4.88,-4.68,-5.84,1.98
2026-02-17,OLLI,114.68,111.74,115.078,110.1,692584,77227306.0,4.38,-1.72,-1.96,1.13
2026-02-17,OLMA,22.33,22.62,23.28,22.01,955930,21628175.0,5.62,0.13,0.03,1.17
2026-02-17,OLN,25.5,23.87,25.7,23.67,2713219,65340465.0,7.84,-7.77,-2.01,2.39
2026-02-17,OLOX,0.94,0.83,0.945,0.83,231993,204657.0,12.02,-13.27,-0.127,3.75
2026-02-17,OLP,22.93,23.08,23.19,22.64,63047,1448668.0,2.42,1.41,0.32,0.3
2026-02-17,OLPX,1.54,1.59,1.61,1.53,1039918,1654607.0,5.13,1.92,0.03,0.16
2026-02-17,OM,3.35,3.25,3.4,3.21,427981,1408982.0,5.6,-4.13,-0.14,2.34
2026-02-17,OMAB,127.45,131.3,132.01,127.45,48727,6380621.0,3.56,2.46,3.15,0.1
2026-02-17,OMAH,18.29,18.37,18.42,18.29,571665,10486102.0,0.71,0.27,0.05,0.0
2026-02-17,OMC,69.41,67.98,69.5,67.25,4344459,295224464.0,3.26,-1.48,-1.02,1.4
2026-02-17,OMCL,36.59,37.37,37.45,36.35,558035,20672644.0,3.01,2.38,0.87,1.24
2026-02-17,OMDA,11.23,11.46,11.92,10.99,1584555,18149807.0,8.22,1.33,0.15,2.71
2026-02-17,OMER,11.93,11.93,12.45,11.75,955447,11433281.0,5.99,2.05,0.24,1.35
2026-02-17,OMEX,1.7,1.61,1.7,1.58,615247,1002212.0,7.23,-3.01,-0.05,1.1
2026-02-17,OMF,56.18,56.43,56.91,55.53,1998348,112588373.0,2.42,-0.84,-0.48,1.71
2026-02-17,OMFL,62.3,62.56,62.745,61.8,2153785,133727539.0,1.51,-0.02,-0.01,0.0
2026-02-17,OMFS,47.81,47.84,48.096,47.46,15455,739910.0,1.33,-0.1,-0.05,0.0
2026-02-17,OMH,1.47,1.41,1.55,1.41,50255,72783.0,10.0,0.71,0.01,0.2
2026-02-17,OMSE,4.42,4.51,4.58,4.41,24294,109169.0,3.81,1.12,0.05,0.06
2026-02-17,ON,72.11,71.96,73.1,70.75,6671984,478796320.0,3.25,-0.35,-0.25,1.69
2026-02-17,ONB,24.91,24.88,25.22,24.655,2539632,63128845.0,2.28,0.44,0.11,0.65
2026-02-17,ONBPO,25.12,25.13,25.15,25.05,9817,246481.0,0.4,-0.08,-0.02,0.23
2026-02-17,ONBPP,25.01,25.1,25.12,25.01,9007,225876.0,0.44,0.12,0.03,0.18
2026-02-17,ONC,346.07,354.86,356.71,345.035,185184,65353138.0,3.37,2.54,8.79,0.17
2026-02-17,ONCH,10.21,10.21,10.21,10.21,313,3196.0,0.0,0.0,0.0,0.0
2026-02-17,ONCHU,10.34,10.34,10.34,10.34,37,384.0,0.0,0.0,0.0,0.0
2026-02-17,ONCHW,0.65,0.65,0.65,0.65,33,19.0,0.0,0.0,0.0,0.0
2026-02-17,ONCO,0.87,0.785,0.87,0.62,284242,217841.0,32.3,1.42,0.011,18.22
2026-02-17,ONCY,1.085,0.977,1.09,0.93,2338295,2320887.0,15.09,-7.83,-0.083,2.17
2026-02-17,OND,35.36,35.734,35.745,35.36,468,16636.0,1.08,0.26,0.092,0.0
2026-02-17,ONDG,6.36,7.409,7.8,5.82,620639,4288601.0,30.77,15.15,0.975,0.0
2026-02-17,ONDL,18.43,21.94,22.88,17.05,1105493,22285398.0,30.78,15.84,3.0,0.0
2026-02-17,ONDS,9.235,10.05,10.32,8.87,76272202,737804064.0,15.57,7.95,0.74,18.84
2026-02-17,ONDU,10.23,11.94,12.58,9.43,95655,1041034.0,30.29,14.81,1.54,0.0
2026-02-17,ONEG,2.7,2.03,3.7,1.99,787590,2129833.0,58.97,-30.0,-0.87,4.92
2026-02-17,ONEH,24.99,24.99,24.99,24.99,10,251.0,0.0,-0.04,-0.01,0.0
2026-02-17,ONEO,139.201,139.201,139.201,139.201,215,29908.0,0.0,-0.24,-0.332,0.0
2026-02-17,ONEQ,88.22,88.837,89.3,87.57,262055,23160039.0,1.95,0.09,0.083,0.0
2026-02-17,ONEV,141.91,141.35,142.08,140.65,6341,896959.0,1.01,-0.44,-0.63,0.0
2026-02-17,ONEW,12.84,12.23,12.99,11.88,218809,2698167.0,9.27,2.09,0.25,1.32
2026-02-17,ONEY,126.22,125.45,126.22,124.36,14430,1809762.0,1.47,-0.58,-0.73,0.0
2026-02-17,ONEZ,25.75,25.82,25.9,25.65,12037,310628.0,0.97,-0.23,-0.06,0.0
2026-02-17,ONFO,0.46,0.47,0.489,0.455,74305,35251.0,7.01,-3.09,-0.015,1.27
2026-02-17,ONIT,46.03,45.8,47.62,45.51,51097,2355782.0,4.62,0.37,0.17,0.6
2026-02-17,ONL,2.63,2.57,2.68,2.555,194757,505973.0,4.72,-3.02,-0.08,0.35
2026-02-17,ONLN,52.45,52.83,52.882,52.17,6982,366441.0,1.35,0.19,0.1,0.0
2026-02-17,ONMD,0.635,0.614,0.681,0.611,74946,47063.0,10.84,-4.95,-0.032,0.15
2026-02-17,ONOF,36.86,37.54,37.64,36.86,22291,836959.0,2.08,0.27,0.1,0.0
2026-02-17,ONON,45.31,46.66,46.671,45.21,3920359,181255592.0,3.23,3.02,1.37,1.18
2026-02-17,ONTF,7.94,7.93,7.97,7.93,637637,5062589.0,0.51,0.13,0.01,1.5
2026-02-17,ONTO,218.45,220.29,222.0,212.615,977933,214386176.0,4.32,1.41,3.06,1.97
2026-02-17,OOMA,11.75,11.41,11.8,11.28,155400,1779901.0,4.47,-1.98,-0.23,0.56
2026-02-17,OOQB,8.97,9.172,9.172,8.96,401,3620.0,2.27,-1.61,-0.15,0.0
2026-02-17,OOSB,9.887,9.887,9.887,9.887,285,2836.0,0.0,-1.27,-0.127,0.0
2026-02-17,OOSP,10.249,10.25,10.25,10.2,1509,15446.0,0.49,0.29,0.03,0.0
2026-02-17,OPAD,0.85,0.769,0.85,0.734,991787,762671.0,14.41,-4.47,-0.036,2.1
2026-02-17,OPAL,2.26,2.12,2.27,2.11,166485,358708.0,7.05,-6.61,-0.15,0.1
2026-02-17,OPBK,14.04,14.15,14.19,13.995,23314,329410.0,1.39,0.71,0.1,0.16
2026-02-17,OPCH,35.51,35.24,35.83,35.125,1424944,50406865.0,1.99,-0.51,-0.18,0.91
2026-02-17,OPEG,4.91,4.931,5.06,4.82,5764,28470.0,4.62,-5.06,-0.263,0.0
2026-02-17,OPEN,4.35,4.33,4.43,4.26,30076329,130454432.0,3.82,-2.59,-0.115,3.14
2026-02-17,OPENL,0.335,0.37,0.376,0.331,262143,94241.0,12.36,1.65,0.006,0.0
2026-02-17,OPENW,0.62,0.631,0.703,0.6,223895,142614.0,16.4,0.48,0.003,0.0
2026-02-17,OPENZ,0.33,0.334,0.335,0.315,227530,74611.0,6.08,1.52,0.005,0.0
2026-02-17,OPER,100.205,100.215,100.23,100.2,48751,4886256.0,0.03,0.0,0.005,0.0
2026-02-17,OPEX,6.89,6.8,7.136,6.57,165638,1128494.0,7.84,-5.82,-0.42,0.0
2026-02-17,OPFI,8.78,8.98,9.082,8.78,277304,2490210.0,3.39,0.79,0.07,0.32
2026-02-17,OPFI_WS,0.62,0.62,0.67,0.62,1010,633.0,8.33,3.33,0.02,0.0
2026-02-17,OPHC,5.16,5.35,5.59,5.16,63015,340377.0,8.27,2.88,0.15,0.55
2026-02-17,OPK,1.23,1.22,1.24,1.21,1307465,1600960.0,2.44,-0.81,-0.01,0.17
2026-02-17,OPLN,27.99,29.02,29.24,27.99,1568592,45204186.0,4.42,2.54,0.72,1.48
2026-02-17,OPP,7.94,7.9,7.97,7.85,189878,1499297.0,1.51,-0.5,-0.04,0.0
2026-02-17,OPPE,54.74,55.33,55.33,54.64,48493,2666644.0,1.26,1.34,0.73,0.0
2026-02-17,OPPJ,56.6,56.055,56.6,55.61,94429,5292371.0,1.72,-2.46,-1.412,0.0
2026-02-17,OPP_A,17.14,17.08,17.14,17.0,4708,80271.0,0.82,-0.03,-0.005,0.0
2026-02-17,OPP_B,18.7,18.63,18.92,18.54,8464,158520.0,2.04,0.05,0.01,0.0
2026-02-17,OPP_C,10.18,10.18,10.18,10.18,448,4570.0,0.0,0.0,0.0,0.0
2026-02-17,OPRA,12.36,12.29,12.466,11.99,456196,5566366.0,3.84,-0.73,-0.09,0.51
2026-02-17,OPRT,4.96,5.03,5.065,4.825,488906,2440227.0,4.84,1.41,0.07,1.1
2026-02-17,OPRX,8.62,8.29,8.84,8.164,379256,3162965.0,7.73,-5.26,-0.46,2.02
2026-02-17,OPTT,0.432,0.426,0.433,0.412,2866973,1206878.0,4.83,-2.07,-0.009,1.33
2026-02-17,OPTU,1.61,1.62,1.66,1.581,1888720,3043930.0,4.73,-2.99,-0.05,0.4
2026-02-17,OPTX,5.81,5.51,5.894,5.03,879226,4730582.0,14.26,-9.08,-0.55,2.38
2026-02-17,OPTXW,1.02,0.901,1.038,0.821,123053,113508.0,21.07,-12.52,-0.129,0.0
2026-02-17,OPTZ,37.81,38.289,38.289,37.81,1207,45957.0,1.25,0.23,0.086,0.0
2026-02-17,OPXS,14.49,13.04,14.54,12.91,76655,1043608.0,11.11,-11.08,-1.625,1.1
2026-02-17,OPY,85.84,85.84,87.38,85.15,53444,4600470.0,2.6,-0.01,-0.01,0.51
2026-02-17,OR,40.88,42.31,42.37,40.42,1159613,48537411.0,4.57,-0.89,-0.38,0.62
2026-02-17,ORA,127.69,124.22,127.79,122.55,1426111,177277430.0,4.43,5.1,6.03,2.34
2026-02-17,ORBS,1.22,1.22,1.25,1.19,1082277,1325719.0,4.88,-0.81,-0.01,0.55
2026-02-17,ORC,7.53,7.5,7.55,7.38,5866437,43802463.0,2.26,-0.4,-0.03,3.2
2026-02-17,ORCL,157.98,153.97,159.28,152.88,19610800,3030790416.0,4.0,-3.85,-6.17,0.68
2026-02-17,ORCL_D,49.5,48.28,49.7,47.99,2440982,118869347.0,3.44,-2.9,-1.44,2.44
2026-02-17,ORCS,32.73,33.522,33.73,32.5,45686,1520361.0,3.81,3.91,1.262,0.0
2026-02-17,ORCU,11.56,10.95,11.69,10.81,341348,3809337.0,7.43,-7.59,-0.9,0.0
2026-02-17,ORCX,10.77,10.21,10.935,10.055,5218038,54325505.0,7.96,-7.69,-0.85,0.0
2026-02-17,ORGN,0.16,0.148,0.17,0.146,1770713,275315.0,15.58,-3.9,-0.006,1.14
2026-02-17,ORGNW,0.003,0.004,0.004,0.003,118500,371.0,33.33,33.33,0.001,0.0
2026-02-17,ORGO,3.71,3.74,3.81,3.71,237806,892691.0,2.68,0.27,0.01,0.19
2026-02-17,ORI,42.99,42.56,43.32,42.45,1857429,79213527.0,2.04,-0.02,-0.01,0.76
2026-02-17,ORIC,10.0,10.09,10.32,9.94,849792,8574107.0,3.8,1.0,0.1,0.85
2026-02-17,ORIO,1.16,1.12,1.16,1.1,38649,44105.0,5.17,-3.45,-0.04,0.16
2026-02-17,ORIQW,0.24,0.24,0.24,0.24,121,29.0,0.0,0.0,0.0,0.0
2026-02-17,ORIS,1.35,1.14,1.4,1.12,143542,175450.0,20.74,-15.56,-0.21,7.8
2026-02-17,ORKA,32.01,32.68,33.19,31.645,260671,8481649.0,4.8,1.46,0.47,0.54
2026-02-17,ORKT,1.23,1.16,1.23,1.1,130541,150291.0,10.74,-4.13,-0.05,2.24
2026-02-17,ORLA,16.62,16.97,17.32,16.15,1596731,26999154.0,6.73,-2.42,-0.42,0.47
2026-02-17,ORLG,14.91,13.951,14.91,13.951,1510,22133.0,6.29,-8.52,-1.299,0.0
2026-02-17,ORLY,97.03,92.6,97.28,92.42,5163623,482729952.0,5.03,-4.2,-4.06,0.61
2026-02-17,ORMP,3.2,3.2,3.295,3.17,111860,358952.0,3.85,-1.54,-0.05,0.28
2026-02-17,ORN,13.77,13.45,13.83,13.41,266596,3614942.0,3.03,-2.82,-0.39,0.67
2026-02-17,ORO,18.645,18.645,18.645,18.645,25,469.0,0.0,-1.67,-0.317,0.0
2026-02-17,ORR,38.5,38.55,38.7,38.27,283896,10934780.0,1.12,0.03,0.01,0.0
2026-02-17,ORRF,37.8,37.74,38.415,37.4,112521,4253643.0,2.7,0.27,0.1,0.58
2026-02-17,OS,23.46,23.39,23.55,23.37,2472495,58045073.0,0.77,-0.51,-0.12,1.01
2026-02-17,OSBC,20.63,20.83,20.96,20.57,217428,4525790.0,1.9,1.26,0.26,0.41
2026-02-17,OSCG,7.34,7.317,7.44,7.317,586,4323.0,1.68,-0.19,-0.014,0.0
2026-02-17,OSCR,13.26,13.39,13.83,13.13,7137848,95966989.0,5.22,-0.22,-0.03,2.4
2026-02-17,OSCV,41.4,41.29,41.4,41.099,27359,1129703.0,0.73,-0.31,-0.13,0.0
2026-02-17,OSCX,7.28,7.398,7.67,7.15,32561,242536.0,6.97,-0.83,-0.062,0.0
2026-02-17,OSEA,30.75,30.99,31.03,30.61,30173,931779.0,1.36,0.06,0.02,0.0
2026-02-17,OSG,5.76,5.77,5.92,5.7,227479,1313438.0,3.82,0.17,0.01,0.51
2026-02-17,OSIS,268.6,264.58,271.9,262.76,219284,58334713.0,3.4,-1.5,-4.03,1.33
2026-02-17,OSK,169.16,168.47,170.595,167.84,661501,111678920.0,1.61,-1.53,-2.61,1.06
2026-02-17,OSPN,11.2,11.14,11.245,10.91,442244,4914093.0,2.98,-0.89,-0.1,1.18
2026-02-17,OSRH,0.487,0.46,0.5,0.454,607654,289971.0,9.27,-7.26,-0.036,2.37
2026-02-17,OSRHW,0.053,0.057,0.057,0.053,15655,855.0,7.02,0.0,0.0,0.0
2026-02-17,OSS,8.54,8.28,8.686,7.96,1280599,10550273.0,8.34,-4.83,-0.42,5.22
2026-02-17,OSTX,1.23,1.21,1.24,1.19,271784,331555.0,4.1,-0.82,-0.01,0.77
2026-02-17,OSUR,2.73,2.75,2.79,2.68,388049,1063520.0,4.0,0.0,0.0,0.55
2026-02-17,OSW,22.91,23.38,23.54,22.48,1921728,44812113.0,4.67,3.0,0.68,1.9
2026-02-17,OTEX,24.41,24.31,24.75,23.71,1940979,47021424.0,4.23,-1.14,-0.28,0.77
2026-02-17,OTF,12.7,12.47,12.73,12.37,1234022,15442358.0,2.84,-1.5,-0.19,0.27
2026-02-17,OTGA,10.04,10.04,10.042,10.04,3494,35083.0,0.02,0.1,0.01,0.01
2026-02-17,OTGAU,10.24,10.19,10.24,10.18,10280,104822.0,0.59,-0.1,-0.01,0.04
2026-02-17,OTGAW,0.32,0.276,0.32,0.27,1207,367.0,16.13,-10.97,-0.034,0.0
2026-02-17,OTGL,11.38,11.305,11.38,11.21,9831,110482.0,1.49,-0.7,-0.08,0.0
2026-02-17,OTH,2.62,2.63,2.68,2.56,34522,89886.0,4.55,-0.38,-0.01,0.15
2026-02-17,OTIS,91.22,92.44,92.91,91.22,4415957,407613648.0,1.88,2.91,2.61,1.14
2026-02-17,OTLK,0.471,0.422,0.49,0.42,2273875,1005527.0,14.29,-13.88,-0.068,2.74
2026-02-17,OTLY,12.0,11.71,12.0,11.262,79278,920267.0,6.01,-4.56,-0.56,0.26
2026-02-17,OTTR,88.81,86.68,89.02,84.81,457467,39656484.0,4.78,-1.68,-1.48,1.09
2026-02-17,OUNZ,47.13,46.92,47.26,46.66,1471729,69032607.0,1.24,-3.14,-1.52,0.0
2026-02-17,OUSA,58.95,58.9,59.053,58.648,35796,2108004.0,0.69,-0.07,-0.04,0.0
2026-02-17,OUSM,47.18,46.83,47.18,46.58,67951,3182774.0,1.27,-0.6,-0.282,0.0
2026-02-17,OUST,18.185,18.6,18.98,17.65,854550,15736616.0,7.09,-0.91,-0.17,1.4
2026-02-17,OUSTZ,0.036,0.037,0.053,0.036,17450,823.0,30.91,-32.73,-0.018,0.0
2026-02-17,OUT,25.47,25.09,25.58,24.778,1662866,41617872.0,3.2,0.2,0.05,0.95
2026-02-17,OVB,20.87,20.865,20.91,20.79,6035,125945.0,0.58,0.16,0.034,0.0
2026-02-17,OVBC,43.26,43.25,43.37,43.15,10431,450974.0,0.51,0.7,0.3,0.22
2026-02-17,OVF,31.65,31.854,31.883,31.45,6693,211769.0,1.36,0.01,0.004,0.0
2026-02-17,OVID,1.4,1.43,1.44,1.36,1061213,1483139.0,5.63,0.7,0.01,0.82
2026-02-17,OVL,52.72,53.079,53.33,52.39,14130,747538.0,1.78,0.26,0.139,0.0
2026-02-17,OVLH,39.14,39.247,39.38,39.13,8149,319767.0,0.64,0.01,0.002,0.0
2026-02-17,OVLY,33.75,33.69,34.098,33.65,15264,515032.0,1.33,0.24,0.08,0.18
2026-02-17,OVM,21.74,21.805,21.83,21.74,1396,30423.0,0.41,0.15,0.032,0.0
2026-02-17,OVS,38.67,38.683,38.8,38.65,1639,63448.0,0.39,0.01,0.004,0.0
2026-02-17,OVT,22.15,22.142,22.16,22.07,17748,393187.0,0.41,0.09,0.02,0.0
2026-02-17,OVV,47.16,46.08,47.5,45.08,4579898,209304445.0,5.16,-1.81,-0.85,1.62
2026-02-17,OWL,12.32,12.08,12.46,11.83,19575890,236363856.0,5.12,-1.79,-0.22,1.26
2026-02-17,OWLS,5.45,5.49,5.55,5.26,24102,130591.0,5.37,1.67,0.09,0.03
2026-02-17,OWLT,10.9,10.77,11.12,10.45,346743,3715811.0,6.13,-1.46,-0.16,1.29
2026-02-17,OWNB,18.16,17.74,18.19,17.6,15772,283136.0,3.22,-3.32,-0.61,0.0
2026-02-17,OWNS,17.74,17.72,17.75,17.68,29469,521896.0,0.39,-0.22,-0.039,0.0
2026-02-17,OXBR,1.13,1.15,1.192,1.1,14700,16810.0,7.86,-1.71,-0.02,0.19
2026-02-17,OXBRW,0.119,0.119,0.119,0.119,100,12.0,0.0,7.21,0.008,0.0
2026-02-17,OXLC,8.95,9.2,9.23,8.71,6127701,54796718.0,5.3,-6.31,-0.62,0.0
2026-02-17,OXLCG,25.32,25.28,25.48,25.25,20527,521419.0,0.91,-0.47,-0.12,0.0
2026-02-17,OXLCI,25.81,25.74,25.82,25.74,20238,521491.0,0.31,-0.37,-0.095,0.0
2026-02-17,OXLCL,24.08,24.11,24.23,24.08,5094,122926.0,0.62,-0.12,-0.03,0.0
2026-02-17,OXLCN,24.55,24.45,24.55,24.4,6186,151287.0,0.61,-0.81,-0.2,0.0
2026-02-17,OXLCO,23.7,23.7,23.7,23.7,109,2574.0,0.0,0.0,0.0,0.0
2026-02-17,OXLCP,24.64,24.5,24.71,24.46,35564,873375.0,1.02,-0.46,-0.113,0.0
2026-02-17,OXLCZ,24.64,24.47,24.65,24.42,16707,409948.0,0.94,-0.45,-0.11,0.0
2026-02-17,OXM,38.92,38.97,39.96,37.31,227710,8833641.0,6.93,1.96,0.75,1.53
2026-02-17,OXSQ,1.78,1.75,1.78,1.73,2859171,5007113.0,2.76,-3.31,-0.06,3.32
2026-02-17,OXSQG,24.213,24.213,24.213,24.213,115,2785.0,0.0,-0.52,-0.127,0.0
2026-02-17,OXSQH,25.5,25.73,25.79,25.5,14241,365758.0,1.14,0.9,0.23,0.0
2026-02-17,OXY,46.26,45.94,46.76,45.06,8315527,380053920.0,3.69,-0.28,-0.13,0.84
2026-02-17,OXY_WS,24.03,23.9,24.22,23.13,20600,488630.0,4.53,-0.67,-0.16,0.0
2026-02-17,OYSE,10.13,10.13,10.13,10.13,9,91.0,0.0,0.0,0.0,0.0
2026-02-17,OZ,50.634,50.89,50.99,50.4,5001,252971.0,1.18,1.37,0.69,0.13
2026-02-17,OZEM,35.56,35.645,35.808,35.41,23060,821540.0,1.12,0.26,0.092,0.0
2026-02-17,OZK,49.71,49.51,50.29,49.14,970771,48051688.0,2.32,0.06,0.03,0.88
2026-02-17,OZKAP,16.82,16.92,16.92,16.72,32656,548859.0,1.2,1.32,0.22,0.0
2026-02-17,PAA,20.24,20.43,20.5,20.14,2629464,53536861.0,1.79,1.39,0.28,0.37
2026-02-17,PAAA,51.43,51.425,51.43,51.42,1837696,94498353.0,0.02,0.01,0.005,0.0
2026-02-17,PAACU,9.98,9.96,9.99,9.95,247915,2470516.0,0.4,-0.2,-0.02,1.87
2026-02-17,PAAS,56.26,56.09,56.515,53.52,8190732,452871856.0,5.17,-3.18,-1.84,1.94
2026-02-17,PAB,43.26,43.25,43.35,43.19,8621,372898.0,0.37,0.07,0.03,0.0
2026-02-17,PABD,68.59,69.023,69.023,68.43,1374,94104.0,0.86,0.06,0.043,0.0
2026-02-17,PABU,68.76,69.053,69.07,68.32,1160,79774.0,1.09,0.18,0.123,0.0
2026-02-17,PAC,290.62,292.08,293.664,290.0,69194,20215613.0,1.29,3.02,8.55,0.14
2026-02-17,PACB,1.68,1.58,1.694,1.51,11703353,18444706.0,10.76,-7.6,-0.13,3.88
2026-02-17,PACH,10.1,10.1,10.121,10.1,1324,13394.0,0.21,0.0,0.0,0.0
2026-02-17,PACHU,10.23,10.23,10.23,10.23,38,390.0,0.0,0.0,0.0,0.0
2026-02-17,PACK,5.95,5.65,6.09,5.64,379293,2223661.0,7.54,-5.36,-0.32,0.45
2026-02-17,PACS,37.84,41.01,41.9,37.8,1509268,61575498.0,10.84,8.46,3.2,0.96
2026-02-17,PAG,171.71,165.61,176.06,165.04,415642,69359349.0,6.43,-3.35,-5.74,0.63
2026-02-17,PAGP,21.73,21.82,21.86,21.57,2319977,50495265.0,1.34,1.07,0.23,0.3
2026-02-17,PAGS,10.55,10.29,10.65,10.09,2247129,23103194.0,5.31,-2.46,-0.26,0.74
2026-02-17,PAHC,52.26,52.29,53.97,52.15,251441,13242449.0,3.48,0.06,0.03,0.62
2026-02-17,PAI,12.91,12.77,12.91,12.74,7875,100660.0,1.33,-0.27,-0.035,0.0
2026-02-17,PAII,10.13,10.1,10.13,10.1,43709,442371.0,0.3,-0.3,-0.03,0.16
2026-02-17,PAL,7.05,7.33,7.57,7.005,235298,1729294.0,8.01,3.9,0.275,0.85
2026-02-17,PALC,55.17,55.14,55.275,54.83,12070,665008.0,0.81,-0.24,-0.13,0.0
2026-02-17,PALD,26.959,26.537,26.959,26.49,11638,314638.0,1.8,2.03,0.529,0.0
2026-02-17,PALI,1.71,1.7,1.76,1.65,2471653,4181709.0,6.36,-1.73,-0.03,1.66
2026-02-17,PALL,151.9,153.53,154.6,149.72,349294,53201109.0,3.18,0.04,0.06,0.0
2026-02-17,PALU,13.99,13.7,14.025,13.075,391782,5104992.0,6.67,-3.86,-0.55,0.0
2026-02-17,PAM,81.31,80.24,81.31,78.01,148171,11836544.0,4.05,-1.45,-1.18,0.27
2026-02-17,PAMC,50.3,50.575,50.575,50.3,772,38970.0,0.55,0.33,0.166,0.0
2026-02-17,PAMT,11.8,13.24,14.592,11.8,37696,491234.0,23.64,12.11,1.43,0.18
2026-02-17,PANG,8.66,8.373,8.66,8.04,379353,2984165.0,7.1,-4.14,-0.362,0.0
2026-02-17,PANL,8.42,8.57,8.635,8.235,548258,4645888.0,4.72,1.06,0.09,0.84
2026-02-17,PANW,165.68,163.5,166.01,160.08,16586505,2674978656.0,3.55,-2.07,-3.45,2.03
2026-02-17,PAPI,28.4,28.17,28.4,27.92,42452,1195064.0,1.69,-0.53,-0.15,0.0
2026-02-17,PAPL,0.647,0.655,0.683,0.62,159455,103770.0,9.43,-1.95,-0.013,0.61
2026-02-17,PAPR,39.32,39.39,39.41,39.29,27284,1074064.0,0.3,0.08,0.03,0.0
2026-02-17,PAR,20.93,20.7,21.2,20.09,1090239,22618080.0,5.32,-0.77,-0.16,2.68
2026-02-17,PARK,19.51,19.17,19.7,18.87,9613,186965.0,4.33,0.05,0.01,0.23
2026-02-17,PARR,43.07,43.03,43.33,42.34,832194,35657052.0,2.31,0.4,0.17,1.67
2026-02-17,PASG,8.81,8.815,9.201,8.44,13941,123581.0,8.64,0.06,0.005,0.44
2026-02-17,PASW,0.21,0.187,0.212,0.181,965371,186302.0,13.36,-19.4,-0.045,0.78
2026-02-17,PATH,11.23,10.94,11.28,10.63,37647613,409423456.0,5.74,-3.36,-0.38,7.04
2026-02-17,PATK,143.62,139.67,143.63,138.12,296929,41910248.0,3.85,-2.4,-3.43,0.89
2026-02-17,PATN,31.02,30.951,31.06,30.65,42659,1319296.0,1.31,-0.93,-0.289,0.0
2026-02-17,PATX,10.1,9.41,10.1,8.86,18728,172335.0,12.29,-6.74,-0.68,0.0
2026-02-17,PAUG,43.31,43.42,43.49,43.25,23111,1002300.0,0.55,0.12,0.05,0.0
2026-02-17,PAVE,54.61,54.78,55.105,54.25,1538923,84301070.0,1.55,-0.62,-0.34,0.0
2026-02-17,PAVM,10.38,10.27,10.67,9.35,69024,679585.0,12.63,-1.72,-0.18,4.61
2026-02-17,PAVS,1.33,1.25,1.33,1.25,82621,107746.0,6.11,-4.58,-0.06,2.33
2026-02-17,PAWZ,55.05,55.331,55.331,54.98,4101,225875.0,0.64,0.58,0.321,0.0
2026-02-17,PAX,13.91,13.69,13.91,13.475,1225644,16766105.0,3.13,-1.58,-0.22,0.77
2026-02-17,PAXS,15.9,15.75,15.9,15.7,149983,2365853.0,1.26,-0.51,-0.08,0.0
2026-02-17,PAY,22.98,23.47,23.85,22.78,1156092,27055604.0,4.63,1.6,0.37,0.92
2026-02-17,PAYC,124.57,122.32,125.3,119.1,2796794,340406448.0,4.95,-2.39,-2.99,5.15
2026-02-17,PAYH,23.97,23.94,23.98,23.93,5696,136461.0,0.21,0.31,0.073,0.0
2026-02-17,PAYM,24.335,24.46,24.49,24.335,16792,410438.0,0.63,0.2,0.048,0.0
2026-02-17,PAYO,5.4,5.35,5.545,5.29,2979314,16027259.0,4.73,-0.83,-0.045,0.85
2026-02-17,PAYR,55.83,55.755,55.83,55.542,2345,130639.0,0.52,-0.28,-0.155,0.0
2026-02-17,PAYS,3.37,3.36,3.455,3.29,414232,1386281.0,4.87,-0.88,-0.03,0.75
2026-02-17,PAYX,94.71,93.27,95.99,92.94,3631996,340056352.0,3.23,-1.18,-1.11,1.01
2026-02-17,PB,72.89,72.77,73.475,72.22,1124141,81937124.0,1.73,0.19,0.14,1.15
2026-02-17,PBA,43.97,43.55,44.08,42.945,1247861,54193243.0,2.56,-1.96,-0.87,0.21
2026-02-17,PBAP,29.109,29.145,29.145,29.1,5705,166064.0,0.15,0.05,0.015,0.0
2026-02-17,PBAU,30.12,30.065,30.12,30.065,261,7856.0,0.18,0.09,0.026,0.0
2026-02-17,PBD,18.09,18.22,18.22,17.925,29675,537267.0,1.63,0.61,0.11,0.0
2026-02-17,PBDC,28.66,28.45,28.925,28.26,116423,3317539.0,2.32,-0.66,-0.19,0.0
2026-02-17,PBDE,29.538,29.538,29.538,29.538,29,854.0,0.0,0.11,0.033,0.0
2026-02-17,PBE,81.48,82.22,82.22,81.48,4036,330902.0,0.91,0.82,0.67,0.0
2026-02-17,PBEU,29.62,29.911,29.98,29.53,8864818,263777634.0,1.54,2.6,0.757,0.0
2026-02-17,PBF,34.69,33.96,35.48,33.45,2667063,90482833.0,5.88,-1.68,-0.58,2.28
2026-02-17,PBFB,30.487,30.615,30.65,30.48,33363,1020077.0,0.56,0.15,0.045,0.0
2026-02-17,PBFR,29.32,29.34,29.36,29.22,18057,529335.0,0.48,0.14,0.04,0.0
2026-02-17,PBFS,14.66,14.63,14.73,14.63,8059,118077.0,0.69,0.27,0.04,0.03
2026-02-17,PBH,67.02,66.27,67.37,66.19,362229,24092867.0,1.77,-0.78,-0.52,0.77
2026-02-17,PBHC,13.5,13.3,13.51,13.3,1426,19221.0,1.54,-2.21,-0.3,0.02
2026-02-17,PBI,10.1,10.24,10.28,10.01,2790369,28609400.0,2.63,-0.1,-0.01,1.86
2026-02-17,PBI_B,20.5,20.57,20.75,20.5,40362,832872.0,1.21,-0.05,-0.01,0.0
2026-02-17,PBJ,50.84,49.9,50.84,49.735,95072,4748001.0,2.18,-1.64,-0.83,0.0
2026-02-17,PBJA,30.92,30.928,30.97,30.84,3242,100243.0,0.42,0.12,0.036,0.0
2026-02-17,PBJL,30.04,30.05,30.1,29.98,11419,342850.0,0.4,0.04,0.013,0.0
2026-02-17,PBJN,30.02,30.06,30.06,30.01,11381,341694.0,0.17,0.08,0.023,0.0
2026-02-17,PBL,30.93,30.939,30.939,30.93,799,24711.0,0.03,-0.01,-0.002,0.0
2026-02-17,PBM,3.07,2.79,3.09,2.72,46402,132811.0,11.97,-9.71,-0.3,4.54
2026-02-17,PBMR,30.7,30.77,30.79,30.47,17589,539755.0,1.04,0.13,0.041,0.0
2026-02-17,PBMWW,0.019,0.02,0.02,0.019,2248,44.0,5.26,5.26,0.001,0.0
2026-02-17,PBNV,29.456,29.456,29.456,29.456,44,1297.0,0.0,0.1,0.029,0.0
2026-02-17,PBOC,29.21,29.255,29.26,29.19,7063,206505.0,0.24,0.1,0.028,0.0
2026-02-17,PBOG,29.76,29.467,29.86,29.13,11163177,328017984.0,2.46,-0.89,-0.266,0.0
2026-02-17,PBOT,24.924,24.924,24.924,24.924,157,3904.0,0.0,-0.62,-0.155,0.0
2026-02-17,PBP,22.74,22.85,22.85,22.625,20054,456662.0,0.99,0.31,0.07,0.0
2026-02-17,PBPH,27.34,27.332,27.47,27.26,16690006,455233504.0,0.77,0.59,0.16,0.0
2026-02-17,PBQQ,28.76,28.665,28.77,28.448,17934,514407.0,1.12,0.06,0.016,0.0
2026-02-17,PBR,15.09,15.02,15.16,14.81,13193379,197310580.0,2.3,-1.12,-0.17,0.35
2026-02-17,PBRG,25.1,25.045,25.1,24.45,1717,43027.0,2.54,-2.09,-0.535,0.0
2026-02-17,PBR_A,14.15,14.01,14.15,13.83,5175212,72189348.0,2.26,-0.99,-0.14,0.19
2026-02-17,PBSE,29.44,29.526,29.53,29.44,368,10858.0,0.3,0.05,0.014,0.0
2026-02-17,PBT,18.83,18.6,18.89,18.19,67830,1256041.0,3.71,-1.38,-0.26,0.15
2026-02-17,PBTP,26.08,26.06,26.08,26.05,6317,164621.0,0.12,-0.1,-0.025,0.0
2026-02-17,PBUS,68.1,68.44,68.59,67.72,148477,10122135.0,1.27,0.23,0.16,0.0
2026-02-17,PBW,33.27,33.43,33.71,32.68,656698,21900652.0,3.08,-0.15,-0.05,0.0
2026-02-17,PBYI,6.82,6.75,6.9,6.62,417487,2824412.0,4.11,-1.03,-0.07,0.83
2026-02-17,PCAP,10.17,10.16,10.175,10.16,33896,344725.0,0.15,-0.1,-0.01,0.11
2026-02-17,PCAPU,10.27,10.27,10.27,10.27,236,2424.0,0.0,0.0,0.0,0.0
2026-02-17,PCAPW,0.319,0.319,0.319,0.319,5420,1735.0,0.0,0.0,0.0,0.0
2026-02-17,PCAR,126.81,126.52,127.75,125.98,2850242,361325472.0,1.39,-0.38,-0.48,0.54
2026-02-17,PCB,22.84,22.77,22.94,22.77,20366,464984.0,0.74,-0.31,-0.07,0.14
2026-02-17,PCCE,13.225,13.225,13.225,13.225,15,198.0,0.0,1.11,0.145,0.0
2026-02-17,PCEF,20.21,20.16,20.23,20.1,128799,2596057.0,0.64,-0.25,-0.05,0.0
2026-02-17,PCEM,12.642,12.642,12.642,12.642,20,252.0,0.0,-0.34,-0.043,0.0
2026-02-17,PCF,6.12,6.08,6.13,6.05,100179,608118.0,1.31,-0.82,-0.05,0.0
2026-02-17,PCFI,23.495,23.495,23.495,23.495,107,2515.0,0.0,0.16,0.037,0.0
2026-02-17,PCG,18.3,18.02,18.38,17.91,25974749,469002512.0,2.59,-0.77,-0.14,0.97
2026-02-17,PCGG,10.67,10.74,10.77,10.65,38811,414603.0,1.12,0.37,0.04,0.0
2026-02-17,PCG_A,22.17,22.45,22.73,22.17,20587,462320.0,2.52,0.9,0.2,0.0
2026-02-17,PCG_B,20.59,20.8,20.8,20.385,14025,288849.0,2.04,2.26,0.46,0.0
2026-02-17,PCG_C,18.88,19.53,19.53,18.85,1672,31652.0,3.65,4.77,0.89,0.0
2026-02-17,PCG_D,19.25,19.32,19.32,19.0,6679,127927.0,1.67,1.1,0.21,0.0
2026-02-17,PCG_E,19.65,19.005,19.65,18.7,2173,41511.0,5.01,0.29,0.055,0.0
2026-02-17,PCG_G,19.1,19.1,19.1,19.1,294,5795.0,0.0,0.0,0.0,0.0
2026-02-17,PCG_H,17.0,18.03,18.03,17.0,1692,29414.0,6.05,5.9,1.005,0.0
2026-02-17,PCG_I,17.03,17.04,17.1,16.98,3535,60180.0,0.74,4.86,0.79,0.0
2026-02-17,PCG_X,44.7,44.24,44.81,44.04,124658,5535950.0,1.72,-1.1,-0.49,0.0
2026-02-17,PCHI,25.04,25.035,25.04,25.035,690,17277.0,0.02,-0.06,-0.015,0.0
2026-02-17,PCIG,8.7,8.807,8.83,8.695,8942,78524.0,1.53,-0.49,-0.043,0.0
2026-02-17,PCLA,4.96,5.0,5.355,4.96,2983,15415.0,7.81,-1.19,-0.06,0.07
2026-02-17,PCLG,21.59,21.524,21.59,21.44,10372,223115.0,0.7,0.03,0.006,0.0
2026-02-17,PCLN,27.54,27.54,27.54,27.54,6,163.0,0.0,-0.16,-0.044,0.0
2026-02-17,PCLO,25.02,25.02,25.02,25.02,252,6305.0,0.0,-0.02,-0.005,0.0
2026-02-17,PCM,6.08,6.07,6.08,6.05,43803,265733.0,0.49,0.0,0.0,0.0
2026-02-17,PCMM,50.75,50.435,50.75,50.34,53398,2694373.0,0.81,-0.04,-0.02,0.0
2026-02-17,PCN,12.8,12.8,12.8,12.73,355833,4541787.0,0.55,0.16,0.02,0.0
2026-02-17,PCOR,52.42,52.21,53.14,50.53,3136867,162500737.0,4.99,-0.25,-0.13,2.07
2026-02-17,PCQ,9.13,9.08,9.13,9.08,56682,515666.0,0.55,-0.44,-0.04,0.0
2026-02-17,PCR,21.42,21.187,21.42,21.16,606,12879.0,1.21,-1.7,-0.366,0.0
2026-02-17,PCRB,49.81,49.808,49.81,49.8,7650,380972.0,0.02,-0.08,-0.042,0.0
2026-02-17,PCRX,21.77,22.74,22.8,21.77,728254,16272582.0,4.73,4.46,0.97,1.77
2026-02-17,PCS,50.565,50.565,50.565,50.565,1500000,75829950.0,0.0,0.16,0.08,0.0
2026-02-17,PCSA,2.19,2.18,2.29,2.1,17700,39050.0,8.56,-1.8,-0.04,0.78
2026-02-17,PCSC,13.99,14.1,14.38,13.99,11854,169138.0,2.8,1.37,0.19,0.11
2026-02-17,PCT,8.52,8.58,8.735,8.08,4081867,34606713.0,7.54,-1.27,-0.11,2.26
2026-02-17,PCTTU,9.73,9.73,9.73,9.73,1,11.0,0.0,0.0,0.0,0.0
2026-02-17,PCTTW,0.24,0.35,0.4,0.204,14753,4580.0,56.0,0.0,0.0,0.0
2026-02-17,PCTY,107.08,107.64,108.47,105.05,880949,94068434.0,3.19,0.48,0.51,1.64
2026-02-17,PCVX,53.5,53.33,55.06,52.86,1143660,61004573.0,4.07,-1.42,-0.77,0.81
2026-02-17,PCY,22.07,22.06,22.09,22.035,2798965,61771257.0,0.25,0.32,0.07,0.0
2026-02-17,PCYO,11.25,11.39,11.575,11.25,58830,671425.0,2.9,1.79,0.2,0.24
2026-02-17,PD,7.04,6.86,7.145,6.68,3798107,26030583.0,6.7,-1.15,-0.08,4.49
2026-02-17,PDBA,34.19,34.242,34.34,34.19,10597,363168.0,0.44,-0.31,-0.108,0.0
2026-02-17,PDBC,14.06,14.03,14.085,13.975,5037655,70646752.0,0.78,-0.99,-0.14,0.0
2026-02-17,PDC,5.12,5.13,5.31,4.79,9619,48045.0,10.0,-1.35,-0.07,0.32
2026-02-17,PDCC,12.65,12.05,12.65,11.57,14093,168853.0,8.52,-4.97,-0.63,0.21
2026-02-17,PDD,100.51,101.83,102.89,100.08,5775949,587332064.0,2.8,1.55,1.55,0.41
2026-02-17,PDDL,21.68,22.105,22.34,21.68,20629,453229.0,3.08,3.01,0.645,0.0
2026-02-17,PDEC,43.41,43.48,43.52,43.19,75304,3272321.0,0.76,0.16,0.07,0.0
2026-02-17,PDEX,39.96,39.91,40.2,39.36,13743,547664.0,2.13,1.09,0.43,0.43
2026-02-17,PDFS,33.43,33.66,34.14,32.73,391314,13161858.0,4.19,-0.09,-0.03,0.99
2026-02-17,PDI,18.6,18.64,18.65,18.53,2950251,54910498.0,0.64,0.16,0.03,0.0
2026-02-17,PDLB,16.59,16.67,17.05,16.57,54994,917094.0,2.9,0.79,0.13,0.23
2026-02-17,PDM,8.23,8.2,8.265,8.05,1045794,8557493.0,2.61,-0.61,-0.05,0.84
2026-02-17,PDN,46.25,46.67,46.75,46.175,26259,1224219.0,1.23,-0.26,-0.12,0.0
2026-02-17,PDO,14.05,14.09,14.09,13.98,803472,11272921.0,0.78,0.0,0.0,0.0
2026-02-17,PDP,125.8,126.842,127.636,125.38,28823,3641437.0,1.78,0.11,0.144,0.0
2026-02-17,PDPA,25.07,25.1,25.17,25.07,549,13805.0,0.4,0.27,0.067,0.0
2026-02-17,PDS,86.51,87.12,89.3,85.71,212726,18607486.0,4.11,-0.26,-0.23,1.64
2026-02-17,PDSB,0.691,0.678,0.705,0.674,229598,158298.0,4.42,-3.28,-0.023,0.44
2026-02-17,PDT,13.46,13.42,13.5,13.41,164132,2209435.0,0.67,-0.22,-0.03,0.0
2026-02-17,PDX,20.06,19.99,20.19,19.91,82845,1655773.0,1.39,-0.6,-0.12,0.19
2026-02-17,PDYN,6.6,6.38,6.6,6.23,1149376,7351150.0,5.51,-5.06,-0.34,2.49
2026-02-17,PDYNW,0.09,0.09,0.093,0.082,38030,3229.0,12.22,0.0,0.0,0.0
2026-02-17,PEB,12.79,12.65,12.97,12.38,1900729,24063538.0,4.63,-0.78,-0.1,1.68
2026-02-17,PEBK,38.85,39.98,40.105,38.85,20918,834156.0,3.2,1.94,0.76,0.38
2026-02-17,PEBO,33.7,33.79,34.0,33.365,272275,9198698.0,1.89,0.69,0.23,0.76
2026-02-17,PEB_E,20.2,20.59,20.59,20.2,2872,58335.0,1.91,1.05,0.214,0.0
2026-02-17,PEB_F,20.05,20.25,20.25,20.05,2776,55984.0,0.99,0.38,0.076,0.0
2026-02-17,PEB_G,20.74,20.65,20.74,20.38,14032,288427.0,1.75,0.63,0.13,0.0
2026-02-17,PEB_H,18.2,18.14,18.3,18.087,15473,281478.0,1.18,0.55,0.1,0.0
2026-02-17,PECO,38.18,38.38,38.58,38.1,1098196,42155569.0,1.26,0.47,0.18,0.87
2026-02-17,PED,0.59,0.587,0.595,0.58,160127,94191.0,2.53,-1.01,-0.006,0.17
2026-02-17,PEG,87.22,86.95,87.53,86.46,2799059,243476413.0,1.24,0.67,0.58,0.56
2026-02-17,PEGA,43.63,44.5,45.375,43.12,4203224,187498177.0,5.14,1.48,0.65,2.49
2026-02-17,PEJ,60.27,60.77,60.95,60.27,25262,1531245.0,1.13,1.28,0.77,0.0
2026-02-17,PELI,10.36,10.35,10.401,10.3,55638,575643.0,0.98,0.0,0.0,0.46
2026-02-17,PELIR,0.698,0.68,0.7,0.68,6980,4777.0,3.08,4.62,0.03,0.0
2026-02-17,PEMX,74.51,75.12,75.38,74.51,3577,268406.0,1.15,-0.51,-0.384,0.0
2026-02-17,PEN,339.01,341.03,341.715,339.01,446315,152163972.0,0.8,0.51,1.73,1.14
2026-02-17,PENG,19.14,19.35,19.65,18.95,566628,10962293.0,3.61,-0.1,-0.02,1.08
2026-02-17,PENN,11.8,12.05,12.15,11.65,3993788,47826010.0,4.25,2.47,0.29,3.01
2026-02-17,PEO,25.54,25.41,25.55,25.19,70523,1791437.0,1.41,-0.78,-0.2,0.0
2026-02-17,PEP,166.12,161.92,167.54,160.81,8749818,1418758416.0,4.06,-2.42,-4.02,0.64
2026-02-17,PEPG,6.39,6.79,6.9,6.15,471945,3109262.0,11.65,5.43,0.35,0.69
2026-02-17,PEPS,29.11,29.361,29.5,29.11,2652,77792.0,1.33,0.14,0.042,0.0
2026-02-17,PERF,1.49,1.4,1.49,1.4,79372,114554.0,6.04,-6.04,-0.09,0.08
2026-02-17,PERF_WS,0.035,0.035,0.035,0.035,150,5.0,0.0,0.0,0.0,0.0
2026-02-17,PERI,8.41,8.57,8.61,8.33,539934,4591231.0,3.28,0.35,0.03,1.38
2026-02-17,PESI,14.74,14.5,14.77,14.41,61983,905348.0,2.43,-2.29,-0.34,0.33
2026-02-17,PETS,3.17,3.05,3.19,3.03,133059,412784.0,5.03,-4.09,-0.13,0.62
2026-02-17,PETZ,1.14,1.11,1.15,1.1,1803,2001.0,4.72,4.72,0.05,0.02
2026-02-17,PEVC,27.63,27.907,27.96,27.63,460,12828.0,1.18,0.13,0.037,0.0
2026-02-17,PEW,2.85,2.8,2.86,2.765,251066,701454.0,3.31,-2.44,-0.07,0.84
2026-02-17,PEW_WS,0.42,0.38,0.428,0.375,91506,35539.0,13.95,0.0,0.0,0.0
2026-02-17,PEX,24.18,23.842,24.18,23.805,1911,45620.0,1.57,-0.41,-0.098,0.0
2026-02-17,PEXL,61.56,61.831,61.855,61.24,4044,249660.0,0.99,-0.04,-0.026,0.0
2026-02-17,PEY,22.14,21.97,22.24,21.85,180520,3972950.0,1.77,-0.54,-0.12,0.0
2026-02-17,PEZ,105.195,104.932,105.195,104.932,445,46735.0,0.25,0.01,0.007,0.0
2026-02-17,PFAI,2.25,2.32,2.32,2.23,968,2176.0,4.15,6.91,0.15,0.01
2026-02-17,PFBC,91.04,91.87,92.218,90.51,52891,4845684.0,1.88,1.06,0.96,0.43
2026-02-17,PFD,12.05,12.07,12.08,12.04,14125,170353.0,0.33,0.46,0.055,0.0
2026-02-17,PFDE,24.7,24.864,24.955,24.7,16965,421972.0,1.03,0.28,0.069,0.0
2026-02-17,PFE,27.84,27.37,27.87,27.2,32119860,881827328.0,2.43,-0.76,-0.21,0.56
2026-02-17,PFEB,40.855,40.99,41.07,40.76,381601,15624997.0,0.76,0.12,0.05,0.0
2026-02-17,PFF,31.64,31.83,31.84,31.62,9469248,300933088.0,0.69,0.44,0.14,0.0
2026-02-17,PFFA,21.85,22.0,22.026,21.8,1502187,32910382.0,1.03,0.59,0.13,0.0
2026-02-17,PFFD,19.42,19.47,19.49,19.365,384792,7474674.0,0.64,0.26,0.05,0.0
2026-02-17,PFFL,8.5,8.592,8.592,8.5,1069,9106.0,1.08,1.2,0.102,0.0
2026-02-17,PFFR,18.22,18.275,18.275,18.12,49381,898877.0,0.85,0.63,0.115,0.0
2026-02-17,PFFV,22.58,22.69,22.69,22.58,62041,1403607.0,0.49,0.4,0.09,0.0
2026-02-17,PFG,90.53,91.98,92.375,90.09,1555537,142674984.0,2.53,1.76,1.59,0.72
2026-02-17,PFGC,98.58,98.5,98.92,96.29,2451580,240955801.0,2.68,0.51,0.5,1.56
2026-02-17,PFH,17.57,17.61,17.64,17.449,40745,714095.0,1.09,0.54,0.095,40745.0
2026-02-17,PFI,56.265,56.322,56.57,56.265,688,38787.0,0.55,0.71,0.399,0.0
2026-02-17,PFIG,24.41,24.42,24.45,24.41,10085,246391.0,0.16,-0.12,-0.03,0.0
2026-02-17,PFIS,56.97,57.17,57.71,56.76,29800,1701338.0,1.67,0.51,0.29,0.3
2026-02-17,PFIX,43.21,43.28,43.65,42.93,382647,16521882.0,1.66,0.07,0.03,0.0
2026-02-17,PFL,8.4,8.41,8.41,8.37,93776,786585.0,0.48,0.12,0.01,0.0
2026-02-17,PFLD,19.77,19.77,19.81,19.77,85648,1695037.0,0.2,-0.15,-0.03,0.0
2026-02-17,PFLT,8.55,8.51,8.57,8.4,1587619,13502009.0,1.97,-1.39,-0.12,1.6
2026-02-17,PFM,53.9,53.79,53.96,53.593,20142,1083893.0,0.68,-0.12,-0.063,0.0
2026-02-17,PFN,7.37,7.35,7.37,7.35,327543,2410908.0,0.27,-0.27,-0.02,0.0
2026-02-17,PFO,9.63,9.65,9.68,9.61,33290,321492.0,0.72,-0.1,-0.01,0.0
2026-02-17,PFOE,24.4,24.197,24.4,24.09,12098,292802.0,1.28,-0.23,-0.056,0.0
2026-02-17,PFRL,49.65,49.51,49.65,49.32,19901,982940.0,0.67,0.24,0.121,0.0
2026-02-17,PFS,23.02,23.08,23.25,22.87,558302,12883757.0,1.66,0.52,0.12,0.43
2026-02-17,PFSA,1.94,1.88,1.96,1.8,94196,175827.0,7.96,-6.47,-0.13,6.93
2026-02-17,PFSI,93.3,93.88,94.44,92.41,1289667,120521044.0,2.21,2.03,1.87,2.47
2026-02-17,PFUT,24.69,24.638,24.74,24.638,18808,465044.0,0.42,0.37,0.092,0.0
2026-02-17,PFX,42.783,42.783,42.783,42.783,95,4061.0,0.0,0.0,0.0,0.0
2026-02-17,PFXF,18.41,18.5,18.5,18.365,517223,9541493.0,0.73,0.38,0.07,0.0
2026-02-17,PFXNZ,23.9,23.9,23.9,23.9,250,5973.0,0.0,0.42,0.1,0.0
2026-02-17,PG,159.95,159.55,162.17,158.88,13319135,2128596256.0,2.06,-0.32,-0.52,0.57
2026-02-17,PGAC,10.43,10.42,10.43,10.42,7541,78634.0,0.1,-0.29,-0.03,0.07
2026-02-17,PGC,34.06,34.51,34.68,33.72,123702,4259829.0,2.83,1.65,0.56,0.7
2026-02-17,PGEN,4.86,5.21,5.465,4.82,9016465,47517813.0,13.08,5.68,0.28,2.55
2026-02-17,PGF,14.37,14.44,14.475,14.37,169563,2444550.0,0.73,0.28,0.04,0.0
2026-02-17,PGHY,19.96,19.97,20.06,19.96,53047,1061351.0,0.5,-0.05,-0.01,0.0
2026-02-17,PGJ,28.98,29.013,29.21,28.89,15597,452519.0,1.1,-0.14,-0.041,0.0
2026-02-17,PGNY,20.71,20.35,21.1,20.16,1480626,30172955.0,4.54,-1.64,-0.34,1.81
2026-02-17,PGP,9.3,9.31,9.32,9.195,45418,420330.0,1.34,0.0,0.0,0.0
2026-02-17,PGR,207.88,207.9,210.1,205.67,3074567,638718064.0,2.17,1.65,3.37,0.52
2026-02-17,PGRO,42.17,42.57,42.72,41.99,28774,1223232.0,1.72,0.26,0.11,0.0
2026-02-17,PGX,11.43,11.51,11.525,11.43,3734137,42851874.0,0.83,0.52,0.06,0.0
2026-02-17,PGY,12.27,12.3,12.5,11.96,3358350,41204704.0,4.34,-1.05,-0.13,4.09
2026-02-17,PGYWW,0.16,0.151,0.169,0.128,30705,4676.0,21.58,-20.53,-0.039,0.0
2026-02-17,PGZ,10.49,10.5,10.5,10.41,36418,381392.0,0.86,0.1,0.01,0.0
2026-02-17,PH,999.55,1009.93,1014.66,990.33,601473,607027696.0,2.43,0.82,8.18,0.48
2026-02-17,PHAR,15.69,16.3,16.5,15.65,34140,543412.0,5.51,5.71,0.88,0.05
2026-02-17,PHAT,12.03,12.76,12.83,11.83,960388,11918159.0,8.32,6.16,0.74,1.23
2026-02-17,PHDG,38.054,37.803,38.054,37.79,2388,90495.0,0.7,-0.31,-0.116,0.0
2026-02-17,PHEQ,32.53,32.55,32.56,32.29,13261,430937.0,0.83,0.34,0.11,0.0
2026-02-17,PHG,30.82,31.22,31.25,30.815,1255623,38995597.0,1.39,-0.1,-0.03,0.13
2026-02-17,PHGE,6.09,5.9,6.13,5.2,67839,376193.0,15.17,-3.75,-0.23,4.26
2026-02-17,PHI,23.83,23.69,23.9,23.62,59883,1422976.0,1.17,-1.09,-0.26,0.03
2026-02-17,PHIN,74.5,75.51,76.55,74.5,465274,35001278.0,2.71,-0.3,-0.23,1.23
2026-02-17,PHIO,1.58,1.47,1.63,1.4,2806466,4279825.0,13.94,-10.91,-0.18,24.16
2026-02-17,PHK,4.91,4.93,4.93,4.9,804827,3958610.0,0.61,0.41,0.02,0.0
2026-02-17,PHM,142.35,141.58,144.495,139.03,1848250,261020943.0,3.83,-0.69,-0.98,0.96
2026-02-17,PHO,72.52,72.4,72.7,72.11,54854,3973394.0,0.81,-0.25,-0.18,0.0
2026-02-17,PHOE,11.28,13.67,22.66,10.805,512229,8133752.0,111.42,28.48,3.03,2.37
2026-02-17,PHR,12.16,11.83,12.338,11.74,1932245,22961140.0,5.0,-1.0,-0.12,3.21
2026-02-17,PHUN,1.79,1.79,1.82,1.74,96949,172719.0,4.4,-1.65,-0.03,0.48
2026-02-17,PHVS,26.49,26.61,27.09,25.65,56933,1513354.0,5.44,0.6,0.16,0.09
2026-02-17,PHXE_,23.27,23.27,23.27,23.197,3855,89783.0,0.31,0.0,0.0,0.0
2026-02-17,PHYD,52.298,52.295,52.298,52.26,2065,107973.0,0.07,-0.03,-0.015,0.0
2026-02-17,PHYL,35.6,35.57,35.608,35.56,357588,12724098.0,0.13,-0.08,-0.03,0.0
2026-02-17,PHYS,36.78,36.72,36.87,36.36,6355544,232615012.0,1.35,-2.91,-1.1,0.0
2026-02-17,PI,119.98,126.13,131.82,119.472,935722,118620278.0,10.2,4.21,5.09,3.1
2026-02-17,PICB,24.41,24.32,24.41,24.203,167378,4060966.0,0.85,-0.12,-0.03,0.0
2026-02-17,PICK,59.78,59.63,59.78,58.16,707576,41730533.0,2.67,-1.65,-1.0,0.0
2026-02-17,PICS,14.0,13.19,14.105,12.805,287107,3795274.0,9.41,-4.49,-0.62,0.22
2026-02-17,PID,23.47,23.465,23.5,23.255,64577,1510311.0,1.04,-0.4,-0.095,0.0
2026-02-17,PIE,26.73,27.066,27.07,26.56,21459,576606.0,1.88,0.02,0.006,0.0
2026-02-17,PIEQ,34.99,35.32,35.41,34.85,54989,1933767.0,1.58,-0.37,-0.13,0.0
2026-02-17,PIFI,96.12,95.575,96.12,95.575,333,31991.0,0.57,-0.03,-0.03,0.0
2026-02-17,PII,65.93,65.99,66.555,64.53,626982,41237377.0,3.08,0.26,0.17,1.11
2026-02-17,PIII,2.238,2.13,2.28,2.1,6480,13988.0,8.41,-0.47,-0.01,0.09
2026-02-17,PILL,12.38,12.86,13.06,12.3,146715,1868190.0,6.11,3.38,0.42,0.0
2026-02-17,PIM,3.32,3.335,3.36,3.32,38606,128920.0,1.2,0.15,0.005,0.0
2026-02-17,PINE,20.62,20.39,20.715,20.16,256242,5246529.0,2.7,-0.68,-0.14,1.7
2026-02-17,PINE_A,25.35,25.3,25.35,25.29,12847,325133.0,0.24,0.04,0.01,0.0
2026-02-17,PINK,35.86,36.1,36.23,35.74,131968,4760609.0,1.37,0.64,0.23,0.0
2026-02-17,PINS,15.335,15.51,15.975,14.82,27393588,423035504.0,7.49,0.58,0.09,4.12
2026-02-17,PIO,48.01,47.908,48.01,47.71,8258,395007.0,0.63,-0.1,-0.047,0.0
2026-02-17,PIPE,27.789,27.789,27.789,27.789,82,2278.0,0.0,-0.37,-0.104,0.0
2026-02-17,PIPR,324.2,320.0,327.67,318.28,235364,75411018.0,2.91,-0.84,-2.71,1.4
2026-02-17,PIT,56.77,56.9,57.08,56.65,41406,2357940.0,0.75,-1.18,-0.68,0.0
2026-02-17,PIZ,53.31,53.643,53.816,52.97,81746,4380935.0,1.58,0.16,0.084,0.0
2026-02-17,PJAN,47.06,47.16,47.21,46.84,34550,1627444.0,0.79,0.24,0.115,0.0
2026-02-17,PJBF,59.537,59.537,59.537,59.537,25,1484.0,0.0,0.24,0.145,0.0
2026-02-17,PJFG,102.51,102.961,103.335,102.46,3097,318640.0,0.85,0.14,0.149,0.0
2026-02-17,PJFM,66.077,66.077,66.077,66.077,10,661.0,0.0,-0.03,-0.017,0.0
2026-02-17,PJFV,87.93,87.732,88.01,87.732,1457,128048.0,0.32,-0.05,-0.041,0.0
2026-02-17,PJIO,62.48,62.41,62.51,62.41,1182,73779.0,0.16,0.11,0.066,0.0
2026-02-17,PJP,109.22,109.4,110.13,108.6,27791,3040922.0,1.4,-0.2,-0.22,0.0
2026-02-17,PJT,154.57,152.12,155.78,152.12,331716,50791654.0,2.37,-1.37,-2.12,1.36
2026-02-17,PJUL,46.56,46.63,46.75,46.45,43911,2047681.0,0.64,0.09,0.04,0.0
2026-02-17,PJUN,42.03,42.11,42.16,41.97,9697,408446.0,0.45,0.08,0.035,0.0
2026-02-17,PK,11.36,11.47,11.54,11.08,3774141,43071577.0,4.11,2.41,0.27,1.87
2026-02-17,PKB,108.04,108.05,108.86,106.6,57196,6195072.0,2.07,-1.04,-1.14,0.0
2026-02-17,PKBK,28.59,28.61,29.0,28.56,103930,2980793.0,1.54,0.39,0.11,0.89
2026-02-17,PKE,23.77,23.85,24.02,23.28,126709,3005310.0,3.13,0.72,0.17,0.64
2026-02-17,PKG,245.77,240.37,246.095,240.24,1181360,285591744.0,2.38,-2.41,-5.94,1.32
2026-02-17,PKOH,28.0,28.03,28.38,27.08,20021,559409.0,4.64,0.11,0.03,0.14
2026-02-17,PKST,20.8,20.75,20.826,20.74,336904,6997005.0,0.41,-0.34,-0.07,0.91
2026-02-17,PKW,137.89,138.517,139.015,137.369,30828,4265927.0,1.19,0.47,0.653,0.0
2026-02-17,PKX,66.1,64.82,66.1,63.64,150366,9718788.0,3.75,-1.22,-0.8,0.05
2026-02-17,PL,22.0,22.21,22.79,21.5,5585743,124111975.0,5.75,-0.94,-0.21,1.64
2026-02-17,PLAB,38.04,38.62,38.93,36.88,807318,30899086.0,5.28,-0.46,-0.18,1.39
2026-02-17,PLAG,2.83,2.655,3.245,2.57,17221,48557.0,23.81,-6.35,-0.18,0.18
2026-02-17,PLAY,15.12,15.83,15.94,14.795,1011791,15805776.0,7.71,6.6,0.98,2.92
2026-02-17,PLBC,52.78,52.685,53.07,52.48,20098,1059487.0,1.12,0.33,0.175,0.29
2026-02-17,PLBL,8.61,8.0,9.15,7.8,16434,139863.0,14.52,-13.97,-1.299,0.0
2026-02-17,PLBY,1.98,1.96,2.02,1.845,957739,1848439.0,8.79,-1.51,-0.03,0.85
2026-02-17,PLCE,4.0,4.35,4.399,3.97,228908,969157.0,10.7,8.48,0.34,1.03
2026-02-17,PLD,139.86,141.77,141.95,139.127,3079449,435062560.0,2.03,2.01,2.8,0.33
2026-02-17,PLDR,35.87,35.801,35.88,35.78,21946,786734.0,0.28,0.08,0.027,0.0
2026-02-17,PLG,2.18,2.21,2.24,2.06,2550364,5512627.0,7.89,-3.07,-0.07,2.07
2026-02-17,PLGI,24.58,24.78,24.8,24.5,19426,477299.0,1.21,-0.24,-0.059,0.0
2026-02-17,PLMK,10.52,10.49,10.52,10.49,5560,58359.0,0.29,0.0,0.0,0.02
2026-02-17,PLMKW,0.49,0.492,0.492,0.49,629,308.0,0.41,0.41,0.002,0.0
2026-02-17,PLMR,133.24,129.99,134.94,129.99,297738,39028090.0,3.75,-1.6,-2.11,1.12
2026-02-17,PLNT,91.33,92.58,94.86,91.255,2063962,191583142.0,3.97,2.07,1.88,2.56
2026-02-17,PLOO,12.59,12.586,12.59,12.586,255,3167.0,0.03,1.43,0.178,0.0
2026-02-17,PLOW,42.26,42.46,42.69,41.59,157419,6668562.0,2.6,0.5,0.21,0.68
2026-02-17,PLPC,273.01,273.24,277.785,270.68,155179,42611063.0,2.55,-2.07,-5.78,3.16
2026-02-17,PLRX,1.1,1.13,1.18,1.1,970660,1114097.0,7.21,1.8,0.02,1.58
2026-02-17,PLRZ,13.88,13.9,14.85,13.5,21845,301698.0,9.75,0.36,0.05,1.37
2026-02-17,PLSE,22.98,23.67,24.22,22.925,303193,7191297.0,5.63,2.87,0.66,0.45
2026-02-17,PLSM,5.54,5.1,5.7,5.1,3651,20107.0,10.71,-8.93,-0.5,0.06
2026-02-17,PLTA,13.97,14.89,15.11,13.9,33102,472599.0,8.34,2.62,0.38,0.0
2026-02-17,PLTD,8.77,8.49,8.86,8.41,50290910,431213920.0,5.24,-1.16,-0.1,0.0
2026-02-17,PLTG,12.81,13.75,13.91,12.55,330515,4393870.0,10.16,2.69,0.36,0.0
2026-02-17,PLTI,14.225,14.528,14.555,14.225,1353,19471.0,2.31,1.56,0.223,0.0
2026-02-17,PLTK,3.31,3.41,3.45,3.285,3844064,12977143.0,5.02,3.65,0.12,1.02
2026-02-17,PLTM,19.41,19.3,19.53,19.135,407755,7890223.0,1.99,-2.62,-0.52,0.0
2026-02-17,PLTR,128.895,133.02,134.32,127.29,48407140,6367171584.0,5.35,1.23,1.61,2.02
2026-02-17,PLTU,36.18,38.55,39.28,35.275,1798672,67102496.0,10.65,2.47,0.93,0.0
2026-02-17,PLTW,23.42,24.34,24.695,23.21,158788,3794785.0,6.15,0.75,0.18,0.0
2026-02-17,PLTY,36.82,37.76,38.057,36.42,191375,7128057.0,4.38,0.96,0.36,0.0
2026-02-17,PLTZ,41.16,38.61,41.999,37.78,4367509,171071229.0,10.66,-2.4,-0.95,0.0
2026-02-17,PLU,18.21,18.39,19.46,17.47,22695,420985.0,10.6,-2.08,-0.39,0.0
2026-02-17,PLUG,1.85,1.82,1.87,1.8,73002310,134152224.0,3.7,-3.7,-0.07,5.24
2026-02-17,PLUL,8.94,8.666,9.043,8.555,6977,61098.0,5.22,-7.37,-0.69,0.0
2026-02-17,PLUR,3.53,3.71,3.78,3.515,12400,44772.0,7.44,4.21,0.15,0.12
2026-02-17,PLUS,83.9,82.41,84.065,82.24,101946,8436359.0,2.18,-1.75,-1.47,0.39
2026-02-17,PLUT,3.08,3.24,3.24,3.08,6881,21532.0,5.19,5.19,0.16,0.04
2026-02-17,PLX,2.98,2.98,3.02,2.945,1011334,3022001.0,2.53,0.34,0.01,1.26
2026-02-17,PLXS,200.28,195.95,201.5,195.6,392145,77366166.0,2.93,-2.65,-5.33,1.46
2026-02-17,PLYX,3.46,3.96,5.05,3.09,54784120,243968083.0,81.33,64.32,1.55,115.72
2026-02-17,PLYY,12.92,13.283,13.36,12.92,6089,79526.0,3.34,0.71,0.093,0.0
2026-02-17,PL_WS,10.14,10.74,11.24,10.14,3579,38649.0,10.03,-2.1,-0.23,0.0
2026-02-17,PM,187.56,183.65,187.56,183.3,4809596,886212752.0,2.27,-2.06,-3.86,0.31
2026-02-17,PMAP,26.525,26.525,26.525,26.525,1,27.0,0.0,0.24,0.064,0.0
2026-02-17,PMAR,45.35,45.36,45.42,45.241,23856,1082496.0,0.4,0.15,0.07,0.0
2026-02-17,PMAU,25.855,25.855,25.855,25.855,5,129.0,0.0,0.05,0.013,0.0
2026-02-17,PMAX,2.53,2.42,2.604,2.32,12656,30743.0,11.77,0.33,0.008,0.48
2026-02-17,PMAY,39.78,39.83,39.89,39.72,24192,962785.0,0.43,0.1,0.04,0.0
2026-02-17,PMBS,50.47,50.425,50.47,50.39,50228,2533122.0,0.16,-0.13,-0.067,0.0
2026-02-17,PMCB,0.673,0.652,0.68,0.635,62982,41880.0,6.61,-4.26,-0.029,0.59
2026-02-17,PMDE,25.185,25.185,25.185,25.185,66,1665.0,0.0,0.06,0.016,0.0
2026-02-17,PMEC,0.752,0.71,0.752,0.7,8981,6556.0,6.68,-8.86,-0.069,0.02
2026-02-17,PMFB,26.66,26.74,26.75,26.66,7298,194946.0,0.34,0.16,0.044,0.0
2026-02-17,PMI,1.55,1.45,1.65,1.37,671027,1007399.0,17.95,-7.05,-0.11,0.91
2026-02-17,PMIO,51.59,51.632,51.632,51.59,4827,249132.0,0.08,0.13,0.067,0.0
2026-02-17,PMJA,26.85,26.86,26.86,26.85,1089,29249.0,0.04,0.09,0.025,0.0
2026-02-17,PMJN,26.255,26.255,26.255,26.255,1,25.0,0.0,0.09,0.024,0.0
2026-02-17,PML,7.83,7.87,7.87,7.81,349544,2740156.0,0.76,0.0,0.0,0.0
2026-02-17,PMM,6.36,6.33,6.36,6.32,65194,413113.0,0.63,-0.16,-0.01,0.0
2026-02-17,PMN,15.2,16.17,16.5,15.2,45031,720120.0,8.52,6.03,0.92,2.09
2026-02-17,PMNT,0.318,0.305,0.324,0.295,37445,11425.0,9.06,-4.69,-0.015,0.08
2026-02-17,PMO,10.69,10.72,10.72,10.679,40882,437267.0,0.38,0.47,0.05,0.0
2026-02-17,PMT,12.68,12.51,12.72,12.42,772196,9664129.0,2.37,-1.03,-0.13,0.89
2026-02-17,PMTR,10.365,10.37,10.43,10.35,11525,119414.0,0.77,0.19,0.02,0.04
2026-02-17,PMTRU,10.6,10.6,10.6,10.6,179,1908.0,0.0,0.0,0.0,0.0
2026-02-17,PMTS,11.39,11.61,11.79,11.0,56090,635852.0,6.94,2.02,0.23,0.49
2026-02-17,PMTU,25.83,25.82,25.83,25.816,1433,37005.0,0.05,0.08,0.02,0.0
2026-02-17,PMTV,25.36,25.43,25.43,25.3,30394,770860.0,0.51,0.33,0.084,0.0
2026-02-17,PMTW,25.75,25.8,25.8,25.69,9181,236604.0,0.43,0.19,0.05,0.0
2026-02-17,PMT_A,24.42,24.402,24.42,24.26,7986,194362.0,0.65,-0.11,-0.028,0.0
2026-02-17,PMT_B,24.3,23.98,24.3,23.81,186476,4468681.0,2.03,-0.7,-0.17,0.0
2026-02-17,PMT_C,19.36,19.19,19.36,19.1,63638,1222042.0,1.35,-0.52,-0.1,0.0
2026-02-17,PMVP,1.12,1.06,1.12,1.06,163888,177308.0,5.41,-4.5,-0.05,0.31
2026-02-17,PN,0.435,0.43,0.442,0.415,15505,6725.0,6.21,-1.15,-0.005,0.03
2026-02-17,PNBK,1.4,1.4,1.435,1.37,124898,175035.0,4.74,2.19,0.03,0.11
2026-02-17,PNC,229.32,231.24,233.33,229.32,2457328,568562416.0,1.75,0.84,1.92,0.61
2026-02-17,PNFP,97.06,96.44,98.57,95.41,1230947,118667727.0,3.29,0.32,0.31,0.81
2026-02-17,PNFP_A,25.21,25.34,25.36,25.21,14943,378076.0,0.6,0.52,0.13,0.0
2026-02-17,PNFP_B,26.33,26.37,26.41,26.155,13672,359500.0,0.97,0.65,0.17,0.0
2026-02-17,PNFP_C,24.92,25.06,25.09,24.85,16865,420592.0,0.96,0.6,0.15,0.19
2026-02-17,PNI,7.07,7.09,7.1,7.07,54666,387827.0,0.42,0.28,0.02,0.0
2026-02-17,PNNT,5.13,5.09,5.15,5.04,889297,4536591.0,2.13,-1.36,-0.07,1.36
2026-02-17,PNOV,41.73,41.88,41.95,41.64,76002,3172740.0,0.74,0.14,0.06,0.0
2026-02-17,PNQI,45.85,45.94,46.228,45.28,225593,10349867.0,2.07,0.12,0.053,0.0
2026-02-17,PNR,101.56,99.76,101.84,99.08,1621794,162059894.0,2.72,-1.59,-1.61,0.99
2026-02-17,PNRG,174.18,167.5,179.99,167.25,41937,7126950.0,7.41,-2.57,-4.41,2.56
2026-02-17,PNTG,32.01,31.85,32.25,30.995,426909,13406770.0,3.93,-0.38,-0.12,1.23
2026-02-17,PNW,99.89,98.89,100.55,98.61,1821715,180620173.0,1.95,-0.5,-0.5,1.51
2026-02-17,POAS,0.767,0.89,0.93,0.722,3203273,2682204.0,19.62,-16.04,-0.17,11.27
2026-02-17,POCI,4.8,4.66,5.1,4.65,28182,137655.0,9.45,-2.1,-0.1,0.37
2026-02-17,POCT,43.87,44.008,44.08,43.73,53038,2333627.0,0.8,0.22,0.098,0.0
2026-02-17,PODC,2.97,2.85,2.98,2.72,232082,656703.0,9.09,-0.35,-0.01,0.85
2026-02-17,PODD,243.57,246.34,249.65,242.179,1229113,302947232.0,3.08,1.48,3.6,1.75
2026-02-17,POET,5.5,5.52,5.62,5.31,4453064,24332533.0,5.56,-1.08,-0.06,2.92
2026-02-17,POLA,1.54,1.47,1.61,1.47,112576,172750.0,9.4,-1.34,-0.02,4.23
2026-02-17,POLE,10.57,10.59,10.6,10.57,52523,556218.0,0.28,0.0,0.0,0.18
2026-02-17,POLEW,0.2,0.2,0.2,0.2,908,183.0,0.0,0.0,0.0,0.0
2026-02-17,POM,0.24,0.22,0.25,0.219,209267,48617.0,12.16,-13.73,-0.035,0.18
2026-02-17,PONX,17.64,16.55,18.18,16.254,32498,541150.0,11.24,-3.39,-0.58,0.0
2026-02-17,PONY,14.16,13.77,14.525,13.66,3112775,43178566.0,6.15,-2.13,-0.3,0.72
2026-02-17,POOL,264.27,255.46,265.68,253.29,763144,195456299.0,4.66,-3.9,-10.37,2.09
2026-02-17,POR,53.88,52.56,54.39,51.91,2051604,107632799.0,4.59,-2.67,-1.44,1.78
2026-02-17,POST,112.49,108.5,112.97,107.57,969933,105284024.0,4.83,-3.04,-3.4,2.03
2026-02-17,POW,24.95,24.42,24.95,24.15,23998,587289.0,3.27,-0.04,-0.01,0.0
2026-02-17,POWA,93.27,92.54,93.27,92.51,4224,392272.0,0.81,-0.82,-0.763,0.0
2026-02-17,POWI,47.0,45.73,47.2,45.02,694468,31841292.0,4.62,-3.13,-1.48,1.25
2026-02-17,POWL,575.13,561.64,581.95,556.5,172352,97188352.0,4.35,-4.0,-23.43,1.42
2026-02-17,POWR,26.34,26.29,26.39,26.13,94766,2487839.0,0.99,-0.11,-0.03,0.0
2026-02-17,POWW,1.89,1.98,1.99,1.865,798486,1545104.0,6.61,4.76,0.09,0.68
2026-02-17,POWWP,24.49,24.3,24.49,24.2,3225,78229.0,1.19,-0.04,-0.01,0.0
2026-02-17,PPA,175.34,177.37,178.47,174.925,229922,40630609.0,2.01,0.72,1.27,0.0
2026-02-17,PPBT,0.59,0.585,0.59,0.563,89590,51331.0,4.66,1.04,0.006,0.99
2026-02-17,PPC,43.48,43.48,43.94,42.51,969236,42162825.0,3.3,0.37,0.16,0.41
2026-02-17,PPCB,0.239,0.22,0.24,0.183,1143363,247121.0,26.76,3.29,0.007,7.21
2026-02-17,PPEM,30.42,30.388,30.48,30.18,3075,93528.0,0.99,-0.01,-0.004,0.0
2026-02-17,PPG,131.5,129.18,132.055,128.56,2089370,270644848.0,2.66,-1.64,-2.16,0.93
2026-02-17,PPH,112.11,111.65,112.58,111.46,222193,24856528.0,1.01,0.41,0.46,0.0
2026-02-17,PPHC,12.36,12.25,12.5,11.753,87108,1071233.0,6.03,-1.05,-0.13,0.31
2026-02-17,PPI,20.84,21.006,21.07,20.771,121096,2547288.0,1.42,-0.2,-0.043,0.0
2026-02-17,PPIE,28.66,28.994,29.0,28.66,6823,197218.0,1.17,0.07,0.02,0.0
2026-02-17,PPIH,32.04,32.2,32.931,31.23,83847,2675756.0,5.28,-0.09,-0.03,1.04
2026-02-17,PPL,38.0,37.57,38.14,37.505,8856669,334103040.0,1.68,-0.66,-0.25,1.18
2026-02-17,PPLT,183.27,182.93,184.73,180.57,495220,90490247.0,2.22,-2.17,-4.05,0.0
2026-02-17,PPSI,4.08,3.88,4.185,3.79,136250,534399.0,9.63,-5.37,-0.22,1.23
2026-02-17,PPT,3.62,3.63,3.63,3.62,100982,365819.0,0.28,0.28,0.01,0.0
2026-02-17,PPTA,27.52,28.08,28.489,26.18,2959584,82096684.0,8.0,-2.7,-0.78,2.4
2026-02-17,PPTY,31.74,31.912,31.912,31.6,6595,209966.0,0.99,1.0,0.315,0.0
2026-02-17,PQAP,28.79,28.764,28.79,28.764,9700,279263.0,0.09,0.11,0.032,0.0
2026-02-17,PQDI,19.751,19.77,19.78,19.751,2100,41510.0,0.15,0.2,0.04,0.0
2026-02-17,PQJA,28.62,28.853,28.91,28.62,11286,326218.0,1.0,-0.02,-0.007,0.0
2026-02-17,PQJL,28.8,28.859,28.9,28.8,10099,291851.0,0.35,0.08,0.023,0.0
2026-02-17,PQNT,22.38,22.445,22.445,22.38,2090,46772.0,0.29,-0.1,-0.023,0.0
2026-02-17,PQOC,28.34,28.324,28.36,28.324,10757,305051.0,0.13,-0.03,-0.009,0.0
2026-02-17,PR,17.37,16.99,17.47,16.605,9286761,156938105.0,5.0,-1.74,-0.3,1.11
2026-02-17,PRA,24.6,24.47,24.6,24.39,692106,16925323.0,0.86,-0.08,-0.02,1.35
2026-02-17,PRAA,10.87,11.0,11.16,10.725,583752,6410298.0,4.01,1.29,0.14,1.52
2026-02-17,PRAE,39.342,39.342,39.342,39.342,6,235.0,0.0,-0.4,-0.158,0.0
2026-02-17,PRAX,315.22,328.04,330.09,314.35,340328,110130627.0,4.96,3.4,10.79,1.22
2026-02-17,PRAY,33.66,33.688,33.711,33.29,3029,101873.0,1.25,0.09,0.031,0.0
2026-02-17,PRCH,8.37,8.63,8.81,8.15,2590475,22275825.0,7.89,3.23,0.27,2.08
2026-02-17,PRCS,26.31,26.34,26.4,26.15,38839,1020650.0,0.95,-0.34,-0.09,0.0
2026-02-17,PRCT,28.09,28.12,28.59,27.5,919796,25946420.0,3.92,1.19,0.33,1.63
2026-02-17,PRDO,31.54,31.79,31.87,31.39,598342,18971903.0,1.53,1.15,0.36,0.96
2026-02-17,PRE,22.19,21.74,22.38,20.19,238020,5111517.0,9.97,-1.05,-0.23,1.41
2026-02-17,PREF,19.32,19.215,19.32,19.2,209841,4031952.0,0.63,0.13,0.025,0.0
2026-02-17,PRENW,0.021,0.021,0.021,0.021,3200,68.0,0.0,-12.5,-0.003,0.0
2026-02-17,PRF,49.49,49.44,49.595,49.08,491905,24303250.0,1.04,-0.22,-0.11,0.0
2026-02-17,PRFD,52.19,52.16,52.19,52.13,13558,707163.0,0.12,0.12,0.06,0.0
2026-02-17,PRFX,2.9,3.34,3.64,2.85,161875,536849.0,26.69,12.84,0.38,20.67
2026-02-17,PRFZ,48.45,48.57,48.7,47.88,58244,2818468.0,1.69,0.24,0.114,0.0
2026-02-17,PRG,33.76,33.87,33.92,33.01,608572,20483632.0,2.73,1.5,0.5,1.54
2026-02-17,PRGO,14.71,14.44,14.79,14.365,2547383,36901953.0,2.92,-0.69,-0.1,1.85
2026-02-17,PRGS,36.28,35.05,36.515,34.81,831937,29330144.0,4.67,-4.05,-1.48,1.98
2026-02-17,PRH,24.84,24.925,24.96,24.73,33131,823103.0,0.92,0.22,0.055,0.0
2026-02-17,PRHI,0.69,0.737,0.76,0.69,19126,13856.0,9.37,-1.34,-0.01,0.16
2026-02-17,PRHIZ,18.5,18.5,18.5,18.5,9,153.0,0.0,0.0,0.0,0.0
2026-02-17,PRI,252.8,259.22,259.71,250.5,225997,58171910.0,3.67,3.32,8.33,0.71
2026-02-17,PRIF_D,24.99,24.93,24.99,24.87,1291,32172.0,0.48,0.2,0.05,0.0
2026-02-17,PRIF_J,24.74,24.711,24.76,24.71,2181,53947.0,0.2,-0.68,-0.169,0.0
2026-02-17,PRIF_K,21.61,21.61,21.78,21.51,12478,270293.0,1.25,0.32,0.07,0.0
2026-02-17,PRIF_L,24.4,24.457,24.502,24.385,2037,49770.0,0.48,0.03,0.007,0.0
2026-02-17,PRIM,165.0,162.38,167.19,162.17,696990,114088013.0,3.01,-2.49,-4.15,1.29
2026-02-17,PRIV,25.72,25.735,25.74,25.72,17337,446082.0,0.08,0.16,0.04,0.0
2026-02-17,PRK,175.24,175.92,178.46,174.0,77374,13642867.0,2.55,0.75,1.31,0.48
2026-02-17,PRKS,34.16,34.79,35.225,34.02,820026,28537780.0,3.55,2.44,0.83,1.6
2026-02-17,PRLB,67.2,66.82,67.44,65.8,188564,12573951.0,2.43,-1.04,-0.7,0.79
2026-02-17,PRLD,2.22,2.11,2.225,2.07,102619,219185.0,6.95,-5.38,-0.12,0.16
2026-02-17,PRM,26.09,26.46,26.885,26.01,781456,20697207.0,3.34,0.92,0.24,0.52
2026-02-17,PRMB,18.87,18.28,18.92,17.965,5913360,107904151.0,5.09,-2.56,-0.48,1.62
2026-02-17,PRME,3.27,3.31,3.38,3.155,1607426,5281130.0,6.82,0.3,0.01,0.89
2026-02-17,PRMR,24.37,24.278,24.38,24.15,10725,260236.0,0.95,-0.23,-0.055,0.0
2026-02-17,PRN,205.84,206.387,207.8,203.935,16899,3478648.0,1.87,0.02,0.037,0.0
2026-02-17,PRNT,22.51,22.5,22.51,22.21,8593,191854.0,1.31,-1.7,-0.39,0.0
2026-02-17,PROF,6.56,6.68,6.77,6.32,65499,432799.0,6.82,1.21,0.08,0.18
2026-02-17,PROK,1.99,2.02,2.07,1.96,326036,659799.0,5.56,2.02,0.04,0.11
2026-02-17,PROP,1.75,1.8,1.82,1.724,1155027,2044978.0,5.49,2.86,0.05,1.94
2026-02-17,PROV,16.24,16.02,16.347,16.02,7063,114130.0,2.02,-1.23,-0.2,0.11
2026-02-17,PRPL,0.685,0.698,0.71,0.66,170982,117559.0,7.26,1.31,0.009,0.16
2026-02-17,PRPO,23.5,23.5,24.196,23.06,31447,739480.0,4.86,0.47,0.11,1.79
2026-02-17,PRQR,1.46,1.45,1.519,1.425,338554,491648.0,6.44,-0.68,-0.01,0.32
2026-02-17,PRS,24.06,24.1,24.14,24.01,59847,1439043.0,0.54,0.42,0.1,0.0
2026-02-17,PRSD,25.21,25.2,25.21,25.19,4935,124353.0,0.08,-0.04,-0.01,0.0
2026-02-17,PRSO,0.916,0.878,0.918,0.87,218770,196480.0,5.39,-1.46,-0.013,2.35
2026-02-17,PRSU,36.65,37.03,37.46,36.34,197445,7285495.0,3.06,1.12,0.41,0.7
2026-02-17,PRT,3.47,3.28,3.47,3.26,52807,178023.0,6.03,-5.75,-0.2,0.43
2026-02-17,PRTA,8.96,8.96,9.205,8.795,374772,3373221.0,4.58,0.0,0.0,0.7
2026-02-17,PRTC,18.0,17.805,18.0,17.805,3437,61679.0,1.12,1.98,0.345,0.01
2026-02-17,PRTH,5.4,5.5,5.59,5.4,228917,1261937.0,3.53,2.04,0.11,0.28
2026-02-17,PRTS,0.68,0.715,0.75,0.656,1149052,830608.0,13.43,2.14,0.015,1.65
2026-02-17,PRU,103.76,103.27,104.859,102.04,1790160,184709066.0,2.69,-1.28,-1.34,0.51
2026-02-17,PRVA,22.44,22.08,22.67,21.885,608637,13460581.0,3.51,-1.38,-0.31,0.49
2026-02-17,PRVS,28.9,28.9,29.03,28.74,26520,766938.0,1.0,0.0,-0.001,0.0
2026-02-17,PRXG,34.21,34.508,34.65,34.18,4139,142555.0,1.37,0.3,0.103,0.0
2026-02-17,PRXV,32.64,32.47,32.64,32.455,2982,97052.0,0.57,-0.34,-0.11,0.0
2026-02-17,PRZO,1.03,1.02,1.049,0.98,567117,569032.0,6.57,-2.86,-0.03,2.56
2026-02-17,PSA,303.26,302.0,306.04,297.21,1901535,573438400.0,2.94,0.55,1.65,1.08
2026-02-17,PSA_F,21.24,21.35,21.36,21.16,15754,334854.0,0.94,0.66,0.14,0.14
2026-02-17,PSA_G,21.09,21.14,21.3,21.07,10531,222572.0,1.09,0.24,0.05,0.09
2026-02-17,PSA_H,23.71,23.79,23.79,23.6,24587,581709.0,0.8,0.68,0.16,0.22
2026-02-17,PSA_I,19.9,20.06,20.08,19.86,19315,385522.0,1.1,0.7,0.14,0.15
2026-02-17,PSA_J,18.99,19.22,19.22,18.98,18057,343918.0,1.26,1.15,0.219,0.17
2026-02-17,PSA_K,19.31,19.48,19.49,19.26,10780,208706.0,1.19,0.8,0.155,0.12
2026-02-17,PSA_L,18.95,19.03,19.05,18.9,21867,414278.0,0.79,0.53,0.1,0.1
2026-02-17,PSA_M,16.68,16.83,16.84,16.65,13332,223029.0,1.14,1.08,0.18,0.14
2026-02-17,PSA_N,15.62,15.77,15.77,15.61,19003,297977.0,1.02,0.96,0.15,0.17
2026-02-17,PSA_O,15.87,15.97,15.97,15.86,8623,137152.0,0.69,0.41,0.065,0.13
2026-02-17,PSA_P,16.19,16.37,16.37,16.18,57699,939288.0,1.17,0.74,0.12,0.24
2026-02-17,PSA_Q,15.93,16.06,16.07,15.93,12716,203413.0,0.88,0.47,0.075,0.22
2026-02-17,PSA_R,16.28,16.37,16.37,16.248,21737,354003.0,0.75,0.74,0.12,0.12
2026-02-17,PSA_S,16.58,16.7,16.74,16.48,28861,479188.0,1.57,0.91,0.15,0.29
2026-02-17,PSBD,11.28,11.22,11.46,11.17,39166,440576.0,2.56,-1.15,-0.13,0.13
2026-02-17,PSC,60.5,60.59,60.85,59.805,120740,7299858.0,1.73,0.25,0.15,0.0
2026-02-17,PSCC,34.73,34.499,35.01,34.33,37424,1296092.0,1.96,-0.51,-0.176,0.0
2026-02-17,PSCD,113.87,114.361,114.361,113.08,1797,204157.0,1.12,0.21,0.238,0.0
2026-02-17,PSCE,53.73,52.69,53.8,51.897,39792,2098854.0,3.56,-1.31,-0.7,0.0
2026-02-17,PSCF,60.95,60.879,61.38,60.45,42983,2618174.0,1.54,0.59,0.359,0.0
2026-02-17,PSCH,42.68,42.8,43.125,42.45,36381,1559357.0,1.59,0.8,0.34,0.0
2026-02-17,PSCI,173.74,171.923,173.74,171.46,4387,755360.0,1.32,-0.75,-1.307,0.0
2026-02-17,PSCJ,30.17,30.198,30.198,30.17,283,8541.0,0.09,0.11,0.032,0.0
2026-02-17,PSCM,102.0,102.22,102.64,100.72,9938,1017373.0,1.87,-0.39,-0.4,0.0
2026-02-17,PSCQ,29.42,29.573,29.573,29.42,605,17837.0,0.52,0.17,0.051,0.0
2026-02-17,PSCT,61.96,62.002,62.555,61.28,17286,1071794.0,2.04,-0.68,-0.425,0.0
2026-02-17,PSCU,59.07,58.744,59.24,58.744,6878,406617.0,0.84,-0.48,-0.286,0.0
2026-02-17,PSCW,28.09,28.108,28.12,28.09,331,9300.0,0.11,0.1,0.028,0.0
2026-02-17,PSCX,30.93,31.098,31.098,30.92,500,15506.0,0.57,0.21,0.065,0.0
2026-02-17,PSDM,51.69,51.664,51.72,51.64,9333,482249.0,0.15,-0.04,-0.021,0.0
2026-02-17,PSEC,3.05,3.01,3.125,2.96,4202930,12710565.0,5.41,-1.31,-0.04,0.87
2026-02-17,PSEC_A,17.5,18.06,18.06,17.5,4177,74623.0,3.15,1.63,0.29,0.0
2026-02-17,PSEP,43.808,43.85,43.93,43.65,29481,1292522.0,0.64,0.14,0.06,0.0
2026-02-17,PSET,73.33,73.515,73.73,73.115,3139,230436.0,0.84,0.29,0.212,0.0
2026-02-17,PSF,20.42,20.49,20.51,20.42,18422,377024.0,0.44,-0.05,-0.01,0.0
2026-02-17,PSFD,37.455,37.468,37.53,37.33,4734,177274.0,0.53,0.16,0.06,0.0
2026-02-17,PSFE,6.15,6.24,6.38,6.06,446415,2791679.0,5.24,2.13,0.13,0.86
2026-02-17,PSFF,32.43,32.47,32.5,32.29,59168,1918435.0,0.65,0.12,0.04,0.0
2026-02-17,PSFJ,33.1,33.356,33.356,33.1,3058,101473.0,0.77,0.29,0.095,0.0
2026-02-17,PSFM,32.115,32.105,32.115,32.105,166,5331.0,0.03,0.16,0.052,0.0
2026-02-17,PSFO,32.42,32.501,32.501,32.42,860,27877.0,0.25,0.2,0.065,0.0
2026-02-17,PSH,50.48,50.4,50.48,50.34,16633,838129.0,0.28,-0.08,-0.04,0.0
2026-02-17,PSHG,2.06,2.13,2.15,2.055,42750,89842.0,4.57,2.4,0.05,0.34
2026-02-17,PSI,99.13,100.38,101.05,97.526,275470,27540683.0,3.5,-0.2,-0.2,0.0
2026-02-17,PSIG,5.6,5.39,5.67,5.23,33253,180668.0,7.87,-3.58,-0.2,0.39
2026-02-17,PSIL,16.8,16.905,17.027,16.589,12818,216088.0,2.75,6.12,0.975,0.0
2026-02-17,PSIX,97.55,93.83,97.55,89.17,657989,61375643.0,8.48,-5.0,-4.94,2.86
2026-02-17,PSK,32.22,32.36,32.44,32.22,217244,7015303.0,0.68,0.0,0.0,0.0
2026-02-17,PSKY,10.62,10.83,11.325,10.62,13681714,150110169.0,6.83,4.94,0.51,1.23
2026-02-17,PSL,113.78,113.28,113.78,112.985,1339,151584.0,0.7,-0.41,-0.468,0.0
2026-02-17,PSLV,24.13,24.0,24.28,23.38,17340361,414579200.0,3.59,-4.19,-1.05,0.0
2026-02-17,PSMD,32.57,32.564,32.57,32.564,148,4820.0,0.02,0.15,0.05,0.0
2026-02-17,PSMJ,32.22,32.323,32.33,32.22,305,9840.0,0.34,0.15,0.049,0.0
2026-02-17,PSMO,30.72,30.822,30.822,30.72,516,15869.0,0.33,0.11,0.034,0.0
2026-02-17,PSMT,154.76,152.58,155.68,151.28,146104,22298175.0,2.83,-1.99,-3.1,0.47
2026-02-17,PSN,64.02,61.41,64.06,61.33,1265559,78471802.0,4.31,-3.11,-1.97,1.18
2026-02-17,PSNL,8.47,8.57,8.89,8.28,1227232,10561373.0,7.43,4.38,0.36,1.2
2026-02-17,PSNY,18.26,16.81,18.37,16.56,110075,1883003.0,9.82,-8.84,-1.63,0.15
2026-02-17,PSNYW,2.78,2.8,2.81,2.75,4269,11898.0,2.0,-6.67,-0.2,0.0
2026-02-17,PSO,12.55,12.62,12.63,12.42,946610,11877913.0,1.67,0.48,0.06,0.15
2026-02-17,PSP,63.35,63.73,63.8,62.61,127983,8144338.0,1.88,0.44,0.28,0.0
2026-02-17,PSQ,31.17,31.02,31.42,30.88,10470357,325874000.0,1.74,0.16,0.05,0.0
2026-02-17,PSQA,20.53,20.52,20.53,20.51,35605,730913.0,0.1,0.0,0.0,0.0
2026-02-17,PSQH,0.76,0.775,0.797,0.73,367908,286218.0,8.91,3.06,0.023,0.74
2026-02-17,PSQH_WS,0.06,0.061,0.071,0.06,12702,850.0,17.46,-3.17,-0.002,0.0
2026-02-17,PSQO,20.72,20.73,20.735,20.71,44198,915918.0,0.12,0.07,0.015,0.0
2026-02-17,PSR,98.55,99.375,99.38,98.55,1388,137622.0,0.84,0.98,0.96,0.0
2026-02-17,PST,21.67,21.7,21.71,21.67,13626,295667.0,0.18,0.05,0.01,0.0
2026-02-17,PSTG,72.19,72.69,73.88,71.1,3477680,252672472.0,3.76,-1.57,-1.16,1.05
2026-02-17,PSTL,18.92,19.32,19.41,18.79,216175,4153245.0,3.29,2.49,0.47,0.8
2026-02-17,PSTP,35.25,35.42,35.46,35.2,5285,186601.0,0.74,0.31,0.11,0.0
2026-02-17,PSTR,29.26,29.348,29.355,29.26,1001,29339.0,0.32,-0.11,-0.031,0.0
2026-02-17,PSTV,0.28,0.28,0.288,0.27,4214070,1180155.0,6.55,1.82,0.005,2.36
2026-02-17,PSWD,32.59,32.087,32.59,32.087,417,13541.0,1.54,-1.87,-0.61,0.0
2026-02-17,PSX,160.0,158.16,162.26,156.31,4098397,647788784.0,3.72,-1.01,-1.61,1.02
2026-02-17,PTA,19.77,19.85,19.9,19.75,151754,3004435.0,0.76,0.4,0.08,0.0
2026-02-17,PTBD,19.47,19.465,19.48,19.45,13737,267446.0,0.15,-0.11,-0.021,0.0
2026-02-17,PTC,154.51,153.07,156.52,150.75,2079674,317050064.0,3.68,-2.36,-3.7,1.75
2026-02-17,PTCT,69.14,69.17,70.53,68.3,831088,57568835.0,3.21,-0.4,-0.28,1.02
2026-02-17,PTEN,8.1,7.92,8.18,7.725,10640276,83953295.0,5.62,-2.22,-0.18,2.8
2026-02-17,PTEU,32.45,32.445,32.45,32.34,1064,34429.0,0.34,0.67,0.215,0.0
2026-02-17,PTF,87.67,89.185,90.04,86.87,19774,1747191.0,3.56,0.2,0.179,0.0
2026-02-17,PTGX,81.07,82.46,83.13,80.395,364763,29954375.0,3.36,1.19,0.97,0.58
2026-02-17,PTH,48.06,49.074,49.26,48.06,11022,537222.0,2.49,1.97,0.948,0.0
2026-02-17,PTHS,20.234,18.19,20.234,18.19,3325,65541.0,9.93,-11.61,-2.389,0.1
2026-02-17,PTIN,34.67,34.84,34.85,34.42,360286,12501411.0,1.23,-0.11,-0.04,0.0
2026-02-17,PTIR,13.17,14.07,14.34,12.87,4291702,58482214.0,10.7,2.4,0.33,0.0
2026-02-17,PTL,259.76,260.85,261.21,253.03,20760,5405679.0,3.13,-0.12,-0.31,0.0
2026-02-17,PTLC,55.31,55.6,55.79,55.06,370836,20584579.0,1.31,0.09,0.05,0.0
2026-02-17,PTLE,0.12,0.107,0.12,0.107,211001,23578.0,11.21,-7.76,-0.009,0.04
2026-02-17,PTLO,5.48,5.49,5.54,5.371,942064,5139127.0,3.13,1.67,0.09,1.25
2026-02-17,PTMC,38.46,38.6,38.69,38.16,27428,1056229.0,1.37,0.1,0.04,0.0
2026-02-17,PTN,15.65,17.59,17.59,15.65,13124,223912.0,11.16,1.15,0.2,0.74
2026-02-17,PTNQ,76.5,76.875,77.22,76.16,176069,13507376.0,1.38,-0.12,-0.089,0.0
2026-02-17,PTON,4.18,4.19,4.28,4.08,11709273,48944953.0,4.71,-1.41,-0.06,2.75
2026-02-17,PTORU,9.98,9.99,10.0,9.96,175047,1746523.0,0.4,-0.1,-0.01,0.8
2026-02-17,PTRB,42.53,42.545,42.78,42.49,192651,8195336.0,0.68,0.08,0.035,0.0
2026-02-17,PTRN,10.74,10.52,10.97,10.49,456587,4855653.0,4.44,-2.77,-0.3,0.26
2026-02-17,PTY,13.02,13.02,13.03,12.97,1142313,14851764.0,0.46,0.08,0.01,0.0
2026-02-17,PUBM,6.54,6.29,6.54,6.15,895919,5616549.0,5.96,-3.82,-0.25,1.91
2026-02-17,PUI,48.07,47.766,48.17,47.74,8320,399254.0,0.9,-0.1,-0.05,0.0
2026-02-17,PUK,30.08,30.31,30.315,29.89,887376,26765218.0,1.44,2.64,0.78,0.07
2026-02-17,PULM,2.45,2.42,2.5,2.364,15660,38097.0,5.59,-0.62,-0.015,0.43
2026-02-17,PULS,49.72,49.72,49.73,49.72,2338417,116276987.0,0.02,0.0,0.0,0.0
2026-02-17,PULT,50.73,50.727,50.74,50.71,7443,377568.0,0.06,-0.01,-0.003,0.0
2026-02-17,PUMP,12.0,12.01,12.34,11.43,4105336,49000300.0,7.57,-0.08,-0.01,3.36
2026-02-17,PURR,4.22,4.22,4.37,3.99,2041540,8545463.0,8.8,-2.31,-0.1,1.65
2026-02-17,PUSH,50.68,50.69,50.74,50.65,8121,411668.0,0.18,0.03,0.015,0.0
2026-02-17,PVAL,48.47,48.4,48.63,48.14,1449772,70162909.0,1.01,0.12,0.06,0.0
2026-02-17,PVEX,28.3,28.25,28.34,28.25,17438,494079.0,0.32,-0.04,-0.01,0.0
2026-02-17,PVH,69.43,69.33,70.45,68.145,818299,56644336.0,3.35,0.9,0.62,1.79
2026-02-17,PVI,24.848,24.756,24.848,24.75,4371,108436.0,0.4,-0.17,-0.043,0.0
2026-02-17,PVL,1.73,1.71,1.745,1.71,125752,217624.0,2.01,-1.72,-0.03,0.38
2026-02-17,PVLA,81.12,80.09,81.12,78.0,224252,17888592.0,3.83,-1.78,-1.45,1.89
2026-02-17,PW,0.861,0.774,0.881,0.73,32805,27012.0,17.48,-10.42,-0.09,0.97
2026-02-17,PWB,132.86,133.6,134.365,132.1,83033,11109574.0,1.69,-0.19,-0.25,0.0
2026-02-17,PWER,39.37,39.67,39.67,39.37,3784,149259.0,0.75,-1.18,-0.474,0.0
2026-02-17,PWP,21.33,20.79,21.56,20.63,1068850,22328236.0,4.33,-3.21,-0.69,1.2
2026-02-17,PWR,520.0,525.13,534.78,518.62,930676,490768448.0,3.08,0.2,1.05,0.62
2026-02-17,PWRD,105.35,106.9,107.39,104.91,88578,9438696.0,2.34,0.74,0.79,0.04
2026-02-17,PWS,32.918,32.94,32.985,32.91,1372,45199.0,0.23,0.48,0.157,0.0
2026-02-17,PWV,70.37,70.15,70.572,69.87,46132,3236331.0,1.0,-0.09,-0.06,0.0
2026-02-17,PWZ,24.57,24.47,24.57,24.43,232454,5689156.0,0.57,0.2,0.05,0.0
2026-02-17,PW_A,6.53,6.21,6.53,6.21,4532,27889.0,5.39,4.55,0.27,0.0
2026-02-17,PXE,32.53,31.98,32.59,31.5,31549,1004629.0,3.36,-1.33,-0.43,0.0
2026-02-17,PXED,28.24,28.48,29.52,28.08,65632,1882484.0,5.08,0.53,0.15,0.18
2026-02-17,PXF,73.5,73.89,73.99,73.02,1320288,96916127.0,1.31,-0.26,-0.19,0.0
2026-02-17,PXH,27.97,28.05,28.11,27.75,240232,6722199.0,1.28,0.0,0.0,0.0
2026-02-17,PXI,52.33,52.234,52.33,52.2,1001,52278.0,0.25,-0.95,-0.499,0.0
2026-02-17,PXIU,0.23,0.185,0.238,0.175,2620561,534388.0,30.0,-11.9,-0.025,0.0
2026-02-17,PXJ,39.03,38.8,39.18,37.962,23487,907442.0,3.13,-0.41,-0.16,0.0
2026-02-17,PXLW,5.74,5.75,5.89,5.58,41567,239340.0,5.32,-1.37,-0.08,0.66
2026-02-17,PXS,3.41,3.31,3.49,3.19,66517,224646.0,8.77,-3.22,-0.11,0.64
2026-02-17,PY,53.36,53.285,53.47,52.99,16137,857154.0,0.9,0.19,0.099,0.0
2026-02-17,PYLD,26.9,26.91,26.91,26.89,3450647,92834930.0,0.07,0.0,0.0,0.0
2026-02-17,PYPD,4.39,4.41,4.529,4.22,42730,187700.0,6.98,-0.45,-0.02,0.23
2026-02-17,PYPG,4.85,4.96,5.147,4.85,1353395,6761389.0,6.14,2.48,0.12,0.0
2026-02-17,PYPL,40.5,40.81,41.6,40.37,20342516,833199856.0,3.05,1.29,0.52,2.21
2026-02-17,PYPY,28.01,28.175,28.51,28.01,6999,198361.0,1.79,0.73,0.205,0.0
2026-02-17,PYT,23.14,23.21,23.21,23.14,985,22845.0,0.3,-1.57,-0.37,0.0
2026-02-17,PYXS,1.3,1.33,1.348,1.27,355026,466807.0,6.0,2.31,0.03,0.57
2026-02-17,PYZ,126.97,127.015,127.29,124.62,2332,294090.0,2.08,-1.08,-1.383,0.0
2026-02-17,PZA,23.47,23.47,23.48,23.445,907236,21285709.0,0.15,0.09,0.02,0.0
2026-02-17,PZG,2.1,2.21,2.24,2.01,1452291,3132836.0,10.45,0.45,0.01,1.73
2026-02-17,PZT,22.55,22.53,22.56,22.5,13904,313120.0,0.27,0.31,0.07,0.0
2026-02-17,PZZA,31.75,31.33,31.94,30.2,1738264,53728751.0,5.47,-1.45,-0.46,5.3
2026-02-17,Q,110.93,111.94,113.22,108.08,1940480,216232263.0,4.6,0.22,0.25,0.93
2026-02-17,QABA,62.53,62.783,63.11,62.52,16456,1034313.0,0.94,0.4,0.251,0.0
2026-02-17,QAI,34.46,34.59,34.66,34.45,78760,2719848.0,0.61,-0.09,-0.03,0.0
2026-02-17,QALT,26.04,26.146,26.19,26.007,14775,386204.0,0.7,-0.06,-0.017,0.0
2026-02-17,QARP,61.098,61.45,61.64,61.098,7156,439608.0,0.88,-0.19,-0.12,0.0
2026-02-17,QAT,20.0,19.98,20.04,19.98,24469,489532.0,0.3,-0.58,-0.117,0.0
2026-02-17,QB,42.77,42.77,42.77,42.77,52,2217.0,0.0,0.12,0.05,0.0
2026-02-17,QBER,23.88,23.905,23.93,23.85,19456,464893.0,0.33,-0.1,-0.025,0.0
2026-02-17,QBF,17.938,17.92,17.99,17.89,10366,186130.0,0.55,-1.0,-0.181,0.0
2026-02-17,QBIG,35.35,35.846,36.02,35.12,7723,274526.0,2.52,0.55,0.197,0.0
2026-02-17,QBSF,26.38,26.365,26.38,26.365,608,16036.0,0.06,0.09,0.024,0.0
2026-02-17,QBTS,19.1,18.44,19.3,17.81,25351468,467451168.0,7.57,-6.25,-1.23,6.85
2026-02-17,QBTX,15.17,14.13,15.38,13.04,1557333,21964087.0,14.5,-12.45,-2.01,0.0
2026-02-17,QBTZ,11.61,12.28,12.98,11.39,1584703,19350414.0,14.56,12.42,1.357,0.0
2026-02-17,QBUF,29.15,29.245,29.32,29.11,27906,816311.0,0.72,-0.02,-0.005,0.0
2026-02-17,QBUL,23.645,23.64,23.645,23.64,1131,26749.0,0.02,0.0,0.0,0.0
2026-02-17,QBY,12.07,11.92,12.07,11.86,4581,54716.0,1.7,-3.39,-0.418,0.0
2026-02-17,QCAP,23.81,23.83,23.83,23.81,1221,29072.0,0.08,0.08,0.019,0.0
2026-02-17,QCJA,21.86,21.89,21.94,21.82,15873,347028.0,0.55,-0.05,-0.01,0.0
2026-02-17,QCJL,23.58,23.66,23.68,23.58,2891,68329.0,0.42,0.02,0.005,0.0
2026-02-17,QCLN,50.46,50.71,50.95,49.58,68487,3437285.0,2.71,0.34,0.17,0.0
2026-02-17,QCLR,27.74,27.88,27.88,27.63,15982,443193.0,0.89,-0.3,-0.083,0.0
2026-02-17,QCLS,3.78,3.74,3.89,3.47,320682,1162485.0,10.82,-3.61,-0.14,4.08
2026-02-17,QCMD,26.14,25.77,26.14,25.77,338,8826.0,1.41,-1.45,-0.38,0.0
2026-02-17,QCML,14.05,14.34,14.5,13.861,51619,735866.0,4.58,2.8,0.39,0.0
2026-02-17,QCMU,18.145,18.155,18.33,17.541,13784,246390.0,4.47,2.9,0.511,0.0
2026-02-17,QCOC,22.23,22.29,22.315,22.19,5102,113444.0,0.56,-0.08,-0.017,0.0
2026-02-17,QCOM,141.0,142.63,143.5,140.01,10670747,1517670256.0,2.48,1.37,1.93,1.0
2026-02-17,QCRH,92.3,93.21,94.04,92.3,77778,7268126.0,1.88,0.9,0.83,0.46
2026-02-17,QDEC,32.02,32.103,32.19,31.87,46126,1480794.0,1.0,-0.02,-0.007,0.0
2026-02-17,QDEF,82.81,83.15,83.24,82.54,11775,976939.0,0.84,0.3,0.249,0.0
2026-02-17,QDEL,23.87,23.13,24.045,22.7,1984093,46118291.0,5.7,-1.91,-0.45,2.91
2026-02-17,QDF,82.38,82.78,82.968,81.98,31083,2566512.0,1.2,0.36,0.3,0.0
2026-02-17,QDIV,38.49,38.435,38.49,38.374,1700,65337.0,0.3,-0.51,-0.197,0.0
2026-02-17,QDPL,42.27,42.47,42.48,41.98,158170,6692201.0,1.18,0.28,0.12,0.0
2026-02-17,QDTE,29.4,29.58,29.713,29.23,616208,18160839.0,1.63,0.0,0.0,0.0
2026-02-17,QDTY,40.63,40.646,40.87,40.01,21579,872594.0,2.12,0.23,0.093,0.0
2026-02-17,QDVO,27.95,28.13,28.19,27.76,379953,10647730.0,1.53,0.39,0.11,0.0
2026-02-17,QEFA,97.96,98.57,98.716,97.57,31846,3133270.0,1.16,-0.02,-0.022,0.0
2026-02-17,QEMM,72.64,72.64,72.64,72.64,395,28657.0,0.0,-0.19,-0.141,0.0
2026-02-17,QETH,19.81,19.86,20.05,19.32,245096,4844015.0,3.58,-2.48,-0.505,0.0
2026-02-17,QFIN,15.46,15.73,16.091,15.15,1276250,20017308.0,6.05,1.16,0.18,0.98
2026-02-17,QFLR,33.96,34.24,34.34,33.89,60092,2053309.0,1.32,0.16,0.053,0.0
2026-02-17,QFRD,23.732,23.732,23.732,23.732,9,214.0,0.0,-0.74,-0.178,0.0
2026-02-17,QGEN,49.47,48.76,49.8,48.62,2534470,124028473.0,2.34,-3.27,-1.65,1.23
2026-02-17,QGRD,26.26,26.247,26.32,26.16,9734,255360.0,0.61,-0.11,-0.03,0.0
2026-02-17,QGRO,108.68,109.11,109.46,107.827,140417,15286049.0,1.5,0.07,0.08,0.0
2026-02-17,QGRW,56.04,56.5,56.75,55.58,394239,22235093.0,2.08,0.25,0.14,0.0
2026-02-17,QH,0.953,0.933,0.96,0.915,41370,38935.0,4.72,-2.1,-0.02,0.16
2026-02-17,QHDG,29.515,29.515,29.515,29.515,73,2152.0,0.0,-0.12,-0.036,0.0
2026-02-17,QHY,46.6,46.605,46.62,46.53,14848,691827.0,0.19,-0.03,-0.013,0.0
2026-02-17,QID,21.35,21.14,21.698,20.95,17565525,373443168.0,3.55,0.24,0.05,0.0
2026-02-17,QIDX,11.191,11.191,11.191,11.191,530,5937.0,0.0,-0.44,-0.049,0.0
2026-02-17,QIG,45.46,45.46,45.46,45.46,100,4543.0,0.0,0.1,0.045,0.0
2026-02-17,QINT,69.06,69.47,69.555,68.691,30352,2099772.0,1.25,0.36,0.25,0.0
2026-02-17,QIPT,3.58,3.59,3.59,3.57,554672,1988339.0,0.56,0.56,0.02,1.25
2026-02-17,QIS,13.98,13.776,13.98,13.776,385,5372.0,1.45,-1.88,-0.264,0.0
2026-02-17,QJUN,31.53,31.7,31.775,31.53,15801,501522.0,0.77,0.06,0.02,0.0
2026-02-17,QLC,81.23,81.6,81.81,80.75,119810,9695365.0,1.3,0.32,0.263,0.0
2026-02-17,QLD,66.15,66.77,67.38,65.02,4688201,310909328.0,3.53,-0.22,-0.15,0.0
2026-02-17,QLDY,42.82,43.053,43.23,42.47,41859,1792246.0,1.76,-0.05,-0.023,0.0
2026-02-17,QLTA,48.53,48.57,48.6,48.525,180458,8761947.0,0.15,0.06,0.03,0.0
2026-02-17,QLTI,27.54,27.66,27.69,27.429,32950,909556.0,0.94,-0.07,-0.02,0.0
2026-02-17,QLTY,38.32,38.42,38.52,38.195,751612,28880536.0,0.85,0.13,0.05,0.0
2026-02-17,QLV,74.11,74.09,74.235,73.75,5181,383578.0,0.65,-0.06,-0.046,0.0
2026-02-17,QLVD,34.14,34.198,34.28,34.14,783,26812.0,0.41,0.02,0.008,0.0
2026-02-17,QLVE,31.6,31.71,31.71,31.6,406,12826.0,0.35,-0.33,-0.105,0.0
2026-02-17,QLYS,105.31,103.91,105.85,102.11,766823,79359014.0,3.56,-0.95,-1.0,2.15
2026-02-17,QMAG,23.5,23.505,23.56,23.36,3172,74366.0,0.85,-0.01,-0.002,0.0
2026-02-17,QMAR,33.169,33.165,33.18,33.009,15912,526827.0,0.52,0.17,0.055,0.0
2026-02-17,QMCO,5.79,5.61,5.795,5.33,1639057,10690556.0,8.04,-2.94,-0.17,11.2
2026-02-17,QMFE,22.41,22.49,22.51,22.34,5489,123210.0,0.76,0.36,0.08,0.0
2026-02-17,QMID,28.834,28.834,28.834,28.834,7,202.0,0.0,-0.04,-0.012,0.0
2026-02-17,QMMY,24.985,25.03,25.045,24.97,33520,838110.0,0.3,0.08,0.02,0.0
2026-02-17,QMNV,23.18,23.169,23.219,23.1,3089,71581.0,0.51,-0.02,-0.005,0.0
2026-02-17,QMOM,69.96,70.93,71.08,69.885,12956,914361.0,1.69,0.36,0.256,0.0
2026-02-17,QNCX,0.174,0.185,0.185,0.158,56190421,9881204.0,13.5,-7.5,-0.015,100.91
2026-02-17,QNRX,8.16,8.96,10.44,8.16,157027,1526566.0,27.14,6.67,0.56,9.72
2026-02-17,QNST,11.3,11.1,11.63,10.79,1109302,12324735.0,7.47,-1.33,-0.15,1.95
2026-02-17,QNTM,3.7,3.71,4.0,3.63,51600,192130.0,10.16,1.92,0.07,1.34
2026-02-17,QNXT,27.516,27.58,27.58,27.5,1818,50042.0,0.29,-0.44,-0.122,0.0
2026-02-17,QOWZ,33.25,33.25,33.25,33.25,227,7562.0,0.0,-0.39,-0.131,0.0
2026-02-17,QPUX,7.71,7.55,8.03,7.11,169710,1277277.0,11.17,-8.37,-0.69,0.0
2026-02-17,QPX,44.59,44.61,44.61,44.13,5218,230640.0,1.07,-0.6,-0.27,0.0
2026-02-17,QQA,51.92,52.0,52.3,51.33,100031,5195978.0,1.87,0.06,0.03,0.0
2026-02-17,QQDN,29.99,29.448,29.99,29.422,4612,137271.0,1.91,-1.18,-0.352,0.0
2026-02-17,QQEW,131.76,132.24,132.591,130.78,69439,9168261.0,1.37,-0.15,-0.193,0.0
2026-02-17,QQH,73.77,73.777,74.286,72.5,32620,2400975.0,2.42,-0.02,-0.013,0.0
2026-02-17,QQHG,59.42,59.7,59.7,59.42,118,7003.0,0.47,0.08,0.049,0.0
2026-02-17,QQJG,27.18,27.227,27.24,27.07,1483,40136.0,0.62,-0.16,-0.043,0.0
2026-02-17,QQLV,24.455,24.455,24.455,24.455,1937,47506.0,0.0,-0.67,-0.166,0.0
2026-02-17,QQMG,40.79,40.992,41.23,40.47,15027,615247.0,1.85,-0.03,-0.011,0.0
2026-02-17,QQQ,598.375,601.3,603.95,593.34,69013763,41368611072.0,1.76,-0.1,-0.62,0.0
2026-02-17,QQQA,52.79,53.133,53.48,52.46,6483,344471.0,1.91,-0.27,-0.146,0.0
2026-02-17,QQQD,14.17,14.05,14.3,13.965,278798,3940357.0,2.38,-0.14,-0.02,0.0
2026-02-17,QQQE,102.35,102.33,102.86,101.34,220417,22507449.0,1.48,-0.34,-0.35,0.0
2026-02-17,QQQG,23.3,23.3,23.323,23.27,1154,26883.0,0.23,-0.45,-0.106,0.0
2026-02-17,QQQH,52.96,53.203,53.39,52.72,21294,1129997.0,1.26,-0.1,-0.055,0.0
2026-02-17,QQQI,52.24,52.47,52.68,51.8,9616296,502663328.0,1.68,-0.02,-0.01,0.0
2026-02-17,QQQJ,37.87,38.03,38.205,37.56,261642,9915920.0,1.7,-0.03,-0.01,0.0
2026-02-17,QQQM,246.38,247.57,248.66,244.3,10222014,2522689680.0,1.76,-0.1,-0.26,0.0
2026-02-17,QQQP,165.0,166.132,166.132,165.0,321,53104.0,0.68,-0.28,-0.467,0.0
2026-02-17,QQQS,35.06,35.264,35.31,35.04,3915,137488.0,0.77,0.29,0.102,0.0
2026-02-17,QQQT,16.64,16.7,16.73,16.46,33489,557049.0,1.62,0.08,0.013,0.0
2026-02-17,QQQU,47.34,47.96,48.38,46.32,108971,5178995.0,4.31,0.38,0.18,0.0
2026-02-17,QQQX,27.46,27.325,27.58,27.108,128555,3517253.0,1.72,-0.58,-0.16,0.0
2026-02-17,QQQY,22.11,22.15,22.21,21.87,166711,3682207.0,1.53,-0.18,-0.04,0.0
2026-02-17,QQUP,48.05,49.259,49.6,47.36,7584,367101.0,4.6,1.22,0.592,0.0
2026-02-17,QQWZ,26.98,26.822,26.999,26.67,11948,320665.0,1.22,-0.53,-0.142,0.0
2026-02-17,QQXL,39.38,39.875,39.875,39.38,1606,63522.0,1.24,0.22,0.087,0.0
2026-02-17,QQXT,101.12,100.953,101.6,100.72,4635,468578.0,0.87,-0.08,-0.08,0.0
2026-02-17,QRFT,62.313,62.313,62.313,62.313,336,20887.0,0.0,0.44,0.272,0.0
2026-02-17,QRHC,1.98,1.91,2.03,1.9,9009,17550.0,6.63,-2.55,-0.05,0.04
2026-02-17,QRMI,15.7,15.685,15.74,15.581,10093,157704.0,1.01,-0.34,-0.053,0.0
2026-02-17,QRVO,83.06,84.29,85.03,83.06,1005822,84824281.0,2.33,-0.18,-0.15,1.08
2026-02-17,QS,7.485,7.2,7.58,7.18,16889394,123625998.0,5.17,-6.86,-0.53,2.78
2026-02-17,QSEA,10.29,10.3,10.3,10.29,831,8558.0,0.1,0.1,0.01,0.01
2026-02-17,QSEAR,0.318,0.32,0.32,0.318,800,253.0,0.68,9.22,0.027,0.0
2026-02-17,QSI,0.99,0.939,0.992,0.935,3547286,3379856.0,5.75,-5.25,-0.052,1.64
2026-02-17,QSIAW,0.11,0.11,0.151,0.11,10306,1352.0,35.04,-5.98,-0.007,0.0
2026-02-17,QSIG,49.155,49.17,49.18,49.155,2551,125404.0,0.05,0.0,0.0,0.0
2026-02-17,QSIX,36.7,36.635,36.81,36.28,5681,208396.0,1.44,-0.18,-0.065,0.0
2026-02-17,QSML,29.478,29.478,29.478,29.478,52,1535.0,0.0,-0.28,-0.083,0.0
2026-02-17,QSOL,8.54,8.53,8.549,8.36,12795,108419.0,2.22,0.29,0.025,0.0
2026-02-17,QSPT,31.15,31.29,31.335,31.06,4434,138344.0,0.88,-0.14,-0.044,0.0
2026-02-17,QSR,66.5,68.13,68.27,65.99,2970562,201085914.0,3.45,3.01,1.99,0.86
2026-02-17,QSU,2.92,2.749,3.07,2.749,376029,1093941.0,10.09,-13.55,-0.431,0.0
2026-02-17,QTAC,24.0,24.19,24.26,23.74,60350,1459970.0,2.14,-0.25,-0.06,0.0
2026-02-17,QTAP,45.165,45.165,45.165,45.165,162,7304.0,0.0,0.17,0.078,0.0
2026-02-17,QTEC,224.86,225.17,226.38,221.55,223934,50158442.0,2.13,-0.76,-1.73,0.0
2026-02-17,QTI,5.51,5.675,5.74,5.3,8123,44761.0,7.85,1.25,0.07,0.07
2026-02-17,QTJA,29.36,29.33,29.48,29.04,66774,1950100.0,1.5,-0.09,-0.027,0.0
2026-02-17,QTJL,38.89,39.111,39.23,38.89,1243,48693.0,0.87,0.12,0.046,0.0
2026-02-17,QTOC,33.51,33.698,33.698,33.51,549,18448.0,0.56,-0.08,-0.026,0.0
2026-02-17,QTOP,30.67,30.96,31.12,30.45,936765,28869051.0,2.17,0.19,0.06,0.0
2026-02-17,QTPI,25.94,25.91,25.95,25.8,18416,476932.0,0.58,-0.23,-0.06,0.0
2026-02-17,QTR,29.65,29.68,29.75,29.65,517,15367.0,0.34,-0.26,-0.076,0.0
2026-02-17,QTRX,5.71,5.76,5.88,5.62,264177,1527028.0,4.53,0.35,0.02,0.57
2026-02-17,QTTB,3.93,4.28,4.36,3.89,129784,531691.0,12.05,9.74,0.38,1.01
2026-02-17,QTUM,115.71,116.13,116.74,114.09,261172,30183308.0,2.26,-0.92,-1.08,0.0
2026-02-17,QTWO,54.14,52.59,54.27,51.7,1071807,56303027.0,4.83,-1.2,-0.64,1.72
2026-02-17,QUAD,6.54,6.6,6.7,6.46,290324,1902350.0,3.67,0.92,0.06,0.56
2026-02-17,QUAL,201.44,202.24,202.807,200.08,2688115,541939456.0,1.35,0.24,0.49,0.0
2026-02-17,QUBT,8.31,8.05,8.365,7.91,10516771,85122790.0,5.37,-4.96,-0.42,4.69
2026-02-17,QUBX,12.22,11.55,12.36,11.02,107537,1246562.0,10.55,-9.06,-1.15,0.0
2026-02-17,QUIK,6.93,7.45,7.74,6.91,519378,3775971.0,12.13,8.92,0.61,3.0
2026-02-17,QUIZ,28.85,29.12,29.57,28.545,9393,272626.0,3.52,0.1,0.028,0.0
2026-02-17,QULL,58.23,58.23,58.23,58.23,1,58.0,0.0,0.57,0.329,0.0
2026-02-17,QUMS,10.07,10.07,10.07,10.07,54689,550718.0,0.0,0.0,0.0,0.48
2026-02-17,QUMSR,0.216,0.199,0.216,0.199,2354,497.0,8.54,0.0,0.0,0.0
2026-02-17,QUMSU,10.24,10.24,10.24,10.24,123,1262.0,0.0,1.39,0.14,0.0
2026-02-17,QURE,20.65,21.75,22.23,20.245,1899508,41003916.0,9.68,6.1,1.25,3.05
2026-02-17,QUS,177.88,178.48,178.84,177.65,47273,8421049.0,0.67,-0.11,-0.192,0.0
2026-02-17,QUSA,18.12,18.26,18.31,18.088,14690,267362.0,1.22,0.27,0.05,0.0
2026-02-17,QUVU,28.655,28.593,28.705,28.49,7705,220206.0,0.75,-0.34,-0.097,0.0
2026-02-17,QVAL,53.72,53.54,53.81,53.09,24368,1304134.0,1.34,-0.3,-0.16,0.0
2026-02-17,QVCC,8.32,8.5,8.52,8.175,338318,2871175.0,4.06,0.12,0.01,0.0
2026-02-17,QVCD,8.32,8.5,8.52,8.15,200846,1705515.0,4.36,0.12,0.01,0.0
2026-02-17,QVCGA,4.05,3.77,4.11,3.718,164405,638350.0,9.54,-8.27,-0.34,2.08
2026-02-17,QVCGP,5.41,5.46,5.5,5.142,69746,372921.0,6.36,-3.02,-0.17,0.0
2026-02-17,QVML,39.89,40.129,40.28,39.89,4332,173674.0,0.97,0.18,0.071,0.0
2026-02-17,QVMM,33.415,33.39,33.45,33.39,486,16246.0,0.18,0.18,0.061,0.0
2026-02-17,QVMS,30.85,30.753,30.85,30.753,262,8081.0,0.32,-0.12,-0.038,0.0
2026-02-17,QVOY,28.18,28.444,28.5,28.18,1868,53115.0,1.11,-1.03,-0.295,0.0
2026-02-17,QWLD,148.99,149.562,149.57,148.99,1829,273402.0,0.39,-0.06,-0.086,0.0
2026-02-17,QXAS,8.789,8.789,8.789,8.789,60,509.0,0.0,0.29,0.025,0.0
2026-02-17,QXO,27.09,26.82,27.51,26.43,7734920,207865329.0,3.99,-0.92,-0.25,1.1
2026-02-17,QXO_B,74.72,73.54,74.72,73.26,37219,2738605.0,1.99,0.1,0.07,0.31
2026-02-17,QXQ,26.59,26.811,26.87,26.59,32707,875270.0,1.04,-0.19,-0.052,0.0
2026-02-17,QYLD,17.435,17.53,17.6,17.29,16016840,279957056.0,1.77,-0.11,-0.02,0.0
2026-02-17,QYLG,26.76,26.79,26.92,26.48,48725,1302231.0,1.64,-0.12,-0.032,0.0
2026-02-17,R,210.16,216.25,220.8,210.01,568446,123241650.0,5.05,1.16,2.48,1.44
2026-02-17,RA,13.38,13.51,13.51,13.38,285513,3847072.0,0.97,0.6,0.08,0.0
2026-02-17,RAA,28.4,28.269,28.4,28.05,63389,1791045.0,1.23,-0.44,-0.126,0.0
2026-02-17,RAAA,25.08,25.095,25.095,25.08,687,17235.0,0.06,0.04,0.009,0.0
2026-02-17,RAAQ,10.25,10.29,10.29,10.25,60248,619343.0,0.39,0.01,0.001,0.26
2026-02-17,RAAR,50.058,50.058,50.058,50.058,1,50.0,0.0,0.05,0.026,0.0
2026-02-17,RAAX,39.52,39.37,39.59,39.145,136883,5397722.0,1.11,-1.7,-0.68,0.0
2026-02-17,RAC,10.46,10.46,10.46,10.46,185,1929.0,0.0,0.38,0.04,0.0
2026-02-17,RACE,377.14,374.99,378.0,372.59,576152,216293234.0,1.43,-1.08,-4.09,0.25
2026-02-17,RADX,4.9,4.79,4.97,4.76,23745,114585.0,4.29,-2.24,-0.11,0.2
2026-02-17,RAFE,43.69,43.6,43.71,43.57,72823,3176909.0,0.32,-0.02,-0.01,0.0
2026-02-17,RAIL,13.15,13.12,13.49,12.78,91115,1191926.0,5.36,-0.91,-0.12,0.48
2026-02-17,RAIN,3.0,2.84,3.0,2.555,55564,158253.0,16.01,2.16,0.06,0.68
2026-02-17,RAINW,0.25,0.2,0.278,0.182,21104,4217.0,48.0,0.0,0.0,0.0
2026-02-17,RAL,43.69,44.5,44.75,43.145,1738045,76597446.0,3.64,0.84,0.37,1.54
2026-02-17,RAMP,24.74,24.55,24.98,23.71,1088988,26618386.0,5.21,0.78,0.19,1.73
2026-02-17,RAND,11.016,10.92,11.016,10.915,1882,20570.0,0.91,-1.27,-0.14,0.06
2026-02-17,RANG,10.48,10.47,10.48,10.47,1200,12569.0,0.1,-0.29,-0.03,0.01
2026-02-17,RANGR,0.35,0.315,0.35,0.308,7161,2252.0,12.0,-10.0,-0.035,0.0
2026-02-17,RANI,1.24,1.28,1.31,1.2,455742,581890.0,8.87,3.23,0.04,0.38
2026-02-17,RAPP,27.57,29.06,29.839,27.265,434859,12640614.0,9.22,4.05,1.13,0.91
2026-02-17,RAPT,57.75,57.84,57.86,57.72,1271963,73454100.0,0.24,0.21,0.12,4.59
2026-02-17,RARE,20.65,20.18,20.885,19.78,3155585,63922124.0,5.38,-1.66,-0.34,3.27
2026-02-17,RAUS,26.44,26.546,26.65,26.31,24742,656960.0,1.28,0.09,0.025,0.0
2026-02-17,RAVE,3.3,3.15,3.34,3.14,78126,251643.0,6.06,-4.55,-0.15,0.55
2026-02-17,RAVI,75.52,75.53,75.53,75.51,31306,2364320.0,0.03,0.02,0.015,0.0
2026-02-17,RAY,4.06,4.16,4.17,4.0,10720,43544.0,4.06,-0.72,-0.03,0.36
2026-02-17,RAYA,0.832,0.8,0.832,0.75,235229,187585.0,8.9,-13.14,-0.121,26.17
2026-02-17,RAYJ,37.6,37.57,37.61,37.57,1756,66025.0,0.1,-1.47,-0.56,0.0
2026-02-17,RB,45.06,45.06,45.06,45.06,34,1531.0,0.0,-0.12,-0.052,0.0
2026-02-17,RBA,102.0,104.08,104.7,100.59,2881161,298662576.0,4.03,2.04,2.08,1.55
2026-02-17,RBB,22.35,22.15,22.4,22.0,50168,1111892.0,1.79,-0.78,-0.175,0.29
2026-02-17,RBBN,2.09,2.05,2.13,2.02,879496,1813883.0,5.26,-1.91,-0.04,0.5
2026-02-17,RBC,550.0,552.93,559.59,545.51,116024,64155088.0,2.55,0.09,0.49,0.37
2026-02-17,RBCAA,72.87,72.88,73.93,72.74,31494,2301339.0,1.65,0.8,0.58,0.16
2026-02-17,RBIL,49.63,49.62,49.63,49.61,3660,181607.0,0.04,-0.29,-0.145,0.0
2026-02-17,RBKB,15.57,15.65,15.735,15.48,7219,112952.0,1.65,1.16,0.18,0.06
2026-02-17,RBLD,84.79,84.47,84.79,84.45,6142,519140.0,0.4,-0.28,-0.234,0.0
2026-02-17,RBLU,15.75,15.86,16.45,15.45,117011,1873896.0,6.32,0.25,0.04,0.0
2026-02-17,RBLX,63.88,63.0,64.598,62.49,8686070,549688688.0,3.34,-0.27,-0.17,1.23
2026-02-17,RBLY,22.12,21.849,22.2,21.84,3827,84274.0,1.65,0.09,0.019,0.0
2026-02-17,RBNE,3.79,3.84,4.01,3.6,365492,1398037.0,10.0,-6.34,-0.26,13.05
2026-02-17,RBOT,1.83,1.76,1.889,1.75,23393,42099.0,7.64,-3.3,-0.06,0.33
2026-02-17,RBRK,54.2,53.5,54.65,52.018,2898581,154624846.0,4.82,-1.92,-1.05,1.45
2026-02-17,RBUF,29.705,29.77,29.78,29.61,6932,205931.0,0.57,0.1,0.03,0.0
2026-02-17,RC,1.7,1.74,1.75,1.665,2860915,4893676.0,5.03,2.96,0.05,1.76
2026-02-17,RCAT,11.16,11.4,11.74,10.8,5864130,65925198.0,8.27,0.26,0.03,4.91
2026-02-17,RCAX,12.6,12.916,13.49,11.655,10091,126798.0,14.24,0.25,0.032,0.0
2026-02-17,RCB,24.71,24.8,24.84,24.71,5228,129430.0,0.53,0.2,0.05,0.0
2026-02-17,RCD,21.38,21.7,21.7,21.38,5536,119600.0,1.5,1.59,0.34,0.0
2026-02-17,RCEL,4.15,4.31,4.31,4.06,178890,748727.0,6.01,3.61,0.15,0.58
2026-02-17,RCG,2.8,2.75,2.84,2.75,7988,22281.0,3.2,-2.14,-0.06,0.0
2026-02-17,RCGE,29.36,29.38,29.38,29.36,184,5401.0,0.07,0.05,0.015,0.0
2026-02-17,RCI,38.79,38.47,38.807,38.17,819558,31570246.0,1.64,-0.85,-0.33,0.15
2026-02-17,RCKT,3.27,3.31,3.355,3.22,1399124,4613482.0,4.13,1.22,0.04,1.29
2026-02-17,RCKTW,0.019,0.019,0.019,0.019,200,4.0,0.0,0.0,0.0,0.0
2026-02-17,RCKY,32.85,33.92,34.29,32.725,28101,946873.0,4.73,2.45,0.81,0.37
2026-02-17,RCL,324.0,323.73,330.64,320.37,2282640,741403072.0,3.21,1.29,4.12,0.84
2026-02-17,RCLO,25.23,25.225,25.23,25.225,2661,67116.0,0.02,-0.02,-0.005,0.0
2026-02-17,RCLR,50.03,50.005,50.03,50.005,601,30068.0,0.05,-0.03,-0.015,0.0
2026-02-17,RCMT,18.26,18.55,18.845,18.14,38041,704775.0,3.85,1.37,0.25,0.51
2026-02-17,RCON,1.21,1.21,1.25,1.21,2690,3327.0,3.31,0.0,0.0,0.01
2026-02-17,RCS,5.79,5.77,5.8,5.73,144912,835468.0,1.22,0.35,0.02,0.0
2026-02-17,RCT,0.939,0.886,0.98,0.886,22951,21282.0,9.92,-6.54,-0.062,0.05
2026-02-17,RCTR,36.71,36.82,36.92,36.43,1522,55829.0,1.32,-0.75,-0.28,0.0
2026-02-17,RCUS,18.76,19.24,19.42,18.65,953392,18271268.0,4.07,1.69,0.32,0.76
2026-02-17,RC_C,11.61,12.15,12.15,11.61,1274,15146.0,4.44,0.0,0.0,0.0
2026-02-17,RC_E,12.35,12.27,12.35,11.47,42787,504787.0,7.11,-0.89,-0.11,0.0
2026-02-17,RDAC,6.24,6.1,6.24,5.53,3112,18369.0,11.51,-1.13,-0.07,0.04
2026-02-17,RDAG,10.2,10.21,10.22,10.2,1462805,14944759.0,0.2,0.0,0.0,3.9
2026-02-17,RDAGU,10.45,10.45,10.45,10.45,2100,21941.0,0.0,0.0,0.0,0.01
2026-02-17,RDCM,12.12,12.08,12.45,11.94,84056,1019449.0,4.23,0.17,0.02,0.51
2026-02-17,RDDT,138.2,139.23,143.92,135.85,5470594,767693328.0,5.78,-0.3,-0.42,2.86
2026-02-17,RDFI,24.532,24.571,24.59,24.532,10802,265395.0,0.24,0.02,0.006,0.0
2026-02-17,RDGT,1.42,1.51,1.79,1.42,15652,25206.0,26.06,6.34,0.09,0.09
2026-02-17,RDHL,1.02,1.02,1.037,0.981,31022,31323.0,5.6,2.0,0.02,0.61
2026-02-17,RDI,1.07,1.09,1.09,1.06,11171,12041.0,2.83,2.83,0.03,0.05
2026-02-17,RDIB,11.65,12.09,12.825,11.64,19220,228988.0,9.79,-0.08,-0.01,1.14
2026-02-17,RDIV,57.27,56.76,57.27,56.29,33561,1902337.0,1.72,-0.63,-0.36,0.0
2026-02-17,RDN,33.0,32.73,33.405,32.52,1143650,37435729.0,2.7,-0.27,-0.09,0.84
2026-02-17,RDNT,69.78,71.08,73.0,68.79,905341,64403135.0,6.05,2.21,1.54,1.17
2026-02-17,RDNW,6.24,6.24,6.68,6.109,67584,431927.0,9.18,0.32,0.02,0.18
2026-02-17,RDOG,38.681,38.681,38.681,38.681,252,9726.0,0.0,0.71,0.271,0.0
2026-02-17,RDTE,29.66,29.84,29.94,29.42,81422,2420091.0,1.75,0.17,0.05,0.0
2026-02-17,RDTL,16.3,16.85,17.79,15.93,473202,8087440.0,11.03,-0.12,-0.02,0.0
2026-02-17,RDTY,39.9,40.169,40.35,39.63,8699,348250.0,1.8,0.44,0.175,0.0
2026-02-17,RDVI,27.06,27.16,27.175,26.87,441468,11962410.0,1.13,0.44,0.12,0.0
2026-02-17,RDVT,42.03,42.39,42.765,41.334,71720,3031751.0,3.43,1.75,0.73,0.51
2026-02-17,RDVY,71.86,72.14,72.3,71.415,1306590,94095588.0,1.23,0.39,0.28,0.0
2026-02-17,RDW,7.77,8.0,8.14,7.525,14217383,111516999.0,7.67,-0.25,-0.02,7.41
2026-02-17,RDWR,27.68,26.89,27.85,25.47,385439,10345119.0,8.52,-3.69,-1.03,0.89
2026-02-17,RDWU,8.41,8.68,8.89,7.6,140984,1144019.0,14.76,-0.69,-0.06,0.0
2026-02-17,RDY,14.24,14.4,14.425,14.228,1386791,19908340.0,1.39,1.84,0.26,0.17
2026-02-17,RDYY,21.98,21.92,22.35,21.62,20321,448989.0,3.32,-0.32,-0.07,0.0
2026-02-17,RDZN,1.19,1.18,1.265,1.13,197893,237873.0,11.54,0.85,0.01,0.25
2026-02-17,RDZNW,0.121,0.15,0.16,0.121,2445,341.0,27.86,7.14,0.01,0.0
2026-02-17,REAI,21.57,21.258,21.57,21.11,547,11664.0,2.17,0.28,0.06,0.0
2026-02-17,REAL,11.25,10.9,11.38,10.58,3325793,36161550.0,6.99,-4.8,-0.55,2.81
2026-02-17,REAX,2.7,2.63,2.74,2.56,1684625,4437448.0,6.62,-3.31,-0.09,0.8
2026-02-17,REBN,1.69,1.62,1.705,1.62,9700,16071.0,5.09,-2.99,-0.05,0.16
2026-02-17,RECS,40.58,40.64,40.766,40.235,754187,30604510.0,1.31,0.17,0.07,0.0
2026-02-17,RECT,1.42,1.51,1.535,1.42,4178,6215.0,7.93,4.14,0.06,0.03
2026-02-17,REE,0.57,0.599,0.6,0.557,59502,34239.0,7.56,5.27,0.03,0.19
2026-02-17,REED,2.36,2.0,2.36,1.99,14699,30395.0,16.82,-9.09,-0.2,0.16
2026-02-17,REET,27.08,27.25,27.26,26.95,1457909,39571389.0,1.15,1.0,0.27,0.0
2026-02-17,REFA,22.429,22.429,22.429,22.429,6,134.0,0.0,0.2,0.044,0.0
2026-02-17,REFI,11.97,11.88,11.978,11.7,145034,1718117.0,2.32,-0.67,-0.08,0.69
2026-02-17,REFR,1.02,1.02,1.122,1.02,8242,8721.0,10.2,2.0,0.02,0.02
2026-02-17,REG,76.72,77.19,77.34,75.73,1272828,97778327.0,2.11,1.33,1.01,0.7
2026-02-17,REGCO,22.56,22.56,22.68,22.55,4921,111265.0,0.58,0.13,0.03,0.0
2026-02-17,REGCP,23.6,23.63,23.63,23.55,6585,155251.0,0.34,0.15,0.035,0.0
2026-02-17,REGL,92.81,92.71,93.18,92.21,83149,7712995.0,1.05,0.01,0.01,0.0
2026-02-17,REGN,803.475,793.53,815.0,783.62,747143,593210048.0,3.91,-1.2,-9.64,0.71
2026-02-17,REI,1.29,1.26,1.3,1.195,3925124,4879458.0,8.27,-0.79,-0.01,1.89
2026-02-17,REIT,28.61,28.997,29.0,28.61,19437,558455.0,1.36,1.12,0.321,0.0
2026-02-17,REK,16.02,15.897,16.07,15.89,18439,294836.0,1.12,-1.02,-0.164,0.0
2026-02-17,REKR,0.816,0.76,0.818,0.745,3808452,2911922.0,9.0,-6.29,-0.051,2.79
2026-02-17,REKT,19.296,19.309,19.62,19.04,4664,90001.0,3.02,0.62,0.119,0.0
2026-02-17,RELL,14.05,12.71,14.228,12.51,276291,3549514.0,12.45,-7.9,-1.09,1.9
2026-02-17,RELX,30.7,30.45,30.9,30.12,4648792,141538127.0,2.51,-1.96,-0.61,0.26
2026-02-17,RELY,12.83,13.08,13.1,12.6,4200224,54216927.0,3.92,2.51,0.32,1.99
2026-02-17,REM,22.86,22.67,22.86,22.45,827643,18748532.0,1.8,-0.53,-0.12,0.0
2026-02-17,REMC,20.723,20.723,20.723,20.723,2,42.0,0.0,-0.08,-0.016,0.0
2026-02-17,REMG,33.06,33.126,33.23,32.7,9966,329097.0,1.59,-0.43,-0.144,0.0
2026-02-17,REMX,88.21,88.99,89.43,87.288,1094464,96811103.0,2.39,-0.79,-0.71,0.0
2026-02-17,RENT,5.945,5.98,6.32,5.86,35650,214838.0,7.71,0.17,0.01,0.11
2026-02-17,RENX,0.16,0.137,0.175,0.133,14902330,2261736.0,21.88,-28.65,-0.055,32.14
2026-02-17,REPL,8.0,7.26,8.01,7.24,838551,6242078.0,9.66,-8.91,-0.71,1.02
2026-02-17,REPX,27.93,27.28,27.93,26.68,183331,4993649.0,4.5,-1.73,-0.48,0.84
2026-02-17,RERE,5.6,5.64,5.7,5.6,210895,1193139.0,1.77,-0.18,-0.01,0.1
2026-02-17,RES,5.86,5.76,5.86,5.65,2354817,13519890.0,3.61,-1.03,-0.06,1.06
2026-02-17,RESM,21.388,21.388,21.388,21.388,3,64.0,0.0,-0.05,-0.01,0.0
2026-02-17,RETL,9.88,9.66,10.14,9.33,266451,2573655.0,8.27,-1.43,-0.14,0.0
2026-02-17,RETO,0.681,0.67,0.7,0.612,535729,355363.0,8.89,-32.32,-0.32,18.74
2026-02-17,REVB,1.48,1.4,1.49,1.39,196302,283174.0,6.8,-4.76,-0.07,7.48
2026-02-17,REVS,29.63,29.54,29.75,29.415,53309,1576810.0,1.12,-0.84,-0.25,0.0
2026-02-17,REW,11.8,11.62,12.0,11.46,48765,570502.0,4.66,0.26,0.03,0.0
2026-02-17,REX,33.33,33.1,33.38,32.63,156955,5197725.0,2.26,-0.21,-0.07,0.48
2026-02-17,REXR,37.53,37.57,37.79,36.95,3414909,128030209.0,2.26,0.99,0.37,1.47
2026-02-17,REXR_B,22.58,22.38,22.58,22.27,6692,149909.0,1.39,0.0,0.0,0.0
2026-02-17,REXR_C,21.4,21.545,21.62,21.4,4453,96003.0,1.02,0.21,0.045,0.0
2026-02-17,REYN,23.73,23.63,23.94,23.5,981072,23238008.0,1.85,-0.42,-0.1,0.47
2026-02-17,REZ,89.54,90.15,90.24,89.02,66094,5920902.0,1.37,1.25,1.11,0.0
2026-02-17,REZI,35.75,36.42,36.525,35.435,705729,25603962.0,3.04,1.65,0.59,0.47
2026-02-17,RF,29.97,29.78,30.27,29.64,10232636,304933840.0,2.12,0.13,0.04,1.18
2026-02-17,RFAI,10.85,10.85,10.85,10.85,1216,13194.0,0.0,0.46,0.05,0.01
2026-02-17,RFAIR,0.1,0.1,0.1,0.1,7712,770.0,0.0,0.0,0.0,0.0
2026-02-17,RFAMU,9.9,9.92,9.94,9.9,168105,1667707.0,0.4,-0.8,-0.08,1.62
2026-02-17,RFCI,22.84,22.845,22.845,22.84,519,11852.0,0.02,-0.02,-0.005,0.0
2026-02-17,RFDA,63.47,63.958,63.958,63.321,3773,239408.0,1.0,0.42,0.27,0.0
2026-02-17,RFDI,86.88,87.511,87.54,86.66,3115,271534.0,1.01,0.27,0.232,0.0
2026-02-17,RFEM,86.88,87.386,87.52,86.45,9355,813875.0,1.22,-0.31,-0.272,0.0
2026-02-17,RFFC,70.04,70.01,70.15,70.01,695,48704.0,0.2,-0.16,-0.111,0.0
2026-02-17,RFG,56.73,57.11,57.25,56.335,17815,1013685.0,1.61,0.26,0.15,0.0
2026-02-17,RFI,11.94,12.0,12.0,11.89,107356,1281846.0,0.92,0.5,0.06,0.0
2026-02-17,RFIL,10.95,11.13,11.4,10.751,89506,993891.0,5.96,2.2,0.24,0.83
2026-02-17,RFIX,40.82,40.42,40.88,40.18,1010151,40813347.0,1.74,0.55,0.22,0.0
2026-02-17,RFL,1.26,1.19,1.26,1.174,51214,61872.0,7.17,-0.83,-0.01,0.1
2026-02-17,RFLR,29.68,29.642,29.74,29.337,13847,410369.0,1.36,0.18,0.052,0.0
2026-02-17,RFM,14.62,14.58,14.62,14.51,14756,215102.0,0.75,-0.55,-0.08,0.0
2026-02-17,RFMZ,13.03,13.08,13.13,13.03,114590,1496553.0,0.76,-0.15,-0.02,0.0
2026-02-17,RFV,138.61,138.33,138.61,136.85,16593,2287403.0,1.27,-0.18,-0.25,0.0
2026-02-17,RF_C,24.92,24.915,24.96,24.86,41973,1044893.0,0.4,0.22,0.055,0.21
2026-02-17,RF_E,17.65,17.77,17.79,17.65,37915,671939.0,0.79,0.78,0.137,0.24
2026-02-17,RF_F,25.87,25.96,25.96,25.77,61762,1594824.0,0.74,0.66,0.17,0.31
2026-02-17,RGA,220.86,221.88,223.95,217.07,636066,140907296.0,3.13,0.97,2.14,0.97
2026-02-17,RGC,31.65,31.57,31.97,30.05,90573,2820621.0,6.15,1.12,0.35,0.02
2026-02-17,RGCO,21.86,22.04,22.27,21.62,5596,123441.0,2.97,0.82,0.18,0.05
2026-02-17,RGEF,31.644,31.644,31.644,31.644,94,2955.0,0.0,0.05,0.017,0.0
2026-02-17,RGEN,135.44,135.41,140.75,131.93,705661,95301089.0,6.46,-0.75,-1.03,1.25
2026-02-17,RGLD,279.22,279.07,283.0,272.54,876868,243494074.0,3.66,-2.46,-7.03,1.03
2026-02-17,RGLO,30.45,30.52,30.65,30.24,18625,567500.0,1.34,-0.13,-0.04,0.0
2026-02-17,RGNT,4.38,3.93,4.635,3.93,18263,76220.0,16.06,-10.48,-0.46,0.35
2026-02-17,RGNX,7.93,8.04,8.13,7.735,783860,6241507.0,4.94,0.63,0.05,1.54
2026-02-17,RGP,3.87,3.78,3.88,3.715,341353,1288229.0,4.26,-2.33,-0.09,1.02
2026-02-17,RGR,37.5,36.91,37.61,36.41,171630,6326033.0,3.2,-1.52,-0.57,1.08
2026-02-17,RGS,21.915,21.69,22.315,21.67,18056,396606.0,2.92,-1.86,-0.41,0.72
2026-02-17,RGT,14.28,14.36,14.519,14.23,26267,376961.0,2.02,0.14,0.02,0.0
2026-02-17,RGTI,15.535,15.59,16.365,15.155,29060104,456199968.0,7.52,-3.11,-0.5,8.77
2026-02-17,RGTIW,5.78,6.18,6.585,5.65,97381,591556.0,14.92,-1.36,-0.085,0.0
2026-02-17,RGTU,6.41,6.44,7.03,6.05,359076,2337787.0,14.33,-5.85,-0.4,0.0
2026-02-17,RGTX,5.035,5.07,5.56,4.765,4019615,20585231.0,14.78,-5.76,-0.31,0.0
2026-02-17,RGTZ,27.85,27.61,29.1,25.25,2521655,69261736.0,14.74,5.7,1.49,0.0
2026-02-17,RGYY,12.6,12.52,12.62,12.415,21866,273917.0,1.61,-1.93,-0.246,0.0
2026-02-17,RH,206.16,208.72,209.12,192.02,988941,200816201.0,8.34,1.78,3.66,5.27
2026-02-17,RHI,24.72,24.81,24.94,24.35,3571127,88152129.0,2.38,0.16,0.04,3.53
2026-02-17,RHLD,186.49,179.59,188.65,177.78,184900,33711399.0,5.83,-3.67,-6.84,2.18
2026-02-17,RHP,101.28,102.08,102.51,100.135,342154,34796312.0,2.36,1.55,1.56,0.54
2026-02-17,RHRX,19.38,19.339,19.38,19.21,926,17873.0,0.88,-0.36,-0.07,0.0
2026-02-17,RHTX,19.3,19.3,19.3,19.3,35,674.0,0.0,-0.6,-0.117,0.0
2026-02-17,RIBB,10.46,10.46,10.46,10.46,3,31.0,0.0,0.0,0.0,0.0
2026-02-17,RIBBR,0.176,0.19,0.229,0.176,6212,1298.0,27.75,-0.52,-0.001,0.0
2026-02-17,RIBBU,10.48,10.48,10.48,10.48,1,13.0,0.0,0.0,0.0,0.0
2026-02-17,RICK,22.74,22.89,23.015,22.54,39955,912726.0,2.09,0.66,0.15,0.46
2026-02-17,RIET,9.62,9.615,9.73,9.49,56665,543494.0,2.48,-0.72,-0.07,0.0
2026-02-17,RIFR,28.87,28.805,28.88,28.76,4301,124004.0,0.42,0.09,0.027,0.0
2026-02-17,RIG,6.45,6.14,6.505,6.01,83287162,512284512.0,7.57,-6.12,-0.4,7.55
2026-02-17,RIGL,34.29,35.55,35.615,34.29,193264,6813087.0,3.86,3.58,1.23,1.06
2026-02-17,RIGS,23.29,23.328,23.345,23.28,13531,315403.0,0.28,0.28,0.064,0.0
2026-02-17,RILA,10.91,10.945,10.97,10.85,2027,22120.0,1.09,-0.17,-0.019,0.0
2026-02-17,RILY,6.7,6.63,6.755,6.38,669071,4391228.0,5.5,-2.79,-0.19,2.14
2026-02-17,RILYG,22.9,22.74,22.9,22.45,9292,210577.0,1.98,-0.18,-0.04,0.0
2026-02-17,RILYK,24.9,24.9,24.97,24.88,7402,184376.0,0.36,0.0,0.0,0.0
2026-02-17,RILYL,10.5,12.12,12.12,10.04,15059,160599.0,19.79,15.32,1.61,0.87
2026-02-17,RILYN,23.1,23.32,23.42,23.1,11951,277888.0,1.38,0.73,0.17,0.0
2026-02-17,RILYP,10.2,10.07,10.2,9.99,8425,84462.0,2.07,-0.89,-0.09,0.3
2026-02-17,RILYT,17.4,17.48,17.5,17.2,10447,180950.0,1.72,0.34,0.06,0.0
2026-02-17,RILYZ,16.06,16.0,16.09,15.7,17323,276289.0,2.43,-0.19,-0.03,0.0
2026-02-17,RIME,4.52,2.58,4.58,2.52,80932710,310403664.0,59.2,-25.86,-0.9,1405.54
2026-02-17,RINF,32.04,32.01,32.07,32.0,6981,223523.0,0.22,-0.42,-0.135,0.0
2026-02-17,RING,86.21,86.47,87.191,84.11,301242,25848754.0,3.45,-3.2,-2.86,0.0
2026-02-17,RINT,31.014,31.355,31.42,30.942,11695,365507.0,1.52,-0.16,-0.05,0.0
2026-02-17,RIO,94.82,96.88,96.91,94.09,3871372,370831248.0,2.88,-1.21,-1.19,0.31
2026-02-17,RIOT,14.778,14.65,15.065,14.085,17213254,251208738.0,6.44,-3.75,-0.57,4.63
2026-02-17,RIOX,7.98,7.91,8.29,7.26,426820,3332428.0,12.05,-7.49,-0.64,0.0
2026-02-17,RISN,29.73,29.66,29.74,29.545,10831,321273.0,0.65,-0.97,-0.29,0.0
2026-02-17,RISR,35.67,35.82,35.91,35.67,34571,1238599.0,0.67,0.42,0.15,0.0
2026-02-17,RITA,20.66,20.932,20.94,20.66,3420,71276.0,1.35,1.26,0.261,0.0
2026-02-17,RITM,10.59,10.6,10.635,10.4,6724667,71023006.0,2.22,0.28,0.03,1.21
2026-02-17,RITM_A,25.45,25.46,25.59,25.45,29071,741701.0,0.55,-0.12,-0.03,0.0
2026-02-17,RITM_B,25.3,25.25,25.3,25.22,38168,964093.0,0.32,0.0,0.0,0.0
2026-02-17,RITM_C,24.64,24.61,24.648,24.55,57701,1419080.0,0.4,0.29,0.07,0.0
2026-02-17,RITM_D,24.79,24.89,24.89,24.75,55729,1382331.0,0.56,0.4,0.1,0.0
2026-02-17,RITM_E,24.77,24.78,24.79,24.71,55977,1386224.0,0.32,0.2,0.05,0.0
2026-02-17,RITM_F,25.031,25.04,25.04,25.0,43368,1085796.0,0.16,0.0,0.0,0.0
2026-02-17,RITR,0.8,0.753,0.831,0.75,125371,97552.0,10.42,-3.09,-0.024,0.2
2026-02-17,RIV,11.92,11.95,11.99,11.86,85243,1016968.0,1.09,0.25,0.03,0.0
2026-02-17,RIVN,17.39,16.47,17.66,16.38,55972058,943752480.0,7.22,-7.11,-1.26,4.51
2026-02-17,RIV_A,23.318,23.25,23.33,23.25,15327,357347.0,0.35,0.56,0.13,0.0
2026-02-17,RJDI,27.99,28.0,28.04,27.85,26993,754871.0,0.68,0.11,0.03,0.0
2026-02-17,RJET,18.12,17.94,18.5,17.726,55170,999183.0,4.3,-0.33,-0.06,0.12
2026-02-17,RJF,158.0,158.03,160.0,157.43,1409548,223205644.0,1.62,-0.41,-0.65,0.72
2026-02-17,RJMI,25.95,25.955,25.955,25.95,13163,341580.0,0.02,0.12,0.03,0.0
2026-02-17,RJVI,25.62,25.609,25.62,25.609,3541,90720.0,0.04,-0.1,-0.026,0.0
2026-02-17,RKDA,1.55,1.6,1.69,1.54,24103,38553.0,8.94,-4.65,-0.078,1.39
2026-02-17,RKLB,66.084,69.89,70.99,65.0,12059196,828148192.0,8.88,3.63,2.45,2.22
2026-02-17,RKLX,31.12,34.83,35.75,30.063,1346141,45026021.0,17.52,7.3,2.37,0.0
2026-02-17,RKLZ,4.01,3.57,4.135,3.46,13407929,50142762.0,17.5,-7.47,-0.288,0.0
2026-02-17,RKNG,20.33,20.623,20.87,19.975,7395,150455.0,4.33,-0.18,-0.038,0.0
2026-02-17,RKT,18.575,18.37,18.89,17.96,24483153,448600176.0,4.98,-1.66,-0.31,0.87
2026-02-17,RKTL,11.841,11.54,11.841,11.07,18668,214358.0,6.45,-3.39,-0.405,0.0
2026-02-17,RL,374.05,370.5,375.495,364.5,681041,251899691.0,2.98,0.36,1.32,1.13
2026-02-17,RLAY,8.88,9.16,9.43,8.814,1589777,14539557.0,6.9,2.58,0.23,0.91
2026-02-17,RLGT,7.37,7.52,7.64,7.37,171661,1288289.0,3.68,2.59,0.19,0.37
2026-02-17,RLI,62.39,60.77,62.78,60.45,1468967,89601318.0,3.78,-1.38,-0.85,1.6
2026-02-17,RLJ,8.33,8.29,8.405,8.205,1197335,9922403.0,2.41,0.0,0.0,0.79
2026-02-17,RLJ_A,25.5,25.54,25.54,25.46,22958,585985.0,0.31,0.0,0.0,0.0
2026-02-17,RLMD,3.72,3.64,3.725,3.45,406569,1445983.0,7.39,-2.15,-0.08,0.55
2026-02-17,RLTY,15.71,15.82,15.85,15.651,113099,1781360.0,1.27,0.57,0.09,0.0
2026-02-17,RLX,2.34,2.35,2.38,2.33,986140,2327846.0,2.13,0.0,0.0,0.08
2026-02-17,RLY,34.96,34.87,34.96,34.54,239397,8338217.0,1.2,-0.63,-0.22,0.0
2026-02-17,RLYB,4.74,4.33,4.932,3.67,174431,761005.0,26.18,-10.17,-0.49,3.3
2026-02-17,RM,34.32,35.09,35.44,34.32,70378,2457385.0,3.24,1.5,0.52,0.75
2026-02-17,RMAX,6.93,6.85,6.98,6.76,150644,1035985.0,3.17,-1.3,-0.09,0.75
2026-02-17,RMBI,14.38,14.37,14.45,14.35,5349,76959.0,0.7,0.77,0.11,0.05
2026-02-17,RMBS,98.25,101.95,103.4,97.385,1480827,149736928.0,5.9,0.0,0.0,1.37
2026-02-17,RMCA,24.35,24.375,24.375,24.35,2048,49871.0,0.1,0.04,0.01,0.0
2026-02-17,RMCF,2.75,2.6,2.79,2.57,42854,114140.0,7.97,-5.8,-0.16,0.46
2026-02-17,RMCO,4.0,3.93,4.0,3.87,8585,33847.0,3.35,1.29,0.05,0.06
2026-02-17,RMCOW,0.125,0.132,0.132,0.12,7650,975.0,10.0,10.0,0.012,0.0
2026-02-17,RMD,251.05,255.82,257.79,248.985,1344099,343968176.0,3.49,1.29,3.27,0.92
2026-02-17,RMI,15.23,15.25,15.269,15.14,19797,301236.0,0.85,0.53,0.08,0.0
2026-02-17,RMIF,24.815,24.82,24.82,24.815,3594,89185.0,0.02,-0.06,-0.015,0.0
2026-02-17,RMM,14.57,14.37,14.57,14.3,63305,910929.0,1.85,-1.37,-0.2,0.0
2026-02-17,RMME,100.185,100.185,100.185,100.185,113,11321.0,0.0,0.0,0.0,0.0
2026-02-17,RMMZ,15.14,14.99,15.15,14.92,23237,347942.0,1.52,-0.79,-0.12,0.0
2026-02-17,RMNI,3.03,3.04,3.115,2.96,292067,883660.0,5.12,0.33,0.01,0.32
2026-02-17,RMNY,24.47,24.635,24.635,24.47,2882,70785.0,0.67,-0.02,-0.005,0.0
2026-02-17,RMOP,25.25,25.275,25.28,25.229,68665,1734275.0,0.2,0.18,0.045,0.0
2026-02-17,RMR,17.04,17.08,17.18,16.67,143480,2437655.0,2.99,0.23,0.04,0.45
2026-02-17,RMSG,0.684,0.61,0.75,0.61,25390,17230.0,23.1,0.66,0.004,0.28
2026-02-17,RMSGW,0.05,0.05,0.05,0.05,254,12.0,0.0,56.25,0.018,0.0
2026-02-17,RMT,11.94,12.0,12.059,11.85,139665,1671341.0,1.74,0.17,0.02,0.0
2026-02-17,RMTI,1.01,1.03,1.03,0.98,261432,263016.0,4.95,1.98,0.02,0.66
2026-02-17,RNAC,6.51,6.75,6.81,6.4,72073,477033.0,6.29,3.53,0.23,0.28
2026-02-17,RNAZ,9.105,8.66,9.19,8.58,42588,377516.0,6.62,-5.97,-0.55,4.64
2026-02-17,RND,28.69,28.72,28.72,28.69,780,22388.0,0.1,0.27,0.076,0.0
2026-02-17,RNEM,57.715,58.003,58.003,57.715,285,16449.0,0.5,0.11,0.064,0.0
2026-02-17,RNG,30.27,29.0,30.79,28.6,3508521,102391081.0,7.25,-3.94,-1.19,4.12
2026-02-17,RNGR,16.85,16.35,16.85,16.1,136069,2226673.0,4.44,-3.25,-0.55,0.58
2026-02-17,RNGT,10.01,10.01,10.01,10.01,2471,24735.0,0.0,0.3,0.03,0.01
2026-02-17,RNGTU,10.185,10.185,10.185,10.185,51,518.0,0.0,0.0,0.0,0.0
2026-02-17,RNGTW,0.392,0.392,0.4,0.392,2235,883.0,2.23,9.19,0.033,0.0
2026-02-17,RNIN,28.41,28.567,28.59,28.185,10009,284785.0,1.41,-0.51,-0.145,0.0
2026-02-17,RNP,21.49,21.66,21.67,21.38,125053,2695283.0,1.35,0.93,0.2,0.0
2026-02-17,RNR,302.91,307.13,309.91,301.05,256968,78973262.0,2.94,1.91,5.76,0.59
2026-02-17,RNRG,37.14,37.462,37.55,37.14,1463,54527.0,1.11,1.52,0.562,0.0
2026-02-17,RNR_F,22.56,22.82,22.84,22.56,23900,543215.0,1.24,1.15,0.26,0.24
2026-02-17,RNR_G,16.5,16.6,16.6,16.42,29533,487135.0,1.09,0.61,0.1,0.15
2026-02-17,RNST,40.77,40.65,41.45,40.12,429979,17516280.0,3.27,-0.2,-0.08,0.45
2026-02-17,RNTX,1.11,1.15,1.21,1.08,120777,135268.0,11.61,2.68,0.03,0.46
2026-02-17,RNTY,51.6,51.8,51.95,51.49,7664,396927.0,0.89,0.59,0.306,0.0
2026-02-17,RNW,5.57,5.51,5.6,5.435,1335641,7375155.0,3.08,2.99,0.16,0.37
2026-02-17,RNWWW,0.005,0.006,0.006,0.005,774,4.0,12.5,-25.0,-0.002,0.0
2026-02-17,RNWZ,31.01,30.918,31.01,30.918,396,12280.0,0.3,-0.01,-0.002,0.0
2026-02-17,RNXT,0.979,0.98,0.99,0.937,90335,87473.0,5.68,5.04,0.047,0.25
2026-02-17,ROAD,134.11,135.17,138.61,132.6,620457,84368481.0,4.49,0.93,1.24,1.1
2026-02-17,ROAM,32.31,32.452,32.5,32.18,37024,1197418.0,0.99,0.0,0.001,0.0
2026-02-17,ROBN,20.96,21.67,22.38,20.21,1591915,33876597.0,9.87,-1.46,-0.32,0.0
2026-02-17,ROBO,76.94,77.14,77.4,75.71,162686,12484374.0,2.19,-0.22,-0.17,0.0
2026-02-17,ROBT,50.39,50.321,50.554,49.58,63606,3195128.0,1.92,-0.96,-0.49,0.0
2026-02-17,ROCK,54.55,53.35,54.55,52.3,184724,9859999.0,4.11,-2.54,-1.39,0.54
2026-02-17,RODM,40.22,40.51,40.578,40.135,75464,3045179.0,1.1,0.27,0.11,0.0
2026-02-17,ROE,37.41,37.531,37.68,37.17,84537,3173523.0,1.36,0.03,0.013,0.0
2026-02-17,ROG,104.17,103.13,106.29,102.46,302182,31340237.0,3.55,-4.32,-4.66,1.7
2026-02-17,ROIV,26.34,27.09,27.19,26.34,6350310,171497413.0,3.21,2.42,0.64,0.89
2026-02-17,ROK,383.015,388.47,391.615,375.72,1718137,663950768.0,4.03,-1.5,-5.9,1.53
2026-02-17,ROKT,99.73,99.79,100.38,97.915,11494,1139969.0,2.47,-0.14,-0.14,0.0
2026-02-17,ROKU,87.76,88.58,90.35,85.43,5912000,519081952.0,5.46,-1.64,-1.48,4.01
2026-02-17,ROL,59.35,60.08,60.61,58.68,5611303,337220528.0,3.32,3.48,2.02,1.17
2026-02-17,ROLR,4.0,4.03,4.27,3.802,201081,809859.0,11.61,0.0,0.0,1.85
2026-02-17,ROM,86.09,87.32,88.45,84.44,50498,4361264.0,4.58,-0.27,-0.24,0.0
2026-02-17,ROMA,2.07,2.08,2.18,1.83,97123,192338.0,16.75,-0.48,-0.01,0.16
2026-02-17,ROMO,33.78,33.883,34.02,33.78,925,31272.0,0.71,0.02,0.008,0.0
2026-02-17,RONB,23.595,23.48,23.66,23.21,136858,3204862.0,1.91,-0.47,-0.11,0.0
2026-02-17,ROOT,59.1,61.67,62.226,58.49,253326,15469351.0,6.37,5.1,2.99,1.63
2026-02-17,ROP,321.72,315.53,323.39,313.07,1808481,571143744.0,3.21,-1.83,-5.88,1.7
2026-02-17,ROPE,29.21,29.284,29.41,29.21,2187,64063.0,0.68,-0.14,-0.042,0.0
2026-02-17,ROSC,50.78,50.827,50.85,50.78,692,35120.0,0.14,0.05,0.023,0.0
2026-02-17,ROST,198.13,198.21,198.98,195.19,2528998,498999680.0,1.93,0.85,1.67,0.78
2026-02-17,ROUS,61.21,60.98,61.235,60.593,26885,1641027.0,1.05,-0.44,-0.27,0.0
2026-02-17,RPAR,23.01,23.05,23.39,22.97,14386,332032.0,1.81,-0.43,-0.1,0.0
2026-02-17,RPAY,3.03,3.05,3.145,2.99,1094882,3348360.0,5.12,0.66,0.02,1.34
2026-02-17,RPC,8.72,8.54,9.317,8.43,1352007,11662885.0,10.2,-1.84,-0.16,1.23
2026-02-17,RPD,7.15,7.07,7.28,6.83,2154122,15106947.0,6.27,-1.53,-0.11,3.27
2026-02-17,RPG,49.11,49.33,49.63,48.79,347803,17072682.0,1.7,-0.12,-0.06,0.0
2026-02-17,RPGL,0.383,0.379,0.416,0.348,512144,186797.0,17.66,-1.56,-0.006,2.95
2026-02-17,RPHS,10.15,10.09,10.15,10.06,7580,76374.0,0.89,0.17,0.017,0.0
2026-02-17,RPID,3.88,3.94,4.03,3.71,133466,524088.0,8.18,0.77,0.03,0.3
2026-02-17,RPM,118.41,117.6,118.87,116.9,611953,72004525.0,1.67,-0.52,-0.61,0.48
2026-02-17,RPRX,45.38,45.41,46.14,45.19,3346915,152651675.0,2.1,0.49,0.22,0.58
2026-02-17,RPT,14.96,14.7,15.03,14.5,49816,731313.0,3.6,-0.07,-0.01,0.66
2026-02-17,RPT_C,25.021,25.03,25.05,24.94,2498,62397.0,0.44,0.12,0.03,0.0
2026-02-17,RPV,112.84,112.43,113.04,111.4,192876,21677242.0,1.46,-0.13,-0.15,0.0
2026-02-17,RQI,13.21,13.33,13.385,13.161,505723,6708140.0,1.7,0.91,0.12,0.0
2026-02-17,RR,2.95,2.76,2.96,2.7,20269042,56165673.0,8.72,-7.38,-0.22,9.07
2026-02-17,RRBI,88.17,90.72,91.35,88.17,41113,3715633.0,3.58,2.05,1.82,0.63
2026-02-17,RRC,37.06,36.7,37.73,36.08,2496543,91352341.0,4.39,-2.32,-0.87,1.06
2026-02-17,RRGB,3.25,3.32,3.41,3.21,237340,783179.0,6.25,3.75,0.12,1.32
2026-02-17,RRR,62.24,63.18,63.35,61.6,511387,32183581.0,2.84,2.56,1.58,0.49
2026-02-17,RRX,220.0,219.05,222.47,216.86,568426,124820558.0,2.55,-0.52,-1.14,0.86
2026-02-17,RS,340.48,340.3,350.23,332.22,449774,152214360.0,5.24,-0.91,-3.13,0.87
2026-02-17,RSBA,21.14,21.12,21.15,21.092,85020,1796939.0,0.27,-0.09,-0.02,0.0
2026-02-17,RSBT,19.23,19.19,19.23,18.911,33102,631160.0,1.66,0.15,0.029,0.0
2026-02-17,RSBY,16.419,16.355,16.419,16.335,1032,16909.0,0.52,0.4,0.065,0.0
2026-02-17,RSDE,22.615,22.548,22.615,22.48,12007,270871.0,0.6,-0.09,-0.021,0.0
2026-02-17,RSEE,35.49,35.62,35.72,35.49,776,27639.0,0.64,-0.17,-0.06,0.0
2026-02-17,RSF,14.5,14.4,14.5,14.38,12039,173472.0,0.83,0.14,0.02,0.0
2026-02-17,RSG,224.08,221.19,225.775,220.84,2181278,485615808.0,2.21,-0.89,-1.98,0.71
2026-02-17,RSHO,55.05,54.89,55.17,54.46,71694,3935793.0,1.28,-1.1,-0.61,0.0
2026-02-17,RSI,16.1,16.94,17.07,16.05,4912758,82703248.0,6.36,5.68,0.91,2.11
2026-02-17,RSJN,35.25,35.283,35.283,35.25,164,5782.0,0.09,0.02,0.006,0.0
2026-02-17,RSKD,4.47,4.43,4.475,4.385,444907,1974549.0,2.0,-1.34,-0.06,0.3
2026-02-17,RSMC,26.72,26.648,26.73,26.609,82541,2205626.0,0.45,0.13,0.035,0.0
2026-02-17,RSMR,22.46,22.5,22.5,22.46,602,13538.0,0.18,0.49,0.11,0.0
2026-02-17,RSMV,27.26,27.352,27.43,27.26,8912,244228.0,0.62,-0.21,-0.058,0.0
2026-02-17,RSP,203.075,202.52,203.98,200.845,29787319,6027093760.0,1.55,-0.17,-0.35,0.0
2026-02-17,RSPA,52.76,52.98,52.98,52.45,189097,9975644.0,1.0,0.13,0.07,0.0
2026-02-17,RSPC,37.75,37.7,37.918,37.63,33870,1278728.0,0.76,0.1,0.038,0.0
2026-02-17,RSPD,59.18,59.08,59.47,58.4,117590,6925973.0,1.81,0.0,0.0,0.0
2026-02-17,RSPE,31.41,31.39,31.42,31.235,11875,371989.0,0.59,-0.01,-0.004,0.0
2026-02-17,RSPF,74.98,75.29,75.518,74.84,19532,1470976.0,0.91,0.88,0.66,0.0
2026-02-17,RSPG,96.23,94.98,96.5,93.72,68192,6461820.0,2.9,-1.04,-1.0,0.0
2026-02-17,RSPH,32.52,32.5,32.77,32.36,87693,2851504.0,1.26,-0.03,-0.01,0.0
2026-02-17,RSPM,40.37,40.23,40.37,39.88,24467,983705.0,1.2,-1.18,-0.48,0.0
2026-02-17,RSPN,62.82,63.0,63.25,62.52,1238750,78110096.0,1.16,0.25,0.16,0.0
2026-02-17,RSPR,35.66,35.797,35.969,35.495,18236,653220.0,1.33,0.47,0.167,0.0
2026-02-17,RSPS,33.19,32.56,33.25,32.23,325191,10586075.0,3.08,-1.6,-0.53,0.0
2026-02-17,RSPT,46.8,46.63,46.97,46.11,1375558,64231135.0,1.82,-1.12,-0.53,0.0
2026-02-17,RSPU,82.84,82.22,82.99,82.0,35801,2952453.0,1.2,-0.21,-0.17,0.0
2026-02-17,RSSB,29.25,29.3,29.41,29.08,61888,1808708.0,1.13,0.1,0.03,0.0
2026-02-17,RSSE,22.06,22.089,22.095,22.03,1478,32624.0,0.29,-0.03,-0.007,0.0
2026-02-17,RSSL,102.89,103.148,103.398,101.829,3308,339391.0,1.52,0.17,0.178,0.0
2026-02-17,RSSS,2.56,2.51,2.56,2.47,101317,254083.0,3.6,0.4,0.01,0.31
2026-02-17,RSST,29.49,29.72,29.841,29.13,72976,2150683.0,2.4,0.17,0.05,0.0
2026-02-17,RSSX,25.5,25.6,25.77,25.13,47063,1192561.0,2.44,-2.36,-0.62,0.0
2026-02-17,RSSY,20.2,20.519,20.94,19.93,5521,111716.0,5.01,1.88,0.379,0.0
2026-02-17,RSVR,7.735,7.71,7.735,7.635,31037,239034.0,1.31,0.78,0.06,0.05
2026-02-17,RSVRW,0.118,0.137,0.137,0.095,36602,4370.0,31.58,3.01,0.004,0.0
2026-02-17,RTAC,10.57,10.53,10.63,10.46,237533,2496593.0,1.61,-0.19,-0.02,0.76
2026-02-17,RTACU,10.94,10.85,10.995,10.85,9180,100497.0,1.34,-0.09,-0.01,0.04
2026-02-17,RTACW,0.76,0.759,0.767,0.759,1632,1225.0,1.04,-1.43,-0.011,0.0
2026-02-17,RTAI,21.646,21.646,21.646,21.646,15,324.0,0.0,0.05,0.01,0.0
2026-02-17,RTH,264.1,262.026,264.405,260.77,15324,4028080.0,1.38,-0.7,-1.842,0.0
2026-02-17,RTO,30.56,30.84,30.895,30.55,1051188,32332180.0,1.13,1.28,0.39,0.21
2026-02-17,RTRE,25.58,25.61,25.62,25.58,7242,185484.0,0.16,-0.04,-0.01,0.0
2026-02-17,RTX,200.0,203.5,205.64,198.85,6057791,1229477520.0,3.39,1.72,3.44,0.45
2026-02-17,RTXG,26.565,27.287,27.99,26.56,11101,300982.0,5.42,3.5,0.924,0.0
2026-02-17,RTYY,15.94,15.804,16.03,15.52,16507,260365.0,3.18,-1.34,-0.214,0.0
2026-02-17,RUBI,2.44,2.34,2.56,2.29,38842,94005.0,10.98,-4.88,-0.12,7.61
2026-02-17,RULE,25.21,25.131,25.21,25.131,737,18568.0,0.31,-0.55,-0.139,0.0
2026-02-17,RUM,5.9,5.77,5.95,5.65,1623385,9395878.0,5.03,-3.19,-0.19,0.37
2026-02-17,RUMBW,1.607,1.53,1.607,1.53,1298,1995.0,4.8,-4.67,-0.075,0.0
2026-02-17,RUN,18.71,19.34,19.58,18.58,5444832,104544487.0,5.24,1.31,0.25,2.33
2026-02-17,RUNN,33.815,33.771,33.889,33.57,29280,988310.0,0.94,-0.14,-0.046,0.0
2026-02-17,RUSC,33.7,33.865,33.97,33.54,4803,162425.0,1.27,0.17,0.058,0.0
2026-02-17,RUSHA,71.85,70.01,72.0,69.68,480405,33705175.0,3.24,-2.23,-1.6,0.79
2026-02-17,RUSHB,64.75,63.12,64.75,62.88,22435,1423597.0,2.91,-1.67,-1.07,0.14
2026-02-17,RVER,28.6,28.71,28.91,28.35,20783,593910.0,1.94,-0.73,-0.21,0.0
2026-02-17,RVLV,24.97,24.63,25.34,24.104,1152808,28443658.0,4.93,-1.83,-0.46,1.61
2026-02-17,RVMD,96.8,100.61,100.62,95.995,1484294,147118670.0,4.8,4.46,4.3,0.75
2026-02-17,RVMDW,1.53,1.71,1.74,1.53,8896,14608.0,13.46,9.62,0.15,0.0
2026-02-17,RVNL,40.0,35.787,40.425,35.5,63604,2399835.0,11.75,-14.61,-6.123,0.0
2026-02-17,RVNU,24.79,24.899,24.92,24.79,17058,424385.0,0.52,0.0,-0.001,0.0
2026-02-17,RVP,0.66,0.712,0.721,0.66,26137,18010.0,9.23,7.72,0.051,0.09
2026-02-17,RVPH,0.265,0.264,0.268,0.252,2329523,606414.0,6.13,1.15,0.003,1.99
2026-02-17,RVRB,35.263,35.263,35.263,35.263,5,176.0,0.0,0.07,0.025,0.0
2026-02-17,RVSB,5.47,5.34,5.47,5.32,35979,193369.0,2.77,-1.48,-0.08,0.17
2026-02-17,RVSN,5.58,6.21,6.45,5.26,57118,339873.0,20.59,7.44,0.43,2.61
2026-02-17,RVSNW,0.06,0.06,0.06,0.031,16545,702.0,50.0,3.45,0.002,0.0
2026-02-17,RVT,18.32,18.47,18.51,18.26,303676,5582675.0,1.36,0.54,0.1,0.0
2026-02-17,RVTY,95.2,95.05,96.61,93.94,1616916,153500387.0,2.78,-1.02,-0.98,1.44
2026-02-17,RVYL,5.98,5.82,6.0,5.797,13107,77044.0,3.37,-3.48,-0.21,1.03
2026-02-17,RW,24.8,24.881,24.881,24.8,455,11300.0,0.33,0.4,0.099,0.0
2026-02-17,RWAY,8.6,8.46,8.665,8.442,359150,3050308.0,2.6,-1.51,-0.13,0.99
2026-02-17,RWAYI,25.35,25.57,25.642,25.26,51589,1313404.0,1.51,1.31,0.33,0.0
2026-02-17,RWAYL,25.13,25.135,25.19,25.08,7629,191836.0,0.44,0.13,0.032,0.0
2026-02-17,RWAYZ,24.99,24.97,24.99,24.955,7880,196805.0,0.14,-0.08,-0.02,0.0
2026-02-17,RWEM,31.1,32.044,32.62,30.245,9603,305988.0,7.64,3.04,0.944,0.0
2026-02-17,RWJ,53.54,53.3,53.69,52.74,62821,3346012.0,1.77,-0.43,-0.23,0.0
2026-02-17,RWK,137.14,136.89,137.45,135.99,18628,2550682.0,1.06,-0.19,-0.255,0.0
2026-02-17,RWL,120.53,120.25,120.8,119.565,590399,71047662.0,1.03,-0.18,-0.22,0.0
2026-02-17,RWLC,32.94,33.135,33.16,32.94,3056,101034.0,0.67,0.24,0.078,0.0
2026-02-17,RWM,15.425,15.38,15.615,15.305,29127324,449657360.0,2.01,-0.06,-0.01,0.0
2026-02-17,RWO,49.24,49.62,49.69,49.14,38288,1891542.0,1.12,0.79,0.39,0.0
2026-02-17,RWR,107.33,108.01,108.13,106.71,1956991,211038240.0,1.33,1.17,1.25,0.0
2026-02-17,RWT,6.57,6.49,6.57,6.39,2325082,15082746.0,2.73,-1.52,-0.1,1.87
2026-02-17,RWTN,25.09,25.0,25.105,25.0,5798,145191.0,0.42,-0.04,-0.01,0.0
2026-02-17,RWTO,25.28,25.14,25.289,24.84,1922,48293.0,1.81,1.29,0.32,0.0
2026-02-17,RWTP,24.67,24.89,24.89,24.6,19232,475912.0,1.18,1.59,0.39,0.0
2026-02-17,RWTQ,24.94,25.0,25.24,24.85,56972,1423181.0,1.57,0.6,0.15,0.0
2026-02-17,RWT_A,24.9,25.0,25.01,24.9,11208,280008.0,0.44,0.18,0.044,0.0
2026-02-17,RWX,29.98,30.21,30.22,29.86,49299,1483830.0,1.2,0.7,0.21,0.0
2026-02-17,RXD,8.76,8.82,8.89,8.73,7154,62852.0,1.81,-0.09,-0.008,0.0
2026-02-17,RXI,204.2,204.92,205.065,202.37,116967,23872308.0,1.31,-0.05,-0.107,0.0
2026-02-17,RXL,53.32,53.046,53.95,53.046,12187,650463.0,1.7,-0.29,-0.154,0.0
2026-02-17,RXO,13.45,14.83,15.115,13.445,3916879,57550559.0,12.36,9.77,1.32,2.39
2026-02-17,RXRX,3.48,3.46,3.49,3.31,17316004,58824486.0,5.16,-0.86,-0.03,3.28
2026-02-17,RXST,8.09,8.61,8.735,8.05,1110960,9478827.0,8.52,7.09,0.57,2.69
2026-02-17,RXT,0.42,0.419,0.429,0.404,1275916,529413.0,5.95,-0.24,-0.001,0.52
2026-02-17,RY,168.7,169.41,170.11,168.07,1416885,239882279.0,1.2,-0.04,-0.06,0.1
2026-02-17,RYAAY,67.0,66.68,67.42,66.42,2584209,172576665.0,1.53,1.82,1.19,0.49
2026-02-17,RYAM,8.22,7.91,8.245,7.575,727519,5721089.0,8.13,-4.0,-0.33,1.09
2026-02-17,RYAN,39.2,39.69,40.2,38.01,4772018,189475352.0,5.66,2.53,0.98,1.81
2026-02-17,RYDE,0.252,0.26,0.26,0.245,51701,12962.0,5.77,0.0,0.0,0.04
2026-02-17,RYET,1.03,0.994,1.03,0.994,11993,12037.0,3.53,-2.55,-0.026,0.03
2026-02-17,RYI,28.82,25.23,28.86,25.23,1132745,29372135.0,13.43,-6.66,-1.8,3.52
2026-02-17,RYLD,15.69,15.74,15.785,15.537,585968,9184391.0,1.58,0.32,0.05,0.0
2026-02-17,RYLG,23.2,23.144,23.2,22.86,1589,36592.0,1.47,0.12,0.028,0.0
2026-02-17,RYM,16.47,16.82,16.98,16.47,2771,46830.0,3.14,3.57,0.58,0.13
2026-02-17,RYN,23.6,23.65,23.742,23.2,3995113,93962105.0,2.3,0.21,0.05,1.32
2026-02-17,RYOJ,2.74,2.627,2.74,2.62,1076,2877.0,4.32,-5.5,-0.153,0.01
2026-02-17,RYSE,22.68,22.68,22.68,22.68,40,906.0,0.0,0.13,0.029,0.0
2026-02-17,RYTM,98.29,102.53,104.5,97.35,608225,61989233.0,7.29,4.55,4.46,0.91
2026-02-17,RZB,25.14,25.19,25.24,25.14,11170,281351.0,0.4,0.2,0.05,0.0
2026-02-17,RZC,25.56,25.58,25.62,25.54,37666,963787.0,0.31,0.12,0.03,0.0
2026-02-17,RZG,58.95,58.99,59.325,58.673,2571,151767.0,1.1,-0.04,-0.026,0.0
2026-02-17,RZLT,3.79,3.63,3.79,3.422,2528140,9132509.0,9.58,-5.47,-0.21,2.64
2026-02-17,RZLV,2.3,2.23,2.3,2.15,17434883,38463068.0,6.61,-1.76,-0.04,4.37
2026-02-17,RZLVW,0.935,0.93,0.94,0.801,4883,4293.0,15.71,5.08,0.045,0.0
2026-02-17,RZV,133.56,133.19,134.43,131.51,5865,780294.0,2.19,-0.32,-0.432,0.0
2026-02-17,S,13.805,13.4,14.04,13.13,6068307,81245305.0,6.56,-3.39,-0.47,1.79
2026-02-17,SA,31.73,32.75,33.09,30.64,1285211,41540607.0,7.2,-3.7,-1.26,1.23
2026-02-17,SAA,29.98,30.194,30.429,29.66,10551,319400.0,2.54,-0.33,-0.1,0.0
2026-02-17,SAAQU,10.25,10.17,10.25,10.17,65604,668090.0,0.78,-0.39,-0.04,0.32
2026-02-17,SABA,8.0,7.99,8.02,7.96,130474,1042754.0,0.75,-0.25,-0.02,0.0
2026-02-17,SABR,0.97,0.938,0.984,0.915,18056724,16975272.0,7.26,-1.37,-0.013,4.57
2026-02-17,SABS,3.87,3.88,3.89,3.515,480861,1768217.0,9.74,0.78,0.03,1.01
2026-02-17,SABSW,0.037,0.037,0.037,0.037,1,0.0,0.0,0.0,0.0,0.0
2026-02-17,SAC,10.005,9.99,10.005,9.99,4145,41431.0,0.15,-0.1,-0.01,0.01
2026-02-17,SACH,1.0,1.01,1.03,1.0,108578,109835.0,3.0,1.0,0.01,0.23
2026-02-17,SACH_A,18.75,18.56,18.75,18.56,4514,84203.0,1.02,-0.35,-0.065,0.0
2026-02-17,SAC_WS,0.5,0.5,0.5,0.5,99,50.0,0.0,0.0,0.0,0.0
2026-02-17,SAEF,29.75,29.762,29.77,29.75,4520,134471.0,0.07,0.8,0.236,0.0
2026-02-17,SAFE,15.83,16.11,16.13,15.66,288020,4610498.0,3.0,2.87,0.45,0.4
2026-02-17,SAFT,79.47,80.43,80.84,79.47,42405,3405191.0,1.73,1.39,1.1,0.29
2026-02-17,SAFX,0.18,0.173,0.189,0.171,2112158,376480.0,10.0,-3.89,-0.007,0.91
2026-02-17,SAGP,36.17,36.043,36.17,35.89,1783,64272.0,0.77,-0.45,-0.162,0.0
2026-02-17,SAGT,1.76,2.16,2.2,1.5,418831,723486.0,39.33,21.35,0.38,3.28
2026-02-17,SAH,60.0,58.28,61.14,57.41,363093,21296933.0,6.21,-3.04,-1.83,1.08
2026-02-17,SAIA,387.05,388.35,394.35,383.86,403168,156157384.0,2.73,0.89,3.44,1.51
2026-02-17,SAIC,85.68,85.18,87.21,84.67,856928,73336539.0,2.93,-1.65,-1.43,1.95
2026-02-17,SAIH,6.03,6.38,6.45,6.03,3460,22090.0,6.5,-1.31,-0.085,0.18
2026-02-17,SAIHW,0.03,0.03,0.03,0.03,16,0.0,0.0,0.0,0.0,0.0
2026-02-17,SAIL,15.6,15.65,15.72,15.13,2565579,39665613.0,3.71,-1.7,-0.27,0.46
2026-02-17,SAJ,25.22,25.28,25.4,25.22,4445,112581.0,0.71,-0.1,-0.025,0.0
2026-02-17,SAM,249.14,231.71,249.94,230.68,248346,58630368.0,7.78,-6.41,-15.86,2.37
2026-02-17,SAMG,15.15,14.99,15.15,14.781,15075,225707.0,2.46,-0.2,-0.03,0.13
2026-02-17,SAMM,30.51,30.81,30.9,30.51,3231,99563.0,1.27,0.27,0.084,0.0
2026-02-17,SAMT,39.32,39.29,39.41,39.04,58154,2283490.0,0.94,0.05,0.02,0.0
2026-02-17,SAN,12.18,12.31,12.32,12.153,10905555,133471232.0,1.41,3.79,0.45,0.07
2026-02-17,SANA,3.82,3.85,3.89,3.7,2038865,7773589.0,4.94,0.0,0.0,0.76
2026-02-17,SANG,4.338,4.41,4.485,4.3,6037,26599.0,4.07,-3.08,-0.14,0.02
2026-02-17,SANM,144.85,146.7,148.59,142.02,535364,78188176.0,4.51,0.61,0.89,0.98
2026-02-17,SAP,202.11,201.47,203.54,199.13,1654089,332282544.0,2.16,-1.5,-3.06,0.14
2026-02-17,SAPH,36.9,36.584,36.9,36.506,1303,47814.0,1.06,-1.2,-0.446,0.0
2026-02-17,SAR,23.17,23.48,23.56,23.0,152732,3564895.0,2.43,1.95,0.45,0.94
2026-02-17,SARK,32.86,32.52,33.33,32.11,446517,14600000.0,3.75,0.03,0.01,0.0
2026-02-17,SARO,30.6,31.04,31.25,30.42,2568312,79610774.0,2.72,1.54,0.47,0.77
2026-02-17,SAT,24.735,24.7,24.77,24.66,24624,608348.0,0.44,-0.12,-0.03,0.0
2026-02-17,SATA,92.0,93.72,93.99,91.801,162062,15129106.0,2.38,1.69,1.56,0.0
2026-02-17,SATG,16.0,16.326,16.93,15.51,9783,158474.0,8.65,-0.54,-0.089,0.0
2026-02-17,SATL,3.02,2.87,3.02,2.73,4919805,13994067.0,9.24,-8.6,-0.27,3.44
2026-02-17,SATLW,0.75,0.787,0.787,0.62,38103,25853.0,21.44,1.03,0.008,0.0
2026-02-17,SATO,15.71,15.631,15.78,15.52,2041,31867.0,1.63,-2.12,-0.339,0.0
2026-02-17,SATS,112.0,113.0,115.025,110.25,1851262,209480597.0,4.22,-0.13,-0.15,0.64
2026-02-17,SAUG,26.26,26.225,26.26,26.1,3857,101021.0,0.61,0.04,0.01,0.0
2026-02-17,SAV,25.08,25.1,25.14,25.05,69824,1752683.0,0.36,0.08,0.02,0.0
2026-02-17,SAVA,2.1,2.09,2.166,2.05,530181,1117947.0,5.55,0.0,0.0,1.1
2026-02-17,SAWG,21.631,21.631,21.631,21.631,6,130.0,0.0,0.06,0.014,0.0
2026-02-17,SAWS,22.57,22.591,22.65,22.57,270,6099.0,0.35,-0.19,-0.042,0.0
2026-02-17,SAY,25.15,25.16,25.17,25.15,6445,162148.0,0.08,0.12,0.03,0.0
2026-02-17,SAZ,25.38,25.26,25.38,25.231,26390,667835.0,0.59,0.12,0.03,0.0
2026-02-17,SB,5.97,6.05,6.09,5.92,1083169,6522938.0,2.84,1.0,0.06,1.06
2026-02-17,SBAC,201.98,203.12,204.705,200.85,1293298,262974272.0,1.92,1.17,2.35,1.22
2026-02-17,SBAR,25.73,25.82,25.91,25.65,127244,3283430.0,1.01,0.0,0.0,0.0
2026-02-17,SBB,12.6,12.567,12.681,12.53,3956,49799.0,1.2,0.02,0.002,0.0
2026-02-17,SBC,4.68,4.58,4.72,4.53,22706,105130.0,4.08,-1.72,-0.08,0.02
2026-02-17,SBCF,33.4,33.63,33.86,33.11,554033,18582547.0,2.26,1.2,0.4,0.57
2026-02-17,SBCWW,0.3,0.311,0.311,0.274,244884,73831.0,11.94,0.32,0.001,0.0
2026-02-17,SBDS,7.7,7.28,7.73,7.018,13754,101712.0,8.99,-8.08,-0.64,0.56
2026-02-17,SBET,6.7,6.66,6.76,6.382,6286835,41539704.0,5.52,-2.77,-0.19,3.2
2026-02-17,SBEV,0.6,0.504,0.602,0.47,799889,404123.0,24.86,-5.08,-0.027,27.52
2026-02-17,SBFG,20.97,21.25,21.29,20.81,14009,295285.0,2.29,1.53,0.32,0.22
2026-02-17,SBFM,1.17,1.16,1.19,1.15,27823,32427.0,3.42,-0.85,-0.01,0.57
2026-02-17,SBFMW,0.15,0.15,0.15,0.15,101,15.0,0.0,14.5,0.019,0.0
2026-02-17,SBGI,14.96,14.95,15.13,14.65,296273,4430145.0,3.21,-0.07,-0.01,0.42
2026-02-17,SBH,16.23,15.72,16.3,15.41,1634669,25753744.0,5.45,-3.68,-0.6,1.69
2026-02-17,SBI,8.0,7.98,8.0,7.92,52653,419411.0,1.0,0.13,0.01,0.0
2026-02-17,SBIL,100.247,100.235,100.247,100.226,185271,18570313.0,0.02,0.01,0.015,0.0
2026-02-17,SBIO,49.5,50.4,50.74,49.495,28060,1407284.0,2.5,1.37,0.68,0.0
2026-02-17,SBIT,62.26,62.65,64.75,61.89,1531621,97035498.0,4.7,2.94,1.79,0.0
2026-02-17,SBLK,23.8,24.53,24.7,23.72,1292064,31477255.0,4.12,3.07,0.73,1.13
2026-02-17,SBLX,2.545,2.51,2.545,2.45,10185,25397.0,3.89,2.87,0.07,0.7
2026-02-17,SBND,19.08,19.03,19.08,19.01,108089,2056969.0,0.37,0.0,0.0,0.0
2026-02-17,SBR,70.0,69.44,70.0,68.231,35809,2474406.0,2.53,-0.87,-0.61,0.25
2026-02-17,SBRA,20.43,20.59,20.7,20.285,3777580,77666262.0,2.06,2.08,0.42,1.5
2026-02-17,SBS,29.16,29.21,29.31,28.935,456421,13300210.0,1.28,-0.31,-0.09,0.06
2026-02-17,SBSI,33.12,33.01,33.39,32.9,102110,3380774.0,1.48,-0.09,-0.03,0.34
2026-02-17,SBSW,16.225,16.06,16.32,15.66,6386379,102315931.0,3.83,-6.79,-1.17,0.9
2026-02-17,SBTU,3.657,3.7,3.809,3.45,12093,44041.0,9.11,-6.09,-0.24,0.0
2026-02-17,SBU,17.98,18.269,18.269,17.98,802,14426.0,1.63,3.24,0.573,0.0
2026-02-17,SBUX,94.9,95.39,95.51,93.62,8660011,821185408.0,2.02,1.71,1.6,0.76
2026-02-17,SBXD,10.59,10.65,10.65,10.59,6249,66545.0,0.56,0.09,0.01,0.02
2026-02-17,SBXE,10.1,10.1,10.1,10.1,10,101.0,0.0,0.0,0.0,0.0
2026-02-17,SBXE_U,10.07,10.04,10.07,10.03,140621,1412837.0,0.4,-0.3,-0.03,0.59
2026-02-17,SBXE_WS,0.301,0.282,0.301,0.273,1560,447.0,8.48,-14.55,-0.048,0.0
2026-02-17,SB_C,26.1,26.244,26.244,26.1,720,18806.0,0.55,0.56,0.147,0.0
2026-02-17,SB_D,26.19,26.62,26.62,26.19,14604,386594.0,1.65,1.95,0.51,0.0
2026-02-17,SCAG,1.79,1.78,1.8,1.74,4823,8583.0,3.51,4.09,0.07,0.01
2026-02-17,SCAGW,0.055,0.055,0.055,0.055,5300,292.0,0.0,-3.51,-0.002,0.0
2026-02-17,SCAP,38.91,38.18,38.91,37.65,12707,485262.0,3.29,-0.25,-0.097,0.0
2026-02-17,SCC,15.39,15.26,15.63,15.24,44557,688270.0,2.56,0.15,0.023,0.0
2026-02-17,SCCD,24.435,24.45,24.45,24.435,4039,98724.0,0.06,0.04,0.01,0.0
2026-02-17,SCCE,23.6,23.65,23.65,23.5,2936,69193.0,0.64,0.31,0.073,0.0
2026-02-17,SCCF,23.45,23.45,23.45,23.45,113,2652.0,0.0,0.0,0.0,0.0
2026-02-17,SCCG,23.7,23.5,23.7,23.5,3466,81900.0,0.85,0.0,0.0,0.0
2026-02-17,SCCO,191.31,188.0,191.69,181.6,2033746,378740784.0,5.1,-5.05,-10.0,0.25
2026-02-17,SCCR,26.12,26.1,26.12,26.085,151599,3957607.0,0.13,-0.08,-0.02,0.0
2026-02-17,SCD,16.07,16.01,16.08,15.91,62442,999824.0,1.06,-0.31,-0.05,0.0
2026-02-17,SCDL,50.996,50.996,50.996,50.996,36,1841.0,0.0,-1.03,-0.53,0.0
2026-02-17,SCDS,64.544,64.544,64.544,64.544,20,1280.0,0.0,-0.49,-0.318,0.0
2026-02-17,SCDV,27.208,27.285,27.43,27.208,35906,984727.0,0.81,-0.19,-0.052,0.0
2026-02-17,SCEC,25.57,25.585,25.59,25.565,71864,1838181.0,0.1,0.08,0.02,0.0
2026-02-17,SCEP,24.41,24.53,24.53,24.401,16853,412784.0,0.53,0.62,0.15,0.0
2026-02-17,SCE_G,19.12,19.26,19.4,19.03,34689,665052.0,1.93,0.21,0.04,0.0
2026-02-17,SCE_K,25.28,25.28,25.29,25.25,12381,312902.0,0.16,-0.04,-0.01,0.0
2026-02-17,SCE_L,18.92,19.13,19.15,18.71,35668,677981.0,2.32,1.0,0.19,0.0
2026-02-17,SCE_M,25.25,25.24,25.25,25.11,46015,1158301.0,0.56,0.44,0.11,0.0
2026-02-17,SCE_N,24.351,24.44,24.53,24.29,19146,467403.0,0.99,0.62,0.15,0.0
2026-02-17,SCHA,30.55,30.59,30.736,30.22,2339527,71452196.0,1.69,-0.07,-0.02,0.0
2026-02-17,SCHB,26.28,26.36,26.45,26.08,11751215,309057344.0,1.41,0.11,0.03,0.0
2026-02-17,SCHC,49.94,50.27,50.36,49.58,778487,38945897.0,1.55,-0.16,-0.08,0.0
2026-02-17,SCHD,31.695,31.42,31.88,31.21,32704742,1026944736.0,2.12,-0.6,-0.19,0.0
2026-02-17,SCHE,35.04,35.21,35.27,34.81,2009646,70507403.0,1.31,0.03,0.01,0.0
2026-02-17,SCHF,26.3,26.43,26.48,26.13,14063821,370487472.0,1.32,-0.23,-0.06,0.0
2026-02-17,SCHG,30.315,30.53,30.66,30.085,20459868,622543680.0,1.89,0.33,0.1,0.0
2026-02-17,SCHH,22.93,23.06,23.07,22.78,7016722,160999076.0,1.27,1.1,0.25,0.0
2026-02-17,SCHI,23.15,23.16,23.18,23.14,4624059,107079726.0,0.17,0.0,0.0,0.0
2026-02-17,SCHJ,24.99,24.98,24.99,24.98,188978,4721906.0,0.04,-0.04,-0.01,0.0
2026-02-17,SCHK,32.77,32.9,33.005,32.56,3596999,118147543.0,1.35,0.12,0.04,0.0
2026-02-17,SCHL,33.89,33.89,34.6,33.625,222393,7559650.0,2.86,-0.59,-0.2,0.87
2026-02-17,SCHM,32.52,32.54,32.65,32.19,2020477,65716395.0,1.41,-0.03,-0.01,0.0
2026-02-17,SCHO,24.42,24.4,24.42,24.4,3836254,93649189.0,0.08,-0.08,-0.02,0.0
2026-02-17,SCHP,26.83,26.82,26.84,26.8,2982539,79991516.0,0.15,-0.07,-0.02,0.0
2026-02-17,SCHQ,32.56,32.52,32.597,32.495,592210,19270609.0,0.31,0.18,0.06,0.0
2026-02-17,SCHR,25.26,25.26,25.28,25.24,2839153,71704379.0,0.16,-0.04,-0.01,0.0
2026-02-17,SCHV,32.1,32.07,32.25,31.85,7211122,230977114.0,1.25,-0.09,-0.03,0.0
2026-02-17,SCHW,94.23,93.08,94.47,92.3,11250945,1048689776.0,2.32,-0.68,-0.64,0.64
2026-02-17,SCHW_D,25.14,25.18,25.2,25.1,52562,1323118.0,0.4,0.24,0.061,0.18
2026-02-17,SCHW_J,18.9,18.96,18.97,18.78,59974,1132573.0,1.01,0.58,0.11,0.25
2026-02-17,SCHX,26.82,26.93,27.01,26.64,27681350,743194768.0,1.38,0.19,0.05,0.0
2026-02-17,SCHY,33.22,33.37,33.39,33.065,793036,26368268.0,0.98,0.42,0.14,0.0
2026-02-17,SCHZ,23.63,23.61,23.63,23.6,2728438,64429461.0,0.13,-0.04,-0.01,0.0
2026-02-17,SCI,79.39,80.47,80.94,79.23,1192444,95879942.0,2.15,1.02,0.81,0.86
2026-02-17,SCII,9.98,9.97,9.98,9.97,28321,282633.0,0.1,-0.2,-0.02,0.11
2026-02-17,SCIIU,10.206,10.2,10.206,10.2,2052,20933.0,0.06,-0.2,-0.02,0.01
2026-02-17,SCIO,21.03,21.0,21.03,20.965,104114,2186002.0,0.31,0.1,0.02,0.0
2026-02-17,SCJ,104.86,105.32,105.427,104.36,63777,6686863.0,1.01,-0.4,-0.42,0.0
2026-02-17,SCKT,1.08,1.05,1.13,1.05,37166,39436.0,7.48,-1.87,-0.02,0.47
2026-02-17,SCL,66.93,66.46,67.196,65.585,195004,12927179.0,2.41,-0.48,-0.32,0.86
2026-02-17,SCLS,19.885,19.885,19.885,19.885,2,40.0,0.0,-0.8,-0.161,0.0
2026-02-17,SCLX,8.55,8.07,8.55,7.93,25617,207688.0,7.46,-2.89,-0.24,0.3
2026-02-17,SCLXW,0.14,0.14,0.14,0.14,232,33.0,0.0,-6.67,-0.01,0.0
2026-02-17,SCLZ,53.789,53.711,53.789,53.711,1242,66708.0,0.15,0.27,0.147,0.0
2026-02-17,SCM,11.46,11.31,11.58,11.21,216494,2458040.0,3.23,-1.39,-0.16,0.75
2026-02-17,SCMB,26.04,26.06,26.07,26.04,836362,21792158.0,0.12,0.08,0.02,0.0
2026-02-17,SCMC,25.33,25.34,25.36,25.325,19308,489203.0,0.14,-0.02,-0.005,0.0
2026-02-17,SCNI,0.789,0.766,0.79,0.751,11817,9226.0,5.24,2.96,0.022,0.34
2026-02-17,SCNM,25.36,25.349,25.37,25.29,32370,820150.0,0.32,0.31,0.079,0.0
2026-02-17,SCNX,0.415,0.4,0.42,0.39,543201,218054.0,6.93,-7.62,-0.033,1.34
2026-02-17,SCO,16.11,16.32,16.52,16.04,1245974,20240152.0,2.97,0.93,0.15,0.0
2026-02-17,SCOR,7.09,7.18,8.14,7.09,25530,191488.0,14.0,-4.27,-0.32,0.51
2026-02-17,SCOW,19.998,19.998,19.998,19.998,31,619.0,0.0,-0.07,-0.015,0.0
2026-02-17,SCPQ,9.87,9.87,9.87,9.87,78,771.0,0.0,0.0,0.0,0.0
2026-02-17,SCPQU,9.99,9.99,9.99,9.99,123,1229.0,0.0,-0.1,-0.01,0.0
2026-02-17,SCPQW,0.27,0.27,0.28,0.215,75727,18190.0,24.9,3.45,0.009,0.0
2026-02-17,SCSC,36.96,36.58,37.35,36.0,217764,7973899.0,3.78,2.41,0.86,1.01
2026-02-17,SCUS,25.22,25.22,25.24,25.22,76017,1917857.0,0.08,-0.04,-0.01,0.0
2026-02-17,SCVL,20.26,20.37,20.58,19.86,322649,6562980.0,3.58,1.39,0.28,1.18
2026-02-17,SCWO,2.79,2.8,2.85,2.68,44037,121442.0,5.96,-1.75,-0.05,0.26
2026-02-17,SCYB,26.49,26.47,26.505,26.46,1187680,31447837.0,0.17,-0.08,-0.02,0.0
2026-02-17,SCYX,0.75,0.76,0.8,0.75,126029,97517.0,6.67,1.33,0.01,0.29
2026-02-17,SCZ,84.36,84.93,85.035,83.97,1035945,87621247.0,1.26,0.11,0.09,0.0
2026-02-17,SCZM,9.27,8.92,9.602,8.92,449081,4111319.0,6.85,-10.35,-1.03,0.49
2026-02-17,SD,17.07,17.0,17.075,16.365,402163,6770642.0,4.2,0.59,0.1,1.09
2026-02-17,SDA,2.02,2.01,2.07,1.98,523162,1056511.0,4.43,-0.99,-0.02,0.51
2026-02-17,SDAWW,0.046,0.05,0.055,0.046,70584,3812.0,20.0,11.11,0.005,0.0
2026-02-17,SDCI,22.79,22.73,22.81,22.67,141633,3221112.0,0.61,-1.3,-0.3,0.0
2026-02-17,SDCP,25.905,25.905,25.905,25.905,3,78.0,0.0,-0.02,-0.005,0.0
2026-02-17,SDD,10.69,10.581,10.69,10.53,4504,47928.0,1.52,0.43,0.045,0.0
2026-02-17,SDEM,32.74,32.87,33.02,32.61,10310,338556.0,1.25,-0.12,-0.04,0.0
2026-02-17,SDFI,35.88,35.89,35.89,35.88,698,25043.0,0.03,-0.03,-0.01,0.0
2026-02-17,SDG,87.26,87.33,87.464,86.68,3728,325113.0,0.9,0.17,0.149,0.0
2026-02-17,SDGR,11.39,11.63,11.68,11.15,1669827,19116301.0,4.65,2.02,0.23,2.27
2026-02-17,SDHC,18.49,18.26,18.69,17.715,94337,1710712.0,5.27,-1.3,-0.24,0.18
2026-02-17,SDHY,16.75,16.66,16.77,16.61,120677,2015038.0,0.95,-0.66,-0.11,0.0
2026-02-17,SDIV,25.86,25.84,25.87,25.535,884784,22785884.0,1.29,-0.35,-0.09,0.0
2026-02-17,SDOG,67.96,67.21,68.22,66.91,49497,3331572.0,1.93,-0.97,-0.66,0.0
2026-02-17,SDOT,2.61,2.45,2.66,2.44,8826,22735.0,8.46,-5.77,-0.15,0.48
2026-02-17,SDOW,29.3,29.2,29.86,28.91,6437272,188818400.0,3.24,-0.34,-0.1,0.0
2026-02-17,SDP,10.4,10.61,10.669,10.4,29098,306853.0,2.55,0.46,0.049,0.0
2026-02-17,SDRL,42.28,42.5,42.96,41.2,1244849,52732404.0,4.13,-0.38,-0.16,2.0
2026-02-17,SDS,69.38,68.85,70.26,68.42,2686992,185826291.0,2.66,-0.29,-0.2,0.0
2026-02-17,SDSI,51.77,51.8,51.84,51.77,12904,668349.0,0.14,0.03,0.015,0.0
2026-02-17,SDST,3.44,3.36,3.51,3.3,44213,149246.0,6.14,-1.75,-0.06,0.45
2026-02-17,SDSTW,0.288,0.269,0.288,0.269,1503,413.0,6.79,-3.93,-0.011,0.0
2026-02-17,SDTY,43.04,43.201,43.24,42.79,11599,499326.0,1.05,0.36,0.157,0.0
2026-02-17,SDVD,23.305,23.31,23.42,23.14,190191,4425989.0,1.2,-0.13,-0.03,0.0
2026-02-17,SDVY,42.24,42.11,42.34,41.75,1656521,69691137.0,1.4,-0.14,-0.06,0.0
2026-02-17,SDY,155.37,154.55,156.115,153.92,208218,32205326.0,1.41,-0.45,-0.7,0.0
2026-02-17,SE,107.0,108.51,110.77,106.75,3754477,406904848.0,3.77,1.66,1.77,0.63
2026-02-17,SEA,16.16,16.28,16.3,16.11,2846,46230.0,1.18,0.74,0.12,0.0
2026-02-17,SEAL_A,25.62,25.7,25.7,25.61,5831,149459.0,0.35,0.31,0.08,0.0
2026-02-17,SEAL_B,25.97,26.01,26.01,25.91,6682,173524.0,0.39,0.37,0.097,0.0
2026-02-17,SEAT,6.65,6.74,6.783,6.28,79677,521413.0,7.55,1.2,0.08,0.68
2026-02-17,SEATW,0.075,0.075,0.075,0.075,23,2.0,0.0,0.0,0.0,0.0
2026-02-17,SEB,5372.61,4915.02,5500.0,4790.0,36565,188880793.0,13.21,-8.54,-458.91,3.82
2026-02-17,SECR,26.08,26.1,26.14,26.08,3416,89182.0,0.23,0.0,0.0,0.0
2026-02-17,SECT,63.895,63.87,64.05,63.38,106999,6829875.0,1.05,0.03,0.02,0.0
2026-02-17,SECU,50.53,50.585,50.69,50.48,9731,492001.0,0.41,-0.09,-0.045,0.0
2026-02-17,SEDG,35.74,37.13,37.61,34.155,4275457,155572880.0,9.72,4.5,1.6,7.08
2026-02-17,SEE,41.93,41.95,42.0,41.86,3140266,131840563.0,0.33,0.05,0.02,2.13
2026-02-17,SEED,1.1,1.11,1.128,1.07,14022,15401.0,5.47,4.72,0.05,0.12
2026-02-17,SEEM,35.18,35.215,35.37,34.845,93768,3299145.0,1.48,-0.47,-0.167,0.0
2026-02-17,SEER,2.0,2.05,2.06,1.98,506860,1021989.0,3.96,1.49,0.03,0.9
2026-02-17,SEF,32.425,32.398,32.52,32.295,13618,441021.0,0.69,-0.94,-0.306,0.0
2026-02-17,SEG,20.23,20.27,20.74,19.935,54731,1113460.0,3.97,-0.05,-0.01,0.43
2026-02-17,SEGG,1.25,1.48,1.56,1.17,4386327,6107215.0,32.5,23.33,0.28,34.69
2026-02-17,SEI,55.0,52.54,55.5,51.21,3587261,188931127.0,7.58,-7.22,-4.09,5.24
2026-02-17,SEIC,78.89,79.02,79.575,77.525,717744,56566659.0,2.61,0.5,0.39,0.59
2026-02-17,SEIE,34.92,35.204,35.23,34.765,160911,5638885.0,1.33,0.65,0.227,0.0
2026-02-17,SEIM,47.39,47.48,47.71,46.9,130618,6193994.0,1.7,-0.17,-0.08,0.0
2026-02-17,SEIQ,38.1,38.11,38.22,37.85,72313,2756631.0,0.97,0.04,0.017,0.0
2026-02-17,SEIS,29.37,29.484,29.62,29.08,75697,2229331.0,1.83,0.03,0.01,0.0
2026-02-17,SEIV,43.19,43.0,43.23,42.68,128573,5529811.0,1.28,-0.2,-0.085,0.0
2026-02-17,SEIX,23.25,23.23,23.25,23.22,57596,1337848.0,0.13,0.02,0.005,0.0
2026-02-17,SELF,5.05,4.98,5.05,4.97,81618,408125.0,1.6,-0.2,-0.01,0.72
2026-02-17,SELV,33.5,33.33,33.5,33.29,11856,395766.0,0.63,-0.24,-0.08,0.0
2026-02-17,SELX,0.605,0.605,0.67,0.605,6815,4450.0,10.05,-6.49,-0.042,0.02
2026-02-17,SEM,16.46,16.38,16.585,16.3,1021854,16781680.0,1.74,0.0,0.0,0.82
2026-02-17,SEMG,25.205,25.28,25.355,25.138,6246,157970.0,0.86,0.24,0.061,0.0
2026-02-17,SEMI,30.26,30.622,30.72,29.95,5781,174939.0,2.53,0.5,0.152,0.0
2026-02-17,SEMR,11.82,11.81,11.83,11.81,1636027,19329137.0,0.17,-0.17,-0.02,1.09
2026-02-17,SEMY,19.42,19.81,19.96,19.03,279289,5475723.0,4.72,0.61,0.12,0.0
2026-02-17,SENEA,127.62,123.99,127.62,118.89,91659,11301560.0,6.84,-2.89,-3.69,1.76
2026-02-17,SENEB,122.36,122.36,122.36,122.36,123,15058.0,0.0,1.97,2.36,0.01
2026-02-17,SENS,7.5,7.55,7.79,7.35,562551,4244522.0,5.86,0.53,0.04,1.36
2026-02-17,SEPI,26.0,26.01,26.06,25.825,20916,542754.0,0.9,-0.08,-0.02,0.0
2026-02-17,SEPM,31.83,31.9,31.9,31.83,339,10804.0,0.22,0.03,0.009,0.0
2026-02-17,SEPN,27.6,30.3,31.37,27.6,417545,12636506.0,13.71,10.18,2.8,0.93
2026-02-17,SEPP,30.63,30.693,30.72,30.63,1673,51377.0,0.29,0.14,0.042,0.0
2026-02-17,SEPT,35.17,35.24,35.315,35.04,8004,281711.0,0.78,0.09,0.03,0.0
2026-02-17,SEPU,28.855,28.85,28.95,28.681,35709,1028825.0,0.93,0.0,0.0,0.0
2026-02-17,SEPW,31.99,31.99,32.05,31.88,18034,576599.0,0.53,0.0,-0.001,0.0
2026-02-17,SEPZ,41.91,42.107,42.165,41.91,6721,282695.0,0.61,0.15,0.061,0.0
2026-02-17,SER,1.83,1.65,1.95,1.641,176988,312173.0,16.89,-9.84,-0.18,1.64
2026-02-17,SERA,2.66,2.59,2.737,2.59,25462,67323.0,5.55,-2.26,-0.06,0.07
2026-02-17,SERV,9.38,9.27,9.47,8.96,3038150,28012270.0,5.34,-2.98,-0.285,4.07
2026-02-17,SES,1.69,1.7,1.72,1.64,2784608,4686039.0,4.71,0.0,0.0,0.76
2026-02-17,SES_WS,0.212,0.212,0.212,0.212,415,87.0,0.0,0.0,0.0,0.0
2026-02-17,SETH,56.82,56.71,57.975,56.32,34725,1981410.0,2.99,2.6,1.435,0.0
2026-02-17,SETM,34.25,34.305,34.539,33.18,297277,10097744.0,3.87,-2.32,-0.815,0.0
2026-02-17,SEV,1.8,1.73,1.8,1.65,248303,426566.0,8.67,0.0,0.0,0.76
2026-02-17,SEVN,8.72,8.74,8.77,8.62,80175,696950.0,1.73,0.58,0.05,0.0
2026-02-17,SEZL,61.68,63.4,65.0,61.6,559305,35590879.0,5.31,-1.03,-0.66,1.65
2026-02-17,SF,119.54,118.11,120.99,116.9,1323741,156401679.0,3.44,-0.75,-0.89,1.28
2026-02-17,SFB,20.7,20.85,20.85,20.55,11288,233734.0,1.45,0.72,0.15,0.0
2026-02-17,SFBC,43.84,43.89,44.15,43.84,2746,120803.0,0.7,-0.93,-0.41,0.11
2026-02-17,SFBS,86.67,86.65,87.605,85.15,176851,15305983.0,2.85,0.59,0.51,0.32
2026-02-17,SFD,25.18,24.94,25.5,24.64,565775,14099683.0,3.42,-0.8,-0.2,0.14
2026-02-17,SFEB,24.5,24.49,24.5,24.4,20585,503330.0,0.41,0.27,0.066,0.0
2026-02-17,SFGV,34.78,34.73,34.78,34.58,12146,421230.0,0.58,-0.07,-0.026,0.0
2026-02-17,SFHG,0.639,0.578,0.639,0.578,71823,42854.0,10.18,-3.51,-0.021,0.35
2026-02-17,SFIX,3.6,3.37,3.64,3.25,1814891,6077715.0,10.68,-7.67,-0.28,1.33
2026-02-17,SFL,10.3,10.4,10.45,10.1,1684498,17373135.0,3.4,0.97,0.1,1.17
2026-02-17,SFLO,30.01,29.83,30.01,29.4,66460,1980374.0,2.03,-0.5,-0.15,0.0
2026-02-17,SFLR,36.41,36.62,36.715,36.28,210049,7673485.0,1.19,0.33,0.12,0.0
2026-02-17,SFM,69.57,67.56,70.97,66.19,2789503,188855189.0,6.93,-2.03,-1.4,2.95
2026-02-17,SFNC,21.43,21.29,21.72,21.15,807000,17202347.0,2.67,-0.33,-0.07,0.56
2026-02-17,SFST,59.423,58.82,59.65,58.82,31489,1860759.0,1.42,0.98,0.57,0.38
2026-02-17,SFTX,28.48,28.54,28.72,28.44,41252,1177693.0,0.98,0.08,0.023,0.0
2026-02-17,SFTY,28.16,28.18,28.285,27.99,51664,1455177.0,1.05,-0.11,-0.03,0.0
2026-02-17,SFWL,0.87,0.86,0.87,0.86,4162,3605.0,1.12,-3.26,-0.029,0.01
2026-02-17,SFY,130.51,131.25,131.65,129.59,23219,3031835.0,1.57,0.23,0.3,0.0
2026-02-17,SFYF,52.73,52.896,52.96,52.67,6181,326745.0,0.55,-0.41,-0.219,0.0
2026-02-17,SFYX,17.01,17.07,17.13,16.88,44570,757568.0,1.47,0.18,0.031,0.0
2026-02-17,SF_B,24.05,24.28,24.28,24.05,9994,242212.0,0.95,0.29,0.07,0.16
2026-02-17,SF_C,24.08,24.15,24.19,24.0,20517,494472.0,0.79,0.63,0.15,0.23
2026-02-17,SF_D,17.5,17.57,17.57,17.38,39973,698923.0,1.09,0.69,0.12,0.33
2026-02-17,SG,5.19,5.28,5.3,4.995,3573373,18628717.0,5.93,2.72,0.14,3.02
2026-02-17,SGA,11.19,11.2,11.4,11.19,8310,93795.0,1.88,0.09,0.01,0.13
2026-02-17,SGC,10.47,10.22,10.47,10.07,51051,522087.0,3.85,-1.73,-0.18,0.32
2026-02-17,SGDJ,98.24,98.18,99.208,95.32,84349,8242358.0,3.81,-3.87,-3.95,0.0
2026-02-17,SGDM,81.09,81.68,82.65,79.42,92078,7475715.0,3.81,-3.66,-3.1,0.0
2026-02-17,SGHC,8.93,9.47,9.56,8.78,3259875,30745421.0,8.71,5.69,0.51,0.64
2026-02-17,SGHT,5.35,5.35,5.48,5.24,142672,767692.0,4.48,-0.19,-0.01,0.27
2026-02-17,SGI,91.46,87.78,92.08,85.62,4536434,400711488.0,6.73,-8.6,-8.26,2.16
2026-02-17,SGLC,38.693,39.38,39.38,38.693,28652,1115309.0,1.77,1.18,0.459,0.0
2026-02-17,SGLY,0.372,0.364,0.372,0.34,74958,26522.0,8.89,1.11,0.004,1.03
2026-02-17,SGML,13.06,12.83,13.18,12.25,1573956,20000320.0,6.97,-3.9,-0.52,1.41
2026-02-17,SGMO,0.398,0.37,0.398,0.37,6249710,2343304.0,7.24,-4.39,-0.017,1.68
2026-02-17,SGMT,5.06,5.15,5.285,4.92,443644,2264091.0,7.21,1.78,0.09,1.36
2026-02-17,SGN,0.25,0.42,0.489,0.24,228374469,91617062.0,99.6,68.0,0.17,1664.99
2026-02-17,SGOL,46.68,46.47,46.79,46.2,5947358,276232000.0,1.23,-3.07,-1.47,0.0
2026-02-17,SGP,28.0,27.69,28.85,27.69,53443,1499994.0,4.11,-1.88,-0.53,0.17
2026-02-17,SGRP,0.789,0.775,0.805,0.758,5931,4632.0,6.18,1.97,0.015,0.02
2026-02-17,SGRT,27.29,27.64,27.925,27.21,23401,646578.0,2.59,0.04,0.01,0.0
2026-02-17,SGRW,19.637,19.734,19.734,19.637,215,4221.0,0.49,0.42,0.082,0.0
2026-02-17,SGRY,15.435,15.6,15.8,15.37,1116739,17423910.0,2.78,0.91,0.14,0.86
2026-02-17,SGU,12.97,12.88,12.975,12.83,16474,212369.0,1.13,0.23,0.03,0.05
2026-02-17,SGVT,100.6,100.6,100.6,100.59,288333,29005812.0,0.01,0.02,0.02,0.0
2026-02-17,SH,36.36,36.22,36.6,36.11,10892235,395668720.0,1.35,-0.14,-0.05,0.0
2026-02-17,SHAG,48.23,48.225,48.235,48.22,7812,376748.0,0.03,0.0,0.0,0.0
2026-02-17,SHAK,89.63,91.45,91.6,87.01,1472491,132707284.0,5.21,3.74,3.3,3.45
2026-02-17,SHBI,19.82,20.09,20.175,19.72,201739,4043525.0,2.3,1.52,0.3,0.6
2026-02-17,SHC,17.12,17.09,17.37,16.98,1237420,21188781.0,2.28,-0.18,-0.03,0.44
2026-02-17,SHDG,32.24,32.375,32.41,32.24,8614,279032.0,0.53,0.12,0.04,0.0
2026-02-17,SHE,134.11,134.046,134.58,133.27,3481,466559.0,0.97,-0.41,-0.554,0.0
2026-02-17,SHEH,56.414,56.414,56.414,56.414,241,13528.0,0.0,-0.24,-0.135,0.0
2026-02-17,SHEL,77.92,77.94,78.21,76.94,4849554,376931424.0,1.61,-1.05,-0.83,0.17
2026-02-17,SHEN,12.96,13.01,13.14,12.94,141530,1842523.0,1.55,0.54,0.07,0.26
2026-02-17,SHFS,0.88,0.875,0.899,0.814,44179,38156.0,9.66,-0.57,-0.005,1.43
2026-02-17,SHFSW,0.033,0.037,0.037,0.033,3051,101.0,10.53,-2.63,-0.001,0.0
2026-02-17,SHG,69.34,69.24,70.33,68.4,175391,12121914.0,2.76,-0.84,-0.59,0.04
2026-02-17,SHIM,3.98,3.74,4.109,3.74,39392,150756.0,9.32,-5.56,-0.22,0.11
2026-02-17,SHIP,12.48,12.66,12.82,12.23,756224,9539987.0,5.13,9.99,1.15,3.58
2026-02-17,SHLD,72.0,72.34,72.87,71.43,1188068,85959126.0,1.99,0.18,0.13,0.0
2026-02-17,SHLS,10.24,10.7,10.91,10.0,4025222,42560656.0,8.89,4.49,0.46,2.4
2026-02-17,SHM,48.37,48.4,48.41,48.37,172450,8347251.0,0.08,0.0,0.0,0.0
2026-02-17,SHMD,7.55,8.07,8.2,7.035,442327,3404792.0,15.43,6.89,0.52,0.8
2026-02-17,SHMDW,2.05,2.32,2.32,1.95,108009,227034.0,17.62,10.48,0.22,0.0
2026-02-17,SHNY,170.52,168.27,171.315,165.31,102662,17359022.0,3.25,-8.95,-16.55,0.0
2026-02-17,SHO,9.29,9.34,9.4,9.195,1750833,16343113.0,2.22,1.3,0.12,0.92
2026-02-17,SHOC,74.515,76.54,77.18,74.515,22394,1699385.0,3.49,0.17,0.13,0.0
2026-02-17,SHOO,39.05,39.43,39.7,38.73,1056252,41498621.0,2.48,0.61,0.24,1.45
2026-02-17,SHOP,112.5,113.54,116.63,110.91,14655621,1659011504.0,5.08,0.75,0.84,1.12
2026-02-17,SHO_H,21.09,21.41,21.41,20.85,6247,133079.0,2.67,1.95,0.41,0.0
2026-02-17,SHO_I,19.4,19.9,20.14,19.4,12832,253768.0,3.8,2.13,0.415,0.0
2026-02-17,SHPD,24.22,24.001,24.41,23.98,4322,104371.0,1.78,-0.82,-0.199,0.0
2026-02-17,SHPH,1.1,1.08,1.117,1.05,54775,59781.0,6.04,-2.7,-0.03,1.68
2026-02-17,SHPP,32.434,32.434,32.434,32.434,134,4336.0,0.0,0.06,0.021,0.0
2026-02-17,SHPU,13.2,13.43,14.09,12.83,151916,2040199.0,9.52,1.44,0.19,0.0
2026-02-17,SHRT,7.08,7.05,7.08,7.05,12038,84979.0,0.43,0.14,0.01,0.0
2026-02-17,SHRY,44.578,44.578,44.578,44.578,97,4325.0,0.0,0.2,0.089,0.0
2026-02-17,SHW,370.2,367.94,372.45,364.72,1335992,491275024.0,2.1,-0.26,-0.95,0.54
2026-02-17,SHY,83.04,83.03,83.05,83.01,3293803,273473776.0,0.05,-0.04,-0.03,0.0
2026-02-17,SHYD,23.09,23.06,23.09,23.05,46601,1075075.0,0.17,0.0,0.0,0.0
2026-02-17,SHYG,42.83,42.82,42.85,42.785,1186428,50790348.0,0.15,-0.05,-0.02,0.0
2026-02-17,SHYL,44.87,44.87,44.91,44.87,30809,1382716.0,0.09,0.0,0.0,0.0
2026-02-17,SHYM,22.44,22.46,22.47,22.44,153505,3447029.0,0.13,0.09,0.02,0.0
2026-02-17,SI,13.02,13.06,13.325,12.71,40045,522801.0,4.71,0.0,0.0,0.19
2026-02-17,SIBN,15.33,15.25,15.63,15.14,844263,12939814.0,3.2,-0.52,-0.08,1.93
2026-02-17,SID,1.68,1.68,1.7,1.64,3632676,6097275.0,3.55,-0.59,-0.01,0.27
2026-02-17,SIDU,2.13,2.13,2.185,1.99,4785264,10002446.0,8.99,-1.84,-0.04,7.19
2026-02-17,SIEB,2.57,2.48,2.57,2.4,20399,50486.0,6.67,-2.75,-0.07,0.05
2026-02-17,SIF,12.0,12.9,13.4,11.19,444019,5546912.0,20.09,17.27,1.9,7.14
2026-02-17,SIFI,44.22,44.22,44.22,44.22,14,619.0,0.0,-0.06,-0.025,0.0
2026-02-17,SIFY,15.0,15.18,15.19,14.29,58140,870541.0,5.98,0.86,0.13,0.08
2026-02-17,SIG,92.2,95.61,95.73,90.97,729231,68720554.0,5.28,6.13,5.52,1.79
2026-02-17,SIGA,6.79,6.78,6.9,6.68,252633,1712914.0,3.24,-0.15,-0.01,0.35
2026-02-17,SIGI,87.14,86.54,87.83,86.28,466852,40489762.0,1.79,0.14,0.12,0.78
2026-02-17,SIGIP,17.2,17.39,17.39,17.2,4263,73900.0,1.1,0.95,0.164,0.05
2026-02-17,SIHY,45.82,45.886,45.9,45.82,8115,372188.0,0.17,0.03,0.016,0.0
2026-02-17,SII,119.86,121.4,123.1,117.9,209550,25413837.0,4.22,-1.45,-1.78,0.81
2026-02-17,SIJ,9.2,8.928,9.2,8.845,11072,99637.0,3.94,-1.02,-0.092,0.0
2026-02-17,SIL,97.38,97.54,98.19,93.96,3524298,340734656.0,4.16,-4.03,-4.1,18.95
2026-02-17,SILA,25.75,26.22,26.26,25.665,272631,7099156.0,2.32,2.26,0.58,0.5
2026-02-17,SILC,19.29,20.24,20.24,19.29,23994,474606.0,4.87,3.74,0.73,0.42
2026-02-17,SILJ,32.31,32.23,32.59,30.99,9098748,289768880.0,4.74,-4.62,-1.56,0.0
2026-02-17,SILO,0.31,0.303,0.31,0.293,81107,24632.0,5.84,4.12,0.012,0.61
2026-02-17,SIM,31.0,31.0,31.0,31.0,625,19791.0,0.0,0.0,0.0,0.0
2026-02-17,SIMA,10.77,10.71,10.77,10.71,3340,35831.0,0.56,0.28,0.03,0.01
2026-02-17,SIMAW,0.36,0.45,0.45,0.36,1502,580.0,27.27,36.36,0.12,0.0
2026-02-17,SIMO,134.01,131.36,134.01,126.8,571844,74427475.0,5.29,-3.61,-4.92,1.68
2026-02-17,SIMS,45.321,45.321,45.321,45.321,266,11993.0,0.0,0.39,0.178,0.0
2026-02-17,SINT,3.05,2.99,3.05,2.943,10755,32141.0,3.53,-1.48,-0.045,0.28
2026-02-17,SIO,26.25,26.22,26.31,26.18,18556,486786.0,0.5,0.02,0.004,0.0
2026-02-17,SION,37.53,38.03,38.51,37.235,117368,4457069.0,3.4,1.36,0.51,0.26
2026-02-17,SIOO,19.51,19.401,19.51,19.24,10795,208699.0,1.4,0.31,0.06,0.0
2026-02-17,SIRI,21.2,21.02,21.41,20.87,4883027,102864827.0,2.54,-1.27,-0.27,1.46
2026-02-17,SITC,6.49,6.57,6.59,6.445,695352,4556073.0,2.24,1.7,0.11,1.33
2026-02-17,SITE,155.47,153.53,156.99,151.83,622273,95687811.0,3.29,-2.24,-3.51,1.4
2026-02-17,SITM,413.08,414.05,420.77,392.95,253812,103737603.0,6.62,-1.47,-6.18,0.97
2026-02-17,SIVR,70.61,69.7,71.05,68.43,5584854,388692240.0,3.58,-4.81,-3.52,0.0
2026-02-17,SIXA,53.88,53.69,53.89,53.63,16940,910193.0,0.48,-0.39,-0.21,0.0
2026-02-17,SIXD,28.85,28.988,28.99,28.82,2653,76666.0,0.59,0.17,0.048,0.0
2026-02-17,SIXF,32.08,32.16,32.16,31.98,6465,207270.0,0.56,0.25,0.08,0.0
2026-02-17,SIXG,67.2,67.563,68.0,66.5,7973,536670.0,2.22,-0.12,-0.081,0.0
2026-02-17,SIXH,43.0,42.506,43.0,42.33,5666,240991.0,1.57,-0.27,-0.114,0.0
2026-02-17,SIXJ,34.285,34.34,34.41,34.205,15900,545621.0,0.6,0.09,0.03,0.0
2026-02-17,SIXL,39.035,39.0,39.055,38.91,11082,431787.0,0.37,-0.36,-0.139,0.0
2026-02-17,SIXO,34.781,34.82,34.89,34.65,35469,1233211.0,0.69,0.09,0.031,0.0
2026-02-17,SIXP,31.65,31.775,31.85,31.56,792,25080.0,0.91,0.15,0.049,0.0
2026-02-17,SIXS,54.45,54.721,54.721,54.45,27106,1482188.0,0.5,0.12,0.065,0.0
2026-02-17,SIXZ,29.67,29.67,29.746,29.56,4640,137600.0,0.63,0.11,0.034,0.0
2026-02-17,SIZE,167.28,167.54,167.665,167.28,2348,393200.0,0.23,-0.21,-0.35,0.0
2026-02-17,SJ,1.14,1.26,1.27,1.13,33414,40367.0,11.76,5.88,0.07,0.08
2026-02-17,SJB,15.25,15.28,15.295,15.25,207757,3175014.0,0.29,0.1,0.015,0.0
2026-02-17,SJCP,25.385,25.385,25.385,25.385,14,355.0,0.0,0.22,0.055,0.0
2026-02-17,SJLD,25.495,25.495,25.495,25.495,16,407.0,0.0,0.26,0.065,0.0
2026-02-17,SJM,110.45,106.22,111.075,105.37,2274791,242005702.0,5.16,-3.9,-4.31,2.13
2026-02-17,SJNK,25.3,25.29,25.31,25.27,1850249,46790160.0,0.16,-0.08,-0.02,0.0
2026-02-17,SJT,5.62,5.55,5.67,5.3,298968,1633781.0,6.5,-2.46,-0.14,0.64
2026-02-17,SKBL,2.92,3.28,3.37,2.91,480447,1559327.0,15.65,11.56,0.34,3.36
2026-02-17,SKE,31.61,31.69,31.8,30.44,1384838,43399090.0,4.11,-4.14,-1.37,1.14
2026-02-17,SKF,28.48,28.034,28.48,27.8,13989,391965.0,2.38,-1.94,-0.556,0.0
2026-02-17,SKIL,5.61,5.4,5.78,5.38,149753,824558.0,7.02,-5.26,-0.3,1.71
2026-02-17,SKIN,1.05,0.999,1.05,0.94,935518,919327.0,10.58,-3.94,-0.041,0.73
2026-02-17,SKK,0.271,0.3,0.33,0.261,23061,6725.0,23.15,0.67,0.002,0.12
2026-02-17,SKLZ,3.75,3.53,3.9,3.48,39777,143811.0,11.08,-6.86,-0.26,0.26
2026-02-17,SKM,33.64,33.43,33.705,32.4,2549871,84986568.0,4.01,2.67,0.87,0.67
2026-02-17,SKOR,49.37,49.388,49.4,49.34,44573,2200205.0,0.12,0.03,0.013,0.0
2026-02-17,SKRE,7.38,7.359,7.46,7.2,92667,674618.0,3.51,-0.67,-0.05,0.0
2026-02-17,SKT,34.17,34.91,35.06,34.02,952071,33171788.0,3.08,3.22,1.09,0.83
2026-02-17,SKWD,45.56,46.07,46.517,45.48,318656,14668764.0,2.29,1.81,0.82,0.72
2026-02-17,SKY,96.09,97.05,98.19,94.02,1001680,96374671.0,4.34,0.95,0.91,1.81
2026-02-17,SKYE,0.711,0.74,0.765,0.7,575969,415465.0,8.98,2.21,0.016,1.73
2026-02-17,SKYH,8.86,8.85,8.915,8.72,159298,1406349.0,2.21,0.23,0.02,0.21
2026-02-17,SKYH_WS,0.58,0.565,0.618,0.56,7957,4669.0,11.37,10.78,0.055,0.0
2026-02-17,SKYQ,0.33,0.32,0.38,0.31,287769,93065.0,21.08,-3.61,-0.012,1.13
2026-02-17,SKYT,28.57,28.77,29.245,28.41,917195,26436982.0,2.86,-1.57,-0.46,1.89
2026-02-17,SKYU,26.97,26.711,26.98,26.711,827,22308.0,0.97,-4.05,-1.127,0.0
2026-02-17,SKYW,104.24,107.43,107.75,104.0,217201,23206251.0,3.6,3.13,3.26,0.54
2026-02-17,SKYX,2.14,2.14,2.24,2.04,766196,1615388.0,9.35,0.0,0.0,0.58
2026-02-17,SKYY,113.31,112.07,114.02,110.58,183817,20569050.0,3.01,-1.92,-2.19,0.0
2026-02-17,SLAB,206.95,205.69,207.27,205.57,1077438,222272905.0,0.82,-0.76,-1.58,3.27
2026-02-17,SLAI,0.75,0.763,0.806,0.74,112056,86083.0,7.95,-8.07,-0.067,0.6
2026-02-17,SLB,50.62,49.84,51.03,48.84,24436137,1218265552.0,4.35,-1.09,-0.55,1.63
2026-02-17,SLDB,6.14,5.5,6.19,5.23,2346797,13100409.0,15.51,-11.15,-0.69,3.01
2026-02-17,SLDE,17.05,17.18,17.35,16.96,459335,7892157.0,2.31,1.84,0.31,0.37
2026-02-17,SLDP,3.57,3.52,3.6,3.42,3837484,13486570.0,4.95,-3.3,-0.12,1.84
2026-02-17,SLDPW,0.39,0.37,0.42,0.35,26017,9827.0,17.5,-7.5,-0.03,0.0
2026-02-17,SLDR,50.379,50.365,50.39,50.365,3105,156436.0,0.05,0.0,0.0,0.0
2026-02-17,SLE,4.28,4.02,4.44,4.01,15247,63413.0,9.93,-7.16,-0.31,1.31
2026-02-17,SLF,68.87,67.83,69.25,67.41,1729894,117521587.0,2.67,-1.62,-1.12,0.31
2026-02-17,SLG,40.72,39.54,41.53,38.69,1464801,57793044.0,7.0,-2.49,-1.01,2.06
2026-02-17,SLGB,1.43,1.38,1.43,1.35,53111,72391.0,5.73,-1.08,-0.015,0.13
2026-02-17,SLGL,65.7,73.8,73.805,62.31,59987,4115154.0,17.11,9.82,6.6,2.15
2026-02-17,SLGN,48.76,48.24,49.09,48.2,1207700,58434753.0,1.83,-0.84,-0.41,1.15
2026-02-17,SLG_I,21.65,22.23,22.24,21.65,10071,220844.0,2.71,2.21,0.48,0.0
2026-02-17,SLI,4.09,4.05,4.115,3.88,2061020,8305289.0,5.7,-1.7,-0.07,0.87
2026-02-17,SLJY,37.2,36.89,37.29,35.5,32158,1164967.0,4.69,-3.38,-1.29,0.0
2026-02-17,SLM,24.16,23.9,24.635,23.85,3398263,81525258.0,3.27,-0.58,-0.14,1.71
2026-02-17,SLMBP,74.95,75.51,75.54,74.51,3646,273568.0,1.37,0.75,0.56,0.0
2026-02-17,SLMT,1.19,1.1,1.2,1.03,737036,814938.0,15.04,-2.65,-0.03,0.9
2026-02-17,SLN,4.42,5.01,5.02,4.375,225107,1062060.0,14.49,12.58,0.56,0.48
2026-02-17,SLND,1.57,1.5,1.615,1.39,178585,261041.0,14.42,-3.85,-0.06,0.33
2026-02-17,SLND_WS,0.043,0.055,0.055,0.037,432775,18651.0,41.86,27.91,0.012,0.0
2026-02-17,SLNG,5.35,5.0,5.501,4.95,94031,497191.0,9.93,-9.91,-0.55,0.51
2026-02-17,SLNH,0.87,0.846,0.875,0.791,2362882,1964994.0,9.52,-4.08,-0.036,2.55
2026-02-17,SLNHP,9.14,9.05,9.14,8.56,3582,32182.0,6.75,5.36,0.46,0.0
2026-02-17,SLNO,36.95,38.5,38.95,36.67,964147,37068922.0,6.12,3.38,1.26,1.84
2026-02-17,SLNZ,45.45,45.675,45.675,45.45,2485,113624.0,0.49,0.03,0.015,0.0
2026-02-17,SLON,5.77,5.78,5.84,5.5,197954,1124686.0,5.91,0.52,0.03,0.0
2026-02-17,SLP,12.25,12.1,12.39,11.76,618015,7457085.0,5.13,-1.55,-0.19,3.07
2026-02-17,SLQD,50.89,50.886,50.895,50.87,221589,11275118.0,0.05,-0.01,-0.004,0.0
2026-02-17,SLQT,0.92,0.836,0.925,0.83,955206,823785.0,10.61,-6.59,-0.059,0.54
2026-02-17,SLRC,15.0,14.96,15.15,14.86,226390,3395094.0,1.93,-0.27,-0.04,0.41
2026-02-17,SLS,3.59,3.66,3.75,3.52,4117784,14936978.0,6.41,1.95,0.07,2.42
2026-02-17,SLSN,1.32,1.37,1.375,1.3,7056,9579.0,5.64,3.01,0.04,0.01
2026-02-17,SLSR,9.56,9.29,9.605,8.96,264929,2444936.0,6.65,-4.23,-0.41,0.16
2026-02-17,SLTY,29.21,29.29,29.63,29.2,20488,602510.0,1.47,-0.07,-0.02,0.0
2026-02-17,SLV,67.27,66.37,67.7,65.14,82561695,5477231104.0,3.67,-4.8,-3.35,0.0
2026-02-17,SLVM,49.81,47.12,50.67,46.66,572841,27278540.0,7.81,-8.27,-4.25,1.45
2026-02-17,SLVO,99.9,94.839,99.9,93.13,203273,19311112.0,6.92,-3.11,-3.044,0.0
2026-02-17,SLVP,39.86,39.6,40.178,38.26,1042316,40916620.0,4.61,-4.9,-2.04,0.0
2026-02-17,SLVR,62.88,62.17,63.46,60.076,665517,40987391.0,5.13,-5.67,-3.74,2.13
2026-02-17,SLX,97.28,97.96,98.28,96.05,68745,6694604.0,2.26,-0.75,-0.74,0.0
2026-02-17,SLXN,1.59,1.58,1.735,1.58,17073,27547.0,9.75,-0.63,-0.01,0.55
2026-02-17,SLYG,101.73,101.84,102.35,100.83,92488,9422461.0,1.49,0.03,0.03,0.0
2026-02-17,SLYV,100.02,99.74,100.685,98.671,135239,13483709.0,2.01,-0.23,-0.23,0.0
2026-02-17,SM,21.5,21.68,21.805,20.545,7077484,151315535.0,5.87,1.03,0.22,2.97
2026-02-17,SMA,33.06,34.28,34.335,32.825,690313,23401550.0,4.6,4.35,1.43,1.25
2026-02-17,SMAP,26.111,26.111,26.111,26.111,9,235.0,0.0,-0.07,-0.018,0.0
2026-02-17,SMAX,27.0,27.0,27.06,26.97,24925,673105.0,0.33,-0.12,-0.032,0.0
2026-02-17,SMAY,26.51,26.45,26.51,26.34,7068,186869.0,0.64,0.02,0.004,0.0
2026-02-17,SMB,17.46,17.455,17.47,17.45,65345,1140780.0,0.11,-0.03,-0.005,0.0
2026-02-17,SMBC,64.66,64.61,65.88,64.6,49042,3187057.0,1.98,0.08,0.05,0.44
2026-02-17,SMBK,41.46,41.58,42.415,40.97,52870,2210434.0,3.48,0.27,0.11,0.31
2026-02-17,SMBS,25.96,25.93,25.977,25.93,559661,14526850.0,0.18,-0.19,-0.05,0.0
2026-02-17,SMC,29.2,29.1,29.42,28.71,43408,1261678.0,2.44,-0.03,-0.01,0.23
2026-02-17,SMCF,35.7,35.672,35.7,35.672,188,6710.0,0.08,0.01,0.002,0.0
2026-02-17,SMCI,30.305,30.11,30.75,29.58,20377352,616185952.0,3.83,-1.41,-0.43,3.39
2026-02-17,SMCL,4.39,4.34,4.509,4.18,3419021,14947367.0,7.36,-2.91,-0.13,0.0
2026-02-17,SMCO,29.3,28.982,29.3,28.78,3557,103237.0,1.79,-0.42,-0.121,0.0
2026-02-17,SMCX,11.04,10.93,11.375,10.52,2502562,27440768.0,7.59,-2.93,-0.33,0.0
2026-02-17,SMCY,7.65,7.62,7.74,7.49,923005,7032954.0,3.25,-0.91,-0.07,0.0
2026-02-17,SMCZ,42.34,42.442,43.62,40.69,43806,1842628.0,7.11,2.92,1.206,0.0
2026-02-17,SMDD,9.92,9.85,10.18,9.81,25068,249598.0,3.73,-0.62,-0.061,0.0
2026-02-17,SMDV,73.92,73.817,74.43,73.4,24210,1792099.0,1.39,-0.17,-0.123,0.0
2026-02-17,SMDX,24.877,24.877,24.877,24.877,9,224.0,0.0,0.25,0.063,0.0
2026-02-17,SMFG,22.43,22.91,23.0,22.36,2715259,61980211.0,2.69,-3.78,-0.9,0.04
2026-02-17,SMG,68.87,69.89,70.75,68.39,1053226,73669552.0,3.45,2.25,1.54,1.81
2026-02-17,SMH,402.705,407.51,410.87,397.77,7312702,2964322720.0,3.21,-0.05,-0.21,0.0
2026-02-17,SMHB,4.29,4.09,4.29,4.0,15448,62800.0,7.11,0.25,0.01,0.0
2026-02-17,SMHI,7.31,7.18,7.34,7.003,44010,315764.0,4.67,-0.55,-0.04,0.16
2026-02-17,SMHX,38.77,39.28,39.53,38.235,72382,2827051.0,3.29,-0.28,-0.11,0.0
2026-02-17,SMID,33.095,32.97,33.64,32.9,3775,125504.0,2.22,-1.02,-0.34,0.07
2026-02-17,SMIG,31.55,31.55,31.66,31.295,331100,10426751.0,1.16,0.16,0.05,0.0
2026-02-17,SMIN,67.74,68.05,68.16,67.62,38274,2597262.0,0.8,0.61,0.41,0.0
2026-02-17,SMIZ,39.39,39.54,39.685,39.12,13254,522468.0,1.43,-0.25,-0.1,0.0
2026-02-17,SMJF,4.68,2.06,5.19,0.82,8330142,18323072.0,81.84,-61.42,-3.28,30.07
2026-02-17,SMLF,78.72,78.88,79.15,77.875,136310,10743273.0,1.62,0.03,0.02,0.0
2026-02-17,SMLL,19.78,19.944,19.944,19.78,20800,412315.0,0.82,-0.21,-0.042,0.0
2026-02-17,SMLV,143.19,143.252,143.655,143.19,2283,327062.0,0.32,0.02,0.024,0.0
2026-02-17,SMMD,80.14,80.45,80.79,79.47,365507,29313074.0,1.64,-0.04,-0.03,0.0
2026-02-17,SMMT,14.85,15.68,15.99,14.85,1921106,30017397.0,7.62,4.81,0.72,0.25
2026-02-17,SMMU,50.83,50.83,50.855,50.794,103825,5277928.0,0.12,0.0,0.0,0.0
2026-02-17,SMMV,45.26,45.25,45.433,45.095,13737,621962.0,0.75,-0.11,-0.05,0.0
2026-02-17,SMN,9.78,9.71,9.89,9.61,28264,273626.0,2.96,2.49,0.236,0.0
2026-02-17,SMOG,140.06,140.97,141.27,140.06,800,112576.0,0.86,-0.23,-0.319,0.0
2026-02-17,SMOM,25.83,25.779,25.899,25.66,4954,127727.0,0.93,-0.14,-0.035,0.0
2026-02-17,SMOT,37.08,37.04,37.24,36.747,44857,1663245.0,1.33,-0.22,-0.08,0.0
2026-02-17,SMOX,27.51,27.553,27.61,27.42,5310,146061.0,0.69,-0.11,-0.03,0.0
2026-02-17,SMP,44.23,44.22,44.875,44.0,106977,4740250.0,1.97,-0.32,-0.14,0.48
2026-02-17,SMPL,16.07,15.51,16.22,15.3,2235095,34664819.0,5.77,-2.76,-0.44,2.41
2026-02-17,SMQ,51.692,51.692,51.692,51.692,43,2226.0,0.0,0.01,0.005,0.0
2026-02-17,SMR,14.12,14.27,14.455,13.34,26562554,370553856.0,7.79,-0.28,-0.04,7.86
2026-02-17,SMRI,36.32,36.131,36.32,35.785,8629,310892.0,1.47,-0.52,-0.189,0.0
2026-02-17,SMRT,1.6,1.61,1.65,1.56,656431,1055760.0,5.56,-0.62,-0.01,0.35
2026-02-17,SMSI,0.49,0.441,0.494,0.41,272753,121175.0,17.14,-10.0,-0.049,1.06
2026-02-17,SMST,73.96,74.11,77.0,70.55,297040,21844429.0,9.36,7.59,5.23,0.0
2026-02-17,SMTC,85.55,87.66,88.77,84.115,717021,62459193.0,5.34,0.63,0.545,0.77
2026-02-17,SMTH,26.19,26.33,26.346,26.19,273838,7210652.0,0.59,-0.02,-0.005,0.0
2026-02-17,SMTI,18.85,19.09,19.42,18.29,74181,1397286.0,5.98,0.95,0.18,0.83
2026-02-17,SMTK,0.26,0.24,0.26,0.221,783539,186980.0,13.93,-14.29,-0.04,10.42
2026-02-17,SMU,8.55,8.64,8.87,7.523,2387782,19618750.0,15.41,-1.14,-0.1,0.0
2026-02-17,SMUP,0.794,0.79,0.8,0.683,2661137,1979973.0,14.77,-0.25,-0.002,0.0
2026-02-17,SMWB,3.95,3.9,4.02,3.7,2419791,9262557.0,8.04,-2.01,-0.08,2.78
2026-02-17,SMX,62.12,49.635,62.98,48.0,223109,11968242.0,136.18,351.23,38.635,10.03
2026-02-17,SMXT,0.76,0.752,0.791,0.711,152158,114873.0,10.85,2.04,0.015,0.28
2026-02-17,SMXWW,0.05,0.065,0.065,0.05,46663,2626.0,27.27,18.18,0.01,0.0
2026-02-17,SMYY,10.57,10.522,10.62,10.4,24839,261563.0,2.07,-1.16,-0.124,0.0
2026-02-17,SMZ,34.18,32.882,36.91,32.07,86948,3044339.0,14.8,0.56,0.182,0.0
2026-02-17,SN,131.86,131.45,133.99,127.04,1384357,180577465.0,5.3,0.3,0.39,0.98
2026-02-17,SNA,381.83,381.69,383.305,378.385,365060,139348527.0,1.28,-0.76,-2.92,0.7
2026-02-17,SNAG,5.67,5.519,5.68,5.36,50000,274366.0,5.53,-4.6,-0.266,0.0
2026-02-17,SNAL,0.58,0.599,0.605,0.576,22178,13183.0,4.91,1.35,0.008,0.06
2026-02-17,SNAP,4.8,4.73,4.87,4.66,57949482,273919312.0,4.35,-2.07,-0.1,3.43
2026-02-17,SNAV,35.79,35.973,35.995,35.79,1084,38921.0,0.57,-0.21,-0.076,0.0
2026-02-17,SNBR,9.35,9.03,9.43,8.76,548011,4963885.0,7.11,-4.14,-0.39,2.4
2026-02-17,SNCY,21.19,21.7,21.8,21.118,671343,14459073.0,3.22,2.41,0.51,1.26
2026-02-17,SND,5.34,5.22,5.34,5.02,422296,2184149.0,5.97,-2.61,-0.14,1.08
2026-02-17,SNDA,34.09,34.9,35.25,34.09,44688,1558853.0,3.4,2.26,0.77,0.24
2026-02-17,SNDK,612.0,590.59,628.65,588.945,19143171,11579384832.0,6.34,-5.74,-35.97,12.97
2026-02-17,SNDL,1.49,1.5,1.53,1.49,583445,879956.0,2.67,0.0,0.0,0.22
2026-02-17,SNDR,28.84,28.8,29.17,28.68,747092,21572367.0,1.71,0.24,0.07,0.43
2026-02-17,SNDX,20.4,20.34,20.605,20.07,621283,12627407.0,2.61,-0.68,-0.14,0.71
2026-02-17,SNES,2.04,2.36,2.46,1.99,227930,526837.0,23.5,18.0,0.36,4.36
2026-02-17,SNEX,127.42,126.49,129.38,126.34,329892,41911024.0,2.39,-0.73,-0.93,0.63
2026-02-17,SNFCA,9.05,9.12,9.33,9.05,12453,114261.0,3.04,-0.87,-0.08,0.05
2026-02-17,SNGX,1.09,1.11,1.15,1.053,151190,165471.0,8.9,1.83,0.02,1.5
2026-02-17,SNN,35.87,35.72,36.04,35.48,471528,16846100.0,1.55,-1.27,-0.46,0.11
2026-02-17,SNOA,2.75,2.83,2.88,2.75,13811,38742.0,4.73,2.91,0.08,0.8
2026-02-17,SNOU,25.5,25.13,26.84,24.25,57340,1441745.0,9.55,-7.3,-1.98,0.0
2026-02-17,SNOV,25.47,25.44,25.49,25.28,13575,344337.0,0.82,-0.08,-0.02,0.0
2026-02-17,SNOW,178.4,177.1,181.47,172.02,5778402,1014870032.0,5.18,-2.85,-5.19,1.69
2026-02-17,SNOY,9.39,9.3,9.465,9.1,55405,512896.0,3.85,-1.9,-0.18,0.0
2026-02-17,SNPD,29.77,29.778,29.778,29.77,335,9974.0,0.03,-0.18,-0.055,0.0
2026-02-17,SNPE,62.62,62.81,63.03,62.185,595053,37313408.0,1.35,0.19,0.12,0.0
2026-02-17,SNPG,51.2,51.402,51.402,50.89,681,34783.0,1.0,0.34,0.173,0.0
2026-02-17,SNPS,425.595,421.95,426.835,412.34,2516937,1057844688.0,3.32,-3.46,-15.14,1.31
2026-02-17,SNPX,26.4,26.29,26.5,25.2,12680,330823.0,4.61,-6.71,-1.89,0.0
2026-02-17,SNSE,9.11,9.13,9.31,8.79,9701,88746.0,5.72,0.44,0.04,0.77
2026-02-17,SNSR,39.38,39.73,39.9,39.13,14715,582680.0,1.93,-0.18,-0.072,0.0
2026-02-17,SNT,3.91,3.83,4.0,3.775,32513,125473.0,5.77,-1.79,-0.07,0.14
2026-02-17,SNTG,1.99,1.925,2.37,1.925,319825,697666.0,22.03,-4.7,-0.095,11.4
2026-02-17,SNTH,27.26,27.585,28.185,27.26,40530,1115308.0,3.35,-0.02,-0.005,0.0
2026-02-17,SNTI,0.845,0.858,0.87,0.837,61243,52081.0,3.97,3.13,0.026,0.23
2026-02-17,SNWV,24.88,23.915,25.25,23.77,46427,1126711.0,5.95,-3.92,-0.975,0.54
2026-02-17,SNX,159.65,159.86,162.47,158.98,460907,73955832.0,2.16,-1.04,-1.68,0.57
2026-02-17,SNXX,38.14,35.73,40.495,35.42,7612231,286222688.0,12.56,-11.54,-4.66,0.0
2026-02-17,SNY,46.27,46.43,46.79,46.0,5373752,249430785.0,1.72,0.91,0.42,0.22
2026-02-17,SNYR,1.62,1.63,1.715,1.62,15874,26666.0,5.83,0.0,0.0,0.14
2026-02-17,SO,94.85,92.0,95.12,91.975,9286751,862477920.0,3.31,-3.11,-2.95,0.83
2026-02-17,SOAR,0.372,0.352,0.375,0.34,741718,265202.0,8.97,-9.74,-0.038,4.75
2026-02-17,SOBO,30.31,29.82,30.31,29.625,615934,18397837.0,2.26,-1.55,-0.47,0.3
2026-02-17,SOBR,0.8,0.77,0.828,0.755,83898,66130.0,9.34,-1.53,-0.012,4.45
2026-02-17,SOC,8.92,8.69,9.14,8.36,3263439,28288798.0,8.77,-2.25,-0.2,2.25
2026-02-17,SOCA,10.15,10.15,10.15,10.15,21,213.0,0.0,0.0,0.0,0.0
2026-02-17,SOCL,49.37,49.365,49.73,48.79,58629,2881954.0,1.9,-0.26,-0.13,0.0
2026-02-17,SOEZ,14.63,14.61,14.7,14.25,14005,203744.0,3.09,0.41,0.06,0.0
2026-02-17,SOFA,20.46,21.03,21.596,20.46,2096,44020.0,5.35,-0.99,-0.21,0.0
2026-02-17,SOFI,19.41,19.51,19.84,19.11,49681795,970775712.0,3.72,-0.51,-0.1,3.9
2026-02-17,SOFR,100.3,100.305,100.4,100.24,46022,4616605.0,0.16,-0.01,-0.015,0.0
2026-02-17,SOFX,14.7,14.8,15.26,14.195,242074,3597699.0,7.12,-1.07,-0.16,0.0
2026-02-17,SOGP,13.92,14.215,14.305,13.92,6296,89029.0,2.7,-0.32,-0.045,0.15
2026-02-17,SOHOB,18.35,18.31,18.35,18.305,4594,84149.0,0.25,-0.16,-0.03,0.0
2026-02-17,SOHON,16.36,16.36,16.36,16.36,1788,29183.0,0.0,0.06,0.01,0.0
2026-02-17,SOHOO,18.795,18.75,18.795,18.74,4456,83600.0,0.29,-0.19,-0.035,0.0
2026-02-17,SOHU,15.97,16.19,16.6,15.97,34982,571878.0,3.91,0.56,0.09,0.13
2026-02-17,SOJC,22.31,22.45,22.45,22.31,28164,629580.0,0.63,0.72,0.16,0.0
2026-02-17,SOJD,20.65,20.75,20.76,20.555,76208,1574542.0,1.0,0.83,0.17,0.0
2026-02-17,SOJE,18.31,18.45,18.48,18.3,42394,778882.0,0.98,0.76,0.14,0.0
2026-02-17,SOJF,25.98,26.03,26.12,25.95,64251,1669939.0,0.66,0.35,0.09,0.0
2026-02-17,SOLC,16.351,16.592,16.592,16.351,341,5593.0,1.46,0.33,0.055,0.0
2026-02-17,SOLM,12.07,12.322,12.35,12.07,5368,65572.0,2.29,0.89,0.109,0.0
2026-02-17,SOLR,34.489,34.466,34.54,34.466,1089,37335.0,0.22,0.15,0.051,0.0
2026-02-17,SOLS,78.06,80.9,83.31,77.6,4671737,379949200.0,7.3,3.43,2.68,2.94
2026-02-17,SOLT,2.62,2.62,2.66,2.48,16527477,42399186.0,6.9,0.38,0.01,0.0
2026-02-17,SOLV,75.02,73.73,75.49,72.508,1738322,128186193.0,3.95,-2.41,-1.82,1.0
2026-02-17,SOLX,10.07,10.094,10.13,9.66,10966,109640.0,4.69,0.82,0.082,0.0
2026-02-17,SOLZ,8.65,8.65,8.735,8.445,2719794,23413277.0,3.36,0.12,0.01,0.0
2026-02-17,SOMN,52.98,52.27,52.98,52.07,43880,2293991.0,1.72,-1.0,-0.53,0.0
2026-02-17,SON,53.5,56.72,57.83,52.885,2954913,167730239.0,9.57,9.77,5.05,3.0
2026-02-17,SONM,6.672,5.45,6.672,5.45,22967,131835.0,21.55,-3.88,-0.22,1.54
2026-02-17,SONO,15.39,15.6,15.78,15.19,2026080,31549911.0,3.8,0.58,0.09,1.68
2026-02-17,SONY,22.71,22.82,22.89,22.585,4929006,112215926.0,1.32,-1.6,-0.37,0.08
2026-02-17,SOPA,0.784,0.947,1.05,0.74,5628882,5276061.0,43.0,31.35,0.226,43.75
2026-02-17,SOPH,4.69,4.75,4.79,4.682,149864,711714.0,2.28,0.21,0.01,0.21
2026-02-17,SOR,48.66,47.87,48.829,47.72,10809,523318.0,2.28,-1.68,-0.82,0.0
2026-02-17,SORA,1.91,1.98,1.98,1.86,8764,16764.0,6.03,-0.5,-0.01,0.04
2026-02-17,SOS,1.35,1.3,1.35,1.25,46366,63987.0,7.69,0.0,0.0,0.51
2026-02-17,SOTK,4.1,4.13,4.2,4.1,9537,39414.0,2.44,0.73,0.03,0.06
2026-02-17,SOUL,10.22,10.23,10.23,10.22,19221,196453.0,0.1,0.05,0.005,0.06
2026-02-17,SOUL_U,10.35,10.38,10.38,10.34,1539,15942.0,0.39,0.29,0.03,0.01
2026-02-17,SOULr,0.209,0.22,0.22,0.199,3858,832.0,10.05,5.26,0.011,0.0
2026-02-17,SOUN,7.33,7.32,7.47,7.04,18728905,136691625.0,5.76,-1.88,-0.14,4.43
2026-02-17,SOUNW,2.87,2.67,2.87,2.65,27530,74920.0,8.22,-0.19,-0.005,0.0
2026-02-17,SOUX,5.24,5.18,5.39,4.811,193546,988426.0,10.78,-3.54,-0.19,0.0
2026-02-17,SOVF,28.63,28.38,28.63,28.16,11810,335999.0,1.65,-0.1,-0.029,0.0
2026-02-17,SOWG,0.469,0.44,0.47,0.43,42128,18685.0,8.99,-1.12,-0.005,0.34
2026-02-17,SOXL,62.02,64.35,65.96,59.56,79420360,5016628224.0,9.91,-0.37,-0.24,0.0
2026-02-17,SOXQ,63.31,64.06,64.63,62.39,2114757,134602652.0,3.5,0.03,0.02,0.0
2026-02-17,SOXS,1.85,1.77,1.91,1.73,823865056,1488965408.0,10.23,0.57,0.01,0.0
2026-02-17,SOXX,349.805,354.1,357.1,345.32,4068938,1431918016.0,3.32,-0.16,-0.56,0.0
2026-02-17,SOXY,67.44,67.56,68.04,66.495,16166,1090012.0,2.27,-0.71,-0.48,0.0
2026-02-17,SOYB,23.315,23.45,23.5,23.315,60485,1416889.0,0.79,0.04,0.01,0.0
2026-02-17,SPAB,26.05,26.05,26.06,26.03,2912350,75848772.0,0.12,0.0,0.0,0.0
2026-02-17,SPAI,3.9,3.98,4.055,3.7,63562,247567.0,9.13,2.31,0.09,0.3
2026-02-17,SPAM,29.701,29.701,29.701,29.701,40,1183.0,0.0,-2.32,-0.706,0.0
2026-02-17,SPAQ,90.935,90.935,90.935,90.935,131,11883.0,0.0,-0.16,-0.145,0.0
2026-02-17,SPB,75.99,77.36,77.9,75.335,518470,39975176.0,3.37,1.6,1.22,2.23
2026-02-17,SPBC,43.57,43.528,43.82,43.14,14263,622208.0,1.56,-0.14,-0.063,0.0
2026-02-17,SPBO,29.64,29.68,29.69,29.63,1168880,34660622.0,0.2,0.17,0.05,0.0
2026-02-17,SPBU,28.06,28.13,28.18,27.888,61659,1732586.0,1.04,0.04,0.01,0.0
2026-02-17,SPBW,27.53,27.537,27.59,27.425,12001,330487.0,0.6,0.1,0.028,0.0
2026-02-17,SPBX,27.468,27.579,27.62,27.45,10207,281281.0,0.62,0.14,0.038,0.0
2026-02-17,SPCB,8.81,8.71,9.14,8.521,34252,301063.0,6.94,-2.41,-0.215,0.73
2026-02-17,SPCE,2.52,2.5,2.54,2.46,1239101,3099919.0,3.13,-2.34,-0.06,1.69
2026-02-17,SPCT,27.39,27.387,27.41,27.387,27561,755178.0,0.08,0.02,0.006,0.0
2026-02-17,SPCX,21.899,21.899,21.9,21.71,1773,38668.0,0.87,-0.02,-0.004,0.0
2026-02-17,SPCZ,25.652,25.652,25.652,25.652,20,512.0,0.0,-0.04,-0.011,0.0
2026-02-17,SPD,38.49,38.76,38.83,38.49,4967,191999.0,0.88,0.27,0.103,0.0
2026-02-17,SPDG,44.37,44.3,44.37,44.29,1131,50148.0,0.18,-0.37,-0.164,0.0
2026-02-17,SPDN,9.53,9.5,9.59,9.463,53681426,511311824.0,1.34,-0.11,-0.01,0.0
2026-02-17,SPDV,38.7,38.45,38.7,38.18,10014,384814.0,1.35,-0.36,-0.14,0.0
2026-02-17,SPDW,48.45,48.71,48.8,48.162,7580478,368136256.0,1.31,-0.23,-0.11,0.0
2026-02-17,SPE,14.95,14.89,14.95,14.81,22997,342255.0,0.93,-1.0,-0.15,0.0
2026-02-17,SPEG,10.13,10.13,10.13,10.13,50254,509073.0,0.0,0.0,0.0,0.33
2026-02-17,SPEGR,0.26,0.26,0.26,0.26,33,9.0,0.0,0.0,0.0,0.0
2026-02-17,SPEGU,10.3,10.3,10.3,10.3,436,4505.0,0.0,0.68,0.07,0.0
2026-02-17,SPEM,50.05,50.28,50.375,49.74,3214165,161090120.0,1.26,0.04,0.02,0.0
2026-02-17,SPEU,55.02,55.53,55.575,54.94,58166,3213438.0,1.15,0.56,0.31,0.0
2026-02-17,SPE_C,25.16,25.16,25.16,25.16,12,302.0,0.0,0.0,0.0,0.0
2026-02-17,SPFF,9.3,9.381,9.41,9.3,44859,419862.0,1.18,0.55,0.051,0.0
2026-02-17,SPFI,42.33,42.35,43.0,42.28,42559,1809043.0,1.7,0.14,0.06,0.26
2026-02-17,SPG,197.1,202.01,202.09,196.81,1761349,353539440.0,2.68,2.63,5.18,0.54
2026-02-17,SPGI,416.0,410.45,422.42,409.03,5131873,2115662688.0,3.27,0.22,0.91,1.72
2026-02-17,SPGM,79.32,79.71,79.93,78.771,376648,30014593.0,1.45,0.05,0.04,0.0
2026-02-17,SPGP,114.71,115.29,115.535,113.919,108682,12501309.0,1.41,0.65,0.74,0.0
2026-02-17,SPG_J,54.9,54.5,54.9,54.274,5978,325650.0,1.14,-0.46,-0.25,0.0
2026-02-17,SPH,20.26,20.28,20.47,20.0,202307,4101157.0,2.32,0.1,0.02,0.3
2026-02-17,SPHB,122.36,122.94,123.55,121.33,237805,29161326.0,1.81,0.24,0.3,0.0
2026-02-17,SPHD,52.79,52.19,53.07,51.84,1144660,59763546.0,2.34,-0.84,-0.44,0.0
2026-02-17,SPHL,4.1,3.8,4.2,3.8,22168,89064.0,9.88,-6.17,-0.25,0.18
2026-02-17,SPHQ,79.3,79.67,79.965,79.045,1989704,158240358.0,1.16,0.35,0.28,0.0
2026-02-17,SPHR,115.9,114.71,118.13,113.47,653645,75248480.0,4.03,-0.86,-0.99,1.84
2026-02-17,SPHY,23.73,23.72,23.74,23.7,4054091,96156209.0,0.17,-0.08,-0.02,0.0
2026-02-17,SPIB,34.03,34.05,34.05,34.01,7103078,241708049.0,0.12,0.03,0.01,0.0
2026-02-17,SPIN,31.85,31.81,31.935,31.6,3176,100975.0,1.05,-0.09,-0.03,0.0
2026-02-17,SPIP,26.28,26.265,26.29,26.25,279892,7351259.0,0.15,-0.13,-0.035,0.0
2026-02-17,SPIR,9.34,9.13,9.435,8.93,439037,4032057.0,5.31,-4.0,-0.38,1.27
2026-02-17,SPIT,28.35,28.336,28.38,28.336,953,26959.0,0.16,1.06,0.298,0.0
2026-02-17,SPKL,11.31,11.38,11.38,11.2,581,6569.0,1.58,0.0,0.0,0.01
2026-02-17,SPLB,23.04,23.06,23.09,23.01,3079282,70957303.0,0.35,0.22,0.05,0.0
2026-02-17,SPLS,49.18,49.258,49.32,48.82,8715,427322.0,1.02,0.13,0.065,0.0
2026-02-17,SPLV,76.11,75.75,76.58,75.55,3153112,239294822.0,1.36,-0.13,-0.1,0.0
2026-02-17,SPMA,25.105,25.09,25.166,25.04,2958,74283.0,0.5,0.0,0.0,0.0
2026-02-17,SPMB,22.73,22.72,22.77,22.7,572460,13007423.0,0.31,-0.13,-0.03,0.0
2026-02-17,SPMC,10.93,10.8,11.0,10.41,42161,449191.0,5.36,-1.91,-0.21,0.21
2026-02-17,SPMD,62.47,62.62,62.81,61.84,2299616,143631338.0,1.55,0.19,0.12,0.0
2026-02-17,SPME,25.33,25.2,25.33,25.2,6931,175131.0,0.52,0.0,0.0,0.0
2026-02-17,SPMO,117.91,118.86,119.32,117.37,1300341,153971018.0,1.65,0.52,0.61,0.0
2026-02-17,SPMV,50.67,50.685,50.685,50.67,723,36622.0,0.03,-0.06,-0.028,0.0
2026-02-17,SPNT,20.48,20.99,21.03,20.48,504001,10517327.0,2.68,2.34,0.48,0.43
2026-02-17,SPNT_B,25.46,25.46,25.47,25.46,41060,1045448.0,0.04,0.0,0.0,0.0
2026-02-17,SPOG,7.2,7.241,7.54,7.026,185731,1354430.0,7.27,2.42,0.171,0.0
2026-02-17,SPOK,13.75,13.73,13.83,13.56,130300,1787794.0,1.97,0.07,0.01,0.63
2026-02-17,SPOT,461.95,462.82,472.9,455.336,3247630,1509388608.0,3.83,0.98,4.48,1.58
2026-02-17,SPPL,3.0,2.89,3.175,2.53,13412,38147.0,21.5,-3.67,-0.11,0.23
2026-02-17,SPPP,16.37,16.42,16.58,16.2,792224,12998840.0,2.28,-1.68,-0.28,0.0
2026-02-17,SPRB,65.42,58.245,65.42,51.59,134748,7669130.0,20.86,-12.14,-8.045,9.82
2026-02-17,SPRC,0.59,0.576,0.596,0.53,94378,53561.0,11.07,-3.36,-0.02,1.85
2026-02-17,SPRE,21.37,21.41,21.41,21.157,114256,2435339.0,1.19,0.66,0.14,0.0
2026-02-17,SPRO,2.39,2.35,2.4,2.3,283174,661757.0,4.18,-1.67,-0.04,0.5
2026-02-17,SPRU,4.42,4.39,4.63,4.232,39024,174904.0,9.0,-0.68,-0.03,0.21
2026-02-17,SPRX,38.54,39.081,39.51,37.82,256350,9930164.0,4.32,-0.11,-0.044,0.0
2026-02-17,SPRY,8.66,9.38,9.52,8.66,886195,8239262.0,9.72,5.99,0.53,0.89
2026-02-17,SPSB,30.28,30.3,30.3,30.28,1905967,57735594.0,0.07,0.03,0.01,0.0
2026-02-17,SPSC,61.39,60.06,61.845,58.72,1643124,99096159.0,5.05,-3.0,-1.86,4.39
2026-02-17,SPSK,18.34,18.355,18.368,18.327,327642,6013241.0,0.22,0.19,0.035,0.0
2026-02-17,SPSM,51.04,50.98,51.36,50.425,1746792,89007385.0,1.83,-0.12,-0.06,0.0
2026-02-17,SPT,7.15,6.99,7.301,6.83,1697846,11836581.0,6.59,-2.24,-0.16,2.85
2026-02-17,SPTB,30.76,30.73,30.76,30.725,39970,1228792.0,0.11,0.0,0.0,0.0
2026-02-17,SPTE,36.71,37.04,37.17,36.295,43998,1618501.0,2.37,0.24,0.09,0.0
2026-02-17,SPTI,29.07,29.05,29.07,29.04,1612308,46839884.0,0.1,-0.03,-0.01,0.0
2026-02-17,SPTL,27.215,27.2,27.255,27.16,5476808,148998182.0,0.35,0.22,0.06,0.0
2026-02-17,SPTM,82.81,83.09,83.35,82.25,1045987,86702641.0,1.33,0.16,0.13,0.0
2026-02-17,SPTS,29.34,29.32,29.34,29.32,1117575,32778972.0,0.07,-0.1,-0.03,0.0
2026-02-17,SPTU,25.05,25.045,25.05,25.045,1196,29958.0,0.02,0.0,0.0,0.0
2026-02-17,SPUC,46.38,46.354,46.6,46.354,5240,243402.0,0.53,-0.23,-0.106,0.0
2026-02-17,SPUS,50.66,50.92,51.135,50.266,557851,28332103.0,1.71,0.16,0.08,0.0
2026-02-17,SPUT,27.07,27.075,27.105,27.07,4353,117902.0,0.13,-0.09,-0.025,0.0
2026-02-17,SPUU,181.58,183.07,184.13,180.22,12305,2246449.0,2.14,0.28,0.52,0.0
2026-02-17,SPVM,72.3,72.24,72.48,71.918,20018,1444839.0,0.78,0.22,0.16,0.0
2026-02-17,SPWH,1.35,1.2,1.35,1.19,751141,959180.0,12.8,-4.0,-0.05,1.95
2026-02-17,SPWO,30.47,30.42,30.51,30.0,103240,3128297.0,1.67,-0.52,-0.16,0.0
2026-02-17,SPWR,1.53,1.56,1.57,1.5,1205451,1861594.0,4.58,1.96,0.03,1.06
2026-02-17,SPWRW,0.26,0.26,0.26,0.26,137,36.0,0.0,0.0,0.0,0.0
2026-02-17,SPXC,237.79,241.6,244.08,235.777,433948,104690432.0,3.47,1.09,2.6,0.87
2026-02-17,SPXD,27.42,27.515,27.515,27.42,1618,44418.0,0.35,-0.02,-0.006,0.0
2026-02-17,SPXE,73.01,73.416,73.495,73.01,1249,91554.0,0.66,0.19,0.142,0.0
2026-02-17,SPXL,214.91,217.46,219.42,210.76,3297165,710571360.0,4.0,0.49,1.05,0.0
2026-02-17,SPXN,74.559,74.297,74.559,74.297,461,34235.0,0.35,0.01,0.005,0.0
2026-02-17,SPXS,36.05,35.63,36.74,35.3,11697203,419872192.0,4.02,-0.47,-0.17,0.0
2026-02-17,SPXT,106.22,106.36,106.55,105.68,7626,809329.0,0.82,0.1,0.108,0.0
2026-02-17,SPXU,50.51,49.9,51.46,49.45,7884610,396931600.0,4.01,-0.48,-0.24,0.0
2026-02-17,SPXV,73.94,74.29,74.61,73.94,2145,159291.0,0.9,0.08,0.061,0.0
2026-02-17,SPXX,17.77,17.74,17.8,17.674,75934,1348755.0,0.71,-0.39,-0.07,0.0
2026-02-17,SPY,680.14,682.85,684.94,675.78,81354660,55414283008.0,1.34,0.16,1.1,0.0
2026-02-17,SPYA,27.661,27.661,27.661,27.661,13,359.0,0.0,0.05,0.013,0.0
2026-02-17,SPYC,41.93,42.06,42.15,41.66,10735,451053.0,1.17,0.28,0.116,0.0
2026-02-17,SPYD,48.2,47.81,48.53,47.41,2080891,99534490.0,2.33,-0.54,-0.26,0.0
2026-02-17,SPYG,102.48,103.35,103.875,101.75,7466870,769544320.0,2.06,0.33,0.34,0.0
2026-02-17,SPYH,55.01,55.11,55.235,54.719,9326,512908.0,0.94,0.05,0.03,0.0
2026-02-17,SPYI,52.085,52.29,52.43,51.78,5506080,287112336.0,1.25,0.19,0.1,0.0
2026-02-17,SPYM,80.03,80.33,80.59,79.52,11550969,925459728.0,1.33,0.16,0.13,0.0
2026-02-17,SPYQ,158.6,160.794,160.794,158.6,310,49504.0,1.37,0.26,0.411,0.0
2026-02-17,SPYT,17.16,17.23,17.27,17.06,157647,2707080.0,1.22,0.29,0.05,0.0
2026-02-17,SPYU,51.92,52.69,53.345,50.57,776259,40327427.0,5.3,0.55,0.29,0.0
2026-02-17,SPYV,59.06,58.98,59.3,58.595,3024435,178223317.0,1.2,-0.02,-0.01,0.0
2026-02-17,SPYX,55.78,56.0,56.17,55.475,83686,4673939.0,1.24,0.21,0.12,0.0
2026-02-17,SQFT,2.82,2.87,3.05,2.82,10112,30034.0,7.67,-4.33,-0.13,0.7
2026-02-17,SQFTP,6.0,7.2,7.2,5.5,15610,94367.0,27.38,15.94,0.99,0.0
2026-02-17,SQFTW,0.019,0.022,0.025,0.019,24507,516.0,27.27,0.0,0.0,0.0
2026-02-17,SQLV,45.59,46.009,46.009,45.563,748,34180.0,0.97,-0.13,-0.061,0.0
2026-02-17,SQM,70.47,72.4,72.7,70.25,1006327,72134971.0,3.46,2.1,1.49,0.35
2026-02-17,SQMX,33.58,33.525,33.58,33.5,1095,36729.0,0.24,0.08,0.027,0.0
2026-02-17,SQNS,3.2,3.06,3.2,2.97,101957,314354.0,7.19,-4.38,-0.14,0.64
2026-02-17,SQQQ,74.04,72.96,75.86,72.01,71549360,5278450176.0,5.29,0.32,0.23,0.0
2026-02-17,SR,92.2,91.4,92.53,91.18,251504,23019673.0,1.47,-0.48,-0.44,0.43
2026-02-17,SRAD,16.49,16.84,17.01,16.47,2035669,34321656.0,3.28,2.25,0.37,0.2
2026-02-17,SRBK,17.24,17.29,17.62,17.16,44187,768431.0,2.68,0.76,0.13,0.53
2026-02-17,SRCE,70.58,71.1,71.815,70.285,108707,7730430.0,2.17,0.89,0.63,0.45
2026-02-17,SRE,95.17,92.94,95.5,92.8,3342090,311938704.0,2.85,-1.94,-1.84,0.51
2026-02-17,SREA,23.03,23.1,23.18,22.87,50537,1161873.0,1.35,0.61,0.14,0.0
2026-02-17,SRET,22.92,22.957,22.99,22.68,48081,1099035.0,1.36,0.65,0.149,0.0
2026-02-17,SRFM,1.98,2.03,2.05,1.93,1559882,3115542.0,6.03,2.01,0.04,2.13
2026-02-17,SRG,3.14,3.19,3.24,3.09,95159,302065.0,4.78,1.59,0.05,0.17
2026-02-17,SRG_A,23.9,23.93,24.0,23.9,6441,154446.0,0.42,-0.25,-0.06,0.0
2026-02-17,SRHQ,40.837,40.837,40.837,40.837,13,530.0,0.0,-0.09,-0.036,0.0
2026-02-17,SRHR,56.299,56.299,56.299,56.299,46,2578.0,0.0,1.14,0.635,0.0
2026-02-17,SRI,8.82,8.68,8.96,8.54,85163,743449.0,4.76,-1.59,-0.14,0.3
2026-02-17,SRJN,25.0,25.29,25.37,25.0,162518,4093435.0,1.49,1.53,0.38,0.0
2026-02-17,SRL,9.29,10.14,10.3,9.14,68747,659530.0,12.49,9.15,0.85,0.45
2026-02-17,SRLN,40.59,40.61,40.64,40.59,2610833,106048222.0,0.12,-0.02,-0.01,0.0
2026-02-17,SROI,34.585,34.635,34.635,34.585,425,14693.0,0.14,-0.04,-0.015,0.0
2026-02-17,SRPT,17.73,17.88,18.0,17.45,1427818,25440190.0,3.09,0.51,0.09,1.36
2026-02-17,SRPU,9.35,9.5,9.58,9.271,4867,46010.0,3.28,0.74,0.07,0.0
2026-02-17,SRRK,45.8,46.45,47.19,45.59,729904,33936841.0,3.48,1.02,0.47,0.67
2026-02-17,SRS,42.27,41.836,42.75,41.79,8207,343912.0,2.25,-1.86,-0.794,0.0
2026-02-17,SRTA,4.59,4.47,4.7,4.4,719443,3238384.0,6.54,-2.61,-0.12,0.83
2026-02-17,SRTAW,0.039,0.039,0.039,0.039,2623,102.0,0.0,-20.41,-0.01,0.0
2026-02-17,SRTS,3.85,3.83,3.98,3.762,112392,434487.0,5.65,-0.78,-0.03,0.68
2026-02-17,SRTY,34.77,34.49,36.05,33.99,1871640,65075880.0,5.97,-0.12,-0.04,0.0
2026-02-17,SRV,43.35,43.12,43.39,42.74,73694,3177458.0,1.48,-1.66,-0.73,0.0
2026-02-17,SRVR,33.31,33.28,33.4,33.01,114432,3805727.0,1.17,-0.03,-0.01,0.0
2026-02-17,SRXH,0.118,0.134,0.143,0.118,28161986,3704148.0,16.78,-10.07,-0.015,9.44
2026-02-17,SRZN,24.95,24.53,24.95,23.55,37067,908887.0,5.72,0.2,0.05,0.43
2026-02-17,SRZNW,0.017,0.017,0.017,0.017,400,7.0,0.0,0.0,0.0,0.0
2026-02-17,SSACU,10.08,10.045,10.08,10.045,100528,1009811.0,0.35,0.1,0.01,0.66
2026-02-17,SSB,104.36,104.11,106.0,103.82,724877,75519890.0,2.09,0.0,0.0,0.74
2026-02-17,SSBI,13.66,13.36,13.78,13.36,26138,355087.0,3.02,-3.82,-0.53,0.39
2026-02-17,SSD,208.8,206.03,208.935,203.31,237379,48876842.0,2.69,-1.43,-2.98,0.58
2026-02-17,SSEA,10.08,10.08,10.08,10.08,2015,20312.0,0.0,0.1,0.01,0.03
2026-02-17,SSEAR,0.2,0.2,0.21,0.18,2500,512.0,15.46,3.09,0.006,0.0
2026-02-17,SSEAU,10.15,10.15,10.15,10.15,2002,20320.0,0.0,-0.68,-0.07,0.03
2026-02-17,SSFI,21.69,21.685,21.69,21.685,738,16005.0,0.02,-0.02,-0.005,0.0
2026-02-17,SSG,28.57,27.32,29.04,26.78,136912,3799066.0,8.14,-1.55,-0.43,0.0
2026-02-17,SSII,4.16,4.01,4.341,4.0,75998,310252.0,7.91,-6.96,-0.3,0.04
2026-02-17,SSK,11.56,11.58,11.658,11.3,108166,1243252.0,3.1,0.35,0.04,0.0
2026-02-17,SSKN,0.291,0.316,0.319,0.26,9931626,3522319.0,17.1,-8.41,-0.029,168.67
2026-02-17,SSL,7.85,7.74,7.9,7.64,2355347,18261235.0,3.27,-2.76,-0.22,0.36
2026-02-17,SSM,7.25,7.4,7.4,6.837,703,5049.0,7.87,3.5,0.25,0.05
2026-02-17,SSNC,72.16,71.45,72.94,71.25,2432804,174450525.0,2.34,-0.89,-0.64,1.01
2026-02-17,SSO,57.1,57.55,57.91,56.385,11188639,640062992.0,2.66,0.31,0.18,0.0
2026-02-17,SSP,3.48,3.43,3.519,3.295,420396,1425140.0,6.44,-1.44,-0.05,0.47
2026-02-17,SSPY,92.31,92.546,92.546,92.23,660,60987.0,0.34,-0.26,-0.241,0.0
2026-02-17,SSRM,26.86,25.91,27.13,25.515,3834775,100183726.0,5.75,-7.83,-2.2,1.89
2026-02-17,SSS,19.249,19.249,19.249,19.249,51,980.0,0.0,0.16,0.03,0.0
2026-02-17,SSSS,9.42,9.34,9.52,9.2,108294,1009563.0,3.38,-1.48,-0.14,0.43
2026-02-17,SSSSL,24.97,24.97,24.97,24.97,164,4099.0,0.0,0.0,0.0,0.0
2026-02-17,SST,3.29,3.19,3.363,3.19,5954,19589.0,5.21,-3.92,-0.13,0.06
2026-02-17,SSTI,7.52,7.43,7.565,7.21,137855,1022795.0,4.68,-1.98,-0.15,1.07
2026-02-17,SSTK,17.07,15.21,17.29,14.36,1046096,16175237.0,16.97,-11.93,-2.06,2.94
2026-02-17,SSUS,48.95,48.96,49.075,48.52,36220,1771042.0,1.13,-0.1,-0.051,0.0
2026-02-17,SSXU,36.45,36.751,36.81,36.45,423,15511.0,0.98,-0.13,-0.049,0.0
2026-02-17,SSYS,10.82,10.67,10.86,10.5,503989,5390094.0,3.28,-2.73,-0.3,0.58
2026-02-17,ST,36.57,36.87,37.1,35.99,2452106,90342439.0,3.01,-0.03,-0.01,1.68
2026-02-17,STAA,16.09,16.2,16.51,15.585,1968329,31687301.0,5.75,0.62,0.1,3.98
2026-02-17,STAG,38.32,38.38,38.54,38.049,1405001,53894668.0,1.29,0.84,0.32,0.74
2026-02-17,STAK,0.349,0.353,0.386,0.33,8314,2907.0,16.97,6.97,0.023,0.04
2026-02-17,STAX,25.75,25.7,25.75,25.7,286,7363.0,0.19,-0.04,-0.01,0.0
2026-02-17,STBA,43.71,43.97,44.28,43.34,238269,10486000.0,2.15,0.66,0.29,0.64
2026-02-17,STBF,25.51,25.51,25.52,25.5,17119,436717.0,0.08,0.12,0.03,0.0
2026-02-17,STBQ,21.24,20.815,21.24,20.815,1432,29978.0,2.0,-2.09,-0.444,0.0
2026-02-17,STC,70.11,69.2,70.75,68.76,165942,11522431.0,2.87,-0.27,-0.19,0.55
2026-02-17,STCE,57.19,56.46,57.53,55.49,116310,6587812.0,3.51,-2.96,-1.72,0.0
2026-02-17,STE,248.35,245.41,252.06,245.36,942004,232296448.0,2.7,-1.18,-2.94,0.96
2026-02-17,STEL,38.55,38.51,38.81,38.31,493193,19035950.0,1.3,0.05,0.02,0.97
2026-02-17,STEM,11.2,11.3,11.476,10.79,100930,1123001.0,6.07,0.0,0.0,1.19
2026-02-17,STEN,25.45,25.599,25.65,25.45,17236,440693.0,0.78,0.07,0.019,0.0
2026-02-17,STEP,56.76,55.54,56.99,55.3,1149503,64238483.0,2.98,-2.15,-1.22,0.96
2026-02-17,STEW,17.95,18.06,18.19,17.95,74348,1344361.0,1.33,0.06,0.01,0.0
2026-02-17,STEX,2.35,2.54,2.64,2.27,3419912,8507209.0,15.35,5.39,0.13,3.74
2026-02-17,STFS,0.103,0.101,0.104,0.095,2202036,221876.0,8.49,-4.72,-0.005,4.61
2026-02-17,STG,5.19,4.405,5.19,4.38,8208,40573.0,16.88,-8.23,-0.395,0.06
2026-02-17,STGW,4.93,4.74,4.96,4.704,932419,4454345.0,5.19,-3.85,-0.19,0.37
2026-02-17,STHH,64.5,65.357,65.36,63.75,446,28851.0,2.44,-0.85,-0.561,0.0
2026-02-17,STHO,8.04,8.29,8.32,8.03,32670,268246.0,3.57,2.09,0.17,0.27
2026-02-17,STI,4.76,4.0,4.85,3.87,128420,528267.0,20.55,-16.14,-0.77,1.72
2026-02-17,STIM,1.43,1.43,1.53,1.37,1925452,2770336.0,11.27,0.7,0.01,2.81
2026-02-17,STIP,102.96,102.9,102.96,102.88,471007,48472823.0,0.08,-0.11,-0.11,0.0
2026-02-17,STK,39.26,39.38,39.5,38.75,60739,2378706.0,1.88,-1.03,-0.41,0.0
2026-02-17,STKE,1.35,1.25,1.35,1.24,137557,176600.0,8.27,-6.02,-0.08,0.43
2026-02-17,STKH,1.36,1.35,1.43,1.208,34904,46386.0,16.32,-0.74,-0.01,2.57
2026-02-17,STKL,6.44,6.41,6.45,6.4,2521012,16186413.0,0.78,-0.47,-0.03,2.13
2026-02-17,STKS,2.22,2.2,2.25,2.11,11903,26292.0,6.28,-1.35,-0.03,0.04
2026-02-17,STLA,7.885,7.83,7.91,7.681,13786489,107492633.0,2.95,1.03,0.08,0.37
2026-02-17,STLD,190.8,191.92,192.55,186.71,1119925,214046787.0,3.05,0.13,0.24,0.77
2026-02-17,STM,32.75,33.2,33.29,32.135,6808997,223386569.0,3.44,-1.22,-0.41,0.77
2026-02-17,STN,86.38,87.05,89.04,86.12,406455,35541706.0,3.36,0.02,0.02,0.36
2026-02-17,STNC,35.78,35.794,35.794,35.78,229,8196.0,0.04,-0.32,-0.114,0.0
2026-02-17,STNE,16.86,16.46,17.1,16.18,4543925,74913707.0,5.46,-2.37,-0.4,1.83
2026-02-17,STNG,71.0,70.02,71.0,69.53,1094987,76847496.0,2.08,-0.69,-0.49,2.12
2026-02-17,STOK,31.84,31.09,32.27,30.5,480757,15034611.0,5.55,-2.57,-0.82,0.82
2026-02-17,STOT,47.43,47.35,47.447,47.349,88509,4194077.0,0.21,-0.22,-0.105,0.0
2026-02-17,STOX,28.24,28.392,28.48,28.24,6875,194969.0,0.84,-0.05,-0.013,0.0
2026-02-17,STPZ,53.97,53.925,53.97,53.92,28860,1556903.0,0.09,-0.14,-0.078,0.0
2026-02-17,STRA,75.73,75.87,77.36,74.53,214912,16230685.0,3.77,0.98,0.74,0.95
2026-02-17,STRC,99.73,99.33,99.77,99.271,1104041,109849444.0,0.5,-0.47,-0.47,0.0
2026-02-17,STRD,76.36,76.01,76.42,75.47,277972,21101242.0,1.24,-0.46,-0.35,0.0
2026-02-17,STRF,99.04,100.29,100.53,98.8,93664,9347087.0,1.73,0.54,0.54,0.0
2026-02-17,STRK,77.51,78.45,78.68,77.01,71085,5545334.0,2.14,0.58,0.45,0.0
2026-02-17,STRL,435.88,421.2,440.81,419.51,472555,202243304.0,4.87,-3.79,-16.57,1.54
2026-02-17,STRN,22.38,22.498,22.521,22.38,1665,37387.0,0.63,-0.19,-0.042,0.0
2026-02-17,STRO,16.39,16.635,16.76,15.59,117013,1897488.0,7.24,2.94,0.475,0.71
2026-02-17,STRR,9.81,10.0,10.07,9.81,2572,25592.0,2.56,-1.43,-0.145,0.07
2026-02-17,STRRP,9.51,9.88,9.88,9.51,757,7324.0,3.89,4.0,0.38,0.0
2026-02-17,STRS,29.35,29.59,30.16,29.35,5888,174940.0,2.76,0.65,0.19,0.07
2026-02-17,STRT,90.0,89.58,91.455,87.89,56687,5084180.0,3.94,-0.92,-0.83,1.36
2026-02-17,STRV,43.85,43.91,44.095,43.525,162414,7092312.0,1.3,0.08,0.034,0.0
2026-02-17,STRW,12.89,12.71,13.11,12.553,24929,322004.0,4.3,-1.78,-0.23,0.19
2026-02-17,STRZ,8.78,9.01,9.25,8.63,71059,640580.0,7.05,2.5,0.22,0.42
2026-02-17,STSM,11.26,10.99,11.35,10.911,29580,330687.0,4.02,0.74,0.081,0.0
2026-02-17,STSS,1.73,1.78,1.8,1.66,248394,438482.0,7.95,1.14,0.02,0.86
2026-02-17,STSSW,0.02,0.023,0.023,0.02,2300,56.0,13.04,0.0,0.0,0.0
2026-02-17,STT,128.0,128.0,130.46,127.342,1558500,199846549.0,2.44,0.02,0.03,0.56
2026-02-17,STTK,3.83,4.0,4.22,3.83,276295,1114155.0,10.1,3.63,0.14,0.44
2026-02-17,STT_G,23.45,23.4,23.51,23.34,79086,1851364.0,0.73,0.21,0.05,0.4
2026-02-17,STUB,9.0,8.92,9.24,8.7,5514447,49231271.0,5.85,-3.36,-0.31,1.59
2026-02-17,STVN,16.12,15.96,16.16,15.68,799914,12751787.0,3.0,-0.31,-0.05,0.29
2026-02-17,STWD,18.14,18.08,18.155,17.82,2711791,48846527.0,1.85,0.06,0.01,0.73
2026-02-17,STX,420.0,415.94,429.23,411.6,2839302,1191763168.0,4.14,-2.36,-10.05,1.3
2026-02-17,STXD,37.88,37.846,37.9,37.7,11103,420653.0,0.53,0.06,0.021,0.0
2026-02-17,STXE,41.93,41.8,42.01,41.475,17607,735597.0,1.27,-0.98,-0.414,0.0
2026-02-17,STXG,49.12,49.38,49.55,48.79,9114,449269.0,1.54,0.26,0.127,0.0
2026-02-17,STXI,33.37,33.506,33.51,33.14,83300,2760813.0,1.1,-0.09,-0.031,0.0
2026-02-17,STXK,35.63,35.54,35.68,35.235,27381,969962.0,1.25,-0.11,-0.04,0.0
2026-02-17,STXM,30.74,30.866,30.92,30.55,37152,1135177.0,1.2,0.12,0.038,0.0
2026-02-17,STXS,1.99,2.08,2.145,1.98,691644,1444651.0,8.29,4.52,0.09,0.73
2026-02-17,STXT,20.23,20.32,20.33,20.23,14362,291825.0,0.49,0.14,0.029,0.0
2026-02-17,STXV,36.64,36.475,36.64,36.385,6471,235972.0,0.7,-0.32,-0.116,0.0
2026-02-17,STZ,150.16,152.7,155.36,149.56,3372222,517022400.0,3.88,2.28,3.4,1.94
2026-02-17,SU,55.6,55.09,56.195,54.29,4572205,251425579.0,3.4,-1.61,-0.9,0.38
2026-02-17,SUB,107.44,107.42,107.44,107.356,359068,38559886.0,0.08,0.02,0.02,0.0
2026-02-17,SUGP,5.86,5.5,5.86,5.5,27543,156001.0,6.06,-7.41,-0.44,1.88
2026-02-17,SUI,132.0,131.47,133.1,130.55,636028,83698293.0,1.95,0.52,0.68,0.52
2026-02-17,SUIG,1.21,1.2,1.25,1.09,831815,961063.0,13.22,-0.83,-0.01,1.08
2026-02-17,SUN,56.33,60.49,60.86,55.07,477543,28518062.0,9.73,1.65,0.98,0.23
2026-02-17,SUNC,53.82,56.47,56.47,53.0,663664,36763128.0,6.3,2.45,1.35,1.29
2026-02-17,SUNE,2.445,2.0,2.73,1.97,13964422,34151573.0,37.07,-2.44,-0.05,409.92
2026-02-17,SUNS,9.46,9.34,9.46,9.26,32965,308168.0,2.13,-0.74,-0.07,0.25
2026-02-17,SUPL,44.406,44.406,44.406,44.406,260,11556.0,0.0,0.46,0.203,0.0
2026-02-17,SUPN,50.87,51.62,51.97,50.46,720980,37161855.0,2.97,1.53,0.78,1.25
2026-02-17,SUPP,76.481,76.481,76.481,76.481,21,1594.0,0.0,-0.31,-0.235,0.0
2026-02-17,SUPV,10.5,10.35,10.525,9.925,557171,5674027.0,5.7,-1.62,-0.17,0.63
2026-02-17,SUPX,15.03,14.06,15.03,13.86,259500,3657643.0,7.78,-6.45,-0.97,0.6
2026-02-17,SURE,132.702,132.702,132.702,132.702,140,18555.0,0.0,-0.13,-0.179,0.0
2026-02-17,SURG,0.89,0.867,0.89,0.858,150543,131449.0,3.6,-2.36,-0.021,0.64
2026-02-17,SURI,16.38,16.532,16.6,16.38,2586,42535.0,1.35,1.47,0.239,0.0
2026-02-17,SUSA,139.2,139.51,139.94,138.19,55149,7687633.0,1.25,-0.09,-0.12,0.0
2026-02-17,SUSB,25.34,25.33,25.34,25.32,119316,3022281.0,0.08,-0.08,-0.02,0.0
2026-02-17,SUSC,23.6,23.63,23.64,23.6,157490,3719752.0,0.17,0.13,0.03,0.0
2026-02-17,SUSL,120.45,120.595,121.025,119.44,15660,1888246.0,1.31,-0.28,-0.342,0.0
2026-02-17,SUUN,1.15,1.05,1.19,1.025,1851658,1991374.0,14.6,-7.08,-0.08,3.98
2026-02-17,SUZ,11.2,10.97,11.2,10.96,1450609,15966390.0,2.15,-1.88,-0.21,0.12
2026-02-17,SVAC,10.75,10.61,10.75,10.57,79226,841137.0,1.67,-1.3,-0.14,0.26
2026-02-17,SVACU,11.2,11.2,11.2,11.2,161,1807.0,0.0,0.0,0.0,0.0
2026-02-17,SVACW,1.345,1.31,1.35,1.3,9153,12191.0,3.57,-6.43,-0.09,0.0
2026-02-17,SVAL,37.88,37.97,38.06,37.57,23804,902804.0,1.29,-0.11,-0.04,0.0
2026-02-17,SVAQ,9.9,9.93,9.93,9.88,262866,2597141.0,0.51,0.3,0.03,0.88
2026-02-17,SVAQU,10.0,10.01,10.04,10.0,250265,2502656.0,0.4,-0.2,-0.02,1.13
2026-02-17,SVAQW,0.288,0.293,0.32,0.25,435625,109278.0,21.88,-8.44,-0.027,0.0
2026-02-17,SVC,2.19,2.21,2.25,2.13,863193,1905175.0,5.43,0.0,0.0,0.51
2026-02-17,SVCC,10.42,10.41,10.44,10.41,2833,29534.0,0.29,0.1,0.01,0.01
2026-02-17,SVCO,3.69,3.53,3.69,3.45,55797,198514.0,6.5,-4.34,-0.16,0.18
2026-02-17,SVIVU,10.1,10.115,10.115,10.09,23444,236668.0,0.25,0.05,0.005,0.12
2026-02-17,SVIX,20.83,21.63,21.76,20.29,5902962,124252535.0,7.0,3.05,0.64,0.0
2026-02-17,SVM,10.5,10.4,10.63,9.9,4714148,48485401.0,6.65,-5.28,-0.58,2.13
2026-02-17,SVOL,16.85,16.95,17.08,16.63,580576,9769240.0,2.66,0.06,0.01,0.0
2026-02-17,SVRA,5.52,5.73,5.78,5.44,1291205,7333950.0,6.07,2.32,0.13,0.63
2026-02-17,SVRE,0.693,0.723,0.756,0.69,25146,17642.0,9.42,3.14,0.022,1.15
2026-02-17,SVREW,0.012,0.012,0.012,0.012,1055,13.0,0.0,0.0,0.0,0.0
2026-02-17,SVRN,0.51,0.45,0.51,0.424,191764,86827.0,16.9,-11.59,-0.059,0.62
2026-02-17,SVV,11.34,10.9,11.365,10.76,1221755,13326063.0,5.36,-3.45,-0.39,0.79
2026-02-17,SVXY,51.87,52.96,53.14,51.24,4219811,220742702.0,3.65,1.69,0.88,0.0
2026-02-17,SW,50.27,50.82,51.32,49.88,9015680,457397632.0,2.79,-1.44,-0.74,1.73
2026-02-17,SWAG,1.75,1.65,1.75,1.65,57036,97066.0,5.71,-5.71,-0.1,0.31
2026-02-17,SWAGW,0.065,0.082,0.082,0.065,732,57.0,22.67,9.33,0.007,0.0
2026-02-17,SWAN,32.47,32.694,32.7,32.47,9338,304413.0,0.71,0.29,0.094,0.0
2026-02-17,SWBI,11.75,11.73,11.82,11.627,406506,4769500.0,1.64,-0.17,-0.02,0.91
2026-02-17,SWIM,6.59,6.61,6.67,6.45,371482,2444612.0,3.33,0.15,0.01,0.32
2026-02-17,SWK,90.74,90.9,91.33,89.67,1318600,119574764.0,1.82,-0.18,-0.16,0.85
2026-02-17,SWKH,17.13,17.19,17.44,16.819,2368,40480.0,3.65,1.12,0.19,0.02
2026-02-17,SWKHL,25.65,25.65,25.65,25.65,724,18569.0,0.0,0.06,0.015,0.0
2026-02-17,SWKS,61.67,62.16,62.82,60.95,2782898,172989580.0,3.01,0.1,0.06,1.85
2026-02-17,SWP,29.0,28.943,29.0,28.76,10094,290982.0,0.83,0.02,0.006,0.0
2026-02-17,SWVL,1.54,1.67,1.7,1.54,72215,115456.0,10.26,7.05,0.11,0.72
2026-02-17,SWVLW,0.008,0.008,0.008,0.007,537,4.0,12.5,0.0,0.0,0.0
2026-02-17,SWX,87.72,88.24,88.74,87.01,983614,86697974.0,1.97,0.3,0.26,1.36
2026-02-17,SWZ,6.13,6.14,6.17,6.13,54064,332504.0,0.65,0.0,0.0,0.0
2026-02-17,SXC,6.89,6.88,7.39,6.54,2431214,17037143.0,10.64,-13.89,-1.11,2.87
2026-02-17,SXI,260.81,258.03,260.81,252.78,152377,39197585.0,3.09,-0.87,-2.26,1.26
2026-02-17,SXQG,31.325,31.34,31.4,31.18,8010,250561.0,0.7,0.26,0.08,0.0
2026-02-17,SXT,90.51,92.39,95.03,90.0,538418,50126035.0,5.41,-0.69,-0.64,1.27
2026-02-17,SXTC,2.57,2.51,2.75,2.42,121469,312088.0,12.64,-3.83,-0.1,12.68
2026-02-17,SXTP,3.5,3.21,3.61,3.21,60551,207298.0,11.4,-8.55,-0.3,3.83
2026-02-17,SXTPW,0.06,0.056,0.06,0.056,6450,366.0,6.35,-11.11,-0.007,0.0
2026-02-17,SY,3.25,3.1,3.36,3.06,605302,1910223.0,9.23,-4.62,-0.15,0.61
2026-02-17,SYBT,70.07,69.59,71.055,69.395,129379,9061465.0,2.38,-0.2,-0.14,0.44
2026-02-17,SYF,70.6,72.31,73.39,70.54,5470946,395200976.0,3.99,1.3,0.93,1.57
2026-02-17,SYFI,35.93,35.95,35.96,35.9,147557,5300253.0,0.17,0.03,0.01,0.0
2026-02-17,SYF_A,19.77,19.78,19.84,19.66,99068,1954639.0,0.92,0.92,0.18,0.33
2026-02-17,SYF_B,25.81,25.87,25.9,25.71,47961,1239251.0,0.74,0.47,0.12,0.24
2026-02-17,SYK,369.65,369.18,374.79,367.935,2313545,856616944.0,1.87,0.86,3.13,0.6
2026-02-17,SYLD,77.59,77.13,78.05,76.4,94208,7258479.0,2.13,-0.54,-0.42,0.0
2026-02-17,SYM,53.97,55.32,56.31,53.06,1624397,89413508.0,5.91,0.67,0.37,0.27
2026-02-17,SYNA,90.03,85.4,91.175,83.81,827648,70861671.0,8.11,-5.96,-5.41,2.14
2026-02-17,SYNX,0.981,0.96,0.99,0.95,17697,17292.0,4.0,-4.0,-0.04,0.27
2026-02-17,SYPR,3.3,3.25,3.34,3.11,119691,384950.0,6.99,-1.22,-0.04,0.52
2026-02-17,SYRE,36.39,35.95,37.22,34.96,681084,24406625.0,6.17,-1.86,-0.68,0.87
2026-02-17,SYSB,90.72,90.695,90.815,90.54,89761,8145313.0,0.3,-0.04,-0.035,0.0
2026-02-17,SYY,91.43,89.7,91.845,88.91,4259538,382069728.0,3.24,-0.95,-0.86,0.89
2026-02-17,SYZ,26.775,27.009,27.08,26.76,6969,188018.0,1.18,-0.1,-0.026,0.0
2026-02-17,SZK,9.655,9.965,10.06,9.655,29835,295258.0,4.17,2.63,0.255,0.0
2026-02-17,SZNE,37.97,37.991,37.991,37.97,485,18433.0,0.06,-0.47,-0.179,0.0
2026-02-17,SZZL,10.24,10.24,10.24,10.24,300,3072.0,0.0,0.1,0.01,0.0
2026-02-17,SZZLR,0.182,0.232,0.232,0.182,938,177.0,20.92,-2.93,-0.007,0.0
2026-02-17,T,28.755,28.68,29.06,28.63,29868901,858854224.0,1.5,-0.03,-0.01,0.43
2026-02-17,TABD,25.49,25.47,25.49,25.46,514,13089.0,0.12,0.39,0.1,0.0
2026-02-17,TAC,13.53,13.43,13.625,13.21,1505935,20259589.0,3.06,-1.1,-0.15,0.51
2026-02-17,TACH,10.3,10.31,10.31,10.3,3342,34424.0,0.1,0.26,0.027,0.01
2026-02-17,TACHW,0.398,0.35,0.398,0.35,865,334.0,13.71,0.0,0.0,0.0
2026-02-17,TACK,31.31,31.22,31.31,31.03,11166,348493.0,0.89,-0.32,-0.1,0.0
2026-02-17,TACN,27.66,27.93,27.94,27.66,3342,92585.0,1.01,0.33,0.091,0.0
2026-02-17,TACO,10.177,10.18,10.18,10.17,96502,981443.0,0.1,-0.1,-0.01,0.26
2026-02-17,TACOU,10.33,10.33,10.33,10.33,209,2159.0,0.0,0.0,0.0,0.0
2026-02-17,TACOW,0.355,0.355,0.355,0.355,2000,710.0,0.0,7.58,0.025,0.0
2026-02-17,TACT,3.65,3.585,3.695,3.5,49817,177467.0,5.38,-1.1,-0.04,0.49
2026-02-17,TACU,24.83,24.925,24.97,24.8,2862,71227.0,0.68,0.22,0.054,0.0
2026-02-17,TAFI,25.43,25.43,25.45,25.43,573563,14589725.0,0.08,-0.02,-0.005,0.0
2026-02-17,TAFL,25.23,25.24,25.26,25.23,1436,36250.0,0.12,0.16,0.04,0.0
2026-02-17,TAFM,25.8,25.78,25.81,25.76,113468,2926463.0,0.19,0.12,0.03,0.0
2026-02-17,TAGG,43.49,43.515,43.54,43.47,61163,2660558.0,0.16,0.08,0.035,0.0
2026-02-17,TAGS,23.0,22.976,23.08,22.976,1675,38537.0,0.45,-0.57,-0.131,0.0
2026-02-17,TAIL,11.69,11.64,11.75,11.631,419791,4901248.0,1.02,-0.47,-0.055,0.0
2026-02-17,TAK,18.24,18.26,18.38,18.195,2981598,54488328.0,1.0,-1.08,-0.2,0.09
2026-02-17,TAL,11.32,10.89,11.48,10.82,5697467,62556813.0,5.87,-3.2,-0.36,0.93
2026-02-17,TALK,3.76,3.83,3.91,3.71,895961,3423096.0,5.31,1.59,0.06,0.54
2026-02-17,TALKW,0.013,0.013,0.013,0.013,63376,804.0,0.0,8.33,0.001,0.0
2026-02-17,TALO,13.24,12.63,13.44,12.51,2272496,28782882.0,7.09,-3.73,-0.49,1.35
2026-02-17,TALV,26.345,26.351,26.351,26.345,201,5295.0,0.02,0.16,0.041,0.0
2026-02-17,TAN,58.56,59.87,60.16,58.04,1050352,62401381.0,3.66,3.37,1.95,0.0
2026-02-17,TANH,0.822,0.9,0.91,0.822,4303,3829.0,9.58,-2.07,-0.019,0.07
2026-02-17,TAOP,1.37,1.34,1.37,1.31,7082,9538.0,4.55,1.52,0.02,0.08
2026-02-17,TAOX,4.14,3.93,4.34,3.83,153592,624538.0,12.94,-0.25,-0.01,2.06
2026-02-17,TAP,53.26,50.9,53.76,50.52,5349024,274014816.0,6.09,-4.36,-2.32,3.05
2026-02-17,TAPR,25.96,25.96,25.96,25.96,58,1505.0,0.0,0.0,0.0,0.0
2026-02-17,TAP_A,52.52,53.01,53.02,52.52,609,32269.0,0.89,-5.2,-2.91,0.02
2026-02-17,TARA,6.48,6.55,6.59,6.25,640469,4163623.0,5.22,0.61,0.04,1.2
2026-02-17,TARK,38.58,39.074,39.93,37.04,38703,1497302.0,7.4,0.05,0.018,0.0
2026-02-17,TARS,61.0,62.78,63.87,60.9,498924,31222796.0,4.89,3.29,2.0,1.17
2026-02-17,TASK,10.03,10.25,10.295,10.0,451912,4605531.0,2.94,2.3,0.23,0.5
2026-02-17,TATT,49.8,51.24,51.39,49.15,85876,4348571.0,4.55,4.17,2.05,0.66
2026-02-17,TAVI,10.51,10.51,10.51,10.51,35,368.0,0.0,0.0,0.0,0.0
2026-02-17,TAVIR,0.209,0.21,0.22,0.203,2617,547.0,7.33,-9.48,-0.022,0.0
2026-02-17,TAX,28.7,28.901,28.99,28.7,530,15330.0,1.0,-0.07,-0.021,0.0
2026-02-17,TAXE,51.885,51.97,52.02,51.885,9837,511143.0,0.26,0.12,0.06,0.0
2026-02-17,TAXF,51.25,51.13,51.25,51.04,30645,1566298.0,0.41,0.12,0.06,0.0
2026-02-17,TAXI,51.95,51.995,51.995,51.95,13545,703926.0,0.09,0.1,0.051,0.0
2026-02-17,TAXM,50.8,50.83,50.83,50.795,1004,51000.0,0.07,0.13,0.067,0.0
2026-02-17,TAXS,50.672,50.67,50.672,50.66,16329,827231.0,0.02,0.02,0.01,0.0
2026-02-17,TAXX,51.0,50.965,51.01,50.93,33579,1711301.0,0.16,-0.01,-0.005,0.0
2026-02-17,TAYD,79.53,84.71,85.25,77.61,111017,9273702.0,9.75,8.12,6.36,3.52
2026-02-17,TBB,22.47,22.6,22.61,22.4,70225,1580188.0,0.94,0.8,0.18,0.0
2026-02-17,TBBB,37.94,38.69,38.84,37.63,577614,22100882.0,3.21,2.76,1.04,0.5
2026-02-17,TBBK,58.54,59.57,59.96,57.9,446648,26481366.0,3.52,1.71,1.0,1.05
2026-02-17,TBCH,11.75,11.76,12.12,11.7,133065,1567996.0,3.56,-0.42,-0.05,0.69
2026-02-17,TBF,23.43,23.445,23.47,23.39,96802,2268635.0,0.34,-0.11,-0.025,0.0
2026-02-17,TBFC,29.0,29.019,29.019,29.0,200,5800.0,0.07,0.17,0.05,0.0
2026-02-17,TBFG,31.17,31.162,31.17,31.162,1019,31761.0,0.03,-0.15,-0.047,0.0
2026-02-17,TBG,36.71,36.55,36.71,36.41,38022,1388166.0,0.82,-0.4,-0.145,0.0
2026-02-17,TBH,0.35,0.285,0.359,0.285,266710,84763.0,21.51,-17.15,-0.059,1.27
2026-02-17,TBHC,1.03,0.99,1.037,0.98,49614,49532.0,5.48,-4.81,-0.05,0.22
2026-02-17,TBI,4.55,4.42,4.56,4.38,233253,1038282.0,3.97,-2.43,-0.11,0.78
2026-02-17,TBIL,49.94,49.95,49.95,49.94,1905302,95161601.0,0.02,0.02,0.01,0.0
2026-02-17,TBJL,20.24,20.28,20.303,20.24,5888,119521.0,0.31,0.02,0.005,0.0
2026-02-17,TBLA,3.35,3.31,3.375,3.28,936308,3104353.0,2.83,-1.49,-0.05,0.34
2026-02-17,TBLAW,0.027,0.033,0.033,0.027,2100,62.0,18.18,0.0,0.0,0.0
2026-02-17,TBLD,22.19,22.23,22.23,22.01,57288,1269238.0,1.0,0.68,0.15,0.0
2026-02-17,TBLL,105.78,105.78,105.79,105.78,2182670,230883501.0,0.01,0.0,0.0,0.0
2026-02-17,TBLU,55.8,55.629,55.8,55.629,3712,206984.0,0.31,-0.31,-0.173,0.0
2026-02-17,TBMC,11.27,9.71,11.27,9.411,35297,355377.0,16.54,-13.61,-1.53,1.44
2026-02-17,TBMCR,0.528,0.55,0.57,0.52,143497,79578.0,9.26,1.85,0.01,0.0
2026-02-17,TBN,28.5,28.85,29.01,27.31,41782,1182278.0,6.05,2.67,0.75,0.18
2026-02-17,TBPH,19.54,18.81,20.4,18.69,733376,14281313.0,8.76,-3.69,-0.72,1.45
2026-02-17,TBRG,19.5,19.69,19.81,19.365,84058,1648198.0,2.28,0.97,0.19,0.56
2026-02-17,TBT,32.78,32.86,32.92,32.665,337326,11068242.0,0.77,-0.48,-0.16,0.0
2026-02-17,TBUX,49.98,49.95,49.98,49.95,191694,9576954.0,0.06,0.0,0.0,0.0
2026-02-17,TBX,27.601,27.61,27.62,27.59,35852,989846.0,0.11,0.02,0.005,0.0
2026-02-17,TBXU,36.71,36.925,36.925,36.71,536,19786.0,0.58,-0.29,-0.109,0.0
2026-02-17,TC,12.54,12.11,12.54,11.9,15015,179475.0,5.33,0.83,0.1,0.76
2026-02-17,TCAF,36.99,37.2,37.276,36.825,1149103,42615127.0,1.22,0.35,0.13,0.0
2026-02-17,TCAI,35.83,35.87,36.32,35.4,53400,1919693.0,2.54,-0.77,-0.28,0.0
2026-02-17,TCAL,23.58,23.56,23.605,23.46,422583,9939925.0,0.62,0.17,0.04,0.0
2026-02-17,TCBI,103.75,104.37,105.62,103.26,601818,62840895.0,2.28,0.92,0.95,1.36
2026-02-17,TCBIO,21.82,22.17,22.34,21.775,45341,1000404.0,2.6,2.12,0.46,0.38
2026-02-17,TCBK,50.42,51.01,51.265,50.37,232358,11834522.0,1.78,1.41,0.71,0.72
2026-02-17,TCBS,16.61,16.85,17.25,16.61,3746,63858.0,3.83,0.9,0.15,0.14
2026-02-17,TCBX,42.48,42.73,42.74,42.1,66929,2850632.0,1.51,0.68,0.29,0.48
2026-02-17,TCHI,23.82,23.933,24.06,23.82,11474,274566.0,1.01,0.37,0.088,0.0
2026-02-17,TCHP,45.98,46.49,46.65,45.79,351624,16293211.0,1.86,0.56,0.26,0.0
2026-02-17,TCI,53.75,53.75,53.75,53.75,1035,56124.0,0.0,0.0,0.0,0.01
2026-02-17,TCMD,26.57,28.05,28.27,26.57,633577,17997713.0,6.43,6.05,1.6,2.82
2026-02-17,TCOM,54.01,56.12,56.448,53.685,3565777,199092578.0,5.08,3.1,1.69,0.55
2026-02-17,TCPA,24.9,24.94,24.95,24.82,79054,1968725.0,0.52,0.2,0.05,0.0
2026-02-17,TCPB,52.06,51.875,52.06,51.83,32385,1681487.0,0.44,0.05,0.025,0.0
2026-02-17,TCPC,4.81,4.74,4.86,4.705,897417,4280648.0,3.23,-1.25,-0.06,1.06
2026-02-17,TCRT,2.56,2.58,2.733,2.56,6031,15805.0,6.73,0.39,0.01,0.27
2026-02-17,TCRX,0.96,0.975,0.988,0.912,290713,276802.0,8.15,4.61,0.043,0.51
2026-02-17,TCV,29.745,29.869,29.97,29.745,3097,92572.0,0.75,-0.78,-0.235,0.0
2026-02-17,TCX,18.64,17.97,18.64,17.95,13611,247372.0,3.68,-4.11,-0.77,0.12
2026-02-17,TD,95.09,95.6,95.865,94.66,3559267,339946064.0,1.26,0.29,0.28,0.21
2026-02-17,TDAQ,24.67,24.78,24.9,24.45,165399,4083741.0,1.8,-0.92,-0.23,0.0
2026-02-17,TDAX,22.16,22.24,22.32,21.81,25448,563097.0,2.31,0.77,0.17,0.0
2026-02-17,TDAY,5.95,5.89,6.03,5.811,1306984,7727427.0,3.67,-1.17,-0.07,0.89
2026-02-17,TDC,33.31,32.6,33.52,31.765,2550469,83003735.0,5.23,-2.86,-0.96,2.77
2026-02-17,TDEC,25.4,25.421,25.47,25.28,52502,1330254.0,0.75,-0.01,-0.003,0.0
2026-02-17,TDF,11.6,11.64,11.7,11.51,86690,1008464.0,1.64,0.34,0.04,0.0
2026-02-17,TDG,1298.83,1302.11,1306.34,1278.81,376798,488315056.0,2.14,1.2,15.44,0.67
2026-02-17,TDI,42.93,43.202,43.39,42.71,34233,1469720.0,1.57,-0.19,-0.084,0.0
2026-02-17,TDIC,0.168,0.175,0.189,0.162,1645992,290575.0,15.98,3.55,0.006,4.45
2026-02-17,TDIV,99.18,98.953,99.51,98.09,104977,10398418.0,1.43,-0.59,-0.587,0.0
2026-02-17,TDOC,4.67,4.56,4.74,4.48,4694123,21467319.0,5.59,-1.94,-0.09,2.63
2026-02-17,TDOG,20.58,20.274,20.701,20.13,4304,88133.0,2.92,3.78,0.739,0.0
2026-02-17,TDS,47.59,46.54,47.795,46.4,1401250,65629320.0,2.93,-2.21,-1.05,1.23
2026-02-17,TDSB,24.68,24.688,24.72,24.66,30823,760832.0,0.24,-0.51,-0.126,0.0
2026-02-17,TDSC,26.54,26.461,26.55,26.35,26102,690713.0,0.75,-0.6,-0.161,0.0
2026-02-17,TDS_U,22.16,22.4,22.47,22.16,44992,1004845.0,1.4,0.86,0.19,0.27
2026-02-17,TDS_V,20.11,20.25,20.3,20.05,95287,1923344.0,1.25,0.85,0.171,0.35
2026-02-17,TDTF,24.21,24.19,24.21,24.18,248290,6007501.0,0.12,-0.14,-0.035,0.0
2026-02-17,TDTH,0.247,0.227,0.255,0.221,235095,54009.0,13.6,-9.2,-0.023,0.2
2026-02-17,TDTT,24.18,24.17,24.19,24.16,154891,3744301.0,0.12,-0.12,-0.03,0.0
2026-02-17,TDUP,4.62,4.61,4.7,4.46,1407963,6440867.0,5.11,-1.91,-0.09,1.11
2026-02-17,TDV,90.01,89.72,90.25,89.1,5348,480805.0,1.27,-0.59,-0.535,0.0
2026-02-17,TDVG,46.65,46.77,46.893,46.525,120186,5618975.0,0.79,0.27,0.125,0.0
2026-02-17,TDVI,28.66,28.3,28.66,27.985,77838,2201585.0,2.38,-0.39,-0.11,0.0
2026-02-17,TDW,70.0,69.9,70.94,68.07,993059,68747428.0,4.1,-0.04,-0.03,2.0
2026-02-17,TDWD,9.92,9.92,9.92,9.92,44,436.0,0.0,0.0,0.0,0.0
2026-02-17,TDWDR,0.2,0.168,0.2,0.168,800,145.0,18.71,-1.75,-0.003,0.0
2026-02-17,TDY,656.22,649.35,663.68,646.06,344738,224240911.0,2.67,-1.66,-10.94,0.74
2026-02-17,TE,6.25,6.44,6.65,6.12,19386199,124376367.0,8.66,5.23,0.32,7.16
2026-02-17,TEAD,0.757,0.721,0.778,0.707,365261,267415.0,9.54,-3.09,-0.023,0.38
2026-02-17,TEAM,85.44,82.15,87.2,80.4,8777063,719400432.0,8.06,-2.64,-2.23,3.33
2026-02-17,TEC,26.854,26.854,26.854,26.854,11,293.0,0.0,0.08,0.022,0.0
2026-02-17,TECB,56.87,56.93,57.06,56.368,21622,1229543.0,1.21,-0.54,-0.31,0.0
2026-02-17,TECH,59.82,58.5,60.11,58.35,2559378,150611457.0,2.94,-2.39,-1.43,1.64
2026-02-17,TECK,55.76,57.88,58.19,55.06,3932812,223847905.0,5.31,-1.75,-1.03,0.81
2026-02-17,TECL,101.26,103.19,105.43,97.8,1154322,117257351.0,7.37,-0.37,-0.38,0.0
2026-02-17,TECS,18.95,18.6,19.57,18.2,5358480,101321244.0,7.39,0.27,0.05,0.0
2026-02-17,TECX,22.05,21.09,22.87,20.93,302076,6476732.0,8.71,-5.34,-1.19,1.61
2026-02-17,TEI,6.95,6.96,6.99,6.95,293375,2042028.0,0.57,-0.43,-0.03,0.0
2026-02-17,TEK,29.91,30.014,30.27,29.56,7187,215638.0,2.36,-0.13,-0.038,0.0
2026-02-17,TEKX,44.55,44.425,44.55,44.075,1259,56017.0,1.05,-1.42,-0.642,0.0
2026-02-17,TEKY,35.796,35.796,35.796,35.796,129,4612.0,0.0,-0.78,-0.283,0.0
2026-02-17,TEL,235.01,235.9,237.18,229.24,2145279,504014272.0,3.36,-0.12,-0.29,0.73
2026-02-17,TELA,0.78,0.766,0.8,0.74,92225,71469.0,7.6,-2.92,-0.023,0.21
2026-02-17,TELO,1.12,1.15,1.17,1.1,95835,108734.0,6.42,5.5,0.06,0.28
2026-02-17,TEM,52.74,52.56,53.5,50.7,3169034,165479296.0,5.39,1.17,0.61,1.78
2026-02-17,TEMD,25.63,25.63,25.63,25.63,6,154.0,0.0,0.06,0.015,0.0
2026-02-17,TEMT,8.41,8.56,8.81,7.93,347055,2897454.0,10.55,2.64,0.22,0.0
2026-02-17,TEMX,32.4,32.304,32.4,32.304,1653,53551.0,0.3,-0.46,-0.15,0.0
2026-02-17,TEN,28.32,28.58,28.75,27.73,204529,5806190.0,3.6,0.92,0.26,0.68
2026-02-17,TENB,22.97,22.1,23.08,21.83,2747084,60758032.0,5.54,-2.0,-0.45,2.32
2026-02-17,TEND,25.48,25.496,25.64,25.38,97346,2480442.0,1.02,0.24,0.061,0.0
2026-02-17,TENM,25.36,25.47,25.48,25.36,6265,158908.0,0.47,-0.02,-0.004,0.0
2026-02-17,TENX,12.65,12.48,12.65,11.8,114694,1407106.0,6.72,-1.34,-0.17,1.23
2026-02-17,TEN_E,27.19,27.166,27.19,27.11,17774,482523.0,0.29,0.1,0.026,0.0
2026-02-17,TEN_F,27.5,27.5,27.64,27.26,15149,416591.0,1.38,0.0,0.0,0.0
2026-02-17,TEO,11.42,11.36,11.69,11.11,146730,1666110.0,5.08,-0.53,-0.06,0.03
2026-02-17,TEQI,47.67,47.58,47.74,47.38,21054,1002406.0,0.76,0.0,0.0,0.0
2026-02-17,TER,306.25,305.53,315.99,300.4,2383250,733789472.0,4.95,-2.9,-9.13,1.52
2026-02-17,TERG,44.62,43.72,46.59,42.29,37545,1673642.0,9.28,-5.63,-2.61,0.0
2026-02-17,TERN,37.91,39.58,40.471,37.4,2939569,116245693.0,8.13,4.74,1.79,2.76
2026-02-17,TESL,15.44,15.21,15.44,14.91,8852,134099.0,3.42,-1.74,-0.27,0.0
2026-02-17,TEST,48.3,48.042,48.3,47.27,679,32507.0,2.12,-1.17,-0.569,0.0
2026-02-17,TETH,9.94,9.96,10.06,9.69,705665,6983120.0,3.62,-2.54,-0.26,0.0
2026-02-17,TEVA,35.25,34.41,35.32,34.015,10037732,346064864.0,3.84,1.27,0.43,0.87
2026-02-17,TEX,69.33,69.51,69.81,66.895,2902697,200095944.0,4.21,0.4,0.28,2.55
2026-02-17,TEXN,30.25,29.951,30.25,29.83,2925,87571.0,1.39,-0.91,-0.274,0.0
2026-02-17,TEXU,34.49,33.232,34.49,32.72,4591,152404.0,5.2,-2.32,-0.79,0.0
2026-02-17,TEXX,27.52,27.229,27.529,27.04,1510,41117.0,1.78,-0.72,-0.197,0.0
2026-02-17,TE_WS,1.0,1.02,1.2,1.0,194424,204400.0,18.52,-5.56,-0.06,0.0
2026-02-17,TFC,52.995,52.2,53.215,52.03,7508749,392729120.0,2.28,0.58,0.3,0.6
2026-02-17,TFC_I,19.72,19.85,19.88,19.72,9066,179505.0,0.81,0.25,0.05,0.05
2026-02-17,TFC_O,22.05,22.15,22.17,21.96,26572,585732.0,0.96,0.82,0.18,0.13
2026-02-17,TFC_R,19.3,19.45,19.45,19.24,73367,1420081.0,1.09,0.93,0.18,0.2
2026-02-17,TFI,46.25,46.26,46.295,46.25,327560,15159055.0,0.1,-0.06,-0.03,0.0
2026-02-17,TFII,119.64,121.06,122.065,119.64,459572,55573214.0,2.02,0.67,0.81,0.56
2026-02-17,TFIN,62.44,62.6,63.125,61.14,188409,11769588.0,3.21,1.36,0.84,0.79
2026-02-17,TFIN_,21.68,22.06,22.12,21.68,3669,80852.0,2.02,1.29,0.28,0.2
2026-02-17,TFJL,20.42,20.39,20.42,20.356,3008,61360.0,0.32,0.43,0.087,0.0
2026-02-17,TFLO,50.56,50.56,50.57,50.56,1520296,76876411.0,0.02,-0.02,-0.01,0.0
2026-02-17,TFLR,51.02,51.0,51.049,51.0,85445,4358905.0,0.1,0.05,0.025,0.0
2026-02-17,TFNS,26.59,26.59,26.59,26.59,91,2418.0,0.0,1.08,0.283,0.0
2026-02-17,TFPM,34.57,35.57,35.82,34.45,715056,25265212.0,3.79,-1.71,-0.62,0.35
2026-02-17,TFPN,28.1,28.493,28.609,28.1,6808,193048.0,1.78,-0.4,-0.115,0.0
2026-02-17,TFSA,24.48,23.86,24.9,23.86,16628,406343.0,4.16,-4.6,-1.15,0.0
2026-02-17,TFSL,14.94,15.33,15.375,14.89,1131685,17242535.0,3.25,2.68,0.4,0.4
2026-02-17,TFX,104.47,105.86,106.23,103.87,647179,68319984.0,2.27,2.03,2.11,1.46
2026-02-17,TG,8.65,8.74,8.8,8.4,143418,1242724.0,4.6,0.58,0.05,0.41
2026-02-17,TGB,8.0,7.97,8.175,7.49,6027585,47202782.0,8.26,-3.86,-0.32,1.67
2026-02-17,TGE,1.33,1.43,1.464,1.26,136467,198120.0,15.45,8.33,0.11,0.28
2026-02-17,TGEN,3.85,3.85,3.87,3.62,270311,1015943.0,6.56,1.05,0.04,0.91
2026-02-17,TGE_WS,0.178,0.25,0.28,0.178,36385,9244.0,57.3,40.45,0.072,0.0
2026-02-17,TGHL,0.31,0.315,0.33,0.307,25069,8088.0,7.28,-0.32,-0.001,0.1
2026-02-17,TGL,4.75,4.625,4.75,4.44,27935,128710.0,6.58,-1.8,-0.085,1.67
2026-02-17,TGLB,25.915,25.915,25.915,25.915,9,232.0,0.0,0.22,0.058,0.0
2026-02-17,TGLR,38.03,38.2,38.25,37.845,34268,1305232.0,1.06,0.13,0.05,0.0
2026-02-17,TGLS,52.93,53.43,53.75,51.64,215537,11458877.0,3.98,0.89,0.47,0.48
2026-02-17,TGNA,20.94,20.88,20.95,20.83,980696,20489758.0,0.57,-0.33,-0.07,0.61
2026-02-17,TGRT,41.03,41.47,41.61,40.86,91060,3774082.0,1.82,0.52,0.215,0.0
2026-02-17,TGRW,42.47,42.892,43.03,42.31,286965,12307612.0,1.69,0.64,0.271,0.0
2026-02-17,TGS,29.4,28.77,29.77,27.74,187154,5341079.0,6.9,-2.24,-0.66,0.12
2026-02-17,TGT,116.9,116.54,118.38,114.19,6258939,726110128.0,3.62,0.67,0.78,1.38
2026-02-17,TGTX,28.43,29.06,29.41,28.375,944140,27393484.0,3.63,1.96,0.56,0.61
2026-02-17,TH,7.18,7.11,7.2,7.06,188569,1344736.0,1.96,-0.56,-0.04,0.19
2026-02-17,THAR,4.48,4.74,4.8,4.36,629174,2883629.0,9.82,5.8,0.26,1.59
2026-02-17,THC,233.04,234.25,235.02,227.34,1244159,290052832.0,3.32,1.36,3.15,1.43
2026-02-17,THCH,1.85,1.75,1.85,1.75,4523,8138.0,5.29,-7.41,-0.14,0.01
2026-02-17,THD,70.94,71.03,71.22,70.475,85359,6051979.0,1.06,1.04,0.73,0.0
2026-02-17,THEQ,28.11,28.214,28.214,28.11,325,9145.0,0.37,0.12,0.033,0.0
2026-02-17,THFF,67.09,67.86,68.23,66.855,54897,3714216.0,2.05,1.34,0.9,0.46
2026-02-17,THG,172.8,174.95,175.54,172.23,217836,38043808.0,1.93,1.83,3.15,0.62
2026-02-17,THH,0.63,0.65,0.652,0.614,230090,145342.0,6.03,3.17,0.02,0.46
2026-02-17,THIR,32.68,32.75,32.86,32.56,191857,6294166.0,0.92,0.24,0.08,0.0
2026-02-17,THLV,32.83,32.76,32.83,32.7,16337,534570.0,0.39,-0.67,-0.22,0.0
2026-02-17,THM,2.39,2.49,2.49,2.195,2998777,6998072.0,11.85,0.0,0.0,1.18
2026-02-17,THMZ,31.17,31.322,31.351,31.17,5285,164810.0,0.58,-0.43,-0.135,0.0
2026-02-17,THNQ,62.94,63.202,63.81,62.06,10186,642964.0,2.77,-0.09,-0.058,0.0
2026-02-17,THNR,26.435,26.541,26.541,26.41,1495,39578.0,0.49,0.0,0.0,0.0
2026-02-17,THO,114.81,114.79,115.35,112.71,286676,32804075.0,2.3,0.0,0.0,0.55
2026-02-17,THQ,18.94,19.15,19.21,18.89,162606,3106868.0,1.68,0.47,0.09,0.0
2026-02-17,THR,51.62,51.08,51.8,50.36,280218,14317139.0,2.79,-1.18,-0.61,0.85
2026-02-17,THRM,32.21,31.55,32.462,31.3,298503,9443683.0,3.61,-2.05,-0.66,0.98
2026-02-17,THRO,37.9,38.08,38.215,37.66,1299115,49378077.0,1.46,0.26,0.1,0.0
2026-02-17,THRV,25.02,25.01,25.025,25.01,863,21600.0,0.06,-0.06,-0.016,0.0
2026-02-17,THRY,3.6,3.59,3.645,3.455,639233,2281882.0,5.25,-0.83,-0.03,1.46
2026-02-17,THTA,15.25,15.26,15.28,15.15,28585,434695.0,0.85,0.33,0.05,0.0
2026-02-17,THW,12.68,12.73,12.76,12.65,163124,2075197.0,0.87,0.63,0.08,0.0
2026-02-17,THY,22.19,22.2,22.22,22.19,7254,161012.0,0.14,-0.05,-0.01,0.0
2026-02-17,THYF,52.43,52.38,52.47,52.363,5268,276109.0,0.2,0.05,0.027,0.0
2026-02-17,THYM,50.948,50.948,50.948,50.948,64,3259.0,0.0,0.09,0.048,0.0
2026-02-17,TIC,9.3,9.34,9.45,9.01,1760161,16357424.0,4.7,-0.21,-0.02,0.8
2026-02-17,TIER,30.51,30.56,30.56,30.51,453,13802.0,0.16,-0.24,-0.074,0.0
2026-02-17,TIGO,65.6,66.2,66.65,65.31,1746179,115406092.0,2.04,0.75,0.49,1.05
2026-02-17,TIGR,8.06,8.06,8.125,7.89,1417508,11376737.0,2.93,0.37,0.03,0.8
2026-02-17,TII,3.88,3.46,3.964,3.37,709582,2492606.0,15.97,-6.99,-0.26,0.77
2026-02-17,TIIV,29.39,29.531,29.56,29.39,1826,53956.0,0.58,-0.02,-0.007,0.0
2026-02-17,TIL,8.06,8.59,8.75,7.79,81081,687644.0,12.02,7.51,0.6,1.2
2026-02-17,TILE,33.3,33.55,33.67,32.77,323525,10797391.0,2.69,0.45,0.15,0.56
2026-02-17,TILL,16.76,16.745,16.781,16.72,478,8009.0,0.36,-0.42,-0.07,0.0
2026-02-17,TILT,253.97,253.936,254.27,252.06,3697,937374.0,0.87,0.08,0.21,0.0
2026-02-17,TIMB,26.01,26.26,26.76,25.952,198957,5216537.0,3.09,0.54,0.14,0.04
2026-02-17,TIME,23.84,23.969,24.09,23.75,4781,114084.0,1.42,-0.1,-0.025,0.0
2026-02-17,TINT,39.67,39.24,39.67,37.33,2201,85808.0,5.92,-0.7,-0.277,0.0
2026-02-17,TINY,65.058,66.043,66.439,64.04,2395,157184.0,3.59,-1.18,-0.786,0.0
2026-02-17,TIP,111.32,111.23,111.325,111.195,1844025,205148300.0,0.12,-0.14,-0.16,0.0
2026-02-17,TIPA,100.36,100.34,100.36,100.34,498,49979.0,0.02,-0.09,-0.09,0.0
2026-02-17,TIPB,100.82,100.767,100.82,100.767,496,50007.0,0.05,-0.07,-0.068,0.0
2026-02-17,TIPD,102.555,102.555,102.555,102.555,1,103.0,0.0,-0.06,-0.064,0.0
2026-02-17,TIPT,17.64,17.91,18.04,17.64,281478,5034989.0,2.26,1.36,0.24,0.74
2026-02-17,TIPX,19.24,19.23,19.257,19.23,146578,2820651.0,0.14,-0.21,-0.04,0.0
2026-02-17,TIPZ,53.64,53.595,53.64,53.58,5750,308222.0,0.11,-0.13,-0.07,0.0
2026-02-17,TIRX,0.076,0.071,0.077,0.059,19233477,1361686.0,19.57,-22.83,-0.021,21.36
2026-02-17,TISI,14.02,14.205,15.16,14.02,4130,59379.0,8.02,-0.04,-0.005,0.09
2026-02-17,TITN,18.8,19.16,19.42,18.62,145661,2787309.0,4.22,1.0,0.19,0.62
2026-02-17,TIVC,0.831,0.823,0.839,0.82,13513,11196.0,2.33,0.98,0.008,0.54
2026-02-17,TJAN,27.31,27.379,27.41,27.31,4027,110243.0,0.37,0.01,0.004,0.0
2026-02-17,TJGC,0.891,0.891,0.91,0.891,6693,5993.0,2.09,-2.2,-0.02,0.04
2026-02-17,TJUL,29.64,29.67,29.71,29.64,7093,210415.0,0.24,-0.03,-0.01,0.0
2026-02-17,TJUN,23.05,23.065,23.065,23.03,800,18435.0,0.15,0.02,0.005,0.0
2026-02-17,TJX,155.36,156.97,156.99,153.41,5507039,856945216.0,2.32,1.63,2.51,0.5
2026-02-17,TK,11.44,11.57,11.6,11.221,563876,6481775.0,3.32,1.31,0.15,0.66
2026-02-17,TKC,7.02,7.15,7.18,7.02,1820649,13000779.0,2.27,1.42,0.1,0.21
2026-02-17,TKLF,2.96,2.87,3.0,2.87,4465,13004.0,4.3,-4.97,-0.15,0.11
2026-02-17,TKNO,2.0,1.99,2.117,1.91,204122,404473.0,10.35,-0.5,-0.01,0.38
2026-02-17,TKNQ,22.58,22.648,22.648,22.58,209,4713.0,0.3,0.63,0.141,0.0
2026-02-17,TKO,208.01,210.14,211.51,206.98,733096,153882179.0,2.19,1.64,3.39,0.38
2026-02-17,TKR,107.35,105.54,107.98,105.18,717821,75943825.0,2.6,-2.13,-2.3,1.03
2026-02-17,TLA,24.88,24.859,24.96,24.77,2903,72241.0,0.76,-0.58,-0.146,0.0
2026-02-17,TLCI,26.494,26.707,26.707,26.494,3943,104694.0,0.8,0.23,0.062,0.0
2026-02-17,TLDR,25.04,25.035,25.04,25.035,8245,206404.0,0.02,0.0,0.0,0.0
2026-02-17,TLF,3.1,3.1,3.11,3.055,37660,116256.0,1.78,0.32,0.01,0.47
2026-02-17,TLH,104.11,104.03,104.22,103.945,973654,101328515.0,0.26,0.13,0.13,0.0
2026-02-17,TLIH,0.333,0.326,0.349,0.325,63079,20882.0,7.21,-2.1,-0.007,0.21
2026-02-17,TLK,20.91,21.13,21.27,20.91,723836,15277135.0,1.72,1.05,0.22,0.07
2026-02-17,TLN,375.73,388.28,388.68,368.443,531711,203865934.0,5.37,3.07,11.58,1.16
2026-02-17,TLNC,10.16,10.16,10.16,10.16,142,1442.0,0.0,0.0,0.0,0.0
2026-02-17,TLNCW,0.453,0.37,0.453,0.301,2810,1215.0,33.55,-18.32,-0.083,0.0
2026-02-17,TLPH,0.795,0.793,0.822,0.78,58824,47194.0,5.18,-2.22,-0.018,0.13
2026-02-17,TLRY,7.46,7.51,7.6,7.255,2415964,17931120.0,4.59,0.0,0.0,2.07
2026-02-17,TLS,4.25,4.06,4.3,3.83,1339022,5481664.0,10.76,-7.09,-0.31,1.84
2026-02-17,TLSA,1.36,1.39,1.43,1.34,62000,85126.0,6.47,0.0,0.0,0.05
2026-02-17,TLSI,4.88,4.77,4.981,4.75,45469,219750.0,4.74,-2.05,-0.1,0.09
2026-02-17,TLSIW,1.55,1.55,1.55,1.55,431,633.0,0.0,3.33,0.05,0.0
2026-02-17,TLT,89.93,89.87,90.12,89.76,32356748,2909588976.0,0.4,0.17,0.15,0.0
2026-02-17,TLTD,100.53,101.19,101.34,100.1,42866,4317321.0,1.22,-0.13,-0.134,0.0
2026-02-17,TLTE,71.96,72.137,72.32,71.235,13271,955853.0,1.5,-0.17,-0.125,0.0
2026-02-17,TLTI,47.2,47.24,47.25,47.16,17339,818933.0,0.19,0.29,0.137,0.0
2026-02-17,TLTP,22.465,22.5,22.523,22.45,29574,665005.0,0.33,0.22,0.05,0.0
2026-02-17,TLTW,23.3,23.29,23.32,23.27,2436880,56759081.0,0.22,0.26,0.06,0.0
2026-02-17,TLTX,24.785,24.844,24.9,24.785,27049,672810.0,0.47,0.56,0.139,0.0
2026-02-17,TLX,6.34,6.42,6.42,6.28,278907,1774346.0,2.14,-1.83,-0.12,0.08
2026-02-17,TLYS,1.36,1.35,1.39,1.33,39616,53603.0,4.32,-2.88,-0.04,0.13
2026-02-17,TM,243.485,245.51,245.52,242.54,264704,64728272.0,1.2,-1.12,-2.78,0.02
2026-02-17,TMAT,23.61,23.815,23.9,23.5,19777,469670.0,1.68,0.06,0.015,0.0
2026-02-17,TMB,25.95,25.89,25.98,25.879,15177,393207.0,0.39,0.1,0.025,0.0
2026-02-17,TMC,5.875,5.83,5.96,5.58,5222938,30237011.0,6.24,-4.27,-0.26,1.26
2026-02-17,TMCI,1.87,1.83,1.9,1.81,474295,875376.0,4.84,-1.61,-0.03,0.74
2026-02-17,TMCWW,1.08,0.98,1.08,0.914,207123,196448.0,16.12,-4.85,-0.05,0.0
2026-02-17,TMDE,0.615,0.55,0.615,0.55,90524,53840.0,11.25,-4.84,-0.028,0.38
2026-02-17,TMDV,52.323,52.323,52.323,52.323,9,471.0,0.0,-0.38,-0.199,0.0
2026-02-17,TMDX,129.28,133.82,137.49,128.0,657055,88005257.0,7.31,3.07,3.98,1.92
2026-02-17,TME,15.8,15.33,15.92,15.185,3951213,60889922.0,4.64,-3.28,-0.52,0.26
2026-02-17,TMED,29.7,29.58,29.71,29.53,7268,215183.0,0.61,0.41,0.122,0.0
2026-02-17,TMET,29.38,29.24,29.38,29.08,2547,74284.0,1.0,-2.66,-0.8,0.0
2026-02-17,TMF,40.77,40.71,41.0,40.54,4915151,200376485.0,1.14,0.72,0.29,0.0
2026-02-17,TMFC,68.43,68.87,69.105,68.105,108656,7464510.0,1.45,0.15,0.1,0.0
2026-02-17,TMFE,28.41,28.49,28.58,28.23,24079,684210.0,1.23,-0.07,-0.02,0.0
2026-02-17,TMFG,29.16,29.31,29.365,29.105,18446,538642.0,0.88,-0.31,-0.09,0.0
2026-02-17,TMFM,22.0,22.14,22.2,21.96,26164,579003.0,1.08,0.01,0.002,0.0
2026-02-17,TMFS,36.06,35.7,36.06,35.46,2664,95432.0,1.66,-1.23,-0.446,0.0
2026-02-17,TMFX,21.28,21.364,21.425,21.09,8909,189700.0,1.57,0.04,0.008,0.0
2026-02-17,TMH,64.23,64.442,64.442,64.15,406,26073.0,0.45,-0.73,-0.477,0.0
2026-02-17,TMHC,68.78,68.09,69.121,66.81,1054619,71695416.0,3.36,-1.12,-0.77,1.09
2026-02-17,TMLP,28.119,28.239,28.269,28.0,3517,99101.0,0.95,0.06,0.017,0.0
2026-02-17,TMNL,50.732,50.732,50.732,50.732,3,152.0,0.0,0.13,0.064,0.0
2026-02-17,TMNS,50.67,50.669,50.67,50.669,1040,52696.0,0.0,0.03,0.014,0.0
2026-02-17,TMO,502.585,501.59,507.15,498.16,3775371,1897988848.0,1.78,-0.64,-3.23,1.02
2026-02-17,TMP,82.91,83.81,84.22,82.91,49014,4099713.0,1.58,1.27,1.05,0.34
2026-02-17,TMQ,3.9,3.69,4.03,3.555,7219040,26698727.0,11.26,-12.56,-0.53,4.18
2026-02-17,TMSF,50.51,50.535,50.55,50.51,5467,276251.0,0.08,-0.01,-0.003,0.0
2026-02-17,TMSL,39.07,39.11,39.169,38.54,265445,10335754.0,1.61,0.15,0.06,0.0
2026-02-17,TMTSU,10.05,10.05,10.05,10.02,92997,933969.0,0.3,0.2,0.02,0.46
2026-02-17,TMUS,220.8,219.61,224.29,219.2,6489572,1432903968.0,2.32,0.05,0.11,0.59
2026-02-17,TMUSI,22.78,22.9,22.9,22.72,18156,413882.0,0.79,0.84,0.19,0.0
2026-02-17,TMUSL,25.089,25.04,25.12,25.0,52527,1315476.0,0.48,0.04,0.01,0.0
2026-02-17,TMUSZ,22.92,23.038,23.04,22.61,15832,362787.0,1.88,0.71,0.163,0.0
2026-02-17,TMV,33.89,33.94,34.045,33.646,606752,20536743.0,1.17,-0.56,-0.19,0.0
2026-02-17,TMVE,16.52,16.517,16.54,16.42,3872,63898.0,0.73,0.06,0.01,0.0
2026-02-17,TNA,53.62,54.06,54.845,51.6,10787097,577626848.0,6.01,0.17,0.09,0.0
2026-02-17,TNC,83.5,83.01,83.85,82.56,123231,10245707.0,1.55,-0.04,-0.03,0.69
2026-02-17,TNDM,19.0,18.84,19.555,18.68,1235003,23363561.0,4.62,-0.58,-0.11,1.81
2026-02-17,TNET,40.43,41.76,41.85,39.82,1464311,60285166.0,5.1,4.87,1.94,3.1
2026-02-17,TNGX,12.8,12.8,13.015,12.51,1709013,21847631.0,3.91,-0.78,-0.1,1.26
2026-02-17,TNGY,9.92,9.88,9.94,9.82,63165,623606.0,1.2,-0.8,-0.08,0.0
2026-02-17,TNK,70.55,71.61,71.84,69.53,346874,24664846.0,3.27,1.5,1.06,1.0
2026-02-17,TNL,71.29,72.86,72.97,71.29,767209,55663895.0,2.37,2.85,2.02,1.23
2026-02-17,TNMG,3.0,2.965,3.0,2.774,5818,16597.0,7.46,-2.15,-0.065,0.23
2026-02-17,TNON,0.75,0.8,0.819,0.709,375802,288081.0,14.88,8.25,0.061,3.38
2026-02-17,TNONW,0.01,0.01,0.01,0.009,1300,13.0,10.0,0.0,0.0,0.0
2026-02-17,TNUK,27.095,27.397,27.47,27.095,3886,106046.0,1.38,0.68,0.184,0.0
2026-02-17,TNXP,15.02,15.24,15.425,14.613,238946,3610529.0,5.36,0.66,0.1,1.87
2026-02-17,TNXT,23.55,23.763,23.763,23.54,2348,55333.0,0.94,0.42,0.1,0.0
2026-02-17,TNYA,0.67,0.631,0.677,0.601,4267212,2689239.0,11.52,-4.39,-0.029,1.97
2026-02-17,TOAK,28.47,28.475,28.475,28.47,2734,77837.0,0.02,0.0,0.0,0.0
2026-02-17,TOCT,26.575,26.588,26.639,26.54,10737,285367.0,0.37,0.03,0.008,0.0
2026-02-17,TOGA,28.945,29.214,29.23,28.47,31014,896450.0,2.64,1.44,0.414,0.0
2026-02-17,TOI,2.46,2.66,2.73,2.41,2421736,6365741.0,12.75,5.98,0.15,2.45
2026-02-17,TOIIW,0.1,0.109,0.113,0.1,4223,440.0,13.0,9.0,0.009,0.0
2026-02-17,TOK,139.705,140.1,140.1,139.705,500,69783.0,0.28,0.28,0.397,0.0
2026-02-17,TOKE,5.65,5.69,5.753,5.65,12803,72945.0,1.8,-0.52,-0.03,0.0
2026-02-17,TOL,165.47,163.83,167.07,160.514,2139963,349262400.0,3.95,-1.38,-2.29,2.26
2026-02-17,TOLL,35.8,35.883,35.98,35.64,13161,471784.0,0.95,0.06,0.023,0.0
2026-02-17,TOLZ,61.24,60.98,61.24,60.758,26995,1645448.0,0.79,-0.28,-0.17,0.0
2026-02-17,TOMZ,0.722,0.703,0.722,0.701,8095,5731.0,3.0,0.29,0.002,0.04
2026-02-17,TONX,2.06,1.93,2.085,1.91,305130,595962.0,8.33,-8.1,-0.17,0.52
2026-02-17,TOON,0.67,0.678,0.697,0.656,320661,217443.0,6.18,2.26,0.015,0.59
2026-02-17,TOP,1.08,1.03,1.08,1.025,33151,34644.0,5.34,0.0,0.0,0.09
2026-02-17,TOPC,31.47,31.5,31.5,31.31,9934,311806.0,0.6,0.07,0.022,0.0
2026-02-17,TOPP,0.76,0.771,0.78,0.7,20882,15365.0,10.26,-1.15,-0.009,0.11
2026-02-17,TOPS,4.96,4.65,4.983,4.65,5865,28303.0,6.74,-5.87,-0.29,0.13
2026-02-17,TOPT,29.71,29.96,30.095,29.59,850949,25358397.0,1.69,0.5,0.15,0.0
2026-02-17,TORO,3.51,3.52,3.58,3.37,55649,194540.0,5.92,-0.85,-0.03,0.26
2026-02-17,TOS,25.488,25.488,25.488,25.488,132,3330.0,0.0,0.62,0.157,0.0
2026-02-17,TOST,27.475,27.66,28.62,27.245,15925669,442949840.0,5.03,1.21,0.33,2.7
2026-02-17,TOT,21.33,21.425,21.425,21.33,268,5735.0,0.44,0.14,0.029,0.0
2026-02-17,TOTL,40.58,40.58,40.605,40.57,375913,15256151.0,0.09,0.0,0.0,0.0
2026-02-17,TOTR,41.25,41.15,41.25,41.124,7108,292587.0,0.31,0.02,0.01,0.0
2026-02-17,TOUR,0.628,0.58,0.64,0.58,164427,99498.0,9.69,-6.3,-0.039,0.14
2026-02-17,TOUS,37.28,37.51,37.6,37.139,262594,9837114.0,1.23,-0.16,-0.06,0.0
2026-02-17,TOV,28.57,28.641,28.641,28.42,2089,59580.0,0.77,0.15,0.043,0.0
2026-02-17,TOVX,0.189,0.181,0.191,0.175,992310,178659.0,8.79,-0.55,-0.001,2.78
2026-02-17,TOWN,36.37,36.5,36.65,35.96,356847,13003370.0,1.91,0.8,0.29,0.45
2026-02-17,TOXR,14.2,14.49,14.51,13.95,4420,62746.0,4.07,5.31,0.73,0.0
2026-02-17,TOYO,7.99,7.97,8.16,7.66,83997,659726.0,6.47,3.1,0.24,0.22
2026-02-17,TPB,131.47,132.62,133.26,129.47,216498,28560107.0,2.88,0.65,0.85,1.13
2026-02-17,TPC,81.82,82.24,83.88,80.2,295699,24451038.0,4.45,-0.6,-0.5,0.56
2026-02-17,TPCS,4.62,4.45,4.62,4.45,29425,129255.0,3.74,-1.98,-0.09,0.29
2026-02-17,TPET,0.4,0.381,0.417,0.37,731270,289450.0,11.58,-6.16,-0.025,5.72
2026-02-17,TPG,49.16,46.9,50.08,46.83,4716935,224179609.0,6.56,-5.31,-2.63,1.23
2026-02-17,TPGXL,25.21,25.16,25.24,25.11,22012,554457.0,0.52,0.24,0.06,0.0
2026-02-17,TPH,46.32,46.3,46.37,46.23,9414668,435787280.0,0.3,-0.15,-0.07,11.14
2026-02-17,TPHD,42.88,42.51,42.88,42.31,24038,1022042.0,1.33,-0.52,-0.221,0.0
2026-02-17,TPIF,37.66,37.84,37.87,37.435,22960,866126.0,1.15,-0.29,-0.11,0.0
2026-02-17,TPL,433.08,426.42,438.05,415.9,839241,357826928.0,5.12,-1.36,-5.89,1.22
2026-02-17,TPLC,48.53,48.33,48.655,48.1,9271,448644.0,1.14,-0.39,-0.187,0.0
2026-02-17,TPLS,25.93,25.85,25.93,25.85,2206,57158.0,0.31,0.02,0.005,0.0
2026-02-17,TPOR,36.2,37.04,37.476,36.2,30224,1119707.0,3.54,2.89,1.04,0.0
2026-02-17,TPR,154.0,153.85,156.8,151.89,2065784,317077440.0,3.19,0.03,0.05,1.02
2026-02-17,TPSC,45.12,45.091,45.28,44.75,10704,482703.0,1.17,-0.42,-0.189,0.0
2026-02-17,TPST,2.36,2.36,2.389,2.29,18587,43528.0,4.19,0.0,0.0,0.14
2026-02-17,TPTA,22.18,19.4,22.53,19.0,65745,1354991.0,15.16,-16.7,-3.89,0.0
2026-02-17,TPVG,5.65,5.62,5.74,5.56,248204,1394792.0,3.19,-0.53,-0.03,0.61
2026-02-17,TPYP,40.66,40.36,40.66,40.07,56482,2278237.0,1.45,-0.73,-0.295,0.0
2026-02-17,TPZ,22.4,22.39,22.55,22.32,21903,490989.0,1.02,-0.22,-0.05,0.0
2026-02-17,TQQQ,47.64,48.35,48.98,46.42,117089669,5593058816.0,5.28,-0.25,-0.12,0.0
2026-02-17,TQQY,14.24,14.323,14.38,14.09,14376,204527.0,2.02,-0.13,-0.019,0.0
2026-02-17,TR,42.08,42.0,42.74,41.64,204336,8619706.0,2.62,0.0,0.0,0.28
2026-02-17,TRAK,10.29,10.09,10.455,10.04,89330,908712.0,4.03,-1.94,-0.2,0.49
2026-02-17,TRAW,1.92,1.96,2.03,1.92,43399,84751.0,5.73,2.08,0.04,0.54
2026-02-17,TRBF,50.59,50.54,50.59,50.52,1242,62914.0,0.14,0.06,0.03,0.0
2026-02-17,TRC,16.91,17.07,17.195,16.8,104256,1776233.0,2.34,1.31,0.22,0.39
2026-02-17,TRDA,10.93,11.02,11.36,10.74,146256,1618411.0,5.7,1.29,0.14,0.38
2026-02-17,TREE,39.8,38.6,39.82,38.0,406135,15795313.0,4.58,-2.89,-1.15,2.95
2026-02-17,TREX,42.94,42.35,43.15,41.54,1861771,78597066.0,3.76,-1.05,-0.45,1.76
2026-02-17,TRFK,64.4,64.74,65.05,63.46,89052,5732599.0,2.44,-0.57,-0.37,0.0
2026-02-17,TRFM,49.06,49.049,49.305,48.41,39386,1929034.0,1.82,-0.49,-0.241,0.0
2026-02-17,TRGP,224.11,224.29,226.0,220.6,1552358,347682256.0,2.41,0.18,0.4,0.72
2026-02-17,TRI,85.15,83.2,85.88,81.91,2511753,208983112.0,4.57,-4.25,-3.69,0.56
2026-02-17,TRIB,0.811,0.765,0.811,0.765,67153,52105.0,5.97,-0.65,-0.005,0.36
2026-02-17,TRIN,15.42,15.39,15.475,15.21,1234206,18984137.0,1.72,-0.13,-0.02,1.51
2026-02-17,TRINI,25.46,25.48,25.48,25.43,11359,289224.0,0.2,0.2,0.05,0.0
2026-02-17,TRINZ,25.44,25.35,25.46,25.35,7224,183327.0,0.43,0.16,0.04,0.0
2026-02-17,TRIO,61.609,61.8,61.81,61.54,5663,348721.0,0.44,0.19,0.117,0.0
2026-02-17,TRIP,9.8,10.54,10.78,9.71,9616982,100169391.0,11.13,9.68,0.93,8.38
2026-02-17,TRMB,65.56,65.63,66.42,64.5,2879681,189358671.0,2.89,-1.16,-0.77,1.22
2026-02-17,TRMD,25.76,25.82,25.88,25.3,538760,13824537.0,2.24,-0.27,-0.07,0.53
2026-02-17,TRMK,44.83,44.82,45.43,44.455,425282,19086977.0,2.18,0.2,0.09,0.72
2026-02-17,TRN,34.96,34.74,35.32,34.465,898081,31204996.0,2.44,-0.97,-0.34,1.12
2026-02-17,TRND,34.44,34.727,34.77,34.44,2063,71565.0,0.95,-0.01,-0.003,0.0
2026-02-17,TRNO,66.5,66.19,66.74,65.88,669548,44431850.0,1.3,0.14,0.09,0.64
2026-02-17,TRNR,0.399,0.388,0.4,0.37,163719,63160.0,7.71,-0.26,-0.001,3.12
2026-02-17,TRNS,75.8,75.75,76.27,73.05,178236,13387361.0,4.25,-0.02,-0.015,1.91
2026-02-17,TRON,1.29,1.2,1.3,1.18,533035,642722.0,9.23,-7.69,-0.1,0.19
2026-02-17,TROO,4.13,3.85,4.14,3.81,330520,1301332.0,7.99,-6.78,-0.28,0.31
2026-02-17,TROW,94.13,93.81,94.55,92.75,2237121,209505999.0,1.92,0.05,0.05,1.03
2026-02-17,TROX,7.72,7.6,7.97,7.45,4084862,31149305.0,6.62,-3.18,-0.25,2.58
2026-02-17,TRP,63.33,62.21,63.36,60.99,3621456,224507004.0,3.73,-2.09,-1.33,0.36
2026-02-17,TRPA,39.04,39.02,39.05,38.97,10772,420272.0,0.21,0.09,0.035,0.0
2026-02-17,TRS,36.15,36.58,36.79,35.53,386729,14110351.0,3.47,0.85,0.31,1.03
2026-02-17,TRSG,1.125,1.17,1.19,1.125,11722,13456.0,5.52,-0.68,-0.008,0.07
2026-02-17,TRST,45.87,45.95,46.49,45.87,70767,3261966.0,1.36,0.5,0.23,0.39
2026-02-17,TRSY,30.119,30.115,30.119,30.111,796,23971.0,0.03,0.0,0.0,0.0
2026-02-17,TRT,5.37,4.91,5.56,4.81,137703,693338.0,13.0,-14.9,-0.86,1.57
2026-02-17,TRTN_A,25.92,26.05,26.05,25.895,6869,178352.0,0.6,0.37,0.095,0.0
2026-02-17,TRTN_B,25.42,25.53,25.55,25.405,5443,138571.0,0.57,0.55,0.14,0.0
2026-02-17,TRTN_C,25.07,25.08,25.105,25.05,13219,331459.0,0.22,0.12,0.03,0.0
2026-02-17,TRTN_D,23.88,23.9,23.9,23.771,32887,784819.0,0.54,0.08,0.02,0.0
2026-02-17,TRTN_E,20.11,20.375,20.5,20.11,6526,133204.0,1.93,0.87,0.175,0.0
2026-02-17,TRTN_F,25.24,25.28,25.3,25.15,17856,450779.0,0.59,0.22,0.056,0.0
2026-02-17,TRTN_G,25.5,25.8,25.8,25.415,39775,1017124.0,1.51,1.34,0.34,0.0
2026-02-17,TRTX,8.89,8.81,8.89,8.674,851198,7481732.0,2.44,-0.45,-0.04,1.09
2026-02-17,TRTX_C,18.65,18.59,18.65,18.5,5786,107560.0,0.8,-0.32,-0.06,0.0
2026-02-17,TRTY,31.14,30.563,31.14,30.34,8799,268679.0,2.61,-0.28,-0.087,0.0
2026-02-17,TRU,74.235,75.31,75.98,73.19,3515877,263850669.0,3.77,1.88,1.39,1.83
2026-02-17,TRUD,24.83,24.825,24.87,24.605,241537,5970762.0,1.07,-0.04,-0.01,0.0
2026-02-17,TRUG,1.0,0.864,1.0,0.851,275322,246850.0,14.75,-14.46,-0.146,5.44
2026-02-17,TRUP,28.5,28.99,29.64,27.78,1208796,35010858.0,6.65,3.68,1.03,2.78
2026-02-17,TRUT,24.83,25.205,25.378,24.79,309330,7788649.0,2.35,0.55,0.137,0.0
2026-02-17,TRV,297.03,299.23,300.52,296.42,1437442,429827200.0,1.39,1.71,5.02,0.66
2026-02-17,TRVG,2.9,3.03,3.035,2.9,52843,157672.0,4.66,4.48,0.13,0.07
2026-02-17,TRVI,10.43,10.15,10.592,10.11,1174081,12009134.0,4.63,-2.4,-0.25,0.92
2026-02-17,TRX,1.61,1.64,1.685,1.57,5537109,9028212.0,6.65,-5.2,-0.09,1.92
2026-02-17,TS,49.09,49.38,49.54,48.42,1435095,70514536.0,2.31,1.63,0.79,0.28
2026-02-17,TSAT,26.09,27.45,27.47,25.31,49830,1329074.0,8.17,3.82,1.01,0.34
2026-02-17,TSBK,39.23,39.09,39.59,39.09,15814,620866.0,1.28,0.1,0.04,0.2
2026-02-17,TSCM,18.52,18.348,18.53,18.2,41572,757286.0,1.79,-0.47,-0.086,0.0
2026-02-17,TSCO,54.43,52.69,54.93,51.775,8669087,456275824.0,5.73,-4.25,-2.34,1.65
2026-02-17,TSCV,29.15,29.208,29.23,29.15,4172,121818.0,0.27,-0.41,-0.119,0.0
2026-02-17,TSDD,8.795,8.87,9.285,8.745,33784392,302747008.0,6.29,3.26,0.28,0.0
2026-02-17,TSE,0.4,0.325,0.401,0.273,1781821,555738.0,32.74,-16.88,-0.066,4.95
2026-02-17,TSEC,26.36,26.367,26.4,26.33,8342,219983.0,0.27,0.14,0.037,0.0
2026-02-17,TSEL,25.06,25.172,25.26,24.79,11260,282689.0,1.87,0.34,0.086,0.0
2026-02-17,TSEM,127.6,127.78,130.945,125.32,1743368,222707625.0,4.37,-0.75,-0.96,1.55
2026-02-17,TSEP,25.01,25.046,25.046,25.01,404,10102.0,0.14,0.0,0.0,0.0
2026-02-17,TSES,29.09,28.896,29.25,28.83,10836,314537.0,1.45,-0.41,-0.118,0.0
2026-02-17,TSHA,4.54,4.58,4.68,4.465,3888861,17769292.0,4.73,0.66,0.03,1.42
2026-02-17,TSI,4.79,4.68,4.79,4.67,273166,1286479.0,2.54,-1.06,-0.05,0.0
2026-02-17,TSIC,26.54,26.596,26.596,26.54,1505,40021.0,0.21,-0.79,-0.211,0.0
2026-02-17,TSII,22.13,22.02,22.13,21.38,77550,1682088.0,3.35,-1.65,-0.37,0.0
2026-02-17,TSL,16.66,16.57,16.73,16.07,1229853,20200256.0,3.9,-2.07,-0.35,0.0
2026-02-17,TSLA,412.36,410.63,413.72,400.51,59678789,24331394304.0,3.16,-1.63,-6.81,1.59
2026-02-17,TSLG,7.585,7.52,7.635,7.15,51482852,382264160.0,6.23,-3.34,-0.26,0.0
2026-02-17,TSLI,28.99,28.72,29.0,27.755,6835,193835.0,4.19,-3.27,-0.97,0.0
2026-02-17,TSLL,15.54,15.41,15.64,14.64,75843721,1148866880.0,6.28,-3.26,-0.52,0.0
2026-02-17,TSLO,18.562,18.562,18.562,18.562,77,1435.0,0.0,-1.81,-0.343,0.0
2026-02-17,TSLP,20.76,20.787,20.9,20.365,12162,252253.0,2.53,-1.81,-0.383,0.0
2026-02-17,TSLQ,20.71,20.87,21.858,20.58,13241219,280565088.0,6.32,3.27,0.66,0.0
2026-02-17,TSLR,26.125,25.89,26.275,24.6,2651613,67615335.0,6.25,-3.32,-0.89,0.0
2026-02-17,TSLS,5.5,5.52,5.65,5.48,67421840,375502720.0,3.13,1.47,0.08,0.0
2026-02-17,TSLT,21.67,21.46,21.76,20.387,3466904,73296402.0,6.18,-3.33,-0.74,0.0
2026-02-17,TSLW,28.16,27.91,28.16,27.13,94722,2629427.0,3.59,-2.82,-0.81,0.0
2026-02-17,TSLX,19.26,18.88,19.414,18.51,1818557,34331634.0,4.7,-1.82,-0.35,1.92
2026-02-17,TSLY,33.355,33.31,33.47,32.55,909221,30092874.0,2.73,-1.25,-0.42,0.0
2026-02-17,TSLZ,13.45,13.56,14.2,13.38,6353006,87058719.0,6.24,3.2,0.42,0.0
2026-02-17,TSM,361.865,364.2,366.2,356.24,10063802,3642189360.0,2.72,-0.59,-2.16,0.19
2026-02-17,TSME,46.43,46.46,46.62,45.889,82802,3837280.0,1.57,-0.34,-0.16,0.0
2026-02-17,TSMG,32.4,32.94,33.28,31.742,64839,2105034.0,4.59,-1.73,-0.58,0.0
2026-02-17,TSMU,59.51,60.8,61.23,58.39,49322,2956293.0,4.62,-1.03,-0.63,0.0
2026-02-17,TSMX,67.86,68.76,69.46,65.78,542817,36836880.0,5.29,-1.24,-0.86,0.0
2026-02-17,TSMY,16.73,16.91,17.06,16.61,151895,2565074.0,2.64,-0.88,-0.15,0.0
2026-02-17,TSMZ,10.15,10.0,10.22,9.965,92464,934013.0,2.56,0.57,0.057,0.0
2026-02-17,TSN,64.07,62.9,64.56,62.18,2576625,161965036.0,3.72,-1.63,-1.04,0.73
2026-02-17,TSNF,24.82,24.88,25.044,24.45,5948,147264.0,2.37,-0.59,-0.147,0.0
2026-02-17,TSOL,8.22,8.22,8.22,8.035,5888,47673.0,2.26,0.24,0.02,0.0
2026-02-17,TSPA,42.77,42.96,43.09,42.55,138981,5967132.0,1.26,0.09,0.04,0.0
2026-02-17,TSPX,27.5,27.662,27.662,27.5,305,8388.0,0.59,0.11,0.031,0.0
2026-02-17,TSPY,24.75,24.87,24.98,24.68,376930,9368338.0,1.21,0.0,0.0,0.0
2026-02-17,TSQ,6.78,6.74,6.88,6.66,141834,956091.0,3.25,-0.44,-0.03,0.81
2026-02-17,TSRS,26.88,27.204,27.204,26.88,1159,31346.0,1.21,1.23,0.331,0.0
2026-02-17,TSSD,24.9,25.046,25.06,24.9,3786,94627.0,0.63,-0.81,-0.204,0.0
2026-02-17,TSSI,8.12,7.94,8.15,7.67,541350,4248214.0,5.9,-2.46,-0.2,1.88
2026-02-17,TSXD,14.997,14.997,14.997,14.997,415,6402.0,0.0,-0.68,-0.103,0.0
2026-02-17,TSXU,31.94,33.1,33.2,31.03,17826,568577.0,6.62,0.97,0.319,0.0
2026-02-17,TSYW,48.53,48.486,48.53,48.45,2479,120217.0,0.17,0.09,0.046,0.0
2026-02-17,TSYX,23.2,23.257,23.37,23.01,51795,1198164.0,1.55,0.27,0.062,0.0
2026-02-17,TSYY,4.34,4.29,4.34,4.15,2471676,10542286.0,4.35,-1.83,-0.08,0.0
2026-02-17,TT,465.61,470.42,470.62,460.55,1055179,493712496.0,2.16,1.11,5.15,0.48
2026-02-17,TTAM,18.35,18.23,18.52,17.9,235070,4302931.0,3.34,-1.94,-0.36,0.13
2026-02-17,TTAN,62.0,61.0,62.76,59.6,969718,58789538.0,5.04,-2.77,-1.74,1.03
2026-02-17,TTC,99.72,100.18,100.67,99.311,657505,65873701.0,1.36,0.09,0.09,0.68
2026-02-17,TTD,25.89,25.26,26.26,24.84,13547691,344209632.0,5.5,-2.13,-0.55,2.85
2026-02-17,TTDU,6.97,6.67,7.12,6.39,159958,1067604.0,10.52,-3.89,-0.27,0.0
2026-02-17,TTE,76.49,76.52,76.94,75.66,1065187,81476611.0,1.67,-0.35,-0.27,0.05
2026-02-17,TTEC,2.35,2.22,2.35,2.145,500003,1100272.0,8.69,-5.93,-0.14,1.03
2026-02-17,TTEK,36.65,35.53,37.415,35.42,4152137,149921707.0,5.44,-3.17,-1.165,1.59
2026-02-17,TTEQ,31.43,31.757,31.96,31.21,63429,2005386.0,2.36,0.09,0.03,0.0
2026-02-17,TTGT,5.0,5.0,5.05,4.91,791377,3940474.0,2.79,-0.4,-0.02,1.09
2026-02-17,TTI,10.84,10.83,10.99,10.5,1038245,11235153.0,4.48,-1.01,-0.11,0.77
2026-02-17,TTMI,90.98,90.91,92.65,88.02,1582482,143461195.0,5.04,-0.97,-0.89,1.53
2026-02-17,TTOP,16.18,16.18,16.18,16.18,200,3204.0,0.0,-1.05,-0.172,0.0
2026-02-17,TTRX,3.53,3.2,3.63,3.2,29296,98859.0,12.25,-8.83,-0.31,0.1
2026-02-17,TTT,60.8,60.97,61.075,60.56,12509,761128.0,0.84,-0.49,-0.303,0.0
2026-02-17,TTWO,193.65,193.87,196.83,191.88,2161142,418672000.0,2.56,0.1,0.2,1.17
2026-02-17,TTXD,35.66,34.01,35.66,33.682,1322,45805.0,5.67,-2.58,-0.902,0.0
2026-02-17,TTXU,16.14,16.91,17.1,16.14,10522,177851.0,5.83,2.75,0.453,0.0
2026-02-17,TU,13.42,13.62,13.65,13.386,7230959,97997672.0,1.96,1.04,0.14,0.46
2026-02-17,TUA,22.01,21.99,22.026,21.97,724898,15939460.0,0.25,-0.29,-0.065,0.0
2026-02-17,TUG,38.32,38.609,38.63,38.32,816,31431.0,0.8,-0.08,-0.029,0.0
2026-02-17,TUGN,24.43,24.317,24.43,24.11,14196,345063.0,1.32,-0.01,-0.003,0.0
2026-02-17,TULP,4.11,3.9,4.11,3.82,8892,35329.0,6.9,-7.14,-0.3,0.5
2026-02-17,TUR,42.42,42.34,42.49,42.185,357926,15159491.0,0.72,0.28,0.12,0.0
2026-02-17,TURB,0.71,0.702,0.74,0.7,26800,19285.0,5.63,-1.13,-0.008,0.24
2026-02-17,TURF,33.36,33.277,33.36,32.87,16031,532965.0,1.46,-1.17,-0.395,0.0
2026-02-17,TUSB,50.49,50.505,50.52,50.48,15116,763388.0,0.08,-0.03,-0.014,0.0
2026-02-17,TUSI,25.5,25.42,25.5,25.41,139397,3543846.0,0.35,0.04,0.01,0.0
2026-02-17,TUSK,2.3,2.23,2.3,2.2,125057,278682.0,4.35,-3.04,-0.07,0.26
2026-02-17,TUYA,2.23,2.16,2.249,2.13,904712,1978051.0,5.34,-3.14,-0.07,0.15
2026-02-17,TV,3.3,3.25,3.35,3.155,2760428,8937350.0,5.89,-1.81,-0.06,0.52
2026-02-17,TVA,10.73,10.72,10.73,10.675,41027,439296.0,0.51,0.19,0.02,0.14
2026-02-17,TVACU,11.71,11.71,11.71,11.71,22,259.0,0.0,0.0,0.0,0.0
2026-02-17,TVACW,0.915,0.95,1.0,0.9,4190,3847.0,10.0,-5.0,-0.05,0.0
2026-02-17,TVAI,10.19,10.19,10.19,10.19,23,234.0,0.0,0.0,0.0,0.0
2026-02-17,TVAIU,10.35,10.35,10.35,10.35,8,83.0,0.0,0.0,0.0,0.0
2026-02-17,TVAL,37.85,37.66,37.85,37.463,61207,2306543.0,1.03,-0.05,-0.02,0.0
2026-02-17,TVC,24.33,24.5,24.5,24.33,6557,159938.0,0.7,0.62,0.15,0.0
2026-02-17,TVE,24.54,24.51,24.65,24.4,5659,138569.0,1.02,0.33,0.08,0.0
2026-02-17,TVGN,0.28,0.276,0.296,0.267,649185,182348.0,10.36,-1.43,-0.004,0.32
2026-02-17,TVGNW,0.039,0.042,0.042,0.035,74211,2870.0,16.67,0.0,0.0,0.0
2026-02-17,TVRD,3.81,3.65,3.81,3.51,41349,149524.0,8.06,-1.88,-0.07,0.44
2026-02-17,TVTX,27.83,28.75,28.845,27.01,1505810,42730536.0,6.6,3.34,0.93,1.63
2026-02-17,TW,114.98,114.32,116.44,113.96,1121894,128662942.0,2.19,0.8,0.91,0.48
2026-02-17,TWAV,0.71,0.77,0.8,0.602,320307,226341.0,27.97,8.76,0.062,9.99
2026-02-17,TWFG,18.55,18.25,19.7,17.7,283523,5173238.0,10.89,-0.6,-0.11,0.5
2026-02-17,TWG,4.05,4.0,4.085,3.998,30957,125214.0,2.14,-1.48,-0.06,0.12
2026-02-17,TWI,10.96,10.79,10.97,10.63,438504,4746049.0,3.09,-2.09,-0.23,0.69
2026-02-17,TWIN,17.99,18.07,18.31,17.77,81820,1475535.0,3.0,0.39,0.07,0.57
2026-02-17,TWLO,111.0,108.49,111.39,105.62,4219971,456641168.0,5.11,-3.99,-4.51,2.79
2026-02-17,TWLV,9.91,9.91,9.91,9.91,118,1169.0,0.0,-0.2,-0.02,0.0
2026-02-17,TWM,28.17,28.03,28.875,27.753,1065374,30105635.0,4.0,-0.04,-0.01,0.0
2026-02-17,TWN,63.92,62.47,63.92,61.58,23458,1476417.0,3.71,-0.97,-0.61,0.0
2026-02-17,TWO,11.42,11.25,11.57,11.2,2159861,24485892.0,3.25,-1.32,-0.15,2.06
2026-02-17,TWOD,25.57,25.6,25.61,25.55,12151,310808.0,0.23,0.14,0.035,0.0
2026-02-17,TWOX,28.152,28.254,28.29,28.01,2572,72623.0,0.99,0.29,0.081,0.0
2026-02-17,TWO_A,24.8,24.95,24.95,24.8,2958,73542.0,0.6,0.56,0.14,0.0
2026-02-17,TWO_B,24.61,24.78,24.79,24.61,11256,278088.0,0.73,0.36,0.09,0.0
2026-02-17,TWO_C,24.94,24.97,25.0,24.94,16313,407564.0,0.24,0.12,0.03,0.0
2026-02-17,TWST,48.88,52.88,53.42,48.64,2204083,114455733.0,9.73,7.68,3.77,3.59
2026-02-17,TX,43.07,43.25,43.41,41.95,313569,13481516.0,3.34,-0.92,-0.4,0.16
2026-02-17,TXBC,15.052,15.052,15.052,15.052,194,2887.0,0.0,-0.12,-0.018,0.0
2026-02-17,TXG,17.95,18.62,19.52,17.88,2907320,54919458.0,9.05,2.76,0.5,2.28
2026-02-17,TXMD,2.36,2.3,2.39,2.29,48107,111579.0,4.24,-2.54,-0.06,0.42
2026-02-17,TXN,226.53,225.69,228.451,222.81,5454801,1233075856.0,2.49,-0.21,-0.47,0.6
2026-02-17,TXNM,59.45,59.33,59.46,59.19,757819,44950512.0,0.46,0.08,0.05,0.7
2026-02-17,TXO,12.7,12.57,12.715,12.36,113503,1417794.0,2.82,-0.32,-0.04,0.21
2026-02-17,TXRH,183.61,186.9,187.0,180.95,1102198,203881527.0,3.34,3.32,6.0,1.67
2026-02-17,TXS,38.783,38.48,38.783,38.31,5278,203027.0,1.23,-0.21,-0.08,0.0
2026-02-17,TXT,98.13,99.7,100.545,97.75,1658039,165188514.0,2.85,1.64,1.61,0.95
2026-02-17,TXUE,34.02,34.23,34.27,33.94,154521,5286561.0,0.97,0.18,0.062,0.0
2026-02-17,TXUG,25.279,25.279,25.279,25.279,8,202.0,0.0,0.2,0.05,0.0
2026-02-17,TXXD,7.97,7.952,8.43,7.68,121014,968622.0,10.14,7.52,0.556,0.0
2026-02-17,TXXI,51.142,51.1,51.32,51.08,8831,451887.0,0.47,0.11,0.054,0.0
2026-02-17,TXXS,6.02,5.862,6.18,5.7,24284,144564.0,7.99,-2.4,-0.144,0.0
2026-02-17,TY,33.12,33.19,33.37,33.005,29940,993719.0,1.1,0.06,0.02,0.0
2026-02-17,TYA,13.87,13.835,13.87,13.813,15001,207685.0,0.41,-0.11,-0.015,0.0
2026-02-17,TYD,26.24,26.18,26.25,26.14,30822,807101.0,0.42,-0.07,-0.019,0.0
2026-02-17,TYG,47.75,48.21,48.54,47.12,113461,5439392.0,3.0,1.82,0.86,0.09
2026-02-17,TYGO,3.37,3.34,3.42,3.2,318441,1058767.0,6.4,-2.91,-0.1,0.45
2026-02-17,TYL,305.31,312.48,316.7,301.93,1207550,373629696.0,4.86,2.81,8.54,2.81
2026-02-17,TYLD,25.248,25.245,25.248,25.245,880,22217.0,0.01,-0.06,-0.015,0.0
2026-02-17,TYLG,35.0,35.276,35.44,35.0,1369,48301.0,1.25,-0.01,-0.005,0.0
2026-02-17,TYO,12.89,12.92,12.95,12.89,9455,122178.0,0.46,-0.05,-0.006,0.0
2026-02-17,TYRA,28.07,29.12,29.43,27.5,1057888,30266319.0,6.9,4.04,1.13,1.97
2026-02-17,TY_,44.4,44.554,44.554,44.4,272,12103.0,0.35,0.62,0.274,0.0
2026-02-17,TZA,6.165,6.11,6.39,6.02,93384951,575300672.0,6.05,-0.16,-0.01,0.0
2026-02-17,TZOO,5.37,5.52,5.57,5.28,144108,787889.0,5.4,2.79,0.15,1.32
2026-02-17,T_A,20.73,20.9,20.915,20.7,98777,2054187.0,1.04,0.67,0.14,0.21
2026-02-17,T_C,19.4,19.52,19.52,19.33,119773,2325535.0,0.98,0.62,0.12,0.17
2026-02-17,U,18.68,18.36,19.35,18.15,22081866,407707056.0,6.42,-1.71,-0.32,5.1
2026-02-17,UA,6.99,7.54,7.585,6.99,5311274,39345875.0,8.54,8.18,0.57,2.62
2026-02-17,UAA,7.3,7.72,7.82,7.255,12834638,97862478.0,7.86,7.37,0.53,5.75
2026-02-17,UAC_U,10.05,10.01,10.05,10.01,149567,1498739.0,0.4,-0.3,-0.03,1.43
2026-02-17,UAE,21.79,21.85,21.9,21.61,125298,2727131.0,1.32,-0.41,-0.09,0.0
2026-02-17,UAL,109.53,114.02,114.94,109.265,3513657,398059952.0,5.19,4.33,4.73,1.09
2026-02-17,UAN,109.27,107.0,109.475,106.21,28311,3041200.0,3.0,-1.71,-1.86,0.27
2026-02-17,UAPR,32.985,32.98,33.024,32.93,4492,148136.0,0.29,0.0,0.0,0.0
2026-02-17,UAUG,39.99,40.103,40.13,39.9,4685,187439.0,0.57,0.23,0.093,0.0
2026-02-17,UAVS,1.0,0.994,1.02,0.95,1232190,1218643.0,6.93,-1.58,-0.016,2.83
2026-02-17,UBCP,14.56,14.36,14.75,14.36,5949,86526.0,2.63,-3.04,-0.45,0.1
2026-02-17,UBER,70.66,70.53,70.98,69.7,20286073,1427406016.0,1.83,0.77,0.54,0.99
2026-02-17,UBEW,31.19,31.389,31.389,30.988,705,22010.0,1.29,1.1,0.342,0.0
2026-02-17,UBFO,11.1,10.97,11.19,10.86,15970,176243.0,3.01,0.0,0.0,0.09
2026-02-17,UBND,22.17,22.18,22.18,22.16,334405,7415534.0,0.09,0.05,0.01,0.0
2026-02-17,UBOT,28.17,28.57,28.72,27.63,33763,949246.0,3.87,1.31,0.37,0.0
2026-02-17,UBR,36.99,36.639,36.99,36.02,1553,56613.0,2.61,-1.55,-0.577,0.0
2026-02-17,UBRL,15.41,15.445,15.54,15.12,44264,679512.0,2.76,1.61,0.245,0.0
2026-02-17,UBS,41.99,42.32,42.35,41.94,2498503,105410503.0,0.98,0.79,0.33,0.08
2026-02-17,UBSI,44.35,44.22,44.925,43.985,568738,25161090.0,2.13,0.23,0.1,0.41
2026-02-17,UBT,17.65,17.64,17.7,17.58,61313,1081126.0,0.68,0.46,0.08,0.0
2026-02-17,UBXG,1.83,1.85,1.89,1.82,9958,18653.0,3.78,0.0,0.0,0.03
2026-02-17,UCAR,1.37,1.4,1.435,1.3,95301,128254.0,9.85,2.19,0.03,1.92
2026-02-17,UCB,34.85,34.87,35.11,34.29,767844,26707865.0,2.37,0.9,0.31,0.64
2026-02-17,UCC,47.679,48.659,48.68,47.679,1354,65415.0,2.05,-0.22,-0.107,0.0
2026-02-17,UCIB,29.03,28.936,29.13,28.74,1855,53582.0,1.33,-1.03,-0.3,0.0
2026-02-17,UCL,1.66,1.632,1.66,1.62,2686,4367.0,2.4,-2.28,-0.038,0.01
2026-02-17,UCO,22.52,22.29,22.65,21.96,2533096,56632906.0,3.07,-0.98,-0.22,0.0
2026-02-17,UCON,25.35,25.35,25.44,25.285,405783,10285872.0,0.61,0.0,0.0,0.0
2026-02-17,UCRD,21.945,21.945,21.945,21.945,117,2567.0,0.0,0.05,0.01,0.0
2026-02-17,UCTT,53.88,55.6,55.79,52.0,933396,50851890.0,6.84,0.38,0.21,2.05
2026-02-17,UCYB,44.97,43.471,44.99,43.21,3566,156156.0,3.94,-3.81,-1.722,0.0
2026-02-17,UDEC,39.7,39.689,39.75,39.49,20123,797325.0,0.66,0.09,0.036,0.0
2026-02-17,UDI,34.55,34.55,34.55,34.55,226,7826.0,0.0,0.03,0.011,0.0
2026-02-17,UDIV,54.02,54.146,54.218,53.61,1898,102542.0,1.12,-0.06,-0.034,0.0
2026-02-17,UDMY,4.66,4.85,4.93,4.6,2477658,11933343.0,7.02,3.19,0.15,1.7
2026-02-17,UDN,18.46,18.5,18.5,18.415,105264,1943552.0,0.46,-0.27,-0.05,0.0
2026-02-17,UDOW,62.22,62.42,63.07,61.01,3637410,226358529.0,3.31,0.31,0.19,0.0
2026-02-17,UDR,38.3,38.0,38.64,37.63,6410411,243376050.0,2.65,-0.24,-0.09,1.95
2026-02-17,UE,20.83,21.0,21.1,20.78,797878,16728425.0,1.54,1.11,0.23,0.63
2026-02-17,UEC,15.2,15.2,15.29,14.38,8648286,129573033.0,5.86,-2.06,-0.32,1.77
2026-02-17,UECG,12.17,11.808,12.17,10.77,7024,79654.0,11.43,-3.58,-0.438,0.0
2026-02-17,UEIC,4.15,4.27,4.3,4.13,75002,318246.0,4.13,3.64,0.15,0.59
2026-02-17,UEVM,60.34,60.522,60.59,60.17,9174,553704.0,0.7,0.34,0.206,0.0
2026-02-17,UFCS,39.39,39.61,39.84,38.94,221112,8749537.0,2.29,0.71,0.28,0.87
2026-02-17,UFEB,36.95,37.03,37.08,36.772,51712,1911010.0,0.83,0.15,0.055,0.0
2026-02-17,UFG,1.16,1.06,1.16,1.02,331258,362972.0,12.61,-4.5,-0.05,1.02
2026-02-17,UFI,4.01,3.99,4.12,3.98,36574,147469.0,3.49,-0.5,-0.02,0.2
2026-02-17,UFIV,49.62,49.588,49.62,49.58,4958,245942.0,0.08,-0.06,-0.029,0.0
2026-02-17,UFO,43.05,43.72,44.18,42.72,323024,14001115.0,3.35,0.41,0.18,0.0
2026-02-17,UFOD,24.735,25.109,25.18,24.735,926,23195.0,1.78,0.33,0.082,0.0
2026-02-17,UFPI,113.39,111.85,114.0,111.5,275994,30934177.0,2.18,-2.4,-2.75,0.49
2026-02-17,UFPT,247.62,246.13,252.17,244.43,136563,33894326.0,3.15,0.13,0.32,1.77
2026-02-17,UG,6.6,6.51,6.6,6.51,6032,39600.0,1.36,-1.36,-0.09,0.13
2026-02-17,UGA,68.05,68.03,68.14,67.44,9969,676955.0,1.03,0.47,0.32,0.0
2026-02-17,UGE,22.0,21.38,22.18,21.07,135836,2911294.0,5.07,-2.42,-0.53,0.0
2026-02-17,UGI,38.75,38.59,39.0,38.47,1616892,62540110.0,1.37,-0.44,-0.17,0.75
2026-02-17,UGL,68.81,68.21,69.16,67.38,6820662,465143776.0,2.45,-6.21,-4.52,0.0
2026-02-17,UGP,5.11,5.15,5.16,5.061,1994254,10225317.0,1.93,0.39,0.02,0.19
2026-02-17,UGRO,3.55,3.23,3.691,3.19,1532553,8663672.0,13.96,-10.03,-0.36,203.9
2026-02-17,UHAL,49.67,50.25,50.58,49.31,176607,8861494.0,2.56,1.13,0.56,0.9
2026-02-17,UHAL_B,46.08,46.56,46.86,45.62,397008,18447410.0,2.69,1.06,0.49,0.22
2026-02-17,UHG,2.53,2.16,2.56,2.16,172953,401577.0,15.5,-16.28,-0.42,0.29
2026-02-17,UHGWW,0.35,0.35,0.35,0.35,6147,2152.0,0.0,-24.89,-0.116,0.0
2026-02-17,UHS,236.97,235.12,240.925,234.78,587555,138690569.0,2.62,0.13,0.31,0.96
2026-02-17,UHT,43.55,43.89,44.141,43.02,56096,2453580.0,2.59,1.6,0.69,0.4
2026-02-17,UI,704.17,695.55,708.38,687.71,66000,46165313.0,2.87,-3.4,-24.51,0.11
2026-02-17,UIS,2.23,2.16,2.245,2.135,1040538,2275278.0,4.91,-3.57,-0.08,1.46
2026-02-17,UITB,47.8,47.8,47.825,47.771,97903,4679802.0,0.11,-0.02,-0.01,0.0
2026-02-17,UIVM,72.1,72.522,72.71,71.89,15900,1152842.0,1.13,0.24,0.174,0.0
2026-02-17,UJAN,43.21,43.3,43.43,43.17,28395,1230950.0,0.6,-0.09,-0.04,0.0
2026-02-17,UJB,79.67,79.692,79.692,79.66,749,59695.0,0.04,-0.13,-0.107,0.0
2026-02-17,UJUL,38.8,38.93,38.99,38.8,6495,252947.0,0.49,0.04,0.014,0.0
2026-02-17,UJUN,37.48,37.584,37.584,37.48,1423,53383.0,0.28,0.09,0.033,0.0
2026-02-17,UK,0.482,0.49,0.537,0.475,90282,45179.0,12.45,-1.61,-0.008,1.33
2026-02-17,UL,74.32,73.96,74.39,73.31,4297324,317384560.0,1.45,-0.84,-0.63,0.2
2026-02-17,ULBI,6.45,6.22,6.5,6.2,14216,89049.0,4.67,-3.12,-0.2,0.09
2026-02-17,ULCC,5.38,5.35,5.45,5.215,2754680,14676614.0,4.39,0.0,0.0,1.2
2026-02-17,ULE,13.293,13.35,13.35,13.25,7626,101324.0,0.75,-0.34,-0.045,0.0
2026-02-17,ULH,16.3,16.51,16.86,16.03,25160,415518.0,5.13,2.04,0.33,0.1
2026-02-17,ULS,70.58,70.61,71.61,70.01,669500,47291899.0,2.29,0.84,0.59,0.33
2026-02-17,ULST,40.59,40.59,40.6,40.59,51231,2079714.0,0.02,-0.02,-0.01,0.0
2026-02-17,ULTA,690.76,706.82,707.25,686.861,569923,398882192.0,2.98,3.43,23.42,1.28
2026-02-17,ULTI,12.5,12.324,12.67,11.67,120178,1461881.0,7.83,-3.45,-0.441,0.38
2026-02-17,ULTY,34.03,34.35,34.59,33.64,631152,21578226.0,2.76,-0.29,-0.1,0.0
2026-02-17,ULVM,99.33,99.275,99.33,99.26,2446,242854.0,0.07,-0.11,-0.106,0.0
2026-02-17,ULY,2.17,2.13,2.22,2.11,20009,43338.0,4.93,-4.48,-0.1,0.91
2026-02-17,UMAC,11.62,12.14,12.63,11.4,1441000,17277130.0,10.32,1.85,0.22,3.82
2026-02-17,UMAR,40.23,40.32,40.345,40.19,18628,749386.0,0.39,0.2,0.08,0.0
2026-02-17,UMAY,36.71,36.761,36.79,36.71,745,27383.0,0.22,0.07,0.025,0.0
2026-02-17,UMBF,129.16,127.77,130.255,127.16,485309,62105751.0,2.4,-0.78,-1.0,0.64
2026-02-17,UMBFO,27.09,27.25,27.28,27.01,8830,239486.0,1.0,1.0,0.27,0.07
2026-02-17,UMC,10.27,10.27,10.325,10.151,6634317,68018920.0,1.67,-1.44,-0.15,0.26
2026-02-17,UMDD,31.6,31.55,31.76,30.646,4765,148574.0,3.54,0.32,0.1,0.0
2026-02-17,UMH,16.01,16.09,16.115,15.77,319886,5121509.0,2.14,0.0,0.0,0.38
2026-02-17,UMH_D,22.24,22.17,22.24,22.11,21167,469607.0,0.58,-1.38,-0.31,0.0
2026-02-17,UMI,56.19,56.1,56.26,55.65,35249,1975861.0,1.08,-0.63,-0.358,0.0
2026-02-17,UMMA,33.38,33.447,33.58,33.06,50466,1682034.0,1.55,-0.32,-0.108,0.0
2026-02-17,UNB,24.8,24.39,25.075,24.34,10816,266001.0,2.95,-2.21,-0.55,0.24
2026-02-17,UNCY,6.2,6.22,6.4,6.18,348822,2191846.0,3.55,0.32,0.02,1.62
2026-02-17,UNF,237.54,238.27,239.1,236.615,122512,29146204.0,1.04,-0.44,-1.05,0.68
2026-02-17,UNFI,40.66,39.34,41.43,39.2,657711,26073429.0,5.53,-2.38,-0.96,1.08
2026-02-17,UNG,11.9,11.9,12.04,11.79,9544892,113830343.0,2.01,-4.34,-0.54,0.0
2026-02-17,UNH,294.0,289.09,294.23,288.345,6091749,1770636624.0,2.01,-1.4,-4.1,0.67
2026-02-17,UNHG,12.11,11.77,12.17,11.7,1428355,17034216.0,3.89,-2.65,-0.32,0.0
2026-02-17,UNHW,40.15,40.115,40.76,40.07,5327,214563.0,1.69,-1.67,-0.683,0.0
2026-02-17,UNIT,8.39,8.33,8.524,8.265,1429159,11936585.0,3.1,-0.36,-0.03,0.61
2026-02-17,UNIY,49.565,49.565,49.565,49.565,3,149.0,0.0,0.06,0.03,0.0
2026-02-17,UNL,6.99,6.96,7.01,6.92,319553,2222136.0,1.26,-2.38,-0.17,0.0
2026-02-17,UNM,71.55,72.91,73.03,71.476,1222026,88880263.0,2.17,1.77,1.27,0.75
2026-02-17,UNMA,23.52,23.69,23.69,23.46,19980,470544.0,0.98,0.51,0.12,0.0
2026-02-17,UNOV,38.0,38.103,38.166,37.94,7242,275930.0,0.59,0.06,0.023,0.0
2026-02-17,UNP,260.99,262.8,264.16,260.493,3257850,856354704.0,1.41,0.81,2.12,0.55
2026-02-17,UNTY,54.74,54.7,55.74,54.29,27422,1503634.0,2.66,0.35,0.19,0.27
2026-02-17,UNX,2.39,2.26,2.5,2.2,834792,1921437.0,12.77,-3.83,-0.09,0.0
2026-02-17,UOCT,39.0,39.115,39.21,38.89,14402,563083.0,0.82,-0.01,-0.005,0.0
2026-02-17,UOKA,0.363,0.301,0.366,0.284,2934577,912977.0,21.08,-22.62,-0.088,54.87
2026-02-17,UONE,12.525,11.84,12.525,11.51,112011,1452763.0,8.35,-2.55,-0.31,2.03
2026-02-17,UONEK,7.66,7.4,7.71,7.39,2359,17624.0,4.21,-2.63,-0.2,0.07
2026-02-17,UP,0.66,0.712,0.759,0.645,2261784,1629524.0,17.33,8.21,0.054,0.31
2026-02-17,UPAR,16.92,17.028,17.06,16.92,10996,187081.0,0.82,-0.27,-0.046,0.0
2026-02-17,UPB,8.685,8.33,9.0,7.96,6025969,50644335.0,11.89,-4.8,-0.42,11.15
2026-02-17,UPBD,20.35,20.2,20.4,19.615,627330,12602026.0,3.87,-0.54,-0.11,1.08
2026-02-17,UPC,2.76,2.68,2.831,2.68,5446,14960.0,5.28,-6.29,-0.18,0.97
2026-02-17,UPGD,78.6,78.227,78.6,77.86,1230,96138.0,0.94,-0.72,-0.566,0.0
2026-02-17,UPGR,26.28,26.341,26.341,26.28,1234,32484.0,0.23,-0.03,-0.007,0.0
2026-02-17,UPLD,1.0,1.0,1.0,0.9,220090,213675.0,10.17,1.73,0.017,0.76
2026-02-17,UPRO,112.77,114.06,115.163,110.6,5037017,569250272.0,4.02,0.48,0.55,0.0
2026-02-17,UPS,117.435,115.51,118.195,115.419,5234327,607783280.0,2.33,-3.13,-3.73,0.62
2026-02-17,UPSD,27.45,27.413,27.54,27.09,17047,465769.0,1.64,0.19,0.053,0.0
2026-02-17,UPSG,20.82,20.095,20.89,20.095,2804,57692.0,3.82,-3.32,-0.691,0.0
2026-02-17,UPST,30.97,31.97,32.43,30.91,8685748,276542576.0,4.95,4.2,1.29,8.86
2026-02-17,UPSX,23.0,23.41,24.03,22.5,77900,1804877.0,7.09,8.43,1.82,0.0
2026-02-17,UPV,101.51,101.425,101.519,101.425,918,93023.0,0.09,1.15,1.15,0.0
2026-02-17,UPW,25.86,25.34,26.02,25.23,23699,603483.0,3.1,-0.63,-0.16,0.0
2026-02-17,UPWK,13.26,12.76,13.45,12.725,3066947,39628475.0,5.48,-3.52,-0.465,2.35
2026-02-17,UPXI,0.79,0.72,0.83,0.705,5286674,3893429.0,16.25,-6.37,-0.049,7.58
2026-02-17,URA,51.0,51.32,51.77,49.59,5207578,265228760.0,4.2,-1.14,-0.59,0.0
2026-02-17,URAA,41.52,42.12,42.73,39.38,91588,3740287.0,7.81,-1.75,-0.75,0.0
2026-02-17,URAN,47.08,46.835,47.08,45.76,2954,137115.0,2.81,-0.35,-0.165,0.0
2026-02-17,URBN,70.455,71.62,71.71,69.16,945510,66841647.0,3.63,2.05,1.44,1.05
2026-02-17,URE,68.5,68.965,68.965,68.45,10114,693068.0,0.76,2.06,1.39,0.0
2026-02-17,URG,1.56,1.54,1.586,1.49,5283573,8094706.0,6.08,-2.53,-0.04,1.4
2026-02-17,URGN,19.72,20.6,20.82,19.45,807565,16579376.0,6.82,2.49,0.5,1.67
2026-02-17,URI,862.52,863.28,877.055,848.37,597506,516700112.0,3.3,-0.72,-6.29,0.95
2026-02-17,URNJ,31.68,31.99,32.21,30.6,590940,18598786.0,5.03,-0.14,-0.045,0.0
2026-02-17,URNM,67.78,68.22,68.8,66.01,787938,53089766.0,4.05,-1.07,-0.74,0.0
2026-02-17,UROY,4.05,4.08,4.1,3.85,1583713,6356160.0,6.01,-1.92,-0.08,1.14
2026-02-17,URSP,45.77,45.32,45.77,44.07,49960,2251769.0,3.74,-0.22,-0.1,0.0
2026-02-17,URTH,188.53,189.46,189.95,187.5,252884,47753043.0,1.29,0.03,0.06,0.0
2026-02-17,URTY,62.68,63.16,64.07,60.31,920323,57501992.0,5.96,0.14,0.09,0.0
2026-02-17,USA,5.97,5.99,6.02,5.97,1355799,8130830.0,0.83,-0.17,-0.01,0.0
2026-02-17,USAC,27.08,25.93,27.08,25.61,264060,6887305.0,5.53,-2.52,-0.67,0.18
2026-02-17,USAF,27.638,27.702,27.77,27.638,988,27377.0,0.47,-0.64,-0.179,0.0
2026-02-17,USAI,44.55,44.16,44.55,43.85,14288,631373.0,1.57,-0.8,-0.355,0.0
2026-02-17,USAR,19.25,19.02,19.54,18.42,15183915,286805072.0,5.77,-1.93,-0.375,6.97
2026-02-17,USAS,7.09,7.26,7.445,6.8,8573511,61974075.0,8.57,-3.59,-0.27,2.66
2026-02-17,USAU,15.77,16.08,16.13,15.15,250655,3927800.0,6.07,-0.43,-0.07,1.52
2026-02-17,USAX,23.28,23.41,24.756,21.94,207921,4825437.0,11.56,-3.9,-0.95,0.0
2026-02-17,USB,58.27,58.17,58.9,57.96,7253175,422413808.0,1.63,0.83,0.48,0.47
2026-02-17,USBC,0.43,0.422,0.43,0.404,523148,218914.0,5.9,-4.31,-0.019,0.13
2026-02-17,USB_A,789.92,790.65,790.65,787.465,1064,838683.0,0.4,0.08,0.67,0.09
2026-02-17,USB_H,19.52,19.54,19.55,19.35,55270,1074080.0,1.03,0.36,0.07,0.14
2026-02-17,USB_P,23.46,23.55,23.55,23.31,39376,921218.0,1.03,1.03,0.24,0.17
2026-02-17,USB_Q,15.51,15.65,15.67,15.5,22559,351218.0,1.1,0.97,0.15,0.11
2026-02-17,USB_R,16.55,16.65,16.65,16.49,51376,850804.0,0.97,0.91,0.15,0.17
2026-02-17,USB_S,18.57,18.75,18.75,18.51,43321,807438.0,1.29,0.86,0.16,0.24
2026-02-17,USCA,40.56,40.778,40.778,40.56,971,39431.0,0.53,-0.1,-0.041,0.0
2026-02-17,USCB,19.81,19.87,19.88,19.55,29535,584205.0,1.67,0.66,0.13,0.16
2026-02-17,USCI,79.97,79.86,79.99,79.508,12116,966792.0,0.6,-1.14,-0.92,0.0
2026-02-17,USCL,77.49,77.475,77.49,77.475,229,17733.0,0.02,-0.15,-0.114,0.0
2026-02-17,USD,54.13,56.11,57.24,52.67,692418,38135072.0,8.27,1.52,0.84,0.0
2026-02-17,USDU,25.25,25.49,25.59,25.14,1159405,29532962.0,1.77,0.08,0.02,0.0
2026-02-17,USDX,25.57,25.555,25.57,25.542,44257,1131003.0,0.11,-0.04,-0.01,0.0
2026-02-17,USE,21.724,21.724,21.724,21.724,11,239.0,0.0,-0.29,-0.063,0.0
2026-02-17,USEA,1.82,1.9,1.93,1.82,182212,343762.0,6.04,4.4,0.08,2.0
2026-02-17,USEG,1.0,0.973,1.02,0.955,715239,701428.0,6.5,-2.7,-0.027,2.08
2026-02-17,USEP,39.33,39.49,39.49,39.295,11361,447728.0,0.5,0.36,0.14,0.0
2026-02-17,USEW,51.03,51.317,51.33,51.03,304,15580.0,0.58,0.06,0.031,0.0
2026-02-17,USFD,100.71,97.11,101.87,96.59,4066852,396554096.0,5.28,-2.82,-2.82,1.84
2026-02-17,USFE,35.35,35.507,35.58,35.35,640,22723.0,0.64,-0.81,-0.29,0.0
2026-02-17,USFI,24.78,24.78,24.78,24.78,10,247.0,0.0,0.0,0.0,0.0
2026-02-17,USFR,50.42,50.42,50.43,50.42,5245559,264516399.0,0.02,0.0,0.0,0.0
2026-02-17,USG,38.93,38.775,38.93,38.52,2610,101682.0,1.03,-2.61,-1.04,0.0
2026-02-17,USGG,14.07,14.219,14.93,13.31,92472,1286051.0,10.98,-3.6,-0.531,0.0
2026-02-17,USGO,11.53,10.935,11.53,10.83,52510,580608.0,6.0,-6.3,-0.735,0.4
2026-02-17,USGOW,0.91,0.854,1.002,0.85,17157,15332.0,15.35,-13.74,-0.136,0.0
2026-02-17,USHY,37.48,37.44,37.49,37.43,24089984,902207952.0,0.16,-0.13,-0.05,0.0
2026-02-17,USIG,52.305,52.33,52.358,52.27,1735946,90802431.0,0.17,0.06,0.03,0.0
2026-02-17,USIN,51.164,51.164,51.164,51.164,8,409.0,0.0,-0.01,-0.007,0.0
2026-02-17,USIO,1.32,1.32,1.325,1.3,44515,58509.0,1.91,0.76,0.01,0.16
2026-02-17,USL,35.92,35.81,35.92,35.76,36117,1296022.0,0.44,-0.75,-0.27,0.0
2026-02-17,USLM,107.07,105.63,107.505,104.31,91595,9701959.0,2.95,-2.61,-2.83,0.32
2026-02-17,USMC,66.3,66.518,66.77,66.02,143784,9574938.0,1.13,0.11,0.07,0.0
2026-02-17,USMD,25.1,25.077,25.1,25.077,4047,101648.0,0.09,-0.23,-0.058,0.0
2026-02-17,USMF,51.03,50.89,51.063,50.78,29356,1495600.0,0.55,-0.37,-0.19,0.0
2026-02-17,USML,43.09,43.09,43.09,43.09,1,43.0,0.0,-0.51,-0.221,0.0
2026-02-17,USMV,96.19,95.84,96.65,95.47,1895270,181718412.0,1.23,-0.36,-0.35,0.0
2026-02-17,USNA,21.17,20.66,21.17,20.22,104487,2157056.0,4.55,-1.15,-0.24,0.57
2026-02-17,USNG,31.56,31.87,31.87,31.56,1886,59840.0,0.97,-0.63,-0.203,0.0
2026-02-17,USNZ,42.32,42.569,42.569,42.23,1188,50278.0,0.8,0.2,0.084,0.0
2026-02-17,USO,76.21,75.73,76.48,75.18,9329636,708023648.0,1.71,-0.64,-0.49,0.0
2026-02-17,USOI,50.6,50.71,51.49,50.45,37303,1893710.0,2.06,0.24,0.12,0.0
2026-02-17,USOY,6.81,6.805,6.85,6.75,211800,1439851.0,1.47,0.07,0.005,0.0
2026-02-17,USPH,86.98,86.54,87.64,84.44,297629,25638328.0,3.68,-0.46,-0.4,1.97
2026-02-17,USPX,59.53,59.66,59.825,59.045,30333,1803081.0,1.31,0.22,0.133,0.0
2026-02-17,USRD,32.697,32.697,32.697,32.697,22,722.0,0.0,-0.42,-0.137,0.0
2026-02-17,USRT,62.49,62.91,62.98,62.19,332833,20860245.0,1.27,1.0,0.62,0.0
2026-02-17,USSE,34.27,34.54,34.68,34.25,26347,905532.0,1.25,0.44,0.15,0.0
2026-02-17,USSG,63.09,63.36,63.47,62.61,30308,1917646.0,1.35,-0.24,-0.15,0.0
2026-02-17,USSH,50.96,50.95,50.96,50.95,592,30166.0,0.02,-0.04,-0.02,0.0
2026-02-17,UST,44.77,44.735,44.86,44.735,11463,513361.0,0.28,-0.01,-0.003,0.0
2026-02-17,USTB,50.99,50.99,50.99,50.97,172206,8779513.0,0.04,0.0,0.0,0.0
2026-02-17,USVM,99.54,99.77,100.16,99.0,59354,5904473.0,1.16,-0.01,-0.01,0.0
2026-02-17,USVN,49.09,49.055,49.1,49.05,1372,67329.0,0.1,-0.04,-0.02,0.0
2026-02-17,USXF,58.07,58.47,58.745,57.65,72075,4189845.0,1.88,0.21,0.123,0.0
2026-02-17,UTEN,44.62,44.585,44.649,44.575,25199,1123924.0,0.17,0.0,-0.001,0.0
2026-02-17,UTES,83.45,83.82,84.28,83.18,244242,20454798.0,1.32,0.73,0.61,0.0
2026-02-17,UTF,26.95,26.68,27.0,26.64,454295,12185283.0,1.34,-0.63,-0.17,0.0
2026-02-17,UTG,40.54,40.71,40.9,40.386,368247,14979456.0,1.27,0.69,0.28,0.0
2026-02-17,UTHR,474.68,482.42,486.33,470.035,332731,160000427.0,3.44,1.85,8.76,0.76
2026-02-17,UTHY,42.37,42.393,42.49,42.36,13660,579390.0,0.31,0.24,0.103,0.0
2026-02-17,UTI,30.2,31.06,31.56,30.0,1716060,53129155.0,5.14,2.34,0.71,3.12
2026-02-17,UTL,53.14,52.91,53.66,52.486,91669,4865567.0,2.21,-0.43,-0.23,0.51
2026-02-17,UTMD,64.99,65.36,65.96,64.44,14648,957387.0,2.37,1.97,1.26,0.46
2026-02-17,UTRE,50.01,50.025,50.025,50.01,1251,62563.0,0.03,-0.04,-0.022,0.0
2026-02-17,UTSI,2.47,2.5,2.5,2.47,1209,2991.0,1.21,1.21,0.03,0.01
2026-02-17,UTSL,51.97,50.74,52.895,50.324,245948,12603383.0,5.03,-0.76,-0.39,0.0
2026-02-17,UTWO,48.69,48.675,48.69,48.66,59694,2905781.0,0.06,-0.04,-0.02,0.0
2026-02-17,UTWY,44.54,44.525,44.54,44.515,391,17414.0,0.06,0.16,0.069,0.0
2026-02-17,UTZ,9.42,9.0,9.55,8.82,3747297,33680570.0,7.81,-3.74,-0.35,2.61
2026-02-17,UUP,26.95,26.91,27.01,26.89,1048619,28253870.0,0.45,0.34,0.09,0.0
2026-02-17,UUU,4.69,4.32,4.69,4.17,55099,237435.0,11.28,-6.29,-0.29,2.03
2026-02-17,UUUG,14.49,14.5,14.58,12.56,217429,2941714.0,13.69,-1.69,-0.25,0.0
2026-02-17,UUUU,20.54,20.57,20.71,19.233,9174848,183772974.0,7.13,-0.72,-0.15,3.82
2026-02-17,UVE,31.2,32.12,32.5,31.2,144533,4648307.0,4.17,3.05,0.95,0.52
2026-02-17,UVIX,6.63,6.09,6.96,6.01,56049888,362538704.0,14.57,-6.6,-0.43,0.0
2026-02-17,UVSP,35.04,35.59,35.67,34.92,101920,3618741.0,2.15,1.86,0.65,0.36
2026-02-17,UVV,53.96,53.37,54.14,53.22,176651,9452844.0,1.72,-0.17,-0.09,0.71
2026-02-17,UVXY,41.0,38.43,42.6,38.17,10369197,416017904.0,10.91,-5.32,-2.16,0.0
2026-02-17,UWM,52.77,53.03,53.535,51.47,553266,29147043.0,3.89,-0.09,-0.05,0.0
2026-02-17,UWMC,4.87,4.84,4.975,4.825,13763406,67220169.0,3.07,-1.02,-0.05,0.86
2026-02-17,UX,31.92,31.293,31.92,31.293,8655,273285.0,1.95,-2.5,-0.801,0.0
2026-02-17,UXAP,39.03,38.852,39.03,38.852,230,8964.0,0.46,0.19,0.074,0.0
2026-02-17,UXI,57.19,58.34,58.88,57.15,9267,538173.0,3.0,1.14,0.658,0.0
2026-02-17,UXIN,3.44,3.4,3.525,3.36,38964,133064.0,4.77,-1.73,-0.06,0.02
2026-02-17,UXJA,34.397,34.397,34.397,34.397,14,482.0,0.0,0.14,0.049,0.0
2026-02-17,UXJL,32.816,32.816,32.816,32.816,67,2207.0,0.0,0.09,0.03,0.0
2026-02-17,UXOC,35.22,35.45,35.54,35.22,878,31105.0,0.9,0.08,0.029,0.0
2026-02-17,UXRP,4.6,4.85,4.86,4.46,631783,2970277.0,9.11,10.48,0.46,0.0
2026-02-17,UYG,81.01,82.18,82.593,81.01,10509,860731.0,1.97,2.05,1.65,0.0
2026-02-17,UYLD,51.28,51.296,51.305,51.28,148790,7631022.0,0.05,0.02,0.011,0.0
2026-02-17,UYM,32.63,32.63,32.875,31.88,36221,1177900.0,2.98,-2.25,-0.75,0.0
2026-02-17,UYSC,10.31,10.31,10.31,10.31,935,9640.0,0.0,0.0,0.0,0.01
2026-02-17,UZD,21.2,21.15,21.2,21.0,4472,94317.0,0.95,0.0,0.0,0.0
2026-02-17,UZE,18.95,18.95,18.99,18.87,9081,172102.0,0.63,0.0,0.0,0.0
2026-02-17,UZF,19.11,19.0,19.11,18.91,6258,119032.0,1.05,0.05,0.01,0.0
2026-02-17,V,314.41,319.5,321.38,314.41,8591680,2741214448.0,2.22,1.73,5.42,0.47
2026-02-17,VABK,40.55,40.21,40.91,40.114,5905,238338.0,1.99,0.78,0.31,0.11
2026-02-17,VABS,24.46,24.485,24.485,24.46,2104,51487.0,0.1,0.08,0.02,0.0
2026-02-17,VAC,54.19,57.59,57.985,54.18,980182,55662742.0,7.05,6.75,3.64,2.87
2026-02-17,VACH,10.69,10.65,10.69,10.65,344,3669.0,0.37,-0.19,-0.02,0.0
2026-02-17,VACHW,0.288,0.29,0.29,0.288,760,220.0,0.69,0.0,0.0,0.0
2026-02-17,VACI,10.0,9.99,10.0,9.99,735,7342.0,0.1,0.5,0.05,0.0
2026-02-17,VACI_U,10.08,10.08,10.08,10.08,1290,13049.0,0.0,0.0,0.0,0.01
2026-02-17,VAL,94.0,88.96,95.4,88.03,2752264,247082772.0,7.68,-7.29,-7.0,3.98
2026-02-17,VALE,16.11,15.9,16.185,15.51,58965541,928791952.0,4.05,-4.5,-0.75,1.38
2026-02-17,VALG,24.14,22.134,24.14,21.32,3854,85104.0,11.63,-8.75,-2.122,0.0
2026-02-17,VALN,10.31,10.77,10.9,10.29,19315,204745.0,6.05,6.85,0.69,0.02
2026-02-17,VALQ,69.27,68.88,69.27,68.445,6421,442071.0,1.19,-0.52,-0.36,0.0
2026-02-17,VALU,37.2,37.32,37.5,37.2,1514,56734.0,0.81,0.32,0.12,0.02
2026-02-17,VAL_WS,14.0,11.76,14.0,11.18,29032,356354.0,19.79,-17.47,-2.49,0.0
2026-02-17,VAMO,36.09,36.059,36.14,36.04,2580,93065.0,0.28,0.01,0.002,0.0
2026-02-17,VANI,1.2,1.26,1.29,1.2,357650,448298.0,7.63,6.78,0.08,0.44
2026-02-17,VATE,5.09,5.14,5.335,5.07,25292,131082.0,5.27,2.19,0.11,0.19
2026-02-17,VAVX,18.92,18.978,19.2,18.75,4945,93870.0,2.37,-0.14,-0.026,0.0
2026-02-17,VAW,238.91,238.68,239.78,235.79,99006,23602615.0,1.65,-1.15,-2.77,0.0
2026-02-17,VB,275.7,276.04,277.27,272.66,803790,221753830.0,1.67,-0.09,-0.26,0.0
2026-02-17,VBF,15.4,15.42,15.5,15.38,64592,996103.0,0.77,-0.58,-0.09,0.0
2026-02-17,VBIL,75.53,75.53,75.54,75.53,1404625,106098006.0,0.01,0.0,0.0,0.0
2026-02-17,VBIX,1.69,1.74,1.751,1.69,18326,32759.0,3.59,2.35,0.04,0.17
2026-02-17,VBK,313.76,315.14,316.585,310.0,219672,68944549.0,2.09,0.02,0.07,0.0
2026-02-17,VBND,44.55,44.47,44.57,44.45,47776,2126605.0,0.27,-0.03,-0.015,0.0
2026-02-17,VBNK,16.325,16.62,16.66,16.12,37277,612896.0,3.34,2.85,0.46,0.12
2026-02-17,VBR,231.09,230.8,232.27,228.72,414998,95715584.0,1.53,-0.22,-0.51,0.0
2026-02-17,VC,104.35,104.26,105.76,102.87,789270,82163089.0,2.75,-0.65,-0.68,2.94
2026-02-17,VCEB,64.15,64.18,64.22,64.115,82431,5289208.0,0.16,-0.01,-0.007,0.0
2026-02-17,VCEL,36.06,36.82,37.315,35.465,465299,17117218.0,5.14,2.39,0.86,0.92
2026-02-17,VCIC,10.66,10.64,10.66,10.6,508,5399.0,0.57,0.28,0.03,0.0
2026-02-17,VCICW,1.73,1.72,1.85,1.49,11189,18945.0,22.93,9.55,0.15,0.0
2026-02-17,VCIG,0.33,0.328,0.347,0.326,533035,178424.0,6.34,-0.91,-0.003,1.51
2026-02-17,VCIT,84.47,84.53,84.55,84.43,10253778,866319120.0,0.14,0.05,0.04,0.0
2026-02-17,VCLN,28.884,29.14,29.14,28.884,151,4361.0,0.89,1.26,0.364,0.0
2026-02-17,VCLT,77.31,77.44,77.525,77.27,5928946,458875456.0,0.33,0.22,0.17,0.0
2026-02-17,VCR,383.02,383.54,383.81,378.455,61237,23367069.0,1.4,-0.09,-0.33,0.0
2026-02-17,VCRB,78.91,78.8,78.91,78.76,418101,32950936.0,0.19,-0.01,-0.01,0.0
2026-02-17,VCRM,76.63,76.56,76.63,76.54,195216,14949445.0,0.12,0.08,0.06,0.0
2026-02-17,VCSH,80.03,80.09,80.09,80.03,6414246,513560304.0,0.07,-0.01,-0.01,0.0
2026-02-17,VCTR,74.76,75.32,75.97,74.22,312146,23511591.0,2.34,0.78,0.58,0.49
2026-02-17,VCV,11.25,11.25,11.3,11.2,131817,1482202.0,0.88,-0.44,-0.05,0.0
2026-02-17,VCYT,35.51,36.03,36.75,35.465,568928,20545130.0,3.59,0.73,0.26,0.72
2026-02-17,VDC,242.96,239.36,243.941,238.09,188998,45353258.0,2.41,-1.35,-3.27,0.0
2026-02-17,VDE,153.46,151.14,154.29,149.49,755542,114114412.0,3.14,-1.18,-1.81,0.0
2026-02-17,VDI,34.594,34.594,34.594,34.594,12,414.0,0.0,0.27,0.093,0.0
2026-02-17,VDIG,60.61,60.997,61.11,60.61,5003,304729.0,0.82,0.4,0.24,0.0
2026-02-17,VEA,68.262,68.58,68.75,67.832,19239929,1315811536.0,1.34,-0.26,-0.18,0.0
2026-02-17,VECO,33.19,34.35,34.37,32.03,1050171,35330677.0,6.96,2.2,0.74,1.74
2026-02-17,VEEA,0.47,0.453,0.491,0.45,46633,22133.0,8.89,-1.74,-0.008,0.09
2026-02-17,VEEAW,0.09,0.09,0.09,0.09,1012,91.0,0.0,0.0,0.0,0.0
2026-02-17,VEEE,1.09,1.03,1.09,1.02,78248,82052.0,6.19,-8.85,-0.1,3.5
2026-02-17,VEEV,178.3,176.82,181.55,172.415,2121823,375018816.0,5.25,1.56,2.71,1.29
2026-02-17,VEGA,49.903,50.197,50.35,49.903,4142,208024.0,0.89,0.03,0.014,0.0
2026-02-17,VEGI,45.47,45.64,45.73,45.215,24525,1117049.0,1.12,-0.46,-0.21,0.0
2026-02-17,VEGN,59.51,59.635,59.94,59.13,5463,326088.0,1.35,-0.29,-0.174,0.0
2026-02-17,VEL,19.91,19.9,20.045,19.73,72834,1450582.0,1.59,0.71,0.14,0.18
2026-02-17,VELO,11.5,9.42,11.86,8.75,5986492,57522206.0,27.84,-15.67,-1.75,24.32
2026-02-17,VEM,25.51,25.62,25.62,25.51,265,6759.0,0.43,-0.05,-0.013,0.0
2026-02-17,VEMY,28.77,28.751,28.89,28.73,21673,623754.0,0.56,0.18,0.051,0.0
2026-02-17,VENU,5.29,5.33,5.45,5.11,88454,468745.0,6.36,-0.37,-0.02,0.2
2026-02-17,VEON,52.45,52.5,53.5,52.375,35480,1869191.0,2.14,0.1,0.05,0.05
2026-02-17,VERA,41.91,42.85,43.5,41.76,757252,32383063.0,4.12,1.49,0.63,1.06
2026-02-17,VERI,3.13,3.03,3.17,2.99,1561805,4771608.0,5.64,-5.02,-0.16,1.7
2026-02-17,VERS,55.488,55.488,55.488,55.488,46,2542.0,0.0,0.16,0.091,0.0
2026-02-17,VERU,2.29,2.35,2.45,2.27,62216,147510.0,7.86,2.62,0.06,0.39
2026-02-17,VERX,12.81,12.34,13.26,12.228,4663462,57898789.0,8.09,-3.22,-0.41,2.92
2026-02-17,VET,10.03,9.95,10.27,9.66,1690914,16704475.0,6.08,-0.8,-0.08,1.11
2026-02-17,VETZ,20.175,20.16,20.175,20.14,14057,283381.0,0.17,-0.22,-0.045,0.0
2026-02-17,VEU,79.82,80.34,80.51,79.45,4398107,352281216.0,1.32,-0.17,-0.14,0.0
2026-02-17,VEXC,87.51,87.78,87.86,86.77,44258,3867131.0,1.24,-0.09,-0.08,0.0
2026-02-17,VFC,20.38,20.09,20.785,19.765,5594019,112670405.0,5.02,-1.03,-0.21,1.43
2026-02-17,VFF,3.18,3.21,3.27,3.11,708200,2268041.0,5.02,0.63,0.02,0.61
2026-02-17,VFH,127.33,127.99,128.56,127.295,500560,64022903.0,1.0,0.93,1.18,0.0
2026-02-17,VFL,10.41,10.42,10.497,10.41,51417,537866.0,0.83,-0.38,-0.04,0.0
2026-02-17,VFLO,40.39,40.0,40.525,39.56,704428,28170383.0,2.4,-0.65,-0.26,0.0
2026-02-17,VFMF,162.28,162.31,163.28,161.275,34344,5576218.0,1.23,-0.29,-0.48,0.0
2026-02-17,VFMO,203.51,205.14,206.1,202.0,28381,5799896.0,2.0,0.0,0.0,0.0
2026-02-17,VFMV,136.67,137.01,137.28,136.2,27588,3774724.0,0.79,0.25,0.34,0.0
2026-02-17,VFQY,157.2,157.277,157.835,156.11,7906,1242218.0,1.1,0.01,0.021,0.0
2026-02-17,VFS,3.28,3.27,3.295,3.211,234103,763414.0,2.55,-0.61,-0.02,0.01
2026-02-17,VFSWW,0.12,0.122,0.14,0.12,6326,782.0,15.75,-3.94,-0.005,0.0
2026-02-17,VFVA,142.47,142.31,143.33,141.17,11433,1626285.0,1.51,-0.25,-0.35,0.0
2026-02-17,VG,9.3,8.77,9.36,8.55,11128221,97646606.0,8.65,-6.3,-0.59,0.45
2026-02-17,VGAS,0.959,1.07,1.114,0.959,27008,27816.0,16.3,12.51,0.119,0.06
2026-02-17,VGASW,0.022,0.021,0.022,0.021,14470,311.0,4.55,-4.55,-0.001,0.0
2026-02-17,VGHY,75.66,75.51,75.74,75.5,107914,8161643.0,0.32,-0.22,-0.17,0.0
2026-02-17,VGI,7.94,7.9,7.97,7.88,36098,285321.0,1.14,0.25,0.02,0.0
2026-02-17,VGIT,60.39,60.35,60.408,60.33,4426817,267216936.0,0.13,-0.07,-0.04,0.0
2026-02-17,VGK,88.395,89.23,89.28,88.18,2533921,225122330.0,1.24,0.6,0.53,0.0
2026-02-17,VGLT,57.325,57.29,57.42,57.235,9994214,572890592.0,0.32,0.19,0.11,0.0
2026-02-17,VGM,10.56,10.56,10.62,10.52,180484,1905353.0,0.94,-0.56,-0.06,0.0
2026-02-17,VGMS,51.87,51.87,51.9,51.835,42949,2227756.0,0.13,0.0,0.0,0.0
2026-02-17,VGRO,23.559,23.559,23.559,23.559,399,9350.0,0.0,0.7,0.164,0.0
2026-02-17,VGSH,58.88,58.86,58.89,58.86,4758713,280169184.0,0.05,-0.05,-0.03,0.0
2026-02-17,VGSR,11.26,11.28,11.3,11.17,60970,686428.0,1.16,0.69,0.077,0.0
2026-02-17,VGT,726.23,731.08,736.38,717.86,421399,306635760.0,2.53,0.04,0.28,0.0
2026-02-17,VGUS,75.57,75.575,75.58,75.57,138132,10439362.0,0.01,0.0,0.0,0.0
2026-02-17,VGVT,77.11,77.01,77.11,76.93,750,57768.0,0.23,0.13,0.1,0.0
2026-02-17,VGZ,2.65,2.52,2.667,2.4,2190728,5445524.0,9.78,-7.69,-0.21,1.72
2026-02-17,VHC,17.79,19.08,19.08,17.56,8413,153645.0,8.52,6.89,1.23,0.2
2026-02-17,VHCP,9.91,9.91,9.91,9.91,27,268.0,0.0,0.0,0.0,0.0
2026-02-17,VHCPU,10.03,10.02,10.04,10.02,4782,47989.0,0.2,-0.3,-0.03,0.02
2026-02-17,VHCPW,0.38,0.38,0.38,0.365,6400,2431.0,4.27,8.26,0.029,0.0
2026-02-17,VHI,15.7,14.8,15.7,14.79,29771,453903.0,5.82,-5.31,-0.83,0.1
2026-02-17,VHT,290.6,290.6,292.95,290.0,197841,57574575.0,1.02,0.07,0.21,0.0
2026-02-17,VHUB,2.54,3.33,3.59,2.39,9165419,27414654.0,49.18,36.48,0.89,12.24
2026-02-17,VIA,17.93,16.78,18.11,16.64,664769,11244650.0,8.16,-6.88,-1.24,0.82
2026-02-17,VIASP,25.51,25.6,25.63,25.51,4694,119998.0,0.47,-0.02,-0.005,0.0
2026-02-17,VIAV,26.03,26.3,26.88,25.81,3500904,92553822.0,4.07,0.04,0.01,1.51
2026-02-17,VICE,32.58,32.361,32.58,32.26,432,13979.0,0.99,-0.09,-0.03,0.0
2026-02-17,VICI,29.57,29.86,29.895,29.185,7936955,235483048.0,2.42,1.91,0.56,0.74
2026-02-17,VICR,156.11,157.28,160.44,151.52,453450,70858835.0,5.72,0.85,1.32,1.0
2026-02-17,VIDI,37.97,37.82,37.98,37.47,26900,1017632.0,1.34,-0.29,-0.109,0.0
2026-02-17,VIG,226.98,227.18,227.82,226.1,1865176,423601904.0,0.76,-0.04,-0.08,0.0
2026-02-17,VIGI,94.745,95.27,95.385,94.36,370095,35158669.0,1.07,-0.61,-0.58,0.0
2026-02-17,VIK,76.41,77.0,77.7,75.81,2175932,167324825.0,2.51,2.37,1.78,0.49
2026-02-17,VINP,12.23,12.16,12.35,11.9,22550,274266.0,3.69,-0.33,-0.04,0.03
2026-02-17,VIOG,130.79,130.97,131.66,130.13,15757,2064965.0,1.17,-0.06,-0.081,0.0
2026-02-17,VIOO,120.92,120.64,121.57,119.445,97334,11744573.0,1.76,-0.14,-0.17,0.0
2026-02-17,VIOT,1.38,1.38,1.4,1.37,313002,432915.0,2.19,0.73,0.01,0.46
2026-02-17,VIOV,107.41,107.1,108.09,106.07,53028,5685459.0,1.88,-0.41,-0.44,0.0
2026-02-17,VIPS,17.56,17.59,17.96,17.39,1623836,28551256.0,3.25,0.29,0.05,0.34
2026-02-17,VIR,7.56,7.5,7.82,7.401,1416802,10716703.0,5.61,0.4,0.03,1.02
2026-02-17,VIRC,6.29,6.28,6.36,6.19,23417,146804.0,2.7,-0.16,-0.01,0.15
2026-02-17,VIRT,39.05,39.08,39.315,38.69,1027909,40095915.0,1.63,1.93,0.74,0.66
2026-02-17,VIS,336.36,338.64,340.264,335.275,105748,35749595.0,1.48,0.48,1.61,0.0
2026-02-17,VISN,19.05,19.1,19.29,18.68,1532463,29192560.0,3.18,-0.52,-0.1,0.68
2026-02-17,VIST,53.8,53.95,54.57,52.815,910412,48807690.0,3.24,-0.3,-0.16,0.87
2026-02-17,VITL,28.37,28.24,28.67,28.04,2035203,57625582.0,2.22,-0.6,-0.17,4.54
2026-02-17,VIV,15.68,15.73,15.98,15.65,626898,9860150.0,2.1,0.06,0.01,0.04
2026-02-17,VIVS,1.96,1.92,1.999,1.88,95517,183719.0,5.95,-4.0,-0.08,3.66
2026-02-17,VIXM,15.75,15.33,15.75,15.33,340819,5268195.0,2.7,-1.35,-0.21,0.0
2026-02-17,VIXY,28.52,27.3,29.25,27.12,6811668,191404295.0,7.52,-3.57,-1.01,0.0
2026-02-17,VKI,9.26,9.34,9.35,9.26,105156,979524.0,0.96,-0.11,-0.01,0.0
2026-02-17,VKQ,9.92,9.91,9.94,9.89,201657,1997369.0,0.5,-0.4,-0.04,0.0
2026-02-17,VKTX,29.365,30.45,31.19,28.8,2817030,85016219.0,8.24,5.0,1.45,2.44
2026-02-17,VLGEA,39.7,38.71,39.81,38.71,28330,1105414.0,2.77,-2.49,-0.99,0.19
2026-02-17,VLLU,24.35,24.358,24.4,24.35,337,8214.0,0.21,0.01,0.002,0.0
2026-02-17,VLN,1.5,1.46,1.505,1.45,446340,660113.0,3.62,-3.95,-0.06,0.42
2026-02-17,VLN_WS,0.05,0.045,0.05,0.045,1523,69.0,10.0,-10.0,-0.005,0.0
2026-02-17,VLO,201.35,197.34,204.25,195.77,2203840,435590128.0,4.24,-1.41,-2.83,0.74
2026-02-17,VLRS,10.05,10.15,10.16,9.965,443046,4457009.0,1.94,0.79,0.08,0.39
2026-02-17,VLT,11.0,10.95,11.0,10.95,7243,79563.0,0.45,-1.04,-0.115,0.0
2026-02-17,VLTO,93.84,92.2,94.72,91.8,2491153,231165143.0,3.16,-0.37,-0.34,1.01
2026-02-17,VLU,223.97,223.42,223.97,222.16,15357,3429916.0,0.81,-0.2,-0.44,0.0
2026-02-17,VLUE,151.06,150.85,151.91,149.72,1063053,160454146.0,1.44,-0.47,-0.71,0.0
2026-02-17,VLY,13.49,13.42,13.72,13.27,7464667,100318330.0,3.34,-0.52,-0.07,1.34
2026-02-17,VLYPN,26.23,26.25,26.27,26.22,11337,297518.0,0.19,-0.11,-0.03,0.0
2026-02-17,VLYPO,25.19,25.16,25.19,25.038,7420,186166.0,0.61,0.36,0.09,0.0
2026-02-17,VLYPP,25.39,25.39,25.58,25.38,6019,152915.0,0.79,0.04,0.01,0.0
2026-02-17,VMAR,2.7,2.73,2.76,2.66,25703,69797.0,3.7,1.11,0.03,2.58
2026-02-17,VMAX,57.14,57.135,57.14,57.135,219,12514.0,0.01,-0.04,-0.021,0.0
2026-02-17,VMBS,47.63,47.57,47.649,47.57,1977998,94156978.0,0.17,-0.27,-0.13,0.0
2026-02-17,VMC,295.95,302.22,311.335,294.72,2068260,629133008.0,5.07,-7.76,-25.43,1.58
2026-02-17,VMD,8.19,8.36,8.455,8.19,119946,1000591.0,3.2,0.97,0.08,0.32
2026-02-17,VMI,451.25,443.96,458.295,438.0,408274,181609341.0,4.27,-6.6,-31.37,2.07
2026-02-17,VMO,9.95,9.95,9.97,9.92,156511,1556342.0,0.5,-0.4,-0.04,0.23
2026-02-17,VMSB,50.48,50.48,50.48,50.48,5,252.0,0.0,0.4,0.2,0.0
2026-02-17,VNAM,25.2,25.017,25.34,24.78,23611,592457.0,2.22,-0.61,-0.153,0.0
2026-02-17,VNCE,2.51,2.55,2.67,2.51,51513,134307.0,6.2,-1.16,-0.03,0.39
2026-02-17,VNDA,6.06,6.2,6.278,6.015,1763669,10838186.0,4.32,1.81,0.11,2.98
2026-02-17,VNET,14.26,13.75,14.48,13.51,3984463,55511083.0,7.03,-0.36,-0.05,1.47
2026-02-17,VNLA,49.28,49.26,49.28,49.26,1156274,56973361.0,0.04,-0.02,-0.01,0.0
2026-02-17,VNM,18.86,18.73,18.885,18.62,617772,11582383.0,1.4,-0.85,-0.16,0.0
2026-02-17,VNME,10.13,10.13,10.13,10.13,39,395.0,0.0,0.0,0.0,0.0
2026-02-17,VNMEU,10.24,10.24,10.24,10.24,6,63.0,0.0,0.0,0.0,0.0
2026-02-17,VNO,29.92,29.02,30.04,28.54,2994123,87279730.0,5.02,-2.91,-0.87,1.57
2026-02-17,VNOM,44.3,44.0,44.75,43.33,1841242,80850648.0,3.21,-0.56,-0.25,0.51
2026-02-17,VNO_L,18.34,18.36,18.37,18.29,11115,203710.0,0.44,0.33,0.06,0.0
2026-02-17,VNO_M,17.81,17.94,17.95,17.777,9761,174515.0,0.97,0.28,0.05,0.0
2026-02-17,VNO_N,18.0,18.05,18.06,17.82,14286,257356.0,1.33,0.28,0.05,0.0
2026-02-17,VNO_O,15.17,15.21,15.23,15.09,30111,456983.0,0.92,0.4,0.06,0.0
2026-02-17,VNQ,94.94,95.49,95.555,94.38,3614786,343664112.0,1.24,0.95,0.9,0.0
2026-02-17,VNQI,50.33,50.51,50.57,50.05,205160,10326063.0,1.03,0.14,0.07,0.0
2026-02-17,VNRX,0.232,0.222,0.232,0.22,957910,213135.0,5.29,-2.2,-0.005,0.7
2026-02-17,VNSE,38.572,38.572,38.572,38.572,88,3379.0,0.0,-0.05,-0.019,0.0
2026-02-17,VNT,41.67,40.62,41.95,40.61,1771249,72801207.0,3.21,-2.8,-1.17,1.25
2026-02-17,VNTG,0.811,0.873,0.887,0.811,27001,22982.0,8.91,2.34,0.02,0.09
2026-02-17,VO,301.99,301.86,303.705,299.245,1198648,362021664.0,1.48,-0.09,-0.28,0.0
2026-02-17,VOC,3.1,3.03,3.15,2.94,104946,320249.0,6.54,-5.61,-0.18,0.62
2026-02-17,VOD,15.53,15.66,15.705,15.475,3626441,56580333.0,1.48,0.58,0.09,0.16
2026-02-17,VOE,192.49,192.09,193.617,190.52,330980,63522090.0,1.61,-0.16,-0.3,0.0
2026-02-17,VOLT,35.27,35.25,35.45,34.91,227236,8005023.0,1.53,-0.06,-0.02,0.0
2026-02-17,VONE,308.19,309.65,310.67,306.585,159476,49241247.0,1.32,0.16,0.48,0.0
2026-02-17,VONG,114.61,115.65,116.18,113.96,3767139,433736016.0,1.93,0.47,0.54,0.0
2026-02-17,VONV,98.07,97.95,98.45,97.31,998918,97803760.0,1.16,-0.24,-0.24,0.0
2026-02-17,VOO,625.54,627.99,629.93,621.51,8718635,5460982784.0,1.34,0.18,1.1,0.0
2026-02-17,VOOG,426.96,430.47,432.685,423.99,282537,121049610.0,2.03,0.31,1.34,0.0
2026-02-17,VOOV,213.06,212.73,213.87,211.4,95348,20290252.0,1.16,-0.1,-0.21,0.0
2026-02-17,VOR,12.8,12.98,13.555,12.64,485153,6378627.0,7.16,1.56,0.2,1.17
2026-02-17,VOT,272.93,273.67,274.638,271.0,276571,75643020.0,1.33,0.06,0.16,0.0
2026-02-17,VOTE,79.66,80.053,80.325,79.38,54498,4364989.0,1.18,0.12,0.095,0.0
2026-02-17,VOX,186.31,186.67,187.54,184.47,333607,62161404.0,1.64,-0.21,-0.4,0.0
2026-02-17,VOXR,5.23,5.14,5.23,4.92,492700,2495654.0,5.84,-3.2,-0.17,0.72
2026-02-17,VOYA,75.12,74.39,75.64,73.94,525914,39158341.0,2.28,-0.16,-0.12,0.57
2026-02-17,VOYA_B,24.84,24.81,24.93,24.67,18387,455559.0,1.05,0.16,0.04,0.15
2026-02-17,VOYG,26.0,26.72,27.09,25.06,855980,22646053.0,7.8,2.61,0.68,1.45
2026-02-17,VOYX,12.08,12.733,13.12,11.42,4328,52852.0,13.96,4.56,0.555,0.0
2026-02-17,VPC,16.83,16.64,16.83,16.53,10852,180828.0,1.77,-1.77,-0.3,0.0
2026-02-17,VPG,44.16,45.41,46.42,44.01,268931,12211150.0,5.45,2.74,1.21,2.03
2026-02-17,VPL,104.89,104.9,105.51,104.045,23548128,2472103616.0,1.38,-1.43,-1.52,0.0
2026-02-17,VPLS,79.04,79.025,79.055,78.99,144534,11421342.0,0.08,0.01,0.005,0.0
2026-02-17,VPU,202.34,200.87,203.5,200.325,372760,75127819.0,1.58,-0.22,-0.45,0.0
2026-02-17,VPV,10.99,10.94,11.135,10.94,34497,379180.0,1.76,-1.08,-0.12,0.0
2026-02-17,VRA,2.68,2.7,2.75,2.54,153912,406558.0,7.84,0.75,0.02,0.55
2026-02-17,VRAI,26.08,26.149,26.149,26.08,944,24597.0,0.26,-0.33,-0.086,0.0
2026-02-17,VRAR,0.74,0.66,0.767,0.631,289923,198214.0,17.62,-14.51,-0.112,1.38
2026-02-17,VRAX,0.213,0.2,0.22,0.2,104406,22004.0,9.66,-3.38,-0.007,1.41
2026-02-17,VRCA,5.66,5.51,5.84,5.45,146038,816022.0,6.85,-3.16,-0.18,0.85
2026-02-17,VRDN,27.9,28.29,28.393,27.45,1220465,34195517.0,3.38,1.4,0.39,1.2
2026-02-17,VRE,16.75,16.84,16.875,16.61,586168,9837590.0,1.59,1.26,0.21,0.63
2026-02-17,VREX,13.52,13.5,13.7,13.15,370488,4974352.0,4.07,-0.15,-0.02,0.88
2026-02-17,VRIG,25.16,25.18,25.18,25.16,636857,16027854.0,0.08,0.08,0.02,0.0
2026-02-17,VRM,18.78,17.92,18.78,17.92,651,11855.0,4.58,-4.53,-0.85,0.01
2026-02-17,VRME,1.01,1.03,1.112,1.0,622672,665694.0,11.09,1.98,0.02,5.0
2026-02-17,VRNS,25.24,25.32,25.83,24.5,4106760,103013514.0,5.24,-0.16,-0.04,3.5
2026-02-17,VRP,24.55,24.58,24.59,24.54,321954,7911638.0,0.2,0.12,0.03,0.0
2026-02-17,VRRM,18.43,18.28,18.65,17.95,1558374,28532403.0,3.81,-0.49,-0.09,1.01
2026-02-17,VRSK,180.02,177.3,183.62,176.96,2587927,464012608.0,3.68,-2.16,-3.91,1.88
2026-02-17,VRSN,219.09,216.25,221.93,212.84,619382,133564059.0,4.15,-1.27,-2.78,0.68
2026-02-17,VRT,234.58,243.53,245.405,232.12,6449593,1553958800.0,5.66,3.84,9.0,1.69
2026-02-17,VRTL,93.72,101.95,103.45,91.49,94851,9314916.0,12.59,7.33,6.96,0.0
2026-02-17,VRTS,139.24,138.03,139.88,135.7,77516,10724384.0,3.03,-0.11,-0.15,1.16
2026-02-17,VRTX,489.46,477.32,494.05,473.45,1721420,824709744.0,4.19,-2.88,-14.15,0.68
2026-02-17,VS,0.991,0.957,1.039,0.957,15108,15149.0,8.27,-3.53,-0.035,0.31
2026-02-17,VSA,1.65,1.72,1.778,1.65,10526,18082.0,7.36,-1.15,-0.02,0.47
2026-02-17,VSAT,47.83,46.22,48.46,44.24,1627218,75196400.0,8.64,-5.38,-2.63,1.2
2026-02-17,VSCO,58.1,60.36,60.91,58.1,1443168,86728952.0,4.8,3.11,1.82,1.8
2026-02-17,VSDA,58.342,58.242,58.342,58.02,8548,497710.0,0.55,-0.76,-0.446,0.0
2026-02-17,VSDB,76.95,76.91,76.957,76.878,36828,2832754.0,0.1,0.03,0.02,0.0
2026-02-17,VSDM,77.37,77.28,77.37,77.28,77891,6022151.0,0.12,-0.01,-0.01,0.0
2026-02-17,VSEC,205.04,213.34,215.86,202.11,738273,156766626.0,6.78,5.27,10.68,2.51
2026-02-17,VSECU,55.122,55.87,56.023,55.122,254677,14072766.0,1.68,4.24,2.27,0.0
2026-02-17,VSEE,0.36,0.331,0.36,0.316,784086,254114.0,12.61,-5.16,-0.018,1.95
2026-02-17,VSGX,78.15,78.08,78.56,77.135,577048,45030229.0,1.82,-0.13,-0.1,0.0
2026-02-17,VSH,18.58,18.69,18.93,18.23,2391683,44673260.0,3.71,-1.01,-0.19,1.76
2026-02-17,VSHY,21.93,21.92,21.93,21.92,827,18136.0,0.05,-0.02,-0.005,0.0
2026-02-17,VSLU,43.56,43.775,43.91,43.28,292636,12824334.0,1.44,0.26,0.115,0.0
2026-02-17,VSME,1.41,1.32,1.45,1.32,31504,43174.0,9.22,-6.38,-0.09,1.15
2026-02-17,VSMV,57.76,58.008,58.1,57.76,3968,230110.0,0.58,-0.3,-0.177,0.0
2026-02-17,VSNT,28.85,29.8,29.91,28.57,2737216,80822059.0,4.67,3.76,1.08,1.89
2026-02-17,VSOL,11.145,11.133,11.17,10.915,19741,218647.0,2.3,0.21,0.023,0.0
2026-02-17,VSS,155.46,156.64,156.93,154.67,292562,45659070.0,1.44,-0.09,-0.14,0.0
2026-02-17,VST,170.88,173.68,176.65,169.95,4655476,808336672.0,3.91,1.28,2.19,1.38
2026-02-17,VSTD,0.263,0.279,0.296,0.263,31567,8953.0,12.18,2.95,0.008,0.22
2026-02-17,VSTL,13.2,13.39,13.85,12.91,116545,1564884.0,7.19,2.37,0.31,0.0
2026-02-17,VSTM,5.83,5.86,5.99,5.73,1761723,10265720.0,4.47,0.69,0.04,2.27
2026-02-17,VSTS,7.64,7.55,7.73,7.315,2566760,19249128.0,5.39,-1.95,-0.15,1.94
2026-02-17,VT,145.63,146.29,146.69,144.759,5586674,814679344.0,1.32,-0.03,-0.05,0.0
2026-02-17,VTAK,1.36,1.6,1.6,1.36,176747,266323.0,16.78,11.89,0.17,8.58
2026-02-17,VTC,78.38,78.51,78.52,78.34,86165,6758224.0,0.23,0.11,0.09,0.0
2026-02-17,VTEB,50.84,50.87,50.89,50.825,9263066,471229920.0,0.13,0.06,0.03,0.0
2026-02-17,VTEC,101.46,101.47,101.53,101.37,176833,17944679.0,0.16,0.06,0.06,0.0
2026-02-17,VTEI,102.27,102.31,102.33,102.25,61260,6266566.0,0.08,0.12,0.12,0.0
2026-02-17,VTEL,105.05,104.79,105.05,104.74,22903,2400748.0,0.3,0.14,0.15,0.0
2026-02-17,VTES,102.5,102.52,102.53,102.485,92317,9463835.0,0.04,0.03,0.03,0.0
2026-02-17,VTEX,3.16,3.03,3.16,3.03,693997,2116407.0,4.11,-4.11,-0.13,0.4
2026-02-17,VTG,76.87,76.93,76.97,76.865,22527,1732280.0,0.14,0.09,0.07,0.01
2026-02-17,VTGN,0.516,0.53,0.582,0.49,1589211,854119.0,18.18,4.74,0.024,4.01
2026-02-17,VTHR,300.86,301.855,302.92,298.94,21337,6422261.0,1.32,0.09,0.258,0.0
2026-02-17,VTI,336.11,337.07,338.18,333.57,7112291,2390893296.0,1.37,0.12,0.42,0.0
2026-02-17,VTIP,49.74,49.69,49.74,49.69,3366578,167333782.0,0.1,-0.16,-0.08,0.0
2026-02-17,VTIX,5.0,4.92,5.2,4.39,366268,1781516.0,16.77,1.86,0.09,1.19
2026-02-17,VTMX,33.94,33.67,34.09,33.53,28782,973015.0,1.64,-1.41,-0.48,0.03
2026-02-17,VTN,12.0,11.87,12.07,11.769,47872,568102.0,2.49,-1.66,-0.2,0.0
2026-02-17,VTOL,44.35,44.2,44.43,43.285,220635,9712258.0,2.6,0.23,0.1,0.76
2026-02-17,VTP,76.67,76.645,76.685,76.59,18603,1425899.0,0.12,-0.1,-0.074,0.0
2026-02-17,VTR,85.14,86.89,87.24,85.11,3569145,309191120.0,2.5,1.94,1.65,0.75
2026-02-17,VTRS,15.8,15.74,15.99,15.585,8604995,135359147.0,2.57,-0.19,-0.03,0.75
2026-02-17,VTS,21.95,21.59,22.1,21.22,237317,5115032.0,4.02,-1.46,-0.32,0.58
2026-02-17,VTSI,4.5,4.41,4.56,4.345,51175,229048.0,4.92,0.92,0.04,0.45
2026-02-17,VTV,206.29,205.85,207.31,204.72,5306324,1092120704.0,1.26,-0.14,-0.28,0.0
2026-02-17,VTVT,33.47,36.92,37.37,33.47,27723,1000044.0,11.51,9.01,3.05,0.7
2026-02-17,VTWG,243.38,244.79,246.15,241.925,28580,6996197.0,1.73,0.12,0.29,0.0
2026-02-17,VTWO,106.02,106.3,106.825,104.695,3756918,398209424.0,2.0,0.04,0.04,0.0
2026-02-17,VTWV,176.2,176.004,176.6,174.245,52212,9193940.0,1.34,-0.12,-0.209,0.0
2026-02-17,VTYX,13.95,13.95,13.97,13.94,3954719,55150254.0,0.21,-0.14,-0.02,5.51
2026-02-17,VUG,456.41,459.53,461.84,452.67,2269391,1037953856.0,2.0,0.34,1.55,0.0
2026-02-17,VUS,27.234,27.234,27.234,27.234,15,409.0,0.0,0.1,0.026,0.0
2026-02-17,VUSB,49.96,49.95,49.96,49.95,1654434,82647524.0,0.02,0.0,0.0,0.0
2026-02-17,VUSE,65.06,65.22,65.4,64.78,19676,1281981.0,0.95,-0.26,-0.17,0.0
2026-02-17,VUSG,56.98,57.673,57.885,56.75,14904,851174.0,1.98,0.53,0.303,0.0
2026-02-17,VUSI,50.39,50.39,50.39,50.39,3,151.0,0.0,0.0,0.0,0.0
2026-02-17,VUSV,65.07,65.05,65.35,64.81,8423,548077.0,0.83,-0.09,-0.058,0.0
2026-02-17,VUZI,2.54,2.64,2.72,2.48,782878,2048857.0,9.49,4.35,0.11,0.97
2026-02-17,VV,312.52,313.82,314.78,310.55,1021839,320066224.0,1.35,0.19,0.61,0.0
2026-02-17,VVOS,1.5,1.58,1.62,1.46,88804,137780.0,10.53,3.95,0.06,0.85
2026-02-17,VVPR,2.185,2.44,2.873,2.05,3975865,9968842.0,39.0,15.64,0.33,23.68
2026-02-17,VVR,3.25,3.24,3.27,3.23,854273,2770549.0,1.21,-1.82,-0.06,0.0
2026-02-17,VVV,38.69,38.58,38.95,38.27,1758181,67800816.0,1.76,0.13,0.05,1.38
2026-02-17,VVX,65.78,66.89,67.7,65.09,403489,27000617.0,3.98,2.03,1.33,1.29
2026-02-17,VWAV,8.27,8.75,9.0,7.8,369948,3196467.0,14.51,5.8,0.48,1.89
2026-02-17,VWAVW,1.86,1.9,1.94,1.77,27372,51387.0,9.19,2.7,0.05,0.0
2026-02-17,VWID,38.37,38.616,38.616,38.37,1141,43826.0,0.64,-0.12,-0.047,0.0
2026-02-17,VWO,57.52,57.79,57.878,57.15,9303304,535534224.0,1.26,0.07,0.04,0.0
2026-02-17,VWOB,68.34,68.31,68.37,68.26,631798,43158745.0,0.16,0.23,0.16,0.0
2026-02-17,VXF,215.59,216.38,217.085,213.33,501042,107884275.0,1.74,0.05,0.1,0.0
2026-02-17,VXUS,81.89,82.23,82.43,81.345,14000757,1147256208.0,1.32,-0.21,-0.17,0.0
2026-02-17,VXX,29.48,28.27,30.22,28.085,15670718,454806528.0,7.3,-3.35,-0.98,0.0
2026-02-17,VXZ,54.43,53.802,55.25,53.802,7211,391161.0,2.66,-1.03,-0.558,0.0
2026-02-17,VYGR,3.38,3.41,3.5,3.31,320783,1095559.0,5.6,0.59,0.02,0.54
2026-02-17,VYLD,28.074,28.074,28.074,28.074,15,419.0,0.0,0.69,0.192,0.0
2026-02-17,VYM,155.54,155.13,156.025,154.185,1839202,285222000.0,1.18,-0.15,-0.24,0.0
2026-02-17,VYMI,99.11,99.53,99.6,98.48,1658182,164328235.0,1.13,0.06,0.06,0.0
2026-02-17,VYNE,0.575,0.593,0.605,0.565,1941581,1142887.0,7.02,4.04,0.023,5.83
2026-02-17,VYX,9.46,9.26,9.55,9.17,1518268,14100188.0,4.0,-2.42,-0.23,1.1
2026-02-17,VZ,49.3,48.93,49.5,48.78,24327477,1192875808.0,1.47,-0.16,-0.08,0.58
2026-02-17,VZLA,3.68,3.64,3.71,3.47,13579521,48803726.0,6.25,-5.21,-0.2,3.89
2026-02-17,W,81.54,85.23,85.67,80.86,3336657,281344400.0,5.84,3.45,2.84,2.55
2026-02-17,WAB,254.84,259.69,261.48,254.74,1072025,278442448.0,2.63,1.42,3.63,0.63
2026-02-17,WABC,52.21,52.63,52.91,51.495,146763,7713903.0,2.71,0.8,0.42,0.6
2026-02-17,WABF,25.695,25.695,25.695,25.695,189,4857.0,0.0,0.02,0.005,0.0
2026-02-17,WAFD,32.97,33.04,33.315,32.76,598762,19784528.0,1.69,0.49,0.16,0.79
2026-02-17,WAFDP,16.97,16.95,17.19,16.88,39316,668822.0,1.83,-0.18,-0.03,0.33
2026-02-17,WAFU,1.67,1.715,1.715,1.67,1064,1818.0,2.62,-0.29,-0.005,0.02
2026-02-17,WAGN,14.72,14.515,14.72,14.38,147321,2141748.0,2.32,-1.06,-0.155,0.0
2026-02-17,WAI,2.47,2.47,2.57,2.47,8654,21859.0,4.05,0.0,0.0,0.46
2026-02-17,WAL,94.0,94.63,95.045,93.19,930279,87722828.0,1.99,1.53,1.43,0.85
2026-02-17,WALD,1.8,1.82,1.89,1.71,38460,70035.0,10.0,1.11,0.02,0.03
2026-02-17,WAL_A,23.4,23.4,23.4,23.38,19679,460393.0,0.09,0.13,0.03,0.16
2026-02-17,WANT,45.0,45.07,45.33,43.25,16292,724019.0,4.6,-0.31,-0.14,0.0
2026-02-17,WAR,24.79,24.95,25.005,24.36,28075,692652.0,2.59,0.36,0.09,0.0
2026-02-17,WASH,36.07,35.84,36.515,35.74,111353,4000753.0,2.16,-0.17,-0.06,0.58
2026-02-17,WAT,322.99,321.43,322.99,308.88,2012494,636683248.0,4.36,-0.6,-1.94,3.38
2026-02-17,WATT,11.65,10.61,11.82,10.36,249295,2742359.0,12.83,-6.77,-0.77,11.46
2026-02-17,WAVE,5.01,5.02,5.38,4.9,9440,47641.0,9.5,-0.59,-0.03,0.16
2026-02-17,WAY,23.5,24.31,26.26,21.13,12468735,296823216.0,22.89,8.48,1.9,6.5
2026-02-17,WB,10.0,9.95,10.11,9.8,509716,5047165.0,3.1,-0.6,-0.06,0.21
2026-02-17,WBD,28.685,28.75,29.01,28.57,31951441,920160976.0,1.57,2.72,0.76,1.29
2026-02-17,WBI,23.77,24.97,25.11,23.521,512660,12687613.0,6.34,-0.4,-0.1,0.42
2026-02-17,WBIF,32.249,32.249,32.249,32.249,301,9701.0,0.0,-0.09,-0.029,0.0
2026-02-17,WBIG,24.2,24.23,24.23,24.16,1159,28050.0,0.29,-0.04,-0.01,0.0
2026-02-17,WBIL,35.802,35.802,35.802,35.802,152,5439.0,0.0,0.17,0.06,0.0
2026-02-17,WBIY,35.41,35.03,35.41,34.91,3349,117191.0,1.42,-0.85,-0.3,0.0
2026-02-17,WBS,71.48,72.07,72.1,71.48,3370356,242369928.0,0.87,1.32,0.94,2.09
2026-02-17,WBS_F,21.69,21.76,21.825,21.62,110421,2391894.0,0.95,0.74,0.16,1.84
2026-02-17,WBS_G,24.71,24.8,24.8,24.71,15153,374753.0,0.36,0.3,0.075,0.28
2026-02-17,WBTN,10.55,11.13,11.29,10.43,622364,6887483.0,8.11,4.9,0.52,0.47
2026-02-17,WBUY,1.18,1.15,1.195,1.1,37867,42967.0,8.19,-0.86,-0.01,1.68
2026-02-17,WBX,3.0,2.97,3.07,2.93,9433,28293.0,4.53,-3.88,-0.12,0.07
2026-02-17,WCAP,9.12,9.09,9.12,9.0,20308,184835.0,1.32,-0.16,-0.015,0.0
2026-02-17,WCBR,26.53,26.077,26.73,25.7,25909,674926.0,3.85,-2.47,-0.661,0.0
2026-02-17,WCC,304.8,300.92,308.985,300.68,591791,180065986.0,2.7,-2.01,-6.18,1.22
2026-02-17,WCEO,34.32,34.333,34.333,34.32,1685,57901.0,0.04,0.03,0.011,0.0
2026-02-17,WCLD,28.12,27.641,28.31,27.14,1114707,30677759.0,4.15,-1.95,-0.549,0.0
2026-02-17,WCME,18.55,18.545,18.55,18.44,3233,59777.0,0.59,0.24,0.045,0.0
2026-02-17,WCMI,17.93,18.12,18.125,17.85,448515,8078092.0,1.53,0.67,0.12,0.0
2026-02-17,WCN,161.22,161.28,163.215,160.585,2492989,402461440.0,1.64,0.64,1.02,0.98
2026-02-17,WCPB,25.87,25.82,25.87,25.805,47344,1222245.0,0.25,-0.02,-0.005,0.0
2026-02-17,WCT,0.12,0.126,0.15,0.12,169503,22565.0,21.28,-10.64,-0.015,0.11
2026-02-17,WD,62.17,62.26,62.79,61.3,177511,11059420.0,2.41,0.65,0.4,0.52
2026-02-17,WDAF,33.33,33.26,33.36,32.94,23813,791533.0,1.26,0.09,0.029,0.0
2026-02-17,WDAY,145.23,143.12,146.27,139.91,5237652,749090128.0,4.4,-0.9,-1.3,2.02
2026-02-17,WDC,277.36,284.11,288.34,272.0,5524169,1564115824.0,5.8,0.9,2.53,1.63
2026-02-17,WDCX,31.19,32.69,33.55,29.76,324994,10562597.0,11.79,1.68,0.54,0.0
2026-02-17,WDEF,32.94,33.266,33.48,32.82,71675,2375359.0,2.01,1.24,0.406,0.0
2026-02-17,WDFC,246.26,241.24,246.93,239.63,148057,35759457.0,2.98,-1.42,-3.48,1.1
2026-02-17,WDGF,34.04,34.328,34.43,34.04,2080,71290.0,1.14,0.7,0.24,0.0
2026-02-17,WDH,1.78,1.79,1.8,1.77,121584,217247.0,1.69,1.13,0.02,0.03
2026-02-17,WDI,14.32,14.36,14.36,14.25,357150,5101555.0,0.77,0.28,0.04,0.0
2026-02-17,WDIV,82.23,82.4,82.495,81.745,14892,1224054.0,0.91,-0.21,-0.17,0.0
2026-02-17,WDNA,17.45,17.929,17.929,17.45,170,2986.0,2.7,1.16,0.206,0.0
2026-02-17,WDS,18.25,18.27,18.315,17.9,944250,17152246.0,2.23,-1.88,-0.35,0.05
2026-02-17,WDTE,30.47,30.63,30.715,30.449,29880,914317.0,0.87,-0.1,-0.03,0.0
2026-02-17,WEA,11.11,11.16,11.22,11.11,26813,299492.0,0.99,0.72,0.08,0.0
2026-02-17,WEAT,20.73,20.77,20.813,20.64,240660,4990113.0,0.82,-1.0,-0.21,0.0
2026-02-17,WEAV,5.6,5.72,5.775,5.44,1549993,8781239.0,5.98,2.14,0.12,1.98
2026-02-17,WEBL,17.75,17.84,18.21,17.07,189037,3340497.0,6.33,-1.0,-0.18,0.0
2026-02-17,WEBS,29.59,29.46,30.651,28.75,58397,1735112.0,6.51,0.96,0.28,0.0
2026-02-17,WEC,116.36,115.45,117.345,115.295,2662887,308387104.0,1.77,-0.29,-0.34,0.82
2026-02-17,WEED,16.62,16.627,16.82,16.572,12656,210700.0,1.47,-1.62,-0.273,0.0
2026-02-17,WEEI,23.47,23.219,23.47,23.07,18627,431943.0,1.71,-0.58,-0.136,0.0
2026-02-17,WEEK,100.06,100.1,100.1,100.04,33357,3338167.0,0.06,0.01,0.013,0.0
2026-02-17,WEEL,20.095,20.15,20.18,20.095,4953,99781.0,0.42,-0.49,-0.1,0.0
2026-02-17,WELL,212.01,215.48,216.43,211.41,4838389,1040348528.0,2.38,2.26,4.76,0.69
2026-02-17,WEN,7.485,7.0,7.5,6.73,22540412,155633647.0,10.29,-6.42,-0.48,11.84
2026-02-17,WENN,10.16,10.19,10.19,10.16,61106,621472.0,0.29,0.1,0.01,0.16
2026-02-17,WERN,33.5,33.74,33.96,33.17,1033865,34777222.0,2.38,1.6,0.53,1.73
2026-02-17,WES,43.65,43.73,44.34,42.85,2819229,123468031.0,3.43,0.69,0.3,0.72
2026-02-17,WEST,4.96,4.94,5.01,4.845,175921,864972.0,3.29,-1.4,-0.07,0.18
2026-02-17,WETH,1.64,1.93,1.99,1.602,121722,227177.0,22.96,14.2,0.24,1.02
2026-02-17,WETO,0.529,0.502,0.58,0.478,3341,1657.0,21.56,6.13,0.029,0.02
2026-02-17,WEX,157.94,153.88,159.39,152.39,389910,60219855.0,4.44,-2.4,-3.79,1.14
2026-02-17,WEYS,31.112,31.47,32.24,31.112,6528,206807.0,3.58,-0.1,-0.03,0.07
2026-02-17,WF,80.5,79.98,80.78,78.5,100705,8046851.0,2.82,-1.0,-0.81,0.04
2026-02-17,WFC,87.83,87.4,88.84,87.31,12361853,1084201808.0,1.76,0.48,0.42,0.4
2026-02-17,WFCF,12.5,12.49,12.5,12.0,1123,13860.0,4.4,10.0,1.135,0.02
2026-02-17,WFC_A,19.53,19.74,19.75,19.5,161770,3163910.0,1.28,1.18,0.23,0.35
2026-02-17,WFC_C,18.39,18.49,18.5,18.31,59329,1092109.0,1.04,0.82,0.15,0.14
2026-02-17,WFC_D,17.84,18.08,18.09,17.82,101849,1828645.0,1.51,1.35,0.24,0.2
2026-02-17,WFC_L,1245.64,1252.0,1254.0,1240.25,2766,3451550.0,1.1,0.56,7.0,0.0
2026-02-17,WFC_Y,24.52,24.7,24.79,24.5,55386,1362474.0,1.18,0.73,0.18,0.2
2026-02-17,WFC_Z,19.85,20.05,20.05,19.82,254587,5061935.0,1.16,1.11,0.22,0.32
2026-02-17,WFF,0.389,0.39,0.398,0.38,35367,13910.0,4.3,-6.92,-0.029,0.14
2026-02-17,WFG,73.0,72.46,73.195,71.27,250372,18071713.0,2.62,-1.52,-1.12,0.32
2026-02-17,WFRD,101.6,102.23,102.3,99.6,1418224,144472710.0,2.66,0.8,0.81,1.98
2026-02-17,WGMI,40.36,40.0,40.81,38.8,332944,13279156.0,4.86,-3.24,-1.34,0.0
2026-02-17,WGO,46.61,46.65,46.98,45.78,271724,12666354.0,2.58,0.24,0.11,0.96
2026-02-17,WGRX,0.276,0.258,0.277,0.25,312621,81097.0,9.68,-7.53,-0.021,0.35
2026-02-17,WGS,88.35,91.03,92.57,86.12,308340,27898479.0,7.15,0.98,0.88,1.05
2026-02-17,WGSWW,0.017,0.017,0.017,0.017,1030,17.0,0.0,0.0,0.0,0.0
2026-02-17,WH,78.35,80.33,80.52,77.92,2577739,206018090.0,3.34,3.31,2.57,3.43
2026-02-17,WHD,57.285,56.99,57.98,55.8,718982,40923830.0,3.83,0.11,0.06,0.9
2026-02-17,WHF,6.51,6.52,6.64,6.5,104507,680636.0,2.14,-0.46,-0.03,0.47
2026-02-17,WHFCL,25.4,25.4,25.4,25.387,2981,75723.0,0.05,0.0,0.0,0.0
2026-02-17,WHG,16.25,16.63,16.8,16.02,12418,204725.0,4.41,-5.99,-1.06,0.13
2026-02-17,WHLR,1.89,1.66,1.89,1.65,97115,168997.0,12.83,-11.23,-0.21,12.28
2026-02-17,WHLRL,97.0,97.0,97.0,97.0,244,21261.0,0.0,0.0,0.0,0.0
2026-02-17,WHLRP,6.07,6.22,6.22,5.76,4466,26937.0,7.22,-2.35,-0.15,0.0
2026-02-17,WHR,89.15,87.22,89.343,85.48,1227989,106935173.0,4.36,-1.66,-1.47,2.17
2026-02-17,WHWK,2.86,2.94,3.02,2.84,40027,117169.0,6.32,3.16,0.09,0.08
2026-02-17,WIA,8.41,8.41,8.42,8.39,22380,188025.0,0.36,0.24,0.02,0.0
2026-02-17,WILC,28.61,28.45,28.61,28.45,2949,84056.0,0.55,-1.76,-0.51,0.02
2026-02-17,WIMI,1.79,1.77,1.845,1.75,38067,68670.0,5.22,-2.75,-0.05,0.3
2026-02-17,WINA,456.28,458.16,462.95,448.54,52182,23842107.0,3.16,0.52,2.39,1.46
2026-02-17,WING,220.45,251.78,253.4,220.45,2073964,509770336.0,14.87,13.59,30.13,7.55
2026-02-17,WINN,29.2,29.27,29.4,28.9,97564,2850236.0,1.71,0.03,0.01,0.0
2026-02-17,WIP,41.01,41.22,41.22,40.9,158557,6514105.0,0.78,0.0,0.0,0.0
2026-02-17,WISD,101.725,101.725,101.725,101.725,9,915.0,0.0,0.06,0.065,0.0
2026-02-17,WISE,34.76,34.923,34.999,34.76,3073,107218.0,0.68,-0.83,-0.292,0.0
2026-02-17,WIT,2.34,2.29,2.355,2.28,11407690,26201563.0,3.21,-2.14,-0.05,0.11
2026-02-17,WIW,8.79,8.71,8.79,8.71,230271,2011412.0,0.91,-0.68,-0.06,0.0
2026-02-17,WIX,67.855,68.07,68.82,66.2,1670203,112940059.0,3.78,-1.68,-1.16,3.03
2026-02-17,WK,62.17,58.0,63.065,57.41,1381622,80381531.0,9.13,-6.35,-3.93,2.43
2026-02-17,WKC,26.67,26.62,26.78,26.09,807612,21440137.0,2.58,-0.63,-0.17,1.57
2026-02-17,WKEY,6.9,6.95,7.1,6.68,81013,556555.0,6.05,0.14,0.01,0.72
2026-02-17,WKHS,3.88,3.6,3.92,3.591,62205,231672.0,8.46,-7.46,-0.29,0.71
2026-02-17,WKSP,1.52,1.37,1.52,1.27,480371,654670.0,15.92,-12.74,-0.2,4.89
2026-02-17,WLAC,11.04,10.89,11.13,10.87,175261,1927161.0,2.35,-1.71,-0.19,1.01
2026-02-17,WLACU,14.4,14.4,14.4,14.4,202,2256.0,0.0,0.0,0.0,0.0
2026-02-17,WLACW,3.25,3.4,3.4,3.23,1212,3960.0,4.93,-1.45,-0.05,0.0
2026-02-17,WLDN,116.46,115.1,118.17,111.74,330626,37931936.0,5.48,-1.9,-2.23,2.24
2026-02-17,WLDR,39.44,39.095,39.44,39.013,3783,148093.0,1.09,-0.43,-0.17,0.0
2026-02-17,WLDS,0.84,0.834,0.899,0.82,156457,133519.0,9.32,-1.65,-0.014,1.81
2026-02-17,WLFC,197.79,196.47,199.03,192.0,42406,8300704.0,3.57,-0.15,-0.3,0.56
2026-02-17,WLIIU,10.09,10.11,10.12,10.08,173597,1753159.0,0.4,0.3,0.03,1.34
2026-02-17,WLK,99.58,97.82,101.3,96.475,1385834,135748684.0,4.82,-2.26,-2.26,1.08
2026-02-17,WLKP,21.4,21.19,21.4,21.01,13846,293697.0,1.83,-0.61,-0.13,0.04
2026-02-17,WLTG,35.36,35.483,35.6,35.32,3380,119844.0,0.79,0.0,0.001,0.0
2026-02-17,WLTH,7.72,8.49,8.57,7.555,2133407,17500460.0,13.06,9.27,0.72,1.42
2026-02-17,WLY,29.72,29.63,29.72,29.13,566997,16747775.0,2.0,0.65,0.19,1.32
2026-02-17,WLYB,29.16,29.16,29.16,29.16,321,9587.0,0.0,0.0,0.0,0.0
2026-02-17,WM,233.48,235.22,238.56,232.93,3053518,721347936.0,2.4,0.3,0.7,0.76
2026-02-17,WMB,72.93,71.96,73.04,71.42,6808680,490113904.0,2.24,-0.44,-0.32,0.56
2026-02-17,WMG,29.53,29.51,29.955,28.92,2208683,64959674.0,3.51,0.2,0.06,0.42
2026-02-17,WMK,74.34,72.92,74.34,72.115,127329,9273455.0,2.99,-2.09,-1.56,0.51
2026-02-17,WMS,169.68,170.77,171.98,167.4,603774,103076391.0,2.68,-0.12,-0.21,0.78
2026-02-17,WMT,133.11,128.85,134.69,128.16,37995927,4929872128.0,4.88,-3.76,-5.04,0.48
2026-02-17,WMTI,30.12,28.95,30.23,28.921,10501,309272.0,4.32,-4.39,-1.33,0.0
2026-02-17,WNC,11.86,11.78,11.955,11.55,394854,4665910.0,3.41,-0.67,-0.08,0.98
2026-02-17,WNEB,14.09,14.08,14.33,14.08,103893,1467330.0,1.78,0.21,0.03,0.51
2026-02-17,WNTR,37.65,37.7,38.44,37.052,606325,22819109.0,3.85,4.55,1.64,0.0
2026-02-17,WNW,1.5,1.47,1.52,1.47,5831,8685.0,3.38,-0.68,-0.01,0.01
2026-02-17,WOK,1.52,1.49,1.53,1.42,38692,56875.0,7.24,-1.97,-0.03,2.24
2026-02-17,WOLF,17.27,19.12,20.096,17.09,2412893,45916347.0,16.94,7.78,1.38,5.35
2026-02-17,WOMN,41.29,41.255,41.29,41.07,164862,6771004.0,0.53,-0.2,-0.084,0.0
2026-02-17,WOOD,81.42,80.78,81.42,80.18,17417,1406082.0,1.51,-1.88,-1.544,0.0
2026-02-17,WOOF,2.5,2.53,2.54,2.46,1200642,2992307.0,3.19,0.8,0.02,0.38
2026-02-17,WOR,58.91,58.34,59.07,58.24,128281,7512685.0,1.41,-1.03,-0.61,0.26
2026-02-17,WORX,0.282,0.287,0.3,0.26,3015202,848132.0,14.29,2.5,0.007,19.05
2026-02-17,WPAC_U,10.025,10.03,10.03,10.025,606,6077.0,0.05,0.1,0.01,0.01
2026-02-17,WPAY,35.66,35.93,36.235,35.21,155333,5553083.0,2.85,-0.25,-0.09,0.0
2026-02-17,WPC,74.24,74.16,74.72,73.37,1033477,76485783.0,1.82,-0.05,-0.04,0.47
2026-02-17,WPM,140.93,142.33,142.35,137.52,2697025,379733008.0,3.31,-2.45,-3.57,0.59
2026-02-17,WPP,18.21,17.87,18.32,17.53,779822,13898447.0,4.21,-4.74,-0.89,0.36
2026-02-17,WPRT,1.98,1.95,1.98,1.91,13548,26262.0,3.54,-1.52,-0.03,0.08
2026-02-17,WQTM,26.22,26.23,26.5,25.805,22217,582098.0,2.61,-1.58,-0.42,0.0
2026-02-17,WRAP,1.76,1.75,1.811,1.705,235196,409763.0,5.92,-2.23,-0.04,0.43
2026-02-17,WRB,70.64,71.04,71.644,70.4,1998820,142239283.0,1.78,1.92,1.34,0.53
2026-02-17,WRBY,22.57,21.96,23.31,21.73,3011249,66783923.0,7.03,-2.23,-0.5,2.46
2026-02-17,WRB_E,23.12,23.15,23.15,22.93,8710,200788.0,0.95,0.43,0.1,0.0
2026-02-17,WRB_F,20.65,20.7,20.71,20.56,17958,370229.0,0.73,0.24,0.05,0.0
2026-02-17,WRB_G,17.76,17.89,17.89,17.76,3893,69422.0,0.73,0.53,0.095,0.0
2026-02-17,WRB_H,17.368,17.34,17.368,17.24,11972,206987.0,0.74,0.7,0.12,0.0
2026-02-17,WRD,7.51,7.68,7.72,7.44,1744585,13220398.0,3.7,1.45,0.11,0.51
2026-02-17,WRLD,131.15,134.65,135.425,131.06,95119,12677961.0,3.33,2.67,3.5,1.93
2026-02-17,WRN,3.07,3.09,3.11,2.92,2360619,7168116.0,6.01,-2.22,-0.07,1.16
2026-02-17,WRND,38.392,38.447,38.447,38.392,432,16589.0,0.14,0.07,0.025,0.0
2026-02-17,WS,46.17,45.34,46.745,45.015,249960,11388415.0,3.69,-3.33,-1.56,0.49
2026-02-17,WSBC,36.69,36.61,37.17,36.32,346935,12713594.0,2.32,-0.11,-0.04,0.36
2026-02-17,WSBCO,25.75,25.73,25.765,25.659,8528,219437.0,0.41,0.08,0.02,0.09
2026-02-17,WSBF,18.108,18.18,18.25,18.06,39559,719198.0,1.05,0.5,0.09,0.22
2026-02-17,WSBK,12.5,13.265,13.29,12.5,39416,513866.0,6.22,4.45,0.565,0.42
2026-02-17,WSC,21.59,21.58,21.75,21.085,1113136,23959264.0,3.08,-0.19,-0.04,0.62
2026-02-17,WSFS,67.0,66.99,67.94,66.62,375621,25221638.0,1.98,0.28,0.19,0.7
2026-02-17,WSGE,25.913,25.913,25.913,25.913,11,283.0,0.0,0.13,0.033,0.0
2026-02-17,WSHP,35.18,33.47,36.5,29.0,27142,915010.0,20.05,-10.53,-3.94,0.12
2026-02-17,WSM,216.15,211.82,216.29,206.78,1038360,218549130.0,4.43,-1.28,-2.75,0.87
2026-02-17,WSML,33.29,33.22,33.3,32.87,8583,284871.0,1.29,-0.2,-0.065,0.0
2026-02-17,WSO,417.58,422.83,437.175,401.39,711038,301877440.0,8.56,1.17,4.91,2.03
2026-02-17,WSO_B,419.25,419.25,419.25,419.25,73,31575.0,0.0,0.0,0.0,0.0
2026-02-17,WSR,15.21,15.23,15.32,15.09,138306,2107914.0,1.51,0.13,0.02,0.27
2026-02-17,WST,248.18,243.19,251.81,242.32,970093,236655563.0,3.79,-2.91,-7.3,1.35
2026-02-17,WSTN,9.979,9.98,9.98,9.965,30114,300417.0,0.15,0.1,0.01,0.37
2026-02-17,WSTNR,0.22,0.22,0.22,0.22,1322,291.0,0.0,0.0,0.0,0.0
2026-02-17,WSTNU,10.14,10.13,10.14,10.12,2208,22360.0,0.2,-0.1,-0.01,0.04
2026-02-17,WT,16.35,16.56,16.62,15.74,2302818,37716977.0,5.38,1.22,0.2,1.64
2026-02-17,WTAI,29.7,29.73,29.91,29.255,95773,2844779.0,2.18,-1.13,-0.34,0.0
2026-02-17,WTBA,25.59,25.75,25.8,25.32,34184,876752.0,1.88,0.78,0.2,0.2
2026-02-17,WTBN,25.739,25.725,25.77,25.7,11201,288191.0,0.27,-0.1,-0.025,0.0
2026-02-17,WTF,3.8,4.16,4.5,3.8,39412,163339.0,18.77,11.53,0.43,0.08
2026-02-17,WTFC,153.86,153.92,156.035,153.54,473477,72950934.0,1.62,0.12,0.18,0.71
2026-02-17,WTFCN,26.495,26.52,26.59,26.4,22994,609833.0,0.72,0.53,0.14,0.14
2026-02-17,WTGUR,0.2,0.2,0.2,0.2,11,2.0,0.0,0.0,0.0,0.0
2026-02-17,WTI,2.27,2.17,2.32,2.11,1540536,3345626.0,9.29,-3.98,-0.09,1.04
2026-02-17,WTIB,15.39,15.36,15.45,15.32,1373,21110.0,0.83,-1.75,-0.273,0.0
2026-02-17,WTID,7.26,7.041,7.26,7.041,1500,10615.0,3.22,3.56,0.242,0.0
2026-02-17,WTIP,32.7,32.697,32.8,32.697,3928,128568.0,0.31,-1.41,-0.469,0.0
2026-02-17,WTIU,14.78,14.22,15.02,13.65,40108,568217.0,9.27,-3.79,-0.56,0.0
2026-02-17,WTLS,49.89,50.637,51.17,49.89,898,45540.0,2.54,0.48,0.243,0.0
2026-02-17,WTM,2195.76,2230.83,2246.88,2184.3,17833,39653515.0,2.86,1.95,42.76,0.72
2026-02-17,WTMF,38.21,38.18,38.41,38.07,132197,5053086.0,0.89,-0.54,-0.206,0.0
2026-02-17,WTMU,26.27,26.255,26.27,26.255,104,2732.0,0.06,0.08,0.02,0.0
2026-02-17,WTMY,25.85,25.81,25.85,25.81,3986,103037.0,0.16,0.06,0.015,0.0
2026-02-17,WTO,3.11,2.58,3.59,2.41,94661,262820.0,190.02,315.46,1.959,5.59
2026-02-17,WTPI,33.18,33.22,33.3,32.91,129276,4284074.0,1.17,0.06,0.02,0.0
2026-02-17,WTRE,23.73,23.77,23.86,23.52,4698,111501.0,1.43,0.17,0.04,0.0
2026-02-17,WTRG,39.6,39.6,40.13,39.24,1736106,68680881.0,2.24,-0.33,-0.13,0.61
2026-02-17,WTS,325.94,329.48,331.61,321.08,334533,109762764.0,3.21,0.29,0.95,1.0
2026-02-17,WTTR,12.9,13.26,13.39,12.7,1860026,24452700.0,5.38,3.43,0.44,1.53
2026-02-17,WTV,100.34,100.11,100.38,99.309,124053,12394460.0,1.07,0.04,0.04,0.0
2026-02-17,WTW,292.51,295.5,297.37,288.77,1174267,346154576.0,2.99,2.7,7.76,1.24
2026-02-17,WU,9.64,9.44,9.7,9.335,8992772,84944454.0,3.8,-1.67,-0.16,2.87
2026-02-17,WUGI,70.106,70.106,70.106,70.106,280,19511.0,0.0,-0.26,-0.18,0.0
2026-02-17,WULF,15.78,16.18,16.66,15.07,28919890,460986160.0,9.78,-0.49,-0.08,6.88
2026-02-17,WULX,25.72,27.38,28.75,23.53,736621,19527616.0,18.91,-0.8,-0.22,0.0
2026-02-17,WVE,13.03,12.59,13.11,12.54,2059997,26210557.0,4.5,-0.71,-0.09,1.1
2026-02-17,WVVI,2.6,2.58,2.71,2.55,5283,14055.0,6.2,0.0,0.0,0.11
2026-02-17,WVVIP,3.04,3.09,3.09,3.04,2770,8568.0,1.64,1.31,0.04,0.0
2026-02-17,WW,23.12,22.06,23.74,21.72,116350,2580153.0,8.7,-5.0,-1.16,1.16
2026-02-17,WWD,376.57,387.12,387.83,372.763,624260,240395348.0,3.97,2.04,7.73,1.05
2026-02-17,WWJD,39.38,39.44,39.49,39.04,49065,1930397.0,1.14,-0.13,-0.05,0.0
2026-02-17,WWR,0.9,0.9,0.931,0.89,1281659,1171131.0,4.66,2.27,0.02,1.09
2026-02-17,WWW,17.84,18.11,18.205,17.72,1161229,20918621.0,2.75,2.84,0.5,1.43
2026-02-17,WXET,16.2,16.2,16.24,15.95,5928,95394.0,1.76,-1.94,-0.32,0.0
2026-02-17,WXM,0.46,0.459,0.48,0.4,79334,35095.0,16.33,-6.33,-0.031,0.92
2026-02-17,WY,26.84,26.88,27.11,26.54,5061081,136145996.0,2.13,0.49,0.13,0.7
2026-02-17,WYFI,18.92,18.41,19.296,17.82,532696,9842815.0,7.6,-5.2,-1.01,1.39
2026-02-17,WYHG,0.422,0.423,0.439,0.422,7624,3282.0,3.73,-7.24,-0.033,0.02
2026-02-17,WYNN,113.19,114.4,117.88,113.0,2850570,326407120.0,4.3,0.89,1.01,2.74
2026-02-17,WYY,5.1,4.99,5.218,4.95,45997,231632.0,5.44,1.22,0.06,0.47
2026-02-17,WZRD,14.92,15.24,15.24,14.92,1513,22814.0,2.2,4.57,0.666,0.0
2026-02-17,XAGG,51.29,51.29,51.31,51.235,326670,16752809.0,0.15,0.04,0.02,0.0
2026-02-17,XAIR,1.14,1.08,1.14,1.0,606187,642277.0,13.33,2.86,0.03,5.76
2026-02-17,XAIX,41.89,41.762,42.0,41.365,11800,492905.0,1.51,-0.98,-0.412,0.0
2026-02-17,XAPR,36.561,36.645,36.65,36.561,996,36481.0,0.24,0.1,0.035,0.0
2026-02-17,XAR,270.0,273.51,275.645,268.56,223548,60869070.0,2.62,1.03,2.79,0.0
2026-02-17,XAUG,37.515,37.576,37.61,37.515,1469,55196.0,0.25,0.11,0.043,0.0
2026-02-17,XB,39.5,39.465,39.5,39.451,663,26174.0,0.12,-0.11,-0.045,0.0
2026-02-17,XBAP,38.845,38.875,38.892,38.845,1177,45748.0,0.12,0.1,0.04,0.0
2026-02-17,XBB,41.33,41.339,41.37,41.31,8328,344253.0,0.15,-0.04,-0.016,0.0
2026-02-17,XBCI,42.21,41.789,42.21,40.79,18905,783744.0,3.32,-2.16,-0.923,0.0
2026-02-17,XBI,122.7,124.63,125.455,122.1,7777705,965159952.0,2.73,1.44,1.77,0.0
2026-02-17,XBIL,50.13,50.13,50.14,50.13,95924,4809008.0,0.02,0.0,0.0,0.0
2026-02-17,XBIO,2.17,2.18,2.2,2.16,10073,21810.0,1.84,0.28,0.006,0.44
2026-02-17,XBIT,2.44,2.34,2.46,2.34,8805,21022.0,4.9,-4.49,-0.11,0.03
2026-02-17,XBJA,31.9,32.08,32.13,31.85,1586,50808.0,0.87,0.12,0.04,0.0
2026-02-17,XBJL,38.415,38.448,38.448,38.415,854,32815.0,0.09,0.15,0.059,0.0
2026-02-17,XBOC,33.47,33.635,33.684,33.47,2100,70569.0,0.64,0.17,0.057,0.0
2026-02-17,XBP,7.5,7.1,7.95,7.1,5897,43942.0,11.0,-8.15,-0.63,0.05
2026-02-17,XBTY,8.38,8.355,8.38,8.27,33573,279617.0,1.3,-1.18,-0.1,0.0
2026-02-17,XC,33.97,34.05,34.16,33.9,75653,2581957.0,0.76,0.05,0.017,0.0
2026-02-17,XCBEU,10.05,9.98,10.05,9.98,1253,12566.0,0.7,-0.2,-0.02,0.01
2026-02-17,XCCC,37.54,37.54,37.58,37.5,123526,4636309.0,0.21,-0.05,-0.02,0.0
2026-02-17,XCEM,43.76,43.77,43.99,43.27,254586,11113591.0,1.63,-0.61,-0.27,0.0
2026-02-17,XCH,1.02,1.01,1.06,0.95,8874,8790.0,10.95,0.5,0.005,0.01
2026-02-17,XCHG,24.89,25.05,25.09,24.89,286,7156.0,0.8,0.2,0.05,0.0
2026-02-17,XCLR,26.89,26.889,26.89,26.889,443,11917.0,0.0,0.01,0.003,0.0
2026-02-17,XCNY,30.721,30.721,30.721,30.721,114,3489.0,0.0,-0.09,-0.029,0.0
2026-02-17,XCOR,80.51,80.348,80.53,80.348,2272,182833.0,0.23,0.2,0.157,0.0
2026-02-17,XCUR,4.18,3.885,4.25,3.82,33504,136687.0,10.54,-4.78,-0.195,0.53
2026-02-17,XDAT,21.64,21.64,21.64,21.64,24,519.0,0.0,-0.98,-0.214,0.0
2026-02-17,XDEC,41.029,41.03,41.09,40.83,4528,185736.0,0.63,0.11,0.045,0.0
2026-02-17,XDIV,27.65,27.67,27.801,27.454,16329,451343.0,1.26,0.14,0.04,0.0
2026-02-17,XDQQ,38.61,38.95,38.95,38.401,7180,278004.0,1.41,-0.08,-0.03,0.0
2026-02-17,XDSQ,41.63,41.881,42.01,41.42,12659,528299.0,1.41,0.25,0.105,0.0
2026-02-17,XDTE,39.05,39.29,39.38,38.87,211087,8260685.0,1.3,0.31,0.12,0.0
2026-02-17,XEL,82.0,80.75,82.3,80.3,4466695,361372976.0,2.45,-1.03,-0.84,0.72
2026-02-17,XELB,1.88,1.91,1.91,1.68,24963,46854.0,12.17,1.06,0.02,0.42
2026-02-17,XELLL,24.96,24.96,24.97,24.88,92772,2314310.0,0.36,0.4,0.1,0.0
2026-02-17,XEMD,45.4,45.35,45.4,45.33,240205,10894398.0,0.15,0.21,0.095,0.0
2026-02-17,XENE,41.32,41.66,42.305,40.86,1109059,46229786.0,3.48,0.43,0.18,1.39
2026-02-17,XERS,6.85,6.91,7.03,6.8,956585,6622634.0,3.37,1.32,0.09,0.58
2026-02-17,XES,109.46,107.89,109.75,105.8,160091,17222232.0,3.61,-1.27,-1.39,0.0
2026-02-17,XFEB,36.04,36.05,36.05,36.015,921,33188.0,0.1,0.1,0.035,0.0
2026-02-17,XFIV,49.86,49.83,49.89,49.83,31067,1548874.0,0.12,-0.1,-0.05,0.0
2026-02-17,XFLH_U,9.97,9.96,9.98,9.96,218573,2180129.0,0.2,0.0,0.0,2.15
2026-02-17,XFLT,3.97,3.98,4.01,3.95,1116681,4439938.0,1.47,-2.21,-0.09,0.0
2026-02-17,XFLX,22.665,22.665,22.665,22.665,203,4602.0,0.0,0.0,0.0,0.0
2026-02-17,XFOR,3.4,3.1,3.415,3.09,643193,2082115.0,9.53,-9.09,-0.31,0.71
2026-02-17,XGN,3.22,3.31,3.37,3.15,234173,767932.0,6.71,0.91,0.03,1.02
2026-02-17,XHB,120.78,120.14,121.64,118.07,1852469,221859432.0,2.94,-1.01,-1.22,0.0
2026-02-17,XHE,84.27,85.31,85.59,84.27,5829,496299.0,1.57,1.37,1.15,0.0
2026-02-17,XHG,0.86,0.873,0.897,0.86,4257,3769.0,4.25,0.34,0.003,0.01
2026-02-17,XHLD,2.27,2.1,2.355,2.09,69597,152908.0,12.05,-4.55,-0.1,2.32
2026-02-17,XHLF,50.3,50.3,50.31,50.3,143105,7198901.0,0.02,-0.02,-0.01,0.0
2026-02-17,XHR,15.77,15.91,15.93,15.605,386322,6124236.0,2.07,1.14,0.18,0.42
2026-02-17,XHS,108.31,108.33,109.03,108.01,1482,160730.0,0.94,0.17,0.18,0.0
2026-02-17,XHYC,37.455,37.455,37.455,37.455,117,4376.0,0.0,0.17,0.065,0.0
2026-02-17,XHYD,38.67,38.595,38.67,38.595,2746,106181.0,0.19,0.01,0.005,0.0
2026-02-17,XHYE,39.2,39.2,39.2,39.2,10,392.0,0.0,-0.03,-0.01,0.0
2026-02-17,XHYF,37.61,37.725,37.82,37.6,460,17343.0,0.58,-0.08,-0.03,0.0
2026-02-17,XHYH,35.66,35.665,35.665,35.66,705,25150.0,0.01,-0.04,-0.015,0.0
2026-02-17,XHYI,38.259,38.266,38.32,38.259,348,13318.0,0.16,-0.08,-0.029,0.0
2026-02-17,XHYT,34.375,34.375,34.375,34.375,210,7233.0,0.0,-0.03,-0.01,0.0
2026-02-17,XIDE,30.026,30.07,30.14,30.026,2669,80273.0,0.38,0.05,0.015,0.0
2026-02-17,XIDV,36.88,37.1,37.1,36.87,1183,43672.0,0.62,0.34,0.127,0.0
2026-02-17,XIFR,10.81,10.7,10.98,10.59,1638018,17648283.0,3.61,-0.83,-0.09,1.74
2026-02-17,XIJN,30.78,30.793,30.84,30.75,16158,497667.0,0.29,0.07,0.023,0.0
2026-02-17,XIMR,31.01,31.02,31.05,30.97,7793,241530.0,0.26,0.05,0.015,0.0
2026-02-17,XISE,30.21,30.21,30.23,30.21,7170,216698.0,0.07,0.0,0.0,0.0
2026-02-17,XITK,147.98,147.335,147.98,146.74,1320,194206.0,0.83,-1.23,-1.835,0.0
2026-02-17,XJAN,36.755,36.78,36.85,36.64,5742,211287.0,0.57,0.25,0.09,0.0
2026-02-17,XJH,48.16,48.32,48.695,47.835,31585,1520301.0,1.78,0.09,0.045,0.0
2026-02-17,XJR,46.01,46.12,46.18,45.69,16761,769020.0,1.06,-0.04,-0.02,0.0
2026-02-17,XJUL,39.19,39.255,39.29,39.19,1362,53477.0,0.25,0.08,0.031,0.0
2026-02-17,XJUN,43.12,43.2,43.2,43.12,7890,340571.0,0.19,0.1,0.045,0.0
2026-02-17,XLB,52.7,52.7,52.965,52.08,20404661,1073778416.0,1.66,-1.14,-0.61,0.0
2026-02-17,XLBI,25.28,25.231,25.28,25.01,13276,333863.0,1.07,-0.22,-0.055,0.0
2026-02-17,XLC,114.37,114.4,115.05,113.3,6451714,737268144.0,1.53,-0.16,-0.18,0.0
2026-02-17,XLCI,24.57,24.689,24.689,24.57,501,12333.0,0.48,-0.13,-0.031,0.0
2026-02-17,XLE,54.56,53.75,54.905,53.18,50499593,2713387584.0,3.17,-1.1,-0.6,0.0
2026-02-17,XLEI,26.15,26.03,26.314,25.811,33178,862318.0,1.92,-0.48,-0.125,0.0
2026-02-17,XLF,51.815,52.2,52.41,51.815,54064715,2821275424.0,1.15,1.06,0.55,0.0
2026-02-17,XLFI,23.48,23.698,23.715,23.48,2064,48853.0,1.0,1.01,0.238,0.0
2026-02-17,XLG,56.71,57.05,57.271,56.34,4579785,260506424.0,1.64,0.33,0.19,0.0
2026-02-17,XLI,173.92,175.08,175.97,173.4,13810820,2414276032.0,1.48,0.52,0.91,0.0
2026-02-17,XLII,25.92,25.96,25.98,25.9,8040,208543.0,0.31,0.23,0.059,0.0
2026-02-17,XLK,138.64,139.48,140.45,137.02,25743800,3576636160.0,2.46,-0.06,-0.08,0.0
2026-02-17,XLKI,24.69,24.742,24.87,24.4,4434,109173.0,1.9,-0.07,-0.018,0.0
2026-02-17,XLO,0.57,0.557,0.57,0.521,508365,272562.0,8.45,-3.97,-0.023,0.69
2026-02-17,XLP,89.63,88.2,90.14,87.65,29819265,2636174976.0,2.78,-1.46,-1.31,0.0
2026-02-17,XLRE,43.65,43.94,43.965,43.41,9757726,426715184.0,1.28,1.01,0.44,0.0
2026-02-17,XLRI,24.3,24.38,24.39,24.3,6819,166119.0,0.37,0.32,0.077,0.0
2026-02-17,XLSI,25.3,25.109,25.31,25.0,9325,234693.0,1.23,-0.61,-0.153,0.0
2026-02-17,XLSR,60.61,60.81,61.0,60.27,67961,4124617.0,1.2,0.18,0.11,0.0
2026-02-17,XLU,46.8,46.38,47.075,46.24,32423973,1509775376.0,1.8,-0.26,-0.12,0.0
2026-02-17,XLUI,25.01,24.95,25.01,24.93,13691,341599.0,0.32,0.0,-0.001,0.0
2026-02-17,XLV,158.025,157.37,158.91,157.13,14881059,2347555520.0,1.13,-0.19,-0.3,0.0
2026-02-17,XLVI,26.97,26.76,26.97,26.74,12548,336754.0,0.86,-0.03,-0.007,0.0
2026-02-17,XLY,115.98,116.04,116.32,114.43,9623012,1111449744.0,1.63,-0.12,-0.14,0.0
2026-02-17,XLYI,23.85,23.839,23.85,23.655,1597,37976.0,0.82,-0.07,-0.017,0.0
2026-02-17,XMAG,23.13,23.183,23.28,23.01,71008,1646605.0,1.16,-0.05,-0.012,0.0
2026-02-17,XMAR,40.15,40.16,40.21,40.15,10645,427668.0,0.15,-0.04,-0.015,0.0
2026-02-17,XMAY,35.01,35.064,35.064,35.0,853,29889.0,0.18,0.06,0.021,0.0
2026-02-17,XME,115.65,115.11,115.83,111.7,2576993,293882048.0,3.51,-2.31,-2.72,0.0
2026-02-17,XMHQ,107.04,107.1,107.45,105.935,223171,23855402.0,1.41,-0.18,-0.19,0.0
2026-02-17,XMLV,66.58,66.581,66.59,66.188,11478,762538.0,0.61,0.4,0.263,0.0
2026-02-17,XMMO,145.99,147.05,147.595,145.46,293077,42966592.0,1.46,0.58,0.85,0.0
2026-02-17,XMPT,22.47,22.5,22.52,22.459,44415,998215.0,0.27,0.09,0.02,0.0
2026-02-17,XMTR,54.31,55.83,56.25,53.46,502998,27819490.0,5.03,0.74,0.41,0.97
2026-02-17,XMVM,69.39,69.24,69.49,68.763,48391,3346444.0,1.05,0.16,0.11,0.0
2026-02-17,XNAV,86.069,86.069,86.069,86.069,35,3004.0,0.0,-0.27,-0.229,0.0
2026-02-17,XNCR,11.54,11.54,11.73,11.17,580691,6700364.0,4.83,-0.43,-0.05,0.79
2026-02-17,XNET,5.79,5.76,5.805,5.5,138560,792147.0,5.27,-0.52,-0.03,0.22
2026-02-17,XNOV,37.8,37.991,37.991,37.79,2029,76864.0,0.53,0.1,0.038,0.0
2026-02-17,XNTK,265.26,266.38,267.84,262.29,35169,9348810.0,2.07,-0.42,-1.13,0.0
2026-02-17,XOCT,37.71,37.836,37.836,37.65,926,34969.0,0.49,0.11,0.042,0.0
2026-02-17,XOEF,27.508,27.577,27.577,27.508,458,12638.0,0.25,-0.08,-0.021,0.0
2026-02-17,XOEX,37.12,37.12,37.12,37.12,269,9977.0,0.0,-0.13,-0.05,0.0
2026-02-17,XOM,148.2,146.19,149.13,145.15,19766567,2889116816.0,2.68,-1.52,-2.26,0.47
2026-02-17,XOMA,24.09,24.47,24.785,24.0,100130,2446328.0,3.27,1.92,0.46,0.81
2026-02-17,XOMAO,25.36,25.36,25.36,25.34,1161,29423.0,0.08,0.0,0.0,0.07
2026-02-17,XOMAP,25.85,26.24,26.27,25.85,1555,40573.0,1.61,0.46,0.12,0.0
2026-02-17,XOMO,13.0,12.81,13.0,12.705,153596,1963003.0,2.27,-1.39,-0.18,0.0
2026-02-17,XOMX,43.9,42.5,44.05,41.81,48562,2062617.0,5.1,-3.23,-1.42,0.0
2026-02-17,XOMZ,17.68,17.854,17.96,17.68,2261,40351.0,1.59,1.55,0.272,0.0
2026-02-17,XONE,49.58,49.57,49.59,49.57,83077,4118826.0,0.04,-0.03,-0.015,0.0
2026-02-17,XOP,147.9,145.4,149.5,142.96,2975974,431280720.0,4.42,-1.68,-2.49,0.0
2026-02-17,XOS,2.28,2.24,2.33,2.18,22333,49960.0,6.58,-1.75,-0.04,0.2
2026-02-17,XOSWW,0.004,0.004,0.004,0.004,6100,23.0,0.0,0.0,0.0,0.0
2026-02-17,XOVR,17.27,17.26,17.37,17.03,1130029,19470027.0,1.96,-0.29,-0.05,0.0
2026-02-17,XP,19.47,19.69,20.07,19.245,3474202,68125778.0,4.15,-0.91,-0.18,0.67
2026-02-17,XPAY,51.86,52.15,52.311,51.64,78726,4094204.0,1.29,0.1,0.05,0.0
2026-02-17,XPEG,10.98,10.916,10.994,10.86,498,5441.0,1.21,-1.1,-0.121,0.0
2026-02-17,XPEL,53.63,52.21,53.63,52.0,236431,12385050.0,3.03,-2.81,-1.51,0.86
2026-02-17,XPER,5.46,5.37,5.53,5.16,272583,1470303.0,6.78,-1.65,-0.09,0.58
2026-02-17,XPEV,17.75,17.84,18.15,17.71,2397618,42851538.0,2.45,-0.56,-0.1,0.25
2026-02-17,XPH,56.67,57.49,57.88,56.67,168813,9696375.0,2.13,1.14,0.65,0.0
2026-02-17,XPL,0.726,0.71,0.729,0.697,992897,704878.0,4.35,-3.53,-0.026,1.09
2026-02-17,XPND,34.07,34.06,34.2,34.04,6630,226159.0,0.47,-0.02,-0.008,0.0
2026-02-17,XPO,195.15,202.14,203.46,194.555,1567292,315297696.0,4.56,3.49,6.81,1.34
2026-02-17,XPOF,8.33,8.23,8.405,8.15,210837,1743090.0,3.07,-0.84,-0.07,0.43
2026-02-17,XPON,0.76,0.749,0.78,0.691,242856,180277.0,11.51,-3.1,-0.024,2.48
2026-02-17,XPP,26.06,26.17,26.17,25.911,4352,113255.0,1.0,0.81,0.211,0.0
2026-02-17,XPRO,16.36,16.31,16.371,15.86,678752,11036102.0,3.13,-0.12,-0.02,0.6
2026-02-17,XQQI,46.82,47.11,47.22,46.3,33558,1568988.0,1.95,0.05,0.022,0.0
2026-02-17,XRAY,12.84,12.44,12.95,12.395,3562126,44619115.0,4.29,-3.94,-0.51,1.78
2026-02-17,XRLV,57.84,57.449,57.9,57.38,1856,106822.0,0.9,-0.08,-0.046,0.0
2026-02-17,XRLX,46.2,46.2,46.2,46.2,130,6000.0,0.0,0.06,0.026,0.0
2026-02-17,XRMI,17.8,17.821,17.87,17.69,15690,278864.0,1.01,0.05,0.009,0.0
2026-02-17,XRP,16.27,16.61,16.74,15.97,559046,9190109.0,4.86,4.86,0.77,0.0
2026-02-17,XRPC,15.45,15.83,15.88,15.18,151078,2361298.0,4.66,5.32,0.8,0.0
2026-02-17,XRPI,8.3,8.51,8.535,8.15,472477,3983766.0,4.76,5.19,0.42,0.0
2026-02-17,XRPK,9.968,10.307,10.307,9.62,5552,56057.0,7.35,10.22,0.956,0.0
2026-02-17,XRPM,16.28,16.68,16.68,16.074,10626,174471.0,3.82,5.1,0.81,0.0
2026-02-17,XRPN,10.29,10.27,10.29,10.255,43938,451438.0,0.34,0.2,0.02,0.14
2026-02-17,XRPNU,10.7,10.7,10.7,10.7,12,128.0,0.0,0.0,0.0,0.0
2026-02-17,XRPNW,0.74,0.73,0.75,0.71,24854,18352.0,5.48,0.0,0.0,0.0
2026-02-17,XRPR,11.91,12.19,12.23,11.72,96071,1160723.0,4.4,5.09,0.59,0.0
2026-02-17,XRPT,2.52,2.65,2.67,2.435,9334623,23962049.0,9.83,10.88,0.26,0.0
2026-02-17,XRPZ,15.8,16.13,16.2,15.494,333831,5324377.0,4.61,5.22,0.8,0.0
2026-02-17,XRT,88.02,87.4,88.87,86.41,4437159,387070176.0,2.8,-0.5,-0.44,0.0
2026-02-17,XRTX,0.411,0.434,0.434,0.4,129461,53332.0,7.82,-0.23,-0.001,1.86
2026-02-17,XRX,1.97,2.04,2.11,1.92,6577552,13454070.0,9.92,6.53,0.125,5.14
2026-02-17,XRXDW,0.16,0.145,0.205,0.141,5519078,868045.0,40.0,-9.38,-0.015,0.0
2026-02-17,XSD,358.35,360.07,363.16,352.605,26060,9323126.0,2.91,-0.68,-2.47,0.0
2026-02-17,XSEP,42.34,42.515,42.53,42.34,5106,216787.0,0.45,0.1,0.044,0.0
2026-02-17,XSHD,13.78,13.61,13.8,13.521,33095,450788.0,2.02,-1.23,-0.17,0.0
2026-02-17,XSHQ,44.76,44.6,44.98,44.27,15879,708889.0,1.58,-0.56,-0.25,0.0
2026-02-17,XSLLU,9.91,9.9,9.92,9.9,49436,490103.0,0.2,-0.1,-0.01,0.24
2026-02-17,XSLV,50.03,50.099,50.25,49.97,14431,722149.0,0.56,0.34,0.169,0.0
2026-02-17,XSMO,79.74,79.6,80.09,79.1,300905,23971815.0,1.24,-0.1,-0.08,0.0
2026-02-17,XSOE,42.88,43.05,43.165,42.58,95683,4107312.0,1.36,-0.12,-0.05,0.0
2026-02-17,XSPI,47.88,48.296,48.496,47.73,23310,1120483.0,1.59,0.22,0.108,0.0
2026-02-17,XSVM,63.64,63.47,63.94,63.05,38929,2472181.0,1.4,-0.3,-0.19,0.0
2026-02-17,XSVN,48.57,48.55,48.61,48.55,23901,1161050.0,0.12,-0.05,-0.025,0.0
2026-02-17,XSW,150.53,148.83,151.17,146.97,57983,8622861.0,2.77,-1.76,-2.66,0.0
2026-02-17,XT,71.92,72.19,72.47,71.49,238035,17181968.0,1.36,0.09,0.068,0.0
2026-02-17,XTAP,40.978,40.978,40.978,40.978,47,1925.0,0.0,0.16,0.066,0.0
2026-02-17,XTEN,47.1,47.05,47.11,47.03,181339,8534038.0,0.17,0.09,0.041,0.0
2026-02-17,XTIA,1.77,1.73,1.77,1.66,717469,1227955.0,6.25,-1.7,-0.03,2.08
2026-02-17,XTJA,31.69,31.653,31.69,31.653,435,13765.0,0.12,0.21,0.065,0.0
2026-02-17,XTJL,38.93,39.098,39.17,38.93,1662,65010.0,0.62,0.2,0.079,0.0
2026-02-17,XTKG,0.124,0.119,0.128,0.11,23341178,2858048.0,10.4,-31.21,-0.054,82.16
2026-02-17,XTL,174.41,176.119,177.86,172.69,26336,4619665.0,2.94,0.15,0.269,0.0
2026-02-17,XTLB,0.999,0.84,1.01,0.788,334423,308706.0,24.92,-5.72,-0.051,3.53
2026-02-17,XTN,101.87,103.2,103.63,101.87,25832,2662081.0,1.73,1.65,1.68,0.0
2026-02-17,XTNT,0.58,0.591,0.606,0.58,91319,54350.0,4.44,1.03,0.006,0.07
2026-02-17,XTOC,33.42,33.52,33.52,33.42,493,16503.0,0.3,0.09,0.029,0.0
2026-02-17,XTR,26.36,26.384,26.384,26.36,464,12247.0,0.09,0.07,0.018,0.0
2026-02-17,XTRE,49.95,49.94,49.97,49.934,19653,981637.0,0.07,-0.06,-0.03,0.0
2026-02-17,XTWO,49.59,49.56,49.59,49.56,15551,770924.0,0.06,-0.07,-0.035,0.0
2026-02-17,XTWY,39.208,39.2,39.33,39.17,16335,641231.0,0.41,0.22,0.087,0.0
2026-02-17,XUDV,29.04,28.928,29.04,28.785,4534,131011.0,0.87,-0.86,-0.252,0.0
2026-02-17,XUSP,46.73,47.204,47.5,46.68,6095,287107.0,1.74,-0.04,-0.018,0.0
2026-02-17,XV,24.88,25.105,25.13,24.75,38829,969163.0,1.52,0.1,0.025,0.0
2026-02-17,XVOL,23.45,23.45,23.45,23.45,7,164.0,0.0,-0.3,-0.07,0.0
2026-02-17,XVV,51.75,52.014,52.19,51.56,34174,1768668.0,1.21,0.14,0.074,0.0
2026-02-17,XWEL,0.446,0.419,0.446,0.39,97913,41340.0,12.7,-4.99,-0.022,1.7
2026-02-17,XWIN,6.27,6.26,6.38,6.18,521244,3284375.0,3.23,0.97,0.06,1.21
2026-02-17,XXI,6.41,6.42,6.64,6.01,920659,5882271.0,9.84,0.31,0.02,0.14
2026-02-17,XXII,6.52,5.78,6.856,5.6,51570,328783.0,19.53,-10.11,-0.65,10.11
2026-02-17,XXRP,4.85,5.07,5.1,4.66,2143130,10490889.0,9.63,10.94,0.5,0.0
2026-02-17,XXV,24.3,24.382,24.45,24.08,24738,601476.0,1.52,0.09,0.022,0.0
2026-02-17,XXX,19.97,19.889,19.97,19.889,211,4198.0,0.41,1.15,0.226,0.0
2026-02-17,XYF,5.16,5.16,5.26,5.04,95415,491731.0,4.26,0.0,0.0,0.24
2026-02-17,XYL,127.96,128.18,130.25,127.1,2674213,344026960.0,2.46,0.07,0.09,1.1
2026-02-17,XYLD,40.55,40.7,40.795,40.29,1126656,45751206.0,1.24,0.22,0.09,0.0
2026-02-17,XYLG,27.34,27.46,27.53,27.2,17507,478192.0,1.2,0.15,0.04,0.0
2026-02-17,XYZ,50.216,50.81,51.34,49.58,9297041,470682976.0,3.53,2.03,1.01,1.54
2026-02-17,XYZG,8.19,8.45,8.6,8.081,28423,234465.0,6.36,3.52,0.287,0.0
2026-02-17,XYZY,24.55,24.86,25.04,24.535,9185,228029.0,2.06,1.17,0.288,0.0
2026-02-17,XZO,15.5,15.25,15.94,14.855,189864,2913958.0,7.05,-0.97,-0.15,0.21
2026-02-17,YAAS,1.27,1.26,1.309,1.25,7013,8908.0,4.65,-0.79,-0.01,0.05
2026-02-17,YALA,7.09,7.12,7.17,7.06,161048,1146261.0,1.54,0.0,0.0,0.1
2026-02-17,YALL,44.23,44.155,44.23,43.688,5123,225507.0,1.22,-0.53,-0.235,0.0
2026-02-17,YANG,24.39,24.11,24.78,23.895,604820,14699914.0,3.62,-1.43,-0.35,0.0
2026-02-17,YB,19.77,20.845,20.99,19.77,56812,1155851.0,6.14,4.91,0.975,0.12
2026-02-17,YBIT,24.7,24.63,24.7,24.34,23968,588351.0,1.45,-0.57,-0.14,0.0
2026-02-17,YBMN,15.78,15.477,15.78,15.28,3017,46721.0,3.15,-2.57,-0.408,0.0
2026-02-17,YBST,18.05,17.988,18.17,17.76,7109,127685.0,2.22,-2.54,-0.469,0.0
2026-02-17,YBTC,21.38,21.41,21.5,21.0,122241,2603862.0,2.32,-0.83,-0.18,0.0
2026-02-17,YBTY,17.39,16.945,17.39,16.65,15772,266740.0,4.25,-2.79,-0.487,0.0
2026-02-17,YCBD,0.737,0.776,0.846,0.714,1786879,1507956.0,18.83,10.7,0.075,17.03
2026-02-17,YCL,19.74,19.8,19.8,19.641,42016,829868.0,0.8,-0.55,-0.11,0.0
2026-02-17,YCS,49.2,49.08,49.48,49.05,30408,1497373.0,0.88,0.69,0.335,0.0
2026-02-17,YCY,10.07,10.07,10.07,10.07,25,251.0,0.0,0.0,0.0,0.0
2026-02-17,YCY_U,10.05,10.05,10.05,10.05,73,741.0,0.0,0.0,0.0,0.0
2026-02-17,YDDL,6.84,6.23,6.846,6.19,60088,387148.0,9.85,-6.46,-0.43,0.11
2026-02-17,YDEC,27.07,27.16,27.16,27.0,14178,384367.0,0.59,0.0,0.0,0.0
2026-02-17,YDES,9.84,8.68,10.049,8.662,19948,183363.0,14.1,-11.79,-1.16,0.03
2026-02-17,YDESW,0.79,0.79,0.79,0.79,1008,794.0,0.0,0.0,0.0,0.0
2026-02-17,YDKG,0.903,0.909,0.918,0.844,54827,49172.0,8.19,0.66,0.006,0.99
2026-02-17,YEAR,50.57,50.57,50.59,50.561,231613,11714791.0,0.06,-0.04,-0.02,0.0
2026-02-17,YELP,20.78,20.68,20.81,19.61,2890229,58836150.0,5.72,-1.43,-0.3,4.86
2026-02-17,YETH,11.02,11.16,11.18,10.83,118821,1313472.0,3.08,-1.67,-0.19,0.0
2026-02-17,YETI,49.51,48.01,50.6,47.375,1535845,73946973.0,6.72,0.02,0.01,2.05
2026-02-17,YEXT,5.55,5.52,5.6,5.44,2301170,12704266.0,2.87,-0.9,-0.05,1.87
2026-02-17,YFFI,10.275,10.275,10.275,10.275,118,1215.0,0.0,-0.24,-0.025,0.0
2026-02-17,YFYA,9.92,9.92,9.96,9.92,14856,147746.0,0.4,-0.08,-0.008,0.0
2026-02-17,YGLD,48.04,47.48,48.04,47.07,48823,2317173.0,1.95,-4.45,-2.211,0.0
2026-02-17,YHC,0.889,0.887,0.909,0.875,74763,66528.0,3.8,-0.89,-0.008,0.35
2026-02-17,YHGJ,2.89,2.78,2.99,2.62,11600,33091.0,12.45,-6.46,-0.192,0.42
2026-02-17,YHNAR,0.13,0.13,0.13,0.13,1,0.0,0.0,0.0,0.0,0.0
2026-02-17,YI,8.11,8.08,8.2,7.51,16055,127151.0,8.52,-0.25,-0.02,0.19
2026-02-17,YIBO,0.815,0.815,0.815,0.815,614,509.0,0.0,-3.32,-0.028,0.0
2026-02-17,YINN,41.55,41.97,42.36,40.91,1955709,81422698.0,3.5,1.4,0.58,0.0
2026-02-17,YJ,1.43,1.43,1.43,1.345,9181,12682.0,6.03,1.42,0.02,0.19
2026-02-17,YJUN,26.28,26.26,26.28,26.22,20244,531465.0,0.23,0.01,0.003,0.0
2026-02-17,YLD,19.15,19.17,19.18,19.14,148520,2845478.0,0.21,0.1,0.02,0.0
2026-02-17,YLDE,57.2,57.35,57.415,57.04,17886,1023751.0,0.65,0.15,0.084,0.0
2026-02-17,YLDW,25.465,25.465,25.465,25.465,3,77.0,0.0,-0.03,-0.007,0.0
2026-02-17,YMAG,12.82,12.9,12.965,12.701,886537,11381458.0,2.05,0.31,0.04,0.0
2026-02-17,YMAR,27.59,27.613,27.613,27.54,4199,115830.0,0.26,0.07,0.02,0.0
2026-02-17,YMAT,0.398,0.4,0.426,0.398,5271,2205.0,6.57,-6.1,-0.026,0.03
2026-02-17,YMAX,8.39,8.47,8.495,8.315,2823125,23801985.0,2.13,0.12,0.01,0.0
2026-02-17,YMM,9.49,9.55,9.69,9.465,5923837,56627778.0,2.37,0.74,0.07,0.57
2026-02-17,YMT,1.03,1.13,1.238,1.02,244895,276223.0,20.0,3.67,0.04,0.21
2026-02-17,YNOT,27.96,28.087,28.235,27.7,10541,295749.0,1.9,-0.38,-0.106,0.0
2026-02-17,YOKE,28.74,28.898,28.972,28.74,806,23325.0,0.8,0.18,0.051,0.0
2026-02-17,YOLO,2.89,2.88,2.94,2.8,137306,391861.0,4.86,0.0,0.0,0.0
2026-02-17,YORW,33.63,33.34,33.81,33.29,57272,1914583.0,1.55,-0.42,-0.14,0.4
2026-02-17,YOU,32.82,32.5,32.87,32.2,1543466,50157294.0,2.06,0.0,0.0,1.16
2026-02-17,YOUL,1.22,1.19,1.23,1.11,56492,67653.0,10.26,1.71,0.02,0.07
2026-02-17,YPF,37.21,37.01,37.385,36.04,782386,28806215.0,3.6,-0.96,-0.36,0.2
2026-02-17,YQ,3.42,3.37,3.42,3.37,18825,63779.0,1.47,-0.88,-0.03,0.21
2026-02-17,YQQQ,12.44,12.397,12.509,12.37,62389,774589.0,1.12,0.1,0.012,0.0
2026-02-17,YRD,3.67,3.64,3.68,3.54,37740,136075.0,3.87,0.55,0.02,0.04
2026-02-17,YSEP,26.93,26.991,26.991,26.91,6166,166182.0,0.3,0.06,0.015,0.0
2026-02-17,YSG,4.1,4.03,4.115,3.93,20141,81338.0,4.5,-1.95,-0.08,0.02
2026-02-17,YSPY,17.3,17.38,17.46,17.11,28513,493241.0,2.02,0.37,0.064,0.0
2026-02-17,YSS,26.01,28.0,29.2,25.94,1579357,44356331.0,12.56,7.9,2.05,1.24
2026-02-17,YSXT,1.12,1.15,1.23,1.12,325641,384248.0,9.73,1.77,0.02,1.39
2026-02-17,YTRA,1.49,1.41,1.5,1.366,141260,204301.0,8.93,-6.0,-0.09,0.22
2026-02-17,YUM,161.16,161.19,162.03,159.45,1678811,269734512.0,1.61,0.39,0.62,0.61
2026-02-17,YUMC,54.6,54.92,55.05,54.18,1752699,96078814.0,1.57,-0.9,-0.5,0.49
2026-02-17,YXI,20.3,20.281,20.43,20.2,12361,250988.0,1.13,-0.53,-0.109,0.0
2026-02-17,YXT,0.69,0.58,0.69,0.58,3775,2360.0,18.03,-4.92,-0.03,0.01
2026-02-17,YYAI,1.06,1.08,1.24,1.04,868140,953270.0,18.69,0.93,0.01,2.06
2026-02-17,YYGH,0.203,0.2,0.214,0.195,207057,42102.0,9.27,-2.44,-0.005,0.28
2026-02-17,YYY,11.85,11.85,11.85,11.79,482354,5705316.0,0.51,0.08,0.01,0.0
2026-02-17,Z,43.95,43.97,44.86,42.685,6240357,272209312.0,5.01,1.2,0.52,3.32
2026-02-17,ZALT,32.71,32.78,32.8,32.53,205181,6714527.0,0.83,0.34,0.11,0.0
2026-02-17,ZAP,32.91,32.79,32.98,32.69,104072,3413260.0,0.89,0.09,0.03,0.0
2026-02-17,ZAPR,25.92,25.91,25.92,25.91,468,12130.0,0.04,0.12,0.03,0.0
2026-02-17,ZAUG,26.88,26.828,26.88,26.78,8029,215097.0,0.37,0.03,0.009,0.0
2026-02-17,ZBAI,6.0,5.88,6.1,5.88,1546,9263.0,3.61,-3.61,-0.22,0.01
2026-02-17,ZBAO,0.817,0.859,0.918,0.76,377486,308978.0,19.39,5.4,0.044,1.13
2026-02-17,ZBH,96.53,97.15,97.81,96.312,2609929,253275968.0,1.55,0.73,0.7,1.33
2026-02-17,ZBIO,29.17,26.77,29.55,26.2,748438,20305396.0,12.69,1.4,0.37,1.37
2026-02-17,ZBRA,261.98,260.76,265.185,258.14,744838,194790574.0,2.66,-1.46,-3.86,1.51
2026-02-17,ZCMD,0.212,0.188,0.23,0.186,299083,59612.0,20.85,-10.9,-0.023,0.97
2026-02-17,ZD,30.26,30.19,31.776,29.53,448703,13506037.0,7.36,-1.02,-0.31,1.17
2026-02-17,ZDAI,0.359,0.396,0.396,0.313,167830,60524.0,21.84,4.21,0.016,0.13
2026-02-17,ZDEK,25.77,25.8,25.82,25.76,7133,183899.0,0.23,0.0,-0.001,0.0
2026-02-17,ZDGE,3.07,3.17,3.24,3.06,30835,97190.0,5.83,2.59,0.08,0.24
2026-02-17,ZECP,35.49,35.52,35.63,35.32,43165,1529475.0,0.87,-0.03,-0.01,0.0
2026-02-17,ZENA,2.72,2.72,2.765,2.58,729507,1951488.0,6.68,-1.81,-0.05,1.52
2026-02-17,ZENV,0.87,0.865,1.0,0.79,14433,12863.0,25.15,3.59,0.03,0.03
2026-02-17,ZEO,0.99,0.939,1.022,0.86,133384,122496.0,16.53,-4.18,-0.041,0.23
2026-02-17,ZEOWW,0.05,0.041,0.05,0.041,707,31.0,22.5,2.5,0.001,0.0
2026-02-17,ZEPP,23.32,23.61,24.12,22.012,42516,997743.0,9.04,1.29,0.3,0.3
2026-02-17,ZETA,15.16,15.31,15.49,14.915,5270639,80351262.0,3.72,-0.97,-0.15,2.16
2026-02-17,ZETX,13.89,14.465,14.67,13.89,3105,44956.0,5.27,-2.3,-0.341,0.0
2026-02-17,ZFEB,25.52,25.53,25.54,25.48,76402,1948953.0,0.24,0.02,0.005,0.0
2026-02-17,ZG,43.78,43.99,44.81,42.55,2704338,118031564.0,5.22,1.59,0.69,5.19
2026-02-17,ZGM,2.17,2.0,2.17,2.0,2777,5622.0,8.46,-0.5,-0.01,0.02
2026-02-17,ZGN,11.05,11.84,11.925,11.005,1606143,18729010.0,8.33,7.25,0.8,0.39
2026-02-17,ZH,3.55,3.45,3.55,3.42,198301,687345.0,3.68,-2.27,-0.08,0.22
2026-02-17,ZHDG,22.41,22.35,22.44,22.31,3819,85363.0,0.58,0.2,0.044,0.0
2026-02-17,ZHOG,52.042,52.042,52.042,52.042,190,9891.0,0.0,0.02,0.012,0.0
2026-02-17,ZIG,39.15,39.288,39.288,39.15,600,23480.0,0.35,-0.11,-0.044,0.0
2026-02-17,ZIM,29.97,27.85,29.97,27.58,39624526,1150158560.0,10.77,25.45,5.65,32.89
2026-02-17,ZION,61.31,61.53,62.78,60.96,1791101,110032617.0,2.97,0.44,0.27,1.21
2026-02-17,ZIONP,19.87,19.88,20.025,19.81,8371,166375.0,1.08,0.05,0.01,0.32
2026-02-17,ZIP,1.73,1.79,1.82,1.65,1076311,1904578.0,9.83,3.47,0.06,1.28
2026-02-17,ZJAN,27.449,27.41,27.46,27.37,5458,149667.0,0.33,-0.1,-0.027,0.0
2026-02-17,ZJK,1.92,1.95,1.965,1.92,1967,3847.0,2.38,3.17,0.06,0.0
2026-02-17,ZJUL,29.15,29.19,29.22,29.13,48452,1413844.0,0.31,0.0,0.0,0.0
2026-02-17,ZJUN,26.94,26.95,26.95,26.94,5376,144867.0,0.04,0.0,0.0,0.0
2026-02-17,ZJYL,0.144,0.141,0.153,0.141,294306,43498.0,8.57,0.71,0.001,0.19
2026-02-17,ZKH,3.6,3.68,3.68,3.59,20412,74448.0,2.54,3.66,0.13,0.01
2026-02-17,ZKIN,1.42,1.4,1.495,1.4,10292,14714.0,6.55,-3.45,-0.05,0.06
2026-02-17,ZKP,9.89,9.89,9.89,9.89,12067,119344.0,0.0,0.0,0.0,0.03
2026-02-17,ZKPU,10.023,9.97,10.023,9.97,2000,20003.0,0.53,-0.4,-0.04,0.01
2026-02-17,ZKPW,0.4,0.28,0.4,0.23,6759,1906.0,42.5,-30.0,-0.12,0.0
2026-02-17,ZLAB,19.85,20.04,20.13,19.5,270100,5386338.0,3.15,0.05,0.01,0.24
2026-02-17,ZM,91.74,88.65,93.21,88.17,2808509,250179306.0,5.44,-4.27,-3.95,0.95
2026-02-17,ZMAR,27.64,27.71,27.71,27.64,2452,67859.0,0.25,0.13,0.035,0.0
2026-02-17,ZMAY,25.51,25.52,25.52,25.51,100,2551.0,0.04,0.02,0.004,0.0
2026-02-17,ZMUN,50.13,50.13,50.149,50.13,214,10730.0,0.04,-0.01,-0.005,0.0
2026-02-17,ZNB,0.242,0.215,0.248,0.212,1354078,311605.0,15.32,-8.51,-0.02,0.9
2026-02-17,ZNOV,26.735,26.77,26.77,26.715,36719,982372.0,0.21,0.06,0.015,0.0
2026-02-17,ZNTL,2.39,2.36,2.395,2.29,201719,472058.0,4.39,-1.26,-0.03,0.28
2026-02-17,ZOCT,26.89,26.903,26.94,26.88,23242,625399.0,0.22,-0.06,-0.017,0.0
2026-02-17,ZONE,0.27,0.268,0.272,0.245,785472,203461.0,10.38,3.08,0.008,0.39
2026-02-17,ZOOZ,0.387,0.378,0.391,0.365,103949,39238.0,6.84,-0.53,-0.002,0.06
2026-02-17,ZOOZW,0.048,0.048,0.048,0.048,102,4.0,0.0,0.0,0.0,0.0
2026-02-17,ZROZ,67.57,67.5,67.85,67.35,453284,30624540.0,0.74,0.43,0.29,0.0
2026-02-17,ZS,175.825,172.59,176.85,169.61,2038130,350508256.0,4.07,-2.89,-5.13,1.27
2026-02-17,ZSB,20.825,20.82,20.825,20.82,529,11034.0,0.02,-1.51,-0.32,0.0
2026-02-17,ZSC,27.78,27.78,27.78,27.78,577,15994.0,0.0,-1.45,-0.41,0.0
2026-02-17,ZSEP,26.83,26.9,26.9,26.83,15303,411000.0,0.26,0.19,0.05,0.0
2026-02-17,ZSL,2.69,2.74,2.84,2.652,165760207,455733808.0,7.49,9.16,0.23,0.0
2026-02-17,ZSPC,0.277,0.29,0.31,0.267,846923,246221.0,16.29,9.85,0.026,2.54
2026-02-17,ZSTK,9.5,9.04,9.5,8.99,9065,82564.0,5.25,-6.9,-0.67,0.38
2026-02-17,ZTAX,25.31,25.31,25.31,25.31,10,253.0,0.0,0.0,0.0,0.0
2026-02-17,ZTEK,0.655,0.648,0.68,0.6,125345,79295.0,12.46,0.93,0.006,0.12
2026-02-17,ZTEN,51.81,51.828,51.83,51.81,697,36113.0,0.04,0.09,0.049,0.0
2026-02-17,ZTO,24.68,25.17,25.24,24.67,1738446,43558679.0,2.31,2.07,0.51,0.22
2026-02-17,ZTOP,52.25,52.28,52.28,52.25,273,14272.0,0.06,-0.61,-0.32,0.0
2026-02-17,ZTR,6.89,6.93,6.94,6.88,311614,2154653.0,0.87,0.58,0.04,0.0
2026-02-17,ZTRE,51.42,51.435,51.435,51.42,2191,112686.0,0.03,-0.01,-0.005,0.0
2026-02-17,ZTS,127.56,125.56,128.0,125.45,3766929,476500416.0,2.01,-0.86,-1.09,0.89
2026-02-17,ZTWO,50.97,50.97,50.975,50.95,3074,156666.0,0.05,-0.01,-0.005,0.0
2026-02-17,ZUMZ,24.84,26.09,26.21,24.82,174083,4500586.0,5.59,4.99,1.24,1.03
2026-02-17,ZURA,6.03,6.11,6.25,5.78,231978,1407779.0,7.73,0.49,0.03,0.36
2026-02-17,ZVIA,1.64,1.61,1.66,1.6,363100,585286.0,3.68,-1.23,-0.02,0.48
2026-02-17,ZVOL,10.15,10.313,10.355,10.09,88149,902154.0,2.6,1.11,0.113,0.0
2026-02-17,ZVRA,8.5,8.59,8.79,8.465,422959,3640322.0,3.82,1.06,0.09,0.74
2026-02-17,ZWS,51.38,51.12,51.485,50.56,793521,40550381.0,1.8,-0.35,-0.18,0.48
2026-02-17,ZYBT,0.92,0.92,1.06,0.78,5974,5706.0,29.11,-4.37,-0.042,0.01
2026-02-17,ZYME,22.45,23.07,23.28,22.45,439712,10132534.0,3.67,2.08,0.47,0.59
