日期,代码,开盘价,收盘价,最高价,最低价,成交量,成交额,振幅,涨跌幅,涨跌额,换手率
2026-04-09,A,115.97,115.39,116.25,113.64,1218950,140691605.0,2.23,-1.31,-1.53,0.43
2026-04-09,AA,73.19,73.27,75.7,72.95,6138268,453643248.0,3.83,2.1,1.51,2.33
2026-04-09,AAA,24.93,24.886,24.938,24.88,6796,169199.0,0.23,-0.12,-0.029,0.0
2026-04-09,AAAA,27.7,27.885,27.92,27.7,4184,116682.0,0.79,0.42,0.118,0.0
2026-04-09,AAAC,19.995,19.995,19.995,19.995,8,160.0,0.0,0.0,0.0,0.0
2026-04-09,AAAU,46.86,47.02,47.34,46.81,1377536,64899500.0,1.14,0.81,0.38,0.0
2026-04-09,AACB,10.36,10.36,10.36,10.34,3104,32115.0,0.19,0.0,0.0,0.01
2026-04-09,AACBR,0.278,0.278,0.278,0.278,68,18.0,0.0,0.0,0.0,0.0
2026-04-09,AACBU,10.7,10.7,10.7,10.7,1,11.0,0.0,0.0,0.0,0.0
2026-04-09,AACG,0.99,0.975,1.04,0.93,3553,3460.0,10.89,-3.47,-0.035,0.01
2026-04-09,AACI,9.88,9.87,9.88,9.86,308478,3044686.0,0.2,0.0,0.0,1.21
2026-04-09,AACIU,9.99,9.99,9.99,9.99,1232,12308.0,0.0,0.0,0.0,0.0
2026-04-09,AACIW,0.243,0.27,0.27,0.205,33589,7740.0,24.07,0.0,0.0,0.0
2026-04-09,AACOU,9.92,9.92,9.92,9.92,107,1061.0,0.0,-0.3,-0.03,0.0
2026-04-09,AACPU,10.04,10.03,10.04,10.03,103146,1035036.0,0.1,0.0,0.0,0.0
2026-04-09,AADR,86.73,86.906,86.906,86.56,1076,93328.0,0.4,0.72,0.617,0.0
2026-04-09,AAEQ,48.34,48.62,48.62,48.34,119,5784.0,0.58,0.62,0.299,0.0
2026-04-09,AAL,11.315,11.37,11.5,11.13,36844167,417932624.0,3.24,-0.35,-0.04,5.58
2026-04-09,AALG,8.68,8.874,9.015,8.51,28716,250894.0,5.64,-0.96,-0.086,0.0
2026-04-09,AAME,2.35,2.37,2.44,2.288,9870,23166.0,6.44,0.42,0.01,0.05
2026-04-09,AAMI,59.0,61.86,62.25,59.0,507545,31049640.0,5.47,4.09,2.43,1.42
2026-04-09,AAOI,132.725,133.3,145.1,127.11,16929459,2275689568.0,13.56,0.45,0.6,22.51
2026-04-09,AAON,86.36,90.77,91.59,85.77,561132,50717344.0,6.66,3.89,3.4,0.69
2026-04-09,AAOX,42.0,42.22,49.681,38.43,2878131,125288224.0,26.97,1.2,0.5,0.0
2026-04-09,AAP,53.68,56.53,57.38,53.68,1423798,80172618.0,6.79,3.72,2.03,2.36
2026-04-09,AAPB,28.2,28.433,28.51,27.5,117457,3293556.0,3.6,1.43,0.4,0.0
2026-04-09,AAPD,13.65,13.59,13.835,13.57,10924208,149543156.0,1.94,-0.59,-0.08,0.0
2026-04-09,AAPG,25.88,25.88,25.88,25.88,1668,42865.0,0.0,-2.56,-0.68,0.0
2026-04-09,AAPL,259.0,260.49,261.12,256.07,28121574,7294458880.0,1.95,0.61,1.59,0.19
2026-04-09,AAPR,29.09,29.108,29.14,29.02,8884,258354.0,0.41,0.06,0.018,0.0
2026-04-09,AAPU,29.16,29.47,29.6,28.479,1036595,30122040.0,3.85,1.13,0.33,0.0
2026-04-09,AAPW,35.25,35.4,35.4,34.87,12607,444337.0,1.51,1.09,0.38,0.0
2026-04-09,AAPX,26.37,26.81,26.88,25.88,189421,5005149.0,3.8,1.9,0.5,0.0
2026-04-09,AAPY,22.3,22.71,22.71,22.3,747,16851.0,1.82,0.96,0.215,0.0
2026-04-09,AARD,3.93,3.9,3.96,3.8,132256,516265.0,4.07,-0.76,-0.03,0.61
2026-04-09,AAT,19.09,19.25,19.44,19.09,355517,6853516.0,1.82,0.26,0.05,0.58
2026-04-09,AAUA,50.77,51.336,51.38,50.77,15526,791815.0,1.19,0.3,0.154,0.0
2026-04-09,AAUC,31.62,31.53,31.62,31.52,279101,8809207.0,0.32,-0.28,-0.09,0.22
2026-04-09,AAUM,19.618,19.618,19.618,19.618,32,631.0,0.0,-0.43,-0.084,0.0
2026-04-09,AAUS,54.582,54.582,54.582,54.582,156,8521.0,0.0,0.57,0.312,0.0
2026-04-09,AAVM,32.97,33.262,33.33,32.95,3220,106233.0,1.15,0.32,0.105,0.0
2026-04-09,AAXJ,101.405,102.41,102.68,100.94,1026898,104588601.0,1.69,-0.36,-0.37,0.0
2026-04-09,AB,38.0,38.26,38.39,37.8,141817,5412040.0,1.54,-0.31,-0.12,0.15
2026-04-09,ABAT,2.83,2.85,2.88,2.785,1433491,4067691.0,3.31,-0.7,-0.02,1.09
2026-04-09,ABBV,209.48,212.4,213.51,208.74,4478093,950080176.0,2.25,0.38,0.81,0.25
2026-04-09,ABCB,81.99,83.56,84.025,81.58,603964,50361351.0,2.97,1.65,1.36,0.88
2026-04-09,ABCL,3.37,3.44,3.45,3.37,2029444,6953562.0,2.33,0.29,0.01,0.67
2026-04-09,ABCS,30.7,30.916,30.916,30.66,2234,68602.0,0.83,0.19,0.058,0.0
2026-04-09,ABEO,4.82,5.12,5.25,4.82,1989286,10162341.0,8.83,5.13,0.25,3.49
2026-04-09,ABEQ,38.4,38.343,38.455,38.343,15379,590430.0,0.29,0.16,0.063,0.0
2026-04-09,ABEV,3.11,3.15,3.19,3.1,36540869,115434716.0,2.92,2.27,0.07,0.23
2026-04-09,ABFL,74.65,74.89,75.05,74.43,18691,1398092.0,0.83,0.48,0.36,0.0
2026-04-09,ABG,199.01,202.05,203.83,197.565,130465,26324543.0,3.12,0.68,1.37,0.68
2026-04-09,ABI,24.765,24.765,24.765,24.765,129,3194.0,0.0,-0.58,-0.145,0.0
2026-04-09,ABIG,30.47,30.767,30.767,30.45,566,17349.0,1.04,0.93,0.284,0.0
2026-04-09,ABLD,32.52,32.451,32.52,32.39,2947,95527.0,0.4,0.37,0.121,0.0
2026-04-09,ABLG,31.32,31.628,31.628,31.32,2278,71511.0,0.98,0.44,0.139,0.0
2026-04-09,ABLS,19.02,19.208,19.22,19.02,796,15234.0,1.05,0.43,0.082,0.0
2026-04-09,ABLV,0.606,0.638,0.638,0.606,5722,3492.0,5.12,2.08,0.013,0.02
2026-04-09,ABM,38.69,39.45,39.58,38.475,421659,16551049.0,2.83,1.02,0.4,0.72
2026-04-09,ABNB,130.45,129.16,130.96,126.8,3653657,471379904.0,3.17,-1.7,-2.24,0.86
2026-04-09,ABNG,15.55,15.323,15.62,14.9,1556,23895.0,4.53,-3.5,-0.556,0.0
2026-04-09,ABNY,40.7,40.921,40.921,40.6,2328,94837.0,0.77,-2.16,-0.903,0.0
2026-04-09,ABOS,2.57,2.51,2.665,2.5,511154,1306662.0,6.4,-2.71,-0.07,0.71
2026-04-09,ABOT,32.9,33.102,33.102,32.9,2557,84161.0,0.6,-1.92,-0.647,0.0
2026-04-09,ABR,7.47,7.53,7.555,7.4,1559319,11711684.0,2.06,0.27,0.02,0.81
2026-04-09,ABR_D,17.35,17.25,17.36,17.23,35986,621282.0,0.75,-0.29,-0.05,0.39
2026-04-09,ABR_E,16.87,17.18,17.265,16.87,15421,263720.0,2.35,2.02,0.34,0.27
2026-04-09,ABR_F,22.34,22.23,22.375,22.23,11074,247114.0,0.65,-0.31,-0.07,0.1
2026-04-09,ABSI,2.97,2.95,3.07,2.915,3386804,10082205.0,5.18,-1.34,-0.04,2.21
2026-04-09,ABT,103.0,102.72,103.32,101.92,6198999,636609680.0,1.35,-0.81,-0.84,0.36
2026-04-09,ABTC,0.95,0.942,1.0,0.902,6602502,6256701.0,10.17,-2.28,-0.022,2.02
2026-04-09,ABTS,1.37,1.3,1.37,1.15,49820,60889.0,16.18,-4.41,-0.06,1.58
2026-04-09,ABUS,4.32,4.3,4.42,4.25,1863126,8026741.0,3.88,-1.83,-0.08,0.95
2026-04-09,ABVC,1.39,1.43,1.43,1.31,247475,332416.0,8.45,0.7,0.01,0.97
2026-04-09,ABVE,0.81,0.786,0.839,0.766,1068915,849569.0,9.17,-1.26,-0.01,2.09
2026-04-09,ABVEW,0.268,0.203,0.284,0.1,15771,2774.0,87.62,-3.33,-0.007,0.0
2026-04-09,ABVX,119.96,125.69,126.0,119.835,1059005,131093354.0,5.18,5.66,6.73,1.34
2026-04-09,ABX,8.44,8.06,8.54,8.05,580472,4749525.0,5.72,-5.95,-0.51,0.6
2026-04-09,ABXB,19.28,19.461,19.461,19.28,1126,21794.0,0.93,0.15,0.029,0.0
2026-04-09,ABXL,25.51,25.59,25.65,25.51,8184,209371.0,0.55,0.27,0.07,0.0
2026-04-09,ACA,109.22,112.01,113.15,109.22,180372,20206514.0,3.57,1.73,1.91,0.37
2026-04-09,ACAAU,9.95,10.01,10.01,9.95,2203,21932.0,0.6,-0.5,-0.05,0.0
2026-04-09,ACAD,22.35,22.57,22.665,22.09,1229430,27613326.0,2.55,0.04,0.01,0.72
2026-04-09,ACB,3.4,3.48,3.528,3.39,548802,1900543.0,4.02,1.46,0.05,0.97
2026-04-09,ACCL,1.39,1.4,1.4,1.34,9569,13186.0,4.29,0.0,0.0,0.07
2026-04-09,ACCO,2.88,2.9,2.91,2.84,1287566,3718113.0,2.41,-0.34,-0.01,1.4
2026-04-09,ACCS,8.49,8.18,8.49,8.123,12752,105038.0,4.58,2.0,0.16,0.33
2026-04-09,ACDC,6.18,5.83,6.2,5.775,1121826,6672695.0,6.89,-5.51,-0.34,0.62
2026-04-09,ACEI,23.8,23.721,23.8,23.7,5904,140057.0,0.42,-0.33,-0.079,0.0
2026-04-09,ACEL,11.55,11.72,11.74,11.51,289239,3377899.0,1.97,0.6,0.07,0.35
2026-04-09,ACEP,18.38,18.435,18.435,18.38,105,1938.0,0.3,0.69,0.127,0.0
2026-04-09,ACES,33.42,33.69,34.1,33.42,81161,2744349.0,2.02,-0.09,-0.03,0.0
2026-04-09,ACET,6.55,6.86,6.97,6.513,239600,1628742.0,6.98,4.73,0.31,2.5
2026-04-09,ACFN,18.02,18.24,18.87,17.475,18475,338970.0,7.64,-0.16,-0.03,0.74
2026-04-09,ACGL,98.14,98.84,99.68,97.7,1363495,134924801.0,2.01,0.24,0.24,0.38
2026-04-09,ACGLN,16.79,17.0,17.04,16.79,50986,864285.0,1.49,1.25,0.21,0.25
2026-04-09,ACGLO,20.12,20.249,20.27,20.11,38664,781251.0,0.79,0.29,0.059,0.42
2026-04-09,ACGR,62.195,62.407,62.407,62.195,278,17334.0,0.34,0.71,0.443,0.0
2026-04-09,ACH,2.54,2.63,2.67,2.54,459292,1210183.0,5.06,2.33,0.06,0.6
2026-04-09,ACHC,26.62,27.2,27.99,26.338,3888012,106490977.0,6.28,3.38,0.89,4.22
2026-04-09,ACHR,5.48,5.32,5.59,5.32,23136089,126547105.0,4.84,-4.66,-0.26,3.11
2026-04-09,ACHR_WS,0.303,0.3,0.33,0.29,17634,5451.0,12.5,-6.25,-0.02,0.0
2026-04-09,ACHV,3.21,3.32,3.35,3.2,519827,1711394.0,4.6,1.84,0.06,0.98
2026-04-09,ACI,17.56,17.47,17.685,17.28,5948475,103699457.0,2.29,-1.36,-0.24,1.16
2026-04-09,ACIC,11.41,11.73,11.79,11.41,211843,2475513.0,3.31,2.18,0.25,0.44
2026-04-09,ACII,25.33,25.49,25.56,25.32,42340,1077369.0,0.94,0.0,0.0,0.0
2026-04-09,ACIO,42.94,43.25,43.338,42.93,76443,3302138.0,0.95,0.3,0.13,0.0
2026-04-09,ACIU,3.21,3.4,3.49,3.19,553523,1865235.0,9.35,5.92,0.19,0.54
2026-04-09,ACIW,40.93,40.75,40.93,39.35,658010,26647330.0,3.82,-1.52,-0.63,0.65
2026-04-09,ACKY,18.32,18.3,18.339,18.15,30901,564854.0,1.04,0.88,0.16,0.0
2026-04-09,ACLC,76.76,77.42,77.47,76.76,5604,431749.0,0.92,0.66,0.505,0.0
2026-04-09,ACLO,50.27,50.295,50.3,50.25,2288,115101.0,0.1,0.1,0.05,0.0
2026-04-09,ACLS,104.65,108.24,108.71,104.08,645568,69287908.0,4.42,3.43,3.59,2.1
2026-04-09,ACLX,114.78,114.8,114.835,114.77,469629,53912842.0,0.06,0.01,0.01,0.8
2026-04-09,ACM,85.38,85.52,86.54,83.87,1203600,102780440.0,3.11,-0.43,-0.37,0.93
2026-04-09,ACMR,46.14,46.97,47.21,46.0,858903,40188277.0,2.62,1.8,0.83,1.41
2026-04-09,ACN,190.745,186.03,190.745,182.376,6064929,1121636320.0,4.32,-4.03,-7.81,0.91
2026-04-09,ACNB,50.8,51.86,52.18,50.66,58803,3043420.0,2.98,1.71,0.87,0.57
2026-04-09,ACNT,13.24,13.26,13.695,13.06,179876,2383657.0,4.76,-0.67,-0.09,1.95
2026-04-09,ACOG,6.53,6.38,6.869,6.0,53228,335789.0,13.1,-3.84,-0.255,0.24
2026-04-09,ACON,3.7,3.5,3.94,3.49,485400,1805736.0,12.61,-1.96,-0.07,21.27
2026-04-09,ACONW,0.037,0.037,0.037,0.037,119,4.0,0.0,0.0,0.0,0.0
2026-04-09,ACP,5.34,5.33,5.37,5.32,432114,2310697.0,0.94,0.19,0.01,0.0
2026-04-09,ACP_A,19.9,19.99,19.99,19.85,3097,61583.0,0.7,0.35,0.07,0.19
2026-04-09,ACR,19.21,19.22,19.27,19.03,15557,298536.0,1.25,0.1,0.02,0.22
2026-04-09,ACRE,4.9,5.02,5.05,4.89,344900,1722931.0,3.14,1.83,0.09,0.62
2026-04-09,ACRS,3.93,4.08,4.1,3.83,1064183,4238408.0,6.84,3.29,0.13,0.88
2026-04-09,ACRV,1.48,1.55,1.59,1.44,747789,1131483.0,9.8,1.31,0.02,1.93
2026-04-09,ACR_C,24.87,24.83,24.87,24.75,5474,135662.0,0.48,-0.52,-0.13,0.11
2026-04-09,ACR_D,21.28,21.27,21.44,21.26,3021,64451.0,0.85,-0.05,-0.01,0.07
2026-04-09,ACSG,41.68,41.83,41.9,41.68,1055,44130.0,0.53,0.36,0.152,0.0
2026-04-09,ACSI,67.36,67.36,67.36,67.36,84,5710.0,0.0,0.73,0.49,0.0
2026-04-09,ACSV,44.589,44.589,44.589,44.589,7,312.0,0.0,0.85,0.377,0.0
2026-04-09,ACT,42.17,42.72,43.025,42.17,298140,12723548.0,2.02,1.02,0.43,0.21
2026-04-09,ACTG,5.02,5.06,5.12,4.94,443081,2228192.0,3.6,1.2,0.06,0.46
2026-04-09,ACTS,26.52,26.637,26.678,26.52,1473,39234.0,0.6,1.27,0.333,0.0
2026-04-09,ACTU,1.94,1.89,1.94,1.77,85579,157831.0,8.85,-1.56,-0.03,0.36
2026-04-09,ACU,45.35,45.89,46.171,44.78,17272,788039.0,3.07,1.41,0.64,0.45
2026-04-09,ACV,25.55,26.05,26.75,25.55,114724,3002923.0,4.73,2.72,0.69,0.0
2026-04-09,ACVA,4.53,4.34,4.555,4.295,2583809,11299619.0,5.68,-5.24,-0.24,1.48
2026-04-09,ACVF,49.34,49.51,49.56,49.34,3029,149929.0,0.45,0.24,0.12,0.0
2026-04-09,ACVT,26.355,26.355,26.355,26.355,17,470.0,0.0,-0.16,-0.042,0.0
2026-04-09,ACWI,144.17,145.07,145.385,143.67,1766355,255542634.0,1.19,0.31,0.45,0.0
2026-04-09,ACWV,121.05,121.32,121.61,120.84,116739,14155859.0,0.63,-0.25,-0.31,0.0
2026-04-09,ACWX,71.57,72.11,72.355,71.3,2882945,207607360.0,1.46,-0.21,-0.15,0.0
2026-04-09,ACXP,2.93,2.69,2.965,2.66,170938,477609.0,10.3,-9.12,-0.27,5.99
2026-04-09,ACYN,20.79,20.715,20.81,20.62,451308,9351880.0,0.92,0.12,0.025,0.0
2026-04-09,AD,49.21,49.36,49.65,48.85,94798,4674858.0,1.62,0.18,0.09,0.18
2026-04-09,ADAC,9.9,9.9,9.9,9.9,650,6435.0,0.0,0.1,0.01,0.0
2026-04-09,ADAG,4.0,3.845,4.05,3.53,622292,2385025.0,13.0,-3.88,-0.155,0.94
2026-04-09,ADAM,7.6,7.69,7.8,7.6,689905,5317915.0,2.62,0.92,0.07,0.76
2026-04-09,ADAMG,24.72,24.73,24.76,24.645,14080,347896.0,0.47,0.12,0.03,0.0
2026-04-09,ADAMH,25.23,25.31,25.31,25.215,21991,555648.0,0.38,0.32,0.08,0.0
2026-04-09,ADAMI,24.72,24.795,24.93,24.72,5809,144550.0,0.85,-0.1,-0.025,0.0
2026-04-09,ADAML,23.5,23.5,23.54,23.459,9288,218275.0,0.35,1.25,0.29,0.16
2026-04-09,ADAMM,24.63,24.679,24.68,24.63,11491,283438.0,0.2,0.16,0.039,0.15
2026-04-09,ADAMN,22.44,22.82,22.88,22.44,12418,282081.0,1.96,1.69,0.38,0.2
2026-04-09,ADAMO,24.35,24.37,24.52,24.3,61594,1502076.0,0.9,0.08,0.02,0.0
2026-04-09,ADAMZ,18.05,18.41,18.41,18.015,6072,110813.0,2.15,0.25,0.045,0.2
2026-04-09,ADBE,235.6,229.94,236.3,227.7,6802449,1562374880.0,3.59,-3.92,-9.37,1.68
2026-04-09,ADBG,4.3,4.09,4.32,4.0,2293569,9370570.0,7.21,-7.88,-0.35,0.0
2026-04-09,ADBU,24.0,22.921,24.0,22.5,7554,172480.0,6.04,-7.73,-1.921,0.0
2026-04-09,ADC,76.41,77.97,78.3,76.41,833401,64939626.0,2.46,1.58,1.21,0.69
2026-04-09,ADCT,3.69,3.76,3.805,3.69,630057,2372213.0,3.08,0.8,0.03,0.5
2026-04-09,ADC_A,17.12,17.18,17.255,17.12,8662,148994.0,0.78,-0.12,-0.02,0.12
2026-04-09,ADEA,25.95,27.06,27.1,25.543,1374927,36506870.0,5.94,3.28,0.86,1.24
2026-04-09,ADFI,8.53,8.535,8.56,8.53,20848,178317.0,0.35,0.0,0.0,0.0
2026-04-09,ADGM,1.38,1.41,1.5,1.38,181359,257790.0,8.51,0.0,0.0,0.82
2026-04-09,ADI,346.0,351.36,352.78,345.49,2927633,1027234960.0,2.11,1.49,5.15,0.6
2026-04-09,ADIL,1.62,1.56,1.65,1.56,124480,198632.0,5.45,-5.45,-0.09,8.72
2026-04-09,ADIV,17.91,18.03,18.03,17.91,3867,69450.0,0.66,-0.16,-0.029,0.0
2026-04-09,ADM,71.63,70.35,72.655,69.85,3171118,223674836.0,3.91,-1.91,-1.37,0.66
2026-04-09,ADMA,9.665,9.94,10.15,9.6,4797771,47798133.0,5.6,1.12,0.11,2.07
2026-04-09,ADME,50.95,51.36,51.38,50.9,10803,553643.0,0.94,0.87,0.442,0.0
2026-04-09,ADNT,20.59,20.5,20.75,20.07,699207,14314622.0,3.28,-1.16,-0.24,0.89
2026-04-09,ADP,199.775,196.02,199.82,194.54,2996335,587966336.0,2.63,-2.37,-4.76,0.74
2026-04-09,ADPT,14.7,13.4,14.735,13.37,1740008,23991795.0,9.2,-9.7,-1.44,1.13
2026-04-09,ADPV,42.215,42.23,42.23,42.19,9149,386257.0,0.09,0.0,0.0,0.0
2026-04-09,ADSE,11.75,11.8,11.8,11.69,4501,53087.0,0.94,0.43,0.05,0.01
2026-04-09,ADSEW,0.48,0.48,0.49,0.48,947,476.0,1.72,-17.24,-0.1,0.0
2026-04-09,ADSK,237.51,225.13,238.5,217.18,3604911,806807744.0,8.86,-6.45,-15.52,1.71
2026-04-09,ADT,6.78,6.83,6.88,6.72,8384872,57141356.0,2.34,-0.15,-0.01,1.12
2026-04-09,ADTN,13.97,14.82,14.85,13.805,3740636,54382648.0,7.61,7.94,1.09,4.64
2026-04-09,ADTX,0.508,0.53,0.535,0.5,588147,306226.0,6.73,1.92,0.01,65.03
2026-04-09,ADUR,10.58,10.28,10.59,10.03,152500,1580708.0,5.43,-0.39,-0.04,0.45
2026-04-09,ADUS,92.3,92.77,93.825,90.89,386619,35766553.0,3.18,0.51,0.47,2.07
2026-04-09,ADV,23.27,25.83,26.31,23.27,81533,2069452.0,12.99,10.38,2.43,0.62
2026-04-09,ADVB,6.26,6.69,6.98,6.07,79259,504781.0,14.35,5.52,0.35,5.81
2026-04-09,ADVE,43.6,43.88,43.88,43.6,1063,46340.0,0.64,-0.27,-0.12,0.0
2026-04-09,ADX,23.29,23.53,23.56,23.175,282652,6615935.0,1.66,1.2,0.28,0.0
2026-04-09,ADXN,6.55,6.991,6.991,6.55,1602,10944.0,6.81,7.89,0.511,0.13
2026-04-09,AEAQU,10.08,10.08,10.08,10.08,41,412.0,0.0,0.0,0.0,0.0
2026-04-09,AEBI,10.69,11.5,11.56,10.68,375065,4252348.0,8.17,6.78,0.73,0.48
2026-04-09,AEC,5.57,5.53,5.65,5.4,40756,226048.0,4.57,1.1,0.06,0.22
2026-04-09,AEE,112.91,114.32,115.53,112.77,1652691,189486531.0,2.45,1.29,1.46,0.6
2026-04-09,AEF,7.95,8.06,8.1,7.925,142267,1142431.0,2.19,0.75,0.06,0.0
2026-04-09,AEFC,19.38,19.38,19.46,19.311,32565,630727.0,0.77,0.21,0.04,0.0
2026-04-09,AEG,7.75,7.85,7.9,7.73,5078700,39708588.0,2.19,0.9,0.07,0.32
2026-04-09,AEHL,1.17,1.16,1.18,1.1,237108,271887.0,6.61,-4.13,-0.05,29.71
2026-04-09,AEHR,62.49,68.86,70.26,62.0,7251583,487369232.0,13.08,9.02,5.7,23.06
2026-04-09,AEI,1.87,1.756,1.87,1.75,8376,14941.0,6.38,-6.6,-0.124,0.02
2026-04-09,AEIS,367.41,374.98,377.91,367.02,553835,207413903.0,2.97,2.19,8.03,1.46
2026-04-09,AEM,216.64,216.44,220.385,213.29,1387877,300806656.0,3.29,0.39,0.85,0.28
2026-04-09,AEMD,2.24,2.22,2.24,2.18,4463,9807.0,2.69,-0.45,-0.01,0.28
2026-04-09,AEMS,10.53,10.6,10.65,10.53,22904,243457.0,1.14,0.57,0.06,0.0
2026-04-09,AENT,7.12,7.24,7.325,6.895,16314,115935.0,6.12,2.99,0.21,0.03
2026-04-09,AENTW,0.64,0.66,0.68,0.64,5926,3947.0,6.25,3.13,0.02,0.0
2026-04-09,AEO,18.18,18.54,18.799,18.07,3344386,61939565.0,3.98,1.26,0.23,2.01
2026-04-09,AEON,0.9,0.83,0.916,0.83,67439,59054.0,9.56,-7.78,-0.07,0.27
2026-04-09,AEP,134.43,137.15,137.74,134.43,2562892,351435360.0,2.46,1.81,2.44,0.47
2026-04-09,AER,140.6,145.27,146.5,140.6,1033962,150335006.0,4.09,0.72,1.04,0.62
2026-04-09,AERO,15.61,16.08,16.245,15.32,405729,6445495.0,5.87,2.1,0.33,0.28
2026-04-09,AERT,0.529,0.535,0.57,0.521,246425,135456.0,9.63,5.11,0.026,0.49
2026-04-09,AERTW,0.02,0.02,0.021,0.02,9357,188.0,5.0,0.0,0.0,0.0
2026-04-09,AES,14.38,14.41,14.45,14.365,10314676,148710417.0,0.59,0.07,0.01,1.45
2026-04-09,AESI,11.31,11.51,11.605,11.23,8421138,96351465.0,3.31,1.68,0.19,6.74
2026-04-09,AESR,17.67,17.78,17.821,17.67,21843,388835.0,0.85,0.62,0.11,0.0
2026-04-09,AETH,33.73,34.302,34.302,33.73,307,10375.0,1.67,0.36,0.122,0.0
2026-04-09,AEVA,12.95,13.05,13.32,12.67,1075056,14010642.0,5.0,0.31,0.04,1.71
2026-04-09,AEXA,11.1,11.11,11.2,10.97,47464,525917.0,2.07,0.18,0.02,0.14
2026-04-09,AEYE,6.3,6.14,6.365,5.96,172887,1060539.0,6.35,-3.76,-0.24,1.38
2026-04-09,AFB,10.86,10.89,10.93,10.86,124974,1361325.0,0.65,0.46,0.05,0.0
2026-04-09,AFBI,22.3,22.31,22.33,22.3,14385,320886.0,0.13,0.04,0.01,0.24
2026-04-09,AFCG,2.86,2.64,2.9,2.625,232928,634689.0,9.48,-8.97,-0.26,0.99
2026-04-09,AFG,131.88,132.45,133.94,131.28,394851,52363869.0,2.02,0.43,0.57,0.48
2026-04-09,AFGB,21.075,21.1,21.14,20.96,11161,235020.0,0.86,0.33,0.07,0.0
2026-04-09,AFGC,18.65,18.77,18.77,18.65,6300,119255.0,0.64,0.16,0.03,0.0
2026-04-09,AFGD,20.26,20.25,20.26,20.05,4803,96957.0,1.03,-0.2,-0.04,0.0
2026-04-09,AFGE,16.595,16.6,16.729,16.52,10090,167519.0,1.26,-0.3,-0.05,0.0
2026-04-09,AFIF,9.37,9.39,9.395,9.35,27321,256342.0,0.48,0.16,0.015,0.0
2026-04-09,AFIX,25.05,25.005,25.05,25.005,232,5809.0,0.18,-0.04,-0.01,0.0
2026-04-09,AFJK,29.21,67.86,85.0,29.21,529361,35008264.0,199.25,142.36,39.86,8.65
2026-04-09,AFJKR,0.31,0.261,0.315,0.261,241601,73460.0,17.53,-15.26,-0.047,0.0
2026-04-09,AFJKU,75.37,75.37,75.37,75.37,477,30610.0,0.0,172.98,47.76,0.0
2026-04-09,AFK,27.44,27.38,27.83,27.34,21090,582494.0,1.78,-0.44,-0.12,0.0
2026-04-09,AFL,112.5,113.07,113.76,111.66,2036443,230630975.0,1.86,0.06,0.07,0.4
2026-04-09,AFLG,40.11,40.36,40.42,40.06,60503,2436565.0,0.9,0.47,0.19,0.0
2026-04-09,AFMC,37.07,37.49,37.63,37.07,8120,304443.0,1.5,0.51,0.19,0.0
2026-04-09,AFOS,38.89,39.076,39.12,38.66,13697,534350.0,1.19,1.07,0.413,0.0
2026-04-09,AFRI,9.71,9.86,9.92,9.71,6333,62090.0,2.13,0.1,0.01,0.02
2026-04-09,AFRIW,0.74,0.74,0.74,0.68,3289,2424.0,8.39,3.5,0.025,0.0
2026-04-09,AFRM,49.4,49.01,49.7,47.563,3054120,148579127.0,4.29,-1.61,-0.8,1.04
2026-04-09,AFRU,5.55,5.42,5.55,5.1,48691,253216.0,7.98,-3.9,-0.22,0.0
2026-04-09,AFSC,32.54,33.012,33.012,32.54,453,14786.0,1.45,1.14,0.373,0.0
2026-04-09,AFSM,34.32,34.75,34.85,34.32,34925,1216115.0,1.54,0.7,0.24,0.0
2026-04-09,AFYA,14.8,15.23,15.25,14.22,127844,1921131.0,6.89,1.94,0.29,0.25
2026-04-09,AG,21.15,20.59,21.395,20.03,15290777,315213280.0,6.53,-1.53,-0.32,3.1
2026-04-09,AGAE,0.31,0.309,0.33,0.307,1475904,472516.0,7.52,0.98,0.003,3.91
2026-04-09,AGBK,7.26,7.92,8.02,7.08,377361,2947910.0,13.02,9.7,0.7,0.64
2026-04-09,AGCC,15.3,15.6,16.0,15.145,180384,2758463.0,5.52,0.71,0.11,0.92
2026-04-09,AGCO,119.62,122.17,122.675,119.225,456496,55613793.0,2.88,1.88,2.26,0.63
2026-04-09,AGD,11.43,11.5,11.62,11.43,91659,1056381.0,1.66,0.44,0.05,0.0
2026-04-09,AGEM,42.91,43.199,43.29,42.72,26472,1141586.0,1.32,-0.04,-0.017,0.0
2026-04-09,AGEN,4.19,4.45,4.505,4.09,1154850,5027297.0,9.88,5.95,0.25,3.01
2026-04-09,AGG,99.34,99.49,99.64,99.22,8004900,796243328.0,0.42,0.06,0.06,0.0
2026-04-09,AGGA,25.16,25.159,25.21,25.11,27080,681015.0,0.4,0.12,0.029,0.0
2026-04-09,AGGH,20.45,20.46,20.505,20.42,95283,1950533.0,0.42,0.04,0.008,0.0
2026-04-09,AGGS,40.935,40.935,40.935,40.935,51,2088.0,0.0,0.0,0.002,0.0
2026-04-09,AGGY,43.68,43.73,43.82,43.63,38978,1704529.0,0.43,0.0,0.0,0.0
2026-04-09,AGH,3.28,3.29,3.45,3.132,597991,2010894.0,9.64,-0.3,-0.01,2.95
2026-04-09,AGI,47.72,47.09,48.61,46.6,2084515,98497558.0,4.22,-1.11,-0.53,0.5
2026-04-09,AGIG,1.12,1.08,1.135,1.07,266230,292202.0,5.91,-1.82,-0.02,0.61
2026-04-09,AGIO,33.53,32.92,33.53,32.59,867783,28596947.0,2.78,-2.52,-0.85,1.48
2026-04-09,AGIQ,20.88,20.614,20.88,20.5,2563,52927.0,1.81,-1.62,-0.339,0.0
2026-04-09,AGIX,34.94,34.67,34.95,34.204,106793,3692808.0,2.14,-0.77,-0.27,0.0
2026-04-09,AGL,18.38,19.84,20.12,16.54,429470,8054058.0,19.38,7.42,1.37,2.59
2026-04-09,AGM,154.6,157.76,158.26,153.98,108354,17028774.0,2.75,1.19,1.85,1.16
2026-04-09,AGMB,9.78,10.21,10.64,9.0,193355,1868986.0,16.65,3.65,0.36,0.4
2026-04-09,AGMH,1.0,0.934,1.09,0.917,199055,196517.0,16.48,-11.05,-0.116,8.66
2026-04-09,AGMI,72.0,72.299,72.81,72.0,2111,152073.0,1.13,0.57,0.412,0.0
2026-04-09,AGM_A,123.5,123.5,123.5,123.5,80,10081.0,0.0,0.0,0.0,0.01
2026-04-09,AGM_D,20.62,20.83,20.83,20.62,816,16952.0,1.01,0.63,0.13,0.02
2026-04-09,AGM_E,21.09,21.325,21.325,21.09,1606,34184.0,1.11,0.54,0.115,0.05
2026-04-09,AGM_F,19.15,19.0,19.15,18.86,11782,223680.0,1.51,-0.78,-0.15,0.25
2026-04-09,AGM_G,17.66,17.75,17.75,17.634,14231,252011.0,0.66,1.14,0.2,0.28
2026-04-09,AGM_H,24.61,24.5,24.61,24.34,14110,345577.0,1.1,-0.33,-0.08,0.35
2026-04-09,AGNC,10.29,10.48,10.51,10.28,14053927,146639803.0,2.23,1.55,0.16,1.25
2026-04-09,AGNCL,23.99,24.05,24.085,23.89,21593,518853.0,0.82,0.84,0.2,0.36
2026-04-09,AGNCM,24.16,24.27,24.3,24.1,16852,407960.0,0.83,0.46,0.11,0.18
2026-04-09,AGNCN,25.12,25.24,25.255,25.1,22888,576686.0,0.62,0.76,0.19,0.18
2026-04-09,AGNCO,24.78,24.93,24.97,24.77,45254,1127016.0,0.81,0.52,0.13,0.28
2026-04-09,AGNCP,24.17,24.38,24.4,24.17,65066,1584146.0,0.95,0.74,0.18,0.28
2026-04-09,AGNCZ,24.93,24.95,25.16,24.85,53327,1332993.0,1.24,0.08,0.02,0.44
2026-04-09,AGNG,36.24,36.425,36.62,36.18,10273,373827.0,1.21,0.0,0.0,0.0
2026-04-09,AGO,82.82,83.49,84.4,82.82,369702,30928951.0,1.9,0.35,0.29,0.82
2026-04-09,AGOX,28.28,28.3,28.9,27.98,240395,6841038.0,3.2,-1.43,-0.41,0.0
2026-04-09,AGPU,4.45,4.84,5.285,3.9,693786,3301102.0,30.78,7.56,0.34,12.52
2026-04-09,AGQ,116.92,119.72,123.21,115.41,3209590,382544336.0,6.71,2.93,3.41,0.0
2026-04-09,AGQI,17.48,17.531,17.59,17.42,902,15827.0,0.97,-0.26,-0.046,0.0
2026-04-09,AGRH,26.16,26.15,26.16,26.15,269,7052.0,0.04,0.1,0.025,0.0
2026-04-09,AGRO,14.56,14.06,14.71,14.01,1529664,21849302.0,4.91,-1.47,-0.21,1.07
2026-04-09,AGRW,28.45,28.449,28.45,28.44,414,11792.0,0.04,0.36,0.101,0.0
2026-04-09,AGRZ,0.44,0.42,0.467,0.42,200965,88943.0,10.66,-4.76,-0.021,0.93
2026-04-09,AGX,597.1,609.29,615.68,586.29,326008,197671188.0,5.0,3.57,21.01,2.34
2026-04-09,AGYS,65.15,63.4,65.725,62.07,411006,26077850.0,5.57,-3.37,-2.21,1.46
2026-04-09,AGZ,109.64,109.74,109.82,109.603,6169,676905.0,0.2,-0.09,-0.1,0.0
2026-04-09,AGZD,22.531,22.574,22.575,22.3,37810,849551.0,1.22,-0.12,-0.026,0.0
2026-04-09,AHCO,12.08,12.22,12.27,11.835,968643,11768206.0,3.57,0.33,0.04,0.71
2026-04-09,AHG,2.2,2.26,2.3,2.2,150300,343693.0,4.15,-1.31,-0.03,0.02
2026-04-09,AHLT,28.38,28.26,28.38,28.11,2224,62755.0,0.96,0.53,0.15,0.0
2026-04-09,AHL_D,20.41,20.62,20.64,20.319,8958,183910.0,1.57,0.59,0.12,0.09
2026-04-09,AHL_E,20.47,20.315,20.52,20.315,5789,117937.0,1.01,-0.39,-0.08,0.06
2026-04-09,AHL_F,23.99,24.27,24.27,23.735,14208,342324.0,2.24,1.8,0.43,0.16
2026-04-09,AHMA,0.923,0.85,0.923,0.8,401378,345470.0,12.81,-11.46,-0.11,3.66
2026-04-09,AHR,48.33,49.11,50.055,48.15,2271365,111971286.0,3.94,1.47,0.71,1.18
2026-04-09,AHRT,5.64,5.68,5.715,5.62,850486,4830124.0,1.68,0.18,0.01,1.06
2026-04-09,AHRT_A,21.9,21.955,21.97,21.9,1592,34929.0,0.32,0.43,0.095,0.02
2026-04-09,AHT,2.67,2.72,2.73,2.66,29521,80946.0,2.65,3.03,0.08,0.46
2026-04-09,AHT_D,7.2,7.3,7.325,7.151,4809,34722.0,2.35,-1.48,-0.11,0.43
2026-04-09,AHT_F,5.932,6.05,6.45,5.932,1141,7095.0,8.35,-2.42,-0.15,0.11
2026-04-09,AHT_G,5.691,6.32,6.32,5.691,1981,11698.0,9.66,-2.92,-0.19,0.13
2026-04-09,AHT_H,5.69,6.46,6.46,5.69,1471,8453.0,12.13,1.73,0.11,0.14
2026-04-09,AHT_I,6.09,6.04,6.22,5.95,2351,14345.0,4.35,-2.58,-0.16,0.23
2026-04-09,AHYB,46.34,46.379,46.39,46.27,3003,139159.0,0.26,0.1,0.048,0.0
2026-04-09,AI,8.71,8.58,8.78,8.36,3755018,31998065.0,4.78,-2.28,-0.2,2.65
2026-04-09,AIA,112.58,114.0,114.25,112.04,547169,62058829.0,1.93,-0.5,-0.57,0.0
2026-04-09,AIB,1.72,1.4,1.73,1.39,1438737,2198939.0,18.48,-23.91,-0.44,3.82
2026-04-09,AIBD,8.79,8.77,8.99,8.72,36995,326304.0,3.08,-0.11,-0.01,0.0
2026-04-09,AIBU,39.97,40.791,40.89,39.71,4291,174122.0,2.9,0.3,0.123,0.0
2026-04-09,AIDX,1.87,1.84,1.99,1.73,58549,108852.0,13.58,-3.92,-0.075,0.56
2026-04-09,AIEQ,44.81,45.105,45.17,44.72,3952,178006.0,1.0,0.55,0.245,0.0
2026-04-09,AIFD,42.13,42.225,42.29,41.83,45809,1929463.0,1.09,0.49,0.205,0.0
2026-04-09,AIFF,1.74,1.71,1.74,1.63,747840,1265048.0,6.47,0.59,0.01,5.06
2026-04-09,AIFU,1.28,1.138,1.29,1.012,13897,15670.0,21.48,-12.06,-0.156,0.01
2026-04-09,AIG,76.88,77.72,78.395,76.71,1921348,149578785.0,2.18,0.37,0.29,0.36
2026-04-09,AIHS,1.27,1.25,1.27,1.191,15267,19123.0,6.22,-1.57,-0.02,0.33
2026-04-09,AII,18.74,18.84,19.15,18.57,81360,1537810.0,3.08,-0.05,-0.01,0.42
2026-04-09,AIIA,10.05,10.05,10.05,10.05,36,363.0,0.0,0.0,0.0,0.0
2026-04-09,AIIA_U,10.27,10.27,10.27,10.27,1001,10280.0,0.0,0.09,0.009,0.0
2026-04-09,AIIAr,0.235,0.235,0.235,0.235,500,118.0,0.0,-6.0,-0.015,0.0
2026-04-09,AIIO,0.82,0.78,0.839,0.78,267191,213722.0,7.1,-6.14,-0.051,1.5
2026-04-09,AIIOW,0.016,0.02,0.023,0.016,3100,58.0,30.43,-13.04,-0.003,0.0
2026-04-09,AIM,0.553,0.518,0.559,0.506,238325,125547.0,9.58,-6.33,-0.035,2.93
2026-04-09,AIMD,1.705,1.69,1.71,1.61,20953,35080.0,6.06,2.42,0.04,0.29
2026-04-09,AIMS,25.26,25.286,25.286,25.2,5449,137610.0,0.34,0.98,0.245,0.0
2026-04-09,AIN,55.09,56.91,57.02,55.09,163537,9279084.0,3.45,1.77,0.99,0.58
2026-04-09,AINP,25.11,25.075,25.11,25.072,757,19016.0,0.15,0.08,0.02,0.0
2026-04-09,AINT,24.16,24.061,24.16,24.061,39120,945127.0,0.4,-1.88,-0.461,0.0
2026-04-09,AIO,22.79,22.92,22.995,22.71,63917,1461542.0,1.26,1.15,0.26,0.0
2026-04-09,AIOO,25.74,25.79,25.8,25.74,37277,961385.0,0.23,0.08,0.02,0.0
2026-04-09,AIOS,0.551,0.581,0.62,0.525,23333,13057.0,16.16,-1.19,-0.007,0.04
2026-04-09,AIOT,3.22,2.96,3.25,2.885,2382584,7128745.0,11.3,-8.36,-0.27,1.78
2026-04-09,AIP,18.84,19.56,19.6,18.77,490496,9517538.0,4.36,2.79,0.53,1.08
2026-04-09,AIPI,34.64,34.06,34.64,33.9,109243,3723590.0,2.14,-1.56,-0.54,0.0
2026-04-09,AIPO,26.73,27.24,27.495,26.62,768382,20955481.0,3.27,1.87,0.5,0.0
2026-04-09,AIQ,49.29,49.35,49.4,48.64,1819234,89230125.0,1.53,-0.5,-0.25,0.0
2026-04-09,AIR,120.51,123.04,124.56,120.02,356027,43810858.0,3.76,1.87,2.26,0.9
2026-04-09,AIRE,0.25,0.254,0.254,0.238,628508,154551.0,6.4,1.6,0.004,0.48
2026-04-09,AIRG,5.83,6.11,6.15,5.68,92766,548073.0,8.1,5.34,0.31,0.76
2026-04-09,AIRI,3.23,3.19,3.24,3.12,6908,22064.0,3.7,-1.54,-0.05,0.14
2026-04-09,AIRJ,2.83,3.01,3.065,2.83,305519,913265.0,8.22,5.24,0.15,0.45
2026-04-09,AIRJW,0.646,0.674,0.73,0.645,4384,2856.0,11.64,-7.67,-0.056,0.0
2026-04-09,AIRO,8.69,8.08,8.8,8.07,566179,4697735.0,8.28,-8.39,-0.74,1.8
2026-04-09,AIRR,118.86,120.63,121.91,118.86,508580,61380890.0,2.56,1.23,1.47,0.0
2026-04-09,AIRS,2.76,2.71,2.84,2.61,1467600,3973935.0,8.46,-0.37,-0.01,2.08
2026-04-09,AIRT,21.68,21.68,21.68,21.68,39,845.0,0.0,0.0,0.0,0.0
2026-04-09,AIRTP,19.345,18.48,19.43,18.1,13357,248310.0,6.84,-4.94,-0.96,1.59
2026-04-09,AIS,47.48,48.23,48.35,47.155,173955,8316471.0,2.5,0.77,0.37,0.0
2026-04-09,AISP,2.12,2.07,2.16,2.03,435617,904189.0,6.05,-3.72,-0.08,1.27
2026-04-09,AISPW,0.64,0.63,0.64,0.57,45974,26736.0,11.11,0.0,0.0,0.0
2026-04-09,AIT,279.84,286.41,288.0,276.24,348727,99722753.0,4.19,2.02,5.67,0.93
2026-04-09,AIUP,24.597,24.597,24.597,24.597,173,4251.0,0.0,0.48,0.118,0.0
2026-04-09,AIV,4.09,4.07,4.09,4.035,1399518,5681933.0,1.35,-0.25,-0.01,0.97
2026-04-09,AIVC,76.32,75.944,76.32,75.505,1729,131166.0,1.07,-0.74,-0.566,0.0
2026-04-09,AIVI,56.31,56.63,56.83,56.255,3003,170134.0,1.02,-0.01,-0.008,0.0
2026-04-09,AIVL,120.97,121.462,121.73,120.97,2574,312722.0,0.63,0.12,0.142,0.0
2026-04-09,AIXC,1.3,1.33,1.35,1.29,13851,18190.0,4.48,-0.75,-0.01,0.07
2026-04-09,AIXI,1.03,0.991,1.3,0.954,81580300,93229362.0,24.2,-30.7,-0.439,606.42
2026-04-09,AIYY,9.98,9.77,9.98,9.6,32313,313253.0,3.8,-2.2,-0.22,0.0
2026-04-09,AIZ,222.67,223.28,224.7,221.41,302905,67677072.0,1.47,-0.18,-0.41,0.61
2026-04-09,AIZN,19.46,19.68,19.968,19.46,12278,241351.0,2.61,1.13,0.22,0.0
2026-04-09,AJAN,27.895,27.935,27.935,27.861,7093,197977.0,0.27,0.16,0.045,0.0
2026-04-09,AJG,219.06,218.39,221.95,217.04,1637946,359379520.0,2.22,-1.09,-2.41,0.64
2026-04-09,AJUL,29.42,29.445,29.445,29.41,1270,37355.0,0.12,0.24,0.07,0.0
2026-04-09,AKA,10.45,10.78,11.14,10.385,4081,43428.0,7.55,7.8,0.78,0.04
2026-04-09,AKAF,32.069,32.069,32.069,32.069,3,127.0,0.0,0.42,0.134,0.0
2026-04-09,AKAM,115.21,109.61,115.25,106.88,5411533,592930448.0,7.22,-5.51,-6.39,3.68
2026-04-09,AKAN,0.69,0.663,0.71,0.613,248898,159679.0,14.06,-3.91,-0.027,10.37
2026-04-09,AKBA,1.42,1.41,1.45,1.41,1280524,1821947.0,2.8,-1.4,-0.02,0.48
2026-04-09,AKO_A,22.96,22.96,22.96,22.96,165,3845.0,0.0,-4.33,-1.04,0.0
2026-04-09,AKO_B,27.05,28.5,29.9,27.05,6749,193988.0,10.55,5.48,1.48,0.01
2026-04-09,AKR,19.97,20.37,20.47,19.97,1178281,23986942.0,2.48,1.04,0.21,0.9
2026-04-09,AKRE,53.07,52.67,53.21,52.2,793472,41756500.0,1.89,-1.27,-0.68,0.0
2026-04-09,AKTS,16.98,17.67,17.95,16.77,292399,5114354.0,6.95,4.06,0.69,0.55
2026-04-09,AKTX,3.83,3.92,3.986,3.768,8399,32682.0,5.62,1.03,0.04,0.73
2026-04-09,ALAB,125.89,129.46,129.68,123.5,3766929,479427728.0,4.93,3.19,4.0,2.2
2026-04-09,ALAI,35.2,35.62,35.64,34.91,73827,2603176.0,2.07,0.88,0.31,0.0
2026-04-09,ALAR,6.32,6.13,6.36,6.07,11412,71197.0,4.65,-1.61,-0.1,0.16
2026-04-09,ALB,176.48,172.35,181.57,170.85,1538858,267024874.0,6.04,-2.87,-5.09,1.31
2026-04-09,ALBG,14.36,13.8,14.36,13.79,4466,62546.0,3.91,-5.45,-0.795,0.0
2026-04-09,ALBT,0.581,0.493,0.617,0.431,4004885,2330809.0,35.29,-6.45,-0.034,49.91
2026-04-09,ALB_A,71.0,69.3,73.725,69.14,30025,2113910.0,6.44,-2.71,-1.93,0.07
2026-04-09,ALC,77.19,77.4,78.03,76.415,1304223,100854928.0,2.09,0.12,0.09,0.27
2026-04-09,ALCO,44.21,44.34,45.01,43.985,46958,2087077.0,2.31,-0.27,-0.12,0.61
2026-04-09,ALCY,11.84,11.96,12.14,11.8,35598,426858.0,2.87,0.93,0.11,0.85
2026-04-09,ALCYU,13.5,13.5,13.5,13.5,2,22.0,0.0,0.0,0.0,0.0
2026-04-09,ALCYW,0.144,0.205,0.205,0.144,500,90.0,43.57,46.43,0.065,0.0
2026-04-09,ALDX,1.57,1.59,1.625,1.52,2649052,4147389.0,6.69,1.27,0.02,4.4
2026-04-09,ALEC,2.38,2.4,2.415,2.34,271311,647114.0,3.1,-0.83,-0.02,0.25
2026-04-09,ALF,10.78,10.81,10.81,10.78,211,2278.0,0.28,0.09,0.01,0.0
2026-04-09,ALFUW,0.1,0.09,0.109,0.09,40516,4081.0,19.0,-10.0,-0.01,0.0
2026-04-09,ALG,175.48,179.04,180.23,175.13,105162,18747302.0,2.89,1.55,2.74,0.86
2026-04-09,ALGM,35.8,37.02,37.05,35.8,1867269,68612006.0,3.48,3.21,1.15,1.01
2026-04-09,ALGN,173.21,174.53,175.65,170.5,970098,168262866.0,2.91,-1.3,-2.3,1.35
2026-04-09,ALGS,7.8,7.94,8.057,7.77,11851,93806.0,3.59,-0.63,-0.05,0.22
2026-04-09,ALGT,85.43,86.88,88.12,83.98,493547,42773886.0,4.78,0.4,0.35,2.68
2026-04-09,ALH,23.41,23.37,24.09,23.27,1681364,39609124.0,3.48,-0.81,-0.19,0.85
2026-04-09,ALHC,21.17,21.38,21.63,20.94,2003390,42597823.0,3.24,0.33,0.07,0.98
2026-04-09,ALIL,29.52,29.513,29.52,29.513,427,12626.0,0.02,0.72,0.212,0.0
2026-04-09,ALIS,10.0,10.0,10.0,10.0,10,100.0,0.0,0.0,0.0,0.0
2026-04-09,ALISR,0.51,0.51,0.51,0.51,4,3.0,0.0,0.0,0.0,0.0
2026-04-09,ALIT,0.5,0.516,0.52,0.479,24419298,12402312.0,8.37,5.31,0.026,4.66
2026-04-09,ALK,39.28,39.9,40.095,38.211,3651804,144025051.0,4.72,-0.03,-0.01,3.22
2026-04-09,ALKS,35.0,34.92,35.45,34.44,2049862,71582713.0,2.9,0.43,0.15,1.23
2026-04-09,ALKT,16.25,15.67,16.295,15.332,2128635,33232145.0,5.85,-4.86,-0.8,1.99
2026-04-09,ALL,210.91,214.52,216.15,210.4,1060624,227455092.0,2.71,1.16,2.45,0.41
2026-04-09,ALLE,143.39,146.29,147.28,142.95,730660,106615210.0,3.0,1.25,1.8,0.85
2026-04-09,ALLO,2.72,2.91,2.91,2.695,4811512,13569007.0,7.96,7.78,0.21,1.97
2026-04-09,ALLR,1.16,1.15,1.18,1.13,42409,49247.0,4.31,-0.86,-0.01,0.27
2026-04-09,ALLT,6.95,6.66,6.95,6.62,290707,1952359.0,4.69,-5.26,-0.37,0.59
2026-04-09,ALLW,29.44,29.52,29.545,29.31,661941,19496012.0,0.8,0.34,0.1,0.0
2026-04-09,ALLY,41.56,41.8,41.98,41.21,3034229,126693807.0,1.85,0.22,0.09,0.99
2026-04-09,ALL_B,25.71,25.83,25.85,25.649,26184,674945.0,0.78,0.39,0.1,0.0
2026-04-09,ALL_H,20.46,20.42,20.48,20.31,56760,1158719.0,0.83,-0.2,-0.04,0.12
2026-04-09,ALL_I,18.88,18.99,19.01,18.86,23260,439694.0,0.79,0.58,0.11,0.19
2026-04-09,ALL_J,25.81,25.74,25.93,25.73,30935,797915.0,0.77,-0.5,-0.13,0.13
2026-04-09,ALM,17.27,17.63,18.01,17.08,3461627,61048517.0,5.28,0.0,0.0,1.23
2026-04-09,ALMS,22.42,22.94,23.19,22.26,975147,22212322.0,4.1,1.01,0.23,0.79
2026-04-09,ALMU,11.46,10.73,11.5,10.24,962960,10326516.0,10.97,-6.61,-0.76,5.35
2026-04-09,ALNT,63.98,68.82,68.94,63.98,172075,11637805.0,7.67,6.37,4.12,1.01
2026-04-09,ALNY,325.67,321.28,326.9,318.77,1119233,360369568.0,2.48,-1.82,-5.97,0.84
2026-04-09,ALOT,10.7,11.58,11.59,10.7,108500,1227944.0,8.2,6.73,0.73,1.42
2026-04-09,ALOV,9.887,9.887,9.887,9.887,100,989.0,0.0,0.27,0.027,0.0
2026-04-09,ALOVU,9.98,9.98,9.98,9.98,1,10.0,0.0,0.0,0.0,0.0
2026-04-09,ALOVW,0.39,0.397,0.397,0.39,257,102.0,1.75,-0.75,-0.003,0.0
2026-04-09,ALOY,8.42,9.88,9.925,8.33,3122087,28672118.0,19.96,23.65,1.89,5.22
2026-04-09,ALPS,1.0,0.999,1.02,0.95,6181,6133.0,7.0,-0.1,-0.001,0.0
2026-04-09,ALRG,27.68,27.92,27.92,27.64,434,12035.0,1.01,0.89,0.246,0.0
2026-04-09,ALRM,44.35,43.54,44.7,42.57,679511,29402756.0,4.77,-2.57,-1.15,1.37
2026-04-09,ALRS,24.62,25.32,25.39,24.6,143905,3622496.0,3.18,2.06,0.51,0.56
2026-04-09,ALSN,124.38,127.48,127.78,123.82,630981,80104981.0,3.17,1.98,2.48,0.76
2026-04-09,ALT,3.35,3.38,3.44,3.31,1989237,6696398.0,3.86,0.3,0.01,1.53
2026-04-09,ALTG,5.75,5.96,6.03,5.68,228153,1345522.0,6.02,2.58,0.15,0.7
2026-04-09,ALTG_A,25.28,25.28,25.35,25.24,10323,261205.0,0.44,0.0,0.0,0.86
2026-04-09,ALTI,3.77,3.88,3.895,3.76,128230,491327.0,3.52,1.04,0.04,0.12
2026-04-09,ALTL,44.62,44.943,45.1,44.62,2452,110282.0,1.07,0.4,0.18,0.0
2026-04-09,ALTO,4.43,4.87,4.88,4.4,1709456,8109755.0,10.98,11.44,0.5,2.21
2026-04-09,ALTS,1.09,1.08,1.13,1.08,1393441,1531752.0,4.55,-1.82,-0.02,1.1
2026-04-09,ALTY,12.21,12.229,12.25,12.205,6266,76675.0,0.37,0.4,0.049,0.0
2026-04-09,ALUB,9.98,10.0,10.0,9.965,107976,1076710.0,0.35,0.0,0.0,0.38
2026-04-09,ALV,110.32,109.98,110.91,109.3,981131,107898640.0,1.46,-0.48,-0.53,1.31
2026-04-09,ALVO,3.53,3.6,3.7,3.42,436100,1570802.0,7.82,0.56,0.02,0.14
2026-04-09,ALVOW,0.32,0.25,0.32,0.25,3112,911.0,24.14,-13.79,-0.04,0.0
2026-04-09,ALX,238.53,245.91,249.63,238.39,43543,10699598.0,4.69,2.53,6.07,0.85
2026-04-09,ALXO,1.91,1.7,1.93,1.65,3355211,5818150.0,14.78,-10.29,-0.195,2.55
2026-04-09,ALZN,0.93,0.903,0.97,0.9,58336,53753.0,7.52,-3.01,-0.028,1.53
2026-04-09,AM,22.43,22.21,22.98,22.16,2112403,47307376.0,3.65,-1.16,-0.26,0.45
2026-04-09,AMAL,41.35,42.24,42.24,41.17,166904,7014480.0,2.58,1.78,0.74,0.56
2026-04-09,AMAT,385.245,397.81,398.743,385.13,5373571,2123968256.0,3.53,3.13,12.09,0.68
2026-04-09,AMAX,7.87,7.87,7.9,7.81,144098,1132946.0,1.15,0.64,0.05,0.0
2026-04-09,AMBA,52.96,53.24,54.33,52.95,743123,39742356.0,2.59,-0.08,-0.04,1.7
2026-04-09,AMBO,2.1,2.4,2.5,2.1,19847,44920.0,18.69,12.15,0.26,0.76
2026-04-09,AMBP,4.1,4.15,4.19,4.1,927328,3847376.0,2.17,0.0,0.0,0.16
2026-04-09,AMBQ,29.25,28.82,29.32,28.575,218179,6305732.0,2.56,-0.96,-0.28,1.03
2026-04-09,AMBR,2.4,2.22,2.4,2.215,60677,140102.0,8.04,-3.48,-0.08,0.07
2026-04-09,AMC,1.33,1.35,1.4,1.29,26473799,35183125.0,8.21,0.75,0.01,5.0
2026-04-09,AMCI,6.46,6.27,6.48,6.1,21476,134098.0,6.02,-0.71,-0.045,0.1
2026-04-09,AMCR,41.67,41.76,42.2,41.41,3853551,161091515.0,1.86,-1.44,-0.61,0.83
2026-04-09,AMCX,7.48,7.52,7.54,7.29,354193,2643841.0,3.31,-0.4,-0.03,1.13
2026-04-09,AMD,233.014,236.64,237.1,230.91,27126209,6370280192.0,2.67,2.08,4.82,1.66
2026-04-09,AMDD,7.8,7.67,7.87,7.66,18874748,146170981.0,2.68,-2.17,-0.17,0.0
2026-04-09,AMDG,26.88,27.82,27.835,26.65,93737,2553923.0,4.45,4.59,1.22,0.0
2026-04-09,AMDL,15.98,16.4,16.47,15.65,9960348,160250485.0,5.2,3.99,0.63,0.0
2026-04-09,AMDW,47.34,48.14,48.24,46.78,32401,1543421.0,3.11,2.58,1.21,0.0
2026-04-09,AMDY,33.7,34.14,34.17,33.46,102943,3487968.0,2.09,0.35,0.12,0.0
2026-04-09,AME,229.11,233.49,234.33,228.67,1167613,271985552.0,2.46,1.3,3.0,0.51
2026-04-09,AMG,288.08,286.32,291.32,283.31,302361,86810253.0,2.8,-0.06,-0.16,1.13
2026-04-09,AMGN,347.46,355.6,359.445,346.425,2940906,1043698336.0,3.72,1.66,5.79,0.54
2026-04-09,AMH,29.4,29.62,29.85,29.34,3243673,96188364.0,1.73,0.75,0.22,0.89
2026-04-09,AMH_G,22.96,22.978,22.978,22.76,1534,35111.0,0.96,1.4,0.318,0.03
2026-04-09,AMH_H,23.65,23.755,23.755,23.505,2543,60102.0,1.06,0.36,0.085,0.06
2026-04-09,AMID,34.11,34.092,34.23,34.07,17304,590842.0,0.47,0.42,0.143,0.0
2026-04-09,AMIX,0.391,0.4,0.403,0.376,102173,39089.0,6.8,0.76,0.003,0.9
2026-04-09,AMJB,34.82,34.24,35.03,34.24,37434,1295173.0,2.29,-0.87,-0.3,0.0
2026-04-09,AMKR,52.17,55.14,55.515,52.04,3760659,206334299.0,6.63,5.19,2.72,1.52
2026-04-09,AMLP,52.6,52.36,53.3,52.27,1300098,68375734.0,1.96,-0.29,-0.15,0.0
2026-04-09,AMLX,16.56,17.32,17.355,16.51,1217988,20841916.0,4.99,2.36,0.4,1.1
2026-04-09,AMN,18.84,18.49,18.91,17.94,738245,13549348.0,5.11,-2.58,-0.49,1.91
2026-04-09,AMOD,0.346,0.337,0.356,0.32,439853,147777.0,10.2,-4.53,-0.016,0.87
2026-04-09,AMODW,0.044,0.04,0.044,0.04,3500,144.0,9.52,-4.76,-0.002,0.0
2026-04-09,AMOM,51.12,51.486,51.51,51.12,4905,252610.0,0.77,1.03,0.523,0.0
2026-04-09,AMP,450.08,452.9,454.705,446.69,878869,397402224.0,1.77,-0.04,-0.2,0.97
2026-04-09,AMPG,1.85,1.82,1.89,1.77,537795,974132.0,6.32,-4.21,-0.08,2.12
2026-04-09,AMPGR,0.075,0.065,0.075,0.05,3179,164.0,37.31,-2.99,-0.002,0.0
2026-04-09,AMPGZ,0.06,0.06,0.06,0.06,6052,365.0,0.0,-14.29,-0.01,0.0
2026-04-09,AMPH,20.32,20.87,21.19,20.32,519316,10855000.0,4.26,2.3,0.47,1.17
2026-04-09,AMPL,6.21,6.01,6.215,5.68,2381308,14055595.0,8.53,-4.15,-0.26,2.29
2026-04-09,AMPX,16.63,16.15,17.65,15.87,7418561,121623045.0,10.52,-4.55,-0.77,5.41
2026-04-09,AMPX_WS,6.98,6.435,7.45,6.435,17285,119410.0,14.12,-10.5,-0.755,0.0
2026-04-09,AMPY,5.92,5.81,5.93,5.635,983691,5679767.0,5.02,-1.19,-0.07,2.38
2026-04-09,AMR,200.37,185.2,201.62,181.21,366884,68918758.0,10.24,-7.05,-14.04,2.87
2026-04-09,AMRC,25.12,26.0,26.31,25.12,440264,11439995.0,4.71,2.93,0.74,1.26
2026-04-09,AMRN,14.74,14.78,14.96,14.5,63560,940078.0,3.12,0.34,0.05,0.3
2026-04-09,AMRX,12.6,12.8,12.94,12.515,1033963,13211640.0,3.34,0.71,0.09,0.32
2026-04-09,AMRZ,56.745,57.39,57.78,56.55,2207703,126230709.0,2.16,0.93,0.53,0.4
2026-04-09,AMS,1.32,1.33,1.37,1.32,19409,26184.0,3.76,0.0,0.0,0.29
2026-04-09,AMSC,32.87,36.15,36.41,32.87,1408124,50142401.0,10.72,9.48,3.13,2.96
2026-04-09,AMSF,33.48,33.87,34.24,33.26,171100,5802356.0,2.92,0.47,0.16,0.91
2026-04-09,AMST,1.904,1.76,1.904,1.745,7902,13950.0,8.93,-1.12,-0.02,0.17
2026-04-09,AMT,175.24,179.93,182.36,175.24,3273998,590085360.0,4.04,2.13,3.75,0.7
2026-04-09,AMTB,23.84,24.22,24.38,23.69,328558,7946469.0,2.89,1.42,0.34,0.82
2026-04-09,AMTD,0.98,0.99,1.0,0.98,11372,11210.0,2.0,-1.0,-0.01,0.03
2026-04-09,AMTM,27.13,26.53,27.36,26.52,1138375,30411436.0,3.09,-2.28,-0.62,0.47
2026-04-09,AMTX,2.77,2.4,2.8,2.39,1815200,4620447.0,14.8,-13.36,-0.37,2.66
2026-04-09,AMUB,22.085,21.735,22.085,21.735,508,11156.0,1.61,-0.32,-0.07,0.0
2026-04-09,AMUN,26.02,26.05,26.05,26.02,890050,23183332.0,0.12,-0.02,-0.005,0.0
2026-04-09,AMUU,55.93,57.178,57.44,54.95,87467,4914194.0,4.53,4.04,2.218,0.0
2026-04-09,AMWD,39.96,41.83,42.38,39.96,142432,5909011.0,5.95,2.9,1.18,0.98
2026-04-09,AMWL,5.7,5.42,5.88,5.41,46808,263143.0,8.23,-5.08,-0.29,0.31
2026-04-09,AMX,26.27,27.15,27.19,26.27,1395707,37714589.0,3.5,3.27,0.86,0.05
2026-04-09,AMYY,15.87,15.89,15.9,15.8,5574,88389.0,0.63,0.47,0.075,0.0
2026-04-09,AMZA,45.57,45.55,46.6,45.28,24510,1122568.0,2.88,-0.74,-0.34,0.0
2026-04-09,AMZD,10.16,9.77,10.255,9.77,17447216,173893682.0,4.69,-5.51,-0.57,0.0
2026-04-09,AMZE,0.157,0.174,0.183,0.154,2722337,466852.0,17.58,5.45,0.009,6.73
2026-04-09,AMZN,225.232,233.65,233.8,223.27,65964171,15188296960.0,4.76,5.6,12.4,0.61
2026-04-09,AMZO,21.51,19.843,21.53,19.74,19273,390780.0,8.03,-10.95,-2.441,0.0
2026-04-09,AMZP,25.3,26.23,26.23,25.29,17136,441249.0,3.79,5.64,1.4,0.0
2026-04-09,AMZU,31.26,33.53,33.595,30.75,4085103,132658785.0,9.43,11.1,3.35,0.0
2026-04-09,AMZW,36.93,38.51,38.595,36.77,46837,1768526.0,5.04,6.38,2.31,0.0
2026-04-09,AMZY,11.46,11.85,11.86,11.401,566214,6624316.0,4.01,3.58,0.41,0.0
2026-04-09,AMZZ,28.37,30.513,30.74,28.1,627854,18706080.0,9.55,10.39,2.873,0.0
2026-04-09,AN,195.61,200.42,201.02,193.1,379800,75589683.0,4.02,1.78,3.51,1.11
2026-04-09,ANAB,64.78,68.54,69.13,64.61,373402,25375887.0,6.9,4.58,3.0,1.3
2026-04-09,ANDE,74.7,74.22,75.685,73.83,286678,21369118.0,2.48,-0.64,-0.48,0.84
2026-04-09,ANDG,28.69,27.99,29.23,27.195,161874,4514978.0,7.06,-2.95,-0.85,1.28
2026-04-09,ANEL,17.25,17.627,17.72,16.54,54091,927492.0,6.74,0.7,0.122,0.0
2026-04-09,ANET,145.11,146.05,146.19,141.11,7266114,1050250400.0,3.5,0.68,0.98,0.58
2026-04-09,ANEW,46.835,46.763,46.835,46.763,494,23173.0,0.15,-0.42,-0.198,0.0
2026-04-09,ANF,101.25,103.49,104.81,101.08,864442,89375088.0,3.66,1.49,1.52,1.92
2026-04-09,ANGH,3.88,3.84,3.94,3.82,3677,14331.0,3.09,-1.03,-0.04,0.05
2026-04-09,ANGHW,0.008,0.011,0.011,0.008,1620,16.0,25.0,-8.33,-0.001,0.0
2026-04-09,ANGI,7.03,7.2,7.21,6.85,574791,4063929.0,5.1,1.98,0.14,1.43
2026-04-09,ANGL,29.12,29.19,29.26,29.09,2010869,58722016.0,0.58,0.17,0.05,0.0
2026-04-09,ANGO,10.0,10.09,10.55,9.95,459706,4707844.0,5.9,-0.79,-0.08,1.11
2026-04-09,ANGX,2.83,2.87,2.9,2.7,1026447,2863815.0,6.97,0.0,0.0,0.91
2026-04-09,ANG_D,24.19,24.1,24.19,23.952,8039,193628.0,0.99,-0.17,-0.04,0.07
2026-04-09,ANIK,15.09,15.22,15.475,15.01,87557,1335959.0,3.06,0.07,0.01,0.65
2026-04-09,ANIP,78.83,80.14,80.79,78.48,334579,26753136.0,2.92,1.43,1.13,1.47
2026-04-09,ANIX,2.71,2.74,2.77,2.62,65308,177159.0,5.49,0.37,0.01,0.19
2026-04-09,ANL,11.79,12.0,12.05,11.02,718294,8423701.0,8.56,-0.25,-0.03,1.51
2026-04-09,ANNA,6.67,6.08,6.85,6.02,1408106,9043604.0,13.07,-4.25,-0.27,3.46
2026-04-09,ANNAW,0.57,0.55,0.58,0.53,49800,28147.0,8.73,-1.68,-0.01,0.0
2026-04-09,ANNX,5.99,6.14,6.2,5.99,1280705,7851261.0,3.47,1.49,0.09,0.8
2026-04-09,ANPA,9.17,8.86,9.17,8.64,11276,99250.0,5.83,-2.53,-0.23,0.07
2026-04-09,ANRO,21.46,22.4,22.61,20.82,194049,4279293.0,8.25,3.18,0.69,0.56
2026-04-09,ANSC,11.25,11.29,11.29,11.25,218,2457.0,0.35,0.0,0.0,0.0
2026-04-09,ANSCU,11.5,11.5,11.5,11.5,107,1232.0,0.0,-2.13,-0.25,0.0
2026-04-09,ANTA,6.98,8.8,9.86,6.95,114415,966858.0,42.73,29.22,1.99,0.48
2026-04-09,ANTX,3.32,3.05,3.35,3.01,238472,766354.0,10.18,-8.68,-0.29,0.66
2026-04-09,ANV,25.02,24.935,25.02,24.935,747,18672.0,0.34,0.5,0.125,0.0
2026-04-09,ANVS,1.93,1.62,1.98,1.61,6674479,11688732.0,16.09,-29.57,-0.68,22.8
2026-04-09,ANY,1.45,1.45,1.5,1.402,33744,49146.0,6.69,-1.02,-0.015,0.9
2026-04-09,AOA,91.03,91.61,91.79,90.855,129209,11819825.0,1.02,0.13,0.12,0.0
2026-04-09,AOCT,26.8,26.775,26.8,26.75,7642,204714.0,0.19,0.22,0.059,0.0
2026-04-09,AOD,9.68,9.81,9.85,9.654,383047,3750111.0,2.02,0.93,0.09,0.0
2026-04-09,AOHY,10.97,11.055,11.06,10.97,47413,523837.0,0.82,0.18,0.02,0.0
2026-04-09,AOK,40.45,40.5,40.57,40.32,115221,4661457.0,0.62,0.12,0.05,0.0
2026-04-09,AOM,48.03,48.13,48.23,47.88,167660,8062579.0,0.73,0.1,0.05,0.0
2026-04-09,AOMD,24.987,25.0,25.245,24.987,10163,254146.0,1.04,0.33,0.082,0.0
2026-04-09,AOMN,25.39,25.45,25.525,25.39,16244,413286.0,0.53,0.51,0.13,0.0
2026-04-09,AOMR,8.44,8.61,8.67,8.44,85970,740058.0,2.71,1.53,0.13,0.35
2026-04-09,AON,326.54,325.4,328.17,322.69,1314396,427597936.0,1.66,-1.32,-4.36,0.61
2026-04-09,AOR,65.81,66.05,66.18,65.61,500262,33015836.0,0.86,0.2,0.13,0.0
2026-04-09,AORT,35.95,36.51,36.56,35.23,327911,11880753.0,3.69,1.25,0.45,0.68
2026-04-09,AOS,66.32,67.27,67.89,66.19,1395930,93830913.0,2.55,0.75,0.5,1.24
2026-04-09,AOSL,24.38,25.27,25.4,24.38,210557,5285913.0,4.18,3.65,0.89,0.71
2026-04-09,AOTG,49.12,49.734,49.734,49.06,913,45029.0,1.36,0.04,0.022,0.0
2026-04-09,AOTS,21.18,21.394,21.394,21.18,118,2508.0,1.0,-0.36,-0.078,0.0
2026-04-09,AOUT,9.4,9.63,9.63,9.0,39879,376988.0,6.7,2.45,0.23,0.32
2026-04-09,AP,7.4,8.33,8.37,7.33,168774,1356548.0,13.81,10.62,0.8,0.83
2026-04-09,APA,39.26,38.97,39.85,37.93,9988719,388649200.0,4.95,0.57,0.22,2.83
2026-04-09,APAC,10.05,10.05,10.05,10.05,10,99.0,0.0,0.0,0.0,0.0
2026-04-09,APACU,10.2,10.2,10.2,10.2,4,41.0,0.0,0.0,0.0,0.0
2026-04-09,APAD,10.29,10.27,10.29,10.23,552177,5662122.0,0.58,0.1,0.01,2.68
2026-04-09,APADR,0.55,0.55,0.57,0.55,31200,17205.0,3.64,0.0,0.0,0.0
2026-04-09,APAM,36.42,37.04,37.12,36.29,549257,20253238.0,2.26,0.65,0.24,0.77
2026-04-09,APC,18.44,18.77,18.96,18.33,68163,1268981.0,3.42,1.96,0.36,0.54
2026-04-09,APCB,29.54,29.53,29.594,29.48,47687,1409003.0,0.39,-0.1,-0.03,0.0
2026-04-09,APD,295.0,297.74,301.25,293.72,1047097,312304480.0,2.54,0.38,1.13,0.47
2026-04-09,APEI,57.58,58.12,58.615,57.09,242509,14096398.0,2.64,0.71,0.41,1.32
2026-04-09,APG,43.74,44.14,44.36,43.67,2415540,106452634.0,1.57,0.75,0.33,0.56
2026-04-09,APGE,82.82,86.52,87.0,82.64,770216,66118418.0,5.25,4.09,3.4,1.26
2026-04-09,APH,136.69,137.68,138.17,134.15,6807619,930849344.0,2.97,1.74,2.36,0.55
2026-04-09,APHU,20.19,20.395,20.516,19.6,5950,121051.0,4.64,3.39,0.668,0.0
2026-04-09,API,3.77,3.68,3.79,3.65,335919,1249155.0,3.7,-2.65,-0.1,0.51
2026-04-09,APIE,36.95,37.06,37.24,36.73,74992,2780187.0,1.37,-0.19,-0.07,0.0
2026-04-09,APLD,26.05,25.57,27.4,25.07,35842891,936109408.0,8.38,-7.99,-2.22,12.54
2026-04-09,APLE,11.98,12.4,12.57,11.96,5042924,62481514.0,5.07,3.16,0.38,2.14
2026-04-09,APLM,15.72,14.85,15.72,14.6,2544,37850.0,7.27,-3.57,-0.55,0.12
2026-04-09,APLS,40.74,40.65,40.76,40.64,7061783,287360960.0,0.29,-0.1,-0.04,5.52
2026-04-09,APLU,24.82,24.84,24.885,24.795,23315,579172.0,0.36,-0.02,-0.005,0.0
2026-04-09,APLX,12.94,12.35,14.251,11.82,3548331,45920948.0,16.53,-16.04,-2.36,0.0
2026-04-09,APLY,11.73,11.83,11.83,11.7,160586,1891929.0,1.1,0.25,0.03,0.0
2026-04-09,APLZ,16.24,16.82,17.3,15.0,603093,9782714.0,15.75,15.21,2.22,0.0
2026-04-09,APM,0.87,0.832,0.87,0.82,25549,21306.0,5.84,-2.8,-0.024,0.4
2026-04-09,APMU,24.99,25.024,25.05,24.96,15465,386656.0,0.36,0.18,0.044,0.0
2026-04-09,APO,104.99,106.98,107.818,104.5,3733805,398824768.0,3.1,-0.07,-0.07,0.65
2026-04-09,APOC,25.93,25.93,25.96,25.9,58283,1511829.0,0.23,0.06,0.015,0.0
2026-04-09,APOG,34.74,36.16,36.2,34.74,143367,5150575.0,4.16,3.11,1.09,0.67
2026-04-09,APOS,25.76,25.74,25.85,25.64,13853,356489.0,0.82,0.12,0.03,0.0
2026-04-09,APO_A,56.91,56.97,57.14,56.42,117545,6671660.0,1.27,0.35,0.2,0.41
2026-04-09,APP,394.14,379.14,397.99,369.19,6540492,2475024528.0,7.36,-3.08,-12.06,2.13
2026-04-09,APPF,153.33,148.61,153.37,145.45,404105,59667641.0,5.12,-3.91,-6.05,1.66
2026-04-09,APPN,22.82,21.34,22.845,20.85,964111,20512603.0,8.63,-7.66,-1.77,2.25
2026-04-09,APPS,3.06,3.01,3.07,2.935,1264268,3788895.0,4.37,-2.59,-0.08,1.05
2026-04-09,APPX,26.32,24.6,27.069,23.27,1469180,36353500.0,14.47,-6.32,-1.66,0.0
2026-04-09,APRB,25.84,25.87,25.87,25.84,305,7881.0,0.12,0.36,0.094,0.0
2026-04-09,APRE,0.739,0.734,0.739,0.67,108226,75871.0,9.83,4.56,0.032,0.95
2026-04-09,APRH,24.91,24.91,24.91,24.82,14638,364268.0,0.36,0.22,0.055,0.0
2026-04-09,APRJ,24.77,24.755,24.77,24.69,3051,75459.0,0.32,0.16,0.039,0.0
2026-04-09,APRP,31.03,31.16,31.19,31.03,5204,162089.0,0.52,0.43,0.132,0.0
2026-04-09,APRT,43.616,43.73,43.73,43.616,2158,94130.0,0.26,0.57,0.25,0.0
2026-04-09,APRW,35.912,36.02,36.068,35.91,40316,1452344.0,0.44,0.25,0.09,0.0
2026-04-09,APRZ,36.92,36.92,36.92,36.92,4,148.0,0.0,0.6,0.221,0.0
2026-04-09,APT,4.71,4.62,4.71,4.554,17197,79687.0,3.37,-0.22,-0.01,0.17
2026-04-09,APTV,60.35,60.12,60.88,59.26,2679356,161061097.0,2.67,-1.0,-0.61,1.26
2026-04-09,APUE,41.53,41.88,41.94,41.5,104545,4365333.0,1.06,0.55,0.23,0.0
2026-04-09,APVO,4.35,4.37,4.38,4.25,15550,66929.0,3.04,2.1,0.09,1.32
2026-04-09,APWC,1.34,1.34,1.34,1.34,492,660.0,0.0,0.22,0.003,0.0
2026-04-09,APXM,31.32,31.36,31.36,31.32,544,17050.0,0.13,0.06,0.02,0.0
2026-04-09,APXT,9.955,9.95,9.955,9.93,92709,922435.0,0.25,-0.4,-0.04,0.27
2026-04-09,APXTU,10.1,10.1,10.1,10.1,2,20.0,0.0,0.0,0.0,0.0
2026-04-09,APXTW,0.235,0.23,0.235,0.23,4184,978.0,1.75,-19.3,-0.055,0.0
2026-04-09,APYX,3.83,4.0,4.02,3.81,152134,602691.0,5.51,4.99,0.19,0.36
2026-04-09,AQB,0.92,0.928,0.949,0.91,27836,25808.0,4.19,-0.22,-0.002,0.54
2026-04-09,AQEC,24.03,24.12,24.15,23.97,200863,4849473.0,0.74,-0.37,-0.09,0.0
2026-04-09,AQLT,28.87,29.161,29.24,28.87,6370,183241.0,1.28,0.56,0.161,0.0
2026-04-09,AQMS,3.97,3.95,4.075,3.902,20746,82529.0,4.25,-2.95,-0.12,0.62
2026-04-09,AQN,6.29,6.32,6.42,6.25,6901020,43833854.0,2.71,0.8,0.05,0.9
2026-04-09,AQNB,26.19,26.12,26.2,26.009,10056,263021.0,0.73,0.04,0.01,0.0
2026-04-09,AQST,4.12,4.17,4.21,4.12,723893,3024189.0,2.15,-0.24,-0.01,0.59
2026-04-09,AQWA,19.74,19.983,20.06,19.72,50778,1012187.0,1.72,1.23,0.243,0.0
2026-04-09,AR,39.11,38.21,39.62,37.82,4910066,188658443.0,4.6,-2.45,-0.96,1.59
2026-04-09,ARAI,0.996,1.03,1.42,0.845,364455552,399620464.0,85.82,53.73,0.36,1000.3
2026-04-09,ARAY,0.366,0.421,0.421,0.347,2128754,845617.0,20.79,18.26,0.065,1.79
2026-04-09,ARB,29.455,29.44,29.5,29.4,26814,789128.0,0.34,0.0,0.0,0.0
2026-04-09,ARBB,4.17,4.02,4.17,4.02,3400,13952.0,3.68,-1.47,-0.06,0.2
2026-04-09,ARBE,0.67,0.65,0.68,0.65,408759,270525.0,4.48,-2.99,-0.02,0.33
2026-04-09,ARBEW,0.041,0.038,0.044,0.038,83242,3333.0,15.0,-5.0,-0.002,0.0
2026-04-09,ARBK,2.91,2.92,2.95,2.83,17350,50506.0,4.24,3.18,0.09,5.19
2026-04-09,ARCB,107.99,109.22,110.575,107.3,205086,22414981.0,3.02,0.81,0.88,0.92
2026-04-09,ARCC,18.07,18.01,18.14,17.88,7266493,130698074.0,1.43,-0.88,-0.16,1.01
2026-04-09,ARCI,9.89,9.89,9.89,9.89,316,3123.0,0.0,0.0,0.0,0.0
2026-04-09,ARCIU,10.0,10.0,10.0,10.0,25,251.0,0.0,0.0,0.0,0.0
2026-04-09,ARCIW,0.55,0.55,0.55,0.55,10,6.0,0.0,0.0,0.0,0.0
2026-04-09,ARCM,100.167,100.195,100.195,100.167,201,20159.0,0.03,0.02,0.02,0.0
2026-04-09,ARCO,8.41,8.54,8.615,8.32,643676,5498908.0,3.51,1.67,0.14,0.49
2026-04-09,ARCT,8.46,8.22,8.46,8.2,333791,2767986.0,3.06,-3.29,-0.28,1.17
2026-04-09,ARCX,16.36,15.45,16.83,15.45,15811,256875.0,8.26,-7.49,-1.25,0.0
2026-04-09,ARDC,12.3,12.27,12.37,12.27,122433,1506324.0,0.81,0.0,0.0,0.0
2026-04-09,ARDT,9.25,9.53,9.74,9.17,275330,2623864.0,6.11,2.14,0.2,0.19
2026-04-09,ARDX,6.05,6.13,6.165,5.95,2582294,15660439.0,3.52,0.49,0.03,1.05
2026-04-09,ARE,44.73,43.99,45.085,43.7,1979887,87481435.0,3.09,-1.9,-0.85,1.14
2026-04-09,AREC,2.2,2.08,2.23,2.0,4880830,10194488.0,10.31,-6.73,-0.15,4.56
2026-04-09,AREN,1.79,1.79,1.89,1.715,86777,155575.0,9.89,1.13,0.02,0.18
2026-04-09,ARES,103.35,104.8,105.49,102.801,2625367,274131200.0,2.57,-0.03,-0.03,1.19
2026-04-09,ARES_B,35.0,35.61,35.755,35.0,45222,1598696.0,2.13,0.42,0.15,0.15
2026-04-09,ARGT,94.25,93.93,95.12,93.065,675099,63534342.0,2.17,-0.77,-0.73,0.0
2026-04-09,ARGX,781.15,800.5,801.68,777.665,298708,237210168.0,3.06,1.97,15.43,0.48
2026-04-09,ARHS,6.43,6.61,6.69,6.39,928758,6097949.0,4.6,1.38,0.09,1.69
2026-04-09,ARI,10.73,10.83,10.895,10.73,1774682,19230231.0,1.53,0.65,0.07,1.28
2026-04-09,ARIS,20.57,20.45,21.06,19.782,1600891,32714844.0,6.2,-0.82,-0.17,0.78
2026-04-09,ARKB,23.59,23.95,24.09,23.39,3919148,93410842.0,2.95,1.1,0.26,0.0
2026-04-09,ARKD,18.82,18.865,18.865,18.82,303,5703.0,0.24,-0.71,-0.135,0.0
2026-04-09,ARKF,39.04,38.37,39.17,37.96,172559,6627035.0,3.08,-2.27,-0.89,0.0
2026-04-09,ARKG,27.6,27.07,27.63,26.99,1674005,45589183.0,2.3,-2.66,-0.74,0.0
2026-04-09,ARKK,69.99,68.92,70.15,68.43,9491361,657124480.0,2.44,-2.05,-1.44,0.0
2026-04-09,ARKO,5.41,5.58,5.685,5.365,653427,3640473.0,5.83,1.64,0.09,0.59
2026-04-09,ARKQ,119.16,118.19,119.88,117.73,116141,13770842.0,1.8,-1.32,-1.58,0.0
2026-04-09,ARKR,6.78,6.95,7.01,6.78,1699,11753.0,3.42,3.27,0.22,0.05
2026-04-09,ARKT,17.86,17.865,17.865,17.86,511,9142.0,0.03,-0.69,-0.125,0.0
2026-04-09,ARKW,124.46,122.46,124.5,121.09,120732,14798972.0,2.73,-1.95,-2.43,0.0
2026-04-09,ARKX,31.46,31.22,31.62,31.16,406137,12746643.0,1.45,-1.51,-0.48,0.0
2026-04-09,ARL,14.94,14.94,14.94,14.94,680,10194.0,0.0,-1.58,-0.24,0.0
2026-04-09,ARLO,13.55,13.05,13.8,12.765,1588623,20793643.0,7.61,-4.04,-0.55,1.49
2026-04-09,ARLP,27.01,26.51,27.32,26.4,281252,7499237.0,3.4,-1.89,-0.51,0.22
2026-04-09,ARLU,29.42,29.565,29.575,29.42,5710,168718.0,0.53,0.39,0.116,0.0
2026-04-09,ARM,148.23,149.795,150.4,145.27,5325719,790492896.0,3.45,0.59,0.885,0.5
2026-04-09,ARMG,9.29,9.44,9.52,8.91,604853,5597871.0,6.54,1.18,0.11,0.0
2026-04-09,ARMH,62.21,63.076,63.076,62.21,303,18947.0,1.38,0.42,0.265,0.0
2026-04-09,ARMK,43.31,43.45,43.96,43.0,1825181,79456362.0,2.22,0.32,0.14,0.69
2026-04-09,ARMP,12.0,11.53,12.28,10.655,35315,407910.0,13.41,-4.87,-0.59,0.1
2026-04-09,ARMW,33.58,33.142,33.58,32.06,3207,104641.0,4.63,0.96,0.314,0.0
2026-04-09,AROC,35.59,35.87,36.59,35.59,1594108,57437819.0,2.8,0.48,0.17,0.91
2026-04-09,AROW,35.57,36.4,36.5,35.57,275261,9938667.0,2.59,1.51,0.54,1.67
2026-04-09,ARP,31.99,32.02,32.04,31.99,1819,58288.0,0.16,-0.03,-0.01,0.0
2026-04-09,ARQ,2.28,2.12,2.32,2.095,669937,1455454.0,9.83,-7.42,-0.17,1.56
2026-04-09,ARQQ,12.73,12.44,12.99,12.36,160464,2016970.0,4.9,-3.27,-0.42,1.03
2026-04-09,ARQQW,0.128,0.134,0.134,0.121,3626,465.0,10.74,10.74,0.013,0.0
2026-04-09,ARQT,24.26,24.57,25.03,24.03,837936,20730484.0,4.06,-0.16,-0.04,0.68
2026-04-09,ARR,17.26,17.56,17.59,17.255,2901818,50717002.0,1.93,1.33,0.23,2.36
2026-04-09,ARRY,7.23,7.21,7.375,7.125,3849466,27903293.0,3.42,-1.23,-0.09,2.52
2026-04-09,ARR_C,20.9,20.98,21.01,20.9,14643,306993.0,0.52,0.1,0.02,0.21
2026-04-09,ARTC,9.821,9.821,9.821,9.821,117,1149.0,0.0,0.01,0.001,0.0
2026-04-09,ARTCU,9.9,9.9,9.9,9.9,141,1396.0,0.0,0.0,0.0,0.0
2026-04-09,ARTL,6.47,6.51,6.91,6.2,187747,1217551.0,10.38,-4.82,-0.33,26.51
2026-04-09,ARTNA,32.44,32.72,32.75,32.16,33764,1100458.0,1.82,1.14,0.37,0.36
2026-04-09,ARTV,6.13,6.8,7.15,6.13,189630,1282469.0,16.48,9.85,0.61,0.77
2026-04-09,ARTW,2.221,2.24,2.37,2.12,169544,383532.0,11.79,5.66,0.12,3.27
2026-04-09,ARTY,50.9,51.12,51.2,50.17,441452,22428951.0,2.02,0.45,0.23,0.0
2026-04-09,ARVN,11.13,11.17,11.47,10.94,455297,5118540.0,4.73,-0.36,-0.04,0.71
2026-04-09,ARVR,46.821,46.821,46.821,46.821,91,4258.0,0.0,0.73,0.34,0.0
2026-04-09,ARW,154.95,157.43,158.04,154.79,894684,140035295.0,2.1,1.58,2.45,1.75
2026-04-09,ARWG,24.045,23.742,24.13,23.742,1383,33088.0,1.61,-1.31,-0.315,0.0
2026-04-09,ARWR,64.29,66.23,66.28,63.55,1422969,93300741.0,4.24,2.91,1.87,1.02
2026-04-09,ARX,13.05,13.11,13.125,12.68,1087047,14116642.0,3.4,0.23,0.03,0.93
2026-04-09,AS,34.54,35.77,36.185,34.53,3650413,130129790.0,4.72,2.0,0.7,0.63
2026-04-09,ASA,65.77,66.62,67.39,65.05,35201,2332497.0,3.6,2.4,1.56,0.18
2026-04-09,ASAN,5.94,5.73,6.03,5.545,12396632,70616621.0,8.02,-5.29,-0.32,7.64
2026-04-09,ASB,27.12,27.64,27.775,27.05,1891896,52147086.0,2.66,1.54,0.42,1.14
2026-04-09,ASBA,24.56,24.71,24.78,24.5,18355,451692.0,1.14,0.77,0.19,0.0
2026-04-09,ASBP,1.17,1.2,1.245,1.132,77027,91555.0,9.5,0.84,0.01,1.53
2026-04-09,ASBPW,0.014,0.017,0.017,0.014,7128,115.0,20.0,13.33,0.002,0.0
2026-04-09,ASB_E,20.6,20.7,20.75,20.6,3375,69851.0,0.73,0.29,0.06,0.08
2026-04-09,ASB_F,20.2,20.24,20.25,20.2,5279,106797.0,0.25,0.85,0.17,0.13
2026-04-09,ASC,15.53,15.44,15.77,15.33,498800,7730718.0,2.85,-0.13,-0.02,1.22
2026-04-09,ASCE,29.79,29.877,30.05,29.6,13386,398606.0,1.52,0.6,0.177,0.0
2026-04-09,ASCI,34.78,35.142,35.2,34.78,2101,73604.0,1.2,0.42,0.147,0.0
2026-04-09,ASEA,19.75,19.86,19.89,19.59,46555,920009.0,1.51,0.05,0.01,0.0
2026-04-09,ASG,5.02,5.06,5.07,5.01,153708,774113.0,1.2,0.8,0.04,0.0
2026-04-09,ASGI,23.81,24.18,24.28,23.81,84602,2039082.0,1.97,1.26,0.3,0.0
2026-04-09,ASGM,29.461,29.461,29.461,29.461,14,413.0,0.0,0.43,0.125,0.0
2026-04-09,ASGN,37.17,37.28,37.28,35.72,793593,29320051.0,4.15,-0.93,-0.35,1.92
2026-04-09,ASH,55.81,56.32,56.695,55.23,652486,36636258.0,2.61,0.16,0.09,1.43
2026-04-09,ASHR,33.19,33.41,33.43,33.15,5157832,171890601.0,0.84,-0.36,-0.12,0.0
2026-04-09,ASHS,41.71,41.92,41.97,41.61,7110,296944.0,0.86,-0.03,-0.014,0.0
2026-04-09,ASIA,36.83,37.102,37.102,36.61,2556,94250.0,1.33,0.12,0.045,0.0
2026-04-09,ASIC,20.87,21.04,21.28,20.74,56012,1180783.0,2.58,0.43,0.09,0.12
2026-04-09,ASIX,24.38,23.33,24.9,23.03,451389,10597158.0,7.65,-4.5,-1.1,1.68
2026-04-09,ASLE,6.42,6.59,6.675,6.42,233131,1533487.0,3.93,1.54,0.1,0.49
2026-04-09,ASLV,28.74,28.867,28.867,28.73,319,9169.0,0.48,0.37,0.107,0.0
2026-04-09,ASM,7.0,7.01,7.2,6.76,3983224,28022249.0,6.29,0.14,0.01,2.36
2026-04-09,ASMB,29.1,29.85,30.18,29.0,113378,3375961.0,4.02,1.7,0.5,0.71
2026-04-09,ASMF,25.21,25.335,25.35,25.21,4403,111160.0,0.56,0.62,0.155,0.0
2026-04-09,ASMG,35.97,37.785,38.0,35.97,96300,3554334.0,5.55,3.29,1.205,0.0
2026-04-09,ASMH,95.26,97.466,97.54,95.26,3437,333727.0,2.38,1.68,1.611,0.0
2026-04-09,ASML,1412.115,1448.64,1453.545,1412.115,1579677,2270643472.0,2.92,1.94,27.59,0.41
2026-04-09,ASMU,24.13,24.76,24.89,23.93,38785,940659.0,4.01,3.3,0.79,0.0
2026-04-09,ASND,233.2,241.71,246.76,232.3,882435,213658552.0,6.2,3.65,8.51,1.41
2026-04-09,ASNS,0.34,0.09,0.36,0.08,68364000,6738084.0,85.77,-73.39,-0.25,255.8
2026-04-09,ASO,55.84,55.68,56.36,53.96,1962690,108904692.0,4.27,-0.93,-0.52,3.05
2026-04-09,ASPC,11.1,12.8,15.553,11.0,226141,2998896.0,41.6,16.95,1.855,9.67
2026-04-09,ASPCR,0.18,0.18,0.18,0.18,233,33.0,0.0,0.0,0.0,0.0
2026-04-09,ASPCU,13.03,13.71,13.71,12.75,1907,23741.0,9.13,30.45,3.2,0.0
2026-04-09,ASPI,4.38,4.21,4.415,4.19,2260140,9651623.0,5.0,-6.44,-0.29,1.8
2026-04-09,ASPN,3.67,3.74,3.79,3.47,1800849,6572791.0,8.63,0.81,0.03,2.17
2026-04-09,ASPS,6.725,6.8,6.89,6.6,7103,48150.0,4.4,3.19,0.21,0.06
2026-04-09,ASPSW,0.48,0.41,0.48,0.38,1230,515.0,23.7,-2.84,-0.012,0.0
2026-04-09,ASPSZ,0.265,0.23,0.265,0.23,2230,539.0,13.46,-11.54,-0.03,0.0
2026-04-09,ASR,354.22,355.95,363.72,354.22,60208,21602414.0,2.67,0.17,0.62,0.22
2026-04-09,ASRT,18.05,18.02,18.15,18.01,729373,13162340.0,0.76,-2.12,-0.39,11.3
2026-04-09,ASRV,3.8,3.69,3.8,3.6,8246,30404.0,5.36,-1.07,-0.04,0.05
2026-04-09,ASST,9.91,9.64,10.25,9.43,3545083,34677923.0,8.0,-5.95,-0.61,5.98
2026-04-09,ASTC,3.63,3.82,4.0,3.461,103004,388372.0,14.69,4.09,0.15,5.86
2026-04-09,ASTE,58.63,61.18,61.41,58.145,152533,9285635.0,5.54,3.78,2.23,0.67
2026-04-09,ASTH,27.28,28.23,28.46,26.915,300599,8427730.0,5.64,2.99,0.82,0.61
2026-04-09,ASTI,3.97,3.75,4.289,3.715,601209,2385952.0,14.1,-7.86,-0.32,6.35
2026-04-09,ASTL,4.57,4.67,4.755,4.54,1079972,5041703.0,4.69,1.97,0.09,1.03
2026-04-09,ASTLW,0.08,0.088,0.088,0.08,2007,175.0,8.25,-9.28,-0.009,0.0
2026-04-09,ASTN,10.85,11.76,11.97,10.275,1009998,11217291.0,15.8,9.6,1.03,0.0
2026-04-09,ASTS,96.135,91.61,98.5,90.61,9267690,866972816.0,8.18,-5.03,-4.85,3.17
2026-04-09,ASTX,48.09,43.73,50.472,42.7,1545630,71277482.0,15.98,-10.08,-4.9,0.0
2026-04-09,ASUR,8.56,8.6,8.65,8.24,67532,575121.0,4.77,0.0,0.0,0.24
2026-04-09,ASX,24.45,24.51,24.86,24.195,6827537,167208290.0,2.75,1.53,0.37,0.31
2026-04-09,ASYS,13.23,13.96,14.18,13.085,195522,2708123.0,8.4,7.14,0.93,1.36
2026-04-09,ATAI,3.76,3.7,3.78,3.65,2061789,7680684.0,3.46,-1.6,-0.06,0.57
2026-04-09,ATAT,37.35,36.57,37.445,35.93,915306,33617091.0,4.04,-2.58,-0.97,0.81
2026-04-09,ATCH,0.241,0.242,0.245,0.231,1881186,448665.0,5.88,1.68,0.004,1.26
2026-04-09,ATCL,24.8,24.84,24.85,24.725,23292,578126.0,0.51,0.63,0.156,0.0
2026-04-09,ATCX,5.91,5.07,6.2,5.05,64153,352323.0,19.83,-12.59,-0.73,1.28
2026-04-09,ATEC,11.48,11.07,11.772,11.01,2369913,26436005.0,6.54,-5.06,-0.59,1.57
2026-04-09,ATEN,24.75,24.7,25.01,23.99,867731,21288560.0,4.08,-1.32,-0.33,1.21
2026-04-09,ATER,0.691,0.718,0.72,0.69,28402,19953.0,4.17,-0.28,-0.002,0.26
2026-04-09,ATEX,41.72,37.56,43.445,37.43,548339,21564046.0,14.5,-9.47,-3.93,2.93
2026-04-09,ATFV,33.16,33.625,33.66,33.07,23613,791168.0,1.77,1.04,0.345,0.0
2026-04-09,ATGL,16.0,16.0,16.0,16.0,116,1780.0,0.0,0.0,0.0,0.0
2026-04-09,ATHE,3.82,3.845,3.898,3.8,11804,45117.0,2.51,-1.38,-0.054,0.07
2026-04-09,ATHM,18.05,18.12,18.4,17.71,411001,7460838.0,3.81,0.0,0.0,0.36
2026-04-09,ATHR,2.15,2.135,2.15,2.135,6676,14421.0,0.69,-1.16,-0.025,0.05
2026-04-09,ATHS,24.26,24.48,24.5,24.11,27203,661980.0,1.6,0.29,0.07,0.0
2026-04-09,ATH_A,24.01,24.0,24.08,23.776,17800,426660.0,1.27,0.17,0.04,0.05
2026-04-09,ATH_B,19.13,19.06,19.19,18.922,12954,246931.0,1.41,0.11,0.02,0.09
2026-04-09,ATH_D,16.56,16.57,16.67,16.49,34476,571153.0,1.09,0.0,0.0,0.15
2026-04-09,ATH_E,24.62,24.73,24.819,24.55,66072,1631477.0,1.09,0.16,0.04,0.33
2026-04-09,ATI,156.8,159.63,163.3,156.02,1879700,301260928.0,4.66,2.07,3.24,1.38
2026-04-09,ATIIU,10.53,10.53,10.53,10.53,100,1057.0,0.0,0.0,0.0,0.0
2026-04-09,ATIIW,0.42,0.42,0.439,0.42,6000,2523.0,4.21,-6.87,-0.031,0.0
2026-04-09,ATKR,65.21,67.85,68.3,65.191,440127,29703594.0,4.72,2.94,1.94,1.3
2026-04-09,ATLC,60.65,63.32,64.48,60.03,84230,5291769.0,7.32,4.21,2.56,0.56
2026-04-09,ATLCL,25.105,25.13,25.13,25.09,6921,173818.0,0.16,0.16,0.04,0.0
2026-04-09,ATLCP,22.45,22.65,22.65,22.39,3396,76369.0,1.15,0.2,0.046,0.09
2026-04-09,ATLCZ,25.18,25.14,25.18,25.04,23546,591773.0,0.56,0.4,0.1,0.0
2026-04-09,ATLN,3.11,3.11,3.24,3.08,14701,46380.0,5.08,-1.27,-0.04,0.02
2026-04-09,ATLO,28.94,29.61,29.71,28.94,104090,3068767.0,2.66,2.16,0.625,1.18
2026-04-09,ATLX,4.52,4.39,4.74,4.36,272723,1223587.0,8.35,-3.52,-0.16,0.98
2026-04-09,ATMP,33.82,34.03,34.74,33.82,46532,1585849.0,2.69,-0.44,-0.15,0.0
2026-04-09,ATMU,62.46,63.51,63.91,62.46,1410690,89402330.0,2.3,0.6,0.38,1.73
2026-04-09,ATNI,26.46,26.18,26.54,25.61,109445,2861202.0,3.49,-1.69,-0.45,0.71
2026-04-09,ATNM,1.17,1.14,1.175,1.105,88764,99729.0,5.98,-2.56,-0.03,0.28
2026-04-09,ATO,189.46,192.29,192.51,189.215,932626,179162219.0,1.74,1.39,2.63,0.56
2026-04-09,ATOM,4.41,4.53,4.62,4.38,355901,1595857.0,5.43,2.49,0.11,0.92
2026-04-09,ATON,0.32,0.31,0.35,0.294,6767196,2201708.0,17.67,-2.21,-0.007,28.88
2026-04-09,ATOS,4.84,4.98,5.05,4.73,42925,211432.0,6.64,3.32,0.16,0.5
2026-04-09,ATPC,2.76,2.71,2.885,2.71,36839,102718.0,6.29,-2.52,-0.07,3.68
2026-04-09,ATR,131.22,131.4,132.44,127.335,424126,55628921.0,3.87,-0.47,-0.62,0.67
2026-04-09,ATRA,5.03,4.83,5.04,4.44,131356,620340.0,11.98,-3.59,-0.18,1.61
2026-04-09,ATRC,28.575,28.05,28.575,27.26,543361,15184900.0,4.66,-0.6,-0.17,1.07
2026-04-09,ATRO,72.47,73.79,75.01,72.39,354903,26253756.0,3.6,1.29,0.94,1.11
2026-04-09,ATS,30.35,30.68,30.81,30.35,97699,2991661.0,1.52,1.15,0.35,0.1
2026-04-09,ATTR,92.27,92.3,92.3,92.27,125,11533.0,0.03,0.21,0.193,0.0
2026-04-09,ATXG,5.85,7.09,7.94,5.76,94108,646209.0,38.11,23.95,1.37,12.05
2026-04-09,ATYR,0.786,0.75,0.8,0.75,1198159,924165.0,6.25,-6.25,-0.05,1.22
2026-04-09,AU,107.78,108.55,108.87,105.96,2229506,239938510.0,2.71,1.05,1.13,0.44
2026-04-09,AUAU,41.9,42.367,42.535,41.9,542,22969.0,1.5,0.33,0.141,0.0
2026-04-09,AUB,37.49,38.78,38.855,37.36,896258,34582681.0,3.96,2.81,1.06,0.63
2026-04-09,AUBN,24.01,24.01,24.01,24.01,267,6390.0,0.0,0.0,0.0,0.01
2026-04-09,AUDC,9.03,9.06,9.12,8.95,68231,615594.0,1.87,-0.11,-0.01,0.26
2026-04-09,AUGM,34.24,34.31,34.31,34.24,532,18216.0,0.2,0.2,0.067,0.0
2026-04-09,AUGO,96.5,98.74,99.86,94.8,819151,80488787.0,5.35,4.45,4.21,0.98
2026-04-09,AUGP,31.25,31.427,31.44,31.25,2976,93500.0,0.61,0.43,0.134,0.0
2026-04-09,AUGT,35.771,35.975,35.975,35.771,500,17902.0,0.57,0.52,0.185,0.0
2026-04-09,AUGU,29.23,29.25,29.26,29.22,2249,65760.0,0.14,0.41,0.12,0.0
2026-04-09,AUGW,32.73,32.87,32.87,32.73,454,14884.0,0.43,0.35,0.114,0.0
2026-04-09,AUGZ,41.75,41.961,41.98,41.75,3234,135402.0,0.55,0.51,0.211,0.0
2026-04-09,AUID,1.1,0.974,1.11,0.97,456712,465126.0,12.61,-12.25,-0.136,2.83
2026-04-09,AUMI,105.3,104.298,105.3,103.2,3108,324081.0,2.03,0.75,0.78,0.0
2026-04-09,AUNA,5.97,5.98,6.03,5.8,311238,1854518.0,3.87,0.67,0.04,1.03
2026-04-09,AUPH,15.89,15.96,16.13,15.75,955153,15262992.0,2.39,0.44,0.07,0.72
2026-04-09,AUR,4.19,4.03,4.23,4.015,12434504,50811108.0,5.08,-4.73,-0.2,0.75
2026-04-09,AURA,6.72,6.78,6.945,6.59,315040,2138457.0,5.24,0.15,0.01,0.49
2026-04-09,AURE,2.475,2.52,2.65,2.45,159632,402451.0,7.75,-2.33,-0.06,0.82
2026-04-09,AUROW,0.16,0.156,0.16,0.155,13245,2116.0,3.13,-2.5,-0.004,0.0
2026-04-09,AUSF,49.15,49.33,49.56,49.12,74800,3693771.0,0.9,0.14,0.07,0.0
2026-04-09,AUSM,25.11,25.14,25.15,25.11,12300,311025.0,0.16,0.19,0.05,0.0
2026-04-09,AUST,1.44,1.4,1.48,1.38,58407,82746.0,6.99,-2.1,-0.03,0.43
2026-04-09,AUTL,1.49,1.47,1.54,1.449,2049432,3073947.0,6.11,-1.34,-0.02,0.77
2026-04-09,AUUD,3.74,3.8,3.96,3.31,104317,381919.0,17.66,3.26,0.12,20.86
2026-04-09,AVA,41.69,42.09,42.32,41.585,576673,24268009.0,1.76,0.89,0.37,0.7
2026-04-09,AVAH,6.58,6.61,6.64,6.44,920321,6045143.0,3.02,-0.3,-0.02,0.42
2026-04-09,AVAL,4.37,4.5,4.5,4.345,88153,388542.0,3.51,2.04,0.09,0.0
2026-04-09,AVAV,187.5,177.7,187.5,175.87,1267378,226537412.0,6.22,-4.94,-9.24,2.54
2026-04-09,AVB,167.73,168.51,169.77,167.42,915379,154237700.0,1.39,0.01,0.01,0.66
2026-04-09,AVBC,20.31,20.61,20.74,20.27,116621,2393068.0,2.32,1.78,0.36,0.58
2026-04-09,AVBH,29.55,30.0,30.185,29.5,94777,2840812.0,2.31,1.35,0.4,0.87
2026-04-09,AVBP,25.19,27.25,27.75,25.17,1333795,35917742.0,10.22,7.92,2.0,3.02
2026-04-09,AVD,2.43,2.39,2.5,2.38,277535,670093.0,4.86,-3.24,-0.08,0.97
2026-04-09,AVDE,88.69,89.15,89.615,88.385,1065104,94935451.0,1.38,-0.16,-0.14,0.0
2026-04-09,AVDS,75.59,75.95,76.31,75.21,33177,2514131.0,1.44,-0.29,-0.22,0.0
2026-04-09,AVDV,104.54,104.96,105.65,104.18,615770,64667730.0,1.39,-0.44,-0.46,0.0
2026-04-09,AVEE,66.37,66.91,67.12,66.31,5372,358835.0,1.21,0.25,0.17,0.0
2026-04-09,AVEM,84.94,85.65,85.925,84.52,2225779,190279007.0,1.64,-0.05,-0.04,0.0
2026-04-09,AVES,62.82,63.24,63.38,62.46,74042,4668157.0,1.46,0.37,0.23,0.0
2026-04-09,AVGB,51.02,51.02,51.02,51.02,215,10972.0,0.0,0.0,0.0,0.0
2026-04-09,AVGE,91.82,92.25,92.43,91.475,47317,4352845.0,1.04,0.46,0.42,0.0
2026-04-09,AVGG,26.1,26.46,27.0,26.0,173091,4584729.0,3.88,2.6,0.67,0.0
2026-04-09,AVGO,352.3,354.91,358.7,351.5,20514938,7289185280.0,2.05,1.22,4.28,0.43
2026-04-09,AVGU,33.49,33.995,34.71,33.415,97927,3312793.0,3.91,2.69,0.891,0.0
2026-04-09,AVGV,80.58,81.0,81.238,80.45,27554,2227737.0,0.98,0.4,0.32,0.0
2026-04-09,AVGW,42.0,42.34,42.85,41.958,21892,928980.0,2.14,1.63,0.68,0.0
2026-04-09,AVGX,44.915,45.62,46.534,44.78,722136,32971443.0,3.95,2.68,1.19,0.0
2026-04-09,AVIE,73.365,73.07,73.38,73.07,904,66290.0,0.42,0.01,0.008,0.0
2026-04-09,AVIG,41.61,41.65,41.76,41.56,171249,7135093.0,0.48,0.07,0.03,0.0
2026-04-09,AVIR,5.89,5.84,5.96,5.77,252026,1471658.0,3.2,-1.52,-0.09,0.32
2026-04-09,AVIV,77.69,78.27,78.558,77.69,54451,4253014.0,1.11,-0.13,-0.1,0.0
2026-04-09,AVK,12.03,12.19,12.22,12.02,221553,2683587.0,1.66,1.41,0.17,0.0
2026-04-09,AVL,42.26,42.96,43.77,42.14,365498,15686778.0,3.9,2.8,1.17,0.0
2026-04-09,AVLC,80.3,81.17,81.23,80.3,34900,2830844.0,1.15,0.66,0.53,0.0
2026-04-09,AVLV,83.21,84.05,84.22,83.15,603600,50632296.0,1.28,0.85,0.71,0.0
2026-04-09,AVMA,69.77,69.61,69.77,69.61,1123,78173.0,0.23,0.33,0.23,0.0
2026-04-09,AVMC,75.37,75.1,75.37,74.71,15903,1194423.0,0.88,0.15,0.11,0.0
2026-04-09,AVMU,46.07,46.24,46.35,46.07,13786,637038.0,0.61,0.34,0.158,0.0
2026-04-09,AVMV,75.82,76.291,76.47,75.82,36473,2783503.0,0.85,0.24,0.181,0.0
2026-04-09,AVNM,79.89,80.48,80.68,79.64,42778,3434344.0,1.29,0.09,0.07,0.0
2026-04-09,AVNS,13.83,14.09,14.21,13.82,373520,5253335.0,2.8,1.22,0.17,0.8
2026-04-09,AVNT,36.79,37.45,37.495,36.535,399317,14883652.0,2.59,1.08,0.4,0.44
2026-04-09,AVNV,81.72,82.283,82.52,81.72,7448,613007.0,0.97,0.16,0.131,0.0
2026-04-09,AVNW,21.07,21.25,21.54,20.875,214031,4545548.0,3.14,0.19,0.04,1.66
2026-04-09,AVO,15.2,14.7,15.49,14.61,1122121,16674690.0,5.74,-4.17,-0.64,1.58
2026-04-09,AVOS,25.83,25.792,25.83,25.792,26013,671940.0,0.15,0.07,0.018,0.0
2026-04-09,AVPT,9.7,9.14,9.74,9.035,1855754,17058943.0,7.19,-6.73,-0.66,0.86
2026-04-09,AVR,5.37,5.51,5.595,5.284,555830,3046753.0,5.72,1.29,0.07,0.57
2026-04-09,AVRE,45.82,46.2,46.51,45.82,44669,2068634.0,1.5,0.63,0.29,0.0
2026-04-09,AVRY,21.55,21.65,21.65,21.54,6246,134931.0,0.5,-1.14,-0.25,0.0
2026-04-09,AVS,8.93,8.877,8.96,8.79,555093,4929497.0,1.89,-1.37,-0.123,0.0
2026-04-09,AVSC,64.81,65.66,65.82,64.81,86901,5697330.0,1.55,0.78,0.51,0.0
2026-04-09,AVSD,77.28,77.765,77.96,77.02,11701,909928.0,1.21,-0.28,-0.215,0.0
2026-04-09,AVSE,70.83,71.06,71.19,70.205,3830,271598.0,1.39,-0.05,-0.034,0.0
2026-04-09,AVSF,46.73,46.76,46.79,46.701,59176,2767373.0,0.19,0.02,0.01,0.0
2026-04-09,AVSU,77.72,78.316,78.395,77.52,17140,1340200.0,1.13,0.96,0.744,0.0
2026-04-09,AVT,66.0,66.94,67.35,65.94,998597,66681212.0,2.14,1.42,0.94,1.22
2026-04-09,AVTM,49.239,49.239,49.239,49.239,119,5845.0,0.0,0.54,0.266,0.0
2026-04-09,AVTR,7.97,7.92,8.04,7.645,8791812,69277482.0,4.94,-1.0,-0.08,1.3
2026-04-09,AVTX,14.77,14.21,14.8,13.58,1041650,14840613.0,8.47,-1.39,-0.2,3.9
2026-04-09,AVUQ,59.37,59.975,60.1,59.37,69628,4180872.0,1.23,0.98,0.583,0.0
2026-04-09,AVUS,115.36,116.39,116.615,115.36,351526,40856771.0,1.09,0.75,0.87,0.0
2026-04-09,AVUV,114.45,115.46,115.85,114.433,1075960,124034133.0,1.23,0.63,0.72,0.0
2026-04-09,AVX,0.559,0.57,0.581,0.531,271014,154002.0,9.42,7.34,0.039,0.3
2026-04-09,AVXC,72.015,72.603,72.76,71.64,121849,8776983.0,1.54,0.14,0.104,0.0
2026-04-09,AVXL,3.0,3.05,3.12,2.985,795286,2429359.0,4.44,0.33,0.01,0.86
2026-04-09,AVXX,10.5,9.78,10.56,9.52,124365,1235123.0,9.68,-8.94,-0.96,0.0
2026-04-09,AVY,173.66,173.81,175.31,172.48,450832,78446516.0,1.61,-0.86,-1.5,0.59
2026-04-09,AWAY,16.65,16.593,16.67,16.326,4954,81971.0,2.03,-1.97,-0.333,0.0
2026-04-09,AWF,10.37,10.37,10.38,10.345,243357,2522750.0,0.34,0.19,0.02,0.0
2026-04-09,AWI,171.72,174.35,175.12,171.39,260604,45258904.0,2.16,0.91,1.58,0.61
2026-04-09,AWK,136.05,139.25,139.49,135.6,2729343,378779360.0,2.85,2.12,2.89,1.4
2026-04-09,AWP,11.85,12.05,12.09,11.79,124324,1489829.0,2.54,1.95,0.23,0.0
2026-04-09,AWR,77.99,79.26,79.51,76.87,234030,18482639.0,3.42,2.81,2.17,0.6
2026-04-09,AWRE,1.22,1.17,1.23,1.15,11384,13606.0,6.56,-4.1,-0.05,0.05
2026-04-09,AWX,2.59,2.6,2.65,2.59,1722,4502.0,2.31,0.0,0.0,0.05
2026-04-09,AX,92.52,93.61,94.595,91.87,404542,37903290.0,2.93,0.49,0.46,0.71
2026-04-09,AXG,3.78,3.35,3.78,3.32,781020,2787523.0,12.2,-11.14,-0.42,0.5
2026-04-09,AXGN,33.75,33.02,34.51,32.03,1140107,38037448.0,7.29,-2.88,-0.98,2.2
2026-04-09,AXIA,12.25,12.64,12.695,12.25,5853272,73702453.0,3.67,4.2,0.51,0.3
2026-04-09,AXIA_,13.43,13.74,13.88,13.43,32898,449794.0,3.4,3.85,0.51,0.0
2026-04-09,AXIA_C,11.72,12.26,12.52,11.62,767624,9240351.0,7.68,4.61,0.54,0.0
2026-04-09,AXIL,7.002,7.15,7.15,7.002,17924,127141.0,2.07,0.14,0.01,0.26
2026-04-09,AXIN,10.18,10.14,10.19,10.14,1781,18094.0,0.49,0.0,0.0,0.01
2026-04-09,AXINU,10.28,10.28,10.28,10.28,1,18.0,0.0,0.0,0.0,0.0
2026-04-09,AXON,386.51,351.33,387.085,347.28,2118293,760135008.0,10.17,-10.27,-40.2,2.63
2026-04-09,AXP,314.31,317.77,318.15,312.18,1996185,631381184.0,1.89,0.45,1.43,0.29
2026-04-09,AXPG,11.95,12.244,12.273,11.83,7578,90334.0,3.64,0.74,0.09,0.0
2026-04-09,AXR,26.67,27.7,27.84,25.75,17674,477196.0,7.78,3.13,0.84,0.33
2026-04-09,AXS,102.5,102.43,103.46,101.893,609966,62584745.0,1.52,-0.45,-0.46,0.82
2026-04-09,AXSM,173.05,178.9,180.71,172.02,986017,175825777.0,5.02,3.3,5.71,1.93
2026-04-09,AXS_E,19.61,19.61,19.72,19.5,67262,1317080.0,1.12,0.1,0.02,0.28
2026-04-09,AXTA,28.35,28.5,28.55,28.115,1871691,53102930.0,1.52,-0.56,-0.16,0.88
2026-04-09,AXTI,53.8,63.12,64.08,53.77,15924893,961320560.0,19.39,18.69,9.94,28.65
2026-04-09,AYI,280.64,276.79,284.09,275.03,535574,148883483.0,3.21,-1.96,-5.52,1.77
2026-04-09,AYTU,2.69,2.56,2.69,2.56,30567,79703.0,4.89,-3.76,-0.1,0.28
2026-04-09,AZ,8.08,8.38,8.44,8.04,273388,2260165.0,4.95,3.71,0.3,0.61
2026-04-09,AZI,1.57,1.67,1.97,1.511,165061,285040.0,28.33,3.09,0.05,3.68
2026-04-09,AZN,202.635,204.99,206.498,201.97,1239244,253633205.0,2.22,0.35,0.72,0.08
2026-04-09,AZO,3443.01,3548.19,3578.12,3423.05,181633,643857152.0,4.48,2.4,83.26,1.1
2026-04-09,AZTA,22.15,22.66,22.87,21.49,777324,17346869.0,6.19,1.61,0.36,1.69
2026-04-09,AZTD,30.602,30.602,30.602,30.602,5,152.0,0.0,0.57,0.172,0.0
2026-04-09,AZTR,0.239,0.234,0.239,0.225,573451,132469.0,5.96,-0.43,-0.001,3.54
2026-04-09,AZYY,16.53,16.6,16.61,16.53,2037,33801.0,0.49,0.82,0.135,0.0
2026-04-09,AZZ,132.9,135.99,137.97,132.33,189261,25791085.0,4.23,1.89,2.52,0.63
2026-04-09,B,42.63,42.43,43.37,42.025,10152862,431801536.0,3.16,-0.19,-0.08,0.61
2026-04-09,BA,216.0,220.06,221.29,216.0,4768685,1046322224.0,2.43,1.04,2.26,0.61
2026-04-09,BAB,26.97,26.97,27.05,26.91,139354,3763251.0,0.52,-0.09,-0.025,0.0
2026-04-09,BABA,124.52,127.68,127.78,123.96,10014556,1264949792.0,3.05,1.88,2.36,0.42
2026-04-09,BABO,10.2,10.31,10.31,10.155,22478,230454.0,1.5,0.1,0.01,0.0
2026-04-09,BABU,13.64,13.977,14.014,13.39,35062,481753.0,4.63,3.73,0.502,0.0
2026-04-09,BABW,28.86,29.153,29.215,28.435,1388,40393.0,2.73,2.21,0.631,0.0
2026-04-09,BABX,24.2,25.43,25.46,23.995,529754,13169486.0,5.97,3.67,0.9,0.0
2026-04-09,BAC,51.625,52.71,52.835,51.625,32007987,1680471856.0,2.33,1.6,0.83,0.45
2026-04-09,BACC,10.23,10.23,10.23,10.23,127,1299.0,0.0,0.0,0.0,0.0
2026-04-09,BACCR,0.27,0.257,0.27,0.25,2384,617.0,7.41,-4.81,-0.013,0.0
2026-04-09,BAC_B,25.16,25.24,25.24,25.1,54466,1372230.0,0.56,0.46,0.115,0.1
2026-04-09,BAC_E,19.18,19.14,19.2,19.03,15339,293258.0,0.89,0.1,0.02,0.12
2026-04-09,BAC_K,24.71,24.88,24.89,24.69,57886,1435056.0,0.81,0.68,0.169,0.17
2026-04-09,BAC_L,1200.55,1211.0,1211.0,1200.55,39690,47979444.0,0.87,0.61,7.4,1.29
2026-04-09,BAC_M,22.07,22.09,22.119,21.98,61016,1346129.0,0.63,0.27,0.06,0.11
2026-04-09,BAC_N,20.59,20.52,20.6,20.46,73587,1510500.0,0.68,-0.05,-0.01,0.14
2026-04-09,BAC_O,17.77,17.82,17.82,17.76,54845,975871.0,0.34,0.28,0.05,0.13
2026-04-09,BAC_P,16.85,16.88,16.93,16.84,29099,491139.0,0.53,0.24,0.04,0.08
2026-04-09,BAC_S,19.49,19.47,19.5,19.44,20102,391464.0,0.31,0.15,0.03,0.07
2026-04-09,BAER,2.16,2.18,2.245,2.11,340438,747072.0,6.28,1.4,0.03,0.61
2026-04-09,BAERW,0.488,0.45,0.488,0.408,22474,9890.0,18.82,5.88,0.025,0.0
2026-04-09,BAFE,26.33,26.565,26.6,26.32,83823,2214468.0,1.06,0.54,0.142,0.0
2026-04-09,BAFN,6.84,6.82,7.07,6.71,9434,65393.0,5.26,-0.44,-0.03,0.23
2026-04-09,BAGY,29.27,29.6,29.7,29.248,5916,173954.0,1.54,0.94,0.275,0.0
2026-04-09,BAH,81.44,79.53,81.55,78.48,1368411,108824650.0,3.76,-2.54,-2.07,1.13
2026-04-09,BAI,37.07,37.35,37.475,36.82,2489764,92613117.0,1.76,0.3,0.11,0.0
2026-04-09,BAIG,2.76,2.51,2.79,2.49,435740,1129994.0,10.79,-9.71,-0.27,0.0
2026-04-09,BAIV,24.32,24.542,24.61,24.32,34353,837761.0,1.18,-0.47,-0.116,0.0
2026-04-09,BAK,3.61,3.62,3.78,3.54,2210004,8005532.0,6.58,-0.82,-0.03,0.0
2026-04-09,BALI,31.36,31.58,31.64,31.36,284505,8967452.0,0.89,0.54,0.17,0.0
2026-04-09,BALL,61.54,62.87,63.07,61.3,1882474,118066270.0,2.85,1.24,0.77,0.71
2026-04-09,BALQ,47.825,48.424,48.424,47.825,695,33345.0,1.25,0.97,0.463,0.0
2026-04-09,BALT,33.7,33.735,33.74,33.67,483180,16292270.0,0.21,0.1,0.035,0.0
2026-04-09,BALY,11.26,11.06,11.31,10.41,49619,544367.0,7.95,-2.3,-0.26,0.1
2026-04-09,BAM,44.95,45.1,45.305,44.45,2675202,120318390.0,1.89,-0.35,-0.16,0.16
2026-04-09,BAMA,33.75,34.25,34.27,33.75,10983,375819.0,1.52,0.38,0.13,0.0
2026-04-09,BAMB,26.3,26.32,26.325,26.3,11229,295458.0,0.1,0.02,0.005,0.0
2026-04-09,BAMD,31.61,31.77,31.83,31.61,29090,924812.0,0.69,0.22,0.071,0.0
2026-04-09,BAMG,38.51,38.73,38.74,38.51,21571,834908.0,0.6,0.86,0.33,0.0
2026-04-09,BAMO,32.26,32.635,32.65,32.26,8152,265898.0,1.2,0.41,0.133,0.0
2026-04-09,BAMU,25.27,25.255,25.27,25.25,13540,342013.0,0.08,0.02,0.005,0.0
2026-04-09,BAMV,33.3,33.53,33.58,33.3,15945,534910.0,0.84,0.09,0.03,0.0
2026-04-09,BAMY,27.47,27.693,27.73,27.47,15264,422537.0,0.94,0.11,0.031,0.0
2026-04-09,BANC,18.38,18.69,18.835,18.35,2675173,49964786.0,2.62,1.08,0.2,1.8
2026-04-09,BANC_F,25.1,25.2,25.2,25.09,18697,470132.0,0.44,0.12,0.03,0.09
2026-04-09,BAND,17.98,17.51,17.98,17.395,222064,3903753.0,3.24,-3.05,-0.55,0.74
2026-04-09,BANF,112.59,115.05,116.46,112.135,109194,12561793.0,3.83,1.91,2.16,0.33
2026-04-09,BANFP,26.233,26.233,26.233,26.233,24,629.0,0.0,0.0,0.0,0.0
2026-04-09,BANL,0.539,0.495,0.557,0.495,108531,56338.0,11.63,-7.13,-0.038,0.39
2026-04-09,BANR,63.22,64.31,64.78,63.22,297862,19183347.0,2.45,1.05,0.67,0.88
2026-04-09,BANX,19.45,19.43,19.54,19.37,29186,567644.0,0.87,-0.1,-0.02,0.37
2026-04-09,BAOS,2.86,2.63,2.86,1.98,413856,1031579.0,32.81,-1.94,-0.052,26.97
2026-04-09,BAP,350.1,352.37,354.94,346.11,435406,152881845.0,2.51,0.03,0.12,0.55
2026-04-09,BAPR,50.43,50.64,50.65,50.353,53736,2716875.0,0.59,0.66,0.33,0.0
2026-04-09,BAR,46.82,46.97,47.27,46.77,163593,7700667.0,1.07,0.77,0.36,0.0
2026-04-09,BARK,8.66,8.7,8.98,8.52,107387,945456.0,5.3,0.23,0.02,1.24
2026-04-09,BASG,23.2,23.347,23.36,23.16,52416,1220457.0,0.85,-0.45,-0.105,0.0
2026-04-09,BASV,27.95,28.054,28.16,27.85,40945,1151914.0,1.11,0.31,0.088,0.0
2026-04-09,BATL,3.78,3.59,3.86,3.39,9289599,33886482.0,12.47,-4.77,-0.18,49.57
2026-04-09,BATRA,48.88,49.08,49.15,48.71,26993,1323597.0,0.9,0.2,0.1,0.26
2026-04-09,BATRK,43.92,44.26,44.32,43.78,326544,14409067.0,1.22,0.34,0.15,0.62
2026-04-09,BATT,15.53,15.56,15.67,15.415,26031,405189.0,1.63,-0.58,-0.09,0.0
2026-04-09,BAUG,50.205,50.472,50.49,50.205,1651,83187.0,0.57,0.48,0.243,0.0
2026-04-09,BAX,17.18,17.3,17.5,16.98,5440026,94098651.0,3.02,0.35,0.06,1.05
2026-04-09,BAYA,11.95,11.95,11.95,11.95,1,12.0,0.0,0.0,0.0,0.0
2026-04-09,BA_A,69.21,69.98,70.18,68.93,376966,26304912.0,1.8,0.84,0.58,6.56
2026-04-09,BB,3.82,3.82,4.04,3.73,23459486,90964139.0,8.78,8.22,0.29,3.99
2026-04-09,BBAG,46.11,46.14,46.25,46.075,51505,2377833.0,0.38,-0.06,-0.03,0.0
2026-04-09,BBAI,3.42,3.29,3.48,3.28,22221894,74240328.0,5.73,-5.73,-0.2,4.67
2026-04-09,BBAI_WS,0.441,0.428,0.465,0.426,104147,45322.0,8.21,-9.89,-0.047,0.0
2026-04-09,BBAR,16.46,16.13,16.54,15.7,761092,12263448.0,5.1,-2.06,-0.34,0.37
2026-04-09,BBAX,62.3,62.69,62.965,62.15,156830,9822171.0,1.31,0.55,0.34,0.0
2026-04-09,BBB,27.89,28.077,28.14,27.89,2498,69898.0,0.9,0.71,0.198,0.0
2026-04-09,BBBI,51.55,51.66,51.749,51.505,9365,483803.0,0.47,0.08,0.04,0.0
2026-04-09,BBBL,47.863,47.863,47.863,47.863,27,1294.0,0.0,-0.05,-0.026,0.0
2026-04-09,BBBS,51.12,51.166,51.21,51.09,13647,698198.0,0.23,0.1,0.051,0.0
2026-04-09,BBBY,4.71,4.78,4.86,4.55,2073839,9789459.0,6.43,-0.83,-0.04,2.81
2026-04-09,BBBY_WS,0.58,0.512,0.58,0.5,66813,35207.0,15.09,-3.4,-0.018,0.0
2026-04-09,BBC,43.4,44.46,44.46,43.4,30141,1330404.0,2.44,2.37,1.03,0.0
2026-04-09,BBCA,97.08,96.76,97.5,96.625,276911,26843080.0,0.9,-0.32,-0.31,0.0
2026-04-09,BBCB,45.365,45.47,45.51,45.347,1733,78837.0,0.36,0.12,0.056,0.0
2026-04-09,BBCP,7.39,7.59,7.6,7.35,97748,733391.0,3.36,2.02,0.15,0.19
2026-04-09,BBCQ,10.05,10.14,10.25,10.035,546046,5545053.0,2.14,1.0,0.1,1.9
2026-04-09,BBCQU,10.4,10.4,10.4,10.4,10,106.0,0.0,0.0,0.0,0.0
2026-04-09,BBCQW,1.0,0.96,1.0,0.94,123831,117986.0,6.0,-4.0,-0.04,0.0
2026-04-09,BBD,3.92,3.96,3.99,3.89,39522668,156391612.0,2.56,1.54,0.06,0.0
2026-04-09,BBDC,8.37,8.34,8.4,8.31,565607,4723185.0,1.07,-0.71,-0.06,0.54
2026-04-09,BBDO,3.46,3.54,3.55,3.41,51003,178773.0,4.05,2.31,0.08,0.0
2026-04-09,BBEM,69.61,70.044,70.27,69.22,11897,832878.0,1.49,-0.29,-0.206,0.0
2026-04-09,BBEU,75.46,76.1,76.46,75.38,520073,39466009.0,1.42,0.0,0.0,0.0
2026-04-09,BBGI,5.39,11.02,13.16,5.08,14841833,144158084.0,142.5,94.36,5.35,1525.1
2026-04-09,BBH,189.43,189.575,190.07,188.09,5265,996113.0,1.04,-0.25,-0.467,0.0
2026-04-09,BBHL,15.55,15.69,15.69,15.55,45257,706714.0,0.9,0.84,0.13,0.0
2026-04-09,BBHM,11.57,11.59,11.65,11.5,321587,3730941.0,1.29,-0.43,-0.05,0.0
2026-04-09,BBHY,46.09,46.175,46.26,46.04,46791,2160018.0,0.48,0.07,0.03,0.0
2026-04-09,BBIB,98.62,98.62,98.62,98.62,172,16946.0,0.0,0.01,0.012,0.0
2026-04-09,BBIN,76.06,76.8,77.12,76.026,84352,6455303.0,1.42,-0.25,-0.19,0.0
2026-04-09,BBIO,74.34,75.52,76.24,73.14,2408889,180139614.0,4.18,1.86,1.38,1.24
2026-04-09,BBJP,71.19,71.91,72.38,70.97,5970692,428404016.0,1.93,-1.4,-1.02,0.0
2026-04-09,BBLB,82.047,82.047,82.047,82.047,7,656.0,0.0,-0.26,-0.218,0.0
2026-04-09,BBLG,1.29,1.26,1.29,1.235,7410,9302.0,4.3,-1.56,-0.02,0.41
2026-04-09,BBLGW,13.01,13.01,13.01,13.01,1,13.0,0.0,0.0,0.0,0.0
2026-04-09,BBLU,15.12,15.2,15.2,15.068,66381,1006268.0,0.87,0.66,0.1,0.0
2026-04-09,BBMC,113.7,114.182,114.45,113.293,5401,615492.0,1.02,0.25,0.282,0.0
2026-04-09,BBN,16.31,16.24,16.35,16.13,160817,2613229.0,1.35,-0.61,-0.1,0.0
2026-04-09,BBNX,9.67,9.63,10.03,9.53,830724,8124748.0,5.11,-1.63,-0.16,1.86
2026-04-09,BBOT,8.56,8.855,9.04,8.43,353928,3128042.0,7.06,2.49,0.215,0.44
2026-04-09,BBP,84.685,85.819,85.835,84.685,2083,177555.0,1.36,1.26,1.071,0.0
2026-04-09,BBRE,99.73,100.039,100.805,99.73,4657,467129.0,1.08,0.81,0.805,0.0
2026-04-09,BBSB,98.64,98.65,98.705,98.64,2784,274721.0,0.07,0.02,0.015,0.0
2026-04-09,BBSC,78.43,79.365,79.61,78.43,6371,504284.0,1.5,0.65,0.511,0.0
2026-04-09,BBSI,28.8,28.67,28.81,28.275,149144,4267121.0,1.86,-0.55,-0.16,0.59
2026-04-09,BBT,31.24,32.26,32.315,31.24,659728,21218785.0,3.4,1.96,0.62,0.79
2026-04-09,BBUC,32.8,32.7,33.46,32.7,173472,5725364.0,2.29,-1.68,-0.56,0.08
2026-04-09,BBUS,121.44,122.42,122.64,121.35,220400,26933944.0,1.06,0.57,0.69,0.0
2026-04-09,BBVA,22.43,22.7,22.77,22.31,4317607,97059681.0,1.97,-2.95,-0.69,0.08
2026-04-09,BBW,37.51,37.85,38.87,37.08,386165,14711298.0,4.71,-0.5,-0.19,3.01
2026-04-09,BBWI,17.82,18.42,18.75,17.45,7121764,130458163.0,7.25,2.68,0.48,3.54
2026-04-09,BBY,64.02,64.53,64.86,63.75,2732509,176094847.0,1.72,0.08,0.05,1.31
2026-04-09,BBYY,13.26,13.395,13.4,13.26,1049,13997.0,1.05,0.56,0.075,0.0
2026-04-09,BC,76.51,77.99,78.55,76.09,570341,44263964.0,3.19,1.26,0.97,0.88
2026-04-09,BCAB,4.39,4.52,4.683,4.35,37298,168395.0,7.5,1.8,0.08,2.25
2026-04-09,BCAL,18.49,18.56,18.68,18.155,454756,8440641.0,2.85,0.65,0.12,1.41
2026-04-09,BCAR,10.13,10.12,10.13,10.12,80250,812649.0,0.1,-0.1,-0.01,0.27
2026-04-09,BCARW,0.69,0.61,0.69,0.55,78725,48801.0,22.95,0.0,0.0,0.0
2026-04-09,BCAT,14.73,14.85,14.85,14.66,568444,8388191.0,1.29,0.88,0.13,0.0
2026-04-09,BCAX,21.43,21.98,22.01,21.2,654102,14300396.0,3.75,1.71,0.37,1.0
2026-04-09,BCBP,9.54,9.74,9.8,9.53,69659,678254.0,2.8,0.93,0.09,0.4
2026-04-09,BCC,78.72,80.58,81.925,78.72,322948,26095086.0,4.05,1.7,1.35,0.9
2026-04-09,BCCC,14.06,14.148,14.24,14.06,5529,78194.0,1.28,0.7,0.098,0.0
2026-04-09,BCD,35.79,35.66,35.82,35.5,53802,1920169.0,0.9,0.0,0.0,0.0
2026-04-09,BCDA,1.22,1.17,1.22,1.08,82686,93810.0,11.57,-3.31,-0.04,0.76
2026-04-09,BCDF,31.47,31.767,31.91,31.46,9472,300089.0,1.42,0.13,0.042,0.0
2026-04-09,BCE,24.22,23.89,24.256,23.835,4501896,107905607.0,1.75,-0.95,-0.23,0.48
2026-04-09,BCFN,21.03,21.117,21.117,20.93,579,12149.0,0.88,-1.02,-0.217,0.0
2026-04-09,BCG,2.08,1.91,2.099,1.82,145344,288932.0,13.29,-9.05,-0.19,0.87
2026-04-09,BCGD,24.785,24.724,24.785,24.724,796,19693.0,0.25,0.47,0.115,0.0
2026-04-09,BCGS,25.52,25.697,25.697,25.52,150,3796.0,0.72,4.48,1.103,0.0
2026-04-09,BCGWW,0.16,0.16,0.166,0.159,21820,3499.0,4.12,-5.88,-0.01,0.0
2026-04-09,BCH,37.58,38.6,38.76,37.58,565874,21738935.0,3.11,1.87,0.71,0.11
2026-04-09,BCHI,34.01,34.31,34.33,34.01,860,29442.0,0.93,-0.22,-0.075,0.0
2026-04-09,BCHP,34.12,34.58,34.58,33.97,15323,523730.0,1.79,1.26,0.429,0.0
2026-04-09,BCHT,1.88,1.74,1.88,1.68,105000,184987.0,10.58,-7.94,-0.15,0.4
2026-04-09,BCI,23.92,23.81,24.01,23.62,1414524,33686971.0,1.65,0.72,0.17,0.0
2026-04-09,BCIC,7.9,7.66,8.0,7.66,118165,917220.0,4.3,-3.04,-0.24,0.95
2026-04-09,BCIL,28.09,28.268,28.44,28.01,63429,1800533.0,1.52,0.06,0.017,0.0
2026-04-09,BCKT,43.52,43.52,43.52,43.52,201,8758.0,0.0,0.13,0.057,0.0
2026-04-09,BCLO,49.13,49.11,49.13,49.11,1917,94192.0,0.04,-0.02,-0.01,0.0
2026-04-09,BCML,30.96,32.67,32.67,30.96,43858,1409736.0,5.51,5.25,1.63,0.4
2026-04-09,BCO,105.82,106.05,106.61,103.23,527995,55717083.0,3.18,-0.23,-0.24,1.28
2026-04-09,BCOR,21.933,21.933,21.933,21.933,15,346.0,0.0,0.12,0.026,0.0
2026-04-09,BCPC,172.93,175.07,177.06,172.1,261734,45723983.0,2.85,0.59,1.02,0.82
2026-04-09,BCPL,24.87,24.92,24.94,24.87,11051,275384.0,0.28,0.0,0.0,0.0
2026-04-09,BCRX,9.71,9.89,9.98,9.71,4608553,45418334.0,2.76,1.12,0.11,1.84
2026-04-09,BCS,23.2,23.4,23.595,23.095,5702543,133072249.0,2.13,-0.47,-0.11,0.17
2026-04-09,BCSF,12.52,12.5,12.658,12.48,403690,5065221.0,1.41,-0.87,-0.11,0.62
2026-04-09,BCSM,22.4,22.02,22.4,21.99,14629,323425.0,1.83,-1.98,-0.445,0.0
2026-04-09,BCSS,10.11,10.1,10.15,10.1,16472,167121.0,0.5,0.0,0.0,0.04
2026-04-09,BCSS_U,10.52,10.52,10.52,10.52,1998,20778.0,0.0,0.0,0.0,0.0
2026-04-09,BCSS_WS,0.63,0.63,0.63,0.63,71,52.0,0.0,0.0,0.0,0.0
2026-04-09,BCTK,24.74,24.601,24.87,24.478,9807,242005.0,1.59,-0.33,-0.081,0.0
2026-04-09,BCTX,4.38,4.54,4.61,4.33,204705,929053.0,6.32,2.48,0.11,2.82
2026-04-09,BCTXL,1.02,1.04,1.05,1.02,90219,94590.0,2.86,-0.95,-0.01,0.0
2026-04-09,BCTXZ,0.135,0.135,0.15,0.135,934,134.0,10.0,-10.0,-0.015,0.0
2026-04-09,BCUS,33.63,34.05,34.19,33.63,42228,1430887.0,1.66,1.01,0.34,0.0
2026-04-09,BCV,22.84,23.62,23.62,22.824,80997,1885562.0,3.52,4.47,1.01,0.0
2026-04-09,BCV_A,21.5,21.5,21.5,21.5,56,1225.0,0.0,0.0,0.0,0.01
2026-04-09,BCX,12.3,12.4,12.565,12.3,198417,2469068.0,2.14,0.0,0.0,0.0
2026-04-09,BCYC,4.95,4.97,5.014,4.905,276226,1369302.0,2.19,-0.2,-0.01,0.4
2026-04-09,BC_C,23.8,24.0,24.14,23.605,15134,363134.0,2.25,0.97,0.23,0.0
2026-04-09,BDBT,25.355,25.37,25.42,25.32,249333,6321121.0,0.39,0.04,0.01,0.0
2026-04-09,BDC,123.3,128.03,130.97,123.3,563840,72122323.0,6.2,3.55,4.39,1.45
2026-04-09,BDCI,9.99,9.99,9.99,9.99,66,659.0,0.0,0.0,0.0,0.0
2026-04-09,BDCIU,10.12,10.12,10.12,10.12,100,1012.0,0.0,0.0,0.0,0.0
2026-04-09,BDCX,20.67,20.607,20.75,20.495,24573,508930.0,1.19,-4.12,-0.886,0.0
2026-04-09,BDCZ,15.01,15.09,15.09,15.01,1510,22675.0,0.53,-0.52,-0.079,0.0
2026-04-09,BDEC,49.349,49.62,49.68,49.31,7508,372157.0,0.75,0.45,0.224,0.0
2026-04-09,BDGS,34.96,35.072,35.072,34.96,1404,49153.0,0.32,0.47,0.164,0.0
2026-04-09,BDIV,23.43,23.521,23.53,23.43,1225,28804.0,0.43,0.74,0.173,0.0
2026-04-09,BDJ,9.04,9.07,9.1,8.993,364382,3298553.0,1.19,0.55,0.05,0.0
2026-04-09,BDL,32.225,32.225,32.225,32.225,299,9588.0,0.0,0.7,0.225,0.02
2026-04-09,BDMD,1.99,1.82,2.003,1.735,516253,948781.0,13.67,-7.14,-0.14,1.94
2026-04-09,BDMDW,0.095,0.095,0.095,0.095,500,48.0,0.0,18.75,0.015,0.0
2026-04-09,BDN,2.63,2.65,2.65,2.605,2056042,5410871.0,1.7,0.0,0.0,1.18
2026-04-09,BDRX,3.28,3.25,3.4,2.95,115582,369038.0,12.82,-7.41,-0.26,17.83
2026-04-09,BDRY,10.3,10.3,10.445,10.181,17032,175442.0,2.49,-2.83,-0.3,0.0
2026-04-09,BDSX,14.07,13.32,14.4,12.775,62539,840832.0,11.4,-6.53,-0.93,0.62
2026-04-09,BDTX,2.5,2.58,2.6,2.4,869149,2190962.0,8.0,3.2,0.08,1.52
2026-04-09,BDVG,13.42,13.455,13.47,13.42,1675,22517.0,0.37,0.41,0.055,0.0
2026-04-09,BDVL,25.42,25.575,25.64,25.4,253717,6473709.0,0.94,0.01,0.002,0.0
2026-04-09,BDX,155.1,155.46,157.18,154.87,2709919,422668496.0,1.47,-1.04,-1.63,0.95
2026-04-09,BDYN,25.17,25.44,25.48,25.17,515425,13061413.0,1.22,0.52,0.131,0.0
2026-04-09,BE,146.88,160.13,163.29,145.53,10312421,1625318256.0,12.1,9.1,13.35,3.63
2026-04-09,BEAG,10.55,10.58,10.59,10.55,18593,196379.0,0.38,-0.19,-0.02,0.07
2026-04-09,BEAGR,0.26,0.25,0.26,0.23,6300,1631.0,11.54,-3.85,-0.01,0.0
2026-04-09,BEAGU,10.8,10.8,10.8,10.8,1,11.0,0.0,0.0,0.0,0.0
2026-04-09,BEAM,25.33,26.33,26.695,25.2,2011375,52749990.0,5.88,3.5,0.89,1.96
2026-04-09,BEAT,1.19,1.18,1.21,1.16,191856,228197.0,4.2,-0.84,-0.01,0.47
2026-04-09,BEATW,0.12,0.12,0.12,0.12,1774,213.0,0.0,0.0,0.0,0.0
2026-04-09,BEDY,27.1,27.735,27.81,27.1,10609,294102.0,2.56,0.13,0.035,0.0
2026-04-09,BEDZ,32.73,32.542,32.73,32.53,866,28256.0,0.62,0.32,0.104,0.0
2026-04-09,BEEM,1.58,1.63,1.665,1.58,731583,1181001.0,5.45,4.49,0.07,3.46
2026-04-09,BEEP,2.21,2.22,2.37,2.05,59787,130824.0,14.68,1.83,0.04,0.15
2026-04-09,BEEX,25.15,25.135,25.18,25.135,309,7801.0,0.18,-0.2,-0.051,0.0
2026-04-09,BEEZ,33.151,33.151,33.151,33.151,25,828.0,0.0,-0.1,-0.033,0.0
2026-04-09,BEG,28.19,32.486,33.726,28.19,83488,2633234.0,20.06,17.69,4.884,0.0
2026-04-09,BEGS,19.544,19.544,19.544,19.544,249,4877.0,0.0,1.74,0.334,0.0
2026-04-09,BEKE,15.62,15.61,15.83,15.54,2467870,38713921.0,1.86,-0.13,-0.02,0.22
2026-04-09,BELFA,213.8,222.5,223.43,213.8,96245,20902290.0,4.5,3.98,8.51,4.55
2026-04-09,BELFB,226.27,235.0,236.855,226.06,223684,52176223.0,4.73,2.94,6.71,2.1
2026-04-09,BELT,34.976,34.976,34.976,34.976,95,3296.0,0.0,1.19,0.412,0.0
2026-04-09,BEMB,53.23,53.23,53.23,53.23,159,8485.0,0.0,0.36,0.19,0.0
2026-04-09,BEN,24.7,25.04,25.195,24.665,3343975,83621071.0,2.13,0.64,0.16,0.64
2026-04-09,BENF,3.67,3.7,4.03,3.26,12827,46690.0,20.7,-0.54,-0.02,0.09
2026-04-09,BENFW,0.01,0.011,0.011,0.01,5138,51.0,9.09,0.0,0.0,0.0
2026-04-09,BENJ,52.34,52.345,52.35,52.34,5843,305848.0,0.02,0.01,0.005,0.0
2026-04-09,BEP,34.08,33.98,34.59,33.83,739542,25237696.0,2.22,-0.82,-0.28,0.24
2026-04-09,BEPC,43.0,42.31,43.37,42.17,1067938,45470617.0,2.8,-1.38,-0.59,0.73
2026-04-09,BEPH,14.97,14.96,15.0,14.82,12471,186061.0,1.21,0.61,0.09,0.0
2026-04-09,BEPI,15.61,15.63,15.75,15.58,3163,49522.0,1.09,0.32,0.05,0.0
2026-04-09,BEPJ,24.44,24.78,24.99,24.44,4119,102244.0,2.24,0.94,0.23,0.0
2026-04-09,BEP_A,17.59,17.57,17.75,17.4,3629,63856.0,1.98,-0.73,-0.13,0.05
2026-04-09,BERZ,55.395,54.24,57.09,54.175,40597,2256061.0,5.23,-2.64,-1.47,0.0
2026-04-09,BESF,40.1,39.052,40.1,39.052,1680,66267.0,2.63,-1.84,-0.733,0.0
2026-04-09,BESS,3.065,2.92,3.152,2.7,13166,38049.0,15.07,-2.67,-0.08,0.19
2026-04-09,BESS_WS,0.713,0.715,0.78,0.713,1307,964.0,9.14,-2.46,-0.018,0.0
2026-04-09,BETA,16.35,16.48,16.98,16.0,1049899,17345004.0,5.94,-0.18,-0.03,0.47
2026-04-09,BETE,34.69,35.53,35.62,34.69,3000,106217.0,2.64,0.85,0.3,0.0
2026-04-09,BETH,40.671,40.835,40.835,40.671,811,33006.0,0.41,1.09,0.44,0.0
2026-04-09,BETR,35.2,32.24,35.5,31.94,1043497,34909965.0,10.17,-7.9,-2.765,8.18
2026-04-09,BETRW,0.27,0.221,0.27,0.22,22906,5632.0,18.18,-19.64,-0.054,0.0
2026-04-09,BETZ,18.68,18.29,18.68,18.151,7070,130004.0,2.81,-2.84,-0.535,0.0
2026-04-09,BEX,19.06,22.85,23.73,19.06,1056139,23370713.0,24.08,17.84,3.46,0.0
2026-04-09,BEZ,15.33,12.2,15.33,11.65,750156,9517676.0,24.37,-19.21,-2.9,0.0
2026-04-09,BFAM,82.4,82.41,82.685,81.12,496848,40836684.0,1.89,-0.53,-0.44,0.9
2026-04-09,BFAP,14.841,14.841,14.841,14.841,4,62.0,0.0,0.48,0.071,0.0
2026-04-09,BFC,140.11,144.62,145.735,139.48,80924,11594872.0,4.43,2.49,3.52,0.72
2026-04-09,BFEB,48.98,49.39,49.39,48.98,8496,417701.0,0.83,0.45,0.22,0.0
2026-04-09,BFH,78.15,79.75,79.95,77.65,577362,45807619.0,2.92,1.4,1.1,1.39
2026-04-09,BFH_A,24.94,24.85,25.05,24.85,7425,185259.0,0.81,0.2,0.05,0.25
2026-04-09,BFIX,25.36,25.35,25.4,25.35,837,21241.0,0.2,-0.04,-0.01,0.0
2026-04-09,BFJL,16.79,16.79,16.79,16.79,2,34.0,0.0,0.03,0.005,0.0
2026-04-09,BFLB,51.161,51.191,51.191,51.161,424,21698.0,0.06,0.39,0.199,0.0
2026-04-09,BFLY,4.1,4.15,4.2,3.95,2966713,12152001.0,6.04,0.24,0.01,1.3
2026-04-09,BFOC,17.07,17.146,17.146,17.07,2876,49155.0,0.44,-0.31,-0.054,0.0
2026-04-09,BFOR,86.41,87.076,87.31,86.41,3548,307885.0,1.04,0.48,0.413,0.0
2026-04-09,BFRG,1.06,1.04,1.15,1.03,1680530,1814848.0,11.21,-2.8,-0.03,9.11
2026-04-09,BFRGW,0.385,0.324,0.385,0.239,5893,1959.0,51.05,13.29,0.038,0.0
2026-04-09,BFRI,1.0,1.04,1.05,0.98,117331,120219.0,7.29,8.33,0.08,1.01
2026-04-09,BFRIW,0.057,0.047,0.057,0.047,4549,242.0,17.54,-17.54,-0.01,0.0
2026-04-09,BFRZ,26.41,26.35,26.42,26.3,223361,5889623.0,0.45,-0.26,-0.07,0.0
2026-04-09,BFS,33.56,33.66,34.22,33.56,55895,1889648.0,1.95,-0.3,-0.1,0.23
2026-04-09,BFST,28.13,28.76,28.915,28.13,352711,10106432.0,2.78,1.7,0.48,1.08
2026-04-09,BFS_D,20.38,20.3,20.4,20.25,31674,645178.0,0.74,-0.44,-0.09,1.06
2026-04-09,BFS_E,22.71,22.31,22.895,22.19,17782,396753.0,3.05,-3.42,-0.79,0.4
2026-04-09,BF_A,26.96,30.4,31.14,26.96,644173,19153365.0,15.32,11.44,3.12,0.38
2026-04-09,BF_B,26.53,30.31,31.24,26.53,13428449,401759952.0,17.54,12.89,3.46,4.63
2026-04-09,BG,127.23,122.96,128.48,122.17,1660310,206683461.0,4.96,-3.3,-4.19,0.86
2026-04-09,BGB,11.15,11.19,11.26,11.15,116612,1307093.0,0.99,0.27,0.03,0.0
2026-04-09,BGC,10.88,11.03,11.15,10.8,3332026,36642752.0,3.22,1.47,0.16,0.91
2026-04-09,BGDV,28.75,28.853,28.93,28.74,3102,89399.0,0.66,0.58,0.166,0.0
2026-04-09,BGH,13.82,13.95,13.97,13.82,92822,1291937.0,1.08,0.87,0.12,0.0
2026-04-09,BGI,0.77,0.768,0.789,0.727,25183,19004.0,7.95,-1.54,-0.012,0.21
2026-04-09,BGIG,33.94,34.22,34.335,33.94,124854,4273896.0,1.16,0.44,0.15,0.0
2026-04-09,BGIN,3.28,3.08,3.28,2.957,6252,19870.0,10.16,-3.14,-0.1,0.01
2026-04-09,BGL,1.02,1.0,1.05,1.0,330835,338513.0,5.1,2.04,0.02,0.88
2026-04-09,BGLC,2.16,2.249,2.26,2.15,3186,6961.0,4.78,-2.22,-0.051,0.13
2026-04-09,BGLD,17.35,17.416,17.489,17.35,8558,149045.0,0.8,0.5,0.086,0.0
2026-04-09,BGLWW,0.295,0.28,0.295,0.266,26510,7406.0,12.08,16.67,0.04,0.0
2026-04-09,BGM,0.318,0.306,0.318,0.29,113637,34367.0,9.66,5.52,0.016,0.07
2026-04-09,BGMS,1.015,1.01,1.07,0.99,110962,112231.0,8.08,2.02,0.02,2.01
2026-04-09,BGR,16.38,16.2,16.66,16.12,78686,1287017.0,3.31,-0.61,-0.1,0.0
2026-04-09,BGRN,47.49,47.599,47.69,47.46,64829,3086657.0,0.48,0.2,0.094,0.0
2026-04-09,BGRO,36.769,36.745,36.8,36.69,495,18203.0,0.3,0.65,0.237,0.0
2026-04-09,BGS,5.12,5.49,5.55,5.12,2645308,14307645.0,8.37,6.81,0.35,3.29
2026-04-09,BGSF,6.125,6.1,6.25,6.05,13961,85727.0,3.25,-0.97,-0.06,0.12
2026-04-09,BGSI,123.91,119.64,123.91,117.35,81964,9817389.0,5.32,-3.01,-3.71,0.29
2026-04-09,BGT,11.05,11.14,11.17,11.0,181955,2010902.0,1.54,1.0,0.11,0.0
2026-04-09,BGX,10.96,10.93,10.96,10.84,83219,907207.0,1.1,0.09,0.01,0.0
2026-04-09,BGY,5.66,5.68,5.7,5.635,211411,1199439.0,1.15,0.18,0.01,0.0
2026-04-09,BH,340.0,327.3,341.45,301.21,103319,33137881.0,11.8,-4.0,-13.63,4.96
2026-04-09,BHAVU,9.985,9.99,9.99,9.985,12824,128105.0,0.05,0.05,0.005,0.0
2026-04-09,BHB,34.15,35.23,35.405,34.11,131350,4608552.0,3.75,2.15,0.74,0.78
2026-04-09,BHC,5.31,5.39,5.39,5.225,897886,4782051.0,3.08,0.75,0.04,0.24
2026-04-09,BHDG,25.255,24.776,25.255,24.776,575,14454.0,1.91,-1.17,-0.294,0.0
2026-04-09,BHE,60.64,62.19,62.98,60.275,468721,29163115.0,4.47,2.78,1.68,1.31
2026-04-09,BHF,60.87,60.69,61.231,60.55,498698,30338915.0,1.12,-0.54,-0.33,0.87
2026-04-09,BHFAL,17.17,17.24,17.24,17.134,8078,138928.0,0.61,-0.09,-0.015,0.0
2026-04-09,BHFAM,11.83,11.86,11.95,11.76,126992,1513974.0,1.59,-0.75,-0.09,0.91
2026-04-09,BHFAN,13.29,13.33,13.35,13.245,207972,2770650.0,0.78,-0.37,-0.05,0.9
2026-04-09,BHFAO,16.88,16.94,17.0,16.84,14744,249179.0,0.95,0.59,0.1,0.09
2026-04-09,BHFAP,16.3,16.43,16.47,16.3,13879,226991.0,1.03,-0.12,-0.02,0.08
2026-04-09,BHK,9.3,9.31,9.318,9.25,144273,1339457.0,0.73,0.22,0.02,0.0
2026-04-09,BHM,11.068,11.16,11.2,11.068,1023,11216.0,1.23,4.2,0.45,0.03
2026-04-09,BHP,76.79,77.23,77.66,76.325,2729364,210541660.0,1.73,0.35,0.27,0.11
2026-04-09,BHR,2.47,2.51,2.558,2.435,273075,686714.0,4.94,0.8,0.02,0.4
2026-04-09,BHRB,64.01,65.78,66.14,64.0,182678,11890777.0,3.32,2.1,1.35,1.21
2026-04-09,BHR_B,14.99,15.155,15.155,14.659,10227,153359.0,3.31,1.03,0.155,0.33
2026-04-09,BHR_D,17.37,17.46,17.665,17.25,6991,121952.0,2.4,0.9,0.155,0.44
2026-04-09,BHST,4.279,4.28,4.34,4.27,85268,367301.0,1.62,-0.7,-0.03,0.38
2026-04-09,BHV,10.68,10.665,10.68,10.64,4534,48343.0,0.38,0.42,0.045,0.0
2026-04-09,BHVN,9.25,9.39,9.51,9.09,1383599,12959409.0,4.48,0.11,0.01,0.92
2026-04-09,BHYB,54.306,54.306,54.306,54.306,35,1899.0,0.0,0.08,0.046,0.0
2026-04-09,BH_A,1823.0,1771.96,1860.0,1636.015,14217,24621041.0,12.15,-3.86,-71.23,6.73
2026-04-09,BIAF,3.78,3.32,3.857,3.01,980050,3347776.0,21.61,-15.31,-0.6,21.79
2026-04-09,BIAFW,0.396,0.396,0.396,0.396,163,61.0,0.0,7.03,0.026,0.0
2026-04-09,BIB,82.87,84.364,84.72,82.87,4696,393150.0,2.21,0.84,0.703,0.0
2026-04-09,BIBL,49.81,50.3,50.39,49.81,112283,5614067.0,1.16,0.7,0.35,0.0
2026-04-09,BIDD,29.58,29.78,29.87,29.54,29554,877726.0,1.11,-0.27,-0.08,0.0
2026-04-09,BIDG,11.79,11.145,11.79,11.0,11240,127449.0,6.44,-9.21,-1.131,0.0
2026-04-09,BIDU,111.85,108.23,111.85,107.51,3406665,370826144.0,3.82,-4.65,-5.28,1.24
2026-04-09,BIGY,49.55,49.66,49.7,49.3,7518,372026.0,0.81,0.59,0.289,0.0
2026-04-09,BIIB,177.81,177.11,180.06,174.965,1266491,223894552.0,2.83,-1.55,-2.79,0.86
2026-04-09,BIII,9.88,9.86,9.88,9.86,2160,21331.0,0.2,0.0,0.0,0.01
2026-04-09,BIII_U,9.99,9.99,9.99,9.99,1,10.0,0.0,0.0,0.0,0.0
2026-04-09,BIL,91.46,91.46,91.47,91.46,15586488,1425579616.0,0.01,0.01,0.01,0.0
2026-04-09,BILD,31.666,31.666,31.666,31.666,4,135.0,0.0,0.65,0.204,0.0
2026-04-09,BILI,23.88,23.77,23.955,23.28,1835513,43448948.0,2.78,-2.14,-0.52,0.54
2026-04-09,BILL,37.49,36.18,37.75,35.06,2801827,100901028.0,7.06,-4.99,-1.9,2.83
2026-04-09,BILS,99.24,99.24,99.24,99.23,327590,32508207.0,0.01,0.01,0.01,0.0
2026-04-09,BILT,29.68,29.614,29.68,29.614,1315,39010.0,0.22,0.64,0.189,0.0
2026-04-09,BILZ,100.75,100.75,100.76,100.75,112240,11308425.0,0.01,0.01,0.01,0.0
2026-04-09,BINC,52.16,52.21,52.276,52.12,1672330,87325451.0,0.3,0.15,0.08,0.0
2026-04-09,BINT,29.9,30.1,30.17,29.79,167868,5017475.0,1.26,0.03,0.01,0.0
2026-04-09,BINV,42.48,42.692,42.86,42.26,56893,2421919.0,1.4,-0.14,-0.058,0.0
2026-04-09,BIO,278.54,277.5,280.97,273.035,293765,81278013.0,2.82,-1.3,-3.65,1.34
2026-04-09,BIOA,17.89,17.79,18.18,17.17,227774,4018016.0,5.6,-1.39,-0.25,0.51
2026-04-09,BIOX,0.55,0.525,0.594,0.52,580699,322200.0,12.76,-9.48,-0.055,0.91
2026-04-09,BIO_B,277.0,277.0,277.0,277.0,3,1113.0,0.0,0.0,0.0,0.0
2026-04-09,BIP,36.5,36.69,36.81,35.92,1074125,39086643.0,2.42,-0.05,-0.02,0.23
2026-04-09,BIPC,41.53,42.06,42.21,41.16,884895,37026751.0,2.52,0.79,0.33,0.72
2026-04-09,BIPH,15.84,15.85,16.0,15.84,5657,90020.0,1.0,-0.63,-0.1,0.0
2026-04-09,BIPI,16.37,16.3,16.485,16.3,2087,34198.0,1.12,-1.16,-0.192,0.0
2026-04-09,BIPJ,23.18,23.23,23.41,23.08,9467,220599.0,1.42,0.28,0.065,0.0
2026-04-09,BIP_A,16.88,17.06,17.06,16.88,6825,116092.0,1.06,0.28,0.047,0.09
2026-04-09,BIP_B,16.12,16.35,16.39,16.11,6881,111743.0,1.73,0.86,0.14,0.09
2026-04-09,BIRD,2.47,2.55,2.55,2.43,13658,34172.0,4.78,1.59,0.04,0.22
2026-04-09,BIRK,36.45,38.72,38.9,36.24,2217212,85180759.0,7.2,4.79,1.77,1.21
2026-04-09,BIS,8.63,8.48,8.65,8.47,30071,256117.0,2.1,-1.17,-0.1,0.0
2026-04-09,BIT,12.7,12.72,12.75,12.645,154502,1963850.0,0.82,-0.08,-0.01,0.0
2026-04-09,BITB,38.62,39.18,39.42,38.29,1724222,67226372.0,2.92,1.14,0.44,0.0
2026-04-09,BITC,36.07,36.789,36.91,36.0,3094,113428.0,2.5,1.19,0.434,0.0
2026-04-09,BITI,24.81,24.45,25.02,24.295,1896814,46628909.0,2.93,-1.17,-0.29,0.0
2026-04-09,BITK,11.56,11.667,11.667,11.56,387,4470.0,0.93,1.25,0.144,0.0
2026-04-09,BITO,9.77,9.9,9.98,9.68,105567410,1041113248.0,3.06,1.02,0.1,0.0
2026-04-09,BITQ,20.67,21.01,21.4,20.475,164978,3472310.0,4.45,1.11,0.23,0.0
2026-04-09,BITS,56.16,56.719,57.04,55.33,1962,110579.0,3.05,1.1,0.619,0.0
2026-04-09,BITU,12.73,13.07,13.24,12.49,2902776,37571590.0,5.87,2.27,0.29,0.0
2026-04-09,BITW,46.51,47.16,47.37,46.125,69861,3264434.0,2.66,0.81,0.38,0.0
2026-04-09,BITX,16.15,16.605,16.83,15.86,9077379,148953872.0,5.98,2.31,0.375,0.0
2026-04-09,BITY,31.28,31.771,31.865,31.28,1527,48351.0,1.86,1.05,0.329,0.0
2026-04-09,BIV,77.22,77.31,77.43,77.11,1319045,101933523.0,0.41,0.08,0.06,0.0
2026-04-09,BIVI,1.5,1.44,1.5,1.414,36401,52640.0,5.77,-3.36,-0.05,0.48
2026-04-09,BIVIW,0.25,0.2,0.307,0.18,8870,2050.0,74.71,17.65,0.03,0.0
2026-04-09,BIXI,9.91,9.91,9.91,9.91,122,1209.0,0.0,0.0,0.0,0.0
2026-04-09,BIYA,1.18,1.32,1.4,1.14,90521,115698.0,22.81,15.79,0.18,5.64
2026-04-09,BIZD,12.33,12.3,12.38,12.22,2183591,26834263.0,1.29,-0.73,-0.09,0.0
2026-04-09,BJ,94.12,93.66,95.37,93.42,1846112,173481946.0,2.05,-1.58,-1.5,1.42
2026-04-09,BJAN,54.97,55.26,55.26,54.97,7770,428915.0,0.53,0.66,0.36,0.0
2026-04-09,BJDX,2.02,1.81,2.09,1.8,33640,64914.0,14.15,-11.71,-0.24,3.46
2026-04-09,BJRI,37.9,38.62,39.17,37.9,305077,11775722.0,3.32,0.99,0.38,1.44
2026-04-09,BJUL,51.08,51.28,51.34,50.99,3000,158583.0,0.69,0.47,0.24,0.0
2026-04-09,BJUN,47.54,47.61,47.62,47.53,11792,560811.0,0.19,0.44,0.208,0.0
2026-04-09,BK,127.55,128.58,128.72,127.11,3036218,389793360.0,1.26,0.5,0.64,0.44
2026-04-09,BKAG,42.15,42.185,42.25,42.1,64275,2710726.0,0.36,-0.04,-0.015,0.0
2026-04-09,BKCG,35.01,35.38,35.38,35.01,13125,464041.0,1.05,0.57,0.2,0.0
2026-04-09,BKCH,61.76,63.35,64.67,61.5,137080,8631164.0,5.04,0.72,0.45,0.0
2026-04-09,BKCI,50.88,51.139,51.34,50.88,6253,320127.0,0.89,-0.61,-0.312,0.0
2026-04-09,BKD,14.15,13.77,14.31,13.53,4389480,60918404.0,5.52,-2.48,-0.35,1.85
2026-04-09,BKDV,30.64,30.84,30.92,30.64,401944,12386266.0,0.91,0.36,0.11,0.0
2026-04-09,BKE,53.58,55.71,56.195,53.31,395812,21994587.0,5.37,3.63,1.95,0.77
2026-04-09,BKEM,83.18,83.542,84.539,83.18,2288,191503.0,1.62,-0.46,-0.385,0.0
2026-04-09,BKF,41.892,42.071,42.12,41.725,8860,371966.0,0.94,-0.14,-0.059,0.0
2026-04-09,BKFI,24.0,24.02,24.08,24.0,2679,64467.0,0.33,-0.06,-0.015,0.0
2026-04-09,BKGI,45.45,45.72,45.87,45.07,255100,11653138.0,1.75,0.68,0.31,0.0
2026-04-09,BKH,73.7,74.01,74.59,73.58,793799,58808176.0,1.37,0.26,0.19,1.04
2026-04-09,BKHA,11.59,11.59,11.59,11.59,1,12.0,0.0,0.0,0.0,0.0
2026-04-09,BKHAR,1.385,1.385,1.385,1.385,66,91.0,0.0,0.0,0.0,0.0
2026-04-09,BKHY,47.54,47.6,47.69,47.54,20200,963287.0,0.33,0.08,0.04,0.0
2026-04-09,BKIE,96.69,97.36,97.665,96.475,26637,2588342.0,1.22,-0.28,-0.27,0.0
2026-04-09,BKKT,7.75,8.39,8.595,7.698,934639,7710577.0,11.28,5.53,0.44,3.06
2026-04-09,BKKT_WS,0.124,0.129,0.136,0.124,2403,313.0,8.82,-5.15,-0.007,0.0
2026-04-09,BKLC,129.08,130.03,130.22,128.86,181057,23520081.0,1.05,0.56,0.72,0.0
2026-04-09,BKLN,20.58,20.56,20.595,20.52,17655898,363071824.0,0.36,-0.19,-0.04,0.0
2026-04-09,BKMC,113.69,114.06,114.64,113.469,5406,616832.0,1.03,-0.06,-0.067,0.0
2026-04-09,BKMI,26.3,26.315,26.32,26.29,72074,1895690.0,0.11,0.11,0.03,0.0
2026-04-09,BKMS,25.54,25.565,25.59,25.54,66008,1687882.0,0.2,0.06,0.015,0.0
2026-04-09,BKNG,180.03,176.6,180.98,173.82,7232477,1274996608.0,3.96,-2.43,-4.4,0.91
2026-04-09,BKR,63.28,63.42,64.92,63.09,6071442,386482896.0,2.9,0.41,0.26,0.61
2026-04-09,BKSE,118.39,119.621,119.93,118.39,885,105393.0,1.29,0.54,0.64,0.0
2026-04-09,BKSY,33.11,32.65,35.71,32.25,2436009,82510779.0,10.36,-2.27,-0.76,6.57
2026-04-09,BKSY_WS,0.094,0.07,0.094,0.051,112482,7784.0,51.19,-16.67,-0.014,0.0
2026-04-09,BKT,10.78,10.73,10.78,10.72,65840,707338.0,0.56,-0.19,-0.02,0.0
2026-04-09,BKTI,87.67,92.26,93.09,87.24,79545,7137586.0,6.67,5.2,4.56,2.1
2026-04-09,BKU,46.9,47.63,47.82,46.775,1437473,68155904.0,2.22,1.38,0.65,1.95
2026-04-09,BKUI,49.71,49.715,49.73,49.7,38011,1889837.0,0.06,0.02,0.01,0.0
2026-04-09,BKV,27.17,27.64,28.14,27.15,749275,20703720.0,3.61,0.88,0.24,0.69
2026-04-09,BKYI,0.57,0.56,0.57,0.55,84415,47156.0,3.5,-2.1,-0.012,0.78
2026-04-09,BK_K,25.4,25.39,25.49,25.259,13813,350521.0,0.91,0.12,0.03,0.07
2026-04-09,BL,32.77,32.04,33.17,31.4,1185736,38035838.0,5.32,-3.61,-1.2,1.99
2026-04-09,BLBD,61.18,63.63,63.82,61.12,490511,30966807.0,4.41,3.85,2.36,1.55
2026-04-09,BLCN,22.15,21.285,22.27,20.106,45275,992675.0,9.94,-2.23,-0.485,0.0
2026-04-09,BLCO,16.36,16.48,16.49,16.14,223326,3659134.0,2.12,-0.36,-0.06,0.06
2026-04-09,BLCR,43.86,44.04,44.115,43.6,533481,23433065.0,1.18,0.59,0.26,0.0
2026-04-09,BLCV,37.615,37.75,37.88,37.52,36169,1365324.0,0.96,0.29,0.11,0.0
2026-04-09,BLD,377.31,384.47,387.98,371.7,372147,142525955.0,4.27,0.75,2.85,1.32
2026-04-09,BLDG,24.83,25.08,25.08,24.83,1752,43765.0,1.0,0.53,0.133,0.0
2026-04-09,BLDP,2.58,2.64,2.75,2.574,3718213,9946716.0,6.77,1.54,0.04,1.24
2026-04-09,BLDR,82.76,85.21,86.23,82.16,1735701,147366036.0,4.9,2.55,2.12,1.61
2026-04-09,BLDX,26.665,27.16,28.45,26.665,6996,191605.0,6.46,-1.68,-0.463,0.0
2026-04-09,BLES,45.83,46.072,46.188,45.83,9549,439132.0,0.78,0.11,0.052,0.0
2026-04-09,BLFS,19.47,20.48,20.86,19.47,415597,8457003.0,7.05,3.91,0.77,0.86
2026-04-09,BLGR,27.89,28.137,28.15,27.835,131921,3679508.0,1.13,0.63,0.177,0.0
2026-04-09,BLIN,0.859,0.824,0.898,0.823,25282,21593.0,8.7,-4.41,-0.038,0.2
2026-04-09,BLIV,2.427,2.427,2.427,2.427,41,97.0,0.0,0.0,0.0,0.0
2026-04-09,BLK,993.77,1001.62,1006.32,982.22,676731,675269440.0,2.41,0.01,0.08,0.44
2026-04-09,BLKB,36.795,36.16,36.875,35.595,598619,21654560.0,3.43,-3.03,-1.13,1.3
2026-04-09,BLLN,93.39,82.5,93.39,82.23,446590,38565208.0,12.13,-10.31,-9.48,1.08
2026-04-09,BLMN,5.9,6.08,6.15,5.84,1884594,11396265.0,5.24,2.7,0.16,2.21
2026-04-09,BLND,1.65,1.53,1.665,1.5,3805336,5876244.0,9.82,-8.93,-0.15,1.5
2026-04-09,BLNE,2.26,2.29,2.34,2.24,269541,617438.0,4.33,-0.87,-0.02,0.88
2026-04-09,BLNK,0.584,0.588,0.615,0.575,1008512,598510.0,6.75,-0.84,-0.005,0.7
2026-04-09,BLOK,53.1,53.77,54.37,52.65,121659,6525580.0,3.21,0.45,0.24,0.0
2026-04-09,BLOX,14.09,14.39,14.58,13.97,171393,2460657.0,4.31,1.7,0.24,0.0
2026-04-09,BLRK,9.905,9.9,9.91,9.9,20675,204757.0,0.1,0.1,0.01,0.12
2026-04-09,BLRKU,10.04,10.04,10.04,10.04,31,311.0,0.0,0.0,0.0,0.0
2026-04-09,BLRX,2.3,2.28,2.3,2.27,4625,10567.0,1.3,-0.87,-0.02,0.11
2026-04-09,BLSG,5.01,4.897,5.25,4.822,17721,90457.0,7.6,-13.03,-0.734,0.0
2026-04-09,BLSH,37.49,36.12,37.8,35.78,1092313,39856375.0,5.23,-6.5,-2.51,0.73
2026-04-09,BLST,25.16,25.17,25.2,25.14,78559,1977329.0,0.24,0.04,0.01,0.0
2026-04-09,BLTD,25.4,25.365,25.42,25.28,81533,2065393.0,0.55,-0.02,-0.005,0.0
2026-04-09,BLTE,176.76,181.17,183.67,176.76,162751,29415919.0,3.87,1.37,2.44,0.41
2026-04-09,BLUC,27.91,28.11,28.125,27.85,157418,4392514.0,0.98,0.57,0.16,0.0
2026-04-09,BLUI,25.71,25.727,25.75,25.7,2515,64723.0,0.19,0.14,0.036,0.0
2026-04-09,BLUW,10.25,10.255,10.26,10.25,491776,5040797.0,0.1,0.0,0.0,1.89
2026-04-09,BLUWU,10.5,10.5,10.5,10.5,100,1050.0,0.0,0.96,0.1,0.0
2026-04-09,BLUWW,0.4,0.4,0.4,0.4,280,112.0,0.0,10.8,0.039,0.0
2026-04-09,BLUX,28.68,28.87,28.93,28.627,259966,7453752.0,1.06,0.56,0.16,0.0
2026-04-09,BLV,68.94,69.08,69.335,68.78,671928,46403316.0,0.8,-0.04,-0.03,0.0
2026-04-09,BLW,12.71,12.71,12.75,12.65,148750,1890160.0,0.79,0.16,0.02,0.0
2026-04-09,BLX,52.99,54.12,54.295,52.7,145552,7865852.0,2.99,1.44,0.77,0.48
2026-04-09,BLZE,3.59,3.48,3.605,3.35,554969,1914099.0,7.08,-3.33,-0.12,0.92
2026-04-09,BLZR,10.045,10.02,10.07,10.02,5220,52320.0,0.5,-0.1,-0.01,0.02
2026-04-09,BLZRU,10.22,10.22,10.22,10.22,155,1584.0,0.0,0.0,0.0,0.0
2026-04-09,BMA,80.42,80.4,82.2,78.54,279736,22498069.0,4.53,-0.51,-0.41,0.45
2026-04-09,BMAR,53.95,54.23,54.29,53.9,14220,770456.0,0.72,0.44,0.24,0.0
2026-04-09,BMAX,22.45,23.96,24.34,22.45,4188,100668.0,8.1,2.68,0.625,0.0
2026-04-09,BMAY,45.73,45.77,45.775,45.73,9654,441719.0,0.1,0.23,0.106,0.0
2026-04-09,BMBL,3.47,3.45,3.47,3.385,1730540,5945474.0,2.44,-1.15,-0.04,1.33
2026-04-09,BME,39.0,39.53,39.68,39.0,29267,1154137.0,1.73,0.82,0.32,0.0
2026-04-09,BMEA,1.73,1.85,1.91,1.68,2234333,4061597.0,13.07,5.11,0.09,3.09
2026-04-09,BMED,29.236,29.236,29.236,29.236,99,2902.0,0.0,-0.17,-0.051,0.0
2026-04-09,BMEZ,14.41,14.47,14.524,14.361,124704,1800372.0,1.13,0.28,0.04,0.0
2026-04-09,BMGL,0.598,0.619,0.624,0.598,13959,8376.0,4.33,3.17,0.019,0.07
2026-04-09,BMHL,3.55,3.6,3.6,3.55,582,2064.0,1.37,-1.37,-0.05,0.0
2026-04-09,BMI,153.84,155.41,156.35,153.02,283816,44018730.0,2.16,0.74,1.14,0.97
2026-04-09,BML_G,19.23,19.25,19.25,19.18,4359,83848.0,0.36,0.0,0.0,0.11
2026-04-09,BML_H,19.24,19.3,19.4,19.24,11011,212605.0,0.83,-0.1,-0.02,0.09
2026-04-09,BML_J,19.82,19.75,19.82,19.71,8729,172644.0,0.55,-0.45,-0.09,0.1
2026-04-09,BML_L,19.6,19.63,19.739,19.6,11299,222198.0,0.71,0.1,0.02,0.07
2026-04-09,BMM,7.67,8.46,8.63,7.65,184293,1509580.0,12.61,8.88,0.69,0.23
2026-04-09,BMN,26.18,26.18,26.18,26.046,2141,55994.0,0.51,0.17,0.045,0.0
2026-04-09,BMNG,1.38,1.36,1.47,1.28,75466636,104771379.0,13.38,-4.23,-0.06,0.0
2026-04-09,BMNR,21.19,21.08,21.85,20.48,35203500,737943552.0,6.39,-2.04,-0.44,
2026-04-09,BMNU,1.995,1.98,2.12,1.85,127554387,255083437.0,13.11,-3.88,-0.08,0.0
2026-04-09,BMNZ,16.85,17.0,17.97,15.89,2485253,41699750.0,12.65,3.41,0.56,0.0
2026-04-09,BMO,140.49,142.77,142.79,140.26,778496,110895797.0,1.79,1.26,1.77,0.11
2026-04-09,BMOP,24.82,24.84,24.858,24.8,140228,3478384.0,0.23,0.1,0.025,0.0
2026-04-09,BMR,1.47,1.45,1.497,1.41,78727,113956.0,6.04,0.69,0.01,0.51
2026-04-09,BMRA,2.15,2.2,2.2,2.11,37625,81872.0,4.19,2.33,0.05,1.24
2026-04-09,BMRC,26.7,27.09,27.195,26.5,114581,3094976.0,2.59,0.86,0.23,0.71
2026-04-09,BMRN,56.57,56.3,57.09,55.81,1048527,59055807.0,2.24,-1.57,-0.9,0.55
2026-04-09,BMVP,50.978,50.978,50.978,50.978,26,1327.0,0.0,0.07,0.034,0.0
2026-04-09,BMY,58.7,59.47,59.69,58.54,6572371,390063440.0,1.94,0.46,0.27,0.32
2026-04-09,BN,41.81,42.33,42.615,41.785,4990327,211077054.0,1.97,0.67,0.28,0.22
2026-04-09,BNAI,40.8,42.58,44.44,39.29,358491,15205275.0,12.67,4.72,1.92,6.2
2026-04-09,BNAIW,0.29,0.308,0.325,0.29,12385,3842.0,11.67,2.67,0.008,0.0
2026-04-09,BNBX,0.6,0.618,0.65,0.598,110324,67047.0,8.32,-1.12,-0.007,1.95
2026-04-09,BNC,2.58,2.59,2.64,2.52,210864,543089.0,4.56,-1.52,-0.04,0.49
2026-04-09,BNCWW,0.032,0.035,0.038,0.032,1182,41.0,24.0,40.0,0.01,0.0
2026-04-09,BND,73.68,73.75,73.888,73.58,5646825,416396688.0,0.42,0.04,0.03,0.0
2026-04-09,BNDC,22.22,22.235,22.26,22.18,32569,724490.0,0.36,-0.02,-0.005,0.0
2026-04-09,BNDD,98.096,98.096,98.096,98.096,39,3822.0,0.0,-0.49,-0.48,0.0
2026-04-09,BNDI,47.4,47.465,47.54,47.37,24772,1176068.0,0.36,0.12,0.055,0.0
2026-04-09,BNDP,74.5,74.555,74.67,74.43,4097,305525.0,0.32,0.07,0.05,0.0
2026-04-09,BNDS,50.46,50.592,50.625,50.42,6429,324827.0,0.41,0.31,0.157,0.0
2026-04-09,BNDW,68.41,68.465,68.585,68.31,73328,5018299.0,0.4,-0.15,-0.1,0.0
2026-04-09,BNDX,48.08,48.13,48.23,48.035,4128539,198748114.0,0.4,-0.31,-0.15,0.0
2026-04-09,BNDY,25.908,25.97,26.0,25.908,9019,234061.0,0.35,0.1,0.025,0.0
2026-04-09,BNED,9.7,9.76,9.9,9.5,120536,1173726.0,4.09,-0.1,-0.01,0.35
2026-04-09,BNGE,30.763,30.763,30.763,30.763,187,5761.0,0.0,-1.27,-0.395,0.0
2026-04-09,BNGO,1.19,1.16,1.19,1.14,113628,131368.0,4.24,-1.69,-0.02,1.02
2026-04-09,BNH,15.32,15.34,15.46,15.32,6940,106783.0,0.92,0.66,0.1,0.0
2026-04-09,BNJ,14.92,14.86,15.133,14.83,13070,195186.0,2.03,-0.4,-0.06,0.0
2026-04-09,BNKD,43.474,43.474,43.474,43.474,335,14779.0,0.0,-3.28,-1.476,0.0
2026-04-09,BNKK,2.31,2.48,2.64,2.285,89230,219990.0,14.92,4.2,0.1,1.13
2026-04-09,BNKU,31.41,32.81,32.96,31.41,39628,1289904.0,4.89,3.6,1.14,0.0
2026-04-09,BNL,19.44,19.74,19.84,19.44,3755123,73963872.0,2.05,1.18,0.23,1.96
2026-04-09,BNO,48.9,48.52,49.67,47.06,8616690,416635024.0,5.44,1.04,0.5,0.0
2026-04-09,BNOV,44.27,44.45,44.54,44.27,21306,946907.0,0.61,0.34,0.15,0.0
2026-04-09,BNR,16.58,16.25,16.99,16.155,14256,234662.0,5.14,0.06,0.01,0.16
2026-04-09,BNRG,0.62,0.586,0.62,0.57,53224,31468.0,8.24,-3.46,-0.021,2.19
2026-04-09,BNS,70.89,72.18,72.2,70.89,3031762,218442148.0,1.84,1.18,0.84,0.25
2026-04-09,BNT,42.59,43.08,43.51,42.59,16554,713122.0,2.14,0.09,0.04,0.03
2026-04-09,BNTC,10.89,11.01,11.1,10.56,91131,997003.0,4.88,-0.45,-0.05,0.27
2026-04-09,BNTX,91.35,91.98,93.025,90.08,761688,70093265.0,3.2,-0.11,-0.1,0.3
2026-04-09,BNZI,0.63,0.592,0.658,0.571,1967947,1195827.0,14.5,-1.33,-0.008,11.31
2026-04-09,BNZIW,0.017,0.02,0.03,0.017,171043,3976.0,76.47,17.65,0.003,0.0
2026-04-09,BOAT,41.7,41.67,41.925,41.14,21819,909404.0,1.89,0.22,0.09,0.0
2026-04-09,BOBP,27.83,27.941,27.941,27.83,7801,217413.0,0.4,1.09,0.302,0.0
2026-04-09,BOBS,11.26,11.46,11.64,10.68,1367355,15560339.0,8.4,0.26,0.03,1.05
2026-04-09,BOC,12.44,12.51,12.53,12.33,97259,1212322.0,1.59,-0.24,-0.03,0.32
2026-04-09,BOCT,49.335,49.623,49.69,49.287,7527,373180.0,0.82,0.57,0.283,0.0
2026-04-09,BODI,10.25,10.4,10.541,10.0,59092,606095.0,5.4,3.79,0.38,1.33
2026-04-09,BOE,11.51,11.5,11.52,11.42,210088,2409903.0,0.87,0.35,0.04,0.0
2026-04-09,BOED,17.64,17.34,17.64,17.29,9106,159403.0,2.0,-0.92,-0.161,0.0
2026-04-09,BOEG,14.35,14.647,14.76,14.22,25928,377276.0,3.75,1.84,0.265,0.0
2026-04-09,BOEU,35.7,37.0,37.26,35.7,18417,675242.0,4.3,1.91,0.695,0.0
2026-04-09,BOF,3.97,4.07,4.15,3.81,35639,143999.0,8.56,2.52,0.1,0.24
2026-04-09,BOH,77.93,79.56,80.04,77.44,395543,31448131.0,3.32,1.7,1.33,1.0
2026-04-09,BOH_A,16.28,16.43,16.46,16.28,2779,45535.0,1.1,0.24,0.04,0.04
2026-04-09,BOH_B,26.58,26.55,26.67,26.4,3899,103544.0,1.02,0.11,0.03,0.06
2026-04-09,BOIL,14.28,13.87,14.31,13.6,12425958,172854572.0,4.94,-3.41,-0.49,0.0
2026-04-09,BOKF,133.54,135.72,136.38,131.535,339576,46041415.0,3.61,1.13,1.51,0.56
2026-04-09,BOLD,1.14,1.14,1.19,1.14,97772,113153.0,4.35,-0.87,-0.01,0.44
2026-04-09,BOLT,4.682,4.51,4.809,4.5,6552,30201.0,6.72,-1.96,-0.09,0.34
2026-04-09,BON,1.31,1.3,1.349,1.3,13553,17847.0,3.71,-1.52,-0.02,0.22
2026-04-09,BOND,92.47,92.61,92.79,92.375,417408,38642354.0,0.45,0.1,0.09,0.0
2026-04-09,BOOM,5.26,5.19,5.335,5.16,213883,1120027.0,3.3,-2.08,-0.11,1.04
2026-04-09,BOOT,153.49,157.82,160.65,150.0,930018,145732974.0,7.01,3.89,5.91,3.06
2026-04-09,BORR,6.03,5.93,6.06,5.86,5885278,34979990.0,3.32,-1.66,-0.1,1.91
2026-04-09,BOSC,4.65,4.53,4.65,4.51,22634,103009.0,3.03,-1.95,-0.09,0.32
2026-04-09,BOTJ,22.46,22.78,23.0,22.46,5518,124951.0,2.42,2.15,0.48,0.12
2026-04-09,BOTT,47.49,48.32,48.4,47.28,29119,1394979.0,2.3,-0.74,-0.361,0.0
2026-04-09,BOTZ,34.81,34.92,35.065,34.52,696554,24286339.0,1.55,-0.57,-0.2,0.0
2026-04-09,BOUT,41.43,42.265,42.265,41.43,1459,61231.0,2.03,2.81,1.157,0.0
2026-04-09,BOW,23.91,24.07,24.44,23.57,135135,3263152.0,3.64,0.67,0.16,0.41
2026-04-09,BOX,23.0,22.44,23.11,22.16,2836274,63566873.0,4.1,-3.19,-0.74,2.05
2026-04-09,BOXA,105.51,105.74,105.74,105.5,2104,222082.0,0.23,0.27,0.282,0.0
2026-04-09,BOXL,1.12,1.12,1.185,1.1,167119,184153.0,7.14,-5.88,-0.07,4.91
2026-04-09,BOXX,116.28,116.26,116.29,116.25,1912247,222354182.0,0.03,-0.01,-0.01,0.0
2026-04-09,BP,46.3,45.9,47.205,45.58,13730212,636908608.0,3.54,0.02,0.01,0.52
2026-04-09,BPAC,10.01,10.001,10.01,10.001,1847,18648.0,0.09,-0.19,-0.019,0.03
2026-04-09,BPAY,22.83,22.865,22.865,22.83,507,11562.0,0.15,-0.51,-0.118,0.0
2026-04-09,BPH,72.79,70.79,72.79,70.79,1654,118145.0,2.81,-0.4,-0.283,0.0
2026-04-09,BPI,24.252,24.163,24.26,24.163,463,11211.0,0.41,1.14,0.273,0.0
2026-04-09,BPOP,144.8,146.82,147.73,144.34,743340,108984870.0,2.33,1.0,1.45,1.14
2026-04-09,BPOPM,25.1,25.225,25.225,25.1,1650,41461.0,0.5,-0.06,-0.015,0.0
2026-04-09,BPRE,16.36,16.8,16.89,16.07,676154,11260501.0,5.05,3.38,0.55,0.0
2026-04-09,BPRN,35.5,36.15,36.24,35.5,8656,311389.0,2.07,0.95,0.34,0.13
2026-04-09,BPRO,22.94,23.2,23.36,22.94,8836,203999.0,1.84,1.47,0.337,0.0
2026-04-09,BPYPM,16.43,16.38,16.565,16.23,17085,280371.0,2.07,0.99,0.16,0.06
2026-04-09,BPYPN,13.817,13.83,13.89,13.8,9512,131623.0,0.65,0.22,0.03,0.08
2026-04-09,BPYPO,15.14,15.25,15.25,15.14,67996,1034733.0,0.72,0.0,0.0,0.68
2026-04-09,BPYPP,16.09,15.975,16.15,15.91,8053,128949.0,1.48,-1.39,-0.225,0.11
2026-04-09,BQ,0.763,0.759,0.8,0.711,40344,30218.0,11.87,1.2,0.009,0.94
2026-04-09,BR,159.56,154.79,160.205,154.25,1672813,260334853.0,3.7,-3.84,-6.18,1.43
2026-04-09,BRAG,1.76,1.79,1.815,1.76,749,1324.0,3.16,2.87,0.05,0.0
2026-04-09,BRAI,22.75,20.4,22.75,20.04,21962,469575.0,12.26,-7.69,-1.7,0.03
2026-04-09,BRAZ,33.97,34.547,34.59,33.97,1814,62277.0,1.84,2.68,0.901,0.0
2026-04-09,BRBI,16.0,16.19,16.19,16.0,853,13683.0,1.25,6.86,1.04,0.0
2026-04-09,BRBR,15.38,15.4,15.99,15.24,3092783,48212865.0,4.77,-2.1,-0.33,2.64
2026-04-09,BRBS,4.16,4.23,4.28,4.14,482169,2023413.0,3.36,1.44,0.06,0.53
2026-04-09,BRC,82.61,83.78,84.82,80.28,213366,17910261.0,5.45,0.53,0.44,0.49
2026-04-09,BRCB,14.37,14.84,14.93,13.97,262280,3841989.0,6.64,2.63,0.38,1.46
2026-04-09,BRCC,0.81,0.805,0.818,0.789,224299,180301.0,3.57,-0.86,-0.007,0.19
2026-04-09,BRCE,26.411,26.411,26.411,26.411,20,525.0,0.0,0.84,0.22,0.0
2026-04-09,BREE,23.78,23.993,24.0,23.78,8101,192817.0,0.92,-0.05,-0.012,0.0
2026-04-09,BREM,50.58,50.98,50.98,50.58,15526,789007.0,0.79,0.75,0.378,0.0
2026-04-09,BRES,25.09,25.26,25.31,25.06,26826,678644.0,1.0,0.6,0.151,0.0
2026-04-09,BRF,19.13,19.504,19.56,18.93,12046,233833.0,3.33,3.17,0.599,0.0
2026-04-09,BRFH,2.845,2.78,2.845,2.75,2337,6607.0,3.31,-3.14,-0.09,0.01
2026-04-09,BRHY,50.86,50.9,50.93,50.8,4218,214674.0,0.26,0.15,0.075,0.0
2026-04-09,BRIA,1.76,1.821,1.821,1.76,572,1018.0,3.33,-0.6,-0.011,0.0
2026-04-09,BRIB,25.12,25.135,25.15,25.09,7190,180587.0,0.24,0.09,0.023,0.0
2026-04-09,BRID,7.5,7.5,7.5,7.5,106,797.0,0.0,0.0,0.0,0.0
2026-04-09,BRIE,28.37,28.56,28.6,28.2,45164,1288346.0,1.4,-0.14,-0.04,0.0
2026-04-09,BRIF,31.28,31.458,31.51,31.25,13384,421307.0,0.83,0.18,0.058,0.0
2026-04-09,BRKC,41.64,41.92,42.01,41.64,1035,43236.0,0.89,0.43,0.179,0.0
2026-04-09,BRKD,23.977,23.977,23.977,23.977,17,422.0,0.0,-1.35,-0.328,0.0
2026-04-09,BRKR,37.72,37.98,38.29,36.52,1485400,56241455.0,4.63,-0.71,-0.27,0.98
2026-04-09,BRKRP,302.22,302.22,302.22,302.22,172,51832.0,0.0,0.0,0.0,0.01
2026-04-09,BRKU,21.69,22.295,22.5,21.591,342290,7648820.0,4.17,2.27,0.495,0.0
2026-04-09,BRKW,40.0,40.475,40.625,40.0,1952,79031.0,1.57,1.43,0.569,0.0
2026-04-09,BRK_A,719999.99,727880.59,731500.0,716731.58,134,97452250.0,2.05,1.02,7368.59,0.03
2026-04-09,BRK_B,478.21,485.2,487.95,477.29,3518465,1706500288.0,2.22,1.14,5.45,0.25
2026-04-09,BRLN,50.731,50.865,50.934,50.731,3391,172357.0,0.4,0.26,0.132,0.0
2026-04-09,BRLS,1.45,1.51,1.56,1.45,12160,18304.0,7.59,4.14,0.06,0.06
2026-04-09,BRLT,1.28,1.3,1.33,1.28,35110,45993.0,3.94,2.36,0.03,0.22
2026-04-09,BRN,1.05,1.03,1.09,1.03,317056,332911.0,5.56,-4.63,-0.05,2.23
2026-04-09,BRNS,0.558,0.55,0.562,0.55,9838,5457.0,2.04,-6.62,-0.039,0.02
2026-04-09,BRNY,51.07,51.43,51.45,50.92,18449,945661.0,1.04,0.46,0.235,0.0
2026-04-09,BRO,66.67,67.13,67.925,66.48,1916685,129017107.0,2.13,-0.93,-0.63,0.56
2026-04-09,BROS,54.85,55.85,56.815,54.69,3357940,187713326.0,3.83,0.63,0.35,2.64
2026-04-09,BRR,2.0,1.87,2.07,1.855,1328740,2522675.0,10.75,-6.5,-0.13,1.63
2026-04-09,BRRR,20.07,20.35,20.47,19.89,126197,2558532.0,2.88,1.04,0.21,0.0
2026-04-09,BRRWW,0.27,0.25,0.27,0.25,14474,3668.0,8.0,0.0,0.0,0.0
2026-04-09,BRSL,12.38,12.36,12.43,12.17,1289702,15928662.0,2.08,-1.12,-0.14,0.7
2026-04-09,BRSP,5.74,5.8,5.87,5.74,589265,3428757.0,2.25,0.17,0.01,0.45
2026-04-09,BRT,13.94,14.12,14.28,13.94,198824,2808035.0,2.43,1.07,0.15,1.05
2026-04-09,BRTR,50.31,50.33,50.445,50.255,51154,2574264.0,0.38,0.03,0.015,0.0
2026-04-09,BRTX,0.264,0.24,0.264,0.24,1053929,266788.0,9.34,-6.61,-0.017,4.14
2026-04-09,BRW,6.79,6.91,6.915,6.79,269820,1851500.0,1.83,1.02,0.07,0.0
2026-04-09,BRX,29.35,29.57,29.83,29.28,1865739,55293368.0,1.87,0.68,0.2,0.61
2026-04-09,BRZE,21.09,20.68,21.225,19.97,4592868,94525194.0,5.85,-3.68,-0.79,4.05
2026-04-09,BRZU,120.24,124.28,124.28,120.24,66071,8110253.0,3.42,5.2,6.14,0.0
2026-04-09,BSAAU,10.36,10.45,10.45,10.36,1109,11499.0,0.86,0.0,0.0,0.0
2026-04-09,BSAC,34.23,34.85,35.04,34.23,337845,11769286.0,2.35,0.9,0.31,0.07
2026-04-09,BSBK,8.505,8.54,8.66,8.505,4041,34824.0,1.79,-1.27,-0.11,0.03
2026-04-09,BSBR,6.2,6.32,6.35,6.2,454775,2863963.0,2.42,1.77,0.11,0.01
2026-04-09,BSCQ,19.55,19.555,19.56,19.54,741027,14486611.0,0.1,0.08,0.015,0.0
2026-04-09,BSCR,19.67,19.66,19.67,19.66,540423,10628100.0,0.05,0.0,0.0,0.0
2026-04-09,BSCS,20.46,20.47,20.49,20.46,551779,11296551.0,0.15,0.02,0.005,0.0
2026-04-09,BSCT,18.71,18.72,18.75,18.7,1070908,20052398.0,0.27,0.0,0.0,0.0
2026-04-09,BSCU,16.79,16.8,16.82,16.77,515577,8659255.0,0.3,0.06,0.01,0.0
2026-04-09,BSCV,16.53,16.55,16.58,16.52,490957,8128257.0,0.36,0.03,0.005,0.0
2026-04-09,BSCW,20.7,20.74,20.77,20.68,379799,7874705.0,0.43,0.12,0.025,0.0
2026-04-09,BSCX,21.24,21.295,21.33,21.24,133590,2844657.0,0.42,0.05,0.01,0.0
2026-04-09,BSCY,20.83,20.865,20.9,20.8,78656,1640862.0,0.48,0.1,0.02,0.0
2026-04-09,BSCZ,20.64,20.685,20.73,20.63,72002,1490455.0,0.48,0.05,0.01,0.0
2026-04-09,BSEP,49.33,49.68,49.739,49.33,3266,161729.0,0.83,0.53,0.263,0.0
2026-04-09,BSET,14.29,14.57,14.6,13.966,33195,476905.0,4.43,1.75,0.25,0.38
2026-04-09,BSJQ,23.24,23.245,23.26,23.23,225668,5245293.0,0.13,0.09,0.02,0.0
2026-04-09,BSJR,22.5,22.514,22.545,22.48,197073,4437255.0,0.29,0.15,0.034,0.0
2026-04-09,BSJS,21.85,21.875,21.909,21.825,76286,1668568.0,0.38,0.11,0.025,0.0
2026-04-09,BSJT,21.26,21.295,21.32,21.231,95626,2034957.0,0.42,0.19,0.04,0.0
2026-04-09,BSJU,25.92,25.945,25.985,25.87,40394,1047733.0,0.44,0.06,0.015,0.0
2026-04-09,BSJV,26.32,26.429,26.488,26.32,7271,192194.0,0.64,0.2,0.054,0.0
2026-04-09,BSJW,25.44,25.528,25.56,25.44,9130,232937.0,0.47,-0.03,-0.007,0.0
2026-04-09,BSJX,25.31,25.345,25.38,25.31,1612,40875.0,0.28,0.08,0.02,0.0
2026-04-09,BSL,12.73,12.79,12.84,12.72,25848,330590.0,0.94,0.16,0.02,0.0
2026-04-09,BSM,14.27,14.03,14.462,14.03,386489,5467774.0,3.04,-1.13,-0.16,0.18
2026-04-09,BSMC,37.1,37.36,37.395,36.95,19634,728931.0,1.19,0.25,0.093,0.0
2026-04-09,BSMQ,23.63,23.655,23.67,23.62,545308,12896490.0,0.21,0.08,0.02,0.0
2026-04-09,BSMR,23.69,23.69,23.71,23.68,36512,865014.0,0.13,0.02,0.005,0.0
2026-04-09,BSMS,23.49,23.475,23.495,23.47,32725,768437.0,0.11,0.0,0.0,0.0
2026-04-09,BSMT,23.12,23.12,23.14,23.1,34906,807256.0,0.17,0.13,0.03,0.0
2026-04-09,BSMU,21.97,21.975,22.0,21.94,53914,1184960.0,0.27,0.07,0.015,0.0
2026-04-09,BSMV,21.01,21.006,21.02,21.0,44807,941212.0,0.1,-0.04,-0.009,0.0
2026-04-09,BSMW,25.13,25.106,25.17,25.075,19050,478516.0,0.38,0.14,0.035,0.0
2026-04-09,BSMY,24.5,24.57,24.59,24.49,23952,587985.0,0.41,0.35,0.085,0.0
2026-04-09,BSMZ,25.42,25.475,25.485,25.39,5032,127989.0,0.37,0.41,0.105,0.0
2026-04-09,BSOL,11.04,11.3,11.37,10.92,1591321,17800524.0,4.03,1.16,0.13,0.0
2026-04-09,BSR,30.02,30.02,30.02,30.02,52,1561.0,0.0,0.18,0.053,0.0
2026-04-09,BSRR,35.46,36.58,36.7,35.34,44683,1609852.0,3.83,3.01,1.07,0.34
2026-04-09,BSSX,25.64,25.67,25.75,25.62,23348,600481.0,0.51,0.0,0.0,0.0
2026-04-09,BST,38.46,39.05,39.1,38.32,86101,3344420.0,2.03,1.53,0.59,0.0
2026-04-09,BSTP,37.07,37.17,37.225,37.0,7970,295730.0,0.61,0.41,0.151,0.0
2026-04-09,BSTZ,23.31,23.43,23.67,23.31,161674,3793338.0,1.54,0.21,0.05,0.23
2026-04-09,BSV,78.29,78.32,78.39,78.22,2310495,180970853.0,0.22,0.05,0.04,0.0
2026-04-09,BSVN,43.35,43.44,43.44,43.214,7108,308450.0,0.53,1.09,0.47,0.07
2026-04-09,BSVO,26.265,26.555,26.618,26.265,117570,3116841.0,1.34,0.72,0.19,0.0
2026-04-09,BSX,62.15,61.28,62.36,60.59,12702487,777859264.0,2.83,-2.05,-1.28,0.85
2026-04-09,BSY,34.63,33.45,34.82,33.055,3288920,110237414.0,5.04,-4.51,-1.58,1.13
2026-04-09,BTAI,1.08,1.08,1.15,1.07,834399,914921.0,7.27,-1.82,-0.02,3.08
2026-04-09,BTAL,13.57,13.52,13.6,13.46,492702,6655155.0,1.03,-0.22,-0.03,0.0
2026-04-09,BTBD,1.85,1.76,1.86,1.73,259172,460574.0,6.91,-6.38,-0.12,4.21
2026-04-09,BTBDW,0.15,0.156,0.156,0.15,503,78.0,3.64,-5.45,-0.009,0.0
2026-04-09,BTBT,1.31,1.34,1.39,1.3,16571733,22374045.0,6.77,0.75,0.01,5.07
2026-04-09,BTC,31.47,31.92,32.115,31.195,2924528,92982319.0,2.92,1.17,0.37,31.19
2026-04-09,BTCC,16.231,16.395,16.43,16.231,9697,158623.0,1.22,0.5,0.082,0.0
2026-04-09,BTCI,34.33,34.65,34.78,33.99,527756,18193531.0,2.31,1.11,0.38,0.0
2026-04-09,BTCL,16.67,17.17,17.36,16.46,86025,1455787.0,5.36,2.26,0.38,0.0
2026-04-09,BTCO,70.78,71.84,72.23,70.3,54904,3923769.0,2.72,1.11,0.79,0.0
2026-04-09,BTCS,1.5,1.54,1.57,1.483,356589,544943.0,5.76,1.99,0.03,0.72
2026-04-09,BTCT,1.1,1.13,1.16,1.1,33848,38400.0,5.17,-2.59,-0.03,0.36
2026-04-09,BTCW,75.13,76.38,76.68,74.75,10800,820847.0,2.56,1.14,0.86,0.0
2026-04-09,BTCZ,4.92,4.79,5.015,4.73,11772623,57174979.0,5.8,-2.44,-0.12,0.0
2026-04-09,BTDR,9.95,10.33,10.51,9.86,6037152,61782699.0,6.27,-0.29,-0.03,3.07
2026-04-09,BTE,4.19,4.04,4.22,4.0,11718029,47819754.0,5.29,-2.88,-0.12,1.6
2026-04-09,BTF,20.0,20.295,20.38,19.85,9053,182470.0,2.63,0.74,0.15,0.0
2026-04-09,BTFL,19.51,20.387,20.73,19.32,8150,165060.0,6.85,-1.01,-0.207,0.0
2026-04-09,BTG,4.91,4.88,5.03,4.83,20492915,100606234.0,4.09,-0.2,-0.01,1.53
2026-04-09,BTGD,28.965,29.504,29.86,28.834,27278,800876.0,3.54,1.75,0.508,0.0
2026-04-09,BTGO,8.3,8.33,8.5,8.17,247576,2067778.0,3.9,-1.54,-0.13,0.23
2026-04-09,BTI,58.29,58.85,59.165,57.758,5128255,300194528.0,2.35,-1.83,-1.1,0.24
2026-04-09,BTM,2.71,2.84,3.11,2.45,373958,1052720.0,24.09,3.65,0.1,6.53
2026-04-09,BTMD,1.45,1.51,1.52,1.45,256574,382165.0,4.76,2.72,0.04,0.8
2026-04-09,BTMWW,0.024,0.027,0.029,0.024,93910,2469.0,20.0,8.0,0.002,0.0
2026-04-09,BTO,37.79,38.1,38.1,37.3,43054,1625045.0,2.13,1.38,0.52,0.0
2026-04-09,BTOC,0.314,0.301,0.328,0.3,169293,52944.0,8.89,-4.44,-0.014,0.37
2026-04-09,BTOG,2.45,2.42,2.52,2.36,10470,25401.0,6.69,1.26,0.03,0.7
2026-04-09,BTOP,28.577,28.577,28.577,28.577,49,1403.0,0.0,0.78,0.222,0.0
2026-04-09,BTOT,49.71,49.81,49.81,49.58,700,39254.0,0.47,0.03,0.01,0.0
2026-04-09,BTQ,2.42,2.37,2.45,2.29,1769038,4162256.0,6.64,-1.66,-0.04,1.25
2026-04-09,BTR,26.618,26.618,26.618,26.618,41,1090.0,0.0,0.4,0.106,0.0
2026-04-09,BTRN,27.469,27.411,27.469,27.411,254,6969.0,0.21,0.32,0.088,0.0
2026-04-09,BTSG,46.27,45.92,46.69,45.41,1397729,64364992.0,2.76,-0.84,-0.39,0.72
2026-04-09,BTSGU,154.265,154.265,154.265,154.265,777,118913.0,0.0,-0.49,-0.755,0.01
2026-04-09,BTT,22.83,23.01,23.24,22.83,169298,3894907.0,1.79,0.26,0.06,0.0
2026-04-09,BTTC,1.31,1.27,1.31,1.251,21325,27157.0,4.65,0.0,0.0,0.21
2026-04-09,BTU,30.29,27.71,30.6,27.67,5593613,158690516.0,9.71,-8.18,-2.47,4.59
2026-04-09,BTX,6.92,7.1,7.1,6.92,1092153,7691189.0,2.61,2.9,0.2,0.0
2026-04-09,BTYB,24.56,24.56,24.56,24.56,123,3037.0,0.0,0.25,0.062,0.0
2026-04-09,BTZ,10.25,10.31,10.329,10.2,258030,2650288.0,1.26,0.78,0.08,0.0
2026-04-09,BU,21.95,22.295,22.295,21.95,944,20997.0,1.54,-0.26,-0.057,0.0
2026-04-09,BUCK,23.52,23.56,23.58,23.52,91927,2165405.0,0.25,0.04,0.01,0.0
2026-04-09,BUD,73.22,75.19,75.48,73.04,1875181,139896982.0,3.28,1.08,0.8,0.1
2026-04-09,BUDA,10.325,10.08,10.47,10.08,4389,45257.0,3.8,-1.66,-0.17,0.03
2026-04-09,BUFB,36.91,37.13,37.15,36.89,481017,17758399.0,0.7,0.46,0.17,0.0
2026-04-09,BUFC,41.08,41.18,41.25,41.045,9951,409962.0,0.5,0.12,0.05,0.0
2026-04-09,BUFD,28.39,28.55,28.61,28.39,241600,6900605.0,0.77,0.14,0.04,0.0
2026-04-09,BUFF,50.38,50.58,50.63,50.27,74163,3746902.0,0.71,0.3,0.15,0.0
2026-04-09,BUFG,27.64,27.73,27.74,27.52,43404,1201111.0,0.8,0.62,0.17,0.0
2026-04-09,BUFH,21.0,21.02,21.05,20.96,13254,278476.0,0.43,0.16,0.034,0.0
2026-04-09,BUFI,41.409,41.48,41.525,41.409,10217,423114.0,0.28,0.01,0.005,0.0
2026-04-09,BUFM,39.02,38.986,39.02,38.986,26396,1029871.0,0.09,0.3,0.118,0.0
2026-04-09,BUFP,31.06,30.56,31.06,30.38,27740,846673.0,2.23,0.39,0.12,0.0
2026-04-09,BUFQ,36.24,36.51,36.52,36.22,102964,3748964.0,0.83,0.47,0.17,0.0
2026-04-09,BUFR,34.52,34.74,34.769,34.52,1171266,40642908.0,0.72,0.38,0.13,0.0
2026-04-09,BUFS,23.6,23.7,23.71,23.56,14726,348515.0,0.64,0.38,0.09,0.0
2026-04-09,BUFT,25.19,25.28,25.3,25.19,12072,304951.0,0.44,0.2,0.05,0.0
2026-04-09,BUFX,21.54,21.515,21.54,21.515,553,11908.0,0.12,0.12,0.025,0.0
2026-04-09,BUFY,22.845,22.89,22.96,22.83,170167,3900162.0,0.57,-0.03,-0.007,0.0
2026-04-09,BUFZ,26.78,26.86,26.88,26.72,273247,7327252.0,0.6,0.3,0.08,0.0
2026-04-09,BUG,25.95,24.62,25.95,24.34,1195144,29637484.0,6.19,-5.42,-1.41,0.0
2026-04-09,BUI,27.12,27.35,27.9,27.075,219596,6014164.0,3.04,0.74,0.2,0.0
2026-04-09,BUL,56.06,56.3,56.46,55.94,138212,7784899.0,0.92,-0.51,-0.29,0.0
2026-04-09,BULD,29.27,29.286,29.286,29.22,436,12771.0,0.23,0.39,0.115,0.0
2026-04-09,BULG,1.11,1.12,1.15,1.07,399709,444463.0,6.9,-3.45,-0.04,0.0
2026-04-09,BULL,5.0,4.98,5.07,4.87,7687119,38238491.0,3.94,-1.97,-0.1,1.72
2026-04-09,BULLW,1.35,1.23,1.4,1.22,3995,5243.0,13.43,-8.21,-0.11,0.0
2026-04-09,BULX,2.49,2.515,2.541,2.441,10640,26575.0,3.85,-3.27,-0.085,0.0
2026-04-09,BULZ,21.31,21.74,21.78,20.6,984483,20895792.0,5.58,2.79,0.59,0.0
2026-04-09,BUR,4.48,4.4,4.5,4.385,2428079,10751778.0,2.54,-2.87,-0.13,1.11
2026-04-09,BURL,333.84,338.4,342.55,333.21,823056,279434288.0,2.79,1.18,3.94,1.31
2026-04-09,BURU,0.19,0.21,0.22,0.189,48534442,9939559.0,16.4,11.11,0.021,31.4
2026-04-09,BUSA,38.13,38.34,38.38,38.09,40483,1548274.0,0.76,0.26,0.1,0.0
2026-04-09,BUSE,26.48,26.95,27.09,26.48,646426,17413741.0,2.29,1.01,0.27,0.76
2026-04-09,BUSEP,25.71,25.66,25.73,25.66,19205,493808.0,0.27,0.2,0.05,0.22
2026-04-09,BUUU,15.99,15.01,16.0,15.01,6894,107931.0,6.35,-3.66,-0.57,0.06
2026-04-09,BUXX,20.24,20.25,20.25,20.24,411212,8324806.0,0.05,-0.05,-0.01,0.0
2026-04-09,BUYO,29.06,28.979,29.06,28.979,1473,42754.0,0.28,0.1,0.029,0.0
2026-04-09,BUYW,14.24,14.27,14.295,14.24,409584,5851074.0,0.39,0.04,0.005,0.0
2026-04-09,BUYZ,33.254,33.254,33.254,33.254,14,466.0,0.0,-0.33,-0.111,0.0
2026-04-09,BUZZ,29.96,29.9,30.08,29.45,234717,7003337.0,2.1,-0.4,-0.12,0.0
2026-04-09,BV,11.71,11.8,11.86,11.61,421214,4962028.0,2.12,-0.08,-0.01,0.45
2026-04-09,BVAL,28.85,29.0,29.035,28.835,146859,4243475.0,0.69,0.49,0.14,0.0
2026-04-09,BVC,10.5,10.5,10.5,10.5,207,2127.0,0.0,0.0,0.0,0.0
2026-04-09,BVFL,19.75,19.96,19.99,19.74,30028,597479.0,1.26,0.91,0.18,0.34
2026-04-09,BVN,38.47,38.43,38.99,37.13,955469,36561873.0,4.89,0.95,0.36,0.38
2026-04-09,BVS,9.07,9.1,9.235,8.915,334237,3039114.0,3.5,-0.44,-0.04,0.5
2026-04-09,BW,17.01,18.02,18.18,17.01,2970072,52926930.0,6.82,5.07,0.87,2.19
2026-04-09,BWA,54.63,54.97,55.24,54.12,1410691,77476824.0,2.04,0.02,0.01,0.68
2026-04-09,BWAY,13.53,14.3,14.69,13.51,247964,3521217.0,8.92,8.09,1.07,0.66
2026-04-09,BWB,18.52,18.94,19.0,18.495,73416,1386489.0,2.7,1.23,0.23,0.26
2026-04-09,BWBBP,19.9,20.014,20.2,19.9,1440,28813.0,1.51,0.57,0.114,0.05
2026-04-09,BWEB,66.268,66.268,66.268,66.268,20,1333.0,0.0,-1.38,-0.929,0.0
2026-04-09,BWEN,2.05,2.11,2.15,2.02,153234,317063.0,6.44,4.46,0.09,0.65
2026-04-09,BWET,173.69,169.97,179.9,150.73,183956,30426424.0,19.68,14.67,21.75,0.0
2026-04-09,BWFG,51.62,53.41,53.58,51.313,54632,2869501.0,4.35,2.44,1.27,0.69
2026-04-09,BWG,8.01,8.08,8.08,7.98,96754,776320.0,1.25,1.13,0.09,0.46
2026-04-09,BWIN,22.26,21.94,22.76,21.635,1600101,35196710.0,4.94,-3.6,-0.82,1.65
2026-04-09,BWIV_U,9.952,9.952,9.952,9.952,20,200.0,0.0,0.0,0.0,0.0
2026-04-09,BWLP,18.3,17.93,18.46,17.865,385239,6982033.0,3.32,0.06,0.01,0.25
2026-04-09,BWMN,30.39,31.09,31.11,30.27,70477,2177716.0,2.74,1.5,0.46,0.41
2026-04-09,BWMX,18.04,18.5,18.802,18.04,67379,1239801.0,4.22,2.44,0.44,0.18
2026-04-09,BWNB,25.0,25.0,25.02,24.95,6239,155996.0,0.28,0.0,0.0,0.0
2026-04-09,BWOW,15.188,15.402,15.409,15.188,592,9025.0,1.45,0.88,0.134,0.0
2026-04-09,BWTG,39.19,39.056,39.19,39.056,886,34684.0,0.35,0.82,0.316,0.0
2026-04-09,BWX,22.18,22.22,22.29,22.13,372538,8282672.0,0.72,-0.13,-0.03,0.0
2026-04-09,BWXT,231.4,230.29,237.9,230.24,1112250,259569866.0,3.3,-0.64,-1.49,1.21
2026-04-09,BWZ,27.2,27.28,27.34,27.158,50056,1363347.0,0.67,0.44,0.12,0.0
2026-04-09,BW_A,20.86,21.1,21.28,20.45,34235,717581.0,3.98,1.25,0.26,0.45
2026-04-09,BX,116.63,116.9,117.43,114.585,5905595,687490224.0,2.42,-0.65,-0.77,0.8
2026-04-09,BXC,53.67,56.37,57.2,53.53,122005,6823715.0,6.83,4.84,2.6,1.55
2026-04-09,BXMT,19.18,19.5,19.615,19.175,1448010,28186407.0,2.28,0.98,0.19,0.86
2026-04-09,BXP,52.06,52.48,53.1,50.9,1920964,100655416.0,4.19,-0.11,-0.06,1.21
2026-04-09,BXSL,22.89,22.98,23.005,22.47,4400660,100351727.0,2.32,-0.56,-0.13,1.89
2026-04-09,BY,32.98,33.5,33.62,32.74,252040,8434702.0,2.66,1.24,0.41,0.55
2026-04-09,BYAH,1.04,1.05,1.05,1.02,13447,13977.0,2.8,-1.87,-0.02,0.47
2026-04-09,BYD,85.9,86.83,87.12,85.2,647462,56034264.0,2.23,0.72,0.62,0.86
2026-04-09,BYFC,7.53,7.53,7.53,7.53,245,1851.0,0.0,0.67,0.05,0.0
2026-04-09,BYLD,22.6,22.65,22.68,22.59,43309,980472.0,0.4,0.04,0.01,0.0
2026-04-09,BYND,0.59,0.6,0.61,0.584,17857730,10685681.0,4.32,-0.33,-0.002,3.85
2026-04-09,BYRE,25.96,26.095,26.26,25.96,2766,72228.0,1.16,0.75,0.195,0.0
2026-04-09,BYRN,7.4,6.345,8.27,6.33,3003678,21329418.0,21.09,-31.03,-2.855,13.24
2026-04-09,BYSI,1.83,1.77,1.83,1.77,7834,14227.0,3.41,0.57,0.01,0.02
2026-04-09,BZ,13.3,13.13,13.37,13.1,2865136,37835963.0,2.0,-2.67,-0.36,0.68
2026-04-09,BZAI,2.06,2.3,2.39,1.96,9733365,21660623.0,20.98,12.2,0.25,7.93
2026-04-09,BZAIW,0.47,0.567,0.588,0.44,57379,30262.0,31.49,20.64,0.097,0.0
2026-04-09,BZFD,0.62,0.616,0.635,0.616,142976,90148.0,3.06,-0.81,-0.005,0.39
2026-04-09,BZFDW,0.013,0.017,0.02,0.012,43566,653.0,53.33,13.33,0.002,0.0
2026-04-09,BZH,20.85,21.8,21.99,20.85,430738,9321719.0,5.42,3.61,0.76,1.46
2026-04-09,BZQ,9.05,8.79,9.05,8.77,175318,1568420.0,3.03,-4.87,-0.45,0.0
2026-04-09,BZUN,2.62,2.58,2.69,2.525,340853,884652.0,6.5,1.57,0.04,0.64
2026-04-09,C,122.81,124.92,125.483,122.33,8835376,1099145696.0,2.55,1.16,1.43,0.52
2026-04-09,CA,24.86,24.92,24.97,24.86,1841,45936.0,0.44,0.04,0.01,0.0
2026-04-09,CAAA,20.34,20.38,20.38,20.32,3271,66532.0,0.29,0.12,0.025,0.0
2026-04-09,CAAP,26.63,27.08,27.795,26.02,471687,12885620.0,6.68,1.92,0.51,0.29
2026-04-09,CAAS,4.26,4.22,4.27,4.17,17315,72753.0,2.35,-0.71,-0.03,0.06
2026-04-09,CABA,3.07,3.17,3.22,3.04,1899937,5995811.0,5.83,2.59,0.08,1.71
2026-04-09,CABO,90.59,93.08,93.47,89.99,88636,8191663.0,3.83,2.39,2.17,1.56
2026-04-09,CABR,1.19,1.17,1.208,1.15,15921,18560.0,4.92,-0.85,-0.01,0.13
2026-04-09,CABZ,20.833,20.833,20.833,20.833,143,3014.0,0.0,-0.48,-0.101,0.0
2026-04-09,CAC,50.21,51.27,51.38,49.63,140917,7189219.0,3.48,1.91,0.96,0.83
2026-04-09,CACC,462.59,468.97,475.64,459.85,170237,79589659.0,3.38,0.37,1.72,1.58
2026-04-09,CACI,577.45,563.21,581.59,560.77,196296,111275342.0,3.6,-2.63,-15.24,0.89
2026-04-09,CADL,4.88,4.8,4.94,4.8,927200,4493223.0,2.82,-3.03,-0.15,1.27
2026-04-09,CAE,26.93,27.52,27.68,26.93,1281243,35098476.0,2.77,1.47,0.4,0.4
2026-04-09,CAEP,10.33,10.33,10.33,10.315,275525,2843742.0,0.15,0.0,0.0,1.0
2026-04-09,CAF,16.7,16.98,17.04,16.7,69840,1178462.0,2.02,1.01,0.17,0.0
2026-04-09,CAFG,28.33,28.538,28.538,28.33,1712,48792.0,0.73,0.39,0.11,0.0
2026-04-09,CAFX,24.86,24.87,24.9,24.8,36192,900329.0,0.4,0.1,0.025,0.0
2026-04-09,CAG,15.26,15.55,15.56,15.13,10953300,169441328.0,2.79,-0.19,-0.03,2.29
2026-04-09,CAH,214.74,215.8,217.77,214.33,1051316,227541582.0,1.6,0.31,0.67,0.45
2026-04-09,CAI,19.4,19.2,19.4,18.6,2099799,40066736.0,4.1,-1.59,-0.31,0.74
2026-04-09,CAIE,25.66,25.8,25.8,25.56,232785,5985162.0,0.93,0.43,0.11,0.0
2026-04-09,CAIQ,24.5,24.635,24.82,24.4,111118,2734760.0,1.71,0.4,0.097,0.0
2026-04-09,CAKE,57.75,58.77,59.18,57.42,832526,48823717.0,3.06,2.12,1.22,1.67
2026-04-09,CAL,10.74,12.51,12.55,10.67,949439,11519037.0,17.17,14.25,1.56,2.81
2026-04-09,CALC,0.623,0.651,0.7,0.61,480368,315876.0,14.45,4.49,0.028,3.05
2026-04-09,CALF,45.61,45.81,45.9,45.3,816159,37213857.0,1.31,0.04,0.02,0.0
2026-04-09,CALI,50.42,50.425,50.44,50.35,45646,2301373.0,0.18,0.03,0.015,0.0
2026-04-09,CALM,76.51,77.72,78.35,75.76,875537,67861458.0,3.36,0.84,0.65,1.85
2026-04-09,CALX,49.66,49.44,50.29,48.69,568355,27993398.0,3.21,-0.8,-0.4,0.88
2026-04-09,CALY,14.38,14.5,14.87,14.33,2123219,31009490.0,3.73,0.28,0.04,1.17
2026-04-09,CAM,25.01,25.035,25.05,25.01,19971,500014.0,0.16,0.22,0.055,0.0
2026-04-09,CAML,36.76,37.0,37.04,36.63,49326,1816707.0,1.11,0.52,0.19,0.0
2026-04-09,CAMP,4.5,4.49,4.65,4.4,35942,162237.0,5.46,-1.97,-0.09,0.07
2026-04-09,CAMT,172.05,176.51,177.66,171.655,300285,52585550.0,3.53,3.77,6.42,0.65
2026-04-09,CAMX,32.013,32.013,32.013,32.013,10,319.0,0.0,0.2,0.063,0.0
2026-04-09,CAN,0.432,0.443,0.444,0.416,8277983,3600787.0,6.36,0.68,0.003,1.28
2026-04-09,CANC,37.39,37.874,38.01,37.3,9185,346390.0,1.9,1.19,0.447,0.0
2026-04-09,CANE,9.57,9.46,9.57,9.445,2989150,28358004.0,1.29,-2.47,-0.24,0.0
2026-04-09,CANF,3.07,2.93,3.16,2.93,57629,173508.0,7.47,-4.87,-0.15,2.69
2026-04-09,CANG,0.413,0.433,0.433,0.395,581097,241838.0,8.86,0.93,0.004,0.15
2026-04-09,CANQ,28.5,28.63,28.76,28.5,5764,165362.0,0.91,0.33,0.093,0.0
2026-04-09,CAOS,90.68,90.62,90.71,90.58,83580,7573718.0,0.14,-0.04,-0.04,0.0
2026-04-09,CAPE,31.58,31.8,31.86,31.48,64251,2040356.0,1.2,0.82,0.258,0.0
2026-04-09,CAPL,21.55,21.26,21.55,21.05,23987,510454.0,2.33,-1.12,-0.24,0.06
2026-04-09,CAPNU,10.91,10.91,10.91,10.91,5,65.0,0.0,0.0,0.0,0.0
2026-04-09,CAPR,31.22,31.61,32.13,30.98,686539,21685539.0,3.64,0.03,0.01,1.19
2026-04-09,CAPS,0.523,0.542,0.55,0.52,87330,46665.0,5.55,0.18,0.001,0.76
2026-04-09,CAQ,9.85,9.85,9.85,9.85,115,1132.0,0.0,0.31,0.03,0.0
2026-04-09,CAQUU,9.93,9.93,9.93,9.93,2,20.0,0.0,0.0,0.0,0.0
2026-04-09,CAQUW,0.25,0.275,0.275,0.25,1233,311.0,10.42,14.58,0.035,0.0
2026-04-09,CAR,260.9,297.08,297.98,246.01,4668899,1274934496.0,19.89,13.67,35.73,13.22
2026-04-09,CARD,3.26,3.128,3.31,3.09,5284,17084.0,6.94,-1.32,-0.042,0.0
2026-04-09,CARE,24.01,24.64,24.855,23.93,499313,12252893.0,3.85,2.62,0.63,2.25
2026-04-09,CARG,34.42,34.4,34.815,33.339,668257,22801739.0,4.27,-0.49,-0.17,0.83
2026-04-09,CARK,41.88,42.239,42.239,41.88,105,4399.0,0.85,0.55,0.233,0.0
2026-04-09,CARL,9.81,9.72,9.82,9.5,41968,407309.0,3.2,-2.75,-0.275,0.16
2026-04-09,CARR,58.09,61.46,61.76,58.09,6070604,370132912.0,6.3,5.44,3.17,0.73
2026-04-09,CARS,9.12,9.09,9.155,8.905,809436,7329810.0,2.72,-1.2,-0.11,1.42
2026-04-09,CART,40.19,40.34,40.78,39.45,4294811,172941775.0,3.36,1.87,0.74,1.81
2026-04-09,CARU,21.62,22.387,22.387,21.62,474,10277.0,3.48,1.44,0.318,0.0
2026-04-09,CARY,20.84,20.83,20.865,20.81,200416,4177277.0,0.26,0.02,0.005,0.0
2026-04-09,CARZ,86.77,88.174,88.7,86.77,6795,600008.0,2.19,0.2,0.174,0.0
2026-04-09,CAS,25.36,25.593,25.593,25.36,485,12378.0,0.91,0.31,0.078,0.0
2026-04-09,CASH,94.36,94.95,96.13,93.905,251713,23996264.0,2.34,0.02,0.02,1.16
2026-04-09,CASS,45.88,47.2,47.24,45.38,88155,4123344.0,4.05,2.81,1.29,0.68
2026-04-09,CAST,3.848,3.92,4.1,3.743,74047,291777.0,8.75,-3.92,-0.16,0.27
2026-04-09,CASY,753.59,758.76,774.23,751.33,707839,540837040.0,3.02,0.05,0.39,1.92
2026-04-09,CAT,773.0,787.07,795.52,772.99,2801890,2202531968.0,2.92,2.01,15.49,0.6
2026-04-09,CATF,50.03,50.13,50.18,49.98,4971,248746.0,0.4,0.2,0.1,0.0
2026-04-09,CATH,81.15,81.716,81.79,81.0,29867,2433987.0,0.97,0.66,0.535,0.0
2026-04-09,CATO,3.13,3.05,3.24,2.99,30721,94368.0,8.06,-1.61,-0.05,0.17
2026-04-09,CATX,4.36,4.49,4.53,4.32,574963,2562137.0,4.81,2.75,0.12,0.5
2026-04-09,CATY,52.78,53.88,54.14,52.7,451368,24281657.0,2.72,1.85,0.98,0.67
2026-04-09,CAVA,85.8,86.15,87.32,84.55,1787833,153845822.0,3.21,-0.07,-0.06,1.54
2026-04-09,CB,330.78,332.94,336.14,330.21,1216723,406004816.0,1.78,0.09,0.3,0.31
2026-04-09,CBAN,20.78,21.18,21.305,20.75,494041,10440802.0,2.66,1.68,0.35,2.33
2026-04-09,CBAT,0.815,0.82,0.83,0.81,71686,58979.0,2.46,0.86,0.007,0.08
2026-04-09,CBC,24.77,25.09,25.515,24.63,795122,20019475.0,3.56,1.01,0.25,0.33
2026-04-09,CBFV,36.47,36.28,36.48,36.0,6877,248552.0,1.34,1.37,0.49,0.14
2026-04-09,CBIO,18.19,19.1,19.5,17.87,121143,2291075.0,8.9,4.26,0.78,0.44
2026-04-09,CBK,27.16,27.98,28.105,26.94,81115,2242862.0,4.28,2.87,0.78,0.59
2026-04-09,CBL,41.43,42.68,42.98,41.43,288519,12278578.0,3.72,2.45,1.02,0.93
2026-04-09,CBLL,18.59,18.57,18.81,18.47,248510,4635740.0,1.82,-0.59,-0.11,0.66
2026-04-09,CBLS,29.84,29.799,29.84,29.799,660,19706.0,0.14,-0.27,-0.082,0.0
2026-04-09,CBNA,34.62,36.04,36.04,34.5,7433,260494.0,4.42,3.47,1.21,0.22
2026-04-09,CBNK,31.22,31.84,31.95,31.11,102229,3244755.0,2.67,1.18,0.37,0.63
2026-04-09,CBOA,24.31,24.34,24.34,24.26,1944,47231.0,0.33,0.21,0.05,0.0
2026-04-09,CBOE,298.67,294.82,299.65,293.03,770987,228454053.0,2.23,-0.72,-2.13,0.74
2026-04-09,CBOJ,23.835,23.865,23.9,23.81,2460,58732.0,0.38,0.15,0.035,0.0
2026-04-09,CBOL,23.475,23.475,23.475,23.475,22,516.0,0.0,0.09,0.02,0.0
2026-04-09,CBON,23.64,23.585,23.64,23.525,8347,196941.0,0.49,0.06,0.015,0.0
2026-04-09,CBOO,24.375,24.375,24.375,24.375,2,55.0,0.0,-0.04,-0.01,0.0
2026-04-09,CBOY,24.36,24.36,24.36,24.36,15,371.0,0.0,0.02,0.005,0.0
2026-04-09,CBRE,141.47,142.46,143.445,139.44,1235434,175797709.0,2.81,-0.02,-0.03,0.42
2026-04-09,CBRL,28.69,29.74,30.11,28.335,1073870,31612497.0,6.12,2.59,0.75,4.8
2026-04-09,CBSE,42.35,42.402,42.402,42.35,704,29859.0,0.12,0.34,0.143,0.0
2026-04-09,CBSH,50.51,51.19,51.44,50.33,849387,43433111.0,2.19,0.77,0.39,0.58
2026-04-09,CBT,75.51,74.68,76.0,73.865,264802,19763844.0,2.8,-2.19,-1.67,0.51
2026-04-09,CBTA,22.05,22.127,22.127,22.05,941,20751.0,0.35,0.65,0.143,0.0
2026-04-09,CBTJ,19.21,19.426,19.44,19.21,20164,389550.0,1.19,0.71,0.136,0.0
2026-04-09,CBTL,18.27,18.353,18.38,18.26,3161,57892.0,0.66,0.48,0.088,0.0
2026-04-09,CBTO,20.04,20.07,20.08,19.993,7753,155416.0,0.43,0.25,0.05,0.0
2026-04-09,CBTY,19.74,19.807,19.81,19.74,4766,94311.0,0.35,0.24,0.047,0.0
2026-04-09,CBU,61.12,62.57,62.94,61.12,241889,15101197.0,2.96,1.84,1.13,0.46
2026-04-09,CBUS,1.47,1.26,1.47,1.26,886522,1230294.0,14.33,-13.99,-0.205,1.16
2026-04-09,CBXA,22.09,22.1,22.1,22.065,2940,64924.0,0.16,0.57,0.125,0.0
2026-04-09,CBXJ,21.0,21.11,21.16,21.0,29753,626282.0,0.76,0.48,0.1,0.0
2026-04-09,CBXL,20.29,20.29,20.29,20.29,4,81.0,0.0,0.22,0.045,0.0
2026-04-09,CBXO,22.115,22.125,22.15,22.08,9848,217626.0,0.32,0.02,0.005,0.0
2026-04-09,CBXY,22.0,21.985,22.0,21.985,1984,43651.0,0.07,0.0,0.0,0.0
2026-04-09,CBZ,27.32,27.6,27.72,26.15,702657,19111870.0,5.69,0.04,0.01,1.28
2026-04-09,CC,21.335,21.84,22.36,21.18,3113077,67620417.0,5.51,1.91,0.41,2.07
2026-04-09,CCAP,12.45,12.33,12.53,12.3,184632,2286370.0,1.84,-1.6,-0.2,0.5
2026-04-09,CCB,80.91,82.72,83.575,80.43,163265,13468802.0,3.86,1.5,1.22,1.07
2026-04-09,CCBG,45.77,46.77,46.915,45.73,124157,5779592.0,2.58,1.96,0.9,0.72
2026-04-09,CCC,5.57,5.33,5.58,5.265,8765854,46766298.0,5.66,-4.31,-0.24,1.49
2026-04-09,CCCC,2.83,2.83,3.01,2.67,19701961,61188635.0,11.72,-2.41,-0.07,20.19
2026-04-09,CCD,22.99,23.3,23.4,22.97,204314,4748848.0,1.88,1.75,0.4,0.0
2026-04-09,CCEC,17.385,17.32,17.76,16.768,10107,177087.0,5.3,-7.43,-1.39,0.02
2026-04-09,CCEF,28.635,28.758,28.758,28.635,1396,40123.0,0.43,0.76,0.216,0.0
2026-04-09,CCEL,3.63,3.7,3.86,3.505,10296,37440.0,9.52,-0.8,-0.03,0.13
2026-04-09,CCEP,96.46,97.91,99.1,96.05,1772706,173451381.0,3.13,0.5,0.49,0.39
2026-04-09,CCFE,27.24,27.239,27.24,27.23,353,9640.0,0.04,0.79,0.214,0.0
2026-04-09,CCG,0.812,0.813,0.836,0.8,31605,25676.0,4.35,-1.69,-0.014,0.05
2026-04-09,CCHH,0.595,0.628,0.629,0.56,136197,80996.0,11.66,6.08,0.036,0.62
2026-04-09,CCI,84.92,86.57,87.59,84.48,3591425,311368352.0,3.64,1.23,1.05,0.82
2026-04-09,CCID,25.08,25.08,25.08,25.08,190,4779.0,0.0,0.0,0.0,0.02
2026-04-09,CCIF,3.35,3.37,3.395,3.33,147528,497716.0,1.91,-0.88,-0.03,0.0
2026-04-09,CCII,10.27,10.26,10.27,10.25,87612,898890.0,0.2,0.1,0.01,0.34
2026-04-09,CCIIU,10.4,10.38,10.4,10.38,59040,612935.0,0.19,-0.19,-0.02,0.0
2026-04-09,CCIIW,0.65,0.65,0.65,0.577,28680,18041.0,11.23,0.0,0.0,0.0
2026-04-09,CCIX,10.7,10.7,10.71,10.7,4625,49508.0,0.09,-0.09,-0.01,0.02
2026-04-09,CCJ,115.2,115.54,116.61,112.83,2210531,254787949.0,3.26,-0.31,-0.36,0.51
2026-04-09,CCK,106.27,107.84,108.8,105.78,1187282,127965525.0,2.82,0.63,0.68,1.06
2026-04-09,CCL,27.82,27.85,28.12,26.9,25712500,710175424.0,4.37,-0.64,-0.18,2.08
2026-04-09,CCLD,3.05,2.76,3.09,2.69,1041700,2990301.0,12.82,-10.39,-0.32,2.45
2026-04-09,CCLDO,26.348,26.075,26.35,26.075,3055,79975.0,1.05,-0.61,-0.16,0.2
2026-04-09,CCM,3.67,3.67,3.67,3.67,6,23.0,0.0,0.0,0.0,0.0
2026-04-09,CCNE,30.5,31.31,31.42,30.5,163254,5085975.0,2.99,1.72,0.53,0.55
2026-04-09,CCNEP,24.77,24.85,24.85,24.75,714,17688.0,0.4,-0.56,-0.14,0.03
2026-04-09,CCNR,40.6,40.341,40.747,40.3,6619,267829.0,1.1,-0.38,-0.154,0.0
2026-04-09,CCO,2.38,2.37,2.38,2.37,4951283,11754769.0,0.42,-0.42,-0.01,0.98
2026-04-09,CCOI,19.64,20.44,20.51,19.49,851630,17096179.0,5.17,3.65,0.72,1.7
2026-04-09,CCOM,24.885,24.885,24.885,24.885,26,647.0,0.0,0.28,0.07,0.0
2026-04-09,CCOR,26.22,26.243,26.337,26.22,819,21526.0,0.45,0.11,0.029,0.0
2026-04-09,CCRN,9.52,9.45,9.654,9.29,244394,2310717.0,3.8,-1.25,-0.12,0.76
2026-04-09,CCRP,19.85,19.85,19.85,19.85,5,99.0,0.0,0.06,0.012,0.0
2026-04-09,CCS,58.7,60.68,61.13,58.107,318291,19285427.0,5.11,2.57,1.52,1.1
2026-04-09,CCSB,20.01,20.075,20.075,20.0,565,11323.0,0.37,0.2,0.04,0.0
2026-04-09,CCSI,24.71,24.93,25.1,24.11,103676,2566403.0,3.98,0.12,0.03,0.55
2026-04-09,CCSO,26.62,26.899,26.986,26.62,1470,39351.0,1.37,0.73,0.196,0.0
2026-04-09,CCTG,0.425,0.45,0.45,0.419,49242,21930.0,7.08,2.74,0.012,1.44
2026-04-09,CCU,12.13,12.4,12.5,12.13,124041,1533890.0,3.04,1.81,0.22,0.07
2026-04-09,CCUP,4.39,3.6,4.44,3.57,2861377,11266397.0,19.33,-20.0,-0.9,0.0
2026-04-09,CCXI,10.23,10.2,10.23,10.2,845,8626.0,0.29,0.2,0.02,0.0
2026-04-09,CCXIU,10.23,10.23,10.23,10.23,360,3674.0,0.0,0.1,0.01,0.0
2026-04-09,CCXIW,0.89,0.89,0.89,0.89,10,8.0,0.0,0.0,0.0,0.0
2026-04-09,CCZ,65.0,65.0,65.0,65.0,0,192.0,0.0,0.0,0.0,0.0
2026-04-09,CD,4.38,4.31,4.645,4.18,96721,414264.0,10.2,-5.48,-0.25,0.12
2026-04-09,CDC,71.74,72.397,72.54,71.74,17873,1294297.0,1.11,0.36,0.258,0.0
2026-04-09,CDE,19.76,19.72,20.16,19.13,18235089,358056880.0,5.22,0.0,0.0,2.84
2026-04-09,CDEI,81.36,81.36,81.36,81.36,203,16463.0,0.0,0.74,0.598,0.0
2026-04-09,CDIG,25.735,25.546,25.75,25.52,2559,65503.0,0.89,-0.93,-0.241,0.0
2026-04-09,CDIO,2.04,1.81,2.075,1.8,167157,317585.0,13.55,-10.84,-0.22,5.65
2026-04-09,CDIOW,0.016,0.016,0.016,0.016,461,7.0,0.0,0.0,0.0,0.0
2026-04-09,CDL,74.84,75.547,75.65,74.84,4994,375834.0,1.08,0.36,0.273,0.0
2026-04-09,CDLR,25.81,25.98,26.09,25.623,78009,2021944.0,1.87,4.17,1.04,0.09
2026-04-09,CDLX,1.06,0.969,1.06,0.961,2489880,2496218.0,9.43,-7.71,-0.081,4.52
2026-04-09,CDNA,17.79,16.69,17.865,16.115,871514,14581891.0,9.77,-6.86,-1.23,1.7
2026-04-09,CDNL,42.93,44.68,44.9,42.41,411258,18127220.0,5.8,4.03,1.73,2.69
2026-04-09,CDNS,287.62,281.01,288.18,277.45,2209761,620447616.0,3.71,-2.93,-8.49,0.8
2026-04-09,CDP,31.6,31.89,32.21,31.6,602513,19247683.0,1.92,0.54,0.17,0.53
2026-04-09,CDRE,32.67,33.4,34.395,32.611,355238,11916475.0,5.43,1.61,0.53,0.83
2026-04-09,CDRO,8.29,8.55,8.55,8.29,30993,263436.0,3.09,1.66,0.14,0.07
2026-04-09,CDROW,0.778,0.76,0.778,0.665,8946,6498.0,14.52,-2.31,-0.018,0.0
2026-04-09,CDR_B,20.36,20.79,20.79,20.36,275,5681.0,2.09,0.88,0.181,0.03
2026-04-09,CDR_C,20.3,19.903,20.3,19.85,1443,28926.0,2.27,0.52,0.103,0.06
2026-04-09,CDT,5.01,5.89,6.22,4.78,108355,628101.0,28.13,15.04,0.77,2.29
2026-04-09,CDTG,0.326,0.339,0.34,0.314,51423,17411.0,7.98,3.99,0.013,0.38
2026-04-09,CDTTW,0.007,0.008,0.008,0.007,9223,71.0,12.5,0.0,0.0,0.0
2026-04-09,CDW,125.45,126.75,127.35,125.31,1529925,193766598.0,1.61,0.02,0.02,1.2
2026-04-09,CDX,21.43,21.67,21.74,21.43,189775,4112989.0,1.43,-0.14,-0.03,0.0
2026-04-09,CDXS,2.21,2.4,2.45,2.15,3290674,7752044.0,13.57,8.6,0.19,3.62
2026-04-09,CDZI,5.02,4.92,5.198,4.91,744300,3740824.0,5.69,-2.77,-0.14,0.89
2026-04-09,CDZIP,19.5,19.25,19.5,19.03,9916,190326.0,2.4,-1.79,-0.35,0.43
2026-04-09,CE,63.8,62.31,64.82,61.82,2037358,128176617.0,4.71,-2.26,-1.44,1.86
2026-04-09,CECO,62.63,65.02,65.405,62.49,329773,21328742.0,4.66,3.85,2.41,0.92
2026-04-09,CEE,19.1,19.13,19.28,18.8,5172,98721.0,2.54,1.11,0.21,0.0
2026-04-09,CEF,48.07,48.43,48.85,47.93,993458,48124868.0,1.92,1.28,0.61,0.52
2026-04-09,CEFA,38.35,38.83,38.99,38.35,3700,145662.0,1.64,-0.31,-0.12,0.0
2026-04-09,CEFD,18.44,18.383,18.44,18.383,303,5576.0,0.31,0.8,0.145,0.0
2026-04-09,CEFS,23.26,23.45,23.59,23.26,65945,1549080.0,1.42,0.69,0.16,0.0
2026-04-09,CEFZ,8.035,8.08,8.11,8.035,16877,136386.0,0.93,0.5,0.04,0.0
2026-04-09,CEG,284.57,280.25,293.595,280.03,3002443,857795296.0,4.77,-1.41,-4.02,0.83
2026-04-09,CEGX,16.78,15.78,17.35,15.78,33245,557152.0,9.58,-3.66,-0.6,0.0
2026-04-09,CELC,116.8,124.64,124.64,115.675,1119944,136726961.0,7.67,6.58,7.7,2.32
2026-04-09,CELGr,0.081,0.099,0.105,0.079,171724,13723.0,30.23,15.12,0.013,0.0
2026-04-09,CELH,35.55,36.38,36.9,35.02,4382563,158289229.0,5.22,1.0,0.36,1.71
2026-04-09,CELU,1.41,1.36,1.41,1.35,12919,17799.0,4.38,-0.73,-0.01,0.04
2026-04-09,CELUW,0.008,0.009,0.01,0.008,3000,26.0,25.0,12.5,0.001,0.0
2026-04-09,CELZ,2.235,2.04,2.257,2.04,54857,116108.0,9.82,-7.69,-0.17,1.48
2026-04-09,CEMB,45.41,45.49,45.545,45.38,29269,1329924.0,0.36,0.22,0.1,0.0
2026-04-09,CENN,0.092,0.085,0.097,0.08,10131515,892418.0,13.6,-32.0,-0.04,11.52
2026-04-09,CENT,36.69,37.29,37.585,36.62,73445,2736064.0,2.61,0.7,0.26,0.76
2026-04-09,CENTA,32.45,33.1,33.3,32.26,296661,9785622.0,3.19,1.38,0.45,0.58
2026-04-09,CENX,66.0,66.31,68.694,65.6,1566957,104218046.0,4.72,1.13,0.74,1.58
2026-04-09,CEPF,10.145,10.15,10.156,10.14,49217,499550.0,0.16,0.1,0.01,0.11
2026-04-09,CEPI,30.48,30.7,30.85,30.123,15636,478653.0,2.39,0.78,0.237,0.0
2026-04-09,CEPO,10.59,10.61,10.64,10.59,402849,4272955.0,0.47,0.19,0.02,1.97
2026-04-09,CEPS,10.09,10.09,10.09,10.09,238,2404.0,0.0,0.0,0.0,0.0
2026-04-09,CEPT,10.87,10.85,11.043,10.85,431134,4706608.0,1.78,0.0,0.0,1.75
2026-04-09,CEPU,16.7,16.79,17.1,16.41,563728,9474877.0,4.1,-0.12,-0.02,0.37
2026-04-09,CEPV,10.09,10.12,10.12,10.09,40123,405633.0,0.3,0.3,0.03,0.16
2026-04-09,CERS,1.88,1.91,1.92,1.84,663332,1254115.0,4.17,-0.52,-0.01,0.35
2026-04-09,CERT,5.36,5.41,5.41,5.19,4463777,23857423.0,4.05,-0.37,-0.02,2.91
2026-04-09,CERY,35.18,35.13,35.32,34.84,56728,1990966.0,1.38,0.8,0.28,0.0
2026-04-09,CET,50.76,51.5,51.93,50.76,21576,1108128.0,2.29,0.86,0.44,0.0
2026-04-09,CETX,1.05,1.02,1.09,0.98,1904688,1967916.0,10.19,-5.56,-0.06,18.9
2026-04-09,CETY,0.81,0.848,0.86,0.81,44913,37372.0,6.1,3.41,0.028,0.5
2026-04-09,CEV,10.11,10.21,10.25,10.07,38517,391282.0,1.77,0.59,0.06,0.0
2026-04-09,CEVA,20.52,20.25,20.67,19.733,274591,5549707.0,4.53,-2.03,-0.42,0.99
2026-04-09,CEW,19.21,19.387,19.4,19.21,16167,311744.0,0.98,0.14,0.027,0.0
2026-04-09,CF,128.09,119.38,128.88,118.21,5843253,710199904.0,8.46,-5.37,-6.78,3.8
2026-04-09,CFA,93.79,94.309,94.53,93.79,3789,357108.0,0.78,0.04,0.036,0.0
2026-04-09,CFBK,29.03,29.86,29.98,29.03,33205,983974.0,3.25,2.26,0.66,0.52
2026-04-09,CFFI,73.1,76.83,76.83,73.1,4626,353240.0,5.01,3.22,2.4,0.14
2026-04-09,CFFN,7.51,7.66,7.7,7.51,770259,5897971.0,2.51,1.06,0.08,0.59
2026-04-09,CFG,63.46,64.97,65.27,63.46,4671036,302296544.0,2.84,1.87,1.19,1.1
2026-04-09,CFG_E,18.83,19.02,19.08,18.83,20330,386045.0,1.33,1.01,0.19,0.11
2026-04-09,CFG_I,24.96,24.98,24.99,24.82,16671,416027.0,0.68,0.24,0.06,0.1
2026-04-09,CFIT,25.28,25.3,25.39,25.24,5021,126982.0,0.59,0.12,0.03,0.0
2026-04-09,CFND,3.66,3.7,3.73,3.55,35727,129300.0,4.85,-0.27,-0.01,0.42
2026-04-09,CFO,76.02,76.445,76.61,76.02,1903,145383.0,0.77,0.03,0.024,0.0
2026-04-09,CFR,142.48,144.96,145.35,142.46,725774,104676480.0,2.02,1.36,1.94,1.15
2026-04-09,CFR_B,17.19,17.15,17.2,17.12,7654,131449.0,0.47,0.18,0.03,0.13
2026-04-09,CG,47.61,48.17,48.26,46.43,3021544,143905131.0,3.8,-0.02,-0.01,0.84
2026-04-09,CGABL,17.46,17.45,17.505,17.33,20253,352560.0,1.0,-0.06,-0.01,0.0
2026-04-09,CGAU,19.0,19.21,19.4,18.68,1026611,19635732.0,3.79,1.16,0.22,0.51
2026-04-09,CGBD,10.86,10.83,10.93,10.75,750682,8127320.0,1.64,-1.28,-0.14,1.06
2026-04-09,CGBL,35.62,35.8,35.895,35.555,1391334,49758020.0,0.95,0.39,0.14,0.0
2026-04-09,CGC,1.02,1.09,1.1,1.02,16183412,17343741.0,7.69,4.81,0.05,4.28
2026-04-09,CGCB,26.37,26.39,26.45,26.335,877945,23170900.0,0.44,0.08,0.02,0.0
2026-04-09,CGCP,22.46,22.49,22.53,22.43,1424216,32020007.0,0.44,0.04,0.01,0.0
2026-04-09,CGCT,10.28,10.27,10.28,10.25,110570,1134419.0,0.29,0.05,0.005,0.4
2026-04-09,CGCTW,0.69,0.69,0.69,0.69,12354,8524.0,0.0,0.0,0.0,0.0
2026-04-09,CGCV,30.7,30.93,31.015,30.7,187806,5803140.0,1.02,0.45,0.14,0.0
2026-04-09,CGDG,36.86,37.08,37.225,36.825,610569,22627838.0,1.08,0.14,0.05,0.0
2026-04-09,CGDV,44.24,44.68,44.78,44.22,3407340,151884931.0,1.26,0.63,0.28,0.0
2026-04-09,CGEM,14.82,15.21,15.24,14.8,551063,8305455.0,2.94,1.67,0.25,0.91
2026-04-09,CGEN,2.31,2.48,2.49,2.28,437019,1066332.0,9.17,8.3,0.19,0.46
2026-04-09,CGGE,31.96,32.22,32.33,31.9,667708,21455502.0,1.34,0.34,0.11,0.0
2026-04-09,CGGG,26.44,26.7,26.76,26.32,32803,875050.0,1.66,0.74,0.195,0.0
2026-04-09,CGGO,35.58,35.81,35.92,35.36,983466,35116225.0,1.56,-0.03,-0.01,0.0
2026-04-09,CGGR,41.88,42.03,42.13,41.53,3081198,129168564.0,1.43,0.33,0.14,0.0
2026-04-09,CGHM,25.58,25.59,25.6,25.52,255813,6542397.0,0.31,0.31,0.08,0.0
2026-04-09,CGHY,25.34,25.37,25.377,25.29,5552,140695.0,0.34,0.23,0.058,0.0
2026-04-09,CGIB,25.33,25.36,25.37,25.25,65882,1668006.0,0.47,0.16,0.04,0.0
2026-04-09,CGIC,34.52,34.72,34.841,34.39,504125,17500746.0,1.3,-0.23,-0.08,0.0
2026-04-09,CGIE,35.32,35.54,35.71,35.18,420475,14917081.0,1.48,-0.45,-0.16,0.0
2026-04-09,CGMM,30.6,30.72,30.85,30.475,831847,25521917.0,1.22,0.16,0.05,0.0
2026-04-09,CGMS,27.51,27.55,27.599,27.48,743938,20489760.0,0.43,0.15,0.04,0.0
2026-04-09,CGMU,27.34,27.39,27.4,27.331,1373668,37607535.0,0.25,0.15,0.04,0.0
2026-04-09,CGNG,33.32,33.57,33.66,33.155,359744,12036592.0,1.51,0.06,0.02,0.0
2026-04-09,CGNT,8.72,8.47,8.75,8.3,454442,3828734.0,5.13,-3.42,-0.3,0.63
2026-04-09,CGNX,53.48,53.91,54.68,53.14,1822095,98349767.0,2.86,0.24,0.13,1.09
2026-04-09,CGO,12.08,12.22,12.3,12.05,85650,1044002.0,2.09,1.92,0.23,0.0
2026-04-09,CGON,68.52,68.56,68.86,67.5,897057,61129797.0,1.97,-0.45,-0.31,1.06
2026-04-09,CGRO,24.042,24.042,24.042,24.042,58,1419.0,0.0,-0.68,-0.165,0.0
2026-04-09,CGSD,25.86,25.88,25.89,25.85,348651,9020671.0,0.15,0.08,0.02,0.0
2026-04-09,CGSM,26.37,26.335,26.37,26.31,250258,6592722.0,0.23,-0.02,-0.005,0.0
2026-04-09,CGTL,1.24,1.24,1.27,1.24,12100,15049.0,2.46,1.64,0.02,0.07
2026-04-09,CGTX,0.88,0.86,0.93,0.853,697915,624872.0,8.75,-2.27,-0.02,0.78
2026-04-09,CGUI,25.32,25.34,25.34,25.31,220614,5585478.0,0.12,0.08,0.02,0.0
2026-04-09,CGUS,40.18,40.53,40.58,40.12,915107,36988246.0,1.14,0.77,0.31,0.0
2026-04-09,CGV,16.04,16.055,16.1,15.944,7016,112579.0,0.97,0.12,0.02,0.0
2026-04-09,CGVV,28.02,28.235,28.25,27.97,9749,274280.0,1.0,0.85,0.238,0.0
2026-04-09,CGW,66.02,67.14,67.19,66.02,27368,1826509.0,1.76,1.27,0.84,0.0
2026-04-09,CGXU,30.88,31.15,31.25,30.75,760972,23643886.0,1.6,-0.42,-0.13,0.0
2026-04-09,CHA,10.05,9.73,10.12,9.65,300613,2952461.0,4.67,-3.38,-0.34,0.24
2026-04-09,CHAI,1.07,1.07,1.1,1.07,26270,28262.0,2.78,-0.93,-0.01,0.13
2026-04-09,CHAR,10.59,10.59,10.59,10.59,96,1018.0,0.0,0.0,0.0,0.0
2026-04-09,CHAT,67.79,68.57,68.58,67.03,539194,36731659.0,2.28,0.96,0.65,0.0
2026-04-09,CHAU,21.01,21.2,21.22,20.88,205139,4332023.0,1.59,-0.75,-0.16,0.0
2026-04-09,CHCI,18.925,19.43,19.69,18.52,27800,539339.0,6.2,3.02,0.57,0.28
2026-04-09,CHCO,125.81,127.91,128.995,125.76,125965,16068708.0,2.57,1.48,1.87,0.88
2026-04-09,CHCT,16.54,17.0,17.11,16.54,174356,2960258.0,3.42,1.92,0.32,0.61
2026-04-09,CHD,93.4,96.16,96.825,92.68,1945376,186755482.0,4.4,2.08,1.96,0.82
2026-04-09,CHDN,88.45,88.47,89.01,87.01,650414,57450126.0,2.26,-0.01,-0.01,0.93
2026-04-09,CHE,392.75,390.85,394.79,386.6,205171,80306801.0,2.07,-1.11,-4.4,1.4
2026-04-09,CHEF,62.92,64.59,64.65,62.59,384335,24640525.0,3.25,2.05,1.3,0.94
2026-04-09,CHGG,0.9,0.86,0.9,0.8,1800465,1507183.0,11.22,-3.48,-0.031,1.61
2026-04-09,CHGX,27.93,28.075,28.075,27.82,1773,49601.0,0.91,0.14,0.04,0.0
2026-04-09,CHH,107.42,113.07,113.26,107.42,474811,53149254.0,5.43,5.09,5.48,1.03
2026-04-09,CHI,11.72,11.75,11.81,11.61,320026,3757506.0,1.72,1.29,0.15,0.0
2026-04-09,CHIQ,20.14,20.176,20.27,20.0,9643,193964.0,1.33,-0.81,-0.164,0.0
2026-04-09,CHKP,144.93,141.85,145.5,139.86,834909,118382403.0,3.87,-2.76,-4.02,0.8
2026-04-09,CHMG,57.59,60.0,60.0,56.0,8516,505551.0,6.86,2.83,1.65,0.18
2026-04-09,CHMI,2.64,2.67,2.697,2.621,203681,542519.0,2.9,1.91,0.05,0.55
2026-04-09,CHMI_A,20.65,20.655,20.765,20.55,4436,91839.0,1.05,0.71,0.145,0.16
2026-04-09,CHMI_B,22.9,22.825,22.95,22.822,4244,97060.0,0.56,0.07,0.015,0.26
2026-04-09,CHNR,3.82,3.9,3.93,3.6,9466,36114.0,8.46,0.0,0.0,0.75
2026-04-09,CHOW,0.375,0.53,0.592,0.365,29393783,15160359.0,60.53,41.33,0.155,83.74
2026-04-09,CHPS,59.65,60.81,60.84,59.575,21668,1309542.0,2.12,1.94,1.157,0.0
2026-04-09,CHPT,5.01,5.2,5.244,5.01,367799,1903405.0,4.58,1.76,0.09,1.51
2026-04-09,CHPX,64.0,64.57,64.57,63.42,10879,697738.0,1.8,1.02,0.651,0.0
2026-04-09,CHPY,59.36,60.2,60.37,59.36,389650,23356595.0,1.7,1.5,0.89,0.0
2026-04-09,CHR,2.27,1.72,2.28,1.25,320347,533824.0,44.59,-25.54,-0.59,20.51
2026-04-09,CHRD,136.3,132.78,138.22,132.03,978374,130797639.0,4.59,-1.59,-2.15,1.73
2026-04-09,CHRI,80.94,80.916,80.94,80.916,292,23641.0,0.03,0.67,0.538,0.0
2026-04-09,CHRS,1.69,1.65,1.7,1.61,990376,1628677.0,5.29,-2.94,-0.05,0.66
2026-04-09,CHRW,172.42,170.2,174.89,168.68,1467209,250470593.0,3.6,-1.29,-2.22,1.24
2026-04-09,CHSCL,25.595,25.55,25.65,25.5,20190,516302.0,0.59,-0.12,-0.03,0.1
2026-04-09,CHSCM,24.8,24.78,24.85,24.75,5652,140175.0,0.4,-0.36,-0.09,0.03
2026-04-09,CHSCN,25.05,25.06,25.09,25.01,13559,339772.0,0.32,0.04,0.01,0.08
2026-04-09,CHSCO,26.19,26.195,26.33,26.12,55084,1446057.0,0.81,0.56,0.145,0.26
2026-04-09,CHSCP,27.58,27.7,27.709,27.58,5295,146346.0,0.47,-0.03,-0.008,0.04
2026-04-09,CHSN,2.64,2.51,2.73,2.43,546566,1382715.0,10.79,-9.71,-0.27,1.4
2026-04-09,CHT,42.39,42.48,42.71,42.31,188807,8028201.0,0.94,-0.35,-0.15,0.02
2026-04-09,CHTR,221.21,223.23,225.41,217.78,1304289,291013088.0,3.44,0.72,1.6,0.92
2026-04-09,CHW,7.74,7.83,7.875,7.74,369480,2892646.0,1.74,0.64,0.05,0.0
2026-04-09,CHWY,26.39,26.0,26.82,25.94,7950700,207823296.0,3.31,-1.74,-0.46,3.31
2026-04-09,CHY,11.8,11.98,11.98,11.76,250700,2986800.0,1.84,2.13,0.25,0.0
2026-04-09,CHYM,20.07,19.79,20.13,19.04,2518346,49622461.0,5.39,-2.22,-0.45,0.72
2026-04-09,CI,275.93,278.45,279.36,275.785,908052,252586715.0,1.29,0.32,0.89,0.34
2026-04-09,CIA,5.35,5.58,5.62,5.26,118635,652582.0,6.59,2.2,0.12,0.24
2026-04-09,CIB,75.36,73.86,75.66,73.48,358768,26575807.0,2.89,-1.99,-1.5,0.0
2026-04-09,CIBR,65.445,63.08,65.53,62.465,2261129,142667270.0,4.67,-3.93,-2.58,0.0
2026-04-09,CICB,25.02,25.12,25.15,24.99,17303,433563.0,0.64,1.17,0.29,0.0
2026-04-09,CICC,24.9,25.15,25.15,24.9,4697,118020.0,1.0,0.32,0.08,0.0
2026-04-09,CIEN,498.91,487.38,513.49,473.725,3280367,1610113520.0,8.05,-1.34,-6.63,2.32
2026-04-09,CIF,1.645,1.66,1.66,1.64,43835,72270.0,1.22,1.22,0.02,0.0
2026-04-09,CIFG,6.95,7.852,8.399,6.95,107925,849321.0,20.58,11.53,0.812,0.0
2026-04-09,CIFR,15.29,16.36,16.965,15.26,30843857,502781344.0,11.06,6.1,0.94,7.61
2026-04-09,CIFU,16.98,19.13,20.21,16.81,224795,4197381.0,20.08,12.99,2.2,0.0
2026-04-09,CIG,2.61,2.64,2.69,2.61,8222051,21816219.0,3.1,2.33,0.06,0.0
2026-04-09,CIGI,110.35,111.51,111.675,107.62,216291,23863144.0,3.67,0.99,1.09,0.43
2026-04-09,CIGL,1.8,1.7,1.83,1.7,16900,29982.0,7.12,-4.23,-0.07,0.01
2026-04-09,CIG_C,3.6,3.835,3.924,3.6,10112,38548.0,9.0,6.47,0.233,0.0
2026-04-09,CII,22.43,22.6,22.85,22.4,100134,2265799.0,2.01,1.07,0.24,0.0
2026-04-09,CIIT,1.58,1.58,1.605,1.567,8260,13125.0,2.32,-3.66,-0.06,0.23
2026-04-09,CIK,2.57,2.59,2.6,2.57,410121,1061422.0,1.16,0.19,0.005,0.0
2026-04-09,CIM,13.07,13.28,13.34,13.03,891479,11805711.0,2.37,1.53,0.2,1.07
2026-04-09,CIMN,25.285,25.11,25.37,25.1,4006,101000.0,1.07,-0.55,-0.14,0.0
2026-04-09,CIMO,25.37,25.385,25.385,25.32,2630,66701.0,0.26,0.02,0.005,0.0
2026-04-09,CIMP,25.1,25.04,25.1,25.04,8821,221133.0,0.24,0.16,0.04,0.0
2026-04-09,CIM_A,21.32,21.6,21.77,21.32,4375,94359.0,2.1,0.61,0.13,0.08
2026-04-09,CIM_B,23.03,23.41,23.58,23.03,34598,809710.0,2.37,0.95,0.22,0.27
2026-04-09,CIM_D,23.23,23.48,23.7,23.15,16885,396478.0,2.37,1.21,0.28,0.21
2026-04-09,CINF,162.76,163.95,165.64,162.615,615423,101039506.0,1.85,0.43,0.7,0.4
2026-04-09,CING,5.87,5.96,6.13,5.8,241643,1442477.0,5.64,1.88,0.11,2.08
2026-04-09,CINGW,0.027,0.027,0.027,0.027,11965,318.0,0.0,0.0,0.0,0.0
2026-04-09,CINT,4.84,4.65,4.85,4.65,44766,210910.0,4.21,-2.11,-0.1,0.19
2026-04-09,CION,7.1,7.09,7.12,7.005,586176,4143905.0,1.62,-0.42,-0.03,1.16
2026-04-09,CISO,0.376,0.341,0.376,0.34,169478,60547.0,9.73,-7.84,-0.029,0.37
2026-04-09,CISS,0.768,0.796,0.829,0.768,99259,80331.0,7.71,0.63,0.005,3.69
2026-04-09,CITR,9.19,9.09,9.29,8.905,23365,212787.0,4.21,-0.66,-0.06,0.12
2026-04-09,CIVB,23.505,24.17,24.24,23.455,105065,2529478.0,3.31,1.98,0.47,0.43
2026-04-09,CIX,22.27,23.27,23.33,22.27,6527,148920.0,4.69,2.87,0.65,0.05
2026-04-09,CJMB,1.24,1.21,1.26,1.17,27399,33597.0,7.14,-3.97,-0.05,0.49
2026-04-09,CKX,10.62,10.58,10.62,10.58,422,4482.0,0.39,3.22,0.33,0.02
2026-04-09,CL,84.72,86.04,86.4,84.46,4699941,403663072.0,2.27,0.57,0.49,0.59
2026-04-09,CLAR,2.72,2.76,2.77,2.68,132013,360045.0,3.27,0.36,0.01,0.34
2026-04-09,CLB,16.71,16.61,17.02,16.61,271591,4540224.0,2.45,-0.89,-0.15,0.59
2026-04-09,CLBK,18.06,18.5,18.67,18.05,230712,4261945.0,3.4,1.37,0.25,0.22
2026-04-09,CLBR,10.044,10.03,10.044,10.03,31715,318103.0,0.14,0.0,0.0,0.11
2026-04-09,CLBT,13.24,12.41,13.395,12.0,2388909,29658987.0,10.39,-7.59,-1.02,0.96
2026-04-09,CLCG,25.27,25.567,25.59,25.27,4997,127422.0,1.26,0.36,0.091,0.0
2026-04-09,CLCV,27.49,27.516,27.54,27.49,1678,46173.0,0.18,0.11,0.03,0.0
2026-04-09,CLDI,0.264,0.258,0.27,0.254,770418,202123.0,6.45,4.03,0.01,7.07
2026-04-09,CLDT,8.25,8.53,8.6,8.25,225167,1916417.0,4.22,2.77,0.23,0.48
2026-04-09,CLDT_A,19.8,19.76,19.8,19.7,7058,139435.0,0.5,-0.45,-0.09,0.15
2026-04-09,CLDX,32.45,33.62,33.86,32.225,815378,27291128.0,5.04,3.73,1.21,1.06
2026-04-09,CLF,9.04,9.23,9.33,9.04,11059409,101998714.0,3.21,2.1,0.19,1.94
2026-04-09,CLFD,26.5,26.99,28.4,26.0,496515,13298995.0,9.03,1.58,0.42,3.63
2026-04-09,CLGN,0.336,0.384,0.386,0.336,65419,24262.0,14.75,13.27,0.045,0.45
2026-04-09,CLH,301.52,302.16,303.81,298.96,842349,253839628.0,1.6,-0.14,-0.42,1.58
2026-04-09,CLIK,2.6,3.45,3.7,2.33,31971398,91121327.0,65.24,64.29,1.35,1088.95
2026-04-09,CLIM,24.72,24.914,25.05,24.72,281,7010.0,1.34,0.88,0.217,0.0
2026-04-09,CLIP,100.16,100.15,100.16,100.14,241266,24161808.0,0.02,0.02,0.02,0.0
2026-04-09,CLIR,6.3,6.18,6.87,5.99,58115,374350.0,13.6,-4.48,-0.29,1.07
2026-04-09,CLIX,54.93,55.472,55.472,54.93,664,36605.0,0.99,0.98,0.537,0.0
2026-04-09,CLLS,3.46,3.5,3.589,3.45,7290,25422.0,3.92,-1.41,-0.05,0.01
2026-04-09,CLM,7.37,7.42,7.48,7.34,1181370,8767794.0,1.9,0.54,0.04,0.0
2026-04-09,CLMB,20.93,21.49,21.725,20.8,183709,3917400.0,4.39,1.94,0.41,1.0
2026-04-09,CLMT,34.69,33.45,35.07,33.044,962352,32445428.0,5.87,-3.04,-1.05,1.11
2026-04-09,CLNE,2.38,2.29,2.405,2.26,1700215,3912657.0,6.07,-4.18,-0.1,0.77
2026-04-09,CLNK,15.98,16.402,16.447,15.89,23982,391484.0,3.41,0.29,0.048,0.0
2026-04-09,CLNN,6.38,6.34,6.44,6.15,63715,402542.0,4.53,-0.94,-0.06,0.54
2026-04-09,CLOA,51.75,51.735,51.78,51.72,526667,27256301.0,0.12,0.01,0.005,0.0
2026-04-09,CLOB,49.8,49.856,49.87,49.74,8244,410934.0,0.26,-0.06,-0.029,0.0
2026-04-09,CLOC,24.91,24.91,24.91,24.91,13992,348540.0,0.0,0.04,0.01,0.0
2026-04-09,CLOD,25.42,25.455,25.455,25.35,319,8115.0,0.4,-3.11,-0.817,0.0
2026-04-09,CLOI,52.58,52.54,52.58,52.501,123056,6466007.0,0.15,-0.04,-0.02,0.0
2026-04-09,CLOU,19.4,18.71,19.4,18.44,229814,4323858.0,4.92,-4.1,-0.8,0.0
2026-04-09,CLOV,1.9,1.91,1.94,1.89,2249147,4304684.0,2.6,-0.52,-0.01,0.52
2026-04-09,CLOX,25.51,25.51,25.53,25.45,171797,4382901.0,0.31,0.08,0.02,0.0
2026-04-09,CLOZ,25.77,25.82,25.84,25.675,654894,16888257.0,0.64,0.31,0.08,0.0
2026-04-09,CLPR,3.11,3.2,3.24,3.075,42964,136405.0,5.22,1.27,0.04,0.27
2026-04-09,CLPS,0.91,1.0,1.0,0.89,5643,5243.0,12.36,12.36,0.11,0.02
2026-04-09,CLPT,9.06,8.96,9.14,8.84,528371,4734786.0,3.27,-2.29,-0.21,1.76
2026-04-09,CLRB,2.77,2.82,2.87,2.75,16867,47814.0,4.35,2.17,0.06,0.4
2026-04-09,CLRO,3.32,3.32,3.32,3.32,345,1163.0,0.0,0.0,0.0,0.01
2026-04-09,CLS,320.76,328.33,328.58,313.68,1562176,504809712.0,4.65,2.38,7.63,1.36
2026-04-09,CLSE,29.94,30.05,30.09,29.74,389328,11665678.0,1.18,1.08,0.32,0.0
2026-04-09,CLSK,9.76,10.2,10.53,9.725,22935259,233940899.0,8.15,3.24,0.32,8.97
2026-04-09,CLSKW,0.28,0.315,0.319,0.28,88593,26948.0,13.93,12.5,0.035,0.0
2026-04-09,CLSM,24.13,24.28,24.35,24.13,15476,376015.0,0.91,0.91,0.219,0.0
2026-04-09,CLST,16.42,15.97,16.439,15.95,89690,1454767.0,2.86,-6.61,-1.13,2.21
2026-04-09,CLSX,10.99,11.92,12.67,10.91,564126,6698062.0,15.66,6.05,0.68,0.0
2026-04-09,CLSZ,16.23,15.11,16.666,14.14,78918,1199722.0,15.6,-6.68,-1.082,0.0
2026-04-09,CLVT,2.26,2.18,2.291,2.12,4351259,9481452.0,7.43,-5.22,-0.12,0.68
2026-04-09,CLW,14.81,15.28,15.31,14.69,112688,1709162.0,4.15,2.21,0.33,0.7
2026-04-09,CLWT,1.25,1.25,1.25,1.25,303,376.0,0.0,0.0,0.0,0.0
2026-04-09,CLX,104.5,107.62,108.215,104.24,1744627,186996703.0,3.76,1.85,1.95,1.44
2026-04-09,CLYM,7.09,8.05,8.16,7.09,572373,4446626.0,15.07,13.38,0.95,1.2
2026-04-09,CM,100.36,102.48,102.65,100.36,985232,100567030.0,2.27,1.5,1.51,0.11
2026-04-09,CMBO,101.75,101.765,101.765,101.75,100,10175.0,0.01,0.01,0.015,0.0
2026-04-09,CMBS,48.79,48.61,48.93,48.61,16684,815370.0,0.65,-0.53,-0.26,0.0
2026-04-09,CMBT,13.0,12.75,13.03,12.7,1224964,15727450.0,2.53,-2.15,-0.28,0.42
2026-04-09,CMC,63.93,65.57,66.05,63.16,1551541,101251875.0,4.49,1.96,1.26,1.4
2026-04-09,CMCI,27.835,27.835,27.835,27.835,17,472.0,0.0,0.06,0.017,0.0
2026-04-09,CMCL,24.47,24.89,25.1,24.03,175065,4355448.0,4.35,1.26,0.31,0.91
2026-04-09,CMCM,5.72,5.61,6.47,5.61,29628,176914.0,14.93,-2.6,-0.15,0.29
2026-04-09,CMCO,14.81,15.58,15.68,14.81,442444,6848120.0,5.82,4.28,0.64,1.54
2026-04-09,CMCSA,27.82,28.31,28.32,27.63,24209088,680804096.0,2.47,1.25,0.35,0.67
2026-04-09,CMCT,0.59,0.63,0.65,0.59,357693,223563.0,10.51,10.33,0.059,1.36
2026-04-09,CMDB,17.4,17.59,17.915,17.2,57297,1008705.0,4.05,-0.4,-0.07,0.24
2026-04-09,CMDT,32.33,32.073,33.93,31.9,139610,4483334.0,6.34,0.1,0.033,0.0
2026-04-09,CMDY,58.85,58.69,59.1,58.25,76144,4476629.0,1.46,0.55,0.32,0.0
2026-04-09,CME,302.955,298.93,303.68,297.64,4031679,1211580976.0,1.99,-1.28,-3.88,1.11
2026-04-09,CMF,57.2,57.3,57.35,57.18,523534,29992849.0,0.3,0.16,0.09,0.0
2026-04-09,CMG,33.57,34.24,34.67,33.47,12382130,422243632.0,3.55,1.33,0.45,0.95
2026-04-09,CMGG,15.54,16.14,16.14,15.5,1887,29658.0,4.07,2.65,0.416,0.0
2026-04-09,CMI,597.04,610.99,614.23,594.405,666835,406301616.0,3.32,2.4,14.34,0.48
2026-04-09,CMIIU,10.0,10.0,10.0,10.0,35,348.0,0.0,0.0,0.0,0.0
2026-04-09,CMIIW,0.38,0.38,0.38,0.38,2500,950.0,0.0,16.92,0.055,0.0
2026-04-09,CMMB,1.71,1.67,1.835,1.62,123688,213860.0,12.57,-2.34,-0.04,1.72
2026-04-09,CMND,1.325,1.2,1.37,1.19,40407,52311.0,13.74,-8.4,-0.11,1.93
2026-04-09,CMP,25.03,25.14,25.74,24.88,398875,10022014.0,3.44,0.6,0.15,0.95
2026-04-09,CMPR,77.32,75.14,78.05,74.44,142579,10803611.0,4.63,-3.67,-2.86,0.59
2026-04-09,CMPS,5.67,5.58,5.708,5.57,1209400,6798545.0,2.41,-2.45,-0.14,0.9
2026-04-09,CMPX,5.32,5.45,5.595,5.3,2686305,14731153.0,5.46,0.93,0.05,1.49
2026-04-09,CMRC,2.7,2.67,2.79,2.455,566330,1482710.0,12.27,-2.2,-0.06,0.69
2026-04-09,CMRE,17.88,17.34,18.055,17.2,547855,9587601.0,4.85,-1.7,-0.3,0.45
2026-04-09,CMRE_B,25.98,25.98,25.98,25.98,300,7792.0,0.0,0.0,0.0,0.02
2026-04-09,CMRE_C,26.9,26.975,26.975,26.9,1636,44119.0,0.28,0.13,0.035,0.04
2026-04-09,CMRE_D,27.98,27.95,28.09,27.95,5522,154643.0,0.5,-0.09,-0.025,0.14
2026-04-09,CMS,78.02,79.94,80.36,78.02,3820789,305456384.0,2.97,1.42,1.12,1.24
2026-04-09,CMSA,21.6,21.63,21.72,21.5,18443,398945.0,1.02,0.42,0.09,0.0
2026-04-09,CMSC,22.33,22.39,22.48,22.32,10923,244476.0,0.72,0.45,0.1,0.0
2026-04-09,CMSD,22.58,22.59,22.728,22.5,41665,942229.0,1.01,0.4,0.09,0.0
2026-04-09,CMS_B,79.02,79.02,79.02,79.02,8,683.0,0.0,0.0,0.0,0.0
2026-04-09,CMS_C,16.89,16.91,16.92,16.72,26588,448026.0,1.19,0.71,0.12,0.29
2026-04-09,CMT,23.22,23.27,23.34,22.84,36625,849990.0,2.17,1.09,0.25,0.4
2026-04-09,CMTG,2.38,2.4,2.425,2.325,255023,608708.0,4.17,0.0,0.0,0.18
2026-04-09,CMTL,3.91,3.78,3.98,3.725,152392,582541.0,6.54,-3.08,-0.12,0.51
2026-04-09,CMTV,35.3,35.15,35.9,35.125,8788,310905.0,2.16,-2.09,-0.75,0.16
2026-04-09,CMU,3.65,3.64,3.66,3.64,38759,141373.0,0.55,-0.55,-0.02,0.0
2026-04-09,CNA,47.09,47.69,47.82,46.73,315116,15017828.0,2.3,0.59,0.28,0.12
2026-04-09,CNAV,34.65,34.68,34.74,34.485,3263,113068.0,0.74,1.12,0.385,0.0
2026-04-09,CNBS,23.1,23.48,23.66,22.97,6770,157846.0,2.97,0.99,0.23,0.0
2026-04-09,CNC,37.25,37.55,37.75,36.97,3663891,137070319.0,2.09,0.72,0.27,0.75
2026-04-09,CNCG,12.07,12.261,12.3,12.07,1237,14972.0,1.91,1.83,0.22,0.0
2026-04-09,CNCK,1.65,1.48,1.68,1.4,355184,535958.0,16.97,-10.3,-0.17,0.26
2026-04-09,CNCKW,0.15,0.201,0.202,0.14,29808,5809.0,32.46,5.24,0.01,0.0
2026-04-09,CNDT,1.41,1.48,1.48,1.39,994773,1439471.0,6.29,3.5,0.05,0.64
2026-04-09,CNEQ,33.06,33.46,33.46,32.815,69218,2300589.0,1.95,1.3,0.43,0.0
2026-04-09,CNET,0.696,0.716,0.716,0.696,2006,1395.0,2.97,6.23,0.042,0.06
2026-04-09,CNEY,0.389,0.412,0.413,0.375,132776,51835.0,9.92,7.57,0.029,1.75
2026-04-09,CNF,3.19,3.135,3.3,3.12,9186,29124.0,5.66,-1.42,-0.045,0.13
2026-04-09,CNH,11.35,11.63,11.76,11.345,16333388,189579286.0,3.63,1.75,0.2,1.32
2026-04-09,CNI,108.39,110.14,110.53,108.39,2048616,225266391.0,1.99,2.3,2.48,0.34
2026-04-09,CNK,29.62,30.87,31.08,29.48,1918183,58627873.0,5.38,3.87,1.15,1.64
2026-04-09,CNL,18.77,18.64,19.18,18.59,46061,867199.0,3.14,-0.64,-0.12,0.05
2026-04-09,CNM,51.09,51.24,51.61,50.09,2084722,106609000.0,2.96,-0.29,-0.15,1.11
2026-04-09,CNMD,36.28,36.93,37.67,35.98,388586,14387164.0,4.62,0.93,0.34,1.29
2026-04-09,CNNE,12.1,12.47,12.5,12.03,632900,7850585.0,3.85,2.21,0.27,1.37
2026-04-09,CNO,42.35,42.11,42.89,42.075,920271,38943498.0,1.91,-1.54,-0.66,0.98
2026-04-09,CNOB,28.15,28.25,28.62,28.15,585416,16627951.0,1.66,-0.49,-0.14,1.16
2026-04-09,CNOBP,24.68,24.68,24.7,24.67,2705,66777.0,0.12,0.08,0.02,0.06
2026-04-09,CNO_A,17.64,18.345,18.345,17.64,602,10819.0,3.96,3.06,0.545,0.0
2026-04-09,CNP,43.6,44.13,44.47,43.55,4256329,188068107.0,2.11,1.03,0.45,0.65
2026-04-09,CNQ,46.92,45.7,47.33,45.3,11220450,515873152.0,4.37,-1.57,-0.73,0.54
2026-04-09,CNQQ,22.48,22.48,22.48,22.48,100,4024.0,0.0,-0.09,-0.02,0.0
2026-04-09,CNR,94.51,88.23,96.0,87.1,1486435,132475299.0,9.41,-6.74,-6.38,2.93
2026-04-09,CNRG,91.99,93.366,94.32,91.99,2921,273439.0,2.53,1.33,1.227,0.0
2026-04-09,CNS,63.62,64.04,64.37,63.06,392894,25073625.0,2.05,0.22,0.14,0.76
2026-04-09,CNSP,2.25,2.13,2.25,2.06,32216,69527.0,8.72,-2.29,-0.05,3.97
2026-04-09,CNTA,39.59,39.76,39.8,39.435,1947112,77272880.0,0.92,0.58,0.23,1.26
2026-04-09,CNTB,2.61,2.78,2.9,2.58,270752,752598.0,12.17,5.7,0.15,0.48
2026-04-09,CNTN,3.25,3.4,3.48,3.12,1405007,4742168.0,10.98,3.66,0.12,2.48
2026-04-09,CNTX,2.65,2.59,2.83,2.58,595000,1580107.0,9.47,-1.89,-0.05,0.65
2026-04-09,CNTY,1.46,1.48,1.5,1.46,46700,69389.0,2.72,0.68,0.01,0.16
2026-04-09,CNVS,2.48,2.42,2.489,2.36,84579,205708.0,5.24,-1.63,-0.04,0.4
2026-04-09,CNX,38.59,38.82,39.15,38.325,1909774,74045154.0,2.14,0.62,0.24,1.35
2026-04-09,CNXC,27.73,28.5,28.55,27.23,1176438,33220897.0,4.76,2.78,0.77,1.93
2026-04-09,CNXN,61.93,62.69,63.36,60.95,64538,4049826.0,3.86,0.5,0.31,0.26
2026-04-09,CNXT,46.43,46.78,46.97,46.304,21685,1012825.0,1.42,-0.57,-0.27,0.0
2026-04-09,CNYA,34.78,34.85,34.93,34.68,26712,928010.0,0.71,-0.8,-0.28,0.0
2026-04-09,COAL,26.51,25.94,26.72,25.63,253633,6608428.0,4.09,-2.63,-0.7,0.0
2026-04-09,COCH,0.673,0.652,0.673,0.64,112473,73897.0,4.98,-1.66,-0.011,0.15
2026-04-09,COCHW,0.05,0.05,0.05,0.05,6,0.0,0.0,0.0,0.0,0.0
2026-04-09,COCO,48.35,48.83,49.695,47.73,1146012,55785310.0,4.0,-0.67,-0.33,2.01
2026-04-09,COCP,1.4,1.43,1.52,1.36,551674,800249.0,11.11,-0.69,-0.01,4.0
2026-04-09,CODA,11.95,12.38,12.6,11.95,120025,1487559.0,5.41,3.0,0.36,1.06
2026-04-09,CODI,9.51,9.84,10.11,9.51,1069914,10609115.0,6.25,2.5,0.24,1.42
2026-04-09,CODI_A,19.27,19.24,19.48,19.0,9963,192106.0,2.47,-0.88,-0.17,0.21
2026-04-09,CODI_B,20.55,20.79,20.8,20.29,24471,504002.0,2.45,-0.05,-0.01,0.33
2026-04-09,CODI_C,20.58,20.523,20.58,20.5,16696,343470.0,0.39,-0.28,-0.057,0.21
2026-04-09,CODX,1.39,1.44,1.5,1.35,201243,285321.0,10.79,3.6,0.05,5.59
2026-04-09,COE,22.41,21.5,22.49,21.045,17431,376282.0,6.77,0.7,0.15,0.42
2026-04-09,COEP,10.94,12.62,12.67,10.94,86465,1060106.0,15.94,16.31,1.77,1.39
2026-04-09,COEPW,0.011,0.011,0.011,0.01,3797,41.0,9.09,0.0,0.0,0.0
2026-04-09,COF,192.33,194.73,195.86,191.57,4635386,901096448.0,2.23,1.18,2.27,0.75
2026-04-09,COFS,29.07,30.32,30.37,29.07,116968,3503261.0,4.43,3.41,1.0,0.78
2026-04-09,COF_I,19.18,19.21,19.26,19.14,57757,1107323.0,0.63,0.31,0.06,0.1
2026-04-09,COF_J,18.31,18.38,18.4,18.31,59699,1095212.0,0.49,0.27,0.05,0.12
2026-04-09,COF_K,17.65,17.748,17.835,17.65,6741,119704.0,1.05,0.27,0.048,0.13
2026-04-09,COF_L,16.73,16.76,16.77,16.67,30334,507082.0,0.6,0.54,0.09,0.11
2026-04-09,COF_N,16.06,16.21,16.23,16.06,16692,270523.0,1.05,0.5,0.08,0.1
2026-04-09,COGT,36.56,37.35,37.5,36.092,2473044,91895063.0,3.81,1.08,0.4,1.52
2026-04-09,COHN,16.065,16.6,16.65,16.065,9769,160294.0,3.71,5.33,0.84,0.39
2026-04-09,COHR,286.4,284.17,301.0,277.19,6374600,1822916608.0,8.45,0.84,2.38,3.4
2026-04-09,COHU,34.44,35.4,35.74,34.36,677700,23826330.0,4.01,2.91,1.0,1.44
2026-04-09,COHX,35.06,35.19,39.446,33.463,717731,25957508.0,17.31,1.79,0.62,0.0
2026-04-09,COIA,5.49,5.04,5.54,4.9,101176,520394.0,11.79,-7.18,-0.39,0.0
2026-04-09,COIG,6.97,6.437,7.02,6.23,92853,606680.0,11.4,-7.11,-0.493,0.0
2026-04-09,COII,9.08,8.757,9.08,8.646,6218,55494.0,4.79,-3.31,-0.3,0.0
2026-04-09,COIN,175.83,169.02,177.14,166.403,10754897,1835775168.0,6.13,-3.47,-6.07,4.82
2026-04-09,COIO,6.88,6.62,6.88,6.55,8316,56249.0,4.82,-3.33,-0.228,0.0
2026-04-09,COIW,12.18,11.68,12.24,11.46,72840,858578.0,6.4,-4.18,-0.51,0.0
2026-04-09,COKE,202.02,209.04,209.28,201.18,364115,75483875.0,4.0,3.3,6.68,0.64
2026-04-09,COLA,10.53,10.53,10.53,10.53,945,9951.0,0.0,0.0,0.0,0.02
2026-04-09,COLAR,0.35,0.395,0.395,0.35,16280,5717.0,12.86,12.86,0.045,0.0
2026-04-09,COLB,28.69,29.57,29.655,28.69,2751327,80969325.0,3.34,2.39,0.69,0.95
2026-04-09,COLD,11.87,12.01,12.24,11.84,3636933,43843035.0,3.34,0.25,0.03,1.27
2026-04-09,COLL,33.06,35.25,35.25,33.06,568878,19715304.0,6.55,5.44,1.82,1.76
2026-04-09,COLM,57.64,58.78,58.94,57.06,509208,29637673.0,3.25,1.55,0.9,0.97
2026-04-09,COLO,40.11,40.5,40.52,39.75,165330,6653639.0,1.9,0.12,0.05,0.0
2026-04-09,COM,33.21,33.08,33.22,32.95,132182,4375387.0,0.82,0.06,0.02,0.0
2026-04-09,COMB,25.81,25.72,25.935,25.56,60012,1540901.0,1.46,0.27,0.07,0.0
2026-04-09,COMD,27.205,27.064,27.205,27.064,217,5920.0,0.52,0.53,0.144,0.0
2026-04-09,COMP,7.34,7.23,7.51,7.02,14142919,102369747.0,6.59,-2.82,-0.21,1.92
2026-04-09,COMT,33.21,33.07,33.45,32.63,442465,14620784.0,2.5,0.85,0.28,0.0
2026-04-09,CON,21.5,22.19,22.47,21.5,573023,12730091.0,4.43,1.28,0.28,0.45
2026-04-09,CONI,60.495,65.35,67.0,60.04,147617,9438849.0,11.45,7.52,4.57,0.0
2026-04-09,CONL,7.06,6.53,7.17,6.32,20722312,138463644.0,12.13,-6.85,-0.48,0.0
2026-04-09,CONX,8.52,7.877,8.635,7.7,96989,770590.0,11.04,-6.99,-0.592,0.0
2026-04-09,CONY,25.85,25.12,25.925,24.77,285907,7219362.0,4.42,-3.87,-1.01,0.0
2026-04-09,COO,71.14,71.46,71.85,70.075,1277256,91133861.0,2.47,-0.38,-0.27,0.65
2026-04-09,COOK,31.02,34.06,34.73,31.02,5789,190510.0,11.64,6.84,2.18,0.21
2026-04-09,COOT,0.573,0.594,0.605,0.57,42720,25001.0,5.92,0.51,0.003,0.14
2026-04-09,COOTW,0.021,0.021,0.021,0.021,2,0.0,0.0,0.0,0.0,0.0
2026-04-09,COP,126.29,123.47,127.91,123.28,9069416,1129737888.0,3.7,-1.4,-1.75,0.74
2026-04-09,COPA,46.61,47.078,47.13,46.61,1541,72398.0,1.11,0.58,0.273,0.0
2026-04-09,COPJ,41.02,41.64,42.15,41.02,265013,11024607.0,2.72,0.29,0.12,0.0
2026-04-09,COPL,10.34,10.33,10.34,10.33,225103,2327564.0,0.1,-0.05,-0.005,1.25
2026-04-09,COPP,38.69,38.95,39.3,38.25,109449,4248259.0,2.7,0.23,0.09,0.0
2026-04-09,COPX,81.72,81.56,82.63,80.57,4755953,387595968.0,2.51,-0.57,-0.47,0.0
2026-04-09,COPY,14.07,14.16,14.19,14.0,96990,1371227.0,1.34,-0.42,-0.06,0.0
2026-04-09,COPZ,17.35,17.201,17.72,17.04,17661,304039.0,3.91,-1.21,-0.21,0.0
2026-04-09,COR,324.21,322.46,325.91,319.72,1197046,386455344.0,1.91,-0.76,-2.47,0.62
2026-04-09,CORB,29.66,29.7,29.7,29.64,39332,1168139.0,0.2,0.0,0.0,0.0
2026-04-09,CORD,10.94,10.46,12.25,9.72,6345797,67401042.0,22.55,-6.77,-0.76,0.0
2026-04-09,CORN,18.06,17.89,18.08,17.81,982175,17589906.0,1.5,-0.56,-0.1,0.0
2026-04-09,CORO,33.58,33.9,33.998,33.54,690632,23366108.0,1.35,-0.03,-0.01,0.0
2026-04-09,CORP,97.07,97.213,97.38,96.97,30510,2965076.0,0.42,0.05,0.053,0.0
2026-04-09,CORT,41.73,42.25,42.84,41.0,925447,39084098.0,4.39,0.91,0.38,0.86
2026-04-09,CORZ,17.81,17.98,18.5,17.29,12754938,230342910.0,6.85,1.81,0.32,4.04
2026-04-09,CORZW,11.2,11.42,11.89,10.92,403082,4624014.0,8.71,2.51,0.28,0.0
2026-04-09,CORZZ,17.93,17.921,18.285,17.41,3233,57224.0,4.97,1.71,0.301,0.0
2026-04-09,COSM,0.294,0.29,0.3,0.285,338453,98262.0,5.0,-3.33,-0.01,0.82
2026-04-09,COSO,25.5,25.94,26.09,25.33,214849,5534150.0,2.99,1.89,0.48,1.79
2026-04-09,COST,1029.49,1032.03,1035.82,1025.057,1433627,1479775472.0,1.04,0.17,1.76,0.32
2026-04-09,COSW,47.83,48.179,48.34,47.83,3179,153070.0,1.06,0.35,0.169,0.0
2026-04-09,COTG,15.91,15.97,16.07,15.81,24487,390650.0,1.63,0.31,0.05,0.0
2026-04-09,COTY,2.08,2.09,2.12,2.053,5944388,12441020.0,3.21,0.0,0.0,0.68
2026-04-09,COUR,5.61,5.6,5.69,5.47,6992559,39036312.0,3.98,1.27,0.07,4.13
2026-04-09,COWG,34.76,34.67,34.81,34.45,559762,19375430.0,1.03,-0.67,-0.235,0.0
2026-04-09,COWS,33.672,33.8,33.92,33.672,14080,476550.0,0.73,-0.44,-0.149,0.0
2026-04-09,COWZ,62.41,62.15,62.46,61.965,1830183,113798843.0,0.79,-0.85,-0.53,0.0
2026-04-09,COYA,4.14,4.53,4.58,4.13,342164,1509930.0,10.95,10.22,0.42,1.46
2026-04-09,COYY,4.22,4.17,4.225,4.12,211176,881507.0,2.49,-1.0,-0.042,0.0
2026-04-09,COZX,12.34,12.338,12.98,11.59,45945,557150.0,11.7,3.86,0.458,0.0
2026-04-09,CP,81.97,81.2,82.6,81.2,3470014,283100208.0,1.71,-0.55,-0.45,0.39
2026-04-09,CPA,117.94,119.25,120.215,115.9,815335,97146686.0,3.62,0.07,0.08,2.7
2026-04-09,CPAC,10.87,10.78,10.87,10.715,58724,631339.0,1.44,0.37,0.04,0.07
2026-04-09,CPAG,102.46,102.668,102.77,102.46,837,85887.0,0.3,0.04,0.042,0.0
2026-04-09,CPAI,43.5,43.11,43.5,42.86,62032,2674515.0,1.47,-1.15,-0.5,0.0
2026-04-09,CPAY,302.98,306.57,307.5,297.7,541089,165015959.0,3.22,0.87,2.65,0.82
2026-04-09,CPB,20.42,20.79,20.93,20.32,11421126,236752011.0,2.95,0.48,0.1,3.83
2026-04-09,CPBI,17.53,17.31,17.53,17.31,1181,20595.0,1.27,0.0,0.0,0.03
2026-04-09,CPER,35.14,35.21,35.35,35.05,510768,17981774.0,0.85,-0.11,-0.04,0.0
2026-04-09,CPF,33.17,33.92,34.04,32.81,142677,4826353.0,3.69,1.89,0.63,0.54
2026-04-09,CPHC,15.61,15.61,15.61,15.61,159,2475.0,0.0,0.0,0.0,0.0
2026-04-09,CPHI,0.532,0.655,0.655,0.532,13291,8184.0,19.84,5.65,0.035,0.03
2026-04-09,CPHY,50.98,51.118,51.118,50.98,192,9788.0,0.27,0.07,0.037,0.0
2026-04-09,CPII,19.16,19.16,19.16,19.16,9,188.0,0.0,0.08,0.015,0.0
2026-04-09,CPIX,3.18,3.11,3.2,3.09,16969,53358.0,3.5,-0.96,-0.03,0.11
2026-04-09,CPK,130.29,132.73,133.465,129.105,95300,12638601.0,3.32,1.17,1.53,0.4
2026-04-09,CPLB,21.055,21.1,21.1,21.04,24555,516821.0,0.28,0.09,0.02,0.0
2026-04-09,CPLS,35.36,35.405,35.455,35.34,6613,233987.0,0.33,0.08,0.03,0.0
2026-04-09,CPNG,19.575,19.66,19.9,19.455,11405985,224166088.0,2.26,-0.1,-0.02,0.68
2026-04-09,CPNJ,27.344,27.344,27.344,27.344,31,847.0,0.0,0.11,0.03,0.0
2026-04-09,CPNM,26.3,26.31,26.31,26.285,926,24366.0,0.1,0.22,0.058,0.0
2026-04-09,CPNQ,26.64,26.7,26.7,26.64,2676,71358.0,0.23,0.26,0.07,0.0
2026-04-09,CPNS,27.465,27.479,27.479,27.465,109,2994.0,0.05,0.16,0.045,0.0
2026-04-09,CPOP,0.33,0.309,0.385,0.281,680520,235746.0,31.9,-5.21,-0.017,0.95
2026-04-09,CPRA,27.13,27.145,27.145,27.13,668,18126.0,0.06,0.09,0.024,0.0
2026-04-09,CPRI,19.29,19.82,20.055,19.02,1948371,38580132.0,5.32,1.85,0.36,1.64
2026-04-09,CPRJ,27.19,27.239,27.239,27.19,568,15452.0,0.18,0.22,0.059,0.0
2026-04-09,CPRO,27.431,27.444,27.445,27.431,559,15337.0,0.05,0.11,0.03,0.0
2026-04-09,CPRT,33.07,32.99,33.145,32.46,5458147,179898820.0,2.07,-0.54,-0.18,0.57
2026-04-09,CPRX,24.982,25.6,25.82,24.92,1534541,39171053.0,3.56,1.15,0.29,1.26
2026-04-09,CPRY,27.37,27.355,27.37,27.321,3762,102865.0,0.18,0.11,0.03,0.0
2026-04-09,CPS,30.3,30.73,31.07,28.8,337625,10159835.0,7.37,-0.29,-0.09,1.9
2026-04-09,CPSA,27.19,27.19,27.19,27.19,234,6365.0,0.0,0.09,0.025,0.0
2026-04-09,CPSD,26.14,26.155,26.16,26.14,1819,47580.0,0.08,0.21,0.055,0.0
2026-04-09,CPSF,25.81,25.755,25.81,25.755,603,15563.0,0.21,0.06,0.015,0.0
2026-04-09,CPSH,4.7,4.76,4.85,4.5,178828,845599.0,7.69,4.62,0.21,0.99
2026-04-09,CPSJ,27.16,27.18,27.18,27.15,588,15969.0,0.11,0.18,0.05,0.0
2026-04-09,CPSL,27.41,27.5,27.5,27.41,18667,512625.0,0.33,0.11,0.03,0.0
2026-04-09,CPSM,29.0,28.959,29.0,28.95,362,10493.0,0.17,0.03,0.009,0.0
2026-04-09,CPSN,27.05,27.05,27.05,27.05,221,5978.0,0.0,0.13,0.035,0.0
2026-04-09,CPSO,27.265,27.265,27.265,27.265,60,1635.0,0.0,0.16,0.044,0.0
2026-04-09,CPSP,26.56,26.59,26.59,26.53,2700,73936.0,0.24,0.08,0.02,0.0
2026-04-09,CPSR,25.479,25.45,25.5,25.45,7305,186109.0,0.2,0.06,0.015,0.0
2026-04-09,CPSS,7.84,8.35,8.39,7.72,16602,136544.0,8.46,5.43,0.43,0.08
2026-04-09,CPST,27.24,27.24,27.24,27.24,1481,40342.0,0.0,0.11,0.03,0.0
2026-04-09,CPSU,27.42,27.4,27.42,27.4,119,3272.0,0.07,0.11,0.03,0.0
2026-04-09,CPSY,25.25,25.24,25.25,25.24,402,10150.0,0.04,0.16,0.04,0.0
2026-04-09,CPT,101.82,100.84,102.22,100.5,1277760,129277717.0,1.68,-1.4,-1.43,1.22
2026-04-09,CPXR,26.05,26.0,26.165,25.81,15908,413651.0,1.36,-0.15,-0.04,0.0
2026-04-09,CPZ,13.63,13.92,13.975,13.63,138050,1910218.0,2.53,2.05,0.28,0.0
2026-04-09,CQP,65.02,63.51,65.708,63.38,79754,5114026.0,3.57,-2.55,-1.66,0.02
2026-04-09,CQQQ,47.44,47.41,47.55,46.855,391181,18499472.0,1.45,-0.84,-0.4,0.0
2026-04-09,CR,182.13,186.57,187.75,182.13,289999,53972542.0,3.05,1.4,2.57,0.5
2026-04-09,CRAC,10.03,10.03,10.03,10.02,120133,1204962.0,0.1,0.0,0.0,0.7
2026-04-09,CRACR,0.18,0.18,0.18,0.18,500,80.0,0.0,0.0,0.0,0.0
2026-04-09,CRACW,0.06,0.06,0.06,0.06,535,32.0,0.0,0.0,0.0,0.0
2026-04-09,CRAI,165.26,164.7,167.35,161.77,191943,31602371.0,3.34,-1.3,-2.17,2.92
2026-04-09,CRAK,48.6,48.05,48.64,47.8,64568,3112548.0,1.74,-0.6,-0.29,0.0
2026-04-09,CRAN,9.935,9.94,9.94,9.935,1615,16052.0,0.05,0.1,0.01,0.0
2026-04-09,CRANU,10.15,10.15,10.15,10.15,102,1029.0,0.0,0.0,0.0,0.0
2026-04-09,CRAQR,0.172,0.16,0.172,0.16,500,85.0,5.45,-27.27,-0.06,0.0
2026-04-09,CRBD,23.42,23.52,23.65,23.26,25267,593477.0,1.67,0.9,0.21,0.0
2026-04-09,CRBG,24.97,24.79,25.21,24.34,5348580,132689626.0,3.49,-0.44,-0.11,1.11
2026-04-09,CRBN,231.525,233.08,233.708,231.375,4951,1152630.0,1.0,0.24,0.55,0.0
2026-04-09,CRBP,9.82,10.32,10.73,9.81,199901,2064136.0,9.35,4.88,0.48,1.13
2026-04-09,CRBU,1.95,1.96,2.0,1.93,891128,1756132.0,3.59,0.51,0.01,0.92
2026-04-09,CRC,66.6,66.0,68.395,65.725,1005062,66841546.0,4.02,-0.62,-0.41,1.13
2026-04-09,CRCA,38.85,32.16,39.5,31.739,2250409,79497878.0,19.3,-20.02,-8.05,0.0
2026-04-09,CRCD,7.06,8.23,8.285,6.97,4922282,37416087.0,19.14,19.8,1.36,0.0
2026-04-09,CRCG,2.57,2.13,2.611,2.1,33085068,77526361.0,19.43,-19.01,-0.5,0.0
2026-04-09,CRCL,93.06,85.1,93.95,84.6,14780685,1302153888.0,9.9,-9.89,-9.34,6.47
2026-04-09,CRCO,21.3,20.0,21.463,19.82,86305,1775938.0,7.47,-9.09,-2.0,0.0
2026-04-09,CRCT,4.21,4.14,4.23,4.11,743495,3085548.0,2.83,-2.36,-0.1,1.31
2026-04-09,CRDF,1.58,1.67,1.69,1.55,1022772,1659235.0,8.97,7.05,0.11,1.5
2026-04-09,CRDL,1.29,1.38,1.38,1.29,738066,992502.0,6.98,6.98,0.09,0.66
2026-04-09,CRDO,110.78,107.93,112.57,106.09,4392797,475921808.0,5.88,-2.07,-2.28,2.38
2026-04-09,CRDT,22.81,22.916,22.95,22.74,2306,52596.0,0.92,-0.06,-0.013,0.0
2026-04-09,CRDU,20.74,19.71,21.48,19.063,187119,3741929.0,11.73,-4.32,-0.89,0.0
2026-04-09,CRD_A,10.43,10.64,10.8,10.35,28347,302794.0,4.27,0.85,0.09,0.09
2026-04-09,CRD_B,10.265,10.54,10.56,10.22,4960,51876.0,3.25,0.76,0.08,0.03
2026-04-09,CRE,2.19,2.23,2.26,2.13,6677,14546.0,5.99,2.76,0.06,0.41
2026-04-09,CRED,21.65,21.65,21.65,21.65,8,186.0,0.0,1.15,0.246,0.0
2026-04-09,CREG,0.334,0.341,0.355,0.331,476354,163747.0,7.06,0.29,0.001,2.07
2026-04-09,CRESY,12.45,12.05,12.515,12.03,192798,2358166.0,3.88,-3.68,-0.46,0.27
2026-04-09,CREX,3.45,3.47,3.58,3.45,11030,39159.0,3.75,0.0,0.0,0.1
2026-04-09,CRF,7.1,7.1,7.15,7.055,1102712,7838486.0,1.34,0.0,0.0,0.0
2026-04-09,CRGO,1.62,1.61,1.739,1.61,31110,50912.0,7.72,-3.59,-0.06,0.06
2026-04-09,CRGOW,0.145,0.145,0.145,0.145,100,14.0,0.0,4.32,0.006,0.0
2026-04-09,CRGY,12.87,12.65,13.06,12.54,8033451,102573610.0,4.07,-0.94,-0.12,2.45
2026-04-09,CRH,113.4,115.5,116.29,113.33,4241794,488479680.0,2.6,1.48,1.68,0.63
2026-04-09,CRI,35.72,36.79,37.16,35.46,1611898,58800100.0,4.92,6.39,2.21,4.37
2026-04-09,CRIS,0.57,0.51,0.57,0.506,761567,395807.0,11.72,-6.59,-0.036,1.9
2026-04-09,CRK,18.47,17.94,18.88,17.77,1613458,29161344.0,5.98,-3.29,-0.61,0.55
2026-04-09,CRL,175.0,175.55,176.17,170.2,839100,145978256.0,3.41,0.27,0.48,1.7
2026-04-09,CRM,173.17,170.85,174.29,167.12,20855393,3543725568.0,4.07,-3.13,-5.52,2.55
2026-04-09,CRMD,7.23,7.36,7.38,7.195,723307,5296608.0,2.56,1.8,0.13,0.91
2026-04-09,CRMG,5.45,5.28,5.475,5.045,1310281,6822694.0,7.66,-5.88,-0.33,0.0
2026-04-09,CRML,8.44,8.77,9.15,8.35,7793251,68507265.0,9.29,1.86,0.16,6.17
2026-04-09,CRMLW,3.8,3.9,4.18,3.7,22244,89025.0,12.63,2.63,0.1,0.0
2026-04-09,CRMT,12.92,12.29,12.92,11.97,168089,2083748.0,7.35,-4.95,-0.64,2.02
2026-04-09,CRMU,6.53,6.578,7.1,6.11,56687,369806.0,15.75,4.68,0.294,0.0
2026-04-09,CRMX,13.68,14.98,16.2,13.53,220374,3283405.0,18.44,3.45,0.5,0.0
2026-04-09,CRNC,7.75,7.6,7.82,7.467,495491,3766633.0,4.49,-3.43,-0.27,1.1
2026-04-09,CRNT,2.28,2.34,2.35,2.24,264319,609022.0,4.78,1.74,0.04,0.29
2026-04-09,CRNX,39.58,39.63,39.995,39.28,857800,34010981.0,1.79,-0.83,-0.33,0.82
2026-04-09,CRON,2.51,2.55,2.57,2.5,893535,2265694.0,2.77,0.79,0.02,0.24
2026-04-09,CROX,97.08,101.95,102.855,96.83,2306760,233473363.0,6.21,5.02,4.87,4.59
2026-04-09,CRPT,12.43,12.52,12.73,12.15,85631,1066968.0,4.66,0.64,0.08,0.0
2026-04-09,CRS,430.08,431.21,442.88,427.712,660580,286898560.0,3.55,0.79,3.37,1.33
2026-04-09,CRSH,27.695,27.5,27.92,27.32,26469,729739.0,2.14,-2.04,-0.573,0.0
2026-04-09,CRSP,51.27,51.72,52.27,51.1,1100109,56968995.0,2.26,-0.08,-0.04,1.15
2026-04-09,CRSR,5.64,5.59,5.68,5.54,920721,5146055.0,2.46,-1.93,-0.11,0.86
2026-04-09,CRT,10.75,10.58,10.75,10.485,18455,195763.0,2.47,-1.58,-0.17,0.31
2026-04-09,CRTC,36.38,36.536,36.575,36.34,4277,156023.0,0.64,0.07,0.024,0.0
2026-04-09,CRTO,18.51,18.12,18.605,17.26,345083,6186565.0,7.27,-2.11,-0.39,0.69
2026-04-09,CRUS,154.68,159.71,160.66,154.04,729031,115961888.0,4.28,3.16,4.89,1.43
2026-04-09,CRUX,30.13,30.14,30.17,29.99,132289,3984264.0,0.6,0.12,0.035,0.0
2026-04-09,CRVL,53.39,54.14,54.18,51.69,264716,14170805.0,4.65,1.03,0.55,0.52
2026-04-09,CRVO,4.03,4.03,4.11,3.91,28471,113718.0,4.95,-0.25,-0.01,0.31
2026-04-09,CRVS,14.81,15.67,15.75,14.785,677258,10492813.0,6.49,5.31,0.79,0.81
2026-04-09,CRWD,425.98,394.68,427.02,390.81,5420541,2168848896.0,8.49,-7.46,-31.83,2.14
2026-04-09,CRWG,3.2,3.31,3.51,2.81,70337768,230409379.0,22.73,7.47,0.23,0.0
2026-04-09,CRWL,22.43,19.12,22.5,18.73,560547,10991191.0,16.72,-15.21,-3.43,0.0
2026-04-09,CRWS,2.705,2.69,2.752,2.69,26339,72011.0,2.28,-1.1,-0.03,0.25
2026-04-09,CRWU,5.97,6.19,6.56,5.25,4749941,28618713.0,22.66,7.09,0.41,0.0
2026-04-09,CRWV,90.4,92.0,94.96,84.81,65533290,5979262976.0,11.42,3.49,3.1,15.64
2026-04-09,CRXP,20.0,20.0,20.0,20.0,7,140.0,0.0,0.03,0.005,0.0
2026-04-09,CSAI,0.586,0.61,0.613,0.57,133321,78474.0,7.38,4.63,0.027,0.54
2026-04-09,CSAN,4.14,4.31,4.31,4.14,2627423,11100792.0,4.18,5.9,0.24,0.26
2026-04-09,CSB,63.5,64.096,64.19,63.49,6338,404691.0,1.1,0.74,0.473,0.0
2026-04-09,CSBR,5.86,5.75,5.88,5.7,10222,59217.0,2.99,-4.64,-0.28,0.07
2026-04-09,CSCL,34.13,33.142,34.385,32.46,7467,249772.0,5.74,-1.14,-0.383,0.0
2026-04-09,CSCO,83.85,83.17,84.77,82.15,17611742,1465632992.0,3.13,-0.63,-0.53,0.45
2026-04-09,CSCS,19.16,19.445,19.445,19.13,477,9216.0,1.63,0.37,0.072,0.0
2026-04-09,CSD,120.74,122.43,123.07,120.74,12430,1519862.0,1.93,1.21,1.46,0.0
2026-04-09,CSEX,17.2,17.99,18.0,16.49,58669,1015069.0,8.79,4.71,0.81,0.0
2026-04-09,CSGP,38.28,37.32,38.44,36.91,5767003,215430126.0,3.94,-3.86,-1.5,1.37
2026-04-09,CSGS,80.05,80.07,80.12,79.99,319792,25608460.0,0.16,-0.04,-0.03,1.12
2026-04-09,CSHI,49.88,49.86,49.88,49.851,353031,17604874.0,0.06,0.0,0.0,0.0
2026-04-09,CSHP,99.33,99.315,99.33,99.3,527,52338.0,0.03,-0.02,-0.015,0.0
2026-04-09,CSIO,28.38,28.543,28.7,28.38,3914,111981.0,1.12,0.31,0.087,0.0
2026-04-09,CSIQ,12.39,12.31,12.9,12.26,1687108,20982811.0,5.11,-1.76,-0.22,2.49
2026-04-09,CSL,339.66,350.47,352.96,339.63,281782,98351822.0,3.88,1.93,6.62,0.69
2026-04-09,CSM,77.81,78.49,78.532,77.804,5329,416770.0,0.93,0.67,0.52,0.0
2026-04-09,CSMD,31.99,31.94,32.14,31.681,64014,2041898.0,1.44,-0.06,-0.02,0.0
2026-04-09,CSNR,38.11,37.76,38.11,37.76,5445,206173.0,0.93,-0.11,-0.04,0.0
2026-04-09,CSPF,25.891,26.05,26.08,25.891,29812,776506.0,0.73,0.12,0.03,0.0
2026-04-09,CSPI,8.79,8.91,8.91,8.46,9473,82052.0,5.14,1.71,0.15,0.1
2026-04-09,CSQ,18.17,18.43,18.46,18.16,402799,7398082.0,1.66,1.88,0.34,0.0
2026-04-09,CSR,60.56,62.04,62.55,60.56,102703,6372153.0,3.26,1.67,1.02,0.61
2026-04-09,CSRE,27.41,27.75,27.94,27.34,327700,9109686.0,2.18,0.95,0.26,0.0
2026-04-09,CSSD,25.144,25.144,25.144,25.144,89,2237.0,0.0,0.04,0.011,0.0
2026-04-09,CSTE,1.35,1.42,1.46,1.307,265602,374774.0,11.25,4.41,0.06,0.77
2026-04-09,CSTK,30.15,30.304,30.36,30.15,4386,132789.0,0.7,0.6,0.18,0.0
2026-04-09,CSTL,24.83,23.43,25.54,23.33,216231,5136322.0,8.77,-6.99,-1.76,0.71
2026-04-09,CSTM,29.13,29.47,30.142,29.06,1786954,52716685.0,3.75,2.04,0.59,1.31
2026-04-09,CSV,47.17,48.59,49.16,47.085,131947,6394785.0,4.37,2.29,1.09,0.83
2026-04-09,CSW,275.83,287.25,290.29,275.83,108488,31047064.0,5.21,3.47,9.62,0.66
2026-04-09,CSWC,22.9,22.67,22.91,22.65,504874,11483110.0,1.14,-0.57,-0.13,0.84
2026-04-09,CSX,42.15,42.49,43.01,42.1,12394782,527303584.0,2.16,0.83,0.35,0.67
2026-04-09,CTA,29.47,29.44,29.71,29.0,475326,13972920.0,2.44,1.03,0.3,0.0
2026-04-09,CTAAU,9.96,9.96,9.96,9.96,357,3577.0,0.0,0.0,0.0,0.0
2026-04-09,CTAP,27.22,27.391,27.42,27.015,22550,615880.0,1.5,1.64,0.441,0.0
2026-04-09,CTAS,173.28,174.15,174.32,172.151,1795489,312027216.0,1.24,-0.25,-0.44,0.45
2026-04-09,CTA_A,54.79,54.79,54.79,54.79,97,5274.0,0.0,0.0,0.0,0.01
2026-04-09,CTA_B,68.49,68.49,68.49,68.49,282,19276.0,0.0,0.0,0.0,0.02
2026-04-09,CTBB,19.15,19.19,19.27,19.15,21562,414014.0,0.63,0.21,0.04,0.0
2026-04-09,CTBI,63.76,65.54,65.68,63.17,165256,10755882.0,3.91,2.09,1.34,0.91
2026-04-09,CTDD,19.44,19.59,19.62,19.44,23176,453226.0,0.92,0.46,0.09,0.0
2026-04-09,CTEC,59.5,59.83,60.36,59.41,6862,410113.0,1.6,0.61,0.36,0.0
2026-04-09,CTEF,73.13,74.435,74.435,73.13,347,25513.0,1.78,1.74,1.274,0.0
2026-04-09,CTEV,17.27,17.88,18.08,17.0,49174,869107.0,6.2,2.58,0.45,0.29
2026-04-09,CTEX,35.52,35.248,35.61,35.235,574,20328.0,1.08,1.19,0.415,0.0
2026-04-09,CTGO,20.89,21.57,22.065,20.57,408777,8805196.0,7.07,1.94,0.41,1.27
2026-04-09,CTIF,51.01,50.903,51.01,50.903,577,29394.0,0.21,0.5,0.253,0.0
2026-04-09,CTKB,4.63,4.62,4.675,4.54,451495,2085755.0,2.9,-0.86,-0.04,0.35
2026-04-09,CTLP,10.71,10.85,10.865,10.71,721560,7812689.0,1.44,0.74,0.08,0.98
2026-04-09,CTM,0.678,0.668,0.686,0.651,617111,410376.0,5.23,-0.15,-0.001,0.65
2026-04-09,CTMX,4.25,4.24,4.31,4.16,3958169,16743738.0,3.53,-0.24,-0.01,1.83
2026-04-09,CTNM,12.73,12.83,13.15,12.575,123167,1587631.0,4.5,0.31,0.04,0.38
2026-04-09,CTNT,1.34,1.33,1.375,1.33,11204,15102.0,3.41,0.76,0.01,0.03
2026-04-09,CTO,19.2,19.43,19.68,19.2,281202,5474221.0,2.5,1.25,0.24,0.86
2026-04-09,CTOR,0.629,0.66,0.67,0.616,95976,61912.0,8.41,2.8,0.018,0.11
2026-04-09,CTOS,7.0,7.28,7.32,7.0,1022559,7387602.0,4.57,4.0,0.28,0.45
2026-04-09,CTO_A,20.42,20.56,20.56,20.42,2103,43180.0,0.68,-0.05,-0.01,0.04
2026-04-09,CTRA,33.65,33.48,34.315,33.29,5828308,195902783.0,3.06,0.06,0.02,0.77
2026-04-09,CTRE,38.73,39.42,39.91,38.56,1866932,73687171.0,3.48,1.68,0.65,0.84
2026-04-09,CTRI,32.19,33.41,33.57,32.19,1042787,34735094.0,4.3,4.15,1.33,1.03
2026-04-09,CTRM,1.75,1.74,1.793,1.722,18009,31516.0,4.06,-0.57,-0.01,0.19
2026-04-09,CTRN,44.04,45.29,47.35,43.94,88692,4018181.0,7.68,2.03,0.9,1.06
2026-04-09,CTS,51.02,53.39,54.94,51.02,519695,27796441.0,7.66,4.38,2.24,1.81
2026-04-09,CTSH,60.0,59.2,60.3,58.08,5866213,346155136.0,3.64,-2.95,-1.8,1.23
2026-04-09,CTSO,0.62,0.605,0.62,0.596,31998,19402.0,3.87,-2.42,-0.015,0.05
2026-04-09,CTVA,84.04,83.56,85.07,82.78,3485867,291425344.0,2.73,-0.48,-0.4,0.52
2026-04-09,CTW,2.39,2.19,2.41,2.19,12954,29833.0,9.36,-6.81,-0.16,0.03
2026-04-09,CTWO,16.15,16.15,16.15,16.15,48,784.0,0.0,0.31,0.05,0.0
2026-04-09,CTXR,0.819,0.843,0.866,0.8,252332,209717.0,7.95,1.57,0.013,1.13
2026-04-09,CUB,10.76,10.76,10.76,10.76,1,17.0,0.0,0.0,0.0,0.0
2026-04-09,CUBB,22.26,22.26,22.26,22.26,135,3014.0,0.0,0.0,0.0,0.0
2026-04-09,CUBE,38.2,38.85,39.03,38.06,1864137,72277614.0,2.52,0.99,0.38,0.82
2026-04-09,CUBI,73.7,74.95,75.69,73.675,763902,57187340.0,2.73,1.56,1.15,2.27
2026-04-09,CUE,0.249,0.293,0.295,0.21,11369882,2890574.0,31.02,6.93,0.019,11.64
2026-04-09,CUK,27.79,27.82,28.07,26.88,3568991,98176335.0,4.26,-0.32,-0.09,1.89
2026-04-09,CULP,2.8,2.77,2.84,2.77,46068,129059.0,2.47,-2.12,-0.06,0.36
2026-04-09,CUPR,0.4,0.353,0.4,0.333,676208,252280.0,15.47,-18.48,-0.08,9.18
2026-04-09,CURB,27.23,27.27,27.7,27.19,536665,14717541.0,1.86,-0.33,-0.09,0.51
2026-04-09,CURE,95.15,96.41,98.2,94.6,27889,2693400.0,3.71,-0.69,-0.67,0.0
2026-04-09,CURI,3.32,3.17,3.32,3.15,229792,731080.0,5.07,-5.37,-0.18,0.39
2026-04-09,CURR,3.08,3.16,3.216,2.99,199359,614697.0,7.39,3.27,0.1,0.26
2026-04-09,CURV,1.74,1.86,1.875,1.731,269489,492036.0,8.09,4.49,0.08,0.27
2026-04-09,CURX,0.443,0.47,0.48,0.434,89164,41339.0,10.36,5.86,0.026,0.31
2026-04-09,CUSD,19.28,19.57,19.58,19.28,3258,63699.0,1.53,0.08,0.015,0.0
2026-04-09,CUT,28.775,28.996,29.02,28.775,835,24157.0,0.84,-0.12,-0.036,0.0
2026-04-09,CUZ,22.37,22.26,22.69,22.04,2521513,56295157.0,2.88,-1.37,-0.31,1.52
2026-04-09,CV,6.13,6.38,6.57,6.081,123613,786693.0,7.96,3.91,0.24,0.25
2026-04-09,CVAR,28.588,28.588,28.588,28.588,1,29.0,0.0,0.48,0.137,0.0
2026-04-09,CVBF,20.14,20.75,20.8,20.14,1317342,27237280.0,3.25,2.22,0.45,0.97
2026-04-09,CVCO,503.96,519.67,529.69,503.96,228878,118826182.0,5.04,1.75,8.935,2.95
2026-04-09,CVE,26.27,25.66,26.485,25.372,11528061,297481168.0,4.28,-1.23,-0.32,0.61
2026-04-09,CVEO,27.52,27.46,27.815,26.62,115955,3176029.0,4.34,-0.33,-0.09,1.06
2026-04-09,CVGI,3.73,3.99,4.035,3.73,378061,1499191.0,8.18,6.97,0.26,1.03
2026-04-09,CVGW,27.8,27.68,28.2,27.565,251209,6985473.0,2.26,-1.35,-0.38,1.41
2026-04-09,CVI,32.8,30.53,33.287,30.175,1277972,39671754.0,9.52,-6.58,-2.15,1.27
2026-04-09,CVIE,76.23,76.814,77.033,76.03,22317,1711483.0,1.3,-0.16,-0.121,0.0
2026-04-09,CVKD,4.81,4.97,5.07,4.664,15479,75508.0,8.37,2.47,0.12,0.62
2026-04-09,CVLC,83.7,84.33,84.39,83.39,37209,3126839.0,1.19,0.75,0.624,0.0
2026-04-09,CVLG,28.7,28.91,29.155,28.61,119821,3463742.0,1.89,0.31,0.09,0.59
2026-04-09,CVLT,78.19,80.61,81.18,71.75,2102934,162077954.0,11.93,1.95,1.54,4.78
2026-04-09,CVM,4.36,4.28,4.536,3.915,52884,219576.0,14.15,-2.51,-0.11,0.63
2026-04-09,CVMC,67.45,67.29,67.56,67.24,5129,345829.0,0.48,0.24,0.163,0.0
2026-04-09,CVNA,331.075,326.93,332.06,316.32,2043473,665742032.0,4.65,-3.51,-11.88,1.43
2026-04-09,CVNX,13.71,13.29,13.71,12.33,92089,1185419.0,9.74,-6.24,-0.885,0.0
2026-04-09,CVNY,25.39,25.351,25.56,24.75,8762,220295.0,3.08,-3.5,-0.919,0.0
2026-04-09,CVR,10.3,10.26,10.7,10.25,8310,86762.0,4.47,1.99,0.2,0.86
2026-04-09,CVRD,18.185,18.185,18.185,18.185,8,155.0,0.0,-0.01,-0.001,0.0
2026-04-09,CVRT,45.43,45.347,45.52,45.16,4290,194723.0,0.8,0.15,0.07,0.0
2026-04-09,CVRX,7.76,7.48,7.875,7.03,319670,2390496.0,10.79,-4.47,-0.35,1.21
2026-04-09,CVS,78.76,78.84,79.56,78.31,5161137,407170912.0,1.59,0.06,0.05,0.4
2026-04-09,CVSA,115.0,114.26,116.365,114.03,327458,37598611.0,1.98,-3.17,-3.74,0.95
2026-04-09,CVSB,50.65,50.645,50.672,50.634,5944,301076.0,0.08,0.02,0.01,0.0
2026-04-09,CVU,3.5,3.49,3.52,3.38,65714,227923.0,4.03,0.58,0.02,0.5
2026-04-09,CVV,4.0,3.9,4.02,3.82,81264,316274.0,5.06,-1.27,-0.05,1.17
2026-04-09,CVX,194.31,190.36,196.67,189.27,11633996,2236193344.0,3.84,-1.31,-2.53,0.58
2026-04-09,CVY,27.66,27.79,27.85,27.66,8899,247068.0,0.69,0.23,0.063,0.0
2026-04-09,CW,730.67,722.52,739.99,720.3,266663,194167252.0,2.7,-0.88,-6.44,0.72
2026-04-09,CWAN,24.04,23.95,24.075,23.9,5763395,138176854.0,0.73,-0.29,-0.07,1.94
2026-04-09,CWB,96.4,96.51,96.97,96.16,1079233,104106296.0,0.84,0.12,0.12,0.0
2026-04-09,CWBC,23.56,24.05,24.2,23.5,222131,5330969.0,2.95,1.48,0.35,0.82
2026-04-09,CWCO,34.69,35.7,35.8,34.69,80524,2858550.0,3.2,2.91,1.01,0.5
2026-04-09,CWD,1.04,1.04,1.07,0.98,50076,51429.0,8.49,-1.89,-0.02,0.75
2026-04-09,CWEB,27.3,27.26,27.44,26.565,648469,17615293.0,3.14,-2.26,-0.63,0.0
2026-04-09,CWEN,40.56,40.77,41.32,40.301,575640,23544631.0,2.51,0.49,0.2,0.67
2026-04-09,CWEN_A,40.57,40.65,41.23,40.57,158619,6466620.0,1.63,0.54,0.22,0.46
2026-04-09,CWH,6.92,7.16,7.26,6.76,2395624,16947425.0,7.04,0.85,0.06,3.77
2026-04-09,CWI,38.26,38.51,38.65,38.09,201666,7748641.0,1.45,-0.18,-0.07,0.0
2026-04-09,CWII,12.79,12.951,13.18,12.54,5968,76660.0,5.06,2.48,0.314,0.0
2026-04-09,CWK,13.37,13.15,13.485,12.6,4028327,52166263.0,6.54,-2.88,-0.39,1.72
2026-04-09,CWS,66.76,66.888,67.16,66.62,8417,563002.0,0.81,-0.26,-0.172,0.0
2026-04-09,CWST,86.65,86.77,87.89,86.01,559811,48674292.0,2.17,0.07,0.06,0.89
2026-04-09,CWT,45.61,47.08,47.29,45.39,512693,23956625.0,4.15,2.86,1.31,0.86
2026-04-09,CWVX,25.88,26.82,28.4,22.77,3637658,95204748.0,22.54,7.37,1.84,0.0
2026-04-09,CX,11.78,11.91,12.15,11.75,7484348,89276673.0,3.4,1.1,0.13,0.52
2026-04-09,CXAI,0.175,0.179,0.185,0.171,2071608,366067.0,7.73,-1.1,-0.002,3.63
2026-04-09,CXAIW,0.034,0.036,0.036,0.034,6424,225.0,6.9,24.14,0.007,0.0
2026-04-09,CXDO,6.34,6.1,6.34,6.05,164442,1007544.0,4.55,-4.39,-0.28,0.53
2026-04-09,CXE,3.72,3.75,3.77,3.71,224995,842664.0,1.59,-0.4,-0.015,0.0
2026-04-09,CXH,8.26,8.3,8.3,8.26,56297,466922.0,0.48,0.61,0.05,0.0
2026-04-09,CXM,5.62,5.59,5.67,5.45,3463563,19223085.0,3.89,-1.06,-0.06,2.34
2026-04-09,CXRN,19.155,18.79,19.155,18.6,22982,430824.0,2.92,-1.05,-0.2,0.0
2026-04-09,CXSE,38.65,38.85,38.89,38.42,19140,740766.0,1.21,-0.32,-0.125,0.0
2026-04-09,CXT,42.57,43.3,43.66,42.57,793578,34365243.0,2.52,0.07,0.03,1.38
2026-04-09,CXW,20.3,20.22,20.585,20.134,525244,10648130.0,2.21,-0.79,-0.16,0.53
2026-04-09,CYAB,1.6,1.45,1.6,1.38,233532,350034.0,13.5,-11.04,-0.18,1.69
2026-04-09,CYCN,2.89,3.16,3.75,2.851,2132606,7292876.0,31.11,9.34,0.27,49.25
2026-04-09,CYCU,1.31,1.34,1.52,1.28,1674829,2359371.0,18.18,1.52,0.02,30.4
2026-04-09,CYCUW,0.04,0.03,0.04,0.029,30228,1112.0,32.35,-11.76,-0.004,0.0
2026-04-09,CYD,41.18,42.84,43.005,39.92,88677,3739276.0,7.47,3.78,1.56,0.24
2026-04-09,CYH,3.1,3.15,3.175,3.06,1137531,3545132.0,3.71,1.61,0.05,0.81
2026-04-09,CYN,1.6,1.52,1.61,1.52,300929,473915.0,5.56,-6.17,-0.1,2.21
2026-04-09,CYPH,0.809,0.999,1.01,0.75,4529118,4063811.0,32.22,23.79,0.192,5.03
2026-04-09,CYRX,9.21,9.76,9.83,9.09,471139,4527894.0,8.02,5.74,0.53,0.94
2026-04-09,CYTK,65.665,64.59,65.665,64.21,1364665,88296439.0,2.21,-1.79,-1.18,1.1
2026-04-09,CZA,114.885,115.633,115.97,114.885,2651,306363.0,0.94,0.44,0.503,0.0
2026-04-09,CZAR,31.317,31.317,31.317,31.317,4,125.0,0.0,-0.08,-0.025,0.0
2026-04-09,CZFS,67.67,68.99,68.99,64.25,11635,771211.0,7.06,2.8,1.88,0.24
2026-04-09,CZNC,23.25,23.91,23.93,23.25,44571,1059315.0,2.92,2.57,0.6,0.25
2026-04-09,CZR,26.62,26.44,26.87,26.24,2613222,69151262.0,2.35,-1.53,-0.41,1.28
2026-04-09,CZWI,20.745,20.77,20.94,20.65,42522,883558.0,1.39,-0.38,-0.08,0.44
2026-04-09,C_N,30.09,30.05,30.106,29.97,63683,1914338.0,0.45,-0.07,-0.02,0.0
2026-04-09,C_R,25.16,25.25,25.26,25.12,85113,2145235.0,0.56,0.6,0.15,0.27
2026-04-09,D,62.57,64.11,64.58,62.57,4386774,281500768.0,3.18,1.44,0.91,0.5
2026-04-09,DAAQ,10.25,10.28,10.28,10.25,13141,134965.0,0.29,0.15,0.015,0.08
2026-04-09,DAAQW,0.355,0.4,0.4,0.355,7288,2845.0,13.64,21.21,0.07,0.0
2026-04-09,DABS,50.61,50.645,50.68,50.61,5030,254773.0,0.14,0.09,0.045,0.0
2026-04-09,DAC,117.74,116.43,117.97,115.31,83033,9653839.0,2.27,-0.68,-0.8,0.46
2026-04-09,DADS,19.35,19.3,19.35,19.3,1377,26643.0,0.26,0.57,0.11,0.0
2026-04-09,DAIC,0.193,0.191,0.198,0.18,204818,39175.0,9.33,-1.04,-0.002,0.7
2026-04-09,DAICW,0.02,0.02,0.022,0.02,517,11.0,10.0,0.0,0.0,0.0
2026-04-09,DAIO,2.2,2.24,2.3,2.17,79991,178359.0,5.8,0.0,0.0,0.85
2026-04-09,DAK,26.7,26.7,26.7,26.7,29,777.0,0.0,0.53,0.141,0.0
2026-04-09,DAKT,20.01,19.89,20.3,19.61,305235,6066607.0,3.4,-2.02,-0.41,0.63
2026-04-09,DAL,67.64,67.83,69.135,66.21,11636409,788463984.0,4.3,-0.37,-0.25,1.77
2026-04-09,DALI,29.16,29.545,29.64,29.16,16239,477353.0,1.64,0.84,0.246,0.0
2026-04-09,DAMD,15.5,14.82,15.5,14.69,285540,4307529.0,5.26,-3.7,-0.57,0.0
2026-04-09,DAN,35.28,36.13,36.48,35.12,1061563,38322379.0,3.84,1.98,0.7,0.97
2026-04-09,DANA,25.16,25.16,25.16,25.16,453,11414.0,0.0,-0.18,-0.045,0.0
2026-04-09,DAO,9.79,10.0,10.24,9.77,67867,684218.0,4.81,2.35,0.23,0.21
2026-04-09,DAPP,16.4,16.47,16.91,16.08,820865,13504007.0,5.03,-0.12,-0.02,0.0
2026-04-09,DAPR,39.95,39.935,39.96,39.9,158242,6317572.0,0.15,0.09,0.035,0.0
2026-04-09,DAR,64.0,61.34,64.53,60.73,3395876,209405693.0,6.03,-2.71,-1.71,2.14
2026-04-09,DARE,1.87,1.85,1.87,1.81,52206,96162.0,3.24,0.0,0.0,0.36
2026-04-09,DARP,49.915,49.679,49.915,49.35,4578,226911.0,1.13,-0.32,-0.161,0.0
2026-04-09,DASH,159.505,154.55,161.59,154.36,3849880,599589360.0,4.5,-3.82,-6.14,0.94
2026-04-09,DAT,33.17,32.901,33.255,32.695,12634,418812.0,1.63,-4.03,-1.382,0.0
2026-04-09,DAUG,44.57,44.702,44.735,44.51,4885,217884.0,0.51,0.43,0.192,0.0
2026-04-09,DAVA,4.28,4.28,4.349,4.11,417177,1759773.0,5.49,-1.61,-0.07,1.02
2026-04-09,DAVE,177.27,181.88,183.2,175.0,512447,92616128.0,4.6,1.96,3.5,4.18
2026-04-09,DAVEW,0.29,0.26,0.29,0.24,3900,1024.0,18.61,-0.88,-0.0,0.0
2026-04-09,DAWN,21.46,21.48,21.48,21.45,1326443,28482908.0,0.14,0.19,0.04,1.28
2026-04-09,DAX,44.0,44.25,44.427,43.76,58394,2581046.0,1.5,-0.43,-0.19,0.0
2026-04-09,DB,32.18,32.53,32.715,31.92,2296379,74346792.0,2.47,1.15,0.37,0.12
2026-04-09,DBA,26.96,26.87,26.975,26.77,1718443,46140583.0,0.76,0.0,0.0,0.0
2026-04-09,DBAW,44.34,44.614,44.69,44.21,23760,1059609.0,1.07,-0.29,-0.13,0.0
2026-04-09,DBB,23.88,24.01,24.03,23.76,477100,11438592.0,1.15,0.42,0.1,0.0
2026-04-09,DBC,28.8,28.71,28.95,28.45,948337,27228365.0,1.75,0.53,0.15,0.0
2026-04-09,DBCA,9.85,9.85,9.85,9.85,200,1970.0,0.0,0.0,0.0,0.0
2026-04-09,DBCAU,9.96,9.96,9.96,9.96,106,1056.0,0.0,-0.2,-0.02,0.0
2026-04-09,DBD,79.52,84.51,84.75,79.52,6485525,545633616.0,6.55,5.89,4.7,18.63
2026-04-09,DBE,29.06,28.78,29.37,28.24,113296,3245070.0,3.95,0.59,0.17,0.0
2026-04-09,DBEF,51.14,51.48,51.64,50.86,576306,29618649.0,1.51,-0.41,-0.21,0.0
2026-04-09,DBEM,35.76,35.853,36.18,35.465,24094,863839.0,1.99,-0.46,-0.167,0.0
2026-04-09,DBEU,50.22,50.68,50.85,50.22,32136,1624522.0,1.24,-0.18,-0.09,0.0
2026-04-09,DBEZ,57.55,57.92,58.0,57.42,29079,1681513.0,1.0,0.04,0.023,0.0
2026-04-09,DBGI,1.84,1.75,1.93,1.7,266639,479234.0,13.29,1.16,0.02,3.03
2026-04-09,DBI,5.99,6.44,6.46,5.97,473115,2985401.0,8.05,5.75,0.35,1.1
2026-04-09,DBJP,105.06,106.18,106.42,104.76,53581,5664013.0,1.55,-0.97,-1.038,0.0
2026-04-09,DBL,14.47,14.52,14.56,14.41,71428,1034422.0,1.04,0.35,0.05,0.0
2026-04-09,DBMF,30.27,30.27,30.36,30.12,850448,25728925.0,0.8,0.3,0.09,0.0
2026-04-09,DBND,45.82,45.91,45.955,45.81,67554,3099882.0,0.32,0.17,0.076,0.0
2026-04-09,DBO,19.78,19.67,19.995,19.35,947242,18635296.0,3.29,0.2,0.04,0.0
2026-04-09,DBP,111.49,112.56,113.36,111.49,8202,923346.0,1.68,1.08,1.2,0.0
2026-04-09,DBRG,15.55,15.57,15.58,15.5,4296697,66818279.0,0.51,-0.06,-0.01,2.36
2026-04-09,DBRG_H,16.47,16.63,16.75,16.37,14662,243172.0,2.32,1.59,0.26,0.17
2026-04-09,DBRG_I,16.53,16.455,16.53,16.39,5880,96721.0,0.85,0.34,0.055,0.05
2026-04-09,DBRG_J,16.58,16.48,16.58,16.45,13053,215288.0,0.79,0.12,0.02,0.11
2026-04-09,DBSC,24.19,24.287,24.287,24.19,337,8156.0,0.4,0.44,0.107,0.0
2026-04-09,DBVT,20.97,21.4,21.495,20.97,117672,2499316.0,2.44,-0.51,-0.11,0.2
2026-04-09,DBX,22.62,22.23,22.64,21.79,4840988,107066277.0,3.74,-2.07,-0.47,2.97
2026-04-09,DC,5.4,5.38,5.51,5.245,911829,4876718.0,4.91,-0.37,-0.02,0.68
2026-04-09,DCBO,16.85,16.06,16.85,15.69,209100,3367474.0,6.85,-4.74,-0.8,0.81
2026-04-09,DCGO,0.55,0.577,0.587,0.53,1050241,591189.0,10.36,4.91,0.027,1.06
2026-04-09,DCH,5.97,5.77,6.08,5.705,4363439,25342571.0,6.22,-4.31,-0.26,1.84
2026-04-09,DCI,89.06,89.1,89.51,88.18,498130,44370953.0,1.49,-0.26,-0.23,0.43
2026-04-09,DCMT,33.07,32.872,33.145,32.54,7818,256121.0,1.85,0.64,0.208,0.0
2026-04-09,DCO,137.97,140.59,141.65,137.715,239338,33612186.0,2.85,1.77,2.45,1.6
2026-04-09,DCOM,35.45,36.45,36.59,35.03,270400,9842487.0,4.38,2.04,0.73,
2026-04-09,DCOR,74.7,75.25,75.406,74.656,96137,7227522.0,1.0,0.56,0.42,0.0
2026-04-09,DCOY,5.8,6.0,6.05,5.63,13492,78848.0,7.46,6.57,0.37,2.54
2026-04-09,DCRE,51.83,51.845,51.86,51.81,19783,1025597.0,0.1,0.05,0.025,0.0
2026-04-09,DCTH,9.75,9.88,9.97,9.7,180379,1779037.0,2.74,0.3,0.03,0.52
2026-04-09,DCX,1.891,1.97,2.01,1.891,5423,10696.0,5.83,-3.43,-0.07,0.03
2026-04-09,DD,47.47,47.42,48.215,47.325,2932668,139375905.0,1.86,-0.9,-0.43,0.72
2026-04-09,DDC,1.91,1.89,1.99,1.85,42732,80734.0,7.18,-3.08,-0.06,0.15
2026-04-09,DDD,1.91,1.89,1.965,1.88,1359070,2603228.0,4.43,-1.56,-0.03,0.93
2026-04-09,DDDD,31.0,31.141,31.18,31.0,1605,49940.0,0.58,0.18,0.055,0.0
2026-04-09,DDEC,45.13,45.245,45.27,45.05,7140,322715.0,0.49,0.34,0.155,0.0
2026-04-09,DDFD,19.23,19.315,19.33,19.23,12552,241933.0,0.52,0.36,0.069,0.0
2026-04-09,DDFF,19.27,19.28,19.3,19.21,24794,477781.0,0.47,0.36,0.07,0.0
2026-04-09,DDFJ,19.095,19.12,19.18,19.08,11285,215700.0,0.52,0.15,0.029,0.0
2026-04-09,DDFL,20.79,20.79,20.81,20.73,9825,204285.0,0.39,0.12,0.025,0.0
2026-04-09,DDFM,19.085,19.19,19.19,19.06,15525,297248.0,0.68,0.37,0.07,0.0
2026-04-09,DDFN,19.35,19.395,19.395,19.35,1294,25067.0,0.23,0.36,0.07,0.0
2026-04-09,DDFO,21.8,21.79,21.845,21.79,2904,63382.0,0.25,0.07,0.016,0.0
2026-04-09,DDFS,21.385,21.435,21.435,21.37,4639,99192.0,0.3,0.23,0.049,0.0
2026-04-09,DDI,8.88,8.77,8.97,8.67,20822,184709.0,3.36,-1.9,-0.17,0.04
2026-04-09,DDIV,42.48,42.705,42.76,42.325,4462,190099.0,1.03,0.67,0.284,0.0
2026-04-09,DDL,2.68,2.77,2.78,2.66,636257,1738000.0,4.48,3.36,0.09,0.35
2026-04-09,DDLS,44.7,44.88,45.15,44.59,18884,846448.0,1.24,-0.93,-0.42,0.0
2026-04-09,DDM,55.14,56.22,56.526,55.08,105908,5926737.0,2.6,1.13,0.63,0.0
2026-04-09,DDNQ,19.89,19.96,19.98,19.89,11519,230091.0,0.45,0.48,0.095,0.0
2026-04-09,DDOG,118.68,108.98,119.45,108.51,6315218,702489968.0,9.39,-6.45,-7.52,1.92
2026-04-09,DDS,592.3,606.71,614.22,592.3,81057,49118432.0,3.67,1.67,9.97,0.7
2026-04-09,DDSQ,20.38,20.46,20.46,20.38,8147,166432.0,0.39,0.69,0.14,0.0
2026-04-09,DDT,26.11,26.23,26.35,26.05,6810,178752.0,1.15,0.11,0.03,0.09
2026-04-09,DDTD,19.13,19.245,19.245,19.13,1574,30115.0,0.6,0.55,0.105,0.0
2026-04-09,DDTF,19.14,19.21,19.215,19.14,5639,108158.0,0.39,0.47,0.09,0.0
2026-04-09,DDTJ,19.0,19.13,19.13,19.0,93353,1780245.0,0.68,0.63,0.12,0.0
2026-04-09,DDTL,21.17,21.215,21.215,21.135,3399,72047.0,0.38,0.45,0.094,0.0
2026-04-09,DDTM,19.02,19.1,19.15,19.02,3626,69269.0,0.68,0.39,0.075,0.0
2026-04-09,DDTN,19.19,19.275,19.275,19.19,1833,35225.0,0.44,0.56,0.107,0.0
2026-04-09,DDTO,21.73,21.795,21.795,21.73,4192,91245.0,0.3,0.37,0.08,0.0
2026-04-09,DDTS,21.43,21.55,21.58,21.43,11784,253365.0,0.7,0.56,0.12,0.0
2026-04-09,DDV,25.21,25.175,25.21,25.175,629,15847.0,0.14,0.0,0.001,0.0
2026-04-09,DDWM,45.53,45.83,46.04,45.48,139049,6373343.0,1.22,-0.35,-0.16,0.0
2026-04-09,DDX,24.69,24.69,24.7,24.69,592,14621.0,0.04,0.02,0.006,0.0
2026-04-09,DDXX,26.33,26.43,26.5,26.29,1686,44433.0,0.79,-0.02,-0.006,0.0
2026-04-09,DE,607.69,618.0,618.95,607.445,1205984,742719968.0,1.89,1.42,8.68,0.45
2026-04-09,DEA,22.23,22.74,22.96,22.205,564242,12832804.0,3.41,2.66,0.59,1.22
2026-04-09,DEC,16.55,16.33,16.75,16.23,568264,9338337.0,3.14,-1.33,-0.22,0.79
2026-04-09,DECK,106.0,109.77,110.44,105.07,1529244,166406152.0,5.05,3.22,3.42,1.08
2026-04-09,DECM,32.98,33.01,33.01,32.98,557,18375.0,0.09,0.18,0.059,0.0
2026-04-09,DECO,49.98,49.957,49.98,49.957,432,21567.0,0.05,1.38,0.681,0.0
2026-04-09,DECP,30.45,30.611,30.64,30.45,7117,217446.0,0.62,0.47,0.143,0.0
2026-04-09,DECT,36.45,36.77,36.77,36.45,8492,311433.0,0.88,0.56,0.206,0.0
2026-04-09,DECU,27.13,27.27,27.305,27.13,15742,428922.0,0.64,0.37,0.1,0.0
2026-04-09,DECW,34.04,34.156,34.175,34.0,8585,292800.0,0.51,0.34,0.116,0.0
2026-04-09,DECZ,39.882,40.143,40.15,39.882,1676,67187.0,0.67,0.55,0.221,0.0
2026-04-09,DEED,21.46,21.46,21.54,21.44,91013,1956630.0,0.47,0.0,0.0,0.0
2026-04-09,DEEF,39.77,39.557,39.77,39.557,599,23755.0,0.54,0.28,0.109,0.0
2026-04-09,DEEP,37.82,38.405,38.46,37.82,737,28213.0,1.68,0.8,0.303,0.0
2026-04-09,DEFI,82.02,81.878,82.02,81.878,450,36850.0,0.18,1.22,0.985,0.0
2026-04-09,DEFR,26.68,26.67,26.71,26.59,14162,377884.0,0.45,0.02,0.005,0.0
2026-04-09,DEFT,0.75,0.746,0.778,0.725,7070852,5299087.0,6.79,-4.48,-0.035,1.82
2026-04-09,DEHP,35.91,36.09,36.24,35.7,13079,471459.0,1.5,0.03,0.01,0.0
2026-04-09,DEI,9.51,9.34,9.56,9.3,1983281,18627266.0,2.71,-2.71,-0.26,1.18
2026-04-09,DELL,186.97,181.46,187.8,179.685,4500859,817167152.0,4.38,-2.16,-4.01,1.41
2026-04-09,DEM,50.77,51.15,51.27,50.71,216249,11044790.0,1.1,0.16,0.08,0.0
2026-04-09,DEMZ,42.43,42.351,42.43,42.295,1375,58195.0,0.32,0.63,0.264,0.0
2026-04-09,DEO,76.31,78.53,79.06,75.97,1333271,103764385.0,4.01,1.87,1.44,0.24
2026-04-09,DERM,5.33,5.19,5.38,4.99,165467,858028.0,7.32,-2.63,-0.14,0.78
2026-04-09,DES,37.12,37.65,37.78,37.12,102030,3825809.0,1.77,0.94,0.35,0.0
2026-04-09,DESK,33.13,33.13,33.13,33.13,239,7981.0,0.0,-0.5,-0.168,0.0
2026-04-09,DEUS,61.85,62.12,62.32,61.82,20050,1245289.0,0.81,0.26,0.16,0.0
2026-04-09,DEVS,0.624,0.62,0.643,0.608,131664,82430.0,5.38,-4.62,-0.03,2.47
2026-04-09,DEW,67.81,67.95,68.14,67.77,13123,890468.0,0.55,0.24,0.166,0.0
2026-04-09,DEXC,69.025,69.27,69.575,68.575,10393,719786.0,1.44,-0.09,-0.06,0.0
2026-04-09,DFAC,40.33,40.61,40.69,40.27,2004132,81246597.0,1.04,0.54,0.22,0.0
2026-04-09,DFAE,35.67,35.87,36.01,35.42,950617,34001049.0,1.64,-0.22,-0.08,0.0
2026-04-09,DFAI,40.59,40.82,41.03,40.48,1133258,46276965.0,1.34,-0.27,-0.11,0.0
2026-04-09,DFAR,24.49,24.81,25.01,24.48,723868,17957506.0,2.16,0.94,0.23,0.0
2026-04-09,DFAS,73.85,74.64,74.84,73.85,468826,34905096.0,1.33,0.55,0.41,0.0
2026-04-09,DFAT,64.33,64.98,65.19,64.33,224349,14561552.0,1.33,0.45,0.29,0.0
2026-04-09,DFAU,46.8,47.12,47.2,46.692,733965,34515050.0,1.08,0.55,0.26,0.0
2026-04-09,DFAW,76.67,77.15,77.32,76.48,174673,13470639.0,1.09,0.34,0.26,0.0
2026-04-09,DFAX,35.58,35.8,35.945,35.46,709112,25331015.0,1.35,-0.2,-0.07,0.0
2026-04-09,DFCA,50.1,50.19,50.19,50.1,61824,3100796.0,0.18,0.13,0.065,0.0
2026-04-09,DFCF,42.45,42.5,42.587,42.403,1032361,43882919.0,0.43,0.02,0.01,0.0
2026-04-09,DFDV,3.53,3.74,3.85,3.45,623822,2293466.0,11.24,5.06,0.18,2.11
2026-04-09,DFDVW,0.52,0.54,0.57,0.52,2245,1231.0,8.93,-3.57,-0.02,0.0
2026-04-09,DFE,74.895,75.308,75.7,74.72,18417,1386303.0,1.3,0.18,0.133,0.0
2026-04-09,DFEB,48.305,48.445,48.49,48.245,10766,521266.0,0.51,0.26,0.125,0.0
2026-04-09,DFEM,36.32,36.63,36.725,36.14,493610,18032959.0,1.6,-0.03,-0.01,0.0
2026-04-09,DFEN,73.79,74.44,77.007,73.65,165736,12489569.0,4.48,-0.71,-0.53,0.0
2026-04-09,DFEV,37.29,37.67,37.75,37.13,268495,10102402.0,1.65,0.03,0.01,0.0
2026-04-09,DFGP,54.33,54.435,54.59,54.28,135064,7348272.0,0.57,-0.04,-0.02,0.0
2026-04-09,DFGR,27.56,27.87,28.08,27.56,299369,8353871.0,1.88,0.61,0.17,0.0
2026-04-09,DFGX,52.75,52.855,52.94,52.73,126562,6688901.0,0.4,-0.25,-0.13,0.0
2026-04-09,DFH,13.98,14.25,14.365,13.74,732964,10384729.0,4.41,0.49,0.07,2.15
2026-04-09,DFIC,36.92,37.23,37.41,36.92,1107999,41234525.0,1.31,-0.24,-0.09,0.0
2026-04-09,DFII,13.64,13.868,13.88,13.61,5225,71905.0,1.97,1.11,0.152,0.0
2026-04-09,DFIN,49.53,49.3,50.005,48.85,179356,8875056.0,2.32,-1.06,-0.53,0.7
2026-04-09,DFIP,41.9,41.96,41.99,41.875,57199,2398808.0,0.27,0.02,0.01,0.0
2026-04-09,DFIS,35.16,35.34,35.52,35.015,534686,18890892.0,1.42,-0.48,-0.17,0.0
2026-04-09,DFIV,54.68,54.92,55.17,54.56,1418111,77945106.0,1.11,-0.25,-0.14,0.0
2026-04-09,DFJ,105.75,105.9,106.91,105.232,51474,5470702.0,1.55,-2.03,-2.19,0.0
2026-04-09,DFLI,2.0,1.93,2.076,1.93,229884,460168.0,7.23,-4.46,-0.09,1.89
2026-04-09,DFLIW,0.048,0.048,0.048,0.048,765,37.0,0.0,0.0,0.0,0.0
2026-04-09,DFLV,36.68,36.95,37.03,36.68,691240,25519833.0,0.95,0.43,0.16,0.0
2026-04-09,DFMC,53.07,53.75,53.81,53.05,33367,1780397.0,1.43,0.86,0.456,0.0
2026-04-09,DFNL,46.79,47.28,47.39,46.71,15522,730098.0,1.45,0.79,0.37,0.0
2026-04-09,DFNM,48.23,48.28,48.28,48.19,203953,9840490.0,0.19,0.21,0.1,0.0
2026-04-09,DFNS,0.636,0.55,0.636,0.548,1208728,698368.0,13.77,-13.93,-0.089,3.2
2026-04-09,DFNSW,0.076,0.063,0.076,0.063,9191,633.0,19.12,-7.35,-0.005,0.0
2026-04-09,DFP,20.67,20.72,20.81,20.64,57580,1191324.0,0.83,0.58,0.12,0.0
2026-04-09,DFSB,51.97,52.055,52.64,51.89,36906,1925105.0,1.44,-0.06,-0.03,0.0
2026-04-09,DFSC,2.0,1.95,2.005,1.94,8488,16738.0,3.24,-2.74,-0.055,0.43
2026-04-09,DFSD,48.01,48.04,48.095,47.982,328498,15782092.0,0.24,0.06,0.03,0.0
2026-04-09,DFSE,44.52,44.915,45.03,44.23,16504,740542.0,1.78,-0.17,-0.075,0.0
2026-04-09,DFSI,44.275,44.65,44.75,44.19,29063,1295852.0,1.25,-0.13,-0.06,0.0
2026-04-09,DFSU,42.72,43.08,43.14,42.63,109777,4722705.0,1.19,0.56,0.24,0.0
2026-04-09,DFSV,36.08,36.35,36.425,36.01,1121989,40694190.0,1.15,0.5,0.18,0.0
2026-04-09,DFTT,26.205,26.447,26.46,26.205,1838,48377.0,0.98,1.41,0.369,0.0
2026-04-09,DFTX,21.02,21.42,21.58,20.41,1561467,33199204.0,5.57,1.9,0.4,1.57
2026-04-09,DFUS,73.69,74.12,74.26,73.48,833035,61630010.0,1.06,0.54,0.4,0.0
2026-04-09,DFUV,49.87,50.22,50.35,49.87,315138,15816602.0,0.96,0.44,0.22,0.0
2026-04-09,DFVE,33.54,33.686,33.73,33.54,14380,484494.0,0.57,0.4,0.134,0.0
2026-04-09,DFVX,76.92,77.384,77.49,76.82,16232,1252711.0,0.87,0.64,0.494,0.0
2026-04-09,DG,121.44,119.75,121.925,118.02,3151314,376903440.0,3.17,-2.68,-3.3,1.43
2026-04-09,DGCB,54.47,54.595,54.695,54.44,55547,3031004.0,0.47,-0.03,-0.015,0.0
2026-04-09,DGICA,17.32,17.53,17.66,17.32,93882,1647214.0,1.95,0.46,0.08,0.3
2026-04-09,DGICB,18.89,18.89,18.89,18.89,245,4441.0,0.0,0.0,0.0,0.0
2026-04-09,DGII,53.61,54.43,54.67,53.26,248982,13477561.0,2.6,0.5,0.27,0.66
2026-04-09,DGIN,32.72,32.93,33.18,32.72,7309,240752.0,1.39,-0.68,-0.225,0.0
2026-04-09,DGJA,30.51,30.55,30.55,30.51,330,10068.0,0.13,1.53,0.459,0.0
2026-04-09,DGLO,22.78,22.802,22.802,22.78,411,9364.0,0.1,-0.24,-0.056,0.0
2026-04-09,DGNX,0.53,0.522,0.55,0.509,843200,443505.0,7.98,1.56,0.008,0.36
2026-04-09,DGOC,31.49,31.565,31.565,31.49,1284,40433.0,0.24,0.32,0.102,0.0
2026-04-09,DGP,187.08,187.968,194.54,183.705,289854,54927811.0,5.83,1.22,2.268,0.0
2026-04-09,DGRE,35.35,35.385,35.502,35.08,13386,473424.0,1.19,-0.05,-0.018,0.0
2026-04-09,DGRO,71.72,72.28,72.475,71.7,1469379,106067861.0,1.08,0.36,0.26,0.0
2026-04-09,DGRS,54.71,55.602,55.75,54.71,23412,1297762.0,1.89,0.99,0.545,0.0
2026-04-09,DGRW,90.19,90.78,90.96,90.1,589614,53417243.0,0.95,0.34,0.31,0.0
2026-04-09,DGS,62.21,62.73,62.91,62.04,39349,2463344.0,1.39,0.18,0.11,0.0
2026-04-09,DGT,175.73,176.622,176.97,175.34,8557,1510227.0,0.92,0.1,0.177,0.0
2026-04-09,DGX,197.93,197.82,199.405,196.55,718355,142240712.0,1.44,-0.5,-0.99,0.65
2026-04-09,DGXX,2.36,2.36,2.41,2.29,1428531,3351786.0,5.0,-1.67,-0.04,2.05
2026-04-09,DGZ,4.825,4.869,4.869,4.78,4299,20669.0,1.81,-0.77,-0.038,0.0
2026-04-09,DH,1.06,0.971,1.06,0.93,262591,255944.0,12.5,-6.63,-0.069,0.25
2026-04-09,DHC,7.01,7.29,7.36,7.0,1752637,12690984.0,5.12,3.7,0.26,0.72
2026-04-09,DHCNI,17.54,17.85,17.85,17.4,16160,285183.0,2.59,2.79,0.485,0.0
2026-04-09,DHCNL,17.98,18.1,18.1,17.73,17634,317201.0,2.06,0.78,0.14,0.0
2026-04-09,DHDG,33.96,34.128,34.14,33.941,2871,97723.0,0.59,0.38,0.128,0.0
2026-04-09,DHF,2.39,2.4,2.408,2.375,205478,492560.0,1.38,0.0,0.0,0.0
2026-04-09,DHI,141.18,143.74,145.96,140.6,3809104,548643536.0,3.76,0.74,1.06,1.31
2026-04-09,DHIL,172.32,171.58,172.6,171.48,17255,2968933.0,0.65,-0.38,-0.65,0.64
2026-04-09,DHLX,13.19,13.26,13.27,13.18,18117,239582.0,0.68,0.41,0.054,0.0
2026-04-09,DHR,194.78,192.99,195.69,191.08,2903201,561223872.0,2.35,-1.63,-3.2,0.41
2026-04-09,DHS,109.61,110.59,110.788,109.61,26742,2951503.0,1.07,0.45,0.5,0.0
2026-04-09,DHSB,26.2,26.13,26.2,26.13,376,9856.0,0.27,0.62,0.162,0.0
2026-04-09,DHT,18.42,17.8,18.53,17.72,4358462,78411492.0,4.41,-3.0,-0.55,2.71
2026-04-09,DHX,2.96,2.98,3.03,2.8,271652,791975.0,7.72,0.0,0.0,0.62
2026-04-09,DHY,1.88,1.89,1.89,1.87,518981,976978.0,1.06,0.0,0.0,0.0
2026-04-09,DIA,477.49,481.9,483.27,477.01,4213669,2024353072.0,1.31,0.57,2.74,0.0
2026-04-09,DIAL,18.22,18.25,18.275,18.165,97119,1770413.0,0.6,0.22,0.04,0.0
2026-04-09,DIBS,5.5,5.55,5.622,5.445,83154,462707.0,3.21,0.54,0.03,0.23
2026-04-09,DIEM,37.07,37.385,37.45,36.96,11011,410489.0,1.31,-0.06,-0.021,0.0
2026-04-09,DIG,59.85,58.19,61.57,57.81,117670,6957598.0,6.3,-2.43,-1.45,0.0
2026-04-09,DIHP,33.39,33.67,33.82,33.39,409739,13793169.0,1.27,-0.21,-0.07,0.0
2026-04-09,DIM,86.26,86.89,87.09,86.26,2144,185721.0,0.96,0.06,0.056,0.0
2026-04-09,DIME,8.18,8.348,8.36,8.18,4250,35300.0,2.18,1.31,0.108,0.0
2026-04-09,DIN,26.58,26.8,27.125,26.31,286556,7678156.0,3.04,0.11,0.03,2.21
2026-04-09,DINO,58.06,56.43,58.75,55.895,1885164,107166728.0,4.91,-3.01,-1.75,1.05
2026-04-09,DINT,27.682,27.918,28.01,27.61,11664,324112.0,1.42,-0.58,-0.162,0.0
2026-04-09,DIOD,78.84,82.29,82.82,78.81,717299,58672674.0,5.1,4.69,3.69,1.56
2026-04-09,DIPS,47.97,47.226,47.97,47.1,4565,216740.0,1.81,-2.0,-0.964,0.0
2026-04-09,DIS,98.66,99.79,100.225,97.675,8918282,884175392.0,2.57,0.62,0.61,0.5
2026-04-09,DISO,10.08,10.023,10.08,9.945,4114,41053.0,1.34,-0.17,-0.017,0.0
2026-04-09,DISV,40.71,41.04,41.25,40.71,328019,13457023.0,1.31,-0.65,-0.27,0.0
2026-04-09,DIT,94.02,88.25,94.02,88.25,836,76792.0,6.21,-5.06,-4.7,0.09
2026-04-09,DIV,19.15,19.26,19.31,19.125,293588,5650546.0,0.96,0.26,0.05,0.0
2026-04-09,DIVB,55.02,55.25,55.32,54.95,242026,13361618.0,0.67,0.09,0.05,0.0
2026-04-09,DIVD,41.95,42.197,42.197,41.936,1777,74766.0,0.62,0.33,0.139,0.0
2026-04-09,DIVE,24.74,24.927,24.96,24.74,2620,65157.0,0.88,0.27,0.067,0.0
2026-04-09,DIVG,35.02,35.444,35.444,35.02,453,16005.0,1.2,0.56,0.198,0.0
2026-04-09,DIVI,41.47,41.71,41.935,41.335,193763,8060402.0,1.43,-0.33,-0.14,0.0
2026-04-09,DIVL,24.85,24.85,24.85,24.85,21,533.0,0.0,0.32,0.08,0.0
2026-04-09,DIVN,28.5,28.617,28.65,28.5,5307,151669.0,0.53,0.27,0.077,0.0
2026-04-09,DIVO,45.7,45.85,45.975,45.605,987312,45265958.0,0.81,0.17,0.08,0.0
2026-04-09,DIVP,26.3,26.42,26.49,26.3,26166,691553.0,0.72,0.28,0.074,0.0
2026-04-09,DIVY,27.8,27.963,28.01,27.8,2148,59921.0,0.75,-0.14,-0.04,0.0
2026-04-09,DIVZ,37.59,37.48,37.59,37.47,15195,570168.0,0.32,0.24,0.091,0.0
2026-04-09,DJAN,43.35,43.53,43.58,43.29,13754,597709.0,0.67,0.25,0.11,0.0
2026-04-09,DJCO,532.8,549.59,555.2,527.21,71237,38736293.0,5.21,2.29,12.33,3.95
2026-04-09,DJD,59.79,60.14,60.2,59.69,19151,1150872.0,0.85,0.23,0.14,0.0
2026-04-09,DJIA,21.3,21.37,21.42,21.28,44019,940061.0,0.66,0.23,0.05,0.0
2026-04-09,DJP,47.23,47.04,47.45,46.63,114459,5394057.0,1.75,0.49,0.23,0.0
2026-04-09,DJT,9.47,9.26,9.54,9.16,3396399,31676553.0,3.97,-3.24,-0.31,1.23
2026-04-09,DJTU,1.68,1.6,1.685,1.56,305761,497668.0,7.4,-5.33,-0.09,0.0
2026-04-09,DJTWW,4.9,4.8,4.92,4.8,12812,62234.0,2.45,-2.04,-0.1,0.0
2026-04-09,DJUL,47.92,48.075,48.12,47.82,5184,248391.0,0.63,0.47,0.225,0.0
2026-04-09,DJUN,47.852,48.04,48.04,47.852,2121,101751.0,0.39,0.33,0.16,0.0
2026-04-09,DK,43.26,41.11,43.59,40.7,1036283,43280977.0,6.76,-3.81,-1.63,1.73
2026-04-09,DKI,0.458,0.963,1.21,0.433,214995493,156514202.0,195.72,142.57,0.566,1465.01
2026-04-09,DKL,48.8,49.7,50.25,48.21,41953,2086838.0,4.18,1.95,0.95,0.08
2026-04-09,DKNG,23.7,22.25,23.73,22.17,15539921,349740224.0,6.52,-7.06,-1.69,3.13
2026-04-09,DKNX,18.37,17.113,18.37,17.0,12769,225004.0,6.88,-14.09,-2.807,0.0
2026-04-09,DKS,203.87,212.62,212.87,203.21,1305385,274227680.0,4.72,3.84,7.87,1.99
2026-04-09,DLAG,31.38,31.555,31.57,31.38,692,21818.0,0.6,0.35,0.11,0.0
2026-04-09,DLB,61.05,61.09,61.11,60.03,497465,30209570.0,1.76,-0.55,-0.34,0.82
2026-04-09,DLFE,30.14,30.27,30.32,30.07,13116,396629.0,0.83,0.48,0.146,0.0
2026-04-09,DLHC,5.98,6.06,6.06,5.93,9243,55090.0,2.2,2.54,0.15,0.06
2026-04-09,DLLL,44.55,42.73,45.2,42.0,59095,2522616.0,7.2,-3.91,-1.737,0.0
2026-04-09,DLN,91.38,92.04,92.24,91.35,202902,18670455.0,0.97,0.46,0.42,0.0
2026-04-09,DLNG,4.12,4.05,4.175,4.05,34996,144075.0,3.04,-1.46,-0.06,0.1
2026-04-09,DLNG_A,26.5,26.5,26.56,26.4,2884,76337.0,0.61,0.38,0.1,0.1
2026-04-09,DLNV,31.32,31.4,31.42,31.32,214,6712.0,0.32,0.41,0.129,0.0
2026-04-09,DLO,12.69,12.97,13.155,12.49,1159620,14929138.0,5.2,1.33,0.17,0.7
2026-04-09,DLPN,1.57,1.55,1.614,1.515,35136,54969.0,6.43,0.65,0.01,0.28
2026-04-09,DLR,185.72,188.15,190.08,185.415,2749221,516703232.0,2.51,1.36,2.52,0.8
2026-04-09,DLR_J,20.21,20.33,20.391,20.21,9218,187217.0,0.89,-0.11,-0.022,0.12
2026-04-09,DLR_K,22.21,22.29,22.38,22.13,33272,740779.0,1.12,0.18,0.04,0.4
2026-04-09,DLR_L,19.65,19.77,19.78,19.6,22341,440666.0,0.92,0.61,0.12,0.16
2026-04-09,DLS,85.14,85.61,86.14,84.965,32591,2788965.0,1.37,-0.31,-0.27,0.0
2026-04-09,DLTH,3.4,3.31,3.435,3.26,56627,190154.0,5.16,-2.36,-0.08,0.17
2026-04-09,DLTR,103.75,102.6,104.245,100.558,4463415,456119632.0,3.49,-2.86,-3.02,2.26
2026-04-09,DLX,28.17,28.2,28.6,27.68,328806,9262543.0,3.24,-0.63,-0.18,0.72
2026-04-09,DLXY,0.512,0.558,0.58,0.455,1396981,734027.0,24.46,9.2,0.047,19.47
2026-04-09,DLY,14.07,14.09,14.18,14.01,269534,3805246.0,1.2,-0.49,-0.07,0.56
2026-04-09,DMA,7.904,8.02,8.07,7.904,8457,67471.0,2.08,0.38,0.03,0.0
2026-04-09,DMAA,10.515,10.515,10.515,10.515,25,263.0,0.0,0.0,0.0,0.0
2026-04-09,DMAAR,0.09,0.09,0.09,0.075,35716,2906.0,18.52,11.11,0.009,0.0
2026-04-09,DMAC,6.2,6.18,6.32,5.85,293333,1810162.0,7.59,-0.16,-0.01,0.54
2026-04-09,DMAR,43.179,43.23,43.32,43.115,16223,701668.0,0.47,0.14,0.06,0.0
2026-04-09,DMAX,26.74,26.79,26.813,26.74,2740,73388.0,0.27,0.17,0.045,0.0
2026-04-09,DMAY,45.86,46.005,46.01,45.86,5365,246576.0,0.33,0.39,0.18,0.0
2026-04-09,DMB,10.84,10.87,10.99,10.81,78566,854011.0,1.67,0.93,0.1,0.0
2026-04-09,DMBS,49.4,49.48,49.565,49.34,74943,3707722.0,0.46,0.12,0.06,0.0
2026-04-09,DMII,10.0,9.99,10.0,9.99,15900,158976.0,0.1,-0.1,-0.01,0.02
2026-04-09,DMIIU,10.05,10.05,10.05,10.05,2200,22110.0,0.0,0.1,0.01,0.0
2026-04-09,DMLP,27.99,27.76,28.115,27.6,147420,4109117.0,1.84,-0.86,-0.24,0.31
2026-04-09,DMO,11.0,11.06,11.2,10.99,59876,665344.0,1.91,0.64,0.07,0.0
2026-04-09,DMRA,24.96,26.69,26.99,24.945,337203,8798277.0,7.99,4.26,1.09,0.56
2026-04-09,DMRC,6.18,6.27,6.29,5.89,222591,1358326.0,6.39,0.16,0.01,1.01
2026-04-09,DMX,50.19,50.21,50.25,50.14,5479,275118.0,0.22,0.09,0.045,0.0
2026-04-09,DMXF,78.64,79.15,79.533,78.38,38533,3052789.0,1.45,-0.4,-0.32,0.0
2026-04-09,DNA,6.67,6.43,6.725,6.24,918342,5879231.0,7.05,-6.54,-0.45,1.84
2026-04-09,DNL,42.43,42.641,42.78,42.3,20147,859561.0,1.12,-0.46,-0.199,0.0
2026-04-09,DNLI,19.37,19.29,19.73,19.05,1435511,27797343.0,3.47,-1.68,-0.33,0.91
2026-04-09,DNMX,9.94,9.94,9.94,9.94,1010,10039.0,0.0,0.0,0.0,0.01
2026-04-09,DNMXU,10.09,10.09,10.09,10.09,85,860.0,0.0,0.0,0.0,0.0
2026-04-09,DNMXW,0.3,0.302,0.305,0.3,17600,5286.0,1.56,-5.63,-0.018,0.0
2026-04-09,DNN,3.51,3.52,3.61,3.45,22133835,78332301.0,4.53,-0.28,-0.01,2.45
2026-04-09,DNNG,10.69,10.834,11.29,10.69,2970,32656.0,5.57,0.56,0.06,0.0
2026-04-09,DNOV,48.949,49.096,49.16,48.87,5527,270911.0,0.59,0.44,0.214,0.0
2026-04-09,DNOW,12.35,12.25,12.49,12.24,2879873,35435722.0,2.03,-0.41,-0.05,1.55
2026-04-09,DNP,10.4,10.55,10.55,10.4,890372,9353712.0,1.44,1.54,0.16,0.0
2026-04-09,DNTH,87.51,91.66,92.273,87.08,652717,59234720.0,5.94,4.78,4.18,1.2
2026-04-09,DNUT,3.31,3.37,3.38,3.25,1428294,4749123.0,3.9,1.2,0.04,0.83
2026-04-09,DOC,16.59,16.69,16.74,16.46,7240411,120584980.0,1.68,0.06,0.01,1.04
2026-04-09,DOCN,90.36,87.17,93.0,82.322,6373697,550616176.0,11.95,-2.47,-2.21,6.23
2026-04-09,DOCS,21.64,21.16,21.73,20.55,5091992,107810404.0,5.4,-3.2,-0.7,3.81
2026-04-09,DOCT,44.385,44.52,44.52,44.3,4448,197611.0,0.5,0.29,0.13,0.0
2026-04-09,DOCU,45.26,45.55,45.6,43.01,5212023,232533561.0,5.67,-0.35,-0.16,2.68
2026-04-09,DOG,23.7,23.49,23.729,23.42,4048747,95470958.0,1.31,-0.59,-0.14,0.0
2026-04-09,DOGD,16.08,13.585,16.1,13.5,38252,543772.0,16.68,-12.85,-2.003,0.0
2026-04-09,DOGG,21.54,21.62,21.62,21.5,13477,290934.0,0.56,0.7,0.15,0.0
2026-04-09,DOGZ,1.373,1.35,1.399,1.35,12345,16895.0,3.53,-2.88,-0.04,0.23
2026-04-09,DOJE,8.6,8.76,8.789,8.52,30861,265227.0,3.1,0.81,0.07,0.0
2026-04-09,DOL,71.03,71.515,71.802,70.927,28785,2058409.0,1.22,-0.2,-0.141,0.0
2026-04-09,DOLE,15.0,15.57,15.58,14.877,985136,15132042.0,4.65,2.91,0.44,1.04
2026-04-09,DOMH,2.88,2.88,2.95,2.84,43384,125854.0,3.82,0.0,0.0,0.19
2026-04-09,DOMO,2.74,2.65,2.74,2.56,1268813,3330668.0,6.52,-3.99,-0.11,3.24
2026-04-09,DON,54.0,54.46,54.62,53.99,110545,6008243.0,1.16,0.52,0.28,0.0
2026-04-09,DOO,74.81,76.49,77.02,74.01,206215,15654989.0,4.04,2.57,1.915,0.54
2026-04-09,DORM,105.18,109.92,110.128,104.81,166816,18161152.0,5.01,3.5,3.72,0.55
2026-04-09,DOUG,1.64,1.65,1.684,1.61,439477,719769.0,4.38,-2.37,-0.04,0.5
2026-04-09,DOV,215.86,218.32,219.56,215.74,947739,206492597.0,1.76,0.75,1.63,0.7
2026-04-09,DOW,39.6,38.04,40.6,37.9,18500459,714845856.0,6.87,-3.16,-1.24,2.57
2026-04-09,DOX,65.41,64.39,66.065,63.82,1053293,67768772.0,3.4,-2.44,-1.61,0.98
2026-04-09,DOYU,4.91,4.89,4.94,4.8,13174,64356.0,2.85,-0.61,-0.03,0.04
2026-04-09,DPG,14.76,15.0,15.147,14.76,113894,1709670.0,2.61,1.08,0.16,0.0
2026-04-09,DPRO,5.14,5.07,5.21,5.03,673868,3437609.0,3.45,-2.69,-0.14,1.85
2026-04-09,DPST,111.04,118.52,119.54,110.07,399631,46622558.0,8.4,5.15,5.81,0.0
2026-04-09,DPZ,372.92,373.3,376.43,372.0,641178,240052993.0,1.18,-0.78,-2.94,1.91
2026-04-09,DQ,21.33,21.05,21.66,20.86,515377,10867773.0,3.75,-1.31,-0.28,0.77
2026-04-09,DRAI,30.5,30.44,30.5,30.44,1491,45405.0,0.2,0.82,0.248,0.0
2026-04-09,DRAY,16.77,16.066,16.77,16.066,3348,54591.0,4.09,-6.55,-1.127,0.0
2026-04-09,DRCT,0.72,0.671,0.732,0.665,197910,143195.0,9.29,-6.93,-0.05,7.06
2026-04-09,DRD,31.2,31.02,31.665,30.76,175873,5472925.0,2.92,-0.06,-0.02,0.2
2026-04-09,DRDB,10.5,10.49,10.5,10.49,1406,14750.0,0.1,0.0,0.0,0.01
2026-04-09,DRES,29.0,29.09,29.14,29.0,923,26857.0,0.48,0.21,0.061,0.0
2026-04-09,DRGN,32.12,32.27,32.27,31.74,61246,1955286.0,1.64,-0.33,-0.108,0.0
2026-04-09,DRH,9.76,10.08,10.165,9.69,2752874,27722933.0,4.87,3.28,0.32,1.35
2026-04-09,DRI,195.29,196.34,198.09,194.655,1231930,242053167.0,1.76,0.35,0.69,1.08
2026-04-09,DRIO,7.06,7.1,7.65,7.06,11918,86937.0,8.65,4.11,0.28,0.16
2026-04-09,DRIP,4.56,4.79,4.86,4.46,50250326,234795301.0,8.71,4.36,0.2,0.0
2026-04-09,DRIV,32.32,32.63,32.75,32.275,21405,695829.0,1.46,0.34,0.112,0.0
2026-04-09,DRKY,20.11,20.127,20.18,19.903,12861,258332.0,1.38,-0.08,-0.016,0.0
2026-04-09,DRLL,37.27,36.48,37.565,36.281,43283,1592181.0,3.46,-1.72,-0.64,0.0
2026-04-09,DRMA,1.27,1.21,1.29,1.2,54503,68064.0,7.03,-5.47,-0.07,1.36
2026-04-09,DRMAW,0.015,0.018,0.018,0.015,12350,187.0,16.67,0.0,0.0,0.0
2026-04-09,DRN,9.48,9.82,10.07,9.46,1955723,19258179.0,6.35,2.29,0.22,0.0
2026-04-09,DRNL,12.79,11.391,12.79,11.391,1202,14481.0,11.07,-9.86,-1.246,0.0
2026-04-09,DRNZ,25.08,24.62,25.12,24.55,87072,2158555.0,2.25,-2.75,-0.695,0.0
2026-04-09,DRS,47.77,47.1,48.37,46.91,1019074,48241303.0,3.05,-1.73,-0.83,0.38
2026-04-09,DRSK,27.7,27.82,27.9,27.65,101816,2830376.0,0.9,0.25,0.07,0.0
2026-04-09,DRTS,7.19,7.35,7.45,7.14,280371,2051230.0,4.31,2.08,0.15,0.32
2026-04-09,DRTSW,0.82,0.795,0.832,0.79,94987,76743.0,5.04,-4.56,-0.038,0.0
2026-04-09,DRUG,81.09,85.91,86.44,79.86,241795,20275695.0,7.95,3.81,3.15,2.47
2026-04-09,DRUP,55.74,54.432,55.74,54.29,564,30865.0,2.6,-2.47,-1.378,0.0
2026-04-09,DRV,22.32,21.71,22.5,21.18,249249,5431688.0,5.94,-2.34,-0.52,0.0
2026-04-09,DRVN,12.47,12.66,12.79,12.47,1013279,12841878.0,2.55,1.04,0.13,0.62
2026-04-09,DSAC,9.91,9.91,9.91,9.91,100,991.0,0.0,-0.3,-0.03,0.0
2026-04-09,DSACU,10.04,10.04,10.04,10.04,4,40.0,0.0,0.0,0.0,0.0
2026-04-09,DSACW,0.48,0.48,0.48,0.48,2426,1157.0,0.0,20.0,0.08,0.0
2026-04-09,DSCO,24.79,24.82,24.85,24.79,19759,490163.0,0.24,-0.02,-0.005,0.0
2026-04-09,DSEP,44.98,45.126,45.14,44.93,4987,224468.0,0.47,0.44,0.196,0.0
2026-04-09,DSGN,12.53,12.49,12.79,12.23,203992,2550673.0,4.42,-1.42,-0.18,0.33
2026-04-09,DSGR,27.22,27.7,28.0,27.22,144992,4018043.0,2.85,1.13,0.31,0.31
2026-04-09,DSGX,67.14,64.77,67.35,63.84,1022442,66307860.0,5.21,-3.79,-2.55,1.19
2026-04-09,DSI,125.47,126.25,126.435,125.025,87393,10992520.0,1.12,0.29,0.36,0.0
2026-04-09,DSL,10.96,11.0,11.01,10.9,380995,4174263.0,1.0,0.18,0.02,0.0
2026-04-09,DSM,6.15,6.15,6.15,6.12,71281,437602.0,0.49,0.49,0.03,0.0
2026-04-09,DSMC,37.84,37.83,37.84,37.65,9443,356651.0,0.5,-0.03,-0.01,0.0
2026-04-09,DSP,10.51,10.24,10.76,9.86,180085,1829715.0,8.54,-2.85,-0.3,1.01
2026-04-09,DSPY,59.47,59.499,59.499,59.47,517,30721.0,0.05,0.58,0.346,0.0
2026-04-09,DSS,0.885,0.88,0.91,0.867,17376,15430.0,4.86,-0.56,-0.005,0.17
2026-04-09,DSTL,58.39,58.35,58.39,57.94,88360,5148747.0,0.77,-0.58,-0.34,0.0
2026-04-09,DSTX,33.426,33.426,33.426,33.426,238,7963.0,0.0,-0.23,-0.078,0.0
2026-04-09,DSU,9.87,9.83,9.87,9.81,210618,2073074.0,0.61,-0.1,-0.01,0.0
2026-04-09,DSWL,3.2,3.16,3.29,3.15,4319,13746.0,4.44,0.32,0.01,0.03
2026-04-09,DSX,2.63,2.45,2.64,2.44,792148,1991548.0,7.6,-6.84,-0.18,0.64
2026-04-09,DSX_B,27.18,26.805,27.18,26.805,1237,33291.0,1.39,-0.54,-0.145,0.05
2026-04-09,DSX_WS,0.29,0.25,0.37,0.24,5679,1675.0,34.21,-34.21,-0.13,0.0
2026-04-09,DSY,2.58,2.63,2.655,2.39,10838,27436.0,10.27,1.94,0.05,0.87
2026-04-09,DSYWW,0.019,0.018,0.019,0.015,4198,71.0,25.0,12.5,0.002,0.0
2026-04-09,DT,36.41,33.82,36.515,33.72,6465166,222370129.0,7.6,-8.1,-2.98,2.17
2026-04-09,DTAN,31.47,31.426,31.54,31.41,1882,59276.0,0.41,-0.68,-0.215,0.0
2026-04-09,DTB,16.66,16.7,16.729,16.59,21666,361278.0,0.84,0.42,0.07,0.0
2026-04-09,DTCR,25.74,26.03,26.18,25.675,594634,15464768.0,1.96,0.85,0.22,0.0
2026-04-09,DTCX,2.63,2.35,2.63,2.3,198410,472675.0,12.5,-10.98,-0.29,0.55
2026-04-09,DTD,88.3,88.96,89.18,88.3,13791,1225493.0,0.99,0.47,0.42,0.0
2026-04-09,DTE,148.7,150.98,151.4,148.63,983004,148313168.0,1.86,1.48,2.2,0.47
2026-04-09,DTEC,43.78,43.173,43.78,43.05,1661,71918.0,1.65,-2.14,-0.944,0.0
2026-04-09,DTF,11.47,11.47,11.48,11.46,9302,106738.0,0.17,0.09,0.01,0.0
2026-04-09,DTG,16.83,16.85,16.91,16.75,25484,429405.0,0.95,0.12,0.02,0.0
2026-04-09,DTH,56.09,56.43,56.6,55.99,105667,5937351.0,1.08,-0.19,-0.11,0.0
2026-04-09,DTI,3.55,3.21,3.585,3.17,887646,3010996.0,11.69,-9.58,-0.34,2.52
2026-04-09,DTIL,5.99,6.61,6.61,5.96,207954,1327886.0,10.85,10.35,0.62,0.81
2026-04-09,DTK,24.29,24.44,24.45,24.25,28147,685327.0,0.83,0.95,0.23,0.0
2026-04-09,DTM,134.07,135.82,137.77,133.335,735178,100107189.0,3.3,1.06,1.43,0.72
2026-04-09,DTRE,41.48,41.498,41.498,41.48,207,8620.0,0.04,0.63,0.258,0.0
2026-04-09,DTSQ,11.2,11.2,11.2,11.2,74,831.0,0.0,0.0,0.0,0.0
2026-04-09,DTSQR,0.15,0.17,0.17,0.15,29030,4404.0,12.12,3.03,0.005,0.0
2026-04-09,DTSQU,10.948,10.948,10.948,10.948,4,41.0,0.0,0.0,0.0,0.0
2026-04-09,DTSS,0.94,0.868,0.942,0.861,35224,32466.0,8.78,-5.96,-0.055,0.34
2026-04-09,DTST,3.92,4.07,4.1,3.92,14204,56911.0,4.65,5.17,0.2,0.66
2026-04-09,DTSTW,0.052,0.053,0.053,0.052,254,13.0,1.41,-25.35,-0.018,0.0
2026-04-09,DTW,20.8,20.91,20.98,20.8,23273,485864.0,0.87,0.63,0.13,0.0
2026-04-09,DUBS,37.505,37.791,37.87,37.482,18508,698972.0,1.03,0.75,0.281,0.0
2026-04-09,DUG,18.52,19.05,19.15,17.975,146649,2713098.0,6.33,2.64,0.49,0.0
2026-04-09,DUHP,37.82,38.09,38.18,37.795,936303,35605462.0,1.02,0.47,0.18,0.0
2026-04-09,DUK,131.28,133.0,134.13,131.28,3118810,415790480.0,2.17,1.06,1.4,0.4
2026-04-09,DUKB,23.75,23.78,23.89,23.72,27539,655495.0,0.72,0.08,0.02,0.0
2026-04-09,DUKH,24.03,24.05,24.05,23.99,1922,46175.0,0.25,0.16,0.038,0.0
2026-04-09,DUKQ,28.08,28.266,28.275,28.08,766,21620.0,0.69,0.43,0.12,0.0
2026-04-09,DUKX,26.895,26.925,26.935,26.895,1603,43182.0,0.15,0.06,0.015,0.0
2026-04-09,DUKZ,25.11,25.2,25.2,25.11,1777,44752.0,0.36,0.17,0.042,0.0
2026-04-09,DUK_A,24.85,24.83,24.85,24.723,35180,872226.0,0.51,0.12,0.03,0.09
2026-04-09,DULL,49.181,49.17,49.665,48.31,11876,580729.0,2.7,-2.05,-1.03,0.0
2026-04-09,DUNK,20.67,20.54,20.67,20.47,7158,147075.0,0.96,-1.25,-0.26,0.0
2026-04-09,DUO,1.18,1.17,1.18,1.15,11077,12897.0,2.56,-0.17,-0.002,0.03
2026-04-09,DUOG,2.73,2.67,2.826,2.515,701473,1832707.0,11.52,-1.11,-0.03,0.0
2026-04-09,DUOL,91.57,90.53,93.34,87.89,2537891,227854605.0,5.99,-0.58,-0.53,6.28
2026-04-09,DUOT,6.88,6.91,6.985,6.48,619871,4156478.0,7.34,0.44,0.03,2.12
2026-04-09,DURA,36.97,37.246,37.246,36.97,906,33535.0,0.74,0.28,0.103,0.0
2026-04-09,DUSA,52.53,52.97,53.059,52.53,48222,2549428.0,1.01,0.99,0.52,0.0
2026-04-09,DUSB,50.76,50.775,50.79,50.75,625915,31785947.0,0.08,0.03,0.015,0.0
2026-04-09,DUSL,84.21,87.741,89.19,84.21,15408,1346379.0,5.86,3.18,2.701,0.0
2026-04-09,DUST,43.96,43.92,45.11,42.44,1786180,78317046.0,6.07,-0.18,-0.08,0.0
2026-04-09,DV,10.05,9.73,10.05,9.535,2708987,26332688.0,5.1,-3.57,-0.36,1.72
2026-04-09,DVA,147.88,150.68,151.61,147.88,556096,83675541.0,2.51,1.51,2.24,0.83
2026-04-09,DVAL,15.1,15.177,15.21,15.1,99997,1518907.0,0.73,0.36,0.055,0.0
2026-04-09,DVDN,16.69,16.677,16.77,16.677,1638,27414.0,0.54,-3.52,-0.608,0.0
2026-04-09,DVGR,25.175,25.16,25.22,25.16,701,17653.0,0.24,0.25,0.062,0.0
2026-04-09,DVIN,29.131,29.131,29.131,29.131,3,88.0,0.0,1.04,0.3,0.0
2026-04-09,DVLT,0.692,0.66,0.699,0.66,25521843,17370396.0,5.65,-4.35,-0.03,4.15
2026-04-09,DVLU,35.91,36.121,36.31,35.888,2780,100288.0,1.17,0.46,0.165,0.0
2026-04-09,DVN,48.15,47.88,49.105,47.6,13745456,661375296.0,3.14,-0.06,-0.03,2.21
2026-04-09,DVND,36.6,36.483,36.6,36.483,1189,43542.0,0.32,0.51,0.185,0.0
2026-04-09,DVOL,36.26,36.417,36.48,36.26,1621,59080.0,0.61,0.67,0.242,0.0
2026-04-09,DVQQ,25.87,26.149,26.149,25.87,1019,26506.0,1.08,0.9,0.234,0.0
2026-04-09,DVRE,23.456,23.456,23.456,23.456,11,255.0,0.0,1.03,0.24,0.0
2026-04-09,DVSP,25.962,25.962,25.962,25.962,2776,72213.0,0.0,0.69,0.177,0.0
2026-04-09,DVUT,28.666,28.666,28.666,28.666,5,144.0,0.0,1.24,0.35,0.0
2026-04-09,DVVY,25.776,25.776,25.776,25.776,12,313.0,0.0,0.65,0.167,0.0
2026-04-09,DVXC,26.524,26.524,26.524,26.524,4,106.0,0.0,0.68,0.178,0.0
2026-04-09,DVXE,38.995,38.151,38.995,38.11,2337,89933.0,2.28,-1.5,-0.582,0.0
2026-04-09,DVXK,26.822,26.822,26.822,26.822,2,54.0,0.0,0.34,0.09,0.0
2026-04-09,DVXP,25.229,25.229,25.229,25.229,19,476.0,0.0,1.11,0.276,0.0
2026-04-09,DVXV,29.69,29.69,29.69,29.69,1,30.0,0.0,-0.23,-0.067,0.0
2026-04-09,DVXY,22.581,22.581,22.581,22.581,5,112.0,0.0,1.67,0.372,0.0
2026-04-09,DVY,152.62,153.47,153.91,152.552,418525,64270563.0,0.89,0.2,0.31,0.0
2026-04-09,DVYA,49.905,50.229,50.36,49.84,11353,568591.0,1.04,0.86,0.426,0.0
2026-04-09,DVYE,34.89,35.22,35.275,34.89,128711,4517695.0,1.1,0.6,0.21,0.0
2026-04-09,DWAS,105.65,106.247,106.7,105.43,13015,1382062.0,1.21,0.99,1.037,0.0
2026-04-09,DWAW,44.9,45.361,45.361,44.86,4437,199250.0,1.11,0.12,0.056,0.0
2026-04-09,DWLD,45.22,45.1,45.252,44.835,40230,1816931.0,0.92,-0.46,-0.21,0.0
2026-04-09,DWM,72.66,73.203,73.57,72.65,19797,1451753.0,1.25,-0.54,-0.397,0.0
2026-04-09,DWMF,34.36,34.569,34.625,34.36,736,25337.0,0.76,-0.27,-0.095,0.0
2026-04-09,DWSH,6.57,6.525,6.605,6.525,4404,28926.0,1.23,0.23,0.015,0.0
2026-04-09,DWSN,2.72,2.81,2.849,2.69,55351,153919.0,5.85,3.31,0.09,0.18
2026-04-09,DWTX,2.06,1.98,2.109,1.968,50121,100657.0,7.27,2.06,0.04,0.15
2026-04-09,DWUS,52.975,53.464,53.464,52.89,8164,432198.0,1.08,0.73,0.387,0.0
2026-04-09,DWX,46.74,46.87,47.08,46.66,10271,481861.0,0.89,-0.19,-0.089,0.0
2026-04-09,DX,13.0,13.21,13.27,13.0,4917743,64786539.0,2.06,0.99,0.13,2.38
2026-04-09,DXC,12.63,12.37,12.78,12.31,3774067,46874720.0,3.7,-2.52,-0.32,2.22
2026-04-09,DXCM,65.39,65.68,66.44,64.4,3762664,246938811.0,3.1,-0.18,-0.12,0.98
2026-04-09,DXD,20.7,20.31,20.72,20.2,2944038,60300617.0,2.53,-1.22,-0.25,0.0
2026-04-09,DXF,0.777,0.722,0.786,0.72,13242,9988.0,8.8,-3.73,-0.028,0.46
2026-04-09,DXIV,70.2,70.694,70.82,70.19,5689,402119.0,0.89,-0.07,-0.046,0.0
2026-04-09,DXJ,164.13,165.38,166.35,163.26,148051,24439956.0,1.85,-1.15,-1.93,0.0
2026-04-09,DXLG,0.499,0.495,0.518,0.49,90626,45506.0,5.6,-1.0,-0.005,0.17
2026-04-09,DXPE,148.19,151.64,155.12,147.78,131758,20051643.0,4.93,1.91,2.84,0.85
2026-04-09,DXR,9.19,9.4,9.49,9.19,13065,122574.0,3.31,3.58,0.325,0.22
2026-04-09,DXST,2.89,3.0,3.1,2.89,30916,92502.0,6.95,-0.66,-0.02,1.91
2026-04-09,DXUV,61.335,61.77,61.86,61.255,11587,714734.0,0.99,0.62,0.38,0.0
2026-04-09,DXYZ,27.87,27.99,28.51,27.5,1183745,33183273.0,3.57,-1.2,-0.34,8.2
2026-04-09,DX_C,25.42,25.52,25.73,25.42,7463,190907.0,1.22,0.14,0.035,0.17
2026-04-09,DY,380.18,391.62,397.5,380.18,460899,180435814.0,4.55,2.79,10.62,1.54
2026-04-09,DYAI,0.876,0.876,0.932,0.875,7358,6500.0,6.38,-1.9,-0.017,0.02
2026-04-09,DYFI,22.86,22.895,22.915,22.86,5135,117593.0,0.24,0.11,0.025,0.0
2026-04-09,DYLD,22.5,22.505,22.55,22.461,15301,344716.0,0.4,0.02,0.005,0.0
2026-04-09,DYLG,26.19,26.172,26.19,26.05,3077,80472.0,0.54,0.31,0.081,0.0
2026-04-09,DYN,18.15,19.36,19.37,18.14,2004285,38325817.0,6.69,5.33,0.98,1.21
2026-04-09,DYNB,39.49,39.513,39.63,39.49,4041,159937.0,0.35,0.13,0.05,0.0
2026-04-09,DYNF,60.65,61.21,61.305,60.62,3547143,216587784.0,1.13,0.87,0.53,0.0
2026-04-09,DYOR,9.97,9.97,9.97,9.97,149498,1490495.0,0.0,0.2,0.02,0.87
2026-04-09,DYORU,11.12,10.34,11.14,10.07,12623,130463.0,10.54,1.87,0.19,0.0
2026-04-09,DYORW,0.28,0.28,0.28,0.28,12,4.0,0.0,0.0,0.0,0.0
2026-04-09,DYTA,29.01,29.103,29.15,28.91,19961,581170.0,0.83,0.36,0.103,0.0
2026-04-09,DZZ,2.6,2.605,2.67,2.6,8747,22839.0,2.67,-0.76,-0.02,0.0
2026-04-09,E,56.49,55.68,57.22,55.66,904011,50826755.0,2.82,0.67,0.37,0.06
2026-04-09,EA,203.9,202.2,203.94,202.14,2371041,481084576.0,0.88,-0.88,-1.79,0.95
2026-04-09,EAD,6.59,6.59,6.62,6.57,230607,1522669.0,0.76,0.0,0.0,0.0
2026-04-09,EAF,7.33,7.34,7.46,7.0,195083,1424264.0,6.25,-0.27,-0.02,0.75
2026-04-09,EAFG,24.965,24.965,24.965,24.965,70,1739.0,0.0,0.24,0.061,0.0
2026-04-09,EAGG,47.59,47.65,47.72,47.525,222822,10617433.0,0.41,0.06,0.03,0.0
2026-04-09,EAGL,31.37,31.35,31.4,31.1,404808,12657564.0,0.96,0.22,0.07,0.0
2026-04-09,EAI,20.4,20.5,20.53,20.4,14664,300402.0,0.64,0.4,0.081,0.0
2026-04-09,EALT,34.34,34.5,34.55,34.34,17310,596699.0,0.61,0.44,0.15,0.0
2026-04-09,EAOA,41.72,42.012,42.04,41.72,1608,67279.0,0.76,0.22,0.092,0.0
2026-04-09,EAOK,27.611,27.611,27.611,27.611,70,1946.0,0.0,0.1,0.028,0.0
2026-04-09,EAOM,30.15,30.203,30.35,30.15,8112,245964.0,0.66,0.12,0.036,0.0
2026-04-09,EAOR,35.54,35.69,35.77,35.54,4263,151705.0,0.65,0.1,0.037,0.0
2026-04-09,EAPR,31.31,31.44,31.46,31.25,16146,507493.0,0.67,-0.03,-0.01,0.0
2026-04-09,EARN,4.63,4.65,4.7,4.62,251608,1171073.0,1.72,-0.21,-0.01,0.67
2026-04-09,EART,31.77,31.66,31.967,31.42,13461,426086.0,1.72,-0.53,-0.17,0.0
2026-04-09,EASG,36.55,36.928,36.94,36.55,1388,51157.0,1.06,-0.06,-0.024,0.0
2026-04-09,EASY,27.14,27.109,27.21,27.091,3831,104001.0,0.44,0.27,0.072,0.0
2026-04-09,EAT,152.73,154.87,156.2,151.43,693101,107327895.0,3.1,0.79,1.22,1.59
2026-04-09,EATZ,26.7,26.831,26.95,26.7,2690,72209.0,0.94,0.38,0.101,0.0
2026-04-09,EBAY,97.12,95.58,97.25,94.3,4007327,382200480.0,3.05,-1.25,-1.21,0.89
2026-04-09,EBC,20.41,20.96,20.99,20.41,2662507,55538790.0,2.8,1.26,0.26,1.14
2026-04-09,EBF,21.99,22.36,22.36,21.96,135431,3015370.0,1.81,1.08,0.24,0.54
2026-04-09,EBI,60.08,60.126,60.13,60.06,2577,154819.0,0.12,0.49,0.294,0.0
2026-04-09,EBIT,36.34,36.716,36.716,36.34,2537,92538.0,1.03,0.89,0.325,0.0
2026-04-09,EBIZ,27.439,27.334,27.439,27.0,4171,113720.0,1.59,-0.77,-0.211,0.0
2026-04-09,EBMT,21.7,22.26,22.385,21.56,117192,2585673.0,3.78,2.06,0.45,1.47
2026-04-09,EBND,21.08,21.17,21.225,21.08,503072,10646689.0,0.69,0.05,0.01,0.0
2026-04-09,EBON,1.89,1.9,1.92,1.89,3298,6238.0,1.61,2.15,0.04,0.07
2026-04-09,EBS,8.25,8.45,8.53,8.25,415670,3508107.0,3.34,0.72,0.06,0.8
2026-04-09,EBUF,30.29,30.42,30.459,30.21,5678,172486.0,0.82,0.16,0.05,0.0
2026-04-09,EC,14.12,13.91,14.24,13.84,3561348,49771309.0,2.83,-1.42,-0.2,0.17
2026-04-09,ECAT,14.55,14.75,14.8,14.5,437419,6411614.0,2.07,1.58,0.23,0.0
2026-04-09,ECBK,17.92,18.45,18.45,17.74,26074,475851.0,3.94,2.5,0.45,0.3
2026-04-09,ECC,4.06,4.06,4.13,4.04,1680864,6874455.0,2.21,-0.25,-0.01,12.16
2026-04-09,ECCC,24.43,24.38,24.5,24.25,7263,177099.0,1.03,0.33,0.08,0.38
2026-04-09,ECCU,25.02,25.08,25.15,25.02,5193,130311.0,0.52,0.16,0.04,0.0
2026-04-09,ECCV,23.56,23.6,23.77,23.55,5706,135039.0,0.93,-0.46,-0.11,0.0
2026-04-09,ECCW,25.1,25.19,25.19,25.07,1122,28220.0,0.48,0.48,0.12,0.0
2026-04-09,ECCX,25.08,25.08,25.125,25.08,1005,25219.0,0.18,0.08,0.02,0.0
2026-04-09,ECC_D,18.35,18.33,18.4,18.29,12829,235315.0,0.6,-0.11,-0.02,0.3
2026-04-09,ECF,11.52,11.87,11.88,11.52,52590,615671.0,3.13,3.22,0.37,0.0
2026-04-09,ECF_A,21.037,21.465,21.465,21.037,540,11497.0,1.99,-0.1,-0.021,0.05
2026-04-09,ECG,128.42,130.34,135.72,128.42,528077,69761146.0,5.69,1.63,2.09,1.03
2026-04-09,ECH,41.51,42.25,42.358,41.28,456802,19220857.0,2.6,1.76,0.73,0.0
2026-04-09,ECL,270.37,272.47,273.09,268.621,923631,251061849.0,1.63,-0.38,-1.04,0.33
2026-04-09,ECML,37.466,37.466,37.466,37.466,6,224.0,0.0,0.39,0.145,0.0
2026-04-09,ECNS,33.47,33.637,33.637,33.32,17339,581496.0,0.94,-0.45,-0.153,0.0
2026-04-09,ECO,51.76,50.28,52.38,50.16,358180,18291658.0,4.36,-1.32,-0.67,0.92
2026-04-09,ECON,30.1,30.415,30.49,30.07,77053,2340212.0,1.37,-0.6,-0.185,0.0
2026-04-09,ECOR,7.11,6.65,7.322,6.425,170117,1173961.0,14.44,7.09,0.44,2.1
2026-04-09,ECOW,27.37,27.62,27.67,27.32,65040,1792381.0,1.28,0.94,0.258,0.0
2026-04-09,ECPG,73.88,76.36,76.735,73.46,371853,28212172.0,4.38,2.11,1.58,1.74
2026-04-09,ECVT,13.12,13.43,13.43,13.01,2717526,35943867.0,3.2,2.21,0.29,2.46
2026-04-09,ECX,1.15,1.12,1.19,1.12,699390,802471.0,6.14,-1.75,-0.02,0.21
2026-04-09,ECXWW,0.057,0.057,0.057,0.057,5,0.0,0.0,0.0,0.0,0.0
2026-04-09,ED,113.45,114.98,115.66,113.45,1742928,200496188.0,1.95,1.24,1.41,0.47
2026-04-09,EDAP,3.56,3.36,3.56,3.26,17320,58124.0,8.9,-0.3,-0.01,0.05
2026-04-09,EDBL,1.08,1.11,1.2,1.08,220035,247505.0,11.32,4.72,0.05,24.08
2026-04-09,EDBLW,0.087,0.093,0.093,0.087,268,24.0,5.94,-7.92,-0.008,0.0
2026-04-09,EDC,64.43,66.24,67.0,63.54,168600,11006259.0,5.19,-0.6,-0.4,0.0
2026-04-09,EDD,5.47,5.49,5.51,5.35,317532,1738926.0,2.94,0.73,0.04,0.0
2026-04-09,EDEN,107.23,108.15,108.45,107.23,1900,205343.0,1.13,0.18,0.19,0.0
2026-04-09,EDF,5.16,5.17,5.2,5.14,180456,934211.0,1.16,-0.39,-0.02,0.0
2026-04-09,EDGE,45.985,45.985,45.985,45.985,12,567.0,0.0,0.76,0.346,0.0
2026-04-09,EDGF,24.72,24.75,24.77,24.72,1820901,45082720.0,0.2,-0.04,-0.01,0.0
2026-04-09,EDGH,34.43,34.36,34.47,34.27,551545,18912538.0,0.59,0.53,0.18,0.0
2026-04-09,EDGI,29.53,29.74,29.84,29.45,612486,18232226.0,1.31,-0.1,-0.03,0.0
2026-04-09,EDGQ,24.91,25.061,25.061,24.91,2563,64238.0,0.61,0.63,0.157,0.0
2026-04-09,EDGU,28.63,28.77,28.95,28.59,1600220,46044340.0,1.26,0.5,0.142,0.0
2026-04-09,EDGX,24.76,24.885,24.91,24.76,1293,32150.0,0.61,0.72,0.179,0.0
2026-04-09,EDHL,2.82,2.64,2.82,2.6,15426,41706.0,7.8,-6.38,-0.18,0.93
2026-04-09,EDIT,2.75,2.89,2.92,2.71,1346505,3845696.0,7.61,4.71,0.13,1.38
2026-04-09,EDIV,40.45,40.84,40.89,40.44,102309,4168140.0,1.1,-0.02,-0.01,0.0
2026-04-09,EDN,30.84,29.59,31.2,29.3,151225,4568622.0,6.07,-5.52,-1.73,0.68
2026-04-09,EDOG,25.44,25.764,25.78,25.44,4296,109829.0,1.32,-0.28,-0.072,0.0
2026-04-09,EDOW,41.31,41.661,41.74,41.26,17544,730137.0,1.16,0.65,0.27,0.0
2026-04-09,EDRY,19.78,19.94,19.95,19.33,11882,234584.0,3.17,1.84,0.36,0.41
2026-04-09,EDSA,5.86,5.92,6.253,5.703,173016,1040938.0,9.23,-0.67,-0.04,1.95
2026-04-09,EDTK,1.04,1.0,1.04,1.0,5123,5212.0,4.0,0.0,0.0,0.03
2026-04-09,EDU,57.96,57.2,58.68,57.14,757620,43715313.0,2.69,-0.24,-0.14,0.48
2026-04-09,EDUC,1.32,1.33,1.38,1.32,21317,28576.0,4.65,3.1,0.04,0.25
2026-04-09,EDV,64.54,64.52,65.005,64.2,1098004,70915572.0,1.24,-0.4,-0.26,0.0
2026-04-09,EDZ,24.92,24.29,25.255,24.03,1118979,27291316.0,5.03,-0.21,-0.05,0.0
2026-04-09,EE,34.79,34.74,35.59,33.895,499566,17516396.0,4.88,-0.03,-0.01,1.56
2026-04-09,EEA,10.35,10.39,10.75,10.22,108145,1121990.0,5.16,1.07,0.11,0.0
2026-04-09,EEE,19.657,19.657,19.657,19.657,5,106.0,0.0,0.61,0.119,0.0
2026-04-09,EEFT,68.16,69.27,69.275,67.04,560128,38516272.0,3.28,1.63,1.11,1.48
2026-04-09,EEIQ,5.785,4.87,5.785,4.72,173271,921678.0,18.39,-15.89,-0.92,11.71
2026-04-09,EELV,28.64,28.98,29.03,28.64,157814,4573120.0,1.35,0.59,0.17,0.0
2026-04-09,EEM,59.76,60.28,60.515,59.485,35719549,2144047216.0,1.7,-0.26,-0.16,0.0
2026-04-09,EEMA,101.05,101.31,101.615,99.98,300051,30281924.0,1.6,-0.73,-0.75,0.0
2026-04-09,EEMO,18.5,18.806,18.835,18.44,3921,73412.0,2.1,0.19,0.036,0.0
2026-04-09,EEMS,72.43,72.79,72.995,72.0,17536,1273912.0,1.37,0.08,0.06,0.0
2026-04-09,EEMV,67.06,67.74,67.9,67.055,187775,12687550.0,1.25,0.18,0.12,0.0
2026-04-09,EEMX,46.92,47.183,47.27,46.585,7713,363236.0,1.45,0.01,0.007,0.0
2026-04-09,EES,59.98,60.734,60.81,59.92,18136,1096501.0,1.48,0.71,0.431,0.0
2026-04-09,EET,91.98,93.88,94.02,91.62,3950,368651.0,2.61,2.28,2.09,0.0
2026-04-09,EETH,26.92,27.42,27.55,26.71,29045,790326.0,3.07,0.29,0.08,0.0
2026-04-09,EEV,15.13,14.893,15.31,14.834,15900,237876.0,3.21,0.41,0.061,0.0
2026-04-09,EEX,4.56,4.62,4.63,4.56,7796,35975.0,1.52,0.43,0.02,0.0
2026-04-09,EFA,101.09,101.95,102.47,100.91,14958351,1522897152.0,1.53,-0.23,-0.24,0.0
2026-04-09,EFAA,54.25,54.42,54.78,54.2,55822,3046633.0,1.06,-0.57,-0.31,0.0
2026-04-09,EFAD,42.162,42.394,42.525,42.13,5254,222852.0,0.93,-0.51,-0.216,0.0
2026-04-09,EFAS,21.69,21.845,21.92,21.685,221836,4824416.0,1.08,0.77,0.167,0.0
2026-04-09,EFAV,92.845,93.44,93.79,92.845,312120,29126662.0,1.01,-0.29,-0.27,0.0
2026-04-09,EFAX,52.1,52.56,52.78,52.01,16408,860398.0,1.46,-0.23,-0.12,0.0
2026-04-09,EFC,12.28,12.59,12.62,12.28,1279908,16046277.0,2.76,2.36,0.29,1.03
2026-04-09,EFC_B,24.35,24.37,24.43,24.35,4464,108920.0,0.33,-0.12,-0.03,0.09
2026-04-09,EFC_C,25.4,25.305,25.4,25.174,938,23793.0,0.89,-0.41,-0.105,0.02
2026-04-09,EFC_D,23.131,23.55,23.9,23.131,777,18386.0,3.18,-2.69,-0.65,0.2
2026-04-09,EFFE,24.135,24.135,24.135,24.135,3,72.0,0.0,-0.27,-0.066,0.0
2026-04-09,EFFI,24.701,24.701,24.701,24.701,99,2463.0,0.0,-0.1,-0.024,0.0
2026-04-09,EFG,117.02,118.11,118.775,116.73,805976,95118483.0,1.73,-0.26,-0.31,0.0
2026-04-09,EFIV,65.55,66.04,66.1,65.5,12660,834142.0,0.91,0.53,0.35,0.0
2026-04-09,EFNL,52.04,52.368,52.485,51.97,10918,569441.0,0.99,0.38,0.198,0.0
2026-04-09,EFO,69.07,70.214,70.8,67.67,9356,652909.0,4.43,-0.53,-0.376,0.0
2026-04-09,EFOI,2.22,2.0,2.22,1.91,9074,18748.0,15.82,2.04,0.04,0.14
2026-04-09,EFR,10.56,10.57,10.6,10.55,86775,917468.0,0.47,0.38,0.04,0.0
2026-04-09,EFRA,36.288,36.288,36.288,36.288,168,6116.0,0.0,0.75,0.269,0.0
2026-04-09,EFSC,57.69,59.02,59.39,55.84,270011,15905716.0,6.11,1.55,0.9,0.73
2026-04-09,EFSCP,20.03,19.37,20.03,19.37,3600,71452.0,3.43,0.78,0.15,0.12
2026-04-09,EFSI,37.4,38.76,39.14,37.4,18327,710064.0,4.64,3.33,1.25,0.34
2026-04-09,EFT,10.84,10.87,10.97,10.73,148048,1604337.0,2.22,0.65,0.07,0.0
2026-04-09,EFU,8.02,7.91,8.04,7.82,20304,161310.0,2.8,0.51,0.04,0.0
2026-04-09,EFV,76.91,77.55,78.02,76.91,1572333,121913035.0,1.43,-0.22,-0.17,0.0
2026-04-09,EFX,182.47,181.9,183.813,178.44,1017990,184561174.0,2.91,-1.35,-2.48,0.84
2026-04-09,EFXT,21.03,21.08,21.595,20.83,678548,14329149.0,3.65,0.48,0.1,0.56
2026-04-09,EFZ,12.08,11.97,12.08,11.85,132462,1587876.0,1.93,0.42,0.05,0.0
2026-04-09,EG,331.36,335.61,339.185,331.36,281854,94773801.0,2.35,0.71,2.35,0.7
2026-04-09,EGAN,7.78,7.49,7.957,7.425,172306,1302232.0,6.78,-4.59,-0.36,0.63
2026-04-09,EGBN,26.52,27.01,27.205,26.43,477215,12891433.0,2.9,1.2,0.32,1.56
2026-04-09,EGG,6.915,6.46,7.46,6.45,11657,78738.0,15.63,0.0,0.0,0.1
2026-04-09,EGGQ,44.22,44.369,44.61,44.05,2641,116727.0,1.23,-2.73,-1.247,0.0
2026-04-09,EGGS,34.219,34.17,34.35,33.71,8594,293736.0,1.87,-0.2,-0.07,0.0
2026-04-09,EGGY,31.92,31.97,32.02,31.25,38053,1199888.0,2.4,-0.16,-0.05,0.0
2026-04-09,EGHA,10.242,10.245,10.245,10.242,444,4549.0,0.03,0.05,0.005,0.0
2026-04-09,EGHAR,0.28,0.25,0.28,0.25,1832,502.0,12.0,0.0,0.0,0.0
2026-04-09,EGHAU,10.48,10.48,10.48,10.48,200,2096.0,0.0,0.1,0.01,0.0
2026-04-09,EGHT,1.69,1.74,1.74,1.63,994871,1678696.0,6.59,4.19,0.07,0.71
2026-04-09,EGLE,28.154,28.154,28.154,28.154,7,197.0,0.0,0.21,0.059,0.0
2026-04-09,EGO,35.67,35.7,36.63,35.09,1802316,64170675.0,4.32,0.2,0.07,0.91
2026-04-09,EGUS,49.56,50.028,50.03,49.56,5031,251122.0,0.94,0.57,0.285,0.0
2026-04-09,EH,11.04,10.83,11.14,10.74,540812,5879324.0,3.62,-1.9,-0.21,1.03
2026-04-09,EHAB,13.96,13.99,14.0,13.9,878301,12283462.0,0.71,0.0,0.0,1.73
2026-04-09,EHC,106.24,108.33,109.345,106.24,953112,103404756.0,2.91,1.42,1.52,0.96
2026-04-09,EHGO,0.21,0.201,0.217,0.196,104358,21540.0,10.34,-0.99,-0.002,0.39
2026-04-09,EHI,6.11,6.15,6.17,6.08,49595,304306.0,1.47,0.65,0.04,0.0
2026-04-09,EHLD,7.411,7.411,7.411,7.411,357,2670.0,0.0,-1.05,-0.079,0.01
2026-04-09,EHLS,26.41,26.338,26.47,26.338,1993,52669.0,0.5,0.67,0.175,0.0
2026-04-09,EHTH,1.38,1.32,1.38,1.29,628424,835395.0,6.52,-4.35,-0.06,2.02
2026-04-09,EHY,11.04,11.254,11.29,11.04,3823,42740.0,2.24,0.69,0.077,0.0
2026-04-09,EIC,9.46,9.63,9.74,9.46,263380,2543258.0,2.93,0.73,0.07,2.03
2026-04-09,EICA,25.4,24.98,25.4,24.903,6323,158168.0,1.92,-3.63,-0.94,0.42
2026-04-09,EIDO,15.76,15.87,15.89,15.76,181251,2869939.0,0.82,-0.13,-0.02,0.0
2026-04-09,EIG,42.61,42.65,43.32,42.61,232633,9977770.0,1.67,0.24,0.1,1.25
2026-04-09,EIIA,25.01,25.16,25.23,25.0,3138,78822.0,0.92,0.24,0.06,0.22
2026-04-09,EIKN,9.54,9.01,9.85,8.8,245699,2235614.0,11.05,-5.16,-0.49,0.45
2026-04-09,EIM,9.81,9.89,9.925,9.79,194049,1917314.0,1.38,1.02,0.1,0.0
2026-04-09,EINC,116.39,115.24,118.52,115.24,51221,5929107.0,2.84,-0.17,-0.2,0.0
2026-04-09,EIPI,22.57,22.54,22.79,22.46,57166,1291670.0,1.46,-0.04,-0.01,0.0
2026-04-09,EIPX,32.15,32.15,32.565,32.061,50409,1622182.0,1.57,0.0,0.0,0.0
2026-04-09,EIRL,72.18,72.4,72.59,71.55,8215,594384.0,1.43,-0.4,-0.29,0.0
2026-04-09,EIS,122.39,123.91,124.27,122.295,107891,13315938.0,1.61,1.25,1.53,0.0
2026-04-09,EIX,74.19,75.82,76.215,73.864,2922340,221353559.0,3.16,1.98,1.47,0.76
2026-04-09,EJAN,34.71,34.8,34.92,34.63,10623,369127.0,0.83,-0.11,-0.04,0.0
2026-04-09,EJH,1.85,1.78,1.85,1.75,13314,24270.0,5.43,-3.26,-0.06,0.42
2026-04-09,EJUL,30.41,30.29,30.53,30.29,22196,674719.0,0.79,-0.54,-0.164,0.0
2026-04-09,EKG,16.24,16.24,16.24,16.24,12,202.0,0.0,-2.35,-0.39,0.0
2026-04-09,EKSO,8.72,8.02,8.934,7.89,93659,771516.0,11.96,-8.13,-0.71,2.63
2026-04-09,EL,70.49,73.29,74.63,69.6,3494033,254396823.0,7.04,2.59,1.85,1.41
2026-04-09,ELA,17.07,17.75,17.994,16.71,57488,1009180.0,7.52,3.92,0.67,0.22
2026-04-09,ELAB,6.49,5.26,7.0,5.25,58039591,349651104.0,38.89,16.89,0.76,2996.72
2026-04-09,ELAN,23.44,23.46,24.16,22.61,4505034,105810851.0,6.57,-0.59,-0.14,0.9
2026-04-09,ELBM,0.593,0.566,0.608,0.561,683914,394240.0,8.08,-2.75,-0.016,0.66
2026-04-09,ELC,20.36,20.45,20.49,20.36,10126,206880.0,0.64,0.0,0.0,0.0
2026-04-09,ELCV,29.73,29.97,30.08,29.73,128606,3850207.0,1.18,0.67,0.2,0.0
2026-04-09,ELD,28.77,29.037,29.088,28.77,8482,245624.0,1.1,0.4,0.117,0.0
2026-04-09,ELDN,3.09,3.1,3.21,3.08,992030,3101538.0,4.15,-0.96,-0.03,1.31
2026-04-09,ELE,19.72,19.68,20.07,19.14,127694,2506193.0,4.78,1.08,0.21,0.2
2026-04-09,ELF,61.06,63.93,65.01,59.91,2097809,132465332.0,8.26,3.5,2.16,3.55
2026-04-09,ELIL,20.66,20.841,21.17,20.21,36796,764100.0,4.64,0.8,0.166,0.0
2026-04-09,ELIS,19.11,18.895,19.145,18.86,25573,485218.0,1.5,-0.56,-0.107,0.0
2026-04-09,ELLO,25.1,24.9,25.1,24.9,1478,36893.0,0.8,-0.8,-0.2,0.01
2026-04-09,ELM,27.89,27.95,27.97,27.8,6640,185302.0,0.61,0.36,0.1,0.0
2026-04-09,ELMD,24.22,24.41,24.531,24.0,28094,683653.0,2.18,0.04,0.01,0.34
2026-04-09,ELME,2.05,2.09,2.1,2.045,1252880,2602953.0,2.68,1.95,0.04,1.41
2026-04-09,ELOG,0.95,0.951,0.99,0.95,3600,3503.0,4.08,-2.96,-0.029,0.03
2026-04-09,ELPC,12.87,13.14,13.15,12.85,402878,5240312.0,2.35,2.74,0.35,0.05
2026-04-09,ELPW,2.32,1.95,2.32,1.83,702926,1446455.0,21.78,-13.33,-0.3,50.21
2026-04-09,ELS,63.65,64.07,64.7,63.575,1032377,66314562.0,1.76,0.45,0.29,0.53
2026-04-09,ELSE,4.445,4.43,4.445,4.35,2789,12280.0,2.16,0.91,0.04,0.08
2026-04-09,ELTK,7.98,7.93,7.98,7.85,2646,21058.0,1.6,-2.1,-0.17,0.04
2026-04-09,ELTX,10.07,10.29,10.89,10.02,95904,990221.0,8.59,1.58,0.16,0.52
2026-04-09,ELUT,1.07,1.13,1.13,1.07,40923,45930.0,5.26,-0.88,-0.01,0.1
2026-04-09,ELV,315.52,316.87,319.69,314.79,1162269,368535856.0,1.54,-0.43,-1.36,0.53
2026-04-09,ELVA,8.07,8.21,8.365,7.93,256194,2101252.0,5.36,1.23,0.1,0.53
2026-04-09,ELVN,42.93,45.59,46.23,42.88,2270261,102428407.0,7.8,6.2,2.66,3.8
2026-04-09,ELVR,63.34,62.77,64.0,62.3,46592,2942517.0,2.7,-0.4,-0.25,0.28
2026-04-09,ELWT,6.6,6.64,6.84,6.325,38282,253336.0,8.0,3.11,0.2,0.58
2026-04-09,EM,1.13,1.14,1.14,1.13,3852,4372.0,0.88,0.0,0.0,0.0
2026-04-09,EMA,52.98,53.2,53.745,52.98,330611,17635594.0,1.45,0.64,0.34,0.11
2026-04-09,EMAT,7.62,7.46,7.88,7.39,73223,558429.0,6.46,-1.58,-0.12,0.01
2026-04-09,EMB,95.08,95.51,95.74,94.91,8487576,809685312.0,0.87,0.42,0.4,0.0
2026-04-09,EMBC,8.8,8.87,8.92,8.6,682996,6030132.0,3.6,-0.11,-0.01,1.15
2026-04-09,EMBD,23.5,23.72,23.75,23.5,67619,1598752.0,1.06,0.51,0.12,0.0
2026-04-09,EMBX,51.04,51.195,51.34,50.985,24442,1251695.0,0.7,0.31,0.157,0.0
2026-04-09,EMC,32.69,32.916,32.985,32.53,3816,124873.0,1.38,-0.48,-0.16,0.0
2026-04-09,EMCR,39.28,39.588,39.65,39.28,2933,115713.0,0.93,-0.12,-0.049,0.0
2026-04-09,EMCS,39.38,39.678,39.678,39.38,1482,58581.0,0.75,-0.23,-0.092,0.0
2026-04-09,EMD,10.36,10.43,10.44,10.26,145300,1506803.0,1.74,0.97,0.1,0.0
2026-04-09,EMDM,37.91,38.32,38.38,37.91,7826,299062.0,1.23,0.0,0.0,0.0
2026-04-09,EMDV,47.363,47.363,47.363,47.363,9,435.0,0.0,0.28,0.13,0.0
2026-04-09,EME,791.18,800.4,808.89,791.18,344786,275750496.0,2.24,1.42,11.21,0.77
2026-04-09,EMEQ,48.86,49.502,49.93,48.455,88002,4337577.0,2.95,-0.86,-0.428,0.0
2026-04-09,EMET,43.19,43.229,43.565,43.08,3780,163486.0,1.11,-0.62,-0.271,0.0
2026-04-09,EMF,18.6,18.92,19.24,18.6,31685,597276.0,3.39,0.21,0.04,0.0
2026-04-09,EMGF,63.54,64.25,64.37,63.26,210229,13483415.0,1.73,-0.09,-0.06,0.0
2026-04-09,EMHC,25.07,25.17,25.25,25.065,31114,783356.0,0.74,0.43,0.107,0.0
2026-04-09,EMHY,39.9,40.065,40.165,39.875,183677,7355252.0,0.73,0.31,0.125,0.0
2026-04-09,EMIF,29.48,29.506,29.65,29.48,3041,89986.0,0.58,1.09,0.317,0.0
2026-04-09,EMKT,27.27,27.535,27.57,27.27,19154,525662.0,1.09,-0.09,-0.025,0.0
2026-04-09,EML,21.13,21.7,21.705,21.13,8702,186549.0,2.71,2.41,0.51,0.14
2026-04-09,EMLC,25.63,25.75,25.81,25.625,3728167,96004807.0,0.72,0.23,0.06,0.0
2026-04-09,EMLP,44.03,44.22,44.74,43.98,237469,10543504.0,1.72,0.36,0.16,0.0
2026-04-09,EMM,38.05,38.12,38.24,37.865,12546,478572.0,0.97,-1.12,-0.43,0.0
2026-04-09,EMMF,34.21,34.447,34.525,34.04,7306,250999.0,1.41,-0.02,-0.008,0.0
2026-04-09,EMN,74.6,72.71,74.6,71.901,1557834,113499725.0,3.63,-2.1,-1.56,1.36
2026-04-09,EMNT,98.755,98.77,98.77,98.74,8858,874880.0,0.03,-0.01,-0.007,0.0
2026-04-09,EMO,50.34,50.46,51.02,50.34,50904,2585670.0,1.35,0.24,0.12,0.0
2026-04-09,EMOP,46.39,46.834,46.98,46.31,66735,3120151.0,1.43,0.07,0.034,0.0
2026-04-09,EMOT,24.125,24.121,24.14,24.121,315,7624.0,0.08,0.24,0.058,0.0
2026-04-09,EMP,20.72,20.671,20.72,20.67,12011,248530.0,0.24,-0.04,-0.009,0.0
2026-04-09,EMPB,29.756,29.756,29.756,29.756,175,5212.0,0.0,-0.11,-0.034,0.0
2026-04-09,EMPD,4.56,4.72,4.765,4.56,719122,3368821.0,4.46,2.61,0.12,2.38
2026-04-09,EMQQ,33.79,33.82,33.86,33.325,40148,1349912.0,1.57,-0.53,-0.18,0.0
2026-04-09,EMR,142.435,144.67,145.41,142.435,2344352,338417408.0,2.09,1.41,2.01,0.42
2026-04-09,EMSF,33.35,33.574,33.77,33.35,7220,242505.0,1.25,-0.14,-0.047,0.0
2026-04-09,EMTL,42.679,42.635,42.68,42.635,6234,265904.0,0.11,0.12,0.05,0.0
2026-04-09,EMTY,11.68,11.567,11.717,11.56,2420,28178.0,1.35,-0.6,-0.07,0.0
2026-04-09,EMXC,83.84,84.65,85.01,83.48,1960473,165493620.0,1.8,-0.18,-0.15,0.0
2026-04-09,EMXF,50.0,50.525,50.7,49.98,15752,796007.0,1.42,-0.16,-0.082,0.0
2026-04-09,ENDW,32.13,32.793,32.82,32.13,3205,104858.0,2.11,0.43,0.139,0.0
2026-04-09,ENFR,37.92,37.65,38.555,37.53,47738,1808645.0,2.71,-0.58,-0.22,0.0
2026-04-09,ENGN,7.24,7.27,7.37,7.07,186018,1347311.0,4.1,-0.55,-0.04,0.28
2026-04-09,ENGS,1.21,1.22,1.25,1.19,60461,73302.0,5.0,1.67,0.02,0.19
2026-04-09,ENHI,25.73,25.735,25.735,25.73,500,12865.0,0.02,0.19,0.048,0.0
2026-04-09,ENHU,25.25,25.271,25.271,25.24,374,9447.0,0.12,0.73,0.183,0.0
2026-04-09,ENIC,4.3,4.38,4.4,4.3,1249611,5452847.0,2.32,1.62,0.07,0.09
2026-04-09,ENJ,20.06,20.33,20.34,20.01,8104,163644.0,1.62,-0.01,-0.003,0.0
2026-04-09,ENLT,70.38,71.71,73.0,70.34,118393,8492068.0,3.74,0.94,0.67,0.08
2026-04-09,ENLV,0.937,0.95,0.95,0.9,235334,217899.0,5.36,1.82,0.017,0.1
2026-04-09,ENO,22.07,22.029,22.16,22.029,3403,75110.0,0.59,-0.19,-0.041,0.0
2026-04-09,ENOR,37.41,37.53,37.73,37.26,80551,3024276.0,1.28,2.4,0.88,0.0
2026-04-09,ENOV,23.56,24.0,24.02,23.1,547365,13035838.0,3.87,0.88,0.21,0.95
2026-04-09,ENPH,32.28,31.26,32.63,30.87,6562832,207132597.0,5.41,-3.99,-1.3,4.98
2026-04-09,ENPX,11.828,11.14,12.08,11.0,28139,323325.0,8.93,-7.93,-0.959,0.0
2026-04-09,ENR,17.54,18.48,18.599,17.54,996179,18243154.0,5.97,4.17,0.74,1.45
2026-04-09,ENS,187.58,189.55,190.0,186.16,331609,62700041.0,2.04,0.93,1.75,0.9
2026-04-09,ENSC,0.502,0.484,0.506,0.461,262415,125980.0,9.09,-2.22,-0.011,2.83
2026-04-09,ENSG,204.08,201.56,204.48,201.44,396396,80259303.0,1.48,-1.58,-3.23,0.68
2026-04-09,ENTA,13.67,13.95,14.12,13.43,108334,1511428.0,5.01,1.31,0.18,0.37
2026-04-09,ENTG,129.51,132.63,133.05,127.35,1915324,252905824.0,4.4,2.34,3.03,1.26
2026-04-09,ENTX,1.19,1.15,1.2,1.12,48464,56398.0,6.84,-1.71,-0.02,0.1
2026-04-09,ENVA,145.42,145.05,147.105,144.179,178286,25966986.0,1.98,-1.61,-2.37,0.71
2026-04-09,ENVB,1.97,2.04,2.05,1.94,11823,23732.0,5.61,4.08,0.08,0.63
2026-04-09,ENVX,5.68,5.58,5.835,5.5,4553459,25595896.0,5.85,-2.62,-0.15,2.1
2026-04-09,ENZL,44.57,44.723,44.83,44.4,48030,2144143.0,0.97,0.66,0.294,0.0
2026-04-09,EOCT,32.76,32.921,32.921,32.76,12135,398627.0,0.49,0.31,0.101,0.0
2026-04-09,EOD,6.15,6.28,6.28,6.1,206835,1285664.0,2.93,2.28,0.14,0.0
2026-04-09,EOG,139.76,136.58,141.434,135.215,5204111,714695136.0,4.47,-1.78,-2.47,0.97
2026-04-09,EOI,19.69,19.67,19.805,19.525,128788,2536839.0,1.42,0.0,0.0,0.0
2026-04-09,EOLS,4.05,4.24,4.265,4.015,832157,3483960.0,6.11,3.67,0.15,1.28
2026-04-09,EONR,0.835,0.8,0.855,0.78,5887677,4782534.0,9.07,-3.26,-0.027,11.78
2026-04-09,EONR_WS,0.146,0.137,0.155,0.137,20107,2924.0,12.86,-2.14,-0.003,0.0
2026-04-09,EOS,21.39,21.47,21.5,21.23,100939,2157012.0,1.27,0.8,0.17,0.0
2026-04-09,EOSE,4.95,5.95,5.99,4.91,62908375,352732192.0,23.53,29.63,1.36,18.53
2026-04-09,EOSU,0.879,1.26,1.26,0.879,5933673,6667039.0,47.98,58.69,0.466,0.0
2026-04-09,EOT,16.94,17.123,17.16,16.94,10727,183450.0,1.29,0.37,0.063,0.0
2026-04-09,EP,2.87,2.87,2.935,2.85,27394,78856.0,2.96,0.0,0.0,0.08
2026-04-09,EPAC,36.01,36.37,36.68,35.77,509521,18483932.0,2.51,0.5,0.18,0.99
2026-04-09,EPAI,24.955,25.025,25.04,24.955,228,5687.0,0.34,1.57,0.386,0.0
2026-04-09,EPAM,130.45,123.85,131.0,122.7,2555235,317487760.0,6.39,-4.72,-6.14,4.84
2026-04-09,EPC,21.25,22.34,22.47,21.14,654240,14535926.0,6.17,3.62,0.78,1.4
2026-04-09,EPD,37.99,37.52,38.6,37.365,3530328,133564969.0,3.25,-1.34,-0.51,0.16
2026-04-09,EPHE,25.68,25.67,25.73,25.455,90465,2318229.0,1.07,-0.16,-0.04,0.0
2026-04-09,EPI,42.69,42.69,42.99,42.52,1579452,67536955.0,1.1,-0.09,-0.04,0.0
2026-04-09,EPIN,24.66,24.625,24.66,24.625,1013,24978.0,0.14,-0.14,-0.035,0.0
2026-04-09,EPM,4.48,4.44,4.52,4.39,265528,1180390.0,2.93,0.0,0.0,0.76
2026-04-09,EPMV,24.25,24.188,24.25,24.188,243,5891.0,0.26,-0.05,-0.011,0.0
2026-04-09,EPOL,38.55,39.08,39.26,38.52,256298,9976737.0,1.92,1.3,0.5,0.0
2026-04-09,EPOW,0.8,0.79,0.841,0.789,27667,22127.0,6.6,0.25,0.002,0.09
2026-04-09,EPP,55.69,56.12,56.31,55.58,255018,14283846.0,1.31,0.54,0.3,0.0
2026-04-09,EPR,52.96,53.11,53.94,52.56,543064,28970836.0,2.6,0.17,0.09,0.71
2026-04-09,EPRF,16.88,16.82,16.88,16.8,8170,137501.0,0.48,0.15,0.025,0.0
2026-04-09,EPRT,31.6,32.44,32.62,31.53,2758559,89081858.0,3.44,2.4,0.76,1.31
2026-04-09,EPRX,7.0,7.08,7.2,6.785,129663,909681.0,6.03,2.91,0.2,0.21
2026-04-09,EPR_C,23.62,24.23,24.245,23.62,4887,117831.0,2.63,1.98,0.47,0.09
2026-04-09,EPR_E,31.13,31.57,31.68,31.08,1343,42094.0,1.91,0.73,0.23,0.04
2026-04-09,EPR_G,20.08,20.15,20.43,20.08,5173,104705.0,1.73,-0.4,-0.08,0.09
2026-04-09,EPS,70.65,71.225,71.265,70.58,23249,1651569.0,0.97,0.69,0.485,0.0
2026-04-09,EPSB,25.59,25.59,25.59,25.59,64,1641.0,0.0,0.07,0.017,0.0
2026-04-09,EPSM,1.43,1.37,1.44,1.37,5749,8043.0,4.9,-4.2,-0.06,0.04
2026-04-09,EPSN,6.14,6.19,6.345,6.096,291312,1814612.0,4.06,0.81,0.05,0.96
2026-04-09,EPSV,27.012,27.012,27.012,27.012,33,893.0,0.0,0.53,0.143,0.0
2026-04-09,EPU,85.29,85.94,86.13,84.73,39722,3398048.0,1.64,0.42,0.36,0.0
2026-04-09,EPV,20.07,19.82,20.28,19.671,31298,622837.0,3.08,0.15,0.03,0.0
2026-04-09,EP_C,50.8,50.7,50.86,50.6,2363,119971.0,0.51,0.18,0.09,0.04
2026-04-09,EQ,1.78,1.91,1.92,1.76,261454,487409.0,8.89,6.11,0.11,0.41
2026-04-09,EQAL,56.63,56.842,56.96,56.62,58977,3351977.0,0.6,-0.08,-0.048,0.0
2026-04-09,EQBK,46.15,46.51,46.89,46.15,172082,8023544.0,1.6,0.45,0.21,0.83
2026-04-09,EQH,38.46,38.48,38.94,37.735,5018124,192865011.0,3.1,-0.93,-0.36,1.78
2026-04-09,EQH_A,19.91,19.82,19.97,19.66,51840,1026618.0,1.56,-0.45,-0.09,0.16
2026-04-09,EQH_C,16.34,16.24,16.38,16.134,17447,283205.0,1.51,-0.06,-0.01,0.15
2026-04-09,EQIN,49.92,50.11,50.17,49.89,13445,672761.0,0.56,0.16,0.079,0.0
2026-04-09,EQIX,1017.98,1031.57,1039.9,1017.98,405854,418989712.0,2.15,1.37,13.91,0.41
2026-04-09,EQL,48.62,48.908,49.03,48.62,28604,1399270.0,0.84,0.37,0.178,0.0
2026-04-09,EQLT,33.82,34.006,34.12,33.82,3736,126895.0,0.88,-0.39,-0.133,0.0
2026-04-09,EQNR,39.9,38.55,40.07,38.195,6520016,254328892.0,4.77,-1.98,-0.78,0.26
2026-04-09,EQPT,20.31,20.31,21.41,19.91,1137323,23348799.0,7.32,-0.93,-0.19,0.5
2026-04-09,EQR,60.4,60.46,61.05,60.35,1521549,92215364.0,1.15,-0.56,-0.34,0.41
2026-04-09,EQRR,71.26,70.889,72.355,70.71,34925,2482912.0,2.32,-0.18,-0.127,0.0
2026-04-09,EQS,1.37,1.41,1.43,1.37,2716,3829.0,4.26,0.0,0.0,0.02
2026-04-09,EQT,60.22,59.47,60.855,59.095,6067668,362581840.0,2.92,-1.18,-0.71,0.97
2026-04-09,EQTY,26.38,26.605,26.632,26.36,11875,314077.0,1.02,0.17,0.045,0.0
2026-04-09,EQWL,118.12,118.97,119.11,118.04,121343,14395305.0,0.9,0.51,0.6,0.0
2026-04-09,EQX,15.48,14.88,15.62,14.805,10629147,160248547.0,5.33,-2.62,-0.4,1.35
2026-04-09,ERAS,16.94,17.36,17.548,16.82,3430137,59265814.0,4.3,2.48,0.42,1.1
2026-04-09,ERC,9.22,9.27,9.3,9.22,139009,1286519.0,0.87,0.76,0.07,0.0
2026-04-09,ERET,28.36,28.357,28.36,28.357,282,7990.0,0.01,0.24,0.067,0.0
2026-04-09,ERH,12.48,12.57,12.8,12.48,26038,329674.0,2.56,0.72,0.09,0.0
2026-04-09,ERIC,11.93,11.9,11.97,11.78,10513183,124960726.0,1.6,0.42,0.05,0.34
2026-04-09,ERIE,250.4,257.25,259.55,250.4,156895,40313419.0,3.61,1.53,3.87,0.34
2026-04-09,ERII,10.72,11.06,11.12,10.67,855985,9414491.0,4.2,3.17,0.34,1.62
2026-04-09,ERNA,0.214,0.206,0.218,0.205,220459,46567.0,5.91,-6.36,-0.014,0.76
2026-04-09,ERO,30.215,30.82,31.18,30.18,909559,27970436.0,3.3,1.75,0.53,0.87
2026-04-09,ERTH,48.0,48.224,48.405,48.0,1401,67569.0,0.84,-0.2,-0.096,0.0
2026-04-09,ERX,92.81,90.11,95.29,89.47,425531,39192139.0,6.32,-2.17,-2.0,0.0
2026-04-09,ERY,11.31,11.66,11.735,11.0,11190367,127818926.0,6.47,2.64,0.3,0.0
2026-04-09,ES,69.76,70.57,71.195,69.76,2614176,184871284.0,2.05,0.89,0.62,0.7
2026-04-09,ESAB,101.93,102.25,103.39,101.08,585205,59932082.0,2.24,-0.68,-0.7,0.96
2026-04-09,ESBA,5.0,5.1,5.1,4.87,21814,109380.0,4.74,5.15,0.25,0.13
2026-04-09,ESBG,22.01,22.038,22.038,22.01,214,4732.0,0.13,0.95,0.208,0.0
2026-04-09,ESCA,17.62,17.59,17.64,17.13,33305,580437.0,2.87,-1.07,-0.19,0.24
2026-04-09,ESE,308.49,309.8,315.19,306.14,356139,110859323.0,2.93,0.28,0.86,1.38
2026-04-09,ESEA,69.23,66.65,69.69,65.42,63542,4300467.0,6.17,-3.73,-2.58,0.9
2026-04-09,ESG,158.437,158.437,158.437,158.437,186,29413.0,0.0,0.72,1.133,0.0
2026-04-09,ESGD,99.69,100.53,101.015,99.47,291617,29304492.0,1.53,-0.3,-0.3,0.0
2026-04-09,ESGE,47.8,48.25,48.385,47.59,692755,33317659.0,1.64,-0.39,-0.19,0.0
2026-04-09,ESGG,209.19,209.719,209.719,208.945,1276,267295.0,0.37,0.33,0.697,0.0
2026-04-09,ESGU,146.89,147.66,147.92,146.45,418405,61727584.0,1.0,0.39,0.58,0.0
2026-04-09,ESGV,117.13,117.94,118.09,116.63,197820,23281647.0,1.25,0.58,0.68,0.0
2026-04-09,ESHA,11.88,12.23,13.71,11.88,59916,755152.0,15.34,2.51,0.3,1.54
2026-04-09,ESI,36.65,37.16,37.745,36.57,2412944,89950466.0,3.18,0.7,0.26,0.99
2026-04-09,ESIM,26.31,26.652,26.76,26.1,74691,1989104.0,2.49,0.54,0.142,0.0
2026-04-09,ESIX,33.481,33.481,33.481,33.481,181,6065.0,0.0,1.06,0.35,0.0
2026-04-09,ESK,13.35,13.59,13.6,13.35,597,8069.0,1.85,0.52,0.07,0.0
2026-04-09,ESLA,1.97,1.85,1.97,1.7,130819,241099.0,14.06,-3.65,-0.07,0.31
2026-04-09,ESLAW,0.137,0.137,0.137,0.137,100,13.0,0.0,0.0,0.0,0.0
2026-04-09,ESLG,24.36,24.415,24.415,24.27,2850,69407.0,0.59,-0.13,-0.032,0.0
2026-04-09,ESLT,932.03,928.47,940.2,924.67,109373,101962432.0,1.69,0.86,7.95,0.24
2026-04-09,ESLV,26.87,26.87,26.91,26.84,2190,58822.0,0.26,0.49,0.13,0.0
2026-04-09,ESML,48.95,49.415,49.58,48.95,85956,4239200.0,1.28,0.38,0.185,0.0
2026-04-09,ESMV,28.74,28.725,28.75,28.725,2443,70251.0,0.09,-0.18,-0.052,0.0
2026-04-09,ESN,18.1,18.135,18.175,18.08,38959,706658.0,0.52,0.19,0.035,0.0
2026-04-09,ESNT,60.83,61.53,61.96,60.83,567982,34959988.0,1.85,0.62,0.38,0.6
2026-04-09,ESOA,13.84,14.07,14.23,13.7,119379,1667404.0,3.81,1.22,0.17,0.65
2026-04-09,ESP,57.31,59.5,59.5,56.772,10488,617536.0,4.72,2.89,1.67,0.35
2026-04-09,ESPO,90.17,89.84,90.18,89.31,13153,1181656.0,0.96,-1.24,-1.13,0.0
2026-04-09,ESPR,2.29,2.18,2.325,2.18,8228873,18437905.0,6.22,-6.44,-0.15,3.2
2026-04-09,ESQ,113.72,116.32,116.92,112.97,187869,21775502.0,3.44,1.17,1.35,2.18
2026-04-09,ESRT,5.12,5.17,5.2,5.04,1407067,7254681.0,3.09,-0.19,-0.01,0.83
2026-04-09,ESS,250.44,250.03,252.13,249.4,394867,98936558.0,1.08,-0.74,-1.87,0.61
2026-04-09,ESSC,27.05,27.522,27.56,27.05,1143,31326.0,1.86,0.63,0.172,0.0
2026-04-09,ESTA,62.0,62.06,62.78,60.783,462448,28580584.0,3.22,0.08,0.05,1.57
2026-04-09,ESTC,48.32,45.0,48.32,44.405,2523100,114249092.0,8.04,-7.64,-3.72,2.44
2026-04-09,ESUM,27.1,27.125,27.15,26.986,69928,1897244.0,0.6,-0.28,-0.075,0.0
2026-04-09,ET,19.03,19.09,19.57,19.0,29227583,560682832.0,2.99,0.05,0.01,0.85
2026-04-09,ETB,14.94,15.06,15.09,14.91,87547,1311671.0,1.21,1.35,0.2,0.0
2026-04-09,ETCO,11.8,11.969,12.03,11.75,6956,83213.0,2.34,0.16,0.019,0.0
2026-04-09,ETD,21.74,22.2,22.23,21.39,322226,7086986.0,3.84,1.51,0.33,1.27
2026-04-09,ETEC,27.4,27.547,27.58,27.4,425,11676.0,0.65,-0.17,-0.046,0.0
2026-04-09,ETG,21.1,21.32,21.4,21.0,85182,1805342.0,1.89,0.99,0.21,0.0
2026-04-09,ETH,20.66,21.04,21.15,20.45,2184488,45602640.0,3.34,0.38,0.08,0.0
2026-04-09,ETHA,16.45,16.77,16.84,16.28,28961869,481257232.0,3.35,0.3,0.05,0.0
2026-04-09,ETHB,28.02,28.53,28.65,27.78,703712,19902169.0,3.06,0.25,0.07,0.0
2026-04-09,ETHD,57.23,55.31,58.411,54.69,472369,26666716.0,6.68,-0.66,-0.37,0.0
2026-04-09,ETHE,17.71,18.01,18.11,17.52,1594553,28496509.0,3.28,0.22,0.04,0.0
2026-04-09,ETHM,10.51,10.5,10.54,10.491,37810,397086.0,0.47,-0.1,-0.01,0.23
2026-04-09,ETHMW,0.75,0.68,0.75,0.68,14751,10434.0,9.72,-5.56,-0.04,0.0
2026-04-09,ETHO,70.0,70.273,70.28,69.755,2397,168011.0,0.75,0.33,0.228,0.0
2026-04-09,ETHT,16.01,16.61,16.81,15.71,2597075,42279669.0,6.65,0.36,0.06,0.0
2026-04-09,ETHU,23.95,24.84,25.13,23.48,5036041,123099457.0,6.68,0.57,0.14,0.0
2026-04-09,ETHV,31.84,32.43,32.6,31.56,75404,2422673.0,3.22,0.26,0.085,0.0
2026-04-09,ETHW,15.58,15.86,15.95,15.44,899164,14132884.0,3.22,0.19,0.03,0.0
2026-04-09,ETI_,23.82,24.93,24.93,23.8,2835,68064.0,4.75,4.79,1.14,0.2
2026-04-09,ETJ,8.26,8.32,8.32,8.21,174679,1445703.0,1.33,0.97,0.08,0.0
2026-04-09,ETN,386.0,400.44,401.11,385.71,2134511,846028240.0,3.99,3.85,14.86,0.55
2026-04-09,ETO,28.13,28.4,28.64,28.08,30087,851644.0,1.99,0.71,0.2,0.0
2026-04-09,ETOR,31.04,32.06,32.43,30.58,1153168,36740178.0,5.96,3.29,1.02,1.73
2026-04-09,ETR,114.74,117.44,117.68,114.74,2758923,323421600.0,2.57,2.47,2.83,0.6
2026-04-09,ETRL,9.012,9.012,9.012,9.012,287,2556.0,0.0,6.31,0.535,0.0
2026-04-09,ETS,0.665,0.665,0.676,0.66,3542,2367.0,2.36,-2.06,-0.014,0.03
2026-04-09,ETSY,53.37,53.42,54.26,52.355,2615974,138898431.0,3.53,-1.06,-0.57,2.72
2026-04-09,ETTY,11.33,11.581,11.581,11.33,8649,99658.0,2.18,0.56,0.064,0.0
2026-04-09,ETV,14.01,14.09,14.1,13.85,130847,1834756.0,1.79,0.93,0.13,0.0
2026-04-09,ETX,18.68,18.7,18.82,18.52,34051,637339.0,1.59,-1.11,-0.21,0.0
2026-04-09,ETY,14.21,14.29,14.33,14.11,397114,5629298.0,1.55,0.85,0.12,0.0
2026-04-09,ET_I,11.68,11.69,11.73,11.63,53826,627683.0,0.86,0.09,0.01,0.13
2026-04-09,EU,1.84,1.83,1.86,1.785,1410582,2581229.0,4.12,0.55,0.01,0.73
2026-04-09,EUAD,43.94,44.6,44.64,43.77,670698,29737054.0,1.96,0.27,0.12,0.0
2026-04-09,EUDA,7.21,7.13,7.21,7.13,1382,9839.0,1.14,1.86,0.13,0.05
2026-04-09,EUDAW,0.03,0.03,0.03,0.03,1426,42.0,0.0,0.0,0.0,0.0
2026-04-09,EUDG,37.9,38.273,38.455,37.9,6406,244552.0,1.45,0.01,0.003,0.0
2026-04-09,EUDV,53.135,53.03,53.135,53.03,120,6409.0,0.2,-0.09,-0.046,0.0
2026-04-09,EUFN,36.79,37.22,37.435,36.73,706469,26251496.0,1.9,0.13,0.05,0.0
2026-04-09,EUHY,52.92,53.026,53.1,52.89,12209,647496.0,0.4,0.02,0.012,0.0
2026-04-09,EUIG,49.86,49.96,49.96,49.86,1144,57179.0,0.2,0.26,0.13,0.0
2026-04-09,EUM,18.2,18.07,18.275,17.99,234669,4240231.0,1.59,0.56,0.1,0.0
2026-04-09,EUO,29.15,28.95,29.15,28.825,169505,4897608.0,1.11,-0.69,-0.2,0.0
2026-04-09,EURKR,0.275,0.275,0.275,0.275,50,13.0,0.0,0.0,0.0,0.0
2026-04-09,EUSA,104.69,104.882,105.17,104.41,24701,2589458.0,0.72,-0.18,-0.188,0.0
2026-04-09,EUSB,43.63,43.64,43.7,43.54,21049,917943.0,0.37,0.07,0.03,0.0
2026-04-09,EVAC,10.09,10.09,10.105,10.09,63281,639123.0,0.15,0.0,0.0,0.13
2026-04-09,EVAC_U,10.16,10.16,10.16,10.16,4,41.0,0.0,0.0,0.0,0.0
2026-04-09,EVAC_WS,0.28,0.3,0.3,0.28,7673,2153.0,6.67,0.0,0.0,0.0
2026-04-09,EVAX,4.01,4.11,4.51,4.0,24066,101776.0,12.56,1.23,0.05,0.29
2026-04-09,EVC,3.16,3.21,3.21,3.1,289832,912186.0,3.48,1.58,0.05,0.35
2026-04-09,EVCM,11.39,11.41,11.45,11.08,119484,1347171.0,3.23,-0.44,-0.05,0.07
2026-04-09,EVER,16.05,15.88,16.05,15.26,537848,8471014.0,4.9,-1.55,-0.25,1.66
2026-04-09,EVEX,2.67,2.66,2.73,2.645,827863,2209723.0,3.15,-1.48,-0.04,0.24
2026-04-09,EVEX_WS,0.4,0.4,0.4,0.4,200,80.0,0.0,0.0,0.0,0.0
2026-04-09,EVF,5.04,5.02,5.07,4.98,88750,446417.0,1.79,0.0,0.0,0.0
2026-04-09,EVG,10.81,10.8,10.83,10.7,32200,347094.0,1.21,0.65,0.07,0.0
2026-04-09,EVGN,0.84,0.82,0.871,0.787,110340,90819.0,10.46,2.12,0.017,1.12
2026-04-09,EVGO,1.88,2.0,2.015,1.88,4047451,7966635.0,7.07,4.71,0.09,2.88
2026-04-09,EVGOW,0.025,0.027,0.028,0.022,10492,265.0,24.0,8.0,0.002,0.0
2026-04-09,EVH,2.56,2.44,2.58,2.335,4034761,9705689.0,9.57,-4.69,-0.12,3.61
2026-04-09,EVHY,52.565,52.53,52.565,52.53,1570,82536.0,0.07,0.07,0.035,0.0
2026-04-09,EVI,22.8,22.63,23.41,21.66,19237,437740.0,7.58,-2.03,-0.47,0.15
2026-04-09,EVIM,52.9,52.98,53.05,52.89,17888,947422.0,0.3,0.16,0.087,0.0
2026-04-09,EVLN,48.48,48.38,48.48,48.335,33539,1623120.0,0.3,-0.17,-0.08,0.0
2026-04-09,EVLU,35.05,35.236,35.26,35.05,1437,50635.0,0.6,0.34,0.121,0.0
2026-04-09,EVLV,6.14,6.1,6.15,5.9,2662460,16157457.0,4.09,-0.16,-0.01,1.48
2026-04-09,EVLVW,0.131,0.135,0.148,0.119,26997,3709.0,19.86,-7.53,-0.011,0.0
2026-04-09,EVMN,27.11,28.65,28.72,27.02,285768,8065967.0,6.27,5.6,1.52,0.79
2026-04-09,EVMO,50.49,50.56,50.59,50.425,104947,5302415.0,0.33,0.1,0.05,0.89
2026-04-09,EVMT,17.8,17.86,17.86,17.8,1469,26200.0,0.33,-0.56,-0.1,0.0
2026-04-09,EVN,10.57,10.65,10.67,10.53,121814,1294706.0,1.33,1.14,0.12,0.0
2026-04-09,EVNT,11.81,11.835,11.88,11.76,5365,63281.0,1.01,-0.05,-0.006,0.0
2026-04-09,EVO,2.62,2.62,2.649,2.59,31947,83857.0,2.19,-2.6,-0.07,0.01
2026-04-09,EVOX,9.99,9.99,9.99,9.99,74,738.0,0.0,0.0,0.0,0.0
2026-04-09,EVOXU,10.135,10.135,10.135,10.135,23,234.0,0.0,0.0,0.0,0.0
2026-04-09,EVPF,50.05,50.106,50.106,50.05,178,8922.0,0.11,0.34,0.171,0.0
2026-04-09,EVR,323.13,334.96,335.86,322.29,491256,163375604.0,4.16,2.74,8.94,1.24
2026-04-09,EVRG,83.55,84.41,85.27,83.355,1656554,140271274.0,2.3,1.16,0.97,0.72
2026-04-09,EVSB,50.83,50.81,50.83,50.7,343191,17440399.0,0.26,0.04,0.02,0.0
2026-04-09,EVSD,51.1,51.125,51.16,51.083,308365,15769620.0,0.15,0.06,0.03,0.0
2026-04-09,EVSM,50.33,50.32,50.36,50.31,137603,6925236.0,0.1,-0.06,-0.03,0.0
2026-04-09,EVT,25.18,25.36,25.43,25.14,53987,1365522.0,1.15,0.75,0.19,0.0
2026-04-09,EVTC,28.28,28.46,28.615,27.76,274066,7766531.0,3.0,-0.07,-0.02,0.44
2026-04-09,EVTL,2.45,2.3,2.56,2.275,2973525,7127468.0,11.49,-7.26,-0.18,2.91
2026-04-09,EVTR,51.08,51.09,51.205,51.0,480519,24560448.0,0.4,0.0,0.0,0.0
2026-04-09,EVTV,1.89,1.98,2.04,1.82,689339,1336943.0,11.64,4.76,0.09,5.33
2026-04-09,EVUS,33.03,33.18,33.23,32.95,23627,783439.0,0.85,0.39,0.13,0.0
2026-04-09,EVV,9.51,9.57,9.57,9.47,330989,3145356.0,1.05,0.95,0.09,0.0
2026-04-09,EVX,40.21,40.407,40.48,40.19,5103,205771.0,0.72,0.05,0.021,0.0
2026-04-09,EVYM,50.24,50.285,50.285,50.24,2345,117810.0,0.09,0.27,0.133,0.0
2026-04-09,EW,81.32,79.15,81.32,79.06,5469210,435082736.0,2.77,-3.13,-2.56,0.95
2026-04-09,EWA,29.59,29.77,29.9,29.505,2705802,80495027.0,1.34,0.85,0.25,0.0
2026-04-09,EWBC,114.26,116.73,117.265,113.84,856885,99668474.0,2.99,1.86,2.13,0.63
2026-04-09,EWC,56.59,56.44,56.88,56.36,1160255,65598419.0,0.92,-0.35,-0.2,0.0
2026-04-09,EWCZ,5.82,5.81,5.84,5.81,586226,3412547.0,0.52,-0.17,-0.01,1.32
2026-04-09,EWD,51.22,51.81,51.99,51.105,175893,9082065.0,1.71,0.19,0.1,0.0
2026-04-09,EWG,41.44,41.62,41.82,41.185,1933893,80400005.0,1.52,-0.29,-0.12,0.0
2026-04-09,EWH,23.74,23.84,23.875,23.575,3265836,77490244.0,1.26,0.29,0.07,0.0
2026-04-09,EWI,56.49,57.03,57.25,56.37,340347,19367021.0,1.55,0.72,0.41,0.0
2026-04-09,EWJ,87.29,88.22,88.77,86.99,7396190,651767200.0,1.99,-1.33,-1.19,0.0
2026-04-09,EWJV,43.79,44.21,44.45,43.57,82180,3614705.0,1.96,-1.45,-0.65,0.0
2026-04-09,EWK,25.56,25.99,26.029,25.56,14458,374232.0,1.82,1.09,0.28,0.0
2026-04-09,EWL,60.15,60.55,60.96,60.04,898705,54461458.0,1.52,-0.15,-0.09,0.0
2026-04-09,EWM,28.43,28.56,28.61,28.43,283047,8074114.0,0.62,-1.04,-0.3,0.0
2026-04-09,EWN,60.98,61.84,61.995,60.94,41117,2533893.0,1.71,0.49,0.3,0.0
2026-04-09,EWO,37.23,37.61,37.83,37.23,14665,550881.0,1.6,0.32,0.12,0.0
2026-04-09,EWP,56.93,57.43,57.68,56.76,266092,15247255.0,1.6,0.12,0.07,0.0
2026-04-09,EWQ,45.54,45.87,46.005,45.32,240238,10983432.0,1.49,0.0,0.0,0.0
2026-04-09,EWS,28.76,28.88,28.98,28.65,686720,19795947.0,1.14,-0.59,-0.17,0.0
2026-04-09,EWT,75.63,76.41,76.61,75.19,11114820,847875344.0,1.86,0.07,0.05,0.0
2026-04-09,EWTX,32.7,33.52,33.7,32.32,575055,19063613.0,4.18,1.45,0.48,0.54
2026-04-09,EWU,47.45,47.64,47.875,47.305,987124,47014373.0,1.19,-0.38,-0.18,0.0
2026-04-09,EWUS,41.54,41.66,41.85,41.425,6230,258459.0,1.01,-1.1,-0.465,0.0
2026-04-09,EWV,20.65,20.49,21.2,19.951,57421,1188987.0,6.28,2.96,0.59,0.0
2026-04-09,EWW,78.99,79.43,80.255,78.83,1553844,123934404.0,1.8,0.4,0.32,0.0
2026-04-09,EWX,68.8,69.13,69.48,68.672,60144,4164513.0,1.17,-0.1,-0.07,0.0
2026-04-09,EWY,136.2,139.29,140.2,134.95,19370222,2673024768.0,3.75,-0.56,-0.78,0.0
2026-04-09,EWZ,39.87,40.54,40.57,39.862,38122372,1538429808.0,1.79,2.48,0.98,0.0
2026-04-09,EWZS,15.34,15.67,15.715,15.34,266963,4166042.0,2.46,2.75,0.42,0.0
2026-04-09,EXC,49.1,49.44,50.11,49.1,7686240,381390608.0,2.05,0.55,0.27,0.75
2026-04-09,EXE,99.33,99.5,100.829,98.19,3132310,312235216.0,2.63,-0.69,-0.69,1.3
2026-04-09,EXEL,44.0,45.41,45.558,43.82,1813072,81716434.0,3.93,2.74,1.21,0.71
2026-04-09,EXEQ,24.596,24.596,24.596,24.596,27,661.0,0.0,-0.22,-0.054,0.0
2026-04-09,EXFY,0.79,0.786,0.8,0.76,584548,454883.0,5.01,-1.5,-0.012,0.66
2026-04-09,EXG,9.07,9.18,9.29,9.06,868357,7982485.0,2.53,0.99,0.09,0.29
2026-04-09,EXI,191.57,193.8,194.695,191.11,34300,6630810.0,1.86,0.4,0.77,0.0
2026-04-09,EXK,9.79,9.59,10.0,9.43,7048033,67720393.0,5.82,-2.04,-0.2,2.38
2026-04-09,EXLS,30.27,29.77,30.295,29.38,2532996,75260726.0,3.0,-2.55,-0.78,1.62
2026-04-09,EXOD,6.7,6.23,7.015,6.22,46121,295626.0,11.87,-7.01,-0.47,0.43
2026-04-09,EXOZ,11.28,11.4,11.75,10.625,8676,98975.0,10.77,9.09,0.95,0.1
2026-04-09,EXP,194.17,197.29,198.68,194.05,274988,54087422.0,2.37,0.8,1.57,0.87
2026-04-09,EXPE,234.965,230.26,235.725,225.63,1549630,356428640.0,4.26,-2.8,-6.64,1.32
2026-04-09,EXPI,5.92,5.99,6.03,5.82,1056856,6301391.0,3.51,0.0,0.0,0.66
2026-04-09,EXPO,66.4,66.66,66.73,64.99,518733,34411583.0,2.61,-0.13,-0.09,1.05
2026-04-09,EXR,136.75,139.21,139.62,136.68,1299211,180337474.0,2.13,1.07,1.48,0.62
2026-04-09,EXTR,16.52,17.66,17.7,16.28,3500435,59876051.0,8.61,7.03,1.16,2.61
2026-04-09,EXUS,25.76,25.865,26.08,25.75,4572,118643.0,1.28,-0.01,-0.002,0.0
2026-04-09,EYE,25.42,26.34,26.92,25.01,1083671,28370601.0,7.43,2.41,0.62,1.36
2026-04-09,EYEG,35.45,35.45,35.45,35.45,14,529.0,0.0,0.08,0.029,0.0
2026-04-09,EYLD,43.55,43.9,44.029,43.25,48067,2102457.0,1.78,0.55,0.24,0.0
2026-04-09,EYPT,14.03,14.23,14.415,13.91,903901,12845721.0,3.56,0.42,0.06,1.08
2026-04-09,EZA,72.35,72.49,73.12,71.5,182283,13199921.0,2.22,-0.45,-0.33,0.0
2026-04-09,EZBC,41.13,41.71,41.95,40.822,71074,2954451.0,2.73,1.09,0.45,0.0
2026-04-09,EZET,16.51,16.8,16.89,16.35,82183,1366802.0,3.22,0.12,0.02,0.0
2026-04-09,EZGO,1.26,1.3,1.32,1.23,21794,27679.0,7.12,2.85,0.036,0.1
2026-04-09,EZJ,58.062,59.335,60.42,58.062,8176,489007.0,3.89,-2.1,-1.271,0.0
2026-04-09,EZM,69.49,70.1,70.23,69.412,25975,1812180.0,1.17,0.63,0.44,0.0
2026-04-09,EZMO,26.87,26.895,26.94,26.87,3404,91635.0,0.26,-0.07,-0.02,0.0
2026-04-09,EZPW,28.0,28.44,28.87,27.46,913465,25958707.0,5.03,1.46,0.41,1.56
2026-04-09,EZPZ,18.01,18.232,18.343,17.85,4832,87430.0,2.73,1.08,0.195,0.0
2026-04-09,EZRA,0.187,0.191,0.206,0.184,2550649,498507.0,11.89,3.24,0.006,12.0
2026-04-09,EZRO,25.87,25.81,25.87,25.775,16114,415792.0,0.37,-0.05,-0.014,0.0
2026-04-09,EZU,65.94,66.35,66.63,65.58,1139459,75374896.0,1.58,0.14,0.09,0.0
2026-04-09,F,12.065,12.24,12.27,11.96,32576248,396618032.0,2.55,0.49,0.06,0.83
2026-04-09,FA,11.17,11.15,11.34,10.63,875602,9663905.0,6.29,-1.24,-0.14,0.5
2026-04-09,FAAA,50.02,50.025,50.03,50.02,28344,1417995.0,0.02,0.03,0.015,0.0
2026-04-09,FAAR,33.58,33.531,33.635,33.4,17353,581525.0,0.7,0.4,0.134,0.0
2026-04-09,FAB,96.63,97.08,97.08,96.62,840,81355.0,0.48,0.44,0.429,0.0
2026-04-09,FACT,10.52,10.52,10.52,10.51,13503,142031.0,0.1,0.0,0.0,0.07
2026-04-09,FACTW,0.4,0.42,0.42,0.39,41144,16512.0,7.5,5.0,0.02,0.0
2026-04-09,FAD,168.15,168.85,169.64,168.15,6709,1131747.0,0.89,0.6,1.001,0.0
2026-04-09,FAF,63.15,63.99,64.165,62.83,757129,48314980.0,2.11,0.95,0.6,0.74
2026-04-09,FAI,39.44,39.662,39.662,39.44,3990,157756.0,0.56,-0.07,-0.026,0.0
2026-04-09,FALN,27.1,27.125,27.195,27.04,1435018,38923547.0,0.57,0.17,0.045,0.0
2026-04-09,FAMI,1.22,1.22,1.22,1.22,1432,1767.0,0.0,0.0,0.0,0.01
2026-04-09,FAN,25.38,25.7,25.78,25.38,47536,1218151.0,1.58,1.34,0.34,0.0
2026-04-09,FANG,187.97,186.31,191.14,185.27,3384971,634006032.0,3.15,-0.09,-0.16,1.2
2026-04-09,FAPR,45.26,45.235,45.29,45.18,20272,916313.0,0.24,0.07,0.03,0.0
2026-04-09,FARM,1.255,1.26,1.26,1.24,176433,220624.0,1.6,0.8,0.01,0.8
2026-04-09,FARX,28.55,28.56,28.56,28.49,3345,95409.0,0.25,0.28,0.08,0.0
2026-04-09,FAS,129.73,132.46,134.15,128.48,621789,81807382.0,4.31,0.77,1.01,0.0
2026-04-09,FAST,48.18,49.1,49.42,47.98,7316976,358912160.0,2.99,1.91,0.92,0.64
2026-04-09,FATE,1.19,1.27,1.29,1.18,1455624,1829794.0,9.32,7.63,0.09,1.25
2026-04-09,FATN,2.11,2.0,2.135,1.9,102846,205861.0,10.98,-6.54,-0.14,0.74
2026-04-09,FAUG,53.158,53.44,53.45,53.09,10982,585611.0,0.68,0.55,0.29,0.0
2026-04-09,FAX,14.99,15.0,15.02,14.91,128252,1920427.0,0.74,0.4,0.06,0.0
2026-04-09,FAZ,46.0,45.06,46.5,44.5,489491,22214924.0,4.4,-0.9,-0.41,0.0
2026-04-09,FB,42.711,42.711,42.711,42.711,116,4954.0,0.0,0.14,0.061,0.0
2026-04-09,FBCG,53.1,53.61,53.65,52.79,364715,19456436.0,1.62,1.0,0.53,0.0
2026-04-09,FBCV,37.05,37.44,37.46,37.05,7155,267071.0,1.1,0.81,0.3,0.0
2026-04-09,FBDC,17.12,17.021,17.12,16.98,12927,220008.0,0.82,-0.58,-0.099,0.0
2026-04-09,FBGL,0.611,0.666,0.67,0.611,144252,94790.0,9.75,10.08,0.061,1.07
2026-04-09,FBIN,39.97,40.81,41.18,39.57,1701806,69135963.0,4.0,1.27,0.51,1.42
2026-04-09,FBIO,2.27,2.4,2.415,2.27,192638,454474.0,6.28,3.9,0.09,0.6
2026-04-09,FBIOP,13.765,13.78,13.96,13.6,2937,40403.0,2.59,-0.79,-0.11,0.09
2026-04-09,FBIZ,57.46,59.29,59.5,57.33,77137,4517955.0,3.75,2.52,1.46,0.92
2026-04-09,FBK,55.57,56.44,56.765,55.57,430364,24249478.0,2.14,0.97,0.54,0.84
2026-04-09,FBL,27.25,27.48,28.275,27.06,1605755,44171373.0,4.65,5.09,1.33,0.0
2026-04-09,FBLA,13.98,14.15,14.17,13.93,164269,2315488.0,1.72,1.14,0.16,0.96
2026-04-09,FBLG,1.41,1.38,1.44,1.275,215917,295766.0,11.79,-1.43,-0.02,4.75
2026-04-09,FBNC,57.59,59.3,59.455,57.47,168316,9925254.0,3.43,2.4,1.39,0.41
2026-04-09,FBND,45.81,45.87,45.94,45.75,3107412,142489909.0,0.41,0.02,0.01,0.0
2026-04-09,FBOT,35.07,35.121,35.24,34.9,8656,303592.0,0.96,-0.42,-0.148,0.0
2026-04-09,FBP,22.48,23.0,23.025,22.44,1274357,29185614.0,2.59,1.91,0.43,0.82
2026-04-09,FBRT,8.54,8.64,8.73,8.54,660591,5721539.0,2.21,0.7,0.06,0.86
2026-04-09,FBRT_E,19.675,19.46,19.68,19.361,33926,661063.0,1.63,-0.51,-0.1,0.33
2026-04-09,FBRX,29.14,33.9,35.8,27.9,2740153,90468700.0,30.07,29.04,7.63,19.73
2026-04-09,FBT,203.755,204.77,205.415,202.56,25986,5304410.0,1.39,-0.18,-0.37,0.0
2026-04-09,FBTC,61.94,62.83,63.2,61.39,3778847,236239442.0,2.91,1.11,0.69,0.0
2026-04-09,FBUF,30.66,30.772,30.772,30.66,616,18934.0,0.36,0.27,0.082,0.0
2026-04-09,FBY,10.7,10.75,10.88,10.686,115722,1246531.0,1.83,1.13,0.12,0.0
2026-04-09,FBYD,11.13,10.82,11.47,10.705,48807,531020.0,6.82,-3.48,-0.39,0.1
2026-04-09,FBYY,13.99,13.97,13.99,13.97,855,11965.0,0.14,0.07,0.01,0.0
2026-04-09,FC,21.44,21.5,22.01,21.175,140685,3028149.0,3.84,-1.24,-0.27,1.25
2026-04-09,FCA,32.76,33.02,33.29,32.73,29188,964509.0,1.71,0.79,0.26,0.0
2026-04-09,FCAL,49.46,49.365,49.46,49.29,17311,854790.0,0.34,0.03,0.015,0.0
2026-04-09,FCAP,50.85,53.57,53.57,50.85,5613,294832.0,5.21,2.6,1.36,0.17
2026-04-09,FCBC,42.33,43.45,43.47,42.3,107202,4618381.0,2.74,1.73,0.74,0.56
2026-04-09,FCBD,25.43,25.405,25.43,25.39,1527,38824.0,0.16,0.08,0.02,0.0
2026-04-09,FCCO,30.51,31.33,31.43,30.46,163399,5088118.0,3.16,2.19,0.67,1.74
2026-04-09,FCEF,23.02,23.215,23.25,23.02,8861,205508.0,1.0,0.72,0.165,0.0
2026-04-09,FCEL,6.395,6.55,6.97,6.35,1913497,12779183.0,9.67,2.18,0.14,3.61
2026-04-09,FCF,18.53,18.91,18.96,18.53,1076084,20290143.0,2.31,1.78,0.33,1.05
2026-04-09,FCFS,198.78,198.9,199.695,196.49,252265,50129140.0,1.61,0.03,0.06,0.57
2026-04-09,FCFY,25.751,25.751,25.751,25.751,22,567.0,0.0,-0.3,-0.077,0.0
2026-04-09,FCG,30.39,29.93,30.725,29.75,1822833,54782400.0,3.22,-1.22,-0.37,0.0
2026-04-09,FCHL,1.95,2.08,2.17,1.8,4765511,11703968.0,19.17,7.77,0.15,420.49
2026-04-09,FCLD,28.03,27.37,28.03,27.1,15624,426649.0,3.32,-2.23,-0.625,0.0
2026-04-09,FCLO,50.01,49.97,50.01,49.93,2355,117704.0,0.16,0.03,0.015,0.0
2026-04-09,FCN,179.31,181.01,181.93,177.785,281003,50777833.0,2.29,-0.12,-0.22,0.92
2026-04-09,FCNCA,1960.01,1998.29,2004.595,1956.8,83631,166608481.0,2.44,2.13,41.66,0.77
2026-04-09,FCNCN,25.13,25.07,25.13,25.04,100541,2519711.0,0.36,-0.12,-0.03,0.63
2026-04-09,FCNCO,21.55,21.55,21.7,21.55,3900,84283.0,0.7,0.0,0.0,0.05
2026-04-09,FCNCP,21.23,21.39,21.39,21.23,3110,66538.0,0.75,0.52,0.11,0.02
2026-04-09,FCO,3.03,3.04,3.087,3.03,98246,298802.0,1.86,-0.98,-0.03,0.0
2026-04-09,FCOM,71.27,71.441,71.59,70.755,132710,9471484.0,1.18,0.64,0.451,0.0
2026-04-09,FCOR,47.4,47.41,47.539,47.32,18020,855156.0,0.46,0.04,0.02,0.0
2026-04-09,FCPI,51.09,51.51,51.51,51.09,8780,450891.0,0.82,0.6,0.305,0.0
2026-04-09,FCPT,24.27,25.23,25.23,24.245,1357290,34008469.0,4.04,3.44,0.84,1.24
2026-04-09,FCRS,10.06,10.055,10.06,10.05,9146,91924.0,0.1,0.05,0.005,0.03
2026-04-09,FCRS_U,10.17,10.18,10.19,10.17,13282,135198.0,0.2,0.0,0.0,0.0
2026-04-09,FCRS_WS,0.555,0.57,0.57,0.555,1502,849.0,2.7,2.7,0.015,0.0
2026-04-09,FCRX,24.99,25.0,25.0,24.99,469,11724.0,0.04,0.08,0.02,0.0
2026-04-09,FCSH,24.27,24.36,24.37,24.27,1189,28948.0,0.41,0.11,0.027,0.0
2026-04-09,FCT,9.58,9.59,9.64,9.56,71450,686553.0,0.84,0.31,0.03,0.0
2026-04-09,FCTE,26.36,26.717,26.8,26.36,57010,1524061.0,1.67,1.21,0.319,0.0
2026-04-09,FCTR,36.135,36.118,36.155,36.118,890,32186.0,0.1,-0.61,-0.223,0.0
2026-04-09,FCUS,37.91,37.995,38.26,37.78,26061,988883.0,1.27,0.5,0.189,0.0
2026-04-09,FCUV,3.16,2.76,3.24,2.71,159220,472708.0,16.11,-16.11,-0.53,15.53
2026-04-09,FCVT,47.3,47.172,47.4,46.8,14279,670302.0,1.28,0.77,0.362,0.0
2026-04-09,FCX,65.2,66.45,66.75,64.65,12664651,834929280.0,3.23,2.07,1.35,0.88
2026-04-09,FCXG,15.495,15.969,16.03,15.27,7262,113432.0,4.95,4.02,0.617,0.0
2026-04-09,FDAT,21.675,21.7,21.72,21.67,1076,23346.0,0.23,-0.06,-0.014,0.0
2026-04-09,FDBC,42.897,46.58,46.58,42.897,10157,463833.0,8.03,1.59,0.73,0.17
2026-04-09,FDCF,45.15,45.117,45.15,44.72,3446,155017.0,0.95,-0.17,-0.077,0.0
2026-04-09,FDD,18.65,18.81,18.87,18.61,203301,3816560.0,1.39,0.37,0.07,0.0
2026-04-09,FDEC,51.19,51.35,51.43,51.058,15634,801179.0,0.73,0.5,0.258,0.0
2026-04-09,FDEM,33.15,33.3,33.638,32.952,95917,3193442.0,2.05,-0.33,-0.11,0.0
2026-04-09,FDEV,36.78,36.91,37.21,36.75,18180,671162.0,1.25,0.03,0.01,0.0
2026-04-09,FDFF,32.03,32.329,32.44,31.96,3636,117282.0,1.48,-0.32,-0.105,0.0
2026-04-09,FDG,118.07,119.511,119.63,117.93,6784,807248.0,1.43,0.85,1.011,0.0
2026-04-09,FDHY,49.12,49.26,49.27,49.04,52697,2592148.0,0.47,0.24,0.12,0.0
2026-04-09,FDIF,34.38,34.43,34.43,34.21,2213,76058.0,0.64,-0.26,-0.09,0.0
2026-04-09,FDIG,35.46,35.425,36.38,34.8,65223,2333744.0,4.42,-0.8,-0.285,0.0
2026-04-09,FDIQ,69.16,69.308,69.33,69.16,629,43646.0,0.24,-1.54,-1.082,0.0
2026-04-09,FDIS,95.24,97.0,97.11,94.98,80265,7758812.0,2.24,1.84,1.75,0.0
2026-04-09,FDIV,27.34,27.584,27.65,27.32,7489,205731.0,1.2,0.32,0.087,0.0
2026-04-09,FDL,50.16,50.34,50.635,50.11,686553,34574792.0,1.04,0.02,0.01,0.0
2026-04-09,FDLO,66.54,66.89,67.0,66.48,32280,2155642.0,0.78,0.42,0.279,0.0
2026-04-09,FDLS,38.6,38.99,39.122,38.6,13345,518323.0,1.35,0.7,0.27,0.0
2026-04-09,FDM,85.7,86.976,86.976,85.63,17791,1541613.0,1.57,1.38,1.184,0.0
2026-04-09,FDMO,84.0,84.653,84.84,83.808,51521,4352619.0,1.23,0.68,0.573,0.0
2026-04-09,FDMT,10.0,9.84,10.02,9.7,389097,3834052.0,3.17,-2.57,-0.26,0.76
2026-04-09,FDN,247.6,245.28,247.68,242.25,469858,114861111.0,2.2,-0.64,-1.58,0.0
2026-04-09,FDND,20.15,20.17,20.17,20.05,3395,68209.0,0.59,-0.76,-0.155,0.0
2026-04-09,FDNI,27.5,27.515,27.54,27.285,3597,98644.0,0.91,-1.5,-0.42,0.0
2026-04-09,FDP,41.79,42.74,43.02,41.47,222277,9429146.0,3.68,1.38,0.58,0.47
2026-04-09,FDRR,60.7,61.002,61.29,60.534,14168,864226.0,1.25,0.56,0.342,0.0
2026-04-09,FDRS,20.46,20.41,20.47,20.41,16564,338148.0,0.29,-1.73,-0.36,0.0
2026-04-09,FDRX,17.07,16.979,17.07,16.979,244,4163.0,0.52,-2.87,-0.502,0.0
2026-04-09,FDS,223.5,213.52,224.55,211.57,1438348,308990528.0,5.82,-4.24,-9.45,3.95
2026-04-09,FDSB,14.9,14.73,14.956,14.73,9159,136803.0,1.53,-0.27,-0.04,0.17
2026-04-09,FDT,91.29,91.881,92.37,90.82,51274,4705748.0,1.68,-0.37,-0.339,0.0
2026-04-09,FDTS,68.01,68.041,68.1,68.01,454,30874.0,0.13,0.23,0.155,0.0
2026-04-09,FDTX,39.81,39.493,39.81,39.1,17548,691455.0,1.79,-0.43,-0.17,0.0
2026-04-09,FDUS,17.78,17.79,17.92,17.72,158391,2829123.0,1.12,-0.39,-0.07,0.42
2026-04-09,FDV,31.03,31.17,31.265,31.03,120371,3753887.0,0.76,0.32,0.1,0.0
2026-04-09,FDVV,56.82,57.38,57.52,56.73,688826,39419658.0,1.39,0.74,0.42,0.0
2026-04-09,FDX,372.87,377.0,380.14,371.715,1614399,608277920.0,2.26,0.96,3.57,0.68
2026-04-09,FE,51.3,51.91,52.34,51.255,3379496,175742182.0,2.11,0.99,0.51,0.58
2026-04-09,FEAC,28.92,29.111,29.111,28.92,407,11813.0,0.66,0.66,0.191,0.0
2026-04-09,FEAM,1.65,1.52,1.67,1.49,151346,234638.0,10.98,-7.32,-0.12,0.36
2026-04-09,FEAT,18.34,18.381,18.55,18.31,5057,93183.0,1.29,-1.14,-0.212,0.0
2026-04-09,FEBM,30.57,30.65,30.68,30.57,8010,245451.0,0.36,0.08,0.025,0.0
2026-04-09,FEBO,1.29,1.33,1.34,1.25,5900,7663.0,7.2,6.4,0.08,0.05
2026-04-09,FEBP,32.21,32.223,32.223,32.21,2659,85646.0,0.04,0.45,0.143,0.0
2026-04-09,FEBT,38.46,38.72,38.73,38.46,6664,257746.0,0.7,0.65,0.25,0.0
2026-04-09,FEBU,27.599,27.695,27.72,27.599,699,19333.0,0.44,0.48,0.131,0.0
2026-04-09,FEBW,34.1,34.22,34.26,34.1,8979,306717.0,0.47,0.37,0.125,0.0
2026-04-09,FEBZ,37.34,37.53,37.53,37.34,537,20147.0,0.51,0.58,0.216,0.0
2026-04-09,FEDM,61.37,61.199,61.37,61.199,160,9837.0,0.28,-0.18,-0.109,0.0
2026-04-09,FEDU,11.0,11.0,11.0,11.0,2,21.0,0.0,0.0,0.0,0.0
2026-04-09,FEED,1.8,1.75,1.81,1.68,140090,242674.0,7.07,-4.89,-0.09,3.79
2026-04-09,FEGE,48.36,48.47,48.65,48.19,308634,14957558.0,0.94,-0.49,-0.24,0.0
2026-04-09,FEIG,40.95,41.04,41.04,40.95,693,28454.0,0.22,0.23,0.095,0.0
2026-04-09,FEIM,56.34,52.37,57.0,52.325,160398,8631241.0,8.31,-6.91,-3.89,1.63
2026-04-09,FELC,37.7,37.99,38.04,37.62,721014,27312025.0,1.11,0.72,0.27,0.0
2026-04-09,FELE,98.63,100.54,100.88,98.63,161682,16228264.0,2.27,1.22,1.21,0.37
2026-04-09,FELG,39.03,39.3,39.36,38.83,451882,17706702.0,1.36,0.64,0.25,0.0
2026-04-09,FELV,36.06,36.415,36.48,35.96,115153,4188421.0,1.44,0.57,0.205,0.0
2026-04-09,FEM,31.61,31.87,31.96,31.52,130701,4152653.0,1.39,0.79,0.25,0.0
2026-04-09,FEMB,29.68,29.78,29.88,29.555,241919,7190806.0,1.1,0.57,0.17,0.0
2026-04-09,FEMR,36.21,36.58,36.589,35.97,41101,1494012.0,1.7,0.36,0.132,0.0
2026-04-09,FEMS,46.64,47.325,47.6,46.575,38268,1797768.0,2.18,0.7,0.33,0.0
2026-04-09,FEMY,0.398,0.395,0.416,0.381,476907,190529.0,8.79,-0.75,-0.003,0.79
2026-04-09,FENC,6.45,6.4,6.47,6.25,75369,481449.0,3.39,-1.39,-0.09,0.22
2026-04-09,FENG,1.79,1.79,1.79,1.79,141,254.0,0.0,0.56,0.01,0.0
2026-04-09,FENI,38.91,39.2,39.395,38.78,1145450,44874173.0,1.57,-0.15,-0.06,0.0
2026-04-09,FENY,32.415,31.99,32.92,31.87,4663860,150685777.0,3.24,-1.27,-0.41,0.0
2026-04-09,FEOE,51.87,52.45,52.69,51.87,225621,11835107.0,1.55,-0.59,-0.31,0.0
2026-04-09,FEP,57.28,57.684,57.996,57.21,11621,669342.0,1.37,0.32,0.184,0.0
2026-04-09,FEPI,41.1,41.0,41.1,40.65,198089,8140989.0,1.1,-0.17,-0.07,0.0
2026-04-09,FER,70.19,71.47,71.94,70.18,918989,65445505.0,2.51,1.77,1.24,0.13
2026-04-09,FERA,10.32,10.32,10.33,10.31,676042,6976004.0,0.19,0.0,0.0,2.86
2026-04-09,FERAR,0.25,0.24,0.25,0.23,696898,173269.0,8.33,0.0,0.0,0.0
2026-04-09,FERG,247.73,253.68,255.815,247.73,1270483,321731440.0,3.24,1.8,4.48,0.65
2026-04-09,FESM,39.71,40.12,40.208,39.68,792746,31744893.0,1.32,0.55,0.22,0.0
2026-04-09,FET,59.77,59.88,61.32,58.5,183632,10973431.0,4.72,0.15,0.09,1.62
2026-04-09,FETH,21.69,22.1,22.23,21.49,2653633,58006680.0,3.36,0.27,0.06,0.0
2026-04-09,FEUS,72.45,72.916,72.916,72.45,1031,74768.0,0.64,0.53,0.385,0.0
2026-04-09,FEUZ,65.72,66.615,66.84,65.72,3805,253060.0,1.72,2.48,1.615,0.0
2026-04-09,FEX,126.5,126.74,127.162,126.16,11730,1486443.0,0.8,0.57,0.716,0.0
2026-04-09,FEZ,65.2,65.77,66.06,64.975,2272122,149087342.0,1.65,0.11,0.07,0.0
2026-04-09,FFA,21.03,21.07,21.12,20.81,34466,724447.0,1.48,0.67,0.14,0.0
2026-04-09,FFAI,0.213,0.257,0.26,0.213,24323050,5717150.0,21.76,18.98,0.041,9.78
2026-04-09,FFAIW,0.012,0.015,0.016,0.012,84409,1223.0,30.77,15.38,0.002,0.0
2026-04-09,FFBC,28.99,29.85,29.94,28.99,767738,22810733.0,3.25,2.16,0.63,0.73
2026-04-09,FFC,15.86,15.92,15.98,15.747,58023,921918.0,1.47,0.63,0.1,0.0
2026-04-09,FFDI,31.16,31.462,31.59,31.16,1910,60526.0,1.36,-0.39,-0.124,0.0
2026-04-09,FFEB,57.3,57.63,57.74,57.3,15860,914457.0,0.77,0.4,0.23,0.0
2026-04-09,FFEM,37.36,37.628,37.728,37.18,8820,330976.0,1.45,-0.11,-0.042,0.0
2026-04-09,FFF,21.2,21.046,21.2,20.9,1221,25704.0,1.4,-1.59,-0.34,0.0
2026-04-09,FFGX,32.27,32.44,32.55,32.105,8519,274915.0,1.36,-0.59,-0.191,0.0
2026-04-09,FFIC,16.02,16.31,16.57,16.02,386145,6309238.0,3.39,0.49,0.08,1.14
2026-04-09,FFIN,30.96,31.68,31.79,30.85,602775,19020372.0,3.01,1.51,0.47,0.42
2026-04-09,FFIU,21.94,21.94,21.94,21.94,109,2409.0,0.0,0.13,0.029,0.0
2026-04-09,FFIV,303.56,294.59,305.77,289.87,896868,264668874.0,5.22,-3.34,-10.17,1.59
2026-04-09,FFLC,53.88,54.2,54.3,53.71,65798,3556523.0,1.1,0.76,0.41,0.0
2026-04-09,FFLG,29.53,29.8,29.835,29.4,73427,2180962.0,1.47,0.91,0.27,0.0
2026-04-09,FFLS,22.41,22.519,22.52,22.385,4423,99446.0,0.6,0.4,0.09,0.0
2026-04-09,FFLV,25.78,25.93,25.985,25.78,6891,178566.0,0.79,0.49,0.127,0.0
2026-04-09,FFND,30.02,30.29,30.33,30.02,11536,349030.0,1.03,0.6,0.18,0.0
2026-04-09,FFOG,43.43,43.74,43.76,43.078,20363,886060.0,1.57,0.81,0.35,0.0
2026-04-09,FFOX,27.46,27.74,27.79,27.46,43753,1213416.0,1.19,0.05,0.013,0.0
2026-04-09,FFSM,34.05,34.15,34.29,33.88,97850,3341777.0,1.21,0.71,0.24,0.0
2026-04-09,FFTY,35.43,35.57,35.795,35.38,83503,2971412.0,1.17,0.71,0.25,0.0
2026-04-09,FFUT,58.0,57.678,58.0,57.58,2024,116876.0,0.73,0.28,0.163,0.0
2026-04-09,FG,24.66,25.0,25.3,24.45,626094,15668400.0,3.41,0.2,0.05,0.46
2026-04-09,FGBI,9.57,9.8,9.97,9.57,32553,317871.0,4.18,2.4,0.23,0.21
2026-04-09,FGBIP,17.3,17.02,17.3,16.9,11756,201068.0,2.31,-1.62,-0.28,0.85
2026-04-09,FGD,32.53,32.68,32.73,32.46,294581,9613524.0,0.83,-0.03,-0.01,0.0
2026-04-09,FGDL,63.33,63.4,63.93,63.19,34160,2173752.0,1.18,0.78,0.49,0.0
2026-04-09,FGI,3.714,4.24,4.83,3.714,177276,773678.0,27.49,4.43,0.18,9.2
2026-04-09,FGIIU,10.0,9.97,10.0,9.97,1186,11842.0,0.3,-0.2,-0.02,0.0
2026-04-09,FGL,1.95,1.92,1.95,1.825,504137,1133746.0,6.1,-6.34,-0.13,143.95
2026-04-09,FGM,64.6,64.454,64.716,64.28,2702,174518.0,0.68,0.46,0.294,0.0
2026-04-09,FGMC,10.12,10.11,10.12,10.11,20364,205894.0,0.1,-0.1,-0.01,0.2
2026-04-09,FGMCR,0.519,0.519,0.519,0.49,12303,6121.0,5.66,1.37,0.007,0.0
2026-04-09,FGN,24.6,24.71,24.88,24.6,15314,378592.0,1.14,0.24,0.06,0.0
2026-04-09,FGNX,5.35,5.75,6.1,5.35,129571,753551.0,13.84,6.09,0.33,1.98
2026-04-09,FGNXP,24.9,24.475,24.92,23.48,9938,242454.0,5.76,-2.1,-0.525,1.47
2026-04-09,FGRU,15.5,14.615,15.99,14.615,48671,747207.0,8.77,-6.73,-1.055,0.0
2026-04-09,FGSI,19.74,19.825,19.825,19.7,2243,44247.0,0.63,-0.13,-0.026,0.0
2026-04-09,FGSM,32.55,32.698,32.735,32.55,1567,51209.0,0.57,0.22,0.073,0.0
2026-04-09,FGSN,20.88,20.9,21.19,20.785,15041,315072.0,1.95,0.58,0.12,0.0
2026-04-09,FHB,26.29,26.73,26.88,26.06,1566438,41833810.0,3.11,1.29,0.34,1.27
2026-04-09,FHDG,34.41,34.588,34.61,34.41,3803,131415.0,0.58,0.45,0.155,0.0
2026-04-09,FHEQ,30.27,30.47,30.476,30.21,53340,1620741.0,0.88,0.64,0.195,0.0
2026-04-09,FHI,56.95,56.93,57.42,55.42,813937,46238284.0,3.49,-0.65,-0.37,1.07
2026-04-09,FHLC,71.49,71.7,72.08,71.23,233367,16716857.0,1.18,-0.21,-0.15,0.0
2026-04-09,FHN,24.3,24.43,24.53,23.93,4357865,106277421.0,2.49,1.37,0.33,0.92
2026-04-09,FHN_C,25.34,25.34,25.345,25.34,5938,150517.0,0.02,0.0,0.0,0.26
2026-04-09,FHN_E,24.714,24.65,24.72,24.46,3147,77641.0,1.06,0.65,0.16,0.05
2026-04-09,FHN_F,17.67,17.75,17.75,17.34,4885,86321.0,2.32,0.45,0.08,0.08
2026-04-09,FHN_H,24.95,24.91,25.0,24.87,14030,349840.0,0.52,-0.16,-0.04,0.09
2026-04-09,FHTX,4.81,4.79,4.87,4.58,302527,1437626.0,5.93,-2.04,-0.1,0.52
2026-04-09,FHYS,23.12,23.145,23.175,23.09,16348,378292.0,0.37,0.03,0.006,0.0
2026-04-09,FIAT,25.47,26.35,26.51,25.47,57675,1506341.0,4.0,1.39,0.36,0.0
2026-04-09,FIAX,17.58,17.617,17.617,17.56,9632,169356.0,0.32,0.13,0.023,0.0
2026-04-09,FIBK,33.79,34.27,34.49,33.57,2185089,74597241.0,2.7,0.68,0.23,2.24
2026-04-09,FICO,1081.22,1072.35,1088.85,1035.0,209727,223101698.0,4.93,-1.8,-19.69,0.88
2026-04-09,FICS,40.38,40.617,40.78,40.36,12130,492175.0,1.03,-0.22,-0.088,0.0
2026-04-09,FID,21.45,21.575,21.62,21.442,9313,200813.0,0.83,0.35,0.075,0.0
2026-04-09,FIDI,28.35,28.38,28.47,28.185,93197,2638212.0,1.0,-0.07,-0.02,0.0
2026-04-09,FIDU,90.99,92.32,92.79,90.99,154856,14292504.0,1.97,1.01,0.92,0.0
2026-04-09,FIEE,7.587,7.45,7.587,7.45,6233,47028.0,1.82,-1.19,-0.09,0.08
2026-04-09,FIG,20.01,19.08,20.215,18.78,15769798,301645664.0,7.12,-5.31,-1.07,3.57
2026-04-09,FIGB,43.28,43.19,43.28,43.06,73957,3193947.0,0.51,-0.02,-0.01,0.0
2026-04-09,FIGG,1.06,0.954,1.075,0.925,7892393,7581224.0,13.89,-11.67,-0.126,0.0
2026-04-09,FIGR,33.82,33.04,34.84,33.02,2696383,91070738.0,5.3,-3.79,-1.3,1.52
2026-04-09,FIGS,14.45,14.48,14.67,14.03,2062777,29797691.0,4.37,-1.09,-0.16,1.3
2026-04-09,FIGX,10.11,10.11,10.11,10.11,1,10.0,0.0,0.0,0.0,0.0
2026-04-09,FIGXW,0.27,0.28,0.28,0.269,5000,1395.0,4.07,3.7,0.01,0.0
2026-04-09,FIHL,19.57,20.34,20.525,19.57,668262,13561213.0,4.85,3.3,0.65,0.77
2026-04-09,FIIG,20.85,20.89,20.95,20.823,118974,2483450.0,0.61,0.05,0.01,0.0
2026-04-09,FINS,12.75,12.743,12.75,12.676,31572,401876.0,0.58,0.18,0.023,0.0
2026-04-09,FINT,34.2,34.355,34.71,34.075,30688,1055125.0,1.85,-0.12,-0.04,0.0
2026-04-09,FINV,5.155,4.97,5.155,4.76,1635647,8004132.0,7.64,-3.87,-0.2,1.17
2026-04-09,FINW,16.21,17.34,17.34,16.21,18127,307326.0,6.74,3.4,0.57,0.13
2026-04-09,FINX,23.5,23.16,23.5,22.86,47988,1110488.0,2.71,-2.07,-0.49,0.0
2026-04-09,FIP,5.36,5.34,5.64,5.245,866624,4634950.0,7.48,1.14,0.06,0.73
2026-04-09,FIS,46.57,45.29,46.72,44.64,7120109,322814656.0,4.42,-3.66,-1.72,1.38
2026-04-09,FISI,33.63,34.39,34.47,33.52,160292,5495964.0,2.8,1.51,0.51,0.81
2026-04-09,FISK,5.025,5.025,5.025,5.025,4,21.0,0.0,0.0,0.0,0.0
2026-04-09,FISR,25.68,25.77,25.81,25.68,61565,1586623.0,0.5,-0.08,-0.02,0.0
2026-04-09,FISV,56.155,56.41,56.54,55.19,5612075,314572368.0,2.38,-0.39,-0.22,1.05
2026-04-09,FITB,49.11,50.22,50.445,49.09,5768150,288872720.0,2.75,1.78,0.88,0.64
2026-04-09,FITBI,25.27,25.27,25.3,25.24,28759,726735.0,0.24,0.04,0.01,0.16
2026-04-09,FITBM,26.07,26.05,26.12,25.985,10826,281814.0,0.52,-0.08,-0.02,2.71
2026-04-09,FITBO,19.12,19.14,19.3,19.09,16628,318964.0,1.1,0.1,0.02,0.17
2026-04-09,FITBP,23.495,23.84,23.84,23.495,12558,298635.0,1.46,0.88,0.207,0.16
2026-04-09,FITE,91.6,89.661,91.6,89.48,5723,515397.0,2.31,-2.26,-2.073,0.0
2026-04-09,FIVA,36.24,36.38,36.578,36.1,186286,6783574.0,1.31,-0.44,-0.16,0.0
2026-04-09,FIVE,226.49,225.19,227.71,217.37,1356739,302874608.0,4.53,-1.31,-2.99,2.46
2026-04-09,FIVN,14.37,13.82,14.4,13.72,2621237,36391358.0,4.66,-5.28,-0.77,3.42
2026-04-09,FIVY,23.96,23.812,24.09,23.69,4157,99732.0,1.66,-1.23,-0.296,0.0
2026-04-09,FIW,106.32,107.62,107.97,106.29,87345,9360427.0,1.57,0.6,0.64,0.0
2026-04-09,FIX,1531.51,1574.45,1601.9,1531.51,363819,574118752.0,4.62,3.23,49.29,1.03
2026-04-09,FIXD,43.93,43.9,44.97,43.795,425161,18662666.0,2.68,-0.04,-0.019,0.0
2026-04-09,FIXP,19.908,19.862,19.908,19.86,781,15515.0,0.24,-0.08,-0.015,0.0
2026-04-09,FIXT,37.92,37.93,37.955,37.88,3667,139106.0,0.2,0.04,0.015,0.0
2026-04-09,FIZZ,34.3,35.43,35.57,33.33,217961,7673458.0,6.47,2.31,0.8,0.23
2026-04-09,FJAN,51.73,51.954,52.015,51.66,29405,1526096.0,0.69,0.43,0.224,0.0
2026-04-09,FJET,5.44,5.17,5.63,5.11,695129,3658273.0,9.65,-4.08,-0.22,1.58
2026-04-09,FJP,75.69,76.19,76.95,75.12,13086,992645.0,2.36,-1.54,-1.19,0.0
2026-04-09,FJUL,56.22,56.451,56.49,56.22,8954,504947.0,0.48,0.49,0.276,0.0
2026-04-09,FJUN,57.805,58.005,58.06,57.74,7792,451171.0,0.55,0.42,0.245,0.0
2026-04-09,FKU,53.47,53.22,53.7,53.06,28093,1500473.0,1.2,-0.56,-0.3,0.0
2026-04-09,FKWL,3.69,3.7,3.79,3.66,5993,22193.0,3.51,0.0,0.0,0.05
2026-04-09,FLAG,26.735,26.735,26.735,26.735,39,1050.0,0.0,0.07,0.019,0.0
2026-04-09,FLAO,27.53,27.565,27.57,27.53,1096,30212.0,0.15,0.27,0.075,0.0
2026-04-09,FLAU,35.085,35.26,35.285,34.91,2307,81095.0,1.07,0.98,0.343,0.0
2026-04-09,FLAX,32.12,32.392,32.44,31.97,7710,248836.0,1.45,-0.11,-0.036,0.0
2026-04-09,FLBL,23.02,23.005,23.02,22.964,147815,3397831.0,0.24,-0.02,-0.005,0.0
2026-04-09,FLBR,24.85,25.29,25.3,24.85,438222,11016472.0,1.82,2.39,0.59,0.0
2026-04-09,FLC,16.83,16.87,16.97,16.78,40055,675993.0,1.12,-0.18,-0.03,0.0
2026-04-09,FLCA,50.77,50.54,50.884,50.45,19476,985102.0,0.86,-0.28,-0.14,0.0
2026-04-09,FLCB,21.5,21.52,21.58,21.47,438323,9431868.0,0.51,0.0,0.0,0.0
2026-04-09,FLCC,32.07,32.135,32.19,31.904,4969,159446.0,0.89,0.4,0.127,0.0
2026-04-09,FLCE,28.558,28.561,28.58,28.55,2731,77997.0,0.11,0.64,0.181,0.0
2026-04-09,FLCG,31.08,31.08,31.1,30.71,869243,26980173.0,1.26,0.23,0.07,0.0
2026-04-09,FLCH,22.74,22.835,22.87,22.61,60161,1370189.0,1.13,-0.44,-0.1,0.0
2026-04-09,FLCO,21.46,21.48,21.52,21.433,36128,776036.0,0.41,0.02,0.005,0.0
2026-04-09,FLCV,32.65,32.766,32.81,32.57,4453,145682.0,0.73,0.34,0.111,0.0
2026-04-09,FLD,1.25,1.23,1.269,1.205,55634,69127.0,5.0,-3.91,-0.05,0.11
2026-04-09,FLDB,50.4,50.38,50.408,50.35,1535,77382.0,0.12,0.06,0.03,0.0
2026-04-09,FLDDW,0.105,0.1,0.115,0.1,6652,672.0,14.29,-4.76,-0.005,0.0
2026-04-09,FLDR,50.18,50.15,50.18,50.104,138337,6936715.0,0.15,0.04,0.02,0.0
2026-04-09,FLDZ,29.789,29.789,29.789,29.789,19,595.0,0.0,0.26,0.077,0.0
2026-04-09,FLEE,37.96,38.217,38.292,37.85,5944,226180.0,1.16,0.18,0.067,0.0
2026-04-09,FLEU,33.98,34.349,34.49,33.79,3385,115919.0,2.05,0.5,0.17,0.0
2026-04-09,FLEX,73.32,75.01,75.917,73.19,4126697,309434400.0,3.73,2.49,1.82,1.12
2026-04-09,FLG,13.95,14.13,14.23,13.875,3458868,48874935.0,2.55,1.36,0.19,0.83
2026-04-09,FLGB,36.3,36.4,36.54,36.13,59567,2143362.0,1.12,-0.25,-0.09,0.0
2026-04-09,FLGR,32.65,32.86,32.96,32.53,5026,164822.0,1.31,-0.23,-0.075,0.0
2026-04-09,FLGT,15.82,15.02,15.9,14.95,415878,6309015.0,6.0,-5.12,-0.81,1.44
2026-04-09,FLGV,20.38,20.41,20.445,20.375,62609,1278337.0,0.34,0.02,0.005,0.0
2026-04-09,FLG_A,22.0,22.58,22.66,22.0,28985,651587.0,2.99,2.45,0.54,0.14
2026-04-09,FLG_U,40.0,40.34,40.34,40.0,7002,281611.0,0.84,0.02,0.01,0.0
2026-04-09,FLHY,24.3,24.33,24.35,24.231,230659,5609781.0,0.49,0.08,0.02,0.0
2026-04-09,FLIA,20.28,20.3,20.33,20.275,88821,1803856.0,0.27,-0.2,-0.04,0.0
2026-04-09,FLIN,35.0,35.0,35.27,34.88,364078,12764365.0,1.11,-0.46,-0.16,0.0
2026-04-09,FLJH,41.82,42.34,42.44,41.708,23673,998269.0,1.71,-1.03,-0.44,0.0
2026-04-09,FLJJ,31.961,32.149,32.18,31.961,3006,96514.0,0.68,0.44,0.141,0.0
2026-04-09,FLJP,37.5,37.83,38.055,37.325,3300105,124244606.0,1.9,-1.36,-0.52,0.0
2026-04-09,FLKR,44.14,45.08,45.33,43.73,678394,30517628.0,3.53,-0.57,-0.26,0.0
2026-04-09,FLL,2.7,2.7,2.73,2.59,135228,364519.0,5.19,0.0,0.0,0.37
2026-04-09,FLLA,29.49,29.896,29.896,29.49,50440,1502200.0,1.38,1.55,0.456,0.0
2026-04-09,FLMB,23.8,23.86,23.9,23.8,4625,110342.0,0.42,0.02,0.005,0.0
2026-04-09,FLMI,24.92,24.95,24.97,24.9,836353,20863522.0,0.28,0.12,0.03,0.0
2026-04-09,FLMX,38.62,38.808,39.18,38.62,13989,546562.0,1.45,0.59,0.228,0.0
2026-04-09,FLN,26.995,27.3,27.41,26.86,18231,496917.0,2.07,2.5,0.666,0.0
2026-04-09,FLNA,1.68,1.72,1.73,1.65,281959,480169.0,4.71,1.18,0.02,0.58
2026-04-09,FLNC,13.06,13.56,13.66,12.92,3080658,41269354.0,5.64,3.35,0.44,2.33
2026-04-09,FLNG,30.21,29.4,30.4,29.35,391388,11608090.0,3.48,-2.55,-0.77,0.72
2026-04-09,FLNT,3.2,3.07,3.2,3.05,29629,92061.0,4.82,-1.29,-0.04,0.1
2026-04-09,FLO,7.96,8.14,8.185,7.855,4590617,37039696.0,4.08,0.74,0.06,2.17
2026-04-09,FLOC,21.38,21.75,21.85,21.285,1072269,23172908.0,2.66,2.35,0.5,2.64
2026-04-09,FLOT,50.83,50.84,50.88,50.83,1279104,65046977.0,0.1,-0.02,-0.01,0.0
2026-04-09,FLOW,35.66,35.739,35.739,35.53,3230,114902.0,0.58,-0.5,-0.181,0.0
2026-04-09,FLQL,70.6,71.39,71.552,70.6,38509,2746538.0,1.35,0.88,0.62,0.0
2026-04-09,FLQM,56.13,56.39,56.57,55.98,177973,10011908.0,1.05,-0.08,-0.045,0.0
2026-04-09,FLQS,44.35,44.792,44.91,44.35,2318,103815.0,1.26,0.54,0.24,0.0
2026-04-09,FLR,49.13,49.07,49.8,48.785,1789711,88203358.0,2.07,-0.16,-0.08,1.25
2026-04-09,FLRG,38.059,38.21,38.3,37.99,20848,795359.0,0.81,0.35,0.134,0.0
2026-04-09,FLRN,30.72,30.73,30.74,30.72,1029740,31647208.0,0.07,0.03,0.01,0.0
2026-04-09,FLRT,46.48,46.49,46.519,46.445,186683,8675463.0,0.16,-0.04,-0.02,0.0
2026-04-09,FLS,82.64,84.45,84.875,82.16,2285877,192523873.0,3.28,2.12,1.75,1.79
2026-04-09,FLSA,34.0,34.144,34.16,34.0,689,23513.0,0.47,0.37,0.127,0.0
2026-04-09,FLSP,27.55,27.495,27.62,27.38,56261,1549385.0,0.87,0.09,0.025,0.0
2026-04-09,FLSW,41.61,41.878,41.963,41.61,1634,68432.0,0.84,-0.09,-0.037,0.0
2026-04-09,FLTB,50.45,50.44,50.45,50.37,34385,1733634.0,0.16,0.06,0.03,0.0
2026-04-09,FLTR,25.43,25.45,25.45,25.43,633635,16119410.0,0.08,0.04,0.01,0.0
2026-04-09,FLTW,72.57,73.34,73.385,72.2,38669,2814415.0,1.61,-0.14,-0.1,0.0
2026-04-09,FLUD,24.99,24.99,24.99,24.97,68081,1700712.0,0.08,0.1,0.025,0.0
2026-04-09,FLUT,107.09,105.25,107.38,102.37,3055153,319933376.0,4.57,-3.89,-4.26,1.75
2026-04-09,FLUX,1.11,1.08,1.148,1.08,46216,51193.0,5.96,-5.26,-0.06,0.22
2026-04-09,FLV,77.98,78.573,78.74,77.98,2865,224814.0,0.97,0.3,0.238,0.0
2026-04-09,FLWS,3.27,3.42,3.485,3.26,298905,1017574.0,6.84,3.95,0.13,0.81
2026-04-09,FLX,2.63,2.38,2.65,2.33,111272,270065.0,12.26,-8.81,-0.23,0.21
2026-04-09,FLXN,25.545,25.61,25.63,25.545,1925,49251.0,0.33,0.17,0.043,0.0
2026-04-09,FLXR,39.24,39.27,39.31,39.211,455532,17886322.0,0.25,0.05,0.02,0.0
2026-04-09,FLXS,47.27,48.53,49.41,45.585,41018,1940474.0,8.01,1.68,0.8,0.77
2026-04-09,FLY,37.985,37.57,41.51,37.275,13195734,521327504.0,11.11,-1.44,-0.55,8.24
2026-04-09,FLYD,69.49,69.281,74.84,69.281,1244,88209.0,7.95,-0.92,-0.64,0.0
2026-04-09,FLYE,2.228,2.28,2.39,2.228,16283,37422.0,7.07,-0.44,-0.01,1.0
2026-04-09,FLYT,25.7,26.1,31.3,25.565,253444,7120833.0,20.66,-5.98,-1.66,0.0
2026-04-09,FLYU,36.635,38.558,38.558,36.635,738,27650.0,4.93,-1.11,-0.431,0.0
2026-04-09,FLYW,11.74,11.71,11.78,11.37,957596,11129755.0,3.46,-1.26,-0.15,0.8
2026-04-09,FLYX,2.28,2.21,2.28,2.11,200102,437546.0,7.49,-2.64,-0.06,0.44
2026-04-09,FMACU,10.0,10.005,10.008,10.0,2256,22571.0,0.08,0.05,0.005,0.0
2026-04-09,FMAG,33.35,33.7,33.73,33.28,22426,751962.0,1.35,0.96,0.32,0.0
2026-04-09,FMAR,49.7,49.95,49.99,49.67,24336,1214475.0,0.64,0.4,0.2,0.0
2026-04-09,FMAT,59.81,60.11,60.27,59.81,60985,3670931.0,0.77,0.07,0.04,0.0
2026-04-09,FMAY,54.11,54.37,54.41,54.11,7982,433529.0,0.55,0.45,0.242,0.0
2026-04-09,FMB,51.11,51.18,51.22,51.021,137114,7010043.0,0.39,0.2,0.1,0.0
2026-04-09,FMBH,43.0,43.93,44.21,43.0,151160,6638508.0,2.79,1.36,0.59,0.57
2026-04-09,FMC,17.92,17.21,18.17,17.03,1728436,29890445.0,6.39,-3.53,-0.63,1.38
2026-04-09,FMCE,25.959,25.959,25.959,25.959,8,208.0,0.0,0.53,0.137,0.0
2026-04-09,FMCX,33.68,33.68,33.68,33.68,20,669.0,0.0,0.6,0.2,0.0
2026-04-09,FMDE,37.39,37.43,37.535,37.195,936186,35014570.0,0.91,-0.11,-0.04,0.0
2026-04-09,FMED,25.05,25.16,25.28,24.89,2867,71737.0,1.55,-0.24,-0.061,0.0
2026-04-09,FMET,32.57,32.468,32.57,32.35,1893,61427.0,0.68,-0.24,-0.078,0.0
2026-04-09,FMF,51.1,51.459,51.62,51.1,17934,922888.0,1.02,0.59,0.301,0.0
2026-04-09,FMFC,0.416,0.486,0.507,0.416,960563,455929.0,23.1,23.35,0.092,6.28
2026-04-09,FMHI,48.19,48.13,48.19,48.02,78887,3795938.0,0.35,0.21,0.1,0.0
2026-04-09,FMKT,21.0,21.012,21.1,20.87,3198,67309.0,1.09,-0.13,-0.028,0.0
2026-04-09,FMN,11.14,11.17,11.21,11.105,44982,501672.0,0.95,0.99,0.11,0.0
2026-04-09,FMNB,13.71,13.94,13.99,13.605,275750,3830226.0,2.81,1.6,0.22,0.73
2026-04-09,FMNY,26.69,26.7,26.735,26.66,27532,734533.0,0.28,0.06,0.015,0.0
2026-04-09,FMQQ,11.71,11.74,11.75,11.62,6304,73718.0,1.11,0.11,0.013,0.0
2026-04-09,FMS,23.39,23.61,23.69,23.24,487460,11475062.0,1.92,0.77,0.18,0.08
2026-04-09,FMST,1.63,1.63,1.7,1.6,80218,131190.0,6.06,-1.21,-0.02,0.55
2026-04-09,FMSTW,0.98,0.81,0.98,0.81,5603,4667.0,16.98,-19.08,-0.191,0.0
2026-04-09,FMTL,36.22,36.131,36.36,35.84,5131,185606.0,1.44,-0.22,-0.079,0.0
2026-04-09,FMTM,36.7,36.933,37.03,36.68,57108,2105700.0,0.95,0.17,0.063,0.0
2026-04-09,FMUB,50.92,51.03,51.11,50.9,38715,1974798.0,0.41,0.28,0.14,0.0
2026-04-09,FMUN,50.07,50.075,50.149,50.01,6964,348689.0,0.28,0.08,0.04,0.0
2026-04-09,FMX,115.6,115.28,116.735,115.095,629169,72836403.0,1.42,-0.25,-0.29,0.31
2026-04-09,FMY,11.95,12.08,12.08,11.94,1616,19341.0,1.17,0.67,0.08,0.0
2026-04-09,FNB,17.57,17.94,18.01,17.55,8790846,157139333.0,2.61,1.7,0.3,2.47
2026-04-09,FNCL,72.55,73.12,73.38,72.32,143193,10447793.0,1.45,0.32,0.23,0.0
2026-04-09,FND,50.51,52.56,52.65,49.73,2484273,128875644.0,5.71,2.8,1.43,2.3
2026-04-09,FNDA,33.75,34.08,34.191,33.75,543694,18488752.0,1.3,0.41,0.14,0.0
2026-04-09,FNDB,27.95,28.16,28.21,27.95,90321,2539504.0,0.93,0.45,0.125,0.0
2026-04-09,FNDC,48.41,48.76,49.045,48.33,85168,4151659.0,1.46,-0.49,-0.24,0.0
2026-04-09,FNDE,39.24,39.49,39.575,39.15,726471,28638119.0,1.08,0.28,0.11,0.0
2026-04-09,FNDF,50.81,51.15,51.365,50.715,1185427,60607909.0,1.27,-0.39,-0.2,0.0
2026-04-09,FNDX,28.61,28.8,28.87,28.61,4497800,129357787.0,0.91,0.38,0.11,0.0
2026-04-09,FNF,47.22,47.81,48.17,47.175,1264200,60413346.0,2.09,0.44,0.21,0.47
2026-04-09,FNGD,61.16,59.86,63.42,59.67,374862,23021969.0,6.09,-2.81,-1.73,0.0
2026-04-09,FNGG,173.12,175.964,175.964,170.2,4762,827684.0,3.35,2.21,3.804,0.0
2026-04-09,FNGO,99.01,100.315,100.315,96.56,12756,1260912.0,3.83,2.22,2.175,0.0
2026-04-09,FNGR,0.901,0.821,0.928,0.811,303640,257849.0,13.01,-8.68,-0.078,0.5
2026-04-09,FNGS,63.39,63.9,64.05,62.78,42897,2728290.0,2.01,0.93,0.59,0.0
2026-04-09,FNGU,18.73,19.12,19.18,18.035,6517192,122034321.0,6.19,3.3,0.61,0.0
2026-04-09,FNK,58.44,58.819,58.84,58.29,8327,487728.0,0.94,0.48,0.282,0.0
2026-04-09,FNKO,3.76,3.75,3.79,3.65,462026,1729938.0,3.71,-0.53,-0.02,0.83
2026-04-09,FNLC,28.97,29.89,29.95,28.97,14142,419278.0,3.35,2.15,0.63,0.13
2026-04-09,FNOV,54.825,55.122,55.17,54.796,8537,469994.0,0.68,0.57,0.312,0.0
2026-04-09,FNUC,2.42,2.38,2.45,2.33,74544,177096.0,4.9,-2.86,-0.07,0.41
2026-04-09,FNV,266.17,260.17,270.705,259.95,650029,170897345.0,4.06,-1.89,-5.0,0.34
2026-04-09,FNWB,10.13,9.91,10.2,9.91,27743,280329.0,2.86,-2.17,-0.22,0.29
2026-04-09,FNWD,34.8,35.04,35.04,34.8,6415,224373.0,0.69,1.3,0.45,0.15
2026-04-09,FNX,133.02,134.043,134.66,132.86,18668,2499631.0,1.35,0.56,0.74,0.0
2026-04-09,FNY,95.47,95.978,96.575,94.96,10038,962579.0,1.69,0.66,0.629,0.0
2026-04-09,FOA,18.15,18.85,18.87,18.13,36482,679948.0,4.01,2.06,0.38,0.43
2026-04-09,FOCT,48.97,49.22,49.32,48.957,12840,631614.0,0.74,0.46,0.223,0.0
2026-04-09,FOF,13.42,13.47,13.49,13.387,44688,600398.0,0.77,0.75,0.1,0.0
2026-04-09,FOFO,5.391,4.95,5.391,4.86,30123,153716.0,9.98,-6.95,-0.37,0.4
2026-04-09,FOLD,14.46,14.47,14.47,14.46,2735677,39576930.0,0.07,0.07,0.01,0.87
2026-04-09,FONR,18.61,18.61,18.61,18.6,6736,125318.0,0.05,-0.05,-0.01,0.11
2026-04-09,FOPC,25.55,25.525,25.55,25.52,875,22338.0,0.12,0.04,0.01,0.0
2026-04-09,FOR,25.73,26.26,26.485,25.24,120735,3163764.0,4.82,1.74,0.45,0.24
2026-04-09,FORA,2.15,2.14,2.15,2.14,31501,67514.0,0.47,0.0,0.0,0.1
2026-04-09,FORH,24.686,24.686,24.686,24.686,48,1186.0,0.0,-0.48,-0.118,0.0
2026-04-09,FORM,118.4,121.07,122.42,117.05,1507491,181954240.0,4.56,2.78,3.27,1.93
2026-04-09,FORR,5.245,5.08,5.245,5.01,78794,402386.0,4.42,-4.51,-0.24,0.41
2026-04-09,FORTY,124.45,124.45,124.45,124.45,203,25163.0,0.0,0.0,0.0,0.0
2026-04-09,FOSL,5.2,5.3,5.4,5.2,753160,4015506.0,3.85,1.92,0.1,1.29
2026-04-09,FOUR,41.75,42.23,43.07,39.905,1747165,73095287.0,7.51,0.19,0.08,2.15
2026-04-09,FOUR_A,54.34,54.05,54.65,52.46,5262,283296.0,4.07,0.48,0.26,0.05
2026-04-09,FOWF,33.77,33.73,33.87,33.73,1144,38692.0,0.41,-0.32,-0.109,0.0
2026-04-09,FOX,54.43,55.97,56.33,53.915,2422460,135017350.0,4.43,2.73,1.49,1.08
2026-04-09,FOXA,60.19,62.76,63.02,59.83,7644285,475799376.0,5.3,4.22,2.54,3.81
2026-04-09,FOXX,5.7,5.79,5.95,5.3,14105,78407.0,11.23,0.0,0.0,0.2
2026-04-09,FOXXW,0.114,0.11,0.114,0.11,13222,1460.0,3.48,-4.35,-0.005,0.0
2026-04-09,FOXY,29.193,29.108,29.29,29.07,41130,1197842.0,0.75,-0.82,-0.242,0.0
2026-04-09,FPA,46.2,46.16,46.61,46.01,5242,242808.0,1.3,-0.26,-0.12,0.0
2026-04-09,FPAG,37.86,38.19,38.25,37.71,51418,1960087.0,1.42,0.34,0.13,0.0
2026-04-09,FPAS,25.065,25.11,25.18,25.065,4670,117341.0,0.46,0.22,0.055,0.0
2026-04-09,FPE,17.94,18.04,18.05,17.94,1287359,23194420.0,0.61,0.33,0.06,0.0
2026-04-09,FPEI,19.23,19.24,19.26,19.205,195168,3754372.0,0.29,-0.21,-0.04,0.0
2026-04-09,FPF,18.04,18.12,18.19,17.84,92714,1675497.0,1.94,0.39,0.07,0.0
2026-04-09,FPFD,21.7,21.77,21.8,21.7,8389,182481.0,0.46,0.14,0.03,0.0
2026-04-09,FPH,4.94,4.95,5.1,4.94,149995,748841.0,3.2,-1.0,-0.05,0.21
2026-04-09,FPI,11.62,11.73,11.85,11.56,414952,4874056.0,2.5,0.95,0.11,0.95
2026-04-09,FPRO,23.99,23.948,24.14,23.948,2266,54485.0,0.81,0.8,0.189,0.0
2026-04-09,FPS,31.36,31.31,31.94,30.75,4126087,129099696.0,3.79,-0.16,-0.05,1.7
2026-04-09,FPWR,38.142,38.142,38.142,38.142,702,26927.0,0.0,0.51,0.192,0.0
2026-04-09,FPX,168.87,169.84,170.755,168.78,21908,3723729.0,1.17,0.41,0.7,0.0
2026-04-09,FPXE,33.29,33.215,33.29,33.215,354,11777.0,0.23,0.47,0.154,0.0
2026-04-09,FPXI,66.14,67.02,67.02,66.14,3775,251770.0,1.32,0.54,0.357,0.0
2026-04-09,FQAL,75.04,75.51,75.71,74.9,41685,3135283.0,1.08,0.39,0.29,0.0
2026-04-09,FR,60.17,60.47,60.99,59.78,537277,32530793.0,2.01,0.42,0.25,0.41
2026-04-09,FRA,11.18,11.14,11.185,11.11,94425,1052678.0,0.67,-0.09,-0.01,0.0
2026-04-09,FRAF,53.515,56.95,56.95,53.515,35567,1965021.0,6.28,4.04,2.21,0.79
2026-04-09,FRBA,16.75,17.07,17.12,16.685,62187,1059048.0,2.58,1.19,0.2,0.25
2026-04-09,FRD,18.0,18.1,18.23,17.49,40788,723281.0,4.11,0.44,0.08,0.57
2026-04-09,FRDD,21.148,21.148,21.148,21.148,123,2606.0,0.0,-0.63,-0.135,0.0
2026-04-09,FRDM,58.82,59.41,59.584,58.28,330187,19546641.0,2.19,-0.13,-0.08,0.0
2026-04-09,FRDU,26.22,27.161,27.161,26.22,202,5336.0,3.51,1.26,0.339,0.0
2026-04-09,FREL,27.86,28.16,28.39,27.86,310041,8726997.0,1.9,0.72,0.2,0.0
2026-04-09,FRGN,28.25,28.536,28.59,28.25,3558,101219.0,1.2,0.32,0.091,0.0
2026-04-09,FRGT,0.85,0.806,0.89,0.8,101647,84046.0,10.58,-5.29,-0.045,3.55
2026-04-09,FRHC,155.86,151.15,157.98,150.807,223438,34453992.0,4.56,-3.89,-6.12,0.37
2026-04-09,FRI,29.36,29.66,29.9,29.36,17123,508845.0,1.84,0.82,0.24,0.0
2026-04-09,FRIZ,25.31,25.384,25.384,25.3,727,18407.0,0.33,0.41,0.103,0.0
2026-04-09,FRME,40.67,41.47,41.7,40.585,452993,18753270.0,2.73,1.52,0.62,0.72
2026-04-09,FRMEP,26.14,26.14,26.14,26.14,18,466.0,0.0,0.0,0.0,0.0
2026-04-09,FRMI,4.69,4.82,4.84,4.47,16347144,75991020.0,7.71,0.42,0.02,2.6
2026-04-09,FRMM,2.09,2.04,2.15,2.0,565541,1165412.0,7.35,0.0,0.0,2.78
2026-04-09,FRNW,23.51,23.67,23.859,23.46,39272,930851.0,1.7,0.98,0.23,0.0
2026-04-09,FRO,36.47,34.82,36.81,34.59,3224765,114319364.0,6.14,-3.68,-1.33,1.45
2026-04-09,FROG,46.25,44.46,46.46,41.81,4495299,195414130.0,9.97,-4.71,-2.2,3.71
2026-04-09,FRPH,22.45,22.72,23.0,22.45,55705,1265150.0,2.43,0.4,0.09,0.29
2026-04-09,FRPT,64.61,66.63,67.18,63.2,1243019,82271772.0,6.12,2.46,1.6,2.53
2026-04-09,FRSH,8.03,7.94,8.05,7.77,8602619,67903973.0,3.48,-1.24,-0.1,3.53
2026-04-09,FRST,14.08,14.03,14.54,13.9,482437,6791881.0,4.56,0.0,0.0,1.95
2026-04-09,FRSX,2.26,2.29,2.32,2.17,9621,21618.0,6.67,1.78,0.04,0.4
2026-04-09,FRT,107.08,107.39,108.243,106.83,1388293,149580735.0,1.32,0.0,0.0,1.61
2026-04-09,FRTY,20.32,20.26,20.32,20.12,12346,250052.0,0.99,-0.15,-0.03,0.0
2026-04-09,FRT_C,19.2,19.09,19.25,19.03,16502,315206.0,1.15,-0.31,-0.06,0.28
2026-04-09,FRWD,24.77,25.005,25.045,24.77,6910,172767.0,1.11,0.78,0.193,0.0
2026-04-09,FSBC,39.85,40.75,41.08,39.81,101262,4119245.0,3.16,1.37,0.55,0.47
2026-04-09,FSBW,40.15,41.48,41.51,40.15,16709,686230.0,3.36,2.34,0.95,0.22
2026-04-09,FSCC,31.02,31.36,31.44,30.986,38598,1209970.0,1.46,0.58,0.18,0.0
2026-04-09,FSCO,4.91,5.05,5.07,4.89,931948,4647782.0,3.63,1.81,0.09,0.47
2026-04-09,FSCS,36.34,36.235,36.34,35.92,7610,276178.0,1.16,-0.01,-0.003,0.0
2026-04-09,FSEA,12.75,12.75,12.792,12.75,5425,69219.0,0.33,-0.55,-0.07,0.12
2026-04-09,FSEC,43.93,44.1,44.21,43.93,196085,8652017.0,0.63,-0.05,-0.02,0.0
2026-04-09,FSEP,51.57,51.836,51.9,51.55,20034,1036067.0,0.68,0.47,0.243,0.0
2026-04-09,FSGS,30.322,30.33,30.33,30.322,154,4693.0,0.03,0.05,0.015,0.0
2026-04-09,FSHP,10.95,10.95,10.95,10.95,800,8760.0,0.0,0.09,0.01,0.02
2026-04-09,FSHPR,0.11,0.11,0.11,0.11,78,10.0,0.0,0.0,0.0,0.0
2026-04-09,FSI,5.41,5.38,5.41,5.259,31723,169196.0,2.74,-2.54,-0.14,0.25
2026-04-09,FSIG,19.01,19.02,19.04,19.0,340844,6482129.0,0.21,0.0,0.0,0.0
2026-04-09,FSK,10.16,10.14,10.22,10.03,2797650,28359116.0,1.86,-0.98,-0.1,1.0
2026-04-09,FSLR,200.51,197.25,204.13,196.81,1054714,210112504.0,3.65,-1.76,-3.53,0.98
2026-04-09,FSLY,32.735,29.46,32.8,27.15,23880979,692258656.0,17.25,-10.05,-3.29,15.73
2026-04-09,FSM,10.63,10.44,10.78,10.305,5672911,59383077.0,4.5,-1.14,-0.12,1.86
2026-04-09,FSMB,20.02,20.03,20.05,20.01,186677,3737284.0,0.2,0.0,0.0,0.0
2026-04-09,FSMD,46.9,47.3,47.45,46.788,128824,6082094.0,1.41,0.62,0.29,0.0
2026-04-09,FSML,25.89,26.088,26.088,25.89,20901,544652.0,0.77,0.88,0.228,0.0
2026-04-09,FSOL,9.73,9.93,10.0,9.63,134727,1328606.0,3.77,1.12,0.11,0.0
2026-04-09,FSP,0.68,0.663,0.681,0.652,237807,158507.0,4.24,-3.07,-0.021,0.23
2026-04-09,FSS,112.45,114.75,115.06,111.675,506581,57561071.0,2.99,1.46,1.65,0.83
2026-04-09,FSSL,12.13,12.44,12.5,12.07,499640,6125104.0,3.53,2.13,0.26,0.0
2026-04-09,FSTA,52.72,53.52,53.62,52.67,227645,12151650.0,1.79,0.92,0.49,0.0
2026-04-09,FSTR,30.01,29.97,30.63,29.84,197140,5928346.0,2.63,-0.1,-0.03,1.88
2026-04-09,FSUN,36.3,37.78,37.88,36.22,303345,11371246.0,4.53,3.08,1.13,1.09
2026-04-09,FSV,143.38,145.74,146.83,143.12,103134,14992776.0,2.56,0.63,0.91,0.22
2026-04-09,FSZ,81.41,81.486,81.59,81.13,2257,183749.0,0.56,0.04,0.029,0.0
2026-04-09,FT,8.2,8.24,8.26,8.2,15813,130191.0,0.73,0.49,0.04,0.0
2026-04-09,FTA,93.3,93.823,94.07,93.3,31873,2988898.0,0.82,0.23,0.214,0.0
2026-04-09,FTAG,30.41,30.45,30.58,30.41,6767,206573.0,0.56,-0.16,-0.05,0.0
2026-04-09,FTAI,257.0,255.18,262.15,252.21,992728,254505135.0,3.83,-1.71,-4.45,0.97
2026-04-09,FTAIM,27.07,27.0,27.18,27.0,3919,106117.0,0.67,0.0,0.0,0.15
2026-04-09,FTAIN,25.242,25.24,25.26,25.24,6781,171199.0,0.08,-0.16,-0.04,0.16
2026-04-09,FTBD,49.88,49.494,49.88,49.35,1664,82527.0,1.07,-0.05,-0.024,0.0
2026-04-09,FTBI,21.42,21.357,21.43,21.34,3508,74988.0,0.42,0.28,0.06,0.0
2026-04-09,FTC,163.28,163.655,164.308,162.757,13249,2168648.0,0.95,0.46,0.749,0.0
2026-04-09,FTCA,7.32,7.335,7.35,7.32,378368,2779744.0,0.41,0.0,0.0,0.0
2026-04-09,FTCB,21.05,21.06,21.09,21.0,1197638,25209689.0,0.43,0.05,0.01,0.0
2026-04-09,FTCE,24.52,24.51,24.54,24.42,14538,356245.0,0.49,-0.28,-0.07,0.0
2026-04-09,FTCI,3.63,3.57,3.75,3.56,102055,370617.0,5.26,-1.11,-0.04,0.65
2026-04-09,FTCS,94.16,94.42,94.7,93.82,345442,32570948.0,0.93,-0.11,-0.1,0.0
2026-04-09,FTDR,56.54,57.68,58.24,56.2,674480,38838378.0,3.58,1.16,0.66,0.96
2026-04-09,FTDS,61.75,61.604,61.75,61.42,7023,433438.0,0.54,0.06,0.036,0.0
2026-04-09,FTEC,220.48,220.68,220.84,218.29,541326,118951369.0,1.16,0.12,0.26,0.0
2026-04-09,FTEK,1.271,1.3,1.32,1.251,99761,129839.0,5.35,0.78,0.01,0.32
2026-04-09,FTF,5.87,5.92,5.93,5.87,112302,663308.0,1.02,0.68,0.04,0.0
2026-04-09,FTFT,1.7,1.72,1.84,1.625,81387,143131.0,12.65,1.18,0.02,1.55
2026-04-09,FTGC,28.37,28.27,28.425,28.125,913702,25801441.0,1.06,0.28,0.08,0.0
2026-04-09,FTGS,35.38,35.37,35.43,35.06,116422,4107836.0,1.04,-0.25,-0.09,0.0
2026-04-09,FTHB,25.16,25.14,25.16,25.11,14773,371401.0,0.2,0.09,0.023,0.0
2026-04-09,FTHF,40.6,40.855,40.855,40.22,2643,107364.0,1.54,-0.62,-0.255,0.0
2026-04-09,FTHI,23.48,23.69,23.72,23.48,854110,20211126.0,1.02,0.55,0.13,0.0
2026-04-09,FTHM,0.87,0.855,0.87,0.8,96448,80978.0,7.97,-2.62,-0.023,0.29
2026-04-09,FTHY,13.55,13.53,13.58,13.42,56038,757000.0,1.19,0.45,0.06,0.0
2026-04-09,FTIF,27.495,27.495,27.495,27.495,828,22850.0,0.0,-0.34,-0.095,0.0
2026-04-09,FTK,15.73,15.2,15.89,15.19,276350,4259051.0,4.44,-3.49,-0.55,0.76
2026-04-09,FTKI,19.73,19.728,19.77,19.728,1665,32893.0,0.21,-0.31,-0.061,0.0
2026-04-09,FTLF,10.38,9.87,10.38,9.71,18946,188327.0,6.75,-0.6,-0.06,0.2
2026-04-09,FTLS,71.68,72.39,72.45,71.68,162231,11707368.0,1.07,0.99,0.71,0.0
2026-04-09,FTMA,8.98,9.035,9.035,8.98,65168,587954.0,0.61,0.17,0.015,0.0
2026-04-09,FTMH,11.67,11.67,11.69,11.654,116466,1359996.0,0.31,0.17,0.02,0.0
2026-04-09,FTMN,8.83,8.85,8.85,8.82,61761,545231.0,0.34,0.28,0.025,0.0
2026-04-09,FTMS,9.91,9.93,9.94,9.91,88920,882705.0,0.3,0.19,0.019,0.0
2026-04-09,FTMU,7.87,7.855,7.875,7.833,116101,912410.0,0.54,0.2,0.016,0.0
2026-04-09,FTNJ,8.77,8.76,8.789,8.745,47150,413220.0,0.5,0.11,0.01,0.0
2026-04-09,FTNT,83.265,80.66,83.71,79.56,6656947,536838000.0,4.97,-3.41,-2.85,0.9
2026-04-09,FTNY,7.9,7.88,7.9,7.865,42794,337327.0,0.45,0.23,0.018,0.0
2026-04-09,FTOH,8.34,8.37,8.39,8.34,70322,589068.0,0.6,0.18,0.015,0.0
2026-04-09,FTPA,8.65,8.675,8.68,8.63,55104,476886.0,0.58,0.46,0.04,0.0
2026-04-09,FTQI,20.71,20.78,20.78,20.642,400279,8290811.0,0.67,0.48,0.1,0.0
2026-04-09,FTRB,25.25,25.285,25.299,25.23,91282,2307040.0,0.27,0.14,0.035,0.0
2026-04-09,FTRE,9.46,9.38,9.585,9.09,736792,6898691.0,5.14,-2.6,-0.25,0.79
2026-04-09,FTRI,18.28,18.251,18.39,18.22,11886,217400.0,0.93,0.01,0.001,0.0
2026-04-09,FTRK,0.406,0.383,0.406,0.38,15696,6132.0,6.53,-3.77,-0.015,0.07
2026-04-09,FTS,56.8,57.4,58.09,56.8,660134,38054123.0,2.25,0.1,0.06,0.13
2026-04-09,FTSD,90.65,90.54,90.65,90.54,22457,2033887.0,0.12,0.04,0.04,0.0
2026-04-09,FTSL,45.01,45.03,45.08,44.95,252334,11354465.0,0.29,0.04,0.02,0.0
2026-04-09,FTSM,59.83,59.845,59.87,59.83,692308,41434114.0,0.07,0.01,0.005,0.0
2026-04-09,FTV,59.1,60.23,60.645,58.93,2877462,172988507.0,2.89,1.43,0.85,0.93
2026-04-09,FTW,10.35,10.15,10.64,10.15,76365,789427.0,4.76,-1.36,-0.14,0.28
2026-04-09,FTWO,47.39,46.8,47.39,46.8,6455,303247.0,1.25,-0.51,-0.24,0.0
2026-04-09,FTW_WS,0.8,0.817,0.85,0.8,179770,148387.0,6.17,0.86,0.007,0.0
2026-04-09,FTXG,22.2,22.47,22.48,22.2,13296,298251.0,1.26,1.14,0.253,0.0
2026-04-09,FTXH,34.46,34.604,34.604,34.355,1592,54875.0,0.72,-0.02,-0.008,0.0
2026-04-09,FTXL,167.14,171.01,171.09,167.14,126393,21449347.0,2.36,2.39,3.99,0.0
2026-04-09,FTXN,36.96,36.17,37.266,36.04,26278,956859.0,3.34,-1.58,-0.58,0.0
2026-04-09,FTXO,38.3,38.938,39.02,38.26,140135,5431537.0,1.98,1.57,0.603,0.0
2026-04-09,FTXR,39.51,39.746,39.91,39.26,129508,5134723.0,1.65,0.62,0.246,0.0
2026-04-09,FUBO,11.89,12.04,12.53,11.544,2795594,33882427.0,8.18,-0.08,-0.01,9.51
2026-04-09,FUFU,1.89,2.03,2.05,1.8,230465,450061.0,13.16,6.84,0.13,0.73
2026-04-09,FUFUW,0.14,0.15,0.178,0.13,46857,6982.0,38.1,19.05,0.024,0.0
2026-04-09,FUL,62.07,63.68,64.42,62.01,635073,40430357.0,3.84,1.43,0.9,1.17
2026-04-09,FULC,7.83,7.91,8.03,7.82,600696,4761023.0,2.66,0.13,0.01,0.9
2026-04-09,FULT,21.17,21.82,21.92,21.155,1673550,36356827.0,3.59,2.3,0.49,0.93
2026-04-09,FULTP,18.27,18.5,18.51,18.27,10345,190519.0,1.31,0.65,0.12,0.13
2026-04-09,FUMB,20.06,20.085,20.09,20.06,103084,2070017.0,0.15,0.02,0.005,0.0
2026-04-09,FUN,17.82,19.73,19.74,17.8,1781847,34225204.0,10.7,8.83,1.6,1.75
2026-04-09,FUNC,38.18,39.11,39.26,38.18,8954,348651.0,2.83,2.41,0.92,0.14
2026-04-09,FUND,9.72,9.83,9.86,9.7,11216,109716.0,1.65,1.51,0.146,0.0
2026-04-09,FUSB,15.52,15.65,15.65,15.52,12282,191193.0,0.84,0.97,0.15,0.22
2026-04-09,FUSE,0.892,0.85,0.939,0.85,32536,28787.0,9.78,-6.59,-0.06,0.11
2026-04-09,FUSI,50.22,50.21,50.22,50.1,4702,236079.0,0.24,0.04,0.02,0.0
2026-04-09,FUTG,11.4,11.42,11.82,11.2,61702,707687.0,5.26,-3.06,-0.36,0.0
2026-04-09,FUTU,154.4,155.27,158.0,153.38,1189676,184326641.0,2.94,-1.19,-1.87,1.24
2026-04-09,FUTY,60.19,60.76,61.42,60.19,241187,14708989.0,2.04,0.76,0.46,0.0
2026-04-09,FV,62.62,63.03,63.235,62.62,60668,3824270.0,0.98,0.15,0.092,0.0
2026-04-09,FVAL,71.7,72.146,72.29,71.565,25427,1831873.0,1.01,0.41,0.296,0.0
2026-04-09,FVAV,10.06,10.04,10.06,10.015,1980703,19868554.0,0.45,0.2,0.02,7.86
2026-04-09,FVC,36.145,36.344,36.35,35.97,3573,129378.0,1.05,0.24,0.086,0.0
2026-04-09,FVCB,15.46,15.6,15.71,15.35,202563,3152785.0,2.32,0.65,0.1,1.13
2026-04-09,FVD,47.94,48.32,48.47,47.86,701679,33887724.0,1.27,0.39,0.19,0.0
2026-04-09,FVR,16.05,16.52,16.56,15.99,78670,1289650.0,3.51,1.85,0.3,0.35
2026-04-09,FVRR,10.03,10.19,10.27,9.85,603474,6119046.0,4.15,0.59,0.06,1.68
2026-04-09,FWD,117.12,118.22,118.55,117.015,142447,16808405.0,1.31,0.54,0.63,0.0
2026-04-09,FWDI,4.41,4.58,4.66,4.35,562626,2550882.0,6.92,2.23,0.1,0.73
2026-04-09,FWONA,80.84,81.83,81.99,80.81,222107,18104640.0,1.45,0.44,0.36,0.93
2026-04-09,FWONK,87.78,88.64,88.92,86.76,2069559,183073578.0,2.45,0.54,0.48,0.92
2026-04-09,FWRD,18.35,18.87,18.98,18.115,522008,9795818.0,4.7,2.55,0.47,1.65
2026-04-09,FWRG,11.1,11.65,11.77,11.07,916216,10546777.0,6.27,4.39,0.49,1.49
2026-04-09,FXA,69.84,70.175,70.24,69.84,20206,1417389.0,0.57,0.51,0.359,0.0
2026-04-09,FXB,129.02,129.133,129.33,128.82,19257,2485460.0,0.4,0.17,0.223,0.0
2026-04-09,FXC,70.69,70.72,70.76,70.63,18901,1336531.0,0.18,0.21,0.15,0.0
2026-04-09,FXD,65.91,67.093,67.125,65.87,4114,272631.0,1.89,0.98,0.653,0.0
2026-04-09,FXE,107.84,107.96,108.15,107.75,343962,37124672.0,0.37,0.25,0.27,0.0
2026-04-09,FXED,17.25,17.45,17.5,17.25,9095,158348.0,1.43,-0.06,-0.01,0.0
2026-04-09,FXF,111.74,111.65,112.0,111.6,230417,25756502.0,0.36,0.04,0.04,0.0
2026-04-09,FXG,64.68,65.65,65.75,64.68,3848,251869.0,1.65,1.0,0.65,0.0
2026-04-09,FXH,112.0,112.796,112.99,111.61,10731,1203654.0,1.23,0.13,0.146,0.0
2026-04-09,FXI,36.05,36.29,36.32,35.86,22576156,816377328.0,1.27,-0.17,-0.06,0.0
2026-04-09,FXL,168.45,167.403,168.45,166.36,12924,2162201.0,1.24,-0.65,-1.088,0.0
2026-04-09,FXN,21.59,21.26,21.88,21.17,1513133,32416509.0,3.29,-1.44,-0.31,0.0
2026-04-09,FXNC,28.36,29.06,29.2,28.25,143550,4134016.0,3.35,2.47,0.7,1.59
2026-04-09,FXO,58.11,58.71,59.01,58.11,73609,4323434.0,1.54,0.65,0.38,0.0
2026-04-09,FXP,20.24,19.953,20.415,19.9,4336,86943.0,2.59,0.52,0.103,0.0
2026-04-09,FXR,85.12,86.07,86.49,85.04,39618,3398026.0,1.69,0.55,0.47,0.0
2026-04-09,FXU,50.72,51.33,51.62,50.72,326449,16792394.0,1.77,1.04,0.53,0.0
2026-04-09,FXY,57.76,57.7,57.88,57.65,73661,4253809.0,0.4,-0.35,-0.2,0.0
2026-04-09,FXZ,79.52,79.35,79.846,79.165,14416,1144563.0,0.86,-0.23,-0.181,0.0
2026-04-09,FYC,102.23,103.6,103.79,101.95,62061,6402872.0,1.8,1.13,1.157,0.0
2026-04-09,FYEE,28.09,28.07,28.09,27.91,26975,756281.0,0.64,0.57,0.16,0.0
2026-04-09,FYLD,38.07,38.25,38.36,37.925,53206,2034262.0,1.14,0.45,0.17,0.0
2026-04-09,FYT,63.65,64.441,64.61,63.64,11795,757779.0,1.52,1.06,0.675,0.0
2026-04-09,FYX,124.06,126.111,126.49,124.05,75489,9475874.0,1.95,1.04,1.301,0.0
2026-04-09,F_B,20.27,20.52,20.54,20.27,40260,824068.0,1.33,0.74,0.15,0.0
2026-04-09,F_C,19.98,20.03,20.16,19.86,49918,999629.0,1.5,0.4,0.08,0.0
2026-04-09,F_D,21.36,21.54,21.58,21.31,50536,1085920.0,1.26,0.75,0.16,0.0
2026-04-09,G,36.62,35.54,36.77,35.0,2715831,96586157.0,4.79,-3.76,-1.39,1.6
2026-04-09,GAA,34.24,34.314,34.325,34.24,1170,40125.0,0.25,0.18,0.061,0.0
2026-04-09,GAB,5.57,5.58,5.59,5.54,1316927,7334752.0,0.89,-0.18,-0.01,0.0
2026-04-09,GABC,43.57,44.43,44.53,43.57,184811,8190992.0,2.19,1.21,0.53,0.49
2026-04-09,GABF,42.99,43.475,43.5,42.99,5367,232384.0,1.18,0.71,0.305,0.0
2026-04-09,GAB_G,20.53,20.44,20.53,20.37,3505,71557.0,0.78,-0.15,-0.03,0.15
2026-04-09,GAB_H,20.36,20.607,20.65,20.36,2353,48409.0,1.41,0.52,0.107,0.06
2026-04-09,GAB_K,20.55,20.687,20.77,20.55,1275,26383.0,1.06,0.01,0.002,0.04
2026-04-09,GABr,0.049,0.053,0.06,0.048,4749440,244365.0,24.49,8.16,0.004,0.0
2026-04-09,GAEM,26.48,26.575,26.6,26.46,8461,224682.0,0.53,1.1,0.29,0.0
2026-04-09,GAIA,2.74,2.76,2.81,2.685,42259,115586.0,4.48,-1.08,-0.03,0.22
2026-04-09,GAIN,14.75,14.53,14.81,14.53,185905,2721798.0,1.9,-1.36,-0.2,0.47
2026-04-09,GAING,25.37,25.35,25.4,25.35,8271,209980.0,0.2,-0.2,-0.05,0.0
2026-04-09,GAINI,25.52,25.46,25.531,25.46,24272,618551.0,0.28,0.0,0.0,0.0
2026-04-09,GAINN,25.21,25.21,25.21,25.21,664,16740.0,0.0,0.12,0.03,0.04
2026-04-09,GAINZ,24.03,24.0,24.05,24.0,3312,79551.0,0.21,-0.09,-0.021,0.0
2026-04-09,GAL,50.76,51.04,51.06,50.7,9959,506849.0,0.71,0.26,0.131,0.0
2026-04-09,GALT,2.21,2.43,2.45,2.21,402829,948800.0,10.81,9.46,0.21,0.61
2026-04-09,GAM,60.72,61.37,61.565,60.718,23200,1419233.0,1.39,0.69,0.42,0.0
2026-04-09,GAMB,3.67,3.67,3.705,3.575,569451,2073917.0,3.51,-0.81,-0.03,1.62
2026-04-09,GAME,0.41,0.323,0.455,0.32,276765664,113781041.0,53.57,28.17,0.071,289.02
2026-04-09,GAMR,76.46,77.405,77.405,76.46,618,47486.0,1.23,0.44,0.336,0.0
2026-04-09,GAM_B,24.94,24.78,24.94,24.72,5916,146591.0,0.89,0.28,0.07,0.08
2026-04-09,GANX,1.8,1.84,1.88,1.78,342386,626705.0,5.56,2.22,0.04,0.81
2026-04-09,GAP,25.43,26.36,26.67,25.421,6125693,161048626.0,4.91,3.66,0.93,1.68
2026-04-09,GAPR,40.58,40.605,40.64,40.56,13796,560012.0,0.2,-0.04,-0.015,0.0
2026-04-09,GARA,28.03,28.03,28.03,28.03,62,1722.0,0.0,1.01,0.281,0.0
2026-04-09,GARP,67.65,67.95,68.0,67.15,469752,31837279.0,1.26,0.43,0.29,0.0
2026-04-09,GARY,22.125,22.246,22.26,22.08,4762,105692.0,0.81,0.24,0.054,0.0
2026-04-09,GASS,9.58,9.48,9.84,9.44,170880,1642230.0,4.16,-1.35,-0.13,0.46
2026-04-09,GATX,185.56,192.51,192.64,184.685,236134,45119573.0,4.3,3.95,7.31,0.66
2026-04-09,GAU,2.62,2.65,2.69,2.595,2569491,6832742.0,3.67,2.32,0.06,0.98
2026-04-09,GAUD,23.869,23.869,23.869,23.869,85,2030.0,0.0,1.14,0.269,0.0
2026-04-09,GAUG,39.49,39.68,39.68,39.49,5796,229301.0,0.48,0.51,0.2,0.0
2026-04-09,GAUZ,0.7,0.72,0.75,0.7,16370,11976.0,6.93,-0.14,-0.001,0.09
2026-04-09,GAVA,22.404,22.404,22.404,22.404,106,2320.0,0.0,1.34,0.296,0.0
2026-04-09,GBAB,14.5,14.56,14.665,14.5,56339,821565.0,1.13,-0.27,-0.04,0.0
2026-04-09,GBCI,47.06,48.21,48.34,46.96,1009550,48428299.0,2.91,1.79,0.85,0.78
2026-04-09,GBDC,12.6,12.58,12.65,12.47,1829456,23016304.0,1.42,-0.47,-0.06,0.7
2026-04-09,GBF,103.56,104.21,104.383,103.56,8747,911856.0,0.79,-0.04,-0.039,0.0
2026-04-09,GBHI,25.31,25.325,25.325,25.31,265,6707.0,0.06,0.24,0.06,0.0
2026-04-09,GBIL,99.98,99.99,99.99,99.97,1175697,117542384.0,0.02,0.01,0.01,0.0
2026-04-09,GBLI,28.0,28.0,28.0,28.0,226,6290.0,0.0,0.0,0.0,0.0
2026-04-09,GBND,50.72,50.7,50.72,50.7,682,34578.0,0.04,0.01,0.007,0.0
2026-04-09,GBR,0.78,0.788,0.816,0.75,95778,74644.0,8.46,1.03,0.008,1.87
2026-04-09,GBTC,55.34,56.11,56.48,54.87,1649119,92180596.0,2.9,1.06,0.59,0.0
2026-04-09,GBTG,5.41,5.61,5.62,5.27,1487884,8179154.0,6.34,1.63,0.09,0.28
2026-04-09,GBUG,49.11,48.77,49.41,48.02,48241,2348648.0,2.87,0.57,0.275,0.0
2026-04-09,GBX,49.32,53.64,53.955,49.32,1341611,70919767.0,9.45,9.4,4.61,4.34
2026-04-09,GCAD,53.51,53.343,53.56,53.343,5774,308738.0,0.41,0.5,0.265,0.0
2026-04-09,GCAL,50.865,50.852,50.89,50.83,22315,1134603.0,0.12,-0.07,-0.038,0.0
2026-04-09,GCBC,23.85,23.3,24.0,23.17,21152,498386.0,3.48,-2.31,-0.55,0.12
2026-04-09,GCC,24.12,24.2,24.24,24.1,33743,815875.0,0.58,0.83,0.2,0.0
2026-04-09,GCDT,1.12,1.07,1.24,1.05,59910,69145.0,17.27,-2.73,-0.03,0.47
2026-04-09,GCL,0.58,0.586,0.605,0.57,26897,15846.0,6.03,1.03,0.006,0.02
2026-04-09,GCLWW,0.027,0.025,0.027,0.025,355,9.0,7.41,-7.41,-0.002,0.0
2026-04-09,GCMG,9.93,9.79,9.94,9.69,721861,7080055.0,2.51,-1.81,-0.18,1.19
2026-04-09,GCO,30.65,31.57,32.0,30.53,434762,13691363.0,4.75,1.94,0.6,4.0
2026-04-09,GCOR,41.304,41.38,41.44,41.26,48556,2008244.0,0.44,0.07,0.027,0.0
2026-04-09,GCOW,46.44,46.41,46.62,46.35,566169,26305754.0,0.58,-0.43,-0.2,0.0
2026-04-09,GCT,45.41,46.5,47.08,44.28,660826,30552600.0,6.15,2.09,0.95,2.25
2026-04-09,GCTK,0.693,0.65,0.693,0.645,149102,99404.0,7.03,-4.83,-0.033,7.67
2026-04-09,GCTS,1.3,1.29,1.34,1.29,748896,983503.0,3.88,0.0,0.0,1.03
2026-04-09,GCTS_WS,0.22,0.202,0.22,0.19,18595,3952.0,14.29,-3.81,-0.008,0.0
2026-04-09,GCV,4.4,4.41,4.44,4.35,47508,209878.0,2.04,0.0,0.0,0.0
2026-04-09,GD,348.17,343.9,350.43,343.52,1400295,483297120.0,1.97,-1.75,-6.12,0.52
2026-04-09,GDC,3.05,3.01,3.13,3.0,6909,21145.0,4.25,-1.63,-0.05,0.01
2026-04-09,GDDY,81.16,80.94,81.58,78.22,1854288,148528708.0,4.16,0.15,0.12,1.39
2026-04-09,GDE,65.41,66.19,66.75,65.34,116415,7714576.0,2.14,0.64,0.42,0.0
2026-04-09,GDEC,37.81,38.0,38.06,37.81,26322,998881.0,0.66,0.35,0.131,0.0
2026-04-09,GDEN,27.46,27.91,28.15,27.46,256773,7176053.0,2.5,1.01,0.28,0.97
2026-04-09,GDEV,14.24,13.99,14.3,13.99,2233,31476.0,2.18,-1.82,-0.26,0.01
2026-04-09,GDHG,1.89,1.92,1.964,1.89,7288,13890.0,3.92,1.59,0.03,0.04
2026-04-09,GDIV,17.475,17.608,17.65,17.46,9524,167310.0,1.09,0.82,0.144,0.0
2026-04-09,GDL,8.42,8.37,8.44,8.37,9193,77114.0,0.83,-0.36,-0.03,0.0
2026-04-09,GDLC,32.45,32.9,33.05,32.175,105749,3464248.0,2.68,0.95,0.31,0.0
2026-04-09,GDMA,40.77,40.81,40.81,40.77,9134,372651.0,0.1,0.12,0.05,0.0
2026-04-09,GDMN,109.19,108.99,110.0,107.5,40294,4399259.0,2.32,1.09,1.18,0.0
2026-04-09,GDO,11.06,11.09,11.09,11.015,7075,78110.0,0.68,0.22,0.024,0.0
2026-04-09,GDOC,33.231,33.231,33.231,33.231,22,735.0,0.0,-0.27,-0.091,0.0
2026-04-09,GDOG,10.76,11.03,11.03,10.71,14848,161138.0,2.92,0.64,0.07,0.0
2026-04-09,GDOT,11.37,11.62,11.64,11.29,482620,5573072.0,3.05,1.31,0.15,0.87
2026-04-09,GDRX,2.16,2.16,2.18,2.1,871704,1884924.0,3.74,0.93,0.02,0.8
2026-04-09,GDS,41.38,41.19,41.93,40.325,884540,36400202.0,3.94,1.05,0.43,0.45
2026-04-09,GDT,40.55,40.361,40.55,40.354,3552,143690.0,0.49,0.8,0.322,0.0
2026-04-09,GDTC,0.902,1.0,1.0,0.902,7908,7668.0,9.8,0.0,0.0,0.07
2026-04-09,GDV,28.15,28.52,28.68,28.15,81787,2328288.0,1.88,1.17,0.33,0.0
2026-04-09,GDV_H,22.63,22.387,22.7,22.38,3625,81651.0,1.43,-0.1,-0.023,0.19
2026-04-09,GDV_K,17.96,17.99,18.04,17.9,4750,85285.0,0.78,-0.39,-0.07,0.09
2026-04-09,GDX,98.35,98.35,99.93,97.0,14310500,1408209296.0,2.98,0.17,0.17,0.0
2026-04-09,GDXD,32.88,32.88,34.38,31.29,1277806,42152742.0,9.32,-0.87,-0.29,0.0
2026-04-09,GDXU,245.55,243.52,256.0,233.0,1020014,248665875.0,9.48,0.38,0.91,0.0
2026-04-09,GDXW,58.03,57.76,58.83,56.72,27813,1607787.0,3.66,0.21,0.12,0.0
2026-04-09,GDXY,14.58,14.53,14.658,14.4,1011063,14680974.0,1.75,-1.29,-0.19,0.0
2026-04-09,GDYN,5.53,5.35,5.55,5.3,1666062,8940338.0,4.48,-4.12,-0.23,1.95
2026-04-09,GE,306.0,313.02,315.05,304.15,5470846,1703235952.0,3.54,1.61,4.96,0.52
2026-04-09,GECC,5.12,5.13,5.185,5.02,41310,211477.0,3.19,-0.97,-0.05,0.3
2026-04-09,GECCG,24.49,24.49,24.5,24.49,2282,55821.0,0.04,0.57,0.14,0.0
2026-04-09,GECCH,25.06,25.06,25.235,25.06,1165,29285.0,0.7,-0.04,-0.01,0.0
2026-04-09,GECCI,25.21,25.21,25.21,25.21,4,101.0,0.0,0.0,0.0,0.0
2026-04-09,GECCO,25.06,25.06,25.06,25.028,444,11120.0,0.13,0.0,0.0,0.0
2026-04-09,GEF,69.19,70.2,70.26,68.801,201184,14077102.0,2.09,0.57,0.4,0.81
2026-04-09,GEF_B,92.0,92.35,93.05,90.44,21152,1948449.0,2.82,-0.24,-0.22,0.1
2026-04-09,GEG,2.04,2.0,2.04,2.0,5075,10173.0,2.0,0.0,0.0,0.02
2026-04-09,GEGGL,24.2,24.17,24.285,23.8,3090,74729.0,2.0,-0.25,-0.06,0.0
2026-04-09,GEHC,72.735,72.91,73.21,71.275,3580445,259951385.0,2.62,-1.14,-0.84,0.78
2026-04-09,GEL,17.74,17.95,17.99,17.53,188760,3375366.0,2.59,0.9,0.16,0.15
2026-04-09,GELS,0.7,0.768,0.77,0.687,52316,37496.0,12.52,15.84,0.105,0.49
2026-04-09,GEM,45.57,45.92,46.1,45.34,119834,5496460.0,1.65,-0.26,-0.12,0.0
2026-04-09,GEMD,41.845,42.0,42.07,41.79,3247,136006.0,0.67,0.41,0.17,0.0
2026-04-09,GEME,36.63,36.495,36.73,35.93,93700,3416261.0,2.18,-0.59,-0.218,0.0
2026-04-09,GEMG,0.621,0.702,0.768,0.53,237240,155908.0,40.34,18.98,0.112,0.0
2026-04-09,GEMI,4.48,4.87,5.18,4.21,5466397,26510439.0,21.65,8.71,0.39,12.19
2026-04-09,GEN,18.85,18.37,18.86,18.13,8671699,158784554.0,3.86,-2.75,-0.52,1.43
2026-04-09,GENB,12.0,11.53,12.135,11.43,205381,2401081.0,5.9,-3.43,-0.41,0.16
2026-04-09,GENC,15.23,15.76,15.79,15.02,31545,491349.0,5.05,3.28,0.5,0.26
2026-04-09,GEND,12.6,12.618,12.62,12.6,1484,18727.0,0.16,0.32,0.04,0.0
2026-04-09,GENI,4.3,4.07,4.31,4.03,4693769,19303205.0,6.39,-7.08,-0.31,1.82
2026-04-09,GENK,1.525,1.57,1.59,1.5,14113,21826.0,5.84,1.95,0.03,0.26
2026-04-09,GENM,10.31,10.325,10.34,10.31,7328,75616.0,0.29,0.19,0.02,0.0
2026-04-09,GENT,10.32,10.33,10.33,10.31,18555,191578.0,0.19,0.19,0.02,0.0
2026-04-09,GENVR,0.46,0.407,0.47,0.395,44732,18647.0,15.96,-13.4,-0.063,0.0
2026-04-09,GENW,14.54,14.666,14.666,14.54,10781,157597.0,0.86,-0.21,-0.031,0.0
2026-04-09,GEO,17.71,17.88,18.08,17.61,958810,17129404.0,2.64,0.51,0.09,0.72
2026-04-09,GEOA,35.245,35.245,35.245,35.245,5,199.0,0.0,0.77,0.268,0.0
2026-04-09,GEOS,9.48,8.89,9.5,8.79,260926,2361017.0,7.54,-5.63,-0.53,2.02
2026-04-09,GERN,1.71,1.76,1.77,1.68,17943764,30934465.0,5.26,2.92,0.05,2.8
2026-04-09,GETY,0.838,0.838,0.838,0.81,693211,574422.0,3.31,-0.83,-0.007,0.17
2026-04-09,GEV,943.56,968.02,979.43,940.76,2061251,1992676896.0,4.13,3.41,31.95,0.77
2026-04-09,GEVG,25.97,27.36,27.94,25.97,70643,1941882.0,7.72,7.25,1.85,0.0
2026-04-09,GEVO,1.95,1.91,1.98,1.89,3452139,6689988.0,4.62,-2.05,-0.04,1.42
2026-04-09,GEVX,60.14,63.66,64.729,60.14,46527,2949260.0,7.75,7.55,4.47,0.0
2026-04-09,GEW,52.456,52.456,52.456,52.456,34,1800.0,0.0,-0.99,-0.524,0.0
2026-04-09,GF,11.16,11.16,11.37,11.056,202268,2264526.0,2.83,0.54,0.06,0.0
2026-04-09,GFAI,0.442,0.45,0.465,0.442,139372,63091.0,5.0,-2.17,-0.01,0.64
2026-04-09,GFAIW,0.035,0.031,0.035,0.031,2814,91.0,11.11,-13.89,-0.005,0.0
2026-04-09,GFEB,41.93,42.21,42.23,41.93,217158,9159918.0,0.71,0.48,0.2,0.0
2026-04-09,GFF,75.05,78.17,78.69,75.05,914238,71021390.0,4.8,3.13,2.37,1.96
2026-04-09,GFGF,32.6,32.849,32.849,32.6,4105,134222.0,0.76,0.09,0.029,0.0
2026-04-09,GFI,48.55,48.83,49.335,48.03,2277865,110954437.0,2.68,0.33,0.16,0.25
2026-04-09,GFL,44.1,44.51,44.55,43.98,1830303,81194019.0,1.29,0.45,0.2,0.53
2026-04-09,GFLW,27.65,27.809,27.835,27.53,28134,780747.0,1.1,0.24,0.067,0.0
2026-04-09,GFR,6.03,5.91,6.115,5.88,103768,618205.0,3.93,-1.17,-0.07,0.08
2026-04-09,GFS,47.6,48.7,49.25,47.12,2928006,142647834.0,4.46,1.88,0.9,0.53
2026-04-09,GGAL,47.57,47.93,49.07,46.61,1116942,53748203.0,5.17,0.76,0.36,0.84
2026-04-09,GGB,4.0,4.18,4.19,4.0,28002756,115250238.0,4.79,5.29,0.21,0.0
2026-04-09,GGG,87.57,88.61,89.17,87.485,1014842,89919581.0,1.92,0.81,0.71,0.61
2026-04-09,GGLL,93.7,95.24,95.95,90.88,760571,71160584.0,5.36,0.75,0.71,0.0
2026-04-09,GGLS,6.63,6.57,6.73,6.55,12683747,84161371.0,2.73,-0.3,-0.02,0.0
2026-04-09,GGM,28.662,28.662,28.662,28.662,2,57.0,0.0,0.02,0.005,0.0
2026-04-09,GGME,52.145,52.22,52.22,51.94,1094,56956.0,0.53,-0.55,-0.287,0.0
2026-04-09,GGN,5.5,5.51,5.53,5.475,280789,1547216.0,1.01,0.73,0.04,0.0
2026-04-09,GGN_B,20.14,20.13,20.176,20.086,9032,181882.0,0.45,0.05,0.01,0.29
2026-04-09,GGOV,49.665,49.665,49.665,49.665,6,300.0,0.0,-0.32,-0.16,0.0
2026-04-09,GGR,4.15,4.24,4.314,4.15,8014,33869.0,4.04,4.43,0.18,0.04
2026-04-09,GGROW,0.005,0.007,0.007,0.005,2400,13.0,33.33,16.67,0.001,0.0
2026-04-09,GGRP,0.54,0.53,0.55,0.521,56663,30621.0,5.47,0.0,0.0,0.27
2026-04-09,GGRW,33.985,34.36,34.39,33.985,1330,45631.0,1.19,0.91,0.311,0.0
2026-04-09,GGT,4.05,4.05,4.05,4.0,216653,874045.0,1.25,1.0,0.04,0.0
2026-04-09,GGTL,32.31,32.443,32.443,32.31,104,3362.0,0.41,-0.24,-0.079,0.0
2026-04-09,GGT_E,20.63,20.63,20.63,20.63,56,1166.0,0.0,0.0,0.0,0.0
2026-04-09,GGT_G,20.6,20.61,20.65,20.59,2321,47849.0,0.29,-0.39,-0.08,0.19
2026-04-09,GGUS,59.815,60.376,60.47,59.76,9178,552560.0,1.18,0.39,0.236,0.0
2026-04-09,GGZ,15.63,15.87,15.91,15.63,14777,233560.0,1.8,1.93,0.3,0.0
2026-04-09,GH,91.83,87.17,92.4,87.12,1815434,160437970.0,5.69,-6.11,-5.67,1.38
2026-04-09,GHC,1076.93,1100.01,1102.735,1076.93,19216,21032123.0,2.39,1.89,20.45,0.57
2026-04-09,GHG,1.2,1.24,1.26,1.2,30324,37590.0,4.92,1.64,0.02,0.05
2026-04-09,GHI,4.91,5.03,5.083,4.84,129105,638533.0,4.95,2.44,0.12,0.55
2026-04-09,GHM,89.5,91.78,94.92,88.225,145949,13521919.0,7.47,2.46,2.2,1.32
2026-04-09,GHRS,14.95,15.27,15.4,14.855,51322,780674.0,3.64,1.87,0.28,0.08
2026-04-09,GHTA,29.996,29.996,29.996,29.996,103,3097.0,0.0,0.14,0.042,0.0
2026-04-09,GHY,11.73,11.8,11.81,11.64,234501,2755861.0,1.44,0.0,0.0,0.0
2026-04-09,GHYG,45.55,45.62,45.68,45.53,6100,278120.0,0.33,0.13,0.06,0.0
2026-04-09,GIAX,14.84,14.97,15.12,14.76,41221,618795.0,2.42,0.67,0.1,0.0
2026-04-09,GIB,71.45,70.3,71.81,69.65,454983,31919333.0,3.0,-2.33,-1.68,0.24
2026-04-09,GIBO,1.32,1.323,1.36,1.3,5398,7148.0,4.51,-0.53,-0.007,0.02
2026-04-09,GIBOW,0.023,0.023,0.023,0.023,4,0.0,0.0,0.0,0.0,0.0
2026-04-09,GIC,32.98,33.79,33.79,32.82,53968,1814838.0,2.93,1.99,0.66,0.14
2026-04-09,GIF,23.44,23.165,23.44,22.88,5751,133276.0,2.41,-0.46,-0.106,0.0
2026-04-09,GIFT,1.075,1.04,1.12,1.01,377858,403868.0,10.38,-1.89,-0.02,1.12
2026-04-09,GIG,10.65,10.66,10.66,10.65,1099,11709.0,0.09,0.05,0.005,0.01
2026-04-09,GIGB,45.93,46.01,46.1,45.88,25572,1176150.0,0.48,0.07,0.03,0.0
2026-04-09,GIGGU,11.0,11.0,11.0,11.0,25,280.0,0.0,0.0,0.0,0.0
2026-04-09,GIGGW,0.32,0.32,0.32,0.32,50,17.0,0.0,0.0,0.0,0.0
2026-04-09,GIGL,50.59,50.575,50.61,50.575,1322,66925.0,0.07,0.06,0.029,0.0
2026-04-09,GIGM,1.33,1.33,1.4,1.33,1623,2215.0,5.0,-5.0,-0.07,0.01
2026-04-09,GII,77.92,78.46,78.95,77.92,35691,2803933.0,1.32,0.55,0.43,0.0
2026-04-09,GIII,28.93,29.81,29.94,28.93,371046,11016937.0,3.47,2.48,0.72,0.88
2026-04-09,GIL,57.05,57.39,57.775,56.71,1106265,63402130.0,1.85,-0.31,-0.18,0.6
2026-04-09,GILD,140.12,142.09,142.97,139.96,4167442,591572128.0,2.13,0.39,0.55,0.34
2026-04-09,GILT,18.51,17.76,18.55,17.52,621476,11094016.0,5.5,-5.13,-0.96,0.82
2026-04-09,GIND,23.44,23.431,23.62,23.39,2049,48249.0,0.98,-0.36,-0.084,0.0
2026-04-09,GINN,70.305,70.847,70.865,70.25,5882,415279.0,0.87,-0.16,-0.114,0.0
2026-04-09,GINX,33.68,33.902,34.01,33.68,14285,483914.0,0.98,0.32,0.107,0.0
2026-04-09,GIPR,0.317,0.257,0.42,0.25,43658457,15523760.0,64.39,-2.65,-0.007,801.34
2026-04-09,GIPRW,0.04,0.045,0.05,0.04,3387,142.0,41.67,87.5,0.021,0.0
2026-04-09,GIS,36.25,36.75,36.842,36.05,8648695,316731200.0,2.16,0.41,0.15,1.62
2026-04-09,GITS,2.43,2.41,2.48,2.34,16938,40574.0,5.83,0.42,0.01,0.46
2026-04-09,GIW,9.97,9.97,9.97,9.97,19368,193099.0,0.0,-0.2,-0.02,0.08
2026-04-09,GIX,9.84,9.83,9.84,9.83,91105,895565.0,0.1,0.0,0.0,0.35
2026-04-09,GIXXR,0.267,0.267,0.267,0.267,1000,267.0,0.0,-1.11,-0.003,0.0
2026-04-09,GIXXU,10.07,10.07,10.07,10.06,10242,103082.0,0.1,0.2,0.02,0.0
2026-04-09,GJAN,42.74,42.98,43.0,42.74,51960,2226382.0,0.61,0.44,0.19,0.0
2026-04-09,GJH,9.61,9.61,9.61,9.61,14,135.0,0.0,0.0,0.0,0.0
2026-04-09,GJO,24.86,24.86,24.86,24.86,4,98.0,0.0,0.0,0.0,0.0
2026-04-09,GJR,24.57,24.72,24.72,24.53,852,20968.0,0.77,0.69,0.17,0.0
2026-04-09,GJT,22.97,22.97,22.97,22.97,215,4923.0,0.0,-0.16,-0.037,0.0
2026-04-09,GJUL,41.68,41.81,41.82,41.64,180781,7554541.0,0.43,0.39,0.162,0.0
2026-04-09,GJUN,40.089,40.192,40.192,40.06,5800,232783.0,0.33,0.33,0.131,0.0
2026-04-09,GK,25.16,25.084,25.16,25.084,1481,37246.0,0.31,0.8,0.198,0.0
2026-04-09,GKAT,41.98,42.155,42.155,41.98,261,10968.0,0.42,0.14,0.058,0.0
2026-04-09,GKOS,118.28,119.45,120.67,115.28,536001,63926978.0,4.54,0.7,0.83,0.92
2026-04-09,GL,147.0,147.39,149.15,146.79,440867,65112014.0,1.6,-0.31,-0.46,0.56
2026-04-09,GLAD,18.34,17.44,18.42,17.31,547389,9645468.0,6.02,-5.42,-1.0,2.42
2026-04-09,GLBE,30.76,30.44,31.445,29.71,686527,20813436.0,5.64,-1.01,-0.31,0.41
2026-04-09,GLBS,2.14,2.06,2.23,2.03,66976,142990.0,9.13,-5.94,-0.13,0.31
2026-04-09,GLCR,26.083,26.083,26.083,26.083,59,1543.0,0.0,0.19,0.049,0.0
2026-04-09,GLD,436.47,437.91,440.905,435.87,6748462,2959115008.0,1.16,0.78,3.38,0.0
2026-04-09,GLDB,24.205,24.215,24.215,24.205,1126,27223.0,0.04,1.02,0.245,0.0
2026-04-09,GLDG,1.26,1.26,1.3,1.23,1636621,2076003.0,5.65,1.61,0.02,0.76
2026-04-09,GLDI,170.23,169.95,171.33,169.35,11848,2017922.0,1.18,0.9,1.52,0.0
2026-04-09,GLDM,94.03,94.38,94.99,93.94,3582191,338350224.0,1.12,0.8,0.75,0.0
2026-04-09,GLDN,19.31,19.129,19.31,19.129,4687,90038.0,0.95,0.01,0.001,0.0
2026-04-09,GLDW,53.86,54.1,54.565,53.86,10077,546363.0,1.32,0.91,0.49,0.0
2026-04-09,GLDY,15.36,15.585,15.78,15.306,154711,2383916.0,3.05,0.35,0.055,0.0
2026-04-09,GLE,0.363,0.363,0.399,0.355,102871,38414.0,11.92,-1.63,-0.006,0.75
2026-04-09,GLED_U,10.02,10.02,10.02,10.02,8452,84689.0,0.0,0.0,0.0,0.0
2026-04-09,GLGG,4.63,5.604,5.73,4.51,96310,514846.0,26.52,21.83,1.004,0.0
2026-04-09,GLIBA,36.0,36.2,36.505,35.8,46652,1689196.0,1.95,0.08,0.03,1.28
2026-04-09,GLIBK,36.09,36.3,37.18,35.89,273803,9940885.0,3.56,0.28,0.1,0.77
2026-04-09,GLIN,44.08,43.88,44.385,43.87,38242,1687605.0,1.18,0.41,0.18,0.0
2026-04-09,GLIX,27.88,27.856,27.91,27.85,9029,251816.0,0.22,1.35,0.371,0.0
2026-04-09,GLL,19.55,19.41,19.585,19.15,3416160,66103472.0,2.2,-1.62,-0.32,0.0
2026-04-09,GLMD,1.16,0.785,1.26,0.758,177865950,182822149.0,80.58,26.0,0.162,2695.08
2026-04-09,GLND,8.3,7.86,8.95,7.69,661200,5306578.0,14.58,-9.03,-0.78,2.53
2026-04-09,GLNK,7.76,8.0,8.029,7.7,187827,1471382.0,4.12,0.25,0.02,0.0
2026-04-09,GLO,5.77,5.83,5.83,5.74,99944,579074.0,1.56,1.04,0.06,0.0
2026-04-09,GLOF,54.33,54.639,54.75,54.29,7042,383186.0,0.84,0.33,0.179,0.0
2026-04-09,GLOO,5.62,5.89,5.9,5.468,27301,156486.0,7.45,1.55,0.09,0.24
2026-04-09,GLOP_A,25.62,25.7,25.77,25.56,12710,326456.0,0.82,0.08,0.02,0.25
2026-04-09,GLOP_B,26.0,25.87,26.0,25.84,11573,300177.0,0.62,-0.5,-0.13,0.33
2026-04-09,GLOP_C,25.52,25.2,25.59,25.2,2949,74770.0,1.53,-1.18,-0.3,0.1
2026-04-09,GLOW,31.34,31.506,31.58,31.26,1146,35940.0,1.02,0.11,0.034,0.0
2026-04-09,GLP,47.02,46.08,47.98,45.45,33976,1573119.0,5.33,-2.87,-1.36,0.1
2026-04-09,GLPG,28.5,28.56,28.645,28.25,112185,3190388.0,1.37,-1.14,-0.33,0.17
2026-04-09,GLPI,46.15,46.54,46.82,45.97,1975307,91918491.0,1.84,0.85,0.39,0.7
2026-04-09,GLP_B,25.5,25.57,25.57,25.5,11884,303630.0,0.27,0.12,0.03,0.4
2026-04-09,GLQ,7.93,8.05,8.06,7.928,123099,987751.0,1.66,1.13,0.09,0.0
2026-04-09,GLRE,18.4,18.78,18.99,18.4,257251,4820528.0,3.21,2.18,0.4,0.76
2026-04-09,GLRY,39.49,39.67,39.905,39.46,17928,711412.0,1.12,0.25,0.1,0.0
2026-04-09,GLSI,24.2,25.82,26.61,24.013,180990,4656535.0,10.73,6.69,1.62,1.31
2026-04-09,GLTR,220.61,222.34,224.0,220.0,50746,11294399.0,1.82,1.06,2.34,0.0
2026-04-09,GLU,19.34,19.51,19.65,19.276,6050,118017.0,1.94,1.21,0.233,0.0
2026-04-09,GLUE,17.185,18.05,18.15,16.89,870686,15510497.0,7.36,5.43,0.93,1.09
2026-04-09,GLU_B,50.22,50.22,50.22,50.22,60,3018.0,0.0,0.0,0.0,0.01
2026-04-09,GLV,6.1,6.16,6.16,6.04,19074,116513.0,1.97,1.32,0.08,0.0
2026-04-09,GLW,167.88,169.8,172.22,166.6,11961289,2031786784.0,3.4,2.85,4.7,1.39
2026-04-09,GLWG,23.85,24.48,25.07,23.56,508359,12426748.0,6.53,5.93,1.37,0.0
2026-04-09,GLXG,2.12,1.99,2.14,1.99,5058,10399.0,7.43,-1.49,-0.03,0.09
2026-04-09,GLXU,5.35,6.54,6.71,5.25,379567,2312177.0,27.29,22.24,1.19,0.0
2026-04-09,GLXY,18.71,21.15,21.49,18.71,7710830,159563777.0,14.63,11.32,2.15,4.02
2026-04-09,GL_D,16.15,16.29,16.3,16.06,19359,313005.0,1.49,0.87,0.14,0.0
2026-04-09,GM,75.59,76.73,77.31,75.38,6674994,511774448.0,2.51,-0.01,-0.01,0.74
2026-04-09,GMAB,27.86,28.28,28.56,27.85,2026563,57174422.0,2.5,-0.42,-0.12,0.32
2026-04-09,GMAR,42.47,42.675,42.72,42.47,25007,1066444.0,0.59,0.25,0.105,0.0
2026-04-09,GMAY,41.83,42.0,42.03,41.83,3869,162300.0,0.48,0.32,0.134,0.0
2026-04-09,GME,22.9,22.87,23.35,22.83,3163769,72830422.0,2.27,-0.17,-0.04,0.71
2026-04-09,GMED,91.31,91.4,92.425,90.12,809740,74233418.0,2.51,-0.61,-0.56,0.72
2026-04-09,GMEU,10.0,9.97,10.41,9.97,102170,1037749.0,4.39,-0.6,-0.06,0.0
2026-04-09,GMEX,0.492,0.49,0.512,0.47,229659,112306.0,8.45,-1.41,-0.007,12.59
2026-04-09,GMEY,32.4,32.111,32.4,32.111,613,19844.0,0.89,-0.93,-0.303,0.0
2026-04-09,GME_WS,3.42,3.33,3.58,3.33,648015,2240630.0,7.18,-4.31,-0.15,0.0
2026-04-09,GMF,141.48,142.296,142.335,141.48,2377,337903.0,0.6,-0.07,-0.102,0.0
2026-04-09,GMHS,1.0,0.951,1.01,0.951,1807,1755.0,6.18,-0.42,-0.004,0.0
2026-04-09,GMM,1.41,1.44,1.46,1.41,4357,6210.0,3.5,0.7,0.01,0.01
2026-04-09,GMMA,20.589,20.555,20.589,20.555,309,6362.0,0.17,0.02,0.005,0.0
2026-04-09,GMMF,100.245,100.245,100.25,100.24,3743,375308.0,0.01,0.01,0.015,0.0
2026-04-09,GMNY,50.01,50.06,50.06,50.01,2266,113394.0,0.1,0.16,0.081,0.0
2026-04-09,GMOC,50.08,50.095,50.095,50.08,25202,1262168.0,0.03,0.06,0.03,0.0
2026-04-09,GMOD,26.65,26.653,26.67,26.53,3447,91734.0,0.53,0.11,0.028,0.0
2026-04-09,GMOI,37.18,37.44,37.5,37.12,52055,1942197.0,1.02,0.11,0.04,0.0
2026-04-09,GMOM,36.6,36.879,36.949,36.6,4661,171732.0,0.95,0.45,0.166,0.0
2026-04-09,GMOV,28.67,28.758,28.79,28.6,14567,418886.0,0.66,0.37,0.107,0.0
2026-04-09,GMTL,19.63,18.06,19.91,18.06,100704,1880477.0,9.64,-5.94,-1.14,0.26
2026-04-09,GMUB,51.23,51.205,51.255,51.165,66676,3415647.0,0.18,0.08,0.041,0.0
2026-04-09,GMUN,50.405,50.48,50.48,50.395,1263,63661.0,0.17,0.2,0.1,0.0
2026-04-09,GNE,14.26,14.53,14.715,14.17,51218,745844.0,3.78,0.69,0.1,0.21
2026-04-09,GNK,24.3,23.04,24.3,22.85,314008,7302317.0,5.96,-5.26,-1.28,0.72
2026-04-09,GNL,9.56,9.63,9.705,9.54,1808382,17422128.0,1.73,0.84,0.08,0.85
2026-04-09,GNLN,2.35,2.88,2.96,2.2,635664,1649957.0,32.07,21.52,0.51,100.91
2026-04-09,GNLX,2.66,2.56,2.89,2.3,1007103,2526667.0,22.35,-3.03,-0.08,2.25
2026-04-09,GNL_A,22.47,22.53,22.56,22.47,11589,260752.0,0.4,0.22,0.05,0.17
2026-04-09,GNL_B,21.51,21.44,21.52,21.43,4622,99152.0,0.42,0.45,0.097,0.1
2026-04-09,GNL_D,23.25,23.65,23.67,23.25,10622,249190.0,1.79,1.07,0.25,0.13
2026-04-09,GNL_E,22.0,22.77,22.77,22.0,6337,143552.0,3.45,1.92,0.43,0.14
2026-04-09,GNMA,44.549,44.43,44.58,44.38,59808,2660542.0,0.45,-0.1,-0.045,0.0
2026-04-09,GNOM,44.77,44.629,44.8,44.21,5278,235546.0,1.31,-0.89,-0.402,0.0
2026-04-09,GNOV,39.88,39.955,40.02,39.79,6108,244070.0,0.58,0.35,0.14,0.0
2026-04-09,GNPX,1.29,1.3,1.355,1.27,358857,468215.0,6.49,-0.76,-0.01,3.97
2026-04-09,GNR,75.34,75.0,76.0,74.86,246774,18577480.0,1.51,-0.45,-0.34,0.0
2026-04-09,GNRC,201.62,207.34,208.93,201.1,438243,90598772.0,3.86,2.17,4.41,0.75
2026-04-09,GNS,0.383,0.375,0.392,0.366,626706,236668.0,6.52,-6.02,-0.024,0.39
2026-04-09,GNSS,1.82,1.8,1.84,1.78,47174,85758.0,3.3,-1.1,-0.02,0.1
2026-04-09,GNT,8.62,8.7,8.73,8.62,30866,267962.0,1.27,0.58,0.05,0.0
2026-04-09,GNTA,0.72,0.679,0.72,0.67,32770,22196.0,7.06,-4.1,-0.029,0.18
2026-04-09,GNTX,22.03,22.21,22.315,21.88,1500904,33279930.0,1.96,-0.09,-0.02,0.7
2026-04-09,GNT_A,20.85,20.85,20.85,20.85,180,3745.0,0.0,0.0,0.0,0.02
2026-04-09,GNW,8.72,8.73,8.83,8.695,3252831,28466674.0,1.54,-0.46,-0.04,0.84
2026-04-09,GO,7.0,7.02,7.105,6.874,2868412,20131929.0,3.25,-1.13,-0.08,2.92
2026-04-09,GOAI,3.89,3.98,4.2,3.66,25238,96516.0,13.5,-0.5,-0.02,0.08
2026-04-09,GOAU,47.31,47.1,47.72,46.551,37351,1759940.0,2.49,0.32,0.15,0.0
2026-04-09,GOCO,1.12,1.05,1.12,1.004,102203,108102.0,10.31,-6.67,-0.075,0.63
2026-04-09,GOCT,39.53,39.57,39.68,39.414,39654,1568500.0,0.67,0.2,0.079,0.0
2026-04-09,GOEX,91.34,90.63,92.69,89.555,67427,6119628.0,3.46,0.12,0.108,0.0
2026-04-09,GOF,11.26,11.39,11.39,11.205,738088,8338421.0,1.65,1.52,0.17,0.0
2026-04-09,GOLD,45.34,44.12,45.49,44.02,470540,20956100.0,3.21,-3.58,-1.64,1.67
2026-04-09,GOLF,98.19,98.6,99.36,98.02,197577,19509771.0,1.36,0.13,0.13,0.34
2026-04-09,GOLS,24.642,24.792,24.82,24.642,655,16181.0,0.72,-0.35,-0.086,0.0
2026-04-09,GOLY,30.0,30.0,30.48,29.87,58014,1747237.0,2.02,-0.5,-0.15,0.0
2026-04-09,GOOD,11.88,12.13,12.2,11.88,260196,3151045.0,2.68,1.59,0.19,0.54
2026-04-09,GOODN,22.15,22.14,22.35,22.14,1893,42068.0,0.95,-0.32,-0.07,0.08
2026-04-09,GOODO,19.84,19.81,19.953,19.66,5424,107454.0,1.49,0.56,0.11,0.14
2026-04-09,GOOG,313.19,316.37,317.43,309.47,14606751,4592875520.0,2.53,0.52,1.63,0.27
2026-04-09,GOOGL,315.905,318.49,319.54,311.06,23739173,7513416448.0,2.67,0.37,1.17,0.41
2026-04-09,GOOP,37.14,37.41,37.47,36.58,9182,342033.0,2.39,0.46,0.17,0.0
2026-04-09,GOOS,10.87,11.24,11.26,10.84,255885,2851109.0,3.84,2.84,0.31,0.55
2026-04-09,GOOW,64.61,65.0,65.23,63.27,24226,1562037.0,3.03,0.43,0.28,0.0
2026-04-09,GOOX,66.63,67.79,68.26,64.94,67224,4489725.0,4.93,0.7,0.47,0.0
2026-04-09,GOOY,13.44,13.61,13.625,13.33,299510,4033403.0,2.17,0.07,0.01,0.0
2026-04-09,GOP,39.37,39.682,39.78,39.37,31616,1251437.0,1.04,0.9,0.354,0.0
2026-04-09,GORO,1.28,1.47,1.47,1.28,3005570,4212073.0,14.96,15.75,0.2,1.86
2026-04-09,GOSS,0.347,0.372,0.378,0.338,7970685,2901984.0,11.53,7.2,0.025,3.4
2026-04-09,GOTU,1.98,1.98,2.01,1.965,257036,510956.0,2.28,0.51,0.01,0.2
2026-04-09,GOU,23.34,24.132,24.17,23.0,11860,281090.0,4.92,1.49,0.355,0.0
2026-04-09,GOVI,27.33,27.36,27.45,27.288,1566947,42910428.0,0.59,-0.07,-0.02,0.0
2026-04-09,GOVT,22.89,22.89,22.94,22.86,10170849,232886682.0,0.35,-0.07,-0.015,0.0
2026-04-09,GOVX,1.19,1.16,1.2,1.137,62397,72961.0,5.34,-1.69,-0.02,2.81
2026-04-09,GOVZ,9.17,9.155,9.235,9.12,1534772,14069662.0,1.25,-0.54,-0.05,0.0
2026-04-09,GP,0.979,0.96,0.979,0.95,6029,5762.0,3.02,0.0,0.0,0.12
2026-04-09,GPACW,0.24,0.26,0.26,0.24,34215,8273.0,8.0,4.0,0.01,0.0
2026-04-09,GPAT,10.84,10.84,10.85,10.825,203188,2202717.0,0.23,0.09,0.01,0.71
2026-04-09,GPATW,0.16,0.16,0.16,0.16,5772,924.0,0.0,0.0,0.0,0.0
2026-04-09,GPC,107.15,108.56,109.135,105.84,2196482,237997636.0,3.07,1.07,1.15,1.58
2026-04-09,GPCR,52.25,55.14,55.84,52.25,589514,32397755.0,6.76,3.82,2.03,0.83
2026-04-09,GPGI,16.71,16.39,16.96,16.26,2963521,48828713.0,4.15,-2.9,-0.49,1.02
2026-04-09,GPI,330.97,338.11,338.46,326.75,104238,35027409.0,3.52,1.65,5.48,0.88
2026-04-09,GPIQ,51.14,51.46,51.475,50.965,900779,46162965.0,1.0,0.55,0.28,0.0
2026-04-09,GPIX,51.39,51.72,51.765,51.29,679620,35050707.0,0.92,0.54,0.28,0.0
2026-04-09,GPJA,22.25,22.18,22.25,22.1,4630,102696.0,0.67,-0.54,-0.12,0.0
2026-04-09,GPK,9.35,9.65,9.68,9.3,4677475,44859622.0,4.0,1.69,0.16,1.58
2026-04-09,GPMT,1.4,1.37,1.41,1.36,140239,192731.0,3.5,-4.2,-0.06,0.29
2026-04-09,GPMT_A,18.08,18.02,18.1,18.02,979,17704.0,0.44,-0.83,-0.15,0.01
2026-04-09,GPN,64.37,65.88,65.91,63.26,2427947,158447261.0,4.07,1.24,0.81,0.88
2026-04-09,GPOR,202.51,203.33,207.14,201.37,256509,52205104.0,2.85,0.51,1.04,1.42
2026-04-09,GPRE,15.72,15.21,16.04,14.98,1142208,17585091.0,6.8,-2.44,-0.38,1.64
2026-04-09,GPRF,50.34,50.21,50.34,50.21,154,7756.0,0.26,0.17,0.085,0.0
2026-04-09,GPRK,8.38,8.15,8.515,8.1,893764,7336518.0,4.93,-3.09,-0.26,1.38
2026-04-09,GPRO,0.763,0.74,0.775,0.73,1760282,1313559.0,5.84,-3.9,-0.03,1.28
2026-04-09,GPT,30.5,31.655,31.85,30.5,1285,40680.0,4.27,0.06,0.018,0.0
2026-04-09,GPTY,38.25,38.3,38.45,37.71,25489,972263.0,1.93,0.1,0.04,0.0
2026-04-09,GPUS,0.144,0.186,0.203,0.144,282535664,48717488.0,41.55,30.99,0.044,78.38
2026-04-09,GPZ,21.53,21.67,21.76,21.36,390589,8418524.0,1.84,-0.28,-0.06,0.0
2026-04-09,GQGU,26.71,26.74,26.87,26.7,48664,1303392.0,0.64,0.15,0.04,0.0
2026-04-09,GQI,56.11,56.25,56.27,55.98,13307,747453.0,0.52,0.37,0.21,0.0
2026-04-09,GQQQ,30.37,30.637,30.68,30.37,11059,338582.0,1.02,1.0,0.302,0.0
2026-04-09,GQRE,62.35,62.7,63.15,62.35,7318,459993.0,1.28,0.43,0.27,0.0
2026-04-09,GRAB,3.63,3.68,3.73,3.62,51892186,190843543.0,3.03,1.38,0.05,1.31
2026-04-09,GRABW,0.08,0.08,0.08,0.08,1681,134.0,0.0,0.0,0.0,0.0
2026-04-09,GRAF,10.72,10.72,10.72,10.72,318,3413.0,0.0,-0.19,-0.02,0.0
2026-04-09,GRAG,6.835,6.935,6.97,6.765,3044,20851.0,3.02,2.26,0.153,0.0
2026-04-09,GRAL,50.91,47.56,50.91,47.41,908684,44149164.0,6.89,-6.34,-3.22,2.22
2026-04-09,GRAN,1.22,1.27,1.3,1.22,2970,3766.0,6.56,4.1,0.05,0.01
2026-04-09,GRBK,67.72,69.23,70.14,67.72,298825,20661495.0,3.55,1.47,1.0,0.69
2026-04-09,GRBK_A,21.05,21.57,21.57,21.05,997,21357.0,2.43,0.79,0.17,0.05
2026-04-09,GRC,66.8,69.23,69.88,66.46,117036,8094936.0,5.08,2.87,1.93,0.44
2026-04-09,GRCE,3.56,3.62,3.81,3.445,575227,2077011.0,10.22,1.4,0.05,3.72
2026-04-09,GRDN,39.89,40.65,40.76,39.61,467982,18931708.0,2.87,1.55,0.62,1.26
2026-04-09,GRDX,2.12,2.18,2.233,2.055,61414,132525.0,8.56,4.81,0.1,1.83
2026-04-09,GREE,1.11,1.15,1.185,1.09,90501,103239.0,8.48,2.68,0.03,0.67
2026-04-09,GREEL,21.4,21.5,21.5,21.25,6971,149550.0,1.17,0.47,0.1,0.0
2026-04-09,GREK,70.12,70.31,70.9,69.482,93887,6611511.0,1.99,-1.24,-0.88,0.0
2026-04-09,GRF,10.1,10.1,10.1,10.1,712,7186.0,0.0,0.0,0.0,0.0
2026-04-09,GRFS,8.15,8.05,8.15,7.901,973483,7804703.0,2.97,-4.05,-0.34,0.23
2026-04-09,GRI,2.43,2.36,2.43,2.28,100152,234717.0,6.25,-1.67,-0.04,6.93
2026-04-09,GRID,174.11,176.53,177.43,174.09,499328,87838015.0,1.91,1.04,1.82,0.0
2026-04-09,GRIN,30.0,29.95,30.0,29.95,673,20205.0,0.17,-0.1,-0.031,0.0
2026-04-09,GRML,0.359,0.42,0.42,0.333,3679213,1420693.0,24.79,19.66,0.069,3.03
2026-04-09,GRMLW,0.149,0.17,0.17,0.14,21952,3443.0,20.13,14.09,0.021,0.0
2026-04-09,GRMN,251.76,256.53,259.07,251.54,783929,201264638.0,2.98,1.48,3.74,0.41
2026-04-09,GRN,29.0,29.016,29.016,29.0,474,13745.0,0.06,2.56,0.724,0.0
2026-04-09,GRNB,24.02,24.042,24.12,24.02,17252,415225.0,0.42,0.06,0.014,0.0
2026-04-09,GRND,12.22,11.99,12.275,11.87,1011243,12158908.0,3.3,-2.2,-0.27,0.55
2026-04-09,GRNI,19.715,19.72,19.81,19.62,24451,482040.0,0.96,0.12,0.024,0.0
2026-04-09,GRNJ,26.59,26.72,26.87,26.465,136014,3633103.0,1.52,0.34,0.09,0.0
2026-04-09,GRNQ,2.77,2.64,2.84,2.5,32928,89910.0,11.97,-7.04,-0.2,0.38
2026-04-09,GRNT,5.73,5.62,5.78,5.6,645311,3649266.0,3.16,-1.23,-0.07,0.49
2026-04-09,GRNY,24.82,24.95,25.05,24.765,1458430,36358643.0,1.15,0.24,0.06,0.0
2026-04-09,GRO,3.37,3.34,3.52,3.29,541748,1842211.0,6.85,-0.6,-0.02,1.0
2026-04-09,GROV,1.41,1.38,1.41,1.36,26189,36017.0,3.6,-0.72,-0.01,0.06
2026-04-09,GROW,2.46,2.5,2.56,2.46,29293,73044.0,4.12,2.88,0.07,0.28
2026-04-09,GROY,3.63,3.64,3.749,3.595,2350581,8598436.0,4.23,0.0,0.0,1.02
2026-04-09,GROY_WS,1.59,1.66,1.71,1.59,2803,4711.0,7.5,3.75,0.06,0.0
2026-04-09,GROZ,28.64,29.01,29.01,28.631,9768,282478.0,1.32,0.97,0.279,0.0
2026-04-09,GRPM,121.84,122.564,122.85,121.75,40955,5022311.0,0.9,0.22,0.274,0.0
2026-04-09,GRPN,11.97,11.47,12.18,11.3,1175182,13564112.0,7.35,-4.18,-0.5,2.88
2026-04-09,GRPZ,28.906,28.906,28.906,28.906,14,417.0,0.0,1.18,0.336,0.0
2026-04-09,GRRR,10.94,10.49,10.94,10.28,486834,5107415.0,5.98,-4.9,-0.54,1.76
2026-04-09,GRRRW,0.261,0.28,0.31,0.26,6302,1875.0,16.13,-9.68,-0.03,0.0
2026-04-09,GRVY,61.47,61.83,62.17,61.47,10190,630873.0,1.14,0.37,0.23,0.15
2026-04-09,GRW,28.82,29.095,29.15,28.82,7138,207463.0,1.14,0.33,0.095,0.0
2026-04-09,GRWG,1.06,1.05,1.07,1.05,188329,199216.0,1.89,-0.94,-0.01,0.31
2026-04-09,GRX,9.22,9.22,9.27,9.12,26844,246969.0,1.63,0.33,0.03,0.0
2026-04-09,GS,902.0,903.72,909.4,895.29,1797804,1625868640.0,1.56,-0.22,-2.03,0.61
2026-04-09,GSAT,74.84,73.13,75.9,72.09,1007968,73947920.0,5.09,-2.38,-1.78,0.78
2026-04-09,GSBC,66.54,68.26,68.74,66.54,80442,5455072.0,3.28,1.84,1.23,0.74
2026-04-09,GSBD,9.08,9.04,9.16,9.015,1417797,12874165.0,1.59,-0.99,-0.09,1.26
2026-04-09,GSC,57.51,58.07,58.165,57.49,5101,295029.0,1.17,0.62,0.355,0.0
2026-04-09,GSEE,61.84,62.222,62.3,61.84,1573,97895.0,0.74,-0.09,-0.053,0.0
2026-04-09,GSEP,38.92,39.03,39.06,38.84,14058,547830.0,0.57,0.38,0.149,0.0
2026-04-09,GSEU,47.285,47.629,47.785,47.14,7902,374812.0,1.36,0.31,0.149,0.0
2026-04-09,GSEW,87.1,87.33,87.62,86.83,173441,15148612.0,0.9,-0.21,-0.18,0.0
2026-04-09,GSG,31.56,31.4,31.865,30.89,1870151,58724792.0,3.14,0.96,0.3,0.0
2026-04-09,GSGO,38.32,38.667,38.667,38.26,4722,181658.0,1.06,0.75,0.287,0.0
2026-04-09,GSHD,44.65,42.25,45.13,41.79,469772,20027339.0,7.32,-7.41,-3.38,1.98
2026-04-09,GSHR,10.35,10.35,10.35,10.35,35007,362323.0,0.0,-0.05,-0.005,0.23
2026-04-09,GSIB,53.82,54.452,54.48,53.82,4014,217447.0,1.22,0.26,0.142,0.0
2026-04-09,GSID,72.925,73.425,73.83,72.58,5820,426564.0,1.7,-0.16,-0.117,0.0
2026-04-09,GSIE,44.82,45.13,45.35,44.755,291903,13163530.0,1.31,-0.27,-0.12,0.0
2026-04-09,GSIG,47.43,47.425,47.43,47.425,159,7561.0,0.01,0.05,0.025,0.0
2026-04-09,GSIT,5.44,5.58,5.83,5.44,582320,3279550.0,7.17,2.57,0.14,1.61
2026-04-09,GSIW,18.27,18.01,18.42,17.81,4264,78264.0,3.35,-1.04,-0.19,0.3
2026-04-09,GSJY,50.31,50.742,50.96,50.24,4485,227060.0,1.4,-1.46,-0.75,0.0
2026-04-09,GSK,57.15,58.36,58.655,57.01,3465820,200945815.0,2.87,1.73,0.99,0.17
2026-04-09,GSKH,80.1,81.457,81.55,79.79,806,64938.0,2.19,1.47,1.177,0.0
2026-04-09,GSL,38.92,38.27,39.2,37.91,266175,10200132.0,3.32,-1.64,-0.64,0.74
2026-04-09,GSLC,129.81,130.67,130.88,129.578,167109,21784643.0,1.0,0.49,0.64,0.0
2026-04-09,GSL_B,26.9,26.92,27.08,26.9,2766,74521.0,0.67,-0.33,-0.09,0.06
2026-04-09,GSM,4.22,4.23,4.3,4.16,736527,3105129.0,3.31,0.0,0.0,0.39
2026-04-09,GSOL,6.13,6.26,6.305,6.06,546597,3396922.0,3.96,1.13,0.07,0.0
2026-04-09,GSPY,36.81,36.993,36.993,36.81,2971,109834.0,0.5,0.71,0.261,0.0
2026-04-09,GSRF,10.04,10.04,10.04,10.04,46,461.0,0.0,0.0,0.0,0.0
2026-04-09,GSSC,77.8,78.71,78.94,77.8,28015,2198181.0,1.46,0.76,0.59,0.0
2026-04-09,GSST,50.46,50.445,50.46,50.44,413567,20863885.0,0.04,0.03,0.015,0.0
2026-04-09,GSUI,13.155,13.588,13.588,13.091,10129,134830.0,3.73,2.01,0.268,0.0
2026-04-09,GSUN,0.39,0.437,0.467,0.39,154226,68293.0,19.2,8.98,0.036,1.6
2026-04-09,GSUS,92.96,93.645,93.76,92.8,44700,4174996.0,1.03,0.57,0.535,0.0
2026-04-09,GSWO,58.442,59.04,59.04,58.348,72501,4254438.0,1.18,0.63,0.37,0.0
2026-04-09,GSY,50.19,50.2,50.21,50.19,637620,32007520.0,0.04,0.04,0.02,0.0
2026-04-09,GS_A,19.4,19.42,19.49,19.33,59316,1152081.0,0.82,0.1,0.02,0.2
2026-04-09,GS_C,19.67,19.74,19.75,19.67,14610,287923.0,0.41,0.3,0.06,0.18
2026-04-09,GS_D,19.51,19.54,19.55,19.414,76455,1490669.0,0.7,0.05,0.01,0.14
2026-04-09,GT,6.99,7.06,7.08,6.915,6178459,43363728.0,2.34,0.14,0.01,2.16
2026-04-09,GTBP,0.4,0.39,0.403,0.38,879027,342511.0,5.68,-3.7,-0.015,2.79
2026-04-09,GTE,7.75,7.59,8.08,7.49,527299,4080600.0,7.79,0.26,0.02,1.49
2026-04-09,GTEC,0.707,0.696,0.728,0.685,65083,46294.0,6.3,2.05,0.014,0.34
2026-04-09,GTEK,44.67,44.29,44.67,44.2,55180,2452225.0,1.04,-1.67,-0.75,0.0
2026-04-09,GTEN,10.24,10.25,10.25,10.24,44218,452801.0,0.1,0.1,0.01,0.12
2026-04-09,GTENU,10.345,10.345,10.345,10.345,250,2586.0,0.0,0.1,0.01,0.0
2026-04-09,GTENW,0.57,0.6,0.6,0.57,10450,6212.0,5.88,17.65,0.09,0.0
2026-04-09,GTERA,10.22,10.22,10.22,10.22,3183,32531.0,0.0,-0.68,-0.07,0.02
2026-04-09,GTES,24.45,25.41,25.485,24.1,2015546,50913657.0,5.65,3.67,0.9,0.79
2026-04-09,GTIM,1.21,1.2,1.22,1.2,22751,27418.0,1.65,-0.83,-0.01,0.22
2026-04-09,GTIP,49.47,49.508,49.55,49.38,13893,687514.0,0.34,0.0,-0.002,0.0
2026-04-09,GTLB,20.72,19.67,21.18,19.51,11683038,231977438.0,7.83,-7.83,-1.67,7.62
2026-04-09,GTLS,207.67,207.89,207.97,207.52,1325861,275467216.0,0.22,0.06,0.13,2.77
2026-04-09,GTM,5.56,5.4,5.66,5.215,14444883,77408077.0,7.9,-4.09,-0.23,4.85
2026-04-09,GTN,4.79,4.96,4.965,4.735,954084,4676905.0,4.68,1.02,0.05,1.03
2026-04-09,GTN_A,11.14,11.14,11.14,11.14,465,5085.0,0.0,2.3,0.25,0.0
2026-04-09,GTO,47.09,47.13,47.23,47.05,391655,18469829.0,0.38,0.04,0.02,0.0
2026-04-09,GTOC,25.25,25.25,25.25,25.22,6006,151509.0,0.12,0.04,0.01,0.0
2026-04-09,GTOH,25.52,25.575,25.6,25.52,7268,185855.0,0.31,0.12,0.03,0.0
2026-04-09,GTOP,38.69,38.905,38.91,38.58,6042,234400.0,0.85,0.56,0.217,0.0
2026-04-09,GTOQ,22.38,22.4,22.4,22.35,3385,75730.0,0.22,0.16,0.035,0.0
2026-04-09,GTOS,25.02,25.03,25.04,25.02,1685,42182.0,0.08,0.04,0.01,0.0
2026-04-09,GTPE,53.19,53.544,53.605,53.05,2755,146942.0,1.04,0.27,0.143,0.0
2026-04-09,GTR,25.72,25.78,25.83,25.59,8084,208120.0,0.93,0.28,0.071,0.0
2026-04-09,GTX,19.01,19.41,19.42,18.9,2096925,40342956.0,2.73,1.94,0.37,1.11
2026-04-09,GTY,33.05,33.88,34.0,33.0,337519,11408683.0,3.02,2.2,0.73,0.53
2026-04-09,GUG,15.7,16.04,16.09,15.69,93702,1483916.0,2.55,2.23,0.35,0.0
2026-04-09,GUMI,50.36,50.345,50.369,50.336,3393,170855.0,0.07,0.05,0.027,0.0
2026-04-09,GURE,7.37,5.61,7.37,5.5,66709,398926.0,26.52,-20.43,-1.44,4.33
2026-04-09,GUSA,58.859,58.859,58.859,58.859,37,2159.0,0.0,0.66,0.385,0.0
2026-04-09,GUSE,40.52,40.869,40.869,40.52,22080,896119.0,0.86,0.7,0.283,0.0
2026-04-09,GUSH,39.5,37.42,40.28,36.89,1512834,58588714.0,8.65,-4.57,-1.79,0.0
2026-04-09,GUT,6.03,6.03,6.1,6.03,137228,833342.0,1.16,-0.33,-0.02,0.0
2026-04-09,GUTS,0.462,0.47,0.47,0.448,784249,361166.0,4.73,1.08,0.005,0.49
2026-04-09,GUT_C,22.42,22.5,22.56,22.343,3492,78368.0,0.96,-0.27,-0.06,0.18
2026-04-09,GV,0.301,0.304,0.339,0.301,2508959,793727.0,11.69,-6.46,-0.021,44.74
2026-04-09,GVA,125.46,127.7,128.17,125.305,353726,45101046.0,2.27,1.4,1.76,0.81
2026-04-09,GVAL,34.78,35.19,35.284,34.741,854657,29975030.0,1.56,0.92,0.32,0.0
2026-04-09,GVH,2.58,2.59,2.69,2.448,122275,312488.0,9.42,0.78,0.02,5.35
2026-04-09,GVI,106.7,106.71,106.8,106.55,52058,5554210.0,0.23,0.04,0.04,0.0
2026-04-09,GVIP,155.02,156.402,156.51,154.327,59233,9252425.0,1.41,1.12,1.725,0.0
2026-04-09,GVLE,42.024,42.024,42.024,42.024,186,7787.0,0.0,0.98,0.408,0.0
2026-04-09,GVLU,25.82,25.91,25.96,25.77,1837,47521.0,0.73,-0.06,-0.016,0.0
2026-04-09,GVUS,57.141,57.3,57.33,57.141,503,28799.0,0.33,0.64,0.362,0.0
2026-04-09,GWAV,3.638,3.6,3.69,3.38,4639,16148.0,8.68,0.84,0.03,0.56
2026-04-09,GWH,1.14,1.15,1.15,1.09,249833,279399.0,5.45,4.55,0.05,0.89
2026-04-09,GWH_WS,0.015,0.016,0.016,0.015,22168,316.0,5.88,-5.88,-0.001,0.0
2026-04-09,GWRE,134.47,124.3,136.89,123.47,3406160,427342976.0,9.8,-9.18,-12.57,4.02
2026-04-09,GWRS,7.52,7.77,7.77,7.52,48898,375405.0,3.31,2.91,0.22,0.17
2026-04-09,GWW,1144.97,1172.21,1183.005,1144.225,326051,382290720.0,3.38,2.22,25.49,0.69
2026-04-09,GWX,44.0,44.14,44.51,43.77,47739,2109232.0,1.67,-0.47,-0.21,0.0
2026-04-09,GXAI,1.21,1.19,1.255,1.185,471233,572079.0,5.69,-3.25,-0.04,4.61
2026-04-09,GXC,93.74,94.13,94.32,93.375,19763,1858891.0,1.0,-0.87,-0.83,0.0
2026-04-09,GXDW,23.61,23.687,23.695,23.57,1782,42089.0,0.53,0.25,0.058,0.0
2026-04-09,GXIG,25.02,25.075,25.075,25.02,1559,39051.0,0.22,0.17,0.043,0.0
2026-04-09,GXLC,81.845,81.845,81.845,81.845,156,12796.0,0.0,0.65,0.528,0.0
2026-04-09,GXO,56.36,55.99,56.63,54.72,1080842,60233195.0,3.37,-1.22,-0.69,0.94
2026-04-09,GXPC,29.41,29.66,29.715,29.27,57788,1710654.0,1.51,0.92,0.27,0.0
2026-04-09,GXPD,24.48,25.01,25.05,24.46,12101,301083.0,2.41,2.27,0.556,0.0
2026-04-09,GXPE,34.55,33.812,34.55,33.812,2023,69341.0,2.16,-1.22,-0.419,0.0
2026-04-09,GXPS,26.68,26.861,26.94,26.68,21806,586180.0,0.98,1.02,0.271,0.0
2026-04-09,GXPT,26.02,26.24,26.25,26.0,42461,1110164.0,0.96,0.38,0.1,0.0
2026-04-09,GXRP,25.85,26.26,26.34,25.66,11166,291436.0,2.59,0.11,0.03,0.0
2026-04-09,GXUS,59.24,59.71,59.71,59.24,212,12580.0,0.79,-0.17,-0.103,0.0
2026-04-09,GYLD,13.9,14.22,14.25,13.9,298520,4229750.0,2.54,3.12,0.43,0.0
2026-04-09,GYRE,7.03,7.24,7.25,7.03,34198,245297.0,3.1,2.12,0.15,0.04
2026-04-09,GYRO,7.99,7.99,7.99,7.99,73,572.0,0.0,0.0,0.0,0.0
2026-04-09,H,151.06,155.69,157.01,149.47,897236,139611523.0,4.97,2.64,4.01,2.19
2026-04-09,HACK,78.34,74.8,78.34,73.855,231177,17351488.0,5.69,-5.09,-4.01,0.0
2026-04-09,HACQ,9.885,9.87,9.885,9.87,204571,2019519.0,0.15,0.1,0.01,0.71
2026-04-09,HACQU,10.02,10.03,10.03,10.02,17199,172354.0,0.1,0.1,0.01,0.0
2026-04-09,HACQW,0.5,0.5,0.5,0.5,250,125.0,0.0,0.0,0.0,0.0
2026-04-09,HAE,59.1,58.42,59.1,57.99,559096,32708695.0,1.86,-1.86,-1.11,1.2
2026-04-09,HAFC,27.46,28.1,28.29,27.41,236120,6634445.0,3.18,1.7,0.47,0.79
2026-04-09,HAFN,8.45,8.28,8.515,8.245,2140249,17908624.0,3.28,0.73,0.06,0.43
2026-04-09,HAIL,34.21,34.44,34.44,34.135,1322,45242.0,0.89,0.09,0.032,0.0
2026-04-09,HAIN,0.844,0.86,0.89,0.844,600939,521886.0,5.25,-1.94,-0.017,0.66
2026-04-09,HAKY,23.58,22.876,23.65,22.72,18554,434516.0,3.88,-4.58,-1.098,0.0
2026-04-09,HAL,37.86,37.69,38.44,37.265,12503475,471767184.0,3.11,-0.29,-0.11,1.5
2026-04-09,HALO,65.31,67.08,67.52,65.215,1259498,84319196.0,3.52,2.52,1.65,1.06
2026-04-09,HAO,1.09,1.11,1.12,1.07,1797,1974.0,4.63,2.78,0.03,0.0
2026-04-09,HAP,74.265,73.425,74.265,73.377,20496,1510652.0,1.21,-0.22,-0.165,0.0
2026-04-09,HAPI,41.17,41.442,41.442,41.095,598,24630.0,0.84,0.73,0.301,0.0
2026-04-09,HAPS,32.601,32.601,32.601,32.601,13,443.0,0.0,0.59,0.191,0.0
2026-04-09,HARD,33.25,33.561,33.87,32.85,18998,634589.0,3.09,1.55,0.511,0.0
2026-04-09,HAS,93.5,93.06,94.075,92.63,1792344,166921293.0,1.54,-0.84,-0.79,1.27
2026-04-09,HASI,38.35,38.58,39.02,38.35,575380,22258280.0,1.74,0.05,0.02,0.45
2026-04-09,HAUS,17.89,17.844,17.89,17.844,132,2362.0,0.26,0.68,0.121,0.0
2026-04-09,HAUZ,23.5,23.63,23.76,23.5,116923,2767898.0,1.09,-0.63,-0.15,0.0
2026-04-09,HAVA,10.01,10.01,10.01,10.01,1,10.0,0.0,0.0,0.0,0.0
2026-04-09,HAVAU,10.12,10.12,10.12,10.12,7,71.0,0.0,0.0,0.0,0.0
2026-04-09,HAWX,42.4,42.69,42.78,42.35,26229,1119124.0,1.0,-0.3,-0.13,0.0
2026-04-09,HAYW,14.12,14.4,14.545,14.12,1514291,21757859.0,2.99,1.41,0.2,0.7
2026-04-09,HBAN,16.25,16.59,16.66,16.25,19947682,329745040.0,2.51,1.47,0.24,0.98
2026-04-09,HBANL,24.93,25.08,25.08,24.735,33886,846236.0,1.39,0.97,0.24,0.26
2026-04-09,HBANM,21.8,21.73,21.9,21.64,10296,223709.0,1.19,-0.18,-0.04,0.15
2026-04-09,HBANP,17.03,17.06,17.11,16.93,23457,399875.0,1.06,0.59,0.1,0.12
2026-04-09,HBANZ,20.76,20.96,20.96,20.76,9535,198889.0,0.96,0.38,0.08,0.14
2026-04-09,HBB,20.57,20.82,20.9,20.231,28456,588138.0,3.22,0.34,0.07,0.28
2026-04-09,HBCP,64.025,65.35,65.945,63.593,280767,18206484.0,3.67,1.87,1.2,3.58
2026-04-09,HBIO,5.55,5.37,5.55,5.37,21991,119563.0,3.24,-3.24,-0.18,0.49
2026-04-09,HBM,23.56,23.47,24.14,23.135,4630283,109150034.0,4.23,-1.3,-0.31,1.17
2026-04-09,HBNB,7.36,6.27,7.36,6.27,4783,33176.0,14.79,-14.93,-1.1,0.0
2026-04-09,HBNC,17.13,17.61,17.7,17.05,359428,6323098.0,3.75,1.5,0.26,0.7
2026-04-09,HBRD,24.69,24.742,24.742,24.69,210,5187.0,0.21,0.08,0.02,0.0
2026-04-09,HBT,28.02,28.67,28.7,28.02,45298,1294523.0,2.41,1.52,0.43,0.12
2026-04-09,HBTA,28.29,28.596,28.63,28.29,5450,155421.0,1.2,1.02,0.29,0.0
2026-04-09,HBTC,19.53,19.777,19.79,19.53,1994,39285.0,1.33,0.8,0.156,0.0
2026-04-09,HCA,503.62,507.19,512.14,501.489,668280,339647792.0,2.11,0.41,2.07,0.3
2026-04-09,HCAC,9.94,9.93,9.94,9.93,162483,1615079.0,0.1,-0.1,-0.01,0.76
2026-04-09,HCACU,10.33,10.33,10.33,10.33,335,3471.0,0.0,0.0,0.0,0.0
2026-04-09,HCAI,0.23,0.255,0.258,0.227,3982138,955568.0,8.03,-33.94,-0.131,21.07
2026-04-09,HCAT,1.03,1.01,1.03,0.97,670934,671523.0,5.83,-1.94,-0.02,0.91
2026-04-09,HCC,89.01,85.7,89.97,82.17,1222371,104186223.0,8.73,-4.1,-3.66,2.32
2026-04-09,HCHL,1.73,1.74,1.87,1.62,10793,18702.0,14.79,2.96,0.05,0.06
2026-04-09,HCI,153.42,155.31,158.36,152.97,374188,58229948.0,3.49,0.62,0.95,2.88
2026-04-09,HCIC,9.84,9.83,9.84,9.83,10432,102550.0,0.1,0.0,0.0,0.04
2026-04-09,HCICR,0.15,0.15,0.15,0.15,121,18.0,0.0,-22.68,-0.044,0.0
2026-04-09,HCICU,9.96,9.96,9.96,9.96,500,4980.0,0.0,0.0,0.0,0.0
2026-04-09,HCKT,13.05,12.87,13.076,12.6,219079,2806698.0,3.63,-1.83,-0.24,0.87
2026-04-09,HCM,14.98,15.16,15.62,14.98,28407,434294.0,4.27,1.2,0.18,0.02
2026-04-09,HCMA,10.1,10.11,10.11,10.1,4311,43552.0,0.1,0.1,0.01,0.02
2026-04-09,HCMT,35.255,35.27,35.3,35.23,63024,2222545.0,0.2,0.11,0.04,0.0
2026-04-09,HCOW,23.5,23.495,23.54,23.49,4993,117413.0,0.21,-0.4,-0.094,0.0
2026-04-09,HCRB,35.2,35.255,35.302,35.18,6460,227608.0,0.35,0.01,0.005,0.0
2026-04-09,HCSG,19.07,19.33,19.38,18.94,531274,10232928.0,2.29,0.68,0.13,0.77
2026-04-09,HCTI,2.405,2.36,2.5,2.24,800825,1936923.0,10.66,-3.28,-0.08,69.31
2026-04-09,HCWB,0.33,0.337,0.353,0.33,334069,113460.0,7.01,2.74,0.009,4.96
2026-04-09,HCWC,0.27,0.251,0.27,0.251,110414,28712.0,7.48,-1.18,-0.003,0.49
2026-04-09,HCXY,24.87,25.02,25.02,24.87,5791,144555.0,0.6,-0.52,-0.13,0.0
2026-04-09,HD,331.26,339.58,340.57,328.445,3002030,1011088064.0,3.61,1.02,3.42,0.3
2026-04-09,HDB,26.65,26.78,26.985,26.43,8187182,218910740.0,2.05,-1.22,-0.33,0.16
2026-04-09,HDEF,32.93,33.18,33.26,32.921,102730,3406385.0,1.02,0.3,0.1,0.0
2026-04-09,HDG,52.42,52.45,52.455,52.27,538,28197.0,0.35,0.26,0.135,0.0
2026-04-09,HDGE,17.58,17.49,17.71,17.47,218577,3841087.0,1.38,0.46,0.08,0.0
2026-04-09,HDL,14.8,14.8,14.8,14.8,338,4956.0,0.0,0.0,0.0,0.0
2026-04-09,HDLB,17.23,17.179,17.23,17.1,332,5718.0,0.76,0.54,0.093,0.0
2026-04-09,HDMV,38.183,38.183,38.183,38.183,142,5431.0,0.0,0.17,0.063,0.0
2026-04-09,HDSN,6.02,6.15,6.22,6.02,179508,1104220.0,3.28,0.99,0.06,0.42
2026-04-09,HDUS,65.37,65.572,65.64,65.14,4747,310265.0,0.77,0.5,0.328,0.0
2026-04-09,HDV,134.47,135.41,135.825,134.34,404011,54696738.0,1.1,0.32,0.43,0.0
2026-04-09,HE,15.48,15.71,15.8,15.48,1482792,23281011.0,2.06,1.16,0.18,0.86
2026-04-09,HEAL,24.48,24.335,24.48,24.26,1738,42365.0,0.89,-1.23,-0.304,0.0
2026-04-09,HECA,28.09,27.93,28.13,27.85,513958,14353096.0,1.0,-0.39,-0.11,0.0
2026-04-09,HECO,44.04,44.04,44.04,44.04,4,176.0,0.0,0.85,0.37,0.0
2026-04-09,HEDG,29.4,29.47,29.49,29.344,45732,1346308.0,0.5,0.24,0.07,0.0
2026-04-09,HEDJ,54.21,54.7,54.884,54.21,40885,2230865.0,1.23,-0.42,-0.23,0.0
2026-04-09,HEEM,38.47,38.76,38.76,38.27,22179,855447.0,1.26,-0.35,-0.135,0.0
2026-04-09,HEFA,43.99,44.255,44.4,43.87,527813,23329500.0,1.19,-0.35,-0.155,0.0
2026-04-09,HEFT,26.543,26.461,26.712,26.44,25546,678169.0,1.03,0.04,0.011,0.0
2026-04-09,HEGD,25.06,25.17,25.22,25.05,118761,2985078.0,0.68,0.34,0.086,0.0
2026-04-09,HEI,292.33,293.22,296.34,289.8,503637,147777858.0,2.23,-0.04,-0.12,0.91
2026-04-09,HEI_A,221.23,223.47,226.48,221.12,292785,65577437.0,2.39,-0.33,-0.74,0.35
2026-04-09,HELE,16.3,16.98,17.07,16.16,437586,7351481.0,5.54,3.35,0.55,1.9
2026-04-09,HELO,65.11,65.5,65.55,65.075,181943,11893449.0,0.73,0.58,0.38,0.0
2026-04-09,HELP,5.21,5.24,5.3,5.145,316296,1658142.0,2.95,-0.19,-0.01,0.63
2026-04-09,HELS,23.84,23.62,23.921,23.6,9379,222438.0,1.35,-0.88,-0.21,0.0
2026-04-09,HELX,33.58,33.42,33.58,33.42,1015,34097.0,0.47,-1.53,-0.518,0.0
2026-04-09,HEMI,39.856,39.856,39.856,39.856,8,319.0,0.0,0.76,0.302,0.0
2026-04-09,HEPS,2.68,2.7,2.71,2.68,169516,457180.0,1.12,0.75,0.02,0.05
2026-04-09,HEQ,10.96,11.06,11.16,10.96,36484,403951.0,1.82,0.64,0.07,0.0
2026-04-09,HEQQ,57.57,57.852,57.852,57.57,1071,61783.0,0.49,0.66,0.377,0.0
2026-04-09,HEQT,31.815,31.92,32.0,31.784,77968,2487255.0,0.68,0.33,0.105,0.0
2026-04-09,HERD,46.56,46.559,46.67,46.33,4715,219620.0,0.73,-0.41,-0.194,0.0
2026-04-09,HERE,3.49,3.01,3.49,3.0,251482,803744.0,13.8,-15.21,-0.54,0.67
2026-04-09,HERO,25.86,25.892,25.96,25.55,21026,542573.0,1.57,-1.06,-0.278,0.0
2026-04-09,HERZ,15.98,15.99,16.18,15.61,4141,66156.0,3.52,-1.24,-0.2,0.0
2026-04-09,HESM,39.51,39.32,40.4,39.225,1488790,58924434.0,2.97,-0.66,-0.26,1.15
2026-04-09,HEWJ,58.35,58.99,59.09,58.23,58581,3440147.0,1.44,-1.02,-0.61,0.0
2026-04-09,HEZU,45.55,45.88,45.98,45.539,13354,612352.0,0.96,-0.22,-0.1,0.0
2026-04-09,HF,21.33,21.345,21.355,21.33,671,14339.0,0.12,0.09,0.02,0.0
2026-04-09,HFBL,17.99,18.21,18.21,17.898,2359,42525.0,1.74,1.73,0.31,0.08
2026-04-09,HFEQ,22.036,22.201,22.28,22.036,4268,94851.0,1.1,0.24,0.053,0.0
2026-04-09,HFFG,2.1,2.12,2.13,2.045,385012,805377.0,3.97,-0.93,-0.02,0.73
2026-04-09,HFGM,32.63,32.7,33.91,32.54,129958,4243750.0,4.2,0.18,0.06,0.0
2026-04-09,HFGO,25.62,25.75,25.83,25.445,191950,4908443.0,1.5,0.51,0.13,0.0
2026-04-09,HFMF,23.01,22.96,23.01,22.91,5354,122827.0,0.43,-0.35,-0.08,0.0
2026-04-09,HFND,23.69,23.7,23.75,23.62,5232,124048.0,0.55,0.05,0.011,0.0
2026-04-09,HFRO,5.65,5.76,5.76,5.61,223092,1268756.0,2.65,1.59,0.09,0.0
2026-04-09,HFRO_A,16.46,16.54,16.57,16.41,17856,294826.0,0.97,0.18,0.03,0.31
2026-04-09,HFRO_B,16.32,16.333,16.38,16.26,3643,59395.0,0.74,0.08,0.013,0.09
2026-04-09,HFSI,35.13,35.13,35.18,35.075,76772,2697029.0,0.3,0.3,0.105,0.0
2026-04-09,HFSP,15.185,15.185,15.185,15.185,74,1105.0,0.0,1.17,0.175,0.0
2026-04-09,HFWA,27.21,27.86,28.04,27.12,299439,8318218.0,3.36,1.64,0.45,0.73
2026-04-09,HFXI,35.0,35.29,35.5,34.97,249973,8790087.0,1.49,-0.7,-0.25,0.0
2026-04-09,HG,31.06,31.22,31.75,30.913,347012,10896732.0,2.69,0.42,0.13,0.52
2026-04-09,HGBL,1.41,1.42,1.45,1.41,76023,108761.0,2.84,0.71,0.01,0.22
2026-04-09,HGER,31.05,30.96,31.12,30.71,695120,21498016.0,1.32,0.0,0.0,0.0
2026-04-09,HGLB,8.17,8.13,8.177,7.945,84988,684348.0,2.87,0.62,0.05,0.0
2026-04-09,HGRO,28.45,28.57,28.599,28.45,13175,376018.0,0.52,-0.1,-0.03,0.0
2026-04-09,HGTY,11.22,11.11,11.25,10.99,179435,1994591.0,2.29,-2.2,-0.25,0.18
2026-04-09,HGV,42.73,45.16,45.22,42.73,981419,43787402.0,5.78,4.88,2.1,1.21
2026-04-09,HHH,63.02,63.45,63.84,62.71,271674,17232259.0,1.78,0.06,0.04,0.46
2026-04-09,HHS,2.42,2.42,2.42,2.42,2224,5391.0,0.0,0.41,0.01,0.03
2026-04-09,HIBL,69.01,69.2,69.69,67.0,62596,4301427.0,3.87,-0.33,-0.23,0.0
2026-04-09,HIBS,40.49,40.26,41.49,39.81,69899,2835308.0,4.2,0.65,0.26,0.0
2026-04-09,HIDE,24.1,24.1,24.11,24.07,11549,278269.0,0.17,0.21,0.05,0.0
2026-04-09,HIDV,80.644,81.457,81.49,80.644,1122,91164.0,1.05,0.92,0.74,0.0
2026-04-09,HIFS,304.64,310.5,319.32,304.03,71703,22412283.0,5.0,1.56,4.76,3.29
2026-04-09,HIG,138.21,140.4,141.5,137.73,1235314,173488771.0,2.71,1.08,1.5,0.45
2026-04-09,HIGH,21.45,21.48,21.525,21.45,53092,1140862.0,0.35,-0.28,-0.06,0.0
2026-04-09,HIG_G,24.97,25.009,25.04,24.93,14093,352116.0,0.44,0.4,0.099,0.1
2026-04-09,HIHO,0.821,0.83,0.855,0.815,42664,35292.0,4.45,-7.68,-0.069,0.93
2026-04-09,HII,410.01,403.37,414.03,402.26,309311,125655979.0,2.86,-1.94,-7.98,0.79
2026-04-09,HIMS,19.31,19.75,19.77,18.96,14700374,284655152.0,4.18,1.86,0.36,6.7
2026-04-09,HIMU,48.39,48.58,48.63,48.39,344651,16721479.0,0.49,0.19,0.09,0.0
2026-04-09,HIMX,9.09,9.07,9.398,9.0,1870409,17008165.0,4.38,-0.11,-0.01,1.07
2026-04-09,HIMZ,19.63,20.45,20.533,18.9,680737,13329998.0,8.25,3.28,0.65,0.0
2026-04-09,HIO,3.68,3.71,3.71,3.68,268911,994042.0,0.81,0.27,0.01,0.0
2026-04-09,HIPO,26.05,26.06,26.305,25.33,91689,2377334.0,3.67,-1.92,-0.51,0.35
2026-04-09,HIPS,11.71,11.74,11.74,11.66,37291,436314.0,0.68,0.38,0.045,0.0
2026-04-09,HISF,44.63,44.675,44.73,44.61,1719,76868.0,0.27,0.02,0.01,0.0
2026-04-09,HIT,1.345,1.4,1.44,1.345,51360,72100.0,6.99,2.94,0.04,0.11
2026-04-09,HITI,2.3,2.28,2.32,2.27,348734,798931.0,2.16,-1.72,-0.04,0.4
2026-04-09,HIVE,2.065,2.07,2.17,2.05,9389475,19789175.0,5.8,0.0,0.0,3.71
2026-04-09,HIW,22.1,21.81,22.35,21.585,1289490,28186138.0,3.44,-1.85,-0.41,1.17
2026-04-09,HIX,4.01,3.99,4.02,3.97,347009,1383621.0,1.24,-0.75,-0.03,0.0
2026-04-09,HIYY,12.88,13.174,13.174,12.81,28617,370064.0,2.73,-1.1,-0.146,0.0
2026-04-09,HKD,1.69,1.635,1.69,1.61,135049,220214.0,4.79,-2.1,-0.035,0.07
2026-04-09,HKIT,1.17,1.13,1.25,1.09,393094,457304.0,12.03,-15.04,-0.2,69.04
2026-04-09,HKPD,0.566,0.557,0.59,0.523,21606,12238.0,13.09,8.79,0.045,0.13
2026-04-09,HL,19.71,19.3,19.845,18.87,10739240,207295674.0,4.99,-1.23,-0.24,1.6
2026-04-09,HLAL,61.73,62.14,62.219,61.56,41583,2574179.0,1.07,0.52,0.32,0.0
2026-04-09,HLF,14.92,15.17,15.3,14.82,773964,11706152.0,3.19,0.73,0.11,0.75
2026-04-09,HLI,146.85,150.12,150.895,146.7,468937,70221009.0,2.84,1.54,2.28,0.86
2026-04-09,HLIO,69.52,72.39,73.03,69.52,610674,43939497.0,5.02,3.55,2.48,1.84
2026-04-09,HLIT,9.57,9.69,9.73,9.57,816476,7893473.0,1.66,0.83,0.08,0.74
2026-04-09,HLLY,3.03,3.17,3.17,3.01,538552,1683559.0,5.19,2.92,0.09,0.45
2026-04-09,HLMN,8.27,8.67,8.71,8.27,1203599,10293207.0,5.26,3.71,0.31,0.61
2026-04-09,HLN,9.92,10.01,10.03,9.875,4980432,49640947.0,1.55,0.4,0.04,0.11
2026-04-09,HLNE,96.85,94.79,98.0,93.95,630199,60050620.0,4.17,-2.39,-2.32,1.43
2026-04-09,HLP,0.86,0.885,0.885,0.84,365629,310813.0,5.17,1.72,0.015,0.5
2026-04-09,HLT,315.95,322.51,323.7,315.195,1630187,523218832.0,2.68,1.67,5.31,0.71
2026-04-09,HLX,9.65,9.58,9.9,9.56,1274598,12332763.0,3.52,-0.83,-0.08,0.87
2026-04-09,HLXC,10.11,10.3,10.3,10.11,1241,12589.0,1.84,0.0,0.0,0.01
2026-04-09,HLXX,29.92,28.678,29.92,28.678,1075,30923.0,4.25,-1.8,-0.526,0.0
2026-04-09,HL_B,72.11,72.11,72.11,72.11,12,878.0,0.0,0.0,0.0,0.01
2026-04-09,HMC,24.085,24.37,24.395,23.97,1704254,41343384.0,1.73,-0.53,-0.13,0.13
2026-04-09,HMH,16.72,18.26,18.45,16.69,650935,11621105.0,10.42,8.11,1.37,6.19
2026-04-09,HMN,44.4,45.02,45.35,44.35,247261,11133956.0,2.24,0.94,0.42,0.61
2026-04-09,HMOP,39.1,39.07,39.1,39.0,76426,2984269.0,0.26,0.0,0.0,0.0
2026-04-09,HMR,0.85,0.817,0.85,0.81,51233,42502.0,4.76,-2.74,-0.023,0.09
2026-04-09,HMY,16.78,16.72,17.05,16.433,6228337,104271883.0,3.72,0.91,0.15,1.0
2026-04-09,HMYY,7.52,7.534,7.534,7.52,743,5558.0,0.19,0.99,0.074,0.0
2026-04-09,HNDL,22.17,22.372,22.445,22.17,76864,1721102.0,1.23,0.35,0.077,0.0
2026-04-09,HNGE,38.0,35.98,38.14,35.86,810851,29654627.0,5.95,-6.03,-2.31,1.45
2026-04-09,HNI,34.16,34.89,35.37,34.16,523498,18271070.0,3.5,0.84,0.29,0.73
2026-04-09,HNNAZ,25.02,24.87,25.03,24.82,7520,187311.0,0.84,-0.3,-0.076,0.0
2026-04-09,HNRG,15.61,15.27,15.84,15.16,594960,9145743.0,4.32,-2.92,-0.46,1.26
2026-04-09,HNST,2.88,2.87,2.9,2.815,1213240,3466654.0,2.95,-0.35,-0.01,1.08
2026-04-09,HNVR,22.24,22.55,22.6,22.2,23882,535353.0,1.8,1.35,0.3,0.33
2026-04-09,HODL,20.12,20.41,20.52,19.95,1613907,32770250.0,2.82,1.14,0.23,0.0
2026-04-09,HODU,7.52,7.172,7.61,6.919,106317,777559.0,9.15,-5.01,-0.378,0.0
2026-04-09,HOFT,13.22,15.0,15.275,13.09,49363,719328.0,16.49,13.21,1.75,0.46
2026-04-09,HOG,21.3,22.66,22.77,21.29,3834567,85899715.0,6.94,6.24,1.33,3.51
2026-04-09,HOII,10.8,10.653,10.8,10.653,653,7018.0,1.36,-1.66,-0.18,0.0
2026-04-09,HOLA,53.52,53.93,53.93,53.42,4262,228895.0,0.95,0.41,0.22,0.0
2026-04-09,HOLD,31.533,31.555,31.555,31.47,1310,41296.0,0.27,0.82,0.256,0.0
2026-04-09,HOLO,1.98,1.97,2.055,1.95,438566,875128.0,5.28,-1.01,-0.02,1.95
2026-04-09,HOLOW,0.096,0.096,0.096,0.096,71,7.0,0.0,0.0,0.0,0.0
2026-04-09,HOMB,27.97,28.57,28.645,27.93,1239684,35327300.0,2.54,1.49,0.42,0.63
2026-04-09,HOMZ,44.0,43.994,44.215,43.95,2350,103300.0,0.61,1.11,0.484,0.0
2026-04-09,HON,230.68,236.06,236.36,228.73,3192076,750072272.0,3.28,1.54,3.59,0.5
2026-04-09,HOOD,71.59,70.12,72.46,68.78,25973774,1831908896.0,5.12,-2.38,-1.71,3.29
2026-04-09,HOOG,18.25,17.4,18.619,16.753,405414,7194803.0,10.14,-5.43,-1.0,0.0
2026-04-09,HOOW,23.01,22.47,23.28,21.94,164908,3725835.0,5.81,-2.56,-0.59,0.0
2026-04-09,HOOX,20.76,19.68,21.13,19.03,83332,1684920.0,10.06,-5.7,-1.19,0.0
2026-04-09,HOOY,27.74,27.7,28.02,27.28,35298,976211.0,2.61,-2.46,-0.7,0.0
2026-04-09,HOOZ,37.56,39.47,40.83,37.1,66251,2596432.0,9.93,5.06,1.9,0.0
2026-04-09,HOPE,12.12,12.34,12.425,12.075,1008874,12431713.0,2.88,1.4,0.17,0.79
2026-04-09,HOTH,0.557,0.54,0.57,0.532,303502,166828.0,6.76,-3.91,-0.022,1.59
2026-04-09,HOUR,1.9,1.91,1.98,1.9,3941,7667.0,4.06,-3.05,-0.06,0.01
2026-04-09,HOV,110.01,112.15,114.44,108.68,123603,13837074.0,5.1,-0.77,-0.87,2.4
2026-04-09,HOVNP,19.849,19.66,19.85,19.02,10241,199101.0,4.18,-0.96,-0.19,0.18
2026-04-09,HOVR,1.57,1.48,1.62,1.48,647364,1000306.0,8.7,-8.07,-0.13,1.44
2026-04-09,HOVRW,0.332,0.325,0.332,0.3,2157,707.0,9.7,-1.52,-0.005,0.0
2026-04-09,HOWL,0.975,0.898,0.98,0.884,203095,188795.0,9.76,-8.74,-0.086,0.42
2026-04-09,HOYY,6.85,6.784,6.85,6.71,21357,144830.0,2.05,-0.82,-0.056,0.0
2026-04-09,HP,35.42,35.22,36.22,35.14,1389099,49247293.0,3.05,-0.4,-0.14,1.39
2026-04-09,HPAI,1.58,1.59,1.7,1.421,81876,127751.0,17.01,-3.05,-0.05,0.22
2026-04-09,HPAIW,0.097,0.097,0.097,0.097,1000,97.0,0.0,-1.02,-0.001,0.0
2026-04-09,HPE,24.95,24.83,25.11,24.505,13260352,328996048.0,2.42,-0.6,-0.15,1.0
2026-04-09,HPE_C,67.5,67.6,67.83,66.99,154317,10451397.0,1.24,-0.53,-0.36,0.51
2026-04-09,HPF,15.73,15.72,15.763,15.59,31128,488426.0,1.11,0.83,0.13,0.0
2026-04-09,HPI,15.74,15.78,15.84,15.675,52004,819623.0,1.05,0.51,0.08,0.0
2026-04-09,HPK,6.41,6.3,6.6,6.14,1325147,8379733.0,7.26,-0.63,-0.04,1.05
2026-04-09,HPP,5.94,5.88,6.015,5.74,987195,5831626.0,4.58,-2.16,-0.13,1.82
2026-04-09,HPP_C,13.43,13.46,13.46,13.355,969,12950.0,0.79,0.82,0.11,0.01
2026-04-09,HPQ,18.83,18.38,18.97,18.125,19533915,359289408.0,4.47,-2.7,-0.51,2.14
2026-04-09,HPS,14.3,14.3,14.432,14.18,127734,1820859.0,1.76,0.07,0.01,0.0
2026-04-09,HQ,8.92,8.79,9.08,8.552,31159,274167.0,6.31,5.02,0.42,0.1
2026-04-09,HQGO,58.891,58.891,58.891,58.891,179,10585.0,0.0,0.27,0.157,0.0
2026-04-09,HQH,18.67,18.78,19.05,18.67,169606,3201155.0,2.03,0.48,0.09,0.0
2026-04-09,HQI,10.74,10.695,11.0,10.595,17655,190485.0,3.73,-1.52,-0.165,0.13
2026-04-09,HQL,17.2,17.22,17.35,17.15,82965,1428847.0,1.16,-0.12,-0.02,0.0
2026-04-09,HQWWW,2.14,2.13,2.3,1.86,17310,35436.0,22.45,8.67,0.17,0.0
2026-04-09,HQY,83.48,84.2,84.695,81.04,1122243,93541321.0,4.46,2.75,2.25,1.33
2026-04-09,HR,17.56,17.58,17.91,17.525,2503889,44221103.0,2.19,-0.17,-0.03,0.72
2026-04-09,HRB,31.66,30.87,31.8,30.54,1884823,58253846.0,3.95,-3.11,-0.99,1.49
2026-04-09,HRI,100.97,103.37,103.87,98.635,428144,43838957.0,5.16,1.82,1.85,1.28
2026-04-09,HRL,21.05,21.13,21.24,20.62,7082453,149316455.0,2.87,-2.36,-0.51,1.29
2026-04-09,HRMY,28.23,29.16,29.28,28.09,645571,18705853.0,4.18,2.42,0.69,1.12
2026-04-09,HROW,36.54,37.29,37.589,36.1,267400,9910611.0,4.05,1.52,0.56,0.72
2026-04-09,HRTG,26.43,27.06,27.68,26.43,343643,9312218.0,4.7,1.65,0.44,1.12
2026-04-09,HRTX,0.826,0.819,0.83,0.8,1617921,1316837.0,3.61,-1.56,-0.013,0.86
2026-04-09,HRZN,4.6,4.55,4.64,4.55,431050,1972983.0,1.95,-1.3,-0.06,0.9
2026-04-09,HSAI,21.8,21.77,22.129,21.64,899743,19648102.0,2.23,-0.5,-0.11,0.69
2026-04-09,HSBC,89.23,90.27,90.67,89.08,1766800,158806140.0,1.76,0.0,0.0,0.05
2026-04-09,HSBH,100.27,101.29,101.31,100.27,729,73737.0,1.03,-0.15,-0.15,0.0
2026-04-09,HSCS,2.29,2.16,2.29,2.15,11652,25700.0,6.22,-4.0,-0.09,0.37
2026-04-09,HSCSW,0.117,0.117,0.117,0.117,1,0.0,0.0,0.0,0.0,0.0
2026-04-09,HSCZ,41.44,41.58,41.72,41.279,5699,236303.0,1.06,-0.46,-0.191,0.0
2026-04-09,HSDT,1.86,1.89,1.95,1.82,474060,887015.0,6.91,0.53,0.01,0.86
2026-04-09,HSHP,13.99,13.65,14.11,13.54,170726,2347615.0,4.05,-3.12,-0.44,0.37
2026-04-09,HSIC,74.96,75.62,76.53,74.47,699084,52867285.0,2.73,0.12,0.09,0.61
2026-04-09,HSLV,6.13,6.52,6.7,6.13,337324,2190020.0,9.16,4.82,0.3,0.17
2026-04-09,HSMV,37.64,37.738,37.86,37.64,793,29934.0,0.59,0.71,0.265,0.0
2026-04-09,HSPT,7.0,7.35,9.302,6.29,41151,330807.0,48.78,19.03,1.175,0.7
2026-04-09,HSPTR,0.22,0.22,0.22,0.22,4,1.0,0.0,0.0,0.0,0.0
2026-04-09,HSPTU,10.07,10.07,10.07,10.07,113,1048.0,0.0,0.0,0.0,0.0
2026-04-09,HST,19.76,19.91,20.165,19.64,11801094,235222969.0,2.66,1.01,0.2,1.72
2026-04-09,HSTM,20.21,19.91,20.36,19.84,216332,4324286.0,2.56,-2.07,-0.42,0.74
2026-04-09,HTAB,19.17,19.19,19.2,19.06,51071,977953.0,0.73,0.21,0.04,0.0
2026-04-09,HTAX,24.49,24.526,24.55,24.44,2918,71576.0,0.45,0.31,0.077,0.0
2026-04-09,HTB,44.54,46.11,46.12,44.11,74714,3421564.0,4.48,2.83,1.27,0.44
2026-04-09,HTBK,12.99,13.46,13.495,12.99,436296,5852639.0,3.82,1.89,0.25,0.71
2026-04-09,HTCO,9.39,9.47,9.974,9.06,301771,2819603.0,9.74,0.96,0.09,4.14
2026-04-09,HTCR,3.51,3.59,3.886,3.3,44698,161661.0,16.28,-0.28,-0.01,3.51
2026-04-09,HTD,25.4,25.72,25.72,25.295,34483,880984.0,1.67,1.22,0.31,0.0
2026-04-09,HTEC,33.46,33.156,33.46,33.135,5452,181416.0,0.96,-1.58,-0.532,0.0
2026-04-09,HTFC,24.64,24.63,24.675,24.63,2370,58427.0,0.18,0.04,0.01,0.0
2026-04-09,HTFL,26.99,27.08,27.75,26.3,1048913,28513929.0,5.35,0.0,0.0,1.22
2026-04-09,HTGC,14.96,14.74,14.99,14.66,1625585,23987621.0,2.2,-1.6,-0.24,0.88
2026-04-09,HTH,37.38,38.09,38.3,37.32,209244,7954120.0,2.62,1.74,0.65,0.35
2026-04-09,HTHT,53.76,53.7,54.09,53.095,1405432,75424008.0,1.85,-0.07,-0.04,0.46
2026-04-09,HTLD,11.14,11.13,11.31,11.03,340776,3799720.0,2.5,-0.63,-0.07,0.44
2026-04-09,HTLM,1.61,1.66,1.66,1.6,12938,21260.0,3.66,1.22,0.02,0.01
2026-04-09,HTO,58.03,59.86,59.87,58.01,526616,31278373.0,3.2,2.85,1.66,1.26
2026-04-09,HTOO,2.78,2.77,2.88,2.77,11142,31088.0,3.97,0.0,0.0,0.37
2026-04-09,HTRB,33.93,33.96,34.015,33.88,250296,8499865.0,0.4,0.06,0.02,0.0
2026-04-09,HTT,2.5,2.5,2.53,2.445,144604,360043.0,3.36,-1.19,-0.03,0.16
2026-04-09,HTUS,39.64,39.998,40.0,39.51,2397,95430.0,1.24,0.95,0.378,0.0
2026-04-09,HTZ,5.97,6.57,6.69,5.96,16936802,109626463.0,12.23,10.05,0.6,5.38
2026-04-09,HTZWW,2.87,3.21,3.21,2.87,356242,1108450.0,11.54,9.0,0.265,0.0
2026-04-09,HUBB,525.65,534.67,536.965,521.46,559082,298256656.0,2.94,1.41,7.46,1.05
2026-04-09,HUBC,0.126,0.113,0.136,0.108,27954219,3481081.0,14.14,-42.93,-0.085,89.08
2026-04-09,HUBCW,0.006,0.009,0.009,0.006,13476,111.0,33.33,0.0,0.0,0.0
2026-04-09,HUBCZ,0.005,0.007,0.007,0.005,4778,31.0,25.0,-12.5,-0.001,0.0
2026-04-09,HUBG,38.27,38.76,39.165,37.91,607246,23485609.0,3.25,0.39,0.15,1.0
2026-04-09,HUBS,216.05,205.04,219.52,198.51,3298462,671926656.0,9.64,-5.94,-12.94,6.25
2026-04-09,HUDI,1.11,1.21,1.22,1.11,8832,10265.0,8.73,-3.97,-0.05,0.06
2026-04-09,HUHU,10.49,10.55,10.8,9.6,59347,619867.0,11.64,2.33,0.24,0.23
2026-04-09,HUIZ,1.42,1.47,1.5,1.42,19351,27899.0,5.23,-3.92,-0.06,0.23
2026-04-09,HUM,197.05,197.32,200.44,194.535,1319987,260776506.0,2.98,-0.54,-1.07,1.1
2026-04-09,HUMA,0.653,0.607,0.667,0.607,4596411,2882000.0,9.2,-6.9,-0.045,2.07
2026-04-09,HUMAW,0.115,0.09,0.115,0.09,16258,1516.0,22.73,-18.18,-0.02,0.0
2026-04-09,HUMN,30.0,30.32,30.43,29.88,69141,2086800.0,1.81,-0.43,-0.13,0.0
2026-04-09,HUN,13.57,13.52,13.86,13.33,6043066,81695196.0,3.91,-0.37,-0.05,3.47
2026-04-09,HURA,1.81,1.96,2.02,1.72,1274794,2459587.0,16.57,8.29,0.15,2.01
2026-04-09,HURC,15.21,16.13,16.49,15.2,29894,474543.0,8.37,4.67,0.72,0.46
2026-04-09,HURN,129.71,124.29,130.585,123.65,382022,47788876.0,5.33,-4.39,-5.71,2.3
2026-04-09,HUSV,39.194,39.23,39.315,39.17,1264,49643.0,0.37,0.08,0.033,0.0
2026-04-09,HUT,61.06,63.42,67.08,60.549,8390137,538458928.0,10.63,3.24,1.99,7.57
2026-04-09,HUTG,10.9,11.659,12.93,10.894,165736,1993191.0,18.63,6.67,0.729,0.0
2026-04-09,HUYA,3.24,3.24,3.28,3.18,937541,3020065.0,3.05,-1.22,-0.04,1.28
2026-04-09,HVAC,37.2,37.58,37.899,37.19,14116,531076.0,1.93,2.06,0.76,0.0
2026-04-09,HVII,10.36,10.36,10.36,10.355,20358,210907.0,0.05,0.0,0.0,0.1
2026-04-09,HVIIR,0.25,0.273,0.29,0.25,28281,7909.0,20.83,42.19,0.081,0.0
2026-04-09,HVMC,10.08,10.08,10.08,10.08,864,8709.0,0.0,0.0,0.0,0.0
2026-04-09,HVMCU,10.3,10.2,10.3,10.2,1866,19119.0,0.98,0.0,0.0,0.0
2026-04-09,HVT,21.98,22.5,22.63,21.89,129813,2905941.0,3.33,1.31,0.29,0.87
2026-04-09,HVT_A,23.72,23.72,23.72,23.72,93,2125.0,0.0,0.0,0.0,0.01
2026-04-09,HWAY,35.65,35.593,35.65,35.593,212,7567.0,0.16,1.36,0.477,0.0
2026-04-09,HWBK,33.79,34.92,34.92,33.785,7874,271820.0,3.29,1.07,0.37,0.11
2026-04-09,HWC,66.78,68.27,68.34,66.63,760495,51676455.0,2.55,1.88,1.26,0.93
2026-04-09,HWCPZ,22.35,22.52,22.8,22.32,7198,163497.0,2.15,0.76,0.17,0.0
2026-04-09,HWKN,146.2,147.73,148.84,145.445,196194,28829327.0,2.31,0.42,0.62,0.94
2026-04-09,HWM,249.26,254.06,257.37,249.255,1889995,480260496.0,3.25,1.62,4.06,0.47
2026-04-09,HXHX,0.531,0.539,0.548,0.52,66212,35525.0,5.1,-1.82,-0.01,0.74
2026-04-09,HXL,83.04,84.41,84.79,82.63,618463,52070953.0,2.59,1.32,1.1,0.82
2026-04-09,HY,34.33,36.15,36.32,34.33,59275,2135380.0,5.66,2.73,0.96,0.41
2026-04-09,HYBB,46.78,46.83,46.9,46.71,13035,610648.0,0.41,0.06,0.027,0.0
2026-04-09,HYBI,49.8,49.82,49.87,49.77,11226,559338.0,0.2,0.17,0.085,0.0
2026-04-09,HYBL,27.92,27.945,27.965,27.9,106564,2975961.0,0.23,0.09,0.025,0.0
2026-04-09,HYBX,30.021,29.87,30.021,29.87,939,28122.0,0.51,0.0,0.0,0.0
2026-04-09,HYD,50.81,51.06,51.085,50.81,552558,28188256.0,0.54,0.35,0.18,0.0
2026-04-09,HYDB,46.84,46.92,47.0,46.76,312495,14637687.0,0.51,0.13,0.06,0.0
2026-04-09,HYDR,37.83,39.01,39.42,37.83,32397,1266856.0,4.15,1.9,0.729,0.0
2026-04-09,HYDW,46.765,46.865,46.99,46.765,4746,222578.0,0.48,0.05,0.024,0.0
2026-04-09,HYEM,19.84,19.87,19.93,19.81,834811,16580544.0,0.6,0.15,0.03,0.0
2026-04-09,HYFM,0.979,0.97,1.01,0.969,11821,11567.0,4.16,-1.52,-0.015,0.25
2026-04-09,HYFT,1.12,1.12,1.135,1.07,203699,224793.0,5.8,0.0,0.0,0.44
2026-04-09,HYGH,86.11,86.22,86.28,85.9,44673,3845536.0,0.44,0.09,0.08,0.0
2026-04-09,HYGV,40.34,40.38,40.46,40.265,149248,6027531.0,0.48,0.02,0.01,0.0
2026-04-09,HYGW,29.16,29.17,29.21,29.145,19815,578052.0,0.22,0.03,0.01,0.0
2026-04-09,HYHG,63.83,64.215,64.87,63.753,4434,284621.0,1.74,0.18,0.118,0.0
2026-04-09,HYI,10.88,10.88,10.88,10.779,74880,810364.0,0.93,0.46,0.05,0.0
2026-04-09,HYIN,14.53,14.615,14.649,14.52,4644,67747.0,0.89,0.45,0.065,0.0
2026-04-09,HYLB,36.6,36.64,36.7,36.53,1174972,43029465.0,0.46,0.03,0.01,0.0
2026-04-09,HYLN,1.76,1.81,1.83,1.76,647645,1168432.0,3.93,1.69,0.03,0.36
2026-04-09,HYLS,41.01,41.01,41.05,40.92,359336,14734665.0,0.32,0.0,0.0,0.0
2026-04-09,HYMB,25.04,25.08,25.09,25.009,819340,20538414.0,0.32,0.2,0.05,0.0
2026-04-09,HYMC,37.18,38.97,39.645,35.61,2452105,93634446.0,10.91,5.32,1.97,2.69
2026-04-09,HYNE,15.32,16.14,16.14,15.32,36528,576262.0,5.19,2.18,0.345,0.45
2026-04-09,HYP,26.41,25.955,26.41,25.87,13137,341319.0,2.07,-0.3,-0.077,0.0
2026-04-09,HYPD,3.21,3.27,3.43,3.13,240761,798075.0,9.35,1.87,0.06,2.11
2026-04-09,HYPR,1.12,1.21,1.23,1.12,429083,513482.0,9.82,8.04,0.09,0.51
2026-04-09,HYRM,23.208,23.225,23.23,23.208,1232,28606.0,0.09,0.11,0.025,0.0
2026-04-09,HYS,93.73,93.81,94.06,93.607,151282,14195230.0,0.48,-0.07,-0.07,0.0
2026-04-09,HYSA,14.95,14.95,14.96,14.89,16707,249055.0,0.47,-0.19,-0.028,0.0
2026-04-09,HYSD,20.25,20.22,20.25,20.22,2199,44534.0,0.15,0.02,0.004,0.0
2026-04-09,HYT,8.66,8.62,8.67,8.615,1215963,10513442.0,0.64,-0.46,-0.04,0.0
2026-04-09,HYTI,19.33,19.346,19.36,19.3,9764,188816.0,0.31,0.1,0.02,0.0
2026-04-09,HYTR,21.47,21.495,21.53,21.456,129061,2775956.0,0.34,0.09,0.02,0.0
2026-04-09,HYUP,41.86,41.9,41.99,41.8,4428,185467.0,0.45,0.08,0.032,0.0
2026-04-09,HYXF,46.71,46.693,46.85,46.585,6614,308877.0,0.57,0.09,0.043,0.0
2026-04-09,HYZD,22.4,22.477,22.49,22.4,30192,677910.0,0.4,0.12,0.027,0.0
2026-04-09,HZO,27.14,27.89,28.48,27.05,249209,6961919.0,5.2,1.42,0.39,1.13
2026-04-09,IAC,40.44,40.87,41.0,39.87,948654,38554046.0,2.79,1.06,0.43,1.37
2026-04-09,IACO,9.83,9.83,9.83,9.83,78983,776403.0,0.0,0.1,0.01,0.23
2026-04-09,IACOU,9.92,9.92,9.92,9.92,26,258.0,0.0,0.0,0.0,0.0
2026-04-09,IACOW,0.215,0.25,0.259,0.205,192006,39965.0,23.48,8.7,0.02,0.0
2026-04-09,IAE,7.65,7.66,7.69,7.52,52818,402269.0,2.21,-0.52,-0.04,0.03
2026-04-09,IAF,12.62,12.81,12.86,12.61,82387,1047254.0,1.98,1.26,0.16,0.0
2026-04-09,IAG,19.67,19.78,20.21,19.365,5334745,105729707.0,4.3,0.56,0.11,0.92
2026-04-09,IAGG,49.95,50.03,50.1,49.95,920758,46063280.0,0.3,-0.2,-0.1,0.0
2026-04-09,IAI,171.74,171.39,172.611,170.095,549570,94292680.0,1.46,-0.67,-1.15,0.0
2026-04-09,IAK,130.85,132.01,133.06,130.85,101053,13351119.0,1.68,0.34,0.45,0.0
2026-04-09,IALT,27.45,27.577,27.64,27.41,84213,2317494.0,0.84,0.5,0.137,0.0
2026-04-09,IAPR,32.353,32.508,32.67,32.353,81440,2646328.0,0.98,0.0,-0.001,0.0
2026-04-09,IART,9.53,9.83,9.83,9.19,626628,6082561.0,6.65,2.18,0.21,0.81
2026-04-09,IAT,56.72,58.0,58.18,56.72,181380,10456641.0,2.56,1.67,0.95,0.0
2026-04-09,IAU,89.425,89.72,90.33,89.31,4029657,362139904.0,1.15,0.76,0.68,0.0
2026-04-09,IAUG,29.24,29.28,29.285,29.24,968,28340.0,0.15,0.1,0.028,0.0
2026-04-09,IAUI,57.81,58.07,58.34,57.75,137813,8002465.0,1.02,0.69,0.4,0.0
2026-04-09,IAUM,47.34,47.53,47.83,47.29,2925660,139267407.0,1.15,0.81,0.38,0.0
2026-04-09,IAUX,1.71,1.68,1.76,1.67,21844690,37448194.0,5.29,-1.18,-0.02,2.6
2026-04-09,IAUX_WS,1.13,1.2,1.2,1.03,5357,6135.0,14.29,0.84,0.01,0.0
2026-04-09,IBAC,10.69,10.7,10.83,10.68,14130,151492.0,1.41,0.47,0.05,0.25
2026-04-09,IBACR,0.112,0.12,0.12,0.112,1738,204.0,7.27,9.09,0.01,0.0
2026-04-09,IBAT,37.03,37.2,37.47,36.81,9673,360049.0,1.81,1.74,0.636,0.0
2026-04-09,IBB,171.41,172.16,172.62,170.33,796170,136754015.0,1.33,0.17,0.3,0.0
2026-04-09,IBBQ,29.27,29.548,29.63,29.23,14104,416468.0,1.36,0.43,0.126,0.0
2026-04-09,IBCA,25.72,25.74,25.795,25.66,201680,5190134.0,0.52,0.0,0.0,0.0
2026-04-09,IBCB,25.21,25.271,25.33,25.195,310078,7838651.0,0.53,0.06,0.014,0.0
2026-04-09,IBCP,34.21,34.99,35.025,34.12,323543,11289062.0,2.63,1.51,0.52,1.57
2026-04-09,IBD,23.93,23.935,23.97,23.901,33220,795084.0,0.29,0.02,0.005,0.0
2026-04-09,IBDR,24.18,24.19,24.19,24.18,510219,12339954.0,0.04,0.0,0.0,0.0
2026-04-09,IBDS,24.2,24.19,24.21,24.17,450991,10910711.0,0.17,0.0,0.0,0.0
2026-04-09,IBDT,25.28,25.3,25.319,25.25,539317,13641851.0,0.27,0.08,0.02,0.0
2026-04-09,IBDU,23.25,23.25,23.285,23.22,752379,17496997.0,0.28,0.0,0.0,0.0
2026-04-09,IBDV,21.91,21.92,21.94,21.87,580086,12708277.0,0.32,0.14,0.03,0.0
2026-04-09,IBDW,20.95,20.98,21.01,20.88,403304,8460604.0,0.62,0.1,0.02,0.0
2026-04-09,IBDX,25.32,25.35,25.389,25.285,135616,3437229.0,0.41,0.08,0.02,0.0
2026-04-09,IBDY,25.9,25.93,25.97,25.852,135299,3506028.0,0.46,0.06,0.015,0.0
2026-04-09,IBDZ,26.14,26.17,26.23,26.1,77593,2030676.0,0.5,0.04,0.01,0.0
2026-04-09,IBEX,27.93,27.79,27.99,27.34,78151,2164763.0,2.32,-0.68,-0.19,0.58
2026-04-09,IBFR,48.86,48.956,48.956,48.86,1241,60724.0,0.2,0.24,0.115,0.0
2026-04-09,IBG,1.09,1.08,1.15,1.08,106867,118651.0,6.36,-1.82,-0.02,5.89
2026-04-09,IBGA,24.48,24.535,24.63,24.48,1859,45647.0,0.61,-0.13,-0.031,0.0
2026-04-09,IBGB,24.48,24.48,24.48,24.48,104,2545.0,0.0,-0.16,-0.04,0.0
2026-04-09,IBGC,25.141,25.141,25.141,25.141,1,5.0,0.0,-0.19,-0.049,0.0
2026-04-09,IBGK,23.421,23.421,23.421,23.421,12,285.0,0.0,-0.26,-0.061,0.0
2026-04-09,IBGL,24.11,24.1,24.19,24.03,1880,45297.0,0.66,-0.25,-0.06,0.0
2026-04-09,IBGM,25.039,25.039,25.039,25.039,1,2.0,0.0,-0.25,-0.064,0.0
2026-04-09,IBHF,22.87,22.875,22.91,22.865,201309,4607577.0,0.2,-0.02,-0.005,0.0
2026-04-09,IBHG,22.1,22.13,22.15,22.08,83390,1844343.0,0.32,0.09,0.02,0.0
2026-04-09,IBHH,23.52,23.56,23.575,23.49,44683,1051431.0,0.36,0.13,0.03,0.0
2026-04-09,IBHI,23.37,23.43,23.46,23.353,95748,2240134.0,0.46,0.09,0.02,0.0
2026-04-09,IBHJ,26.45,26.47,26.48,26.38,16233,429485.0,0.38,0.08,0.02,0.0
2026-04-09,IBHK,25.65,25.713,25.75,25.63,5158,132488.0,0.47,0.11,0.028,0.0
2026-04-09,IBHL,25.495,25.506,25.55,25.495,778,19864.0,0.22,0.11,0.027,0.0
2026-04-09,IBHM,25.52,25.503,25.54,25.45,410,10464.0,0.35,0.18,0.045,0.0
2026-04-09,IBIC,25.92,25.881,25.92,25.874,9189,237866.0,0.18,0.0,0.001,0.0
2026-04-09,IBID,26.065,26.07,26.08,26.02,15564,405758.0,0.23,0.08,0.02,0.0
2026-04-09,IBIE,26.18,26.22,26.23,26.18,25985,680999.0,0.19,0.0,0.0,0.0
2026-04-09,IBIF,26.235,26.26,26.26,26.235,15562,408466.0,0.1,0.08,0.02,0.0
2026-04-09,IBIG,26.21,26.27,26.27,26.21,14097,370018.0,0.23,0.11,0.03,0.0
2026-04-09,IBIH,26.195,26.24,26.245,26.186,21234,556754.0,0.23,0.11,0.03,0.0
2026-04-09,IBII,25.908,25.96,25.96,25.881,17634,457222.0,0.3,0.12,0.03,0.0
2026-04-09,IBIJ,25.998,26.03,26.06,25.99,10566,274981.0,0.27,0.0,0.0,0.0
2026-04-09,IBIK,25.76,25.801,25.84,25.755,13787,355577.0,0.33,0.04,0.011,0.0
2026-04-09,IBIL,25.52,25.585,25.59,25.52,3366,86019.0,0.27,0.16,0.04,0.0
2026-04-09,IBIM,25.3,25.29,25.31,25.25,1520,38414.0,0.24,0.12,0.03,0.0
2026-04-09,IBIO,2.23,2.2,2.26,2.15,561518,1240502.0,4.91,-1.79,-0.04,1.63
2026-04-09,IBIT,40.32,40.91,41.15,39.96,33030949,1344975968.0,2.94,1.21,0.49,0.0
2026-04-09,IBKR,71.755,71.93,73.09,71.54,4768820,343968704.0,2.14,-0.53,-0.38,1.07
2026-04-09,IBLC,39.32,39.38,40.35,38.712,11328,448495.0,4.14,-0.51,-0.2,0.0
2026-04-09,IBM,240.88,237.18,241.74,233.76,5078595,1202076112.0,3.3,-1.89,-4.56,0.54
2026-04-09,IBMO,25.612,25.62,25.67,25.61,530209,13607521.0,0.23,-0.08,-0.02,0.0
2026-04-09,IBMP,25.4,25.39,25.41,25.38,67993,1726555.0,0.12,-0.08,-0.02,0.0
2026-04-09,IBMQ,25.55,25.52,25.558,25.52,85887,2192803.0,0.15,-0.04,-0.01,0.0
2026-04-09,IBMR,25.39,25.4,25.45,25.22,66984,1698841.0,0.91,0.08,0.02,0.0
2026-04-09,IBMS,25.93,25.91,25.93,25.89,69832,1809200.0,0.15,0.0,0.0,0.0
2026-04-09,IBMT,25.79,25.75,25.79,25.75,28334,729969.0,0.16,-0.15,-0.039,0.0
2026-04-09,IBMU,25.395,25.41,25.41,25.395,425,10795.0,0.06,0.24,0.06,0.0
2026-04-09,IBMV,25.455,25.455,25.455,25.455,1,25.0,0.0,0.24,0.06,0.0
2026-04-09,IBN,27.1,27.47,27.57,26.97,6056649,166115534.0,2.18,-0.15,-0.04,0.17
2026-04-09,IBND,31.59,31.7,31.76,31.56,73039,2314012.0,0.63,0.06,0.02,0.0
2026-04-09,IBO,0.657,0.71,0.716,0.645,135684,92701.0,10.0,0.0,0.0,0.13
2026-04-09,IBOC,69.91,71.7,72.185,69.8,510566,36417105.0,3.39,1.85,1.3,0.82
2026-04-09,IBOT,57.31,57.67,57.74,57.0,6467,371295.0,1.29,0.3,0.17,0.0
2026-04-09,IBP,273.43,285.66,287.81,273.43,429679,122385426.0,5.1,1.35,3.81,1.6
2026-04-09,IBRN,34.02,34.096,34.096,34.02,938,31939.0,0.22,0.92,0.31,0.0
2026-04-09,IBRX,7.0,7.48,7.64,6.97,21588055,159175025.0,9.6,7.16,0.5,2.1
2026-04-09,IBTA,30.77,31.61,31.705,30.77,150190,4724159.0,3.0,1.41,0.44,0.72
2026-04-09,IBTG,22.86,22.865,22.87,22.86,540402,12355629.0,0.04,0.02,0.005,0.0
2026-04-09,IBTH,22.39,22.395,22.4,22.38,431907,9671391.0,0.09,0.02,0.005,0.0
2026-04-09,IBTI,22.24,22.245,22.26,22.23,321940,7161471.0,0.13,0.02,0.005,0.0
2026-04-09,IBTJ,21.79,21.805,21.83,21.79,307498,6705386.0,0.18,0.02,0.005,0.0
2026-04-09,IBTK,19.7,19.71,19.73,19.68,213724,4210565.0,0.25,0.03,0.005,0.0
2026-04-09,IBTL,20.36,20.375,20.4,20.345,84846,1728950.0,0.27,0.0,0.0,0.0
2026-04-09,IBTM,22.9,22.91,22.95,22.865,83722,1918694.0,0.37,0.0,0.0,0.0
2026-04-09,IBTO,24.35,24.37,24.41,24.32,29027,707727.0,0.37,0.0,0.0,0.0
2026-04-09,IBTP,25.61,25.63,25.67,25.575,20997,538393.0,0.37,-0.02,-0.005,0.0
2026-04-09,IBTQ,25.27,25.29,25.34,25.23,35439,896475.0,0.43,-0.06,-0.015,0.0
2026-04-09,IBTR,25.095,25.105,25.155,25.07,2372,59557.0,0.34,-0.02,-0.005,0.0
2026-04-09,IBUF,30.19,30.22,30.31,30.107,51285,1549495.0,0.67,-0.11,-0.032,0.0
2026-04-09,IBUY,64.39,64.7,64.75,64.351,2970,191495.0,0.62,-0.15,-0.099,0.0
2026-04-09,IBX,23.08,22.594,23.08,22.15,2232,50045.0,3.96,-3.82,-0.898,0.0
2026-04-09,ICAP,27.2,27.5,27.598,27.2,20010,547951.0,1.46,1.14,0.31,0.0
2026-04-09,ICCC,6.75,7.19,7.499,6.75,84263,602942.0,11.74,12.7,0.81,0.93
2026-04-09,ICCM,0.34,0.34,0.36,0.336,307738,106217.0,7.1,0.59,0.002,0.38
2026-04-09,ICE,167.53,161.97,167.75,161.66,3434426,562486384.0,3.63,-3.47,-5.82,0.61
2026-04-09,ICF,64.3,65.05,65.56,64.18,73810,4810124.0,2.14,0.96,0.62,0.0
2026-04-09,ICFI,69.2,68.96,69.27,67.775,250509,17240764.0,2.16,-0.35,-0.24,1.37
2026-04-09,ICG,1.24,1.325,1.33,1.24,5664,7268.0,6.82,0.38,0.005,0.02
2026-04-09,ICHR,53.05,55.21,55.8,52.66,626318,34283628.0,5.96,4.82,2.54,1.8
2026-04-09,ICL,5.41,5.32,5.475,5.31,1263892,6792811.0,3.06,-1.3,-0.07,0.1
2026-04-09,ICLN,18.46,18.64,18.845,18.45,2136340,39904828.0,2.13,0.65,0.12,0.0
2026-04-09,ICLO,25.54,25.53,25.54,25.52,116437,2972329.0,0.08,-0.03,-0.007,0.0
2026-04-09,ICLR,105.12,106.7,106.83,102.53,692962,72880929.0,4.04,0.15,0.16,0.91
2026-04-09,ICMB,1.66,1.7,1.7,1.59,45792,76273.0,6.71,3.66,0.06,0.32
2026-04-09,ICOI,11.49,11.13,11.49,11.0,26016,291783.0,4.37,-0.71,-0.08,0.0
2026-04-09,ICON,1.1,1.06,1.1,1.04,104304,112315.0,5.41,-4.5,-0.05,3.25
2026-04-09,ICOP,51.31,51.367,51.99,50.93,115110,5918812.0,2.05,-0.43,-0.223,0.0
2026-04-09,ICOW,43.7,43.87,44.02,43.61,184766,8105285.0,0.93,-0.3,-0.13,0.0
2026-04-09,ICPI,50.69,50.655,50.705,50.64,4874,246964.0,0.13,0.04,0.02,0.0
2026-04-09,ICPY,11.69,11.72,11.72,11.69,182013,2132209.0,0.26,-0.26,-0.03,0.0
2026-04-09,ICRC,23.758,23.758,23.758,23.758,368,9181.0,0.0,-8.76,-2.28,0.0
2026-04-09,ICR_A,20.98,20.98,20.98,20.98,115,2418.0,0.0,0.0,0.0,0.0
2026-04-09,ICSH,50.52,50.52,50.54,50.52,1601837,80942477.0,0.04,-0.02,-0.01,0.0
2026-04-09,ICU,4.2,4.06,4.28,4.0,71862,296876.0,6.7,-2.87,-0.12,1.8
2026-04-09,ICUCW,0.028,0.029,0.029,0.02,66576,1665.0,28.13,-9.38,-0.003,0.0
2026-04-09,ICUI,122.36,125.83,125.86,121.4,224976,28099061.0,3.6,1.54,1.91,0.9
2026-04-09,ICVT,107.55,107.56,108.2,107.16,337322,36301647.0,0.97,0.16,0.17,0.0
2026-04-09,IDA,146.15,148.4,148.655,146.15,377120,55864351.0,1.71,1.43,2.09,0.68
2026-04-09,IDAI,2.41,2.4,2.63,2.34,41270,99447.0,11.65,-3.61,-0.09,0.78
2026-04-09,IDCC,344.96,349.58,357.36,340.855,474006,166329567.0,4.78,1.34,4.62,1.85
2026-04-09,IDE,12.96,13.1,13.14,12.935,62039,809062.0,1.58,0.96,0.125,0.0
2026-04-09,IDEC,33.56,33.55,33.56,33.55,503,16861.0,0.03,0.15,0.049,0.0
2026-04-09,IDEF,34.655,34.56,34.87,34.33,727493,25204094.0,1.55,-1.0,-0.35,0.0
2026-04-09,IDEQ,33.35,33.44,33.69,33.13,135573,4535916.0,1.66,-0.71,-0.24,0.0
2026-04-09,IDEV,86.97,87.62,88.025,86.85,1164301,101953940.0,1.34,-0.3,-0.26,0.0
2026-04-09,IDGT,106.84,107.02,107.556,105.795,67605,7239711.0,1.65,0.17,0.18,0.0
2026-04-09,IDHQ,37.38,37.76,37.96,37.296,44536,1671807.0,1.75,-0.29,-0.11,0.0
2026-04-09,IDLV,35.41,35.7,35.98,35.35,84506,3024810.0,1.77,0.11,0.04,0.0
2026-04-09,IDMO,58.34,58.92,59.19,58.13,508789,29933426.0,1.8,-0.03,-0.02,0.0
2026-04-09,IDN,7.87,7.86,7.93,7.58,296469,2317521.0,4.47,0.38,0.03,1.46
2026-04-09,IDNA,29.37,29.63,29.68,29.24,43045,1269560.0,1.49,0.37,0.11,0.0
2026-04-09,IDOG,42.86,43.17,43.32,42.79,26553,1144651.0,1.23,0.02,0.01,0.0
2026-04-09,IDR,36.65,36.77,37.51,35.69,229582,8478417.0,4.97,0.41,0.15,1.45
2026-04-09,IDRV,39.9,40.12,40.304,39.841,10505,421133.0,1.15,-0.1,-0.04,0.0
2026-04-09,IDT,49.15,50.01,50.09,49.12,111341,5550997.0,1.96,1.03,0.51,0.47
2026-04-09,IDU,118.08,119.13,120.39,118.08,181028,21696068.0,1.95,0.74,0.87,0.0
2026-04-09,IDUB,26.0,26.18,26.34,25.86,37026,967587.0,1.84,0.34,0.09,0.0
2026-04-09,IDV,43.63,43.81,43.966,43.56,1415311,62045612.0,0.93,0.05,0.02,0.0
2026-04-09,IDVO,42.0,42.33,42.44,41.91,483025,20418966.0,1.25,0.19,0.08,0.0
2026-04-09,IDVY,24.832,24.775,24.832,24.775,666,16537.0,0.23,-0.5,-0.125,0.0
2026-04-09,IDVZ,34.83,34.872,34.97,34.83,14178,494660.0,0.4,0.31,0.109,0.0
2026-04-09,IDX,13.975,14.02,14.05,13.906,9976,139772.0,1.03,0.57,0.08,0.0
2026-04-09,IDXX,584.16,584.75,588.58,580.39,448132,261874980.0,1.38,-1.2,-7.09,0.56
2026-04-09,IDYA,30.825,31.0,31.52,30.525,1416267,44063113.0,3.21,0.13,0.04,1.61
2026-04-09,IDYN,30.21,30.496,30.59,30.17,768,23352.0,1.38,-0.1,-0.029,0.0
2026-04-09,IE,12.96,12.87,13.31,12.54,1591688,20466137.0,5.86,-1.98,-0.26,1.01
2026-04-09,IEAG,10.0,10.0,10.0,10.0,2005,20050.0,0.0,0.0,0.0,0.01
2026-04-09,IEAGR,0.18,0.18,0.18,0.18,200,36.0,0.0,0.0,0.0,0.0
2026-04-09,IEDI,55.46,56.24,56.315,55.46,11395,640918.0,1.54,1.08,0.603,0.0
2026-04-09,IEF,95.37,95.43,95.65,95.225,11066061,1056287808.0,0.45,-0.03,-0.03,0.0
2026-04-09,IEFA,94.34,95.14,95.61,94.17,8963814,851126400.0,1.51,-0.29,-0.28,0.0
2026-04-09,IEI,118.46,118.51,118.68,118.35,884365,104818753.0,0.28,0.02,0.02,0.0
2026-04-09,IEMG,73.31,73.94,74.215,72.96,7986814,588857888.0,1.69,-0.27,-0.2,0.0
2026-04-09,IEO,119.0,115.63,119.93,115.14,405582,47364180.0,4.05,-2.31,-2.73,0.0
2026-04-09,IEP,7.71,7.7,7.73,7.665,354913,2729876.0,0.84,-0.26,-0.02,0.06
2026-04-09,IESC,523.16,535.72,540.0,523.16,217991,116016621.0,3.22,2.43,12.71,1.09
2026-04-09,IETC,92.6,91.89,92.6,91.08,40159,3677601.0,1.64,-0.84,-0.78,0.0
2026-04-09,IETH,21.747,21.747,21.747,21.747,129,2800.0,0.0,0.53,0.115,0.0
2026-04-09,IEUR,73.35,73.92,74.29,73.25,644229,47574474.0,1.41,-0.09,-0.07,0.0
2026-04-09,IEUS,70.0,70.308,70.405,69.73,2477,173364.0,0.96,-0.16,-0.11,0.0
2026-04-09,IEV,71.04,71.44,71.83,70.79,150438,10738878.0,1.45,-0.17,-0.12,0.0
2026-04-09,IEX,197.11,199.73,201.57,196.96,773010,154130065.0,2.33,0.95,1.88,1.04
2026-04-09,IEZ,29.47,29.59,30.08,29.47,229979,6836964.0,2.07,0.31,0.09,0.0
2026-04-09,IFBD,0.981,0.94,0.981,0.94,1978,1898.0,4.46,2.17,0.02,0.02
2026-04-09,IFEB,30.52,30.651,30.72,30.47,3174,97232.0,0.82,0.02,0.006,0.0
2026-04-09,IFED,41.405,41.405,41.405,41.405,1,41.0,0.0,0.46,0.189,0.0
2026-04-09,IFF,72.82,73.13,73.75,72.03,1386187,101328117.0,2.33,-0.87,-0.64,0.54
2026-04-09,IFGL,23.26,23.505,23.63,23.26,10375,243720.0,1.57,-0.18,-0.043,0.0
2026-04-09,IFLN,18.33,18.35,18.397,18.3,63694,1169073.0,0.53,0.21,0.038,0.0
2026-04-09,IFLO,32.15,32.205,32.3,32.05,6220,200363.0,0.77,-0.49,-0.158,0.0
2026-04-09,IFLR,51.27,51.427,51.46,51.27,5107,262163.0,0.37,0.09,0.044,0.0
2026-04-09,IFN,11.5,11.69,11.72,11.47,248305,2894414.0,2.17,1.39,0.16,0.0
2026-04-09,IFRA,59.06,59.77,60.155,59.06,290161,17384736.0,1.85,0.96,0.57,0.0
2026-04-09,IFRX,0.967,1.03,1.055,0.955,705365,724871.0,10.53,8.42,0.08,0.98
2026-04-09,IFS,51.77,51.5,52.595,51.11,186597,9620010.0,2.86,-0.69,-0.36,0.17
2026-04-09,IFV,26.78,26.835,26.93,26.77,8266,221641.0,0.6,0.18,0.048,0.0
2026-04-09,IG,20.69,20.711,20.75,20.669,11506,238257.0,0.39,0.05,0.01,0.0
2026-04-09,IGA,9.55,9.58,9.6,9.46,109381,1045915.0,1.46,0.0,0.0,0.0
2026-04-09,IGAC,9.94,9.94,9.94,9.94,300,2982.0,0.0,0.4,0.04,0.0
2026-04-09,IGACU,10.06,10.06,10.06,10.06,516,5191.0,0.0,-0.15,-0.015,0.0
2026-04-09,IGBH,24.27,24.31,24.34,24.25,45441,1104623.0,0.37,0.16,0.04,0.0
2026-04-09,IGC,0.28,0.301,0.316,0.28,1276916,382678.0,12.86,7.5,0.021,1.29
2026-04-09,IGCB,46.065,46.065,46.065,46.065,9,428.0,0.0,-0.01,-0.005,0.0
2026-04-09,IGD,5.77,5.82,5.85,5.76,327853,1901965.0,1.56,0.87,0.05,0.0
2026-04-09,IGE,62.32,61.86,63.055,61.79,371447,23101341.0,2.03,-0.79,-0.49,0.0
2026-04-09,IGEB,45.18,45.235,45.34,45.13,194585,8802052.0,0.46,0.06,0.025,0.0
2026-04-09,IGF,68.62,69.03,69.55,68.605,968501,67071541.0,1.37,0.41,0.28,0.0
2026-04-09,IGGY,26.985,26.985,26.985,26.985,255,6915.0,0.0,-1.14,-0.31,0.0
2026-04-09,IGHG,78.06,78.07,78.08,77.85,16968,1323490.0,0.3,0.24,0.188,0.0
2026-04-09,IGI,16.179,16.18,16.24,16.15,2982,48328.0,0.55,-0.56,-0.091,0.0
2026-04-09,IGIB,53.36,53.42,53.52,53.27,2809946,150095152.0,0.47,0.09,0.05,0.0
2026-04-09,IGIC,25.08,25.75,25.99,25.01,35525,913600.0,3.85,1.18,0.3,0.08
2026-04-09,IGLB,49.89,50.02,50.2,49.79,1495733,74793368.0,0.82,0.04,0.02,0.0
2026-04-09,IGLD,25.41,25.38,25.66,25.357,347177,8865594.0,1.2,0.71,0.18,0.0
2026-04-09,IGM,127.02,127.17,127.24,125.66,1144761,145025983.0,1.24,0.2,0.26,0.0
2026-04-09,IGME,24.555,24.503,24.64,24.503,1270,31231.0,0.56,-0.04,-0.009,0.0
2026-04-09,IGOV,41.5,41.699,41.87,41.39,286599,11945012.0,1.15,0.05,0.019,0.0
2026-04-09,IGPT,63.62,63.95,64.13,63.085,44721,2851797.0,1.64,0.16,0.1,0.0
2026-04-09,IGR,4.56,4.61,4.658,4.55,374710,1727213.0,2.37,1.1,0.05,0.0
2026-04-09,IGRO,86.41,87.07,87.32,86.17,40568,3525789.0,1.32,-0.19,-0.17,0.0
2026-04-09,IGSB,52.5,52.57,52.62,52.5,4315843,226862330.0,0.23,0.06,0.03,0.0
2026-04-09,IGTR,29.72,30.003,30.02,29.72,934,27977.0,1.0,-0.2,-0.059,0.0
2026-04-09,IGV,79.15,76.64,79.29,75.852,38649214,2965399312.0,4.31,-3.9,-3.11,0.0
2026-04-09,IH,1.75,1.76,1.76,1.64,6252,10599.0,6.83,0.17,0.003,0.03
2026-04-09,IHAK,45.18,43.43,45.18,43.16,231860,10145513.0,4.44,-4.51,-2.05,0.0
2026-04-09,IHD,6.98,6.96,6.99,6.55,155327,1077733.0,6.29,-0.43,-0.03,0.0
2026-04-09,IHDG,50.03,50.44,50.565,49.935,104363,5251728.0,1.24,-0.39,-0.2,0.0
2026-04-09,IHE,87.45,88.24,88.8,87.43,47079,4154158.0,1.56,0.51,0.45,0.0
2026-04-09,IHF,44.82,44.82,45.03,44.58,376450,16883907.0,1.0,-0.27,-0.12,0.0
2026-04-09,IHG,140.35,143.14,143.41,139.62,155107,22037261.0,2.68,1.35,1.91,0.1
2026-04-09,IHI,53.97,53.8,54.08,53.31,1801452,96842668.0,1.42,-1.01,-0.55,0.0
2026-04-09,IHRT,3.45,3.51,3.53,3.39,400190,1392422.0,4.0,0.29,0.01,0.31
2026-04-09,IHS,8.29,8.23,8.3,8.23,513948,4246044.0,0.85,-0.36,-0.03,0.15
2026-04-09,IHT,1.11,1.12,1.126,1.106,9916,10940.0,1.75,-1.75,-0.02,0.11
2026-04-09,IHY,21.66,21.73,21.77,21.63,6841,148687.0,0.65,0.16,0.035,0.0
2026-04-09,IIF,21.92,21.94,22.05,21.55,40146,878785.0,2.29,0.41,0.09,0.0
2026-04-09,IIGD,24.685,24.69,24.71,24.685,2674,66062.0,0.1,0.1,0.024,0.0
2026-04-09,III,4.02,4.0,4.07,3.894,237784,953022.0,4.32,-1.72,-0.07,0.5
2026-04-09,IIIN,35.23,36.07,36.15,35.23,86473,3111491.0,2.6,1.92,0.68,0.44
2026-04-09,IIIV,22.13,21.82,22.79,21.67,239369,5233845.0,5.06,-1.45,-0.32,1.08
2026-04-09,IIM,12.32,12.42,12.44,12.32,83774,1037361.0,0.97,0.89,0.11,0.0
2026-04-09,IINN,0.444,0.407,0.46,0.394,186407,77693.0,15.49,-4.46,-0.019,0.43
2026-04-09,IINNW,0.088,0.1,0.1,0.088,4033,399.0,12.0,0.0,0.0,0.0
2026-04-09,IIPR,49.05,50.07,50.62,48.95,277507,13891011.0,3.39,1.52,0.75,0.99
2026-04-09,IIPR_A,21.48,21.22,21.48,21.19,60450,1285373.0,1.36,-0.7,-0.15,2.99
2026-04-09,IJAN,37.09,37.24,37.24,37.02,11083,411506.0,0.59,0.15,0.055,0.0
2026-04-09,IJH,70.21,70.67,70.97,70.13,7993556,564187232.0,1.19,0.2,0.14,0.0
2026-04-09,IJJ,137.0,138.19,138.6,136.885,200707,27712466.0,1.25,0.42,0.58,0.0
2026-04-09,IJK,105.23,105.6,106.115,104.88,232472,24543366.0,1.17,0.03,0.03,0.0
2026-04-09,IJR,129.24,130.75,131.265,129.125,4684787,610766528.0,1.65,0.71,0.92,0.0
2026-04-09,IJS,121.71,123.25,123.56,121.71,181319,22289506.0,1.51,0.74,0.9,0.0
2026-04-09,IJT,152.09,154.01,154.81,152.09,76094,11701316.0,1.78,0.74,1.13,0.0
2026-04-09,IJUL,34.52,34.615,34.67,34.47,5595,193441.0,0.58,0.16,0.055,0.0
2026-04-09,IJUN,30.105,30.231,30.231,30.105,575,17320.0,0.42,0.16,0.048,0.0
2026-04-09,IKT,1.73,1.69,1.765,1.67,1114465,1902039.0,5.46,-2.87,-0.05,0.84
2026-04-09,ILAG,3.6,3.55,3.97,3.52,12724,47760.0,13.24,4.41,0.15,0.61
2026-04-09,ILCB,93.24,93.93,94.04,93.18,12103,1131837.0,0.92,0.55,0.51,0.0
2026-04-09,ILCG,100.64,101.27,101.42,100.085,84899,8588862.0,1.33,0.63,0.63,0.0
2026-04-09,ILCV,95.36,96.07,96.22,95.23,31243,2998708.0,1.04,0.52,0.5,0.0
2026-04-09,ILDR,31.46,31.52,31.63,31.19,43457,1370055.0,1.4,0.32,0.1,0.0
2026-04-09,ILF,36.83,37.32,37.435,36.83,3423732,127503225.0,1.64,1.44,0.53,0.0
2026-04-09,ILIT,17.98,17.84,17.98,17.695,6830,121729.0,1.6,0.17,0.03,0.0
2026-04-09,ILMN,126.03,123.67,126.933,122.695,2307091,285732656.0,3.31,-3.38,-4.33,1.52
2026-04-09,ILOW,44.26,44.49,44.72,44.12,66815,2968335.0,1.34,-0.34,-0.15,0.0
2026-04-09,ILPT,5.6,5.63,5.715,5.51,234653,1321267.0,3.67,0.72,0.04,0.35
2026-04-09,ILS,19.77,19.82,19.83,19.76,92431,1829372.0,0.35,0.15,0.03,0.0
2026-04-09,ILTB,49.17,49.27,49.44,49.08,205741,10151547.0,0.73,0.0,0.0,0.0
2026-04-09,IMA,4.51,4.75,4.9,4.51,17997,84317.0,8.53,3.94,0.18,0.16
2026-04-09,IMAR,29.76,29.9,29.93,29.73,7631,227952.0,0.67,0.1,0.031,0.0
2026-04-09,IMAX,38.21,37.85,38.335,37.181,856087,32295214.0,3.02,-0.92,-0.35,1.59
2026-04-09,IMAY,30.78,30.86,30.86,30.78,341,10501.0,0.26,0.25,0.076,0.0
2026-04-09,IMCB,86.6,86.99,87.22,86.52,66672,5797085.0,0.81,0.15,0.13,0.0
2026-04-09,IMCC,0.345,0.355,0.363,0.332,69511,23911.0,9.09,4.11,0.014,1.12
2026-04-09,IMCG,83.1,83.23,83.47,82.69,103541,8618117.0,0.94,-0.08,-0.07,0.0
2026-04-09,IMCR,31.61,31.81,32.0,31.23,289049,9164882.0,2.42,-0.13,-0.04,0.57
2026-04-09,IMCV,86.96,87.371,87.57,86.96,60872,5320687.0,0.7,0.38,0.329,0.0
2026-04-09,IMDX,3.0,3.18,3.385,2.86,535563,1669461.0,17.38,5.3,0.16,1.66
2026-04-09,IMF,51.74,50.968,52.02,50.7,4336,222210.0,2.61,0.68,0.344,0.0
2026-04-09,IMFL,32.59,32.88,33.16,32.03,172138,5654293.0,3.44,0.09,0.03,0.0
2026-04-09,IMKTA,93.63,95.23,95.62,92.65,176031,16702169.0,3.16,1.17,1.1,1.21
2026-04-09,IMMP,0.34,0.321,0.34,0.319,1016407,332374.0,5.95,-9.07,-0.032,0.69
2026-04-09,IMMR,5.4,5.67,5.68,5.32,664990,3667609.0,6.44,1.43,0.08,2.02
2026-04-09,IMMX,8.69,9.75,10.07,8.69,942154,8949700.0,15.77,11.43,1.0,1.78
2026-04-09,IMNM,21.42,22.46,22.7,21.42,888285,19812838.0,5.9,3.5,0.76,0.79
2026-04-09,IMNN,3.15,3.06,3.21,3.0,80840,252042.0,6.71,-2.24,-0.07,2.06
2026-04-09,IMO,130.3,128.31,132.38,127.98,488088,63100758.0,3.39,-1.11,-1.44,0.1
2026-04-09,IMOM,42.955,43.319,43.485,42.955,6772,292383.0,1.23,0.48,0.209,0.0
2026-04-09,IMOS,38.56,39.18,39.22,38.358,55157,2142528.0,2.21,0.51,0.2,0.16
2026-04-09,IMPP,4.36,4.29,4.389,4.24,461261,1981096.0,3.47,-0.23,-0.01,1.01
2026-04-09,IMPPP,26.35,26.35,26.35,26.35,73,1925.0,0.0,0.0,0.0,0.01
2026-04-09,IMRA,14.1,14.09,14.1,14.085,579,8137.0,0.11,0.69,0.096,0.0
2026-04-09,IMRN,0.767,0.8,0.81,0.767,61164,49508.0,5.38,0.0,0.0,0.75
2026-04-09,IMRX,5.42,5.66,5.68,5.38,876106,4907739.0,5.45,2.91,0.16,1.36
2026-04-09,IMSR,6.1,6.24,6.275,5.91,1608428,9864556.0,5.91,1.05,0.065,1.52
2026-04-09,IMSRW,2.52,2.5,2.56,2.46,14239,35756.0,3.92,-1.96,-0.05,0.0
2026-04-09,IMST,10.49,10.48,10.57,10.35,18641,194826.0,2.13,1.35,0.14,0.0
2026-04-09,IMTB,43.96,43.96,43.98,43.85,25671,1127185.0,0.3,0.21,0.09,0.0
2026-04-09,IMTE,0.564,0.725,0.76,0.552,235311,155399.0,35.43,23.51,0.138,6.83
2026-04-09,IMTM,50.92,51.38,51.61,50.755,352730,18076767.0,1.66,-0.08,-0.04,0.0
2026-04-09,IMTX,10.45,10.66,10.8,10.45,356734,3779682.0,3.32,1.23,0.13,0.27
2026-04-09,IMUX,1.19,1.29,1.3,1.18,1578178,1983556.0,10.08,8.4,0.1,1.21
2026-04-09,IMVP,21.75,21.79,21.81,21.48,20697,449172.0,1.53,0.88,0.19,0.0
2026-04-09,IMVT,24.6,25.65,25.81,24.48,1847679,47150275.0,5.38,3.72,0.92,0.91
2026-04-09,IMXI,15.79,15.8,15.815,15.79,412182,6514461.0,0.16,0.0,0.0,1.37
2026-04-09,INAB,1.39,1.43,1.49,1.39,52728,75788.0,6.9,-1.38,-0.02,0.54
2026-04-09,INACR,0.14,0.14,0.14,0.14,132,18.0,0.0,-9.68,-0.015,0.0
2026-04-09,INBK,22.71,23.59,23.69,22.71,58842,1376350.0,4.29,3.22,0.735,0.68
2026-04-09,INBKZ,24.7,24.7,24.7,24.7,68,1685.0,0.0,0.0,0.0,0.0
2026-04-09,INBS,2.65,2.55,2.65,2.5,26400,67466.0,5.66,-3.77,-0.1,1.32
2026-04-09,INBX,66.41,75.75,77.35,66.41,508567,38013341.0,16.3,12.84,8.62,3.48
2026-04-09,INCE,65.56,65.8,65.88,65.56,6947,457020.0,0.49,0.35,0.23,0.0
2026-04-09,INCM,28.98,29.07,29.1,28.97,303095,8806197.0,0.45,0.17,0.05,0.0
2026-04-09,INCO,58.27,58.37,58.885,58.23,29078,1704381.0,1.12,-0.21,-0.12,0.0
2026-04-09,INCR,0.77,0.76,0.77,0.742,7140,5317.0,3.83,3.83,0.028,0.01
2026-04-09,INCY,95.13,96.96,97.58,94.655,1089599,105393048.0,3.05,1.12,1.07,0.55
2026-04-09,IND,22.257,22.257,22.257,22.257,56,1259.0,0.0,-1.1,-0.248,0.0
2026-04-09,INDA,49.16,49.07,49.47,48.945,14452149,710369488.0,1.07,-0.41,-0.2,0.0
2026-04-09,INDE,27.35,27.441,27.56,27.35,2146,59116.0,0.76,-0.22,-0.06,0.0
2026-04-09,INDH,39.25,39.496,39.496,39.25,401,15814.0,0.62,0.05,0.018,0.0
2026-04-09,INDI,2.81,2.83,2.86,2.72,2473946,6913817.0,4.98,0.71,0.02,1.17
2026-04-09,INDL,45.72,45.52,46.25,45.31,66374,3043933.0,2.04,-1.11,-0.51,0.0
2026-04-09,INDO,3.19,3.04,3.27,2.99,1132679,3498493.0,8.72,-5.3,-0.17,7.56
2026-04-09,INDP,1.59,1.85,1.85,1.51,120103,202592.0,21.66,17.83,0.28,5.36
2026-04-09,INDS,38.45,38.93,39.017,38.45,4998,194071.0,1.46,0.31,0.12,0.0
2026-04-09,INDV,31.79,32.31,32.61,31.79,918346,29652219.0,2.57,1.16,0.37,0.75
2026-04-09,INDY,44.0,44.03,44.29,43.8,145521,6420052.0,1.1,-0.74,-0.33,0.0
2026-04-09,INDZ,23.595,23.579,23.595,23.579,274,6486.0,0.07,0.19,0.044,0.0
2026-04-09,INEO,0.481,0.487,0.498,0.476,6458,3136.0,4.42,-2.21,-0.011,0.04
2026-04-09,INEQ,40.17,40.377,40.529,40.145,3238,130667.0,0.95,-0.13,-0.053,0.0
2026-04-09,INFL,53.1,52.09,53.23,52.05,314316,16458355.0,2.22,-1.94,-1.03,0.0
2026-04-09,INFO,24.46,24.62,24.65,24.445,10563,259797.0,0.84,0.57,0.14,0.0
2026-04-09,INFQ,11.3,11.89,12.67,11.3,5115313,61548116.0,12.1,5.04,0.57,2.36
2026-04-09,INFQ_WS,5.3,5.735,6.1,5.3,165998,944666.0,15.12,8.41,0.445,0.0
2026-04-09,INFU,9.45,9.62,9.68,9.27,67907,650092.0,4.33,1.58,0.15,0.34
2026-04-09,INFY,13.9,13.76,14.0,13.52,21081036,288752336.0,3.43,-1.71,-0.24,0.52
2026-04-09,ING,28.16,28.64,28.875,28.12,2816707,80359416.0,2.67,1.17,0.33,0.1
2026-04-09,INGM,26.76,26.7,26.96,26.06,1025475,27266492.0,3.36,-0.45,-0.12,0.44
2026-04-09,INGN,6.64,6.66,6.684,6.33,274694,1789753.0,5.31,-0.15,-0.01,1.01
2026-04-09,INGR,112.94,114.93,114.98,112.84,386732,44252714.0,1.88,1.21,1.37,0.61
2026-04-09,INHD,0.3,0.191,0.305,0.173,52814283,12545069.0,47.14,-31.79,-0.089,627.75
2026-04-09,INKM,34.075,34.172,34.23,34.075,4259,145539.0,0.45,0.21,0.071,0.0
2026-04-09,INKT,10.97,11.47,11.47,10.95,20568,230249.0,4.66,2.87,0.32,0.41
2026-04-09,INLF,3.897,3.92,3.97,3.803,15625,60822.0,4.54,6.52,0.24,0.12
2026-04-09,INLX,7.65,7.43,7.65,7.43,3534,26410.0,2.88,-2.62,-0.2,0.08
2026-04-09,INM,0.644,0.644,0.65,0.581,33684,20965.0,10.66,-0.46,-0.003,1.02
2026-04-09,INMB,1.28,1.28,1.295,1.231,207707,263609.0,4.96,-0.78,-0.01,0.78
2026-04-09,INMD,13.71,13.69,13.835,13.65,765142,10514338.0,1.34,-0.65,-0.09,1.21
2026-04-09,INMU,24.06,24.08,24.09,24.05,90386,2176090.0,0.17,0.08,0.02,0.0
2026-04-09,INN,4.44,4.74,4.78,4.44,970568,4570510.0,7.56,5.33,0.24,0.89
2026-04-09,INNV,8.375,8.49,8.63,8.26,270887,2297108.0,4.43,1.68,0.14,0.2
2026-04-09,INN_E,18.038,17.89,18.038,17.75,19800,354034.0,1.61,0.05,0.009,0.31
2026-04-09,INN_F,17.59,17.45,17.59,17.31,2626,45691.0,1.62,0.87,0.15,0.07
2026-04-09,INO,1.09,1.05,1.11,1.05,2919304,3133585.0,5.5,-3.67,-0.04,3.58
2026-04-09,INOD,39.19,36.09,39.46,35.73,1504483,54996526.0,9.36,-9.44,-3.76,4.61
2026-04-09,INOV,35.75,35.851,35.851,35.75,1871,66985.0,0.28,0.05,0.018,0.0
2026-04-09,INQQ,12.42,12.34,12.44,12.31,52809,654939.0,1.05,-0.72,-0.09,0.0
2026-04-09,INR,16.85,16.55,16.996,16.27,332268,5497475.0,4.31,-1.78,-0.3,1.77
2026-04-09,INRO,31.97,32.232,32.232,31.94,3642,116733.0,0.91,0.77,0.245,0.0
2026-04-09,INSE,6.99,6.84,7.045,6.68,71264,487594.0,5.16,-3.25,-0.23,0.26
2026-04-09,INSG,12.79,13.11,13.58,12.79,164170,2171530.0,6.17,2.42,0.31,1.01
2026-04-09,INSM,159.15,159.59,160.495,157.745,1564153,249634947.0,1.72,-0.37,-0.59,0.72
2026-04-09,INSP,53.0,56.69,58.64,51.53,1748499,98734913.0,13.32,6.2,3.31,6.07
2026-04-09,INSW,76.9,74.95,77.59,73.82,611464,46075736.0,4.93,-1.91,-1.46,1.24
2026-04-09,INTA,22.23,21.27,22.747,20.61,1535861,32403243.0,9.52,-5.26,-1.18,1.91
2026-04-09,INTC,58.4,61.72,62.08,58.39,155609887,9424472832.0,6.26,4.7,2.77,3.1
2026-04-09,INTF,40.59,40.87,41.02,40.47,1131254,46167975.0,1.34,-0.2,-0.08,0.0
2026-04-09,INTG,34.9,35.05,35.94,34.5,29745,1047980.0,4.13,0.43,0.15,1.38
2026-04-09,INTJ,8.16,8.16,8.16,8.16,459,4013.0,0.0,0.0,0.0,0.03
2026-04-09,INTL,29.49,29.76,29.835,29.42,22595,670018.0,1.4,0.16,0.048,0.0
2026-04-09,INTR,8.15,8.45,8.46,8.09,5354352,44523649.0,4.54,3.68,0.3,1.64
2026-04-09,INTS,5.63,5.6,5.75,5.51,9099,51439.0,4.36,1.82,0.1,0.36
2026-04-09,INTT,14.85,15.57,16.14,14.85,201958,3139580.0,8.75,5.56,0.82,1.62
2026-04-09,INTW,88.3,98.59,99.55,88.3,1113338,104834444.0,12.49,9.46,8.52,0.0
2026-04-09,INUV,1.96,1.88,1.99,1.83,267186,504091.0,8.16,-4.08,-0.08,1.82
2026-04-09,INV,3.97,4.18,4.28,3.86,951844,3922359.0,10.5,4.5,0.18,1.19
2026-04-09,INVA,23.6,24.2,24.21,23.55,657770,15803362.0,2.79,2.46,0.58,0.89
2026-04-09,INVE,3.651,3.67,3.74,3.64,22666,83442.0,2.71,-0.54,-0.02,0.09
2026-04-09,INVG,25.5,25.493,25.5,25.493,513,13104.0,0.03,0.08,0.02,0.0
2026-04-09,INVH,25.71,26.0,26.13,25.67,6978355,181261945.0,1.78,0.74,0.19,1.16
2026-04-09,INVN,18.25,18.24,18.25,18.06,5986,108367.0,1.02,-2.23,-0.416,0.0
2026-04-09,INVX,25.41,26.41,26.51,25.41,422528,11097473.0,4.27,2.48,0.64,0.62
2026-04-09,INVZ,0.67,0.651,0.683,0.64,2332365,1537101.0,6.46,-2.25,-0.015,1.09
2026-04-09,IOCT,35.84,36.035,36.1,35.84,4402,158509.0,0.72,0.15,0.055,0.0
2026-04-09,ION,58.83,59.518,59.625,58.79,8300,490363.0,1.4,-0.39,-0.232,0.0
2026-04-09,IONL,10.66,10.12,11.0,9.96,381136,3983166.0,9.67,-5.86,-0.63,0.0
2026-04-09,IONQ,28.75,28.08,29.25,27.815,16356758,464334128.0,4.95,-3.14,-0.91,4.46
2026-04-09,IONQ_WS,17.35,16.57,17.55,16.57,4715,79907.0,5.56,-6.01,-1.06,0.0
2026-04-09,IONR,3.92,3.96,4.01,3.86,27770,109767.0,3.88,2.33,0.09,0.04
2026-04-09,IONS,74.98,76.43,76.97,74.62,1200978,91728372.0,3.13,1.93,1.45,0.73
2026-04-09,IONX,20.65,19.53,21.081,19.09,1109956,22262109.0,9.58,-6.02,-1.25,0.0
2026-04-09,IONZ,23.98,25.23,25.71,23.42,535630,13199984.0,9.61,5.92,1.41,0.0
2026-04-09,IOO,125.9,127.08,127.2,125.59,246165,31184735.0,1.27,0.61,0.77,0.0
2026-04-09,IOPP,24.8,24.852,24.99,24.8,603,15044.0,0.76,-0.35,-0.087,0.0
2026-04-09,IOR,18.255,18.255,18.255,18.255,12,216.0,0.0,0.0,0.0,0.0
2026-04-09,IOSP,75.05,75.83,76.86,74.535,255275,19371166.0,3.07,0.09,0.07,1.03
2026-04-09,IOT,28.92,26.85,29.08,26.4,8148274,220127340.0,9.15,-8.36,-2.45,2.21
2026-04-09,IOTR,3.01,2.7,3.042,2.56,34418,95075.0,15.5,-13.18,-0.41,4.69
2026-04-09,IOVA,3.49,4.01,4.05,3.48,26733346,102017665.0,16.43,15.56,0.54,6.49
2026-04-09,IOYY,9.32,9.223,9.36,9.16,16258,150972.0,2.14,-1.38,-0.129,0.0
2026-04-09,IP,36.52,36.78,37.21,36.27,6499848,239155947.0,2.54,-0.78,-0.29,1.23
2026-04-09,IPAC,79.61,80.29,80.64,79.29,46209,3704497.0,1.67,-0.73,-0.59,0.0
2026-04-09,IPAR,89.67,91.68,92.19,88.52,218386,19874227.0,4.05,1.25,1.13,0.68
2026-04-09,IPAV,32.4,32.518,32.518,32.4,506,16422.0,0.36,0.37,0.119,0.0
2026-04-09,IPAY,43.73,43.85,43.85,42.94,15752,684285.0,2.06,-0.63,-0.28,0.0
2026-04-09,IPB,25.67,25.67,25.71,25.67,1002,25745.0,0.16,-0.23,-0.06,0.0
2026-04-09,IPCX,10.24,10.23,10.24,10.23,5791,59246.0,0.1,0.0,0.0,0.02
2026-04-09,IPCXR,0.351,0.351,0.351,0.351,7805,2734.0,0.0,-5.14,-0.019,0.0
2026-04-09,IPDN,1.034,0.93,1.034,0.9,198650,193198.0,13.01,-9.71,-0.1,1.94
2026-04-09,IPEX,10.41,10.41,10.41,10.4,6377,66341.0,0.1,0.1,0.01,0.06
2026-04-09,IPEXR,0.6,0.6,0.6,0.6,82,54.0,0.0,0.0,0.0,0.0
2026-04-09,IPFXU,10.1,10.11,10.11,10.09,8703,87872.0,0.2,0.2,0.02,0.0
2026-04-09,IPGP,120.81,124.38,126.01,120.58,461027,57259853.0,4.51,3.4,4.09,1.09
2026-04-09,IPHA,1.44,1.45,1.45,1.42,61025,88033.0,2.07,0.0,0.0,0.07
2026-04-09,IPI,41.24,37.54,43.27,37.35,379878,14731644.0,14.23,-9.74,-4.05,2.83
2026-04-09,IPKW,57.68,57.831,58.154,57.635,71925,4158694.0,0.89,-0.6,-0.347,0.0
2026-04-09,IPM,1.8,1.77,1.85,1.68,11411,20239.0,9.44,-1.67,-0.03,0.13
2026-04-09,IPO,43.68,43.53,43.82,42.87,136576,5933583.0,2.17,-0.73,-0.32,0.0
2026-04-09,IPOD,10.33,10.33,10.33,10.33,10,103.0,0.0,0.0,0.0,0.0
2026-04-09,IPOS,19.87,19.995,19.995,19.78,2530,50359.0,1.08,0.21,0.041,0.0
2026-04-09,IPSC,2.31,2.26,2.312,2.24,1609011,3677425.0,3.14,-1.31,-0.03,0.9
2026-04-09,IPST,0.427,0.35,0.459,0.326,1193522,473797.0,29.49,-22.39,-0.101,11.61
2026-04-09,IPW,1.16,1.13,1.18,1.06,1151167,1318895.0,9.3,-12.4,-0.16,87.05
2026-04-09,IPWR,2.92,2.98,3.06,2.9,75439,224980.0,5.46,1.71,0.05,0.62
2026-04-09,IPX,30.65,31.12,31.94,30.65,168645,5279081.0,4.17,0.55,0.17,0.5
2026-04-09,IQ,1.33,1.28,1.33,1.27,8546873,11037349.0,4.51,-3.76,-0.05,1.61
2026-04-09,IQDF,32.83,33.03,33.14,32.73,63340,2086650.0,1.24,-0.09,-0.03,0.0
2026-04-09,IQDG,42.16,42.5,42.63,42.02,42257,1792434.0,1.43,-0.4,-0.17,0.0
2026-04-09,IQDY,39.56,39.75,39.75,39.33,7632,301076.0,1.05,-0.19,-0.074,0.0
2026-04-09,IQHI,26.03,26.027,26.035,26.027,501,13060.0,0.03,0.14,0.037,0.0
2026-04-09,IQI,9.86,9.91,9.94,9.83,158406,1568546.0,1.12,0.92,0.09,0.0
2026-04-09,IQLT,48.05,48.34,48.565,47.94,1379759,66568373.0,1.29,-0.14,-0.07,0.0
2026-04-09,IQM,95.33,95.975,96.02,94.73,9315,890430.0,1.35,0.65,0.617,0.0
2026-04-09,IQMM,100.12,100.11,100.12,100.105,3528387,353226800.0,0.01,0.01,0.01,0.0
2026-04-09,IQQQ,42.82,43.194,43.25,42.71,40482,1742640.0,1.26,0.67,0.289,0.0
2026-04-09,IQRA,30.441,30.441,30.441,30.441,2,62.0,0.0,0.75,0.227,0.0
2026-04-09,IQSI,36.85,37.113,37.22,36.84,774,28660.0,1.02,-0.06,-0.024,0.0
2026-04-09,IQSM,36.067,36.067,36.067,36.067,32,1160.0,0.0,0.07,0.027,0.0
2026-04-09,IQST,1.75,2.24,2.3,1.73,1015915,2224308.0,31.84,25.14,0.45,20.03
2026-04-09,IQSU,53.19,53.78,53.815,53.19,5485,294443.0,1.17,0.66,0.35,0.0
2026-04-09,IQV,171.15,168.98,171.31,165.415,1912651,320527200.0,3.42,-2.06,-3.56,1.14
2026-04-09,IR,83.98,87.03,87.62,83.98,2984037,258726166.0,4.3,2.79,2.36,0.76
2026-04-09,IRAB,9.83,9.83,9.83,9.83,7,69.0,0.0,0.0,0.0,0.0
2026-04-09,IRD,5.14,5.5,5.57,5.074,975097,5285968.0,9.63,6.8,0.35,1.37
2026-04-09,IRDM,34.62,34.65,35.34,34.37,1741109,60561370.0,2.8,0.09,0.03,1.65
2026-04-09,IRE,14.61,15.17,16.01,13.7,4632095,69454749.0,15.43,1.34,0.2,0.0
2026-04-09,IREG,10.85,11.156,11.77,10.15,111229,1212370.0,14.68,1.11,0.122,0.0
2026-04-09,IREN,36.43,37.06,38.1,35.25,27723428,1022680576.0,7.74,0.62,0.23,8.34
2026-04-09,IRET,20.29,20.24,20.29,20.24,157,3186.0,0.25,1.0,0.2,0.0
2026-04-09,IREX,19.62,20.28,21.35,18.33,1176104,23697189.0,15.14,1.65,0.33,0.0
2026-04-09,IREZ,26.41,25.56,28.04,24.1,2137437,55114716.0,15.17,-1.58,-0.41,0.0
2026-04-09,IRIX,1.06,1.04,1.08,1.01,233704,239363.0,6.8,0.97,0.01,1.35
2026-04-09,IRM,107.0,108.69,109.635,106.825,1185600,128890391.0,2.63,1.61,1.72,0.4
2026-04-09,IRMD,96.73,95.56,97.14,95.02,150787,14445445.0,2.18,-1.82,-1.77,1.18
2026-04-09,IROC,50.725,50.795,50.84,50.725,527,26807.0,0.23,0.15,0.075,0.0
2026-04-09,IRON,66.2,67.3,67.44,65.79,321530,21563650.0,2.49,1.55,1.03,0.84
2026-04-09,IRS,16.77,16.65,16.925,16.292,123411,2058318.0,3.75,-1.48,-0.25,0.15
2026-04-09,IRT,15.12,15.25,15.365,15.09,1323650,20200513.0,1.81,0.26,0.04,0.56
2026-04-09,IRTC,118.98,118.16,120.873,116.815,348340,41277250.0,3.37,-1.93,-2.33,1.08
2026-04-09,IRTR,31.077,31.137,31.185,31.0,12708,395434.0,0.6,0.23,0.072,0.0
2026-04-09,IRVH,19.86,19.86,19.86,19.86,7,158.0,0.0,-0.08,-0.015,0.0
2026-04-09,IRWD,3.5,3.6,3.62,3.41,1050957,3732918.0,5.98,2.56,0.09,0.64
2026-04-09,ISBA,48.02,49.69,50.4,47.26,56118,2713352.0,6.56,3.76,1.8,0.77
2026-04-09,ISBG,19.06,19.581,19.62,19.045,2018,39045.0,3.02,2.93,0.557,0.0
2026-04-09,ISCB,67.51,68.16,68.325,67.5,2803,190591.0,1.22,0.4,0.27,0.0
2026-04-09,ISCF,43.76,44.0,44.188,43.64,29371,1292507.0,1.24,-0.43,-0.19,0.0
2026-04-09,ISCG,57.63,57.85,58.16,57.417,32968,1908325.0,1.28,0.02,0.01,0.0
2026-04-09,ISCV,71.63,72.17,72.319,71.5,11003,792344.0,1.14,0.45,0.325,0.0
2026-04-09,ISD,13.15,13.23,13.25,13.11,109702,1447732.0,1.06,0.0,0.0,0.0
2026-04-09,ISEP,33.505,33.634,33.67,33.47,25009,838981.0,0.59,0.05,0.018,0.0
2026-04-09,ISHG,74.71,75.36,75.52,74.71,64623,4867728.0,1.08,0.24,0.18,0.0
2026-04-09,ISHP,34.185,34.185,34.185,34.185,21,746.0,0.0,-0.25,-0.085,0.0
2026-04-09,ISMD,42.04,42.26,42.39,41.79,9983,420897.0,1.43,0.67,0.28,0.0
2026-04-09,ISMF,27.605,27.657,27.68,27.605,7029,194341.0,0.27,-0.01,-0.004,0.0
2026-04-09,ISOU,10.68,10.82,11.01,10.48,45259,490022.0,4.96,1.31,0.14,0.07
2026-04-09,ISPC,0.144,0.13,0.152,0.126,66880074,12774287.0,17.93,-10.34,-0.015,225.47
2026-04-09,ISPR,1.8,1.76,1.8,1.74,28436,50127.0,3.28,-3.83,-0.07,0.05
2026-04-09,ISPY,44.11,44.49,44.59,44.11,72211,3207434.0,1.09,0.59,0.26,0.0
2026-04-09,ISRA,63.62,63.755,63.94,63.205,9411,599037.0,1.16,0.86,0.541,0.0
2026-04-09,ISSB,19.31,19.452,19.452,19.31,373,7225.0,0.74,1.68,0.322,0.0
2026-04-09,ISSC,22.67,25.56,25.62,22.645,633757,15733270.0,12.92,11.03,2.54,3.56
2026-04-09,ISTB,48.42,48.45,48.49,48.393,448231,21714678.0,0.2,0.04,0.02,0.0
2026-04-09,ISTR,28.23,28.71,28.95,28.185,168483,4843916.0,2.7,1.45,0.41,1.23
2026-04-09,ISUL,23.8,23.3,23.8,23.3,4581,107745.0,2.08,-3.23,-0.778,0.0
2026-04-09,ISVL,50.4,50.67,50.84,50.14,16295,823515.0,1.38,0.02,0.01,0.0
2026-04-09,ISWN,22.11,22.222,22.27,22.07,2921,64781.0,0.9,-0.22,-0.048,0.0
2026-04-09,IT,148.5,148.02,148.99,144.041,1346986,197974633.0,3.31,-0.92,-1.38,2.0
2026-04-09,ITA,230.92,231.76,234.39,230.781,651802,151540121.0,1.55,-0.18,-0.41,0.0
2026-04-09,ITAN,36.94,37.31,37.36,36.94,6033,224292.0,1.13,0.12,0.046,0.0
2026-04-09,ITB,92.94,94.65,95.39,92.39,2061433,194692287.0,3.21,1.25,1.17,0.0
2026-04-09,ITDB,33.54,33.54,33.631,33.45,14076,472624.0,0.54,0.06,0.021,0.0
2026-04-09,ITDC,34.7,34.8,34.89,34.639,25389,882834.0,0.72,0.22,0.076,0.0
2026-04-09,ITDD,36.09,36.197,36.28,35.95,8770,316770.0,0.91,0.23,0.084,0.0
2026-04-09,ITDE,37.109,37.272,37.37,36.997,5649,209973.0,1.0,0.21,0.077,0.0
2026-04-09,ITDF,38.04,38.34,38.412,38.025,8337,318674.0,1.01,0.21,0.08,0.0
2026-04-09,ITDG,38.62,38.85,38.915,38.48,5740,221886.0,1.12,0.34,0.133,0.0
2026-04-09,ITDH,38.53,38.83,38.87,38.53,4769,184693.0,0.88,0.34,0.13,0.0
2026-04-09,ITDJ,30.04,30.156,30.156,30.0,1207,36327.0,0.52,0.28,0.085,0.0
2026-04-09,ITEQ,60.48,59.5,60.48,59.29,8401,500630.0,1.97,-1.42,-0.86,0.0
2026-04-09,ITGR,86.97,86.67,87.43,86.31,278092,24127442.0,1.28,-0.93,-0.81,0.82
2026-04-09,ITHA,9.89,9.89,9.89,9.89,8,79.0,0.0,0.0,0.0,0.0
2026-04-09,ITHAU,9.97,9.97,9.97,9.97,132,1316.0,0.0,-0.07,-0.007,0.0
2026-04-09,ITHAW,0.2,0.2,0.2,0.2,2100,420.0,0.0,5.26,0.01,0.0
2026-04-09,ITIC,232.5,233.88,235.66,231.2,15897,3714805.0,1.92,0.72,1.67,0.84
2026-04-09,ITM,46.74,46.82,46.83,46.7,370788,17344568.0,0.28,0.26,0.12,0.0
2026-04-09,ITOC,0.291,0.3,0.302,0.284,104059,30697.0,5.79,-3.54,-0.011,1.11
2026-04-09,ITOL,26.041,26.041,26.041,26.041,12,312.0,0.0,-0.28,-0.074,0.0
2026-04-09,ITOT,147.89,148.89,149.16,147.57,1908760,283446720.0,1.07,0.55,0.82,0.0
2026-04-09,ITP,0.208,0.199,0.208,0.192,326299,64996.0,7.88,-1.97,-0.004,1.92
2026-04-09,ITRG,2.93,2.99,3.01,2.865,2444630,7234221.0,5.0,3.1,0.09,1.21
2026-04-09,ITRI,92.53,95.1,95.36,92.075,650681,61599373.0,3.53,2.27,2.11,1.47
2026-04-09,ITRN,53.04,53.04,53.8,52.34,238634,12626652.0,2.76,0.19,0.1,1.2
2026-04-09,ITT,209.9,215.8,216.26,207.95,1318700,282266064.0,3.96,2.72,5.72,1.48
2026-04-09,ITUB,8.85,9.01,9.04,8.85,15194637,136385268.0,2.15,2.15,0.19,0.0
2026-04-09,ITW,268.12,273.18,274.78,267.17,1371674,374271760.0,2.82,1.36,3.67,0.48
2026-04-09,ITWO,40.93,41.28,41.4,40.85,30157,1239190.0,1.34,0.58,0.24,0.0
2026-04-09,IUS,59.7,60.055,60.13,59.7,36550,2190856.0,0.72,0.36,0.215,0.0
2026-04-09,IUSB,46.275,46.33,46.409,46.21,2270082,105153802.0,0.43,0.06,0.03,0.0
2026-04-09,IUSG,163.47,164.66,164.92,162.63,960429,157356717.0,1.4,0.74,1.21,0.0
2026-04-09,IUSV,104.43,105.2,105.38,104.43,557472,58493487.0,0.91,0.43,0.45,0.0
2026-04-09,IVA,5.22,5.5,5.67,5.16,335652,1804647.0,9.62,3.77,0.2,0.16
2026-04-09,IVAL,35.32,35.412,35.55,35.1,15236,540374.0,1.27,-0.36,-0.129,0.0
2026-04-09,IVDA,0.26,0.256,0.265,0.246,214015,54513.0,7.28,-1.92,-0.005,1.92
2026-04-09,IVE,215.63,217.08,217.48,215.54,730312,158343406.0,0.9,0.38,0.82,0.0
2026-04-09,IVES,29.62,29.45,29.685,29.08,609509,17914172.0,2.04,-0.71,-0.21,0.0
2026-04-09,IVF,2.05,2.01,2.09,1.92,54162,108649.0,8.25,-2.43,-0.05,3.35
2026-04-09,IVLU,41.22,41.56,41.745,41.14,1060272,44017169.0,1.45,-0.36,-0.15,0.0
2026-04-09,IVOG,130.74,131.32,131.9,130.39,46635,6119623.0,1.15,-0.04,-0.05,0.0
2026-04-09,IVOL,18.53,18.54,18.58,18.465,386309,7158774.0,0.62,0.11,0.02,0.0
2026-04-09,IVOO,118.85,119.63,120.059,118.75,74707,8924594.0,1.1,0.25,0.3,0.0
2026-04-09,IVOV,105.54,106.467,106.74,105.54,9150,971599.0,1.13,0.56,0.597,0.0
2026-04-09,IVR,8.1,8.37,8.41,8.1,1543510,12846237.0,3.81,2.95,0.24,1.78
2026-04-09,IVRS,28.85,29.122,29.122,28.85,448,12953.0,0.92,-1.1,-0.325,0.0
2026-04-09,IVR_C,23.9,24.23,24.23,23.9,5902,142096.0,1.4,2.45,0.58,0.09
2026-04-09,IVSI,27.67,27.52,27.67,27.52,439,12082.0,0.54,-0.09,-0.024,0.0
2026-04-09,IVSS,26.85,27.011,27.32,26.85,1306,35306.0,1.75,0.42,0.114,0.0
2026-04-09,IVSX,24.36,24.279,24.36,24.279,147,3574.0,0.33,-0.63,-0.154,0.0
2026-04-09,IVT,31.65,31.93,32.07,30.661,318933,10171803.0,4.5,1.98,0.62,0.41
2026-04-09,IVV,677.93,683.01,684.26,676.9,4793752,3269298848.0,1.08,0.59,4.02,0.0
2026-04-09,IVVB,32.7,32.83,32.87,32.685,39886,1308001.0,0.57,0.27,0.09,0.0
2026-04-09,IVVD,1.39,1.78,1.79,1.39,12983338,21470994.0,29.63,31.85,0.43,4.59
2026-04-09,IVVM,34.83,35.03,35.08,34.83,25864,904165.0,0.72,0.37,0.13,0.0
2026-04-09,IVVW,43.86,43.93,44.02,43.851,8044,353276.0,0.39,0.34,0.15,0.0
2026-04-09,IVW,119.21,120.1,120.3,118.58,2756271,329819488.0,1.44,0.81,0.96,0.0
2026-04-09,IVZ,24.09,23.57,24.11,23.47,7506159,177923298.0,2.64,-2.64,-0.64,1.69
2026-04-09,IWB,370.27,372.61,373.29,369.28,1351632,502814640.0,1.08,0.51,1.88,0.0
2026-04-09,IWC,168.02,170.24,170.668,167.463,54257,9206289.0,1.9,1.11,1.87,0.0
2026-04-09,IWD,221.43,223.17,223.65,221.26,1681740,374792480.0,1.08,0.55,1.22,0.0
2026-04-09,IWF,442.98,445.21,445.96,439.93,1138319,504727456.0,1.36,0.46,2.06,0.0
2026-04-09,IWFG,48.49,48.974,48.98,48.49,570,27881.0,1.01,0.72,0.348,0.0
2026-04-09,IWFL,49.711,49.711,49.711,49.711,3,160.0,0.0,1.84,0.898,0.0
2026-04-09,IWL,166.72,168.03,168.1,166.33,50917,8530498.0,1.06,0.68,1.13,0.0
2026-04-09,IWLG,49.81,50.34,50.39,49.77,33614,1688398.0,1.24,0.75,0.376,0.0
2026-04-09,IWM,258.78,261.96,262.9,258.78,26758382,6988900864.0,1.58,0.57,1.49,0.0
2026-04-09,IWMI,49.13,49.555,49.65,49.13,214663,10611667.0,1.05,0.54,0.265,0.0
2026-04-09,IWML,26.122,26.122,26.122,26.122,79,2075.0,0.0,1.69,0.434,0.0
2026-04-09,IWMW,37.69,37.79,37.79,37.64,21619,816401.0,0.4,0.27,0.1,0.0
2026-04-09,IWMY,18.6,18.84,18.871,18.6,27431,514141.0,1.44,0.24,0.045,0.0
2026-04-09,IWN,197.24,199.71,200.43,197.24,858041,171063699.0,1.61,0.65,1.28,0.0
2026-04-09,IWO,329.27,332.72,334.09,328.75,307188,101991328.0,1.61,0.5,1.67,0.0
2026-04-09,IWP,132.03,131.41,132.38,130.49,988775,130042466.0,1.42,-0.97,-1.29,0.0
2026-04-09,IWR,100.85,101.14,101.52,100.63,1692659,171138954.0,0.88,-0.11,-0.11,0.0
2026-04-09,IWS,151.35,152.19,152.66,151.35,245769,37381854.0,0.86,0.22,0.34,0.0
2026-04-09,IWV,384.84,387.27,387.87,383.732,399512,154117615.0,1.07,0.5,1.91,0.0
2026-04-09,IWX,95.74,96.67,96.813,95.74,104172,10057557.0,1.12,0.7,0.67,0.0
2026-04-09,IWY,258.43,259.98,260.26,256.68,493612,127746437.0,1.38,0.57,1.48,0.0
2026-04-09,IX,30.62,30.96,31.24,30.51,725915,22510034.0,2.33,-1.31,-0.41,0.07
2026-04-09,IXC,55.61,54.9,56.27,54.71,1683018,93257939.0,2.83,-0.58,-0.32,0.0
2026-04-09,IXG,118.76,119.817,120.28,118.68,26505,3178138.0,1.34,0.34,0.407,0.0
2026-04-09,IXJ,95.05,95.55,96.016,94.73,71914,6864307.0,1.34,-0.11,-0.11,0.0
2026-04-09,IXN,106.71,107.22,107.41,105.77,85614,9142216.0,1.53,-0.08,-0.09,0.0
2026-04-09,IXP,118.6,119.03,119.188,118.013,8846,1049574.0,0.99,0.35,0.42,0.0
2026-04-09,IXUS,90.39,91.11,91.48,90.135,3246221,295653408.0,1.47,-0.26,-0.24,0.0
2026-04-09,IYC,99.07,100.37,100.51,98.67,53303,5322399.0,1.86,1.24,1.23,0.0
2026-04-09,IYE,61.71,60.82,62.59,60.58,1324140,81372797.0,3.27,-1.2,-0.74,0.0
2026-04-09,IYF,121.82,122.82,123.34,121.61,130130,15972601.0,1.41,0.34,0.42,0.0
2026-04-09,IYG,85.72,86.435,86.75,85.49,72580,6257541.0,1.46,0.39,0.335,0.0
2026-04-09,IYH,62.44,62.61,63.0,62.24,514551,32206322.0,1.21,-0.32,-0.2,0.0
2026-04-09,IYJ,154.03,155.97,156.8,154.03,133731,20761216.0,1.79,0.65,1.0,0.0
2026-04-09,IYK,70.25,71.17,71.324,70.25,252239,17899787.0,1.52,0.71,0.5,0.0
2026-04-09,IYLD,21.933,22.07,22.1,21.933,13199,291031.0,0.76,0.0,0.0,0.0
2026-04-09,IYM,183.41,184.39,185.57,183.41,142843,26342265.0,1.17,0.28,0.51,0.0
2026-04-09,IYR,97.88,98.9,99.71,97.68,5300403,524214112.0,2.07,0.72,0.71,0.0
2026-04-09,IYRI,48.54,48.83,49.16,48.54,67850,3322516.0,1.27,0.29,0.14,0.0
2026-04-09,IYT,77.53,77.92,78.075,76.88,616209,47817859.0,1.54,0.18,0.14,0.0
2026-04-09,IYW,193.24,193.64,193.81,191.26,1381332,266034080.0,1.32,0.28,0.54,0.0
2026-04-09,IYY,164.36,165.47,165.75,164.09,20615,3404161.0,1.01,0.48,0.79,0.0
2026-04-09,IYZ,41.58,41.38,41.95,41.11,2923788,120984654.0,2.02,-0.53,-0.22,0.0
2026-04-09,IZM,0.459,0.419,0.46,0.405,236013,102359.0,11.29,-13.96,-0.068,2.88
2026-04-09,IZRL,28.03,28.28,28.348,28.03,10242,288988.0,1.11,-1.39,-0.4,0.0
2026-04-09,J,130.26,127.13,130.71,126.37,831154,106164622.0,3.31,-3.06,-4.01,0.71
2026-04-09,JA,50.005,50.04,50.04,50.0,3885,194370.0,0.08,0.07,0.035,0.0
2026-04-09,JAAA,50.5,50.5,50.54,50.47,5079804,256569440.0,0.14,0.02,0.01,0.0
2026-04-09,JABS,49.93,49.91,49.945,49.91,726,36294.0,0.07,-0.06,-0.03,0.0
2026-04-09,JACK,11.26,12.02,12.255,11.05,940342,11262892.0,10.66,6.37,0.72,4.94
2026-04-09,JACS,10.55,10.55,10.55,10.55,176438,1861421.0,0.0,0.09,0.01,0.74
2026-04-09,JADE,70.43,70.835,70.905,70.43,1678,118343.0,0.67,0.06,0.039,0.0
2026-04-09,JAGU,2.23,2.25,2.25,2.095,79774,175132.0,6.95,0.9,0.02,0.4
2026-04-09,JAGX,0.398,0.379,0.398,0.365,706029,268723.0,8.27,-5.01,-0.02,5.42
2026-04-09,JAKK,21.84,22.17,22.34,21.685,59583,1314477.0,3.0,1.51,0.33,0.52
2026-04-09,JAN,23.6,23.37,24.04,23.361,500174,11861276.0,2.86,-1.39,-0.33,0.27
2026-04-09,JANH,24.47,24.47,24.47,24.47,6,148.0,0.0,0.32,0.077,0.0
2026-04-09,JANI,25.21,25.252,25.29,25.21,560,14144.0,0.32,2.34,0.578,0.0
2026-04-09,JANJ,24.53,24.54,24.58,24.53,2352,57753.0,0.2,0.16,0.04,0.0
2026-04-09,JANP,32.55,32.87,32.905,32.55,20173,662290.0,1.08,0.27,0.09,0.0
2026-04-09,JANT,41.19,41.411,41.411,41.17,20756,857966.0,0.59,0.59,0.241,0.0
2026-04-09,JANU,27.95,28.05,28.073,27.934,8696,243750.0,0.5,0.45,0.125,0.0
2026-04-09,JANW,37.102,37.246,37.26,37.09,25403,945308.0,0.46,0.37,0.136,0.0
2026-04-09,JANX,14.45,14.53,14.65,14.36,627848,9124764.0,2.0,0.0,0.0,1.03
2026-04-09,JANZ,37.785,38.001,38.06,37.76,3961,150399.0,0.79,0.55,0.208,0.0
2026-04-09,JAPN,22.99,23.217,23.35,22.925,9892,228406.0,1.79,-2.33,-0.553,0.0
2026-04-09,JAVA,73.92,74.43,74.58,73.89,404460,30050411.0,0.93,0.49,0.36,0.0
2026-04-09,JAZZ,194.46,198.14,200.24,194.03,946686,187245993.0,3.17,1.13,2.21,1.54
2026-04-09,JBBB,46.83,46.84,46.91,46.825,221874,10400717.0,0.18,0.04,0.02,0.0
2026-04-09,JBDI,0.6,0.6,0.646,0.6,3291,1987.0,7.57,-1.32,-0.008,0.02
2026-04-09,JBGS,14.45,14.14,14.73,14.14,546749,7803174.0,4.05,-2.88,-0.42,0.93
2026-04-09,JBHT,224.42,225.22,226.545,221.765,813110,182812682.0,2.13,0.26,0.59,0.86
2026-04-09,JBI,5.23,5.43,5.5,5.23,924819,5008797.0,5.13,3.23,0.17,0.67
2026-04-09,JBIO,16.33,18.23,18.375,16.33,1235210,21820321.0,12.2,8.77,1.47,2.5
2026-04-09,JBK,26.54,26.54,26.54,26.54,9,232.0,0.0,0.0,0.0,0.0
2026-04-09,JBL,287.14,293.02,295.22,286.885,1017593,297638272.0,2.9,2.05,5.88,0.96
2026-04-09,JBLU,5.0,4.93,5.1,4.83,17580352,86750680.0,5.36,-2.18,-0.11,4.73
2026-04-09,JBND,53.75,53.82,53.908,53.695,615224,33101018.0,0.4,0.04,0.02,0.0
2026-04-09,JBS,18.11,18.42,18.495,18.09,3190829,58571728.0,2.23,1.32,0.24,0.41
2026-04-09,JBSS,82.29,83.81,84.2,80.88,87890,7336400.0,4.01,1.13,0.94,0.97
2026-04-09,JBTM,129.93,129.25,132.39,128.97,425606,55308987.0,2.63,-0.78,-1.02,0.82
2026-04-09,JCAP,19.55,19.95,20.045,19.53,265434,5276989.0,2.63,1.73,0.34,0.48
2026-04-09,JCE,15.35,15.43,15.47,15.11,21877,334904.0,2.34,0.33,0.05,0.0
2026-04-09,JCHI,53.822,53.822,53.822,53.822,430,23141.0,0.0,0.33,0.178,0.0
2026-04-09,JCI,138.94,141.85,142.36,138.59,3910164,553010224.0,2.71,2.05,2.85,0.64
2026-04-09,JCPB,47.08,47.12,47.23,47.04,1621807,76462871.0,0.4,-0.04,-0.02,0.0
2026-04-09,JCPI,48.31,48.35,48.36,48.203,32185,1554281.0,0.33,0.11,0.055,0.0
2026-04-09,JCSE,1.01,1.28,1.37,1.01,106294,124425.0,29.51,4.92,0.06,2.0
2026-04-09,JCTC,1.588,1.695,1.71,1.56,2485,4134.0,8.91,0.71,0.012,0.07
2026-04-09,JD,28.2,28.34,28.55,27.9,8653516,244648854.0,2.24,-2.44,-0.71,0.72
2026-04-09,JDIV,55.11,54.947,55.12,54.947,7635,419956.0,0.32,0.28,0.155,0.0
2026-04-09,JDOC,56.26,56.593,56.593,56.26,226,12721.0,0.59,-0.03,-0.017,0.0
2026-04-09,JDST,30.0,30.21,31.344,29.15,832262,25175004.0,7.18,-1.08,-0.33,0.0
2026-04-09,JDVI,37.98,38.1,38.1,37.78,7452,282720.0,0.84,-0.42,-0.161,0.0
2026-04-09,JDVL,28.6,28.548,28.6,28.548,392,11197.0,0.18,0.74,0.21,0.0
2026-04-09,JDZG,1.58,1.5,1.58,1.46,31807,48766.0,7.45,-6.83,-0.11,2.27
2026-04-09,JEDI,28.05,27.07,28.3,26.96,76976,2123126.0,4.75,-4.08,-1.15,0.0
2026-04-09,JEF,43.27,45.11,45.27,43.05,2164251,96586840.0,5.08,3.16,1.38,1.06
2026-04-09,JELD,1.0,1.08,1.14,1.0,3620854,3928985.0,14.0,8.0,0.08,4.2
2026-04-09,JEM,0.151,0.137,0.159,0.111,13198921,1842660.0,23.3,-33.5,-0.069,46.77
2026-04-09,JEMB,52.39,52.646,53.27,52.39,2536,133865.0,1.66,-0.73,-0.386,0.0
2026-04-09,JENA,10.22,10.22,10.22,10.22,658,6725.0,0.0,-1.26,-0.13,0.0
2026-04-09,JEPI,57.59,57.8,57.93,57.47,4036226,233100755.0,0.8,0.33,0.19,0.0
2026-04-09,JEPQ,57.13,57.51,57.52,57.03,5082420,291254544.0,0.86,0.72,0.41,0.0
2026-04-09,JETD,4.21,4.03,4.245,3.94,165244,681357.0,7.42,-1.95,-0.08,0.0
2026-04-09,JETS,25.905,26.11,26.385,25.59,3705727,96576604.0,3.04,-0.31,-0.08,0.0
2026-04-09,JETU,27.41,28.502,29.12,27.16,5720,159123.0,7.02,2.08,0.582,0.0
2026-04-09,JF,0.988,0.965,0.988,0.96,16301,16028.0,2.84,-2.03,-0.02,0.11
2026-04-09,JFB,6.27,6.48,6.65,6.17,130996,848459.0,7.59,2.53,0.16,0.92
2026-04-09,JFIN,4.35,4.17,4.35,4.14,34370,144158.0,4.79,-4.79,-0.21,0.13
2026-04-09,JFLI,51.32,51.557,51.62,51.32,3691,189711.0,0.58,0.31,0.161,0.0
2026-04-09,JFLX,49.85,49.92,50.12,49.82,61580,3072098.0,0.6,0.26,0.13,0.0
2026-04-09,JFR,7.53,7.5,7.53,7.49,504757,3791737.0,0.53,-0.13,-0.01,0.0
2026-04-09,JFU,2.88,2.92,2.92,2.82,2067,5943.0,3.3,-3.5,-0.106,0.02
2026-04-09,JG,6.55,6.55,6.55,6.55,1521,10311.0,0.0,-3.25,-0.22,0.03
2026-04-09,JGH,12.67,12.65,12.69,12.52,126854,1604668.0,1.35,0.24,0.03,0.0
2026-04-09,JGLO,67.23,67.96,68.07,67.23,51185,3469056.0,1.24,0.56,0.38,0.0
2026-04-09,JGRO,88.13,88.51,88.716,87.71,881046,77689505.0,1.14,0.45,0.4,0.0
2026-04-09,JGRW,25.04,25.27,25.32,25.04,11448,288677.0,1.11,0.28,0.07,0.0
2026-04-09,JHAC,14.235,14.235,14.235,14.235,7,99.0,0.0,0.39,0.055,0.0
2026-04-09,JHAI,27.54,27.667,27.69,27.4,6997,193060.0,1.06,0.73,0.2,0.0
2026-04-09,JHCB,21.32,21.34,21.39,21.305,4238,90433.0,0.4,0.01,0.003,0.0
2026-04-09,JHCP,25.27,25.305,25.33,25.235,1400,35366.0,0.38,0.12,0.03,0.0
2026-04-09,JHCR,25.41,25.425,25.46,25.39,2359,59985.0,0.28,0.02,0.006,0.0
2026-04-09,JHDV,41.98,41.931,41.98,41.931,449,18830.0,0.12,0.79,0.33,0.0
2026-04-09,JHEM,35.78,36.04,36.231,35.66,881412,31522557.0,1.58,-0.08,-0.03,0.0
2026-04-09,JHG,51.52,51.4,51.61,51.4,2112694,108825324.0,0.41,-0.39,-0.2,1.37
2026-04-09,JHHY,25.65,25.711,25.766,25.65,28383,728232.0,0.45,0.04,0.011,0.0
2026-04-09,JHI,13.27,13.351,13.37,13.27,12447,165573.0,0.75,0.53,0.071,0.0
2026-04-09,JHID,42.052,42.052,42.052,42.052,81,3442.0,0.0,-0.18,-0.076,0.0
2026-04-09,JHLN,24.57,24.57,24.58,24.57,12866,315894.0,0.04,0.0,0.0,0.0
2026-04-09,JHMB,22.13,22.115,22.16,22.09,24113,533534.0,0.32,0.02,0.005,0.0
2026-04-09,JHMD,44.16,44.52,44.67,43.98,50736,2252046.0,1.55,0.18,0.08,0.0
2026-04-09,JHML,81.11,81.65,81.758,81.1,22682,1847839.0,0.81,0.47,0.38,0.0
2026-04-09,JHMM,69.63,69.88,70.12,69.511,180069,12579532.0,0.87,0.03,0.02,0.0
2026-04-09,JHMU,26.21,26.218,26.22,26.21,2153,56438.0,0.04,0.22,0.058,0.0
2026-04-09,JHPI,22.91,22.969,23.0,22.8,28329,649571.0,0.88,0.56,0.129,0.0
2026-04-09,JHS,11.16,11.103,11.16,11.103,1738,19362.0,0.51,-0.33,-0.037,0.0
2026-04-09,JHSC,44.66,44.98,45.131,44.585,13985,627866.0,1.22,0.65,0.29,0.0
2026-04-09,JHX,20.0,20.75,20.935,20.0,4576141,94412028.0,4.63,2.72,0.55,0.79
2026-04-09,JIDE,50.013,50.013,50.013,50.013,25,1249.0,0.0,0.1,0.051,0.0
2026-04-09,JIG,78.92,79.55,79.78,78.456,41863,3324217.0,1.66,-0.13,-0.1,0.0
2026-04-09,JIII,49.92,49.975,50.13,49.9,8533,426675.0,0.46,0.08,0.04,0.0
2026-04-09,JILL,11.57,12.1,12.71,11.57,136525,1663310.0,9.91,5.22,0.6,0.92
2026-04-09,JIRE,79.0,79.63,80.0,78.81,304031,24192122.0,1.49,-0.18,-0.14,0.0
2026-04-09,JIVE,88.91,89.635,89.96,88.67,240162,21515743.0,1.44,-0.05,-0.041,0.0
2026-04-09,JJSF,79.65,81.78,82.535,79.25,227902,18593625.0,4.09,1.93,1.55,1.2
2026-04-09,JKHY,157.75,153.38,157.75,152.23,793186,122189569.0,3.49,-2.91,-4.6,1.1
2026-04-09,JKS,23.6,22.91,24.085,22.715,559348,12888553.0,5.76,-3.62,-0.86,1.08
2026-04-09,JL,6.78,7.01,7.16,6.77,18253,128250.0,5.73,2.94,0.2,1.1
2026-04-09,JLHL,6.15,5.87,6.15,5.87,31778,189580.0,4.86,1.91,0.11,0.28
2026-04-09,JLL,315.94,320.0,321.67,312.28,374616,119554145.0,2.95,0.46,1.47,0.8
2026-04-09,JLQD,41.565,41.515,41.565,41.515,604,25113.0,0.12,0.06,0.023,0.0
2026-04-09,JLS,18.64,18.575,18.65,18.45,13013,241779.0,1.08,0.08,0.015,0.0
2026-04-09,JMBS,45.44,45.505,45.592,45.36,795752,36188829.0,0.51,-0.05,-0.025,0.0
2026-04-09,JMEE,69.49,70.04,70.31,69.49,106232,7438245.0,1.18,0.39,0.27,0.0
2026-04-09,JMHI,49.88,50.04,50.062,49.88,15012,750365.0,0.36,0.26,0.13,0.0
2026-04-09,JMIA,6.9,6.95,7.086,6.86,732472,5095242.0,3.25,-0.14,-0.01,0.59
2026-04-09,JMID,29.85,29.755,29.85,29.755,1088,32499.0,0.32,0.47,0.138,0.0
2026-04-09,JMM,5.91,6.01,6.01,5.91,4063,24212.0,1.67,0.59,0.035,0.0
2026-04-09,JMMF,100.16,100.2,100.2,100.16,1854,185841.0,0.04,-0.14,-0.142,0.0
2026-04-09,JMOM,71.66,71.975,72.13,71.45,78693,5660086.0,0.95,0.41,0.295,0.0
2026-04-09,JMSB,20.7,20.83,21.0,20.7,56152,1171915.0,1.44,0.05,0.01,0.4
2026-04-09,JMSI,49.97,50.17,50.17,49.97,55239,2768752.0,0.4,0.28,0.14,0.0
2026-04-09,JMST,50.92,50.915,50.925,50.885,2116325,107736196.0,0.08,0.05,0.025,0.0
2026-04-09,JMTG,51.0,51.05,51.14,50.925,246041,12550811.0,0.42,0.02,0.01,0.0
2026-04-09,JMUB,50.22,50.37,50.38,50.205,1161325,58448706.0,0.35,0.28,0.14,0.0
2026-04-09,JNEU,30.104,30.104,30.104,30.104,49,1472.0,0.0,0.61,0.183,0.0
2026-04-09,JNJ,241.3,241.31,244.2,240.54,6216497,1503956304.0,1.52,0.0,0.01,0.26
2026-04-09,JNK,96.47,96.57,96.76,96.26,3177916,306922432.0,0.52,0.09,0.09,0.0
2026-04-09,JNUG,226.56,224.93,232.49,216.545,197166,44367022.0,7.14,0.77,1.72,0.0
2026-04-09,JOB,0.249,0.251,0.255,0.246,235648,58692.0,3.6,0.4,0.001,0.21
2026-04-09,JOBX,19.35,18.42,19.45,18.12,31920,602874.0,6.64,-8.04,-1.61,0.0
2026-04-09,JOBY,8.47,8.28,8.62,8.24,15996768,134103238.0,4.4,-4.06,-0.35,1.63
2026-04-09,JOBY_WS,0.76,0.723,0.82,0.72,34533,26729.0,13.61,-1.63,-0.012,0.0
2026-04-09,JOE,66.8,67.85,68.57,66.73,197816,13407866.0,2.73,0.49,0.33,0.34
2026-04-09,JOET,41.63,41.92,42.0,41.58,28347,1185808.0,1.0,0.22,0.09,0.0
2026-04-09,JOF,10.93,10.94,10.968,10.76,186901,2037267.0,1.86,-2.23,-0.25,0.0
2026-04-09,JOJO,15.67,15.698,15.698,15.67,600,9413.0,0.18,0.08,0.012,0.0
2026-04-09,JOUT,49.24,51.17,51.93,48.65,178828,8929053.0,6.62,3.33,1.65,1.93
2026-04-09,JOYY,61.15,60.74,61.995,60.48,223131,13599215.0,2.49,-0.08,-0.05,0.66
2026-04-09,JPAN,38.815,38.689,38.815,38.689,398,15461.0,0.32,-1.23,-0.483,0.0
2026-04-09,JPC,7.79,7.89,7.89,7.73,805599,6301714.0,2.06,1.68,0.13,0.0
2026-04-09,JPEF,74.14,74.786,74.964,74.14,109269,8162291.0,1.11,0.75,0.555,0.0
2026-04-09,JPEM,64.54,64.77,64.99,64.26,11491,743002.0,1.13,0.33,0.21,0.0
2026-04-09,JPHY,50.39,50.49,50.52,50.39,8377,422971.0,0.26,0.18,0.09,0.0
2026-04-09,JPIB,48.08,48.17,48.225,48.04,99406,4786519.0,0.38,0.1,0.05,0.0
2026-04-09,JPIE,46.02,46.09,46.1,46.02,814946,37544339.0,0.17,0.05,0.022,0.0
2026-04-09,JPIN,73.51,73.958,74.243,73.4,6285,464203.0,1.13,-0.51,-0.382,0.0
2026-04-09,JPLD,52.13,52.13,52.17,52.1,407939,21266545.0,0.13,0.03,0.015,0.0
2026-04-09,JPM,306.95,310.33,311.26,306.11,6586601,2040106672.0,1.67,0.77,2.36,0.25
2026-04-09,JPMB,39.75,39.91,39.98,39.73,13560,541424.0,0.63,0.4,0.16,0.0
2026-04-09,JPME,118.48,118.914,119.11,118.48,4512,536602.0,0.53,0.26,0.304,0.0
2026-04-09,JPM_C,25.18,25.21,25.22,25.14,73574,1852403.0,0.32,0.2,0.05,0.1
2026-04-09,JPM_D,24.7,24.78,24.78,24.655,68105,1683134.0,0.51,0.32,0.08,0.1
2026-04-09,JPM_J,19.9,19.98,20.02,19.9,31108,620851.0,0.6,0.05,0.01,0.09
2026-04-09,JPM_K,19.12,19.14,19.16,19.06,51481,984496.0,0.52,0.05,0.01,0.09
2026-04-09,JPM_L,19.39,19.45,19.46,19.37,66907,1298569.0,0.46,0.21,0.04,0.09
2026-04-09,JPM_M,17.86,17.84,17.89,17.81,128577,2293852.0,0.45,-0.11,-0.02,0.16
2026-04-09,JPO,14.24,14.28,14.38,14.24,14311,204748.0,0.97,-0.56,-0.081,0.0
2026-04-09,JPRE,49.8,50.16,50.595,49.8,42760,2159999.0,1.6,0.84,0.42,0.0
2026-04-09,JPSE,54.33,54.935,55.04,54.33,9015,494678.0,1.3,0.7,0.384,0.0
2026-04-09,JPST,50.49,50.5,50.52,50.49,7164689,361824448.0,0.06,0.02,0.01,0.0
2026-04-09,JPSV,61.35,61.831,61.831,61.35,236,14568.0,0.78,0.79,0.482,0.0
2026-04-09,JPUS,134.47,135.22,135.57,134.47,13885,1878977.0,0.82,0.47,0.63,0.0
2026-04-09,JPXN,94.55,95.18,95.61,94.06,9312,883414.0,1.6,-1.58,-1.53,0.0
2026-04-09,JPY,33.68,34.1,34.175,33.68,11222,378209.0,1.43,-1.56,-0.54,0.0
2026-04-09,JQC,4.82,4.85,4.87,4.81,441229,2138848.0,1.24,0.62,0.03,0.0
2026-04-09,JQUA,63.33,63.39,63.485,62.96,897969,56866679.0,0.83,-0.08,-0.05,0.0
2026-04-09,JRE,25.95,25.685,25.95,25.685,1612,41594.0,1.04,0.82,0.208,0.0
2026-04-09,JRI,12.85,12.98,13.0,12.78,124888,1612858.0,1.71,1.01,0.13,0.0
2026-04-09,JRS,7.78,7.88,7.96,7.763,47820,375810.0,2.52,0.9,0.07,0.0
2026-04-09,JRSH,3.07,3.05,3.07,3.01,111755,340130.0,1.98,0.66,0.02,0.88
2026-04-09,JRVR,6.3,6.36,6.39,6.26,206140,1308008.0,2.05,0.47,0.03,0.45
2026-04-09,JSCP,47.23,47.25,47.306,47.225,263123,12439770.0,0.17,0.01,0.005,0.0
2026-04-09,JSI,51.7,51.75,51.787,51.685,87426,4524137.0,0.2,0.08,0.04,0.0
2026-04-09,JSM,18.342,18.07,18.342,18.05,18427,336127.0,1.59,-1.36,-0.25,0.0
2026-04-09,JSMD,84.01,84.809,85.18,83.75,60017,5081013.0,1.7,0.9,0.758,0.0
2026-04-09,JSML,74.65,75.227,75.49,74.305,30052,2258034.0,1.59,1.14,0.851,0.0
2026-04-09,JSPR,0.719,0.824,0.848,0.706,1332308,1068945.0,20.08,16.55,0.117,4.76
2026-04-09,JSPRW,0.022,0.022,0.022,0.022,3561,68.0,0.0,22.22,0.004,0.0
2026-04-09,JSTC,20.33,20.3,20.379,20.225,13617,276721.0,0.76,-0.26,-0.052,0.0
2026-04-09,JTAI,5.3,6.6,6.6,5.0,2653322,16360041.0,28.02,15.59,0.89,410.22
2026-04-09,JTEK,84.42,83.92,84.66,83.26,650901,54491195.0,1.66,-0.71,-0.6,0.0
2026-04-09,JUCY,22.22,22.235,22.25,22.22,30517,678769.0,0.13,0.02,0.005,0.0
2026-04-09,JUDO,25.85,26.042,26.09,25.825,4481,115880.0,1.03,0.73,0.189,0.0
2026-04-09,JULB,25.62,25.754,25.79,25.62,1895,48748.0,0.66,0.43,0.11,0.0
2026-04-09,JULH,24.8,24.845,24.845,24.8,1362,33809.0,0.18,0.1,0.024,0.0
2026-04-09,JULJ,24.85,24.85,24.86,24.85,1913,47548.0,0.04,-0.02,-0.005,0.0
2026-04-09,JULM,33.885,33.92,33.92,33.885,215,7286.0,0.1,0.15,0.05,0.0
2026-04-09,JULP,31.06,31.206,31.23,31.06,3191,99616.0,0.55,0.41,0.126,0.0
2026-04-09,JULT,45.26,45.38,45.38,45.25,33104,1500793.0,0.29,0.53,0.24,0.0
2026-04-09,JULU,29.21,29.42,29.449,29.21,13027,382639.0,0.82,0.53,0.155,0.0
2026-04-09,JULW,39.48,39.611,39.62,39.48,40068,1586386.0,0.35,0.26,0.101,0.0
2026-04-09,JULZ,41.76,41.709,41.76,41.709,385,16086.0,0.12,0.58,0.239,0.0
2026-04-09,JUNM,34.6,34.6,34.6,34.58,1124,38881.0,0.06,0.07,0.025,0.0
2026-04-09,JUNP,31.06,31.082,31.11,31.06,7752,241087.0,0.16,0.35,0.107,0.0
2026-04-09,JUNS,0.392,0.383,0.399,0.375,71224,27624.0,6.45,2.96,0.011,0.2
2026-04-09,JUNT,36.87,36.97,36.97,36.87,145,5350.0,0.27,0.45,0.164,0.0
2026-04-09,JUNW,33.87,33.895,33.895,33.86,397,13452.0,0.1,0.24,0.08,0.0
2026-04-09,JUNZ,32.25,32.419,32.45,32.25,233,7535.0,0.62,0.59,0.19,0.0
2026-04-09,JUSA,61.518,61.518,61.518,61.518,26,1634.0,0.0,0.72,0.441,0.0
2026-04-09,JUST,96.245,97.134,97.135,96.1,5496,531546.0,1.07,0.75,0.721,0.0
2026-04-09,JVA,4.32,4.36,4.37,4.2,46544,199126.0,3.92,0.46,0.02,0.82
2026-04-09,JVAL,50.73,51.101,51.16,50.665,28941,1477881.0,0.97,0.38,0.195,0.0
2026-04-09,JWEL,2.45,2.44,2.45,2.44,7399,18125.0,0.41,-0.41,-0.01,0.34
2026-04-09,JXG,3.96,3.92,4.0,3.801,8657,34185.0,5.24,3.16,0.12,0.12
2026-04-09,JXI,88.47,89.4,90.09,88.47,48668,4363783.0,1.83,0.93,0.82,0.0
2026-04-09,JXN_A,25.48,25.7,25.7,25.48,16827,431596.0,0.86,0.63,0.16,0.08
2026-04-09,JXX,26.61,26.347,26.61,26.104,3669,96731.0,1.93,0.37,0.096,0.0
2026-04-09,JYD,2.7,2.88,2.88,2.7,3906,11110.0,6.16,-1.37,-0.04,0.05
2026-04-09,JYNT,8.91,8.82,8.91,8.65,27217,239253.0,2.91,-1.23,-0.11,0.19
2026-04-09,JZ,0.8,0.849,1.0,0.8,129601,112879.0,25.0,6.13,0.049,0.73
2026-04-09,JZXN,0.92,0.917,0.922,0.884,23443,21105.0,4.13,-0.33,-0.003,1.76
2026-04-09,KAI,314.58,323.73,325.48,314.58,96287,30877680.0,3.44,2.29,7.26,0.82
2026-04-09,KALA,0.18,0.183,0.188,0.173,1619034,293597.0,8.43,2.81,0.005,0.17
2026-04-09,KALU,137.46,142.04,143.86,136.67,193482,27403704.0,5.22,3.17,4.36,1.19
2026-04-09,KALV,19.25,19.95,20.11,19.242,582221,11583062.0,4.5,3.53,0.68,1.14
2026-04-09,KAMO,24.71,24.72,24.73,24.7,19443,480643.0,0.12,0.06,0.015,0.0
2026-04-09,KAPA,0.58,0.56,0.6,0.55,133471,77123.0,8.59,-3.78,-0.022,0.62
2026-04-09,KAPR,36.96,37.27,37.35,36.96,9386,349704.0,1.05,0.31,0.115,0.0
2026-04-09,KARO,50.85,50.9,51.6,49.94,31025,1578053.0,3.28,0.49,0.25,0.1
2026-04-09,KARS,33.1,33.2,33.34,32.81,26002,863314.0,1.58,-0.9,-0.3,0.0
2026-04-09,KAT,54.98,55.12,55.29,54.98,22508,1243101.0,0.56,-0.02,-0.01,0.0
2026-04-09,KAUG,27.41,27.48,27.505,27.41,8206,225424.0,0.35,0.27,0.074,0.0
2026-04-09,KB,103.72,107.46,107.73,103.72,311272,33282455.0,3.75,0.46,0.49,0.08
2026-04-09,KBA,30.83,31.03,31.03,30.77,31575,977109.0,0.84,0.0,0.0,0.0
2026-04-09,KBAB,9.63,10.004,10.02,9.49,8085,78872.0,5.5,3.78,0.364,0.0
2026-04-09,KBDC,14.01,14.07,14.135,13.939,259588,3645279.0,1.4,0.14,0.02,0.39
2026-04-09,KBDU,19.53,19.26,19.62,19.07,1007,19519.0,2.59,-9.33,-1.982,0.0
2026-04-09,KBE,62.33,63.6,63.83,62.32,1982463,125703190.0,2.41,1.44,0.9,0.0
2026-04-09,KBFR,25.14,25.27,25.3,25.14,16192,407847.0,0.64,0.32,0.081,0.0
2026-04-09,KBH,50.89,52.22,52.79,50.89,1218220,63494075.0,3.7,1.58,0.81,1.94
2026-04-09,KBON,10.055,10.055,10.055,10.055,5000,50275.0,0.0,0.0,0.0,0.02
2026-04-09,KBONU,10.25,10.19,10.25,10.19,220,2249.0,0.59,-0.2,-0.02,0.0
2026-04-09,KBONW,0.65,0.574,0.65,0.574,10700,6902.0,11.69,-11.69,-0.076,0.0
2026-04-09,KBR,38.31,37.5,38.31,37.03,1464606,54865166.0,3.34,-2.09,-0.8,1.16
2026-04-09,KBSX,1.4,1.36,1.41,1.31,8161,10968.0,7.41,0.74,0.01,0.02
2026-04-09,KBUF,28.24,28.216,28.24,28.216,104,2959.0,0.08,-0.7,-0.199,0.0
2026-04-09,KBWB,83.95,85.43,85.635,83.88,1174826,99853095.0,2.08,1.32,1.11,0.0
2026-04-09,KBWD,12.75,12.86,12.94,12.75,396456,5098922.0,1.48,0.08,0.01,0.0
2026-04-09,KBWP,121.78,121.877,122.94,121.44,6248,762858.0,1.23,0.03,0.037,0.0
2026-04-09,KBWY,15.74,15.995,16.11,15.73,108093,1723762.0,2.4,1.14,0.18,0.0
2026-04-09,KC,15.0,14.83,15.098,14.65,1031804,15311153.0,3.06,1.37,0.2,0.35
2026-04-09,KCAC_U,10.15,10.13,10.16,10.13,1724,17508.0,0.3,0.4,0.04,0.0
2026-04-09,KCAI,31.95,31.95,31.95,31.95,165,5293.0,0.0,-0.59,-0.191,0.0
2026-04-09,KCCA,14.93,14.83,14.93,14.82,27912,414103.0,0.74,-0.6,-0.09,0.0
2026-04-09,KCE,142.09,143.15,143.745,141.56,18003,2571106.0,1.53,0.08,0.12,0.0
2026-04-09,KCHV,10.25,10.25,10.25,10.25,16,165.0,0.0,0.0,0.0,0.0
2026-04-09,KCHVR,0.252,0.235,0.252,0.21,29102,6849.0,16.15,-9.62,-0.025,0.0
2026-04-09,KCHVU,10.42,10.42,10.42,10.42,85,884.0,0.0,0.0,0.0,0.0
2026-04-09,KCOP,23.46,23.42,23.55,23.2,14118,330712.0,1.49,-0.43,-0.1,0.0
2026-04-09,KCSH,25.065,25.065,25.065,25.065,9,226.0,0.0,0.02,0.005,0.0
2026-04-09,KD,12.89,12.79,13.02,12.66,2581738,33012988.0,2.77,-1.54,-0.2,1.15
2026-04-09,KDEC,26.45,26.565,26.6,26.45,5010,132943.0,0.57,0.46,0.122,0.0
2026-04-09,KDEF,58.6,58.9,59.765,58.25,217071,12838242.0,2.57,-0.03,-0.02,0.0
2026-04-09,KDK,7.95,7.79,8.06,7.64,312963,2457822.0,5.35,-0.76,-0.06,0.17
2026-04-09,KDKRW,1.2,1.315,1.32,1.2,91674,120043.0,8.82,-3.31,-0.045,0.0
2026-04-09,KDP,25.6,26.42,26.55,25.6,9151476,240898829.0,3.68,2.24,0.58,0.67
2026-04-09,KDRN,23.27,23.27,23.27,23.27,2,46.0,0.0,0.06,0.014,0.0
2026-04-09,KDVD,26.96,26.909,26.976,26.909,1189,32052.0,0.25,0.76,0.204,0.0
2026-04-09,KE,25.2,25.71,25.82,25.19,88928,2281843.0,2.49,1.62,0.41,0.37
2026-04-09,KEAT,34.41,34.417,34.417,34.4,392,13514.0,0.05,-0.01,-0.002,0.0
2026-04-09,KELYA,8.59,8.72,8.76,8.38,385841,3327480.0,4.38,0.46,0.04,1.25
2026-04-09,KELYB,15.455,15.74,15.97,14.748,11387,177492.0,8.21,5.78,0.86,0.35
2026-04-09,KEMQ,23.11,23.369,23.4,23.11,8309,193959.0,1.23,-0.56,-0.131,0.0
2026-04-09,KEMX,43.215,43.537,43.59,42.89,7629,330340.0,1.61,-0.07,-0.031,0.0
2026-04-09,KEN,85.0,86.3,87.9,84.25,45843,3949338.0,4.19,-0.96,-0.84,0.09
2026-04-09,KEP,14.59,14.91,15.04,14.55,604111,9002126.0,3.28,-0.07,-0.01,0.05
2026-04-09,KEQU,35.05,34.1,35.1,34.1,1525,53067.0,2.88,-1.76,-0.61,0.05
2026-04-09,KEX,141.93,141.59,143.29,141.105,679876,96479110.0,1.55,0.64,0.9,1.27
2026-04-09,KEY,21.21,21.65,21.7,21.185,10121692,218159284.0,2.42,1.69,0.36,0.93
2026-04-09,KEYS,318.0,322.94,323.87,317.0,1034308,332692608.0,2.16,1.45,4.61,0.6
2026-04-09,KEY_I,25.03,25.04,25.059,24.94,16943,423840.0,0.48,0.18,0.045,0.08
2026-04-09,KEY_J,21.33,21.44,21.44,21.123,9479,201989.0,1.49,0.94,0.2,0.06
2026-04-09,KEY_K,21.34,21.5,21.57,21.14,19726,422412.0,2.03,1.32,0.28,0.11
2026-04-09,KEY_L,24.31,24.46,24.46,24.17,14083,343376.0,1.19,0.25,0.06,0.06
2026-04-09,KF,49.89,50.21,50.44,48.47,26290,1296957.0,3.91,-0.46,-0.23,0.0
2026-04-09,KFEB,28.88,28.997,29.07,28.88,1115,32286.0,0.66,0.45,0.129,0.0
2026-04-09,KFFB,4.29,4.29,4.29,4.29,566,2490.0,0.0,-4.03,-0.18,0.01
2026-04-09,KFII,10.44,10.44,10.44,10.44,2,21.0,0.0,0.0,0.0,0.0
2026-04-09,KFIIR,0.15,0.15,0.15,0.15,2000,300.0,0.0,-16.67,-0.03,0.0
2026-04-09,KFRC,29.07,30.04,30.08,28.42,189970,5620558.0,5.66,2.35,0.69,1.04
2026-04-09,KFS,11.48,11.53,11.8,11.48,101770,1184225.0,2.76,-0.6,-0.07,0.35
2026-04-09,KFY,63.68,63.95,64.09,62.88,431724,27510062.0,1.89,0.08,0.05,0.83
2026-04-09,KG,10.91,12.05,12.05,10.91,9347,107360.0,10.11,6.83,0.77,0.12
2026-04-09,KGC,33.225,32.84,33.69,32.46,6148426,202296226.0,3.72,-0.76,-0.25,0.51
2026-04-09,KGEI,5.2,5.04,5.29,4.943,118481,603897.0,6.8,-1.18,-0.06,0.33
2026-04-09,KGLD,32.45,32.45,32.74,32.375,42125,1370499.0,1.13,0.56,0.18,0.0
2026-04-09,KGRN,28.44,28.4,28.72,28.13,19840,562561.0,2.05,-1.18,-0.34,0.0
2026-04-09,KGS,60.18,60.38,61.48,60.18,1083928,65719592.0,2.16,0.25,0.15,1.26
2026-04-09,KHC,22.79,23.27,23.36,22.708,11396907,264600894.0,2.84,1.39,0.32,0.96
2026-04-09,KHPI,24.72,24.84,24.86,24.63,94991,2354105.0,0.93,0.32,0.08,0.0
2026-04-09,KHYB,24.03,24.135,24.14,24.03,2234,53872.0,0.46,0.35,0.085,0.0
2026-04-09,KIDS,15.75,15.94,16.12,15.69,105556,1679062.0,2.69,-0.44,-0.07,0.42
2026-04-09,KIDZ,3.07,2.52,3.13,2.45,190262,514915.0,21.86,-18.97,-0.59,16.2
2026-04-09,KIDZW,0.014,0.016,0.016,0.014,328,5.0,12.5,0.0,0.0,0.0
2026-04-09,KIE,56.73,56.89,57.455,56.48,1896719,107989023.0,1.71,-0.16,-0.09,0.0
2026-04-09,KIM,22.66,23.07,23.22,22.6,4374847,100833498.0,2.73,1.76,0.4,0.65
2026-04-09,KIM_L,19.23,19.35,19.372,19.22,10946,211526.0,0.79,0.21,0.04,0.12
2026-04-09,KIM_M,19.85,19.82,19.924,19.82,7948,157788.0,0.52,0.05,0.01,0.08
2026-04-09,KIM_N,59.2,59.2,59.2,59.2,27,1646.0,0.0,0.0,0.0,0.0
2026-04-09,KINS,14.85,15.33,15.53,14.85,92068,1406836.0,4.57,3.02,0.45,0.64
2026-04-09,KIO,11.17,11.19,11.22,11.155,166198,1859729.0,0.58,0.54,0.06,0.0
2026-04-09,KIQQ,23.59,23.66,23.66,23.59,741,17480.0,0.3,-0.07,-0.017,0.0
2026-04-09,KITT,0.49,0.472,0.49,0.47,724347,346410.0,4.1,-3.28,-0.016,2.11
2026-04-09,KITTW,0.046,0.07,0.07,0.046,52535,3177.0,52.17,52.17,0.024,0.0
2026-04-09,KJAN,42.6,42.91,42.975,42.6,20970,896098.0,0.88,0.16,0.07,0.0
2026-04-09,KJD,18.08,18.244,18.37,17.75,4096,73637.0,3.46,1.81,0.325,0.0
2026-04-09,KJUL,32.75,32.83,32.83,32.67,14159,463201.0,0.49,0.39,0.129,0.0
2026-04-09,KJUN,28.68,28.81,28.81,28.68,2581,74254.0,0.45,0.3,0.085,0.0
2026-04-09,KKR,92.99,92.83,93.65,91.59,5086643,470800624.0,2.19,-1.2,-1.13,0.57
2026-04-09,KKRS,16.21,16.44,16.47,16.2,22544,368004.0,1.67,1.42,0.23,0.0
2026-04-09,KKRT,24.1,24.5,24.53,24.085,56023,1362000.0,1.85,1.7,0.41,0.0
2026-04-09,KKR_D,40.42,40.43,40.45,40.0,26001,1046735.0,1.1,-0.98,-0.4,0.05
2026-04-09,KLAC,1669.89,1727.26,1734.7,1669.16,939756,1610490912.0,3.92,3.28,54.92,0.72
2026-04-09,KLAG,26.64,28.214,28.47,26.53,24270,672299.0,7.34,6.69,1.77,0.0
2026-04-09,KLAR,13.18,13.1,13.495,12.817,4882754,63800212.0,5.07,-1.95,-0.26,1.29
2026-04-09,KLC,2.64,2.9,2.945,2.64,1450228,4163703.0,11.21,6.62,0.18,1.23
2026-04-09,KLIC,72.62,76.8,77.26,72.62,945785,72090040.0,6.41,6.14,4.44,1.81
2026-04-09,KLIP,26.01,26.13,26.148,25.852,39867,1038120.0,1.13,-0.57,-0.15,0.0
2026-04-09,KLMN,27.73,27.96,28.0,27.72,8607536,240486814.0,1.01,0.75,0.209,0.0
2026-04-09,KLMT,31.583,31.583,31.583,31.583,3,96.0,0.0,0.04,0.013,0.0
2026-04-09,KLTR,1.11,1.09,1.13,1.055,255086,275920.0,6.7,-2.68,-0.03,0.17
2026-04-09,KLXE,2.53,2.21,2.57,2.165,369487,856192.0,16.2,-11.6,-0.29,1.88
2026-04-09,KMAR,29.89,30.06,30.11,29.84,19285,577313.0,0.9,0.43,0.13,0.0
2026-04-09,KMAY,29.06,29.045,29.06,29.02,5409,156996.0,0.14,0.14,0.04,0.0
2026-04-09,KMB,96.18,97.96,98.81,95.71,7145105,699600336.0,3.2,0.99,0.96,2.15
2026-04-09,KMDA,8.34,8.51,8.57,8.325,29804,252752.0,2.89,0.47,0.04,0.05
2026-04-09,KMI,32.87,32.97,33.765,32.76,11465884,379078464.0,3.05,0.03,0.01,0.52
2026-04-09,KMID,24.8,24.85,25.01,24.77,13492,335926.0,0.96,-0.18,-0.044,0.0
2026-04-09,KMLI,9.91,10.046,10.14,9.5,27880,277873.0,6.48,1.76,0.174,0.0
2026-04-09,KMLM,28.16,28.08,28.56,27.88,170446,4795884.0,2.44,0.79,0.22,0.0
2026-04-09,KMPB,22.87,23.08,23.16,22.83,29130,670849.0,1.44,1.05,0.24,0.0
2026-04-09,KMPR,31.34,32.01,32.46,31.1,720217,23050506.0,4.32,1.78,0.56,1.22
2026-04-09,KMRK,1.62,1.74,1.89,1.62,21128,37743.0,16.46,6.1,0.1,0.13
2026-04-09,KMT,37.8,39.1,39.32,37.62,929556,36110209.0,4.48,3.08,1.17,1.22
2026-04-09,KMTS,19.31,19.25,19.5,18.56,236090,4523572.0,4.79,-1.89,-0.37,0.4
2026-04-09,KMX,44.07,45.32,45.655,43.85,2057901,92692005.0,4.08,2.44,1.08,1.45
2026-04-09,KN,27.24,27.94,28.01,27.01,681640,18891215.0,3.66,2.34,0.64,0.8
2026-04-09,KNCT,149.592,150.297,150.32,149.592,2963,444559.0,0.49,0.2,0.302,0.0
2026-04-09,KNDI,0.821,0.84,0.865,0.821,63547,52968.0,5.19,-0.83,-0.007,0.07
2026-04-09,KNF,82.0,85.46,86.12,81.03,447624,38072916.0,6.13,2.84,2.36,0.79
2026-04-09,KNG,49.44,49.65,49.805,49.277,750565,37234651.0,1.07,0.24,0.12,0.0
2026-04-09,KNGZ,36.73,36.965,36.995,36.73,8360,308751.0,0.72,0.26,0.097,0.0
2026-04-09,KNO,54.956,54.956,54.956,54.956,9,494.0,0.0,-0.06,-0.034,0.0
2026-04-09,KNOP,10.04,9.88,10.06,9.82,86995,862903.0,2.39,-1.79,-0.18,0.26
2026-04-09,KNOV,29.45,29.612,29.63,29.45,10173,301075.0,0.61,0.45,0.132,0.0
2026-04-09,KNOW,12.52,12.485,12.52,12.485,455,5700.0,0.28,0.27,0.033,0.0
2026-04-09,KNRG,25.75,25.805,25.85,25.75,10501,271299.0,0.39,0.22,0.057,0.0
2026-04-09,KNRX,1.67,1.78,1.8,1.59,78242,135091.0,12.35,4.71,0.08,0.31
2026-04-09,KNSA,46.69,47.33,47.55,44.4,666516,31091196.0,6.7,0.64,0.3,1.44
2026-04-09,KNSL,352.35,361.77,365.64,349.87,217742,78711923.0,4.42,1.5,5.35,0.94
2026-04-09,KNTK,45.5,45.76,47.165,45.3,1389001,63751020.0,4.09,0.35,0.16,2.02
2026-04-09,KNX,62.17,61.32,62.7,60.91,3691492,227589009.0,2.87,-1.84,-1.15,2.27
2026-04-09,KO,76.65,78.18,78.29,76.37,14310985,1115705008.0,2.48,1.15,0.89,0.33
2026-04-09,KOCT,34.69,34.96,35.0,34.69,17035,594916.0,0.89,0.31,0.108,0.0
2026-04-09,KOD,41.22,42.36,42.88,40.5,623776,26253731.0,5.69,1.34,0.56,1.01
2026-04-09,KODK,11.38,12.28,12.34,11.38,1804880,21725686.0,8.41,7.53,0.86,1.85
2026-04-09,KOF,103.65,105.64,107.15,103.65,150218,15940484.0,3.36,1.33,1.39,0.04
2026-04-09,KOID,33.3,33.58,33.75,33.15,75414,2522425.0,1.79,-0.03,-0.01,0.0
2026-04-09,KOKU,120.751,120.751,120.751,120.751,7,861.0,0.0,0.54,0.644,0.0
2026-04-09,KOLD,24.15,24.86,25.31,24.128,3457230,85564233.0,4.92,3.54,0.85,0.0
2026-04-09,KOMP,61.78,61.84,62.2,61.4,60952,3770129.0,1.29,-0.11,-0.07,0.0
2026-04-09,KONG,29.786,29.786,29.786,29.786,65,1937.0,0.0,-0.9,-0.272,0.0
2026-04-09,KOOL,13.51,13.601,13.65,13.51,3031,41199.0,1.04,0.73,0.099,0.0
2026-04-09,KOP,37.21,37.04,37.607,36.7,147546,5462363.0,2.43,-0.86,-0.32,0.76
2026-04-09,KOPN,2.7,2.68,2.815,2.67,2516933,6892593.0,5.31,-1.83,-0.05,1.42
2026-04-09,KORE,9.14,9.16,9.17,9.14,24681,226071.0,0.33,0.33,0.03,0.14
2026-04-09,KORP,46.82,46.85,46.948,46.73,62114,2908883.0,0.47,0.09,0.04,0.0
2026-04-09,KORU,373.07,399.48,405.66,361.8,1401716,539062752.0,10.83,-1.37,-5.53,0.0
2026-04-09,KOS,2.75,2.55,2.76,2.52,27700594,72232112.0,8.66,-7.94,-0.22,4.79
2026-04-09,KOSS,3.885,3.86,3.937,3.8,20840,80086.0,3.61,1.58,0.06,0.22
2026-04-09,KOYN,10.06,10.06,10.06,10.06,1398,14064.0,0.0,0.1,0.01,0.01
2026-04-09,KOYNU,10.17,10.17,10.17,10.17,2,20.0,0.0,0.0,0.0,0.0
2026-04-09,KPDD,8.99,8.52,9.06,8.28,87338,742756.0,8.6,-6.01,-0.545,0.0
2026-04-09,KPHO,24.015,24.36,24.37,24.015,1996,48139.0,1.46,0.07,0.016,0.0
2026-04-09,KPLT,7.005,7.08,7.16,7.005,8623,61035.0,2.22,1.58,0.11,0.2
2026-04-09,KPLTW,0.003,0.003,0.003,0.002,17943,48.0,33.33,0.0,0.0,0.0
2026-04-09,KPRO,27.42,27.376,27.45,27.26,13203,361910.0,0.69,-0.31,-0.084,0.0
2026-04-09,KPRX,2.67,2.48,2.77,2.45,360960,930425.0,11.19,-13.29,-0.38,9.14
2026-04-09,KPTI,7.22,8.16,8.25,7.19,1201960,9472498.0,14.62,12.55,0.91,5.33
2026-04-09,KQQQ,25.53,26.0,26.0,25.53,27310,706069.0,1.82,0.89,0.23,0.0
2026-04-09,KR,70.18,70.35,71.735,69.962,3889581,274432320.0,2.5,-0.86,-0.61,0.63
2026-04-09,KRAQ,9.888,9.888,9.888,9.888,80,789.0,0.0,0.0,0.0,0.0
2026-04-09,KRAQU,10.04,10.01,10.04,10.01,621,6231.0,0.3,-0.1,-0.01,0.0
2026-04-09,KRAQW,0.573,0.573,0.573,0.573,1000,573.0,0.0,2.32,0.013,0.0
2026-04-09,KRBN,30.095,30.31,30.314,30.05,5027,151817.0,0.89,2.05,0.61,0.0
2026-04-09,KRC,28.09,27.72,28.6,27.37,3111616,86918271.0,4.34,-2.19,-0.62,2.67
2026-04-09,KRE,68.28,69.85,70.065,68.15,10829844,753300352.0,2.79,1.69,1.16,0.0
2026-04-09,KREF,6.3,6.31,6.35,6.175,858861,5407832.0,2.79,0.48,0.03,1.34
2026-04-09,KREF_A,17.56,17.5,17.6,17.45,16905,295365.0,0.86,0.4,0.07,0.13
2026-04-09,KRG,24.78,25.23,25.385,24.78,1426745,36022790.0,2.41,0.36,0.09,0.7
2026-04-09,KRKR,3.84,3.79,3.94,3.64,16332,60806.0,7.96,0.61,0.023,0.92
2026-04-09,KRMA,42.825,43.129,43.13,42.825,3072,132267.0,0.71,0.21,0.091,0.0
2026-04-09,KRMD,4.2,4.37,4.395,4.0,766038,3105211.0,9.43,4.3,0.18,1.65
2026-04-09,KRMN,87.49,84.22,89.96,84.13,1193200,102549235.0,6.64,-4.02,-3.53,0.9
2026-04-09,KRNT,15.73,16.02,16.19,15.69,223254,3562879.0,3.17,1.65,0.26,0.48
2026-04-09,KRNY,7.97,8.18,8.21,7.965,223475,1822450.0,3.05,1.74,0.14,0.35
2026-04-09,KRO,6.46,6.52,6.62,6.4,177875,1155649.0,3.4,0.77,0.05,0.15
2026-04-09,KROP,36.06,35.415,36.06,35.295,5989,213339.0,2.16,-0.15,-0.054,0.0
2026-04-09,KROS,12.29,12.49,12.629,12.18,337069,4209670.0,3.58,-0.48,-0.06,1.71
2026-04-09,KRP,14.55,14.38,14.799,14.33,581093,8423113.0,3.23,-0.9,-0.13,0.62
2026-04-09,KRRO,13.2,13.08,13.5,13.0,111232,1468477.0,3.71,-2.82,-0.38,0.77
2026-04-09,KRSP,10.31,10.34,10.34,10.31,649,6694.0,0.29,0.29,0.03,0.0
2026-04-09,KRSP_U,10.471,10.53,10.73,10.46,1444,15251.0,2.56,-0.09,-0.01,0.0
2026-04-09,KRSP_WS,0.755,0.755,0.755,0.755,8,6.0,0.0,0.0,0.0,0.0
2026-04-09,KRT,29.39,29.82,29.87,28.68,74708,2212744.0,4.06,1.67,0.49,0.37
2026-04-09,KRUS,57.94,58.16,62.0,57.94,517779,30994415.0,6.77,-3.08,-1.85,4.64
2026-04-09,KRYP,21.5,21.417,21.5,21.417,562,12086.0,0.39,0.81,0.172,0.0
2026-04-09,KRYS,262.46,258.33,262.855,252.3,228211,58997749.0,3.99,-2.23,-5.89,0.78
2026-04-09,KSA,39.61,39.63,39.645,39.465,453090,17926247.0,0.46,0.2,0.08,0.0
2026-04-09,KSCP,3.64,3.38,3.935,3.37,878100,3119964.0,15.4,-7.9,-0.29,5.51
2026-04-09,KSEP,29.063,29.063,29.063,29.063,257,7459.0,0.0,0.39,0.112,0.0
2026-04-09,KSLV,34.57,34.8,35.54,34.35,46518,1628888.0,3.43,0.43,0.15,0.0
2026-04-09,KSPI,76.4,75.54,77.05,74.275,316312,23800583.0,3.63,-1.13,-0.86,0.17
2026-04-09,KSPY,27.99,28.08,28.08,27.969,29947,839745.0,0.4,0.47,0.13,0.0
2026-04-09,KSS,13.47,13.7,13.965,13.23,2992672,40963993.0,5.44,1.41,0.19,2.67
2026-04-09,KSTR,19.37,19.38,19.4,19.21,85167,1643660.0,0.98,-0.21,-0.04,0.0
2026-04-09,KT,21.99,22.19,22.36,21.95,1043483,23175583.0,1.85,0.36,0.08,0.22
2026-04-09,KTB,71.51,72.82,74.12,71.51,662695,48370716.0,3.63,1.15,0.83,1.2
2026-04-09,KTCC,2.71,2.7,2.78,2.69,9444,25705.0,3.38,1.5,0.04,0.09
2026-04-09,KTEC,13.88,13.87,13.88,13.67,57174,788092.0,1.48,-1.98,-0.28,0.0
2026-04-09,KTF,9.15,9.14,9.15,9.13,145822,1333149.0,0.22,0.0,0.0,0.0
2026-04-09,KTH,28.96,29.0,29.051,28.96,632,18342.0,0.31,-0.55,-0.16,0.0
2026-04-09,KTN,26.0,25.899,26.11,25.85,1067,27716.0,1.0,-0.31,-0.081,0.0
2026-04-09,KTOS,74.2,68.33,74.5,68.28,3788360,265223453.0,8.35,-8.23,-6.13,2.02
2026-04-09,KTTA,0.73,0.72,0.778,0.7,2625728,1856995.0,10.18,-6.01,-0.046,10.53
2026-04-09,KTTAW,0.007,0.007,0.007,0.007,500,4.0,0.0,0.0,0.0,0.0
2026-04-09,KTUP,16.55,14.33,16.82,14.25,95077,1466826.0,15.09,-15.85,-2.7,0.0
2026-04-09,KTWO,9.88,9.89,9.89,9.88,404740,3998833.0,0.1,0.1,0.01,2.87
2026-04-09,KULR,2.27,2.1,2.27,2.08,1192274,2584869.0,8.37,-7.49,-0.17,2.58
2026-04-09,KURA,8.76,8.85,8.899,8.64,764492,6754429.0,2.95,0.68,0.06,0.86
2026-04-09,KURE,17.5,17.682,17.718,17.5,15589,274374.0,1.23,-0.29,-0.051,0.0
2026-04-09,KUST,0.7,0.7,0.8,0.685,172952,129304.0,16.13,-1.82,-0.013,27.33
2026-04-09,KVACW,0.032,0.03,0.043,0.03,8121,303.0,33.33,-23.08,-0.009,0.0
2026-04-09,KVHI,9.16,9.12,9.3,9.106,53769,493550.0,2.11,-1.03,-0.095,0.28
2026-04-09,KVLE,25.555,25.771,25.775,25.555,1648,42433.0,0.86,0.73,0.186,0.0
2026-04-09,KVUE,17.23,17.43,17.56,17.17,31031682,540924160.0,2.25,0.52,0.09,1.62
2026-04-09,KVYO,18.0,17.79,18.03,16.86,5284443,93137792.0,6.47,-1.6,-0.29,3.63
2026-04-09,KW,10.87,10.86,10.88,10.86,384623,4178612.0,0.18,0.0,0.0,0.28
2026-04-09,KWEB,28.785,28.79,28.88,28.43,20308680,583254480.0,1.55,-1.07,-0.31,0.0
2026-04-09,KWIN,25.4,25.465,25.53,25.4,6343,161778.0,0.51,0.06,0.015,0.0
2026-04-09,KWR,126.7,130.38,130.96,126.7,110427,14296811.0,3.31,1.34,1.73,0.64
2026-04-09,KWT,37.19,37.36,37.655,37.19,17803,663885.0,1.24,-0.37,-0.14,0.0
2026-04-09,KXI,67.83,68.58,68.77,67.695,102393,7008993.0,1.57,0.2,0.14,0.0
2026-04-09,KXIN,6.022,5.84,6.16,5.3,18318,108075.0,14.33,-2.67,-0.16,1.21
2026-04-09,KYIV,10.56,10.9,10.95,10.455,669813,7195408.0,4.69,3.22,0.34,0.29
2026-04-09,KYIVW,3.76,3.8,3.85,3.75,8538,32459.0,2.66,1.06,0.04,0.0
2026-04-09,KYLD,19.71,19.67,19.73,19.5,12893,252857.0,1.17,0.36,0.07,0.0
2026-04-09,KYMR,86.24,87.35,89.075,86.005,510044,44682492.0,3.52,0.25,0.22,0.62
2026-04-09,KYN,13.88,13.91,14.22,13.88,308255,4326327.0,2.45,0.22,0.03,0.27
2026-04-09,KYNB,7.145,7.19,7.3,7.145,12584,91215.0,2.12,-1.51,-0.11,0.31
2026-04-09,KYTX,9.19,9.58,9.62,9.09,687932,6434611.0,5.75,3.9,0.36,1.14
2026-04-09,KZIA,8.9,9.1,9.26,8.705,118753,1073323.0,6.1,0.0,0.0,1.04
2026-04-09,KZR,7.33,7.35,7.43,7.32,43662,321537.0,1.49,-0.41,-0.03,0.59
2026-04-09,L,109.19,110.88,111.925,109.19,642784,71444281.0,2.49,0.99,1.09,0.31
2026-04-09,LAB,0.925,0.911,0.948,0.89,1474876,1339763.0,6.19,-2.77,-0.026,0.38
2026-04-09,LABD,15.55,14.81,15.62,14.72,7206419,108738250.0,5.89,-3.01,-0.46,0.0
2026-04-09,LABU,174.55,182.22,183.56,173.28,495315,88473009.0,5.8,2.78,4.93,0.0
2026-04-09,LABX,19.78,20.6,20.61,18.73,272043,5379866.0,9.76,6.96,1.34,0.0
2026-04-09,LAC,4.12,4.07,4.205,4.06,4228233,17437572.0,3.48,-2.4,-0.1,1.22
2026-04-09,LACG,7.88,7.616,7.907,7.616,1285,9980.0,3.65,-4.47,-0.356,0.0
2026-04-09,LAD,261.46,266.54,267.2,255.88,271077,71677856.0,4.3,1.24,3.26,1.16
2026-04-09,LADR,9.94,9.97,10.04,9.94,891459,8907441.0,1.0,-0.1,-0.01,0.7
2026-04-09,LAES,2.125,2.09,2.13,2.02,10866158,22679315.0,5.14,-2.34,-0.05,5.05
2026-04-09,LAFA,9.98,9.98,9.98,9.98,100,998.0,0.0,0.1,0.01,0.0
2026-04-09,LAKE,8.84,9.0,9.03,8.5,61695,542390.0,5.95,1.01,0.09,0.63
2026-04-09,LALT,24.47,24.5,24.57,24.46,4690,114842.0,0.45,0.37,0.09,0.0
2026-04-09,LAMR,131.41,132.87,133.34,130.84,408007,53975925.0,1.89,0.57,0.75,0.47
2026-04-09,LAND,10.32,10.32,10.4,10.21,439480,4539648.0,1.85,0.39,0.04,1.05
2026-04-09,LANDO,20.17,20.39,20.45,20.17,14867,302556.0,1.38,0.69,0.14,0.25
2026-04-09,LANDP,19.8,19.835,19.91,19.43,33157,654106.0,2.42,0.08,0.015,0.33
2026-04-09,LANV,1.43,1.48,1.526,1.41,5762,8392.0,7.84,0.0,0.0,0.0
2026-04-09,LAPR,25.19,25.28,25.3,25.19,13533,341410.0,0.44,0.22,0.055,0.0
2026-04-09,LAR,7.64,7.07,7.865,7.0,3496877,25199211.0,11.25,-8.06,-0.62,2.15
2026-04-09,LASE,0.967,0.946,0.975,0.92,803818,757958.0,5.66,-2.67,-0.026,2.69
2026-04-09,LASR,60.42,62.72,63.99,60.42,1479754,92877571.0,5.92,3.98,2.4,2.65
2026-04-09,LATA,10.015,10.01,10.015,10.01,1504,15057.0,0.05,0.0,0.0,0.01
2026-04-09,LAUR,35.33,33.39,35.36,33.36,1722911,58183679.0,5.65,-5.65,-2.0,1.23
2026-04-09,LAW,3.56,3.58,3.59,3.38,283089,998631.0,5.8,-1.1,-0.04,0.45
2026-04-09,LAYS,44.95,46.293,46.293,44.91,3995,181672.0,3.09,3.33,1.492,0.0
2026-04-09,LAZ,44.15,45.98,46.51,44.15,1225500,55921240.0,5.27,2.63,1.18,1.31
2026-04-09,LB,68.34,63.88,68.965,61.315,898893,57286825.0,11.14,-6.98,-4.79,3.23
2026-04-09,LBAY,27.98,28.121,28.121,27.98,1089,30486.0,0.51,1.44,0.4,0.0
2026-04-09,LBGJ,1.0,1.05,1.05,1.0,125053,126875.0,4.95,3.96,0.04,6.93
2026-04-09,LBO,23.625,23.625,23.625,23.625,200,4725.0,0.0,-0.37,-0.088,0.0
2026-04-09,LBRDA,51.68,52.08,52.44,50.82,136635,7100651.0,3.13,0.77,0.4,0.75
2026-04-09,LBRDK,51.36,52.09,52.52,50.84,817845,42573711.0,3.25,0.89,0.46,0.66
2026-04-09,LBRDP,23.55,23.45,23.55,23.383,3428,80568.0,0.71,0.0,0.0,0.05
2026-04-09,LBRT,28.24,27.2,28.5,26.925,3397126,93655777.0,5.59,-3.41,-0.96,2.1
2026-04-09,LBRX,25.75,26.29,26.72,25.28,317296,8306865.0,5.54,1.19,0.31,1.11
2026-04-09,LBTYA,12.56,12.35,12.59,12.331,2184037,27069964.0,2.06,-1.98,-0.25,1.25
2026-04-09,LBTYB,13.5,13.73,13.73,13.5,1743,23498.0,1.64,-1.93,-0.27,0.01
2026-04-09,LBTYK,12.02,11.9,12.04,11.875,1361247,16252285.0,1.37,-1.33,-0.16,0.92
2026-04-09,LC,14.87,14.92,15.16,14.755,2096458,31365003.0,2.7,-0.67,-0.1,1.82
2026-04-09,LCAP,30.19,30.34,30.42,30.13,22969,695339.0,0.96,0.53,0.16,0.0
2026-04-09,LCCC,10.31,10.31,10.31,10.31,50,516.0,0.0,0.0,0.0,0.0
2026-04-09,LCCCR,0.16,0.16,0.16,0.16,6600,1057.0,0.0,-15.79,-0.03,0.0
2026-04-09,LCDL,1.89,1.872,1.96,1.83,389712,735490.0,6.84,-1.47,-0.028,0.0
2026-04-09,LCDS,65.395,65.395,65.395,65.395,2,130.0,0.0,0.88,0.571,0.0
2026-04-09,LCF,40.93,41.0,41.0,40.93,1800,73722.0,0.17,0.84,0.341,0.0
2026-04-09,LCFY,4.755,4.72,4.776,4.63,4059,19176.0,3.15,1.92,0.089,0.23
2026-04-09,LCID,8.78,8.77,8.94,8.645,5593865,49054882.0,3.34,-0.57,-0.05,1.71
2026-04-09,LCII,126.16,126.77,128.005,124.035,220653,27888465.0,3.13,-0.11,-0.14,0.91
2026-04-09,LCLG,63.22,63.425,63.425,63.19,1708,108040.0,0.38,1.3,0.815,0.0
2026-04-09,LCNB,16.72,17.2,17.31,16.68,22148,377787.0,3.75,2.26,0.38,0.16
2026-04-09,LCOW,23.19,23.2,23.23,23.02,55209,1279082.0,0.91,0.19,0.045,0.0
2026-04-09,LCR,37.97,38.12,38.12,37.97,3301,125750.0,0.39,0.05,0.02,0.0
2026-04-09,LCTD,57.6,57.964,58.175,57.46,7023,406663.0,1.23,-0.14,-0.083,0.0
2026-04-09,LCTU,72.71,73.23,73.282,72.58,24245,1772040.0,0.96,0.49,0.36,0.0
2026-04-09,LCTX,1.52,1.49,1.56,1.49,1016434,1539719.0,4.55,-3.25,-0.05,0.41
2026-04-09,LCUT,6.8,7.76,7.82,6.8,434303,3224255.0,15.02,14.29,0.97,1.92
2026-04-09,LDDR,80.87,80.96,81.05,80.87,633,51253.0,0.22,-0.01,-0.011,0.0
2026-04-09,LDEM,60.49,60.479,60.49,60.479,734,44390.0,0.02,-0.09,-0.054,0.0
2026-04-09,LDI,1.39,1.38,1.415,1.34,1431860,1976818.0,5.36,-1.43,-0.02,0.63
2026-04-09,LDOS,160.13,155.63,160.135,155.58,645269,101270842.0,2.84,-3.12,-5.01,0.51
2026-04-09,LDP,20.61,20.85,20.94,20.61,88177,1836024.0,1.6,1.16,0.24,0.31
2026-04-09,LDRC,25.23,25.24,25.251,25.21,5907,149103.0,0.16,0.04,0.01,0.0
2026-04-09,LDRH,24.74,24.725,24.8,24.725,2227,55185.0,0.3,0.09,0.023,0.0
2026-04-09,LDRI,25.44,25.45,25.51,25.425,17638,449083.0,0.33,0.02,0.005,0.0
2026-04-09,LDRT,25.185,25.2,25.22,25.0,33822,848650.0,0.87,0.04,0.01,0.0
2026-04-09,LDRX,31.79,32.117,32.15,31.77,12000,382526.0,1.19,0.89,0.284,0.0
2026-04-09,LDSF,18.96,19.01,19.03,18.96,40618,771915.0,0.37,0.02,0.004,0.0
2026-04-09,LDUR,95.63,95.65,95.69,95.59,154705,14797152.0,0.1,0.1,0.1,0.0
2026-04-09,LE,10.67,11.39,11.55,10.67,417764,4684454.0,8.25,6.75,0.72,1.36
2026-04-09,LEA,124.09,125.18,125.81,123.618,490936,61348092.0,1.76,0.34,0.43,0.97
2026-04-09,LEAD,81.07,81.475,81.475,81.07,246,20041.0,0.5,0.86,0.697,0.0
2026-04-09,LECO,252.89,256.11,258.335,252.89,231390,59269477.0,2.14,0.67,1.71,0.42
2026-04-09,LEDS,1.252,1.3,1.59,1.252,80150,115784.0,25.94,-0.23,-0.003,0.97
2026-04-09,LEE,8.6,8.85,8.87,8.39,18844,163730.0,5.62,3.63,0.31,0.08
2026-04-09,LEG,9.84,10.07,10.165,9.825,1126100,11302624.0,3.42,1.21,0.12,0.83
2026-04-09,LEGH,20.79,21.57,21.655,20.79,118387,2530703.0,4.13,3.11,0.65,0.5
2026-04-09,LEGN,18.06,18.2,18.67,17.925,1551266,28446537.0,4.07,-0.55,-0.1,0.84
2026-04-09,LEGO,9.86,9.86,9.86,9.86,3272,32262.0,0.0,-0.05,-0.005,0.01
2026-04-09,LEGR,59.805,60.235,60.235,59.805,2113,126941.0,0.71,0.03,0.018,0.0
2026-04-09,LEGT,11.0,11.005,11.005,10.992,7122,78344.0,0.12,0.05,0.005,0.03
2026-04-09,LEGT_U,11.1,11.1,11.1,11.1,6,67.0,0.0,0.0,0.0,0.0
2026-04-09,LEMB,41.83,41.97,42.05,41.79,157303,6591863.0,0.62,0.24,0.1,0.0
2026-04-09,LEN,87.57,88.93,90.27,87.29,3421927,304392592.0,3.36,0.34,0.3,1.59
2026-04-09,LENS,46.4,46.162,46.4,46.162,5438,251793.0,0.51,-0.31,-0.142,0.0
2026-04-09,LENZ,9.28,9.29,9.56,9.195,510761,4749587.0,3.86,-1.69,-0.16,1.63
2026-04-09,LEN_B,86.53,86.85,88.15,85.73,81569,7105601.0,2.79,0.12,0.1,0.26
2026-04-09,LEO,6.47,6.47,6.47,6.43,225686,1455853.0,0.62,0.47,0.03,0.0
2026-04-09,LESL,1.34,1.33,1.355,1.3,34076,45040.0,4.01,-2.92,-0.04,0.37
2026-04-09,LEU,185.38,180.17,189.77,179.09,906113,165845253.0,5.62,-5.24,-9.96,4.78
2026-04-09,LEUX,18.55,17.63,19.4,17.63,20492,381309.0,9.14,-8.95,-1.732,0.0
2026-04-09,LEVI,21.69,22.76,22.865,21.65,4651246,104820283.0,5.57,4.36,0.95,4.74
2026-04-09,LEXI,36.835,36.825,36.89,36.825,5465,201394.0,0.18,0.4,0.146,0.0
2026-04-09,LEXX,0.949,0.905,0.989,0.9,75095,71165.0,9.32,-5.24,-0.05,0.3
2026-04-09,LFAC,9.925,9.925,9.925,9.925,1,10.0,0.0,0.0,0.0,0.0
2026-04-09,LFACU,10.04,10.04,10.04,10.04,310,3112.0,0.0,-0.4,-0.04,0.0
2026-04-09,LFAI,151.847,152.051,152.051,151.847,408,62003.0,0.13,-0.1,-0.148,0.0
2026-04-09,LFAO,165.805,165.805,165.805,165.805,3,497.0,0.0,-0.14,-0.231,0.0
2026-04-09,LFAW,176.975,176.975,176.975,176.975,13,2304.0,0.0,-0.17,-0.304,0.0
2026-04-09,LFBE,186.57,186.57,186.57,186.57,1,186.0,0.0,-0.22,-0.402,0.0
2026-04-09,LFCR,4.22,4.72,4.75,4.12,1111140,4955011.0,14.86,11.32,0.48,2.96
2026-04-09,LFDR,186.676,186.676,186.676,186.676,4,747.0,0.0,-0.21,-0.396,0.0
2026-04-09,LFEQ,53.94,54.061,54.077,53.94,404,21827.0,0.26,0.69,0.371,0.0
2026-04-09,LFGY,21.14,21.3,21.56,20.837,32268,685253.0,3.42,0.76,0.16,0.0
2026-04-09,LFMD,3.43,3.4,3.54,3.36,808651,2766252.0,5.19,-2.02,-0.07,1.69
2026-04-09,LFMDP,23.75,23.65,23.78,23.65,938,22252.0,0.55,-0.06,-0.015,0.07
2026-04-09,LFS,2.21,2.25,2.37,2.21,108478,243956.0,6.45,-9.31,-0.231,0.41
2026-04-09,LFSC,35.88,35.91,35.965,35.88,4250,152660.0,0.24,0.07,0.025,0.0
2026-04-09,LFST,6.52,6.49,6.57,6.3,1779659,11558272.0,4.13,-0.76,-0.05,0.46
2026-04-09,LFT,1.25,1.3,1.31,1.23,76757,98096.0,6.35,3.17,0.04,0.15
2026-04-09,LFT_A,20.3,20.3,20.3,20.3,4,81.0,0.0,0.0,0.0,0.0
2026-04-09,LFUS,367.79,376.36,378.99,366.0,211750,79425073.0,3.53,2.25,8.29,0.84
2026-04-09,LFVN,4.1,4.02,4.189,3.9,77334,309214.0,7.1,-1.23,-0.05,0.6
2026-04-09,LFWD,6.5,6.62,6.67,6.5,4167,27180.0,2.63,2.48,0.16,0.27
2026-04-09,LGCB,1.42,1.445,1.475,1.415,11232,16184.0,4.17,0.35,0.005,0.09
2026-04-09,LGCF,34.569,34.569,34.569,34.569,2,69.0,0.0,-0.19,-0.067,0.0
2026-04-09,LGCL,1.73,1.99,2.05,1.73,9374,17157.0,18.29,13.71,0.24,0.02
2026-04-09,LGCY,12.41,13.7,13.95,12.359,105971,1422083.0,12.84,10.57,1.31,0.84
2026-04-09,LGH,57.66,58.03,58.065,57.66,18503,1072433.0,0.7,0.21,0.12,0.0
2026-04-09,LGHL,0.88,0.874,0.963,0.872,72378,66259.0,10.28,-1.24,-0.011,14.33
2026-04-09,LGHT,8.67,8.706,8.706,8.67,7973,69353.0,0.41,-1.34,-0.118,0.0
2026-04-09,LGI,16.79,16.83,16.89,16.75,60276,1014489.0,0.84,0.84,0.14,0.0
2026-04-09,LGIH,38.54,40.7,41.24,38.48,369225,14938413.0,7.09,4.49,1.75,1.6
2026-04-09,LGL,7.0,6.9,7.0,6.9,3887,27018.0,1.43,-1.43,-0.1,0.06
2026-04-09,LGLV,182.07,182.39,183.24,182.07,25459,4648293.0,0.64,0.19,0.34,0.0
2026-04-09,LGN,57.56,59.75,60.6,57.4,4592854,274056304.0,5.54,3.48,2.01,5.69
2026-04-09,LGND,206.68,205.64,209.88,203.2,258091,53117628.0,3.21,-1.18,-2.45,1.29
2026-04-09,LGO,1.28,1.25,1.31,1.25,577232,736175.0,4.72,-1.57,-0.02,0.59
2026-04-09,LGOV,21.67,21.7,21.77,21.6,137654,2983973.0,0.78,0.0,0.0,0.0
2026-04-09,LGPS,0.704,0.73,0.74,0.68,3237,2309.0,8.08,-1.75,-0.013,0.01
2026-04-09,LGRO,37.93,38.257,38.29,37.93,11283,431472.0,0.94,0.13,0.05,0.0
2026-04-09,LGVN,1.14,1.11,1.16,1.09,739089,826487.0,6.19,-1.77,-0.02,3.39
2026-04-09,LH,272.4,273.26,276.37,270.975,454304,124402230.0,1.96,-0.53,-1.46,0.55
2026-04-09,LHAI,1.14,1.13,1.17,1.122,54430,61780.0,4.21,-0.88,-0.01,0.34
2026-04-09,LHSW,0.185,0.187,0.197,0.185,5129428,1051562.0,6.49,1.08,0.002,9.86
2026-04-09,LHX,361.36,357.97,364.27,357.88,1136803,408891904.0,1.77,-1.11,-4.0,0.61
2026-04-09,LI,18.29,18.29,18.43,18.025,2208472,40263882.0,2.17,-1.83,-0.34,0.24
2026-04-09,LIAE,208.927,208.927,208.927,208.927,35,7312.0,0.0,0.15,0.316,0.0
2026-04-09,LIAM,237.074,237.074,237.074,237.074,1,236.0,0.0,0.17,0.407,0.0
2026-04-09,LIAU,262.136,262.136,262.136,262.136,12,3174.0,0.0,-0.03,-0.074,0.0
2026-04-09,LIBD,278.158,278.158,278.158,278.158,5,1594.0,0.0,-0.09,-0.245,0.0
2026-04-09,LICN,4.41,4.09,4.41,4.09,5450,22664.0,7.26,-7.26,-0.32,0.03
2026-04-09,LIDR,1.62,1.58,1.68,1.58,760991,1232508.0,6.17,-2.47,-0.04,1.68
2026-04-09,LIDRW,0.022,0.023,0.023,0.02,7923,181.0,14.29,9.52,0.002,0.0
2026-04-09,LIEN,9.3,9.3,9.434,9.3,32690,304501.0,1.44,0.0,0.0,0.14
2026-04-09,LIF,43.43,41.53,43.99,41.22,1574210,65878978.0,6.3,-5.55,-2.44,1.95
2026-04-09,LIFE,12.96,13.875,13.95,12.88,811961,11119426.0,8.26,7.14,0.925,2.64
2026-04-09,LIFT,25.759,25.759,25.759,25.759,107,2770.0,0.0,0.15,0.039,0.0
2026-04-09,LII,474.06,488.68,492.06,474.06,262664,128146139.0,3.77,2.22,10.6,0.75
2026-04-09,LILA,8.18,8.33,8.335,8.11,163194,1348192.0,2.73,0.97,0.08,0.42
2026-04-09,LILAK,8.32,8.49,8.505,8.27,556374,4691304.0,2.8,1.19,0.1,0.35
2026-04-09,LIMI,50.81,50.82,50.82,50.81,404,20568.0,0.02,-0.46,-0.237,0.0
2026-04-09,LIMN,0.182,0.206,0.209,0.18,2894788,563297.0,15.76,11.96,0.022,6.45
2026-04-09,LIMNW,0.058,0.049,0.058,0.04,16559,742.0,45.0,22.5,0.009,0.0
2026-04-09,LIN,499.46,503.3,507.175,497.525,1918952,966643424.0,1.93,0.56,2.82,0.41
2026-04-09,LINC,40.42,40.24,41.2,40.15,394425,15985324.0,2.6,-0.45,-0.18,1.24
2026-04-09,LIND,18.67,19.02,19.33,18.54,454758,8647989.0,4.18,0.69,0.13,0.7
2026-04-09,LINE,33.91,34.47,34.72,33.72,620727,21369452.0,2.91,0.15,0.05,0.27
2026-04-09,LINK,3.08,2.92,3.1,2.89,10178,30481.0,6.75,-6.11,-0.19,0.06
2026-04-09,LINT,55.68,62.02,62.73,55.68,198847,11864476.0,12.38,8.9,5.07,0.0
2026-04-09,LION,10.45,10.64,10.72,10.35,2463614,25966527.0,3.54,1.82,0.19,0.85
2026-04-09,LIQT,1.72,1.82,1.835,1.715,65604,116226.0,6.76,2.54,0.045,0.66
2026-04-09,LIT,76.13,76.74,76.99,75.71,262619,20111939.0,1.67,0.04,0.03,0.0
2026-04-09,LITB,2.26,2.26,2.3,2.172,7665,17309.0,5.66,0.0,0.0,0.04
2026-04-09,LITE,912.0,894.13,960.0,871.73,7034583,6414238720.0,9.85,-0.21,-1.89,9.85
2026-04-09,LITL,30.18,30.22,30.22,30.18,566,17050.0,0.13,0.2,0.061,0.0
2026-04-09,LITP,14.11,14.08,14.18,13.851,25316,356021.0,2.34,0.0,0.0,0.0
2026-04-09,LITS,1.12,1.17,1.175,1.1,121606,140766.0,6.58,2.63,0.03,0.33
2026-04-09,LITX,48.18,46.15,52.87,43.76,5827474,282466288.0,19.7,-0.19,-0.09,0.0
2026-04-09,LIVE,13.6,13.55,13.94,13.472,5245,71395.0,3.45,0.0,0.0,0.17
2026-04-09,LIVN,63.86,63.37,64.3,63.27,641583,40860411.0,1.59,-2.0,-1.29,1.17
2026-04-09,LIXT,3.07,2.9,3.089,2.85,13381,38964.0,8.39,1.75,0.05,0.12
2026-04-09,LJAN,24.51,24.505,24.53,24.49,1860,45573.0,0.16,0.22,0.055,0.0
2026-04-09,LJUL,23.898,23.93,23.93,23.898,175,4182.0,0.13,0.04,0.01,0.0
2026-04-09,LKFN,59.72,61.14,61.565,59.72,96323,5877141.0,3.07,1.75,1.05,0.38
2026-04-09,LKOR,41.82,41.97,41.97,41.75,1569,65736.0,0.52,0.08,0.032,0.0
2026-04-09,LKQ,29.36,30.05,30.21,29.185,2234931,66815057.0,3.47,1.83,0.54,0.88
2026-04-09,LKSP,10.05,10.045,10.06,10.04,68063,683824.0,0.2,-0.05,-0.005,0.57
2026-04-09,LKSPR,1.06,1.1,1.15,1.05,3069,3294.0,8.47,-6.78,-0.08,0.0
2026-04-09,LKSPU,10.15,10.15,10.15,10.15,10,102.0,0.0,0.0,0.0,0.0
2026-04-09,LLDR,45.29,45.136,45.29,45.136,183,8278.0,0.34,-0.17,-0.079,0.0
2026-04-09,LLII,22.21,22.493,22.55,22.21,2383,53421.0,1.52,0.59,0.132,0.0
2026-04-09,LLY,948.47,955.19,963.755,939.29,1672549,1596016816.0,2.57,0.2,1.89,0.18
2026-04-09,LLYVA,97.32,98.0,99.01,96.88,277212,27285471.0,2.16,-0.5,-0.49,1.08
2026-04-09,LLYVK,100.25,100.83,102.05,98.71,547169,55393410.0,3.3,-0.3,-0.3,0.86
2026-04-09,LLYX,18.28,18.595,18.88,17.95,117407,2164153.0,5.03,0.62,0.115,0.0
2026-04-09,LMAT,111.78,112.71,113.0,110.655,125513,14123834.0,2.09,0.27,0.3,0.55
2026-04-09,LMB,83.97,84.4,85.63,83.61,225759,19033861.0,2.41,0.51,0.43,1.93
2026-04-09,LMBO,17.92,18.044,18.58,17.655,14413,262114.0,5.04,-1.77,-0.326,0.0
2026-04-09,LMBS,49.99,49.98,51.0,49.92,547942,27392857.0,2.16,0.0,0.0,0.0
2026-04-09,LMFA,0.27,0.26,0.27,0.254,145817,38630.0,5.97,-2.99,-0.008,0.9
2026-04-09,LMND,58.32,55.63,58.86,55.11,2132632,120369633.0,6.36,-5.62,-3.31,2.79
2026-04-09,LMNR,13.2,13.19,13.35,13.18,44543,589564.0,1.28,-0.98,-0.13,0.25
2026-04-09,LMNX,15.44,14.163,15.63,13.875,69540,1016181.0,11.06,-10.74,-1.705,0.0
2026-04-09,LMRI,9.42,9.3,9.605,9.05,488287,4547874.0,5.83,-2.31,-0.22,0.51
2026-04-09,LMT,627.99,623.87,636.88,623.089,911060,572448848.0,2.19,-0.74,-4.63,0.4
2026-04-09,LMTL,48.65,47.621,49.54,47.52,7720,372967.0,4.18,-1.36,-0.656,0.0
2026-04-09,LMTS,16.43,16.495,16.495,16.28,683,11165.0,1.31,0.68,0.111,0.0
2026-04-09,LMUB,50.49,50.68,50.69,50.451,210122,10635703.0,0.47,0.38,0.191,0.0
2026-04-09,LNAI,0.35,0.414,0.437,0.331,6241703,2411899.0,29.69,15.97,0.057,25.81
2026-04-09,LNC,35.25,34.89,35.56,34.75,1856817,65100227.0,2.27,-2.16,-0.77,0.97
2026-04-09,LNC_D,26.26,26.34,26.41,26.26,23057,607471.0,0.57,0.38,0.1,0.12
2026-04-09,LND,4.1,4.18,4.22,4.1,110411,462280.0,2.91,1.21,0.05,0.11
2026-04-09,LNG,277.53,265.77,280.63,262.247,3388693,908109200.0,6.68,-3.43,-9.44,1.61
2026-04-09,LNGX,44.62,44.05,45.385,43.96,30212,1345936.0,3.17,-2.0,-0.9,0.0
2026-04-09,LNKB,8.67,8.87,8.9,8.62,48230,425027.0,3.24,2.66,0.23,0.13
2026-04-09,LNKS,1.82,1.96,2.038,1.82,342491,659140.0,11.01,-1.01,-0.02,25.25
2026-04-09,LNN,108.0,111.91,113.09,108.0,161876,18104110.0,4.69,3.22,3.49,1.56
2026-04-09,LNOK,39.99,40.95,41.88,39.55,10049,408175.0,5.83,2.45,0.98,0.0
2026-04-09,LNSR,5.5,5.46,5.67,5.33,104889,575722.0,6.15,-1.27,-0.07,0.87
2026-04-09,LNT,72.99,73.72,74.4,72.93,1730801,127940514.0,2.01,1.0,0.73,0.67
2026-04-09,LNTH,79.53,81.43,82.44,79.135,693157,56396034.0,4.13,1.75,1.4,1.06
2026-04-09,LNZA,26.04,26.06,26.35,25.07,18212,471472.0,4.92,0.08,0.02,0.18
2026-04-09,LNZAW,0.015,0.017,0.017,0.015,9031,150.0,11.11,-5.56,-0.001,0.0
2026-04-09,LOAN,4.44,4.41,4.49,4.38,48242,214118.0,2.45,-1.78,-0.08,0.42
2026-04-09,LOAR,62.52,64.38,65.78,62.43,713834,46009334.0,5.32,2.17,1.37,0.76
2026-04-09,LOB,35.16,36.59,36.89,35.16,217613,7940465.0,4.87,2.95,1.05,0.47
2026-04-09,LOBO,0.5,0.499,0.57,0.47,556347,283712.0,21.65,8.01,0.037,4.36
2026-04-09,LOB_A,25.14,25.11,25.24,25.11,6773,170466.0,0.52,0.04,0.01,0.17
2026-04-09,LOCL,1.6,1.5,1.665,1.47,22458,35246.0,11.34,-12.79,-0.22,0.1
2026-04-09,LOCO,13.87,14.04,14.245,13.85,243794,3428581.0,2.82,0.21,0.03,0.81
2026-04-09,LOCT,23.8,23.81,23.83,23.8,1123,26759.0,0.13,0.15,0.035,0.0
2026-04-09,LODE,3.21,3.17,3.26,3.145,444338,1415082.0,3.56,-1.86,-0.06,0.6
2026-04-09,LODI,25.22,25.22,25.25,25.21,12047,303893.0,0.16,0.0,0.0,0.0
2026-04-09,LOGI,93.15,91.06,93.15,90.115,1456638,133258034.0,3.2,-3.94,-3.73,0.99
2026-04-09,LOGO,19.49,19.682,19.69,19.49,10747,211561.0,1.02,0.29,0.056,0.0
2026-04-09,LOKV,10.42,10.44,10.44,10.41,13686,142563.0,0.29,-0.1,-0.01,0.06
2026-04-09,LOKVW,1.43,1.44,1.44,1.43,599,862.0,0.69,0.0,0.0,0.0
2026-04-09,LOMA,11.48,11.58,11.78,11.22,633625,7307566.0,4.84,0.17,0.02,0.54
2026-04-09,LONA,9.79,9.54,10.04,9.42,24563,239116.0,6.47,-0.42,-0.04,0.26
2026-04-09,LONZ,49.41,49.37,49.41,49.28,75729,3736065.0,0.26,0.04,0.02,0.0
2026-04-09,LOOP,1.44,1.42,1.5,1.39,13830,19712.0,7.64,-1.39,-0.02,0.03
2026-04-09,LOPE,171.73,167.99,171.73,166.603,198709,33459607.0,2.98,-2.19,-3.77,0.73
2026-04-09,LOPP,36.75,36.75,36.75,36.75,3,111.0,0.0,1.02,0.371,0.0
2026-04-09,LOT,1.28,1.46,1.469,1.28,149292,208648.0,15.0,15.87,0.2,0.02
2026-04-09,LOTI,25.95,26.011,26.04,25.95,1163,30256.0,0.35,0.33,0.085,0.0
2026-04-09,LOTWW,0.065,0.065,0.065,0.065,1000,65.0,0.0,1.56,0.001,0.0
2026-04-09,LOUP,72.94,71.99,72.95,71.66,60797,4372637.0,1.77,-1.4,-1.025,0.0
2026-04-09,LOVE,15.36,15.69,15.91,14.96,396558,6168715.0,6.12,1.03,0.16,2.71
2026-04-09,LOW,241.0,247.81,248.99,238.18,2283335,562436672.0,4.44,1.7,4.15,0.41
2026-04-09,LOWV,76.76,76.767,76.87,76.229,3122,239589.0,0.84,0.27,0.207,0.0
2026-04-09,LPA,3.32,3.36,3.42,3.24,15131,50572.0,5.41,0.9,0.03,0.05
2026-04-09,LPAA,10.73,10.73,10.73,10.73,12,129.0,0.0,0.0,0.0,0.0
2026-04-09,LPAAW,0.14,0.14,0.14,0.14,21025,2943.0,0.0,0.0,0.0,0.0
2026-04-09,LPBB,10.63,10.63,10.63,10.63,91,967.0,0.0,0.0,0.0,0.0
2026-04-09,LPBBW,0.164,0.174,0.174,0.164,272,47.0,5.0,-13.0,-0.026,0.0
2026-04-09,LPCN,2.14,2.09,2.185,2.01,808141,1692580.0,8.22,-1.88,-0.04,11.07
2026-04-09,LPCV,9.9,9.9,9.9,9.9,106,1049.0,0.0,-0.3,-0.03,0.0
2026-04-09,LPCVW,0.24,0.24,0.24,0.24,2596,623.0,0.0,4.35,0.01,0.0
2026-04-09,LPG,35.3,34.93,35.91,34.73,481545,16981099.0,3.37,-0.2,-0.07,1.13
2026-04-09,LPL,4.1,4.23,4.295,4.07,2955964,12369147.0,5.24,-1.4,-0.06,0.3
2026-04-09,LPLA,310.12,314.57,316.34,307.57,577660,181277137.0,2.82,1.22,3.78,0.72
2026-04-09,LPRE,27.06,27.28,27.43,27.06,372,10147.0,1.37,0.7,0.19,0.0
2026-04-09,LPRO,1.4,1.46,1.51,1.355,747805,1089818.0,10.99,3.55,0.05,0.64
2026-04-09,LPSN,2.75,2.81,2.815,2.7,66163,182393.0,4.12,0.72,0.02,0.55
2026-04-09,LPTH,11.5,12.16,12.36,11.44,1685419,20229376.0,7.94,5.01,0.58,2.92
2026-04-09,LPX,74.56,76.0,76.61,74.3,803141,60925376.0,3.07,0.98,0.74,1.15
2026-04-09,LQAI,39.85,39.882,39.882,39.85,288,11445.0,0.08,1.01,0.397,0.0
2026-04-09,LQD,109.31,109.49,109.79,109.155,39122036,4283274752.0,0.58,0.0,0.0,0.0
2026-04-09,LQDA,38.19,40.32,40.76,38.18,1209429,48207357.0,6.76,5.58,2.13,1.37
2026-04-09,LQDB,86.498,86.6,86.6,86.43,1905,164853.0,0.2,0.1,0.09,0.0
2026-04-09,LQDH,92.48,92.64,92.65,92.4,131798,12205732.0,0.27,0.18,0.17,0.0
2026-04-09,LQDI,26.29,26.339,26.339,26.26,2242,58928.0,0.3,-0.07,-0.019,0.0
2026-04-09,LQDT,32.04,32.31,32.51,31.46,107001,3448768.0,3.28,1.0,0.32,0.35
2026-04-09,LQDW,24.08,24.08,24.08,24.04,22591,543672.0,0.17,0.08,0.02,0.0
2026-04-09,LQIG,95.095,95.095,95.095,95.095,106,10117.0,0.0,0.05,0.044,0.0
2026-04-09,LQTI,19.59,19.55,19.715,19.51,92521,1809430.0,1.05,-0.26,-0.05,0.0
2026-04-09,LRCU,41.12,44.93,44.93,41.12,128470,5597417.0,9.35,10.31,4.2,0.0
2026-04-09,LRCX,248.33,258.76,259.0,247.35,9757778,2498728912.0,4.73,4.98,12.27,0.78
2026-04-09,LRE,1.28,1.28,1.28,1.28,1170,1496.0,0.0,-1.54,-0.02,0.01
2026-04-09,LRGC,76.68,77.34,77.378,76.57,54967,4223970.0,1.05,0.86,0.658,0.0
2026-04-09,LRGE,77.61,78.15,78.19,77.32,16155,1257402.0,1.12,0.66,0.509,0.0
2026-04-09,LRGF,68.37,68.77,68.85,68.2,153437,10529809.0,0.95,0.48,0.33,0.0
2026-04-09,LRGG,26.15,26.17,26.22,25.964,33141,865867.0,0.97,-0.53,-0.14,0.0
2026-04-09,LRHC,0.592,0.552,0.598,0.523,728757,433417.0,12.76,-6.12,-0.036,24.57
2026-04-09,LRMR,5.09,5.09,5.18,4.98,1401885,7153564.0,3.93,0.0,0.0,1.35
2026-04-09,LRN,89.54,90.38,91.855,89.155,468113,42451171.0,3.01,0.62,0.56,1.1
2026-04-09,LRND,38.76,39.173,39.173,38.71,622,24189.0,1.19,0.74,0.286,0.0
2026-04-09,LRNZ,41.5,40.666,41.5,40.46,3547,144270.0,2.47,-3.38,-1.424,0.0
2026-04-09,LSAF,47.57,47.845,47.93,47.57,4846,232104.0,0.75,-0.1,-0.049,0.0
2026-04-09,LSAK,4.92,4.99,5.02,4.92,32416,161666.0,2.04,1.84,0.09,0.04
2026-04-09,LSAT,40.56,40.935,40.98,40.56,2493,102028.0,1.03,0.3,0.121,0.0
2026-04-09,LSBK,15.62,15.7,15.7,15.52,4614,71951.0,1.15,0.58,0.09,0.06
2026-04-09,LSCC,106.26,106.29,109.11,105.01,1064372,113354046.0,3.85,-0.25,-0.27,0.78
2026-04-09,LSE,4.8,4.92,5.39,4.8,37867,189568.0,10.81,-9.89,-0.54,0.88
2026-04-09,LSEQ,34.3,34.173,34.3,34.173,2026,69381.0,0.37,0.3,0.101,0.0
2026-04-09,LSF,2.35,2.31,2.41,2.31,8353,19679.0,4.18,-3.35,-0.08,0.08
2026-04-09,LSGR,40.7,40.83,40.865,40.255,50163,2040103.0,1.5,0.54,0.22,0.0
2026-04-09,LSH,0.705,0.739,0.83,0.687,23366,17551.0,20.37,5.27,0.037,0.07
2026-04-09,LSPD,8.65,8.62,8.725,8.43,729464,6239318.0,3.38,-1.15,-0.1,0.53
2026-04-09,LST,42.38,42.593,42.71,42.295,12886,548946.0,0.98,0.22,0.093,0.0
2026-04-09,LSTA,5.0,5.0,5.01,5.0,11534,57696.0,0.2,0.0,0.0,0.13
2026-04-09,LSTR,171.26,170.41,173.335,169.695,350727,59855048.0,2.12,-0.61,-1.04,1.03
2026-04-09,LSVD,30.51,30.758,30.758,30.51,390,11962.0,0.81,0.62,0.19,0.0
2026-04-09,LTAX,25.003,25.003,25.003,25.003,2,50.0,0.0,0.34,0.084,0.0
2026-04-09,LTBR,11.0,10.76,11.13,10.61,494371,5363748.0,4.64,-3.93,-0.44,1.43
2026-04-09,LTC,39.06,39.55,39.92,39.01,305046,12076573.0,2.33,1.31,0.51,0.62
2026-04-09,LTCC,13.22,13.382,13.41,13.19,6543,86770.0,1.66,0.78,0.104,0.0
2026-04-09,LTH,28.22,28.03,28.48,27.86,1881323,52889636.0,2.17,-1.72,-0.49,0.84
2026-04-09,LTL,25.83,26.212,26.28,25.83,4667,121443.0,1.73,0.74,0.192,0.0
2026-04-09,LTM,51.81,53.1,53.79,51.37,784062,41455924.0,4.6,0.93,0.49,0.27
2026-04-09,LTPZ,51.46,51.61,51.8,51.38,67496,3483787.0,0.81,-0.08,-0.04,0.0
2026-04-09,LTRN,1.875,1.87,1.97,1.85,267408,510714.0,6.19,-3.61,-0.07,2.38
2026-04-09,LTRX,5.42,5.5,5.595,5.42,429217,2360772.0,3.19,0.18,0.01,1.08
2026-04-09,LTRYW,0.012,0.01,0.012,0.01,13410,148.0,15.38,-23.08,-0.003,0.0
2026-04-09,LTTI,18.68,18.68,18.765,18.649,3706,69256.0,0.62,-0.18,-0.034,0.0
2026-04-09,LU,1.88,1.88,1.92,1.87,714905,1351695.0,2.62,-1.57,-0.03,0.08
2026-04-09,LUCD,1.13,1.15,1.16,1.125,512708,585130.0,3.13,2.68,0.03,0.29
2026-04-09,LUCK,8.64,8.67,8.75,8.497,53967,469867.0,2.94,0.81,0.07,0.07
2026-04-09,LUCY,1.11,1.12,1.13,1.1,34848,38742.0,2.7,0.9,0.01,0.55
2026-04-09,LUCYW,0.063,0.064,0.064,0.063,2540,162.0,1.56,0.0,0.0,0.0
2026-04-09,LUD,6.0,8.48,8.7,5.55,211742,1628960.0,49.07,32.09,2.06,0.93
2026-04-09,LULG,12.89,14.26,14.26,12.89,47181,647910.0,10.51,9.36,1.22,0.0
2026-04-09,LULU,157.43,166.51,166.8,157.31,1967575,322716464.0,5.97,4.82,7.65,1.78
2026-04-09,LUMN,7.03,7.48,7.58,6.87,21236648,156039351.0,10.01,5.5,0.39,2.06
2026-04-09,LUNG,1.29,1.36,1.375,1.235,260512,342728.0,10.85,5.43,0.07,0.62
2026-04-09,LUNL,17.86,15.69,19.42,15.647,498233,8716259.0,21.16,-12.0,-2.14,0.0
2026-04-09,LUNR,23.12,21.97,24.43,21.93,16746811,383667456.0,10.69,-6.07,-1.42,10.51
2026-04-09,LUV,39.95,40.21,40.74,39.32,5377985,216017153.0,3.51,-0.47,-0.19,1.1
2026-04-09,LUXE,8.58,8.48,8.62,8.392,109891,934752.0,2.66,-0.93,-0.08,0.08
2026-04-09,LVHD,42.97,43.39,43.522,42.97,59041,2562633.0,1.28,0.57,0.245,0.0
2026-04-09,LVHI,41.13,41.22,41.28,40.95,663367,27306928.0,0.8,-0.17,-0.07,0.0
2026-04-09,LVIG,99.34,99.27,99.34,99.27,2675,265734.0,0.07,0.07,0.072,0.0
2026-04-09,LVLN,24.62,24.62,24.62,24.62,14,344.0,0.0,-0.08,-0.02,0.0
2026-04-09,LVLU,9.35,9.28,9.38,8.392,24174,220988.0,10.57,-0.75,-0.07,0.85
2026-04-09,LVO,4.61,4.68,4.85,4.5,55183,255563.0,7.54,0.86,0.04,0.45
2026-04-09,LVS,54.15,54.48,54.74,53.635,3338944,181160722.0,2.02,-0.22,-0.12,0.5
2026-04-09,LVWR,1.65,1.69,1.73,1.64,81694,137966.0,5.42,1.81,0.03,0.04
2026-04-09,LVWR_WS,0.055,0.055,0.058,0.053,48395,2644.0,8.93,-1.79,-0.001,0.0
2026-04-09,LW,41.17,41.61,42.18,40.941,2144472,89256663.0,2.98,0.05,0.02,1.55
2026-04-09,LWAY,22.77,23.51,23.58,22.52,38528,900857.0,4.61,2.22,0.51,0.25
2026-04-09,LWLG,8.38,8.44,8.64,8.02,3816942,31627273.0,7.39,0.6,0.05,2.53
2026-04-09,LXEH,0.193,0.184,0.199,0.184,974910,186014.0,7.46,-8.46,-0.017,5.21
2026-04-09,LXEO,6.35,6.43,6.6,6.3,531521,3437753.0,4.66,-0.16,-0.01,0.72
2026-04-09,LXFR,12.72,13.14,13.21,12.72,115532,1510432.0,3.8,2.02,0.26,0.43
2026-04-09,LXP,49.29,49.62,50.07,49.29,624584,31042448.0,1.58,0.24,0.12,1.06
2026-04-09,LXP_C,46.68,46.68,46.68,46.68,552,25754.0,0.0,-0.19,-0.09,0.03
2026-04-09,LXRX,1.65,1.76,1.84,1.65,3948321,7032116.0,11.38,5.39,0.09,0.93
2026-04-09,LXU,14.94,13.49,15.34,13.385,1647042,22769028.0,13.25,-8.6,-1.27,2.29
2026-04-09,LYB,75.06,72.27,76.5,70.84,9482904,690481440.0,7.63,-2.63,-1.95,2.94
2026-04-09,LYEL,23.12,23.85,24.18,22.845,121142,2875876.0,5.83,4.1,0.94,0.52
2026-04-09,LYFT,13.455,13.22,13.58,13.17,14050830,186548331.0,3.05,-1.78,-0.24,3.68
2026-04-09,LYG,5.52,5.6,5.65,5.52,15291193,85272353.0,2.34,0.9,0.05,0.1
2026-04-09,LYLD,29.55,29.55,29.55,29.55,338,10004.0,0.0,0.06,0.017,0.0
2026-04-09,LYTS,18.7,19.15,19.15,18.14,789854,14688689.0,5.34,1.22,0.23,2.21
2026-04-09,LYV,162.55,163.66,164.745,161.03,2564907,419597808.0,2.27,0.06,0.1,1.09
2026-04-09,LZ,5.9,5.66,5.915,5.63,2715858,15482490.0,4.81,-4.55,-0.27,1.57
2026-04-09,LZB,32.31,33.21,33.24,32.24,417411,13798291.0,3.06,1.53,0.5,1.02
2026-04-09,LZMH,1.425,1.43,1.65,1.29,236632,338076.0,25.0,-0.69,-0.01,0.18
2026-04-09,M,18.23,19.14,19.31,18.21,6040033,114813927.0,6.0,4.36,0.8,2.29
2026-04-09,MA,504.46,503.57,506.67,497.76,3301927,1659533776.0,1.76,-0.7,-3.55,0.37
2026-04-09,MAA,125.36,125.62,126.55,125.08,763278,96021254.0,1.17,-0.37,-0.47,0.66
2026-04-09,MAAS,5.94,5.87,6.2,5.845,165664,993504.0,6.08,0.51,0.03,0.04
2026-04-09,MAAY,7.53,7.608,7.675,7.53,9675,73763.0,1.91,0.07,0.005,0.0
2026-04-09,MAA_I,53.55,53.55,53.55,53.55,6,320.0,0.0,0.0,0.0,0.0
2026-04-09,MAC,20.55,21.09,21.245,20.55,1908195,40159125.0,3.36,1.98,0.41,0.74
2026-04-09,MACI,10.79,10.78,10.79,10.77,713,7686.0,0.19,0.09,0.01,0.0
2026-04-09,MACIU,10.79,10.79,10.79,10.79,2,23.0,0.0,0.0,0.0,0.0
2026-04-09,MACIW,0.12,0.12,0.12,0.12,133,16.0,0.0,0.0,0.0,0.0
2026-04-09,MADE,35.665,36.16,36.24,35.665,25595,921838.0,1.61,1.46,0.52,0.0
2026-04-09,MAGA,54.82,54.654,54.82,54.654,249,13643.0,0.3,0.1,0.054,0.0
2026-04-09,MAGC,20.726,20.891,20.891,20.69,11606,242272.0,0.95,-1.07,-0.226,0.0
2026-04-09,MAGG,20.43,20.43,20.43,20.43,191,3905.0,0.0,0.07,0.015,0.0
2026-04-09,MAGN,9.78,9.99,10.2,9.725,367276,3683360.0,4.79,0.81,0.08,1.02
2026-04-09,MAGO,21.17,21.53,21.59,21.17,5085,109010.0,1.98,1.69,0.357,0.0
2026-04-09,MAGS,60.075,60.72,60.857,59.57,3117292,188257038.0,2.15,1.5,0.9,0.0
2026-04-09,MAGX,45.81,46.8,46.957,45.032,104184,4806771.0,4.23,2.79,1.27,0.0
2026-04-09,MAGY,45.4,45.65,45.72,45.35,98655,4492261.0,0.82,0.73,0.33,0.0
2026-04-09,MAIA,1.24,1.2,1.241,1.16,967386,1146219.0,6.53,-3.23,-0.04,1.59
2026-04-09,MAIN,54.13,53.44,54.5,53.37,859768,46197734.0,2.08,-1.73,-0.94,0.95
2026-04-09,MAKO,6.58,6.85,7.02,6.58,168849,1155752.0,6.7,4.26,0.28,0.19
2026-04-09,MAKX,56.661,56.661,56.661,56.661,8,502.0,0.0,0.86,0.484,0.0
2026-04-09,MAMA,15.42,15.77,15.84,15.15,192690,3015526.0,4.42,0.96,0.15,0.47
2026-04-09,MAMB,24.26,24.3,24.33,24.22,28291,687547.0,0.45,0.12,0.03,0.0
2026-04-09,MAMO,0.999,1.0,1.01,0.99,44893,44614.0,1.98,-0.99,-0.01,0.11
2026-04-09,MAN,27.53,28.72,28.72,26.74,1253655,35215456.0,7.11,3.09,0.86,2.7
2026-04-09,MANE,58.14,59.98,60.44,57.2,142609,8472293.0,5.58,3.34,1.94,0.38
2026-04-09,MANH,131.69,124.49,132.44,122.28,902359,112830754.0,7.61,-6.75,-9.01,1.52
2026-04-09,MANI,25.34,25.341,25.345,25.323,1306,33100.0,0.09,0.06,0.016,0.0
2026-04-09,MANU,17.53,17.52,17.56,17.26,206342,3604302.0,1.7,-0.45,-0.08,0.37
2026-04-09,MAPP,26.69,26.72,26.72,26.69,629,16815.0,0.11,-0.07,-0.018,0.0
2026-04-09,MAPS,0.384,0.401,0.418,0.37,3840339,1495780.0,11.94,-0.25,-0.001,3.45
2026-04-09,MAPSW,0.003,0.003,0.003,0.003,334007,839.0,0.0,-25.0,-0.001,0.0
2026-04-09,MAR,347.51,352.93,354.0,344.53,1147160,402449520.0,2.72,1.25,4.35,0.43
2026-04-09,MARA,9.35,9.67,10.02,9.3,50414815,488043200.0,7.58,1.79,0.17,13.26
2026-04-09,MARB,20.8,20.82,20.82,20.79,1022,21286.0,0.14,0.29,0.06,0.0
2026-04-09,MARM,33.63,33.68,33.68,33.63,2297,77288.0,0.15,0.12,0.04,0.0
2026-04-09,MARO,5.77,5.84,5.97,5.67,141322,822156.0,5.07,-1.35,-0.08,0.0
2026-04-09,MARPS,5.03,5.035,5.2,4.99,17454,88374.0,4.18,0.3,0.015,0.87
2026-04-09,MARS,29.95,29.5,30.1,29.4,33388,991365.0,2.35,-1.07,-0.32,0.0
2026-04-09,MART,39.301,39.59,39.59,39.3,2103,82757.0,0.74,0.35,0.14,0.0
2026-04-09,MARU,27.66,27.625,27.66,27.6,8641,238722.0,0.22,0.47,0.13,0.0
2026-04-09,MARW,34.78,34.855,34.855,34.78,908,31603.0,0.22,0.34,0.119,0.0
2026-04-09,MARZ,33.93,34.111,34.111,33.93,672,22875.0,0.53,0.6,0.204,0.0
2026-04-09,MAS,61.6,63.42,63.89,61.56,2727547,172311824.0,3.74,1.91,1.19,1.34
2026-04-09,MASI,178.46,178.33,178.61,178.25,627536,111984000.0,0.2,0.02,0.03,1.2
2026-04-09,MASK,2.14,2.01,2.14,1.811,511882,1012817.0,15.45,-5.63,-0.12,45.32
2026-04-09,MASS,6.97,6.96,7.1,6.82,297014,2075044.0,3.98,-1.0,-0.07,0.79
2026-04-09,MAT,14.38,14.64,14.74,14.18,4020644,58527121.0,3.88,1.31,0.19,1.38
2026-04-09,MATE,26.95,27.055,27.055,26.94,943,25447.0,0.43,1.09,0.292,0.0
2026-04-09,MATH,1.07,1.1,1.12,1.07,18211,19710.0,4.52,-0.45,-0.005,0.04
2026-04-09,MATV,8.31,8.48,8.63,8.31,513664,4373012.0,3.8,0.83,0.07,0.94
2026-04-09,MATW,26.28,26.91,27.0,26.19,133094,3570139.0,3.07,1.93,0.51,0.43
2026-04-09,MATX,172.36,172.1,174.445,171.075,180898,31148864.0,1.95,-0.23,-0.39,0.59
2026-04-09,MAVF,124.11,124.48,124.48,124.11,420,52207.0,0.3,1.36,1.669,0.0
2026-04-09,MAX,9.6,9.33,9.6,9.27,468070,4375953.0,3.4,-4.01,-0.39,0.85
2026-04-09,MAXI,10.0,10.284,10.393,9.91,50973,513945.0,4.76,1.27,0.129,0.0
2026-04-09,MAXJ,28.45,28.505,28.53,28.44,3041,86574.0,0.32,0.19,0.055,0.0
2026-04-09,MAXN,1.34,1.32,1.429,1.2,1212924,1581734.0,16.47,-5.04,-0.07,7.16
2026-04-09,MAYM,32.56,32.595,32.595,32.56,7000,227920.0,0.11,0.63,0.204,0.0
2026-04-09,MAYP,31.56,31.535,31.56,31.535,7468,235690.0,0.08,0.19,0.061,0.0
2026-04-09,MAYS,39.0,40.9,40.9,39.0,2589,103982.0,4.62,-0.6,-0.248,0.13
2026-04-09,MAYT,37.715,37.715,37.715,37.715,2,76.0,0.0,0.26,0.099,0.0
2026-04-09,MAYW,34.11,34.11,34.11,34.11,39,1328.0,0.0,0.09,0.03,0.0
2026-04-09,MAYZ,33.126,33.126,33.126,33.126,37,1226.0,0.0,0.64,0.212,0.0
2026-04-09,MAZE,27.97,27.88,28.6,27.14,856025,23738479.0,5.2,-0.75,-0.21,1.72
2026-04-09,MB,5.7,5.76,5.814,5.6,6139,35059.0,3.63,-2.37,-0.14,0.04
2026-04-09,MBAI,1.61,1.65,1.685,1.58,64838,106170.0,6.4,0.61,0.01,0.89
2026-04-09,MBAV,10.78,10.8,10.81,10.78,112402,1211882.0,0.28,0.09,0.01,0.39
2026-04-09,MBAVW,0.34,0.35,0.36,0.34,5462,1918.0,6.06,6.06,0.02,0.0
2026-04-09,MBB,95.07,95.16,95.299,94.825,1448660,137809837.0,0.5,0.11,0.1,0.0
2026-04-09,MBBA,50.02,49.93,50.02,49.87,1209,60371.0,0.3,0.06,0.03,0.0
2026-04-09,MBBB,21.47,21.47,21.47,21.47,297,6388.0,0.0,0.1,0.022,0.0
2026-04-09,MBBC,14.15,14.15,14.15,14.15,204,2854.0,0.0,2.39,0.33,0.01
2026-04-09,MBC,8.18,8.62,8.75,8.18,3569735,30707075.0,6.84,3.48,0.29,2.8
2026-04-09,MBI,5.92,6.0,6.105,5.92,143616,863825.0,3.09,0.17,0.01,0.28
2026-04-09,MBIN,46.09,47.54,47.68,45.59,371303,17456467.0,4.52,2.72,1.26,0.81
2026-04-09,MBINL,24.25,24.25,24.32,24.01,23844,577835.0,1.28,-0.16,-0.04,0.26
2026-04-09,MBINM,25.13,25.12,25.13,25.03,3724,93490.0,0.4,0.4,0.1,0.07
2026-04-09,MBINN,20.25,20.3,20.31,20.15,2675,54082.0,0.8,1.65,0.33,0.03
2026-04-09,MBIO,0.74,0.743,0.75,0.74,11482,8541.0,1.33,-0.93,-0.007,0.17
2026-04-09,MBLY,7.3,7.21,7.36,7.135,3952479,28532610.0,3.05,-2.17,-0.16,1.62
2026-04-09,MBND,27.255,27.265,27.265,27.255,1790,48796.0,0.04,0.13,0.035,0.0
2026-04-09,MBNE,29.06,29.09,29.09,29.06,602,17494.0,0.1,0.17,0.05,0.0
2026-04-09,MBNKO,25.25,25.4,25.4,25.25,2672,67717.0,0.59,0.67,0.17,0.09
2026-04-09,MBOX,37.52,37.495,37.52,37.495,814,30537.0,0.07,0.16,0.061,0.0
2026-04-09,MBRX,2.44,2.55,2.58,2.415,111943,281238.0,6.79,4.94,0.12,2.1
2026-04-09,MBS,8.75,8.71,8.75,8.68,25363,220778.0,0.8,0.06,0.005,0.0
2026-04-09,MBSD,20.709,20.725,20.74,20.7,3833,79420.0,0.19,-0.05,-0.01,0.0
2026-04-09,MBSF,25.55,25.62,25.62,25.092,35012,896468.0,2.06,0.04,0.01,0.0
2026-04-09,MBSX,24.38,24.38,24.38,24.38,695,17205.0,0.0,-10.79,-2.95,0.0
2026-04-09,MBUU,24.69,25.35,25.91,24.31,615154,15553663.0,6.42,1.73,0.43,3.31
2026-04-09,MBVI,10.07,10.06,10.07,10.05,62931,633133.0,0.2,0.0,0.0,0.18
2026-04-09,MBWM,52.6,53.94,54.24,52.11,142871,7670269.0,4.02,1.77,0.94,0.83
2026-04-09,MBX,31.45,32.86,33.5,31.265,467548,15200268.0,7.06,3.79,1.2,0.98
2026-04-09,MC,62.39,62.77,63.44,60.9,1462582,91772757.0,4.13,2.08,1.28,1.99
2026-04-09,MCB,88.12,90.06,90.68,87.76,325278,29248868.0,3.3,1.9,1.68,2.65
2026-04-09,MCBS,30.49,31.35,31.44,30.49,76772,2397126.0,3.09,2.12,0.65,0.27
2026-04-09,MCD,305.19,309.55,311.1,303.99,2484731,768091696.0,2.32,0.83,2.54,0.35
2026-04-09,MCDS,62.16,62.16,62.16,62.16,8,502.0,0.0,0.1,0.061,0.0
2026-04-09,MCFT,21.13,21.6,21.8,20.935,110018,2363015.0,4.05,1.17,0.25,0.68
2026-04-09,MCGA,10.15,10.15,10.16,10.15,75606,767553.0,0.1,0.0,0.0,0.42
2026-04-09,MCGAW,0.337,0.411,0.459,0.337,42301,17936.0,34.86,17.43,0.061,0.0
2026-04-09,MCH,27.0,27.237,27.24,26.96,6598,178846.0,1.03,0.22,0.059,0.0
2026-04-09,MCHB,15.1,15.43,15.5,15.05,365662,5622966.0,2.96,1.45,0.22,0.17
2026-04-09,MCHI,56.915,57.21,57.23,56.56,1928737,109916278.0,1.17,-0.16,-0.09,0.0
2026-04-09,MCHP,70.5,71.22,71.55,69.53,8477749,600940448.0,2.86,0.69,0.49,1.57
2026-04-09,MCHPP,61.52,62.55,63.28,60.8,3162,196879.0,4.0,0.89,0.55,0.01
2026-04-09,MCHS,38.63,38.938,39.01,38.63,455,17664.0,0.99,1.34,0.513,0.0
2026-04-09,MCHX,1.635,1.57,1.64,1.556,11587,18598.0,5.22,-2.48,-0.04,0.03
2026-04-09,MCI,17.72,17.67,18.049,17.34,190637,3363937.0,3.96,-1.28,-0.23,0.97
2026-04-09,MCK,869.01,873.43,879.1,868.025,593241,518643296.0,1.27,0.26,2.25,0.48
2026-04-09,MCN,5.87,5.89,5.91,5.87,12313,72454.0,0.68,0.17,0.01,0.0
2026-04-09,MCO,443.46,438.22,445.42,432.03,949662,415436672.0,2.99,-2.1,-9.4,0.53
2026-04-09,MCOW,18.913,18.913,18.913,18.913,3,57.0,0.0,-0.26,-0.049,0.0
2026-04-09,MCR,6.03,6.09,6.1,6.03,79928,485447.0,1.16,0.5,0.03,0.0
2026-04-09,MCRB,8.77,8.71,9.18,8.58,12048,105773.0,6.85,-0.57,-0.05,0.13
2026-04-09,MCRI,97.8,98.94,99.185,96.815,97522,9611085.0,2.41,0.48,0.47,0.55
2026-04-09,MCRP,2.54,2.51,2.6,2.436,12363,31018.0,6.33,-3.09,-0.08,0.04
2026-04-09,MCS,18.84,19.22,19.245,18.75,126505,2416864.0,2.61,1.53,0.29,0.53
2026-04-09,MCVT,25.695,25.695,25.695,25.695,66,1688.0,0.0,0.34,0.087,0.0
2026-04-09,MCW,6.98,6.99,7.0,6.98,1779396,12440915.0,0.29,0.0,0.0,0.54
2026-04-09,MCY,92.51,94.1,95.09,92.51,191370,18022212.0,2.77,1.2,1.12,0.35
2026-04-09,MD,21.23,21.34,21.43,20.99,565389,12043272.0,2.06,-0.19,-0.04,0.68
2026-04-09,MDA,29.48,30.47,31.03,29.17,556796,16952319.0,6.33,3.64,1.07,0.4
2026-04-09,MDAA,107.125,107.125,107.125,107.125,12,1286.0,0.0,0.91,0.97,0.0
2026-04-09,MDAI,1.68,1.67,1.74,1.64,292979,492046.0,5.95,-0.6,-0.01,0.92
2026-04-09,MDAIW,0.585,0.576,0.59,0.57,4187,2458.0,3.42,-1.54,-0.009,0.0
2026-04-09,MDB,250.75,229.49,250.75,229.03,2586090,605180880.0,8.68,-8.32,-20.83,3.22
2026-04-09,MDBH,3.45,3.45,3.45,3.35,6967,23890.0,3.01,3.92,0.13,0.13
2026-04-09,MDBX,19.74,17.18,19.78,17.1,44889,808879.0,13.12,-15.88,-3.242,0.0
2026-04-09,MDCX,0.465,0.442,0.466,0.44,760098,343312.0,5.58,-5.15,-0.024,1.93
2026-04-09,MDCXW,0.55,0.55,0.55,0.55,237,130.0,0.0,-8.33,-0.05,0.0
2026-04-09,MDEV,19.411,19.411,19.411,19.411,1,20.0,0.0,-0.72,-0.14,0.0
2026-04-09,MDGL,516.96,524.3,525.99,510.64,268890,140183888.0,2.95,0.88,4.55,1.17
2026-04-09,MDIA,0.754,0.731,0.8,0.729,77142,58337.0,9.52,-2.01,-0.015,0.1
2026-04-09,MDIV,16.34,16.459,16.48,16.34,80172,1319217.0,0.85,0.37,0.06,0.0
2026-04-09,MDLN,44.165,45.69,45.94,43.605,5059446,228912960.0,5.27,3.04,1.35,0.62
2026-04-09,MDLV,30.64,30.534,30.64,30.534,1169,35752.0,0.35,0.12,0.036,0.0
2026-04-09,MDLZ,58.18,59.09,59.23,58.078,7349433,432893328.0,1.96,0.44,0.26,0.57
2026-04-09,MDPL,25.66,25.73,25.78,25.66,7221,185721.0,0.46,-0.92,-0.24,0.0
2026-04-09,MDRR,11.31,11.31,11.31,11.31,95,1086.0,0.0,0.0,0.0,0.01
2026-04-09,MDST,28.53,28.65,29.1,28.53,35409,1019195.0,1.99,0.14,0.04,0.0
2026-04-09,MDT,87.91,87.91,88.55,87.3,7896838,694504816.0,1.41,-0.83,-0.74,0.62
2026-04-09,MDU,22.17,22.32,22.471,22.17,1356544,30308096.0,1.36,0.68,0.15,0.66
2026-04-09,MDV,15.05,15.07,15.18,14.94,63696,959101.0,1.59,-0.13,-0.02,0.62
2026-04-09,MDV_A,24.99,24.99,24.99,24.99,338,8433.0,0.0,0.0,0.0,0.02
2026-04-09,MDWD,17.07,17.77,17.94,17.015,81461,1437613.0,5.36,2.9,0.5,0.63
2026-04-09,MDXG,3.96,4.03,4.045,3.825,1376079,5469414.0,5.54,1.51,0.06,0.93
2026-04-09,MDXH,2.05,2.07,2.145,2.03,278754,577070.0,5.61,0.98,0.02,0.54
2026-04-09,MDY,641.04,645.16,647.77,640.25,831860,535917696.0,1.17,0.23,1.48,0.0
2026-04-09,MDYG,100.36,100.75,101.18,100.1,68339,6881688.0,1.07,-0.12,-0.12,0.0
2026-04-09,MDYV,87.96,88.89,89.09,87.96,61467,5450820.0,1.28,0.51,0.45,0.0
2026-04-09,MEAR,50.3,50.26,50.38,50.25,425213,21378877.0,0.26,-0.03,-0.015,0.0
2026-04-09,MEC,19.3,20.5,20.62,19.3,156210,3171134.0,6.65,3.22,0.64,0.77
2026-04-09,MED,10.12,10.21,10.27,10.1,225683,2299951.0,1.66,-0.1,-0.01,2.05
2026-04-09,MEDI,29.87,30.08,30.08,29.83,2072,61977.0,0.84,0.49,0.147,0.0
2026-04-09,MEDP,518.49,501.5,519.64,497.58,364439,183363185.0,4.24,-3.68,-19.15,1.28
2026-04-09,MEDX,33.62,33.678,33.76,33.62,1397,47043.0,0.42,0.48,0.161,0.0
2026-04-09,MEG,22.44,22.56,22.855,22.22,172460,3892513.0,2.82,0.04,0.01,0.48
2026-04-09,MEGI,15.03,15.25,15.35,15.005,97111,1480584.0,2.29,1.33,0.2,0.0
2026-04-09,MEGL,1.08,1.06,1.08,1.06,1992,2114.0,1.85,-1.85,-0.02,0.05
2026-04-09,MEHA,0.175,0.17,0.189,0.152,2908083,481778.0,20.9,-3.95,-0.007,13.98
2026-04-09,MEI,6.28,6.72,6.815,6.28,614988,4038782.0,8.37,5.16,0.33,1.74
2026-04-09,MELI,1783.49,1793.205,1802.22,1744.1,322689,575436528.0,3.27,0.98,17.465,0.64
2026-04-09,MEM,38.72,38.945,39.026,38.44,40830,1585097.0,1.5,-0.17,-0.067,0.0
2026-04-09,MEMA,28.695,28.72,28.72,28.695,152,4361.0,0.09,0.22,0.062,0.0
2026-04-09,MEME,7.08,7.22,7.272,7.04,152807,1093483.0,3.31,3.0,0.21,0.0
2026-04-09,MEMX,42.22,42.606,42.78,42.1,4482,190167.0,1.59,-0.2,-0.085,0.0
2026-04-09,MEMY,18.77,18.77,18.77,18.77,88,1664.0,0.0,-2.31,-0.443,0.0
2026-04-09,MENS,2.69,2.68,2.85,2.68,74729,206655.0,6.34,0.0,0.0,0.1
2026-04-09,MEOH,62.9,57.94,62.9,57.22,2267166,133355620.0,9.23,-5.8,-3.57,2.93
2026-04-09,MERC,1.39,1.3,1.42,1.3,489423,659476.0,8.51,-7.8,-0.11,0.73
2026-04-09,MER_K,25.45,25.48,25.48,25.401,49018,1247207.0,0.31,0.12,0.03,0.0
2026-04-09,MESH,9.9,9.9,9.9,9.9,117065,1158943.0,0.0,0.1,0.01,0.34
2026-04-09,MESHU,9.98,9.98,9.98,9.98,105,1048.0,0.0,0.0,0.0,0.0
2026-04-09,MESO,14.17,14.55,15.0,14.1,344855,5017893.0,6.47,4.53,0.63,0.27
2026-04-09,MET,73.78,74.65,75.39,73.588,3697659,276332336.0,2.42,0.42,0.31,0.57
2026-04-09,META,626.97,628.39,637.5,623.0,19012912,11959556608.0,2.37,2.61,15.97,0.87
2026-04-09,METC,14.22,13.77,14.4,13.35,2366986,32564223.0,7.43,-2.62,-0.37,4.23
2026-04-09,METCB,10.36,10.05,10.46,10.035,16401,167556.0,4.07,-3.74,-0.39,0.15
2026-04-09,METCI,25.15,25.22,25.22,25.15,7290,183686.0,0.28,0.18,0.045,0.0
2026-04-09,METD,16.15,16.06,16.215,15.83,489292,7863508.0,2.33,-2.67,-0.44,0.0
2026-04-09,METL,28.61,28.505,28.8,28.22,25351,724094.0,2.03,-0.08,-0.024,0.0
2026-04-09,METU,26.635,26.82,27.59,26.39,5347376,143554128.0,4.7,5.09,1.3,0.0
2026-04-09,METV,16.39,16.44,16.46,16.21,53468,872679.0,1.52,0.18,0.03,0.0
2026-04-09,METW,30.31,30.425,30.83,30.15,13316,405377.0,2.3,3.03,0.895,0.0
2026-04-09,MET_A,20.88,20.99,21.1,20.86,42508,890767.0,1.15,0.43,0.09,0.18
2026-04-09,MET_E,22.86,22.89,22.91,22.76,32908,751877.0,0.66,0.18,0.04,0.1
2026-04-09,MET_F,18.89,18.83,18.96,18.78,61461,1159221.0,0.96,-0.03,-0.005,0.15
2026-04-09,MEVO,9.85,9.85,9.85,9.85,65000,640250.0,0.0,0.0,0.0,0.22
2026-04-09,MEVOU,10.02,10.02,10.02,10.02,125,1253.0,0.0,0.1,0.01,0.0
2026-04-09,MEVOW,0.35,0.358,0.381,0.35,85732,30094.0,8.86,2.29,0.008,0.0
2026-04-09,MEXX,33.37,33.87,34.94,33.37,46252,1582241.0,4.69,1.23,0.41,0.0
2026-04-09,MFA,9.89,9.98,10.02,9.81,905537,9013896.0,2.13,1.42,0.14,0.89
2026-04-09,MFAN,25.15,25.26,25.28,25.13,7718,194838.0,0.59,0.12,0.03,0.0
2026-04-09,MFAO,25.34,25.3,25.35,25.3,6861,173713.0,0.2,0.32,0.08,0.0
2026-04-09,MFA_B,19.99,20.17,20.23,19.99,11080,222465.0,1.2,1.12,0.223,0.14
2026-04-09,MFA_C,22.768,22.96,23.02,22.768,18206,417290.0,1.11,0.92,0.21,0.16
2026-04-09,MFC,36.28,36.59,36.695,36.215,2078621,75916656.0,1.31,0.22,0.08,0.12
2026-04-09,MFDX,41.2,41.6,41.68,41.2,15212,630856.0,1.15,-0.06,-0.025,0.0
2026-04-09,MFEM,26.11,26.318,26.33,25.97,8946,234787.0,1.37,0.37,0.098,0.0
2026-04-09,MFG,8.51,8.6,8.68,8.45,6415263,55082125.0,2.61,-2.27,-0.2,0.05
2026-04-09,MFI,11.28,12.0,14.0,11.12,55346,715822.0,25.69,7.05,0.79,0.11
2026-04-09,MFIC,11.66,11.62,11.745,11.58,1237520,14417568.0,1.41,-0.6,-0.07,1.34
2026-04-09,MFICL,25.04,25.1,25.175,25.04,11147,279575.0,0.54,-0.48,-0.12,0.0
2026-04-09,MFIG,18.62,18.591,18.62,18.46,2323,43128.0,0.86,-0.07,-0.013,0.0
2026-04-09,MFIN,8.79,8.965,8.99,8.575,24270,215924.0,4.67,0.96,0.085,0.1
2026-04-09,MFLX,17.09,17.08,17.33,17.035,33735,576965.0,1.73,0.41,0.07,0.0
2026-04-09,MFM,5.43,5.45,5.46,5.4,163698,889375.0,1.11,1.11,0.06,0.0
2026-04-09,MFMO,20.28,20.45,20.51,20.28,7861,160737.0,1.14,0.99,0.2,0.0
2026-04-09,MFSB,25.03,25.075,25.11,25.01,75973,1904842.0,0.4,0.08,0.02,0.0
2026-04-09,MFSG,26.91,27.15,27.175,26.787,88406,2391469.0,1.44,0.85,0.23,0.0
2026-04-09,MFSI,30.99,31.17,31.26,30.83,255457,7928113.0,1.37,-0.42,-0.13,0.0
2026-04-09,MFSM,25.05,25.075,25.1,25.015,17409,436379.0,0.34,0.24,0.06,0.0
2026-04-09,MFSV,27.41,27.6,27.647,27.41,90793,2500884.0,0.86,0.51,0.14,0.0
2026-04-09,MFUL,21.86,21.895,21.895,21.86,108,2379.0,0.16,0.12,0.026,0.0
2026-04-09,MFUS,60.47,60.61,60.74,60.35,8539,517494.0,0.65,0.48,0.29,0.0
2026-04-09,MFUT,18.23,18.208,18.23,18.14,1755,31873.0,0.5,1.24,0.223,0.0
2026-04-09,MFVL,19.85,19.898,19.91,19.84,924,18375.0,0.35,-0.52,-0.104,0.0
2026-04-09,MG,15.95,16.85,16.9,15.909,233254,3882722.0,6.2,5.44,0.87,0.73
2026-04-09,MGC,245.44,247.5,247.68,244.885,123344,30419143.0,1.14,0.77,1.88,0.0
2026-04-09,MGEE,79.23,81.1,81.89,79.23,184967,15022230.0,3.33,1.63,1.3,0.5
2026-04-09,MGF,2.98,2.98,2.98,2.93,61374,182193.0,1.69,1.02,0.03,0.0
2026-04-09,MGIH,1.41,1.36,1.412,1.36,6043,8421.0,3.69,-3.55,-0.05,0.05
2026-04-09,MGK,384.12,386.17,386.44,380.97,281983,108404972.0,1.43,0.62,2.39,0.0
2026-04-09,MGLD,1.15,1.16,1.17,1.15,3619,4200.0,1.68,-2.52,-0.03,0.01
2026-04-09,MGM,36.83,36.93,37.235,36.154,3556207,130932304.0,2.91,-0.46,-0.17,1.39
2026-04-09,MGMT,46.42,46.97,47.02,46.42,1204,56385.0,1.29,0.86,0.4,0.0
2026-04-09,MGN,0.228,0.204,0.232,0.199,5669787,1221407.0,13.87,-14.29,-0.034,17.72
2026-04-09,MGNR,52.82,52.7,53.4,52.58,354042,18831781.0,1.55,-0.68,-0.36,0.0
2026-04-09,MGNX,3.49,3.44,3.49,3.3,769852,2613183.0,5.51,-0.29,-0.01,1.21
2026-04-09,MGOV,20.32,20.365,20.39,20.32,43650,888761.0,0.34,0.02,0.005,0.0
2026-04-09,MGPI,18.55,18.91,18.97,18.01,271610,5085438.0,5.21,2.6,0.48,1.27
2026-04-09,MGR,19.86,19.95,20.02,19.83,21824,435627.0,0.96,0.76,0.15,0.0
2026-04-09,MGRB,16.41,16.41,16.429,16.225,7684,125437.0,1.25,0.67,0.11,0.0
2026-04-09,MGRC,111.39,113.85,114.65,110.425,129133,14601804.0,3.76,1.41,1.58,0.52
2026-04-09,MGRD,14.66,14.8,14.88,14.66,8081,119471.0,1.49,0.41,0.06,0.0
2026-04-09,MGRE,23.12,23.16,23.16,22.93,23373,539949.0,1.0,0.7,0.16,0.0
2026-04-09,MGRT,49.4,48.62,64.5,28.01,208854,10277758.0,83.41,11.13,4.87,1.52
2026-04-09,MGRX,0.341,0.34,0.367,0.33,231618,79517.0,10.98,0.89,0.003,1.37
2026-04-09,MGTX,9.28,9.34,9.5,9.22,402008,3775021.0,2.98,-0.53,-0.05,0.49
2026-04-09,MGV,148.71,150.18,150.44,148.71,181474,27225879.0,1.16,0.6,0.9,0.0
2026-04-09,MGX,1.36,1.39,1.41,1.35,130431,180146.0,4.32,0.0,0.0,0.35
2026-04-09,MGY,29.96,29.66,30.44,29.37,2750006,81838946.0,3.58,-0.67,-0.2,1.53
2026-04-09,MGYR,17.115,17.5,17.98,17.115,3686,65026.0,4.9,-0.96,-0.17,0.06
2026-04-09,MH,13.45,13.74,13.785,13.05,253248,3425534.0,5.4,0.88,0.12,0.13
2026-04-09,MHD,11.69,11.8,11.8,11.624,547590,6414749.0,1.51,0.94,0.11,0.0
2026-04-09,MHH,6.07,5.95,6.33,5.95,8294,50562.0,6.21,-2.78,-0.17,0.07
2026-04-09,MHK,100.03,103.18,104.255,99.71,827087,85025428.0,4.5,2.18,2.2,1.35
2026-04-09,MHLA,11.61,11.95,11.98,11.61,2287,26917.0,3.09,-0.08,-0.01,0.0
2026-04-09,MHNC,12.79,12.79,12.79,12.79,496,6246.0,0.0,1.51,0.19,0.0
2026-04-09,MHO,124.5,125.11,127.01,123.04,329653,41305397.0,3.2,0.99,1.23,1.29
2026-04-09,MHY,25.076,25.076,25.076,25.076,3,75.0,0.0,0.0,0.0,0.0
2026-04-09,MI,0.319,0.305,0.319,0.297,174488,52793.0,6.77,-6.15,-0.02,0.94
2026-04-09,MIAX,42.08,41.35,42.18,40.74,1091080,45118066.0,3.41,-2.06,-0.87,1.19
2026-04-09,MICC,14.4,14.6,14.66,14.28,1452852,21075325.0,2.61,0.21,0.03,0.24
2026-04-09,MID,63.65,63.457,63.67,63.457,2135,135752.0,0.33,-0.47,-0.3,0.0
2026-04-09,MIDD,142.79,145.39,146.31,141.395,362135,52523831.0,3.42,1.25,1.8,0.78
2026-04-09,MIDE,35.195,35.195,35.195,35.195,9,316.0,0.0,0.53,0.185,0.0
2026-04-09,MIDU,58.44,59.36,60.055,58.0,31412,1861627.0,3.49,0.78,0.46,0.0
2026-04-09,MIG,21.4,21.435,21.48,21.4,4083,87588.0,0.37,0.09,0.02,0.0
2026-04-09,MIGI,4.41,4.43,5.14,3.92,1722237,7934868.0,28.64,3.99,0.17,31.39
2026-04-09,MIGO,24.53,24.665,24.665,24.53,1405,34464.0,0.55,0.66,0.161,0.0
2026-04-09,MILK,24.47,24.471,24.48,24.47,839,20549.0,0.04,0.13,0.031,0.0
2026-04-09,MILN,41.87,42.355,42.61,41.21,21697,910746.0,3.32,0.37,0.158,0.0
2026-04-09,MIMI,0.257,0.258,0.264,0.25,88608,22802.0,5.56,2.38,0.006,0.49
2026-04-09,MIN,2.52,2.55,2.55,2.502,160170,404614.0,1.91,1.59,0.04,0.0
2026-04-09,MIND,8.41,8.09,8.5,8.0,64828,530660.0,6.02,-2.65,-0.22,0.71
2026-04-09,MINE,3.08,3.3,3.34,3.07,12435,39510.0,8.71,6.45,0.2,0.02
2026-04-09,MINN,22.38,22.375,22.43,22.35,4922,110240.0,0.36,0.02,0.005,0.0
2026-04-09,MINO,45.35,45.45,45.48,45.33,109784,4985899.0,0.33,0.22,0.1,0.0
2026-04-09,MINT,100.4,100.4,100.42,100.39,1616205,162274283.0,0.03,0.01,0.01,0.0
2026-04-09,MINV,41.07,41.517,41.73,40.84,7004,290138.0,2.14,0.0,0.001,0.0
2026-04-09,MINY,45.205,45.039,45.26,44.51,5889,265422.0,1.67,0.17,0.078,0.0
2026-04-09,MIR,20.09,19.11,20.34,19.095,3422694,66363663.0,6.18,-5.11,-1.03,1.4
2026-04-09,MIRA,1.04,1.02,1.07,1.02,83201,86576.0,4.81,-1.92,-0.02,0.2
2026-04-09,MIRM,97.62,98.95,99.03,95.574,439221,43229149.0,3.53,1.02,1.0,0.73
2026-04-09,MISL,47.4,47.2,47.77,47.16,70486,3340481.0,1.28,-0.84,-0.4,0.0
2026-04-09,MIST,1.8,2.01,2.17,1.8,11406947,23092473.0,20.79,12.92,0.23,9.69
2026-04-09,MITK,13.98,14.15,14.23,13.381,884593,12278023.0,6.03,0.43,0.06,1.95
2026-04-09,MITN,25.35,25.39,25.4,25.35,7113,180564.0,0.2,0.16,0.04,0.0
2026-04-09,MITP,25.44,25.38,25.448,25.35,3973,100944.0,0.39,0.12,0.03,0.0
2026-04-09,MITQ,0.586,0.583,0.586,0.555,10970,6378.0,5.13,-3.48,-0.021,0.11
2026-04-09,MITT,7.73,7.95,7.97,7.696,221298,1751827.0,3.52,2.19,0.17,0.7
2026-04-09,MITT_A,21.5,21.35,21.5,21.35,1952,41844.0,0.7,0.12,0.025,0.12
2026-04-09,MITT_B,20.8,21.15,21.19,20.58,10427,217640.0,2.95,2.22,0.46,0.28
2026-04-09,MITT_C,24.7,24.911,24.95,24.7,15320,380122.0,1.01,0.85,0.211,0.41
2026-04-09,MIY,11.75,12.13,12.16,11.75,81750,978380.0,3.49,3.32,0.39,0.0
2026-04-09,MJ,24.02,24.45,24.71,23.73,36046,875055.0,4.06,1.28,0.31,0.0
2026-04-09,MJSC,57.47,57.47,57.47,57.47,51,2905.0,0.0,-1.49,-0.868,0.0
2026-04-09,MKAM,30.527,30.527,30.527,30.527,11,336.0,0.0,0.24,0.074,0.0
2026-04-09,MKC,50.3,51.44,51.619,49.65,5977344,305686896.0,3.9,1.84,0.93,2.35
2026-04-09,MKC_V,50.58,51.73,51.92,50.0,5220,265634.0,3.77,1.5,0.765,0.04
2026-04-09,MKDW,7.0,7.08,7.1,6.902,17272,120895.0,2.89,3.36,0.23,0.49
2026-04-09,MKL,1936.2,1956.63,1978.89,1936.2,50003,98170504.0,2.19,0.22,4.29,0.4
2026-04-09,MKLYR,0.104,0.12,0.12,0.104,225,25.0,13.33,0.0,0.0,0.0
2026-04-09,MKLYU,10.13,10.13,10.13,10.13,3,30.0,0.0,0.0,0.0,0.0
2026-04-09,MKOR,48.03,49.01,49.22,47.61,30612,1481383.0,3.27,-0.37,-0.18,0.0
2026-04-09,MKSI,255.22,263.25,267.065,255.22,1058552,279838736.0,4.63,2.83,7.24,1.57
2026-04-09,MKTN,26.1,25.74,26.11,25.682,84145,2168932.0,1.66,-0.31,-0.08,0.0
2026-04-09,MKTW,17.32,17.69,17.99,17.32,9712,170697.0,3.85,1.7,0.295,0.37
2026-04-09,MKTX,176.09,172.77,176.385,172.53,411138,71610719.0,2.18,-2.31,-4.08,1.16
2026-04-09,MKZR,3.447,3.3,3.47,3.27,4899,16431.0,5.71,-5.71,-0.2,0.25
2026-04-09,MLAA,9.93,9.875,9.93,9.86,1044816,10317932.0,0.71,0.46,0.045,2.83
2026-04-09,MLAAU,9.99,10.01,10.02,9.989,109036,1094013.0,0.31,0.6,0.06,0.0
2026-04-09,MLAAW,0.3,0.33,0.376,0.261,953672,337676.0,76.67,120.0,0.18,0.0
2026-04-09,MLAB,92.79,92.83,93.25,89.24,106106,9726305.0,4.27,-1.21,-1.14,1.92
2026-04-09,MLAC,10.595,10.57,10.595,10.56,3437,36321.0,0.33,0.0,0.0,0.01
2026-04-09,MLACR,0.285,0.25,0.285,0.25,8609,2187.0,14.0,0.0,0.0,0.0
2026-04-09,MLCI,3.5,3.725,3.8,3.5,21609,80541.0,8.65,7.35,0.255,0.19
2026-04-09,MLCIL,23.25,23.35,23.47,23.2,8071,187223.0,1.16,0.65,0.15,0.0
2026-04-09,MLCO,5.71,5.76,5.78,5.565,1424851,8118609.0,3.7,-0.86,-0.05,0.35
2026-04-09,MLDR,49.167,49.167,49.167,49.167,8,441.0,0.0,0.01,0.007,0.0
2026-04-09,MLEC,8.91,8.11,9.49,7.71,74583,644037.0,19.73,-10.09,-0.91,10.27
2026-04-09,MLECW,0.03,0.03,0.033,0.025,233205,6606.0,25.0,-6.25,-0.002,0.0
2026-04-09,MLGO,3.6,3.41,3.605,3.35,124182,426007.0,7.08,-5.28,-0.19,1.13
2026-04-09,MLI,118.26,120.87,121.355,118.26,545689,65690041.0,2.61,2.03,2.41,0.49
2026-04-09,MLKN,14.93,15.25,15.53,14.88,1043204,15942397.0,4.33,1.53,0.23,1.53
2026-04-09,MLM,620.36,625.5,630.7,618.44,310242,194176092.0,1.96,0.18,1.14,0.52
2026-04-09,MLN,17.58,17.625,17.625,17.56,451369,7939088.0,0.37,0.26,0.045,0.0
2026-04-09,MLP,15.99,16.28,16.43,15.99,6792,109967.0,2.7,0.0,0.0,0.03
2026-04-09,MLPA,54.04,53.83,54.78,53.67,331303,17940117.0,2.06,-0.28,-0.15,0.0
2026-04-09,MLPB,28.947,28.947,28.947,28.947,32,933.0,0.0,-0.38,-0.109,0.0
2026-04-09,MLPD,25.42,25.548,25.825,25.38,16348,419564.0,1.74,0.16,0.04,0.0
2026-04-09,MLPI,56.53,56.15,57.1,55.955,181268,10236074.0,2.03,-0.25,-0.14,0.0
2026-04-09,MLPR,70.535,70.775,70.775,70.535,349,24717.0,0.34,-0.48,-0.341,0.0
2026-04-09,MLPX,73.5,72.95,74.7,72.6,646744,47466933.0,2.87,-0.42,-0.31,0.0
2026-04-09,MLR,46.71,48.38,48.765,46.705,153989,7334784.0,4.38,2.98,1.4,1.35
2026-04-09,MLSS,0.272,0.273,0.28,0.272,83192,22902.0,2.96,1.11,0.003,0.1
2026-04-09,MLTX,18.46,19.41,19.49,18.34,1695848,32343426.0,6.18,4.35,0.81,2.36
2026-04-09,MLYS,27.38,27.17,28.115,26.922,1035612,28383034.0,4.3,-2.13,-0.59,1.26
2026-04-09,MMA,0.412,0.422,0.428,0.347,800576,319918.0,18.93,-1.4,-0.006,3.02
2026-04-09,MMAX,26.71,26.69,26.73,26.65,21332,568973.0,0.3,0.07,0.02,0.0
2026-04-09,MMCA,21.75,21.76,21.8,21.71,26959,586735.0,0.41,0.23,0.05,0.0
2026-04-09,MMD,15.2,15.14,15.32,14.94,123771,1883302.0,2.51,-0.13,-0.02,0.45
2026-04-09,MMED,13.42,13.8,14.085,13.165,1265945,17255967.0,6.78,1.77,0.24,0.45
2026-04-09,MMI,26.42,26.43,26.68,26.19,201038,5327563.0,1.84,-0.83,-0.22,0.53
2026-04-09,MMID,25.31,25.316,25.316,25.31,170,4313.0,0.02,-0.15,-0.039,0.0
2026-04-09,MMIN,23.99,24.04,24.04,23.95,29509,708143.0,0.38,0.33,0.08,0.0
2026-04-09,MMIT,24.29,24.32,24.34,24.26,270241,6568398.0,0.33,0.29,0.07,0.0
2026-04-09,MMK,100.07,100.07,100.07,100.07,17,1701.0,0.0,0.01,0.01,0.0
2026-04-09,MMKT,100.25,100.259,100.26,100.25,8261,828286.0,0.01,0.01,0.009,0.0
2026-04-09,MMLG,32.47,32.75,32.75,32.425,3596,117452.0,0.99,0.18,0.06,0.0
2026-04-09,MMLP,2.641,2.62,2.69,2.58,8021,21107.0,4.1,-2.24,-0.06,0.02
2026-04-09,MMM,148.18,150.5,151.44,147.68,2825888,424777376.0,2.52,0.89,1.33,0.54
2026-04-09,MMMA,25.27,25.325,25.365,25.27,1501,38063.0,0.38,0.46,0.116,0.0
2026-04-09,MMS,64.7,65.8,65.86,63.75,632614,41421848.0,3.24,1.06,0.69,1.16
2026-04-09,MMSC,25.152,25.24,25.36,25.085,15157,383052.0,1.1,0.55,0.137,0.0
2026-04-09,MMSD,25.39,25.397,25.4,25.38,14362,364769.0,0.08,-0.01,-0.003,0.0
2026-04-09,MMSI,68.56,68.65,69.345,67.75,618622,42429150.0,2.3,-0.85,-0.59,1.04
2026-04-09,MMT,4.56,4.68,4.75,4.555,166732,773644.0,4.29,2.86,0.13,0.0
2026-04-09,MMTM,295.42,297.286,297.57,295.1,2527,749926.0,0.84,0.78,2.296,0.0
2026-04-09,MMU,10.43,10.44,10.46,10.36,151451,1580506.0,0.96,0.48,0.05,0.0
2026-04-09,MMYT,41.47,41.59,42.743,40.6,1247614,51940102.0,5.04,-2.12,-0.9,1.39
2026-04-09,MNA,36.32,36.34,36.48,36.32,52754,1922007.0,0.44,-0.52,-0.19,0.0
2026-04-09,MNBD,26.0,26.035,26.049,26.0,1613,42008.0,0.19,0.22,0.056,0.0
2026-04-09,MNDO,1.07,1.07,1.099,1.07,29126,31494.0,2.66,-1.83,-0.02,0.14
2026-04-09,MNDR,0.84,0.827,0.843,0.78,123113,98544.0,7.41,-2.71,-0.023,2.55
2026-04-09,MNDY,64.71,62.39,65.0,61.61,1759255,109692062.0,5.16,-4.95,-3.25,3.44
2026-04-09,MNKD,2.59,2.56,2.65,2.555,3291189,8525216.0,3.64,-1.92,-0.05,1.07
2026-04-09,MNOV,1.41,1.42,1.45,1.4,11563,16421.0,3.47,-1.39,-0.02,0.02
2026-04-09,MNPR,57.23,57.92,58.39,55.9,391629,22499628.0,4.29,-0.19,-0.11,5.85
2026-04-09,MNR,12.71,12.35,12.745,12.27,1152679,14326229.0,3.74,-2.76,-0.35,0.69
2026-04-09,MNRO,16.52,16.69,17.125,16.34,947960,15870166.0,4.71,0.12,0.02,3.16
2026-04-09,MNRS,28.78,29.166,29.735,28.78,7518,220684.0,3.28,0.29,0.083,0.0
2026-04-09,MNSB,22.98,23.61,23.71,22.92,73138,1716132.0,3.43,2.39,0.55,1.0
2026-04-09,MNSBP,25.12,25.12,25.12,25.12,148,3717.0,0.0,0.0,0.0,0.01
2026-04-09,MNSO,16.475,16.32,16.475,16.08,332170,5409425.0,2.35,-2.91,-0.49,0.11
2026-04-09,MNST,74.61,76.19,76.93,74.49,3803705,289733248.0,3.25,1.4,1.05,0.39
2026-04-09,MNTK,1.17,1.18,1.195,1.145,210296,246460.0,4.27,0.85,0.01,0.15
2026-04-09,MNTN,9.2,8.82,9.2,8.64,461956,4066086.0,6.03,-4.96,-0.46,0.81
2026-04-09,MNTSW,0.015,0.014,0.016,0.014,89940,1283.0,11.76,-17.65,-0.003,0.0
2026-04-09,MNVT,24.66,24.41,24.67,24.11,18711,457581.0,2.27,-1.23,-0.305,0.0
2026-04-09,MNY,1.36,1.35,1.38,1.35,10552,14372.0,2.22,0.0,0.0,0.03
2026-04-09,MNYWW,0.072,0.072,0.072,0.072,35,3.0,0.0,0.0,0.0,0.0
2026-04-09,MNZL,52.2,52.485,52.485,52.2,652,34152.0,0.55,0.47,0.243,0.0
2026-04-09,MO,66.06,67.46,67.739,65.8,6937470,466217872.0,2.9,0.99,0.66,0.42
2026-04-09,MOAT,98.19,98.86,99.13,97.46,1171934,115378655.0,1.69,0.26,0.26,0.0
2026-04-09,MOB,4.9,4.75,4.92,4.55,175076,822558.0,7.58,-2.66,-0.13,1.39
2026-04-09,MOBBW,2.0,2.0,2.0,2.0,67,133.0,0.0,0.0,0.0,0.0
2026-04-09,MOBX,2.89,2.67,2.956,2.56,766814,2092014.0,13.03,-12.17,-0.37,7.43
2026-04-09,MOBXW,0.09,0.1,0.121,0.09,11340,1141.0,32.29,4.17,0.004,0.0
2026-04-09,MOD,234.08,241.52,249.0,234.08,904999,219526449.0,6.35,2.84,6.68,1.72
2026-04-09,MODD,5.075,5.02,5.29,4.54,627936,3331156.0,14.71,-1.57,-0.08,13.47
2026-04-09,MODL,46.38,46.65,46.71,46.225,71457,3328735.0,1.04,0.5,0.234,0.0
2026-04-09,MOGU,2.5,2.28,2.5,2.28,2298,5371.0,8.8,-8.8,-0.22,0.03
2026-04-09,MOG_B,316.48,316.48,316.48,316.48,352,112115.0,0.0,6.03,17.99,0.01
2026-04-09,MOH,147.18,145.05,149.04,143.595,697842,101196692.0,3.69,-1.69,-2.5,1.34
2026-04-09,MOLN,4.1,4.332,4.34,4.1,3413,14402.0,5.66,2.17,0.092,0.01
2026-04-09,MOMO,6.26,6.17,6.26,6.065,876116,5384764.0,3.13,-0.96,-0.06,0.79
2026-04-09,MOO,85.87,85.53,86.51,85.48,551452,47283892.0,1.2,-0.71,-0.61,0.0
2026-04-09,MOOD,41.681,41.631,41.71,41.56,20927,871296.0,0.36,0.08,0.034,0.0
2026-04-09,MORN,171.05,170.74,171.21,166.67,542604,91820711.0,2.63,-1.18,-2.04,1.41
2026-04-09,MORT,10.12,10.26,10.3,10.12,1449120,14841503.0,1.77,0.98,0.1,0.0
2026-04-09,MOS,26.61,25.27,27.15,25.195,7483240,192332269.0,7.34,-5.07,-1.35,2.35
2026-04-09,MOTG,38.47,38.688,38.75,38.47,1764,68266.0,0.72,0.14,0.054,0.0
2026-04-09,MOTI,34.972,35.155,35.25,34.87,24419,855662.0,1.08,-0.45,-0.16,0.0
2026-04-09,MOTO,58.87,58.87,58.87,58.87,13,773.0,0.0,0.56,0.328,0.0
2026-04-09,MOV,25.59,26.64,26.65,25.51,203170,5365185.0,4.43,3.5,0.9,1.3
2026-04-09,MOVE,11.0,11.51,12.71,10.91,84807,1007389.0,16.29,4.16,0.46,5.17
2026-04-09,MP,53.63,53.9,54.83,52.68,3442444,185219631.0,3.95,-0.99,-0.54,1.94
2026-04-09,MPA,11.2,11.3,11.32,11.2,33688,378812.0,1.07,1.16,0.13,0.0
2026-04-09,MPAA,11.14,11.36,11.41,11.14,56082,635210.0,2.42,1.97,0.22,0.29
2026-04-09,MPB,33.61,34.09,34.28,33.49,220474,7497694.0,2.33,0.65,0.22,0.87
2026-04-09,MPC,231.25,223.52,234.45,218.88,2865043,647350864.0,6.71,-3.65,-8.46,0.97
2026-04-09,MPG,6.3,6.324,6.47,6.12,26175,163966.0,5.42,-2.06,-0.133,0.0
2026-04-09,MPL,17.99,17.45,18.02,16.87,17248,299550.0,6.42,-2.51,-0.45,0.0
2026-04-09,MPLT,23.77,29.41,29.55,23.77,534813,14916476.0,23.84,21.33,5.17,1.26
2026-04-09,MPLX,55.76,56.36,56.83,55.76,1127701,63446662.0,1.91,0.84,0.47,0.11
2026-04-09,MPLY,28.69,29.086,29.086,28.69,2671,77531.0,1.37,0.83,0.239,0.0
2026-04-09,MPRO,31.78,31.937,32.01,31.76,21596,689239.0,0.78,0.27,0.087,0.0
2026-04-09,MPT,4.75,4.83,4.92,4.72,6022908,29222898.0,4.21,1.68,0.08,1.0
2026-04-09,MPTI,67.52,68.26,68.566,66.615,60258,4087301.0,2.86,0.01,0.01,1.69
2026-04-09,MPU,0.622,0.662,0.696,0.611,268554,172807.0,11.49,-10.54,-0.078,0.43
2026-04-09,MPV,17.7,17.15,17.7,16.965,14832,256687.0,4.17,-2.67,-0.47,0.0
2026-04-09,MPWR,1312.94,1334.21,1340.11,1303.94,554838,738196048.0,2.75,1.62,21.27,1.13
2026-04-09,MPX,7.35,7.5,7.565,7.35,12267,91724.0,2.9,1.08,0.08,0.03
2026-04-09,MQ,4.06,3.98,4.06,3.83,3529995,13874460.0,5.65,-2.21,-0.09,0.9
2026-04-09,MQQQ,172.57,174.844,175.062,172.57,1851,321312.0,1.45,1.49,2.559,0.0
2026-04-09,MQY,11.48,11.46,11.53,11.415,569324,6531070.0,1.01,0.35,0.04,0.0
2026-04-09,MRAL,3.74,3.97,4.25,3.7,1812637,7196687.0,14.4,3.93,0.15,0.0
2026-04-09,MRAM,9.75,10.15,10.38,9.66,584724,5944987.0,7.38,4.1,0.4,2.51
2026-04-09,MRCC,5.28,5.05,5.3,5.01,100831,517590.0,5.51,-3.99,-0.21,0.47
2026-04-09,MRCP,32.64,32.648,32.648,32.63,3129,102105.0,0.06,0.43,0.14,0.0
2026-04-09,MRCY,79.6,79.23,81.836,79.04,451772,36037016.0,3.46,-1.96,-1.58,0.75
2026-04-09,MRDN,7.39,7.18,7.39,6.75,21650,150952.0,8.74,-1.91,-0.14,0.17
2026-04-09,MREO,0.32,0.32,0.325,0.31,1034721,329564.0,4.7,0.31,0.001,0.65
2026-04-09,MRGR,45.01,44.985,45.04,44.985,1185,53350.0,0.12,-0.19,-0.087,0.0
2026-04-09,MRK,122.9,122.68,124.0,121.35,8666348,1063914880.0,2.15,-0.41,-0.5,0.35
2026-04-09,MRKR,1.48,1.75,1.75,1.48,847364,1424351.0,18.49,19.86,0.29,5.08
2026-04-09,MRLN,8.01,9.94,10.18,7.85,1823584,16994286.0,29.8,27.11,2.12,2.16
2026-04-09,MRM,1.09,1.08,1.09,1.07,11612,12490.0,1.82,-1.82,-0.02,0.15
2026-04-09,MRNA,51.63,51.28,52.0,50.58,4436301,227634064.0,2.73,-1.57,-0.82,1.12
2026-04-09,MRNO,0.561,0.501,0.561,0.501,81729,42434.0,12.0,0.2,0.001,0.1
2026-04-09,MRNOW,0.052,0.05,0.054,0.044,17912,860.0,20.0,0.0,0.0,0.0
2026-04-09,MRNX,27.06,26.602,27.06,26.602,652,17394.0,1.67,-2.93,-0.803,0.0
2026-04-09,MRNY,18.28,18.12,18.293,18.01,78562,1426902.0,1.53,-2.21,-0.41,0.0
2026-04-09,MRP,28.79,29.92,30.12,28.74,1259348,37427452.0,4.79,3.74,1.08,0.82
2026-04-09,MRSH,173.36,173.14,174.675,172.03,2227357,385930224.0,1.5,-1.52,-2.67,0.46
2026-04-09,MRSK,35.96,35.98,36.11,35.84,77378,2784799.0,0.75,-0.39,-0.14,0.0
2026-04-09,MRT,2.05,2.04,2.058,2.0,8832,17909.0,2.83,-0.49,-0.01,0.01
2026-04-09,MRTN,14.09,13.95,14.255,13.94,969631,13598747.0,2.23,-1.34,-0.19,1.19
2026-04-09,MRVI,3.08,3.11,3.155,3.015,1461028,4547180.0,4.5,0.0,0.0,1.0
2026-04-09,MRVL,118.955,119.93,121.97,117.83,32718479,3916931472.0,3.62,4.79,5.48,3.74
2026-04-09,MRVU,48.64,48.61,50.18,47.06,69681,3370783.0,7.02,9.31,4.14,0.0
2026-04-09,MRX,48.79,49.98,50.32,48.23,1904059,94293838.0,4.27,2.06,1.01,2.61
2026-04-09,MS,175.17,178.16,179.0,174.8,5299306,940962352.0,2.39,1.22,2.14,0.34
2026-04-09,MSA,169.6,171.42,172.57,168.535,219721,37554499.0,2.36,0.05,0.09,0.57
2026-04-09,MSAI,0.166,0.167,0.174,0.156,3350500,552403.0,10.91,1.21,0.002,4.16
2026-04-09,MSAIW,0.033,0.026,0.033,0.025,34702,999.0,24.24,-21.21,-0.007,0.0
2026-04-09,MSB,31.82,30.81,31.98,30.433,105728,3293822.0,4.86,-3.23,-1.03,0.81
2026-04-09,MSBI,24.05,24.62,24.72,23.98,134488,3299136.0,3.06,1.9,0.46,0.63
2026-04-09,MSBIP,24.94,25.005,25.105,24.94,1036,25898.0,0.66,0.37,0.091,0.02
2026-04-09,MSC,2.77,2.79,2.895,2.75,7324,20615.0,5.26,1.27,0.035,0.0
2026-04-09,MSCI,552.54,545.88,557.09,541.63,513324,281019136.0,2.78,-1.98,-11.05,0.7
2026-04-09,MSD,7.22,7.27,7.31,7.185,86553,629430.0,1.73,0.69,0.05,0.0
2026-04-09,MSDD,61.78,62.275,62.5,61.0,1473,92051.0,2.39,-0.96,-0.602,0.0
2026-04-09,MSDL,14.2,14.23,14.3,14.005,702395,9955743.0,2.07,-0.14,-0.02,0.82
2026-04-09,MSEX,53.46,55.47,55.88,53.4,137361,7599884.0,4.62,3.39,1.82,0.74
2026-04-09,MSFD,14.7,14.65,14.885,14.64,616577,9094532.0,1.68,0.34,0.05,0.0
2026-04-09,MSFL,15.38,15.44,15.46,14.94,1080066,16442705.0,3.34,-0.71,-0.11,0.0
2026-04-09,MSFO,11.5,11.57,11.57,11.355,101410,1161875.0,1.85,-0.34,-0.04,0.0
2026-04-09,MSFT,372.5,373.07,373.5,367.05,30435297,11284746752.0,1.72,-0.34,-1.26,0.41
2026-04-09,MSFU,23.265,23.32,23.36,22.57,6103271,140081011.0,3.36,-0.72,-0.17,0.0
2026-04-09,MSFW,26.4,26.64,26.665,26.131,13834,366519.0,2.0,-0.27,-0.071,0.0
2026-04-09,MSFX,15.34,15.44,15.44,14.9,220275,3351278.0,3.47,-0.71,-0.11,0.0
2026-04-09,MSFY,17.16,17.14,17.16,16.8,26051,443974.0,2.09,-0.29,-0.049,0.0
2026-04-09,MSGE,60.87,60.9,61.35,60.51,321117,19584008.0,1.38,-0.31,-0.19,0.79
2026-04-09,MSGM,4.05,3.71,4.05,3.7,83243,321333.0,8.68,-7.94,-0.32,1.64
2026-04-09,MSGS,328.36,322.2,330.015,318.46,188258,61174846.0,3.52,-1.77,-5.82,0.96
2026-04-09,MSGY,0.458,0.493,0.509,0.44,282851,134093.0,15.65,11.79,0.052,1.99
2026-04-09,MSI,445.81,442.5,446.45,438.25,758719,335746928.0,1.83,-1.17,-5.23,0.46
2026-04-09,MSIF,12.43,12.31,12.45,12.2,283086,3485725.0,2.01,-0.89,-0.11,0.62
2026-04-09,MSII,6.28,6.338,6.428,6.22,5545,35058.0,3.3,0.7,0.044,0.0
2026-04-09,MSLC,53.67,54.09,54.165,53.611,89159,4810394.0,1.03,0.55,0.295,0.0
2026-04-09,MSLE,6.25,6.2,6.39,5.9,55895,344081.0,7.84,-0.8,-0.05,0.27
2026-04-09,MSM,95.28,96.13,96.85,94.34,618481,59418047.0,2.63,0.58,0.55,1.11
2026-04-09,MSMR,34.7,34.491,34.7,34.477,14847,513443.0,0.65,-0.09,-0.032,0.0
2026-04-09,MSN,0.414,0.448,0.454,0.414,36202,15626.0,8.89,-0.44,-0.002,0.17
2026-04-09,MSOO,6.53,6.56,6.67,6.41,2308,15164.0,4.0,0.81,0.053,0.0
2026-04-09,MSOS,3.87,3.86,4.01,3.79,4335167,16971640.0,5.67,-0.52,-0.02,0.0
2026-04-09,MSOX,2.44,2.48,2.63,2.36,1317507,3267159.0,10.84,-0.4,-0.01,0.0
2026-04-09,MSS,0.14,0.139,0.145,0.137,760277,107700.0,5.44,-5.44,-0.008,2.77
2026-04-09,MSSM,54.36,54.45,54.555,53.84,14855,807127.0,1.32,0.39,0.21,0.0
2026-04-09,MSSS,31.28,31.18,31.28,30.94,7917,246873.0,1.09,-0.11,-0.033,0.0
2026-04-09,MSST,32.98,33.642,33.642,32.98,955,31594.0,1.99,0.96,0.319,0.0
2026-04-09,MST,20.79,20.934,21.76,20.29,65911,1389616.0,7.04,0.28,0.059,0.0
2026-04-09,MSTB,39.565,39.722,39.79,39.565,12701,504448.0,0.57,0.47,0.185,0.0
2026-04-09,MSTI,20.46,20.495,20.495,20.46,440,9018.0,0.17,0.12,0.025,0.0
2026-04-09,MSTK,7.33,7.459,7.459,7.33,385,2855.0,1.74,0.42,0.031,0.0
2026-04-09,MSTP,1.5,1.515,1.593,1.45,1354245,2061471.0,9.5,0.66,0.01,0.0
2026-04-09,MSTQ,33.98,34.041,34.06,33.98,1066,36293.0,0.24,0.61,0.207,0.0
2026-04-09,MSTR,127.825,128.86,132.21,125.8,14497441,1872924512.0,5.0,0.44,0.56,4.45
2026-04-09,MSTU,4.37,4.46,4.68,4.24,28819351,129112313.0,9.98,1.13,0.05,0.0
2026-04-09,MSTW,6.325,6.39,6.57,6.2,573271,3662525.0,5.83,0.63,0.04,0.0
2026-04-09,MSTX,20.13,20.49,21.54,19.51,6686368,137564573.0,10.0,0.94,0.19,0.0
2026-04-09,MSTY,21.08,21.21,21.56,20.9,977500,20807085.0,3.08,-1.07,-0.23,0.0
2026-04-09,MSTZ,11.64,11.43,12.0,10.85,13868644,157945616.0,9.98,-0.78,-0.09,0.0
2026-04-09,MSW,1.08,1.08,1.08,1.07,4724,5073.0,0.93,0.0,0.0,0.04
2026-04-09,MS_A,19.22,19.27,19.31,19.16,67742,1304232.0,0.78,0.31,0.06,0.15
2026-04-09,MS_E,25.25,25.23,25.25,25.21,50415,1271756.0,0.16,-0.04,-0.01,0.15
2026-04-09,MS_F,25.17,25.15,25.2,25.11,25969,653209.0,0.36,-0.08,-0.02,0.08
2026-04-09,MS_I,24.91,24.98,24.98,24.85,74356,1854229.0,0.52,0.64,0.16,0.19
2026-04-09,MS_K,23.63,23.74,23.74,23.6,32892,779114.0,0.59,0.17,0.04,0.08
2026-04-09,MS_L,20.21,20.2,20.29,20.16,22036,445415.0,0.64,-0.05,-0.01,0.11
2026-04-09,MS_O,17.43,17.44,17.45,17.35,36539,636134.0,0.57,0.23,0.04,0.07
2026-04-09,MS_P,25.13,25.2,25.21,25.12,53462,1344475.0,0.36,0.16,0.04,0.13
2026-04-09,MS_Q,25.55,25.57,25.6,25.48,26905,687457.0,0.47,0.08,0.02,0.07
2026-04-09,MT,59.11,59.89,60.475,58.575,1931068,115332189.0,3.16,-0.25,-0.15,0.25
2026-04-09,MTA,6.68,6.67,6.93,6.6,355603,2390486.0,4.9,-0.89,-0.06,0.38
2026-04-09,MTAL_U,10.151,10.151,10.151,10.151,69,703.0,0.0,0.0,0.0,0.0
2026-04-09,MTB,217.75,222.99,223.66,217.46,731773,162833667.0,2.83,1.8,3.95,0.5
2026-04-09,MTBA,49.68,49.75,49.845,49.645,126395,6288910.0,0.4,0.04,0.02,0.0
2026-04-09,MTB_H,24.882,24.88,24.9,24.81,17774,441622.0,0.36,0.08,0.02,0.18
2026-04-09,MTB_J,25.93,26.05,26.06,25.9,80104,2082355.0,0.62,0.5,0.13,0.27
2026-04-09,MTB_K,25.2,25.25,25.378,25.14,15704,395774.0,0.94,0.24,0.06,0.09
2026-04-09,MTC,5.4,5.46,5.544,5.37,14105,76791.0,3.22,1.11,0.06,0.01
2026-04-09,MTCH,32.51,32.49,32.845,32.14,2915084,94836839.0,2.16,-0.64,-0.21,1.25
2026-04-09,MTD,1316.44,1335.0,1335.08,1285.87,158745,210154910.0,3.72,0.93,12.24,0.78
2026-04-09,MTDR,60.37,59.76,61.915,59.175,2229370,133926682.0,4.54,-0.96,-0.58,1.79
2026-04-09,MTEK,1.44,1.63,1.64,1.42,163498,250038.0,15.07,11.64,0.17,1.69
2026-04-09,MTEKW,0.2,0.2,0.2,0.2,584,117.0,0.0,47.06,0.064,0.0
2026-04-09,MTEN,1.27,1.26,1.275,1.23,14613,18233.0,3.54,-0.79,-0.01,1.21
2026-04-09,MTEX,6.36,6.25,6.58,6.04,15515,98695.0,8.07,-6.58,-0.44,0.8
2026-04-09,MTG,27.38,27.76,27.92,27.345,1205628,33447091.0,2.1,1.2,0.33,0.56
2026-04-09,MTGP,44.27,44.445,44.55,44.254,23261,1032619.0,0.67,0.16,0.069,0.0
2026-04-09,MTH,64.49,66.69,67.18,64.49,975753,64813786.0,4.14,2.52,1.64,1.46
2026-04-09,MTLS,5.05,5.02,5.11,4.97,57452,288371.0,2.76,-1.18,-0.06,0.1
2026-04-09,MTN,130.02,129.57,132.66,128.18,613459,79957191.0,3.46,0.05,0.07,1.72
2026-04-09,MTNB,0.48,0.505,0.536,0.48,13768,7041.0,11.43,3.06,0.015,0.21
2026-04-09,MTR,4.66,4.71,4.77,4.66,6271,29726.0,2.36,1.07,0.05,0.34
2026-04-09,MTRA,25.13,25.231,25.231,25.13,31577,793550.0,0.4,-0.55,-0.139,0.0
2026-04-09,MTRN,161.35,162.97,164.645,159.26,235904,38436849.0,3.32,0.54,0.88,1.13
2026-04-09,MTRX,11.98,12.26,12.355,11.95,174758,2139922.0,3.35,1.41,0.17,0.62
2026-04-09,MTSI,246.45,247.71,253.468,244.18,789449,195888203.0,3.76,0.29,0.71,1.05
2026-04-09,MTUL,40.488,40.488,40.488,40.488,2,81.0,0.0,2.61,1.031,0.0
2026-04-09,MTUM,259.53,262.41,263.03,259.53,657699,172243320.0,1.35,1.07,2.77,0.0
2026-04-09,MTUS,16.91,17.41,17.46,16.91,302730,5251421.0,3.24,2.41,0.41,0.73
2026-04-09,MTVA,1.23,1.19,1.23,1.17,60835,72796.0,4.88,-3.25,-0.04,1.19
2026-04-09,MTW,12.56,13.02,13.08,12.53,176439,2283194.0,4.35,3.09,0.39,0.49
2026-04-09,MTX,72.25,72.98,73.64,72.05,144637,10563338.0,2.19,0.43,0.31,0.47
2026-04-09,MTYY,4.86,4.829,4.86,4.8,10331,49935.0,1.24,-0.23,-0.011,0.0
2026-04-09,MTZ,350.07,357.37,362.88,350.07,619152,221868947.0,3.68,2.66,9.26,0.79
2026-04-09,MU,407.61,421.51,423.94,398.44,43100965,17735330304.0,6.27,3.63,14.78,3.82
2026-04-09,MUA,10.76,10.87,10.91,10.72,158884,1710034.0,1.77,1.02,0.11,0.0
2026-04-09,MUB,106.79,107.0,107.12,106.7,6075556,649874288.0,0.39,0.22,0.24,0.0
2026-04-09,MUC,10.67,10.69,10.78,10.65,254532,2729919.0,1.21,-0.28,-0.03,0.0
2026-04-09,MUD,35.7,34.5,36.51,34.27,997575,35485007.0,6.26,-3.52,-1.26,0.0
2026-04-09,MUFG,17.9,18.15,18.26,17.81,2971708,53760527.0,2.44,-1.52,-0.28,0.03
2026-04-09,MUJ,11.84,11.91,11.94,11.8,160246,1903535.0,1.18,0.68,0.08,0.0
2026-04-09,MULL,151.91,162.97,164.02,145.39,503872,77511104.0,12.27,7.33,11.13,0.0
2026-04-09,MULT,25.26,25.32,25.32,25.26,278,7025.0,0.24,0.3,0.075,0.0
2026-04-09,MUNA,100.04,100.04,100.04,100.04,105,10508.0,0.0,-0.22,-0.225,0.0
2026-04-09,MUNB,100.98,100.926,100.98,100.926,1184,119555.0,0.05,0.52,0.526,0.0
2026-04-09,MUNC,102.455,102.455,102.455,102.455,3,307.0,0.0,0.13,0.129,0.0
2026-04-09,MUNI,52.39,52.42,52.435,52.32,282146,14779602.0,0.22,0.27,0.14,0.0
2026-04-09,MUNX,24.93,24.985,24.985,24.93,100,2493.0,0.22,0.21,0.052,0.0
2026-04-09,MUNY,103.04,103.12,103.18,102.91,31639,3261088.0,0.26,0.1,0.105,0.0
2026-04-09,MUR,39.49,37.81,39.68,37.065,4219991,160120132.0,6.69,-3.3,-1.29,2.94
2026-04-09,MUSA,499.89,496.23,508.74,485.38,458473,227024858.0,4.68,-0.57,-2.83,2.48
2026-04-09,MUSE,49.45,49.45,49.45,49.45,5,248.0,0.0,0.12,0.06,0.0
2026-04-09,MUSI,43.84,43.85,43.954,43.77,12370,542379.0,0.42,0.09,0.041,0.0
2026-04-09,MUSQ,25.24,25.24,25.24,25.24,233,5878.0,0.0,-0.13,-0.034,0.0
2026-04-09,MUST,20.52,20.55,20.61,20.49,111295,2286193.0,0.59,0.59,0.12,0.0
2026-04-09,MUU,172.61,184.215,186.0,164.768,3392957,591086304.0,12.37,7.34,12.595,0.0
2026-04-09,MUX,21.5,22.35,22.63,21.42,1092244,24261425.0,5.6,3.42,0.74,1.84
2026-04-09,MUZE,9.85,9.84,9.86,9.84,102639,1010998.0,0.2,-0.05,-0.005,0.5
2026-04-09,MUZEU,9.96,9.96,9.96,9.96,5011,49910.0,0.0,0.1,0.01,0.0
2026-04-09,MUZEW,0.26,0.26,0.26,0.26,1521,395.0,0.0,-5.45,-0.015,0.0
2026-04-09,MVAL,36.64,36.64,36.64,36.64,140,5131.0,0.0,1.29,0.467,0.0
2026-04-09,MVBF,26.1,26.75,26.85,25.915,37475,990241.0,3.55,1.52,0.4,0.29
2026-04-09,MVFD,29.58,29.503,29.58,29.44,6678,196999.0,0.47,0.06,0.017,0.0
2026-04-09,MVFG,33.28,33.501,33.55,33.23,7308,244200.0,0.96,0.01,0.003,0.0
2026-04-09,MVIS,0.631,0.623,0.647,0.618,4037502,2569885.0,4.48,-3.71,-0.024,1.32
2026-04-09,MVLL,37.23,37.43,38.64,36.215,753942,28012038.0,7.11,9.75,3.326,0.0
2026-04-09,MVO,2.76,2.44,2.8,2.41,274603,703353.0,14.29,-10.62,-0.29,2.39
2026-04-09,MVPA,32.425,32.425,32.425,32.425,154,4974.0,0.0,0.81,0.261,0.0
2026-04-09,MVPL,35.05,35.608,35.608,35.05,222,7853.0,1.59,1.21,0.427,0.0
2026-04-09,MVRL,14.12,14.368,14.368,14.12,4990,70968.0,1.75,1.67,0.236,0.0
2026-04-09,MVST,1.56,1.57,1.6,1.55,1570952,2473422.0,3.21,0.64,0.01,0.47
2026-04-09,MVSTW,0.023,0.025,0.025,0.018,24960,562.0,33.33,19.05,0.004,0.0
2026-04-09,MVV,77.67,78.39,78.5,77.2,12788,996185.0,1.67,0.46,0.36,0.0
2026-04-09,MWA,28.91,30.13,30.315,28.91,849142,25449283.0,4.84,3.75,1.09,0.54
2026-04-09,MWG,1.94,2.03,2.03,1.9,17925,34972.0,6.19,-3.29,-0.069,0.43
2026-04-09,MWH,29.1,30.14,30.79,29.08,912163,27431485.0,5.91,4.15,1.2,0.79
2026-04-09,MWYN,0.7,0.679,0.701,0.65,32527,22493.0,7.29,-3.0,-0.021,0.16
2026-04-09,MX,2.89,2.9,2.915,2.865,152318,440305.0,1.73,0.35,0.01,0.42
2026-04-09,MXC,9.28,9.25,9.446,9.12,9506,87732.0,3.57,1.43,0.13,0.46
2026-04-09,MXCT,0.754,0.76,0.762,0.716,535747,397199.0,6.1,0.8,0.006,0.5
2026-04-09,MXE,13.61,13.7,14.005,13.58,3996,54657.0,3.11,0.15,0.02,0.0
2026-04-09,MXF,22.09,22.19,22.375,22.08,24244,538845.0,1.33,-0.22,-0.05,0.16
2026-04-09,MXI,111.22,111.423,111.75,110.88,8292,924353.0,0.78,-0.07,-0.077,0.0
2026-04-09,MXL,19.21,19.84,19.86,19.181,916053,18014085.0,3.55,3.66,0.7,1.02
2026-04-09,MYCF,25.015,25.015,25.02,24.996,10128,253345.0,0.1,0.02,0.004,0.0
2026-04-09,MYCG,24.955,24.965,24.965,24.955,2726,68031.0,0.04,0.04,0.01,0.0
2026-04-09,MYCH,24.92,24.935,24.95,24.92,77151,1924147.0,0.12,0.04,0.01,0.0
2026-04-09,MYCI,24.84,24.865,24.87,24.84,11061,274970.0,0.12,0.04,0.011,0.0
2026-04-09,MYCJ,24.79,24.823,24.84,24.79,5378,133544.0,0.2,0.09,0.023,0.0
2026-04-09,MYCK,24.96,24.941,24.96,24.941,4048,101001.0,0.08,0.03,0.008,0.0
2026-04-09,MYCL,24.85,24.846,24.85,24.846,1393,34615.0,0.02,0.07,0.017,0.0
2026-04-09,MYCM,24.84,24.8,24.84,24.8,16661,413347.0,0.16,0.05,0.013,0.0
2026-04-09,MYCN,24.59,24.638,24.64,24.59,799,19682.0,0.2,0.06,0.014,0.0
2026-04-09,MYCO,24.66,24.655,24.66,24.655,1215,29947.0,0.02,0.14,0.034,0.0
2026-04-09,MYE,21.71,22.29,22.32,21.71,153692,3409332.0,2.78,1.6,0.35,0.41
2026-04-09,MYFW,26.29,26.75,27.0,26.1,17448,466046.0,3.42,1.75,0.46,0.18
2026-04-09,MYGN,4.74,4.44,4.74,4.43,1415367,6416477.0,6.5,-6.92,-0.33,1.5
2026-04-09,MYHA,25.013,25.013,25.013,25.013,1,5.0,0.0,0.09,0.022,0.0
2026-04-09,MYHB,25.03,25.03,25.03,25.03,1,30.0,0.0,0.12,0.03,0.0
2026-04-09,MYHC,25.047,25.047,25.047,25.047,10,255.0,0.0,0.09,0.022,0.0
2026-04-09,MYHD,24.93,25.005,25.005,24.93,940,23444.0,0.3,0.16,0.04,0.0
2026-04-09,MYHE,24.92,24.995,24.995,24.92,1656,41328.0,0.3,0.22,0.055,0.0
2026-04-09,MYI,10.97,11.04,11.05,10.97,361269,3979990.0,0.73,1.01,0.11,0.0
2026-04-09,MYLD,28.94,29.04,29.13,28.94,1401,40688.0,0.66,0.48,0.14,0.0
2026-04-09,MYMF,24.895,24.895,24.895,24.895,2,50.0,0.0,0.02,0.005,0.0
2026-04-09,MYMG,24.726,24.74,24.75,24.72,2333,57693.0,0.12,0.08,0.02,0.0
2026-04-09,MYMH,24.64,24.63,24.64,24.62,4808,118413.0,0.08,-0.04,-0.01,0.0
2026-04-09,MYMK,25.015,25.015,25.015,25.015,1,25.0,0.0,0.06,0.015,0.0
2026-04-09,MYN,9.84,9.92,9.94,9.82,111017,1097227.0,1.22,0.92,0.09,0.0
2026-04-09,MYND,0.358,0.325,0.358,0.325,4973,1649.0,9.54,-6.07,-0.021,0.01
2026-04-09,MYO,0.675,0.7,0.7,0.66,219059,149678.0,5.88,2.94,0.02,0.57
2026-04-09,MYPS,0.468,0.449,0.475,0.443,309648,141143.0,6.74,-5.47,-0.026,0.28
2026-04-09,MYPSW,0.005,0.006,0.006,0.005,315,2.0,20.0,20.0,0.001,0.0
2026-04-09,MYRG,301.11,315.03,319.63,301.04,346428,108766102.0,6.19,4.86,14.6,2.23
2026-04-09,MYSE,1.54,1.39,1.54,1.385,65087,93680.0,10.13,-9.15,-0.14,1.51
2026-04-09,MYSZ,0.663,0.645,0.67,0.615,23677,15467.0,8.76,2.71,0.017,0.51
2026-04-09,MYY,16.44,16.364,16.47,16.31,2070,34049.0,0.98,-0.24,-0.04,0.0
2026-04-09,MZTI,143.09,146.39,146.86,143.09,368039,53747066.0,2.61,1.39,2.01,1.34
2026-04-09,MZYX_U,9.96,9.955,9.96,9.955,6099,60745.0,0.05,0.05,0.005,0.0
2026-04-09,MZZ,6.88,6.836,6.88,6.822,362,2479.0,0.84,-0.49,-0.034,0.0
2026-04-09,NAAS,2.39,2.25,2.39,2.222,7852,17688.0,7.12,-4.66,-0.11,0.07
2026-04-09,NABL,4.65,4.51,4.7,4.415,1280048,5749295.0,6.06,-4.04,-0.19,0.68
2026-04-09,NAC,11.68,11.77,11.81,11.68,720197,8479265.0,1.11,0.26,0.03,0.0
2026-04-09,NACP,50.91,51.05,51.05,50.86,2153,109649.0,0.38,1.07,0.541,0.0
2026-04-09,NAD,11.88,11.89,11.895,11.825,625866,7422978.0,0.59,0.34,0.04,0.0
2026-04-09,NAGE,4.53,4.48,4.56,4.465,519680,2338875.0,2.07,-2.61,-0.12,0.65
2026-04-09,NAII,2.812,2.74,2.812,2.665,3628,10023.0,5.25,-2.14,-0.06,0.06
2026-04-09,NAIL,40.04,42.68,43.7,39.9,1520753,64044568.0,9.22,3.52,1.45,0.0
2026-04-09,NAK,1.65,1.72,1.77,1.64,8372916,14468970.0,7.93,4.88,0.08,1.5
2026-04-09,NAKA,0.21,0.211,0.217,0.21,4305372,915655.0,3.32,0.0,0.0,0.62
2026-04-09,NAMI,0.492,0.49,0.5,0.453,15540,7467.0,9.36,-2.39,-0.012,0.02
2026-04-09,NAMM,2.4,2.27,2.4,2.25,249246,580033.0,6.25,-5.42,-0.13,0.46
2026-04-09,NAMMW,0.179,0.146,0.189,0.142,178052,30704.0,31.33,-2.67,-0.004,0.0
2026-04-09,NAMS,33.9,35.07,35.35,33.5,426333,14862332.0,5.44,3.12,1.06,0.37
2026-04-09,NAMSW,23.5,23.5,23.5,23.5,2331,54758.0,0.0,4.44,1.0,0.0
2026-04-09,NANC,44.22,44.53,44.53,44.02,18439,817389.0,1.15,0.84,0.37,0.0
2026-04-09,NANR,84.79,83.97,85.41,83.925,45714,3875237.0,1.75,-0.96,-0.81,0.0
2026-04-09,NAPR,55.91,56.183,56.21,55.88,19863,1113166.0,0.59,0.29,0.163,0.0
2026-04-09,NAT,6.02,5.94,6.21,5.875,5416228,32671362.0,5.59,-0.83,-0.05,2.56
2026-04-09,NATH,100.96,101.82,102.12,100.96,26223,2666518.0,1.15,0.95,0.96,0.64
2026-04-09,NATL,44.42,44.15,44.46,43.49,1149457,50592227.0,2.18,-0.7,-0.31,1.56
2026-04-09,NATO,41.34,41.19,41.64,41.085,26613,1100665.0,1.35,-0.17,-0.07,0.0
2026-04-09,NATR,26.17,27.05,27.115,26.17,72034,1940408.0,3.58,2.38,0.63,0.41
2026-04-09,NAUG,29.71,29.84,29.85,29.69,2716,80959.0,0.54,0.39,0.117,0.0
2026-04-09,NAUT,3.13,3.04,3.27,3.03,295337,925919.0,7.67,-2.88,-0.09,0.23
2026-04-09,NAVI,8.53,8.3,8.55,8.215,847879,7064569.0,3.89,-3.71,-0.32,0.9
2026-04-09,NAVN,12.76,12.48,12.89,11.92,3058669,37710913.0,7.5,-3.55,-0.46,1.3
2026-04-09,NAZ,12.39,12.69,12.69,12.1,15860,195607.0,4.76,2.42,0.3,0.0
2026-04-09,NB,4.9,4.96,5.08,4.81,2709086,13405405.0,5.53,1.64,0.08,1.9
2026-04-09,NBB,15.78,15.86,15.92,15.78,32547,515338.0,0.88,-0.19,-0.03,0.0
2026-04-09,NBBK,22.13,22.64,22.69,21.885,334447,7503393.0,3.63,2.03,0.45,0.74
2026-04-09,NBCE,36.221,36.221,36.221,36.221,69,2519.0,0.0,0.08,0.028,0.0
2026-04-09,NBCM,28.08,27.96,28.08,27.8,22508,628119.0,1.01,0.5,0.14,0.0
2026-04-09,NBCR,30.83,31.022,31.09,30.77,77733,2408051.0,1.04,0.46,0.141,0.0
2026-04-09,NBDS,32.42,32.286,32.42,32.27,3977,128604.0,0.46,-0.65,-0.21,0.0
2026-04-09,NBET,40.45,40.13,41.007,40.115,5210,211231.0,2.21,-0.61,-0.245,0.0
2026-04-09,NBFC,50.915,50.895,50.915,50.895,1311,66739.0,0.04,0.57,0.29,0.0
2026-04-09,NBFR,24.92,24.924,24.94,24.901,150151,3741748.0,0.16,0.22,0.054,0.0
2026-04-09,NBGX,26.791,26.791,26.791,26.791,3,80.0,0.0,0.83,0.221,0.0
2026-04-09,NBH,10.19,10.19,10.25,10.15,185261,1889194.0,0.98,0.1,0.01,0.0
2026-04-09,NBHC,40.88,42.02,42.28,40.75,589194,24727222.0,3.73,2.44,1.0,1.32
2026-04-09,NBIE,25.425,25.65,25.705,25.42,36259,923730.0,1.11,-0.06,-0.016,0.0
2026-04-09,NBIG,10.4,12.36,12.37,10.395,1255583,14198368.0,18.92,18.39,1.92,0.0
2026-04-09,NBIL,14.77,17.47,17.54,14.76,2899067,46771593.0,18.71,17.56,2.61,0.0
2026-04-09,NBIS,125.0,136.33,136.55,124.55,20407808,2671302224.0,9.6,9.06,11.33,9.3
2026-04-09,NBIX,132.755,131.64,133.17,130.15,820305,107835912.0,2.27,-1.13,-1.51,0.82
2026-04-09,NBIZ,7.14,5.81,7.14,5.785,4415605,28075574.0,19.22,-17.59,-1.24,0.0
2026-04-09,NBJP,34.29,34.122,34.29,34.122,836,28677.0,0.49,-1.17,-0.403,0.0
2026-04-09,NBN,120.39,124.52,125.085,120.09,202611,24921292.0,4.14,3.28,3.96,2.37
2026-04-09,NBOS,27.21,27.28,27.31,27.21,10138,276347.0,0.37,-0.07,-0.02,0.0
2026-04-09,NBP,2.4,2.43,2.46,2.27,608770,1453878.0,7.76,-0.82,-0.02,0.53
2026-04-09,NBR,83.6,82.92,85.445,82.5,273148,22791298.0,3.52,-0.9,-0.75,1.86
2026-04-09,NBRG,9.883,9.87,9.89,9.87,40335,398532.0,0.2,0.0,0.0,0.66
2026-04-09,NBRGU,10.195,10.091,10.34,10.091,4263,43391.0,2.49,0.81,0.081,0.0
2026-04-09,NBSD,50.8,50.85,50.87,50.794,93944,4776469.0,0.15,0.1,0.05,0.0
2026-04-09,NBSM,26.14,26.5,26.51,26.14,15031,397315.0,1.4,0.62,0.164,0.0
2026-04-09,NBTB,45.08,45.79,46.0,44.625,306458,13986344.0,3.06,1.8,0.81,0.59
2026-04-09,NBTR,50.285,50.285,50.285,50.285,3,151.0,0.0,0.03,0.017,0.0
2026-04-09,NBTX,29.75,30.59,30.66,29.36,62677,1872035.0,4.22,-0.71,-0.22,0.13
2026-04-09,NBXG,13.54,13.68,13.68,13.46,190157,2581313.0,1.62,0.59,0.08,0.0
2026-04-09,NC,51.43,51.8,52.215,51.2,9784,506915.0,1.99,1.75,0.89,0.16
2026-04-09,NCA,9.35,9.3,9.364,9.201,51257,477547.0,1.74,-0.96,-0.09,0.0
2026-04-09,NCDL,13.13,13.44,13.48,13.105,278037,3729420.0,2.81,0.67,0.09,0.56
2026-04-09,NCEL,2.12,2.09,2.12,2.062,9133,19150.0,2.72,-1.88,-0.04,0.2
2026-04-09,NCEW,11.8,11.8,11.895,11.79,3902,46151.0,0.89,-0.42,-0.05,0.12
2026-04-09,NCI,0.528,0.561,0.585,0.51,812425,431720.0,14.15,5.85,0.031,4.44
2026-04-09,NCIQ,17.97,18.2,18.3,17.825,41092,747205.0,2.63,0.89,0.16,0.0
2026-04-09,NCL,0.164,0.165,0.175,0.153,565246,95399.0,12.87,-3.51,-0.006,2.46
2026-04-09,NCLH,19.75,19.96,20.26,19.495,15809278,314700096.0,3.79,-0.99,-0.2,3.47
2026-04-09,NCLO,24.865,24.94,24.94,24.865,8000,199228.0,0.3,0.22,0.054,0.0
2026-04-09,NCMI,3.26,3.4,3.48,3.25,392715,1330946.0,6.97,3.03,0.1,0.42
2026-04-09,NCNA,1.92,2.1,2.261,1.92,104818,224700.0,17.95,10.53,0.2,2.52
2026-04-09,NCNO,17.66,17.69,17.87,17.35,4855677,85450605.0,2.93,-0.28,-0.05,4.24
2026-04-09,NCPB,25.02,25.065,25.1,25.02,2533,63518.0,0.32,0.06,0.015,0.0
2026-04-09,NCPL,0.401,0.366,0.401,0.36,408304,158958.0,10.43,-6.87,-0.027,5.2
2026-04-09,NCPLW,0.025,0.023,0.025,0.021,12668,275.0,16.67,-4.17,-0.001,0.0
2026-04-09,NCRA,0.199,0.206,0.231,0.17,49095461,13020805.0,28.91,-2.37,-0.005,340.15
2026-04-09,NCSM,63.25,66.11,67.02,63.25,14444,952103.0,5.93,3.93,2.5,0.55
2026-04-09,NCT,1.76,2.19,2.24,1.7,300777,606532.0,30.51,23.73,0.42,24.67
2026-04-09,NCTY,5.668,5.2,5.668,5.15,46121,247630.0,9.45,-5.11,-0.28,0.31
2026-04-09,NCV,16.18,16.42,16.64,16.18,148939,2449592.0,2.85,1.86,0.3,0.0
2026-04-09,NCV_A,20.79,20.9,20.92,20.79,2781,57911.0,0.62,0.1,0.02,0.07
2026-04-09,NCZ,14.5,14.88,14.88,14.5,198982,2933280.0,2.63,2.98,0.43,0.0
2026-04-09,NCZ_A,20.26,20.41,20.42,20.25,32291,658256.0,0.84,0.72,0.145,0.74
2026-04-09,NDAA,22.48,22.485,22.52,22.46,5130,115392.0,0.27,0.31,0.07,0.0
2026-04-09,NDAQ,88.07,84.21,88.07,84.1,3998322,339214928.0,4.51,-4.4,-3.88,0.7
2026-04-09,NDEC,27.77,27.835,27.835,27.695,3052,84757.0,0.51,0.52,0.145,0.0
2026-04-09,NDIA,27.384,27.445,27.54,27.384,870,23911.0,0.56,-0.81,-0.225,0.0
2026-04-09,NDIV,34.76,34.682,35.57,34.67,7423,259912.0,2.58,-0.77,-0.269,0.0
2026-04-09,NDMO,10.34,10.35,10.4,10.29,115941,1201397.0,1.06,-0.1,-0.01,0.0
2026-04-09,NDOW,27.65,28.19,28.22,27.65,914,25624.0,2.03,0.32,0.089,0.0
2026-04-09,NDRA,5.065,5.31,5.31,5.065,9268,48443.0,4.74,2.71,0.14,0.75
2026-04-09,NDSN,273.72,276.25,279.63,270.94,428559,118688279.0,3.16,0.61,1.68,0.77
2026-04-09,NE,50.49,49.62,51.325,49.62,1444634,72426101.0,3.39,-1.39,-0.7,0.91
2026-04-09,NEA,11.51,11.57,11.58,11.46,663326,7635778.0,1.04,0.43,0.05,0.0
2026-04-09,NEAR,50.78,50.8,50.818,50.75,788073,40027955.0,0.13,0.08,0.04,0.0
2026-04-09,NEBX,45.81,54.39,54.62,45.81,1054822,53090460.0,19.14,18.14,8.35,0.0
2026-04-09,NECB,25.02,25.59,25.65,24.99,34563,879643.0,2.64,2.28,0.57,0.25
2026-04-09,NEE,94.0,94.48,96.205,93.968,7349008,698128752.0,2.38,0.33,0.31,0.35
2026-04-09,NEE_N,22.92,22.95,23.03,22.822,35895,823676.0,0.91,-0.04,-0.01,0.0
2026-04-09,NEE_S,57.22,57.24,57.75,57.12,2464,141427.0,1.1,0.28,0.16,0.0
2026-04-09,NEE_T,52.9,53.24,53.5,52.795,45054,2396677.0,1.33,0.59,0.31,0.0
2026-04-09,NEE_U,25.23,25.21,25.23,25.11,29521,743107.0,0.48,0.32,0.08,0.0
2026-04-09,NEE_V,50.54,51.02,51.41,50.54,642528,32896172.0,1.71,0.55,0.28,0.0
2026-04-09,NEE_W,25.0,24.98,25.02,24.89,115753,2886015.0,0.52,0.04,0.01,0.0
2026-04-09,NEGG,36.05,35.8,36.8,35.29,53106,1914667.0,4.28,1.47,0.52,0.25
2026-04-09,NELS,25.67,26.048,26.09,25.67,1970,51019.0,1.62,0.78,0.201,0.0
2026-04-09,NEM,117.97,119.01,119.99,117.57,6871516,816860064.0,2.05,0.73,0.86,0.64
2026-04-09,NEMD,52.28,52.513,52.56,52.22,2259,118394.0,0.65,0.61,0.317,0.0
2026-04-09,NEMG,23.895,24.015,24.31,23.675,7500,180808.0,2.68,1.53,0.362,0.0
2026-04-09,NEN,60.125,60.125,60.125,60.125,322,19262.0,0.0,2.46,1.445,0.01
2026-04-09,NEO,8.19,7.94,8.25,7.77,1126771,8964462.0,5.84,-3.41,-0.28,0.87
2026-04-09,NEOG,9.2,10.035,10.83,9.2,5812096,58974791.0,15.76,-2.95,-0.305,2.67
2026-04-09,NEON,1.43,1.37,1.43,1.359,79424,109495.0,4.97,-4.2,-0.06,0.47
2026-04-09,NEOV,3.12,3.1,3.25,3.07,349150,1095537.0,5.81,0.0,0.0,0.82
2026-04-09,NEOVW,1.39,1.44,1.44,1.39,1550,1937.0,3.45,-0.69,-0.01,0.0
2026-04-09,NEPH,2.82,2.91,2.95,2.805,4374,12481.0,4.98,0.0,0.0,0.04
2026-04-09,NERD,20.59,20.623,20.69,20.51,3753,77180.0,0.86,-1.28,-0.268,0.0
2026-04-09,NERV,5.44,6.02,6.085,5.13,363250,2006841.0,17.62,11.07,0.6,0.84
2026-04-09,NESR,23.69,23.81,24.61,23.6,2072102,49966909.0,4.2,-1.0,-0.24,2.06
2026-04-09,NET,211.0,193.05,211.485,177.74,11428321,2167948608.0,15.97,-8.62,-18.2,3.6
2026-04-09,NETG,12.19,10.475,12.19,8.72,234588,2324135.0,27.37,-17.37,-2.202,0.0
2026-04-09,NETL,25.5,25.939,26.1,25.5,2937,76487.0,2.34,1.12,0.287,0.0
2026-04-09,NEU,640.64,634.84,646.62,633.53,121970,78037076.0,2.03,-1.64,-10.6,1.3
2026-04-09,NEUP,4.73,4.72,4.73,4.57,45151,208493.0,3.4,0.43,0.02,0.84
2026-04-09,NEWP,4.48,4.61,4.675,4.45,601613,2768999.0,5.07,3.83,0.17,0.33
2026-04-09,NEWT,11.88,12.07,12.12,11.75,163552,1964111.0,3.09,0.75,0.09,0.57
2026-04-09,NEWTG,25.08,25.02,25.08,25.02,647,16200.0,0.24,0.08,0.019,0.0
2026-04-09,NEWTH,25.28,25.35,25.35,25.26,3696,93479.0,0.36,0.2,0.05,0.0
2026-04-09,NEWTI,25.15,25.03,25.15,25.03,1210,30384.0,0.47,-1.46,-0.37,0.0
2026-04-09,NEWTP,23.697,23.85,23.89,23.697,9312,221873.0,0.81,-0.21,-0.05,0.47
2026-04-09,NEWZ,28.39,28.48,28.48,28.39,300,8546.0,0.32,-0.07,-0.02,0.0
2026-04-09,NEXA,11.79,11.64,11.96,11.43,613932,7162125.0,4.7,3.28,0.37,0.46
2026-04-09,NEXM,2.46,2.45,2.5,2.317,34594,84065.0,7.47,0.0,0.0,0.1
2026-04-09,NEXN,6.79,6.84,6.915,6.66,210469,1435328.0,3.71,-0.58,-0.04,0.38
2026-04-09,NEXT,8.11,7.365,8.35,7.34,5509506,42199304.0,12.5,-8.85,-0.715,2.08
2026-04-09,NE_WS,31.02,31.02,31.02,31.02,155,4808.0,0.0,6.93,2.01,0.0
2026-04-09,NE_WS_A,27.58,27.22,27.58,27.22,560,15368.0,1.29,-2.09,-0.58,0.0
2026-04-09,NFBK,13.87,14.09,14.11,13.85,301438,4231310.0,1.86,0.71,0.1,0.72
2026-04-09,NFE,0.65,0.668,0.775,0.63,13942503,9898923.0,21.8,0.45,0.003,4.88
2026-04-09,NFEB,28.21,28.32,28.34,28.2,5935,167850.0,0.5,0.51,0.145,0.0
2026-04-09,NFG,95.61,95.03,96.31,94.81,539086,51350474.0,1.57,-0.58,-0.55,0.57
2026-04-09,NFGC,2.01,2.09,2.115,2.005,1457692,3018894.0,5.5,4.5,0.09,0.42
2026-04-09,NFJ,13.04,13.23,13.32,13.04,216689,2866306.0,2.15,1.46,0.19,0.0
2026-04-09,NFLP,27.49,28.118,28.13,27.325,5169,143413.0,2.95,3.0,0.82,0.0
2026-04-09,NFLT,22.95,23.02,23.02,22.91,93853,2157686.0,0.48,0.44,0.1,0.0
2026-04-09,NFLU,34.38,36.04,36.125,34.05,125058,4440466.0,6.07,5.38,1.84,0.0
2026-04-09,NFLW,26.57,27.175,27.21,26.297,10154,271878.0,3.47,3.3,0.867,0.0
2026-04-09,NFLX,99.63,102.05,102.34,99.08,35087760,3555402832.0,3.28,2.68,2.66,0.83
2026-04-09,NFLY,11.06,11.23,11.23,11.01,63473,706671.0,1.98,0.9,0.1,0.0
2026-04-09,NFRA,65.13,65.4,65.7,65.13,36730,2408221.0,0.88,0.43,0.28,0.0
2026-04-09,NFRX,27.569,27.569,27.569,27.569,26,739.0,0.0,0.89,0.242,0.0
2026-04-09,NFTY,54.02,53.9,54.425,53.59,64422,3475537.0,1.55,-0.06,-0.031,0.0
2026-04-09,NFXL,32.19,33.77,33.925,31.945,715717,23772598.0,6.16,5.07,1.63,0.0
2026-04-09,NFXS,15.83,15.417,15.85,15.4,22892,358830.0,2.84,-2.7,-0.428,0.0
2026-04-09,NG,9.41,9.34,9.68,9.28,2266818,21353825.0,4.32,0.86,0.08,0.52
2026-04-09,NGEN,4.17,4.21,4.34,4.14,154142,649223.0,4.78,0.72,0.03,0.19
2026-04-09,NGG,89.72,90.32,90.93,89.65,742593,67125603.0,1.42,0.4,0.36,0.07
2026-04-09,NGL,13.26,13.25,13.54,13.003,193750,2578599.0,4.05,-0.08,-0.01,0.16
2026-04-09,NGL_B,25.06,24.955,25.06,24.87,15969,398542.0,0.76,-0.14,-0.035,0.13
2026-04-09,NGL_C,25.4,25.4,25.41,25.295,1719,43658.0,0.45,0.04,0.01,0.1
2026-04-09,NGNE,21.59,21.37,21.7,20.4,104182,2212040.0,6.02,-1.11,-0.24,0.67
2026-04-09,NGS,37.98,38.22,38.755,37.98,79890,3062311.0,2.03,0.03,0.01,0.63
2026-04-09,NGVC,26.23,26.6,26.79,26.17,81342,2159654.0,2.35,0.83,0.22,0.35
2026-04-09,NGVT,72.87,74.98,75.63,72.67,230232,17221404.0,4.03,2.15,1.58,0.65
2026-04-09,NHC,171.03,176.81,177.47,169.86,164241,28704293.0,4.41,2.58,4.44,1.05
2026-04-09,NHI,84.65,86.1,86.805,84.65,160014,13781237.0,2.54,1.6,1.36,0.33
2026-04-09,NHIC,10.37,10.37,10.37,10.37,26,270.0,0.0,0.0,0.0,0.0
2026-04-09,NHICU,10.55,10.55,10.55,10.55,1,11.0,0.0,0.0,0.0,0.0
2026-04-09,NHICW,0.4,0.4,0.4,0.4,9,3.0,0.0,0.0,0.0,0.0
2026-04-09,NHPAP,20.2,20.135,20.45,20.135,4256,86276.0,1.57,0.37,0.075,0.11
2026-04-09,NHPBP,19.515,19.28,19.83,19.19,12998,253540.0,3.29,-0.92,-0.18,0.38
2026-04-09,NHS,6.56,6.49,6.6,6.48,249311,1629313.0,1.83,-0.92,-0.06,0.0
2026-04-09,NHSr,0.006,0.011,0.014,0.006,993605,9655.0,57.14,-21.43,-0.003,0.0
2026-04-09,NHTC,2.86,2.85,2.86,2.75,17591,49535.0,3.87,0.35,0.01,0.21
2026-04-09,NHYB,24.765,24.82,24.82,24.765,213,5278.0,0.22,0.06,0.016,0.0
2026-04-09,NHYM,24.841,24.89,24.92,24.841,2602,64731.0,0.32,0.14,0.035,0.0
2026-04-09,NI,48.07,48.47,48.76,48.05,3704117,179701303.0,1.48,0.77,0.37,0.77
2026-04-09,NIC,155.19,158.52,158.77,154.55,114110,17984729.0,2.72,2.08,3.23,0.53
2026-04-09,NICE,108.6,104.46,108.6,102.33,704805,73659795.0,5.76,-4.04,-4.4,1.19
2026-04-09,NIE,24.46,24.8,24.855,24.35,120416,2966988.0,2.07,1.6,0.39,0.0
2026-04-09,NIHI,50.56,50.82,50.95,50.41,46901,2380826.0,1.06,-0.14,-0.07,0.0
2026-04-09,NIKL,16.63,16.685,16.75,16.39,89409,1484628.0,2.17,0.7,0.116,0.0
2026-04-09,NIM,9.49,9.52,9.55,9.48,12467,118686.0,0.74,0.53,0.05,0.0
2026-04-09,NIO,6.58,6.07,6.63,6.02,70848769,439409248.0,9.56,-4.86,-0.31,3.01
2026-04-09,NIOBW,1.76,1.6,1.76,1.6,19962,33353.0,10.32,3.23,0.05,0.0
2026-04-09,NIOG,23.91,20.57,24.03,20.08,91704,1973627.0,17.53,-8.69,-1.958,0.0
2026-04-09,NIPG,0.777,0.746,0.777,0.746,6925,5182.0,4.19,0.81,0.006,0.01
2026-04-09,NIQ,11.48,10.57,11.575,10.345,2110813,22504316.0,10.59,-9.04,-1.05,0.72
2026-04-09,NITE,33.97,33.75,33.97,33.63,1962,66233.0,1.0,-0.95,-0.323,0.0
2026-04-09,NIU,2.9,2.82,2.955,2.815,177836,506078.0,4.78,-3.75,-0.11,0.26
2026-04-09,NIVF,2.16,2.08,2.17,2.06,5565,11595.0,5.02,-5.02,-0.11,0.98
2026-04-09,NIXT,28.89,29.157,29.157,28.89,157,4572.0,0.92,0.5,0.145,0.0
2026-04-09,NIXX,0.78,0.775,0.826,0.726,764643,585514.0,12.53,-2.88,-0.023,2.95
2026-04-09,NJAN,54.8,55.06,55.08,54.77,26495,1455524.0,0.57,0.44,0.24,0.0
2026-04-09,NJNK,20.13,20.11,20.22,20.11,6654,133956.0,0.55,0.06,0.012,0.0
2026-04-09,NJR,57.01,57.56,57.7,57.01,513177,29526196.0,1.21,0.84,0.48,0.51
2026-04-09,NJUL,73.29,73.695,73.695,73.29,24969,1835702.0,0.55,0.5,0.363,0.0
2026-04-09,NJUN,31.99,32.08,32.12,31.97,11898,380732.0,0.47,0.3,0.097,0.0
2026-04-09,NKE,43.22,44.0,44.22,42.72,24147437,1053756912.0,3.48,2.02,0.87,2.01
2026-04-09,NKLR,4.62,4.73,4.87,4.37,299896,1393227.0,11.16,5.58,0.25,0.43
2026-04-09,NKSH,37.08,37.76,38.04,36.96,170595,6418251.0,2.9,1.48,0.55,2.68
2026-04-09,NKTR,74.95,77.85,77.99,74.79,456475,35223834.0,4.26,3.69,2.77,1.59
2026-04-09,NKTX,2.28,2.34,2.375,2.275,439313,1025140.0,4.33,1.3,0.03,0.62
2026-04-09,NKX,12.14,12.16,12.18,12.07,319676,3876727.0,0.91,0.25,0.03,0.0
2026-04-09,NL,5.78,5.91,5.925,5.68,39880,231648.0,4.17,0.68,0.04,0.08
2026-04-09,NLOP,11.6,11.72,11.78,11.6,112524,1319746.0,1.54,0.26,0.03,0.76
2026-04-09,NLR,136.46,136.54,139.01,135.26,359420,49388107.0,2.73,-0.67,-0.92,0.0
2026-04-09,NLSI,44.7,44.823,44.823,44.7,336,15066.0,0.27,-1.13,-0.51,0.0
2026-04-09,NLY,21.76,22.1,22.16,21.74,5123693,112857858.0,1.93,1.38,0.3,0.71
2026-04-09,NLY_F,25.41,25.6,25.62,25.41,39353,1004811.0,0.83,0.71,0.18,0.14
2026-04-09,NLY_G,24.55,24.92,24.94,24.55,26762,663326.0,1.59,1.51,0.37,0.16
2026-04-09,NLY_I,25.05,25.17,25.24,25.05,54302,1366754.0,0.76,0.28,0.07,0.31
2026-04-09,NLY_J,25.81,25.71,25.81,25.68,12699,327106.0,0.51,0.08,0.02,0.12
2026-04-09,NMAI,12.97,13.19,13.22,12.96,74910,981536.0,2.0,1.7,0.22,0.0
2026-04-09,NMAR,30.2,30.29,30.29,30.055,51682,1559444.0,0.78,0.5,0.15,0.0
2026-04-09,NMAX,5.79,5.9,5.996,5.68,514853,3017266.0,5.39,0.68,0.04,0.57
2026-04-09,NMAY,28.35,28.395,28.395,28.35,240,6805.0,0.16,0.19,0.055,0.0
2026-04-09,NMB,24.65,24.62,24.67,24.62,4868,119980.0,0.2,0.61,0.15,0.0
2026-04-09,NMBL,19.986,19.986,19.986,19.986,40,799.0,0.0,0.26,0.052,0.0
2026-04-09,NMCO,10.71,10.68,10.71,10.62,123298,1316559.0,0.84,-0.19,-0.02,0.26
2026-04-09,NMFC,7.95,7.9,8.015,7.89,771713,6122046.0,1.57,-0.88,-0.07,0.78
2026-04-09,NMFCZ,25.395,25.37,25.43,25.36,2986,75847.0,0.28,-0.2,-0.05,0.0
2026-04-09,NMG,2.27,2.35,2.44,2.25,1056934,2460121.0,8.33,3.07,0.07,0.66
2026-04-09,NMI,10.45,10.37,10.6,10.35,31872,333161.0,2.4,-0.38,-0.04,0.0
2026-04-09,NMIH,38.87,39.33,39.6,38.57,337794,13280767.0,2.65,1.08,0.42,0.44
2026-04-09,NML,10.14,10.14,10.38,10.11,163079,1668713.0,2.65,-0.29,-0.03,0.0
2026-04-09,NMM,72.0,70.1,72.55,69.49,113606,8025573.0,4.24,-2.81,-2.03,0.4
2026-04-09,NMP,10.15,10.15,10.15,10.15,7,71.0,0.0,0.0,0.0,0.0
2026-04-09,NMR,8.28,8.38,8.41,8.21,2151056,17954889.0,2.34,-1.99,-0.17,0.07
2026-04-09,NMRA,2.16,2.08,2.161,2.05,849581,1781572.0,5.09,-4.59,-0.1,0.47
2026-04-09,NMRK,15.18,15.3,15.44,14.895,1261058,19240155.0,3.54,-0.52,-0.08,0.77
2026-04-09,NMS,12.15,12.21,12.23,12.1,9758,118611.0,1.07,0.49,0.06,0.0
2026-04-09,NMT,12.29,12.39,12.46,12.25,7655,94382.0,1.71,1.02,0.125,0.0
2026-04-09,NMTC,0.759,0.738,0.77,0.72,59020,43864.0,6.94,2.5,0.018,0.12
2026-04-09,NMZ,10.39,10.43,10.43,10.33,262538,2731427.0,0.96,0.38,0.04,0.0
2026-04-09,NN,14.5,15.11,15.2,13.78,2025790,29945248.0,9.73,3.56,0.52,1.49
2026-04-09,NNAVW,5.31,6.27,6.53,5.08,63454,351472.0,26.27,13.59,0.75,0.0
2026-04-09,NNBR,1.5,1.55,1.58,1.5,56640,87599.0,5.26,1.97,0.03,0.11
2026-04-09,NNDM,1.66,1.72,1.73,1.66,1344370,2297484.0,4.19,2.99,0.05,0.65
2026-04-09,NNE,22.44,21.11,22.54,21.09,1828819,39827022.0,6.45,-6.14,-1.38,3.51
2026-04-09,NNEX,6.63,5.83,6.635,5.83,50180,330299.0,12.03,-12.86,-0.86,0.0
2026-04-09,NNI,132.32,132.8,133.09,131.42,160349,21232082.0,1.25,-0.4,-0.54,0.63
2026-04-09,NNN,43.37,44.0,44.24,43.27,915989,40297558.0,2.23,1.03,0.45,0.48
2026-04-09,NNNN,26.75,26.85,27.1,25.5,48295,1276632.0,5.94,-0.33,-0.09,0.11
2026-04-09,NNOV,28.75,28.8,28.8,28.61,74339,2140824.0,0.66,0.55,0.157,0.0
2026-04-09,NNOX,2.31,2.32,2.35,2.29,568759,1320043.0,2.58,-0.43,-0.01,0.82
2026-04-09,NNVC,1.11,1.06,1.11,1.01,169416,176383.0,9.09,-3.64,-0.04,0.78
2026-04-09,NNY,8.53,8.57,8.6,8.44,33415,284801.0,1.88,0.71,0.06,0.0
2026-04-09,NOA,14.01,13.93,14.13,13.9,68014,951313.0,1.64,-0.57,-0.08,0.25
2026-04-09,NOAH,10.07,9.94,10.17,9.94,136556,1366123.0,2.26,-2.26,-0.23,0.2
2026-04-09,NOBL,107.37,108.11,108.59,107.22,510502,55152863.0,1.27,0.22,0.24,0.0
2026-04-09,NOC,689.7,690.57,698.53,685.0,777236,537715456.0,1.97,0.45,3.1,0.55
2026-04-09,NOCT,57.93,58.21,58.241,57.89,39276,2283622.0,0.61,0.5,0.29,0.0
2026-04-09,NODE,35.32,35.76,36.309,35.16,9369,335581.0,3.22,0.34,0.12,0.0
2026-04-09,NODK,13.32,13.14,13.62,13.07,20320,269791.0,4.1,-1.94,-0.26,0.1
2026-04-09,NOEM,10.39,10.39,10.39,10.39,987,10254.0,0.0,0.0,0.0,0.01
2026-04-09,NOEMW,0.09,0.09,0.09,0.09,360,32.0,0.0,12.5,0.01,0.0
2026-04-09,NOEQ,26.303,26.303,26.303,26.303,6,157.0,0.0,0.59,0.153,0.0
2026-04-09,NOG,28.21,27.11,28.51,27.07,1757709,48326063.0,5.13,-3.39,-0.95,1.66
2026-04-09,NOK,9.41,9.55,9.68,9.39,92391814,880073760.0,3.07,1.17,0.11,1.61
2026-04-09,NOM,11.3,11.56,11.56,11.2,13610,154679.0,3.16,1.4,0.16,0.0
2026-04-09,NOMA,3.71,3.62,3.95,3.46,9456,34753.0,12.79,-5.48,-0.21,0.07
2026-04-09,NOMD,9.7,9.95,10.01,9.695,859746,8506634.0,3.2,1.12,0.11,0.61
2026-04-09,NORW,38.65,38.81,38.92,38.535,95744,3712345.0,1.01,1.92,0.73,0.0
2026-04-09,NOTV,0.257,0.231,0.27,0.23,352744,85747.0,15.75,-9.06,-0.023,1.03
2026-04-09,NOV,19.18,19.59,19.74,19.18,3728533,73077439.0,2.93,2.35,0.45,1.03
2026-04-09,NOVM,33.06,33.075,33.075,33.06,765,25291.0,0.05,0.17,0.055,0.0
2026-04-09,NOVP,30.37,30.535,30.54,30.37,6753,206112.0,0.56,0.48,0.145,0.0
2026-04-09,NOVT,121.56,123.42,124.235,120.82,341762,42060543.0,2.79,0.8,0.98,0.96
2026-04-09,NOVTU,55.01,55.01,55.01,55.01,70122,3902946.0,0.0,0.0,0.0,0.0
2026-04-09,NOVZ,43.77,43.77,43.77,43.77,20,895.0,0.0,0.51,0.222,0.0
2026-04-09,NOW,96.5,89.81,97.16,88.661,42131524,3827128800.0,8.72,-7.86,-7.66,4.07
2026-04-09,NOWL,5.12,4.35,5.13,4.23,4937054,22286401.0,17.41,-15.86,-0.82,0.0
2026-04-09,NP,25.29,24.88,25.815,24.74,181414,4558765.0,4.14,-4.16,-1.08,0.19
2026-04-09,NPAC,10.29,10.29,10.29,10.29,1072,11032.0,0.0,0.0,0.0,0.0
2026-04-09,NPACU,10.45,10.45,10.45,10.45,50,520.0,0.0,0.0,0.0,0.0
2026-04-09,NPACW,0.23,0.23,0.23,0.23,1002,230.0,0.0,-4.17,-0.01,0.0
2026-04-09,NPB,18.18,18.75,18.765,18.18,212392,3937575.0,3.18,2.01,0.37,0.62
2026-04-09,NPCE,14.72,14.65,14.87,14.45,114144,1673891.0,2.84,-1.01,-0.15,0.34
2026-04-09,NPCT,10.35,10.27,10.35,10.21,71310,731342.0,1.36,-0.29,-0.03,0.0
2026-04-09,NPFD,18.84,19.18,19.2,18.83,51290,975166.0,1.97,2.08,0.39,0.0
2026-04-09,NPFE,25.28,25.381,25.41,25.28,804,20377.0,0.51,0.43,0.109,0.0
2026-04-09,NPFI,25.98,26.015,26.02,25.98,5103,132715.0,0.15,0.03,0.007,0.0
2026-04-09,NPK,143.04,142.97,144.235,140.845,74575,10641946.0,2.36,-0.4,-0.58,1.04
2026-04-09,NPKI,14.77,15.03,15.24,14.58,837778,12614405.0,4.44,1.14,0.17,0.99
2026-04-09,NPO,272.4,278.81,282.92,272.4,298118,82946430.0,3.84,1.83,5.01,1.41
2026-04-09,NPT,8.02,9.815,10.79,8.02,43903,407179.0,30.78,9.06,0.815,0.2
2026-04-09,NPV,11.57,11.59,11.59,11.56,19887,230171.0,0.26,0.26,0.03,0.0
2026-04-09,NPWR,1.52,1.51,1.57,1.505,232004,356071.0,4.17,-3.21,-0.05,0.27
2026-04-09,NPWR_WS,0.21,0.24,0.251,0.21,11785,2854.0,18.55,8.6,0.019,0.0
2026-04-09,NQP,12.08,12.12,12.15,12.05,163532,1979589.0,0.83,0.5,0.06,0.0
2026-04-09,NRC,17.24,17.05,17.38,16.24,55693,951726.0,6.6,-1.22,-0.21,0.24
2026-04-09,NRDS,10.58,10.62,10.64,10.224,532171,5585236.0,3.91,-0.09,-0.01,1.56
2026-04-09,NRDY,0.92,0.872,0.92,0.87,252344,222940.0,5.68,-0.91,-0.008,0.2
2026-04-09,NREF,13.61,13.88,14.055,13.53,68170,944234.0,3.87,2.36,0.32,0.36
2026-04-09,NREF_A,23.0,22.96,23.24,22.95,6605,152304.0,1.25,-0.69,-0.16,0.4
2026-04-09,NRES,34.83,34.83,34.83,34.83,6,210.0,0.0,-0.62,-0.216,0.0
2026-04-09,NRG,160.68,161.78,167.06,160.68,2133077,349943840.0,3.98,0.92,1.48,0.99
2026-04-09,NRGD,28.66,30.81,31.0,27.89,26539,794604.0,10.65,5.53,1.615,0.0
2026-04-09,NRGU,39.6,36.61,40.75,36.3,241057,9248504.0,11.49,-5.45,-2.11,0.0
2026-04-09,NRGV,3.2,3.3,3.36,3.195,3033412,9962027.0,5.17,3.45,0.11,1.74
2026-04-09,NRIM,24.28,24.85,25.02,23.85,186272,4604892.0,4.77,1.3,0.32,0.84
2026-04-09,NRIX,15.6,16.24,16.5,15.47,1191091,19209864.0,6.6,4.1,0.64,1.15
2026-04-09,NRK,10.45,10.47,10.48,10.43,208525,2179881.0,0.48,0.29,0.03,0.0
2026-04-09,NRO,2.93,3.0,3.02,2.922,398185,1185615.0,3.34,2.21,0.065,0.0
2026-04-09,NRP,119.95,119.49,120.63,119.24,33061,3960047.0,1.15,-1.05,-1.27,0.25
2026-04-09,NRSH,26.929,26.929,26.929,26.929,7,214.0,0.0,1.3,0.346,0.0
2026-04-09,NRSN,0.729,0.73,0.732,0.7,134855,96357.0,4.44,1.25,0.009,0.38
2026-04-09,NRSNW,0.198,0.198,0.198,0.198,101,20.0,0.0,6.45,0.012,0.0
2026-04-09,NRT,8.8,8.6,9.0,8.5,116008,1007254.0,5.79,-0.35,-0.03,1.26
2026-04-09,NRUC,23.15,23.28,23.4,23.15,13004,302535.0,1.08,0.32,0.075,0.0
2026-04-09,NRXP,2.25,2.26,2.29,2.21,393638,888784.0,3.56,0.44,0.01,1.19
2026-04-09,NRXPW,0.015,0.015,0.015,0.013,3114,43.0,12.5,-6.25,-0.001,0.0
2026-04-09,NRXS,7.11,7.25,7.33,6.955,108887,778321.0,5.28,2.11,0.15,0.97
2026-04-09,NSA,40.34,40.98,41.15,40.23,776200,31754987.0,2.27,1.26,0.51,1.01
2026-04-09,NSA_A,22.78,22.81,22.82,22.74,4925,112200.0,0.35,0.13,0.03,0.05
2026-04-09,NSA_B,31.0,31.51,32.15,30.98,2935,92252.0,3.77,1.48,0.46,0.05
2026-04-09,NSC,293.45,295.3,296.53,292.94,1704082,502553712.0,1.22,0.41,1.2,0.7
2026-04-09,NSCI,25.12,25.12,25.12,25.12,80,2010.0,0.0,0.12,0.03,0.0
2026-04-09,NSEP,29.44,29.585,29.585,29.4,1882,55499.0,0.63,0.47,0.139,0.0
2026-04-09,NSI,36.84,36.975,36.975,36.84,380,14026.0,0.36,-0.06,-0.024,0.0
2026-04-09,NSIT,71.44,69.9,71.44,68.94,285592,19975890.0,3.47,-3.04,-2.19,0.95
2026-04-09,NSP,25.66,25.91,25.94,24.92,774993,19885963.0,3.91,-0.58,-0.15,2.03
2026-04-09,NSPR,1.38,1.34,1.39,1.3,39210,52004.0,6.57,-2.19,-0.03,0.08
2026-04-09,NSRX,2.32,2.32,2.36,2.25,18969,43631.0,4.7,-0.85,-0.02,0.16
2026-04-09,NSSC,42.4,42.08,42.71,41.96,334142,14090252.0,1.76,-1.2,-0.51,0.94
2026-04-09,NSTS,11.92,11.82,12.125,11.78,7690,92210.0,2.93,0.34,0.04,0.15
2026-04-09,NSYS,13.55,14.25,14.29,12.0,70251,975934.0,17.01,5.87,0.79,2.52
2026-04-09,NTAP,99.08,95.67,99.15,94.89,2449015,235580758.0,4.28,-3.82,-3.8,1.24
2026-04-09,NTB,55.39,56.51,56.615,55.31,140553,7921585.0,2.34,1.45,0.81,0.35
2026-04-09,NTCL,0.493,0.491,0.552,0.46,132703,68926.0,19.17,2.29,0.011,0.28
2026-04-09,NTCT,33.56,32.75,33.61,32.39,671482,22004577.0,3.63,-2.56,-0.86,0.93
2026-04-09,NTES,113.05,113.25,113.545,111.77,682158,77120318.0,1.56,-0.69,-0.79,0.11
2026-04-09,NTGR,24.35,23.31,24.5,22.53,440214,10226676.0,8.04,-4.9,-1.2,1.61
2026-04-09,NTHI,5.4,5.12,5.4,4.965,55497,284560.0,8.1,-4.66,-0.25,0.22
2026-04-09,NTIC,8.04,8.01,8.29,7.97,13748,111639.0,4.0,0.13,0.01,0.14
2026-04-09,NTIP,1.31,1.41,1.46,1.31,13962,19540.0,10.64,0.0,0.0,0.06
2026-04-09,NTLA,13.73,13.83,13.98,13.62,1427254,19703970.0,2.6,-0.29,-0.04,1.21
2026-04-09,NTNX,39.08,36.94,39.325,36.56,4047975,150242518.0,7.02,-6.27,-2.47,1.53
2026-04-09,NTR,74.9,72.78,76.25,72.215,4192044,306941776.0,5.39,-2.8,-2.1,0.87
2026-04-09,NTRA,209.35,203.0,209.39,199.543,1490869,302679904.0,4.67,-3.71,-7.83,1.05
2026-04-09,NTRB,3.9,3.85,4.0,3.8,9453,36580.0,5.1,-1.79,-0.07,0.08
2026-04-09,NTRBW,1.15,1.15,1.15,1.15,112,135.0,0.0,0.0,0.0,0.0
2026-04-09,NTRP,3.46,3.155,3.474,3.13,23096,76118.0,9.77,-10.37,-0.365,0.17
2026-04-09,NTRS,151.17,152.63,153.01,150.13,948678,144495542.0,1.9,0.59,0.89,0.51
2026-04-09,NTRSO,19.2,19.2,19.26,19.15,38465,739154.0,0.57,0.0,0.0,0.24
2026-04-09,NTSD,40.42,41.101,41.74,40.25,36497,1482426.0,3.64,0.29,0.117,0.0
2026-04-09,NTSE,42.15,42.162,42.18,42.03,1476,62135.0,0.36,-0.07,-0.031,0.0
2026-04-09,NTSI,45.67,45.83,46.184,45.512,12698,582626.0,1.46,-0.56,-0.26,0.0
2026-04-09,NTSK,9.23,8.47,9.29,8.4,4550318,39002814.0,9.51,-9.51,-0.89,1.97
2026-04-09,NTST,19.67,20.04,20.21,19.67,885480,17755577.0,2.73,1.37,0.27,0.91
2026-04-09,NTSX,54.02,54.35,54.437,53.81,33457,1812541.0,1.16,0.83,0.45,0.0
2026-04-09,NTWK,3.52,3.36,3.565,3.36,10981,38753.0,5.84,-4.27,-0.15,0.09
2026-04-09,NTWO,10.56,10.55,10.56,10.55,503,5308.0,0.09,-0.09,-0.01,0.0
2026-04-09,NTWOW,0.18,0.18,0.18,0.18,100,18.0,0.0,0.0,0.0,0.0
2026-04-09,NTZ,3.03,3.09,3.09,3.03,3711,11275.0,1.91,-1.59,-0.05,0.03
2026-04-09,NU,14.51,14.87,14.93,14.4,51501084,759065488.0,3.65,2.48,0.36,1.34
2026-04-09,NUAG,21.062,21.09,21.115,21.02,16351,344454.0,0.45,0.17,0.035,0.0
2026-04-09,NUAI,3.75,4.39,4.5,3.7,22654148,93492660.0,19.32,6.04,0.25,36.98
2026-04-09,NUAIW,1.86,1.9,1.98,1.75,13872,25856.0,13.14,8.57,0.15,0.0
2026-04-09,NUBD,22.2,22.255,22.285,22.2,22352,497158.0,0.38,0.07,0.015,0.0
2026-04-09,NUCL,7.25,8.42,8.44,7.15,503344,3960673.0,17.79,16.14,1.17,1.7
2026-04-09,NUCLW,1.45,1.79,1.84,1.45,331503,554018.0,26.9,23.45,0.34,0.0
2026-04-09,NUDM,37.73,37.97,38.14,37.54,91878,3478918.0,1.58,0.05,0.02,0.0
2026-04-09,NUDV,31.51,31.58,31.65,31.44,15251,481347.0,0.67,0.22,0.07,0.0
2026-04-09,NUE,181.75,184.0,184.53,181.265,1538338,282533072.0,1.79,1.01,1.84,0.68
2026-04-09,NUEM,38.41,38.8,39.07,38.22,27097,1048221.0,2.2,0.31,0.119,0.0
2026-04-09,NUG,11.38,11.807,11.807,11.04,750,8473.0,6.84,5.31,0.595,0.0
2026-04-09,NUGO,37.7,38.145,38.145,37.69,951,35911.0,1.2,0.76,0.289,0.0
2026-04-09,NUGT,215.03,215.07,221.894,209.3,606774,130652658.0,5.89,0.66,1.41,0.0
2026-04-09,NUGY,18.14,18.182,18.21,18.06,34062,618357.0,0.83,0.49,0.088,0.0
2026-04-09,NUHY,21.375,21.43,21.475,21.361,22739,487393.0,0.53,0.12,0.025,0.0
2026-04-09,NUKX,44.04,43.335,44.04,43.335,792,34834.0,1.6,-1.52,-0.669,0.0
2026-04-09,NUKZ,69.05,69.49,70.51,69.05,52671,3680633.0,2.09,-0.54,-0.38,0.0
2026-04-09,NULC,48.38,48.575,48.575,48.38,270,13120.0,0.4,0.11,0.053,0.0
2026-04-09,NULG,95.96,95.99,96.095,95.14,71708,6868376.0,0.99,-0.07,-0.07,0.0
2026-04-09,NULV,47.14,47.35,47.425,47.0,70924,3353494.0,0.9,0.08,0.04,0.0
2026-04-09,NUMG,42.11,41.55,42.11,41.35,35686,1483527.0,1.8,-1.68,-0.71,0.0
2026-04-09,NUMI,25.12,25.105,25.16,25.08,1747,43871.0,0.32,0.2,0.05,0.0
2026-04-09,NUMV,40.11,40.25,40.33,39.95,11580,465751.0,0.94,0.05,0.02,0.0
2026-04-09,NURE,28.2,28.469,28.57,28.2,2550,72728.0,1.31,0.68,0.191,0.0
2026-04-09,NUS,7.49,7.63,7.69,7.44,386916,2943895.0,3.3,0.79,0.06,0.79
2026-04-09,NUSA,23.2,23.27,23.275,23.2,8150,189525.0,0.32,0.06,0.015,0.0
2026-04-09,NUSB,25.22,25.22,25.22,25.22,7,178.0,0.0,0.02,0.005,0.0
2026-04-09,NUSC,46.86,47.22,47.42,46.81,51452,2428415.0,1.3,0.34,0.16,0.0
2026-04-09,NUTX,104.83,105.7,107.91,100.463,164805,17342256.0,7.09,0.63,0.66,2.37
2026-04-09,NUV,9.22,9.18,9.22,9.16,305497,2804557.0,0.65,-0.22,-0.02,0.0
2026-04-09,NUVB,4.43,4.63,4.65,4.43,1973709,9039929.0,4.86,2.21,0.1,0.57
2026-04-09,NUVL,104.33,104.59,105.55,103.87,396736,41513230.0,1.6,-0.43,-0.45,0.54
2026-04-09,NUW,14.5,14.54,14.55,14.46,64840,941125.0,0.62,0.41,0.06,0.0
2026-04-09,NUWE,1.14,1.08,1.14,1.08,41657,45379.0,5.56,0.0,0.0,1.58
2026-04-09,NVA,6.2,6.26,6.475,6.195,258836,1633865.0,4.49,0.32,0.02,0.68
2026-04-09,NVAWW,25.18,26.05,26.6,24.68,3500,89153.0,7.99,8.41,2.02,0.0
2026-04-09,NVAX,8.41,8.54,8.6,8.32,2307763,19604096.0,3.33,1.43,0.12,1.42
2026-04-09,NVBT,36.77,36.935,36.935,36.77,361,13300.0,0.45,0.54,0.199,0.0
2026-04-09,NVBU,28.725,28.81,28.88,28.725,1025,29536.0,0.54,0.35,0.1,0.0
2026-04-09,NVBW,34.01,34.025,34.07,34.0,13436,457173.0,0.21,0.37,0.125,0.0
2026-04-09,NVCR,10.68,11.0,11.0,10.56,977581,10654362.0,4.08,1.95,0.21,0.86
2026-04-09,NVCT,8.14,8.16,8.27,7.94,36126,293378.0,4.05,0.25,0.02,0.14
2026-04-09,NVD,6.94,6.78,7.04,6.78,80151293,550532144.0,3.76,-2.02,-0.14,0.0
2026-04-09,NVDA,181.84,183.91,184.08,180.62,116428523,21303315200.0,1.9,1.01,1.83,0.48
2026-04-09,NVDB,24.715,25.39,25.39,24.7,33543,846115.0,2.77,2.09,0.52,0.0
2026-04-09,NVDD,38.61,38.156,38.84,38.125,92996,3567053.0,1.86,-0.97,-0.374,0.0
2026-04-09,NVDG,15.01,15.32,15.36,14.835,190157,2881187.0,3.49,1.86,0.28,0.0
2026-04-09,NVDL,78.67,80.46,80.595,77.64,5177484,410687504.0,3.74,1.93,1.52,0.0
2026-04-09,NVDO,18.938,18.938,18.938,18.938,4,75.0,0.0,0.87,0.163,0.0
2026-04-09,NVDQ,16.13,15.745,16.329,15.73,1337817,21372594.0,3.73,-2.02,-0.325,0.0
2026-04-09,NVDS,27.79,27.34,28.09,27.31,462273,12803403.0,2.81,-1.55,-0.43,0.0
2026-04-09,NVDU,104.57,106.93,107.241,103.43,281409,29760673.0,3.63,1.91,2.0,0.0
2026-04-09,NVDW,35.6,35.98,36.11,35.26,29473,1053388.0,2.39,1.15,0.41,0.0
2026-04-09,NVDX,15.05,15.42,15.46,14.89,14860599,226557086.0,3.77,1.98,0.3,0.0
2026-04-09,NVDY,13.16,13.23,13.245,13.082,3822763,50380013.0,1.23,-0.23,-0.03,0.0
2026-04-09,NVEC,73.8,76.07,76.57,73.8,49221,3708833.0,3.74,2.81,2.08,1.02
2026-04-09,NVG,12.61,12.73,12.75,12.6,475087,6020454.0,1.19,1.03,0.13,0.0
2026-04-09,NVGS,20.16,19.86,20.32,19.7,287747,5739255.0,3.09,-1.14,-0.23,0.44
2026-04-09,NVII,24.78,24.98,24.98,24.65,42037,1044974.0,1.34,1.09,0.27,0.0
2026-04-09,NVIR,39.49,38.841,39.49,38.841,629,24815.0,1.65,-1.28,-0.504,0.0
2026-04-09,NVIT,47.721,48.23,48.23,47.721,4560,218803.0,1.07,0.92,0.439,0.0
2026-04-09,NVMI,485.01,494.08,496.35,483.92,300819,147892783.0,2.61,3.9,18.56,0.95
2026-04-09,NVNI,1.07,1.19,1.28,1.04,889022,1031974.0,23.08,14.42,0.15,8.86
2026-04-09,NVNIW,0.063,0.062,0.063,0.04,5642,329.0,57.5,55.0,0.022,0.0
2026-04-09,NVNO,10.8,11.05,11.36,10.79,4279,47248.0,5.21,0.91,0.1,0.65
2026-04-09,NVO,37.18,37.44,37.65,36.82,11231668,418533408.0,2.21,-0.45,-0.17,0.33
2026-04-09,NVOH,20.53,20.668,20.67,20.423,1089,22440.0,1.19,-0.72,-0.149,0.0
2026-04-09,NVOX,10.35,10.51,10.63,10.17,875237,9088890.0,4.31,-1.5,-0.16,0.0
2026-04-09,NVR,6703.77,6798.75,6891.89,6703.77,24043,163870825.0,2.78,0.64,43.25,0.87
2026-04-09,NVRI,19.68,19.63,19.985,19.625,924712,18254634.0,1.82,-0.51,-0.1,1.12
2026-04-09,NVS,152.76,155.06,156.12,152.48,906107,140190499.0,2.36,0.41,0.64,0.05
2026-04-09,NVST,26.26,26.67,26.97,26.11,2042036,54355854.0,3.23,0.04,0.01,1.25
2026-04-09,NVT,127.28,128.63,130.43,127.145,1363613,175901616.0,2.58,1.2,1.52,0.84
2026-04-09,NVTS,9.46,9.42,9.93,9.37,16271383,155504995.0,5.86,-1.36,-0.13,7.05
2026-04-09,NVTX,23.89,24.0,26.443,23.66,110524,2751726.0,11.31,-2.48,-0.61,0.0
2026-04-09,NVVE,0.539,0.552,0.6,0.53,496412,283294.0,13.46,6.15,0.032,9.35
2026-04-09,NVX,0.695,0.72,0.727,0.677,157405,112755.0,6.94,0.0,0.0,0.07
2026-04-09,NVYY,14.34,14.44,14.45,14.33,74237,1069075.0,0.84,0.63,0.09,0.0
2026-04-09,NWAX,9.99,10.0,10.03,9.99,65060,650526.0,0.4,-0.1,-0.01,0.17
2026-04-09,NWAX_U,10.22,10.22,10.239,10.22,5961,60933.0,0.19,-0.2,-0.02,0.0
2026-04-09,NWAX_WS,0.45,0.408,0.45,0.4,44605,18528.0,11.11,-9.33,-0.042,0.0
2026-04-09,NWBI,13.44,13.73,13.75,13.41,1163038,15900749.0,2.52,1.93,0.26,0.8
2026-04-09,NWE,70.22,70.71,71.17,70.22,393317,27833743.0,1.35,0.26,0.18,0.64
2026-04-09,NWFL,30.67,31.36,31.5,30.56,20641,643941.0,3.03,1.18,0.365,0.19
2026-04-09,NWG,16.18,16.41,16.535,16.153,3776681,61818308.0,2.33,0.0,0.0,0.09
2026-04-09,NWGL,0.832,0.919,0.93,0.832,23534,21607.0,10.33,-3.16,-0.03,0.48
2026-04-09,NWL,3.78,3.96,4.015,3.75,5898315,23261518.0,6.94,3.66,0.14,1.39
2026-04-09,NWN,55.0,55.8,55.99,54.813,293076,16341293.0,2.14,1.34,0.74,0.71
2026-04-09,NWPX,81.93,83.81,84.67,80.11,90401,7520262.0,5.56,2.22,1.82,0.94
2026-04-09,NWS,28.62,28.4,28.725,28.25,1029786,29332105.0,1.66,-1.05,-0.3,0.56
2026-04-09,NWSA,24.77,24.59,24.89,24.48,3110643,76738369.0,1.65,-1.21,-0.3,0.84
2026-04-09,NWTG,1.5,1.37,1.619,1.09,129924,174563.0,34.13,-11.61,-0.18,2.83
2026-04-09,NX,19.07,20.17,20.53,19.0,449008,9018997.0,7.94,4.67,0.9,0.98
2026-04-09,NXDR,1.45,1.42,1.45,1.4,1806029,2567245.0,3.45,-2.07,-0.03,0.69
2026-04-09,NXDT,4.35,4.59,4.62,4.33,128734,582743.0,6.56,3.85,0.17,0.0
2026-04-09,NXDT_A,13.17,13.298,13.3,13.17,3365,44708.0,0.98,-0.02,-0.002,0.1
2026-04-09,NXE,11.48,11.49,11.64,11.32,4850327,55808132.0,2.77,-0.52,-0.06,0.73
2026-04-09,NXG,52.7,55.11,55.36,52.7,37091,2014741.0,5.04,4.51,2.38,0.61
2026-04-09,NXGL,0.62,0.62,0.681,0.6,147691,94210.0,12.7,-2.82,-0.018,1.74
2026-04-09,NXJ,12.44,12.49,12.5,12.41,90921,1133114.0,0.72,0.4,0.05,0.0
2026-04-09,NXL,0.35,0.38,0.41,0.33,15523899,6284194.0,22.86,8.57,0.03,75.43
2026-04-09,NXP,14.39,14.44,14.48,14.36,86254,1240596.0,0.83,0.42,0.06,0.0
2026-04-09,NXPI,204.035,205.67,206.71,202.735,2706657,555418080.0,1.95,0.69,1.4,1.07
2026-04-09,NXPL,0.501,0.491,0.54,0.491,93794,47749.0,9.09,-8.91,-0.048,0.35
2026-04-09,NXPLW,0.005,0.005,0.013,0.005,37600,235.0,160.0,0.0,0.0,0.0
2026-04-09,NXRT,24.9,25.14,25.306,24.79,146055,3670368.0,2.06,0.4,0.1,0.57
2026-04-09,NXST,181.8,178.82,181.8,173.25,743993,132012252.0,4.66,-2.59,-4.76,2.45
2026-04-09,NXT,116.38,113.59,118.45,112.38,1328784,152076795.0,5.21,-2.42,-2.82,0.89
2026-04-09,NXTC,11.16,11.21,11.76,10.87,128981,1470180.0,7.97,0.45,0.05,3.62
2026-04-09,NXTE,41.42,41.228,41.42,41.228,2295,94730.0,0.47,0.37,0.151,0.0
2026-04-09,NXTG,119.98,120.676,120.715,119.73,4734,569915.0,0.82,0.34,0.403,0.0
2026-04-09,NXTI,30.39,30.18,30.39,30.18,302,9153.0,0.69,-1.1,-0.337,0.0
2026-04-09,NXTS,3.79,4.65,4.85,3.755,98642,436063.0,29.51,25.34,0.94,13.51
2026-04-09,NXTT,1.68,1.64,1.71,1.56,266401,436248.0,8.47,-7.34,-0.13,0.35
2026-04-09,NXUS,24.9,24.91,24.91,24.88,2164,53870.0,0.12,-0.16,-0.04,0.0
2026-04-09,NXXT,0.396,0.366,0.4,0.365,660742,246473.0,8.86,-7.34,-0.029,0.46
2026-04-09,NYAX,58.12,57.0,58.68,57.0,7642,445620.0,2.82,-4.36,-2.6,0.02
2026-04-09,NYC,8.06,8.11,8.69,8.06,886,7492.0,7.82,0.62,0.05,0.03
2026-04-09,NYF,53.46,53.535,53.54,53.41,128174,6856344.0,0.24,0.27,0.145,0.0
2026-04-09,NYM,25.01,25.03,25.03,24.99,21434,536394.0,0.16,0.24,0.06,0.0
2026-04-09,NYSX,103.25,103.545,103.545,102.86,623,64295.0,0.67,0.69,0.713,0.0
2026-04-09,NYT,84.58,82.48,84.725,81.59,2383073,196441920.0,3.7,-2.63,-2.23,1.48
2026-04-09,NYXH,2.97,2.87,2.97,2.83,19050,55521.0,4.62,-5.28,-0.16,0.04
2026-04-09,NZAC,42.3,42.6,42.76,42.22,4135,175813.0,1.27,0.4,0.171,0.0
2026-04-09,NZF,12.53,12.59,12.59,12.46,438857,5497880.0,1.04,0.72,0.09,0.0
2026-04-09,NZUS,34.06,34.274,34.274,34.06,303,10339.0,0.63,0.55,0.186,0.0
2026-04-09,O,62.59,63.2,63.65,62.31,4289234,271180080.0,2.13,0.65,0.41,0.46
2026-04-09,OABI,1.5,1.5,1.565,1.49,248493,373043.0,4.93,-1.32,-0.02,0.17
2026-04-09,OABIW,0.099,0.099,0.099,0.099,2,0.0,0.0,0.0,0.0,0.0
2026-04-09,OACC,10.59,10.6,10.6,10.57,125564,1330624.0,0.28,-0.47,-0.05,0.63
2026-04-09,OACP,22.89,22.835,22.89,22.803,125027,2858086.0,0.38,0.07,0.015,0.0
2026-04-09,OAEM,42.75,43.201,43.5,42.75,9198,397954.0,1.73,-0.62,-0.269,0.0
2026-04-09,OAIM,45.5,45.534,45.67,45.011,24953,1134983.0,1.45,0.22,0.099,0.0
2026-04-09,OAKG,24.996,24.996,24.996,24.996,33,827.0,0.0,-0.39,-0.099,0.0
2026-04-09,OAKI,24.95,25.18,25.18,24.91,1378,34572.0,1.07,-0.07,-0.017,0.0
2026-04-09,OAKM,27.85,28.01,28.105,27.84,208850,5848040.0,0.95,-0.07,-0.02,0.0
2026-04-09,OAK_A,20.74,20.7,20.8,20.58,12293,254800.0,1.06,-0.43,-0.09,0.17
2026-04-09,OAK_B,20.3,20.38,20.72,20.3,16231,334204.0,2.06,0.2,0.04,0.17
2026-04-09,OALC,36.0,36.197,36.2,35.8,18191,656454.0,1.11,0.69,0.248,0.0
2026-04-09,OARK,30.565,30.46,30.63,30.3,7432,226518.0,1.06,-2.09,-0.651,0.0
2026-04-09,OASC,31.185,31.411,31.52,31.1,20761,653771.0,1.34,0.52,0.161,0.0
2026-04-09,OBA,10.15,10.15,10.15,10.15,22,224.0,0.0,0.0,0.0,0.0
2026-04-09,OBAI,1.25,1.12,1.25,1.08,754567,856424.0,13.6,-10.4,-0.13,3.65
2026-04-09,OBAWU,10.29,10.2,10.39,10.2,400,4108.0,1.87,0.39,0.04,0.0
2026-04-09,OBDC,10.67,10.76,10.85,10.65,6221416,67012121.0,1.86,0.09,0.01,1.25
2026-04-09,OBE,9.09,8.81,9.24,8.75,567153,5076617.0,5.43,-2.33,-0.21,0.84
2026-04-09,OBIL,50.12,50.115,50.13,50.115,15861,794936.0,0.03,0.0,0.0,0.0
2026-04-09,OBIO,4.21,4.23,4.43,4.18,120140,513757.0,5.85,-0.94,-0.04,0.21
2026-04-09,OBK,43.49,45.37,45.41,43.49,193355,8713399.0,4.38,3.61,1.58,0.62
2026-04-09,OBND,25.69,25.745,25.78,25.66,31394,807699.0,0.47,0.14,0.035,0.0
2026-04-09,OBOR,28.259,28.259,28.259,28.259,91,2575.0,0.0,0.16,0.044,0.0
2026-04-09,OBT,33.96,34.69,35.13,33.86,257087,8895433.0,3.71,1.37,0.47,1.92
2026-04-09,OBTC,22.75,23.228,23.291,22.75,6940,160951.0,2.36,1.15,0.265,0.0
2026-04-09,OC,111.92,114.95,115.55,111.52,976264,111914095.0,3.57,1.81,2.04,1.21
2026-04-09,OCC,9.52,9.57,9.98,9.14,113041,1082317.0,8.69,-1.03,-0.1,1.28
2026-04-09,OCCI,2.94,2.99,3.01,2.93,225951,672782.0,2.73,2.05,0.06,0.78
2026-04-09,OCCIM,25.01,24.85,25.02,24.85,2102,52497.0,0.68,-1.28,-0.321,0.18
2026-04-09,OCCIN,24.59,24.59,24.608,24.58,2432,59803.0,0.11,-0.1,-0.025,0.17
2026-04-09,OCCIO,25.06,25.06,25.06,25.06,608,15238.0,0.0,0.0,0.0,0.07
2026-04-09,OCFC,18.82,19.11,19.31,18.82,1212829,23175276.0,2.58,0.68,0.13,2.11
2026-04-09,OCG,0.67,0.634,0.69,0.634,170594,112870.0,8.12,-8.12,-0.056,2.93
2026-04-09,OCGN,1.85,1.87,1.97,1.84,5771825,10959267.0,6.99,0.54,0.01,1.76
2026-04-09,OCIO,35.29,35.266,35.38,35.02,1526,53780.0,1.02,0.22,0.077,0.0
2026-04-09,OCS,27.34,27.19,27.625,26.94,104233,2844071.0,2.51,-0.55,-0.15,0.18
2026-04-09,OCSAW,15.6,15.9,15.9,15.6,602,9464.0,2.09,10.8,1.55,0.0
2026-04-09,OCSL,11.86,11.85,11.895,11.75,1007206,11930644.0,1.22,-0.21,-0.025,1.14
2026-04-09,OCTB,25.55,25.68,25.68,25.55,1533,39234.0,0.51,0.2,0.05,0.0
2026-04-09,OCTH,23.79,23.85,23.85,23.79,1706,40625.0,0.25,0.23,0.055,0.0
2026-04-09,OCTJ,23.87,23.9,23.9,23.87,1209,28864.0,0.13,0.13,0.03,0.0
2026-04-09,OCTM,32.86,32.88,32.88,32.85,347,11411.0,0.09,0.23,0.075,0.0
2026-04-09,OCTP,30.36,30.511,30.52,30.31,8026,244091.0,0.7,2.05,0.612,0.0
2026-04-09,OCTT,43.49,43.698,43.698,43.46,54099,2359388.0,0.55,0.49,0.215,0.0
2026-04-09,OCTU,28.22,28.325,28.36,28.15,14444,408940.0,0.74,0.37,0.105,0.0
2026-04-09,OCTW,39.15,39.3,39.31,39.13,33544,1317331.0,0.46,0.26,0.1,0.0
2026-04-09,OCTZ,42.135,42.43,42.43,42.135,3299,139621.0,0.7,0.4,0.17,0.0
2026-04-09,OCUL,8.37,9.3,9.31,8.33,5116592,45494967.0,11.64,10.45,0.88,2.35
2026-04-09,ODC,71.0,72.78,72.99,70.625,81455,5874321.0,3.33,2.43,1.73,0.79
2026-04-09,ODD,14.85,13.825,14.85,13.815,1481564,20914544.0,6.97,-6.9,-1.025,3.28
2026-04-09,ODDS,23.61,23.513,23.61,23.513,1564,36909.0,0.4,-3.17,-0.769,0.0
2026-04-09,ODFL,206.37,209.5,211.59,206.27,1300221,272317456.0,2.56,0.95,1.97,0.62
2026-04-09,ODHY,10.025,10.025,10.025,10.025,2,20.0,0.0,0.14,0.014,0.0
2026-04-09,ODV,3.31,3.28,3.4,3.225,1053217,3481089.0,5.29,-0.91,-0.03,0.35
2026-04-09,ODVWZ,0.265,0.267,0.267,0.265,663,176.0,0.75,0.75,0.002,0.0
2026-04-09,ODYS,7.6,7.3,7.6,7.033,54575,407737.0,7.77,0.0,0.0,0.33
2026-04-09,OEC,6.5,6.67,6.68,6.42,497771,3279933.0,4.08,4.55,0.29,0.88
2026-04-09,OEF,329.94,332.82,333.17,329.15,615668,204205031.0,1.22,0.81,2.67,0.0
2026-04-09,OEFA,32.75,33.055,33.11,32.75,952,31483.0,1.09,-0.18,-0.06,0.0
2026-04-09,OEI,24.95,25.12,25.13,24.95,799,20038.0,0.72,0.2,0.049,0.0
2026-04-09,OESX,9.75,9.56,9.83,9.41,30262,291928.0,4.26,-3.14,-0.31,0.75
2026-04-09,OFG,42.5,43.36,43.51,42.5,204514,8858766.0,2.37,1.71,0.73,0.48
2026-04-09,OFIX,12.42,12.42,12.65,12.085,233752,2897320.0,4.63,1.8,0.22,0.58
2026-04-09,OFLX,32.88,33.935,34.25,32.7,146170,4949860.0,4.63,1.42,0.475,1.45
2026-04-09,OFRM,16.02,16.35,17.2,15.96,324115,5327111.0,7.59,0.06,0.01,0.77
2026-04-09,OFS,3.77,3.63,3.82,3.55,122711,451494.0,7.16,-3.71,-0.14,0.92
2026-04-09,OFSSH,23.76,23.76,23.76,23.76,31,730.0,0.0,0.0,0.0,0.0
2026-04-09,OFSSO,25.5,25.5,25.5,25.5,142,3593.0,0.0,0.0,0.0,0.0
2026-04-09,OGCP,4.87,4.87,4.87,4.87,8,39.0,0.0,0.0,0.0,0.0
2026-04-09,OGE,49.25,49.86,50.13,49.23,1355404,67630165.0,1.82,1.09,0.54,0.66
2026-04-09,OGEN,0.65,0.62,0.65,0.613,34990,21936.0,6.18,3.51,0.021,0.81
2026-04-09,OGI,1.39,1.44,1.45,1.38,441143,625913.0,5.04,3.6,0.05,0.32
2026-04-09,OGIG,41.65,40.691,41.65,40.55,7731,314317.0,2.63,-2.55,-1.063,0.0
2026-04-09,OGN,5.83,6.91,6.96,5.82,10019134,66438091.0,19.45,17.92,1.05,3.85
2026-04-09,OGS,88.33,90.64,90.78,88.33,317665,28765054.0,2.73,0.9,0.81,0.51
2026-04-09,OGSP,10.015,10.015,10.015,10.015,18,188.0,0.0,0.05,0.005,0.0
2026-04-09,OHI,45.37,45.72,46.36,45.05,1530586,70206599.0,2.88,0.68,0.31,0.52
2026-04-09,OI,10.6,10.7,10.8,10.58,1281455,13722670.0,2.05,-0.19,-0.02,0.84
2026-04-09,OIA,6.2,6.2,6.25,6.165,133321,826678.0,1.38,0.57,0.035,0.0
2026-04-09,OIH,410.75,411.04,418.74,409.55,283993,117498295.0,2.24,0.16,0.64,0.0
2026-04-09,OII,36.52,36.45,37.54,36.36,1045160,38402942.0,3.25,0.36,0.13,1.05
2026-04-09,OILD,41.96,43.62,44.01,40.3,98638,4176797.0,8.76,3.02,1.28,0.0
2026-04-09,OILK,53.96,53.75,54.5,52.94,127076,6828605.0,2.91,0.09,0.05,0.0
2026-04-09,OILT,31.17,31.005,31.77,30.99,11267,355821.0,2.5,-0.74,-0.231,0.0
2026-04-09,OILU,47.52,45.33,49.36,45.22,392312,18487779.0,8.88,-2.75,-1.28,0.0
2026-04-09,OIM,10.03,10.03,10.03,10.03,114,1152.0,0.0,0.1,0.01,0.0
2026-04-09,OIMAU,10.11,10.11,10.124,10.11,11455,115812.0,0.14,-0.1,-0.01,0.0
2026-04-09,OIO,3.03,3.05,3.07,2.72,148214,448761.0,11.63,1.33,0.04,0.35
2026-04-09,OIOWW,0.117,0.117,0.117,0.117,10,1.0,0.0,0.0,0.0,0.0
2026-04-09,OIS,11.5,11.5,11.68,11.41,683389,7866147.0,2.36,0.44,0.05,1.14
2026-04-09,OKE,86.68,86.18,88.87,86.01,4138673,359308288.0,3.3,-0.68,-0.59,0.66
2026-04-09,OKLL,5.93,5.5,6.115,5.41,5659524,32643558.0,11.56,-9.84,-0.6,0.0
2026-04-09,OKLO,49.53,47.75,50.36,47.395,5966079,290033136.0,5.91,-4.9,-2.46,3.44
2026-04-09,OKLS,62.0,66.14,67.43,60.44,125839,8043906.0,11.58,9.54,5.76,0.0
2026-04-09,OKTA,75.78,67.76,76.045,67.69,5428217,376012208.0,10.99,-10.89,-8.28,3.21
2026-04-09,OKTG,9.44,8.366,9.46,8.35,19430,170530.0,10.45,-21.22,-2.254,0.0
2026-04-09,OKUR,4.39,4.28,4.462,4.25,293200,1284276.0,4.84,-2.28,-0.1,2.14
2026-04-09,OKYO,1.7,1.58,1.7,1.55,82371,132804.0,9.43,-0.63,-0.01,0.16
2026-04-09,OLB,0.42,0.397,0.45,0.392,329080,133312.0,13.88,-5.02,-0.021,2.63
2026-04-09,OLED,92.95,93.46,94.25,92.455,401750,37446878.0,1.92,-0.02,-0.02,0.85
2026-04-09,OLLI,96.93,92.39,97.1,92.15,1599753,150573408.0,5.09,-5.06,-4.92,2.62
2026-04-09,OLMA,15.595,16.64,16.99,15.55,1017354,16779707.0,9.18,6.05,0.95,1.17
2026-04-09,OLN,29.12,28.4,29.62,27.43,2781819,78498833.0,7.56,-1.9,-0.55,2.44
2026-04-09,OLOX,0.587,0.55,0.589,0.541,386298,215480.0,7.95,-8.94,-0.054,4.02
2026-04-09,OLP,22.51,22.67,22.97,22.36,87301,1980935.0,2.71,0.58,0.13,0.4
2026-04-09,OLPX,2.02,2.03,2.03,2.02,4364041,8843800.0,0.49,0.0,0.0,0.65
2026-04-09,OM,4.16,4.32,4.33,4.075,77617,330446.0,6.07,2.86,0.12,0.42
2026-04-09,OMAB,117.09,117.05,118.89,116.365,61224,7205930.0,2.16,0.17,0.2,0.15
2026-04-09,OMAH,18.25,18.33,18.35,18.22,456562,8357485.0,0.71,0.33,0.06,0.0
2026-04-09,OMC,75.92,74.88,75.92,73.63,5487559,409888944.0,2.98,-2.59,-1.99,1.93
2026-04-09,OMCL,35.81,35.47,35.81,34.475,307114,10877031.0,3.75,-0.28,-0.1,0.68
2026-04-09,OMDA,12.55,11.98,12.55,11.62,553748,6596419.0,7.42,-4.39,-0.55,0.94
2026-04-09,OMEX,1.1,1.055,1.12,1.01,11932000,12909068.0,8.8,-15.6,-0.195,20.49
2026-04-09,OMF,55.39,56.64,56.705,55.25,2197850,123548937.0,2.6,1.12,0.63,1.88
2026-04-09,OMFL,62.64,63.09,63.175,62.565,190401,11989316.0,0.97,0.43,0.27,0.0
2026-04-09,OMFS,47.23,47.794,47.935,47.23,7576,360683.0,1.49,0.79,0.374,0.0
2026-04-09,OMH,1.15,1.053,1.15,1.05,10125,11006.0,8.7,-8.43,-0.097,0.04
2026-04-09,OMSE,4.53,4.51,4.59,4.5,2912,13166.0,1.96,-1.64,-0.075,0.01
2026-04-09,ON,68.48,68.49,69.07,67.9,5812381,398182448.0,1.71,0.16,0.11,1.48
2026-04-09,ONB,23.06,23.64,23.81,23.06,2571989,60693990.0,3.23,1.68,0.39,0.67
2026-04-09,ONBPO,24.97,25.095,25.095,24.97,2010,50366.0,0.5,-0.42,-0.105,0.05
2026-04-09,ONC,311.53,313.42,317.47,310.66,142250,44740137.0,2.18,0.39,1.23,0.26
2026-04-09,ONCH,10.16,10.16,10.16,10.16,5,51.0,0.0,0.0,0.0,0.0
2026-04-09,ONCHU,10.25,10.25,10.25,10.25,107,1098.0,0.0,0.0,0.0,0.0
2026-04-09,ONCO,1.62,1.22,2.82,1.14,238293163,471680608.0,148.67,7.96,0.09,34389.36
2026-04-09,ONCY,0.918,1.04,1.055,0.9,2384235,2385667.0,17.11,14.79,0.134,2.05
2026-04-09,OND,33.555,33.78,33.78,33.555,1061,35712.0,0.66,-0.94,-0.32,0.0
2026-04-09,ONDG,5.755,5.37,5.8,5.24,522273,2858746.0,9.71,-6.93,-0.4,0.0
2026-04-09,ONDL,16.01,15.15,16.47,14.75,769233,11876259.0,10.58,-6.77,-1.1,0.0
2026-04-09,ONDS,9.415,9.14,9.52,9.01,37717886,347280064.0,5.4,-3.28,-0.31,8.07
2026-04-09,ONDU,9.27,8.63,9.27,8.4,144254,1256992.0,9.45,-6.3,-0.58,0.0
2026-04-09,ONEG,2.93,3.65,3.65,2.9,154857,504986.0,25.6,24.57,0.72,0.97
2026-04-09,ONEH,24.48,24.365,24.48,24.36,1816,44280.0,0.49,0.33,0.08,0.0
2026-04-09,ONEO,139.25,139.242,139.25,139.242,392,54666.0,0.01,0.26,0.355,0.0
2026-04-09,ONEQ,89.07,89.81,89.91,88.67,374031,33519029.0,1.39,0.82,0.73,0.0
2026-04-09,ONEV,137.53,138.327,138.776,137.53,5176,715767.0,0.9,0.11,0.157,0.0
2026-04-09,ONEW,9.98,10.17,10.41,9.49,132570,1329584.0,9.15,1.09,0.11,0.8
2026-04-09,ONEY,122.59,123.053,123.27,122.59,5066,623268.0,0.55,0.31,0.385,0.0
2026-04-09,ONEZ,25.55,25.795,25.86,25.55,26318,678548.0,1.21,0.37,0.095,0.0
2026-04-09,ONFO,0.627,0.656,0.674,0.611,120478,79251.0,9.8,2.02,0.013,2.05
2026-04-09,ONFOW,0.064,0.064,0.064,0.064,327,15.0,0.0,0.0,0.0,0.0
2026-04-09,ONIT,42.17,43.06,43.2,41.0,52541,2230812.0,5.19,1.6,0.68,0.62
2026-04-09,ONL,2.25,2.24,2.255,2.185,336181,749288.0,3.14,0.45,0.01,0.59
2026-04-09,ONLN,55.26,55.98,56.02,54.64,10423,577542.0,2.5,1.27,0.7,0.0
2026-04-09,ONMD,0.86,0.822,0.865,0.785,227725,187273.0,9.3,-4.42,-0.038,0.44
2026-04-09,ONMDW,0.069,0.069,0.069,0.069,45,3.0,0.0,0.0,0.0,0.0
2026-04-09,ONOF,36.331,36.329,36.355,36.32,5466,198590.0,0.1,0.12,0.044,0.0
2026-04-09,ONON,33.6,34.44,34.53,33.2,5350912,182925906.0,3.93,1.86,0.63,1.8
2026-04-09,ONTO,240.0,246.96,249.59,239.52,589090,145417309.0,4.19,2.69,6.47,1.18
2026-04-09,OOMA,14.22,13.91,14.24,13.6,241967,3350154.0,4.47,-2.8,-0.4,0.88
2026-04-09,OOQB,9.79,9.77,9.79,9.73,265,2591.0,0.63,1.88,0.18,0.0
2026-04-09,OOSB,10.311,10.311,10.311,10.311,89,929.0,0.0,1.79,0.181,0.0
2026-04-09,OOSP,10.15,10.145,10.17,10.13,702,7130.0,0.39,0.05,0.005,0.0
2026-04-09,OPAD,0.698,0.728,0.734,0.691,258315,184876.0,6.08,2.97,0.021,0.55
2026-04-09,OPAL,2.48,2.47,2.519,2.43,91521,226007.0,3.57,-0.8,-0.02,0.32
2026-04-09,OPBK,13.93,14.16,14.24,13.8,142283,2011437.0,3.15,1.29,0.18,0.96
2026-04-09,OPCH,28.89,29.47,29.8,28.84,2078092,61135521.0,3.29,1.06,0.31,1.32
2026-04-09,OPEG,4.79,4.378,4.79,4.378,7657,35962.0,8.05,-14.44,-0.739,0.0
2026-04-09,OPEN,4.61,4.31,4.63,4.3,30760440,135582657.0,7.11,-7.11,-0.33,3.21
2026-04-09,OPENL,0.265,0.237,0.265,0.211,340033,79552.0,20.3,-10.9,-0.029,0.0
2026-04-09,OPENW,0.53,0.49,0.545,0.482,355653,181623.0,11.67,-9.26,-0.05,0.0
2026-04-09,OPENZ,0.231,0.225,0.231,0.219,183794,40875.0,5.08,-4.66,-0.011,0.0
2026-04-09,OPER,100.18,100.185,100.19,100.18,9401,941894.0,0.01,0.04,0.045,0.0
2026-04-09,OPEX,20.32,17.9,20.32,17.76,59456,1100610.0,12.25,-14.35,-3.0,0.0
2026-04-09,OPFI,8.08,8.16,8.175,7.94,311041,2515844.0,2.89,0.49,0.04,1.18
2026-04-09,OPFI_WS,0.2,0.18,0.2,0.18,3108,590.0,11.11,0.0,0.0,0.0
2026-04-09,OPHC,5.29,5.29,5.34,5.29,1993,10597.0,0.95,0.57,0.03,0.02
2026-04-09,OPK,1.17,1.17,1.2,1.17,1440624,1698228.0,2.52,-1.68,-0.02,0.19
2026-04-09,OPLN,29.82,29.77,29.855,29.32,558901,16608798.0,1.79,-0.53,-0.16,0.53
2026-04-09,OPP,7.7,7.725,7.85,7.7,135926,1058845.0,1.94,-0.06,-0.005,0.0
2026-04-09,OPPE,56.14,56.61,56.78,56.14,15788,893368.0,1.13,0.21,0.116,0.0
2026-04-09,OPPJ,57.21,57.525,58.032,56.64,57956,3326332.0,2.39,-1.04,-0.605,0.0
2026-04-09,OPP_A,16.93,16.778,16.93,16.629,1813,30414.0,1.78,-0.64,-0.108,0.08
2026-04-09,OPP_B,18.15,18.59,18.7,18.15,5904,108179.0,2.99,1.01,0.185,0.25
2026-04-09,OPRA,15.48,15.33,15.7,14.98,773281,11783276.0,4.62,-1.73,-0.27,0.86
2026-04-09,OPRT,4.76,4.84,4.85,4.67,256907,1230285.0,3.7,-0.62,-0.03,0.58
2026-04-09,OPRX,6.39,6.16,6.48,6.03,536377,3314578.0,6.92,-5.23,-0.34,2.86
2026-04-09,OPTT,0.367,0.377,0.379,0.36,1709144,636838.0,5.19,3.01,0.011,0.75
2026-04-09,OPTU,1.34,1.33,1.37,1.32,611371,818494.0,3.73,-0.75,-0.01,0.21
2026-04-09,OPTX,8.26,8.98,9.37,7.87,939713,8314086.0,18.12,8.45,0.7,2.54
2026-04-09,OPTXW,1.18,1.32,1.38,1.18,88520,116440.0,16.81,10.92,0.13,0.0
2026-04-09,OPTZ,38.8,39.126,39.126,38.71,1412,54743.0,1.07,0.93,0.362,0.0
2026-04-09,OPXS,12.46,12.38,12.875,12.3,33633,419833.0,4.56,-1.75,-0.22,0.48
2026-04-09,OPY,100.87,104.38,105.38,100.83,59103,6157473.0,4.48,2.89,2.93,0.56
2026-04-09,OR,40.38,39.65,41.01,39.41,599296,23922436.0,3.98,-1.44,-0.58,0.32
2026-04-09,ORA,113.58,113.82,115.025,113.52,476712,54343911.0,1.33,0.3,0.34,0.78
2026-04-09,ORBS,0.9,0.876,0.908,0.835,21607135,18645818.0,7.85,-5.81,-0.054,10.51
2026-04-09,ORC,7.17,7.19,7.27,7.165,4662314,33630002.0,1.46,0.14,0.01,2.38
2026-04-09,ORCL,142.2,137.86,142.8,136.0,30407824,4202037136.0,4.73,-4.04,-5.8,1.06
2026-04-09,ORCL_D,44.25,43.24,44.35,42.8,1681007,72610607.0,3.48,-3.01,-1.34,1.68
2026-04-09,ORCS,35.34,36.272,36.7,35.34,29815,1074318.0,3.89,3.71,1.298,0.0
2026-04-09,ORCU,9.0,8.39,9.0,8.155,917478,7750657.0,9.32,-7.5,-0.68,0.0
2026-04-09,ORCX,25.1,23.51,25.2,22.86,2759559,65518350.0,9.21,-7.51,-1.91,0.0
2026-04-09,ORGN,2.115,1.97,2.25,1.96,152869,315008.0,13.55,-7.94,-0.17,2.82
2026-04-09,ORGNW,0.002,0.002,0.002,0.001,103653,171.0,33.33,-33.33,-0.001,0.0
2026-04-09,ORGO,2.4,2.29,2.425,2.225,1882935,4327395.0,8.37,-4.18,-0.1,1.46
2026-04-09,ORI,41.09,41.59,42.03,41.09,1023684,42682407.0,2.27,0.6,0.25,0.42
2026-04-09,ORIC,8.9,10.38,10.41,8.9,2389585,23613993.0,16.69,14.7,1.33,2.1
2026-04-09,ORIO,1.06,0.974,1.07,0.974,39200,40121.0,9.14,-7.24,-0.076,0.16
2026-04-09,ORIQW,0.068,0.068,0.068,0.068,1,0.0,0.0,0.0,0.0,0.0
2026-04-09,ORIS,0.6,0.61,0.623,0.59,90475,54323.0,5.3,-2.09,-0.013,1.79
2026-04-09,ORKA,62.6,63.6,63.945,61.24,837170,52619384.0,4.36,2.56,1.59,1.67
2026-04-09,ORKT,0.98,0.99,1.03,0.98,107148,106027.0,5.0,-1.0,-0.01,5.11
2026-04-09,ORLA,17.86,17.73,18.4,17.5,1533452,27275879.0,5.08,0.0,0.0,0.44
2026-04-09,ORLG,13.97,14.163,14.163,13.93,2139,29884.0,1.69,2.94,0.405,0.0
2026-04-09,ORLY,93.6,94.4,94.61,92.447,6371224,600048304.0,2.32,1.44,1.34,0.76
2026-04-09,ORMP,3.45,3.52,3.53,3.41,85771,298375.0,3.45,1.15,0.04,0.21
2026-04-09,ORN,11.55,11.82,12.15,11.55,287582,3417924.0,5.17,1.9,0.22,0.72
2026-04-09,ORO,19.01,19.0,19.08,19.0,880,16759.0,0.42,0.82,0.155,0.0
2026-04-09,ORR,38.16,37.58,38.16,37.58,166990,6304568.0,1.52,-1.42,-0.54,0.0
2026-04-09,ORRF,37.76,38.95,39.05,37.76,125615,4872375.0,3.39,2.39,0.91,0.64
2026-04-09,OSBC,21.14,21.47,21.64,21.085,627720,13500690.0,2.62,1.32,0.28,1.21
2026-04-09,OSCG,7.9,7.856,7.91,7.63,9754,75693.0,3.48,-2.4,-0.193,0.0
2026-04-09,OSCR,14.59,14.54,14.76,14.27,6087209,88072464.0,3.35,-0.68,-0.1,2.32
2026-04-09,OSCV,40.79,41.17,41.275,40.75,26660,1096100.0,1.28,0.73,0.3,0.0
2026-04-09,OSCX,31.95,31.243,31.95,30.18,7029,217540.0,5.57,-1.76,-0.559,0.0
2026-04-09,OSEA,30.29,30.4,30.46,30.0,43410,1316554.0,1.51,-0.13,-0.04,0.0
2026-04-09,OSG,3.95,4.11,4.325,3.9,1081277,4381529.0,10.68,3.27,0.13,2.4
2026-04-09,OSIS,288.8,294.48,295.98,288.8,182515,53428904.0,2.49,2.08,6.01,1.11
2026-04-09,OSK,155.15,156.56,157.95,153.965,532388,83395073.0,2.54,-0.02,-0.03,0.85
2026-04-09,OSPN,10.95,10.77,11.08,10.54,475697,5094780.0,4.89,-2.53,-0.28,1.27
2026-04-09,OSRH,0.5,0.511,0.56,0.48,1622347,838107.0,16.26,3.86,0.019,4.9
2026-04-09,OSRHW,0.055,0.045,0.055,0.032,145809,6848.0,42.59,-16.67,-0.009,0.0
2026-04-09,OSS,7.85,7.83,8.06,7.54,1116763,8678680.0,6.52,-1.76,-0.14,4.51
2026-04-09,OSTX,1.25,1.35,1.36,1.23,1334203,1762708.0,10.4,8.0,0.1,3.17
2026-04-09,OSUR,3.09,3.06,3.09,3.03,196746,602257.0,1.95,-0.65,-0.02,0.28
2026-04-09,OSW,24.22,24.68,24.72,23.91,710371,17422780.0,3.33,1.52,0.37,0.7
2026-04-09,OTEX,21.12,20.56,21.46,19.995,3393437,69555996.0,6.79,-4.64,-1.0,1.35
2026-04-09,OTF,11.11,11.23,11.23,10.87,2436119,26952991.0,3.23,0.63,0.07,0.53
2026-04-09,OTGA,10.07,10.07,10.07,10.07,4121,41499.0,0.0,0.0,0.0,0.02
2026-04-09,OTGAU,10.2,10.2,10.2,10.2,100,1020.0,0.0,0.39,0.04,0.0
2026-04-09,OTGL,11.4,11.371,11.4,11.371,5464,62280.0,0.26,1.35,0.152,0.0
2026-04-09,OTH,2.93,3.78,3.84,2.93,476707,1643489.0,31.16,29.45,0.86,1.96
2026-04-09,OTIS,79.28,81.25,81.33,79.19,2851324,230803202.0,2.69,2.14,1.7,0.73
2026-04-09,OTLK,0.25,0.222,0.254,0.21,4741405,1072131.0,17.6,-11.2,-0.028,4.53
2026-04-09,OTLY,11.15,11.32,11.39,10.7,36271,407587.0,6.17,1.25,0.14,0.12
2026-04-09,OTTR,90.12,90.93,91.545,90.12,253906,23077022.0,1.57,0.25,0.23,0.61
2026-04-09,OUNZ,45.69,45.86,46.165,45.67,1072509,49255428.0,1.09,0.77,0.35,0.0
2026-04-09,OUSA,56.66,57.02,57.1,56.54,24796,1407685.0,0.98,0.19,0.11,0.0
2026-04-09,OUSM,45.44,45.78,45.889,45.33,26982,1231313.0,1.23,0.53,0.24,0.0
2026-04-09,OUST,20.09,20.03,20.74,19.75,1224546,24614578.0,4.89,-1.14,-0.23,1.95
2026-04-09,OUT,28.49,29.35,29.41,28.4,1618820,47201382.0,3.54,2.98,0.85,0.92
2026-04-09,OVB,20.6,20.665,20.7,20.59,6158,127246.0,0.53,0.06,0.012,0.0
2026-04-09,OVBC,45.58,45.56,45.78,45.02,27344,1245165.0,1.68,0.64,0.29,0.58
2026-04-09,OVF,30.75,30.883,30.955,30.63,2664,82176.0,1.05,-0.26,-0.079,0.0
2026-04-09,OVID,2.68,2.88,3.105,2.65,6124406,17676277.0,17.5,10.77,0.28,4.64
2026-04-09,OVL,52.23,52.61,52.65,52.13,20077,1053897.0,1.0,0.79,0.41,0.0
2026-04-09,OVLH,38.71,38.912,38.912,38.71,1242,48259.0,0.52,0.44,0.169,0.0
2026-04-09,OVLY,34.19,34.56,34.775,34.1,30777,1061761.0,1.98,1.62,0.55,0.37
2026-04-09,OVM,21.705,21.705,21.705,21.705,1487,32290.0,0.0,0.24,0.052,0.0
2026-04-09,OVS,38.03,38.345,38.36,38.03,468,17885.0,0.87,0.74,0.28,0.0
2026-04-09,OVT,22.025,22.025,22.025,22.025,1810,39877.0,0.0,0.14,0.031,0.0
2026-04-09,OVV,57.12,56.16,57.89,55.54,4387204,247981359.0,4.14,-1.09,-0.62,1.55
2026-04-09,OWL,8.26,8.28,8.41,8.13,18090819,149823670.0,3.37,-0.48,-0.04,2.68
2026-04-09,OWLS,5.84,5.85,5.85,5.775,9559,55441.0,1.29,0.34,0.02,0.03
2026-04-09,OWLT,5.1,5.14,5.17,4.97,231343,1180958.0,3.88,-0.19,-0.01,0.82
2026-04-09,OWNB,17.53,17.665,18.01,17.53,5143,91322.0,2.71,-0.12,-0.022,0.0
2026-04-09,OWNS,17.38,17.4,17.46,17.38,4895,85207.0,0.46,-0.06,-0.01,0.0
2026-04-09,OXBR,0.73,0.752,0.757,0.71,90988,65536.0,6.22,-0.53,-0.004,1.12
2026-04-09,OXLC,9.89,9.98,9.98,9.77,544228,5370311.0,2.13,1.11,0.11,0.0
2026-04-09,OXLCG,24.87,24.94,24.94,24.85,9869,245876.0,0.36,0.16,0.04,0.0
2026-04-09,OXLCI,25.394,25.378,25.4,25.31,2278,57835.0,0.35,-0.01,-0.002,0.0
2026-04-09,OXLCL,23.73,23.784,23.784,23.73,2570,60992.0,0.23,0.23,0.054,0.0
2026-04-09,OXLCM,24.83,24.885,24.9,24.83,9075,225616.0,0.28,0.38,0.095,0.38
2026-04-09,OXLCN,24.3,24.4,24.4,24.25,1270,30901.0,0.62,0.66,0.16,0.05
2026-04-09,OXLCO,23.45,23.62,23.62,23.45,1383,32598.0,0.72,0.72,0.17,0.06
2026-04-09,OXLCP,24.85,24.842,24.89,24.82,7745,192550.0,0.28,-0.01,-0.003,0.22
2026-04-09,OXLCZ,24.6,24.59,24.6,24.53,6657,163665.0,0.28,-0.04,-0.01,0.0
2026-04-09,OXM,41.19,43.23,43.39,40.799,234108,10006793.0,6.26,4.37,1.81,1.57
2026-04-09,OXSQ,1.83,1.85,1.87,1.83,833259,1540870.0,2.19,1.09,0.02,0.95
2026-04-09,OXSQG,23.96,23.96,23.96,23.96,937,22453.0,0.0,0.13,0.03,0.0
2026-04-09,OXSQH,24.98,25.0,25.0,24.98,6341,158522.0,0.08,0.01,0.002,0.0
2026-04-09,OXY,60.1,58.53,60.73,58.23,15496726,919129120.0,4.18,-2.07,-1.24,1.56
2026-04-09,OXY_WS,38.05,36.38,38.7,36.3,128453,4778530.0,6.36,-3.58,-1.35,0.0
2026-04-09,OZ,52.9,52.43,53.48,52.43,58987,3118174.0,1.96,-2.0,-1.07,0.0
2026-04-09,OZK,47.34,48.08,48.48,47.18,1444104,69251607.0,2.74,1.24,0.59,1.31
2026-04-09,OZKAP,16.33,16.49,16.5,16.32,21420,351762.0,1.1,0.49,0.08,0.15
2026-04-09,PAA,21.71,21.885,22.15,21.67,2932301,64178298.0,2.21,0.81,0.175,0.42
2026-04-09,PAAA,51.26,51.26,51.27,51.25,1243355,63738180.0,0.04,0.02,0.01,0.0
2026-04-09,PAAC,9.88,9.88,9.88,9.88,24,247.0,0.0,0.0,0.0,0.0
2026-04-09,PAACU,9.95,9.95,9.95,9.95,162,1612.0,0.0,-0.3,-0.03,0.0
2026-04-09,PAACW,0.17,0.17,0.17,0.17,3000,510.0,0.0,0.59,0.001,0.0
2026-04-09,PAAS,57.48,56.85,58.67,56.14,4054001,231533106.0,4.41,-0.91,-0.52,0.96
2026-04-09,PAAU,22.29,21.03,22.29,20.99,1787,38128.0,6.12,-1.05,-0.224,0.0
2026-04-09,PAB,42.48,42.51,42.58,42.421,5562,236277.0,0.37,0.04,0.017,0.0
2026-04-09,PABD,66.19,66.819,66.819,66.19,8509,564361.0,0.94,-0.17,-0.117,0.0
2026-04-09,PABU,68.84,68.837,68.85,68.837,399,27487.0,0.02,0.43,0.296,0.0
2026-04-09,PAC,252.6,251.24,256.24,250.09,120413,30544219.0,2.44,-0.46,-1.15,0.28
2026-04-09,PACB,1.47,1.35,1.47,1.35,5580315,7802524.0,8.16,-8.16,-0.12,1.85
2026-04-09,PACH,10.17,10.17,10.17,10.17,50,507.0,0.0,0.0,0.0,0.0
2026-04-09,PACHW,0.216,0.212,0.22,0.212,13816,3035.0,3.88,2.91,0.006,0.0
2026-04-09,PACK,3.68,3.83,3.83,3.66,299823,1139115.0,4.55,2.41,0.09,0.35
2026-04-09,PACS,35.21,35.97,36.66,35.075,637410,22951019.0,4.48,1.67,0.59,0.41
2026-04-09,PAG,151.9,155.15,155.92,149.47,218081,33756480.0,4.21,1.23,1.89,0.33
2026-04-09,PAGP,23.55,23.61,23.97,23.46,2340867,55386820.0,2.17,0.51,0.12,1.18
2026-04-09,PAGS,10.79,10.65,10.91,10.425,4280797,45632677.0,4.51,-1.02,-0.11,2.31
2026-04-09,PAHC,58.39,59.09,59.505,57.55,216287,12741595.0,3.33,0.73,0.43,1.05
2026-04-09,PAI,12.29,12.25,12.31,12.21,24356,298221.0,0.82,0.0,0.0,0.0
2026-04-09,PAII,10.15,10.15,10.15,10.15,3,30.0,0.0,0.0,0.0,0.0
2026-04-09,PAL,6.98,6.97,7.05,6.94,140242,980146.0,1.58,-0.14,-0.01,0.51
2026-04-09,PALC,53.21,53.59,53.696,53.21,11432,612522.0,0.91,0.39,0.21,0.0
2026-04-09,PALD,25.17,25.477,25.83,25.17,3584,91452.0,2.69,3.95,0.968,0.0
2026-04-09,PALI,1.88,1.98,2.02,1.88,3394312,6673150.0,7.49,5.88,0.11,2.05
2026-04-09,PALL,141.195,141.65,142.4,139.14,172868,24380384.0,2.29,-0.55,-0.78,0.0
2026-04-09,PALOU,9.98,9.98,9.98,9.98,239,2385.0,0.0,0.0,0.0,0.0
2026-04-09,PALU,14.71,13.567,14.76,13.13,83751,1140928.0,11.07,-7.9,-1.163,0.0
2026-04-09,PAM,88.0,86.6,89.03,86.51,227821,19908696.0,2.87,-1.31,-1.15,0.42
2026-04-09,PAMC,50.31,50.627,50.84,50.31,2403,121762.0,1.05,0.55,0.277,0.0
2026-04-09,PAMT,9.54,9.76,9.965,9.21,12533,120625.0,7.96,2.85,0.27,0.06
2026-04-09,PANG,9.14,8.34,9.14,8.11,70509,587813.0,11.35,-8.13,-0.738,0.0
2026-04-09,PANL,7.54,7.45,7.57,7.4,342959,2561517.0,2.25,-1.19,-0.09,0.53
2026-04-09,PANW,174.14,166.99,174.98,164.3,10583735,1766189328.0,6.15,-3.91,-6.79,1.31
2026-04-09,PAPI,27.53,27.41,27.6,27.41,62211,1709987.0,0.69,-0.4,-0.11,0.0
2026-04-09,PAPL,0.625,0.584,0.65,0.58,122267,73178.0,11.27,-5.96,-0.037,0.47
2026-04-09,PAPR,40.49,40.72,40.79,40.49,98444,4008210.0,0.74,0.25,0.1,0.0
2026-04-09,PAR,12.42,12.01,12.608,11.83,2176051,26246376.0,6.14,-5.28,-0.67,5.28
2026-04-09,PARK,17.85,17.81,18.43,17.8,14949,269353.0,3.52,-0.56,-0.1,0.33
2026-04-09,PARR,61.62,59.46,62.8,58.18,1383339,82680745.0,7.61,-2.06,-1.25,2.8
2026-04-09,PASG,9.26,11.19,11.3,8.965,128167,1380074.0,25.13,20.45,1.9,4.0
2026-04-09,PASW,0.149,0.148,0.155,0.145,559679,83864.0,6.8,0.68,0.001,0.45
2026-04-09,PATH,10.32,9.94,10.41,9.73,33751124,334731648.0,6.54,-4.33,-0.45,7.35
2026-04-09,PATK,119.28,118.59,120.87,116.95,407326,48457472.0,3.24,-2.06,-2.5,1.23
2026-04-09,PATN,30.06,30.327,30.43,29.925,11274,339576.0,1.66,-0.43,-0.131,0.0
2026-04-09,PATX,7.98,7.29,7.98,6.93,138866,1013342.0,13.34,-7.37,-0.58,0.0
2026-04-09,PAUG,43.712,43.75,43.8,43.712,47876,2095917.0,0.2,0.3,0.13,0.0
2026-04-09,PAVE,53.6,54.585,54.885,53.6,1701092,92641662.0,2.38,1.29,0.695,0.0
2026-04-09,PAVM,9.62,9.745,9.745,9.5,4428,42587.0,2.49,-0.97,-0.095,0.07
2026-04-09,PAVS,1.88,1.91,1.91,1.77,48950,92212.0,7.53,2.69,0.05,4.78
2026-04-09,PAWZ,52.31,52.71,52.82,52.25,1751,92091.0,1.08,0.08,0.04,0.0
2026-04-09,PAX,12.22,12.45,12.525,12.175,582312,7224067.0,2.82,0.48,0.06,0.88
2026-04-09,PAXS,14.51,14.46,14.614,14.39,234227,3392093.0,1.54,-0.89,-0.13,0.0
2026-04-09,PAY,24.79,24.96,25.06,24.2,399997,9926979.0,3.45,0.08,0.02,0.64
2026-04-09,PAYC,116.59,114.84,117.13,112.84,1106373,126625056.0,3.64,-2.54,-2.99,2.32
2026-04-09,PAYH,23.37,23.06,23.55,23.06,12711,297745.0,2.16,1.44,0.327,0.0
2026-04-09,PAYM,24.07,24.211,24.73,23.67,31042,753006.0,4.33,-1.06,-0.259,0.0
2026-04-09,PAYO,4.66,4.56,4.716,4.38,7256290,32732502.0,7.23,-1.94,-0.09,2.1
2026-04-09,PAYP,20.25,21.16,21.2,20.2,1065835,22079621.0,4.91,3.93,0.8,0.16
2026-04-09,PAYR,54.73,54.809,54.92,54.73,25471,1397609.0,0.35,0.31,0.17,0.0
2026-04-09,PAYS,5.99,5.53,5.99,5.49,1067861,6104739.0,8.36,-7.53,-0.45,1.94
2026-04-09,PAYX,89.13,87.86,89.21,86.84,3493088,306728992.0,2.64,-2.26,-2.03,0.97
2026-04-09,PB,68.18,69.6,69.97,67.85,1082981,75114315.0,3.09,1.53,1.05,1.07
2026-04-09,PBA,44.69,44.65,45.56,44.6,1262617,56660656.0,2.15,-0.09,-0.04,0.22
2026-04-09,PBAP,29.985,30.07,30.09,29.97,59024,1774425.0,0.4,0.32,0.097,0.0
2026-04-09,PBAU,30.32,30.295,30.33,30.295,32938,998981.0,0.12,0.31,0.094,0.0
2026-04-09,PBD,18.6,18.69,18.8,18.525,26296,491674.0,1.48,0.46,0.085,0.0
2026-04-09,PBDC,26.68,26.66,26.73,26.44,80617,2143588.0,1.08,-0.41,-0.11,0.0
2026-04-09,PBDE,29.54,29.656,29.69,29.54,33996,1009240.0,0.51,0.33,0.098,0.0
2026-04-09,PBE,79.6,80.097,80.36,79.53,4085,326743.0,1.03,-0.16,-0.127,0.0
2026-04-09,PBEU,29.32,29.691,29.83,29.32,99174,2947042.0,1.72,-0.12,-0.035,0.0
2026-04-09,PBF,43.14,40.55,44.25,39.775,3899113,160932808.0,10.4,-5.76,-2.48,3.32
2026-04-09,PBFB,30.71,30.697,30.72,30.697,32403,995416.0,0.08,0.34,0.104,0.0
2026-04-09,PBFR,29.17,29.54,29.59,29.17,398202,11771257.0,1.42,0.17,0.05,0.0
2026-04-09,PBFS,14.16,14.39,14.39,13.92,10201,145136.0,3.31,1.41,0.2,0.04
2026-04-09,PBH,54.93,56.76,57.0,54.93,586325,33080999.0,3.73,2.16,1.2,1.24
2026-04-09,PBHC,13.025,13.51,13.51,12.864,2758,36649.0,4.72,-1.39,-0.19,0.06
2026-04-09,PBI,11.0,11.41,11.43,11.0,1925429,21781829.0,3.9,3.45,0.38,1.34
2026-04-09,PBI_B,19.36,19.53,19.54,19.36,9589,186608.0,0.93,0.57,0.11,0.0
2026-04-09,PBJ,50.28,50.64,50.69,50.28,22021,1115665.0,0.81,0.51,0.259,0.0
2026-04-09,PBJA,31.0,31.094,31.12,31.0,36557,1137180.0,0.39,0.34,0.106,0.0
2026-04-09,PBJL,30.17,30.325,30.38,30.17,36972,1122759.0,0.69,0.28,0.084,0.0
2026-04-09,PBJN,30.37,30.405,30.43,30.37,40128,1220778.0,0.2,0.26,0.08,0.0
2026-04-09,PBL,30.89,30.889,30.91,30.889,2286,70637.0,0.07,0.43,0.131,0.0
2026-04-09,PBM,2.48,2.5,2.57,2.41,24653,61806.0,6.43,0.4,0.01,2.41
2026-04-09,PBMR,30.965,30.961,30.969,30.95,32854,1017159.0,0.06,0.31,0.096,0.0
2026-04-09,PBMY,30.53,30.53,30.55,30.53,37817,1154586.0,0.07,0.1,0.03,0.0
2026-04-09,PBNV,29.57,29.564,29.59,29.564,33533,992238.0,0.09,0.34,0.101,0.0
2026-04-09,PBOC,29.21,29.418,29.44,29.21,46867,1379161.0,0.78,0.27,0.078,0.0
2026-04-09,PBOG,33.8,33.288,34.058,33.18,116275,3882014.0,2.61,-0.93,-0.313,0.0
2026-04-09,PBOT,24.672,24.672,24.672,24.672,43,1074.0,0.0,-1.05,-0.261,0.0
2026-04-09,PBP,22.35,22.37,22.43,22.345,31813,712507.0,0.38,0.0,0.0,0.0
2026-04-09,PBPH,25.62,25.818,25.97,25.62,158074,4084987.0,1.36,0.03,0.009,0.0
2026-04-09,PBQQ,29.22,29.33,29.33,29.165,200320,5867283.0,0.57,0.46,0.134,0.0
2026-04-09,PBR,20.37,20.69,20.97,20.31,30718772,634597232.0,3.3,3.55,0.71,0.83
2026-04-09,PBRG,44.54,45.745,46.85,44.54,10293,472901.0,5.42,7.33,3.125,0.0
2026-04-09,PBR_A,18.59,18.89,19.095,18.56,13113597,247425421.0,2.93,3.62,0.66,0.0
2026-04-09,PBSE,29.67,29.762,29.79,29.67,34120,1016404.0,0.4,0.36,0.107,0.0
2026-04-09,PBT,21.74,21.28,22.04,21.08,190262,4087819.0,4.44,-1.57,-0.34,0.41
2026-04-09,PBTP,26.2,26.213,26.215,26.19,6432,168534.0,0.1,0.09,0.023,0.0
2026-04-09,PBUS,67.58,68.09,68.17,67.5,61096,4152734.0,0.99,0.58,0.39,0.0
2026-04-09,PBW,32.29,32.58,32.99,32.29,260980,8536248.0,2.15,0.18,0.06,0.0
2026-04-09,PBYI,7.42,7.8,7.845,7.38,338305,2598425.0,6.19,3.86,0.29,0.66
2026-04-09,PCAP,10.19,10.19,10.19,10.19,68559,698616.0,0.0,0.0,0.0,0.27
2026-04-09,PCAPU,9.9,10.25,10.3,9.9,34051,348929.0,3.9,0.0,0.0,0.0
2026-04-09,PCAPW,0.27,0.27,0.27,0.26,11060,2957.0,3.7,0.0,0.0,0.0
2026-04-09,PCAR,124.18,127.05,127.3,123.723,2331812,295084400.0,2.88,2.3,2.86,0.44
2026-04-09,PCB,23.56,24.4,24.5,23.56,27811,675159.0,3.95,2.52,0.6,0.2
2026-04-09,PCCE,12.435,12.515,12.515,12.435,1247,15517.0,0.64,-0.53,-0.067,0.0
2026-04-09,PCEF,19.39,19.52,19.52,19.368,89856,1748796.0,0.78,0.57,0.11,0.0
2026-04-09,PCF,5.56,5.58,5.58,5.546,25090,139677.0,0.61,0.9,0.05,0.0
2026-04-09,PCFI,22.805,22.805,22.805,22.805,2,46.0,0.0,0.11,0.025,0.0
2026-04-09,PCG,18.32,18.63,18.92,18.285,17568433,328562992.0,3.45,1.31,0.24,0.8
2026-04-09,PCGG,10.39,10.4,10.42,10.36,1623,16886.0,0.57,-0.57,-0.06,0.0
2026-04-09,PCG_A,22.54,22.6,22.7,22.51,3125,70596.0,0.84,0.4,0.09,0.0
2026-04-09,PCG_B,20.23,20.18,20.23,20.18,525,10615.0,0.24,-1.99,-0.41,0.0
2026-04-09,PCG_C,18.42,18.42,18.42,18.42,7,146.0,0.0,0.0,0.0,0.0
2026-04-09,PCG_D,18.33,18.33,18.33,18.33,41,768.0,0.0,0.0,0.0,0.0
2026-04-09,PCG_E,18.8,18.8,18.8,18.8,405,7622.0,0.0,2.62,0.48,0.0
2026-04-09,PCG_G,18.0,17.99,18.0,17.99,5991,107835.0,0.06,-0.06,-0.01,0.0
2026-04-09,PCG_H,16.7,16.7,16.7,16.7,369,6219.0,0.0,0.0,0.0,0.0
2026-04-09,PCG_I,17.28,17.28,17.28,17.28,624,10779.0,0.0,-0.97,-0.17,0.0
2026-04-09,PCHI,24.68,24.725,24.725,24.68,445,11029.0,0.18,0.14,0.035,0.0
2026-04-09,PCI,50.353,50.353,50.353,50.353,1,50.0,0.0,0.36,0.182,0.0
2026-04-09,PCIG,8.27,8.365,8.38,8.24,17192,143726.0,1.67,0.04,0.003,0.0
2026-04-09,PCL,49.976,49.976,49.976,49.976,2,100.0,0.0,-0.04,-0.021,0.0
2026-04-09,PCLA,2.23,2.26,2.32,2.23,1784,4090.0,3.86,-3.0,-0.07,0.04
2026-04-09,PCLG,20.84,20.934,20.94,20.81,3483,72792.0,0.62,-0.48,-0.101,0.0
2026-04-09,PCLN,27.344,27.344,27.344,27.344,44,1205.0,0.0,0.75,0.204,0.0
2026-04-09,PCLO,24.935,24.935,24.95,24.935,519,12959.0,0.06,0.0,0.0,0.0
2026-04-09,PCM,5.78,5.76,5.79,5.74,27365,157570.0,0.87,0.0,0.0,0.0
2026-04-09,PCMM,49.53,49.33,49.6,49.17,38441,1899481.0,0.88,0.41,0.2,0.0
2026-04-09,PCN,12.18,12.12,12.2,12.1,280484,3401434.0,0.82,-0.16,-0.02,0.0
2026-04-09,PCOR,54.32,49.92,54.32,49.84,3436794,174151313.0,8.19,-8.71,-4.76,2.29
2026-04-09,PCQ,8.7,8.75,8.8,8.69,343741,3006297.0,1.26,0.46,0.04,0.0
2026-04-09,PCR,20.077,20.077,20.077,20.077,63,1265.0,0.0,-0.18,-0.037,0.0
2026-04-09,PCRB,46.6,46.645,46.67,46.6,442,20621.0,0.15,0.03,0.015,0.0
2026-04-09,PCRX,23.34,23.82,23.84,22.99,278065,6598216.0,3.66,2.45,0.57,0.69
2026-04-09,PCS,50.175,50.175,50.175,50.175,135,6776.0,0.0,0.1,0.05,0.0
2026-04-09,PCSA,2.96,2.97,3.135,2.861,50281,150049.0,9.07,-1.66,-0.05,1.89
2026-04-09,PCSC,10.93,10.93,10.99,10.89,40482,443443.0,0.91,-0.09,-0.01,0.45
2026-04-09,PCT,5.47,5.45,5.59,5.36,3518929,19196154.0,4.17,-1.27,-0.07,1.95
2026-04-09,PCTTU,6.2,6.2,6.2,6.2,26,145.0,0.0,0.0,0.0,0.0
2026-04-09,PCTTW,0.87,0.88,0.88,0.87,1215,1055.0,1.16,2.33,0.02,0.0
2026-04-09,PCTY,101.57,95.18,101.88,93.27,1737429,165691412.0,8.41,-7.07,-7.24,3.22
2026-04-09,PCVX,59.93,61.69,61.9,58.985,1213142,74354146.0,4.85,2.65,1.59,0.84
2026-04-09,PCY,21.36,21.46,21.535,21.315,656813,14091410.0,1.03,0.47,0.1,0.0
2026-04-09,PCYO,10.71,11.85,12.0,10.28,78464,912088.0,14.65,0.94,0.11,0.33
2026-04-09,PD,6.12,6.07,6.175,5.82,3411333,20410680.0,5.69,-2.72,-0.17,4.01
2026-04-09,PDBA,35.9,35.84,35.97,35.701,153071,5480740.0,0.75,0.03,0.01,0.0
2026-04-09,PDBC,17.18,17.12,17.255,16.945,11989865,205582841.0,1.82,0.65,0.11,0.0
2026-04-09,PDC,5.2,5.04,5.2,5.04,700549,3793461.0,3.17,-0.2,-0.01,22.96
2026-04-09,PDCC,10.7,10.67,10.9,10.65,3393,36540.0,2.33,-0.42,-0.045,0.05
2026-04-09,PDD,102.88,100.57,103.87,99.05,7867874,791205312.0,4.65,-3.07,-3.18,0.55
2026-04-09,PDDL,21.69,20.959,21.8,20.44,9035,190235.0,6.1,-6.06,-1.351,0.0
2026-04-09,PDEC,43.39,43.58,43.65,43.39,60776,2649140.0,0.6,0.37,0.16,0.0
2026-04-09,PDEX,49.2,50.87,50.96,48.69,18057,904387.0,4.64,3.88,1.9,0.56
2026-04-09,PDFS,36.75,37.91,38.01,36.625,290806,10964314.0,3.75,2.6,0.96,0.73
2026-04-09,PDI,17.51,17.59,17.59,17.48,2317817,40670019.0,0.63,0.46,0.08,0.0
2026-04-09,PDLB,17.45,17.82,17.84,17.3,77682,1374247.0,3.08,1.77,0.31,0.32
2026-04-09,PDM,6.72,6.74,6.745,6.56,1579865,10543247.0,2.72,-0.74,-0.05,1.26
2026-04-09,PDN,45.16,45.496,45.64,45.16,21093,961766.0,1.05,-0.12,-0.054,0.0
2026-04-09,PDO,13.35,13.36,13.38,13.285,522900,6971483.0,0.71,0.45,0.06,0.0
2026-04-09,PDP,130.33,130.489,131.24,129.716,23373,3052949.0,1.18,0.88,1.142,0.0
2026-04-09,PDS,93.61,92.61,95.04,91.97,89614,8340040.0,3.29,-0.68,-0.63,0.69
2026-04-09,PDSB,1.0,1.07,1.1,0.951,1616489,1684276.0,15.05,8.08,0.08,2.9
2026-04-09,PDT,13.36,13.43,13.43,13.35,100074,1339458.0,0.6,0.75,0.1,0.0
2026-04-09,PDX,21.36,21.18,21.81,21.12,107400,2292200.0,3.23,-0.8,-0.17,0.24
2026-04-09,PDYN,6.44,6.43,6.57,6.365,614190,3966325.0,3.18,-0.31,-0.02,1.32
2026-04-09,PDYNW,0.079,0.074,0.079,0.071,8165,609.0,10.96,1.37,0.001,0.0
2026-04-09,PEB,13.32,13.64,13.915,13.285,3456102,47252106.0,4.71,1.94,0.26,3.05
2026-04-09,PEBK,41.43,41.96,41.98,41.27,62490,2609632.0,1.71,1.33,0.55,1.14
2026-04-09,PEBO,33.9,34.68,34.89,33.87,357132,12350278.0,2.99,1.58,0.54,0.99
2026-04-09,PEB_E,19.88,19.86,20.52,19.85,5149,102552.0,3.36,-0.4,-0.08,0.12
2026-04-09,PEB_F,20.0,20.25,20.25,19.81,4549,90909.0,2.18,0.15,0.03,0.08
2026-04-09,PEB_G,20.0,20.04,20.29,19.99,3888,78023.0,1.51,0.8,0.16,0.04
2026-04-09,PEB_H,18.412,18.0,18.412,18.0,3453,62711.0,2.3,0.5,0.09,0.04
2026-04-09,PECO,37.92,38.59,38.71,37.81,780454,30077223.0,2.37,1.42,0.54,0.62
2026-04-09,PED,16.0,16.02,17.111,15.82,30019,489660.0,8.07,0.13,0.02,0.23
2026-04-09,PEG,82.7,83.93,84.47,82.7,2807574,235921339.0,2.14,1.49,1.23,0.56
2026-04-09,PEGA,40.81,39.87,40.81,38.77,2059247,81403340.0,4.95,-3.23,-1.33,1.22
2026-04-09,PEJ,60.47,60.85,61.12,59.73,8106,492545.0,2.28,0.02,0.01,0.0
2026-04-09,PEMX,74.97,75.697,75.8,74.97,1169,88120.0,1.09,-0.28,-0.211,0.0
2026-04-09,PEN,330.75,329.52,330.75,328.86,502991,165707223.0,0.57,-0.47,-1.56,1.28
2026-04-09,PENG,21.94,22.85,22.93,21.89,971283,21960706.0,4.7,3.3,0.73,1.91
2026-04-09,PENN,15.22,15.66,15.71,15.06,2538368,39434956.0,4.24,2.15,0.33,1.9
2026-04-09,PEO,26.67,26.27,26.87,26.21,77342,2046780.0,2.49,-1.05,-0.28,0.0
2026-04-09,PEP,153.7,157.49,158.01,153.25,4339799,681683264.0,3.07,1.74,2.69,0.32
2026-04-09,PEPG,1.63,1.61,1.711,1.61,1244870,2044283.0,6.08,-3.01,-0.05,1.8
2026-04-09,PEPS,29.225,29.225,29.225,29.225,189,5585.0,0.0,0.54,0.158,0.0
2026-04-09,PERF,1.63,1.63,1.66,1.62,111496,182658.0,2.44,-0.61,-0.01,0.13
2026-04-09,PERF_WS,0.014,0.014,0.014,0.008,24228,296.0,40.0,-6.67,-0.001,0.0
2026-04-09,PERI,9.79,9.63,9.84,9.474,168879,1624895.0,3.74,-1.63,-0.16,0.43
2026-04-09,PESI,12.09,11.99,12.34,11.79,99002,1193452.0,4.5,-1.96,-0.24,0.53
2026-04-09,PETS,2.28,2.31,2.32,2.24,48617,111388.0,3.45,-0.43,-0.01,0.23
2026-04-09,PETZ,1.15,1.15,1.15,1.15,1006,1167.0,0.0,-4.96,-0.06,0.01
2026-04-09,PEVC,27.135,27.135,27.135,27.135,42,1161.0,0.0,0.28,0.075,0.0
2026-04-09,PEW,2.85,2.86,2.88,2.795,193541,548713.0,2.95,-0.69,-0.02,0.66
2026-04-09,PEW_WS,0.4,0.44,0.44,0.4,6522,2618.0,9.52,4.76,0.02,0.0
2026-04-09,PEX,21.88,21.892,21.925,21.88,510,11176.0,0.2,-0.53,-0.116,0.0
2026-04-09,PEXL,62.66,62.838,62.99,62.66,989,62044.0,0.53,0.94,0.585,0.0
2026-04-09,PEY,21.39,21.522,21.55,21.31,603354,12950199.0,1.12,0.2,0.042,0.0
2026-04-09,PEZ,100.652,100.75,101.0,100.652,523,52711.0,0.35,0.83,0.831,0.0
2026-04-09,PFAI,3.6,3.61,3.76,3.6,3623,13518.0,4.3,-2.96,-0.11,0.09
2026-04-09,PFBC,92.16,94.7,94.89,91.74,82162,7716470.0,3.4,2.1,1.95,0.67
2026-04-09,PFD,11.365,11.4,11.43,11.35,28322,322596.0,0.7,0.18,0.02,0.0
2026-04-09,PFDE,24.62,24.845,24.89,24.62,13210,326588.0,1.1,0.92,0.226,0.0
2026-04-09,PFE,27.21,27.22,27.5,27.18,27047559,738349824.0,1.16,-0.91,-0.25,0.48
2026-04-09,PFEB,40.95,41.12,41.13,40.87,25975,1066439.0,0.63,0.35,0.145,0.0
2026-04-09,PFF,30.67,30.84,30.84,30.66,2751823,84659531.0,0.59,0.33,0.1,0.0
2026-04-09,PFFA,21.02,21.14,21.145,20.975,1225371,25809090.0,0.81,0.52,0.11,0.0
2026-04-09,PFFD,18.65,18.77,18.77,18.63,862779,16149134.0,0.75,0.59,0.11,0.0
2026-04-09,PFFL,7.96,7.983,8.02,7.95,3425,27322.0,0.88,0.04,0.003,0.0
2026-04-09,PFFR,17.35,17.5,17.59,17.35,54225,949042.0,1.38,0.63,0.11,0.0
2026-04-09,PFFV,21.93,22.063,22.07,21.93,39516,870417.0,0.64,0.16,0.036,0.0
2026-04-09,PFG,93.48,92.32,94.5,92.175,1766459,164468063.0,2.47,-2.0,-1.88,0.82
2026-04-09,PFGC,87.08,88.81,89.34,87.01,1133759,100537985.0,2.66,1.21,1.06,0.72
2026-04-09,PFH,16.92,16.91,16.99,16.795,31173,527193.0,1.15,-0.06,-0.01,0.0
2026-04-09,PFI,56.35,56.048,56.35,56.048,303,17079.0,0.54,0.45,0.249,0.0
2026-04-09,PFIG,24.14,24.15,24.17,24.05,115564,2790489.0,0.5,0.23,0.055,0.0
2026-04-09,PFIS,56.47,58.22,58.37,56.31,41453,2385392.0,3.62,2.19,1.25,0.41
2026-04-09,PFIX,45.07,45.23,45.79,44.48,1168010,52596630.0,2.91,0.36,0.16,0.0
2026-04-09,PFL,8.05,8.09,8.11,8.05,131084,1059384.0,0.74,0.0,0.0,0.0
2026-04-09,PFLD,19.55,19.61,19.62,19.54,57912,1133973.0,0.41,-0.15,-0.03,0.0
2026-04-09,PFLT,8.44,8.37,8.48,8.37,728652,6131597.0,1.3,-0.83,-0.07,0.73
2026-04-09,PFM,52.46,52.738,52.85,52.38,19182,1011167.0,0.89,0.41,0.213,0.0
2026-04-09,PFN,7.05,7.08,7.08,7.025,402731,2842195.0,0.78,0.71,0.05,0.0
2026-04-09,PFOE,23.07,23.22,23.24,22.97,15404,355963.0,1.17,0.25,0.057,0.0
2026-04-09,PFRL,49.02,48.99,49.07,48.925,121134,5943212.0,0.3,0.06,0.028,0.0
2026-04-09,PFS,21.98,22.46,22.68,21.915,1379670,30957266.0,3.47,1.81,0.4,1.06
2026-04-09,PFSA,1.14,1.05,1.3,1.03,1350813,1561631.0,22.13,-13.93,-0.17,99.37
2026-04-09,PFSI,90.81,91.77,92.885,89.8,1234592,113187999.0,3.37,0.17,0.16,2.37
2026-04-09,PFUT,24.26,24.41,24.48,24.26,1861,45419.0,0.9,0.0,0.0,0.0
2026-04-09,PFX,41.08,41.08,41.08,41.08,209,8373.0,0.0,0.0,0.0,0.01
2026-04-09,PFXF,17.84,17.89,17.925,17.81,473023,8451494.0,0.64,0.28,0.05,0.0
2026-04-09,PFXNZ,23.71,23.75,23.75,23.71,2589,61446.0,0.17,0.08,0.02,0.0
2026-04-09,PG,144.39,146.66,146.94,143.0,6794840,993487136.0,2.72,1.21,1.76,0.29
2026-04-09,PGAC,10.49,10.49,10.49,10.49,10907,114414.0,0.0,0.0,0.0,0.12
2026-04-09,PGC,37.62,38.79,38.9,37.62,119757,4629278.0,3.39,2.65,1.0,0.68
2026-04-09,PGEN,4.06,4.27,4.295,4.02,2596145,10910301.0,6.67,3.64,0.15,0.73
2026-04-09,PGF,13.99,14.05,14.05,13.99,58408,818776.0,0.43,0.31,0.043,0.0
2026-04-09,PGHY,19.76,19.737,19.78,19.69,34586,682155.0,0.45,-0.27,-0.053,0.0
2026-04-09,PGJ,26.24,26.11,26.27,25.95,11835,308952.0,1.21,-1.05,-0.276,0.0
2026-04-09,PGNY,16.86,16.53,16.88,16.41,1192156,19776137.0,2.78,-2.36,-0.4,1.52
2026-04-09,PGP,8.71,8.79,8.83,8.62,21382,187068.0,2.43,1.62,0.14,0.0
2026-04-09,PGR,196.51,199.88,200.33,196.21,2398467,478487200.0,2.08,0.9,1.79,0.41
2026-04-09,PGRO,42.06,42.383,42.54,41.96,22099,931992.0,1.38,0.8,0.336,0.0
2026-04-09,PGX,11.1,11.13,11.14,11.071,1959307,21766036.0,0.62,0.27,0.03,0.0
2026-04-09,PGY,12.0,11.94,12.16,11.52,3645952,42988100.0,5.17,-3.48,-0.43,5.12
2026-04-09,PGYWW,0.045,0.044,0.046,0.043,35571,1544.0,6.12,-10.2,-0.005,0.0
2026-04-09,PGZ,10.19,10.2,10.24,10.12,15184,154742.0,1.19,0.79,0.08,0.0
2026-04-09,PH,964.03,982.99,991.59,964.03,559768,550018112.0,2.85,1.75,16.94,0.44
2026-04-09,PHAR,16.91,16.98,17.53,16.91,1390,23881.0,3.65,0.0,0.0,0.0
2026-04-09,PHAT,11.64,12.64,12.77,11.59,1676074,20831517.0,9.99,7.03,0.83,2.11
2026-04-09,PHDG,38.83,38.759,38.83,38.759,1343,52146.0,0.18,0.23,0.088,0.0
2026-04-09,PHEQ,32.681,32.87,32.93,32.681,25921,852166.0,0.76,0.54,0.175,0.0
2026-04-09,PHG,27.93,28.13,28.34,27.75,1101123,30942868.0,2.1,0.29,0.08,0.12
2026-04-09,PHGE,2.85,2.99,3.0,2.5,119428,328775.0,17.24,3.1,0.09,1.83
2026-04-09,PHI,20.97,20.9,21.04,20.71,87315,1824304.0,1.58,-0.19,-0.04,0.04
2026-04-09,PHIN,72.39,74.03,74.67,72.39,330035,24351579.0,3.13,1.75,1.27,0.88
2026-04-09,PHIO,1.25,1.25,1.28,1.25,60628,76310.0,2.31,-3.85,-0.05,0.52
2026-04-09,PHK,4.69,4.72,4.72,4.64,571834,2677382.0,1.7,0.43,0.02,0.0
2026-04-09,PHM,119.32,122.23,123.05,119.16,1934278,235786160.0,3.23,1.49,1.79,1.01
2026-04-09,PHO,68.91,69.7,69.91,68.89,58869,4091372.0,1.47,0.62,0.43,0.0
2026-04-09,PHOE,14.51,14.51,14.51,14.51,240,3310.0,0.0,0.0,0.0,0.0
2026-04-09,PHR,8.61,8.09,8.64,8.01,2200715,18083967.0,7.2,-7.54,-0.66,3.62
2026-04-09,PHUN,1.86,1.86,1.89,1.84,111722,208312.0,2.69,0.0,0.0,0.55
2026-04-09,PHVS,27.56,27.07,28.25,26.85,105956,2885143.0,5.08,-1.78,-0.49,0.16
2026-04-09,PHXE_,25.25,24.6,25.25,24.2,16863,419806.0,4.33,1.55,0.375,0.62
2026-04-09,PHYD,50.805,50.79,50.805,50.79,377,19150.0,0.03,0.28,0.14,0.0
2026-04-09,PHYL,35.13,35.16,35.22,35.07,133010,4676804.0,0.43,0.27,0.095,0.0
2026-04-09,PHYS,35.97,36.14,36.4,35.96,3845156,139268136.0,1.23,0.95,0.34,0.0
2026-04-09,PI,106.0,105.47,107.77,104.69,238536,25260309.0,2.92,-0.14,-0.15,0.78
2026-04-09,PICB,23.52,23.63,23.671,23.51,94004,2219483.0,0.68,0.17,0.04,0.0
2026-04-09,PICK,60.64,60.88,61.28,60.44,1072320,65364757.0,1.38,0.3,0.18,0.0
2026-04-09,PICS,12.06,11.84,12.06,11.45,803838,9504081.0,5.13,-0.5,-0.06,1.86
2026-04-09,PID,22.66,22.69,22.725,22.6,64610,1464214.0,0.55,-0.48,-0.11,0.0
2026-04-09,PIE,27.6,28.09,28.185,27.49,106031,2952573.0,2.5,1.13,0.315,0.0
2026-04-09,PIEQ,35.05,35.37,35.39,34.96,29081,1023211.0,1.21,-0.25,-0.09,0.0
2026-04-09,PIFI,94.335,94.335,94.335,94.335,603,56889.0,0.0,-0.02,-0.019,0.0
2026-04-09,PII,54.95,56.46,57.04,54.63,893093,50227789.0,4.35,1.95,1.08,1.58
2026-04-09,PIII,2.77,2.64,2.77,2.62,6120,16350.0,5.45,-4.0,-0.11,0.19
2026-04-09,PILL,10.98,11.68,11.75,10.935,46416,533020.0,7.34,5.23,0.58,0.0
2026-04-09,PIM,3.258,3.26,3.26,3.25,20523,66883.0,0.3,-0.61,-0.02,0.0
2026-04-09,PINE,18.71,19.16,19.22,18.606,160243,3050964.0,3.28,2.41,0.45,0.98
2026-04-09,PINE_A,25.15,25.11,25.15,25.1,2809,70526.0,0.2,0.0,0.0,0.13
2026-04-09,PINK,34.36,34.39,34.56,34.13,113594,3903176.0,1.25,0.12,0.04,0.0
2026-04-09,PINS,18.0,17.94,18.1,17.645,13765178,246177442.0,2.51,-0.88,-0.16,2.77
2026-04-09,PIO,45.435,45.768,45.99,45.325,19804,904606.0,1.46,0.23,0.104,0.0
2026-04-09,PIPE,29.465,29.465,29.465,29.465,497,14632.0,0.0,1.01,0.294,0.0
2026-04-09,PIPR,80.86,83.25,83.8,80.5,752820,62452346.0,4.05,2.07,1.69,1.06
2026-04-09,PIT,70.13,71.21,71.975,70.13,38071,2705064.0,2.62,0.96,0.68,0.0
2026-04-09,PIZ,53.57,54.135,54.392,53.31,79683,4303330.0,2.02,0.94,0.506,0.0
2026-04-09,PJAN,47.05,47.28,47.32,47.033,113469,5355997.0,0.61,0.25,0.12,0.0
2026-04-09,PJBF,59.626,59.626,59.626,59.626,7,465.0,0.0,0.62,0.366,0.0
2026-04-09,PJFG,102.01,102.212,102.348,101.47,1673,170683.0,0.86,0.55,0.555,0.0
2026-04-09,PJFM,65.112,65.112,65.112,65.112,2,130.0,0.0,0.82,0.527,0.0
2026-04-09,PJFV,88.3,88.548,88.76,88.08,2343,207659.0,0.77,0.89,0.784,0.0
2026-04-09,PJIO,58.865,59.578,59.7,58.865,1819,107714.0,1.4,-0.28,-0.167,0.0
2026-04-09,PJP,103.93,105.442,105.78,103.93,13274,1392289.0,1.77,0.74,0.772,0.0
2026-04-09,PJT,148.12,150.0,150.935,145.44,224546,33506359.0,3.74,2.22,3.26,0.93
2026-04-09,PJUL,46.88,47.07,47.15,46.871,45337,2131470.0,0.6,0.43,0.2,0.0
2026-04-09,PJUN,42.45,42.61,42.61,42.45,2845,121016.0,0.38,0.33,0.139,0.0
2026-04-09,PK,10.83,11.18,11.285,10.773,4104992,45777987.0,4.71,2.85,0.31,2.04
2026-04-09,PKB,102.71,104.55,105.04,102.71,37952,3964048.0,2.26,1.33,1.37,0.0
2026-04-09,PKBK,29.15,29.8,29.92,29.15,212764,6307092.0,2.64,2.23,0.65,1.81
2026-04-09,PKE,30.61,31.62,31.68,30.25,303127,9492403.0,4.71,4.05,1.23,1.52
2026-04-09,PKG,209.12,208.12,210.85,205.62,830246,173015754.0,2.48,-1.39,-2.93,0.93
2026-04-09,PKOH,25.04,26.46,26.46,25.04,29049,751232.0,5.61,4.46,1.13,0.2
2026-04-09,PKST,20.91,20.91,20.94,20.91,164272,3437508.0,0.14,-0.05,-0.01,0.44
2026-04-09,PKW,135.54,136.38,136.7,135.528,19698,2681998.0,0.86,0.18,0.247,0.0
2026-04-09,PKX,62.48,63.53,63.94,62.235,190163,12059012.0,2.7,0.67,0.42,0.06
2026-04-09,PL,36.5,34.23,37.17,33.94,11314507,399124512.0,8.84,-6.35,-2.32,3.51
2026-04-09,PLAB,43.32,44.48,44.79,43.22,1153129,51066992.0,3.63,2.75,1.19,1.96
2026-04-09,PLAG,1.38,1.37,1.48,1.36,2291,3248.0,8.76,0.0,0.0,0.02
2026-04-09,PLAY,12.94,13.48,13.83,12.84,1177658,15900719.0,7.59,3.3,0.43,3.39
2026-04-09,PLBC,50.66,51.62,51.9,50.5,131560,6774662.0,2.75,1.41,0.72,1.89
2026-04-09,PLBL,8.9,8.96,8.96,8.82,1339,11711.0,1.57,0.67,0.06,0.0
2026-04-09,PLBY,1.57,1.6,1.615,1.561,476036,760089.0,3.42,1.27,0.02,0.41
2026-04-09,PLCE,3.44,3.6,3.646,3.435,207388,739539.0,6.12,4.35,0.15,0.93
2026-04-09,PLD,136.69,138.02,140.1,136.55,3568223,493282080.0,2.58,0.44,0.61,0.38
2026-04-09,PLDR,35.06,35.464,35.464,35.06,951,33539.0,1.15,1.07,0.374,0.0
2026-04-09,PLG,1.82,1.84,1.87,1.795,1283347,2355972.0,4.08,0.0,0.0,1.01
2026-04-09,PLGI,25.02,24.635,25.02,24.22,10426,252959.0,3.24,-0.19,-0.046,0.0
2026-04-09,PLMK,10.6,10.55,10.6,10.55,674,7122.0,0.47,-0.09,-0.01,0.0
2026-04-09,PLMKW,0.6,0.6,0.62,0.6,26872,16178.0,3.57,7.14,0.04,0.0
2026-04-09,PLMR,128.32,133.72,136.22,127.46,264462,35180128.0,6.83,4.18,5.37,1.0
2026-04-09,PLNT,73.43,72.41,73.74,71.71,1392400,101029821.0,2.74,-2.11,-1.56,1.76
2026-04-09,PLOO,14.01,13.102,14.01,12.99,355,4735.0,7.21,-7.36,-1.041,0.0
2026-04-09,PLOW,45.06,46.58,46.7,45.06,128937,5970981.0,3.62,2.94,1.33,0.56
2026-04-09,PLPC,302.6,318.76,323.98,302.6,127950,40611407.0,7.05,5.15,15.6,2.61
2026-04-09,PLRX,1.36,1.35,1.37,1.32,213222,287517.0,3.68,-0.74,-0.01,0.34
2026-04-09,PLRZ,11.5,10.75,12.19,10.75,18359,206167.0,12.74,-4.87,-0.55,1.03
2026-04-09,PLSE,18.72,19.25,19.27,18.3,169487,3224322.0,5.09,1.0,0.19,0.25
2026-04-09,PLSM,3.0,3.35,3.7,3.0,8705,28834.0,21.08,0.9,0.03,0.13
2026-04-09,PLTA,15.5,13.42,15.5,13.03,109603,1495356.0,15.69,-14.74,-2.32,0.0
2026-04-09,PLTD,7.87,8.36,8.465,7.87,60518940,505262128.0,7.64,7.32,0.57,0.0
2026-04-09,PLTG,14.28,12.48,14.28,12.05,659730,8316010.0,15.26,-14.58,-2.13,0.0
2026-04-09,PLTI,14.63,14.019,14.63,13.78,7644,108155.0,5.58,-7.92,-1.205,0.0
2026-04-09,PLTK,3.19,3.18,3.2,3.105,1054177,3330182.0,2.96,-0.93,-0.03,0.28
2026-04-09,PLTM,19.69,20.26,20.369,19.62,228995,4567032.0,3.81,3.1,0.61,0.0
2026-04-09,PLTR,139.395,130.49,139.54,128.47,92361443,12107206144.0,7.86,-7.3,-10.27,4.03
2026-04-09,PLTU,40.1,34.93,40.1,33.76,6287453,222318759.0,15.5,-14.6,-5.97,0.0
2026-04-09,PLTW,24.03,21.91,24.03,21.485,369340,8176803.0,10.6,-8.75,-2.1,0.0
2026-04-09,PLTY,36.49,34.24,36.49,33.7,432148,14899087.0,7.49,-8.11,-3.02,0.0
2026-04-09,PLTZ,31.86,35.68,36.56,31.86,3452317,121833276.0,15.1,14.65,4.56,0.0
2026-04-09,PLU,41.2,35.815,42.0,35.25,193577,7475461.0,16.38,-13.09,-5.395,0.0
2026-04-09,PLUG,2.63,2.74,2.84,2.62,76699985,212102001.0,8.3,3.4,0.09,5.5
2026-04-09,PLUL,16.372,16.982,18.27,16.372,30925,538161.0,11.84,5.98,0.958,0.0
2026-04-09,PLUR,3.39,3.39,3.39,3.39,994,3361.0,0.0,0.89,0.03,0.01
2026-04-09,PLUS,80.59,81.85,82.12,78.75,227026,18513733.0,4.15,0.71,0.58,0.86
2026-04-09,PLX,2.25,2.28,2.3,2.185,939394,2118165.0,5.11,1.33,0.03,1.17
2026-04-09,PLXS,219.18,223.37,226.105,217.68,467135,103855979.0,3.84,1.93,4.24,1.74
2026-04-09,PLYX,5.64,5.76,6.15,5.64,154704,911950.0,8.89,0.35,0.02,0.33
2026-04-09,PLYY,11.82,11.505,11.82,11.47,16021,184860.0,2.97,-2.46,-0.29,0.0
2026-04-09,PL_WS,25.0,22.63,25.54,22.54,66672,1625610.0,12.0,-9.48,-2.37,0.0
2026-04-09,PM,159.36,161.25,162.31,159.171,3334106,538138464.0,1.95,0.19,0.31,0.21
2026-04-09,PMAP,26.845,26.88,26.9,26.845,20517,551878.0,0.2,0.11,0.03,0.0
2026-04-09,PMAR,45.58,45.75,45.78,45.5,87063,3981114.0,0.61,0.28,0.13,0.0
2026-04-09,PMAX,0.48,0.429,0.48,0.385,103453342,57560769.0,25.68,15.95,0.059,8619.83
2026-04-09,PMAY,40.251,40.34,40.34,40.25,33935,1367837.0,0.22,0.14,0.055,0.0
2026-04-09,PMBS,49.67,49.705,49.83,49.547,75729,3762646.0,0.57,-0.02,-0.009,0.0
2026-04-09,PMCB,0.725,0.672,0.725,0.671,70440,48451.0,7.93,-1.32,-0.009,0.66
2026-04-09,PMDE,25.225,25.255,25.255,25.225,1400,35329.0,0.12,0.12,0.03,0.0
2026-04-09,PMEC,0.687,0.715,0.8,0.687,175950,132001.0,16.05,1.56,0.011,0.46
2026-04-09,PMI,1.03,0.99,1.05,0.99,50600,51067.0,5.88,-2.94,-0.03,0.07
2026-04-09,PMIO,50.83,50.83,50.85,50.72,1745,88621.0,0.26,0.16,0.08,0.0
2026-04-09,PMJA,26.9,26.91,26.93,26.9,17839,480110.0,0.11,0.13,0.035,0.0
2026-04-09,PMJL,26.15,26.13,26.15,26.13,18388,480844.0,0.08,0.74,0.193,0.0
2026-04-09,PMJN,26.44,26.455,26.455,26.44,100,2645.0,0.06,0.61,0.16,0.0
2026-04-09,PML,7.6,7.64,7.66,7.57,338227,2578089.0,1.19,1.06,0.08,0.0
2026-04-09,PMM,6.24,6.26,6.3,6.2,205146,1283234.0,1.61,0.97,0.06,0.0
2026-04-09,PMMF,100.27,100.27,100.27,100.26,138709,13907489.0,0.01,0.01,0.01,0.0
2026-04-09,PMMR,26.65,26.655,26.655,26.65,100,2667.0,0.02,0.51,0.135,0.0
2026-04-09,PMN,10.63,12.5,12.769,10.63,48360,579806.0,19.99,16.82,1.8,0.54
2026-04-09,PMNT,0.29,0.272,0.29,0.263,151163,41114.0,9.25,-6.85,-0.02,0.32
2026-04-09,PMO,10.47,10.51,10.529,10.42,58467,612072.0,1.05,1.06,0.11,0.0
2026-04-09,PMOC,25.44,25.465,25.5,25.44,18171,463230.0,0.24,0.85,0.215,0.0
2026-04-09,PMT,11.53,11.6,11.72,11.5,1257969,14621012.0,1.83,-3.33,-0.4,1.45
2026-04-09,PMTR,10.27,10.27,10.27,10.27,283,2900.0,0.0,0.0,0.0,0.0
2026-04-09,PMTRU,10.2,10.7,10.7,10.2,210,2195.0,4.67,0.0,0.0,0.0
2026-04-09,PMTRW,0.6,0.65,0.7,0.6,4220,2661.0,17.24,12.07,0.07,0.0
2026-04-09,PMTS,16.53,17.04,17.04,16.3,20319,340630.0,4.47,2.9,0.48,0.18
2026-04-09,PMTU,25.45,25.45,25.45,25.45,982,25010.0,0.0,-0.55,-0.14,0.0
2026-04-09,PMTV,25.3,25.31,25.38,25.29,45730,1157454.0,0.36,-0.04,-0.01,0.0
2026-04-09,PMTW,25.09,25.22,25.25,25.09,3624,91376.0,0.64,0.27,0.069,0.0
2026-04-09,PMT_A,23.35,23.88,24.18,23.35,40038,955596.0,3.54,1.99,0.465,0.87
2026-04-09,PMT_B,23.14,23.51,23.56,23.14,15683,366476.0,1.82,1.95,0.45,0.2
2026-04-09,PMT_C,18.22,18.299,18.45,18.13,8218,150402.0,1.76,0.43,0.079,0.08
2026-04-09,PMVP,1.27,1.33,1.335,1.25,258326,337512.0,6.8,6.4,0.08,0.48
2026-04-09,PN,0.294,0.188,0.3,0.182,937019,223923.0,39.33,-37.33,-0.112,3.64
2026-04-09,PNBK,1.31,1.32,1.34,1.305,180008,239287.0,2.61,-1.49,-0.02,0.15
2026-04-09,PNC,218.66,223.23,224.12,217.96,1902574,424057488.0,2.79,1.12,2.47,0.47
2026-04-09,PNFP,90.51,93.59,93.98,90.51,1727634,160908250.0,3.81,2.74,2.5,1.14
2026-04-09,PNFP_A,25.62,25.73,25.87,25.4,25288,650379.0,1.83,0.43,0.11,0.32
2026-04-09,PNFP_B,25.89,25.89,25.89,25.72,10414,269311.0,0.66,0.04,0.01,0.07
2026-04-09,PNFP_C,24.93,25.045,25.075,24.93,18966,474903.0,0.58,0.83,0.205,0.21
2026-04-09,PNI,6.98,7.0,7.02,6.98,23226,162595.0,0.58,0.86,0.06,0.0
2026-04-09,PNNT,4.52,4.48,4.55,4.465,839257,3777658.0,1.87,-1.54,-0.07,1.29
2026-04-09,PNOV,41.81,41.99,42.06,41.81,27065,1135177.0,0.6,0.41,0.17,0.0
2026-04-09,PNQI,45.86,45.733,45.86,45.171,23439,1067458.0,1.5,-0.34,-0.157,0.0
2026-04-09,PNR,89.79,90.46,91.28,89.48,1628073,147318875.0,1.99,-0.08,-0.07,1.01
2026-04-09,PNRG,230.4,223.49,232.8,221.487,101281,23148520.0,4.92,-2.89,-6.66,6.2
2026-04-09,PNTG,30.76,31.67,31.77,30.76,115674,3654474.0,3.26,2.13,0.66,0.33
2026-04-09,POAS,1.94,1.92,1.94,1.85,44495,85031.0,4.64,-1.03,-0.02,0.33
2026-04-09,POCI,4.0,3.99,4.1,3.91,12830,51100.0,4.8,0.76,0.03,0.12
2026-04-09,POCT,43.96,44.2,44.229,43.96,38078,1680292.0,0.61,0.39,0.17,0.0
2026-04-09,PODC,2.26,2.3,2.33,2.23,11645,26512.0,4.48,3.14,0.07,0.04
2026-04-09,PODD,201.67,199.42,203.13,197.54,813820,162936295.0,2.75,-2.01,-4.09,1.17
2026-04-09,POET,6.19,6.08,6.46,6.025,6834185,42469174.0,6.99,-2.25,-0.14,4.48
2026-04-09,POLA,1.73,1.77,1.85,1.69,197266,353282.0,9.2,1.72,0.03,7.37
2026-04-09,POLE,10.65,10.66,10.66,10.65,3420,36429.0,0.09,0.0,0.0,0.01
2026-04-09,POLEW,0.14,0.18,0.18,0.14,13261,1889.0,33.33,50.0,0.06,0.0
2026-04-09,POM,0.27,0.325,0.355,0.27,542074,176274.0,28.33,8.33,0.025,0.51
2026-04-09,PONOU,10.02,10.02,10.02,10.02,325,3257.0,0.0,0.0,0.0,0.0
2026-04-09,PONX,7.12,6.66,7.22,6.66,25945,180547.0,7.68,-8.62,-0.628,0.0
2026-04-09,PONY,9.59,9.37,9.655,9.35,2475617,23457442.0,3.13,-3.9,-0.38,0.7
2026-04-09,POOL,208.33,213.51,214.35,207.24,478445,101692743.0,3.39,1.94,4.06,1.3
2026-04-09,POR,53.67,54.22,54.62,53.58,944111,51272145.0,1.94,0.91,0.49,0.82
2026-04-09,POST,100.44,102.58,103.195,99.89,739567,75400537.0,3.25,1.02,1.04,1.56
2026-04-09,POW,26.29,26.595,26.8,26.185,30204,803791.0,2.35,1.51,0.395,0.0
2026-04-09,POWA,87.91,88.524,88.524,87.91,1711,150699.0,0.7,0.23,0.205,0.0
2026-04-09,POWI,53.55,54.54,55.075,53.55,647008,35238206.0,2.83,1.21,0.65,1.17
2026-04-09,POWL,217.92,230.81,237.79,217.51,822316,189368565.0,9.3,5.84,12.74,2.26
2026-04-09,POWR,26.67,26.93,27.12,26.67,105419,2849715.0,1.68,0.75,0.2,0.0
2026-04-09,POWW,2.06,2.06,2.08,2.021,365023,750597.0,2.85,-0.48,-0.01,0.31
2026-04-09,POWWP,24.875,25.0,25.01,24.86,10640,265867.0,0.6,0.0,0.0,0.76
2026-04-09,PPA,175.57,175.67,177.47,175.06,192189,33858196.0,1.37,-0.35,-0.61,0.0
2026-04-09,PPBT,4.16,3.94,4.28,3.94,16303,66369.0,8.04,-6.86,-0.29,1.75
2026-04-09,PPC,35.55,35.99,36.05,35.34,1171569,42045340.0,1.98,0.14,0.05,0.49
2026-04-09,PPCB,0.123,0.1,0.123,0.098,2123890,231244.0,19.84,-20.63,-0.026,10.16
2026-04-09,PPEM,19.91,20.087,20.087,19.91,654,13073.0,0.88,-0.29,-0.058,0.0
2026-04-09,PPG,108.77,109.7,111.0,107.895,1956208,214619593.0,2.81,-0.7,-0.77,0.87
2026-04-09,PPH,104.03,104.89,105.5,104.03,55418,5800668.0,1.4,0.1,0.1,0.0
2026-04-09,PPHC,14.0,13.81,14.12,13.435,72738,1009930.0,4.85,-2.2,-0.31,0.25
2026-04-09,PPI,21.59,21.649,21.8,21.58,58937,1277068.0,1.02,0.45,0.098,0.0
2026-04-09,PPIE,26.979,26.979,26.979,26.979,78,2108.0,0.0,-0.02,-0.006,0.0
2026-04-09,PPIH,31.43,33.06,33.6,31.31,73707,2431083.0,7.24,4.55,1.44,0.91
2026-04-09,PPL,39.05,39.81,39.835,39.02,9164751,363642688.0,2.08,1.69,0.66,1.22
2026-04-09,PPLC,52.16,52.38,52.38,52.07,232858,12182500.0,0.59,0.5,0.26,0.0
2026-04-09,PPLT,185.85,191.57,192.37,185.2,308799,58398530.0,3.87,3.48,6.45,0.0
2026-04-09,PPSI,2.9,2.5,2.981,2.43,533226,1388423.0,16.45,-25.37,-0.85,4.81
2026-04-09,PPT,3.51,3.53,3.53,3.5,90589,318807.0,0.85,0.57,0.02,0.0
2026-04-09,PPTA,29.74,30.13,30.68,29.28,963793,29038602.0,4.7,1.14,0.34,0.77
2026-04-09,PPTY,31.17,31.356,31.38,31.17,2272,70904.0,0.67,0.68,0.213,0.0
2026-04-09,PQAP,29.96,30.109,30.12,29.959,11688,351461.0,0.54,0.56,0.167,0.0
2026-04-09,PQDI,19.37,19.42,19.44,19.37,4402,85434.0,0.36,-0.02,-0.003,0.0
2026-04-09,PQJA,29.11,29.285,29.3,29.11,190401,5561937.0,0.65,0.5,0.147,0.0
2026-04-09,PQJL,29.23,29.39,29.42,29.23,6192,182141.0,0.66,2.4,0.688,0.0
2026-04-09,PQNT,22.11,22.075,22.14,22.075,1404,31057.0,0.29,-0.47,-0.105,0.0
2026-04-09,PQOC,28.71,28.76,28.77,28.66,27900,800680.0,0.38,0.55,0.158,0.0
2026-04-09,PQUS,24.94,25.118,25.15,24.895,2188,54799.0,1.02,0.58,0.144,0.0
2026-04-09,PR,20.75,20.38,20.88,20.13,12978116,265230091.0,3.65,-0.88,-0.18,1.54
2026-04-09,PRA,24.29,24.26,24.4,24.26,730619,17766621.0,0.58,-0.21,-0.05,1.42
2026-04-09,PRAA,18.77,19.2,19.22,18.47,271833,5179429.0,3.98,1.96,0.37,0.71
2026-04-09,PRAE,38.37,38.636,38.73,38.37,3071,118363.0,0.93,0.33,0.127,0.0
2026-04-09,PRAX,320.0,320.24,323.11,312.73,293425,93634675.0,3.24,0.01,0.02,1.05
2026-04-09,PRAY,33.76,33.896,34.0,33.64,12732,431480.0,1.06,0.22,0.076,0.0
2026-04-09,PRCH,7.01,7.02,7.19,6.78,1461673,10227487.0,5.71,-2.23,-0.16,1.38
2026-04-09,PRCS,26.1,26.41,26.42,26.071,42366,1115457.0,1.33,0.84,0.22,0.0
2026-04-09,PRCT,23.69,23.27,24.01,22.965,1116599,26084955.0,4.38,-2.51,-0.6,1.98
2026-04-09,PRDO,36.5,35.7,36.61,35.54,549364,19681519.0,2.91,-2.75,-1.01,0.88
2026-04-09,PRE,19.21,17.47,20.122,17.205,217641,3895153.0,14.77,-11.54,-2.28,1.48
2026-04-09,PREF,18.97,18.98,19.02,18.94,182330,3462725.0,0.42,-0.11,-0.02,0.0
2026-04-09,PRF,49.09,49.45,49.52,49.09,478640,23638184.0,0.87,0.51,0.25,0.0
2026-04-09,PRFD,51.15,51.08,51.18,51.06,13318,681285.0,0.23,-0.02,-0.01,0.0
2026-04-09,PRFX,2.3,2.41,2.71,2.25,100196,256052.0,19.66,2.99,0.07,11.87
2026-04-09,PRFZ,47.72,48.117,48.23,47.625,66829,3206020.0,1.26,0.43,0.208,0.0
2026-04-09,PRG,28.8,29.6,29.65,28.665,291849,8589341.0,3.38,1.44,0.42,0.73
2026-04-09,PRGO,10.66,10.6,10.79,10.46,2189410,23263866.0,3.05,-2.12,-0.23,1.59
2026-04-09,PRGS,28.16,27.42,28.225,26.935,1171345,32024850.0,4.49,-4.63,-1.33,2.78
2026-04-09,PRH,23.76,23.86,23.93,23.705,32465,773853.0,0.95,0.29,0.07,0.0
2026-04-09,PRHI,0.78,0.756,0.795,0.755,23920,18463.0,5.28,-0.13,-0.001,0.09
2026-04-09,PRHIZ,17.03,17.03,17.03,17.03,278,4748.0,0.0,-0.41,-0.07,0.0
2026-04-09,PRI,262.67,263.52,264.91,258.91,233762,61501002.0,2.27,-0.22,-0.57,0.74
2026-04-09,PRIF_D,24.7,24.7,24.7,24.7,915,22600.0,0.0,-0.1,-0.025,0.08
2026-04-09,PRIF_J,24.96,25.05,25.05,24.13,8147,202478.0,3.67,0.04,0.01,0.51
2026-04-09,PRIF_K,21.65,21.65,21.65,21.65,196,4265.0,0.0,-0.09,-0.02,0.01
2026-04-09,PRIF_L,24.3,24.3,24.3,24.3,607,14752.0,0.0,0.0,0.0,0.06
2026-04-09,PRIM,157.32,163.71,165.345,156.385,841009,137416550.0,5.72,4.55,7.12,1.55
2026-04-09,PRIV,25.34,25.29,25.37,25.23,18170,460272.0,0.55,-0.12,-0.03,0.0
2026-04-09,PRK,170.83,174.76,176.575,170.72,110401,19297374.0,3.4,1.53,2.63,0.61
2026-04-09,PRKS,34.77,37.17,37.24,34.74,1262596,46515967.0,7.09,5.48,1.93,2.6
2026-04-09,PRLB,60.19,61.58,62.11,60.19,124063,7639514.0,3.17,1.77,1.07,0.52
2026-04-09,PRLD,4.46,4.4,4.46,3.83,233533,972219.0,14.93,4.27,0.18,0.48
2026-04-09,PRM,25.3,25.04,25.65,24.814,807925,20229706.0,3.31,-0.95,-0.24,0.5
2026-04-09,PRMB,19.37,20.15,20.215,19.25,2535439,50583586.0,4.94,3.12,0.61,0.7
2026-04-09,PRME,3.51,3.51,3.55,3.45,1349259,4724229.0,2.82,-0.85,-0.03,0.75
2026-04-09,PRMR,24.205,24.344,24.37,24.14,6728,163321.0,0.95,0.37,0.089,0.0
2026-04-09,PRN,215.0,215.541,218.11,213.71,18587,4008110.0,2.07,1.39,2.955,0.0
2026-04-09,PRNT,21.31,21.27,21.46,21.16,6670,142161.0,1.4,-0.84,-0.18,0.0
2026-04-09,PROF,6.44,6.44,6.55,6.33,30662,198317.0,3.39,-0.77,-0.05,0.08
2026-04-09,PROK,1.84,1.9,1.92,1.835,538503,1014827.0,4.59,2.7,0.05,0.38
2026-04-09,PROP,1.84,1.38,1.888,1.35,28870389,43804022.0,25.62,-34.29,-0.72,37.7
2026-04-09,PROV,17.03,17.16,17.195,16.97,11742,200621.0,1.33,1.24,0.21,0.18
2026-04-09,PRPL,0.603,0.605,0.628,0.601,284159,172475.0,4.47,0.17,0.001,0.26
2026-04-09,PRPO,27.62,27.82,27.82,27.03,9435,258637.0,2.83,-0.29,-0.08,0.53
2026-04-09,PRQR,1.88,1.98,2.15,1.87,2119222,4257470.0,15.3,8.2,0.15,2.01
2026-04-09,PRS,22.84,23.04,23.08,22.78,40381,927072.0,1.31,0.48,0.11,0.0
2026-04-09,PRSD,25.03,25.04,25.06,25.03,1688,42301.0,0.12,0.0,0.0,0.0
2026-04-09,PRSO,1.01,1.0,1.02,0.982,243404,243936.0,3.8,0.0,0.0,1.94
2026-04-09,PRSU,41.05,42.55,42.8,40.89,316598,13333227.0,4.65,3.5,1.44,1.15
2026-04-09,PRT,3.01,3.04,3.08,2.96,70508,212430.0,3.99,1.0,0.03,0.58
2026-04-09,PRTC,16.05,16.44,16.45,16.05,1716,28070.0,2.55,4.65,0.73,0.01
2026-04-09,PRTH,4.95,4.92,4.97,4.86,195389,961828.0,2.2,-1.4,-0.07,0.24
2026-04-09,PRTO,26.3,26.275,26.3,26.275,559,14702.0,0.1,0.75,0.196,0.0
2026-04-09,PRTS,0.771,0.788,0.79,0.74,357658,273300.0,6.49,2.2,0.017,0.51
2026-04-09,PRU,96.01,97.1,97.65,96.01,1903283,184763873.0,1.7,0.47,0.45,0.55
2026-04-09,PRVA,22.65,22.71,22.96,22.435,1141718,25865150.0,2.31,0.0,0.0,0.91
2026-04-09,PRVS,28.98,29.22,29.26,28.93,11506,335622.0,1.13,0.48,0.14,0.0
2026-04-09,PRXG,34.25,34.586,34.6,34.25,2424,83705.0,1.02,0.72,0.247,0.0
2026-04-09,PRXV,32.125,32.224,32.31,32.03,3434,110793.0,0.87,0.53,0.171,0.0
2026-04-09,PRZO,0.791,0.72,0.791,0.72,377864,280848.0,9.1,-7.69,-0.06,1.53
2026-04-09,PSA,288.13,293.27,294.592,287.372,976306,285864560.0,2.49,1.13,3.27,0.56
2026-04-09,PSA_F,20.15,20.13,20.19,20.0,14353,288704.0,0.94,-0.1,-0.02,0.13
2026-04-09,PSA_G,19.61,19.76,19.79,19.59,21104,415524.0,1.02,0.61,0.12,0.18
2026-04-09,PSA_H,22.18,22.27,22.31,22.12,18636,414250.0,0.86,0.41,0.09,0.16
2026-04-09,PSA_I,19.06,19.04,19.06,18.915,11620,220817.0,0.76,0.21,0.04,0.09
2026-04-09,PSA_J,18.2,18.35,18.35,18.16,15135,276613.0,1.04,0.66,0.12,0.15
2026-04-09,PSA_K,18.49,18.52,18.58,18.44,9375,173564.0,0.76,-0.11,-0.02,0.1
2026-04-09,PSA_L,18.04,18.18,18.21,17.9,36184,656288.0,1.71,0.22,0.04,0.16
2026-04-09,PSA_M,15.94,16.15,16.15,15.94,13975,224642.0,1.31,1.06,0.17,0.15
2026-04-09,PSA_N,15.06,15.12,15.16,15.0,35131,529924.0,1.06,0.53,0.08,0.31
2026-04-09,PSA_O,15.08,15.14,15.18,15.08,38577,583778.0,0.66,0.13,0.02,0.57
2026-04-09,PSA_P,15.67,15.73,15.74,15.64,70832,1113138.0,0.64,0.32,0.05,0.29
2026-04-09,PSA_Q,15.28,15.37,15.385,15.28,2321,35702.0,0.68,0.07,0.01,0.04
2026-04-09,PSA_R,15.58,15.66,15.7,15.54,9860,153974.0,1.02,0.19,0.03,0.06
2026-04-09,PSA_S,15.85,15.97,16.03,15.85,10990,175359.0,1.13,0.69,0.11,0.11
2026-04-09,PSBD,10.08,10.2,10.47,10.08,52170,535672.0,3.83,0.1,0.01,0.17
2026-04-09,PSC,59.92,60.23,60.46,59.67,157522,9447827.0,1.32,0.28,0.17,0.0
2026-04-09,PSCC,31.89,32.495,32.56,31.84,7708,247676.0,2.23,0.67,0.216,0.0
2026-04-09,PSCD,106.24,108.144,108.144,106.24,235,25140.0,1.78,1.04,1.108,0.0
2026-04-09,PSCE,59.85,58.92,60.41,58.72,38769,2308710.0,2.83,-1.32,-0.791,0.0
2026-04-09,PSCF,60.235,60.378,60.56,60.235,1325,80059.0,0.54,1.06,0.633,0.0
2026-04-09,PSCH,42.23,42.62,42.75,42.08,15645,665975.0,1.58,0.42,0.18,0.0
2026-04-09,PSCI,163.71,165.853,167.0,163.584,4018,664067.0,2.09,1.39,2.27,0.0
2026-04-09,PSCJ,30.48,30.47,30.48,30.46,695,21180.0,0.07,0.43,0.129,0.0
2026-04-09,PSCM,100.59,101.033,101.39,100.59,1528,154576.0,0.79,-0.32,-0.323,0.0
2026-04-09,PSCQ,29.49,29.65,29.65,29.49,320,9459.0,0.54,0.36,0.105,0.0
2026-04-09,PSCT,64.65,64.97,65.02,64.07,51730,3342805.0,1.47,0.71,0.457,0.0
2026-04-09,PSCU,63.565,63.565,63.565,63.565,91,5788.0,0.0,1.01,0.635,0.0
2026-04-09,PSCW,29.0,28.995,29.0,28.995,592,17168.0,0.02,0.38,0.109,0.0
2026-04-09,PSCX,31.08,31.19,31.19,31.03,878,27301.0,0.52,0.4,0.123,0.0
2026-04-09,PSDM,51.17,51.215,51.24,51.165,26372,1350671.0,0.15,0.1,0.05,0.0
2026-04-09,PSEC,2.64,2.62,2.65,2.62,2245469,5906220.0,1.14,-0.76,-0.02,0.46
2026-04-09,PSEC_A,16.94,17.35,17.35,16.94,3544,60593.0,2.39,1.11,0.19,0.07
2026-04-09,PSEP,43.88,44.13,44.18,43.88,27999,1233406.0,0.68,0.36,0.16,0.0
2026-04-09,PSET,72.0,72.432,72.48,71.8,1517,109267.0,0.94,0.27,0.194,0.0
2026-04-09,PSF,19.5,19.77,19.83,19.5,56693,1117326.0,1.68,0.66,0.13,0.0
2026-04-09,PSFD,37.47,37.66,37.66,37.46,1623,61037.0,0.53,0.55,0.207,0.0
2026-04-09,PSFE,7.1,7.34,7.39,7.05,492695,3605666.0,4.73,2.09,0.15,0.96
2026-04-09,PSFF,32.68,32.79,32.8,32.62,33519,1097425.0,0.55,0.21,0.07,0.0
2026-04-09,PSFJ,33.48,33.605,33.605,33.48,520,17436.0,0.37,0.4,0.133,0.0
2026-04-09,PSFM,33.355,33.335,33.355,33.31,8902,296538.0,0.14,1.94,0.635,0.0
2026-04-09,PSFO,32.57,32.65,32.66,32.57,1059,34556.0,0.28,0.47,0.152,0.0
2026-04-09,PSH,50.1,50.17,50.19,50.025,8609,431471.0,0.33,0.31,0.156,0.0
2026-04-09,PSHG,1.91,1.91,1.935,1.87,37972,72338.0,3.4,0.0,0.0,0.31
2026-04-09,PSI,106.41,108.91,109.08,106.41,243466,26373320.0,2.51,2.48,2.64,0.0
2026-04-09,PSIG,6.71,6.73,6.85,6.65,105226,709599.0,2.95,-0.88,-0.06,0.68
2026-04-09,PSIL,17.43,17.703,17.798,17.43,12224,216481.0,2.11,1.3,0.228,0.0
2026-04-09,PSIX,68.18,75.25,76.71,68.18,671415,49448471.0,12.32,8.71,6.03,2.91
2026-04-09,PSK,31.17,31.2,31.24,31.1,112702,3515009.0,0.45,-0.06,-0.02,0.0
2026-04-09,PSKY,10.78,10.85,10.96,10.43,13849816,148906761.0,4.9,0.28,0.03,1.28
2026-04-09,PSL,109.94,110.369,110.6,109.94,539,59513.0,0.6,0.37,0.402,0.0
2026-04-09,PSLV,24.15,24.49,24.845,24.085,6802198,166723961.0,3.15,1.49,0.36,0.0
2026-04-09,PSMD,32.73,32.73,32.73,32.73,79,2584.0,0.0,0.49,0.158,0.0
2026-04-09,PSMJ,32.52,32.625,32.625,32.52,202,6572.0,0.32,0.41,0.132,0.0
2026-04-09,PSMO,30.79,30.965,30.965,30.79,111,3419.0,0.57,0.42,0.13,0.0
2026-04-09,PSMR,31.01,31.025,31.025,31.01,145,4506.0,0.05,1.66,0.506,0.0
2026-04-09,PSMT,161.85,161.26,165.455,153.12,588956,94575357.0,7.87,2.91,4.56,1.91
2026-04-09,PSN,57.65,57.13,57.65,56.23,891326,50800118.0,2.45,-1.5,-0.87,0.83
2026-04-09,PSNL,6.295,6.09,6.295,5.81,1656818,9915860.0,7.66,-3.79,-0.24,1.58
2026-04-09,PSNY,20.62,20.74,20.9,19.62,138167,2800393.0,6.21,0.58,0.12,0.16
2026-04-09,PSNYW,3.75,3.75,4.075,3.75,2773,10594.0,8.86,2.18,0.08,0.0
2026-04-09,PSO,13.62,13.57,13.62,13.41,1318326,17812652.0,1.56,0.89,0.12,0.21
2026-04-09,PSP,57.35,57.52,57.885,56.989,51432,2955935.0,1.55,-0.64,-0.37,0.0
2026-04-09,PSQ,30.66,30.46,30.825,30.44,10041824,307101488.0,1.26,-0.68,-0.21,0.0
2026-04-09,PSQA,20.44,20.51,20.7,20.44,50343,1035076.0,1.27,-0.19,-0.04,0.0
2026-04-09,PSQH,0.508,0.51,0.532,0.496,257307,130069.0,6.9,-2.3,-0.012,0.53
2026-04-09,PSQH_WS,0.052,0.055,0.057,0.052,11785,637.0,8.62,-5.17,-0.003,0.0
2026-04-09,PSQO,20.59,20.59,20.65,20.59,71943,1484027.0,0.29,-0.05,-0.01,0.0
2026-04-09,PSR,97.565,97.263,97.565,97.263,699,68005.0,0.31,0.93,0.892,0.0
2026-04-09,PST,22.39,22.37,22.45,22.29,9851,220416.0,0.72,0.0,0.0,0.0
2026-04-09,PSTL,19.54,19.85,19.95,19.47,276501,5488713.0,2.44,1.02,0.2,1.0
2026-04-09,PSTR,28.89,28.948,28.948,28.89,690,19924.0,0.2,0.26,0.076,0.0
2026-04-09,PSTV,3.13,3.92,4.1,3.13,848981,3130047.0,30.6,23.66,0.75,12.37
2026-04-09,PSWD,31.23,29.999,31.23,29.999,1015,31097.0,3.91,-4.75,-1.496,0.0
2026-04-09,PSX,168.01,161.07,170.0,159.9,3309653,539544400.0,6.01,-4.13,-6.93,0.83
2026-04-09,PTA,19.15,19.21,19.24,19.042,141577,2711026.0,1.04,0.84,0.16,0.0
2026-04-09,PTBD,19.22,19.232,19.26,19.18,22448,431674.0,0.42,0.03,0.005,0.0
2026-04-09,PTC,143.41,139.19,143.66,138.93,1459134,204446644.0,3.28,-3.55,-5.13,1.23
2026-04-09,PTCT,71.02,70.85,71.665,70.445,1041166,73854959.0,1.71,-0.58,-0.41,1.26
2026-04-09,PTEN,10.455,10.14,10.675,10.05,9697193,99248711.0,6.05,-1.84,-0.19,2.55
2026-04-09,PTEU,31.621,31.771,31.771,31.621,716,22717.0,0.47,0.03,0.01,0.0
2026-04-09,PTF,99.2,99.34,100.22,98.17,109469,10827875.0,2.08,0.69,0.68,0.0
2026-04-09,PTGX,101.45,104.085,105.105,101.45,699455,72686152.0,3.58,1.95,1.995,1.1
2026-04-09,PTH,50.57,51.34,51.44,50.57,3275,167613.0,1.71,1.2,0.611,0.0
2026-04-09,PTHS,22.985,22.58,22.985,22.5,3307,75756.0,2.12,-1.4,-0.32,0.1
2026-04-09,PTIN,33.98,34.34,34.398,33.98,6239,213950.0,1.22,-0.15,-0.053,0.0
2026-04-09,PTIR,14.77,12.88,14.77,12.445,8106618,105345202.0,15.42,-14.59,-2.2,0.0
2026-04-09,PTL,260.98,261.85,262.67,260.73,27219,7116474.0,0.74,0.2,0.53,0.0
2026-04-09,PTLC,53.42,53.66,53.71,53.42,95012,5095172.0,0.54,0.32,0.17,0.0
2026-04-09,PTLE,8.4,8.79,8.79,8.01,9704,82033.0,9.26,4.39,0.37,0.16
2026-04-09,PTLO,5.66,5.85,5.89,5.66,887268,5166895.0,4.04,2.63,0.15,1.23
2026-04-09,PTMC,38.05,38.28,38.44,38.05,18667,714913.0,1.02,0.18,0.07,0.0
2026-04-09,PTN,18.5,18.35,18.96,18.35,14769,275505.0,3.14,-5.41,-1.05,0.83
2026-04-09,PTNQ,74.79,75.1,75.18,74.65,15111,1132302.0,0.71,0.45,0.334,0.0
2026-04-09,PTON,4.61,4.74,4.77,4.575,7363935,34650855.0,4.2,2.16,0.1,1.8
2026-04-09,PTOR,9.795,9.8,9.8,9.79,8150,79806.0,0.1,0.05,0.005,0.03
2026-04-09,PTORU,9.6,9.95,9.95,9.295,2495,24291.0,6.62,0.51,0.05,0.0
2026-04-09,PTORW,0.3,0.3,0.3,0.3,1700,510.0,0.0,-6.25,-0.02,0.0
2026-04-09,PTRB,41.74,41.8,41.86,41.69,163644,6838167.0,0.41,0.07,0.03,0.0
2026-04-09,PTRN,12.59,12.8,12.9,12.227,435270,5517093.0,5.34,1.59,0.2,0.28
2026-04-09,PTY,12.34,12.32,12.35,12.29,814913,10041110.0,0.49,0.16,0.02,0.0
2026-04-09,PUBM,8.35,8.45,8.46,8.11,864606,7189600.0,4.16,0.48,0.04,2.25
2026-04-09,PUI,48.89,48.495,48.91,48.495,9380,457659.0,0.86,0.78,0.373,0.0
2026-04-09,PUK,30.27,30.52,30.695,30.16,518361,15794170.0,1.76,0.3,0.09,0.04
2026-04-09,PULM,1.271,1.26,1.3,1.222,23539,29698.0,6.55,5.88,0.07,0.64
2026-04-09,PULS,49.58,49.58,49.59,49.58,2108641,104554424.0,0.02,0.0,0.0,0.0
2026-04-09,PULT,50.31,50.32,50.345,50.31,14242,716777.0,0.07,0.0,0.0,0.0
2026-04-09,PUMP,13.95,13.65,14.2,13.505,1681705,23135033.0,5.02,-1.37,-0.19,1.37
2026-04-09,PURR,5.26,5.63,5.705,5.18,4462236,24808554.0,9.78,4.84,0.26,3.6
2026-04-09,PUSH,50.41,50.465,50.73,50.4,16763,846923.0,0.65,0.06,0.03,0.0
2026-04-09,PVAL,47.76,48.13,48.23,47.72,1796449,86384827.0,1.06,0.48,0.23,0.0
2026-04-09,PVEX,28.145,28.182,28.22,28.145,1217,34282.0,0.27,0.5,0.14,0.0
2026-04-09,PVH,87.38,91.09,91.56,86.623,1557948,140004065.0,5.64,4.1,3.59,3.4
2026-04-09,PVI,24.7,24.76,24.86,24.67,8106,200611.0,0.77,0.0,0.0,0.0
2026-04-09,PVL,1.89,1.87,1.9,1.87,60959,115307.0,1.6,0.0,0.0,0.18
2026-04-09,PVLA,123.0,130.2,134.01,120.345,356748,45927328.0,11.09,5.71,7.03,2.49
2026-04-09,PW,0.8,0.813,0.835,0.776,16854,13488.0,7.38,1.63,0.013,0.46
2026-04-09,PWB,135.07,136.2,136.56,134.38,211963,28841173.0,1.61,0.9,1.21,0.0
2026-04-09,PWER,41.91,41.416,41.91,41.416,1048,43928.0,1.19,-0.22,-0.091,0.0
2026-04-09,PWP,19.03,20.29,20.43,19.03,1598986,31968189.0,7.28,5.51,1.06,2.27
2026-04-09,PWR,576.0,582.06,592.58,576.0,935329,546871120.0,2.88,1.01,5.82,0.62
2026-04-09,PWRD,105.0,106.08,106.53,105.0,77500,8213758.0,1.45,0.85,0.89,0.0
2026-04-09,PWS,32.01,32.01,32.02,32.0,3391,108538.0,0.06,0.0,0.0,0.0
2026-04-09,PWV,71.2,71.61,71.78,71.2,56903,4077416.0,0.81,0.21,0.15,0.0
2026-04-09,PWZ,24.12,24.23,24.245,24.12,159872,3869540.0,0.52,0.12,0.03,0.0
2026-04-09,PW_A,7.05,7.05,7.05,7.05,2,14.0,0.0,0.0,0.0,0.0
2026-04-09,PXE,37.22,36.46,37.62,36.295,42398,1565420.0,3.57,-1.7,-0.63,0.0
2026-04-09,PXED,28.54,29.17,29.42,24.92,353525,9936425.0,14.62,-5.26,-1.62,0.99
2026-04-09,PXF,72.5,73.11,73.38,72.44,92622,6757934.0,1.28,-0.44,-0.32,0.0
2026-04-09,PXH,27.53,27.76,27.8,27.49,162994,4510994.0,1.12,0.29,0.08,0.0
2026-04-09,PXI,58.35,56.748,58.35,56.59,15828,903345.0,3.05,-1.67,-0.965,0.0
2026-04-09,PXJ,42.37,42.24,43.13,42.21,13652,583105.0,2.17,-0.38,-0.16,0.0
2026-04-09,PXLW,5.43,5.44,5.55,5.28,35231,189140.0,5.0,0.74,0.04,0.55
2026-04-09,PXS,4.51,4.41,4.67,4.41,85821,388970.0,5.76,-2.22,-0.1,0.84
2026-04-09,PY,52.305,52.481,52.53,52.18,8081,423121.0,0.67,0.38,0.2,0.0
2026-04-09,PYLD,26.42,26.45,26.49,26.38,2883900,76277543.0,0.42,0.34,0.09,0.0
2026-04-09,PYPD,4.22,4.37,4.37,4.2,13903,59788.0,4.02,3.31,0.14,0.07
2026-04-09,PYPG,6.06,6.09,6.12,5.825,392986,2359602.0,4.86,0.36,0.022,0.0
2026-04-09,PYPL,45.81,45.98,46.08,44.905,12716632,580216480.0,2.56,0.28,0.13,1.41
2026-04-09,PYPU,26.32,26.84,26.84,26.0,550,14478.0,3.15,0.75,0.199,0.0
2026-04-09,PYPY,29.08,29.183,29.183,29.08,959,27903.0,0.35,-0.71,-0.208,0.0
2026-04-09,PYT,23.1,23.1,23.1,23.1,300,6930.0,0.0,0.61,0.14,0.0
2026-04-09,PYXS,1.46,1.61,1.62,1.425,804499,1247794.0,13.27,9.52,0.14,1.28
2026-04-09,PYZ,124.59,124.766,124.766,124.59,1262,157630.0,0.14,-0.11,-0.135,0.0
2026-04-09,PZA,23.27,23.31,23.32,23.22,1724373,40153672.0,0.43,0.3,0.07,0.0
2026-04-09,PZG,1.68,1.69,1.72,1.62,361117,605182.0,6.02,1.81,0.03,0.43
2026-04-09,PZT,22.41,22.38,22.45,22.33,25461,570110.0,0.54,0.09,0.02,0.0
2026-04-09,PZZA,35.38,35.53,35.75,34.7,526772,18610226.0,2.97,0.45,0.16,1.6
2026-04-09,Q,128.745,129.88,132.49,128.745,1578422,206244071.0,2.9,0.42,0.54,0.75
2026-04-09,QABA,61.06,62.248,62.44,61.06,6173,380558.0,2.25,1.57,0.965,0.0
2026-04-09,QADRU,9.9,9.9,9.905,9.891,49055,485665.0,0.14,0.0,0.0,0.0
2026-04-09,QAI,34.79,34.85,34.92,34.749,54208,1887820.0,0.49,0.0,0.0,0.0
2026-04-09,QALT,25.25,25.249,25.27,25.21,11516,290698.0,0.24,0.0,0.0,0.0
2026-04-09,QARP,60.89,61.378,61.41,60.89,4746,290946.0,0.85,0.81,0.495,0.0
2026-04-09,QAT,19.03,19.126,19.25,19.02,49356,945101.0,1.2,-0.23,-0.044,0.0
2026-04-09,QB,43.602,43.602,43.602,43.602,1,5.0,0.0,0.38,0.165,0.0
2026-04-09,QBF,17.52,17.682,17.682,17.449,10771,188841.0,1.33,0.75,0.132,0.0
2026-04-09,QBIG,35.34,35.88,35.88,35.28,6515,232920.0,1.7,1.42,0.502,0.0
2026-04-09,QBSF,26.46,26.46,26.48,26.42,56307,1490057.0,0.23,0.08,0.02,0.0
2026-04-09,QBTS,14.4,13.87,14.61,13.71,17762370,249891351.0,6.18,-4.8,-0.7,4.84
2026-04-09,QBTX,7.88,7.2,7.97,7.01,1926562,14334216.0,12.09,-9.32,-0.74,0.0
2026-04-09,QBTZ,47.46,51.16,51.86,46.37,197161,9688586.0,11.83,10.21,4.74,0.0
2026-04-09,QBUF,29.75,29.88,29.89,29.75,34743,1035976.0,0.47,0.42,0.125,0.0
2026-04-09,QBUL,23.69,23.695,23.74,23.64,1714,40649.0,0.42,0.02,0.004,0.0
2026-04-09,QBY,9.62,9.56,9.64,9.555,4011,38454.0,0.87,-2.03,-0.198,0.0
2026-04-09,QCAP,24.13,24.065,24.13,24.065,3465,83466.0,0.27,0.0,0.0,0.0
2026-04-09,QCJA,22.075,22.11,22.14,22.03,17677,390563.0,0.5,0.34,0.075,0.0
2026-04-09,QCJL,23.93,23.99,23.99,23.93,1425,34141.0,0.25,0.4,0.095,0.0
2026-04-09,QCLN,48.36,49.1,49.42,48.36,39739,1948312.0,2.18,0.95,0.46,0.0
2026-04-09,QCLR,27.26,27.34,27.34,27.25,467,12749.0,0.33,0.5,0.137,0.0
2026-04-09,QCLS,3.51,3.57,3.7,3.51,154389,555955.0,5.26,-1.11,-0.04,1.97
2026-04-09,QCMD,28.475,28.475,28.475,28.475,48,1366.0,0.0,-0.3,-0.085,0.0
2026-04-09,QCML,11.36,11.45,11.59,11.33,29964,342651.0,2.27,0.09,0.01,0.0
2026-04-09,QCMU,14.12,14.251,14.39,14.12,8001,113660.0,1.9,0.46,0.065,0.0
2026-04-09,QCOC,22.48,22.56,22.57,22.47,21092,475795.0,0.44,0.32,0.071,0.0
2026-04-09,QCOM,127.255,127.75,128.59,126.8,9352747,1194012416.0,1.4,0.19,0.24,0.88
2026-04-09,QCRH,89.73,91.94,92.69,89.59,144029,13217335.0,3.43,1.84,1.66,0.86
2026-04-09,QDEC,32.44,32.64,32.64,32.36,52218,1699674.0,0.86,0.55,0.18,0.0
2026-04-09,QDEF,81.84,82.291,82.45,81.84,7195,591101.0,0.74,0.28,0.229,0.0
2026-04-09,QDEL,15.09,14.15,15.09,13.99,1989754,28394613.0,7.18,-7.64,-1.17,2.92
2026-04-09,QDF,81.455,82.04,82.16,81.455,23696,1942349.0,0.86,0.35,0.29,0.0
2026-04-09,QDIV,36.826,36.826,36.826,36.826,945,34807.0,0.0,0.04,0.014,0.0
2026-04-09,QDPL,41.5,41.85,41.95,41.5,190235,7931862.0,1.08,0.38,0.16,0.0
2026-04-09,QDTE,28.35,28.54,28.54,28.26,723988,20582427.0,0.98,0.25,0.07,0.0
2026-04-09,QDTY,38.51,38.629,38.7,38.35,15318,590587.0,0.91,0.67,0.258,0.0
2026-04-09,QDVO,27.64,27.89,27.89,27.55,180268,5000288.0,1.23,0.87,0.24,0.0
2026-04-09,QEFA,96.65,96.79,97.36,96.25,78586,7623691.0,1.14,-0.37,-0.355,0.0
2026-04-09,QEMM,72.82,72.836,72.935,72.41,1431,104128.0,0.72,0.12,0.09,0.0
2026-04-09,QETA,11.5,11.5,11.5,11.5,104,1196.0,0.0,0.0,0.0,0.0
2026-04-09,QETAR,1.12,1.2,1.2,1.12,492,575.0,5.41,-18.92,-0.28,0.0
2026-04-09,QETH,21.7,22.065,22.15,21.51,33926,743538.0,2.91,0.25,0.055,0.0
2026-04-09,QEW,25.2,25.22,25.26,25.06,12600,317331.0,0.79,-0.29,-0.074,0.0
2026-04-09,QFHD,26.543,26.543,26.543,26.543,13,344.0,0.0,0.41,0.109,0.0
2026-04-09,QFIN,13.42,13.75,13.82,13.25,1340858,18322950.0,4.22,1.78,0.24,1.1
2026-04-09,QFLR,34.21,34.3,34.37,34.08,195252,6696597.0,0.85,0.29,0.1,0.0
2026-04-09,QFRD,23.45,23.478,23.478,23.42,4102,96189.0,0.24,-1.1,-0.262,0.0
2026-04-09,QGEN,40.9,41.01,41.23,40.33,1113980,45627866.0,2.18,-0.63,-0.26,0.54
2026-04-09,QGRD,26.14,26.21,26.21,26.14,3157,82580.0,0.27,0.34,0.09,0.0
2026-04-09,QGRO,109.69,110.26,110.415,109.21,106425,11702595.0,1.1,0.29,0.32,0.0
2026-04-09,QGRW,56.26,56.58,56.61,55.83,192196,10836410.0,1.39,0.55,0.31,0.0
2026-04-09,QHDG,29.14,29.14,29.14,29.14,77,2238.0,0.0,0.46,0.132,0.0
2026-04-09,QHY,46.05,46.105,46.19,45.993,18376,846907.0,0.43,0.08,0.039,0.0
2026-04-09,QID,20.54,20.27,20.745,20.24,14806702,302660928.0,2.46,-1.31,-0.27,0.0
2026-04-09,QIDX,11.06,11.104,11.104,11.05,1350,14951.0,0.49,0.29,0.032,0.0
2026-04-09,QIG,44.615,44.67,44.725,44.615,1139,50884.0,0.25,0.08,0.036,0.0
2026-04-09,QINT,68.11,68.56,68.9,68.045,67094,4594705.0,1.24,-0.42,-0.29,0.0
2026-04-09,QIS,12.24,11.86,12.27,11.86,1638,19599.0,3.41,-1.41,-0.17,0.0
2026-04-09,QJUN,32.21,32.375,32.375,32.21,7258,234331.0,0.51,0.52,0.169,0.0
2026-04-09,QLC,81.37,81.93,81.98,81.195,59605,4880641.0,0.96,0.5,0.41,0.0
2026-04-09,QLD,67.09,68.01,68.11,66.45,3493174,235668442.0,2.47,1.39,0.93,0.0
2026-04-09,QLDY,40.74,41.06,41.06,40.61,20044,818227.0,1.1,0.44,0.18,0.0
2026-04-09,QLTA,47.7,47.77,47.91,47.63,249323,11902217.0,0.59,0.04,0.02,0.0
2026-04-09,QLTI,25.79,26.042,26.17,25.74,7815,202263.0,1.65,-0.31,-0.081,0.0
2026-04-09,QLTY,37.9,38.28,38.34,37.8,686822,26226263.0,1.42,1.0,0.38,0.0
2026-04-09,QLV,73.11,73.318,73.421,73.08,3116,228627.0,0.47,0.13,0.093,0.0
2026-04-09,QLVD,33.732,33.732,33.732,33.732,57,1944.0,0.0,-0.07,-0.022,0.0
2026-04-09,QLVE,31.017,31.017,31.017,31.017,57,1778.0,0.0,0.06,0.018,0.0
2026-04-09,QLYS,86.0,76.68,86.45,74.51,1701259,131712216.0,13.67,-12.23,-10.68,4.77
2026-04-09,QMAG,23.75,23.87,23.87,23.75,1569,37377.0,0.51,0.51,0.122,0.0
2026-04-09,QMAR,34.565,34.72,34.79,34.495,21967,762320.0,0.85,0.46,0.16,0.0
2026-04-09,QMCO,5.95,5.89,6.095,5.73,363359,2148096.0,6.0,-3.13,-0.19,2.48
2026-04-09,QMFE,22.76,22.85,22.86,22.74,23305,530979.0,0.53,0.31,0.07,0.0
2026-04-09,QMID,27.979,27.979,27.979,27.979,113,3187.0,0.0,-0.11,-0.03,0.0
2026-04-09,QMMY,25.47,25.5,25.5,25.42,28326,722089.0,0.31,0.31,0.078,0.0
2026-04-09,QMNV,23.46,23.495,23.52,23.35,29464,691742.0,0.73,0.49,0.114,0.0
2026-04-09,QMOM,72.89,73.683,74.17,72.89,15663,1155258.0,1.75,0.59,0.433,0.0
2026-04-09,QNC,2.43,2.48,2.48,2.34,198029,478591.0,5.79,2.48,0.06,0.09
2026-04-09,QNCX,0.126,0.124,0.159,0.116,169661233,24077751.0,23.5,-32.24,-0.059,104.08
2026-04-09,QNRX,5.96,5.74,6.17,5.5,35019,203157.0,11.19,-4.17,-0.25,1.94
2026-04-09,QNXT,26.94,26.925,26.94,26.925,1203,32405.0,0.06,-0.94,-0.255,0.0
2026-04-09,QOWZ,32.14,32.155,32.155,32.1,1422,45693.0,0.17,-0.69,-0.225,0.0
2026-04-09,QPUX,15.01,14.589,15.62,14.28,56670,843256.0,8.71,-5.14,-0.791,0.0
2026-04-09,QPX,43.81,43.785,43.81,43.72,870,38049.0,0.21,0.55,0.239,0.0
2026-04-09,QQA,51.98,52.2,52.325,51.62,66407,3450390.0,1.36,0.79,0.41,0.0
2026-04-09,QQDN,29.53,28.799,29.53,28.795,1807,52493.0,2.49,-2.52,-0.745,0.0
2026-04-09,QQEW,130.35,128.833,130.35,128.03,58141,7476315.0,1.77,-1.56,-2.037,0.0
2026-04-09,QQH,71.39,71.63,71.66,71.26,24782,1772449.0,0.56,0.39,0.28,0.0
2026-04-09,QQHG,60.385,60.385,60.385,60.385,44,2704.0,0.0,0.6,0.359,0.0
2026-04-09,QQLV,24.682,24.682,24.682,24.682,160,3948.0,0.0,0.71,0.175,0.0
2026-04-09,QQMG,41.58,41.873,41.88,41.43,15504,646986.0,1.08,0.83,0.344,0.0
2026-04-09,QQQ,605.93,610.19,610.5,603.03,37837538,22984888064.0,1.23,0.68,4.1,0.0
2026-04-09,QQQD,14.16,14.07,14.33,14.05,155027,2192091.0,1.96,-1.47,-0.21,0.0
2026-04-09,QQQE,101.94,101.74,102.0,101.17,303536,30862463.0,0.81,-0.35,-0.36,0.0
2026-04-09,QQQG,24.195,24.215,24.24,24.136,1476,35715.0,0.43,0.04,0.009,0.0
2026-04-09,QQQH,52.5,52.745,52.78,52.381,18495,973538.0,0.76,0.37,0.193,0.0
2026-04-09,QQQI,51.615,51.9,51.92,51.46,4046291,209254639.0,0.89,0.58,0.3,0.0
2026-04-09,QQQJ,38.25,38.27,38.435,38.02,192124,7357017.0,1.08,-0.16,-0.06,0.0
2026-04-09,QQQM,249.49,251.23,251.38,248.3,2747678,687597504.0,1.23,0.68,1.69,0.0
2026-04-09,QQQP,165.6,168.747,168.747,165.47,811,135163.0,1.97,1.53,2.543,0.0
2026-04-09,QQQS,35.85,36.045,36.09,35.63,16699,598255.0,1.29,1.16,0.412,0.0
2026-04-09,QQQT,16.26,16.397,16.4,16.22,15784,257676.0,1.11,0.74,0.121,0.0
2026-04-09,QQQU,45.61,46.52,46.645,44.84,47326,2181660.0,4.0,3.17,1.43,0.0
2026-04-09,QQQX,28.43,28.44,28.58,28.171,206872,5873954.0,1.44,0.35,0.1,0.0
2026-04-09,QQQY,21.33,21.46,21.465,21.27,1135403,24281044.0,0.91,-0.28,-0.06,0.0
2026-04-09,QQUP,47.37,48.672,48.672,47.03,1341,64259.0,3.46,2.51,1.19,0.0
2026-04-09,QQWZ,26.4,26.16,26.4,26.09,10390,271772.0,1.18,-0.74,-0.195,0.0
2026-04-09,QQXL,41.01,41.687,41.712,41.01,1738,71571.0,1.73,2.61,1.061,0.0
2026-04-09,QQXT,99.09,99.386,99.43,98.96,2522,250346.0,0.47,0.17,0.171,0.0
2026-04-09,QRFT,62.355,62.836,62.836,62.355,2077,130384.0,0.77,1.11,0.687,0.0
2026-04-09,QRHC,1.12,1.13,1.16,1.12,10747,12211.0,3.51,-0.88,-0.01,0.05
2026-04-09,QRMI,15.32,15.357,15.36,15.32,3225,49487.0,0.26,0.21,0.032,0.0
2026-04-09,QRVO,79.37,79.83,80.165,79.11,1166591,92863896.0,1.33,0.33,0.26,1.26
2026-04-09,QS,6.28,6.18,6.33,6.15,7680249,47767689.0,2.86,-1.9,-0.12,1.34
2026-04-09,QSEA,10.36,10.39,10.39,10.36,1734,17958.0,0.29,0.19,0.02,0.02
2026-04-09,QSEAR,0.11,0.11,0.11,0.11,23,3.0,0.0,0.0,0.0,0.0
2026-04-09,QSEAU,11.54,11.03,11.54,11.03,201,2269.0,4.86,5.15,0.54,0.0
2026-04-09,QSI,0.75,0.747,0.76,0.726,2638571,1962270.0,4.53,-0.53,-0.004,1.34
2026-04-09,QSIAW,0.12,0.077,0.12,0.061,36966,3013.0,49.17,-35.83,-0.043,0.0
2026-04-09,QSIG,48.62,48.66,48.665,48.62,4656,226511.0,0.09,0.07,0.035,0.0
2026-04-09,QSIX,36.74,36.828,36.828,36.5,5693,209032.0,0.9,0.75,0.273,0.0
2026-04-09,QSML,29.18,29.22,29.22,29.16,416,12141.0,0.21,0.5,0.145,0.0
2026-04-09,QSOL,8.23,8.446,8.446,8.23,1865,15460.0,2.59,1.19,0.099,0.0
2026-04-09,QSPT,31.59,31.84,31.84,31.59,19340,614970.0,0.79,0.67,0.212,0.0
2026-04-09,QSR,77.58,76.87,78.43,76.85,3253381,251826898.0,2.04,-0.89,-0.69,0.94
2026-04-09,QSU,11.2,11.0,11.55,11.0,23564,266967.0,4.76,-4.76,-0.55,0.0
2026-04-09,QTAC,23.21,23.11,23.24,23.09,7983,184726.0,0.65,-0.43,-0.1,0.0
2026-04-09,QTAP,47.639,47.641,47.68,47.58,676,32183.0,0.21,0.68,0.321,0.0
2026-04-09,QTEC,229.36,227.22,229.36,225.5,371450,84272738.0,1.68,-0.9,-2.07,0.0
2026-04-09,QTI,6.71,7.0,7.01,6.37,28579,194451.0,9.45,3.4,0.23,0.24
2026-04-09,QTJA,29.81,29.96,29.96,29.81,727,21718.0,0.5,0.6,0.18,0.0
2026-04-09,QTJL,40.03,40.24,40.299,40.03,4869,195992.0,0.67,0.68,0.273,0.0
2026-04-09,QTOC,34.2,34.555,34.555,34.2,8974,307620.0,1.04,0.84,0.289,0.0
2026-04-09,QTOP,31.59,31.96,31.97,31.49,171632,5448435.0,1.52,1.36,0.429,0.0
2026-04-09,QTPI,25.64,25.569,25.64,25.569,3445,88338.0,0.28,0.15,0.039,0.0
2026-04-09,QTR,29.43,29.576,29.576,29.43,607,17925.0,0.5,0.66,0.194,0.0
2026-04-09,QTRX,3.42,3.3,3.45,3.27,733107,2433252.0,5.14,-5.71,-0.2,1.56
2026-04-09,QTTB,5.39,4.92,5.5,4.83,350921,1772687.0,12.25,-10.05,-0.55,2.4
2026-04-09,QTUM,115.71,116.14,116.205,114.82,241296,27921087.0,1.2,0.27,0.31,0.0
2026-04-09,QTWO,47.68,46.04,47.68,45.22,569093,26150431.0,5.1,-4.52,-2.18,0.91
2026-04-09,QUAD,7.2,7.24,7.25,7.09,94495,679850.0,2.19,-0.69,-0.05,0.25
2026-04-09,QUAL,198.81,200.25,200.63,198.43,1112162,222109157.0,1.11,0.62,1.24,0.0
2026-04-09,QUBT,6.86,6.78,6.95,6.75,5419776,36966190.0,2.89,-2.16,-0.15,2.41
2026-04-09,QUBX,7.58,7.39,7.67,7.28,50260,372772.0,5.06,-4.03,-0.31,0.0
2026-04-09,QUCY,0.501,0.474,0.52,0.46,555560,268754.0,11.76,-7.06,-0.036,4.44
2026-04-09,QUIK,10.08,10.8,10.86,10.08,256562,2728239.0,7.79,7.89,0.79,1.45
2026-04-09,QUIZ,28.54,28.54,28.633,28.22,9853,280343.0,1.44,-0.21,-0.059,0.0
2026-04-09,QUMS,10.14,10.13,10.14,10.13,11075,112194.0,0.1,0.0,0.0,0.1
2026-04-09,QUMSR,0.276,0.26,0.28,0.26,6695,1795.0,7.69,0.0,0.0,0.0
2026-04-09,QUMSU,10.32,10.32,10.32,10.32,1,10.0,0.0,0.0,0.0,0.0
2026-04-09,QURE,15.62,16.3,16.685,15.62,1051581,17069000.0,6.7,2.58,0.41,1.68
2026-04-09,QUS,176.615,177.127,177.416,176.31,15055,2665715.0,0.63,0.35,0.617,0.0
2026-04-09,QUSA,17.81,17.95,17.965,17.78,34946,627000.0,1.04,0.93,0.165,0.0
2026-04-09,QUVU,28.19,28.41,28.43,28.19,2572,72831.0,0.85,0.35,0.1,0.0
2026-04-09,QVAL,53.51,53.82,53.911,53.3,9276,498061.0,1.14,0.34,0.18,0.0
2026-04-09,QVCC,10.1,10.08,10.171,10.04,270048,2730614.0,1.29,-1.08,-0.11,0.0
2026-04-09,QVCD,10.21,10.145,10.25,10.022,10100,102627.0,2.22,-1.02,-0.105,0.0
2026-04-09,QVCGA,2.3,2.29,2.47,2.23,69252,162485.0,10.13,-3.38,-0.08,0.88
2026-04-09,QVCGP,2.89,2.82,2.92,2.75,20437,57596.0,5.78,-4.08,-0.12,0.16
2026-04-09,QVML,40.29,40.241,40.29,40.22,2864,115213.0,0.18,0.8,0.32,0.0
2026-04-09,QVMM,33.16,33.262,33.32,33.16,1043,34739.0,0.48,0.36,0.118,0.0
2026-04-09,QVMS,30.74,30.74,30.74,30.74,74,2300.0,0.0,0.72,0.22,0.0
2026-04-09,QVMT,61.95,62.338,62.4,61.92,2308,143517.0,0.78,0.72,0.443,0.0
2026-04-09,QVOY,28.47,28.35,28.53,28.35,7188,204784.0,0.64,0.12,0.035,0.0
2026-04-09,QWLD,147.72,147.988,148.07,147.72,707,104637.0,0.24,0.27,0.396,0.0
2026-04-09,QXAS,8.523,8.523,8.523,8.523,13,110.0,0.0,1.4,0.118,0.0
2026-04-09,QXO,20.3,21.18,21.3,20.3,8701805,183015302.0,4.87,3.22,0.66,1.23
2026-04-09,QXO_B,58.89,59.56,59.57,58.86,17257,1023203.0,1.23,3.17,1.83,0.14
2026-04-09,QXQ,26.88,27.127,27.17,26.88,11652,314945.0,1.08,0.87,0.233,0.0
2026-04-09,QYLD,17.55,17.59,17.6,17.54,10609214,186447070.0,0.34,0.23,0.04,0.0
2026-04-09,QYLG,26.88,27.01,27.04,26.84,136067,3654654.0,0.74,0.49,0.133,0.0
2026-04-09,R,219.31,222.04,223.84,217.58,258630,57319977.0,2.84,0.8,1.77,0.66
2026-04-09,RA,12.95,12.99,13.01,12.92,107330,1392647.0,0.69,-0.69,-0.09,0.0
2026-04-09,RAA,28.49,28.4,28.49,28.26,24726,701524.0,0.81,0.35,0.098,0.0
2026-04-09,RAAA,24.96,24.965,24.965,24.955,1273,31770.0,0.04,0.06,0.015,0.0
2026-04-09,RAAQ,10.44,10.4,10.45,10.38,34603,359910.0,0.67,0.0,0.0,0.2
2026-04-09,RAAQU,11.199,11.08,11.2,10.25,120194,1296554.0,8.6,0.27,0.03,0.0
2026-04-09,RAAQW,1.39,1.39,1.4,1.38,84842,118444.0,1.44,0.0,0.0,0.0
2026-04-09,RAAR,50.2,50.22,50.22,50.15,2083,104537.0,0.14,0.1,0.049,0.0
2026-04-09,RAAX,41.29,41.4,41.54,41.2,236136,9781507.0,0.83,0.66,0.27,0.0
2026-04-09,RAC,10.43,10.43,10.43,10.43,6,62.0,0.0,0.0,0.0,0.0
2026-04-09,RACE,347.48,352.22,354.74,346.15,565104,197936117.0,2.45,0.26,0.92,0.32
2026-04-09,RADX,4.3,4.67,4.67,4.3,29417,134397.0,8.26,4.24,0.19,0.25
2026-04-09,RAFE,42.6,42.88,42.9,42.6,10757,460512.0,0.7,0.21,0.09,0.0
2026-04-09,RAIL,8.49,8.92,9.03,8.32,190513,1689592.0,8.29,4.21,0.36,1.0
2026-04-09,RAIN,2.72,2.34,2.72,2.18,30563,72599.0,20.3,-12.03,-0.32,0.38
2026-04-09,RAINW,0.19,0.17,0.19,0.17,3872,708.0,10.53,-10.53,-0.02,0.0
2026-04-09,RAL,44.09,44.5,44.88,43.66,1281614,56936515.0,2.76,0.59,0.26,1.15
2026-04-09,RAMP,26.14,26.59,26.69,25.565,742570,19587143.0,4.24,0.3,0.08,1.18
2026-04-09,RAND,11.2,11.266,11.275,11.2,1483,16672.0,0.66,-1.09,-0.124,0.05
2026-04-09,RANG,10.545,10.545,10.545,10.545,320,3375.0,0.0,0.05,0.005,0.0
2026-04-09,RANGR,0.296,0.3,0.33,0.29,1325,395.0,12.08,-9.37,-0.031,0.0
2026-04-09,RANI,0.843,0.78,0.843,0.77,1340446,1055939.0,8.78,-6.14,-0.051,1.34
2026-04-09,RAPP,33.67,34.22,34.32,33.18,198250,6761730.0,3.38,1.57,0.53,0.41
2026-04-09,RARE,22.92,23.91,24.12,22.92,1965749,46631283.0,5.18,3.28,0.76,2.0
2026-04-09,RAUS,26.38,26.585,26.62,26.38,20082,533712.0,0.91,0.81,0.213,0.0
2026-04-09,RAVE,2.5,2.35,2.5,2.35,64587,155965.0,6.0,-6.0,-0.15,0.45
2026-04-09,RAVI,75.245,75.26,75.27,75.24,221733,16684174.0,0.04,0.03,0.025,0.0
2026-04-09,RAY,3.86,3.86,3.9,3.86,5315,20622.0,1.04,0.0,0.0,0.18
2026-04-09,RAYA,0.435,0.457,0.459,0.408,18626698,11896034.0,12.14,8.81,0.037,190.36
2026-04-09,RAYJ,36.75,36.905,37.0,36.67,2247,82842.0,0.88,-1.13,-0.42,0.0
2026-04-09,RB,45.409,45.409,45.409,45.409,11,505.0,0.0,0.85,0.382,0.0
2026-04-09,RBA,99.26,99.89,100.04,98.51,863900,85941096.0,1.53,0.08,0.08,0.46
2026-04-09,RBB,22.18,22.75,22.94,22.105,170669,3853774.0,3.74,2.02,0.45,1.0
2026-04-09,RBBN,2.24,2.25,2.26,2.195,539619,1208704.0,2.9,0.45,0.01,0.31
2026-04-09,RBC,578.93,595.11,597.99,578.0,184660,109628557.0,3.44,2.51,14.56,0.58
2026-04-09,RBCAA,72.95,75.24,75.24,72.525,67808,5033630.0,3.72,3.01,2.2,0.39
2026-04-09,RBIL,50.06,50.06,50.08,49.99,23257,1164533.0,0.18,0.01,0.005,0.0
2026-04-09,RBKB,15.32,15.53,15.753,15.32,2772,43265.0,2.79,0.19,0.03,0.02
2026-04-09,RBLD,85.71,85.484,85.781,85.484,493,42219.0,0.35,1.01,0.853,0.0
2026-04-09,RBLU,11.09,11.18,11.4,10.4,109759,1193712.0,8.9,-0.53,-0.06,0.0
2026-04-09,RBLX,54.8,55.17,55.75,53.204,10161000,554994528.0,4.59,-0.47,-0.26,1.52
2026-04-09,RBLY,16.9,17.114,17.114,16.67,5763,96607.0,2.57,-1.08,-0.186,0.0
2026-04-09,RBNE,2.09,2.0,2.13,1.955,958671,1948711.0,8.33,-4.76,-0.1,13.65
2026-04-09,RBRK,50.97,46.18,51.075,45.019,6327953,294303952.0,11.73,-10.56,-5.45,3.93
2026-04-09,RBUF,29.85,29.965,29.99,29.81,87181,2609737.0,0.6,0.37,0.109,0.0
2026-04-09,RC,1.58,1.55,1.6,1.55,993874,1558621.0,3.16,-1.9,-0.03,0.61
2026-04-09,RCAT,12.94,11.93,13.135,11.755,11276993,137467424.0,10.58,-8.51,-1.11,9.31
2026-04-09,RCAX,12.85,11.0,13.38,10.68,366034,4259605.0,20.44,-16.71,-2.207,0.0
2026-04-09,RCB,25.31,25.3,25.31,25.298,12560,317779.0,0.05,0.01,0.003,0.0
2026-04-09,RCD,20.15,20.01,20.15,19.9,8668,173336.0,1.25,-0.3,-0.06,0.0
2026-04-09,RCEL,4.13,4.54,4.56,4.1,454598,2015184.0,11.22,10.73,0.44,1.48
2026-04-09,RCG,3.15,2.96,3.185,2.96,26371,81828.0,7.12,-6.33,-0.2,0.0
2026-04-09,RCI,33.25,32.8,33.39,31.97,2790572,90719044.0,4.27,-1.35,-0.45,0.65
2026-04-09,RCKT,3.57,3.6,3.65,3.52,2387080,8574143.0,3.61,0.0,0.0,2.19
2026-04-09,RCKTW,0.012,0.012,0.012,0.009,43300,430.0,25.0,0.0,0.0,0.0
2026-04-09,RCKY,41.53,43.7,43.79,41.095,33814,1448278.0,6.47,4.87,2.03,0.45
2026-04-09,RCL,274.39,275.89,280.32,270.44,2077343,572878736.0,3.54,-1.21,-3.37,0.77
2026-04-09,RCLO,24.615,24.62,24.62,24.615,481,11848.0,0.02,0.02,0.005,0.0
2026-04-09,RCLR,49.4,49.37,49.4,49.37,1000,49400.0,0.06,0.02,0.01,0.0
2026-04-09,RCMT,27.85,27.9,28.505,26.88,69922,1945347.0,5.83,0.11,0.03,1.0
2026-04-09,RCON,0.85,0.83,0.89,0.791,15592,13127.0,11.11,-6.85,-0.061,0.15
2026-04-09,RCS,5.2,5.22,5.3,5.187,152584,798131.0,2.17,0.38,0.02,0.0
2026-04-09,RCT,0.677,0.63,0.679,0.621,97590,63886.0,8.68,-5.69,-0.038,0.18
2026-04-09,RCTR,36.65,36.632,36.91,36.63,2150,79136.0,0.76,-0.54,-0.199,0.0
2026-04-09,RCUS,22.37,23.28,23.39,22.305,565758,13053452.0,4.79,2.78,0.63,0.45
2026-04-09,RC_C,10.535,10.82,10.82,10.46,2597,27550.0,3.5,5.05,0.52,0.78
2026-04-09,RDAC,5.22,6.49,6.98,5.22,7250,44114.0,32.0,18.0,0.99,0.12
2026-04-09,RDACU,4.5,4.7,4.7,4.5,270,1235.0,4.26,0.0,0.0,0.0
2026-04-09,RDAG,10.24,10.23,10.24,10.23,16757,171433.0,0.1,0.1,0.01,0.06
2026-04-09,RDAGU,10.51,10.51,10.51,10.51,955,10037.0,0.0,0.19,0.02,0.0
2026-04-09,RDAGW,0.45,0.48,0.48,0.45,331,145.0,9.38,50.0,0.16,0.0
2026-04-09,RDCM,12.57,12.48,12.79,12.36,27173,343006.0,3.41,-0.95,-0.12,0.16
2026-04-09,RDDT,144.54,138.38,145.17,135.0,5076466,699819392.0,7.01,-4.57,-6.62,3.64
2026-04-09,RDFI,22.73,23.55,23.55,22.73,8438,197804.0,3.5,0.51,0.119,0.0
2026-04-09,RDGT,2.9,2.96,3.04,2.71,790283,2242676.0,11.04,-1.0,-0.03,87.91
2026-04-09,RDHL,0.845,0.831,0.86,0.814,10929,9160.0,5.75,3.88,0.031,0.21
2026-04-09,RDI,1.1,1.13,1.13,1.1,3248,3623.0,2.78,4.63,0.05,0.02
2026-04-09,RDIB,9.7,9.55,9.7,9.55,799,7682.0,1.59,1.27,0.12,0.05
2026-04-09,RDN,34.48,34.58,34.99,34.48,1491058,51746123.0,1.48,0.03,0.01,1.11
2026-04-09,RDNT,55.07,56.07,56.3,54.33,620456,34579620.0,3.52,0.29,0.16,0.8
2026-04-09,RDNW,6.58,6.73,6.793,6.43,50021,330202.0,5.41,0.3,0.02,0.13
2026-04-09,RDOG,37.446,37.446,37.446,37.446,83,3141.0,0.0,1.18,0.436,0.0
2026-04-09,RDTE,27.66,27.96,27.99,27.66,51490,1435133.0,1.18,-0.18,-0.05,0.0
2026-04-09,RDTL,16.86,15.5,17.1,14.707,591084,9102590.0,14.04,-9.06,-1.544,0.0
2026-04-09,RDTY,36.88,37.145,37.2,36.88,5329,197657.0,0.87,0.41,0.151,0.0
2026-04-09,RDVI,26.82,27.1,27.1,26.75,540854,14578043.0,1.3,0.97,0.26,0.0
2026-04-09,RDVT,37.58,37.56,38.34,36.347,105839,3960749.0,5.21,-1.78,-0.68,0.75
2026-04-09,RDVY,71.81,72.63,72.735,71.66,1234386,89315578.0,1.49,0.9,0.65,0.0
2026-04-09,RDW,9.53,9.22,9.76,9.1,12846563,120310574.0,6.87,-4.06,-0.39,6.46
2026-04-09,RDWR,27.32,25.66,27.53,25.65,184706,4834701.0,6.86,-6.35,-1.74,0.44
2026-04-09,RDWU,10.36,9.76,10.843,9.482,197444,1978092.0,12.89,-7.58,-0.8,0.0
2026-04-09,RDY,13.28,13.26,13.315,13.19,2316493,30728209.0,0.94,0.15,0.02,0.28
2026-04-09,RDYY,20.27,19.829,20.27,19.549,10675,211064.0,3.47,-4.67,-0.971,0.0
2026-04-09,RDZN,1.01,1.1,1.1,1.0,927360,1042723.0,9.26,1.85,0.02,1.16
2026-04-09,REAI,20.585,20.585,20.585,20.585,7,146.0,0.0,0.75,0.153,0.0
2026-04-09,REAL,10.13,9.69,10.18,9.57,2084574,20318513.0,6.0,-4.63,-0.47,1.75
2026-04-09,REAX,2.49,2.49,2.5,2.385,841640,2065149.0,4.58,-0.8,-0.02,0.4
2026-04-09,REBN,2.45,2.67,2.72,2.45,89651,234558.0,11.02,8.98,0.22,1.5
2026-04-09,RECS,40.23,40.46,40.5,40.09,489769,19745213.0,1.02,0.4,0.16,0.0
2026-04-09,RECT,1.18,1.19,1.22,1.11,7863,9222.0,9.09,-1.65,-0.02,0.05
2026-04-09,REE,0.65,0.651,0.665,0.635,18240,11961.0,4.57,-0.76,-0.005,0.06
2026-04-09,REED,3.76,3.77,3.95,3.73,5317,20261.0,5.82,-0.26,-0.01,0.04
2026-04-09,REET,26.14,26.36,26.575,26.095,1329139,35099463.0,1.83,0.38,0.1,0.0
2026-04-09,REFA,22.185,22.185,22.185,22.185,19,419.0,0.0,-0.17,-0.037,0.0
2026-04-09,REFI,11.39,11.48,11.58,11.385,105568,1214417.0,1.71,0.7,0.08,0.5
2026-04-09,REFR,0.925,0.94,0.97,0.91,35901,34120.0,6.51,1.95,0.018,0.1
2026-04-09,REGCO,22.09,22.54,22.55,22.09,17371,389978.0,2.07,1.67,0.37,0.39
2026-04-09,REGCP,23.49,23.41,23.51,23.235,893,20884.0,1.18,0.04,0.01,0.02
2026-04-09,REGL,89.4,90.27,90.609,89.4,130923,11827208.0,1.35,0.6,0.54,0.0
2026-04-09,REGN,764.15,767.85,772.45,761.5,596831,457438736.0,1.41,-0.99,-7.68,0.57
2026-04-09,REGS,10.1,10.185,10.185,10.1,11819,119982.0,0.84,0.54,0.055,0.0
2026-04-09,REI,1.45,1.36,1.46,1.36,2792861,3912746.0,7.04,-4.23,-0.06,1.33
2026-04-09,REIT,28.53,28.706,28.89,28.45,6857,196989.0,1.55,0.96,0.272,0.0
2026-04-09,REK,16.37,16.24,16.37,16.1,6946,112465.0,1.65,-0.79,-0.13,0.0
2026-04-09,REKR,0.774,0.736,0.774,0.72,3156387,2337330.0,7.02,-4.29,-0.033,2.31
2026-04-09,REKT,18.12,18.12,18.12,18.08,1217,22019.0,0.22,0.72,0.13,0.0
2026-04-09,RELL,13.5,14.43,14.75,12.46,719412,10032309.0,19.47,22.7,2.67,5.75
2026-04-09,RELX,33.94,33.34,34.02,33.085,3064247,102341307.0,2.76,-1.74,-0.59,0.17
2026-04-09,RELY,16.66,17.1,17.11,16.38,3023594,51108738.0,4.38,2.58,0.43,1.44
2026-04-09,REM,21.97,22.28,22.345,21.97,333740,7406221.0,1.7,1.18,0.26,0.0
2026-04-09,REMC,20.7,20.707,20.707,20.7,204,4223.0,0.03,-0.23,-0.047,0.0
2026-04-09,REMG,32.403,32.804,32.895,32.402,6651,217200.0,1.5,-0.29,-0.095,0.0
2026-04-09,REMX,93.71,93.2,94.59,92.5,737464,68926229.0,2.23,-0.43,-0.4,0.0
2026-04-09,RENT,5.21,5.8,5.99,5.141,80845,464146.0,16.2,10.69,0.56,0.24
2026-04-09,RENX,2.72,2.63,2.85,2.51,335917,896069.0,12.06,-6.74,-0.19,13.4
2026-04-09,REPL,5.88,5.91,6.52,5.22,8356467,49623811.0,22.09,0.42,0.025,10.12
2026-04-09,REPX,39.38,39.12,39.748,38.27,455929,17799512.0,3.77,-0.25,-0.1,2.1
2026-04-09,RERE,4.54,4.56,4.63,4.45,684806,3101093.0,3.88,-1.72,-0.08,0.52
2026-04-09,RES,6.72,6.65,6.85,6.615,1747433,11710270.0,3.52,-0.45,-0.03,0.79
2026-04-09,RESM,21.48,21.484,21.484,21.48,200,4296.0,0.02,0.64,0.137,0.0
2026-04-09,RETL,7.95,8.32,8.45,7.895,470707,3854975.0,6.89,3.23,0.26,0.0
2026-04-09,RETO,0.81,0.795,0.81,0.65,89686,65350.0,20.05,-0.38,-0.003,0.81
2026-04-09,REVB,1.22,1.23,1.28,1.185,63495,78559.0,7.85,1.65,0.02,1.71
2026-04-09,REVBW,0.007,0.009,0.009,0.007,2100,14.0,22.22,0.0,0.0,0.0
2026-04-09,REVS,29.64,29.73,29.79,29.49,46310,1375399.0,1.02,0.61,0.18,0.0
2026-04-09,REW,11.08,10.94,11.18,10.91,26541,292842.0,2.46,-0.45,-0.05,0.0
2026-04-09,REX,44.68,44.28,45.32,43.93,194218,8618745.0,3.12,-0.56,-0.25,0.59
2026-04-09,REXR,33.99,34.28,34.665,33.9,1248812,42897879.0,2.23,0.15,0.05,0.55
2026-04-09,REXR_B,21.67,21.9,21.935,21.67,854,18661.0,1.22,0.69,0.15,0.03
2026-04-09,REXR_C,20.74,20.76,20.875,20.74,1578,32817.0,0.65,-0.57,-0.12,0.05
2026-04-09,REYN,21.67,22.28,22.35,21.58,1020534,22670444.0,3.51,1.55,0.34,0.48
2026-04-09,REZ,86.03,86.75,87.6,85.925,31935,2780892.0,1.94,0.53,0.46,0.0
2026-04-09,REZI,36.36,37.82,37.945,35.98,1028433,38548518.0,5.37,3.33,1.22,0.68
2026-04-09,RF,27.33,28.15,28.22,27.06,12924958,361947872.0,4.22,2.48,0.68,1.51
2026-04-09,RFAI,10.91,10.93,11.435,10.89,10882,119737.0,4.99,0.09,0.01,0.13
2026-04-09,RFAIR,0.12,0.12,0.12,0.12,100,12.0,0.0,0.0,0.0,0.0
2026-04-09,RFAM,9.84,9.84,9.84,9.84,185,1820.0,0.0,-1.01,-0.1,0.0
2026-04-09,RFAMU,9.95,9.95,9.95,9.95,5,50.0,0.0,0.0,0.0,0.0
2026-04-09,RFCI,22.5,22.505,22.51,22.5,1675,37708.0,0.04,-0.1,-0.022,0.0
2026-04-09,RFDA,64.82,64.838,64.838,64.82,5535,358749.0,0.03,0.62,0.402,0.0
2026-04-09,RFDI,85.21,85.718,85.98,85.21,5397,462555.0,0.89,-0.41,-0.351,0.0
2026-04-09,RFEM,86.27,86.79,86.79,85.89,1300,112632.0,1.04,0.15,0.131,0.0
2026-04-09,RFFC,69.779,69.779,69.779,69.779,180,12629.0,0.0,0.74,0.516,0.0
2026-04-09,RFG,57.635,57.76,58.12,57.609,5359,309876.0,0.88,-0.02,-0.01,0.0
2026-04-09,RFI,11.37,11.52,11.55,11.352,55729,638571.0,1.74,1.41,0.16,0.0
2026-04-09,RFIL,11.5,11.61,12.11,11.5,138809,1627180.0,5.29,0.61,0.07,1.28
2026-04-09,RFIX,39.75,39.27,39.92,38.95,280021,11066119.0,2.42,-2.05,-0.82,0.0
2026-04-09,RFL,1.23,1.31,1.365,1.23,57122,74567.0,10.8,4.8,0.06,0.11
2026-04-09,RFLR,30.02,29.851,30.02,29.785,5755,171884.0,0.79,0.1,0.031,0.0
2026-04-09,RFM,14.38,14.44,14.45,14.35,14175,204360.0,0.7,0.77,0.11,0.0
2026-04-09,RFMZ,12.93,13.02,13.02,12.91,87991,1140762.0,0.86,1.24,0.16,0.0
2026-04-09,RFV,133.68,134.642,134.97,133.66,9638,1298434.0,0.98,0.43,0.582,0.0
2026-04-09,RF_C,24.26,24.35,24.39,24.0,32790,796612.0,1.61,0.66,0.16,0.16
2026-04-09,RF_E,16.63,16.79,16.79,16.63,49157,823044.0,0.96,0.42,0.07,0.31
2026-04-09,RF_F,25.37,25.43,25.44,25.32,15358,390103.0,0.47,0.39,0.1,0.08
2026-04-09,RGA,209.2,208.8,212.7,207.82,273977,57401099.0,2.31,-1.18,-2.5,0.42
2026-04-09,RGC,28.88,28.17,29.0,27.76,78694,2218461.0,4.29,-2.46,-0.71,0.02
2026-04-09,RGCO,23.25,23.94,24.0,22.834,15382,363660.0,4.99,2.4,0.56,0.15
2026-04-09,RGEF,31.46,31.685,31.75,31.46,4735,149962.0,0.92,0.67,0.21,0.0
2026-04-09,RGEN,118.41,119.78,121.0,115.45,609718,72685030.0,4.63,0.01,0.01,1.08
2026-04-09,RGLD,268.66,265.43,273.0,264.89,679931,181199527.0,3.02,-1.02,-2.74,0.8
2026-04-09,RGLO,30.0,30.32,30.45,29.963,19443,587966.0,1.61,0.55,0.165,0.0
2026-04-09,RGNT,3.28,3.055,3.285,3.055,1323,4204.0,7.42,-1.45,-0.045,0.03
2026-04-09,RGNX,8.54,8.96,9.0,8.41,470975,4173527.0,6.81,3.34,0.29,0.91
2026-04-09,RGP,3.85,3.465,3.86,3.055,1383126,4569993.0,22.87,-1.56,-0.055,4.03
2026-04-09,RGS,24.38,24.54,24.752,24.28,1176,28800.0,1.93,0.12,0.03,0.05
2026-04-09,RGT,14.05,14.1,14.27,13.88,19518,274529.0,2.8,1.15,0.16,0.0
2026-04-09,RGTI,14.33,14.31,14.69,14.03,20875938,299522928.0,4.54,-1.51,-0.22,6.29
2026-04-09,RGTIW,5.75,5.79,6.05,5.72,72201,421906.0,5.61,-1.53,-0.09,0.0
2026-04-09,RGTU,14.8,14.87,15.441,14.22,39661,592976.0,8.0,-2.62,-0.4,0.0
2026-04-09,RGTX,15.17,15.05,15.815,14.42,606858,9192710.0,8.96,-3.34,-0.52,0.0
2026-04-09,RGTZ,25.18,25.04,26.02,23.83,1535428,38354779.0,8.97,2.58,0.63,0.0
2026-04-09,RGYY,10.02,10.085,10.18,10.02,16686,168509.0,1.58,-0.3,-0.03,0.0
2026-04-09,RH,118.27,123.8,124.0,116.12,1170105,142681156.0,6.57,3.17,3.8,6.21
2026-04-09,RHI,23.71,24.7,24.735,23.01,3329134,80363335.0,7.19,2.92,0.7,3.25
2026-04-09,RHLD,156.13,162.31,165.005,148.54,224494,35655764.0,10.49,3.43,5.39,2.65
2026-04-09,RHP,96.61,98.34,99.47,96.42,532183,52379354.0,3.15,1.54,1.49,0.84
2026-04-09,RHRX,19.94,19.985,19.985,19.83,50728,1011488.0,0.78,1.04,0.205,0.0
2026-04-09,RHTX,19.205,19.205,19.205,19.205,61,1163.0,0.0,0.62,0.119,0.0
2026-04-09,RIBB,10.51,10.51,10.51,10.51,2,21.0,0.0,0.0,0.0,0.0
2026-04-09,RIBBR,0.18,0.176,0.18,0.176,500,89.0,2.27,0.0,0.0,0.0
2026-04-09,RICK,24.31,24.28,24.86,23.885,38813,943444.0,3.97,-1.14,-0.28,0.5
2026-04-09,RIET,9.24,9.37,9.395,9.21,67130,627681.0,1.99,0.97,0.09,0.0
2026-04-09,RIFR,29.12,29.055,29.165,29.03,5157,149950.0,0.47,0.75,0.215,0.0
2026-04-09,RIG,6.68,6.56,6.82,6.52,20597168,137190175.0,4.48,-2.09,-0.14,1.86
2026-04-09,RIGL,29.3,30.51,30.61,29.075,368110,11169498.0,5.16,2.62,0.78,1.99
2026-04-09,RIGS,22.85,23.0,23.17,22.78,10372,238712.0,1.69,-0.33,-0.075,0.0
2026-04-09,RILA,10.72,10.803,10.81,10.71,1936,20847.0,0.93,0.01,0.001,0.0
2026-04-09,RILY,7.48,7.52,7.75,7.33,676836,5126964.0,5.59,0.0,0.0,1.93
2026-04-09,RILYG,23.37,23.69,23.85,23.37,30016,711624.0,2.04,0.72,0.17,0.0
2026-04-09,RILYL,12.22,12.8,12.83,12.22,5387,68554.0,4.79,0.47,0.06,0.31
2026-04-09,RILYN,24.21,24.35,24.5,24.21,33186,808738.0,1.2,0.58,0.14,0.0
2026-04-09,RILYP,11.7,12.18,12.48,11.7,8124,99001.0,6.55,2.27,0.27,0.29
2026-04-09,RILYT,18.0,18.21,18.29,18.0,11432,208338.0,1.61,1.28,0.23,0.0
2026-04-09,RILYZ,16.44,16.7,16.875,16.29,26052,436271.0,3.53,0.85,0.14,0.0
2026-04-09,RIME,1.07,1.14,1.15,1.04,847747,924272.0,10.19,5.56,0.06,5.79
2026-04-09,RINF,31.99,32.0,32.0,31.855,2549,81378.0,0.45,0.09,0.03,0.0
2026-04-09,RING,84.82,84.56,86.04,83.56,262957,22272256.0,2.94,0.14,0.12,0.0
2026-04-09,RINT,30.38,30.621,30.69,30.28,11227,342718.0,1.34,-0.09,-0.027,0.0
2026-04-09,RIO,97.82,97.13,98.63,96.72,2265255,220814667.0,1.94,-1.34,-1.32,0.18
2026-04-09,RIOT,16.0,16.69,17.175,15.965,18245183,304773600.0,7.51,3.6,0.58,4.81
2026-04-09,RIOX,24.44,26.45,27.9,24.3,176658,4661355.0,14.52,6.7,1.66,0.0
2026-04-09,RISN,29.26,29.075,29.26,28.99,2879,83661.0,0.92,-1.0,-0.295,0.0
2026-04-09,RISR,36.436,36.254,36.46,36.15,78949,2865919.0,0.85,-0.13,-0.046,0.0
2026-04-09,RITA,20.03,20.113,20.113,20.03,680,13591.0,0.42,0.77,0.153,0.0
2026-04-09,RITM,9.76,9.91,10.005,9.76,6075105,60162517.0,2.5,1.23,0.12,1.09
2026-04-09,RITM_A,25.27,25.5,25.515,25.27,18152,460353.0,0.97,0.91,0.23,0.43
2026-04-09,RITM_B,24.96,25.0,25.07,24.95,35201,880143.0,0.48,0.0,0.0,0.31
2026-04-09,RITM_C,24.13,24.42,24.48,24.13,34878,848983.0,1.45,1.33,0.32,0.22
2026-04-09,RITM_D,24.85,24.84,24.885,24.79,37820,939934.0,0.38,-0.04,-0.01,0.2
2026-04-09,RITM_E,24.7,24.7,24.74,24.62,39505,975594.0,0.49,0.0,0.0,0.52
2026-04-09,RITM_F,24.69,24.82,24.82,24.69,23428,580413.0,0.53,0.28,0.07,0.23
2026-04-09,RITR,0.523,0.54,0.556,0.523,26053,13916.0,6.0,-1.82,-0.01,0.06
2026-04-09,RIV,11.6,11.61,11.65,11.421,45476,527633.0,1.97,0.09,0.01,0.0
2026-04-09,RIVN,15.04,15.24,15.43,14.865,16625040,253038214.0,3.73,0.66,0.1,1.34
2026-04-09,RIV_A,22.45,22.66,22.7,22.45,5787,130232.0,1.11,0.94,0.21,0.15
2026-04-09,RJDI,27.94,28.01,28.12,27.88,44246,1240069.0,0.86,0.65,0.18,0.0
2026-04-09,RJET,19.28,19.99,20.51,19.23,118367,2352287.0,6.54,2.15,0.42,0.25
2026-04-09,RJF,146.79,148.14,148.85,146.23,1157568,171378267.0,1.77,0.22,0.32,0.59
2026-04-09,RJMI,25.52,25.555,25.58,25.52,5160,131840.0,0.24,0.2,0.05,0.0
2026-04-09,RJVI,25.11,25.155,25.17,25.11,3523,88538.0,0.24,0.21,0.052,0.0
2026-04-09,RKDA,1.37,1.34,1.445,1.33,7502,10222.0,8.65,0.75,0.01,0.36
2026-04-09,RKLB,69.06,66.74,69.79,66.545,17250859,1166214928.0,4.7,-3.39,-2.34,3.0
2026-04-09,RKLX,29.45,27.5,29.95,27.202,2230297,62923934.0,9.36,-6.37,-1.87,0.0
2026-04-09,RKLZ,20.36,21.59,21.78,20.03,1262952,26635951.0,8.57,5.68,1.16,0.0
2026-04-09,RKNG,20.82,20.67,20.85,20.62,875,18163.0,1.11,-0.31,-0.064,0.0
2026-04-09,RKT,14.73,15.02,15.24,14.275,33969396,503015760.0,6.35,-1.18,-0.18,3.5
2026-04-09,RKTL,13.85,14.063,14.445,12.82,8267,114339.0,11.3,-2.18,-0.313,0.0
2026-04-09,RL,373.83,385.14,387.26,372.34,489912,187848812.0,3.97,2.59,9.74,1.27
2026-04-09,RLAY,14.43,15.0,15.0,14.182,3080275,45402621.0,5.64,3.38,0.49,1.72
2026-04-09,RLGT,7.63,7.87,7.885,7.56,177104,1379706.0,4.25,3.01,0.23,0.38
2026-04-09,RLI,58.06,58.69,59.31,58.06,451677,26576612.0,2.13,0.09,0.05,0.49
2026-04-09,RLJ,7.63,7.95,8.03,7.63,1779621,14120779.0,5.19,3.25,0.25,1.17
2026-04-09,RLJ_A,24.75,24.98,25.0,24.75,16992,423249.0,1.01,0.64,0.16,0.13
2026-04-09,RLMD,6.99,7.61,7.65,6.93,1559828,11580741.0,10.27,8.56,0.6,1.49
2026-04-09,RLTY,15.11,15.33,15.43,15.11,56379,865683.0,2.1,0.66,0.1,0.0
2026-04-09,RLX,2.11,2.11,2.13,2.1,1457316,3076460.0,1.41,-0.94,-0.02,0.16
2026-04-09,RLY,36.65,36.53,36.77,36.51,196664,7195942.0,0.71,0.0,0.0,0.0
2026-04-09,RLYB,8.16,8.21,8.28,8.08,39972,327193.0,2.43,-0.12,-0.01,0.76
2026-04-09,RM,35.62,36.53,36.7,35.19,85221,3071289.0,4.25,2.93,1.04,0.91
2026-04-09,RMAX,5.78,5.8,5.85,5.69,167393,967982.0,2.75,-0.17,-0.01,0.83
2026-04-09,RMBI,13.648,13.93,13.93,13.648,28796,398299.0,2.05,1.09,0.15,0.27
2026-04-09,RMBS,101.78,105.58,105.85,99.97,2623947,273355264.0,5.8,4.09,4.15,2.43
2026-04-09,RMCA,24.26,24.26,24.26,24.26,2,49.0,0.0,0.27,0.065,0.0
2026-04-09,RMCF,2.23,2.31,2.34,2.18,8593,19451.0,7.17,3.59,0.08,0.09
2026-04-09,RMCO,2.89,2.6,2.9,2.6,9894,27057.0,10.68,-7.47,-0.21,0.07
2026-04-09,RMCOW,0.261,0.265,0.265,0.252,2795,729.0,5.16,5.16,0.013,0.0
2026-04-09,RMD,227.99,227.98,229.56,225.155,1141069,259817317.0,1.91,-1.18,-2.72,0.78
2026-04-09,RMI,15.82,15.7,15.82,15.6,12366,194449.0,1.39,-0.95,-0.15,0.0
2026-04-09,RMIF,24.285,24.297,24.31,24.28,3174,77092.0,0.12,0.03,0.007,0.0
2026-04-09,RMM,13.98,14.37,14.43,13.98,107912,1532529.0,3.22,2.86,0.4,0.0
2026-04-09,RMME,100.14,100.15,100.15,100.14,148,14821.0,0.01,0.02,0.025,0.0
2026-04-09,RMMZ,14.81,14.9,14.94,14.56,25412,374540.0,2.57,0.95,0.14,0.0
2026-04-09,RMNI,3.35,3.34,3.36,3.195,631555,2089138.0,4.88,-1.18,-0.04,0.69
2026-04-09,RMNY,24.52,24.57,24.57,24.52,624,15310.0,0.2,0.29,0.071,0.0
2026-04-09,RMOP,25.12,25.14,25.21,25.11,55485,1395999.0,0.4,0.28,0.07,0.0
2026-04-09,RMR,16.15,16.39,16.48,16.15,118493,1938426.0,2.05,1.67,0.27,0.74
2026-04-09,RMRC,24.581,24.581,24.581,24.581,10,250.0,0.0,0.44,0.107,0.0
2026-04-09,RMSG,0.466,0.429,0.466,0.41,32240,13927.0,11.79,-9.68,-0.046,0.68
2026-04-09,RMSGW,0.02,0.02,0.02,0.02,201,4.0,0.0,25.0,0.004,0.0
2026-04-09,RMT,12.01,12.27,12.306,11.995,82379,1005600.0,2.58,1.91,0.23,0.0
2026-04-09,RMTI,0.939,0.93,0.96,0.919,93334,87445.0,4.37,-0.96,-0.009,0.24
2026-04-09,RNA,13.71,13.72,13.926,13.6,219233,3008985.0,2.38,0.15,0.02,1.41
2026-04-09,RNAC,6.16,6.18,6.32,5.925,173725,1071812.0,6.42,0.49,0.03,0.66
2026-04-09,RNAZ,8.3,8.55,8.569,8.22,3175,26566.0,4.17,2.27,0.19,0.35
2026-04-09,RND,28.68,28.761,28.761,28.68,936,26887.0,0.28,0.83,0.237,0.0
2026-04-09,RNEM,56.72,56.829,56.829,56.72,451,25564.0,0.19,0.9,0.506,0.0
2026-04-09,RNG,37.09,36.92,37.285,35.83,1217565,44603062.0,3.88,-1.49,-0.56,1.64
2026-04-09,RNGR,16.83,16.81,17.12,16.72,82546,1391023.0,2.38,0.12,0.02,0.35
2026-04-09,RNGT,10.02,10.0,10.02,9.99,42211,421805.0,0.3,0.1,0.01,0.18
2026-04-09,RNGTW,0.325,0.344,0.347,0.325,6508,2123.0,6.18,-3.37,-0.012,0.0
2026-04-09,RNIN,29.75,29.739,29.78,29.54,2190,65043.0,0.8,-0.58,-0.173,0.0
2026-04-09,RNP,20.48,20.85,21.021,20.47,79944,1663038.0,2.69,1.71,0.35,0.0
2026-04-09,RNR,308.58,309.85,314.22,307.22,212197,65971671.0,2.28,0.9,2.77,0.49
2026-04-09,RNRG,38.0,37.902,38.0,37.902,6952,264151.0,0.26,0.87,0.326,0.0
2026-04-09,RNR_F,21.31,21.24,21.31,21.19,16233,344420.0,0.57,0.24,0.05,0.16
2026-04-09,RNR_G,15.68,15.7,15.7,15.59,11603,181691.0,0.7,0.32,0.05,0.06
2026-04-09,RNST,38.53,39.74,39.85,38.53,657255,26054836.0,3.39,2.13,0.83,0.71
2026-04-09,RNTX,1.55,1.53,1.617,1.48,49091,74601.0,8.73,-2.55,-0.04,0.18
2026-04-09,RNTY,49.35,49.354,49.354,49.3,964,47577.0,0.11,-0.24,-0.117,0.0
2026-04-09,RNW,4.76,4.75,4.81,4.7,716576,3403936.0,2.31,-0.42,-0.02,0.29
2026-04-09,RNWWW,0.003,0.008,0.008,0.003,34380,261.0,62.5,0.0,0.0,0.0
2026-04-09,RNWZ,33.34,33.31,33.34,33.295,4935,164415.0,0.14,1.23,0.405,0.0
2026-04-09,RNXT,0.92,0.978,1.01,0.92,280019,271698.0,9.58,4.15,0.039,0.62
2026-04-09,ROAD,113.63,117.69,119.92,113.56,337173,39784969.0,5.53,2.36,2.71,0.7
2026-04-09,ROAM,32.76,32.64,32.8,32.32,21629,704629.0,1.49,1.1,0.355,0.0
2026-04-09,ROBN,18.14,17.49,18.67,16.777,1213841,21433345.0,10.28,-5.05,-0.93,0.0
2026-04-09,ROBO,72.885,73.24,73.37,72.4,111373,8125719.0,1.32,-0.27,-0.2,0.0
2026-04-09,ROBT,47.9,47.31,47.9,46.894,85951,4060232.0,2.09,-1.89,-0.913,0.0
2026-04-09,ROC,6.64,6.65,6.7,6.38,13755,90746.0,4.76,-1.04,-0.07,0.07
2026-04-09,ROCK,40.14,41.03,41.3,40.1,249784,10202700.0,2.96,1.23,0.5,0.84
2026-04-09,ROCQ,50.77,51.138,51.138,50.66,9351,476397.0,0.94,0.76,0.386,0.0
2026-04-09,ROCY,50.95,51.287,51.359,50.89,13828,706929.0,0.92,0.68,0.348,0.0
2026-04-09,RODM,40.55,40.91,41.01,40.54,65758,2681683.0,1.15,0.15,0.06,0.0
2026-04-09,ROE,36.97,37.09,37.2,36.94,10702,396852.0,0.7,0.32,0.12,0.0
2026-04-09,ROG,113.92,115.55,116.89,113.079,112866,12997550.0,3.34,1.31,1.49,0.63
2026-04-09,ROIV,27.975,28.48,28.78,27.925,4076438,116092457.0,3.04,1.1,0.31,0.57
2026-04-09,ROK,388.75,394.9,396.97,385.25,743563,292733392.0,3.01,1.26,4.93,0.66
2026-04-09,ROKT,110.49,109.32,111.07,109.272,26054,2870243.0,1.63,-0.75,-0.83,0.0
2026-04-09,ROKU,100.73,100.04,101.36,98.0,1916118,191324177.0,3.33,-0.94,-0.95,1.47
2026-04-09,ROL,54.46,55.79,55.989,54.25,3155027,174477575.0,3.18,1.99,1.09,0.65
2026-04-09,ROLR,3.68,4.0,4.11,3.39,149135,564321.0,19.57,8.7,0.32,1.37
2026-04-09,ROM,88.99,89.39,89.52,87.18,48468,4291329.0,2.63,0.46,0.41,0.0
2026-04-09,ROMA,4.72,5.39,5.8,4.62,258262,1361750.0,24.89,13.71,0.65,0.48
2026-04-09,ROMO,32.35,32.732,32.89,32.35,1855,60285.0,1.65,-0.22,-0.073,0.0
2026-04-09,RONB,22.835,22.68,22.86,22.49,147206,3340519.0,1.62,-0.74,-0.17,0.0
2026-04-09,ROOT,45.8,46.62,47.125,45.02,147131,6814845.0,4.53,0.39,0.18,1.07
2026-04-09,ROP,353.26,349.88,354.45,345.68,1339536,467995648.0,2.46,-1.68,-5.97,1.31
2026-04-09,ROPE,28.695,28.828,28.83,28.63,26403,756774.0,0.7,0.6,0.171,0.0
2026-04-09,ROSC,50.7,50.723,50.73,50.7,963,48838.0,0.06,0.91,0.459,0.0
2026-04-09,ROST,223.7,224.91,226.635,223.63,1641391,370024960.0,1.34,0.2,0.44,0.51
2026-04-09,ROUS,61.4,61.59,61.645,61.265,27610,1698251.0,0.62,0.11,0.07,0.0
2026-04-09,RPAR,22.71,22.62,22.73,22.62,5284,119879.0,0.49,-0.18,-0.04,0.0
2026-04-09,RPAY,2.7,2.86,2.87,2.64,1635148,4533500.0,8.46,5.15,0.14,1.9
2026-04-09,RPC,7.11,7.09,7.185,7.005,512119,3640600.0,2.49,-1.8,-0.13,0.65
2026-04-09,RPD,5.45,5.05,5.45,4.97,3122935,15901702.0,8.74,-8.01,-0.44,4.74
2026-04-09,RPG,50.61,51.0,51.12,50.42,364575,18536979.0,1.38,0.73,0.37,0.0
2026-04-09,RPGL,0.627,0.595,0.63,0.595,66641,40672.0,5.32,-9.57,-0.063,2.15
2026-04-09,RPHS,9.945,9.99,10.01,9.945,14798,147887.0,0.65,0.54,0.054,0.0
2026-04-09,RPID,2.26,2.12,2.343,2.12,348842,762479.0,9.74,-7.42,-0.17,0.85
2026-04-09,RPM,106.48,110.97,113.17,106.03,1752844,194550166.0,6.57,2.07,2.25,1.37
2026-04-09,RPRX,47.76,48.3,48.6,47.435,2220749,107315493.0,2.43,0.84,0.4,0.5
2026-04-09,RPT,13.99,14.24,14.24,13.76,19827,278676.0,3.39,0.71,0.1,0.26
2026-04-09,RPT_C,24.955,25.15,25.202,24.95,5641,141362.0,1.01,0.68,0.17,0.27
2026-04-09,RPV,108.66,108.8,109.29,108.66,167445,18243618.0,0.58,-0.33,-0.36,0.0
2026-04-09,RQI,12.6,12.84,12.93,12.6,248992,3191428.0,2.61,1.58,0.2,0.0
2026-04-09,RR,2.06,1.99,2.08,1.98,6127818,12334389.0,4.78,-4.78,-0.1,3.34
2026-04-09,RRBI,93.36,94.22,94.89,93.15,85566,8044964.0,1.86,0.47,0.44,1.3
2026-04-09,RRC,43.33,42.93,43.87,42.59,3843779,165232701.0,2.95,-0.92,-0.4,1.63
2026-04-09,RRGB,3.35,3.43,3.43,3.3,116854,397005.0,3.86,1.78,0.06,0.64
2026-04-09,RRR,56.83,56.4,57.21,55.71,573835,32408060.0,2.63,-1.17,-0.67,0.97
2026-04-09,RRX,202.11,207.65,209.91,202.11,768913,159172377.0,3.82,1.71,3.5,1.16
2026-04-09,RS,320.0,322.18,323.95,315.85,309090,99557275.0,2.53,0.58,1.85,0.6
2026-04-09,RSBT,19.09,19.1,19.22,19.02,10164,194011.0,1.05,0.05,0.01,0.0
2026-04-09,RSBY,18.58,18.568,18.61,18.5,10528,195289.0,0.6,0.58,0.107,0.0
2026-04-09,RSDE,22.38,22.43,22.46,22.33,14442,323151.0,0.58,0.15,0.034,0.0
2026-04-09,RSEE,34.12,34.698,34.698,34.12,3429,118783.0,1.67,0.42,0.146,0.0
2026-04-09,RSF,14.8,14.66,14.8,14.6,20341,298290.0,1.35,-0.81,-0.12,0.0
2026-04-09,RSG,217.3,217.0,218.18,216.15,1853656,402211808.0,0.94,0.23,0.49,0.6
2026-04-09,RSHO,53.42,54.67,54.98,53.42,37958,2071850.0,2.91,1.84,0.99,0.0
2026-04-09,RSI,22.07,21.41,22.215,21.352,1022316,22032230.0,3.89,-3.6,-0.8,0.99
2026-04-09,RSJN,35.34,35.34,35.34,35.34,197,6958.0,0.0,0.17,0.059,0.0
2026-04-09,RSKD,4.09,3.97,4.16,3.955,561650,2277441.0,4.98,-3.64,-0.15,0.54
2026-04-09,RSMC,26.129,26.262,26.34,26.06,19435,511111.0,1.07,0.32,0.083,0.0
2026-04-09,RSMR,22.57,22.666,22.695,22.57,1414,32047.0,0.55,0.15,0.035,0.0
2026-04-09,RSMV,27.5,27.468,27.5,27.468,5245,144257.0,0.12,1.17,0.318,0.0
2026-04-09,RSP,197.24,198.08,198.73,196.8,7321052,1449370816.0,0.97,0.06,0.12,0.0
2026-04-09,RSPC,37.87,37.96,37.96,37.73,1094,41462.0,0.61,-0.07,-0.026,0.0
2026-04-09,RSPD,54.84,55.5,55.68,54.84,19357,1072749.0,1.52,0.45,0.25,0.0
2026-04-09,RSPE,30.45,30.6,30.66,30.39,8018,245576.0,0.88,0.16,0.048,0.0
2026-04-09,RSPF,73.43,73.8,74.08,73.29,17778,1313396.0,1.07,-0.11,-0.08,0.0
2026-04-09,RSPH,30.82,30.91,31.039,30.63,44244,1364912.0,1.32,-0.39,-0.12,0.0
2026-04-09,RSPM,39.64,39.57,39.77,39.56,9175,363682.0,0.53,-0.7,-0.28,0.0
2026-04-09,RSPN,59.74,60.42,60.73,59.74,135099,8162524.0,1.65,0.65,0.39,0.0
2026-04-09,RSPR,34.19,34.447,34.7,34.145,5950,205033.0,1.61,-0.18,-0.063,0.0
2026-04-09,RSPS,29.37,29.89,29.97,29.32,126534,3752155.0,2.2,1.05,0.31,0.0
2026-04-09,RSPT,48.31,48.0,48.478,47.63,326719,15650651.0,1.75,-0.76,-0.37,0.0
2026-04-09,RSPU,82.79,83.675,84.395,82.79,56258,4723804.0,1.94,1.01,0.835,0.0
2026-04-09,RSSB,28.31,28.59,28.77,28.31,71411,2039584.0,1.61,0.35,0.1,0.0
2026-04-09,RSSE,21.94,22.01,22.025,21.94,22326,490703.0,0.39,0.16,0.036,0.0
2026-04-09,RSSL,101.33,102.61,102.64,101.33,15016,1536422.0,1.29,0.74,0.749,0.0
2026-04-09,RSSS,2.46,2.48,2.5,2.36,38135,92894.0,5.69,0.81,0.02,0.12
2026-04-09,RSST,29.65,29.875,29.91,29.56,38232,1136583.0,1.19,1.27,0.375,0.0
2026-04-09,RSSX,24.99,25.26,25.469,24.87,14330,360704.0,2.4,1.3,0.325,0.0
2026-04-09,RSSY,23.0,23.29,23.29,23.0,34761,804347.0,1.27,1.66,0.38,0.0
2026-04-09,RSVR,9.78,10.23,10.25,9.73,140629,1426144.0,5.26,3.54,0.35,0.21
2026-04-09,RTAC,10.29,10.28,10.295,10.28,75004,771330.0,0.15,-0.15,-0.015,0.31
2026-04-09,RTACU,10.51,10.53,10.53,10.48,25249,265199.0,0.48,0.19,0.02,0.0
2026-04-09,RTACW,0.48,0.548,0.548,0.475,9035,4884.0,14.31,7.45,0.038,0.0
2026-04-09,RTAI,21.25,21.284,21.284,21.25,14405,306370.0,0.16,0.54,0.115,0.0
2026-04-09,RTH,259.85,263.886,264.18,259.67,3678,962144.0,1.74,1.73,4.482,0.0
2026-04-09,RTO,33.95,33.86,34.05,33.55,776501,26285814.0,1.48,0.47,0.16,0.15
2026-04-09,RTRE,25.01,25.11,25.12,25.01,20434,512127.0,0.44,0.01,0.002,0.0
2026-04-09,RTX,203.22,203.19,205.36,202.606,2789665,568292832.0,1.35,-0.14,-0.29,0.21
2026-04-09,RTXG,26.887,26.765,27.09,26.51,6831,182974.0,2.17,0.18,0.047,0.0
2026-04-09,RTYY,12.87,13.017,13.05,12.87,7169,93055.0,1.39,0.6,0.077,0.0
2026-04-09,RUBI,4.08,3.91,4.22,3.375,204231,769043.0,209.68,870.22,3.507,26.97
2026-04-09,RULE,25.48,25.81,25.81,25.48,328,8405.0,1.3,1.34,0.342,0.0
2026-04-09,RUM,5.09,5.11,5.14,4.995,1097010,5587237.0,2.83,-0.39,-0.02,0.51
2026-04-09,RUMBW,0.891,0.98,1.03,0.891,1572,1540.0,15.27,7.69,0.07,0.0
2026-04-09,RUN,13.7,13.33,13.919,13.165,6291097,84630603.0,5.44,-3.89,-0.54,2.67
2026-04-09,RUNN,33.119,33.144,33.27,32.932,14641,485037.0,1.02,-0.32,-0.108,0.0
2026-04-09,RUSC,33.75,34.014,34.04,33.655,3928,133028.0,1.14,0.94,0.316,0.0
2026-04-09,RUSHA,70.0,71.21,71.93,69.86,296045,21053070.0,2.95,1.44,1.01,0.49
2026-04-09,RUSHB,70.27,72.57,72.69,70.13,113814,8194705.0,3.62,2.62,1.85,0.65
2026-04-09,RVER,27.86,28.042,28.045,27.81,970,27074.0,0.83,-0.42,-0.118,0.0
2026-04-09,RVI,25.68,25.705,25.93,25.3,185041,4744738.0,2.45,-0.02,-0.005,0.0
2026-04-09,RVLV,24.77,25.69,26.0,24.66,931455,23829545.0,5.37,2.97,0.74,2.26
2026-04-09,RVMD,96.75,96.22,98.0,94.7,1283269,123994955.0,3.41,-0.55,-0.53,0.65
2026-04-09,RVMDW,1.775,1.84,1.9,1.69,16494,29564.0,11.54,1.1,0.02,0.0
2026-04-09,RVNL,28.48,29.099,29.73,27.815,48776,1421002.0,6.67,1.39,0.399,0.0
2026-04-09,RVNU,24.77,24.785,24.85,24.71,30061,744160.0,0.57,0.16,0.039,0.0
2026-04-09,RVP,0.68,0.718,0.72,0.68,50496,35775.0,5.88,5.59,0.038,0.17
2026-04-09,RVPH,0.811,0.845,0.87,0.765,454847,377255.0,13.29,6.96,0.055,3.55
2026-04-09,RVSB,5.63,5.81,5.835,5.62,29064,167559.0,3.79,2.47,0.14,0.14
2026-04-09,RVSN,8.78,8.75,8.94,8.44,11802,102270.0,5.79,1.27,0.11,0.54
2026-04-09,RVSNW,0.026,0.026,0.026,0.026,69022,1804.0,0.0,-23.53,-0.008,0.0
2026-04-09,RVT,17.43,17.72,17.9,17.43,288579,5098137.0,2.69,1.43,0.25,0.0
2026-04-09,RVTY,89.58,90.46,90.91,87.235,1095804,98696327.0,4.07,0.07,0.06,0.98
2026-04-09,RVYL,5.095,5.59,5.71,5.0,56453,301797.0,13.45,5.87,0.31,4.41
2026-04-09,RW,23.67,23.921,23.921,23.67,204,4863.0,1.06,0.67,0.159,0.0
2026-04-09,RWAY,6.62,6.59,6.68,6.545,937350,6188294.0,2.05,-0.15,-0.01,2.21
2026-04-09,RWAYI,25.19,25.19,25.19,25.15,4039,101540.0,0.16,0.16,0.04,0.0
2026-04-09,RWAYL,25.22,25.252,25.252,25.22,969,24440.0,0.13,0.01,0.002,0.0
2026-04-09,RWEM,30.99,32.4,32.4,30.85,10367,326482.0,5.03,5.25,1.615,0.0
2026-04-09,RWJ,52.12,52.74,52.92,52.042,58528,3078765.0,1.68,0.71,0.37,0.0
2026-04-09,RWK,133.32,134.92,135.36,133.32,12928,1737803.0,1.52,0.6,0.81,0.0
2026-04-09,RWL,118.43,119.22,119.42,118.43,523088,62313049.0,0.83,0.43,0.51,0.0
2026-04-09,RWLC,33.24,33.265,33.406,33.24,3287,109376.0,0.5,0.44,0.145,0.0
2026-04-09,RWM,15.55,15.38,15.55,15.31,18168436,279916848.0,1.55,-0.52,-0.08,0.0
2026-04-09,RWO,47.43,47.97,48.191,47.43,20281,972728.0,1.6,0.67,0.32,0.0
2026-04-09,RWR,104.39,105.49,106.4,104.2,253542,26808048.0,2.1,0.8,0.84,0.0
2026-04-09,RWT,5.83,5.91,5.985,5.825,1177180,6961269.0,2.73,0.85,0.05,0.94
2026-04-09,RWTN,24.85,24.8,24.85,24.798,1656,41045.0,0.21,0.98,0.24,0.0
2026-04-09,RWTO,24.12,24.74,24.74,24.12,5185,127338.0,2.52,0.68,0.166,0.0
2026-04-09,RWTP,24.175,24.32,24.32,24.16,4446,107765.0,0.66,0.58,0.14,0.0
2026-04-09,RWTQ,24.01,23.86,24.18,23.85,15301,367341.0,1.38,-0.29,-0.07,0.0
2026-04-09,RWT_A,23.885,24.19,24.265,23.885,2583,62310.0,1.58,0.83,0.2,0.09
2026-04-09,RWX,27.75,27.93,28.06,27.7,18085,505215.0,1.28,-0.32,-0.09,0.0
2026-04-09,RXI,191.57,194.286,194.4,190.996,4411,855578.0,1.77,0.79,1.525,0.0
2026-04-09,RXL,47.43,47.47,47.68,47.0,7340,349244.0,1.43,-0.4,-0.193,0.0
2026-04-09,RXO,16.25,16.01,16.53,15.75,2092082,33564624.0,4.8,-1.54,-0.25,1.27
2026-04-09,RXRX,3.33,3.31,3.44,3.27,8765994,29238142.0,5.01,-2.36,-0.08,1.68
2026-04-09,RXST,7.17,6.77,7.17,6.75,535417,3671993.0,5.77,-7.01,-0.51,1.3
2026-04-09,RXT,0.971,0.884,0.999,0.874,4709782,4286359.0,12.86,-9.05,-0.088,1.91
2026-04-09,RY,169.24,170.79,171.315,168.71,2473783,422322864.0,1.54,0.78,1.32,0.18
2026-04-09,RYAAY,62.57,63.54,63.995,61.69,1642116,103287630.0,3.59,-1.03,-0.66,0.31
2026-04-09,RYAM,9.3,9.16,9.42,9.005,642843,5903983.0,4.41,-2.55,-0.24,0.95
2026-04-09,RYDE,1.08,1.17,1.2,1.07,1380344,1574487.0,12.5,12.5,0.13,1.27
2026-04-09,RYET,1.16,1.09,1.166,1.0,37672,41356.0,14.69,-3.54,-0.04,0.1
2026-04-09,RYLD,15.27,15.25,15.28,15.235,614945,9384079.0,0.3,0.13,0.02,0.0
2026-04-09,RYLG,22.575,22.659,22.659,22.56,2657,60161.0,0.44,0.62,0.139,0.0
2026-04-09,RYM,24.74,24.39,25.5,23.6,6078,148953.0,7.92,1.71,0.41,0.28
2026-04-09,RYN,21.12,21.35,21.445,21.06,2007513,42827875.0,1.81,0.38,0.08,0.66
2026-04-09,RYOJ,2.11,2.1,2.13,2.1,2474,5230.0,1.42,-0.94,-0.02,0.02
2026-04-09,RYTM,85.29,86.13,88.64,84.45,604249,52263679.0,4.9,0.76,0.65,0.88
2026-04-09,RYZ,23.83,24.36,24.66,23.64,331276,8051829.0,4.24,1.37,0.33,0.64
2026-04-09,RZB,25.01,25.06,25.11,25.01,6075,152342.0,0.4,-0.08,-0.02,0.0
2026-04-09,RZC,25.28,25.37,25.37,25.26,18439,466737.0,0.43,0.16,0.04,0.0
2026-04-09,RZG,60.33,61.07,61.07,60.21,3181,193296.0,1.42,0.98,0.592,0.0
2026-04-09,RZLT,3.52,3.65,3.66,3.46,1340068,4801818.0,5.62,2.53,0.09,1.4
2026-04-09,RZLV,2.75,2.54,2.77,2.54,18075720,47130830.0,8.16,-9.93,-0.28,4.53
2026-04-09,RZLVW,1.12,1.055,1.12,1.0,2932,3141.0,10.86,-4.52,-0.05,0.0
2026-04-09,RZV,128.255,129.605,129.9,127.7,10075,1302030.0,1.72,1.17,1.494,0.0
2026-04-09,S,13.37,12.77,13.37,12.59,9020230,115278815.0,5.78,-5.41,-0.73,2.7
2026-04-09,SA,31.75,32.46,32.69,30.81,790446,25260907.0,5.91,2.08,0.66,0.74
2026-04-09,SAA,28.87,30.1,30.1,28.87,30780,917410.0,4.18,2.4,0.705,0.0
2026-04-09,SAAQ,10.1,10.12,10.12,10.1,11071,111992.0,0.2,0.2,0.02,0.05
2026-04-09,SAAQU,10.3,10.3,10.3,10.28,2270,23372.0,0.19,0.22,0.023,0.0
2026-04-09,SAAQW,0.873,0.89,0.89,0.873,533,469.0,1.95,2.3,0.02,0.0
2026-04-09,SABA,8.49,8.46,8.59,8.32,93627,797261.0,3.14,-1.63,-0.14,0.0
2026-04-09,SABR,1.5,1.5,1.52,1.45,3912577,5846503.0,4.61,-1.32,-0.02,0.99
2026-04-09,SABS,3.71,3.83,3.855,3.65,235245,888968.0,5.5,2.68,0.1,0.33
2026-04-09,SAC,9.95,9.95,9.95,9.95,13,129.0,0.0,0.0,0.0,0.0
2026-04-09,SACH,1.01,1.04,1.066,1.01,104277,108944.0,5.38,0.0,0.0,0.22
2026-04-09,SACH_A,17.65,17.64,17.65,17.28,1630,28463.0,2.08,-0.62,-0.11,0.07
2026-04-09,SAC_WS,0.325,0.406,0.406,0.325,940,314.0,21.32,6.84,0.026,0.0
2026-04-09,SAEF,28.8,28.93,28.95,28.8,1423,41062.0,0.52,0.57,0.163,0.0
2026-04-09,SAFE,14.32,14.79,15.08,14.32,406146,6014832.0,5.27,2.57,0.37,0.57
2026-04-09,SAFT,74.45,75.63,76.185,74.25,85067,6436028.0,2.59,1.29,0.96,0.58
2026-04-09,SAFX,0.64,0.545,0.787,0.545,16280720,10694662.0,34.82,-21.58,-0.15,5.91
2026-04-09,SAGP,35.38,35.31,35.43,35.08,5436,191289.0,0.98,-0.67,-0.237,0.0
2026-04-09,SAGT,1.96,1.97,2.0,1.94,15820,30996.0,3.13,2.6,0.05,0.12
2026-04-09,SAH,65.57,67.83,68.34,65.5,164396,11119904.0,4.31,2.84,1.87,0.76
2026-04-09,SAIA,402.06,401.67,407.245,394.82,383532,154065268.0,3.1,0.34,1.36,1.44
2026-04-09,SAIC,97.85,95.03,97.85,93.98,526057,50133538.0,3.95,-3.01,-2.95,1.21
2026-04-09,SAIH,9.5,9.72,9.78,9.01,3758,35737.0,8.11,2.32,0.22,0.3
2026-04-09,SAIL,12.21,11.06,12.27,10.99,7453560,86016654.0,10.31,-10.88,-1.35,1.32
2026-04-09,SAJ,25.34,25.55,25.55,25.34,577,14658.0,0.82,0.18,0.045,0.0
2026-04-09,SAM,247.94,260.05,260.375,247.94,201584,52057437.0,4.96,3.78,9.46,2.41
2026-04-09,SAMG,12.96,13.16,13.16,12.79,23102,300648.0,2.82,0.46,0.06,0.3
2026-04-09,SAMM,31.26,31.37,31.46,31.23,6613,207229.0,0.74,0.54,0.168,0.0
2026-04-09,SAMT,41.27,41.43,41.65,41.27,61225,2541674.0,0.92,0.58,0.24,0.0
2026-04-09,SAN,12.03,12.18,12.25,11.97,11928332,144636410.0,2.3,-0.16,-0.02,0.08
2026-04-09,SANA,3.16,3.12,3.24,3.1,1584144,5001301.0,4.36,-2.8,-0.09,0.59
2026-04-09,SANG,3.93,3.77,3.93,3.77,1685,6476.0,4.21,-0.79,-0.03,0.01
2026-04-09,SANM,139.03,141.84,144.045,138.523,546160,77495427.0,3.95,1.42,1.99,1.0
2026-04-09,SAP,166.265,164.5,166.39,160.66,5261244,858703136.0,3.39,-2.77,-4.68,0.45
2026-04-09,SAPH,30.281,30.281,30.281,30.281,356,10833.0,0.0,-3.18,-0.993,0.0
2026-04-09,SAR,21.88,22.02,22.29,21.88,90541,1999862.0,1.85,-0.41,-0.09,0.56
2026-04-09,SARK,31.82,32.41,32.63,31.82,335161,10794846.0,2.55,2.21,0.7,0.0
2026-04-09,SARO,26.57,26.93,27.33,26.37,2502659,67383320.0,3.58,0.52,0.14,0.75
2026-04-09,SASS,24.14,24.283,24.37,24.14,411,9958.0,0.95,0.26,0.063,0.0
2026-04-09,SAT,24.78,24.74,24.78,24.71,1945,48105.0,0.28,-0.16,-0.04,0.0
2026-04-09,SATA,98.06,98.13,98.25,97.86,64902,6366645.0,0.4,0.12,0.12,1.52
2026-04-09,SATG,18.5,17.458,18.84,16.71,113017,1977417.0,11.69,-4.2,-0.766,0.0
2026-04-09,SATL,6.71,7.2,7.99,6.66,18402978,136913351.0,19.3,4.5,0.31,13.89
2026-04-09,SATLW,1.78,1.86,2.33,1.76,232563,482688.0,33.53,9.41,0.16,0.0
2026-04-09,SATO,15.01,15.175,15.38,15.0,1930,29207.0,2.52,0.63,0.095,0.0
2026-04-09,SATS,122.71,120.09,124.83,117.5,5166325,618349168.0,5.97,-2.22,-2.73,3.28
2026-04-09,SAUG,26.37,26.475,26.475,26.341,1212,32011.0,0.51,0.41,0.108,0.0
2026-04-09,SAV,25.245,25.25,25.29,25.245,3522,88989.0,0.18,-0.04,-0.01,0.0
2026-04-09,SAWG,21.7,21.716,21.716,21.7,1157,25106.0,0.07,0.66,0.143,0.0
2026-04-09,SAWS,22.715,22.772,22.83,22.715,3982,90624.0,0.51,1.08,0.244,0.0
2026-04-09,SAY,25.25,25.325,25.45,25.25,6136,155863.0,0.79,0.42,0.105,0.0
2026-04-09,SAZ,25.3,25.34,25.4,25.3,6093,154659.0,0.39,-0.21,-0.054,0.0
2026-04-09,SB,6.6,6.47,6.615,6.4,417563,2710424.0,3.27,-1.52,-0.1,0.41
2026-04-09,SBAC,218.6,218.46,220.28,215.785,1714671,373429536.0,2.06,-0.11,-0.25,1.62
2026-04-09,SBAR,24.9,24.94,25.02,24.9,196556,4905313.0,0.48,0.04,0.01,0.0
2026-04-09,SBB,12.627,12.545,12.627,12.515,5750,72176.0,0.88,-0.99,-0.125,0.0
2026-04-09,SBC,4.3,4.17,4.3,4.08,119313,497842.0,5.07,-3.92,-0.17,0.12
2026-04-09,SBCF,31.83,32.71,32.84,31.83,666849,21751741.0,3.15,1.96,0.63,0.68
2026-04-09,SBET,6.36,6.42,6.57,6.27,7153541,46120268.0,4.67,0.0,0.0,3.63
2026-04-09,SBEV,0.393,0.355,0.41,0.355,275922,103453.0,14.03,-9.44,-0.037,9.49
2026-04-09,SBFG,21.98,22.22,22.22,21.143,7837,171886.0,4.81,-0.67,-0.15,0.12
2026-04-09,SBFM,1.04,1.04,1.07,1.04,19705,20881.0,2.86,-0.95,-0.01,0.4
2026-04-09,SBGI,13.6,13.82,13.9,13.28,359821,4933646.0,4.53,0.95,0.13,0.75
2026-04-09,SBH,13.83,14.44,14.595,13.83,1230924,17726564.0,5.48,3.51,0.49,1.27
2026-04-09,SBI,7.81,7.85,7.9,7.775,75631,593611.0,1.61,1.03,0.08,0.0
2026-04-09,SBIL,100.18,100.175,100.18,100.15,265411,26585591.0,0.03,0.02,0.025,0.0
2026-04-09,SBIO,54.0,55.06,55.06,54.0,12301,673558.0,1.95,1.31,0.71,0.0
2026-04-09,SBIT,51.11,49.74,52.04,49.04,1487903,74773533.0,5.89,-2.28,-1.16,0.0
2026-04-09,SBLK,24.74,24.19,24.795,24.02,903313,21975370.0,3.15,-1.79,-0.44,0.81
2026-04-09,SBLX,2.0,2.03,2.12,1.97,81113,165924.0,7.35,-0.49,-0.01,5.57
2026-04-09,SBND,18.8,18.83,18.86,18.67,145660,2735654.0,1.01,-0.03,-0.005,0.0
2026-04-09,SBR,74.51,74.99,75.69,74.5,37361,2807501.0,1.59,0.24,0.18,0.26
2026-04-09,SBRA,19.99,20.35,20.455,19.64,1317492,26805392.0,4.06,1.34,0.27,0.52
2026-04-09,SBS,32.15,32.99,33.135,32.15,1108274,36371873.0,3.11,4.04,1.28,0.16
2026-04-09,SBSI,32.51,33.25,33.43,32.51,99348,3297588.0,2.81,1.68,0.55,0.33
2026-04-09,SBSW,13.18,13.1,13.345,12.87,4955006,64985968.0,3.6,-0.61,-0.08,0.7
2026-04-09,SBTU,3.09,3.11,3.21,2.94,71673,225965.0,8.79,1.3,0.04,0.0
2026-04-09,SBU,18.58,18.349,18.58,18.05,1134,20703.0,2.88,-0.4,-0.073,0.0
2026-04-09,SBUX,97.0,96.92,97.91,96.18,5320471,515344496.0,1.78,-0.3,-0.29,0.47
2026-04-09,SBXD,10.75,10.75,10.75,10.75,1,11.0,0.0,0.0,0.0,0.0
2026-04-09,SBXD_WS,0.255,0.255,0.255,0.255,12,3.0,0.0,0.0,0.0,0.0
2026-04-09,SBXE_U,10.075,10.075,10.075,10.075,7,71.0,0.0,0.0,0.0,0.0
2026-04-09,SBXE_WS,0.424,0.424,0.424,0.424,112,38.0,0.0,0.0,0.0,0.0
2026-04-09,SB_C,26.45,26.45,26.45,26.45,402,10633.0,0.0,0.0,0.0,0.05
2026-04-09,SB_D,26.79,26.71,26.79,26.71,888,23728.0,0.3,-0.26,-0.07,0.03
2026-04-09,SCAG,1.03,1.1,1.15,0.99,17629,18275.0,16.16,11.11,0.11,0.02
2026-04-09,SCAP,36.24,36.488,36.54,36.17,2837,103091.0,1.02,0.22,0.079,0.0
2026-04-09,SCC,16.58,15.9,16.58,15.84,21608,345144.0,4.5,-3.28,-0.54,0.0
2026-04-09,SCCD,24.45,24.45,24.45,24.44,1061,25934.0,0.04,0.04,0.01,0.0
2026-04-09,SCCE,23.8,24.14,24.26,23.8,12433,298790.0,1.93,1.17,0.28,0.0
2026-04-09,SCCF,23.7,23.57,23.7,23.57,391,9252.0,0.55,-0.46,-0.11,0.0
2026-04-09,SCCG,23.79,23.87,23.981,23.79,5930,141509.0,0.81,0.72,0.17,0.0
2026-04-09,SCCO,185.92,188.05,189.882,184.45,972171,182561353.0,2.9,0.47,0.88,0.12
2026-04-09,SCCR,25.68,25.715,25.755,25.65,255620,6568523.0,0.41,0.04,0.01,0.0
2026-04-09,SCD,15.1,15.21,15.36,15.01,56930,864747.0,2.31,0.46,0.07,0.0
2026-04-09,SCDL,49.933,49.933,49.933,49.933,3,151.0,0.0,0.35,0.175,0.0
2026-04-09,SCDS,64.91,64.809,64.91,64.809,208,13496.0,0.16,0.82,0.524,0.0
2026-04-09,SCDV,25.97,26.144,26.144,25.97,1191,31067.0,0.67,0.25,0.065,0.0
2026-04-09,SCEC,25.11,25.115,25.17,25.07,57634,1447710.0,0.4,-0.02,-0.005,0.0
2026-04-09,SCEP,24.2,24.285,24.36,24.16,46250,1123063.0,0.83,0.31,0.075,0.0
2026-04-09,SCE_G,18.33,18.456,18.55,18.2,6462,118774.0,1.89,-0.13,-0.024,0.04
2026-04-09,SCE_L,17.85,17.93,17.93,17.6,6860,122303.0,1.84,0.17,0.03,3.61
2026-04-09,SCE_M,24.67,24.79,24.79,24.67,19865,492049.0,0.48,0.0,0.0,0.09
2026-04-09,SCE_N,23.81,23.81,23.85,23.74,18081,429994.0,0.46,0.29,0.07,0.13
2026-04-09,SCHA,30.48,30.82,30.905,30.48,1505698,46269162.0,1.39,0.75,0.23,0.0
2026-04-09,SCHB,26.06,26.25,26.3,26.019,9962557,260809724.0,1.08,0.5,0.13,0.0
2026-04-09,SCHC,48.73,49.05,49.261,48.5,396223,19375366.0,1.55,-0.35,-0.17,0.0
2026-04-09,SCHD,30.79,30.94,30.97,30.72,31723844,979977936.0,0.81,0.26,0.08,0.0
2026-04-09,SCHE,34.2,34.41,34.495,34.06,2122236,72853458.0,1.26,-0.03,-0.01,0.0
2026-04-09,SCHF,25.91,26.11,26.23,25.825,11976227,312314032.0,1.55,-0.27,-0.07,0.0
2026-04-09,SCHG,30.33,30.45,30.5,30.09,12655284,384286352.0,1.35,0.33,0.1,0.0
2026-04-09,SCHI,22.73,22.77,22.815,22.71,1780856,40550491.0,0.46,0.04,0.01,0.0
2026-04-09,SCHJ,24.72,24.74,24.76,24.7,96918,2397156.0,0.24,0.08,0.02,0.0
2026-04-09,SCHK,32.53,32.75,32.801,32.455,1411614,46071621.0,1.06,0.55,0.18,0.0
2026-04-09,SCHL,39.39,39.44,39.75,39.26,885052,34965012.0,1.24,0.13,0.05,4.23
2026-04-09,SCHM,32.35,32.48,32.6,32.27,1102752,35802974.0,1.02,0.09,0.03,0.0
2026-04-09,SCHO,24.22,24.23,24.25,24.22,4341711,105225515.0,0.12,0.04,0.01,0.0
2026-04-09,SCHP,26.69,26.71,26.74,26.66,7660212,204545841.0,0.3,0.04,0.01,0.0
2026-04-09,SCHQ,31.43,31.46,31.585,31.335,530490,16688341.0,0.79,-0.16,-0.05,0.0
2026-04-09,SCHR,24.87,24.9,24.93,24.85,2179965,54267898.0,0.32,0.08,0.02,0.0
2026-04-09,SCHV,31.44,31.68,31.76,31.43,4300284,136086305.0,1.05,0.51,0.16,0.0
2026-04-09,SCHW,96.28,97.27,97.975,95.83,5794463,563138912.0,2.22,0.59,0.57,0.33
2026-04-09,SCHW_D,24.61,24.63,24.68,24.57,56438,1389943.0,0.45,0.0,0.0,0.19
2026-04-09,SCHW_J,18.13,18.1,18.16,18.05,43468,786484.0,0.61,0.0,0.0,0.18
2026-04-09,SCHX,26.6,26.79,26.83,26.54,13271545,354519488.0,1.09,0.53,0.14,0.0
2026-04-09,SCHY,32.55,32.69,32.796,32.49,857763,28035769.0,0.94,0.18,0.06,0.0
2026-04-09,SCHZ,23.24,23.27,23.3,23.21,1419385,33017400.0,0.39,0.09,0.02,0.0
2026-04-09,SCI,83.08,83.4,84.14,83.055,775450,64772798.0,1.3,-0.07,-0.06,0.56
2026-04-09,SCII,9.97,9.97,9.97,9.97,24,240.0,0.0,0.0,0.0,0.0
2026-04-09,SCIIR,0.25,0.25,0.25,0.25,2580,644.0,0.0,0.0,0.0,0.0
2026-04-09,SCIIU,10.18,10.18,10.18,10.18,106,1079.0,0.0,0.0,0.0,0.0
2026-04-09,SCIO,20.7,20.71,20.725,20.66,155557,3220440.0,0.31,0.05,0.01,0.0
2026-04-09,SCJ,101.93,102.45,102.92,101.411,27623,2825769.0,1.45,-1.49,-1.55,0.0
2026-04-09,SCKT,0.87,0.851,0.942,0.85,26717,23292.0,10.44,-3.41,-0.03,0.32
2026-04-09,SCL,51.06,51.88,52.245,50.99,110792,5733786.0,2.43,0.64,0.33,0.49
2026-04-09,SCLS,24.14,24.14,24.14,24.14,3,72.0,0.0,0.39,0.093,0.0
2026-04-09,SCLX,7.27,7.01,7.373,7.0,21121,151038.0,5.14,-3.31,-0.24,0.25
2026-04-09,SCLXW,0.081,0.072,0.081,0.072,5612,445.0,9.38,-25.0,-0.024,0.0
2026-04-09,SCLZ,53.32,53.761,53.89,53.32,4674,250784.0,1.06,0.39,0.211,0.0
2026-04-09,SCM,9.36,9.33,9.4,9.2,102903,959631.0,2.12,-1.27,-0.12,0.36
2026-04-09,SCMB,25.62,25.67,25.68,25.6,684043,17549656.0,0.31,0.27,0.07,0.0
2026-04-09,SCMC,25.03,25.13,25.16,25.0,68210,1710378.0,0.64,0.4,0.1,0.0
2026-04-09,SCNI,0.59,0.59,0.618,0.58,23318,13792.0,6.55,1.72,0.01,0.66
2026-04-09,SCNM,24.96,24.98,25.0,24.89,35976,898353.0,0.44,0.16,0.04,0.0
2026-04-09,SCNX,0.34,0.341,0.356,0.33,177415,61013.0,7.43,-2.57,-0.009,0.44
2026-04-09,SCO,8.05,8.08,8.35,7.868,48969145,397018736.0,5.95,-0.25,-0.02,0.0
2026-04-09,SCOR,7.4,7.48,7.49,7.15,16588,121697.0,4.78,5.2,0.37,0.11
2026-04-09,SCOW,19.537,19.537,19.537,19.537,5,98.0,0.0,-0.03,-0.006,0.0
2026-04-09,SCPQ,9.9,9.9,9.9,9.9,25258,250054.0,0.0,0.0,0.0,0.24
2026-04-09,SCPQU,10.01,10.01,10.01,10.01,23,231.0,0.0,0.0,0.0,0.0
2026-04-09,SCPQW,0.26,0.26,0.26,0.26,1,0.0,0.0,0.0,0.0,0.0
2026-04-09,SCSC,38.01,38.21,38.68,37.925,213711,8182762.0,1.98,0.13,0.05,0.99
2026-04-09,SCUS,25.17,25.17,25.17,25.15,127193,3200157.0,0.08,0.12,0.03,0.0
2026-04-09,SCVL,16.64,17.86,18.02,16.47,728878,12775809.0,9.23,6.31,1.06,2.65
2026-04-09,SCWO,3.0,3.0,3.09,2.87,34028,101918.0,7.69,4.9,0.14,0.2
2026-04-09,SCYB,26.2,26.25,26.28,26.15,1021068,26773170.0,0.5,0.15,0.04,0.0
2026-04-09,SCYX,0.97,0.992,0.999,0.95,361578,354251.0,4.92,-0.4,-0.004,0.81
2026-04-09,SCZ,82.14,82.54,83.09,81.786,1737176,143444144.0,1.57,-0.48,-0.4,0.0
2026-04-09,SCZM,7.98,8.13,8.315,7.85,241613,1955105.0,5.86,2.39,0.19,0.26
2026-04-09,SD,15.3,15.38,15.81,15.152,776246,12022222.0,4.31,0.65,0.1,2.11
2026-04-09,SDA,1.63,1.7,1.71,1.6,135024,223215.0,6.63,2.41,0.04,0.24
2026-04-09,SDAWW,0.15,0.15,0.15,0.15,3500,525.0,0.0,-21.05,-0.04,0.0
2026-04-09,SDCI,27.25,27.29,27.379,27.035,103783,2829169.0,1.27,0.7,0.19,0.0
2026-04-09,SDCP,25.69,25.69,25.69,25.69,6,154.0,0.0,0.04,0.01,0.0
2026-04-09,SDD,10.61,10.438,10.655,10.4,2820,29509.0,2.41,-1.38,-0.146,0.0
2026-04-09,SDEM,33.18,33.373,33.45,33.11,1935,64340.0,1.03,0.72,0.24,0.0
2026-04-09,SDFI,35.66,35.66,35.66,35.64,2190,78103.0,0.06,0.1,0.036,0.0
2026-04-09,SDG,86.13,86.669,86.715,86.13,2134,184555.0,0.68,0.12,0.104,0.0
2026-04-09,SDGR,11.48,11.47,11.78,11.28,1625099,18622321.0,4.35,-0.26,-0.03,2.2
2026-04-09,SDHC,14.38,14.9,15.35,14.24,121691,1821937.0,7.75,3.98,0.57,1.34
2026-04-09,SDHI,10.39,10.39,10.39,10.39,1,10.0,0.0,0.0,0.0,0.0
2026-04-09,SDHIR,0.21,0.21,0.21,0.21,7260,1525.0,0.0,-8.7,-0.02,0.0
2026-04-09,SDHIU,10.5,10.5,10.5,10.5,200,2102.0,0.0,0.0,0.0,0.0
2026-04-09,SDHY,15.94,16.15,16.18,15.94,63757,1024598.0,1.49,0.31,0.05,0.0
2026-04-09,SDIV,25.45,25.72,25.76,25.45,506730,13004287.0,1.22,0.98,0.25,0.0
2026-04-09,SDMF,25.16,25.13,25.16,25.05,1792,44942.0,0.44,0.28,0.07,0.0
2026-04-09,SDOG,65.47,65.736,65.811,65.47,24927,1638590.0,0.52,0.01,0.006,0.0
2026-04-09,SDOT,1.68,1.65,1.72,1.63,4931,8220.0,5.59,2.48,0.04,0.27
2026-04-09,SDOW,32.05,31.17,32.13,30.895,6240876,196461281.0,3.89,-1.73,-0.55,0.0
2026-04-09,SDP,10.15,10.13,10.15,9.89,17523,174575.0,2.53,-1.43,-0.147,0.0
2026-04-09,SDRL,48.15,47.62,48.99,47.58,741037,35626945.0,2.92,-1.41,-0.68,1.19
2026-04-09,SDS,69.87,68.86,70.1,68.585,4366701,301995872.0,2.18,-1.13,-0.79,0.0
2026-04-09,SDSI,51.28,51.355,51.4,51.26,13632,699979.0,0.27,0.16,0.08,0.0
2026-04-09,SDST,2.73,2.75,2.88,2.65,71825,199867.0,8.27,-1.08,-0.03,0.72
2026-04-09,SDSTW,0.141,0.15,0.15,0.14,25405,3578.0,7.25,8.7,0.012,0.0
2026-04-09,SDTY,40.84,41.0,41.024,40.67,10155,415332.0,0.87,0.49,0.198,0.0
2026-04-09,SDVD,22.65,22.8,22.88,22.55,175625,3990349.0,1.46,0.8,0.18,0.0
2026-04-09,SDVY,41.2,41.57,41.71,41.09,1267595,52490305.0,1.5,0.68,0.28,0.0
2026-04-09,SE,85.0,85.46,85.55,82.356,2639580,222704696.0,3.74,0.18,0.15,0.48
2026-04-09,SEA,17.425,17.394,17.46,17.302,12446,216685.0,0.9,-0.38,-0.066,0.0
2026-04-09,SEAL_A,25.7,25.6,25.7,25.534,2443,62656.0,0.65,-0.43,-0.11,0.05
2026-04-09,SEAL_B,25.42,25.44,25.525,25.4,4371,111267.0,0.49,-0.31,-0.08,0.07
2026-04-09,SEAT,7.22,6.47,7.34,6.4,65667,436638.0,12.75,-12.21,-0.9,0.61
2026-04-09,SEATW,0.035,0.057,0.057,0.035,1381,53.0,38.6,0.0,0.0,0.0
2026-04-09,SEB,5825.55,5958.89,5974.028,5806.0,12278,72671337.0,2.86,1.54,90.47,1.28
2026-04-09,SECR,25.655,25.701,25.78,25.64,1673,43020.0,0.54,-0.05,-0.013,0.0
2026-04-09,SECT,62.86,63.21,63.305,62.659,110515,6979232.0,1.03,0.37,0.235,0.0
2026-04-09,SECU,49.84,49.63,49.87,49.63,9098,452920.0,0.48,-0.22,-0.11,0.0
2026-04-09,SEDG,43.49,41.84,46.198,41.262,3937201,170833143.0,11.34,-3.86,-1.68,6.52
2026-04-09,SEED,1.375,1.31,1.375,1.26,23054,30599.0,8.52,-2.96,-0.04,0.19
2026-04-09,SEEM,34.47,34.77,34.85,34.37,44979,1559399.0,1.38,0.2,0.07,0.0
2026-04-09,SEER,1.69,1.69,1.695,1.665,123389,207620.0,1.78,0.0,0.0,0.22
2026-04-09,SEF,33.055,32.756,33.08,32.68,20235,665455.0,1.22,-0.32,-0.104,0.0
2026-04-09,SEG,22.0,22.05,22.345,21.94,59897,1324002.0,1.82,-0.68,-0.15,0.47
2026-04-09,SEGG,0.559,0.507,0.569,0.501,350164,184907.0,12.19,-9.14,-0.051,2.77
2026-04-09,SEI,60.86,61.01,64.0,60.6,2837646,175386206.0,5.57,-0.05,-0.03,5.02
2026-04-09,SEIC,77.66,77.07,77.96,76.44,881609,68002490.0,1.95,-1.0,-0.78,0.73
2026-04-09,SEIE,33.95,34.22,34.36,33.905,52791,1803516.0,1.33,-0.19,-0.065,0.0
2026-04-09,SEIM,48.5,48.72,48.81,48.29,74646,3624800.0,1.07,0.53,0.255,0.0
2026-04-09,SEIQ,37.28,37.36,37.41,37.13,35533,1325194.0,0.75,-0.13,-0.05,0.0
2026-04-09,SEIS,29.07,29.208,29.33,28.93,30624,892299.0,1.38,0.48,0.139,0.0
2026-04-09,SEIV,42.51,42.68,42.74,42.47,68657,2925760.0,0.63,0.05,0.02,0.0
2026-04-09,SEIX,23.15,23.15,23.15,23.1,17206,397576.0,0.22,0.13,0.03,0.0
2026-04-09,SELF,5.24,5.21,5.28,5.14,53309,276125.0,2.64,-1.7,-0.09,0.47
2026-04-09,SELV,32.55,32.58,32.58,32.52,7238,235742.0,0.18,-0.15,-0.05,0.0
2026-04-09,SELX,0.449,0.484,0.543,0.435,138787,65463.0,23.84,6.84,0.031,0.32
2026-04-09,SEM,16.35,16.37,16.37,16.35,882359,14442046.0,0.12,0.12,0.02,0.71
2026-04-09,SEMG,24.72,24.88,24.89,24.622,12328,306143.0,1.08,-0.04,-0.01,0.0
2026-04-09,SEMI,31.155,31.52,31.52,31.045,6020,188154.0,1.53,1.22,0.38,0.0
2026-04-09,SEMR,11.95,11.96,11.96,11.95,1058819,12658657.0,0.08,0.08,0.01,0.81
2026-04-09,SEMY,16.96,17.02,17.07,16.955,348883,5935410.0,0.68,0.53,0.09,0.0
2026-04-09,SENEA,159.97,164.62,165.51,157.7,126029,20513266.0,4.9,3.39,5.39,2.42
2026-04-09,SENEB,148.03,148.03,148.03,148.03,204,33564.0,0.0,0.0,0.0,0.01
2026-04-09,SENS,6.66,6.67,6.75,6.535,291277,1939459.0,3.22,-0.15,-0.01,0.7
2026-04-09,SEPI,26.01,26.19,26.19,25.95,22164,578883.0,0.92,0.58,0.15,0.0
2026-04-09,SEPM,32.02,32.04,32.07,32.0,2592,83010.0,0.22,0.19,0.06,0.0
2026-04-09,SEPN,24.4,24.83,25.215,24.18,220936,5491212.0,4.23,1.39,0.34,0.49
2026-04-09,SEPP,30.72,30.885,30.885,30.72,3479,107296.0,0.54,0.43,0.131,0.0
2026-04-09,SEPT,35.21,35.45,35.48,35.21,5417,191701.0,0.77,0.51,0.18,0.0
2026-04-09,SEPU,28.58,28.782,28.782,28.58,10073,289404.0,0.7,0.43,0.122,0.0
2026-04-09,SEPW,32.12,32.235,32.25,32.1,23376,752229.0,0.47,0.39,0.124,0.0
2026-04-09,SEPZ,41.72,41.98,42.08,41.72,4329,181606.0,0.86,0.49,0.205,0.0
2026-04-09,SER,2.0,2.0,2.03,1.93,86866,171351.0,4.95,-0.99,-0.02,0.71
2026-04-09,SERA,2.16,2.09,2.3,2.09,20018,43407.0,9.46,-5.86,-0.13,0.05
2026-04-09,SERV,8.2,8.08,8.34,7.94,3023152,24580710.0,4.78,-3.46,-0.29,3.99
2026-04-09,SES,1.0,0.96,1.02,0.96,7010675,6938440.0,6.12,-2.04,-0.02,2.17
2026-04-09,SES_WS,0.024,0.028,0.035,0.018,65925,1956.0,73.91,21.74,0.005,0.0
2026-04-09,SETH,45.9,45.1,46.28,44.96,49515,2256024.0,2.92,-0.35,-0.16,0.0
2026-04-09,SETM,35.16,35.15,35.38,34.586,183099,6426722.0,2.26,-0.03,-0.01,0.0
2026-04-09,SEV,2.75,2.78,2.889,2.65,152447,417807.0,8.6,0.0,0.0,0.62
2026-04-09,SEVN,8.24,8.3,8.4,8.235,151437,1256972.0,2.0,0.85,0.07,0.0
2026-04-09,SEZL,69.12,69.12,71.0,67.81,738678,51260977.0,4.59,-0.53,-0.37,2.19
2026-04-09,SF,76.52,77.13,77.63,75.61,1302738,100409384.0,2.63,0.27,0.21,0.84
2026-04-09,SFB,19.6,19.73,19.79,19.6,10861,214077.0,0.97,0.56,0.11,0.0
2026-04-09,SFBC,44.74,45.29,45.53,44.255,5648,254305.0,2.82,0.31,0.14,0.22
2026-04-09,SFBS,77.42,79.75,79.91,76.71,221497,17557170.0,4.1,2.23,1.74,0.41
2026-04-09,SFD,28.95,29.59,29.75,28.75,1572723,46412988.0,3.43,1.47,0.43,0.4
2026-04-09,SFEB,24.3,24.48,24.54,24.3,22676,554222.0,0.98,0.45,0.11,0.0
2026-04-09,SFGV,34.02,33.978,34.05,33.978,33530,1141626.0,0.21,0.14,0.048,0.0
2026-04-09,SFHG,2.32,2.45,2.53,2.0,27639,65890.0,22.18,2.51,0.06,1.22
2026-04-09,SFIX,3.1,3.18,3.205,3.01,1865119,5860934.0,6.26,2.09,0.065,1.54
2026-04-09,SFL,11.05,10.92,11.2,10.89,1266460,13897457.0,2.8,-1.36,-0.15,0.86
2026-04-09,SFLO,30.73,30.678,30.74,30.495,30397,930630.0,0.79,-0.83,-0.258,0.0
2026-04-09,SFLR,36.05,36.2,36.225,36.05,397721,14386724.0,0.48,0.08,0.03,0.0
2026-04-09,SFM,75.8,76.02,76.9,75.48,1659044,126277798.0,1.87,0.36,0.27,1.75
2026-04-09,SFNC,20.36,21.01,21.04,20.28,1980897,41326292.0,3.72,2.84,0.58,1.37
2026-04-09,SFST,57.26,59.53,59.538,57.105,144255,8475286.0,4.22,3.21,1.85,1.75
2026-04-09,SFTX,27.95,28.218,28.24,27.948,19898,558931.0,1.03,-0.61,-0.172,0.0
2026-04-09,SFTY,28.11,28.28,28.28,28.1,19368,545914.0,0.64,0.82,0.23,0.0
2026-04-09,SFWL,1.02,1.02,1.02,1.02,936,953.0,0.0,2.0,0.02,0.0
2026-04-09,SFY,130.43,131.25,131.42,130.03,15803,2066817.0,1.06,0.54,0.7,0.0
2026-04-09,SFYF,52.8,53.09,53.09,52.66,5663,299935.0,0.82,0.64,0.34,0.0
2026-04-09,SF_B,23.88,23.87,23.88,23.75,6508,155082.0,0.55,0.95,0.225,0.1
2026-04-09,SF_C,23.73,23.73,24.02,23.71,5260,125142.0,1.31,0.38,0.09,0.06
2026-04-09,SF_D,16.91,16.9,17.04,16.81,44135,745114.0,1.36,0.3,0.05,0.37
2026-04-09,SG,5.72,5.61,5.83,5.52,3411457,19280984.0,5.33,-3.61,-0.21,3.19
2026-04-09,SGA,11.59,11.62,11.695,11.59,2788,32513.0,0.89,-1.53,-0.18,0.04
2026-04-09,SGC,10.46,10.65,10.67,10.405,79362,837998.0,2.52,1.43,0.15,0.51
2026-04-09,SGDJ,93.76,93.83,94.81,92.145,119186,11166948.0,2.88,1.35,1.25,0.0
2026-04-09,SGDM,80.92,80.88,82.426,80.34,68031,5532464.0,2.57,-0.17,-0.14,0.0
2026-04-09,SGHC,10.77,10.58,10.88,10.22,2616737,27707913.0,6.04,-3.2,-0.35,0.52
2026-04-09,SGHT,3.46,3.5,3.535,3.378,115555,401642.0,4.51,0.57,0.02,0.21
2026-04-09,SGI,76.75,77.76,78.575,75.57,3006537,233275498.0,3.88,0.5,0.39,1.43
2026-04-09,SGLC,38.7,39.202,39.259,38.7,15201,593564.0,1.44,0.93,0.363,0.0
2026-04-09,SGLY,0.42,0.414,0.43,0.414,15040,6408.0,3.81,-1.43,-0.006,0.21
2026-04-09,SGML,14.49,13.73,14.78,13.58,2311433,32287511.0,8.29,-5.11,-0.74,2.07
2026-04-09,SGMO,0.253,0.262,0.278,0.246,5760526,1529810.0,12.55,2.75,0.007,1.39
2026-04-09,SGMT,5.51,5.64,5.705,5.47,289465,1622126.0,4.2,0.89,0.05,0.9
2026-04-09,SGOL,45.26,45.43,45.72,45.21,3412170,155307437.0,1.13,0.8,0.36,0.0
2026-04-09,SGOV,100.47,100.46,100.47,100.46,17796592,1787951904.0,0.01,0.01,0.01,0.0
2026-04-09,SGP,21.86,21.22,22.95,21.0,62361,1338077.0,8.78,-4.5,-1.0,0.19
2026-04-09,SGRP,0.573,0.561,0.58,0.561,11425,6601.0,3.36,-0.88,-0.005,0.05
2026-04-09,SGRT,30.28,30.46,30.83,30.11,55418,1685618.0,2.39,1.13,0.34,0.0
2026-04-09,SGRW,19.242,19.242,19.242,19.242,28,536.0,0.0,0.35,0.068,0.0
2026-04-09,SGRY,12.51,12.94,13.03,12.5,813074,10473588.0,4.19,2.29,0.29,0.63
2026-04-09,SGU,12.7,12.58,12.7,12.5,7548,95022.0,1.58,-0.47,-0.06,0.02
2026-04-09,SGVT,100.56,100.55,100.56,100.55,241551,24289682.0,0.01,0.0,0.0,0.0
2026-04-09,SH,36.57,36.29,36.625,36.22,10646806,387418208.0,1.11,-0.6,-0.22,0.0
2026-04-09,SHAG,47.71,47.725,47.725,47.695,5965,284596.0,0.06,0.08,0.04,0.0
2026-04-09,SHAK,97.39,97.55,99.15,96.285,1126784,110371368.0,2.93,-0.32,-0.31,2.8
2026-04-09,SHAZ,26.19,30.66,31.51,26.19,493705,14764870.0,20.46,17.92,4.66,3.09
2026-04-09,SHBI,19.13,19.6,19.61,18.95,236965,4596536.0,3.34,-0.81,-0.16,0.71
2026-04-09,SHC,15.16,15.28,15.345,14.92,1858815,28331893.0,2.79,0.26,0.04,0.65
2026-04-09,SHDG,31.45,31.544,31.544,31.27,6523,204400.0,0.87,0.51,0.16,0.0
2026-04-09,SHE,132.88,133.677,133.677,132.88,1952,259790.0,0.6,0.4,0.537,0.0
2026-04-09,SHEH,66.78,65.84,67.01,65.84,291,19436.0,1.76,-1.22,-0.81,0.0
2026-04-09,SHEL,92.09,91.09,93.05,90.935,6230114,573681776.0,2.3,-1.0,-0.92,0.22
2026-04-09,SHEN,15.4,15.04,15.46,14.55,290040,4343391.0,6.31,4.3,0.62,0.52
2026-04-09,SHFS,0.85,0.789,0.85,0.789,30366,24514.0,7.53,-2.59,-0.021,0.71
2026-04-09,SHG,65.35,66.64,66.89,65.35,153528,10183310.0,2.32,0.35,0.23,0.03
2026-04-09,SHIM,3.72,3.73,3.8,3.66,16762,62453.0,3.77,0.54,0.02,0.05
2026-04-09,SHIP,13.95,13.95,14.396,13.84,219513,3094865.0,3.98,-0.21,-0.03,1.01
2026-04-09,SHLD,74.54,74.25,74.933,74.13,1204793,89793553.0,1.07,-0.95,-0.71,0.0
2026-04-09,SHLS,6.95,6.97,7.28,6.91,4048982,28573349.0,5.32,0.29,0.02,2.41
2026-04-09,SHM,47.94,47.94,47.96,47.915,177459,8507256.0,0.09,0.02,0.01,0.0
2026-04-09,SHMD,5.4,5.96,6.14,5.32,358834,2083135.0,15.05,9.36,0.51,0.65
2026-04-09,SHMDW,1.53,1.75,1.75,1.53,49967,80468.0,13.75,9.38,0.15,0.0
2026-04-09,SHNY,14.39,14.55,14.82,14.37,780052,11358698.0,3.16,2.32,0.33,0.0
2026-04-09,SHO,9.17,9.46,9.615,9.155,3014300,28530829.0,4.99,2.6,0.24,1.59
2026-04-09,SHOC,80.28,81.534,81.55,80.25,8785,711758.0,1.62,1.91,1.525,0.0
2026-04-09,SHOO,36.84,38.18,38.453,36.62,988330,37563299.0,4.93,2.61,0.97,1.35
2026-04-09,SHOP,120.31,112.38,120.61,112.0,10547590,1201684320.0,7.17,-6.43,-7.72,0.86
2026-04-09,SHO_H,19.92,20.28,20.45,19.91,3631,73332.0,2.64,-0.98,-0.2,0.08
2026-04-09,SHO_I,19.57,19.56,19.57,19.56,548,10742.0,0.05,0.0,0.0,0.01
2026-04-09,SHPD,22.79,23.249,23.249,22.76,3059,69980.0,2.24,6.3,1.378,0.0
2026-04-09,SHPH,0.745,0.725,0.745,0.701,33870,24137.0,5.87,-3.33,-0.025,0.61
2026-04-09,SHPP,31.561,31.561,31.561,31.561,8,283.0,0.0,0.31,0.096,0.0
2026-04-09,SHPU,14.23,12.29,14.23,12.24,125766,1585795.0,14.12,-12.82,-1.808,0.0
2026-04-09,SHRT,7.18,7.206,7.22,7.18,883,6356.0,0.55,-1.08,-0.079,0.0
2026-04-09,SHRY,44.09,44.065,44.09,43.96,534,23545.0,0.3,0.09,0.038,0.0
2026-04-09,SHUS,47.675,47.675,47.675,47.675,10,499.0,0.0,2.15,1.002,0.0
2026-04-09,SHV,110.16,110.17,110.18,110.16,3146178,346613440.0,0.02,0.02,0.02,0.0
2026-04-09,SHW,332.05,335.73,339.32,330.0,1506752,505524608.0,2.78,0.02,0.06,0.61
2026-04-09,SHY,82.42,82.44,82.48,82.39,6123474,504799616.0,0.11,0.02,0.02,0.0
2026-04-09,SHYD,22.71,22.72,22.74,22.68,137208,3115616.0,0.26,0.13,0.03,0.0
2026-04-09,SHYG,42.49,42.52,42.599,42.43,1449016,61623347.0,0.4,0.05,0.02,0.0
2026-04-09,SHYL,44.58,44.669,44.71,44.535,67521,3013876.0,0.39,0.22,0.099,0.0
2026-04-09,SHYM,22.13,22.155,22.175,22.11,178195,3947326.0,0.29,0.05,0.01,0.0
2026-04-09,SI,14.54,14.82,14.945,14.39,61116,899234.0,3.8,1.51,0.22,0.3
2026-04-09,SIBN,13.73,13.69,13.755,13.05,1223023,16412042.0,5.06,-1.72,-0.24,2.77
2026-04-09,SID,1.34,1.35,1.37,1.315,4339653,5839469.0,4.14,1.5,0.02,0.33
2026-04-09,SIDU,3.57,3.34,3.85,3.33,20919291,75143228.0,14.29,-8.24,-0.3,31.5
2026-04-09,SIEB,1.78,1.81,1.825,1.75,18857,33720.0,4.17,0.56,0.01,0.05
2026-04-09,SIF,14.83,14.73,15.64,13.9,108087,1628748.0,11.64,-1.47,-0.22,1.74
2026-04-09,SIFI,43.505,43.505,43.505,43.505,16,735.0,0.0,0.07,0.03,0.0
2026-04-09,SIFY,14.23,13.84,14.23,13.68,31636,442060.0,3.99,0.29,0.04,0.04
2026-04-09,SIG,89.81,93.06,93.97,89.81,618690,57458266.0,4.6,2.87,2.6,1.54
2026-04-09,SIGA,4.56,4.4,4.595,4.35,685967,3028106.0,5.35,-3.93,-0.18,0.96
2026-04-09,SIGI,81.04,81.58,82.36,80.5,522834,42695574.0,2.29,0.22,0.18,0.87
2026-04-09,SIGIP,16.2,16.22,16.25,16.2,4300,69782.0,0.31,0.12,0.02,0.05
2026-04-09,SIHY,45.21,45.28,45.3,45.13,3442,155704.0,0.38,0.11,0.05,0.0
2026-04-09,SII,144.0,144.74,147.05,143.0,182990,26599775.0,2.81,0.49,0.7,0.71
2026-04-09,SIJ,9.29,9.09,9.29,9.01,21339,196232.0,3.02,-1.84,-0.17,0.0
2026-04-09,SIL,95.44,95.66,97.49,93.7,879322,84127216.0,3.95,-0.24,-0.23,4.73
2026-04-09,SILA,24.07,24.6,24.8,24.07,226464,5572083.0,3.01,1.57,0.38,0.41
2026-04-09,SILC,22.22,22.0,22.7,21.85,44870,998584.0,3.87,0.14,0.03,0.79
2026-04-09,SILJ,31.33,31.4,32.08,30.64,2188982,68710117.0,4.59,0.1,0.03,0.0
2026-04-09,SILO,0.382,0.416,0.429,0.38,1817250,718007.0,11.09,-5.88,-0.026,12.83
2026-04-09,SIM,29.0,29.0,29.0,29.0,800,23865.0,0.0,-15.57,-5.35,0.0
2026-04-09,SIMA,10.72,10.72,10.72,10.72,51,547.0,0.0,0.0,0.0,0.0
2026-04-09,SIMO,121.33,127.0,128.56,120.16,968527,122132771.0,6.9,4.31,5.25,2.85
2026-04-09,SIMS,43.702,43.702,43.702,43.702,48,2114.0,0.0,0.71,0.306,0.0
2026-04-09,SINT,2.76,2.69,2.76,2.62,32487,86844.0,5.19,-0.37,-0.01,0.79
2026-04-09,SIO,25.816,25.855,25.88,25.79,8676,224318.0,0.35,0.19,0.05,0.0
2026-04-09,SION,36.75,38.89,40.04,36.73,352487,13667280.0,8.96,5.25,1.94,0.78
2026-04-09,SIOO,19.18,19.27,19.27,19.08,10761,206278.0,0.99,0.8,0.153,0.0
2026-04-09,SIRI,23.26,23.43,23.52,23.16,4238088,98898616.0,1.53,-0.17,-0.04,1.26
2026-04-09,SITC,5.36,5.35,5.44,5.32,735751,3962991.0,2.21,-1.29,-0.07,1.4
2026-04-09,SITE,133.47,134.61,136.815,131.14,783486,105383610.0,4.23,0.31,0.41,1.77
2026-04-09,SITM,394.9,406.69,408.0,392.765,340778,137534805.0,3.86,2.98,11.77,1.29
2026-04-09,SIVR,71.0,71.84,72.85,70.56,3147588,226929441.0,3.23,1.3,0.92,0.0
2026-04-09,SIXA,53.24,53.62,53.66,53.24,2927,156779.0,0.79,0.69,0.367,0.0
2026-04-09,SIXD,28.98,29.005,29.005,28.98,604,17500.0,0.09,0.47,0.135,0.0
2026-04-09,SIXF,32.11,32.24,32.26,32.11,1461,46993.0,0.47,0.42,0.134,0.0
2026-04-09,SIXG,74.0,73.317,74.59,72.94,20517,1508415.0,2.23,-1.11,-0.823,0.0
2026-04-09,SIXH,42.59,42.869,42.869,42.59,3719,159081.0,0.65,0.28,0.119,0.0
2026-04-09,SIXJ,34.35,34.53,34.53,34.35,2614,90010.0,0.52,0.41,0.142,0.0
2026-04-09,SIXL,38.89,38.987,39.01,38.86,16740,652837.0,0.39,0.66,0.254,0.0
2026-04-09,SIXO,34.42,34.59,34.59,34.42,17153,592590.0,0.49,0.35,0.12,0.0
2026-04-09,SIXP,31.955,32.115,32.122,31.94,4356,139330.0,0.57,0.43,0.136,0.0
2026-04-09,SIXS,53.53,54.117,54.117,53.53,245,13176.0,1.1,1.1,0.591,0.0
2026-04-09,SIXZ,29.39,29.545,29.58,29.381,3397,100212.0,0.68,0.34,0.1,0.0
2026-04-09,SIZE,164.41,164.68,164.98,164.048,5132,845164.0,0.57,-0.1,-0.16,0.0
2026-04-09,SJ,1.27,1.269,1.34,1.269,2922,3812.0,5.55,-0.86,-0.011,0.01
2026-04-09,SJB,15.33,15.3,15.35,15.28,424133,6492451.0,0.46,-0.07,-0.01,0.0
2026-04-09,SJCP,25.085,25.085,25.085,25.085,2,50.0,0.0,0.26,0.065,0.0
2026-04-09,SJLD,25.275,25.275,25.275,25.275,4,101.0,0.0,0.02,0.005,0.0
2026-04-09,SJM,93.32,92.47,93.77,91.63,1618647,149778671.0,2.28,-1.41,-1.32,1.52
2026-04-09,SJNK,25.1,25.12,25.155,25.05,2403401,60345071.0,0.42,0.08,0.02,0.0
2026-04-09,SJT,4.69,4.55,4.71,4.55,175082,811110.0,3.44,-2.15,-0.1,0.38
2026-04-09,SKBL,3.36,3.39,3.45,3.26,30963,104054.0,5.67,1.19,0.04,0.25
2026-04-09,SKE,31.34,32.53,32.835,31.075,660607,21305786.0,5.64,4.3,1.34,0.54
2026-04-09,SKF,28.877,28.5,29.025,28.28,25199,718082.0,2.6,-0.56,-0.16,0.0
2026-04-09,SKIL,4.09,4.22,4.34,3.75,220943,898518.0,15.21,8.76,0.34,2.51
2026-04-09,SKIN,0.9,0.922,0.943,0.9,289934,267215.0,4.61,-1.07,-0.01,0.23
2026-04-09,SKK,2.34,2.485,2.565,2.26,38249,92468.0,13.15,7.11,0.165,2.83
2026-04-09,SKLZ,2.5,2.51,2.607,2.485,25406,64410.0,4.86,0.0,0.0,0.21
2026-04-09,SKM,35.29,35.61,36.165,34.82,2028959,72192672.0,3.91,3.52,1.21,0.53
2026-04-09,SKOR,48.655,48.725,48.78,48.635,48576,2367066.0,0.3,0.08,0.037,0.0
2026-04-09,SKRE,7.75,7.47,7.81,7.41,277480,2120816.0,5.17,-3.43,-0.265,0.0
2026-04-09,SKT,35.65,36.29,36.55,35.65,590554,21428446.0,2.52,1.43,0.51,0.52
2026-04-09,SKWD,44.9,45.89,46.25,44.48,323055,14796591.0,3.92,1.55,0.7,0.73
2026-04-09,SKY,78.39,79.28,80.845,78.03,627797,49929679.0,3.58,0.8,0.63,1.14
2026-04-09,SKYE,0.7,0.726,0.73,0.69,80176,57036.0,5.66,2.69,0.019,0.23
2026-04-09,SKYH_WS,0.848,0.875,0.938,0.848,47086,42198.0,10.34,0.57,0.005,0.0
2026-04-09,SKYQ,7.16,7.29,9.56,6.91,21651619,180533334.0,40.09,10.29,0.68,576.23
2026-04-09,SKYT,28.61,28.43,29.0,28.27,959581,27411705.0,2.54,-1.22,-0.35,1.95
2026-04-09,SKYU,23.71,24.216,24.216,23.71,1233,29595.0,1.95,-6.54,-1.694,0.0
2026-04-09,SKYW,94.01,94.87,95.47,92.87,411804,38992919.0,2.73,-0.29,-0.28,1.02
2026-04-09,SKYX,1.18,1.14,1.21,1.135,1202979,1396840.0,6.41,-2.56,-0.03,0.9
2026-04-09,SKYY,111.07,107.84,111.07,106.441,215761,23246881.0,4.15,-3.34,-3.73,0.0
2026-04-09,SLAB,210.68,210.38,210.92,209.97,313506,65969405.0,0.45,0.01,0.02,0.95
2026-04-09,SLAI,0.75,0.852,0.866,0.75,147845,122091.0,15.06,10.65,0.082,0.79
2026-04-09,SLB,51.7,52.54,52.89,51.17,16033060,841697104.0,3.32,1.27,0.66,1.07
2026-04-09,SLDB,8.0,8.1,8.25,7.79,722238,5861831.0,5.74,1.0,0.08,0.73
2026-04-09,SLDE,18.03,17.78,18.23,17.75,1455303,26230473.0,2.65,-1.77,-0.32,1.17
2026-04-09,SLDP,2.98,2.96,3.07,2.95,2965563,8885934.0,4.0,-1.33,-0.04,1.32
2026-04-09,SLDPW,0.219,0.24,0.24,0.186,12189,2770.0,27.0,20.0,0.04,0.0
2026-04-09,SLDR,49.94,49.94,49.94,49.94,12,599.0,0.0,0.03,0.016,0.0
2026-04-09,SLE,3.808,3.69,3.863,3.6,26856,101396.0,6.99,-1.86,-0.07,1.84
2026-04-09,SLF,65.5,66.03,66.51,65.36,381259,25184897.0,1.74,0.14,0.09,0.07
2026-04-09,SLG,38.24,37.74,38.96,37.15,1078075,40807877.0,4.69,-2.25,-0.87,1.52
2026-04-09,SLGB,0.856,0.893,0.95,0.856,107092,97215.0,10.78,2.41,0.021,0.26
2026-04-09,SLGL,72.35,72.02,75.1,71.15,72427,5333354.0,5.3,-3.33,-2.48,2.22
2026-04-09,SLGN,40.9,41.78,41.89,40.9,639209,26621196.0,2.4,1.14,0.47,0.6
2026-04-09,SLG_I,20.67,20.52,20.67,20.45,68390,1404227.0,1.07,-0.39,-0.08,0.74
2026-04-09,SLI,3.5,3.37,3.525,3.355,824819,2808242.0,4.9,-2.88,-0.1,0.34
2026-04-09,SLJY,35.0,34.8,35.3,34.23,28813,1003362.0,3.1,0.93,0.32,0.0
2026-04-09,SLM,21.48,21.44,21.79,21.345,3005106,64642033.0,2.06,-0.92,-0.2,1.52
2026-04-09,SLMBP,73.75,74.93,74.93,73.75,2370,176742.0,1.57,-0.01,-0.01,0.09
2026-04-09,SLMT,0.8,0.775,0.836,0.761,375873,294091.0,9.04,-6.63,-0.055,0.46
2026-04-09,SLN,5.76,5.8,5.82,5.565,217232,1239820.0,4.36,-0.85,-0.05,0.46
2026-04-09,SLND,1.11,1.09,1.11,1.03,104213,111362.0,7.14,-2.68,-0.03,0.19
2026-04-09,SLND_WS,0.032,0.037,0.045,0.032,1130,46.0,40.63,15.63,0.005,0.0
2026-04-09,SLNG,3.6,3.62,3.85,3.6,23045,85296.0,6.98,1.12,0.04,0.12
2026-04-09,SLNH,0.72,0.724,0.775,0.7,2293400,1710953.0,10.27,-0.82,-0.006,2.03
2026-04-09,SLNHP,8.51,7.83,8.51,7.83,360,2948.0,8.5,-2.13,-0.17,0.01
2026-04-09,SLNO,52.52,52.51,52.58,52.41,6384292,335066640.0,0.32,-0.17,-0.09,12.37
2026-04-09,SLNZ,45.25,45.32,45.32,45.25,480,21742.0,0.15,0.2,0.09,0.0
2026-04-09,SLON,4.92,5.19,5.22,4.85,123225,621605.0,7.31,2.57,0.13,0.0
2026-04-09,SLP,12.8,12.99,13.215,12.44,765394,10427712.0,5.96,-0.08,-0.01,3.79
2026-04-09,SLQD,50.44,50.465,50.505,50.42,329694,16636811.0,0.17,0.06,0.03,0.0
2026-04-09,SLQT,0.637,0.69,0.69,0.63,772691,519084.0,9.19,5.67,0.037,0.44
2026-04-09,SLRC,14.76,14.86,14.9,14.65,214076,3171307.0,1.69,0.54,0.08,0.39
2026-04-09,SLS,4.83,5.05,5.18,4.785,5494181,27749685.0,8.13,3.91,0.19,3.06
2026-04-09,SLSN,1.27,1.145,1.27,1.145,24136,28806.0,9.54,-12.6,-0.165,0.03
2026-04-09,SLSR,8.58,9.38,9.64,8.58,125020,1164302.0,11.75,3.99,0.36,0.07
2026-04-09,SLTY,28.39,28.37,28.68,28.37,19343,550592.0,1.09,0.18,0.05,0.0
2026-04-09,SLV,67.615,68.39,69.34,67.17,27209990,1860955392.0,3.22,1.36,0.92,0.0
2026-04-09,SLVO,89.44,89.899,90.81,88.56,52515,4710794.0,2.54,1.52,1.343,0.0
2026-04-09,SLVP,37.62,38.07,38.61,37.15,401292,15242891.0,3.85,0.45,0.17,0.0
2026-04-09,SLVR,59.77,60.09,60.98,58.6,149010,8948856.0,3.99,0.77,0.46,0.0
2026-04-09,SLVX,19.49,19.446,19.679,19.145,5202,101177.0,2.76,0.43,0.084,0.0
2026-04-09,SLX,97.74,98.1,98.4,96.94,16126,1577958.0,1.49,0.21,0.21,0.0
2026-04-09,SLXN,1.12,1.11,1.15,1.09,101512,112198.0,5.36,-0.89,-0.01,2.49
2026-04-09,SLYG,101.55,102.8,103.37,101.55,120407,12355525.0,1.78,0.7,0.71,0.0
2026-04-09,SLYV,97.14,98.39,98.66,97.14,288733,28343804.0,1.56,0.67,0.65,0.0
2026-04-09,SM,29.06,28.33,29.615,27.965,5588878,159849756.0,5.73,-1.67,-0.48,2.33
2026-04-09,SMA,31.23,31.86,32.325,30.96,487829,15536928.0,4.34,1.3,0.41,0.88
2026-04-09,SMAP,25.71,25.645,25.72,25.645,1012,26021.0,0.29,0.2,0.051,0.0
2026-04-09,SMAX,27.05,27.11,27.14,27.05,58556,1586848.0,0.33,0.17,0.045,0.0
2026-04-09,SMAY,26.775,26.83,26.83,26.74,13587,363879.0,0.34,0.27,0.071,0.0
2026-04-09,SMB,17.34,17.33,17.34,17.31,108304,1876047.0,0.17,0.06,0.01,0.0
2026-04-09,SMBC,66.91,67.21,67.985,66.725,358589,24068979.0,1.87,-0.07,-0.05,3.23
2026-04-09,SMBK,41.57,42.6,42.78,41.57,70184,2978835.0,2.88,1.53,0.64,0.41
2026-04-09,SMBS,25.57,25.61,25.66,25.525,475616,12188316.0,0.53,0.08,0.02,0.0
2026-04-09,SMC,28.95,28.83,29.285,28.645,36197,1046900.0,2.19,-1.23,-0.36,0.26
2026-04-09,SMCF,35.95,35.93,35.95,35.93,632,22735.0,0.06,0.37,0.132,0.0
2026-04-09,SMCI,23.39,23.22,23.95,23.09,28653966,671026192.0,3.68,-0.64,-0.15,4.77
2026-04-09,SMCL,1.79,1.75,1.865,1.74,30646443,54976223.0,6.98,-2.23,-0.04,0.0
2026-04-09,SMCO,28.45,28.686,28.77,28.45,3113,89099.0,1.12,0.48,0.137,0.0
2026-04-09,SMCX,8.88,8.72,9.29,8.64,5027951,44911150.0,7.34,-1.58,-0.14,0.0
2026-04-09,SMCY,5.45,5.44,5.525,5.42,415163,2275434.0,1.89,-1.98,-0.11,0.0
2026-04-09,SMCZ,42.12,42.53,43.0,40.2,96239,4006709.0,6.61,0.4,0.17,0.0
2026-04-09,SMDD,9.965,9.87,10.06,9.79,16347,162804.0,2.72,-0.4,-0.04,0.0
2026-04-09,SMDV,71.24,72.7,72.73,71.24,15160,1093413.0,2.08,1.55,1.11,0.0
2026-04-09,SMDX,24.915,24.915,24.915,24.915,3,75.0,0.0,0.82,0.203,0.0
2026-04-09,SMFG,20.93,21.27,21.37,20.86,1801497,38175132.0,2.36,-1.44,-0.31,0.03
2026-04-09,SMG,63.0,62.54,64.11,62.08,722637,45529059.0,3.18,-2.01,-1.28,1.25
2026-04-09,SMH,423.17,430.31,430.65,422.63,6018201,2574341936.0,1.9,1.75,7.39,0.0
2026-04-09,SMHB,3.73,3.8,3.8,3.64,36458,136341.0,4.29,1.88,0.07,0.0
2026-04-09,SMHI,7.81,7.79,8.0,7.72,71630,565058.0,3.57,-0.64,-0.05,0.27
2026-04-09,SMHX,40.54,41.12,41.14,40.48,48741,1993513.0,1.63,1.33,0.54,0.0
2026-04-09,SMID,27.59,29.05,29.05,27.59,8466,240233.0,5.27,4.8,1.33,0.16
2026-04-09,SMIG,30.05,30.38,30.52,30.05,135756,4120445.0,1.56,0.7,0.21,0.0
2026-04-09,SMIN,64.07,64.18,64.4,63.61,142336,9134289.0,1.24,0.49,0.31,0.0
2026-04-09,SMIZ,38.98,39.44,39.526,38.91,48732,1912749.0,1.58,0.87,0.339,0.0
2026-04-09,SMJF,3.32,3.42,3.7,3.28,2190139,7365180.0,12.21,-0.58,-0.02,14.66
2026-04-09,SMLF,78.31,78.76,79.025,78.055,233277,18361881.0,1.23,0.22,0.17,0.0
2026-04-09,SMLL,19.665,19.665,19.665,19.665,965,18974.0,0.0,0.45,0.088,0.0
2026-04-09,SMLV,142.51,143.914,144.0,142.05,2532,361643.0,1.37,1.03,1.47,0.0
2026-04-09,SMMD,80.03,80.63,80.95,79.915,239408,19259149.0,1.29,0.5,0.4,0.0
2026-04-09,SMMT,18.97,19.31,19.55,18.86,1868282,36054288.0,3.67,2.66,0.5,0.24
2026-04-09,SMMU,50.48,50.52,50.52,50.45,88681,4476525.0,0.14,0.07,0.033,0.0
2026-04-09,SMMV,44.79,44.99,45.12,44.73,10569,475975.0,0.87,0.08,0.035,0.0
2026-04-09,SMN,9.89,9.956,9.98,9.89,6682,66579.0,0.91,0.4,0.04,0.0
2026-04-09,SMOG,143.1,143.262,143.95,143.09,1678,240557.0,0.61,0.86,1.22,0.0
2026-04-09,SMOM,25.64,25.804,25.804,25.64,2391,61453.0,0.64,0.21,0.055,0.0
2026-04-09,SMOT,36.08,36.13,36.23,35.941,42491,1535274.0,0.8,-0.33,-0.12,0.0
2026-04-09,SMOX,27.931,28.139,28.24,27.931,2284,64192.0,1.1,0.4,0.112,0.0
2026-04-09,SMP,36.35,37.72,37.77,36.25,89010,3341076.0,4.16,3.12,1.14,0.4
2026-04-09,SMPL,10.47,11.8,12.52,10.21,16524838,193075870.0,16.03,-18.11,-2.61,18.26
2026-04-09,SMR,9.62,9.3,9.845,9.28,19961186,189838188.0,5.73,-5.68,-0.56,6.17
2026-04-09,SMRF,25.01,24.817,25.13,24.79,7744,193543.0,1.37,-0.02,-0.005,0.0
2026-04-09,SMRI,35.95,36.085,36.11,35.86,2582,92963.0,0.69,-0.64,-0.231,0.0
2026-04-09,SMRT,1.44,1.38,1.44,1.375,1258149,1746767.0,4.51,-4.17,-0.06,0.65
2026-04-09,SMSI,0.719,0.69,0.725,0.682,76472,53240.0,6.04,-3.09,-0.022,0.3
2026-04-09,SMST,61.12,60.119,62.96,57.027,344171,20562708.0,9.8,-0.73,-0.441,0.0
2026-04-09,SMTC,87.01,88.66,90.5,86.745,1853717,164598584.0,4.32,1.97,1.71,1.99
2026-04-09,SMTH,25.9,25.92,25.97,25.873,191525,4967352.0,0.37,0.02,0.005,0.0
2026-04-09,SMTI,17.0,16.97,17.09,16.505,35240,593943.0,3.44,-0.18,-0.03,0.38
2026-04-09,SMTK,0.319,0.36,0.365,0.26,699350,223088.0,31.82,9.09,0.03,3.3
2026-04-09,SMU,10.64,9.94,11.115,9.83,452015,4720511.0,11.52,-10.85,-1.21,0.0
2026-04-09,SMUP,8.11,7.585,8.4,7.49,62296,489840.0,10.72,-10.66,-0.905,0.0
2026-04-09,SMWB,2.65,2.48,2.65,2.39,811171,2000084.0,9.7,-7.46,-0.2,0.93
2026-04-09,SMX,6.07,6.26,6.55,5.93,1141669,7148800.0,9.94,0.32,0.02,23.99
2026-04-09,SMXT,0.561,0.492,0.574,0.481,559674,289724.0,17.19,-9.06,-0.049,0.98
2026-04-09,SMXWW,0.066,0.046,0.066,0.045,21840,1082.0,40.38,-11.54,-0.006,0.0
2026-04-09,SMYY,9.1,9.09,9.17,9.04,32093,291949.0,1.43,0.0,0.0,0.0
2026-04-09,SMZ,58.39,62.365,62.365,56.0,21253,1243080.0,11.35,11.17,6.264,0.0
2026-04-09,SN,110.79,114.96,116.26,110.66,1366881,156614071.0,5.0,2.73,3.05,0.97
2026-04-09,SNA,379.39,383.78,385.0,364.682,262604,100645670.0,5.34,0.83,3.16,0.5
2026-04-09,SNAG,5.12,5.571,5.58,4.9,54281,285155.0,13.44,10.1,0.511,0.0
2026-04-09,SNAL,0.519,0.435,0.519,0.34,79864,36166.0,35.8,-13.0,-0.065,0.88
2026-04-09,SNAP,4.71,4.95,4.96,4.62,57721143,277996976.0,7.19,4.65,0.22,4.02
2026-04-09,SNAV,35.43,35.595,35.68,35.43,1833,65259.0,0.7,0.15,0.053,0.0
2026-04-09,SNBR,1.67,1.37,1.98,1.33,4282402,6807227.0,36.93,-22.16,-0.39,18.59
2026-04-09,SNCY,17.14,17.51,17.715,17.055,672844,11760086.0,3.78,0.17,0.03,1.24
2026-04-09,SND,4.98,4.86,5.05,4.835,195557,960539.0,4.33,-2.21,-0.11,0.45
2026-04-09,SNDA,32.53,32.6,33.11,31.973,532215,17412523.0,3.47,-0.55,-0.18,1.12
2026-04-09,SNDK,817.08,851.57,855.0,805.0,17233648,14301538304.0,6.4,9.05,70.67,11.68
2026-04-09,SNDL,1.34,1.38,1.401,1.34,1584504,2181333.0,4.49,1.47,0.02,0.61
2026-04-09,SNDR,28.35,28.1,28.66,28.04,1192707,33662173.0,2.18,-1.3,-0.37,1.29
2026-04-09,SNDU,35.48,38.74,38.82,34.6,428252,15513145.0,12.98,19.2,6.24,0.0
2026-04-09,SNDX,24.4,24.76,24.935,24.28,702729,17349188.0,2.67,0.81,0.2,0.8
2026-04-09,SNES,1.62,1.62,1.716,1.6,7966,13070.0,7.25,1.25,0.02,0.15
2026-04-09,SNEX,91.62,93.28,94.616,91.0,653721,60987723.0,3.95,1.81,1.66,0.83
2026-04-09,SNFCA,9.59,9.7,9.7,9.505,30289,292973.0,2.01,0.0,0.0,0.14
2026-04-09,SNGX,1.15,1.14,1.15,1.12,162414,184829.0,2.61,-0.87,-0.01,1.58
2026-04-09,SNN,32.87,33.13,33.32,32.68,848805,27960010.0,1.94,0.3,0.1,0.2
2026-04-09,SNOA,2.3,2.41,2.6,2.225,84490,205761.0,16.38,5.24,0.12,4.88
2026-04-09,SNOU,17.28,13.26,17.28,13.1,420521,5905490.0,24.26,-23.04,-3.97,0.0
2026-04-09,SNOV,25.5,25.59,25.59,25.47,3587,91615.0,0.47,0.49,0.124,0.0
2026-04-09,SNOY,7.61,6.79,7.61,6.74,84419,588243.0,11.24,-12.27,-0.95,0.0
2026-04-09,SNPD,28.521,28.521,28.521,28.521,40,1152.0,0.0,0.39,0.112,0.0
2026-04-09,SNPE,61.93,62.35,62.43,61.79,167306,10396214.0,1.03,0.53,0.33,0.0
2026-04-09,SNPG,50.18,50.718,50.8,50.18,3685,185599.0,1.23,0.55,0.276,0.0
2026-04-09,SNPS,409.94,404.92,411.0,394.25,1728990,695815520.0,4.08,-1.28,-5.24,0.9
2026-04-09,SNPX,22.75,23.258,23.42,22.245,17548,402110.0,4.92,-2.63,-0.627,0.0
2026-04-09,SNSE,31.5,30.53,32.3,30.3,56972,1775418.0,6.31,-3.72,-1.18,4.25
2026-04-09,SNSR,39.575,39.85,39.85,39.35,9248,365554.0,1.26,0.65,0.256,0.0
2026-04-09,SNT,2.98,3.04,3.095,2.97,5204,15867.0,4.1,-0.33,-0.01,0.02
2026-04-09,SNTG,1.89,2.053,2.07,1.89,11587,23542.0,8.87,1.13,0.023,0.41
2026-04-09,SNTH,26.95,27.04,27.16,26.885,44378,1202775.0,1.02,0.45,0.12,0.0
2026-04-09,SNTI,0.868,0.865,0.891,0.835,90545,78074.0,6.57,1.53,0.013,0.29
2026-04-09,SNWV,17.5,18.16,18.42,17.18,82540,1485333.0,7.05,3.18,0.56,0.96
2026-04-09,SNX,200.01,199.46,201.55,198.405,881191,176160877.0,1.57,-0.38,-0.76,1.1
2026-04-09,SNXX,59.07,63.88,64.308,57.45,9908536,593257840.0,12.72,18.52,9.98,0.0
2026-04-09,SNY,46.73,47.08,47.46,46.49,2644764,124441851.0,2.06,-0.13,-0.06,0.11
2026-04-09,SNYR,0.665,0.614,0.68,0.614,60233,39313.0,10.3,-4.21,-0.027,0.52
2026-04-09,SO,96.78,97.59,98.49,96.76,4250179,415682688.0,1.78,0.43,0.42,0.38
2026-04-09,SOAR,0.236,0.247,0.268,0.232,3178733,798194.0,15.25,4.66,0.011,15.76
2026-04-09,SOBO,33.63,33.45,34.15,33.45,512340,17246340.0,2.09,-0.12,-0.04,0.25
2026-04-09,SOBR,0.56,0.541,0.618,0.536,357438,209762.0,14.64,-3.39,-0.019,18.95
2026-04-09,SOC,13.64,13.02,13.85,12.51,6741445,87532770.0,9.77,-5.1,-0.7,4.58
2026-04-09,SOCA,10.15,10.14,10.15,10.14,10600,107589.0,0.1,-0.29,-0.03,0.06
2026-04-09,SOCAU,10.1,10.34,10.35,10.01,4700,47631.0,3.29,-0.1,-0.01,0.0
2026-04-09,SOCL,44.275,44.41,44.52,44.04,4905,217011.0,1.07,-0.92,-0.412,0.0
2026-04-09,SOEZ,14.16,14.543,14.56,14.12,7749,112253.0,3.06,1.21,0.174,0.0
2026-04-09,SOFA,14.1,13.975,14.159,13.33,18124,251874.0,5.81,-2.0,-0.285,0.0
2026-04-09,SOFI,16.39,16.27,16.47,15.915,43999839,712746000.0,3.37,-1.33,-0.22,3.45
2026-04-09,SOFR,100.23,100.256,100.26,100.19,6880,689592.0,0.07,-0.06,-0.064,0.0
2026-04-09,SOFX,9.92,9.71,9.93,9.3,516412,5004913.0,6.29,-3.0,-0.3,0.0
2026-04-09,SOGP,16.45,16.03,17.481,16.03,72525,1221970.0,8.94,-1.23,-0.2,2.41
2026-04-09,SOHOB,14.64,15.39,16.11,14.5,5589,84045.0,10.14,-3.02,-0.48,0.38
2026-04-09,SOHON,15.8,15.53,15.8,15.25,5178,81138.0,3.5,-1.14,-0.179,0.45
2026-04-09,SOHOO,16.22,16.26,16.34,16.22,2075,33580.0,0.73,-0.85,-0.14,0.15
2026-04-09,SOHU,15.02,14.98,15.35,14.74,72499,1093715.0,4.03,-1.12,-0.17,0.28
2026-04-09,SOJC,21.44,21.56,21.59,21.42,21427,461469.0,0.79,0.09,0.02,0.0
2026-04-09,SOJD,20.16,20.13,20.205,20.09,55220,1112955.0,0.57,-0.15,-0.03,0.0
2026-04-09,SOJE,17.48,17.64,17.64,17.48,30725,540545.0,0.91,0.74,0.13,0.0
2026-04-09,SOJF,25.25,25.3,25.33,25.25,31985,809142.0,0.32,0.08,0.02,0.0
2026-04-09,SOLC,16.69,16.58,16.69,16.545,6028,100093.0,0.89,1.21,0.198,0.0
2026-04-09,SOLM,10.889,11.115,11.14,10.889,7168,79392.0,2.29,1.28,0.141,0.0
2026-04-09,SOLS,83.26,82.81,83.96,81.6,1779326,147089356.0,2.83,-0.65,-0.54,1.12
2026-04-09,SOLT,44.54,46.73,47.4,43.75,607369,27920672.0,7.99,2.23,1.02,0.0
2026-04-09,SOLV,64.61,66.18,67.15,63.94,1782393,118168328.0,4.92,1.43,0.93,1.03
2026-04-09,SOLX,8.67,9.085,9.56,8.58,3454,31318.0,11.01,2.08,0.185,0.0
2026-04-09,SOLZ,8.31,8.5,8.57,8.22,1720006,14497789.0,4.17,1.19,0.1,0.0
2026-04-09,SOMN,52.06,52.27,52.43,52.01,29367,1533562.0,0.81,0.65,0.34,0.0
2026-04-09,SON,55.32,56.08,56.21,55.065,768407,42928691.0,2.05,0.57,0.32,0.78
2026-04-09,SONM,3.39,3.19,3.58,3.04,58119,196995.0,16.36,-3.33,-0.11,3.91
2026-04-09,SONO,13.2,13.04,13.31,12.86,1097071,14305179.0,3.39,-1.81,-0.24,0.91
2026-04-09,SONY,21.22,21.42,21.49,21.1,3004247,64189266.0,1.82,0.19,0.04,0.05
2026-04-09,SOPA,0.434,0.4,0.45,0.398,175910,72009.0,12.38,-4.76,-0.02,1.37
2026-04-09,SOPH,4.8,4.73,4.9,4.627,42916,204220.0,5.62,-2.67,-0.13,0.06
2026-04-09,SOR,45.32,45.86,46.2,45.29,19858,907195.0,2.01,1.1,0.5,0.0
2026-04-09,SORA,1.92,1.896,1.92,1.85,8833,16606.0,3.66,-0.84,-0.016,0.04
2026-04-09,SORN,9.88,9.88,9.88,9.88,106,1049.0,0.0,0.0,0.0,0.0
2026-04-09,SORNU,9.99,9.99,9.99,9.99,32,318.0,0.0,0.0,0.0,0.0
2026-04-09,SOS,1.03,1.04,1.06,1.01,19016,19783.0,4.81,0.0,0.0,0.22
2026-04-09,SOTK,4.07,4.01,4.212,3.99,4358,17604.0,5.48,-0.99,-0.04,0.03
2026-04-09,SOUL,10.26,10.27,10.27,10.26,30077,308597.0,0.1,0.1,0.01,0.12
2026-04-09,SOUL_U,10.39,10.39,10.39,10.39,247,2566.0,0.0,0.0,0.0,0.0
2026-04-09,SOULr,0.18,0.18,0.18,0.178,2293,411.0,1.11,0.0,0.0,0.0
2026-04-09,SOUN,6.695,6.55,6.79,6.53,14409255,95549827.0,3.83,-3.53,-0.24,3.66
2026-04-09,SOUNW,2.06,2.1,2.1,2.0,6473,13363.0,4.61,-3.23,-0.07,0.0
2026-04-09,SOUX,15.65,14.814,15.729,14.601,51418,777982.0,7.11,-6.62,-1.05,0.0
2026-04-09,SOVF,27.305,27.446,27.53,27.225,25387,697089.0,1.11,-0.31,-0.084,0.0
2026-04-09,SOXL,68.12,71.98,72.28,68.12,79331609,5559644160.0,6.16,6.64,4.48,0.0
2026-04-09,SOXQ,67.15,68.41,68.48,67.15,663539,45099405.0,1.98,2.07,1.39,0.0
2026-04-09,SOXS,26.76,25.2,26.76,25.09,76403493,1986860752.0,6.19,-6.53,-1.76,0.0
2026-04-09,SOXX,371.295,378.63,378.95,371.295,6036659,2266320880.0,2.07,2.22,8.23,0.0
2026-04-09,SOXY,68.95,69.834,69.86,68.83,10618,737001.0,1.5,1.6,1.099,0.0
2026-04-09,SOYB,24.43,24.36,24.47,24.32,122495,2990825.0,0.62,0.0,0.0,0.0
2026-04-09,SPAB,25.62,25.65,25.7,25.582,2075945,53249404.0,0.46,0.04,0.01,0.0
2026-04-09,SPAI,3.93,3.64,4.09,3.53,214997,794150.0,14.18,-7.85,-0.31,1.03
2026-04-09,SPAM,29.39,29.452,29.452,29.11,4798,140341.0,1.12,-3.89,-1.193,0.0
2026-04-09,SPAQ,91.25,91.25,91.25,91.25,4,365.0,0.0,0.2,0.178,0.0
2026-04-09,SPB,77.66,80.22,80.5,77.65,302107,24153223.0,3.62,2.01,1.58,1.3
2026-04-09,SPBC,43.38,43.76,43.8,43.33,2108,91980.0,1.08,0.8,0.348,0.0
2026-04-09,SPBO,29.09,29.125,29.19,29.05,356419,10380275.0,0.48,0.02,0.005,0.0
2026-04-09,SPBU,27.775,27.98,27.99,27.775,12775,356986.0,0.77,0.68,0.19,0.0
2026-04-09,SPBW,27.71,27.755,27.79,27.639,280860,7793703.0,0.55,0.29,0.079,0.0
2026-04-09,SPBX,27.51,27.611,27.65,27.5,202343,5588408.0,0.55,0.36,0.098,0.0
2026-04-09,SPCB,8.27,8.36,8.39,8.25,14458,120239.0,1.69,1.09,0.09,0.31
2026-04-09,SPCE,2.92,2.97,3.12,2.83,7097476,21114932.0,9.76,0.0,0.0,8.72
2026-04-09,SPCI,34.24,32.3,34.24,32.3,10170,338264.0,5.77,-4.01,-1.351,0.0
2026-04-09,SPCT,26.83,26.96,27.0,26.83,4299,115978.0,0.63,0.64,0.172,0.0
2026-04-09,SPCZ,25.615,25.615,25.615,25.615,9,240.0,0.0,0.29,0.074,0.0
2026-04-09,SPD,37.57,37.785,37.86,37.57,2165,81708.0,0.77,0.5,0.187,0.0
2026-04-09,SPDG,42.816,42.816,42.816,42.816,227,9723.0,0.0,0.31,0.134,0.0
2026-04-09,SPDN,9.59,9.52,9.61,9.5,74031647,706368608.0,1.15,-0.63,-0.06,0.0
2026-04-09,SPDV,37.23,37.238,37.415,37.23,3176,118435.0,0.5,-0.29,-0.11,0.0
2026-04-09,SPDW,47.75,48.09,48.31,47.595,4114172,197685786.0,1.48,-0.35,-0.17,0.0
2026-04-09,SPE,13.9,14.04,14.11,13.9,34941,490269.0,1.51,0.86,0.12,0.0
2026-04-09,SPEG,10.17,10.17,10.18,10.17,64020,651094.0,0.1,0.0,0.0,0.56
2026-04-09,SPEGR,0.23,0.23,0.23,0.23,71,16.0,0.0,0.0,0.0,0.0
2026-04-09,SPEGU,10.35,10.35,10.35,10.35,20,222.0,0.0,0.0,0.0,0.0
2026-04-09,SPEM,48.7,49.01,49.14,48.51,2209464,108064385.0,1.28,-0.12,-0.06,0.0
2026-04-09,SPEU,53.58,53.95,54.2,53.47,32300,1737182.0,1.35,0.09,0.049,0.0
2026-04-09,SPE_C,24.85,24.85,24.85,24.85,2,50.0,0.0,0.0,0.0,0.0
2026-04-09,SPFF,9.04,9.0,9.04,8.95,37309,335367.0,1.0,0.33,0.03,0.0
2026-04-09,SPFI,43.54,44.58,44.58,43.49,109541,4860397.0,2.49,1.76,0.77,0.67
2026-04-09,SPG,193.74,198.97,199.63,193.5,1226724,243190859.0,3.16,2.54,4.93,0.38
2026-04-09,SPGI,433.16,424.32,435.29,416.43,2094671,885431744.0,4.32,-2.89,-12.64,0.71
2026-04-09,SPGM,78.86,79.43,79.55,78.64,89651,7097853.0,1.15,0.33,0.26,0.0
2026-04-09,SPGP,111.79,112.53,112.65,111.24,52448,5881491.0,1.26,0.17,0.19,0.0
2026-04-09,SPG_J,53.87,53.7,53.87,53.106,1062,56914.0,1.42,-0.32,-0.17,0.13
2026-04-09,SPH,20.18,20.01,20.32,19.95,56455,1132486.0,1.83,-1.04,-0.21,0.09
2026-04-09,SPHB,122.01,122.12,122.56,120.91,234043,28534125.0,1.35,-0.13,-0.16,0.0
2026-04-09,SPHD,49.56,49.95,50.095,49.5,1192422,59595915.0,1.19,0.24,0.12,0.0
2026-04-09,SPHL,2.37,2.455,2.46,2.37,11667,28166.0,3.81,4.03,0.095,0.52
2026-04-09,SPHQ,78.38,79.18,79.34,78.37,1907316,150588091.0,1.23,0.7,0.55,0.0
2026-04-09,SPHR,130.5,129.03,131.76,127.57,607494,78600366.0,3.2,-1.46,-1.91,2.12
2026-04-09,SPHY,23.46,23.49,23.535,23.42,11451155,269102496.0,0.49,0.0,0.0,0.0
2026-04-09,SPIB,33.56,33.6,33.64,33.53,7461483,250547065.0,0.33,0.09,0.03,0.0
2026-04-09,SPIN,31.331,31.371,31.371,31.321,1288,40341.0,0.16,0.55,0.173,0.0
2026-04-09,SPIP,26.03,26.05,26.07,26.0,95546,2487517.0,0.27,0.08,0.02,0.0
2026-04-09,SPIR,17.68,17.92,19.24,17.36,8902681,159127169.0,9.17,-12.59,-2.58,26.55
2026-04-09,SPIT,28.0,28.048,28.048,27.95,2088,58442.0,0.35,0.15,0.043,0.0
2026-04-09,SPKL,11.36,11.36,11.36,11.36,12,136.0,0.0,0.0,0.0,0.0
2026-04-09,SPLB,22.35,22.41,22.49,22.3,8614974,192892596.0,0.85,0.04,0.01,0.0
2026-04-09,SPLS,48.92,49.141,49.23,48.92,2054,100853.0,0.63,0.65,0.318,0.0
2026-04-09,SPLV,74.31,74.84,75.215,74.24,2907362,217795323.0,1.31,0.31,0.23,0.0
2026-04-09,SPMA,25.06,25.18,25.2,25.06,4595,115562.0,0.56,0.28,0.07,0.2
2026-04-09,SPMB,22.41,22.43,22.48,22.362,985840,22122884.0,0.53,0.0,0.0,0.0
2026-04-09,SPMC,10.42,10.39,10.434,10.25,17016,175761.0,1.77,0.1,0.01,0.08
2026-04-09,SPMD,61.57,61.97,62.21,61.48,2286638,141475545.0,1.18,0.23,0.14,0.0
2026-04-09,SPME,24.8,24.8,24.8,24.745,1617,40059.0,0.22,-0.08,-0.019,0.08
2026-04-09,SPMO,121.3,122.76,122.949,121.27,2086638,255468835.0,1.38,1.15,1.4,0.0
2026-04-09,SPNT,23.14,23.09,23.42,22.94,1018595,23576626.0,2.07,-0.65,-0.15,0.87
2026-04-09,SPOG,7.51,7.617,7.755,7.44,10698,81610.0,4.22,1.97,0.147,0.0
2026-04-09,SPOK,11.23,11.29,11.345,11.15,120723,1359086.0,1.73,0.18,0.02,0.58
2026-04-09,SPOT,489.57,486.62,491.94,477.33,1706552,828327040.0,3.02,0.71,3.45,0.83
2026-04-09,SPPL,1.94,1.94,1.95,1.94,17949,34918.0,0.51,-0.26,-0.005,0.18
2026-04-09,SPPP,16.19,16.55,16.595,16.105,490967,8056996.0,3.02,1.91,0.31,0.0
2026-04-09,SPRB,63.5,66.01,68.0,63.5,83943,5590156.0,7.07,3.71,2.36,6.12
2026-04-09,SPRC,3.353,3.06,3.353,3.03,11239,35758.0,9.44,-10.53,-0.36,1.99
2026-04-09,SPRE,20.39,20.52,20.72,20.39,49578,1021000.0,1.61,0.15,0.03,0.0
2026-04-09,SPRO,2.72,2.78,2.8,2.67,450193,1237773.0,4.78,2.21,0.06,0.78
2026-04-09,SPRU,4.07,4.0,4.105,3.93,31466,125986.0,4.34,-0.74,-0.03,0.17
2026-04-09,SPRX,40.02,39.831,40.67,39.705,62793,2514718.0,2.41,-0.6,-0.239,0.0
2026-04-09,SPRY,8.37,8.27,8.49,8.14,2094934,17372811.0,4.27,0.98,0.08,2.11
2026-04-09,SPSB,30.03,30.06,30.08,30.03,2740721,82368065.0,0.17,0.07,0.02,0.0
2026-04-09,SPSC,55.02,52.29,55.02,51.66,633277,33237637.0,6.05,-5.89,-3.27,1.71
2026-04-09,SPSK,18.01,18.04,18.07,17.99,151719,2735019.0,0.44,0.22,0.04,0.0
2026-04-09,SPSM,50.23,50.86,51.065,50.23,1194248,60488460.0,1.65,0.73,0.37,0.0
2026-04-09,SPT,5.46,5.36,5.47,5.154,1978188,10503016.0,5.74,-2.72,-0.15,3.65
2026-04-09,SPTB,30.23,30.245,30.286,30.2,5852,177047.0,0.28,-0.03,-0.01,0.0
2026-04-09,SPTE,36.78,36.8,36.88,36.397,26486,971907.0,1.31,-0.46,-0.17,0.0
2026-04-09,SPTI,28.61,28.64,28.68,28.59,1928478,55223660.0,0.31,0.0,0.0,0.0
2026-04-09,SPTL,26.29,26.31,26.43,26.22,6440679,169549763.0,0.8,-0.15,-0.04,0.0
2026-04-09,SPTM,82.13,82.69,82.84,81.961,1354393,111869522.0,1.07,0.58,0.48,0.0
2026-04-09,SPTS,29.12,29.12,29.14,29.11,1257290,36621115.0,0.1,0.03,0.01,0.0
2026-04-09,SPTU,25.035,25.035,25.037,25.03,2289,57302.0,0.03,0.0,0.0,0.0
2026-04-09,SPUC,46.39,46.38,46.41,46.3,6048,280228.0,0.24,0.72,0.332,0.0
2026-04-09,SPUS,49.93,50.27,50.319,49.78,730979,36583176.0,1.08,0.46,0.23,0.0
2026-04-09,SPUT,27.06,27.11,27.11,27.05,1305,35332.0,0.22,0.28,0.077,0.0
2026-04-09,SPUU,177.89,180.44,180.85,177.48,14610,2625774.0,1.89,1.1,1.96,0.0
2026-04-09,SPVM,70.49,70.781,70.968,70.49,9983,707118.0,0.68,0.04,0.031,0.0
2026-04-09,SPWH,1.43,1.38,1.53,1.36,1692563,2457197.0,11.72,-4.83,-0.07,4.35
2026-04-09,SPWO,29.74,29.92,30.0,29.525,77294,2307978.0,1.58,-0.2,-0.06,0.0
2026-04-09,SPWR,1.11,1.12,1.145,1.11,802478,903415.0,3.1,-0.88,-0.01,0.67
2026-04-09,SPWRW,0.3,0.3,0.3,0.3,55,16.0,0.0,0.0,0.0,0.0
2026-04-09,SPXC,211.13,215.54,217.515,211.13,407923,87803970.0,3.01,1.56,3.32,0.81
2026-04-09,SPXD,26.83,27.009,27.009,26.83,292,7880.0,0.67,0.44,0.117,0.0
2026-04-09,SPXE,72.5,73.104,73.104,72.5,538,39278.0,0.83,0.86,0.621,0.0
2026-04-09,SPXL,205.85,210.47,211.58,204.885,2594642,540878032.0,3.24,1.73,3.57,0.0
2026-04-09,SPXN,73.81,74.29,74.29,73.58,2745,203322.0,0.96,0.83,0.61,0.0
2026-04-09,SPXS,36.17,35.36,36.32,35.15,11799826,421214912.0,3.25,-1.72,-0.62,0.0
2026-04-09,SPXT,104.64,105.23,105.53,104.6,3324,349788.0,0.89,0.72,0.75,0.0
2026-04-09,SPXU,50.67,49.56,50.93,49.285,7643472,382427536.0,3.26,-1.73,-0.87,0.0
2026-04-09,SPXV,74.693,74.693,74.693,74.693,339,25266.0,0.0,1.03,0.765,0.0
2026-04-09,SPXX,16.69,16.92,16.96,16.63,329660,5534003.0,1.99,1.87,0.31,0.0
2026-04-09,SPY,674.84,679.91,681.16,673.77,57134445,38735324928.0,1.09,0.58,3.9,0.0
2026-04-09,SPYA,27.385,27.385,27.385,27.385,8,219.0,0.0,0.59,0.161,0.0
2026-04-09,SPYC,40.988,41.305,41.31,40.988,2854,117650.0,0.78,0.6,0.248,0.0
2026-04-09,SPYD,45.75,46.02,46.135,45.715,800539,36829079.0,0.91,0.2,0.09,0.0
2026-04-09,SPYG,103.19,104.0,104.14,102.645,2665503,276266304.0,1.45,0.78,0.81,0.0
2026-04-09,SPYH,53.87,54.05,54.06,53.76,7886,425752.0,0.56,0.48,0.26,0.0
2026-04-09,SPYI,50.82,51.125,51.18,50.783,4850834,247404523.0,0.78,0.5,0.255,0.0
2026-04-09,SPYM,79.42,80.02,80.17,79.31,10887247,868626272.0,1.08,0.59,0.47,0.0
2026-04-09,SPYQ,157.9,158.207,158.68,157.9,837,132075.0,0.5,1.31,2.039,0.0
2026-04-09,SPYT,16.59,16.68,16.69,16.54,87861,1459267.0,0.91,0.66,0.11,0.0
2026-04-09,SPYU,23.92,24.61,24.813,23.77,1716746,41726076.0,4.33,2.2,0.53,0.0
2026-04-09,SPYV,57.75,58.16,58.255,57.75,2392133,138948271.0,0.87,0.4,0.23,0.0
2026-04-09,SPYX,55.15,55.6,55.69,55.07,88745,4918879.0,1.12,0.69,0.381,0.0
2026-04-09,SQFT,2.41,2.82,2.82,2.41,14181,37126.0,16.6,14.17,0.35,0.98
2026-04-09,SQFTP,6.26,6.867,6.867,6.26,1627,10471.0,9.06,2.49,0.167,0.17
2026-04-09,SQFTW,0.02,0.02,0.02,0.02,10683,212.0,0.0,0.0,0.0,0.0
2026-04-09,SQLV,45.59,46.102,46.102,45.59,467,21467.0,1.12,0.76,0.347,0.0
2026-04-09,SQM,82.46,82.17,84.49,80.73,1062231,87303833.0,4.56,-0.38,-0.31,0.74
2026-04-09,SQMX,33.44,33.625,33.625,33.44,1776,59532.0,0.55,0.13,0.045,0.0
2026-04-09,SQNS,2.53,2.51,2.55,2.47,50011,125768.0,3.21,0.8,0.02,0.31
2026-04-09,SQQQ,69.32,67.86,70.297,67.72,49074863,3383130096.0,3.72,-1.94,-1.34,0.0
2026-04-09,SQS,25.64,25.801,25.801,25.58,195994,5013551.0,0.86,0.64,0.164,0.0
2026-04-09,SR,93.8,95.19,95.31,93.705,290528,27594027.0,1.71,1.37,1.29,0.49
2026-04-09,SRAD,16.51,15.24,16.52,15.05,2903126,44637388.0,8.84,-8.36,-1.39,1.31
2026-04-09,SRBK,17.42,17.85,17.89,17.4,25901,456919.0,2.8,2.0,0.35,0.31
2026-04-09,SRCE,72.76,74.41,75.16,72.76,230269,17164478.0,3.28,1.61,1.18,0.95
2026-04-09,SRE,98.75,99.75,101.039,98.405,2677299,267783179.0,2.66,0.88,0.87,0.41
2026-04-09,SREA,21.27,21.36,21.38,21.22,31584,673080.0,0.75,0.42,0.09,0.0
2026-04-09,SRET,21.7,21.94,22.19,21.7,137618,3023708.0,2.26,1.06,0.23,0.0
2026-04-09,SRFM,1.22,1.16,1.23,1.16,1334121,1582497.0,5.69,-5.69,-0.07,1.73
2026-04-09,SRG,2.6,2.53,2.61,2.49,224303,567868.0,4.62,-2.69,-0.07,0.4
2026-04-09,SRG_A,22.03,22.13,22.345,22.0,3217,71194.0,1.57,1.02,0.223,0.11
2026-04-09,SRHQ,42.59,42.589,42.59,42.38,1753,74413.0,0.49,-0.3,-0.13,0.0
2026-04-09,SRHR,53.73,54.47,54.47,53.73,165,8923.0,1.37,0.5,0.271,0.0
2026-04-09,SRI,5.07,5.54,5.54,5.02,493323,2593961.0,10.2,8.63,0.44,1.75
2026-04-09,SRJN,24.59,24.65,24.65,24.505,6137,150745.0,0.59,0.24,0.06,0.0
2026-04-09,SRL,7.49,7.41,7.55,7.365,22726,171308.0,2.45,-1.85,-0.14,0.15
2026-04-09,SRLN,40.26,40.24,40.29,40.165,7174255,288674672.0,0.31,-0.1,-0.04,0.0
2026-04-09,SROI,34.386,34.386,34.386,34.386,15,540.0,0.0,0.2,0.068,0.0
2026-04-09,SRPT,21.9,22.23,22.658,21.795,1884688,41943259.0,3.94,1.51,0.33,1.8
2026-04-09,SRPU,12.4,12.64,12.86,12.251,10660,133034.0,4.96,2.85,0.35,0.0
2026-04-09,SRRK,49.34,49.19,50.0,48.56,1315463,64685297.0,2.88,-1.6,-0.8,1.15
2026-04-09,SRS,44.54,43.54,44.54,42.87,11486,500598.0,3.78,-1.43,-0.63,0.0
2026-04-09,SRTA,4.1,4.05,4.15,4.03,521386,2125805.0,2.91,-1.94,-0.08,0.6
2026-04-09,SRTAW,0.011,0.012,0.012,0.011,11726,132.0,7.69,-7.69,-0.001,0.0
2026-04-09,SRTS,4.44,4.47,4.499,4.25,22620,99666.0,5.63,1.13,0.05,0.14
2026-04-09,SRTY,34.83,33.58,34.835,33.22,1331415,45112690.0,4.73,-1.67,-0.57,0.0
2026-04-09,SRV,43.96,44.23,44.8,43.7,43815,1944207.0,2.52,1.47,0.64,0.0
2026-04-09,SRVR,33.07,33.47,33.72,33.01,333343,11195588.0,2.14,0.89,0.296,0.0
2026-04-09,SRXH,0.132,0.139,0.143,0.132,33204305,4498848.0,8.21,3.73,0.005,7.98
2026-04-09,SRZN,25.77,27.45,27.5,25.115,85960,2308419.0,9.2,5.86,1.52,0.75
2026-04-09,SRZNW,0.016,0.018,0.019,0.016,5076,92.0,17.65,5.88,0.001,0.0
2026-04-09,SSAC,9.9,9.91,9.91,9.89,3206,31731.0,0.2,0.0,0.0,0.02
2026-04-09,SSACR,0.176,0.176,0.179,0.176,500,89.0,1.67,-2.22,-0.004,0.0
2026-04-09,SSACU,10.1,10.09,10.1,9.95,259192,2614983.0,1.49,0.1,0.01,0.0
2026-04-09,SSACW,0.08,0.08,0.08,0.08,122,10.0,0.0,0.0,0.0,0.0
2026-04-09,SSB,96.61,99.4,99.57,96.61,864574,85490030.0,3.05,2.31,2.24,0.88
2026-04-09,SSBI,13.7,13.6,13.7,13.6,317,4327.0,0.74,0.22,0.03,0.0
2026-04-09,SSD,173.75,177.73,179.54,173.75,211198,37367531.0,3.31,1.46,2.55,0.51
2026-04-09,SSEA,10.17,10.17,10.17,10.17,3,30.0,0.0,0.0,0.0,0.0
2026-04-09,SSFI,21.48,21.44,21.49,21.43,3786,81186.0,0.28,0.05,0.01,0.0
2026-04-09,SSG,25.0,24.15,25.0,24.075,213111,5220030.0,3.71,-3.21,-0.8,0.0
2026-04-09,SSII,4.3,4.52,4.7,4.3,20421,92102.0,9.3,5.12,0.22,0.01
2026-04-09,SSK,11.2,11.46,11.5,11.108,33333,379738.0,3.46,1.24,0.14,0.0
2026-04-09,SSL,12.46,12.08,12.48,12.03,2626480,32075826.0,3.61,-3.05,-0.38,0.41
2026-04-09,SSM,6.61,6.65,6.65,6.61,752,4855.0,0.61,0.61,0.04,0.05
2026-04-09,SSNC,69.75,68.22,69.95,67.74,2920520,199442441.0,3.14,-3.03,-2.13,1.21
2026-04-09,SSO,55.78,56.59,56.81,55.59,3048695,171590114.0,2.18,1.16,0.65,0.0
2026-04-09,SSP,3.95,4.01,4.045,3.875,425676,1702141.0,4.28,1.01,0.04,0.54
2026-04-09,SSPY,91.25,91.136,91.27,91.08,5747,524434.0,0.21,0.28,0.258,0.0
2026-04-09,SSRM,35.2,33.41,36.515,32.83,4775667,161535665.0,10.5,-4.76,-1.67,2.33
2026-04-09,SSS,18.89,19.053,19.053,18.89,398,7533.0,0.86,0.86,0.163,0.0
2026-04-09,SSSS,12.5,12.86,13.0,12.48,656971,8388996.0,4.27,5.67,0.69,2.59
2026-04-09,SSSSL,24.99,25.023,25.023,24.99,2189,54745.0,0.13,-0.27,-0.067,0.0
2026-04-09,SST,3.07,2.5,3.07,2.395,693420,1857962.0,22.2,-17.76,-0.54,8.58
2026-04-09,SSTI,6.71,6.71,6.73,6.5,72166,480194.0,3.42,-0.3,-0.02,0.56
2026-04-09,SSTK,16.98,17.07,17.2,16.93,218961,3737700.0,1.58,-0.29,-0.05,0.62
2026-04-09,SSUS,48.495,48.83,48.88,48.48,17118,832968.0,0.82,0.48,0.234,0.0
2026-04-09,SSXU,35.69,35.96,36.07,35.69,11185,402208.0,1.07,0.95,0.34,0.0
2026-04-09,SSYS,8.24,8.33,8.41,8.23,382588,3188728.0,2.17,0.48,0.04,0.44
2026-04-09,ST,37.3,38.69,39.07,37.23,1792849,69069577.0,4.92,3.5,1.31,1.23
2026-04-09,STAA,24.85,25.21,26.7,24.1,5575159,142212420.0,12.45,20.74,4.33,11.26
2026-04-09,STAG,37.78,37.9,38.22,37.73,988686,37562743.0,1.29,-0.18,-0.07,0.52
2026-04-09,STAK,1.035,1.05,1.07,1.01,70905,73246.0,5.83,1.94,0.02,0.71
2026-04-09,STAX,25.48,25.48,25.48,25.48,13,355.0,0.0,0.06,0.015,0.0
2026-04-09,STBA,43.45,44.55,44.72,43.41,237721,10553212.0,2.99,1.85,0.81,0.65
2026-04-09,STBF,25.4,25.39,25.4,25.38,4567,115944.0,0.08,0.02,0.005,0.0
2026-04-09,STBQ,20.512,20.512,20.512,20.512,91,1847.0,0.0,0.0,-0.001,0.0
2026-04-09,STC,64.16,65.25,66.06,63.6,156976,10238934.0,3.82,1.19,0.77,0.51
2026-04-09,STCE,56.66,57.645,58.66,56.22,92354,5317496.0,4.25,0.44,0.255,0.0
2026-04-09,STE,222.74,223.75,224.47,221.0,517085,115522959.0,1.54,-0.57,-1.28,0.53
2026-04-09,STEL,37.15,37.72,37.86,37.01,420182,15821768.0,2.28,1.13,0.42,0.83
2026-04-09,STEM,9.4,9.73,9.89,9.38,79999,771360.0,5.27,0.52,0.05,0.94
2026-04-09,STEN,25.36,25.64,25.64,25.36,16479,420167.0,1.1,0.56,0.143,0.0
2026-04-09,STEP,48.31,46.42,48.91,46.075,1781460,83367589.0,5.84,-4.37,-2.12,2.22
2026-04-09,STEW,17.6,17.77,17.92,17.57,72169,1281156.0,1.98,0.28,0.05,0.0
2026-04-09,STEX,1.08,1.05,1.15,1.02,2254415,2421970.0,11.61,-6.25,-0.07,2.31
2026-04-09,STFS,4.08,4.01,4.089,3.89,1373,5488.0,4.94,-0.5,-0.02,0.12
2026-04-09,STG,3.373,3.51,3.527,3.373,499,1742.0,4.31,-1.68,-0.06,0.01
2026-04-09,STGW,6.43,6.49,6.5,6.195,875433,5608782.0,4.67,-0.61,-0.04,0.35
2026-04-09,STHH,76.03,77.508,77.508,75.81,708,53950.0,2.25,2.81,2.117,0.0
2026-04-09,STHO,8.01,8.22,8.32,8.0,32314,266323.0,3.96,1.61,0.13,0.27
2026-04-09,STI,5.65,7.18,7.25,5.63,124988,840649.0,28.42,25.96,1.48,1.61
2026-04-09,STIM,1.51,1.38,1.515,1.37,1596199,2257329.0,9.6,-8.61,-0.13,2.29
2026-04-09,STIP,103.4,103.43,103.465,103.365,1519191,157089806.0,0.1,0.09,0.09,0.0
2026-04-09,STK,40.78,41.36,41.64,40.51,53545,2209249.0,2.79,2.05,0.83,0.0
2026-04-09,STKE,0.938,0.943,0.976,0.905,175543,165016.0,7.8,3.63,0.033,0.55
2026-04-09,STKH,1.52,1.55,1.588,1.52,5275,8097.0,4.15,-5.49,-0.09,0.38
2026-04-09,STKL,6.48,6.48,6.49,6.48,405822,2631400.0,0.15,0.0,0.0,0.34
2026-04-09,STKS,1.85,1.71,1.87,1.7,17459,30466.0,9.29,-6.56,-0.12,0.06
2026-04-09,STLA,7.7,7.93,7.99,7.645,27463392,216333799.0,4.45,2.19,0.17,0.95
2026-04-09,STLD,186.71,190.0,190.32,186.38,899051,170182435.0,2.1,1.3,2.44,0.62
2026-04-09,STM,38.2,39.14,39.28,38.07,9097134,352063168.0,3.19,3.05,1.16,1.02
2026-04-09,STN,87.43,87.9,88.34,86.53,340000,29781413.0,2.06,0.17,0.15,0.3
2026-04-09,STNC,35.495,35.85,35.85,35.495,599,21391.0,1.01,1.59,0.561,0.0
2026-04-09,STNE,14.1,14.04,14.25,13.63,3981129,55534044.0,4.41,-0.14,-0.02,1.72
2026-04-09,STNG,77.09,76.01,78.29,75.6,1360765,104381751.0,3.5,-1.04,-0.8,2.63
2026-04-09,STOK,34.63,35.15,35.8,34.33,493178,17328576.0,4.22,0.8,0.28,0.83
2026-04-09,STOT,47.04,47.1,47.18,47.04,83998,3953255.0,0.3,0.14,0.065,0.0
2026-04-09,STOX,28.19,28.368,28.368,28.18,1932,54652.0,0.67,0.79,0.223,0.0
2026-04-09,STPZ,54.16,54.17,54.175,54.125,25981,1406920.0,0.09,0.07,0.04,0.0
2026-04-09,STRA,83.47,82.46,83.47,81.545,299917,24778599.0,2.31,-1.21,-1.01,1.33
2026-04-09,STRC,100.0,100.0,100.11,100.0,3097813,309791456.0,0.11,0.0,0.0,6.17
2026-04-09,STRD,74.5,75.15,75.17,74.058,56691,4235806.0,1.49,0.94,0.7,0.4
2026-04-09,STRF,96.5,97.11,97.7,96.5,54868,5332445.0,1.24,0.63,0.61,0.43
2026-04-09,STRK,72.0,72.88,72.9,72.0,64875,4709961.0,1.25,1.39,1.0,0.46
2026-04-09,STRL,423.35,435.65,450.34,423.35,504486,221153096.0,6.38,2.91,12.3,1.64
2026-04-09,STRN,22.52,22.719,22.73,22.51,4036,91303.0,0.98,1.15,0.258,0.0
2026-04-09,STRO,27.1,26.76,27.92,25.815,186431,4982825.0,7.78,-1.07,-0.29,1.13
2026-04-09,STRR,9.6,9.67,9.67,9.6,1690,16336.0,0.73,0.62,0.06,0.05
2026-04-09,STRRP,10.33,10.206,10.33,9.891,306,3105.0,4.39,2.16,0.216,0.01
2026-04-09,STRS,29.9,30.6,30.6,29.9,5818,176271.0,2.32,1.22,0.37,0.07
2026-04-09,STRT,79.6,82.2,82.654,78.82,74867,6029183.0,4.77,2.24,1.8,1.79
2026-04-09,STRV,43.46,43.8,43.82,43.402,38133,1663765.0,0.96,0.44,0.19,0.0
2026-04-09,STRW,12.79,13.22,13.35,12.79,20158,265641.0,4.36,2.88,0.37,0.15
2026-04-09,STRZ,13.73,14.28,14.29,13.72,62874,886686.0,4.15,3.93,0.54,0.37
2026-04-09,STSM,30.16,30.038,30.18,29.509,6530,195942.0,2.23,-0.35,-0.104,0.0
2026-04-09,STSS,1.6,1.67,1.68,1.6,384532,632332.0,4.91,2.45,0.04,0.99
2026-04-09,STSSW,0.037,0.037,0.037,0.037,8604,319.0,0.0,5.71,0.002,0.0
2026-04-09,STT,135.94,138.49,138.61,135.51,1865723,257121809.0,2.28,1.73,2.36,0.65
2026-04-09,STTK,7.02,7.4,7.68,6.985,987580,7276202.0,9.9,5.41,0.38,1.31
2026-04-09,STT_G,22.165,22.19,22.2,22.13,21316,472404.0,0.32,0.23,0.05,0.11
2026-04-09,STUB,6.36,6.17,6.36,5.74,8211598,49435656.0,9.75,-2.99,-0.19,2.47
2026-04-09,STVN,13.7,13.75,13.83,13.55,304075,4166238.0,2.03,-0.29,-0.04,0.61
2026-04-09,STWD,17.5,17.74,17.79,17.5,2145095,37999209.0,1.65,0.91,0.16,0.58
2026-04-09,STX,504.0,500.77,508.71,493.2,3092213,1544889040.0,3.13,0.9,4.47,1.38
2026-04-09,STXD,36.96,37.192,37.27,36.95,2121,78785.0,0.86,0.47,0.174,0.0
2026-04-09,STXE,41.815,42.488,42.488,41.815,17951,755044.0,1.58,-0.37,-0.157,0.0
2026-04-09,STXG,49.01,49.327,49.364,49.01,2396,117892.0,0.72,0.67,0.328,0.0
2026-04-09,STXK,34.71,34.983,35.0,34.66,9325,325772.0,0.98,0.47,0.165,0.0
2026-04-09,STXS,1.92,1.95,1.99,1.91,165596,322817.0,4.15,1.04,0.02,0.17
2026-04-09,STXT,19.925,20.022,20.055,19.925,15726,313767.0,0.65,0.34,0.067,0.0
2026-04-09,STXV,36.01,36.01,36.035,35.865,5284,190152.0,0.47,0.39,0.14,0.0
2026-04-09,STZ,150.99,163.07,163.23,150.25,4696268,754047392.0,8.64,8.53,12.81,2.71
2026-04-09,SU,65.0,63.39,65.64,63.1,4411032,281804064.0,3.94,-1.78,-1.15,0.37
2026-04-09,SUB,106.57,106.58,106.62,106.532,469367,50027371.0,0.08,0.03,0.03,0.0
2026-04-09,SUGP,4.97,4.92,4.97,4.9,2328,11478.0,1.41,-0.81,-0.04,0.41
2026-04-09,SUI,128.3,128.68,130.27,127.983,715242,92375672.0,1.78,0.05,0.06,0.58
2026-04-09,SUIG,1.16,1.18,1.21,1.16,139259,165558.0,4.24,0.0,0.0,0.18
2026-04-09,SUIS,23.669,24.427,24.43,23.575,3710,88466.0,3.58,2.35,0.561,0.0
2026-04-09,SUMAU,10.02,10.02,10.02,10.02,104596,1048052.0,0.0,0.3,0.03,0.0
2026-04-09,SUN,65.14,65.75,66.66,64.433,231443,15205314.0,3.41,0.58,0.38,0.17
2026-04-09,SUNB,66.31,67.61,68.355,65.91,1650318,110949332.0,3.64,0.75,0.5,0.4
2026-04-09,SUNC,61.22,62.11,62.59,61.22,415462,25796269.0,2.23,1.09,0.67,0.81
2026-04-09,SUNE,1.8,1.52,1.885,1.52,436218,725551.0,19.21,-20.0,-0.38,12.81
2026-04-09,SUNS,7.98,7.9,8.02,7.885,91115,723436.0,1.69,-1.0,-0.08,0.67
2026-04-09,SUPL,44.485,44.485,44.485,44.485,80,3561.0,0.0,0.44,0.194,0.0
2026-04-09,SUPN,51.43,51.5,52.32,51.0,498756,25733883.0,2.56,-0.21,-0.11,0.87
2026-04-09,SUPP,75.54,76.589,77.39,75.54,1353,103730.0,2.45,1.27,0.958,0.0
2026-04-09,SUPV,9.78,9.66,10.02,9.43,796170,7750698.0,5.99,-1.93,-0.19,1.06
2026-04-09,SUPX,7.58,7.43,7.935,7.35,282947,2183117.0,7.52,-4.5,-0.35,0.65
2026-04-09,SURE,131.91,131.91,131.91,131.91,10,1314.0,0.0,0.34,0.448,0.0
2026-04-09,SURG,0.715,0.673,0.72,0.651,70101,48149.0,9.84,-3.99,-0.028,0.3
2026-04-09,SURI,16.2,16.43,16.43,16.125,4313,70229.0,1.92,3.29,0.523,0.0
2026-04-09,SUSA,137.09,137.61,137.71,136.489,68253,9364722.0,0.89,0.15,0.21,0.0
2026-04-09,SUSB,25.05,25.065,25.085,25.03,75036,1880534.0,0.22,0.06,0.015,0.0
2026-04-09,SUSC,23.18,23.205,23.265,23.15,151741,3522316.0,0.5,0.06,0.015,0.0
2026-04-09,SUSL,117.52,118.519,118.61,117.36,15002,1775270.0,1.06,0.41,0.489,0.0
2026-04-09,SUUN,0.619,0.57,0.619,0.57,300113,174857.0,8.1,-5.79,-0.035,0.64
2026-04-09,SUZ,9.25,9.42,9.5,9.25,3176244,29882620.0,2.71,1.95,0.18,0.26
2026-04-09,SVACW,1.14,1.25,1.5,1.14,25820,30878.0,31.86,10.62,0.12,0.0
2026-04-09,SVAL,37.39,37.932,38.03,37.39,7238,273666.0,1.7,0.92,0.344,0.0
2026-04-09,SVAQ,9.9,9.9,9.9,9.9,13,128.0,0.0,0.0,0.0,0.0
2026-04-09,SVAQW,0.3,0.3,0.3,0.284,21048,6256.0,5.16,-3.23,-0.01,0.0
2026-04-09,SVC,1.29,1.29,1.345,1.27,20044668,26088685.0,5.81,0.0,0.0,3.43
2026-04-09,SVCC,10.47,10.47,10.47,10.47,2388,25004.0,0.0,0.1,0.01,0.02
2026-04-09,SVCCU,10.55,10.55,11.67,10.55,712,7738.0,10.52,-0.94,-0.1,0.0
2026-04-09,SVCO,7.34,7.34,7.39,7.18,190827,1397285.0,2.86,-0.14,-0.01,0.61
2026-04-09,SVIV,9.91,9.91,9.91,9.91,109,1080.0,0.0,0.44,0.043,0.0
2026-04-09,SVIX,17.33,18.08,18.118,17.255,5043461,89750961.0,4.95,3.79,0.66,0.0
2026-04-09,SVM,11.27,11.19,11.62,11.145,3058214,34601852.0,4.23,-0.36,-0.04,1.38
2026-04-09,SVOL,15.6,15.85,15.85,15.6,346449,5460499.0,1.59,0.7,0.11,0.0
2026-04-09,SVRA,5.9,5.87,5.99,5.81,991999,5830964.0,3.03,-1.18,-0.07,0.48
2026-04-09,SVRE,3.45,3.63,3.65,3.414,74742,259016.0,6.8,4.61,0.16,11.8
2026-04-09,SVRN,11.17,10.66,11.17,10.5,18143,196741.0,5.84,-7.14,-0.82,0.97
2026-04-09,SVV,8.19,8.38,8.545,8.085,1079294,9033985.0,5.55,1.09,0.09,0.7
2026-04-09,SVXY,48.12,49.3,49.3,48.04,1537808,74957170.0,2.61,2.11,1.02,0.0
2026-04-09,SW,41.66,42.14,42.43,41.19,3302142,138872908.0,2.93,-0.33,-0.14,0.63
2026-04-09,SWAG,1.732,1.73,1.749,1.73,15362,26604.0,1.09,-0.57,-0.01,0.08
2026-04-09,SWAGW,0.03,0.03,0.03,0.03,12457,375.0,0.0,-3.23,-0.001,0.0
2026-04-09,SWAN,31.699,31.854,31.88,31.64,11382,361608.0,0.76,0.44,0.14,0.0
2026-04-09,SWBI,14.8,14.49,14.8,13.945,1177495,16951756.0,5.78,-2.09,-0.31,2.65
2026-04-09,SWIM,5.59,5.81,5.825,5.545,386369,2226700.0,4.94,2.47,0.14,0.33
2026-04-09,SWK,70.93,73.43,73.9,70.81,2159855,156947305.0,4.32,2.71,1.94,1.39
2026-04-09,SWKHL,25.35,25.35,25.35,25.35,2451,62152.0,0.0,-0.58,-0.149,0.0
2026-04-09,SWKS,56.25,56.56,56.96,55.945,3006712,169809104.0,1.8,0.04,0.02,2.0
2026-04-09,SWMR,43.61,43.0,46.4,41.27,1940673,84950927.0,12.48,4.6,1.89,15.72
2026-04-09,SWP,27.78,27.73,27.78,27.7,2313,64209.0,0.29,0.23,0.063,0.0
2026-04-09,SWVL,1.433,1.42,1.433,1.34,9235,12787.0,6.89,5.19,0.07,0.09
2026-04-09,SWX,90.8,92.27,92.32,90.6,523759,48065508.0,1.89,1.48,1.35,0.72
2026-04-09,SWZ,6.04,6.08,6.09,6.025,21544,130608.0,1.08,1.11,0.067,0.0
2026-04-09,SXC,6.43,6.23,6.541,6.13,1589270,9988081.0,6.37,-3.41,-0.22,1.87
2026-04-09,SXI,272.43,272.65,277.35,268.86,242316,66408343.0,3.11,-0.07,-0.18,2.0
2026-04-09,SXQG,30.445,30.652,30.652,30.445,133,4082.0,0.67,-0.23,-0.071,0.0
2026-04-09,SXT,93.42,92.69,93.71,91.87,314108,29163182.0,1.96,-1.33,-1.25,0.74
2026-04-09,SXTC,2.2,2.07,2.2,2.0,56553,120634.0,8.89,-8.0,-0.18,1.91
2026-04-09,SXTP,1.81,1.74,1.83,1.695,65159,113428.0,7.46,-3.87,-0.07,2.47
2026-04-09,SXTPW,0.076,0.071,0.08,0.071,480,36.0,13.04,2.9,0.002,0.0
2026-04-09,SY,2.84,2.75,2.84,2.62,672394,1827015.0,7.67,-4.18,-0.12,0.79
2026-04-09,SYBT,69.42,71.55,71.645,69.42,132967,9468963.0,3.18,2.26,1.58,0.45
2026-04-09,SYF,71.47,72.49,72.6,71.37,3082415,222573201.0,1.71,0.72,0.52,0.89
2026-04-09,SYFI,35.69,35.71,35.765,35.625,267380,9542449.0,0.39,0.08,0.03,0.0
2026-04-09,SYF_A,19.61,19.75,19.88,19.495,41209,811749.0,1.97,0.82,0.16,0.14
2026-04-09,SYF_B,25.77,25.85,25.89,25.56,14374,370007.0,1.29,0.7,0.18,0.07
2026-04-09,SYK,338.16,339.14,339.94,334.22,1393643,470977088.0,1.68,-0.26,-0.87,0.36
2026-04-09,SYLD,76.59,76.98,77.22,76.59,46080,3544197.0,0.82,0.23,0.18,0.0
2026-04-09,SYM,54.25,53.59,54.93,53.11,912714,49148939.0,3.34,-1.76,-0.96,0.73
2026-04-09,SYNA,75.77,74.0,77.0,73.295,697799,51889032.0,4.88,-2.55,-1.94,1.8
2026-04-09,SYNX,1.0,0.96,1.0,0.96,37900,37086.0,4.12,-1.03,-0.01,0.57
2026-04-09,SYPR,3.18,3.26,3.36,3.09,47342,150748.0,8.57,3.49,0.11,0.21
2026-04-09,SYRE,51.63,51.77,52.77,51.2,587537,30517732.0,3.02,-0.4,-0.21,0.75
2026-04-09,SYSB,89.06,89.2,89.379,88.955,81609,7280790.0,0.48,0.03,0.03,0.0
2026-04-09,SYY,74.7,74.99,75.195,73.89,3875577,289968224.0,1.74,-0.21,-0.16,0.81
2026-04-09,SYZ,26.98,27.383,27.383,26.98,3142,85316.0,1.48,0.49,0.133,0.0
2026-04-09,SZK,11.13,11.02,11.13,10.99,4433,49127.0,1.25,-1.93,-0.217,0.0
2026-04-09,SZNE,36.92,37.141,37.161,36.92,1669,61845.0,0.65,-0.02,-0.009,0.0
2026-04-09,SZZLU,10.38,10.38,10.38,10.38,140,1453.0,0.0,0.0,0.0,0.0
2026-04-09,T,27.23,26.84,27.41,26.76,41439826,1117007840.0,2.38,-1.86,-0.51,0.59
2026-04-09,TABD,25.11,25.125,25.165,25.11,1335,33574.0,0.22,0.06,0.015,0.0
2026-04-09,TAC,13.8,13.83,14.24,13.75,982122,13696433.0,3.54,0.0,0.0,0.33
2026-04-09,TACH,10.29,10.29,10.29,10.29,141,1456.0,0.0,0.0,0.0,0.0
2026-04-09,TACHU,10.41,10.41,10.41,10.41,8,83.0,0.0,0.0,0.0,0.0
2026-04-09,TACK,30.9,31.06,31.152,30.9,10548,328037.0,0.81,0.23,0.07,0.0
2026-04-09,TACN,27.315,27.309,27.315,27.309,129,3526.0,0.02,-0.04,-0.012,0.0
2026-04-09,TACO,10.25,10.24,10.25,10.24,4237,43422.0,0.1,0.0,0.0,0.01
2026-04-09,TACOW,0.261,0.262,0.262,0.251,5040,1312.0,3.62,-13.82,-0.042,0.0
2026-04-09,TACT,3.35,3.25,3.35,3.25,7731,25554.0,2.99,-2.69,-0.09,0.08
2026-04-09,TACU,24.72,24.845,24.875,24.64,2522,62606.0,0.95,0.59,0.145,0.0
2026-04-09,TAFI,25.21,25.2,25.21,25.18,869991,21921543.0,0.12,-0.04,-0.01,0.0
2026-04-09,TAFL,24.99,24.94,24.99,24.9,14938,372722.0,0.36,0.36,0.09,0.0
2026-04-09,TAFM,25.42,25.472,25.49,25.42,67601,1722030.0,0.28,0.2,0.052,0.0
2026-04-09,TAGG,42.83,42.81,42.9,42.73,90554,3876797.0,0.4,0.12,0.05,0.0
2026-04-09,TAGS,24.33,23.972,24.33,23.88,393033,9418898.0,1.86,-0.98,-0.238,0.0
2026-04-09,TAIL,11.35,11.29,11.375,11.28,470398,5320692.0,0.84,-0.53,-0.06,0.0
2026-04-09,TAK,18.33,18.46,18.6,18.3,2803493,51745555.0,1.61,-1.07,-0.2,0.09
2026-04-09,TAL,11.44,11.1,11.62,11.05,2566517,28699014.0,4.97,-3.14,-0.36,0.55
2026-04-09,TALK,5.16,5.165,5.17,5.155,1408930,7277315.0,0.29,0.1,0.005,0.84
2026-04-09,TALKW,0.002,0.002,0.002,0.002,41900,69.0,0.0,0.0,0.0,0.0
2026-04-09,TALO,14.98,14.53,15.03,14.29,2103223,30642141.0,4.96,-2.61,-0.39,1.25
2026-04-09,TALV,26.09,26.237,26.25,26.07,612,15992.0,0.69,0.74,0.192,0.0
2026-04-09,TAN,55.01,54.72,55.64,54.481,998232,54955816.0,2.09,-1.37,-0.76,0.0
2026-04-09,TANH,0.369,0.365,0.369,0.337,50384,17917.0,8.49,-3.18,-0.012,0.77
2026-04-09,TAOP,1.23,1.23,1.25,1.22,7076,8768.0,2.41,-1.2,-0.015,0.08
2026-04-09,TAOX,5.13,5.04,5.5,4.65,340773,1665523.0,16.35,-3.08,-0.16,4.56
2026-04-09,TAP,43.45,44.68,45.22,43.26,3568203,159081407.0,4.46,1.78,0.78,2.03
2026-04-09,TAP_A,47.89,47.89,47.89,47.89,42,1999.0,0.0,0.0,0.0,0.0
2026-04-09,TARA,5.19,5.31,5.32,5.155,483222,2540513.0,3.16,1.72,0.09,0.89
2026-04-09,TARK,37.69,36.579,37.69,36.01,14169,519383.0,4.41,-3.95,-1.503,0.0
2026-04-09,TARS,71.23,72.425,72.83,70.145,234915,16924620.0,3.73,0.74,0.535,0.55
2026-04-09,TASK,6.62,6.57,6.64,6.47,427921,2807241.0,2.56,-1.2,-0.08,1.17
2026-04-09,TATT,40.94,43.03,43.8,40.64,226399,9658310.0,7.64,4.01,1.66,1.74
2026-04-09,TAVI,10.57,10.565,10.58,10.565,17767,187840.0,0.14,-0.05,-0.005,0.11
2026-04-09,TAVIR,0.11,0.115,0.115,0.098,8131,837.0,15.45,4.55,0.005,0.0
2026-04-09,TAVIU,10.64,10.64,10.64,10.64,1,12.0,0.0,0.0,0.0,0.0
2026-04-09,TAXE,51.1,51.2,51.23,51.1,2058,105383.0,0.25,0.14,0.07,0.0
2026-04-09,TAXF,50.31,50.365,50.41,50.228,37247,1875044.0,0.36,0.13,0.065,0.0
2026-04-09,TAXI,51.22,51.285,51.285,51.21,10456,535611.0,0.15,0.16,0.08,0.0
2026-04-09,TAXM,50.13,50.191,50.25,50.13,542,27252.0,0.24,0.16,0.078,0.0
2026-04-09,TAXS,50.33,50.375,50.38,50.33,4181,210546.0,0.1,0.08,0.04,0.0
2026-04-09,TAXT,51.48,51.595,51.595,51.48,4400,226631.0,0.22,0.21,0.11,0.0
2026-04-09,TAXX,50.61,50.55,50.61,50.52,23343,1180614.0,0.18,0.14,0.07,0.0
2026-04-09,TAYD,52.67,52.71,54.0,49.89,44419,2364630.0,7.8,0.0,0.0,1.38
2026-04-09,TBB,21.66,21.75,21.79,21.66,44663,970769.0,0.6,0.37,0.08,0.0
2026-04-09,TBBB,37.14,37.56,37.74,36.86,407803,15254855.0,2.37,1.21,0.45,0.65
2026-04-09,TBBK,57.38,58.35,59.03,57.1,641519,37433160.0,3.35,1.43,0.82,1.53
2026-04-09,TBCH,10.32,10.36,10.57,10.12,156981,1618124.0,4.34,-0.19,-0.02,0.8
2026-04-09,TBF,24.19,24.19,24.27,24.08,190430,4606090.0,0.79,0.25,0.06,0.0
2026-04-09,TBFC,28.66,28.66,28.66,28.66,51,1463.0,0.0,0.17,0.05,0.0
2026-04-09,TBFG,30.88,30.932,30.932,30.88,10288,317968.0,0.17,0.24,0.073,0.0
2026-04-09,TBG,35.25,35.49,35.57,35.25,47377,1681733.0,0.9,0.36,0.128,0.0
2026-04-09,TBH,0.398,0.374,0.42,0.344,784460,296846.0,18.1,-10.95,-0.046,3.34
2026-04-09,TBI,3.83,3.46,3.83,3.445,246233,867569.0,10.0,-10.13,-0.39,0.81
2026-04-09,TBIL,49.91,49.9,49.91,49.9,2352712,117412406.0,0.02,0.0,0.0,0.0
2026-04-09,TBJL,19.91,19.9,19.935,19.9,55369,1102411.0,0.18,0.0,0.0,0.0
2026-04-09,TBLA,3.36,3.35,3.39,3.26,1313254,4367487.0,3.86,-0.59,-0.02,0.53
2026-04-09,TBLAW,0.009,0.009,0.009,0.009,824,8.0,0.0,0.0,0.0,0.0
2026-04-09,TBLD,21.62,21.86,21.95,21.48,71099,1542803.0,2.17,0.97,0.21,0.0
2026-04-09,TBLL,105.65,105.65,105.66,105.65,128532,13579981.0,0.01,0.01,0.01,0.0
2026-04-09,TBLU,53.13,52.979,53.19,52.979,1369,72674.0,0.4,0.79,0.417,0.0
2026-04-09,TBN,35.95,35.35,37.43,34.89,737882,26280116.0,7.1,-1.12,-0.4,2.88
2026-04-09,TBPH,16.45,16.55,16.58,16.38,301678,4982462.0,1.2,-0.3,-0.05,0.59
2026-04-09,TBRG,17.44,17.9,18.15,17.44,148086,2631099.0,4.05,2.17,0.38,0.99
2026-04-09,TBT,34.89,34.87,35.13,34.53,409712,14280170.0,1.73,0.52,0.18,0.0
2026-04-09,TBUX,49.83,49.81,49.83,49.8,364465,18154183.0,0.06,-0.02,-0.01,0.0
2026-04-09,TBX,28.03,28.025,28.08,27.96,3426,96041.0,0.43,0.11,0.032,0.0
2026-04-09,TBXU,32.2,32.882,32.882,32.12,1015,32745.0,2.36,1.66,0.536,0.0
2026-04-09,TC,10.153,10.5,10.5,10.153,494,5077.0,3.3,-0.1,-0.01,0.02
2026-04-09,TCAF,37.03,37.3,37.35,36.935,1768843,65822992.0,1.12,0.73,0.27,0.0
2026-04-09,TCAI,39.0,39.45,39.65,38.986,90340,3561374.0,1.71,1.36,0.53,0.0
2026-04-09,TCAL,22.92,22.9,22.95,22.78,92658,2119723.0,0.74,-0.13,-0.03,0.0
2026-04-09,TCBI,99.61,101.37,101.78,96.73,320180,32357445.0,5.03,0.95,0.95,0.72
2026-04-09,TCBIO,21.88,21.78,21.94,21.77,9218,201284.0,0.78,0.05,0.01,0.08
2026-04-09,TCBK,49.81,50.99,51.36,49.6,139089,7089656.0,3.51,1.65,0.83,0.44
2026-04-09,TCBS,17.376,17.376,17.376,17.376,858,14792.0,0.0,2.45,0.416,0.03
2026-04-09,TCBX,40.53,41.34,41.46,40.01,98565,4052883.0,3.58,2.07,0.84,0.6
2026-04-09,TCHI,22.24,22.29,22.31,22.12,5106,113694.0,0.85,-0.41,-0.092,0.0
2026-04-09,TCHP,46.09,46.32,46.44,45.755,375536,17383239.0,1.49,0.61,0.28,0.0
2026-04-09,TCI,40.9,41.91,42.88,40.47,11099,459892.0,5.86,1.85,0.76,0.13
2026-04-09,TCMD,24.39,23.96,24.39,23.31,254235,6075647.0,4.47,-0.75,-0.18,1.12
2026-04-09,TCOM,51.38,51.34,51.495,50.555,1742530,89134462.0,1.81,-1.02,-0.53,0.27
2026-04-09,TCPA,24.35,24.26,24.36,24.11,35293,856282.0,1.03,-0.21,-0.05,0.0
2026-04-09,TCPB,50.99,51.035,51.168,50.9,19535,996839.0,0.53,0.09,0.047,0.0
2026-04-09,TCPC,3.78,3.83,3.848,3.755,832030,3165122.0,2.43,0.26,0.01,0.99
2026-04-09,TCRT,2.91,2.83,3.14,2.83,9163,26566.0,10.65,-2.75,-0.08,0.39
2026-04-09,TCRX,1.06,1.06,1.085,1.03,666091,699625.0,5.19,0.0,0.0,1.19
2026-04-09,TCV,28.668,28.668,28.668,28.668,49,1401.0,0.0,-0.27,-0.079,0.0
2026-04-09,TCX,17.775,17.22,17.775,16.99,42461,734792.0,4.45,-2.33,-0.41,0.38
2026-04-09,TD,98.11,99.87,99.995,97.95,4573343,456003856.0,2.06,0.57,0.57,0.27
2026-04-09,TDAC,10.58,10.6,10.6,10.58,16402,173564.0,0.19,0.0,0.0,0.1
2026-04-09,TDAQ,24.66,24.85,24.85,24.49,144066,3560164.0,1.47,1.18,0.29,0.0
2026-04-09,TDAX,21.26,21.65,21.65,21.26,10741,230309.0,1.83,1.41,0.3,0.0
2026-04-09,TDAY,6.94,6.73,7.0,6.705,3949087,27070372.0,4.24,-3.3,-0.23,2.69
2026-04-09,TDC,25.5,25.12,25.53,24.77,1565983,39243782.0,2.96,-2.26,-0.58,1.65
2026-04-09,TDEC,25.01,25.196,25.24,25.01,1649,41425.0,0.91,0.06,0.016,0.0
2026-04-09,TDF,10.7,10.81,10.94,10.58,32078,346171.0,3.36,0.84,0.09,0.0
2026-04-09,TDG,1211.87,1225.52,1234.13,1207.26,198229,242431642.0,2.2,0.46,5.64,0.35
2026-04-09,TDI,43.36,43.602,43.76,43.08,443902,19207956.0,1.56,0.12,0.052,0.0
2026-04-09,TDIC,0.135,0.132,0.145,0.123,5056792,756753.0,14.77,-11.41,-0.017,14.05
2026-04-09,TDIV,97.02,96.67,97.02,96.055,109664,10582597.0,0.99,-0.37,-0.36,0.0
2026-04-09,TDOC,5.2,5.25,5.29,5.144,5482247,28653548.0,2.77,-0.38,-0.02,3.04
2026-04-09,TDOG,18.39,18.934,18.934,18.39,60039,1113530.0,2.9,0.96,0.18,0.0
2026-04-09,TDOT,15.16,15.797,15.797,15.0,7422,113253.0,5.15,2.11,0.327,0.0
2026-04-09,TDS,45.45,45.66,45.89,45.09,579152,26426724.0,1.75,-0.15,-0.07,0.54
2026-04-09,TDSB,24.69,24.647,24.7,24.641,12279,303165.0,0.24,0.25,0.062,0.0
2026-04-09,TDSC,26.44,26.456,26.52,26.44,21599,571914.0,0.3,0.2,0.054,0.0
2026-04-09,TDS_U,20.89,21.03,21.17,20.88,21013,442155.0,1.39,0.48,0.1,0.13
2026-04-09,TDS_V,18.95,19.04,19.1,18.85,34474,655185.0,1.32,0.37,0.07,0.12
2026-04-09,TDTF,24.14,24.165,24.185,24.12,123467,2982545.0,0.27,0.1,0.025,0.0
2026-04-09,TDTH,0.121,0.118,0.128,0.098,11163372,1389003.0,23.08,-9.23,-0.012,10.26
2026-04-09,TDTT,24.25,24.27,24.28,24.25,163961,3978237.0,0.12,0.08,0.02,0.0
2026-04-09,TDUP,3.73,3.8,3.84,3.645,1669327,6307237.0,5.21,1.6,0.06,1.54
2026-04-09,TDV,88.87,89.25,89.334,88.64,9447,842590.0,0.78,0.3,0.27,0.0
2026-04-09,TDVG,45.94,46.31,46.41,45.94,42662,1970721.0,1.02,0.54,0.25,0.0
2026-04-09,TDVI,27.47,27.37,27.47,27.18,201370,5503148.0,1.06,-0.36,-0.1,0.0
2026-04-09,TDW,88.03,87.69,89.0,87.14,667081,58602075.0,2.12,-0.17,-0.15,1.35
2026-04-09,TDWDR,0.19,0.19,0.19,0.19,100,17.0,0.0,0.0,0.0,0.0
2026-04-09,TDY,657.73,654.98,663.945,651.34,266897,175471519.0,1.91,-0.81,-5.33,0.58
2026-04-09,TE,4.15,4.18,4.43,4.11,14305187,61007984.0,7.67,0.24,0.01,5.13
2026-04-09,TEAD,0.705,0.689,0.705,0.675,112543,77353.0,4.18,-4.04,-0.029,0.12
2026-04-09,TEAM,62.07,58.96,63.234,57.3,11045911,651853008.0,9.33,-7.32,-4.66,6.51
2026-04-09,TEC,26.95,27.184,27.184,26.95,977,26452.0,0.86,0.2,0.053,0.0
2026-04-09,TECB,57.86,57.7,57.86,57.255,8784,505445.0,1.04,-0.43,-0.25,0.0
2026-04-09,TECH,54.88,55.57,56.17,53.44,2239634,124124323.0,4.94,0.65,0.36,1.43
2026-04-09,TECK,56.1,54.66,56.81,54.6,3014213,166305755.0,3.97,-1.85,-1.03,0.63
2026-04-09,TECL,104.23,104.8,105.21,101.2,890530,92035481.0,3.85,0.69,0.72,0.0
2026-04-09,TECS,16.96,16.85,17.43,16.77,1583936,27036724.0,3.9,-0.53,-0.09,0.0
2026-04-09,TECX,29.86,31.09,31.19,29.68,167086,5104668.0,5.02,3.43,1.03,0.89
2026-04-09,TEI,6.3,6.38,6.39,6.23,168621,1069228.0,2.55,1.59,0.1,0.0
2026-04-09,TEK,30.97,31.185,31.185,30.88,5234,162110.0,0.98,0.51,0.157,0.0
2026-04-09,TEKX,45.29,45.98,45.98,45.29,1872,85414.0,1.52,1.17,0.532,0.0
2026-04-09,TEKY,36.038,36.038,36.038,36.038,33,1185.0,0.0,-0.64,-0.232,0.0
2026-04-09,TEL,224.23,228.63,229.36,222.65,1924018,438492304.0,3.01,2.51,5.6,0.66
2026-04-09,TELA,0.636,0.596,0.636,0.573,184461,110826.0,9.91,-6.29,-0.04,0.41
2026-04-09,TELO,1.31,1.26,1.33,1.24,73469,93405.0,6.77,-5.26,-0.07,0.21
2026-04-09,TEM,47.01,44.16,47.2,44.0,5786131,260915399.0,6.74,-7.03,-3.34,3.32
2026-04-09,TEMD,24.97,25.03,25.03,24.97,124,3096.0,0.24,0.6,0.15,0.0
2026-04-09,TEMR,25.571,25.571,25.571,25.571,47,1198.0,0.0,-0.07,-0.018,0.0
2026-04-09,TEMT,19.01,16.81,19.05,16.68,528099,9229521.0,12.1,-14.19,-2.78,0.0
2026-04-09,TEMX,31.63,31.749,31.749,31.63,110,3479.0,0.37,-0.58,-0.185,0.0
2026-04-09,TEN,39.52,38.35,39.75,38.2,394535,15261114.0,3.93,-2.69,-1.06,1.31
2026-04-09,TENB,17.76,16.41,17.89,15.735,4680955,76156099.0,12.02,-8.48,-1.52,4.09
2026-04-09,TEND,25.33,25.51,25.54,25.33,31218,796281.0,0.83,0.28,0.07,0.0
2026-04-09,TENM,25.52,25.645,25.67,25.49,4147,106170.0,0.71,0.49,0.124,0.0
2026-04-09,TENX,15.0,14.96,15.35,14.33,1161810,17252831.0,6.78,-0.6,-0.09,6.76
2026-04-09,TEN_E,26.436,26.41,26.44,26.2,5365,141131.0,0.91,0.08,0.02,0.11
2026-04-09,TEN_F,27.37,27.36,27.465,27.32,8453,231309.0,0.53,-0.07,-0.02,0.13
2026-04-09,TEO,11.67,11.58,11.815,11.34,904068,10447620.0,4.03,-1.78,-0.21,0.72
2026-04-09,TEQI,46.27,46.6,46.74,46.27,8711,406468.0,1.01,0.32,0.15,0.0
2026-04-09,TER,360.0,364.21,369.64,357.23,4484293,1630611248.0,3.46,1.65,5.92,2.86
2026-04-09,TERG,55.6,56.222,59.79,51.884,46174,2581082.0,14.55,3.46,1.882,0.0
2026-04-09,TERN,52.65,52.56,52.67,52.56,11827469,622110192.0,0.21,-0.19,-0.1,10.25
2026-04-09,TESL,12.37,12.2,12.4,12.02,13158,160471.0,3.07,-1.53,-0.19,0.0
2026-04-09,TEST,41.045,40.787,41.045,40.787,389,15958.0,0.64,0.66,0.266,0.0
2026-04-09,TETH,10.87,11.07,11.132,10.77,16267804,179143996.0,3.28,0.36,0.04,0.0
2026-04-09,TEVA,30.45,30.96,30.995,30.22,3425055,105231714.0,2.54,1.44,0.44,0.29
2026-04-09,TEX,62.81,64.39,64.95,62.73,962468,61779891.0,3.51,1.93,1.22,0.85
2026-04-09,TEXN,30.13,30.106,30.13,30.106,301,9121.0,0.08,-0.41,-0.123,0.0
2026-04-09,TEXU,41.41,40.393,41.76,40.393,5295,219006.0,3.35,-0.95,-0.388,0.0
2026-04-09,TEXX,27.805,27.448,27.805,27.448,1919,53314.0,1.28,-1.37,-0.381,0.0
2026-04-09,TE_WS,0.27,0.25,0.27,0.25,42876,11110.0,8.16,2.04,0.005,0.0
2026-04-09,TFC,48.98,50.48,50.68,48.87,11399181,572057088.0,3.67,2.41,1.19,0.91
2026-04-09,TFC_I,18.9,18.99,19.02,18.76,14819,281022.0,1.37,0.11,0.02,0.07
2026-04-09,TFC_O,21.14,21.27,21.31,21.14,30607,650230.0,0.8,0.47,0.1,0.15
2026-04-09,TFC_R,18.92,18.9,18.99,18.86,63426,1199321.0,0.69,-0.21,-0.04,0.17
2026-04-09,TFFI,19.66,19.693,19.74,19.65,11344,223386.0,0.46,0.58,0.113,0.0
2026-04-09,TFI,45.53,45.55,45.616,45.465,1791072,81582779.0,0.33,0.15,0.07,0.0
2026-04-09,TFII,120.22,123.88,124.46,120.22,383645,47240660.0,3.52,2.73,3.29,0.47
2026-04-09,TFIN,61.87,64.12,64.695,61.855,329420,21060565.0,4.56,2.9,1.81,1.38
2026-04-09,TFIN_,22.26,22.09,22.26,22.09,308,6854.0,0.76,-1.25,-0.28,0.02
2026-04-09,TFJL,19.69,19.64,19.74,19.64,1976,38959.0,0.51,-0.23,-0.045,0.0
2026-04-09,TFLO,50.53,50.52,50.53,50.52,1843914,93166359.0,0.02,0.0,0.0,0.0
2026-04-09,TFLR,50.66,50.67,50.68,50.56,35919,1818048.0,0.24,0.05,0.024,0.0
2026-04-09,TFNS,25.85,26.149,26.149,25.85,1210,31335.0,1.15,0.43,0.111,0.0
2026-04-09,TFPM,36.5,35.4,36.88,35.4,371949,13313597.0,4.12,-1.34,-0.48,0.18
2026-04-09,TFPN,29.59,29.41,29.59,29.35,17863,525604.0,0.82,0.95,0.278,0.0
2026-04-09,TFSL,14.63,14.93,14.94,14.22,737369,10947214.0,4.91,1.77,0.26,0.26
2026-04-09,TFX,118.65,120.27,121.21,118.15,981670,117646254.0,2.57,1.04,1.24,2.22
2026-04-09,TG,8.62,8.7,8.815,8.515,224879,1958105.0,3.48,0.81,0.07,0.65
2026-04-09,TGB,7.19,7.11,7.4,7.05,2597903,18603444.0,4.84,-1.66,-0.12,0.71
2026-04-09,TGE,1.15,1.08,1.15,1.02,58541,63091.0,11.5,-4.42,-0.05,0.2
2026-04-09,TGEN,2.67,3.09,3.233,2.67,634342,1958580.0,20.55,12.77,0.35,2.12
2026-04-09,TGHL,0.353,0.334,0.359,0.315,51629,17102.0,12.22,-7.22,-0.026,0.35
2026-04-09,TGL,3.671,3.65,3.81,3.62,22220,82411.0,5.05,-2.93,-0.11,1.33
2026-04-09,TGLB,26.201,26.201,26.201,26.201,70,1834.0,0.0,0.7,0.181,0.0
2026-04-09,TGLR,37.65,37.898,38.01,37.65,15622,590175.0,0.96,0.68,0.255,0.0
2026-04-09,TGLS,43.63,45.61,46.075,43.06,410891,18631314.0,6.87,3.9,1.71,0.92
2026-04-09,TGRT,41.29,41.47,41.47,40.95,104469,4313237.0,1.26,0.61,0.253,0.0
2026-04-09,TGRW,42.37,42.65,42.65,42.37,4089,174151.0,0.66,0.64,0.27,0.0
2026-04-09,TGS,33.76,32.83,34.085,32.355,334112,11007732.0,5.12,-2.93,-0.99,0.48
2026-04-09,TGT,122.26,124.03,124.22,121.5,4093506,504809744.0,2.21,0.74,0.91,0.9
2026-04-09,TGTX,33.965,34.63,34.93,33.765,1527253,52638905.0,3.41,1.23,0.42,0.96
2026-04-09,TH,14.74,14.9,15.1,14.55,1770378,26300212.0,3.84,3.91,0.56,1.78
2026-04-09,THC,198.77,201.87,205.61,198.67,763746,155067804.0,3.48,1.27,2.53,0.87
2026-04-09,THCH,2.11,2.132,2.18,2.11,1334,2885.0,3.21,-2.2,-0.048,0.0
2026-04-09,THD,70.6,71.24,71.7,70.6,31372,2236064.0,1.55,0.2,0.14,0.0
2026-04-09,THFF,66.31,67.49,67.71,65.74,123368,8278833.0,2.97,1.61,1.07,1.04
2026-04-09,THG,177.86,179.87,182.395,177.86,291905,52639801.0,2.54,0.69,1.24,0.83
2026-04-09,THH,0.38,0.375,0.405,0.375,124216,47851.0,7.79,-2.6,-0.01,0.25
2026-04-09,THIR,31.25,31.25,31.25,31.23,24470,764540.0,0.06,-0.26,-0.08,0.0
2026-04-09,THLV,31.95,31.925,31.95,31.925,8932,285357.0,0.08,0.68,0.215,0.0
2026-04-09,THM,2.48,2.64,2.65,2.46,955998,2471647.0,7.72,7.32,0.18,0.37
2026-04-09,THMZ,30.83,30.954,31.003,30.8,4687,144670.0,0.66,0.29,0.089,0.0
2026-04-09,THNQ,62.21,61.384,62.21,61.015,11610,714084.0,1.93,-1.07,-0.664,0.0
2026-04-09,THNR,25.04,24.919,25.04,24.919,1463,36574.0,0.48,-0.18,-0.044,0.0
2026-04-09,THO,78.0,80.28,80.67,76.835,732457,58323757.0,4.85,1.54,1.22,1.39
2026-04-09,THQ,17.59,17.775,17.9,17.52,99288,1757306.0,2.16,1.05,0.185,0.0
2026-04-09,THR,51.93,54.37,54.475,51.93,295929,15970428.0,4.85,3.6,1.89,0.9
2026-04-09,THRM,28.84,29.35,29.48,28.58,187354,5476064.0,3.1,1.1,0.32,0.61
2026-04-09,THRO,37.96,38.36,38.4,37.935,912326,34875645.0,1.22,0.95,0.36,0.0
2026-04-09,THRV,24.65,24.597,24.66,24.595,8067,198833.0,0.26,0.17,0.041,0.0
2026-04-09,THRY,2.91,2.96,2.99,2.83,342485,1003634.0,5.41,0.0,0.0,0.78
2026-04-09,THTA,15.58,15.55,15.58,15.538,40236,626164.0,0.27,0.06,0.01,0.0
2026-04-09,THW,11.96,12.18,12.24,11.96,94707,1147417.0,2.34,1.84,0.22,0.0
2026-04-09,THY,22.09,22.084,22.13,22.01,20572,453725.0,0.54,0.27,0.06,0.0
2026-04-09,THYF,51.71,51.73,51.79,51.63,4745,245470.0,0.31,0.11,0.057,0.0
2026-04-09,THYM,50.31,50.43,50.43,50.31,200,10062.0,0.24,0.31,0.158,0.0
2026-04-09,TIC,7.28,7.14,7.44,7.01,2128437,15183826.0,5.83,-3.25,-0.24,0.96
2026-04-09,TIER,29.845,30.005,30.005,29.845,1423,42573.0,0.53,-0.33,-0.098,0.0
2026-04-09,TIGO,80.39,82.78,82.96,79.8,1071758,88095694.0,3.93,2.86,2.3,0.63
2026-04-09,TIGR,6.65,6.67,6.73,6.575,1586936,10556673.0,2.3,-0.89,-0.06,0.92
2026-04-09,TII,2.82,2.85,2.93,2.82,125745,362091.0,3.83,-0.7,-0.02,0.13
2026-04-09,TIIV,29.08,29.073,29.08,29.073,109,3171.0,0.02,0.08,0.022,0.0
2026-04-09,TIL,8.24,8.475,8.5,8.17,15463,130063.0,3.86,-0.76,-0.065,0.23
2026-04-09,TILE,26.09,26.92,27.15,26.09,452439,12138908.0,4.04,2.55,0.67,0.77
2026-04-09,TILL,17.72,17.56,17.73,17.505,63862,1120854.0,1.27,-0.79,-0.14,0.0
2026-04-09,TILT,249.9,251.97,252.24,249.9,1399,351623.0,0.93,0.56,1.409,0.0
2026-04-09,TIMB,27.12,27.58,27.64,27.065,301732,8292371.0,2.13,2.15,0.58,0.06
2026-04-09,TIME,23.97,24.192,24.192,23.97,5684,137250.0,0.93,1.0,0.24,0.0
2026-04-09,TINT,38.47,38.452,38.47,38.452,311,11970.0,0.05,1.53,0.578,0.0
2026-04-09,TIPA,100.963,100.963,100.963,100.963,1,101.0,0.0,0.09,0.089,0.0
2026-04-09,TIPB,100.66,100.771,100.771,100.66,800,80528.0,0.11,0.09,0.089,0.0
2026-04-09,TIPC,100.854,100.854,100.854,100.854,302,30446.0,0.0,0.07,0.069,0.0
2026-04-09,TIPD,100.686,100.686,100.686,100.686,10,1005.0,0.0,0.03,0.027,0.0
2026-04-09,TIPT,16.76,17.28,17.305,16.76,231302,3974495.0,3.23,2.37,0.4,0.61
2026-04-09,TIPX,19.18,19.2,19.21,19.17,259117,4973124.0,0.21,0.16,0.03,0.0
2026-04-09,TIPZ,53.25,53.24,53.305,53.15,25219,1342603.0,0.29,0.06,0.03,0.0
2026-04-09,TISI,17.91,16.23,17.91,15.91,10980,184209.0,11.76,-4.53,-0.77,0.24
2026-04-09,TITN,18.6,19.78,19.99,18.385,165240,3237856.0,8.55,5.32,1.0,0.71
2026-04-09,TIVC,1.03,0.96,1.03,0.96,28286,26667.0,6.8,-6.8,-0.07,0.98
2026-04-09,TJAN,27.45,27.45,27.45,27.45,3076,84434.0,0.0,0.15,0.04,0.0
2026-04-09,TJGC,0.84,0.878,0.879,0.738,48660,39601.0,16.79,4.52,0.038,0.32
2026-04-09,TJUL,29.63,29.72,29.73,29.63,9938,295234.0,0.34,0.34,0.1,0.0
2026-04-09,TJUN,23.12,23.12,23.12,23.12,7,161.0,0.0,0.25,0.058,0.0
2026-04-09,TJX,160.83,165.0,165.82,160.54,5593411,920192816.0,3.27,2.08,3.36,0.51
2026-04-09,TK,12.97,12.56,12.97,12.5,409571,5180037.0,3.69,-1.49,-0.19,0.47
2026-04-09,TKC,6.25,6.39,6.39,6.2,2022727,12814508.0,3.05,2.73,0.17,0.23
2026-04-09,TKLF,2.19,2.201,2.26,2.19,1520,3374.0,3.1,-2.61,-0.059,0.04
2026-04-09,TKNO,2.85,2.79,2.85,2.72,157778,438971.0,4.59,-1.41,-0.04,0.29
2026-04-09,TKNQ,22.692,22.692,22.692,22.692,106,2398.0,0.0,-0.25,-0.058,0.0
2026-04-09,TKO,194.28,197.07,198.108,193.005,804755,158134746.0,2.59,0.01,0.02,1.03
2026-04-09,TLA,23.275,23.197,23.275,23.197,558,12934.0,0.34,0.64,0.147,0.0
2026-04-09,TLCI,25.54,25.598,25.7,25.54,4234,108274.0,0.62,-0.43,-0.11,0.0
2026-04-09,TLDR,25.02,25.02,25.03,25.02,22692,567891.0,0.04,0.06,0.015,0.0
2026-04-09,TLF,2.3,2.28,2.34,2.28,8168,18822.0,2.61,-0.87,-0.02,0.1
2026-04-09,TLG,24.55,24.76,24.76,24.47,4277,105273.0,1.18,0.49,0.121,0.0
2026-04-09,TLH,100.76,100.86,101.24,100.5,683170,68917428.0,0.73,-0.08,-0.08,0.0
2026-04-09,TLIH,0.244,0.28,0.289,0.243,210524,56202.0,18.55,12.9,0.032,0.72
2026-04-09,TLK,18.76,18.92,19.03,18.76,573422,10845604.0,1.43,-0.05,-0.01,0.06
2026-04-09,TLN,327.96,312.76,334.0,310.98,1075835,345254640.0,7.0,-4.83,-15.89,2.37
2026-04-09,TLNC,10.242,10.242,10.242,10.242,195,1997.0,0.0,0.46,0.047,0.0
2026-04-09,TLNCU,10.75,10.3,11.0,10.3,7261,75391.0,6.71,-1.25,-0.13,0.0
2026-04-09,TLPH,0.779,0.812,0.86,0.776,142645,118166.0,10.63,2.78,0.022,0.29
2026-04-09,TLRY,6.71,6.72,6.87,6.52,2374666,15920199.0,5.19,-0.44,-0.03,2.04
2026-04-09,TLS,4.15,4.04,4.16,3.99,386983,1570393.0,4.07,-3.35,-0.14,0.5
2026-04-09,TLSA,1.309,1.26,1.309,1.19,126227,154986.0,9.37,-0.79,-0.01,0.1
2026-04-09,TLSI,4.11,4.23,4.27,4.038,98069,410773.0,5.6,2.17,0.09,0.16
2026-04-09,TLSIW,1.0,1.0,1.0,1.0,437,411.0,0.0,2.04,0.02,0.0
2026-04-09,TLT,86.69,86.7,87.13,86.392,18909082,1640320080.0,0.85,-0.25,-0.22,0.0
2026-04-09,TLTD,97.93,98.533,98.62,97.72,3566,350436.0,0.91,-0.29,-0.282,0.0
2026-04-09,TLTE,70.23,71.016,71.085,70.11,1894,133726.0,1.38,0.29,0.206,0.0
2026-04-09,TLTI,46.02,45.944,46.13,45.88,3181,146198.0,0.54,-0.19,-0.086,0.0
2026-04-09,TLTP,21.49,21.481,21.57,21.41,15430,331592.0,0.74,-0.09,-0.019,0.0
2026-04-09,TLTW,22.51,22.505,22.61,22.435,2591673,58353164.0,0.78,-0.2,-0.045,0.0
2026-04-09,TLTX,23.63,23.54,23.63,23.485,1693,39855.0,0.62,-0.02,-0.005,0.0
2026-04-09,TLX,9.78,9.8,9.86,9.66,135164,1321486.0,2.04,0.2,0.02,0.04
2026-04-09,TLYS,4.71,5.03,5.215,4.625,1094405,5514844.0,12.55,7.02,0.33,4.72
2026-04-09,TM,208.71,211.14,211.99,208.47,421960,88877427.0,1.64,-1.8,-3.86,0.03
2026-04-09,TMAR,24.58,24.61,24.7,24.58,4985,122596.0,0.49,0.08,0.02,0.0
2026-04-09,TMAT,24.669,24.44,24.67,24.32,63127,1541269.0,1.41,-1.34,-0.333,0.0
2026-04-09,TMB,25.56,25.595,25.625,25.545,33856,865820.0,0.31,0.12,0.03,0.0
2026-04-09,TMC,4.65,4.42,4.69,4.37,4168297,18636643.0,6.84,-5.56,-0.26,0.96
2026-04-09,TMCI,1.37,1.53,1.55,1.315,633159,937311.0,16.79,9.29,0.13,0.98
2026-04-09,TMCR,12.03,14.0,14.342,10.57,166885,2150492.0,26.94,0.0,0.0,0.3
2026-04-09,TMCWW,0.28,0.251,0.299,0.25,101752,26374.0,18.15,-7.04,-0.019,0.0
2026-04-09,TMDE,1.52,1.46,1.67,1.37,2921035,4398926.0,21.74,5.8,0.08,12.4
2026-04-09,TMDV,50.19,50.19,50.19,50.19,145,7307.0,0.0,1.0,0.499,0.0
2026-04-09,TMDX,109.29,109.2,111.76,107.434,537350,59018352.0,3.96,-0.15,-0.16,1.56
2026-04-09,TME,9.23,9.29,9.34,9.18,5121526,47498881.0,1.7,-1.06,-0.1,0.69
2026-04-09,TMED,30.26,30.133,30.26,30.13,3024,91425.0,0.43,0.06,0.018,0.0
2026-04-09,TMET,30.57,30.782,30.82,30.484,2820,86755.0,1.1,0.63,0.192,0.0
2026-04-09,TMF,36.39,36.41,36.939,36.01,2352802,85842395.0,2.53,-0.71,-0.26,0.0
2026-04-09,TMFC,68.77,69.31,69.35,68.59,78645,5421841.0,1.1,0.68,0.47,0.0
2026-04-09,TMFE,28.05,28.303,28.32,28.03,21800,614700.0,1.03,0.54,0.151,0.0
2026-04-09,TMFG,29.2,29.476,29.52,29.2,7754,228031.0,1.09,-0.03,-0.01,0.0
2026-04-09,TMFM,20.522,20.583,20.645,20.522,1863,38422.0,0.59,-1.2,-0.249,0.0
2026-04-09,TMFS,33.27,33.6,33.72,33.27,3395,113719.0,1.34,0.25,0.085,0.0
2026-04-09,TMFX,20.46,20.308,20.46,20.16,1218,24716.0,1.46,-0.97,-0.199,0.0
2026-04-09,TMH,56.99,57.258,57.258,56.99,235,13454.0,0.46,-1.52,-0.884,0.0
2026-04-09,TMHC,58.51,60.28,60.53,58.51,2134202,128090521.0,3.42,2.15,1.27,2.25
2026-04-09,TMLP,28.37,28.078,28.56,28.06,2644,74518.0,1.77,-0.5,-0.14,0.0
2026-04-09,TMO,498.61,500.46,505.35,490.25,1491034,746672512.0,3.0,-0.6,-3.0,0.4
2026-04-09,TMP,83.34,85.52,86.37,82.64,68555,5856441.0,4.43,1.57,1.32,0.48
2026-04-09,TMQ,4.07,4.11,4.32,4.045,2261752,9411086.0,6.71,0.24,0.01,1.29
2026-04-09,TMSF,49.74,49.8,49.81,49.7,3734,185809.0,0.22,0.05,0.025,0.0
2026-04-09,TMSL,38.57,38.76,39.05,38.57,184661,7168942.0,1.24,0.05,0.02,0.0
2026-04-09,TMTS,9.93,9.94,10.0,9.93,4083,40574.0,0.7,0.0,0.0,0.02
2026-04-09,TMUS,197.88,197.54,200.32,196.37,5869259,1160080640.0,2.0,-0.05,-0.09,0.53
2026-04-09,TMUSI,21.99,21.985,22.29,21.985,7494,165635.0,1.39,-0.16,-0.035,0.0
2026-04-09,TMUSL,24.59,24.84,24.94,24.59,14780,367043.0,1.42,0.69,0.17,0.0
2026-04-09,TMUSZ,21.74,21.78,21.84,21.71,8390,182810.0,0.6,0.46,0.1,0.0
2026-04-09,TMV,37.04,36.98,37.39,36.48,589602,21787343.0,2.48,0.68,0.25,0.0
2026-04-09,TMVE,16.29,16.39,16.41,16.29,2583,42091.0,0.74,0.77,0.125,0.0
2026-04-09,TNA,49.94,51.78,52.32,49.935,7491826,383411904.0,4.69,1.77,0.9,0.0
2026-04-09,TNDM,19.34,19.68,19.84,18.91,982648,19262781.0,4.81,1.71,0.33,1.43
2026-04-09,TNET,35.72,36.13,36.36,34.855,437358,15651970.0,4.15,-0.41,-0.15,0.95
2026-04-09,TNGX,20.05,20.7,21.01,19.825,2907859,59996563.0,5.91,3.19,0.64,2.02
2026-04-09,TNGY,10.19,10.04,10.325,10.01,118024,1195787.0,3.11,-0.79,-0.08,0.0
2026-04-09,TNK,77.03,74.87,77.99,74.389,533869,40251208.0,4.67,-2.82,-2.17,1.78
2026-04-09,TNL,73.63,75.86,76.12,73.27,716439,54011193.0,3.86,2.72,2.01,1.15
2026-04-09,TNMG,1.49,1.32,1.52,1.24,48234,63434.0,18.86,-11.11,-0.165,1.89
2026-04-09,TNON,0.732,0.74,0.741,0.722,66115,48552.0,2.56,-0.13,-0.001,0.59
2026-04-09,TNUK,26.355,26.355,26.355,26.355,128,3429.0,0.0,-1.34,-0.357,0.0
2026-04-09,TNXP,13.01,13.0,13.49,12.9,456547,5986280.0,4.52,-0.31,-0.04,3.21
2026-04-09,TNXT,23.63,23.755,23.755,23.51,5585,132043.0,1.04,0.53,0.125,0.0
2026-04-09,TNYA,0.72,0.74,0.78,0.71,3775054,2822030.0,9.66,2.07,0.015,1.74
2026-04-09,TOAK,28.63,28.625,28.63,28.625,2614,74857.0,0.02,0.0,0.0,0.0
2026-04-09,TOCT,26.58,26.64,26.64,26.535,9161,243687.0,0.4,0.23,0.06,0.0
2026-04-09,TOGA,27.87,28.113,28.21,27.82,3872,107981.0,1.38,-0.77,-0.217,0.0
2026-04-09,TOI,3.08,3.11,3.17,3.01,1165350,3588160.0,5.16,0.32,0.01,1.18
2026-04-09,TOIIW,0.057,0.057,0.057,0.057,786,45.0,0.0,-1.72,-0.001,0.0
2026-04-09,TOK,139.46,139.46,139.46,139.46,105,14649.0,0.0,0.51,0.705,0.0
2026-04-09,TOKE,5.28,5.285,5.3,5.2,2629,13842.0,1.92,1.63,0.085,0.0
2026-04-09,TOL,137.82,140.23,142.05,137.5,1229368,172587715.0,3.27,0.77,1.07,1.3
2026-04-09,TOLL,35.635,35.854,35.934,35.524,3339,119152.0,1.15,0.35,0.124,0.0
2026-04-09,TOLZ,61.641,61.715,62.005,61.641,7161,442725.0,0.59,0.52,0.321,0.0
2026-04-09,TOMZ,0.579,0.569,0.579,0.559,9658,5550.0,3.59,2.15,0.012,0.05
2026-04-09,TONX,2.13,2.1,2.255,2.03,412202,865470.0,10.51,-1.87,-0.04,0.73
2026-04-09,TOON,0.6,0.608,0.616,0.59,176022,106348.0,4.33,1.33,0.008,0.31
2026-04-09,TOP,0.765,0.77,0.802,0.76,20712,16212.0,5.34,-2.16,-0.017,0.06
2026-04-09,TOPC,31.23,31.34,31.34,31.13,990,30947.0,0.67,0.63,0.195,0.0
2026-04-09,TOPP,0.735,0.741,0.77,0.735,12988,9827.0,4.67,-1.2,-0.009,0.07
2026-04-09,TOPS,3.05,3.0,3.11,3.0,28781,87169.0,3.55,-3.23,-0.1,0.53
2026-04-09,TOPW,34.98,35.46,35.49,34.83,57283,2016078.0,1.89,1.81,0.63,0.0
2026-04-09,TORO,3.92,3.95,4.01,3.77,55602,217429.0,6.14,1.02,0.04,0.19
2026-04-09,TOS,26.45,26.45,26.45,26.45,178,4702.0,0.0,0.82,0.215,0.0
2026-04-09,TOST,25.95,25.96,26.0,24.8,9915334,252795030.0,4.58,-0.95,-0.25,1.89
2026-04-09,TOT,21.23,21.376,21.376,21.21,739,15692.0,0.78,0.59,0.126,0.0
2026-04-09,TOTL,39.77,39.8,39.85,39.72,302945,12051242.0,0.33,0.1,0.04,0.0
2026-04-09,TOTR,40.42,40.431,40.48,40.38,5455,220653.0,0.25,0.0,0.001,0.0
2026-04-09,TOUR,0.721,0.708,0.737,0.707,39171,28418.0,4.26,0.43,0.003,0.04
2026-04-09,TOUS,36.09,36.38,36.529,35.99,159020,5775469.0,1.47,-0.55,-0.2,0.0
2026-04-09,TOV,28.34,28.625,28.66,28.34,5124,146557.0,1.13,0.69,0.197,0.0
2026-04-09,TOVX,0.279,0.257,0.28,0.239,5422599,1393487.0,13.8,-13.47,-0.04,11.82
2026-04-09,TOWN,34.98,36.13,36.21,34.89,429743,15454590.0,3.75,2.76,0.97,0.54
2026-04-09,TOXR,12.96,13.22,13.25,12.93,11232,147696.0,2.44,0.62,0.081,0.0
2026-04-09,TOYO,10.47,10.62,10.65,9.88,173481,1793507.0,7.48,3.16,0.325,0.47
2026-04-09,TPAY,49.52,49.62,49.62,49.51,562,27801.0,0.22,0.71,0.35,0.0
2026-04-09,TPB,72.87,81.83,82.19,72.87,770680,61426203.0,12.55,10.15,7.54,3.98
2026-04-09,TPC,80.53,81.5,82.504,80.53,253875,20719337.0,2.45,1.19,0.96,0.48
2026-04-09,TPCS,3.1,3.21,3.26,3.1,25505,80932.0,5.19,4.22,0.13,0.25
2026-04-09,TPET,0.546,0.538,0.573,0.492,11426995,6173077.0,13.32,-11.51,-0.07,33.78
2026-04-09,TPG,38.21,38.78,39.13,37.14,3551318,136442124.0,5.2,1.36,0.52,2.31
2026-04-09,TPGXL,24.95,24.95,25.07,24.94,9507,237468.0,0.52,0.04,0.01,0.0
2026-04-09,TPH,46.76,46.78,46.83,46.74,2940442,137555682.0,0.19,0.13,0.06,3.45
2026-04-09,TPHD,41.87,42.05,42.14,41.78,42088,1768630.0,0.86,0.1,0.04,0.0
2026-04-09,TPIF,37.17,37.37,37.444,37.04,51485,1918228.0,1.07,-0.66,-0.25,0.0
2026-04-09,TPL,446.99,377.97,446.99,370.41,1633573,632646656.0,17.08,-15.68,-70.31,2.37
2026-04-09,TPLC,47.92,47.99,48.15,47.86,53860,2584597.0,0.6,-0.1,-0.05,0.0
2026-04-09,TPLS,25.36,25.328,25.37,25.328,3283,83206.0,0.17,0.17,0.043,0.0
2026-04-09,TPOR,31.695,32.17,32.4,31.0,11260,358678.0,4.38,0.63,0.2,0.0
2026-04-09,TPR,150.1,152.62,154.48,149.27,1372718,209489037.0,3.46,1.36,2.05,0.68
2026-04-09,TPRY,18.8,18.861,18.905,18.8,1751,33038.0,0.56,0.8,0.15,0.0
2026-04-09,TPSC,44.37,44.69,44.8,44.23,15813,703121.0,1.28,0.54,0.24,0.0
2026-04-09,TPST,1.56,1.58,1.63,1.55,111108,176901.0,5.13,1.28,0.02,0.77
2026-04-09,TPTA,23.0,23.0,23.0,22.875,601,13798.0,0.54,0.0,0.0,0.0
2026-04-09,TPVG,5.04,5.12,5.12,4.93,565067,2851672.0,3.76,1.39,0.07,1.4
2026-04-09,TPYP,42.4,42.17,43.02,42.165,95033,4028367.0,2.02,-0.37,-0.155,0.0
2026-04-09,TPZ,22.47,22.4,22.68,22.335,12042,272129.0,1.56,1.17,0.26,0.0
2026-04-09,TQQQ,48.015,48.96,49.09,47.31,78953594,3814474544.0,3.71,2.0,0.96,0.0
2026-04-09,TQQY,13.12,13.156,13.24,13.104,108636,1429903.0,1.04,0.49,0.064,0.0
2026-04-09,TR,43.83,44.81,44.96,43.83,102603,4586326.0,2.56,1.33,0.59,0.24
2026-04-09,TRAD_U,10.0,10.015,10.015,10.0,44174,441988.0,0.15,0.09,0.009,0.0
2026-04-09,TRAK,7.2,7.32,7.32,6.95,131117,941224.0,5.08,0.41,0.03,0.72
2026-04-09,TRAW,1.54,1.5,1.57,1.48,77287,117585.0,5.77,-3.85,-0.06,0.85
2026-04-09,TRBF,49.69,49.735,49.76,49.69,703,34945.0,0.14,0.08,0.04,0.0
2026-04-09,TRC,19.34,19.45,19.6,19.34,62540,1217919.0,1.34,-0.1,-0.02,0.23
2026-04-09,TRDA,14.22,14.05,14.31,13.82,144538,2027097.0,3.42,-1.89,-0.27,0.38
2026-04-09,TREE,42.17,41.29,42.17,40.43,170660,7048279.0,4.07,-3.35,-1.43,1.23
2026-04-09,TREX,36.9,39.24,39.54,36.68,1833027,71303682.0,7.69,5.46,2.03,1.76
2026-04-09,TRFK,68.18,67.9,68.27,67.32,103221,6987875.0,1.39,-0.44,-0.3,0.0
2026-04-09,TRFM,50.0,49.993,50.1,49.59,26185,1307026.0,1.02,0.26,0.131,0.0
2026-04-09,TRGP,244.73,244.75,250.72,243.012,1303868,320344416.0,3.16,0.31,0.75,0.61
2026-04-09,TRGSU,10.0,10.0,10.0,10.0,20,200.0,0.0,0.0,0.0,0.0
2026-04-09,TRI,85.84,84.87,85.98,82.0,2275790,191542380.0,4.62,-1.44,-1.24,0.51
2026-04-09,TRIB,0.594,0.698,0.725,0.593,369178,243578.0,21.85,15.56,0.094,1.97
2026-04-09,TRIN,15.06,15.09,15.255,15.02,1629425,24663980.0,1.56,0.13,0.02,1.96
2026-04-09,TRINI,25.17,25.12,25.18,25.11,8999,226146.0,0.28,-0.04,-0.01,0.0
2026-04-09,TRINZ,25.15,25.15,25.226,25.15,2535,63784.0,0.3,-0.36,-0.09,0.0
2026-04-09,TRIP,10.93,11.49,11.59,10.78,4288681,48693143.0,7.41,5.12,0.56,3.74
2026-04-09,TRMB,66.095,65.42,66.13,64.25,1565717,102079081.0,2.82,-1.98,-1.32,0.67
2026-04-09,TRMD,30.11,29.79,30.38,29.48,608462,18179907.0,3.01,-0.4,-0.12,0.6
2026-04-09,TRMK,44.0,45.35,45.55,43.93,636044,28690914.0,3.64,1.89,0.84,1.08
2026-04-09,TRN,33.36,34.48,34.6,32.965,780766,26755568.0,4.89,3.17,1.06,0.98
2026-04-09,TRND,34.06,34.138,34.17,34.06,3828,130506.0,0.32,0.18,0.06,0.0
2026-04-09,TRNO,63.51,65.29,66.0,63.438,661300,43219583.0,4.0,1.92,1.23,0.62
2026-04-09,TRNR,1.37,1.37,1.38,1.3,75552,100936.0,5.8,-0.72,-0.01,3.67
2026-04-09,TRON,2.18,2.16,2.245,2.16,815231,1793467.0,3.9,-0.92,-0.02,0.17
2026-04-09,TROO,2.31,2.27,2.415,2.22,55347,127157.0,8.48,-1.3,-0.03,0.05
2026-04-09,TROT,24.83,24.83,24.83,24.83,1,30.0,0.0,0.04,0.01,0.0
2026-04-09,TROW,91.35,92.16,92.55,90.76,2134735,196460944.0,1.95,0.38,0.35,0.98
2026-04-09,TROX,8.85,8.9,9.1,8.625,2556081,22583772.0,5.21,-2.41,-0.22,1.6
2026-04-09,TRP,64.06,64.18,65.29,63.93,2890685,185958463.0,2.13,0.44,0.28,0.28
2026-04-09,TRPA,38.85,38.809,38.85,38.73,16306,632713.0,0.31,-0.08,-0.031,0.0
2026-04-09,TRS,37.54,38.63,38.785,37.4,333786,12870739.0,3.65,1.9,0.72,0.91
2026-04-09,TRSG,1.164,1.28,1.28,1.164,835,984.0,9.06,0.0,0.0,0.01
2026-04-09,TRST,45.87,46.82,47.03,45.87,113497,5304316.0,2.51,1.34,0.62,0.65
2026-04-09,TRSY,30.13,30.125,30.13,30.12,1834,55268.0,0.03,0.0,0.0,0.0
2026-04-09,TRT,6.72,6.89,6.93,6.42,80269,537340.0,7.56,2.07,0.14,0.92
2026-04-09,TRTN_A,25.81,25.89,25.89,25.75,1205,31189.0,0.54,-0.42,-0.11,0.03
2026-04-09,TRTN_B,25.17,25.25,25.26,25.128,15794,397556.0,0.52,0.26,0.065,0.27
2026-04-09,TRTN_C,24.61,24.86,24.91,24.36,6577,163055.0,2.22,0.49,0.12,0.09
2026-04-09,TRTN_D,22.68,22.98,22.98,22.68,7829,178699.0,1.31,0.61,0.14,0.13
2026-04-09,TRTN_E,18.961,19.21,19.21,18.961,4653,88869.0,1.31,1.21,0.23,0.07
2026-04-09,TRTN_F,24.5,24.69,24.69,24.5,1064,26162.0,0.77,0.08,0.02,0.02
2026-04-09,TRTN_G,24.15,24.24,24.58,24.03,5045,122269.0,2.28,0.58,0.14,0.07
2026-04-09,TRTX,7.86,7.93,7.97,7.81,725129,5725185.0,2.01,-0.25,-0.02,0.94
2026-04-09,TRTX_C,18.1,18.01,18.1,18.0,5312,95866.0,0.56,0.06,0.01,0.07
2026-04-09,TRTY,30.21,30.517,30.55,30.21,4189,127780.0,1.12,0.29,0.087,0.0
2026-04-09,TRU,70.27,70.41,71.04,68.206,1736684,121366671.0,3.98,-1.11,-0.79,0.9
2026-04-09,TRUC,25.57,25.512,25.57,25.42,12051,307079.0,0.59,0.75,0.189,0.0
2026-04-09,TRUD,24.25,24.775,24.8,24.2,33133,819440.0,2.48,2.43,0.587,0.0
2026-04-09,TRUG,4.0,3.76,4.015,3.68,110509,427426.0,8.38,-6.0,-0.24,20.63
2026-04-09,TRUP,25.5,25.74,26.03,24.99,357078,9140631.0,4.05,0.27,0.07,0.82
2026-04-09,TRUT,25.1,25.312,25.33,25.02,110082,2776788.0,1.23,0.44,0.112,0.0
2026-04-09,TRV,299.47,303.23,306.26,298.05,1302248,395431248.0,2.72,0.54,1.64,0.61
2026-04-09,TRVG,2.71,2.68,2.72,2.66,18601,49936.0,2.21,-1.11,-0.03,0.08
2026-04-09,TRVI,12.9,13.3,13.6,12.758,1136049,15086320.0,6.44,1.76,0.23,0.88
2026-04-09,TRX,1.57,1.56,1.6,1.52,3281197,5099634.0,5.06,-1.27,-0.02,1.01
2026-04-09,TS,59.59,59.19,60.25,59.0,2767087,164809001.0,2.13,0.94,0.55,0.55
2026-04-09,TSAT,44.49,44.67,45.95,44.2,236916,10634631.0,3.97,1.29,0.57,1.61
2026-04-09,TSBK,42.26,43.38,43.39,42.1,93961,4026602.0,3.05,2.65,1.12,1.19
2026-04-09,TSCM,18.636,18.686,18.7,18.636,3128,58432.0,0.34,-0.95,-0.179,0.0
2026-04-09,TSCO,44.94,45.64,45.88,44.45,4144023,189008971.0,3.16,0.8,0.36,0.79
2026-04-09,TSCV,29.65,29.65,29.65,29.64,2085,61787.0,0.03,1.0,0.293,0.0
2026-04-09,TSDD,12.11,11.92,12.52,11.701,19798080,237282560.0,6.77,-1.49,-0.18,0.0
2026-04-09,TSEC,25.85,25.87,25.87,25.78,9451,244120.0,0.35,0.21,0.055,0.0
2026-04-09,TSEL,25.59,25.68,25.8,25.4,8696,223250.0,1.56,-0.07,-0.019,0.0
2026-04-09,TSEM,206.855,203.82,212.0,199.08,2087786,428930128.0,6.34,0.07,0.14,1.86
2026-04-09,TSEP,24.76,24.885,24.905,24.76,1886,46936.0,0.58,0.22,0.055,0.0
2026-04-09,TSES,30.43,30.42,30.85,30.42,2242,68557.0,1.41,-0.39,-0.12,0.0
2026-04-09,TSHA,4.492,4.63,4.7,4.475,1367036,6344177.0,4.95,1.76,0.08,0.48
2026-04-09,TSI,4.56,4.59,4.59,4.55,22003,100396.0,0.88,0.44,0.02,0.0
2026-04-09,TSIC,25.935,25.935,25.935,25.935,246,6363.0,0.0,0.91,0.233,0.0
2026-04-09,TSII,16.97,17.2,17.35,16.635,55026,933408.0,4.19,0.76,0.13,0.0
2026-04-09,TSL,13.16,13.26,13.405,12.85,2237811,29509657.0,4.22,0.91,0.12,0.0
2026-04-09,TSLA,343.15,345.62,348.88,337.25,62164016,21375312128.0,3.39,0.69,2.37,1.66
2026-04-09,TSLG,5.07,5.14,5.238,4.89,81201892,415077088.0,6.86,1.38,0.07,0.0
2026-04-09,TSLI,18.72,19.365,19.45,18.593,3340,63737.0,4.48,1.12,0.215,0.0
2026-04-09,TSLL,10.27,10.45,10.619,9.92,108825893,1121915152.0,6.79,1.55,0.16,0.0
2026-04-09,TSLO,15.52,15.63,15.63,15.52,174,2699.0,0.71,0.65,0.101,0.0
2026-04-09,TSLP,16.21,16.36,16.49,15.875,25555,414356.0,3.81,1.3,0.21,0.0
2026-04-09,TSLQ,28.55,28.1,29.48,27.56,9996367,284560816.0,6.74,-1.33,-0.38,0.0
2026-04-09,TSLR,17.47,17.73,18.07,16.895,3243390,56740707.0,6.71,1.31,0.23,0.0
2026-04-09,TSLS,65.12,64.67,66.23,64.05,1090946,71070931.0,3.35,-0.66,-0.43,0.0
2026-04-09,TSLT,14.39,14.57,14.85,13.88,2702226,38970485.0,6.74,1.18,0.17,0.0
2026-04-09,TSLW,21.07,21.27,21.52,20.675,134887,2857381.0,4.01,0.85,0.18,0.0
2026-04-09,TSLX,17.8,17.91,17.94,17.55,732988,13053361.0,2.18,0.22,0.04,0.77
2026-04-09,TSLY,27.57,27.76,27.99,27.16,977399,27028500.0,2.98,-0.39,-0.11,0.0
2026-04-09,TSLZ,18.38,18.12,19.03,17.8,4362176,80168040.0,6.7,-1.31,-0.24,0.0
2026-04-09,TSM,363.3,365.49,368.17,360.72,9245955,3371116128.0,2.04,-0.11,-0.41,0.18
2026-04-09,TSME,43.51,44.149,44.355,43.51,53374,2346468.0,1.93,0.77,0.339,0.0
2026-04-09,TSMG,31.69,31.992,32.5,31.18,45330,1445231.0,4.11,-0.34,-0.108,0.0
2026-04-09,TSMU,57.86,58.268,59.2,56.9,56425,3280011.0,3.97,0.53,0.308,0.0
2026-04-09,TSMX,65.37,66.37,67.205,64.57,715860,47206751.0,3.97,-0.12,-0.08,0.0
2026-04-09,TSMY,16.01,16.03,16.11,15.83,60068,958355.0,1.74,-0.31,-0.05,0.0
2026-04-09,TSMZ,9.76,9.697,9.8,9.62,33967,329680.0,1.86,0.1,0.01,0.0
2026-04-09,TSN,64.03,65.42,65.42,63.84,2788760,181684598.0,2.44,1.19,0.77,0.99
2026-04-09,TSNF,25.525,25.44,25.61,25.33,3500,89006.0,1.09,-0.74,-0.19,0.0
2026-04-09,TSOL,7.92,8.132,8.132,7.92,268,2133.0,2.64,1.12,0.09,0.0
2026-04-09,TSPA,42.66,42.983,43.04,42.58,194514,8346512.0,1.08,0.66,0.283,0.0
2026-04-09,TSPX,27.656,27.656,27.656,27.656,15,412.0,0.0,0.53,0.147,0.0
2026-04-09,TSPY,23.84,24.02,24.06,23.825,307314,7374576.0,0.98,0.46,0.11,0.0
2026-04-09,TSQ,5.91,6.0,6.13,5.83,138575,830802.0,5.01,0.17,0.01,0.88
2026-04-09,TSRS,26.495,26.495,26.495,26.495,138,3667.0,0.0,1.04,0.274,0.0
2026-04-09,TSSD,25.11,24.615,25.11,24.61,2137,52960.0,1.97,-3.09,-0.785,0.0
2026-04-09,TSSI,13.29,13.12,13.84,12.86,927458,12408201.0,7.37,-1.35,-0.18,3.34
2026-04-09,TSUI,18.15,18.846,18.846,18.15,2750,51411.0,3.77,2.1,0.387,0.0
2026-04-09,TSXD,14.03,13.775,14.29,13.77,8850,123174.0,3.65,-3.29,-0.468,0.0
2026-04-09,TSXU,31.98,32.9,32.9,31.8,15904,513570.0,3.45,3.2,1.02,0.0
2026-04-09,TSYW,45.56,45.743,46.0,45.56,2434,111326.0,0.96,-0.17,-0.077,0.0
2026-04-09,TSYX,21.8,22.06,22.06,21.8,3969,86878.0,1.19,1.14,0.249,0.0
2026-04-09,TSYY,3.29,3.315,3.339,3.27,740987,2449768.0,2.09,0.3,0.01,0.0
2026-04-09,TT,448.84,460.11,461.28,448.42,1160793,530645184.0,2.86,2.37,10.64,0.52
2026-04-09,TTAM,15.86,15.96,16.145,15.74,139119,2217630.0,2.53,-0.25,-0.04,0.08
2026-04-09,TTAN,61.54,58.76,62.054,57.805,1201812,70822180.0,6.84,-5.41,-3.36,1.45
2026-04-09,TTC,97.04,98.13,98.49,96.8,454594,44524375.0,1.73,0.68,0.66,0.47
2026-04-09,TTD,20.21,20.61,20.69,19.74,19660028,398731264.0,4.69,1.78,0.36,4.6
2026-04-09,TTDU,3.8,3.98,4.0,3.66,798222,3052334.0,8.85,3.65,0.14,0.0
2026-04-09,TTE,91.96,89.93,92.42,89.89,2558934,233705252.0,2.83,0.54,0.48,0.12
2026-04-09,TTEC,2.43,2.36,2.43,2.21,573067,1327617.0,9.05,-2.88,-0.07,1.18
2026-04-09,TTEK,30.94,30.85,31.29,30.065,3425886,105395463.0,3.96,-0.29,-0.09,1.31
2026-04-09,TTEQ,32.66,32.69,32.735,32.31,19550,637909.0,1.3,0.33,0.108,0.0
2026-04-09,TTGT,4.31,3.67,4.31,3.615,709743,2666901.0,16.13,-14.85,-0.64,0.98
2026-04-09,TTI,8.38,8.68,8.72,8.32,2487712,21384864.0,4.8,4.2,0.35,1.84
2026-04-09,TTMI,106.0,107.53,108.765,105.045,1155859,124227343.0,3.51,1.59,1.68,1.11
2026-04-09,TTOP,16.87,17.074,17.074,16.87,425,7238.0,1.2,0.32,0.055,0.0
2026-04-09,TTRX,3.5,3.51,3.51,3.41,14756,50992.0,2.86,0.29,0.01,0.05
2026-04-09,TTT,66.6,66.5,67.06,66.05,9093,604942.0,1.53,0.75,0.496,0.0
2026-04-09,TTWO,201.01,198.05,201.21,197.59,1494150,297005040.0,1.79,-2.02,-4.08,0.81
2026-04-09,TTXD,31.74,32.132,33.87,31.73,2696,88725.0,6.47,-2.8,-0.926,0.0
2026-04-09,TTXU,16.7,17.165,17.165,16.585,3057,51977.0,3.47,2.77,0.463,0.0
2026-04-09,TU,12.57,11.77,12.58,11.75,15972650,191381443.0,6.57,-6.81,-0.86,1.02
2026-04-09,TUA,21.12,21.12,21.22,21.095,124324,2629414.0,0.59,-0.05,-0.01,0.0
2026-04-09,TUG,38.91,39.285,39.285,38.91,320,12543.0,0.96,0.81,0.316,0.0
2026-04-09,TUGN,23.98,24.22,24.33,23.94,7190,173664.0,1.62,0.52,0.126,0.0
2026-04-09,TULP,3.876,3.98,3.98,3.876,1145,4536.0,2.56,-2.21,-0.09,0.06
2026-04-09,TUR,40.91,41.32,41.47,40.71,340344,14057243.0,1.87,1.82,0.74,0.0
2026-04-09,TURB,2.63,2.26,2.7,2.26,4624644,11941702.0,19.21,-1.31,-0.03,38.48
2026-04-09,TURF,35.459,35.075,35.459,35.075,3721,130943.0,1.09,-0.37,-0.131,0.0
2026-04-09,TUSB,50.35,50.375,50.43,50.051,14186,713904.0,0.75,-0.01,-0.006,0.0
2026-04-09,TUSI,25.34,25.345,25.35,25.33,114621,2904776.0,0.08,0.02,0.005,0.0
2026-04-09,TUSK,2.45,2.44,2.54,2.39,214905,525232.0,6.17,0.41,0.01,0.44
2026-04-09,TUYA,2.38,2.39,2.39,2.33,979429,2324534.0,2.51,0.0,0.0,0.18
2026-04-09,TV,2.95,2.9,3.0,2.86,3842243,11192981.0,4.73,-2.03,-0.06,0.72
2026-04-09,TVA,10.38,10.47,10.498,10.36,92064,958420.0,1.33,0.96,0.1,0.41
2026-04-09,TVACW,0.499,0.5,0.51,0.48,30967,15295.0,6.02,0.4,0.002,0.0
2026-04-09,TVAIR,0.154,0.15,0.154,0.15,4653,698.0,2.35,-11.76,-0.02,0.0
2026-04-09,TVAL,37.67,38.0,38.07,37.67,76520,2905959.0,1.06,0.72,0.27,0.0
2026-04-09,TVC,24.52,24.43,24.52,24.382,9376,229143.0,0.56,-0.14,-0.035,0.0
2026-04-09,TVE,24.3,24.355,24.45,24.25,19338,470859.0,0.82,-0.27,-0.065,0.0
2026-04-09,TVGN,5.88,5.86,6.108,5.65,24686,143897.0,7.88,0.86,0.05,0.59
2026-04-09,TVGNW,0.028,0.028,0.028,0.028,101,3.0,0.0,-3.45,-0.001,0.0
2026-04-09,TVRD,2.98,2.96,3.08,2.86,35452,104430.0,7.21,-2.95,-0.09,0.38
2026-04-09,TVTX,31.07,31.44,31.87,29.79,1851690,57400606.0,6.57,-0.76,-0.24,2.0
2026-04-09,TW,124.99,122.41,125.52,121.52,1495547,184665387.0,3.16,-3.19,-4.03,1.29
2026-04-09,TWAV,1.81,1.89,1.97,1.718,82573,156385.0,14.24,6.78,0.12,2.48
2026-04-09,TWFG,19.21,18.44,19.37,18.35,279012,5235500.0,5.26,-4.95,-0.96,1.96
2026-04-09,TWG,3.5,3.53,3.57,3.499,10564,37312.0,2.02,0.57,0.02,0.05
2026-04-09,TWI,8.22,8.45,8.56,8.22,890507,7520785.0,4.11,2.05,0.17,1.39
2026-04-09,TWIN,16.115,17.99,18.015,16.115,78295,1368023.0,11.26,6.64,1.12,0.54
2026-04-09,TWLO,128.5,124.83,129.05,118.76,3978992,488769760.0,7.94,-3.69,-4.78,2.63
2026-04-09,TWLV,9.895,9.895,9.895,9.895,116,1148.0,0.0,-0.85,-0.085,0.0
2026-04-09,TWM,28.44,27.75,28.44,27.555,620752,17328215.0,3.15,-1.25,-0.35,0.0
2026-04-09,TWN,68.49,72.06,74.98,68.49,53261,3861132.0,9.41,4.43,3.06,0.0
2026-04-09,TWO,10.98,10.97,11.1,10.96,2048045,22543170.0,1.28,0.0,0.0,1.95
2026-04-09,TWOD,25.6,25.55,25.6,25.51,10386,265498.0,0.35,0.0,0.0,0.0
2026-04-09,TWOX,27.67,27.67,27.67,27.67,869,24068.0,0.0,0.56,0.155,0.0
2026-04-09,TWO_A,24.88,25.05,25.1,24.88,145554,3645517.0,0.89,0.85,0.21,2.88
2026-04-09,TWO_B,24.89,25.05,25.09,24.84,87338,2181298.0,1.01,0.72,0.18,0.86
2026-04-09,TWO_C,25.0,25.15,25.31,25.0,234395,5894908.0,1.24,0.56,0.14,2.43
2026-04-09,TWST,50.92,48.84,50.92,48.79,736489,36279047.0,4.16,-4.55,-2.33,1.2
2026-04-09,TX,41.18,41.24,41.55,40.56,139050,5746356.0,2.4,0.1,0.04,0.07
2026-04-09,TXBC,15.3,15.524,15.59,15.3,485,7510.0,1.87,0.33,0.051,0.0
2026-04-09,TXG,22.88,23.0,23.3,22.21,2118859,48410578.0,4.74,-0.09,-0.02,1.8
2026-04-09,TXMD,2.06,2.05,2.06,2.02,6252,12758.0,1.95,0.0,0.0,0.05
2026-04-09,TXN,212.565,214.98,215.93,210.88,5499062,1180267968.0,2.42,2.91,6.08,0.6
2026-04-09,TXNM,59.16,59.06,59.23,58.93,2061245,121838476.0,0.51,-0.19,-0.11,1.89
2026-04-09,TXNU,29.73,30.229,30.37,29.73,975,29419.0,2.24,5.8,1.658,0.0
2026-04-09,TXO,12.65,12.34,12.65,12.3,31324,389333.0,2.8,-1.28,-0.16,0.06
2026-04-09,TXRH,165.07,164.58,166.329,163.51,966298,159225538.0,1.69,-1.32,-2.2,1.47
2026-04-09,TXS,38.07,37.93,38.07,37.93,1036,39451.0,0.37,-0.42,-0.16,0.0
2026-04-09,TXT,91.0,91.41,91.99,90.58,1062709,97173186.0,1.54,0.04,0.04,0.61
2026-04-09,TXUE,33.49,33.748,33.9,33.47,47835,1614335.0,1.28,0.26,0.087,0.0
2026-04-09,TXUG,25.192,25.192,25.192,25.192,67,1687.0,0.0,0.1,0.026,0.0
2026-04-09,TXXD,5.91,6.198,6.198,5.862,26080,160485.0,5.51,1.57,0.096,0.0
2026-04-09,TXXI,50.47,50.541,50.58,50.46,1896,95826.0,0.24,0.13,0.065,0.0
2026-04-09,TXXS,4.49,4.815,4.86,4.455,16055,75584.0,8.78,4.33,0.2,0.0
2026-04-09,TY,32.51,32.8,33.13,32.51,17623,576943.0,1.9,0.37,0.12,0.0
2026-04-09,TYA,13.17,13.199,13.265,13.13,14328,189342.0,1.02,0.07,0.009,0.0
2026-04-09,TYD,24.65,24.71,24.86,24.595,17438,431629.0,1.07,-0.04,-0.01,0.0
2026-04-09,TYG,47.4,48.25,48.67,47.4,61053,2940084.0,2.68,1.79,0.85,0.05
2026-04-09,TYGO,3.69,3.61,3.75,3.6,259726,949811.0,4.07,-2.17,-0.08,0.34
2026-04-09,TYL,324.96,323.68,327.22,315.84,636477,205817244.0,3.47,-1.28,-4.2,1.5
2026-04-09,TYLD,25.16,25.145,25.16,25.145,587,14777.0,0.06,0.0,0.0,0.0
2026-04-09,TYLG,35.75,35.909,35.909,35.72,3593,128601.0,0.53,0.38,0.135,0.0
2026-04-09,TYO,13.53,13.507,13.59,13.48,9078,122937.0,0.81,-0.02,-0.003,0.0
2026-04-09,TYRA,37.0,36.69,38.29,36.47,1005783,37078807.0,4.9,-1.19,-0.44,1.69
2026-04-09,TY_,43.97,44.14,44.14,43.96,1004,44227.0,0.41,0.23,0.1,0.13
2026-04-09,TZA,6.17,5.95,6.17,5.875,101712258,608845776.0,4.88,-1.65,-0.1,0.0
2026-04-09,TZOO,6.12,6.33,6.35,5.99,114095,697796.0,5.81,2.1,0.13,1.04
2026-04-09,T_A,20.2,20.19,20.27,20.17,57569,1164165.0,0.49,-0.2,-0.04,0.12
2026-04-09,T_C,18.89,18.91,18.93,18.83,208314,3926856.0,0.53,0.48,0.09,0.3
2026-04-09,U,22.08,21.57,22.59,21.26,14405601,311080784.0,5.98,-3.01,-0.67,3.3
2026-04-09,UA,5.83,6.12,6.14,5.83,2514917,15212547.0,5.28,4.26,0.25,1.24
2026-04-09,UAA,5.96,6.27,6.28,5.93,6473207,40045404.0,5.84,4.67,0.28,3.43
2026-04-09,UAC,9.8,9.8,9.8,9.8,8,79.0,0.0,0.0,0.0,0.0
2026-04-09,UAC_WS,0.35,0.35,0.35,0.35,212,75.0,0.0,0.0,0.0,0.0
2026-04-09,UAE,19.22,19.48,19.495,19.14,469862,9095407.0,1.85,1.38,0.265,0.0
2026-04-09,UAL,95.26,97.67,98.63,93.96,6314462,611948832.0,4.85,1.42,1.37,1.95
2026-04-09,UAMY,8.61,8.77,9.16,8.56,8000817,70820678.0,6.79,-0.79,-0.07,5.58
2026-04-09,UAN,126.07,119.5,127.38,119.18,112101,13615908.0,6.43,-6.27,-8.0,1.06
2026-04-09,UAPR,33.87,34.02,34.03,33.838,9772,331743.0,0.57,0.27,0.09,0.0
2026-04-09,UAUG,40.151,40.32,40.34,40.15,12924,519117.0,0.47,0.32,0.129,0.0
2026-04-09,UAVS,0.911,0.92,0.933,0.9,831005,760903.0,3.61,0.55,0.005,1.45
2026-04-09,UBCP,16.336,15.45,16.346,15.45,7009,113701.0,5.73,-1.15,-0.18,0.12
2026-04-09,UBER,72.15,71.81,72.35,70.015,16500001,1174344800.0,3.23,-0.79,-0.57,0.81
2026-04-09,UBEW,29.685,30.215,30.215,29.43,3682,109411.0,2.57,-0.93,-0.285,0.0
2026-04-09,UBND,21.78,21.78,21.825,21.765,258303,5630421.0,0.27,-0.53,-0.115,0.0
2026-04-09,UBOT,22.87,22.87,23.0,22.31,10687,243086.0,2.99,-0.87,-0.2,0.0
2026-04-09,UBR,40.225,40.92,40.995,39.79,9586,388689.0,3.09,4.87,1.9,0.0
2026-04-09,UBRL,15.77,15.608,15.77,14.9,83439,1275591.0,5.49,-1.59,-0.252,0.0
2026-04-09,UBS,40.97,41.39,41.565,40.815,2047637,84481403.0,1.81,0.12,0.05,0.07
2026-04-09,UBSI,43.32,44.54,44.69,43.32,1031900,45785646.0,3.14,2.2,0.96,0.74
2026-04-09,UBT,16.46,16.42,16.58,16.355,31248,513868.0,1.36,-0.85,-0.14,0.0
2026-04-09,UBXG,1.23,1.07,1.335,1.03,86612,94730.0,25.21,-11.57,-0.14,0.38
2026-04-09,UCAR,2.33,1.64,2.76,1.352,55679912,123473676.0,59.16,-31.09,-0.74,1114.41
2026-04-09,UCB,33.88,34.84,35.07,33.64,1614332,55991310.0,4.27,4.12,1.38,1.35
2026-04-09,UCC,43.94,45.28,45.35,43.94,10970,491877.0,3.22,3.33,1.46,0.0
2026-04-09,UCIB,32.62,32.868,32.868,32.62,239,7816.0,0.75,-0.26,-0.085,0.0
2026-04-09,UCL,1.32,1.373,1.373,1.31,2107,2797.0,4.5,-1.93,-0.027,0.01
2026-04-09,UCO,40.11,39.92,41.025,38.68,10397382,414292000.0,5.89,0.23,0.09,0.0
2026-04-09,UCON,24.9,24.965,25.204,24.855,540242,13481212.0,1.4,0.1,0.025,0.0
2026-04-09,UCRD,21.555,21.555,21.555,21.555,245,5273.0,0.0,-0.29,-0.063,0.0
2026-04-09,UCTT,68.905,72.78,73.71,68.905,1475085,106314189.0,7.0,6.02,4.13,3.24
2026-04-09,UCYB,41.32,39.267,41.32,38.64,5790,226203.0,6.28,-8.03,-3.427,0.0
2026-04-09,UDEC,39.639,39.72,39.8,39.639,28320,1125410.0,0.41,0.24,0.095,0.0
2026-04-09,UDI,34.42,34.567,34.57,34.42,8933,308725.0,0.43,0.14,0.047,0.0
2026-04-09,UDIV,53.58,53.94,53.99,53.44,8846,474669.0,1.03,0.73,0.392,0.0
2026-04-09,UDMY,4.45,4.47,4.54,4.38,1884042,8413743.0,3.59,0.22,0.01,1.29
2026-04-09,UDN,18.21,18.23,18.25,18.183,67664,1233355.0,0.37,0.16,0.03,0.0
2026-04-09,UDOW,54.7,56.22,56.711,54.56,3661739,203866147.0,3.89,1.72,0.95,0.0
2026-04-09,UDR,34.81,34.86,35.265,34.81,2643080,92527713.0,1.3,-0.46,-0.16,0.81
2026-04-09,UE,20.46,20.83,20.98,20.46,666758,13897490.0,2.52,1.02,0.21,0.53
2026-04-09,UEC,13.62,13.71,14.025,13.39,6291125,86303672.0,4.55,-1.79,-0.25,1.28
2026-04-09,UECG,8.52,8.749,8.89,8.37,11069,95788.0,5.79,-2.6,-0.234,0.0
2026-04-09,UEIC,4.4,4.37,4.5,4.295,46336,203948.0,4.58,-2.46,-0.11,0.37
2026-04-09,UEVM,58.96,59.49,59.54,58.96,3174,188176.0,0.97,-0.05,-0.027,0.0
2026-04-09,UFCS,38.78,39.59,39.8,38.705,115834,4577734.0,2.81,1.67,0.65,0.45
2026-04-09,UFEB,36.89,37.02,37.1,36.89,67850,2507372.0,0.57,0.22,0.083,0.0
2026-04-09,UFG,0.875,0.85,0.89,0.843,49020,41931.0,5.3,-4.17,-0.037,0.5
2026-04-09,UFI,3.62,3.72,3.77,3.52,31152,115220.0,6.85,1.92,0.07,0.17
2026-04-09,UFIV,48.87,48.915,48.97,48.87,4478,219119.0,0.2,0.0,0.002,0.0
2026-04-09,UFO,50.51,50.165,51.19,50.09,609471,30892994.0,2.16,-1.6,-0.815,0.0
2026-04-09,UFOD,24.87,24.871,24.95,24.87,489,12185.0,0.32,0.09,0.022,0.0
2026-04-09,UFPI,93.58,94.87,96.3,93.58,462728,43987528.0,2.87,0.0,0.0,0.81
2026-04-09,UFPT,197.79,203.6,207.11,195.3,167827,34000998.0,5.89,1.55,3.11,2.18
2026-04-09,UG,6.81,6.61,6.81,6.61,1116,7484.0,3.03,0.0,0.0,0.02
2026-04-09,UGA,98.77,97.77,100.56,96.3,121382,11932053.0,4.37,0.38,0.37,0.0
2026-04-09,UGE,18.76,19.01,19.09,18.73,104167,1979130.0,1.92,1.39,0.26,0.0
2026-04-09,UGI,37.89,38.38,38.46,37.87,1017376,38991483.0,1.56,1.56,0.59,0.47
2026-04-09,UGL,63.08,63.47,64.33,62.93,1832070,116510978.0,2.24,1.6,1.0,0.0
2026-04-09,UGP,5.68,5.8,5.83,5.68,3516861,20336239.0,2.67,3.2,0.18,0.33
2026-04-09,UGRO,18.11,15.48,18.11,15.05,586904,9537777.0,16.48,-16.64,-3.09,78.08
2026-04-09,UHAL,50.21,50.26,50.75,49.87,193464,9724284.0,1.75,0.16,0.08,0.99
2026-04-09,UHAL_B,46.12,46.37,47.06,45.86,310572,14401189.0,2.57,-0.56,-0.26,0.18
2026-04-09,UHG,1.17,1.16,1.19,1.16,255240,297720.0,2.56,-0.85,-0.01,1.17
2026-04-09,UHGWW,0.19,0.18,0.19,0.18,250,46.0,5.52,-0.55,-0.001,0.0
2026-04-09,UHS,185.32,187.88,189.448,185.32,331385,62355727.0,2.21,0.6,1.12,0.62
2026-04-09,UHT,42.0,42.9,43.24,41.84,60738,2605290.0,3.32,1.85,0.78,0.44
2026-04-09,UI,900.0,907.23,913.9,882.96,63939,57569639.0,3.44,0.75,6.73,0.11
2026-04-09,UIS,2.07,2.06,2.08,2.01,615430,1258649.0,3.38,-0.48,-0.01,0.85
2026-04-09,UITB,47.0,47.025,47.11,46.94,73454,3455190.0,0.36,-0.38,-0.18,0.0
2026-04-09,UIVM,70.49,71.144,71.32,70.355,1808,127910.0,1.34,-0.9,-0.644,0.0
2026-04-09,UJAN,43.295,43.46,43.492,43.27,19214,833737.0,0.51,0.23,0.1,0.0
2026-04-09,UJB,78.199,78.49,78.49,78.199,227,17801.0,0.37,0.19,0.152,0.0
2026-04-09,UJUL,39.16,39.283,39.31,39.09,4502,176363.0,0.56,0.38,0.147,0.0
2026-04-09,UJUN,37.93,38.0,38.0,37.93,1092,41462.0,0.18,0.31,0.116,0.0
2026-04-09,UK,0.574,0.59,0.63,0.501,212965,123752.0,22.43,2.61,0.015,4.8
2026-04-09,UL,57.4,58.46,58.735,57.33,5624453,326367904.0,2.41,0.36,0.21,0.26
2026-04-09,ULBI,6.83,6.85,6.92,6.575,36568,242862.0,5.04,0.15,0.01,0.22
2026-04-09,ULE,12.94,13.019,13.04,12.94,3693,48039.0,0.78,0.96,0.124,0.0
2026-04-09,ULH,22.16,22.36,22.93,21.592,59578,1341465.0,5.83,-2.57,-0.59,0.23
2026-04-09,ULS,84.9,84.49,85.99,83.55,785714,66663020.0,2.86,-0.87,-0.74,1.01
2026-04-09,ULST,40.38,40.4,40.419,40.38,79301,3204261.0,0.1,-0.02,-0.01,0.0
2026-04-09,ULTA,529.94,532.79,547.0,528.168,544613,290842928.0,3.53,-0.01,-0.03,1.25
2026-04-09,ULTI,13.29,13.42,13.5,12.895,59357,781901.0,4.55,0.9,0.12,0.0
2026-04-09,ULTY,31.01,31.02,31.17,30.87,448602,13909516.0,0.97,0.39,0.12,0.0
2026-04-09,ULVM,99.263,99.391,99.391,99.263,587,58371.0,0.13,0.32,0.318,0.0
2026-04-09,UMAC,12.82,12.41,13.07,12.13,2649925,33321450.0,7.32,-3.42,-0.44,5.55
2026-04-09,UMAR,40.48,40.58,40.59,40.35,25587,1035952.0,0.59,0.22,0.09,0.0
2026-04-09,UMAY,37.175,37.175,37.175,37.175,200,7431.0,0.0,0.08,0.03,0.0
2026-04-09,UMBF,119.12,120.81,122.255,119.1,727530,88103750.0,2.63,0.62,0.75,0.96
2026-04-09,UMBFO,26.04,26.06,26.18,25.975,10312,268567.0,0.79,0.31,0.08,0.09
2026-04-09,UMC,9.37,9.53,9.54,9.37,7807524,74135099.0,1.8,0.63,0.06,0.31
2026-04-09,UMDD,29.45,29.9,30.2,29.29,10205,303053.0,3.07,0.98,0.29,0.0
2026-04-09,UMH,14.94,15.35,15.41,14.94,717597,10976870.0,3.13,2.13,0.32,0.84
2026-04-09,UMH_D,21.15,21.32,21.49,21.15,10170,216097.0,1.61,0.85,0.18,0.08
2026-04-09,UMI,57.97,57.695,59.05,57.63,23093,1339271.0,2.45,-0.51,-0.295,0.0
2026-04-09,UMMA,32.32,32.66,32.76,32.185,35015,1139055.0,1.75,-0.35,-0.114,0.0
2026-04-09,UNB,23.998,24.39,24.39,23.81,3216,77782.0,2.37,-0.29,-0.07,0.07
2026-04-09,UNCY,6.43,6.65,6.78,6.4,454633,3016994.0,5.89,3.1,0.2,1.8
2026-04-09,UNF,257.94,257.26,259.13,255.0,278957,71853282.0,1.6,-0.41,-1.07,1.92
2026-04-09,UNFI,46.24,47.43,47.5,45.663,535430,25249669.0,3.94,1.82,0.85,0.88
2026-04-09,UNG,11.06,10.88,11.065,10.77,11520255,125491563.0,2.66,-1.81,-0.2,0.0
2026-04-09,UNH,305.82,306.91,307.885,304.14,5742017,1759484320.0,1.22,0.3,0.93,0.63
2026-04-09,UNHG,12.79,12.99,13.04,12.74,879898,11356614.0,2.33,0.7,0.09,0.0
2026-04-09,UNHU,30.88,31.417,31.43,30.88,5066,158038.0,1.76,0.79,0.245,0.0
2026-04-09,UNHW,40.513,41.018,41.018,40.513,1873,76486.0,1.24,0.33,0.136,0.0
2026-04-09,UNIT,10.52,10.67,10.68,10.25,3205640,33728440.0,4.09,1.43,0.15,1.34
2026-04-09,UNIY,48.655,48.735,48.735,48.655,103,5012.0,0.16,0.09,0.045,0.0
2026-04-09,UNL,6.68,6.61,6.68,6.58,74992,497013.0,1.49,-1.2,-0.08,0.0
2026-04-09,UNM,77.11,76.63,77.64,76.48,1166815,89665060.0,1.5,-1.19,-0.92,0.72
2026-04-09,UNMA,23.24,23.28,23.43,23.14,6643,154707.0,1.25,0.65,0.15,0.0
2026-04-09,UNOV,38.11,38.11,38.145,38.11,4796,182881.0,0.09,0.34,0.13,0.0
2026-04-09,UNP,249.01,251.15,252.13,248.1,2999112,751683888.0,1.62,0.82,2.04,0.51
2026-04-09,UNTY,55.25,56.97,57.16,55.2,58981,3324129.0,3.52,2.34,1.3,0.59
2026-04-09,UNX,30.54,28.59,30.55,27.75,16155,456532.0,9.22,-5.81,-1.763,0.0
2026-04-09,UOCT,39.085,39.235,39.29,39.06,5148,201802.0,0.59,0.42,0.164,0.0
2026-04-09,UONE,5.83,5.72,6.14,5.25,89436,514978.0,15.64,0.53,0.03,14.54
2026-04-09,UONEK,5.23,5.23,5.23,5.23,303,1592.0,0.0,0.0,0.0,0.01
2026-04-09,UP,0.52,0.517,0.546,0.508,621014,329908.0,7.36,0.19,0.001,0.09
2026-04-09,UPAR,16.73,16.691,16.73,16.66,1093,18254.0,0.42,-0.08,-0.014,0.0
2026-04-09,UPB,9.67,10.42,10.49,9.63,813224,8272544.0,8.74,5.89,0.58,1.49
2026-04-09,UPBD,18.12,18.5,18.72,17.92,648124,11945043.0,4.42,2.1,0.38,1.12
2026-04-09,UPC,3.16,2.95,3.16,2.86,3325,9820.0,9.52,-6.35,-0.2,0.59
2026-04-09,UPGD,75.5,75.632,75.66,75.5,1601,121083.0,0.21,0.22,0.164,0.0
2026-04-09,UPGR,24.378,24.378,24.378,24.378,84,2058.0,0.0,1.1,0.265,0.0
2026-04-09,UPLD,0.673,0.649,0.729,0.626,274829,182902.0,15.21,-4.14,-0.028,0.94
2026-04-09,UPRO,107.97,110.36,110.98,107.44,3291358,360087456.0,3.26,1.75,1.9,0.0
2026-04-09,UPS,99.99,101.64,101.86,99.721,4361814,441810544.0,2.13,1.18,1.19,0.58
2026-04-09,UPSD,26.24,26.357,26.44,26.227,5391,142005.0,0.81,0.37,0.097,0.0
2026-04-09,UPSG,14.88,15.121,15.18,14.86,4844,73224.0,2.16,2.22,0.329,0.0
2026-04-09,UPST,27.19,27.41,27.775,26.57,2553334,69543146.0,4.41,0.37,0.1,2.67
2026-04-09,UPSX,15.34,15.95,16.2,15.0,23060,359697.0,7.58,0.76,0.12,0.0
2026-04-09,UPV,94.79,94.79,94.79,94.79,625,58967.0,0.0,0.09,0.082,0.0
2026-04-09,UPW,26.54,26.21,26.66,26.21,19967,526722.0,1.75,1.91,0.49,0.0
2026-04-09,UPWK,10.95,10.44,10.99,10.265,4590245,48370602.0,6.56,-5.61,-0.62,3.52
2026-04-09,UPXI,1.02,1.04,1.07,0.961,2291378,2350311.0,10.69,1.96,0.02,3.28
2026-04-09,URA,50.73,50.93,51.62,50.06,1695930,86449058.0,3.04,-0.91,-0.47,0.0
2026-04-09,URAA,37.51,37.94,38.89,36.702,55301,2101308.0,5.69,-1.25,-0.48,0.0
2026-04-09,URAN,44.82,44.434,44.82,44.17,4377,194496.0,1.46,-0.53,-0.238,0.0
2026-04-09,URE,64.83,65.258,65.33,64.8,1588,103461.0,0.82,1.49,0.96,0.0
2026-04-09,URG,1.53,1.56,1.59,1.51,5519213,8619486.0,5.23,1.96,0.03,1.39
2026-04-09,URGN,18.96,20.53,20.61,18.7,1151069,23069994.0,10.0,7.49,1.43,2.36
2026-04-09,URI,758.76,767.36,768.0,749.52,460254,351207264.0,2.43,0.88,6.67,0.73
2026-04-09,URNJ,29.54,30.05,30.3,29.32,139721,4188752.0,3.28,0.7,0.21,0.0
2026-04-09,URNM,64.31,64.61,65.28,63.263,701294,45219644.0,3.12,-0.2,-0.13,0.0
2026-04-09,UROY,3.69,3.64,3.715,3.59,1183281,4317531.0,3.38,-1.62,-0.06,0.81
2026-04-09,URSP,42.82,43.03,43.21,42.66,11344,487553.0,1.28,0.26,0.11,0.0
2026-04-09,URTH,187.11,188.36,188.78,186.7,618470,115869640.0,1.11,0.37,0.7,0.0
2026-04-09,URTY,58.27,60.47,61.055,58.27,609152,36384059.0,4.69,1.75,1.04,0.0
2026-04-09,USA,5.75,5.8,5.8,5.72,1551562,8935877.0,1.39,0.87,0.05,0.0
2026-04-09,USAC,28.11,27.69,28.67,27.14,232209,6430942.0,5.42,-1.98,-0.56,0.16
2026-04-09,USAF,27.45,27.476,27.54,27.45,370,10193.0,0.33,0.19,0.051,0.0
2026-04-09,USAI,46.2,45.723,47.07,45.693,7943,367436.0,2.98,-1.19,-0.549,0.0
2026-04-09,USAR,16.38,16.72,17.165,16.055,8693835,144944187.0,6.62,-0.36,-0.06,3.99
2026-04-09,USAS,5.61,5.71,5.88,5.45,4873002,27845779.0,7.66,1.78,0.1,1.5
2026-04-09,USAU,14.69,14.9,15.01,14.69,165593,2460325.0,2.17,1.02,0.15,1.0
2026-04-09,USAX,15.0,15.56,16.36,14.273,106672,1634936.0,13.46,0.32,0.05,0.0
2026-04-09,USB,55.06,56.33,56.54,55.04,10182797,571557232.0,2.71,1.75,0.97,0.65
2026-04-09,USBC,0.338,0.325,0.338,0.32,170706,55729.0,5.42,-2.11,-0.007,0.04
2026-04-09,USB_A,755.0,762.0,762.0,755.0,1019,772195.0,0.92,-0.12,-0.92,0.08
2026-04-09,USB_H,18.29,18.48,18.48,18.2,130042,2387237.0,1.53,1.09,0.2,0.33
2026-04-09,USB_P,21.93,22.03,22.06,21.823,26741,587896.0,1.08,0.05,0.01,0.12
2026-04-09,USB_Q,15.04,15.1,15.14,15.03,33138,499139.0,0.73,0.0,0.0,0.17
2026-04-09,USB_R,15.91,15.91,15.98,15.87,24979,397200.0,0.69,0.19,0.03,0.08
2026-04-09,USB_S,17.73,17.85,17.89,17.711,37175,663167.0,1.01,0.22,0.04,0.21
2026-04-09,USCA,40.508,40.508,40.508,40.508,4721098,191263011.0,0.0,0.43,0.175,0.0
2026-04-09,USCB,19.68,20.17,20.17,19.32,90023,1785556.0,4.28,1.56,0.31,0.49
2026-04-09,USCI,95.53,95.57,96.09,94.82,36067,3451210.0,1.34,0.62,0.591,0.0
2026-04-09,USCL,76.945,76.945,76.945,76.945,73,5619.0,0.0,0.41,0.318,0.0
2026-04-09,USD,57.23,58.99,59.09,56.9,1143922,66535098.0,3.84,3.49,1.99,0.0
2026-04-09,USDU,26.17,25.97,26.17,25.95,529993,13773233.0,0.84,-0.35,-0.09,0.0
2026-04-09,USDX,25.75,25.705,25.75,25.69,44076,1133266.0,0.23,0.04,0.01,0.0
2026-04-09,USE,30.92,30.514,30.92,30.2,470,14287.0,2.37,0.3,0.092,0.0
2026-04-09,USEA,2.07,2.05,2.1,2.02,13377,27646.0,3.96,1.49,0.03,0.14
2026-04-09,USEG,0.754,0.732,0.786,0.72,2880654,2161726.0,8.63,-4.31,-0.033,5.43
2026-04-09,USEP,39.509,39.615,39.63,39.509,1488,58884.0,0.31,0.36,0.144,0.0
2026-04-09,USEW,50.63,50.968,51.0,50.63,382,19441.0,0.73,0.34,0.175,0.0
2026-04-09,USFD,91.12,92.07,92.195,90.471,2702941,247772668.0,1.88,0.43,0.39,1.23
2026-04-09,USFE,34.045,34.07,34.07,34.045,2562,87235.0,0.07,-0.06,-0.022,0.0
2026-04-09,USFI,24.61,24.6,24.63,24.6,5660,139342.0,0.12,-0.1,-0.025,0.0
2026-04-09,USFR,50.38,50.37,50.39,50.37,7293049,367413632.0,0.04,-0.02,-0.01,0.0
2026-04-09,USG,37.764,37.806,37.85,37.69,1160,43873.0,0.43,0.97,0.363,0.0
2026-04-09,USGG,9.15,9.465,9.87,8.67,264927,2502262.0,12.67,-0.09,-0.009,0.0
2026-04-09,USGO,12.58,12.34,12.58,12.14,43560,539212.0,3.5,-1.83,-0.23,0.33
2026-04-09,USGOW,0.389,0.41,0.415,0.37,9659,3824.0,11.25,2.5,0.01,0.0
2026-04-09,USHY,37.08,37.12,37.2,37.02,24448001,907738288.0,0.49,0.03,0.01,0.0
2026-04-09,USIG,51.35,51.4,51.51,51.27,1312746,67465104.0,0.47,0.04,0.02,0.0
2026-04-09,USIN,50.14,50.234,50.234,50.14,323,16244.0,0.19,-0.02,-0.01,0.0
2026-04-09,USIO,1.2,1.18,1.223,1.17,9702,11599.0,4.49,0.0,0.0,0.03
2026-04-09,USL,48.81,48.74,49.34,47.95,79588,3868049.0,2.86,0.35,0.17,0.0
2026-04-09,USLM,134.68,136.24,138.04,133.85,122897,16648300.0,3.09,0.38,0.52,0.43
2026-04-09,USMC,66.59,67.266,67.34,66.5,99417,6676497.0,1.26,1.02,0.676,0.0
2026-04-09,USMF,50.6,50.68,50.691,50.385,19734,997882.0,0.6,-0.17,-0.085,0.0
2026-04-09,USML,41.34,41.34,41.34,41.34,73,3013.0,0.0,-0.3,-0.124,0.0
2026-04-09,USMV,93.84,93.86,94.085,93.6,1498244,140699026.0,0.52,-0.28,-0.26,0.0
2026-04-09,USNA,17.91,18.34,18.42,17.6,133686,2438894.0,4.54,1.49,0.27,0.72
2026-04-09,USNG,34.12,33.56,34.21,33.56,2540,86138.0,1.94,0.01,0.003,0.0
2026-04-09,USNZ,42.277,42.277,42.277,42.277,10,440.0,0.0,0.8,0.336,0.0
2026-04-09,USO,127.19,126.96,129.64,123.06,44214797,5591692288.0,5.28,1.91,2.38,0.0
2026-04-09,USOI,58.96,58.43,59.18,58.0,117794,6912134.0,2.02,0.26,0.15,0.0
2026-04-09,USOY,8.55,8.48,8.74,8.32,1217034,10333313.0,4.95,0.0,0.0,0.0
2026-04-09,USPH,76.23,77.01,78.32,75.77,179839,13919795.0,3.32,0.35,0.27,1.19
2026-04-09,USPX,58.95,59.38,59.44,58.84,34345,2033597.0,1.02,0.64,0.375,0.0
2026-04-09,USRD,32.194,32.194,32.194,32.194,16,524.0,0.0,-0.54,-0.174,0.0
2026-04-09,USRT,61.25,61.92,62.43,61.15,598076,37080610.0,2.08,0.83,0.51,0.0
2026-04-09,USSE,34.83,35.055,35.12,34.81,40280,1406960.0,0.89,0.44,0.155,0.0
2026-04-09,USSG,61.71,62.205,62.23,61.53,14067,873051.0,1.13,0.5,0.308,0.0
2026-04-09,USSH,50.574,50.58,50.58,50.574,904,45719.0,0.01,0.0,0.0,0.0
2026-04-09,UST,43.38,43.21,43.38,43.21,1493,64631.0,0.39,-0.09,-0.04,0.0
2026-04-09,USTB,50.52,50.51,50.55,50.48,284307,14360838.0,0.14,-0.39,-0.2,0.0
2026-04-09,USVM,97.96,99.255,99.54,97.96,33181,3287526.0,1.6,0.6,0.592,0.0
2026-04-09,USVN,48.225,48.225,48.225,48.225,1383,66748.0,0.0,-0.03,-0.013,0.0
2026-04-09,USXF,58.14,58.523,58.59,57.98,51730,3018133.0,1.05,0.55,0.319,0.0
2026-04-09,UTEN,43.68,43.73,43.817,43.62,44767,1957874.0,0.45,-0.03,-0.015,0.0
2026-04-09,UTES,81.92,81.99,83.668,81.92,194548,16051871.0,2.13,-0.01,-0.01,0.0
2026-04-09,UTF,26.66,26.84,26.939,26.56,274796,7371170.0,1.43,1.24,0.33,0.0
2026-04-09,UTG,40.71,41.16,41.5,40.594,240481,9924170.0,2.23,1.13,0.46,0.0
2026-04-09,UTHR,576.0,574.77,582.45,571.905,415385,239738740.0,1.81,-1.19,-6.92,0.95
2026-04-09,UTHY,40.98,40.935,41.08,40.85,19187,785752.0,0.56,-0.27,-0.112,0.0
2026-04-09,UTI,35.6,35.33,35.82,34.69,450065,15908067.0,3.18,-0.53,-0.19,0.82
2026-04-09,UTL,53.78,55.07,55.08,53.78,122224,6696550.0,2.41,1.94,1.05,0.68
2026-04-09,UTMD,63.82,64.86,65.465,63.36,10851,698343.0,3.26,0.51,0.33,0.34
2026-04-09,UTRE,49.57,49.555,49.59,49.555,3204,158845.0,0.07,0.02,0.01,0.0
2026-04-09,UTSI,2.3,2.281,2.3,2.281,3280,7643.0,0.82,-1.68,-0.039,0.04
2026-04-09,UTSL,51.32,52.8,54.58,51.32,90547,4861231.0,6.33,2.44,1.26,0.0
2026-04-09,UTWO,48.31,48.315,48.343,48.3,68685,3318914.0,0.09,0.02,0.01,0.0
2026-04-09,UTWY,43.05,43.073,43.073,43.05,357,15362.0,0.05,-0.14,-0.062,0.0
2026-04-09,UTZ,7.43,7.52,7.605,7.43,1603665,12087359.0,2.31,-0.79,-0.06,1.81
2026-04-09,UUP,27.51,27.48,27.56,27.44,3167619,87076329.0,0.44,-0.18,-0.05,0.0
2026-04-09,UUU,5.92,6.43,6.43,5.73,44727,267207.0,11.82,8.61,0.51,1.65
2026-04-09,UUUG,10.19,10.28,10.72,9.82,154032,1586590.0,8.75,0.0,0.0,0.0
2026-04-09,UUUU,18.2,18.32,18.785,17.925,6244514,114970639.0,4.68,-0.33,-0.06,2.58
2026-04-09,UVE,34.25,35.23,35.6,34.21,146930,5164116.0,4.02,1.91,0.66,0.52
2026-04-09,UVIX,6.88,6.25,6.92,6.25,53407369,349353104.0,9.93,-7.41,-0.5,0.0
2026-04-09,UVSP,36.56,37.61,37.72,36.56,302679,11341668.0,3.15,2.15,0.79,1.08
2026-04-09,UVV,52.69,53.56,53.81,52.69,145212,7773039.0,2.11,0.87,0.46,0.58
2026-04-09,UVXY,44.15,41.13,44.33,41.01,4954887,210400269.0,7.55,-6.44,-2.83,0.0
2026-04-09,UWM,50.76,51.99,52.35,50.76,231008,11941121.0,3.09,1.19,0.61,0.0
2026-04-09,UWMC,3.85,3.92,4.01,3.81,17400477,68137334.0,5.12,0.26,0.01,5.9
2026-04-09,UX,30.27,30.173,30.37,30.12,1864,56414.0,0.82,-1.56,-0.477,0.0
2026-04-09,UXAP,38.725,38.725,38.725,38.725,20,769.0,0.0,0.84,0.323,0.0
2026-04-09,UXI,55.93,55.881,55.93,55.881,1548,85900.0,0.09,2.06,1.127,0.0
2026-04-09,UXIN,3.04,3.01,3.07,2.89,262200,792433.0,6.06,1.35,0.04,0.13
2026-04-09,UXJA,34.08,34.267,34.267,34.08,545,18614.0,0.55,0.73,0.25,0.0
2026-04-09,UXJL,32.61,32.656,32.67,32.6,11265,367579.0,0.22,0.81,0.261,0.0
2026-04-09,UXOC,34.95,35.312,35.312,34.95,1451,51021.0,1.03,0.77,0.27,0.0
2026-04-09,UXRP,3.58,3.73,3.75,3.53,272194,995397.0,5.93,0.54,0.02,0.0
2026-04-09,UYG,77.91,79.226,79.505,77.72,4442,349913.0,2.27,0.63,0.496,0.0
2026-04-09,UYLD,51.07,51.095,51.1,51.05,153688,7850903.0,0.1,0.01,0.005,0.0
2026-04-09,UYM,31.22,31.21,31.435,31.02,4754,148555.0,1.33,-0.29,-0.09,0.0
2026-04-09,UZD,20.01,20.05,20.35,20.01,4664,94330.0,1.7,0.15,0.03,0.0
2026-04-09,UZF,17.72,17.85,18.0,17.7,4056,72448.0,1.69,0.79,0.14,0.0
2026-04-09,V,308.0,308.29,309.58,303.59,4811480,1479209568.0,1.94,-0.22,-0.67,0.29
2026-04-09,VABK,38.7,39.82,39.82,38.7,5416,213788.0,2.87,2.02,0.79,0.1
2026-04-09,VABS,24.23,24.23,24.24,24.23,1786,43294.0,0.04,0.02,0.005,0.0
2026-04-09,VAC,66.78,68.5,69.03,66.06,358586,24417943.0,4.42,1.9,1.28,1.05
2026-04-09,VACH,13.2,12.76,13.51,12.76,7669,100051.0,6.0,2.08,0.26,0.03
2026-04-09,VACHU,10.4,10.4,10.4,10.4,10,167.0,0.0,0.0,0.0,0.0
2026-04-09,VACHW,0.12,0.12,0.12,0.12,785,95.0,0.0,5.26,0.006,0.0
2026-04-09,VACI,10.0,10.03,10.03,9.98,231280,2312756.0,0.5,0.3,0.03,0.98
2026-04-09,VAL,99.96,98.09,102.105,97.625,958244,94791207.0,4.48,-1.88,-1.88,1.38
2026-04-09,VALE,16.64,16.65,16.8,16.53,21423341,357074544.0,1.61,-0.54,-0.09,0.5
2026-04-09,VALG,23.353,23.353,23.353,23.353,395,9242.0,0.0,-1.0,-0.236,0.0
2026-04-09,VALN,5.92,6.15,6.299,5.92,15968,96194.0,6.06,-1.6,-0.1,0.02
2026-04-09,VALQ,65.58,65.861,65.861,65.45,2824,185575.0,0.63,0.15,0.101,0.0
2026-04-09,VALU,34.801,35.7,35.7,34.801,450,15893.0,2.62,3.96,1.36,0.0
2026-04-09,VAL_WS,16.11,16.005,17.25,16.005,9965,165981.0,7.56,-2.76,-0.455,0.0
2026-04-09,VAMO,35.43,35.375,35.43,35.355,1942,68784.0,0.21,-0.3,-0.105,0.0
2026-04-09,VANI,1.07,1.04,1.07,1.035,44657,46662.0,3.3,-1.89,-0.02,0.05
2026-04-09,VATE,8.08,8.44,8.44,7.805,45307,367683.0,7.83,4.07,0.33,0.33
2026-04-09,VAVX,18.92,19.328,19.49,18.91,13136,249497.0,3.04,1.44,0.274,0.0
2026-04-09,VAW,233.82,234.87,235.69,233.505,45809,10752246.0,0.93,0.09,0.21,0.0
2026-04-09,VB,271.9,272.98,274.16,271.07,1299939,354755232.0,1.13,-0.04,-0.12,0.0
2026-04-09,VBCA,75.36,75.365,75.379,75.345,2749,207160.0,0.05,0.05,0.035,0.0
2026-04-09,VBCB,75.48,75.505,75.505,75.46,2399,181093.0,0.06,0.07,0.05,0.0
2026-04-09,VBCC,75.675,75.635,75.705,75.635,1306,98855.0,0.09,0.07,0.056,0.0
2026-04-09,VBCD,75.66,75.715,75.78,75.64,2697,204106.0,0.19,0.07,0.056,0.0
2026-04-09,VBCE,75.78,75.85,75.85,75.755,2756,208865.0,0.13,0.1,0.077,0.0
2026-04-09,VBCF,75.88,75.99,75.99,75.865,750,56912.0,0.16,0.11,0.086,0.0
2026-04-09,VBCG,76.034,75.95,76.034,75.95,238,18103.0,0.11,0.04,0.032,0.0
2026-04-09,VBCH,75.95,76.055,76.055,75.95,325,24703.0,0.14,0.09,0.065,0.0
2026-04-09,VBCI,76.07,76.175,76.175,76.07,981,74644.0,0.14,0.11,0.085,0.0
2026-04-09,VBCJ,76.09,76.18,76.275,76.09,1049,79935.0,0.24,0.04,0.031,0.0
2026-04-09,VBF,15.28,15.15,15.28,15.115,51263,777809.0,1.08,-0.59,-0.09,0.0
2026-04-09,VBIL,75.51,75.51,75.51,75.5,2019340,152474520.0,0.01,0.03,0.02,0.0
2026-04-09,VBIX,1.92,1.931,2.1,1.885,8384,16816.0,11.38,2.17,0.041,0.06
2026-04-09,VBK,316.23,315.98,317.74,314.07,180862,57173053.0,1.16,-0.39,-1.24,0.0
2026-04-09,VBND,43.64,43.75,43.85,43.64,16965,742521.0,0.48,0.11,0.05,0.0
2026-04-09,VBNK,15.19,16.7,16.7,15.19,229057,3743248.0,9.94,9.94,1.51,0.71
2026-04-09,VBR,224.35,226.07,226.88,224.18,213730,48239118.0,1.2,0.32,0.71,0.0
2026-04-09,VC,96.4,96.65,97.06,94.97,497462,47880521.0,2.15,-0.38,-0.37,1.85
2026-04-09,VCEB,62.98,63.09,63.2,62.93,64738,4083090.0,0.43,0.02,0.015,0.0
2026-04-09,VCEL,33.77,33.59,34.015,32.99,348083,11693292.0,3.01,-1.29,-0.44,0.68
2026-04-09,VCIG,1.22,1.15,1.22,1.08,237684,271664.0,11.57,-4.96,-0.06,6.45
2026-04-09,VCIT,82.96,83.08,83.27,82.88,12258791,1018452112.0,0.47,0.06,0.05,0.0
2026-04-09,VCLN,29.17,29.115,29.17,29.085,369,10751.0,0.29,0.59,0.171,0.0
2026-04-09,VCLT,75.0,75.29,75.565,74.5,3555454,267562776.0,1.41,0.03,0.02,0.0
2026-04-09,VCOB,49.685,49.685,49.685,49.685,105,5213.0,0.0,0.1,0.051,0.0
2026-04-09,VCR,367.25,373.59,374.0,365.74,61228,22691032.0,2.25,1.87,6.86,0.0
2026-04-09,VCRB,77.49,77.52,77.665,77.355,324100,25125988.0,0.4,0.03,0.02,0.0
2026-04-09,VCRM,75.7,75.72,75.735,75.555,223523,16918379.0,0.24,0.23,0.17,0.0
2026-04-09,VCSH,79.24,79.28,79.345,79.18,7872110,624130256.0,0.21,0.05,0.04,0.0
2026-04-09,VCTR,66.75,68.23,68.43,65.92,1035774,70227999.0,3.76,2.11,1.41,1.62
2026-04-09,VCV,10.5,10.59,10.6,10.5,158993,1677931.0,0.95,0.67,0.07,0.0
2026-04-09,VCX,120.0,115.0,121.0,113.825,173499,20339008.0,5.99,-3.96,-4.74,0.0
2026-04-09,VCYT,32.22,31.35,32.335,30.99,510432,16050209.0,4.12,-4.04,-1.32,0.64
2026-04-09,VDC,226.52,229.63,230.16,226.385,97192,22239718.0,1.66,0.86,1.95,0.0
2026-04-09,VDE,164.81,162.73,167.45,162.12,2443999,400816224.0,3.23,-1.24,-2.05,0.0
2026-04-09,VDIG,58.6,59.105,59.165,58.6,5373,316783.0,0.96,0.62,0.362,0.0
2026-04-09,VEA,67.09,67.55,67.88,66.845,12114460,817125184.0,1.53,-0.4,-0.27,0.0
2026-04-09,VECO,38.285,38.96,39.18,37.5,1122797,43472573.0,4.41,2.26,0.86,1.86
2026-04-09,VEEA,0.61,0.636,0.645,0.589,248118,153128.0,9.06,2.91,0.018,0.49
2026-04-09,VEEAW,0.08,0.06,0.095,0.06,1789,120.0,41.18,-29.41,-0.025,0.0
2026-04-09,VEEE,0.288,0.299,0.308,0.24,19185064,5628811.0,25.28,11.15,0.03,97.96
2026-04-09,VEEV,165.69,157.08,168.21,156.23,4308638,681926624.0,7.19,-5.7,-9.49,2.64
2026-04-09,VEGA,49.45,49.775,49.88,49.44,2909,144551.0,0.89,0.17,0.085,0.0
2026-04-09,VEGI,46.64,46.69,46.965,46.54,142803,6667523.0,0.91,-0.28,-0.13,0.0
2026-04-09,VEGN,59.88,60.06,60.11,59.81,6822,408935.0,0.5,0.14,0.085,0.0
2026-04-09,VEL,18.64,18.92,19.05,18.64,72357,1368457.0,2.2,1.39,0.26,0.18
2026-04-09,VELO,10.22,10.95,11.18,10.22,1406704,15189705.0,9.09,3.69,0.39,5.37
2026-04-09,VEM,25.212,25.436,25.436,25.212,170,4297.0,0.88,-0.47,-0.12,0.0
2026-04-09,VEMY,28.23,28.4,28.5,28.225,3958,112282.0,0.97,0.51,0.145,0.0
2026-04-09,VENU,3.47,3.76,3.8,3.47,322874,1190980.0,9.51,8.36,0.29,0.54
2026-04-09,VEON,49.69,51.14,51.435,49.5,48573,2454667.0,3.86,2.01,1.01,0.07
2026-04-09,VERA,40.07,40.93,41.225,39.57,1643315,66503832.0,4.1,1.49,0.6,2.29
2026-04-09,VERI,1.95,1.89,1.96,1.835,2109562,3986432.0,6.38,-3.57,-0.07,2.28
2026-04-09,VERS,56.801,56.801,56.801,56.801,41,2351.0,0.0,0.54,0.307,0.0
2026-04-09,VERU,2.54,2.43,2.575,2.42,49564,123588.0,6.08,-4.71,-0.12,0.31
2026-04-09,VERX,11.43,11.27,11.49,10.95,1151143,12857196.0,4.66,-2.84,-0.33,1.48
2026-04-09,VET,13.14,12.44,13.3,12.34,2066877,26115769.0,7.38,-4.38,-0.57,1.35
2026-04-09,VETZ,19.969,19.945,19.969,19.945,678,13535.0,0.12,0.03,0.005,0.0
2026-04-09,VEU,78.45,79.01,79.34,78.19,1957833,154355614.0,1.45,-0.25,-0.2,0.0
2026-04-09,VEXC,85.8,86.261,86.61,85.5,17253,1487975.0,1.29,-0.14,-0.119,0.0
2026-04-09,VFC,17.83,18.37,18.55,17.605,4659886,85017039.0,5.29,2.74,0.49,1.19
2026-04-09,VFF,2.66,2.71,2.79,2.66,580020,1579230.0,4.89,1.88,0.05,0.5
2026-04-09,VFH,124.89,125.88,126.39,124.52,1455612,183251440.0,1.49,0.28,0.35,0.0
2026-04-09,VFL,10.1,10.19,10.205,10.1,19519,198571.0,1.04,0.89,0.09,0.0
2026-04-09,VFLO,40.33,40.16,40.34,39.825,1028358,41223901.0,1.27,-0.82,-0.33,0.0
2026-04-09,VFMF,161.28,162.875,163.0,161.01,7784,1263834.0,1.23,0.55,0.895,0.0
2026-04-09,VFMO,208.77,211.86,212.53,208.77,56864,12022975.0,1.79,0.96,2.02,0.0
2026-04-09,VFMV,136.45,137.193,137.32,136.45,16521,2263550.0,0.64,0.38,0.513,0.0
2026-04-09,VFQY,153.61,154.605,154.63,153.365,6475,998791.0,0.82,0.2,0.305,0.0
2026-04-09,VFS,3.93,4.06,4.09,3.82,840874,3339013.0,6.78,2.01,0.08,0.04
2026-04-09,VFSWW,0.3,0.35,0.35,0.3,4418,1482.0,17.67,23.67,0.067,0.0
2026-04-09,VFVA,137.6,138.591,138.69,137.24,6648,918362.0,1.05,0.3,0.411,0.0
2026-04-09,VG,14.5,12.99,14.63,12.605,39311298,521839344.0,14.02,-10.04,-1.45,7.65
2026-04-09,VGAS,1.56,1.52,1.6,1.489,19845,30555.0,7.07,-3.18,-0.05,0.09
2026-04-09,VGASW,0.026,0.026,0.026,0.021,76567,1972.0,19.23,0.0,0.0,0.0
2026-04-09,VGHY,75.0,75.15,75.19,74.89,44488,3340006.0,0.4,0.08,0.06,0.0
2026-04-09,VGI,7.45,7.57,7.59,7.44,107758,812061.0,1.99,0.53,0.04,0.0
2026-04-09,VGIT,59.47,59.5,59.59,59.4,1636910,97394926.0,0.32,0.02,0.01,0.0
2026-04-09,VGK,86.19,86.76,87.19,85.94,2933447,254222208.0,1.44,0.02,0.02,0.0
2026-04-09,VGLT,55.37,55.4,55.65,55.2,1181119,65459513.0,0.81,-0.18,-0.1,0.0
2026-04-09,VGM,10.24,10.27,10.34,10.15,164651,1687899.0,1.86,0.59,0.06,0.0
2026-04-09,VGMS,51.26,51.36,51.41,51.22,29549,1516484.0,0.37,0.18,0.09,0.0
2026-04-09,VGNT,26.55,29.49,30.0,26.34,4417300,125440672.0,13.58,9.42,2.54,6.23
2026-04-09,VGRO,23.38,23.626,23.626,23.38,557,13044.0,1.05,0.85,0.2,0.0
2026-04-09,VGSH,58.42,58.44,58.48,58.41,2825024,165093514.0,0.12,0.02,0.01,0.0
2026-04-09,VGSR,10.71,10.76,10.9,10.61,285613,3076685.0,2.68,-0.65,-0.07,0.0
2026-04-09,VGT,739.0,740.15,740.55,732.0,401641,295879920.0,1.16,0.14,1.05,0.0
2026-04-09,VGUS,75.51,75.515,75.52,75.51,141797,10708250.0,0.01,-0.01,-0.005,0.0
2026-04-09,VGVT,75.55,75.655,75.655,75.43,8579,647946.0,0.3,0.07,0.056,0.0
2026-04-09,VGZ,1.95,2.01,2.03,1.93,1202410,2384558.0,5.1,2.55,0.05,0.83
2026-04-09,VHC,15.99,15.78,16.11,15.78,4453,70676.0,2.03,-2.71,-0.44,0.11
2026-04-09,VHCPU,10.0,10.005,10.005,10.0,1169,11691.0,0.05,0.0,0.0,0.0
2026-04-09,VHCPW,0.35,0.35,0.35,0.35,2941,1030.0,0.0,-2.78,-0.01,0.0
2026-04-09,VHI,14.05,13.96,14.09,13.94,5100,71451.0,1.06,-0.99,-0.14,0.02
2026-04-09,VHT,276.85,277.65,279.17,275.9,117562,32669883.0,1.18,-0.2,-0.55,0.0
2026-04-09,VHUB,0.599,0.598,0.623,0.59,151463,90821.0,5.56,0.84,0.005,0.18
2026-04-09,VIA,15.55,15.56,15.68,14.98,445473,6859570.0,4.45,-1.08,-0.17,0.58
2026-04-09,VIASP,25.25,25.35,25.4,25.25,13981,354320.0,0.59,-0.04,-0.01,0.67
2026-04-09,VIAV,41.865,42.74,43.0,41.17,7494873,317633440.0,4.42,3.21,1.33,3.24
2026-04-09,VICE,32.27,32.584,32.584,32.27,161,5227.0,0.97,0.89,0.289,0.0
2026-04-09,VICI,27.63,28.06,28.29,27.61,8345863,234257399.0,2.45,1.19,0.33,0.78
2026-04-09,VICR,179.4,184.92,189.0,178.7,613071,113712008.0,5.72,2.74,4.93,1.82
2026-04-09,VIDI,37.41,37.66,37.79,37.28,15887,598412.0,1.35,-0.05,-0.02,0.0
2026-04-09,VIG,221.34,222.82,223.49,221.145,936680,208314848.0,1.06,0.4,0.88,0.0
2026-04-09,VIGI,90.88,91.35,91.72,90.55,185696,16934514.0,1.27,-0.5,-0.46,0.0
2026-04-09,VIK,77.49,78.26,79.64,76.37,2477644,194143962.0,4.2,0.48,0.37,0.78
2026-04-09,VINP,10.63,10.75,10.9,10.23,85758,916288.0,6.3,1.03,0.11,0.17
2026-04-09,VIOG,130.83,132.38,133.01,130.83,17048,2250672.0,1.66,0.7,0.924,0.0
2026-04-09,VIOO,119.39,120.86,121.29,119.39,65019,7835222.0,1.58,0.69,0.83,0.0
2026-04-09,VIOT,0.991,0.95,1.02,0.921,282065,272548.0,9.91,-4.9,-0.049,0.85
2026-04-09,VIOV,104.59,105.74,106.055,104.53,39065,4113602.0,1.45,0.63,0.66,0.0
2026-04-09,VIPS,15.2,15.55,15.65,15.116,1939673,30022314.0,3.46,0.71,0.11,0.48
2026-04-09,VIR,9.5,9.83,9.95,9.5,2107617,20639197.0,4.73,3.26,0.31,1.31
2026-04-09,VIRC,5.68,5.52,5.68,5.37,33585,184590.0,5.46,-2.82,-0.16,0.21
2026-04-09,VIRT,48.94,49.66,49.73,48.48,2093034,103341846.0,2.55,1.47,0.72,2.42
2026-04-09,VIS,328.63,332.89,334.81,328.27,59235,19680346.0,1.98,0.97,3.2,0.0
2026-04-09,VISN,18.62,18.73,19.15,18.62,7248759,136321100.0,2.84,0.54,0.1,3.22
2026-04-09,VIST,66.0,65.08,66.84,64.25,1154801,75420766.0,3.95,-0.79,-0.52,1.11
2026-04-09,VITL,12.61,12.99,13.26,12.51,2280716,29457249.0,5.87,1.72,0.22,5.09
2026-04-09,VIV,16.62,16.92,17.025,16.62,1055487,17859121.0,2.44,2.11,0.35,0.07
2026-04-09,VIVO,2.33,2.43,2.54,2.3,173188,422675.0,10.3,4.29,0.1,1.03
2026-04-09,VIVS,1.58,1.53,1.58,1.52,19345,29829.0,3.8,-3.16,-0.05,0.74
2026-04-09,VIXM,16.03,15.98,16.175,15.83,291020,4654996.0,2.14,-0.75,-0.12,0.0
2026-04-09,VIXY,30.81,29.4,30.9,28.98,2268925,67972103.0,6.29,-3.64,-1.11,0.0
2026-04-09,VKI,8.97,9.12,9.2,8.96,175474,1598479.0,2.65,0.66,0.06,0.0
2026-04-09,VKQ,9.78,9.77,9.85,9.76,280971,2748004.0,0.92,0.0,0.0,0.0
2026-04-09,VKTX,33.25,34.95,35.05,33.25,2064177,70909775.0,5.35,3.8,1.28,1.78
2026-04-09,VLGEA,43.73,44.83,45.12,43.455,95741,4257534.0,3.8,2.45,1.07,0.9
2026-04-09,VLLU,24.17,24.312,24.312,24.17,147,3553.0,0.58,0.14,0.033,0.0
2026-04-09,VLN,1.31,1.34,1.38,1.29,425415,566453.0,6.87,2.29,0.03,0.4
2026-04-09,VLO,240.09,235.1,245.555,233.12,3905419,927547648.0,5.19,-1.89,-4.54,1.31
2026-04-09,VLRS,7.61,7.76,7.81,7.6,511875,3963227.0,2.73,0.78,0.06,0.45
2026-04-09,VLT,10.31,10.4,10.435,10.31,17962,186352.0,1.21,0.58,0.06,0.0
2026-04-09,VLTO,89.89,89.62,90.31,88.87,1926380,172723366.0,1.59,-0.94,-0.85,0.78
2026-04-09,VLU,222.73,224.11,224.51,222.73,6442,1440803.0,0.8,0.68,1.508,0.0
2026-04-09,VLUE,151.36,152.83,153.09,150.93,715058,108755895.0,1.42,0.78,1.18,0.0
2026-04-09,VLY,12.89,13.25,13.335,12.89,11368461,150118683.0,3.43,2.24,0.29,2.05
2026-04-09,VLYPN,25.52,25.5,25.6,25.49,7670,195742.0,0.43,-0.08,-0.02,0.13
2026-04-09,VLYPO,24.84,24.85,24.93,24.75,8078,200602.0,0.73,0.49,0.12,0.2
2026-04-09,VLYPP,24.7,24.83,25.03,24.7,7661,190461.0,1.32,-0.56,-0.14,0.17
2026-04-09,VMAR,1.99,1.95,2.005,1.93,26159,51629.0,3.71,-3.47,-0.07,2.62
2026-04-09,VMAX,58.335,58.335,58.335,58.335,2,117.0,0.0,0.53,0.307,0.0
2026-04-09,VMBS,47.0,47.02,47.13,46.895,1137163,53479210.0,0.5,-0.06,-0.03,0.0
2026-04-09,VMC,290.73,293.02,294.81,288.78,702795,205889110.0,2.06,0.15,0.44,0.54
2026-04-09,VMD,9.71,9.49,9.73,9.375,326982,3122240.0,3.62,-3.16,-0.31,0.85
2026-04-09,VMET,11.73,12.41,12.5,11.69,208339,2538677.0,6.98,6.98,0.81,0.2
2026-04-09,VMI,421.98,426.31,429.005,418.85,158100,67256555.0,2.37,-0.35,-1.5,0.81
2026-04-09,VMO,9.77,9.73,9.77,9.72,215457,2097849.0,0.51,0.0,0.0,0.32
2026-04-09,VMSB,49.82,49.785,49.82,49.785,101,5032.0,0.07,0.28,0.137,0.0
2026-04-09,VNAM,24.03,24.2,24.215,23.8,13435,322906.0,1.71,0.0,0.0,0.0
2026-04-09,VNCE,2.37,2.45,2.51,2.35,12414,30286.0,6.64,1.66,0.04,0.1
2026-04-09,VNDA,7.29,7.33,7.405,7.155,1095312,7984357.0,3.43,0.55,0.04,1.85
2026-04-09,VNET,8.4,8.44,8.61,8.355,1957722,16523414.0,3.06,1.2,0.1,0.7
2026-04-09,VNIE,25.65,25.592,25.65,25.592,100,2565.0,0.24,3.89,0.959,0.0
2026-04-09,VNLA,48.96,48.97,48.98,48.94,427714,20942736.0,0.08,0.04,0.02,0.0
2026-04-09,VNM,18.25,18.35,18.385,18.08,525379,9602282.0,1.66,-0.38,-0.07,0.0
2026-04-09,VNO,26.83,26.79,27.17,26.04,1600908,42887254.0,4.17,-1.22,-0.33,0.85
2026-04-09,VNOM,45.62,44.82,46.11,44.72,1728925,78005842.0,3.05,-1.75,-0.8,0.89
2026-04-09,VNO_L,17.0,17.12,17.13,16.873,27277,463470.0,1.52,0.94,0.16,0.23
2026-04-09,VNO_M,16.84,16.93,16.985,16.83,53148,899814.0,0.92,0.0,0.0,0.42
2026-04-09,VNO_N,16.6,16.65,16.7,16.5,159265,2644257.0,1.2,0.3,0.05,1.33
2026-04-09,VNO_O,14.71,14.81,14.99,14.71,8605,128164.0,1.9,0.47,0.07,0.07
2026-04-09,VNQ,91.72,92.78,93.57,91.67,3845681,357305984.0,2.06,0.72,0.66,0.0
2026-04-09,VNQI,46.28,46.54,46.78,46.16,212094,9863129.0,1.32,-0.64,-0.3,0.0
2026-04-09,VNRX,0.175,0.172,0.178,0.169,2800376,483709.0,5.14,-1.71,-0.003,1.77
2026-04-09,VNSE,38.232,38.232,38.232,38.232,38,1435.0,0.0,3.75,1.382,0.0
2026-04-09,VNT,36.46,37.16,37.37,36.35,681271,25234032.0,2.77,0.76,0.28,0.48
2026-04-09,VNTG,0.73,0.753,0.77,0.73,12658,9531.0,5.23,-1.57,-0.012,0.11
2026-04-09,VO,297.52,298.24,299.335,296.935,537954,160486148.0,0.8,-0.07,-0.21,0.0
2026-04-09,VOC,3.3,3.28,3.373,3.24,82373,272157.0,4.07,0.31,0.01,0.48
2026-04-09,VOD,15.845,15.85,15.935,15.765,2266042,35893756.0,1.08,0.51,0.08,0.1
2026-04-09,VOE,188.97,190.16,190.69,188.94,320245,60906359.0,0.92,0.3,0.57,0.0
2026-04-09,VOLT,36.68,37.47,37.725,36.625,767648,28772638.0,3.0,2.07,0.76,0.0
2026-04-09,VONE,306.19,308.1,308.65,305.425,73749,22653761.0,1.05,0.5,1.54,0.0
2026-04-09,VONG,113.93,114.63,114.75,113.185,1436391,163877993.0,1.37,0.53,0.6,0.0
2026-04-09,VONV,97.12,97.9,98.11,97.12,722572,70625590.0,1.02,0.5,0.49,0.0
2026-04-09,VOO,620.34,625.02,626.17,619.4,5498333,3425588704.0,1.09,0.59,3.68,0.0
2026-04-09,VOOG,429.73,433.0,433.8,427.613,208652,90064410.0,1.44,0.79,3.39,0.0
2026-04-09,VOOV,208.21,209.61,209.905,208.21,68975,14434459.0,0.81,0.38,0.8,0.0
2026-04-09,VOR,15.6,15.6,16.39,15.5,939762,14889399.0,5.65,-0.92,-0.145,1.92
2026-04-09,VOT,270.09,269.48,271.02,267.96,145861,39331832.0,1.13,-0.59,-1.59,0.0
2026-04-09,VOTE,79.32,79.887,79.96,79.32,14008,1117049.0,0.81,0.65,0.515,0.0
2026-04-09,VOX,188.17,188.82,189.2,187.01,93859,17644121.0,1.17,0.6,1.13,0.0
2026-04-09,VOXP,35.183,35.183,35.183,35.183,19,675.0,0.0,0.66,0.232,0.0
2026-04-09,VOXR,5.55,5.58,5.67,5.54,232194,1297747.0,2.35,0.72,0.04,0.34
2026-04-09,VOYA,69.22,69.61,69.75,68.47,1169162,81056613.0,1.84,0.0,0.0,1.27
2026-04-09,VOYX,12.5,13.96,14.26,12.49,34519,469566.0,14.01,10.53,1.33,0.0
2026-04-09,VPC,15.44,15.43,15.44,15.36,4746,73136.0,0.52,-0.19,-0.03,0.0
2026-04-09,VPG,48.9,49.23,49.615,47.94,154178,7585998.0,3.41,0.31,0.15,1.26
2026-04-09,VPL,102.76,104.03,104.545,102.48,447973,46451209.0,1.97,-0.85,-0.89,0.0
2026-04-09,VPLS,77.72,77.745,77.895,77.605,109308,8500574.0,0.37,0.05,0.035,0.0
2026-04-09,VPU,201.76,203.63,205.85,201.76,184041,37619083.0,2.02,0.76,1.54,0.0
2026-04-09,VPV,10.73,10.8,10.81,10.705,16039,172625.0,0.98,1.03,0.11,0.0
2026-04-09,VPX,25.06,25.13,25.17,25.05,6869,172459.0,0.48,0.53,0.132,0.0
2026-04-09,VRA,3.695,3.75,3.81,3.665,200754,752557.0,3.9,0.81,0.03,0.72
2026-04-09,VRAI,27.49,27.4,27.53,27.4,3746,103125.0,0.48,0.48,0.13,0.0
2026-04-09,VRAX,0.134,0.135,0.147,0.127,6871581,942961.0,13.33,-10.0,-0.015,92.57
2026-04-09,VRCA,5.82,5.83,5.905,5.57,20803,120444.0,5.76,0.17,0.01,0.12
2026-04-09,VRDN,14.54,15.38,15.58,14.35,2719144,41392852.0,8.5,6.29,0.91,2.64
2026-04-09,VRE,18.91,18.91,18.93,18.91,868090,16420310.0,0.11,-0.05,-0.01,0.93
2026-04-09,VREX,11.0,10.96,11.08,10.783,209030,2288268.0,2.69,-0.72,-0.08,0.5
2026-04-09,VRIG,25.07,25.065,25.07,25.06,532761,13352744.0,0.04,0.02,0.005,0.0
2026-04-09,VRM,16.66,16.95,16.95,15.52,4589,75179.0,8.75,3.73,0.61,0.09
2026-04-09,VRME,0.835,0.82,0.848,0.819,13530,11242.0,3.62,2.24,0.018,0.1
2026-04-09,VRNS,22.72,21.53,22.755,21.21,2146783,46307945.0,6.77,-5.61,-1.28,1.87
2026-04-09,VRP,24.3,24.32,24.33,24.26,366356,8901442.0,0.29,0.04,0.01,0.0
2026-04-09,VRRM,14.68,14.91,15.0,14.42,1150030,17052332.0,3.92,0.68,0.1,0.76
2026-04-09,VRSK,173.87,169.41,174.58,167.48,3588530,613197856.0,4.05,-3.43,-6.02,2.74
2026-04-09,VRSN,271.69,269.88,272.31,267.67,736500,198722890.0,1.71,-0.38,-1.02,0.81
2026-04-09,VRT,280.99,287.64,291.0,280.97,5166438,1485338224.0,3.57,2.35,6.61,1.35
2026-04-09,VRTL,126.34,131.908,134.495,126.34,49516,6504669.0,6.49,4.96,6.238,0.0
2026-04-09,VRTS,133.79,135.82,137.18,133.02,114161,15479375.0,3.07,0.15,0.2,1.71
2026-04-09,VRTX,439.77,446.78,447.0,436.35,1040964,462204672.0,2.4,0.64,2.86,0.41
2026-04-09,VS,1.16,1.09,1.16,1.09,4775,5352.0,6.36,-0.91,-0.01,0.1
2026-04-09,VSA,0.65,0.851,0.92,0.635,24159863,18828707.0,46.88,39.97,0.243,970.24
2026-04-09,VSAT,56.19,55.39,57.25,55.0,1073161,59762991.0,3.99,-1.67,-0.94,0.79
2026-04-09,VSCO,50.99,51.54,53.142,50.423,1895785,98450491.0,5.27,-0.04,-0.02,2.36
2026-04-09,VSDA,55.07,55.846,56.01,55.07,15987,890358.0,1.69,0.65,0.362,0.0
2026-04-09,VSDB,76.32,76.37,76.4,76.285,182453,13937733.0,0.15,0.07,0.05,0.0
2026-04-09,VSDM,76.41,76.51,76.52,76.37,117417,8978514.0,0.2,0.12,0.09,0.0
2026-04-09,VSEC,209.6,218.28,222.81,209.6,416979,90979819.0,6.26,3.5,7.38,1.49
2026-04-09,VSECU,55.69,60.89,60.89,55.69,210478,12046260.0,9.32,9.16,5.11,0.0
2026-04-09,VSEE,0.238,0.24,0.245,0.227,489667,114720.0,7.69,2.56,0.006,1.04
2026-04-09,VSEEW,0.038,0.038,0.038,0.038,11,1.0,0.0,0.0,0.0,0.0
2026-04-09,VSGX,75.08,75.58,75.94,74.75,122443,9224433.0,1.57,-0.34,-0.26,0.0
2026-04-09,VSH,20.5,21.33,21.555,20.5,2560719,54392695.0,5.15,4.1,0.84,2.06
2026-04-09,VSHY,21.74,21.74,21.74,21.74,81,1782.0,0.0,0.14,0.031,0.0
2026-04-09,VSLU,43.129,43.5,43.53,43.129,19080,828948.0,0.94,1.56,0.67,0.0
2026-04-09,VSME,1.1,0.926,1.13,0.874,493262,497326.0,23.7,-14.26,-0.154,18.03
2026-04-09,VSMV,57.711,57.874,57.98,57.711,13763,796122.0,0.47,0.11,0.062,0.0
2026-04-09,VSNT,38.25,38.8,38.88,37.55,1518117,58447260.0,3.45,0.7,0.27,1.06
2026-04-09,VSS,152.22,153.17,154.035,151.87,140302,21486877.0,1.41,-0.23,-0.35,0.0
2026-04-09,VST,155.89,152.75,162.53,152.68,4103154,643724320.0,6.32,-2.01,-3.14,1.21
2026-04-09,VSTD,0.314,0.319,0.351,0.3,73674,23587.0,16.09,0.63,0.002,0.52
2026-04-09,VSTL,32.0,29.296,32.95,29.17,40396,1266267.0,12.45,-3.55,-1.077,0.0
2026-04-09,VSTM,5.41,5.59,5.72,5.34,1617325,9011271.0,6.97,2.57,0.14,1.84
2026-04-09,VSTS,8.07,8.59,8.615,8.06,1571583,13327645.0,6.8,5.27,0.43,1.19
2026-04-09,VT,143.85,144.95,145.35,143.57,3964980,573228784.0,1.23,0.26,0.37,0.0
2026-04-09,VTAK,0.87,1.21,1.28,0.86,1778527,1931072.0,48.72,40.37,0.348,66.06
2026-04-09,VTC,77.11,77.062,77.21,76.86,77259,5955910.0,0.45,0.02,0.015,0.0
2026-04-09,VTEB,50.2,50.26,50.29,50.16,7308378,367192528.0,0.26,0.26,0.13,0.0
2026-04-09,VTEC,99.77,99.92,99.945,99.73,212813,21258593.0,0.22,0.2,0.195,0.0
2026-04-09,VTEI,100.53,100.6,100.65,100.43,59519,5985958.0,0.22,0.12,0.12,0.0
2026-04-09,VTEL,103.3,103.545,103.68,103.3,38362,3969940.0,0.37,0.29,0.295,0.0
2026-04-09,VTES,101.25,101.35,101.38,101.25,207645,21037049.0,0.13,0.04,0.04,0.0
2026-04-09,VTEX,3.9,4.02,4.035,3.815,1207438,4763885.0,5.54,1.26,0.05,1.3
2026-04-09,VTG,75.63,75.7,75.83,75.58,16647,1260026.0,0.33,-0.01,-0.005,0.01
2026-04-09,VTGN,0.549,0.556,0.572,0.53,168269,93266.0,7.64,1.09,0.006,0.42
2026-04-09,VTHR,298.52,300.85,301.09,297.94,44133,13250062.0,1.05,0.67,2.015,0.0
2026-04-09,VTI,333.31,335.45,336.13,332.435,3436811,1149699280.0,1.11,0.52,1.75,0.0
2026-04-09,VTIP,50.03,50.03,50.06,50.0,1865601,93331307.0,0.12,0.06,0.03,0.0
2026-04-09,VTIX,6.35,6.48,6.635,6.0,91038,586319.0,10.0,2.05,0.13,0.33
2026-04-09,VTMX,34.89,35.11,35.65,34.78,30328,1065365.0,2.47,-0.26,-0.09,0.03
2026-04-09,VTN,11.19,11.17,11.31,11.09,33212,370071.0,1.97,0.18,0.02,0.0
2026-04-09,VTOL,49.38,49.37,50.275,49.064,215935,10719384.0,2.45,0.06,0.03,0.74
2026-04-09,VTP,76.35,76.44,76.535,76.34,16498,1260866.0,0.26,0.08,0.058,0.0
2026-04-09,VTR,84.0,84.95,86.3,83.895,2507266,213746392.0,2.86,1.07,0.9,0.53
2026-04-09,VTRS,13.46,13.61,13.64,13.38,5738737,77882627.0,1.92,0.29,0.04,0.49
2026-04-09,VTS,18.0,17.85,18.28,17.74,647272,11623114.0,3.0,-0.89,-0.16,1.55
2026-04-09,VTSI,3.68,3.94,4.016,3.65,112555,433169.0,10.0,7.65,0.28,1.0
2026-04-09,VTV,201.18,202.95,203.47,201.18,1948713,395153488.0,1.13,0.48,0.97,0.0
2026-04-09,VTVT,38.5,37.3,38.63,36.46,61713,2327931.0,5.64,-3.02,-1.16,1.57
2026-04-09,VTWG,240.68,242.8,243.82,240.345,33014,8017248.0,1.44,0.61,1.465,0.0
2026-04-09,VTWO,104.55,105.81,106.2,104.55,1830601,193049254.0,1.57,0.55,0.58,0.0
2026-04-09,VTWV,174.21,176.06,176.6,174.21,21975,3863111.0,1.37,0.7,1.232,0.0
2026-04-09,VUG,456.75,459.52,460.01,453.66,1083921,495996080.0,1.39,0.57,2.62,0.0
2026-04-09,VUS,27.317,27.317,27.317,27.317,69,1886.0,0.0,1.02,0.275,0.0
2026-04-09,VUSB,49.69,49.695,49.71,49.67,1085947,53965981.0,0.08,0.01,0.005,0.0
2026-04-09,VUSE,65.037,65.384,65.405,64.72,10278,669357.0,1.05,0.08,0.054,0.0
2026-04-09,VUSG,57.16,57.447,57.46,56.84,8008,457788.0,1.08,0.42,0.239,0.0
2026-04-09,VUSI,50.18,50.175,50.18,50.175,502,25191.0,0.01,0.18,0.09,0.0
2026-04-09,VUSV,64.03,64.264,64.3,63.91,7296,467683.0,0.61,0.22,0.139,0.0
2026-04-09,VUZI,2.43,2.4,2.46,2.39,294402,710133.0,2.87,-1.64,-0.04,0.35
2026-04-09,VV,310.2,312.39,312.9,309.57,249478,77741624.0,1.07,0.6,1.87,0.0
2026-04-09,VVOS,1.18,1.16,1.21,1.15,128481,150795.0,5.0,-3.33,-0.04,1.23
2026-04-09,VVR,3.2,3.2,3.2,3.145,390192,1236271.0,1.72,0.31,0.01,0.0
2026-04-09,VVV,35.27,34.81,35.46,34.46,1611942,56423710.0,2.87,-0.2,-0.07,1.27
2026-04-09,VVX,70.28,66.59,70.84,66.31,432429,29173727.0,6.42,-5.64,-3.98,1.38
2026-04-09,VWAV,5.95,7.34,7.47,5.9,1564847,10819049.0,27.07,26.55,1.54,7.84
2026-04-09,VWAVW,0.95,1.49,1.5,0.95,183428,239226.0,55.0,49.0,0.49,0.0
2026-04-09,VWO,56.12,56.44,56.62,55.895,6776771,381515728.0,1.28,-0.11,-0.06,0.0
2026-04-09,VWOB,66.43,66.68,66.875,66.37,465442,31016224.0,0.76,0.45,0.3,0.0
2026-04-09,VXF,213.79,214.87,215.6,213.05,217804,46717461.0,1.19,0.04,0.08,0.0
2026-04-09,VXUS,80.475,81.07,81.4,80.225,6238960,504971664.0,1.45,-0.2,-0.16,0.0
2026-04-09,VXX,31.85,30.39,31.965,30.37,8156789,253265936.0,5.04,-4.01,-1.27,0.0
2026-04-09,VXZ,56.64,55.991,56.64,55.7,2122,119003.0,1.66,-1.15,-0.649,0.0
2026-04-09,VYGR,3.89,3.96,4.005,3.86,646666,2557575.0,3.7,1.02,0.04,1.09
2026-04-09,VYLD,27.41,27.652,27.652,27.41,101549,2801300.0,0.88,0.92,0.251,0.0
2026-04-09,VYM,151.6,152.67,153.09,151.55,937707,143023243.0,1.01,0.38,0.58,0.0
2026-04-09,VYMI,97.58,98.18,98.55,97.46,961070,94213971.0,1.11,-0.05,-0.05,0.0
2026-04-09,VYNE,0.618,0.613,0.623,0.602,38594,23649.0,3.44,0.49,0.003,0.12
2026-04-09,VYX,6.3,6.44,6.445,6.135,2028815,12906304.0,4.9,1.74,0.11,1.46
2026-04-09,VZ,47.81,47.78,48.17,47.255,29376860,1399772880.0,1.9,-0.54,-0.26,0.7
2026-04-09,VZLA,3.28,3.27,3.34,3.2,5167641,16983546.0,4.24,-0.91,-0.03,1.48
2026-04-09,W,73.41,73.06,74.085,70.58,2473691,180090098.0,4.72,-1.51,-1.12,2.27
2026-04-09,WAB,269.31,270.94,275.84,269.31,1467454,399934000.0,2.42,0.47,1.28,0.86
2026-04-09,WABC,53.38,54.35,54.71,53.26,136952,7430438.0,2.7,1.21,0.65,0.58
2026-04-09,WABF,25.245,25.245,25.245,25.245,114,2895.0,0.0,0.2,0.05,0.0
2026-04-09,WAFD,32.64,33.17,33.245,32.46,1060347,35113393.0,2.39,1.07,0.35,1.44
2026-04-09,WAFDP,16.43,16.45,16.45,16.3,3919,64160.0,0.92,0.43,0.07,0.03
2026-04-09,WAFU,1.61,1.56,1.62,1.56,8381,13256.0,3.8,-1.27,-0.02,0.29
2026-04-09,WAGN,14.75,14.6,14.75,14.54,67944,996709.0,1.43,-0.48,-0.07,0.0
2026-04-09,WAI,2.059,2.29,2.29,2.059,24096,52998.0,10.5,4.09,0.09,1.05
2026-04-09,WAL,74.64,76.75,77.263,74.61,1019821,78041978.0,3.54,2.33,1.75,0.93
2026-04-09,WALD,1.11,1.07,1.13,0.978,267154,286093.0,13.82,-2.73,-0.03,0.23
2026-04-09,WALDW,0.045,0.039,0.05,0.023,320679,9854.0,55.1,-20.41,-0.01,0.0
2026-04-09,WAL_A,23.26,23.25,23.26,23.1,1530,35492.0,0.69,0.26,0.06,0.01
2026-04-09,WAMA,24.15,24.09,24.15,24.09,12038,290505.0,0.25,-0.1,-0.025,0.0
2026-04-09,WANT,37.75,39.87,39.98,37.54,70171,2726462.0,6.43,5.11,1.94,0.0
2026-04-09,WAR,25.63,25.606,25.69,25.25,12475,318951.0,1.73,0.46,0.116,0.0
2026-04-09,WASH,34.8,35.72,35.82,34.77,154338,5488486.0,3.0,2.12,0.74,0.81
2026-04-09,WAT,316.5,317.65,319.57,310.0,883494,280167616.0,3.0,-0.28,-0.88,0.9
2026-04-09,WATT,15.21,18.97,18.99,15.21,575692,10187155.0,24.88,24.88,3.78,10.47
2026-04-09,WB,8.9,8.87,8.95,8.76,810897,7167788.0,2.15,0.23,0.02,0.52
2026-04-09,WBD,27.495,27.53,27.56,27.475,22034966,606530224.0,0.31,-0.07,-0.02,0.88
2026-04-09,WBI,25.63,25.53,25.94,25.0,1317265,33561937.0,3.67,-0.27,-0.07,2.8
2026-04-09,WBIF,32.14,32.292,32.292,32.14,169,5436.0,0.47,-0.12,-0.039,0.0
2026-04-09,WBIG,24.04,24.023,24.04,24.023,268,6460.0,0.07,-0.27,-0.066,0.0
2026-04-09,WBIL,35.02,35.06,35.06,35.02,1387,48646.0,0.11,-0.17,-0.06,0.0
2026-04-09,WBIY,33.69,33.909,33.93,33.69,6032,204223.0,0.71,0.25,0.084,0.0
2026-04-09,WBS,71.37,71.69,71.82,71.16,4065259,291030272.0,0.92,0.07,0.05,2.52
2026-04-09,WBS_F,20.54,20.66,20.66,20.36,14614,300843.0,1.47,1.13,0.23,0.24
2026-04-09,WBS_G,23.61,23.56,23.65,23.43,10058,236913.0,0.93,0.06,0.015,0.19
2026-04-09,WBTN,10.79,10.91,10.99,10.63,240915,2615058.0,3.37,2.06,0.22,0.18
2026-04-09,WBUY,1.07,1.18,1.23,1.07,221728,254641.0,15.24,12.38,0.13,4.52
2026-04-09,WBX,2.93,2.95,3.0,2.767,20594,60081.0,7.61,-3.59,-0.11,0.12
2026-04-09,WCAP,8.79,8.835,8.85,8.79,25758,227889.0,0.68,0.56,0.049,0.0
2026-04-09,WCBR,25.59,23.941,25.63,23.63,37289,902841.0,7.77,-6.99,-1.799,0.0
2026-04-09,WCC,292.13,299.52,303.7,292.01,503784,150684481.0,4.0,2.39,7.0,1.03
2026-04-09,WCEO,34.42,34.495,34.55,34.42,1179,40721.0,0.38,0.02,0.007,0.0
2026-04-09,WCLD,26.78,25.36,26.78,25.03,1969512,50209966.0,6.51,-5.65,-1.52,0.0
2026-04-09,WCME,17.67,17.826,17.86,17.63,13976,248801.0,1.29,0.33,0.059,0.0
2026-04-09,WCMI,17.77,17.87,17.937,17.68,388601,6940532.0,1.44,0.11,0.02,0.0
2026-04-09,WCN,163.01,163.8,164.43,163.01,1225811,200731616.0,0.87,0.48,0.79,0.48
2026-04-09,WCPB,25.385,25.425,25.49,25.37,12769,324662.0,0.47,0.02,0.005,0.0
2026-04-09,WCT,3.1,2.725,3.1,2.61,5446,15551.0,18.92,5.21,0.135,0.19
2026-04-09,WD,44.77,45.61,46.12,44.5,268579,12241765.0,3.58,0.75,0.34,0.78
2026-04-09,WDAF,35.64,35.786,36.01,35.24,4555,162607.0,2.18,1.23,0.434,0.0
2026-04-09,WDAY,115.59,113.06,117.45,110.36,11055320,1242130176.0,5.95,-5.13,-6.11,5.26
2026-04-09,WDC,343.88,337.88,345.1,329.5,6391847,2153410592.0,4.6,-0.27,-0.9,1.89
2026-04-09,WDCX,43.64,41.82,43.64,39.7,433507,18005208.0,9.41,-0.14,-0.06,0.0
2026-04-09,WDEF,32.54,33.03,33.18,32.54,30623,1006231.0,1.93,-0.54,-0.18,0.0
2026-04-09,WDFC,216.75,223.02,224.54,216.1,327473,72756229.0,3.85,1.69,3.7,2.43
2026-04-09,WDGF,34.84,34.723,34.86,34.642,2971,103513.0,0.62,-0.62,-0.218,0.0
2026-04-09,WDH,1.7,1.74,1.77,1.7,242025,422765.0,4.05,0.58,0.01,0.09
2026-04-09,WDI,13.52,13.55,13.55,13.42,157858,2134103.0,0.96,0.52,0.07,0.0
2026-04-09,WDIV,79.16,79.331,79.593,78.93,4843,384759.0,0.84,0.1,0.079,0.0
2026-04-09,WDNA,17.926,17.926,17.926,17.926,15,281.0,0.0,-0.01,-0.001,0.0
2026-04-09,WDTE,29.37,29.434,29.5,29.15,13494,395976.0,1.19,0.12,0.034,0.0
2026-04-09,WEA,10.8,10.9,10.9,10.67,11481,123827.0,2.12,0.46,0.05,0.0
2026-04-09,WEAT,22.5,22.01,22.5,21.82,1444925,31910533.0,3.06,-1.08,-0.24,0.0
2026-04-09,WEAV,4.86,4.78,4.86,4.55,1682266,7941532.0,6.33,-2.45,-0.12,2.14
2026-04-09,WEBL,19.76,19.22,19.795,18.586,471389,9005555.0,6.15,-2.19,-0.43,0.0
2026-04-09,WEBS,24.49,25.28,26.16,24.49,81532,2081238.0,6.74,2.1,0.52,0.0
2026-04-09,WEC,117.21,118.78,119.62,116.51,1922007,228501664.0,2.65,1.28,1.5,0.59
2026-04-09,WEED,16.51,16.787,17.08,16.51,10617,179097.0,3.41,0.28,0.047,0.0
2026-04-09,WEEI,23.85,23.71,24.1,23.57,32913,786061.0,2.22,-0.67,-0.16,0.0
2026-04-09,WEEK,100.03,100.03,100.07,100.03,57167,5719767.0,0.04,0.0,0.0,0.0
2026-04-09,WEEL,19.89,19.84,19.89,19.763,3075,60980.0,0.64,0.07,0.014,0.0
2026-04-09,WELL,204.465,206.34,210.82,203.67,2772133,575615328.0,3.49,0.8,1.64,0.39
2026-04-09,WEN,7.02,7.1,7.145,7.01,4869987,34511950.0,1.91,0.57,0.04,2.56
2026-04-09,WENN,10.21,10.21,10.21,10.21,10596,108188.0,0.0,-0.29,-0.03,0.04
2026-04-09,WENNU,10.32,10.32,10.32,10.32,16,168.0,0.0,0.0,0.0,0.0
2026-04-09,WEPN,44.73,44.365,45.06,44.365,2745,122781.0,1.53,-2.63,-1.196,0.0
2026-04-09,WERN,31.56,31.65,32.03,31.395,911775,28896598.0,2.0,-0.41,-0.13,1.52
2026-04-09,WES,41.4,40.94,41.89,40.78,957555,39376460.0,2.68,-1.16,-0.48,0.24
2026-04-09,WEST,4.99,4.92,5.1,4.81,430481,2148233.0,5.8,-1.6,-0.08,0.44
2026-04-09,WETH,1.392,1.32,1.42,1.28,34966,47128.0,10.14,-4.35,-0.06,0.29
2026-04-09,WETO,0.47,0.47,0.5,0.47,52745,25546.0,6.26,-1.88,-0.009,0.06
2026-04-09,WEX,159.55,159.5,159.67,153.5,397191,62572917.0,3.9,0.75,1.18,1.15
2026-04-09,WEYS,33.98,35.18,35.18,33.55,25917,895941.0,4.8,3.56,1.21,0.27
2026-04-09,WF,67.95,69.2,69.53,67.29,155220,10672054.0,3.21,-0.93,-0.65,0.06
2026-04-09,WFC,84.45,86.02,86.15,84.44,10496437,899477664.0,2.02,1.61,1.36,0.34
2026-04-09,WFCF,12.18,12.18,12.18,12.18,114,1398.0,0.0,0.0,0.0,0.0
2026-04-09,WFC_A,18.99,19.02,19.08,18.99,47815,909341.0,0.47,0.05,0.01,0.1
2026-04-09,WFC_C,17.61,17.63,17.68,17.58,38318,675303.0,0.57,0.11,0.02,0.09
2026-04-09,WFC_D,17.43,17.43,17.44,17.38,54265,944631.0,0.34,0.06,0.01,0.11
2026-04-09,WFC_L,1180.69,1188.99,1188.99,1179.02,2402,2845391.0,0.84,0.68,7.99,0.06
2026-04-09,WFC_Y,23.94,23.92,23.94,23.78,24455,583460.0,0.67,0.5,0.12,0.09
2026-04-09,WFC_Z,19.19,19.21,19.27,19.175,91058,1749011.0,0.49,-0.1,-0.02,0.11
2026-04-09,WFF,0.259,0.211,0.259,0.182,888427,188861.0,28.1,-22.99,-0.063,3.53
2026-04-09,WFG,65.38,64.8,65.82,64.11,193558,12553095.0,2.61,-1.17,-0.77,0.25
2026-04-09,WFRD,102.49,103.3,104.42,102.21,1556965,160578171.0,2.16,1.08,1.1,2.17
2026-04-09,WGMI,39.97,41.36,42.29,39.9,843897,34869827.0,5.9,2.1,0.85,0.0
2026-04-09,WGO,31.75,32.95,32.96,31.28,491248,15963330.0,5.22,2.33,0.75,1.74
2026-04-09,WGRX,0.12,0.106,0.123,0.096,43138168,5906018.0,21.43,-15.87,-0.02,35.83
2026-04-09,WGS,64.2,60.05,64.643,57.71,1005495,60836649.0,10.57,-8.45,-5.54,3.43
2026-04-09,WGSWW,0.007,0.008,0.008,0.007,10451,74.0,12.5,0.0,0.0,0.0
2026-04-09,WH,83.0,86.12,86.418,82.875,1329751,113515174.0,4.26,3.65,3.03,1.77
2026-04-09,WHD,52.25,53.95,54.27,52.23,1785666,96053755.0,3.87,2.37,1.25,2.57
2026-04-09,WHF,7.53,7.63,7.63,7.498,71508,541656.0,1.76,1.73,0.13,0.32
2026-04-09,WHFCL,25.19,25.27,25.27,25.18,1508,38008.0,0.36,0.36,0.09,0.0
2026-04-09,WHG,16.27,16.6,16.725,16.05,5755,94654.0,4.12,1.34,0.22,0.06
2026-04-09,WHLR,0.83,0.83,0.839,0.8,65395,53735.0,4.69,-0.24,-0.002,4.56
2026-04-09,WHLRD,36.7,36.7,36.7,36.7,2,75.0,0.0,0.0,0.0,0.0
2026-04-09,WHLRL,80.01,80.01,80.01,80.01,2,164.0,0.0,0.0,0.0,0.0
2026-04-09,WHLRP,7.18,7.6,7.75,7.18,21161,160079.0,7.92,5.56,0.4,0.8
2026-04-09,WHR,55.76,56.88,57.16,55.33,1333047,75329887.0,3.26,1.28,0.72,2.09
2026-04-09,WHR_A,42.4,42.75,42.89,41.926,20891,888091.0,2.27,0.64,0.27,0.2
2026-04-09,WHWK,3.35,3.55,3.72,3.32,281797,1007264.0,11.73,4.11,0.14,0.6
2026-04-09,WIA,8.12,8.13,8.14,8.1,55033,446878.0,0.49,0.37,0.03,0.0
2026-04-09,WILC,26.31,26.64,26.8,26.3,2818,74730.0,1.93,2.66,0.69,0.02
2026-04-09,WIMA,40.96,40.96,41.0,40.96,3963,162329.0,0.1,-0.33,-0.136,0.0
2026-04-09,WIMI,1.87,1.83,1.98,1.81,88863,167041.0,9.09,-2.14,-0.04,0.75
2026-04-09,WINA,437.93,456.87,462.21,434.445,56268,25460487.0,6.31,3.84,16.9,1.57
2026-04-09,WING,167.905,179.05,179.94,165.585,1292328,228063402.0,8.52,6.24,10.52,4.73
2026-04-09,WINN,28.97,29.27,29.285,28.865,148820,4337413.0,1.45,0.72,0.21,0.0
2026-04-09,WIP,40.26,40.49,40.55,40.12,79226,3198895.0,1.06,0.27,0.11,0.0
2026-04-09,WISD,100.98,100.98,100.98,100.98,5,505.0,0.0,0.07,0.066,0.0
2026-04-09,WISE,34.19,34.058,34.46,33.83,10774,367463.0,1.84,-0.49,-0.167,0.0
2026-04-09,WIT,2.25,2.26,2.28,2.2,13102183,29276017.0,3.56,0.44,0.01,0.13
2026-04-09,WIW,8.51,8.53,8.54,8.48,479703,4090957.0,0.71,0.47,0.04,0.0
2026-04-09,WIX,73.55,67.67,74.64,66.32,4023582,275919904.0,11.19,-9.02,-6.71,7.31
2026-04-09,WK,56.5,55.59,56.685,54.54,784115,43396243.0,3.75,-2.81,-1.61,1.49
2026-04-09,WKC,23.79,23.91,24.05,23.625,682417,16297329.0,1.78,0.25,0.06,1.33
2026-04-09,WKEY,6.55,6.605,6.704,6.412,35617,234347.0,4.35,-1.71,-0.115,0.44
2026-04-09,WKHS,2.5,2.44,2.527,2.4,80775,197789.0,5.02,-3.56,-0.09,0.77
2026-04-09,WKSP,0.94,0.897,0.966,0.896,111138,103018.0,7.36,-5.68,-0.054,0.94
2026-04-09,WLAC,10.76,10.64,10.76,10.64,185419,1982214.0,1.12,-0.37,-0.04,1.47
2026-04-09,WLACW,2.75,2.77,2.85,2.75,248214,682856.0,3.64,0.73,0.02,0.0
2026-04-09,WLDN,80.83,84.0,84.77,79.5,332022,27628672.0,6.52,3.92,3.17,2.24
2026-04-09,WLDR,39.16,39.086,39.292,38.951,3123,122254.0,0.87,0.17,0.066,0.0
2026-04-09,WLDS,1.37,1.51,1.57,1.37,138586,203886.0,14.39,8.63,0.12,3.92
2026-04-09,WLDSW,3.1,3.1,3.1,3.1,8,21.0,0.0,0.0,0.0,0.0
2026-04-09,WLDU,15.0,15.235,15.255,14.9,6426,96631.0,2.35,0.91,0.138,0.0
2026-04-09,WLFC,195.0,201.09,203.345,195.0,81133,16215188.0,4.29,3.42,6.65,1.2
2026-04-09,WLII,10.04,10.02,10.04,10.02,292,2916.0,0.2,1.31,0.13,0.0
2026-04-09,WLIIU,10.14,10.14,10.14,10.14,26,264.0,0.0,0.0,0.0,0.0
2026-04-09,WLIIW,0.38,0.55,0.55,0.38,50300,26396.0,42.5,37.5,0.15,0.0
2026-04-09,WLK,120.99,117.21,122.53,116.26,1318732,155688053.0,5.19,-2.98,-3.6,1.03
2026-04-09,WLKP,22.79,22.68,22.85,22.5,29047,659413.0,1.55,0.49,0.11,0.08
2026-04-09,WLTG,35.29,35.538,35.59,35.29,2642,93684.0,0.85,0.72,0.254,0.0
2026-04-09,WLTH,9.97,10.08,10.16,9.72,989895,9935715.0,4.39,0.5,0.05,0.66
2026-04-09,WLY,38.49,38.59,38.725,38.45,406665,15691976.0,0.71,-0.05,-0.02,0.96
2026-04-09,WM,231.78,233.1,234.4,230.87,1605719,374240976.0,1.53,0.72,1.67,0.4
2026-04-09,WMB,72.85,72.82,74.75,71.95,5188858,380012448.0,3.84,-0.26,-0.19,0.42
2026-04-09,WMG,27.36,28.12,28.16,27.006,1802921,50305567.0,4.19,2.14,0.59,1.23
2026-04-09,WMK,71.77,73.04,73.16,71.17,182609,13247754.0,2.74,0.63,0.46,0.74
2026-04-09,WMS,145.81,149.28,150.94,145.81,632598,94405921.0,3.48,1.26,1.86,0.81
2026-04-09,WMSB,25.13,25.145,25.15,25.13,11853,297991.0,0.08,0.06,0.015,0.0
2026-04-09,WMT,127.085,129.13,129.69,126.82,13853072,1785923984.0,2.26,1.47,1.87,0.17
2026-04-09,WMTI,27.15,27.58,27.62,27.15,14362,394922.0,1.73,1.25,0.34,0.0
2026-04-09,WNC,9.05,9.18,9.19,8.76,540760,4891335.0,4.69,0.22,0.02,1.33
2026-04-09,WNEB,13.4,13.99,13.99,13.4,105422,1452298.0,4.38,3.78,0.51,0.52
2026-04-09,WNTR,32.38,32.3,32.88,31.56,134239,4316730.0,4.0,-2.24,-0.74,0.0
2026-04-09,WNW,3.64,3.58,3.65,3.44,82755,294827.0,5.41,-7.73,-0.3,6.22
2026-04-09,WOK,1.14,1.16,1.187,1.14,12047,13924.0,4.05,0.0,0.0,0.74
2026-04-09,WOLF,20.96,24.43,25.09,20.53,4499576,106514022.0,22.18,18.82,3.87,9.31
2026-04-09,WOMN,40.38,40.62,40.62,40.36,998,40342.0,0.64,-0.03,-0.014,0.0
2026-04-09,WOOD,70.92,71.394,71.63,70.84,10160,724461.0,1.1,-0.62,-0.444,0.0
2026-04-09,WOOF,2.78,2.84,2.87,2.76,1674490,4730281.0,3.91,1.07,0.03,0.68
2026-04-09,WOR,54.37,55.32,56.0,54.36,163139,9041101.0,2.99,1.0,0.55,0.33
2026-04-09,WPAC,9.9,9.91,9.91,9.9,500,4951.0,0.1,0.1,0.01,0.0
2026-04-09,WPC,71.16,71.42,72.31,70.93,1044985,74851684.0,1.93,0.0,0.0,0.48
2026-04-09,WPM,139.91,140.89,143.45,139.23,1803701,255133026.0,3.01,0.54,0.75,0.4
2026-04-09,WPP,16.68,16.59,16.74,16.13,871635,14314363.0,3.59,-2.3,-0.39,0.4
2026-04-09,WPRT,1.916,1.93,1.94,1.89,34217,65807.0,2.59,0.0,0.0,0.2
2026-04-09,WQTM,26.56,26.611,26.795,26.34,33183,883417.0,1.71,-0.18,-0.049,0.0
2026-04-09,WRAP,1.47,1.5,1.59,1.46,82243,121765.0,8.72,0.67,0.01,0.15
2026-04-09,WRB,66.66,67.21,67.91,66.44,1455053,98032913.0,2.19,-0.01,-0.01,0.39
2026-04-09,WRBY,20.98,20.94,21.36,20.4,1865753,39000307.0,4.51,-1.69,-0.36,1.75
2026-04-09,WRB_E,21.43,21.41,21.434,21.22,3378,72262.0,1.0,0.28,0.06,0.0
2026-04-09,WRB_F,19.29,19.35,19.36,19.073,19752,380745.0,1.49,0.62,0.12,0.0
2026-04-09,WRB_G,16.38,16.42,16.45,16.3,5272,86317.0,0.92,0.24,0.04,0.0
2026-04-09,WRB_H,16.05,16.04,16.12,15.921,5407,86616.0,1.24,-0.06,-0.01,0.0
2026-04-09,WRD,7.67,7.59,7.78,7.53,2141135,16286202.0,3.21,-2.57,-0.2,0.67
2026-04-09,WRLD,149.75,154.37,155.94,149.495,138589,21176325.0,4.25,1.9,2.88,2.81
2026-04-09,WRN,2.68,2.73,2.825,2.67,1255232,3449861.0,5.76,1.49,0.04,0.56
2026-04-09,WRND,38.089,38.089,38.089,38.089,943,35270.0,0.0,0.44,0.165,0.0
2026-04-09,WS,33.01,34.43,34.72,32.03,324202,11156464.0,8.03,2.75,0.92,0.64
2026-04-09,WSBC,35.92,36.71,36.94,35.87,708643,25993245.0,2.96,1.61,0.58,0.74
2026-04-09,WSBCO,25.35,25.39,25.4,25.3,29703,753481.0,0.4,0.51,0.13,0.32
2026-04-09,WSBF,18.34,18.76,18.785,18.22,110355,2056791.0,3.08,2.23,0.41,0.61
2026-04-09,WSBK,12.88,13.07,13.09,12.88,16865,218374.0,1.63,1.71,0.22,0.18
2026-04-09,WSC,18.62,18.67,19.03,18.42,1768239,33091597.0,3.24,-0.9,-0.17,0.98
2026-04-09,WSFS,68.5,70.29,70.45,68.18,459963,32174863.0,3.31,2.4,1.65,0.88
2026-04-09,WSGE,25.92,25.915,25.92,25.905,411,10662.0,0.06,0.34,0.088,0.0
2026-04-09,WSHP,5.36,5.18,5.375,5.012,31166,162336.0,6.82,-2.63,-0.14,0.28
2026-04-09,WSM,186.43,191.31,192.6,184.88,974144,185111104.0,4.12,2.02,3.78,0.82
2026-04-09,WSML,32.5,32.68,32.77,32.36,5348,174669.0,1.26,0.14,0.045,0.0
2026-04-09,WSO,388.46,403.88,405.608,388.42,360310,144315074.0,4.4,3.32,12.98,1.03
2026-04-09,WSO_B,368.33,368.33,368.33,368.33,6,2412.0,0.0,0.0,0.0,0.0
2026-04-09,WSR,18.885,18.93,18.95,18.875,5450326,103002760.0,0.44,11.75,1.99,10.6
2026-04-09,WST,264.37,258.54,264.525,257.345,785172,204159851.0,2.7,-2.78,-7.39,1.09
2026-04-09,WSTN,10.0,10.0,10.0,10.0,1,15.0,0.0,0.0,0.0,0.0
2026-04-09,WSTNU,10.14,10.14,10.14,10.14,103,1044.0,0.0,0.0,0.0,0.0
2026-04-09,WT,15.43,15.85,16.09,15.29,3130931,49533210.0,5.14,1.86,0.29,2.21
2026-04-09,WTAI,30.91,31.04,31.101,30.62,39008,1204758.0,1.55,-0.1,-0.03,0.0
2026-04-09,WTBA,24.87,25.43,25.43,24.55,37632,948864.0,3.53,2.09,0.52,0.22
2026-04-09,WTBN,25.4,25.4,25.445,25.34,4055,102990.0,0.41,-0.02,-0.005,0.0
2026-04-09,WTF,3.33,3.33,3.33,3.33,363,1215.0,0.0,-2.06,-0.07,0.0
2026-04-09,WTFC,144.86,147.43,147.95,144.49,326051,47952105.0,2.38,1.35,1.97,0.48
2026-04-09,WTFCN,26.02,26.0,26.02,25.845,12758,330901.0,0.67,0.15,0.04,0.08
2026-04-09,WTG,10.3,10.3,10.3,10.3,2000,20600.0,0.0,0.1,0.01,0.03
2026-04-09,WTGUU,11.12,11.12,11.12,11.12,4,54.0,0.0,0.0,0.0,0.0
2026-04-09,WTI,2.99,2.77,3.02,2.77,11798070,33846167.0,8.56,-5.14,-0.15,7.93
2026-04-09,WTID,4.76,5.11,5.11,4.62,152890,759306.0,10.17,6.02,0.29,0.0
2026-04-09,WTIP,37.76,37.895,37.895,37.711,3236,122169.0,0.49,0.16,0.06,0.0
2026-04-09,WTIU,19.01,18.07,19.71,17.642,144930,2689616.0,11.09,-3.06,-0.57,0.0
2026-04-09,WTLS,52.62,52.543,52.62,52.5,952,49980.0,0.23,1.24,0.646,0.0
2026-04-09,WTM,2277.22,2309.92,2325.78,2255.0,17085,39345791.0,3.11,1.44,32.71,0.69
2026-04-09,WTMF,40.18,40.064,40.2,39.952,16842,674775.0,0.62,-0.27,-0.107,0.0
2026-04-09,WTMU,25.73,25.735,25.735,25.73,234,6022.0,0.02,-0.17,-0.045,0.0
2026-04-09,WTMY,25.35,25.34,25.35,25.34,131,3322.0,0.04,-0.16,-0.04,0.0
2026-04-09,WTO,2.71,2.58,2.71,2.572,8383,22044.0,5.23,-2.27,-0.06,0.5
2026-04-09,WTPI,32.61,32.64,32.65,32.5,86217,2808156.0,0.46,0.31,0.1,0.0
2026-04-09,WTRE,23.33,23.566,23.71,23.32,3564,83837.0,1.66,0.47,0.111,0.0
2026-04-09,WTRG,40.24,41.06,41.16,40.24,2182914,89487112.0,2.28,1.84,0.74,0.77
2026-04-09,WTS,299.95,304.19,304.92,297.1,176651,53646246.0,2.6,1.01,3.04,0.64
2026-04-09,WTTR,15.36,15.12,15.71,15.1,930069,14190630.0,3.97,-1.56,-0.24,0.76
2026-04-09,WTV,95.99,96.44,96.625,95.86,89186,8593629.0,0.79,0.08,0.08,0.0
2026-04-09,WTW,288.78,287.86,290.93,286.79,635559,183448965.0,1.42,-1.02,-2.96,0.67
2026-04-09,WU,8.84,9.0,9.03,8.8,5710561,51104519.0,2.59,1.47,0.13,1.82
2026-04-09,WUGI,69.98,69.971,69.98,69.971,210,14728.0,0.01,0.12,0.082,0.0
2026-04-09,WULF,18.24,19.03,19.5,18.141,46049340,875823904.0,7.53,5.43,0.98,10.86
2026-04-09,WULX,29.38,32.6,33.98,29.38,305109,9829494.0,15.76,11.72,3.42,0.0
2026-04-09,WVE,7.01,7.16,7.225,6.97,2556889,18198747.0,3.59,0.85,0.06,1.36
2026-04-09,WVVI,2.625,2.61,2.674,2.61,1134,2965.0,2.36,-3.69,-0.1,0.02
2026-04-09,WVVIP,2.9,2.86,2.9,2.75,2799,7951.0,5.17,-1.38,-0.04,0.03
2026-04-09,WW,12.43,11.4,12.43,10.725,740935,8698052.0,15.09,0.88,0.1,7.41
2026-04-09,WWD,392.47,392.53,398.3,391.34,628801,247727852.0,1.76,-0.62,-2.44,1.05
2026-04-09,WWJD,38.71,38.92,39.02,38.48,40021,1553280.0,1.39,0.41,0.16,0.0
2026-04-09,WWR,0.626,0.602,0.633,0.601,593616,362176.0,5.11,-3.83,-0.024,0.48
2026-04-09,WWW,16.7,17.18,17.31,16.68,822507,14070434.0,3.75,2.2,0.37,1.0
2026-04-09,WXET,18.74,17.848,18.74,17.615,64138,1156046.0,6.15,-2.45,-0.449,0.0
2026-04-09,WXM,0.502,0.511,0.545,0.5,5536,2871.0,9.0,2.2,0.011,0.05
2026-04-09,WY,24.73,24.82,25.065,24.56,3160964,78506417.0,2.03,-0.32,-0.08,0.44
2026-04-09,WYFI,12.8,13.58,13.957,12.735,639135,8579066.0,9.09,0.97,0.13,1.67
2026-04-09,WYHG,0.447,0.43,0.447,0.43,2071,920.0,3.68,-6.93,-0.032,0.0
2026-04-09,WYNN,103.78,104.89,105.09,102.63,1333303,139099704.0,2.34,-0.33,-0.35,1.28
2026-04-09,WYY,5.02,4.79,5.11,4.77,25213,126819.0,6.94,-2.24,-0.11,0.26
2026-04-09,WZRD,15.95,15.523,15.95,15.523,208,3334.0,2.58,-6.12,-1.012,0.0
2026-04-09,XAGG,50.17,50.245,50.3,50.13,215420,10823596.0,0.34,0.21,0.105,0.0
2026-04-09,XAIR,0.759,0.808,0.809,0.738,157453,119464.0,9.45,7.59,0.057,1.5
2026-04-09,XAIX,42.51,42.5,42.55,41.99,6119,257970.0,1.31,-0.5,-0.212,0.0
2026-04-09,XAPR,36.925,36.925,36.925,36.89,744,27463.0,0.09,0.01,0.005,0.0
2026-04-09,XAR,270.3,269.14,273.48,268.895,170312,46083034.0,1.69,-0.94,-2.55,0.0
2026-04-09,XAUG,37.75,37.88,37.88,37.75,1219,46116.0,0.34,0.3,0.115,0.0
2026-04-09,XB,39.09,39.095,39.16,39.09,20157,788445.0,0.18,-0.04,-0.015,0.0
2026-04-09,XBAP,40.09,40.262,40.3,40.06,36768,1479297.0,0.6,0.4,0.162,0.0
2026-04-09,XBB,40.95,41.05,41.135,40.95,1294680,53223687.0,0.45,0.2,0.08,0.0
2026-04-09,XBCI,42.03,42.776,43.32,41.5,165799,7053221.0,4.31,1.36,0.573,0.0
2026-04-09,XBFR,25.03,24.99,25.03,24.99,159475,3988571.0,0.16,0.11,0.028,0.0
2026-04-09,XBI,129.7,131.82,132.15,129.55,5596626,734588736.0,1.99,0.9,1.17,0.0
2026-04-09,XBIL,50.07,50.075,50.09,50.07,157261,7874773.0,0.04,0.01,0.005,0.0
2026-04-09,XBIO,3.08,3.15,3.15,3.06,12624,39184.0,2.95,3.28,0.1,0.55
2026-04-09,XBIT,2.33,2.33,2.35,2.31,30402,71162.0,1.71,-0.43,-0.01,0.1
2026-04-09,XBJA,32.093,32.248,32.28,32.093,2214,71322.0,0.58,0.5,0.161,0.0
2026-04-09,XBJL,38.831,38.885,38.92,38.82,16536,642467.0,0.26,0.36,0.139,0.0
2026-04-09,XBOC,33.76,33.908,33.91,33.7,5509,186476.0,0.62,0.48,0.161,0.0
2026-04-09,XBOX,99.1,99.1,99.25,99.1,27051,2680679.0,0.15,-0.04,-0.04,0.0
2026-04-09,XBP,3.57,3.22,3.57,3.05,17300,59402.0,14.61,-9.55,-0.34,0.15
2026-04-09,XBPEW,0.07,0.07,0.07,0.07,200,13.0,0.0,0.0,0.0,0.0
2026-04-09,XBTY,7.17,7.17,7.21,7.115,32460,232653.0,1.32,-0.28,-0.02,0.0
2026-04-09,XC,32.675,32.815,32.89,32.51,5680,185537.0,1.16,0.38,0.125,0.0
2026-04-09,XCBEU,9.95,9.95,9.95,9.95,2830,28159.0,0.0,0.0,0.0,0.0
2026-04-09,XCBEW,0.24,0.26,0.26,0.24,12098,3063.0,9.09,18.18,0.04,0.0
2026-04-09,XCCC,36.58,36.55,36.68,36.46,1714202,62723397.0,0.6,-0.03,-0.01,0.0
2026-04-09,XCEM,43.48,43.93,44.02,43.308,133976,5865944.0,1.62,-0.07,-0.03,0.0
2026-04-09,XCH,1.238,1.16,1.238,1.16,1886,2229.0,6.72,0.0,0.0,0.0
2026-04-09,XCHG,24.7,24.91,24.91,24.7,990,24540.0,0.85,0.78,0.194,0.0
2026-04-09,XCLR,26.14,26.239,26.239,26.14,489,12814.0,0.38,0.36,0.094,0.0
2026-04-09,XCNY,30.415,30.415,30.415,30.415,104,3173.0,0.0,0.1,0.03,0.0
2026-04-09,XCOR,79.42,80.119,80.12,79.42,1543,123160.0,0.88,0.52,0.411,0.0
2026-04-09,XCUR,4.11,4.1,4.15,4.1,8743,36451.0,1.24,1.74,0.07,0.14
2026-04-09,XDAT,20.999,21.045,21.045,20.974,720,15136.0,0.33,-2.94,-0.637,0.0
2026-04-09,XDEC,41.11,41.285,41.295,41.09,3689,151879.0,0.5,0.4,0.163,0.0
2026-04-09,XDEF,23.75,23.869,23.98,23.7,1687,40227.0,1.17,-0.31,-0.074,0.0
2026-04-09,XDIV,27.54,27.64,27.73,27.42,38343,1059714.0,1.13,0.36,0.1,0.0
2026-04-09,XDQQ,38.38,38.611,38.611,38.34,43384,1670852.0,0.71,0.63,0.243,0.0
2026-04-09,XDSQ,40.874,41.096,41.14,40.82,49025,2012644.0,0.78,0.58,0.236,0.0
2026-04-09,XDTE,37.63,37.825,37.84,37.63,144604,5460656.0,0.55,-0.12,-0.045,0.0
2026-04-09,XEL,81.25,82.77,83.18,81.1,3956327,327622512.0,2.55,1.61,1.31,0.63
2026-04-09,XELB,1.51,1.375,1.51,1.315,28204,38964.0,12.75,-10.13,-0.155,0.48
2026-04-09,XELLL,24.76,24.8,24.81,24.75,32508,805618.0,0.24,0.32,0.08,0.0
2026-04-09,XEMD,44.33,44.5,44.61,44.31,69003,3073652.0,0.68,0.25,0.11,0.0
2026-04-09,XENE,57.68,58.59,58.94,57.44,764466,44728836.0,2.61,1.82,1.05,0.82
2026-04-09,XERS,5.88,6.01,6.05,5.755,1604291,9501900.0,4.98,1.52,0.09,0.93
2026-04-09,XES,118.21,118.16,120.465,117.98,145478,17253426.0,2.1,-0.03,-0.03,0.0
2026-04-09,XFEB,36.005,36.065,36.1,36.005,902,32523.0,0.26,0.37,0.134,0.0
2026-04-09,XFIV,49.08,49.125,49.19,49.04,16358,803444.0,0.31,0.07,0.035,0.0
2026-04-09,XFLH,9.9,9.9,9.9,9.9,4096,40550.0,0.0,0.0,0.0,0.03
2026-04-09,XFLH_U,9.99,10.11,10.11,9.99,2103,21156.0,1.2,1.2,0.12,0.0
2026-04-09,XFLT,17.6,17.61,17.77,17.4,173677,3072154.0,2.11,0.23,0.04,0.0
2026-04-09,XFLX,22.52,22.485,22.52,22.485,1776,39971.0,0.16,0.02,0.005,0.0
2026-04-09,XFOR,4.02,4.07,4.16,3.99,418756,1702705.0,4.2,0.49,0.02,0.46
2026-04-09,XGN,3.08,3.09,3.19,3.02,242010,745768.0,5.52,0.32,0.01,1.01
2026-04-09,XHB,101.66,104.18,104.91,101.54,1236744,128343660.0,3.29,1.76,1.8,0.0
2026-04-09,XHE,79.6,79.945,80.37,78.99,10952,875639.0,1.73,-0.03,-0.025,0.0
2026-04-09,XHG,0.86,0.86,0.86,0.86,883,757.0,0.0,1.18,0.01,0.0
2026-04-09,XHLD,1.41,1.41,1.419,1.37,11038,15366.0,3.43,-1.4,-0.02,0.28
2026-04-09,XHLF,50.23,50.22,50.24,50.22,611885,30733206.0,0.04,0.0,0.0,0.0
2026-04-09,XHR,15.12,15.59,15.705,15.12,619435,9651209.0,3.85,2.7,0.41,0.67
2026-04-09,XHS,104.15,104.909,104.909,104.15,1773,184857.0,0.72,-0.24,-0.251,0.0
2026-04-09,XHYC,36.975,36.975,36.975,36.975,7,284.0,0.0,0.19,0.07,0.0
2026-04-09,XHYD,37.85,38.235,38.235,37.85,219,8315.0,1.01,0.42,0.16,0.0
2026-04-09,XHYE,39.26,39.21,39.26,39.21,267,10481.0,0.13,0.19,0.075,0.0
2026-04-09,XHYF,37.125,37.2,37.2,36.99,669,24814.0,0.57,0.16,0.06,0.0
2026-04-09,XHYH,35.38,35.53,35.62,35.38,1490,52892.0,0.68,0.44,0.155,0.0
2026-04-09,XHYI,37.5,37.65,37.65,37.5,468,17572.0,0.4,0.24,0.09,0.0
2026-04-09,XHYT,34.13,34.1,34.13,34.1,127,4363.0,0.09,-0.06,-0.02,0.0
2026-04-09,XIDE,29.9,29.975,29.98,29.9,2839,84979.0,0.27,0.32,0.095,0.0
2026-04-09,XIDV,37.1,37.235,37.42,37.1,5855,218771.0,0.86,0.09,0.035,0.0
2026-04-09,XIFR,10.32,10.21,10.45,10.2,733034,7529883.0,2.42,-1.26,-0.13,0.78
2026-04-09,XIJN,30.75,30.77,30.82,30.75,4663,143589.0,0.23,-0.05,-0.015,0.0
2026-04-09,XIMR,31.28,31.271,31.31,31.26,6756,211384.0,0.16,0.07,0.021,0.0
2026-04-09,XISE,30.11,30.18,30.18,30.11,602,18164.0,0.23,0.2,0.06,0.0
2026-04-09,XITK,150.679,150.679,150.679,150.679,145,22012.0,0.0,-1.27,-1.936,0.0
2026-04-09,XJAN,36.84,36.96,37.02,36.84,2671,98693.0,0.49,0.33,0.123,0.0
2026-04-09,XJH,47.22,47.561,47.78,47.216,15520,738111.0,1.19,0.47,0.221,0.0
2026-04-09,XJR,45.82,46.104,46.24,45.82,2151,99076.0,0.92,1.03,0.469,0.0
2026-04-09,XJUL,39.57,39.615,39.615,39.57,1462,57882.0,0.11,0.29,0.114,0.0
2026-04-09,XJUN,43.525,43.63,43.63,43.525,3905,170227.0,0.24,0.29,0.125,0.0
2026-04-09,XLB,51.56,51.67,52.07,51.47,7658501,396162272.0,1.16,-0.15,-0.08,0.0
2026-04-09,XLBI,23.97,23.975,24.05,23.9,1732,41542.0,0.63,0.28,0.066,0.0
2026-04-09,XLC,113.795,114.27,114.47,113.215,4176739,476026304.0,1.1,0.4,0.46,0.0
2026-04-09,XLCI,24.42,24.586,24.6,24.42,1317,32340.0,0.74,0.48,0.118,0.0
2026-04-09,XLE,58.2,57.33,59.02,57.11,55088507,3190759472.0,3.29,-1.24,-0.72,0.0
2026-04-09,XLEI,27.1,26.65,27.29,26.56,35679,955178.0,2.71,-1.11,-0.3,0.0
2026-04-09,XLF,50.94,51.33,51.54,50.795,30330506,1554668752.0,1.46,0.25,0.13,0.0
2026-04-09,XLFI,22.66,22.807,22.868,22.66,6334,144294.0,0.91,0.25,0.056,0.0
2026-04-09,XLG,56.42,56.84,56.905,56.2,1622569,91879386.0,1.25,0.76,0.43,0.0
2026-04-09,XLI,169.88,172.19,173.16,169.8,8179966,1406425056.0,1.97,1.03,1.75,0.0
2026-04-09,XLII,24.92,24.93,25.009,24.8,7434,185438.0,0.84,0.52,0.13,0.0
2026-04-09,XLK,141.76,142.07,142.185,140.35,8235144,1165250432.0,1.3,0.27,0.38,0.0
2026-04-09,XLKI,24.981,25.11,25.11,24.89,10995,274760.0,0.88,0.55,0.137,0.0
2026-04-09,XLO,8.68,8.56,8.68,8.55,10140,86853.0,1.5,-1.5,-0.13,0.18
2026-04-09,XLP,82.24,83.45,83.639,82.06,11716168,975622544.0,1.91,0.81,0.67,0.0
2026-04-09,XLRE,42.29,42.73,43.11,42.23,5201988,222548965.0,2.07,0.68,0.29,0.0
2026-04-09,XLRI,23.11,23.256,23.34,23.11,4033,93839.0,0.99,0.41,0.094,0.0
2026-04-09,XLSI,23.42,23.678,23.72,23.42,2401,56768.0,1.28,0.8,0.189,0.0
2026-04-09,XLSR,60.02,60.25,60.33,59.855,45585,2741025.0,0.79,0.26,0.155,0.0
2026-04-09,XLU,46.66,47.15,47.705,46.62,23274642,1102917712.0,2.32,0.79,0.37,0.0
2026-04-09,XLUI,25.25,25.396,25.589,25.25,8569,218326.0,1.34,0.66,0.166,0.0
2026-04-09,XLV,148.83,149.33,150.215,148.3,6406585,956605728.0,1.28,-0.23,-0.34,0.0
2026-04-09,XLVI,25.122,25.244,25.36,25.122,7019,177379.0,0.94,-0.02,-0.004,0.0
2026-04-09,XLY,110.82,112.74,112.89,110.395,6660503,745998080.0,2.25,1.73,1.92,0.0
2026-04-09,XLYI,22.55,22.828,22.84,22.55,1255,28587.0,1.29,1.29,0.291,0.0
2026-04-09,XMAG,23.05,23.125,23.18,22.95,47840,1100071.0,1.0,0.36,0.083,0.0
2026-04-09,XMAR,41.275,41.42,41.43,41.241,11284,466459.0,0.46,0.39,0.162,0.0
2026-04-09,XMAY,35.38,35.465,35.465,35.38,102,3609.0,0.24,0.2,0.07,0.0
2026-04-09,XME,112.83,112.71,114.62,111.642,2052888,231505184.0,2.63,-0.56,-0.64,0.0
2026-04-09,XMHQ,106.42,106.58,107.08,105.93,214485,22873260.0,1.08,-0.31,-0.33,0.0
2026-04-09,XMLV,64.88,65.45,65.7,64.88,17654,1153546.0,1.26,0.65,0.42,0.0
2026-04-09,XMMO,153.38,154.28,155.445,153.38,313067,48358071.0,1.34,0.33,0.51,0.0
2026-04-09,XMPT,21.88,21.97,21.97,21.8,29606,647738.0,0.78,0.87,0.19,0.0
2026-04-09,XMTR,44.34,40.62,44.37,40.51,824275,34316978.0,8.7,-8.45,-3.75,1.64
2026-04-09,XMVM,67.26,67.63,67.98,67.26,30546,2071177.0,1.07,0.31,0.209,0.0
2026-04-09,XNAV,86.14,86.161,86.17,86.14,1442,124207.0,0.03,0.38,0.328,0.0
2026-04-09,XNCR,12.15,12.53,12.585,12.05,1013458,12549081.0,4.37,2.29,0.28,1.38
2026-04-09,XNDU,7.44,7.65,7.78,7.36,294009,2228808.0,5.58,1.59,0.12,0.68
2026-04-09,XNET,5.86,5.88,5.98,5.85,119126,703492.0,2.2,-0.51,-0.03,0.19
2026-04-09,XNOV,38.14,38.25,38.25,38.14,891,34076.0,0.29,0.38,0.144,0.0
2026-04-09,XNTK,273.88,274.99,275.01,271.26,58154,15932870.0,1.37,0.52,1.41,0.0
2026-04-09,XOCT,37.95,38.08,38.11,37.95,40291,1534218.0,0.42,0.25,0.095,0.0
2026-04-09,XOEF,27.41,27.506,27.545,27.4,1394,38337.0,0.53,0.13,0.037,0.0
2026-04-09,XOEX,36.518,36.518,36.518,36.518,16,601.0,0.0,0.16,0.059,0.0
2026-04-09,XOM,156.86,155.04,159.23,154.31,25868377,4033845120.0,3.15,-0.76,-1.18,0.62
2026-04-09,XOMA,34.71,36.76,37.0,34.69,307971,11130179.0,6.66,6.06,2.1,2.58
2026-04-09,XOMAO,25.95,26.043,26.043,25.9,1654,42951.0,0.55,0.13,0.033,0.09
2026-04-09,XOMAP,27.25,27.25,27.25,27.25,157,4274.0,0.0,2.91,0.771,0.02
2026-04-09,XOMO,12.72,12.57,12.859,12.5,143874,1818988.0,2.83,-0.87,-0.11,0.0
2026-04-09,XOMX,47.08,46.16,48.64,45.76,60831,2859350.0,6.13,-1.77,-0.83,0.0
2026-04-09,XOMZ,16.49,16.6,16.64,16.18,4364,71659.0,2.79,0.6,0.099,0.0
2026-04-09,XONE,49.4,49.405,49.42,49.4,52448,2591426.0,0.04,0.03,0.015,0.0
2026-04-09,XOP,172.65,167.76,174.13,166.595,5696252,966262160.0,4.39,-2.29,-3.93,0.0
2026-04-09,XOS,1.8,1.84,1.87,1.77,13353,24443.0,5.49,1.1,0.02,0.11
2026-04-09,XOSWW,0.003,0.002,0.003,0.002,47324,128.0,33.33,-33.33,-0.001,0.0
2026-04-09,XOVR,17.26,17.04,17.26,16.95,1500495,25559818.0,1.8,-1.05,-0.18,0.0
2026-04-09,XP,19.805,19.905,20.14,19.45,5506997,109485749.0,3.49,0.58,0.115,1.32
2026-04-09,XPAY,49.77,50.19,50.3,49.74,54208,2708034.0,1.12,0.58,0.29,0.0
2026-04-09,XPEG,9.435,9.565,9.639,9.12,9963,94099.0,5.11,-5.82,-0.591,0.0
2026-04-09,XPEL,44.43,46.49,47.175,43.77,324658,14845147.0,7.61,3.93,1.76,1.18
2026-04-09,XPER,5.75,5.82,5.84,5.61,237940,1371199.0,3.97,0.34,0.02,0.51
2026-04-09,XPEV,17.2,17.29,17.345,16.87,5157018,88490504.0,2.67,-2.87,-0.51,0.66
2026-04-09,XPH,55.19,56.61,56.67,55.19,399829,22635824.0,2.66,1.89,1.05,0.0
2026-04-09,XPL,0.86,0.854,0.88,0.843,251050,216965.0,4.33,-0.12,-0.001,0.27
2026-04-09,XPND,34.45,34.72,34.72,34.4,17704,613243.0,0.93,0.48,0.166,0.0
2026-04-09,XPO,211.05,211.73,216.92,211.05,1038519,221579511.0,2.77,0.01,0.03,0.88
2026-04-09,XPOF,7.27,7.58,7.59,7.27,434116,3253694.0,4.35,3.13,0.23,1.16
2026-04-09,XPON,0.665,0.69,0.69,0.645,132145,88776.0,6.82,4.55,0.03,1.22
2026-04-09,XPP,22.54,22.72,22.829,22.54,729,16479.0,1.26,-0.63,-0.145,0.0
2026-04-09,XPRO,17.11,16.69,17.26,16.6,859495,14482917.0,3.86,-2.45,-0.42,0.76
2026-04-09,XQQI,45.8,46.26,46.26,45.65,76522,3516740.0,1.33,1.11,0.51,0.0
2026-04-09,XRAY,11.81,11.86,11.99,11.515,2992476,35347831.0,3.96,-1.08,-0.13,1.5
2026-04-09,XRLX,45.967,45.967,45.967,45.967,8,412.0,0.0,0.29,0.133,0.0
2026-04-09,XRMI,17.14,17.135,17.15,17.1,5412,92725.0,0.29,0.15,0.025,0.0
2026-04-09,XRN,34.07,35.44,35.53,34.07,96120,3390933.0,4.24,2.99,1.03,0.73
2026-04-09,XRN_A,24.358,24.36,24.499,24.358,2777,67737.0,0.58,0.0,0.0,0.09
2026-04-09,XRN_B,25.205,25.2,25.215,25.05,13975,350522.0,0.66,0.68,0.17,0.68
2026-04-09,XRP,14.91,15.18,15.22,14.78,559980,8421643.0,2.91,0.33,0.05,0.0
2026-04-09,XRPC,14.16,14.41,14.47,14.063,38794,555472.0,2.83,0.21,0.03,0.0
2026-04-09,XRPI,7.52,7.649,7.67,7.45,111937,850679.0,2.88,0.12,0.009,0.0
2026-04-09,XRPK,7.66,7.999,7.999,7.66,516,3962.0,4.28,1.05,0.083,0.0
2026-04-09,XRPM,13.88,14.14,14.18,13.78,18570,261851.0,2.85,0.66,0.093,0.0
2026-04-09,XRPN,10.34,10.34,10.35,10.32,153874,1589417.0,0.29,0.29,0.03,0.65
2026-04-09,XRPNU,11.35,11.35,11.35,11.35,65,745.0,0.0,0.0,0.0,0.0
2026-04-09,XRPNW,0.6,0.6,0.62,0.578,85891,51560.0,7.0,0.0,0.0,0.0
2026-04-09,XRPR,10.95,11.09,11.125,10.84,13943,153536.0,2.57,0.0,0.0,0.0
2026-04-09,XRPT,39.35,40.837,41.09,38.84,83347,3321131.0,5.56,0.89,0.359,0.0
2026-04-09,XRPZ,14.48,14.74,14.789,14.37,110548,1612895.0,2.85,0.27,0.04,0.0
2026-04-09,XRT,82.65,83.86,84.315,82.33,4410043,368705984.0,2.39,0.93,0.77,0.0
2026-04-09,XRTX,2.78,2.285,2.78,2.25,62379,152776.0,18.86,-18.68,-0.525,4.48
2026-04-09,XRX,1.27,1.28,1.29,1.23,2988249,3764889.0,4.72,0.79,0.01,2.29
2026-04-09,XRXDW,0.091,0.104,0.11,0.091,228973,23531.0,20.88,14.29,0.013,0.0
2026-04-09,XSD,359.39,364.29,365.0,359.39,18462,6697683.0,1.56,1.37,4.94,0.0
2026-04-09,XSEP,42.67,42.81,42.82,42.67,3792,162222.0,0.35,0.3,0.128,0.0
2026-04-09,XSHD,13.24,13.46,13.48,13.24,67345,903555.0,1.8,1.13,0.15,0.0
2026-04-09,XSHQ,43.51,43.99,44.129,43.45,9480,415174.0,1.55,0.57,0.25,0.0
2026-04-09,XSLL,9.86,9.86,9.86,9.86,31,306.0,0.0,0.0,0.0,0.0
2026-04-09,XSLLW,0.2,0.2,0.2,0.185,6201,1223.0,6.0,-20.0,-0.05,0.0
2026-04-09,XSLV,48.84,49.715,49.845,48.84,4870,240417.0,2.05,1.37,0.672,0.0
2026-04-09,XSMO,81.14,82.07,82.44,81.0,302355,24771450.0,1.77,0.89,0.72,0.0
2026-04-09,XSOE,42.17,42.5,42.69,41.96,263128,11162712.0,1.71,-0.54,-0.23,0.0
2026-04-09,XSPI,46.06,46.6,46.64,46.06,17720,821628.0,1.26,0.86,0.397,0.0
2026-04-09,XSVM,62.65,63.35,63.63,62.65,23131,1459361.0,1.56,0.67,0.42,0.0
2026-04-09,XSVN,47.66,47.695,47.8,47.59,33127,1580489.0,0.44,-0.03,-0.014,0.0
2026-04-09,XSW,143.14,139.88,143.47,138.51,88257,12336153.0,3.44,-3.06,-4.41,0.0
2026-04-09,XT,70.91,71.21,71.421,70.556,75034,5329956.0,1.22,0.13,0.09,0.0
2026-04-09,XTAP,42.73,42.89,42.89,42.73,358,15304.0,0.38,0.59,0.25,0.0
2026-04-09,XTEN,45.85,45.89,46.035,45.769,150572,6911848.0,0.58,-0.07,-0.03,0.0
2026-04-09,XTIA,2.09,2.05,2.116,2.03,801532,1654039.0,4.1,-2.38,-0.05,2.08
2026-04-09,XTJA,31.64,31.869,31.869,31.64,1168,37148.0,0.72,0.7,0.223,0.0
2026-04-09,XTJL,39.51,39.73,39.73,39.51,9373,372237.0,0.56,0.53,0.21,0.0
2026-04-09,XTL,207.4,207.07,209.67,204.903,113135,23356180.0,2.3,0.05,0.11,0.0
2026-04-09,XTLB,2.38,2.48,2.52,2.38,17535,43003.0,5.98,5.98,0.14,0.74
2026-04-09,XTN,101.02,102.366,102.37,100.68,590813,59872871.0,1.66,0.61,0.616,0.0
2026-04-09,XTNT,0.47,0.475,0.509,0.45,142204,67227.0,12.55,1.06,0.005,0.1
2026-04-09,XTOC,33.7,33.877,33.899,33.7,3967,134199.0,0.59,0.67,0.227,0.0
2026-04-09,XTR,25.91,26.041,26.041,25.84,704,18253.0,0.78,0.54,0.139,0.0
2026-04-09,XTRE,49.42,49.435,49.48,49.398,22197,1097326.0,0.17,0.07,0.035,0.0
2026-04-09,XTWO,49.16,49.185,49.215,49.16,25890,1273561.0,0.11,0.05,0.025,0.0
2026-04-09,XTWY,37.57,37.571,37.835,37.465,9424,354522.0,0.98,-0.42,-0.16,0.0
2026-04-09,XUDV,28.615,28.681,28.686,28.615,3487,99888.0,0.25,0.33,0.094,0.0
2026-04-09,XUSP,46.07,46.55,46.55,46.07,4433,205397.0,1.04,0.89,0.41,0.0
2026-04-09,XV,23.99,24.144,24.155,23.97,14477,348851.0,0.77,0.39,0.094,0.0
2026-04-09,XVOL,23.15,23.233,23.233,23.15,5033,116528.0,0.36,0.27,0.063,0.0
2026-04-09,XVV,51.27,51.68,51.77,51.13,40613,2089458.0,1.25,0.6,0.31,0.0
2026-04-09,XWEL,1.31,1.23,1.345,1.22,210718,263447.0,9.54,-6.11,-0.08,2.66
2026-04-09,XWIN,7.21,7.22,7.26,7.15,748788,5399776.0,1.53,0.14,0.01,1.59
2026-04-09,XXI,6.36,6.64,6.65,6.31,992696,6489616.0,5.31,3.75,0.24,0.29
2026-04-09,XXII,2.14,2.03,2.14,2.0,12596,25901.0,6.54,-5.14,-0.11,1.75
2026-04-09,XXRP,3.75,3.87,3.91,3.68,1746731,6672472.0,5.94,0.0,0.0,0.0
2026-04-09,XXV,22.88,22.8,22.88,22.72,10953,249885.0,0.7,-0.45,-0.102,0.0
2026-04-09,XXX,19.38,19.38,19.38,19.38,63,1216.0,0.0,0.66,0.128,0.0
2026-04-09,XYF,4.33,4.38,4.383,4.23,95600,413040.0,3.48,-0.45,-0.02,0.42
2026-04-09,XYL,127.16,129.4,129.83,126.9,2303667,296899568.0,2.29,1.12,1.43,0.96
2026-04-09,XYLD,39.85,39.91,39.91,39.84,1202981,47968887.0,0.18,0.2,0.08,0.0
2026-04-09,XYLG,27.12,27.2,27.22,27.02,37803,1023074.0,0.74,0.33,0.09,0.0
2026-04-09,XYZ,62.67,62.69,62.93,59.65,5932350,366723424.0,5.22,-0.22,-0.14,1.1
2026-04-09,XYZG,11.87,12.021,12.041,11.045,4759,53701.0,8.28,-0.01,-0.001,0.0
2026-04-09,XYZY,26.01,26.1,26.12,25.47,5779,149357.0,2.45,-1.48,-0.392,0.0
2026-04-09,XZO,15.595,15.56,15.81,15.29,95312,1486127.0,3.28,-1.71,-0.27,0.1
2026-04-09,YAAS,0.95,0.96,0.96,0.94,6509,6259.0,2.06,-1.03,-0.01,0.16
2026-04-09,YALA,6.44,6.59,6.64,6.4,228223,1495218.0,3.69,1.23,0.08,0.17
2026-04-09,YALL,42.92,43.101,43.28,42.86,13351,575876.0,0.98,0.21,0.09,0.0
2026-04-09,YANG,28.73,28.17,29.15,28.1,1377863,39252363.0,3.75,0.64,0.18,0.0
2026-04-09,YB,19.03,18.95,19.135,18.8,204512,3886262.0,1.78,0.69,0.13,0.63
2026-04-09,YBIT,24.015,24.24,24.31,23.913,7883,189774.0,1.63,-0.62,-0.15,0.0
2026-04-09,YBMN,15.56,15.692,15.8,15.56,1524,23986.0,1.53,-0.13,-0.021,0.0
2026-04-09,YBST,15.575,15.575,15.575,15.575,415,6463.0,0.0,-0.29,-0.045,0.0
2026-04-09,YBTC,21.35,21.49,21.56,21.35,116541,2498549.0,0.99,1.13,0.24,0.0
2026-04-09,YBTY,14.51,14.375,14.51,14.34,3598,51939.0,1.17,-0.83,-0.12,0.0
2026-04-09,YCBD,0.7,0.654,0.744,0.63,471648,327457.0,16.29,-6.57,-0.046,4.49
2026-04-09,YCL,18.5,18.258,18.5,18.21,10178,185989.0,1.58,-0.56,-0.102,0.0
2026-04-09,YCS,54.3,53.41,54.3,53.08,75999,4059503.0,2.3,0.62,0.33,0.0
2026-04-09,YDDL,13.36,13.91,14.2,12.6,457068,6105709.0,12.12,5.38,0.71,1.04
2026-04-09,YDEC,26.74,26.96,26.97,26.74,32465,873098.0,0.85,0.0,0.0,0.0
2026-04-09,YDES,6.49,5.78,6.49,5.7,17231,101728.0,13.72,0.35,0.02,0.02
2026-04-09,YDESW,0.54,0.51,0.6,0.505,10364,5474.0,16.16,-13.27,-0.078,0.0
2026-04-09,YDKG,0.95,1.02,1.06,0.908,306073,307579.0,16.15,8.4,0.079,5.52
2026-04-09,YEAR,50.37,50.36,50.38,50.35,594560,29938527.0,0.06,0.02,0.01,0.0
2026-04-09,YELP,25.38,25.57,25.59,25.02,997126,25366421.0,2.24,0.71,0.18,1.79
2026-04-09,YETH,11.61,11.8,11.8,11.535,90488,1055622.0,2.26,0.43,0.05,0.0
2026-04-09,YETI,37.31,37.32,37.42,36.305,1001678,37137691.0,2.96,-0.77,-0.29,1.32
2026-04-09,YEXT,3.62,3.44,3.635,3.44,2773807,9644842.0,5.34,-5.75,-0.21,2.25
2026-04-09,YFFI,10.07,10.08,10.09,10.07,1488,14996.0,0.2,0.1,0.01,0.0
2026-04-09,YFYA,9.86,9.825,9.86,9.825,2880,28390.0,0.36,0.0,0.0,0.0
2026-04-09,YGLD,41.19,41.67,42.01,41.19,14709,612282.0,2.0,1.66,0.68,0.0
2026-04-09,YHC,0.985,0.95,0.985,0.95,10647,10320.0,3.63,-1.45,-0.014,0.05
2026-04-09,YHGJ,3.01,3.02,3.02,2.98,1076,3233.0,1.33,0.33,0.01,0.04
2026-04-09,YI,6.532,6.41,6.55,6.31,13029,84554.0,3.7,-1.08,-0.07,0.26
2026-04-09,YIBO,0.897,0.86,0.897,0.852,19350,16739.0,5.02,-4.12,-0.037,0.06
2026-04-09,YINN,33.02,33.78,33.85,32.58,2358930,78912992.0,3.74,-0.53,-0.18,0.0
2026-04-09,YJ,1.68,1.57,1.68,1.57,959,1530.0,7.14,1.95,0.03,0.04
2026-04-09,YJUN,26.27,26.35,26.35,26.21,4102,107772.0,0.53,0.24,0.064,0.0
2026-04-09,YLD,18.98,19.01,19.03,18.94,104922,1992327.0,0.47,0.05,0.01,0.0
2026-04-09,YLDE,54.89,55.288,55.48,54.89,10624,587153.0,1.07,0.52,0.287,0.0
2026-04-09,YLDW,25.14,25.135,25.14,25.135,9104,228899.0,0.02,0.17,0.042,0.0
2026-04-09,YMAG,12.08,12.22,12.24,12.03,3170478,38682667.0,1.74,1.24,0.15,0.0
2026-04-09,YMAR,27.84,28.041,28.1,27.84,11035,308874.0,0.93,-0.03,-0.009,0.0
2026-04-09,YMAT,0.308,0.314,0.346,0.308,19537,6390.0,11.8,-2.48,-0.008,0.11
2026-04-09,YMAX,7.8,7.74,7.81,7.64,1476408,11399562.0,2.18,-0.77,-0.06,0.0
2026-04-09,YMM,8.27,8.2,8.315,8.19,3041235,25055373.0,1.5,-1.68,-0.14,0.33
2026-04-09,YMT,0.211,0.212,0.348,0.191,204838276,57495697.0,89.2,20.45,0.036,203.48
2026-04-09,YNOT,28.35,28.574,28.58,28.17,6197,176015.0,1.45,0.92,0.261,0.0
2026-04-09,YOKE,29.34,29.325,29.35,29.31,8277,242879.0,0.14,1.02,0.297,0.0
2026-04-09,YOLO,2.7,2.75,2.8,2.7,19770,54214.0,3.68,1.1,0.03,0.0
2026-04-09,YORW,31.35,32.32,32.34,31.35,149044,4772442.0,3.13,2.28,0.72,1.03
2026-04-09,YOU,50.21,48.99,51.035,48.126,1512702,74202744.0,5.77,-2.82,-1.42,1.53
2026-04-09,YOUL,1.01,0.978,1.01,0.95,110725,107607.0,5.71,-6.86,-0.072,0.17
2026-04-09,YPF,43.66,42.69,44.0,42.46,2023869,86863291.0,3.54,-1.82,-0.79,0.52
2026-04-09,YQ,1.79,1.78,2.11,1.74,16075,29589.0,20.67,-0.56,-0.01,0.25
2026-04-09,YQQQ,12.09,12.017,12.12,12.0,229154,2753468.0,0.99,-1.27,-0.154,0.0
2026-04-09,YRD,1.73,1.75,1.77,1.68,84296,146276.0,5.23,1.74,0.03,0.1
2026-04-09,YSEP,26.79,26.88,26.88,26.71,13881,371646.0,0.63,0.04,0.01,0.0
2026-04-09,YSG,3.15,3.11,3.17,3.02,102015,317899.0,4.85,0.65,0.02,0.16
2026-04-09,YSPY,15.06,15.11,15.13,15.06,23769,358871.0,0.46,0.33,0.05,0.0
2026-04-09,YSS,27.9,36.01,36.65,27.9,5890739,198081418.0,31.31,28.84,8.06,4.62
2026-04-09,YSXT,1.21,1.21,1.26,1.205,164973,203195.0,4.58,0.83,0.01,0.74
2026-04-09,YTRA,1.08,1.06,1.09,1.05,12801,13805.0,3.81,0.95,0.01,0.02
2026-04-09,YUM,159.48,160.79,161.53,159.475,1184368,190558960.0,1.28,0.22,0.36,0.43
2026-04-09,YUMC,49.67,50.16,50.38,49.505,1198694,60006602.0,1.76,0.66,0.33,0.34
2026-04-09,YXI,21.59,21.42,21.61,21.39,1553,33395.0,1.01,-1.24,-0.27,0.0
2026-04-09,YXT,0.413,0.423,0.433,0.41,25178,10553.0,5.74,5.49,0.022,0.05
2026-04-09,YYAI,0.897,1.01,1.02,0.88,732709,701213.0,15.44,11.36,0.103,1.74
2026-04-09,YYGH,1.14,1.25,1.25,1.082,451625,533160.0,14.61,8.7,0.1,13.79
2026-04-09,YYY,11.29,11.36,11.36,11.24,468244,5306448.0,1.07,1.16,0.13,0.0
2026-04-09,YYYM,19.89,19.89,19.89,19.89,112,2233.0,0.0,0.55,0.109,0.0
2026-04-09,Z,41.17,40.63,41.17,39.83,4354092,175637260.0,3.23,-1.93,-0.8,2.41
2026-04-09,ZALT,32.99,33.08,33.08,32.94,103817,3427601.0,0.42,0.21,0.07,0.0
2026-04-09,ZAP,32.99,33.46,33.71,32.935,70492,2364151.0,2.35,1.27,0.42,0.0
2026-04-09,ZAPR,26.21,26.24,26.3,26.21,98606,2590802.0,0.34,-0.08,-0.02,0.0
2026-04-09,ZAUG,26.89,26.98,26.98,26.89,7060,189901.0,0.33,0.22,0.06,0.0
2026-04-09,ZBAI,7.245,8.0,8.0,7.025,5340,39367.0,13.62,11.73,0.84,0.05
2026-04-09,ZBAO,0.79,0.741,0.79,0.74,3620,2730.0,6.84,1.37,0.01,0.02
2026-04-09,ZBH,92.63,93.03,93.765,91.4,1712390,159244296.0,2.54,0.02,0.02,0.88
2026-04-09,ZBIO,20.75,21.28,21.765,20.75,554273,11789564.0,4.87,2.01,0.42,0.89
2026-04-09,ZCBA,49.83,49.83,49.83,49.83,1,50.0,0.0,0.19,0.094,0.0
2026-04-09,ZCBB,49.834,49.834,49.834,49.834,1,50.0,0.0,0.22,0.109,0.0
2026-04-09,ZCBC,49.972,49.972,49.972,49.972,3,150.0,0.0,-0.01,-0.007,0.0
2026-04-09,ZCBE,50.022,50.022,50.022,50.022,2,100.0,0.0,0.25,0.127,0.0
2026-04-09,ZCBF,49.976,49.976,49.976,49.976,1,50.0,0.0,-0.04,-0.018,0.0
2026-04-09,ZCBG,50.04,50.04,50.04,50.04,1,50.0,0.0,-0.06,-0.031,0.0
2026-04-09,ZCMD,1.8,1.96,2.05,1.8,14448,27839.0,12.95,1.5,0.029,0.45
2026-04-09,ZD,43.06,44.3,44.39,42.65,471816,20741505.0,4.0,1.84,0.8,1.25
2026-04-09,ZDAI,3.85,3.942,3.942,3.85,1147,4379.0,2.54,8.9,0.322,0.01
2026-04-09,ZDEK,25.83,25.89,25.89,25.83,45025,1163685.0,0.23,0.23,0.06,0.0
2026-04-09,ZDGE,2.95,2.91,2.98,2.9,46152,135347.0,2.7,-1.69,-0.05,0.37
2026-04-09,ZECP,35.11,35.35,35.43,35.05,41286,1456172.0,1.08,0.54,0.19,0.0
2026-04-09,ZENA,2.18,2.11,2.239,2.11,1042678,2249729.0,5.92,-3.21,-0.07,1.85
2026-04-09,ZEO,0.65,0.608,0.652,0.589,118458,74506.0,10.0,-3.49,-0.022,0.35
2026-04-09,ZEPP,11.5,12.2,12.692,11.389,92496,1110700.0,11.31,5.9,0.68,1.31
2026-04-09,ZETA,15.57,15.32,15.66,14.609,9981701,150080812.0,6.69,-2.54,-0.4,4.53
2026-04-09,ZETX,12.47,12.975,12.975,11.961,6552,80809.0,7.38,-5.57,-0.765,0.0
2026-04-09,ZFEB,25.48,25.54,25.565,25.48,78754,2011176.0,0.33,0.04,0.011,0.0
2026-04-09,ZG,41.21,40.65,41.565,39.85,1087725,43930185.0,4.13,-2.19,-0.91,2.56
2026-04-09,ZGN,10.98,11.55,11.585,9.97,753059,8609918.0,14.62,4.52,0.5,0.28
2026-04-09,ZH,3.27,3.24,3.315,3.19,260383,849588.0,3.8,-1.52,-0.05,0.31
2026-04-09,ZHDG,21.58,21.705,21.705,21.58,2153,46569.0,0.58,0.46,0.099,0.0
2026-04-09,ZHOG,51.54,51.565,51.59,51.52,4654,240042.0,0.14,0.03,0.015,0.0
2026-04-09,ZIG,39.68,39.995,39.995,39.68,345,13756.0,0.79,0.64,0.256,0.0
2026-04-09,ZIM,26.46,26.4,26.69,26.23,1032598,27256953.0,1.74,-0.19,-0.05,0.86
2026-04-09,ZION,60.79,61.77,62.17,60.61,1344758,82969990.0,2.56,1.26,0.77,0.91
2026-04-09,ZIP,1.95,2.1,2.1,1.885,937824,1875970.0,11.03,7.69,0.15,1.31
2026-04-09,ZJAN,27.45,27.48,27.53,27.45,30219,830721.0,0.29,0.07,0.02,0.0
2026-04-09,ZJK,2.0,1.85,2.0,1.85,2847,5583.0,7.5,-7.5,-0.15,0.01
2026-04-09,ZJUL,29.29,29.36,29.43,29.29,8299,243791.0,0.48,-0.07,-0.02,0.0
2026-04-09,ZJUN,27.13,27.15,27.15,27.105,35854,972372.0,0.17,0.13,0.034,0.0
2026-04-09,ZJYL,2.21,2.11,2.28,2.101,6174,13524.0,8.14,-4.09,-0.09,0.09
2026-04-09,ZKH,3.18,3.15,3.18,3.07,88043,275227.0,3.51,0.64,0.02,0.07
2026-04-09,ZKIN,1.47,1.27,1.47,1.27,2470,3444.0,13.61,-13.61,-0.2,0.0
2026-04-09,ZKPW,0.24,0.24,0.24,0.24,48,12.0,0.0,0.0,0.0,0.0
2026-04-09,ZLAB,21.16,20.74,21.38,20.515,1035946,21646439.0,4.04,-3.04,-0.65,0.91
2026-04-09,ZM,83.27,84.03,84.48,81.9,4919391,411307920.0,3.1,0.96,0.8,1.85
2026-04-09,ZMAR,27.78,27.76,27.81,27.74,38564,1070667.0,0.25,-0.07,-0.02,0.0
2026-04-09,ZMAY,25.71,25.695,25.71,25.695,2312,59440.0,0.06,-0.08,-0.02,0.0
2026-04-09,ZMUN,50.15,50.175,50.175,50.15,902,45240.0,0.05,0.05,0.025,0.0
2026-04-09,ZNB,1.75,1.72,1.8,1.631,44421,76360.0,9.55,-2.82,-0.05,2.81
2026-04-09,ZNOV,26.77,26.85,26.865,26.77,20427,547716.0,0.35,0.15,0.04,0.0
2026-04-09,ZNTL,3.02,4.42,4.5,2.85,15874760,65275416.0,59.78,60.14,1.66,22.38
2026-04-09,ZOCT,27.0,27.025,27.05,26.99,31277,845152.0,0.22,0.09,0.025,0.0
2026-04-09,ZONE,0.34,0.337,0.351,0.326,809103,270541.0,7.33,-1.17,-0.004,0.38
2026-04-09,ZOOZ,0.313,0.314,0.315,0.307,175874,55117.0,2.58,1.29,0.004,0.11
2026-04-09,ZOOZW,0.032,0.032,0.032,0.032,1,0.0,0.0,0.0,0.0,0.0
2026-04-09,ZROZ,63.59,63.55,64.02,63.18,409911,26003625.0,1.32,-0.49,-0.31,0.0
2026-04-09,ZS,133.1,122.23,133.5,120.765,7343496,912450016.0,9.24,-11.33,-15.62,4.57
2026-04-09,ZSB,22.21,22.21,22.21,22.21,31,699.0,0.0,0.02,0.005,0.0
2026-04-09,ZSC,29.02,29.02,29.02,29.02,83,2418.0,0.0,0.19,0.054,0.0
2026-04-09,ZSEP,26.97,26.99,26.99,26.94,29281,789548.0,0.19,0.15,0.04,0.0
2026-04-09,ZSL,22.63,22.08,22.93,21.48,5688946,126523625.0,6.37,-2.95,-0.67,0.0
2026-04-09,ZSPC,0.085,0.077,0.088,0.073,25250261,2034539.0,16.48,-15.38,-0.014,65.32
2026-04-09,ZSTK,4.93,4.92,5.0,4.77,5168,25256.0,4.67,-0.2,-0.01,0.21
2026-04-09,ZTAX,27.27,25.4,27.27,25.4,1564,41072.0,7.54,2.36,0.585,0.0
2026-04-09,ZTEK,0.569,0.555,0.57,0.536,89307,48941.0,6.07,-0.89,-0.005,0.08
2026-04-09,ZTEN,50.82,50.903,50.97,50.82,9010,458496.0,0.29,0.1,0.053,0.0
2026-04-09,ZTO,24.52,24.47,24.755,24.42,1214680,29806935.0,1.36,-0.37,-0.09,0.22
2026-04-09,ZTOP,52.086,52.086,52.086,52.086,179,9308.0,0.0,0.04,0.021,0.0
2026-04-09,ZTR,6.87,6.95,6.98,6.87,311590,2164659.0,1.6,1.16,0.08,0.0
2026-04-09,ZTRE,50.86,50.9,50.9,50.86,3036,154484.0,0.08,0.09,0.046,0.0
2026-04-09,ZTS,119.04,119.99,120.245,117.22,2439134,291564064.0,2.53,0.2,0.24,0.58
2026-04-09,ZTWO,50.53,50.54,50.55,50.51,906,45807.0,0.08,0.04,0.02,0.0
2026-04-09,ZUMZ,23.68,24.51,24.66,23.18,97940,2383382.0,6.17,2.13,0.51,0.58
2026-04-09,ZURA,5.67,5.6,5.82,5.55,564744,3191461.0,4.74,-1.75,-0.1,0.6
2026-04-09,ZVIA,1.16,1.19,1.195,1.145,253860,298028.0,4.24,0.85,0.01,0.38
2026-04-09,ZVOL,8.771,8.9,8.94,8.77,28408,251177.0,1.93,0.79,0.07,0.0
2026-04-09,ZVRA,9.5,9.71,9.76,9.44,671550,6475379.0,3.34,1.25,0.12,1.14
2026-04-09,ZWS,47.44,48.11,48.48,47.406,762196,36685864.0,2.26,1.05,0.5,0.45
2026-04-09,ZYBT,0.899,0.99,0.99,0.899,9458,8905.0,9.52,3.56,0.034,0.02
2026-04-09,ZYME,26.27,27.35,27.44,26.05,396813,10806852.0,5.2,2.4,0.64,0.54
