日期,代码,开盘价,收盘价,最高价,最低价,成交量,成交额,振幅,涨跌幅,涨跌额,换手率
2026-06-18,A,125.56,127.06,127.56,125.165,4334371,549830016.0,1.93,2.2,2.73,1.53
2026-06-18,AA,61.2,59.37,61.78,58.985,6952703,414620496.0,4.53,-3.82,-2.36,2.63
2026-06-18,AAA,25.019,25.0,25.02,24.94,2039,50986.0,0.32,0.12,0.03,0.0
2026-06-18,AAAA,30.6,30.675,30.675,30.6,1810,55403.0,0.25,1.29,0.391,0.0
2026-06-18,AAAC,20.07,20.07,20.07,20.07,4,80.0,0.0,0.05,0.01,0.0
2026-06-18,AAAD,50.25,50.144,50.25,50.144,1219,61254.0,0.21,-0.08,-0.039,0.0
2026-06-18,AAAU,42.03,41.57,42.17,41.425,1886428,78778238.0,1.78,-0.45,-0.19,0.0
2026-06-18,AACB,10.5,10.5,10.5,10.5,36,378.0,0.0,0.0,0.0,0.0
2026-06-18,AACBR,0.205,0.205,0.205,0.205,170,34.0,0.0,-2.38,-0.005,0.0
2026-06-18,AACG,0.92,1.079,1.079,0.92,35765,36943.0,15.9,7.9,0.079,0.08
2026-06-18,AACI,9.95,9.96,9.96,9.95,491,4886.0,0.1,0.0,0.0,0.0
2026-06-18,AACIU,10.3,10.3,10.3,10.3,27,283.0,0.0,0.0,0.0,0.0
2026-06-18,AACIW,0.3,0.3,0.3,0.3,1000,300.0,0.0,0.0,0.0,0.0
2026-06-18,AACO,9.9,9.9,9.9,9.9,51549,510335.0,0.0,0.0,0.0,0.22
2026-06-18,AACOU,10.03,10.01,10.26,10.01,2150,21600.0,2.5,-0.1,-0.01,0.0
2026-06-18,AACP,9.99,9.99,9.99,9.99,915,9140.0,0.0,-0.05,-0.005,0.01
2026-06-18,AACPR,0.2,0.2,0.2,0.2,1500,300.0,0.0,-4.76,-0.01,0.0
2026-06-18,AACPU,10.29,10.29,10.29,10.29,128,1319.0,0.0,-0.58,-0.06,0.0
2026-06-18,AADR,85.03,83.07,85.03,82.4,2928,242720.0,3.15,-0.56,-0.472,0.0
2026-06-18,AADX,20.29,18.82,20.65,18.49,1407160,26696618.0,10.68,-6.97,-1.41,0.82
2026-06-18,AAEQ,53.085,53.285,53.285,53.085,398,21186.0,0.38,1.14,0.603,0.0
2026-06-18,AAL,15.85,15.99,16.07,15.765,126278445,2015189536.0,1.98,3.7,0.57,19.09
2026-06-18,AALG,15.95,16.225,16.33,15.87,24560,394843.0,3.04,7.34,1.109,0.0
2026-06-18,AAME,1.75,1.87,1.87,1.75,28062,51446.0,6.78,5.65,0.1,0.14
2026-06-18,AAMI,75.88,75.15,76.135,69.52,2999676,222062282.0,8.0,-9.15,-7.57,8.42
2026-06-18,AAOG,10.41,8.87,10.41,8.48,2277307,21154645.0,20.21,-7.12,-0.68,0.0
2026-06-18,AAOI,174.65,161.85,174.76,158.04,16726243,2747449680.0,9.99,-3.28,-5.49,20.84
2026-06-18,AAON,138.35,136.72,139.45,134.29,1316494,180044043.0,3.87,2.52,3.36,1.61
2026-06-18,AAOX,46.26,39.99,46.48,38.0,10780600,446608368.0,19.92,-6.06,-2.58,0.0
2026-06-18,AAP,58.38,60.1,61.55,58.3,2156498,129821241.0,5.59,3.44,2.0,3.58
2026-06-18,AAPB,36.86,36.483,37.04,35.79,58180,2115485.0,3.48,1.56,0.561,0.0
2026-06-18,AAPD,11.89,11.88,11.98,11.783,6224339,73976330.0,1.65,-0.73,-0.087,0.0
2026-06-18,AAPG,17.395,17.12,17.69,17.12,12802,222696.0,3.34,0.18,0.03,0.01
2026-06-18,AAPL,298.11,298.01,300.57,295.62,85962201,25622373632.0,1.67,0.7,2.06,0.59
2026-06-18,AAPR,29.39,29.42,29.46,29.39,7509,221176.0,0.24,0.22,0.065,0.0
2026-06-18,AAPU,37.69,37.56,38.24,37.044,1214921,45702008.0,3.22,1.24,0.46,0.0
2026-06-18,AAPW,39.29,39.01,39.29,38.705,10245,399499.0,1.51,0.91,0.35,0.0
2026-06-18,AAPX,33.89,33.96,34.41,33.476,26732,906605.0,2.8,1.74,0.58,0.0
2026-06-18,AAPY,25.42,25.56,25.67,25.41,2026,51659.0,1.03,1.02,0.258,0.0
2026-06-18,AARD,3.9,3.93,3.98,3.71,152700,595512.0,7.07,2.88,0.11,0.7
2026-06-18,AAT,24.0,24.05,24.15,23.89,940163,22599643.0,1.09,0.84,0.2,1.53
2026-06-18,AAUA,56.948,56.948,56.948,56.948,6,371.0,0.0,1.15,0.648,0.0
2026-06-18,AAUC,25.6,25.64,26.28,25.465,237937,6115753.0,3.19,0.23,0.06,0.19
2026-06-18,AAUM,20.559,20.559,20.559,20.559,5,123.0,0.0,-1.0,-0.208,0.0
2026-06-18,AAUS,59.52,59.796,59.796,59.52,411,24533.0,0.47,1.13,0.669,0.0
2026-06-18,AAVM,34.106,34.106,34.106,34.106,37,1272.0,0.0,0.31,0.107,0.0
2026-06-18,AAXJ,122.05,123.3,123.6,122.05,328179,40372800.0,1.3,3.58,4.26,0.0
2026-06-18,AB,36.29,35.95,36.47,35.75,408048,14688348.0,1.99,-0.58,-0.21,0.44
2026-06-18,ABAT,3.17,3.12,3.17,3.02,4825457,14886099.0,4.84,0.65,0.02,3.54
2026-06-18,ABBV,221.37,216.49,222.35,215.37,9646078,2098438256.0,3.16,-2.14,-4.74,0.55
2026-06-18,ABCB,86.6,87.59,87.76,86.3,1381698,120630220.0,1.7,1.84,1.58,2.05
2026-06-18,ABCL,5.61,5.53,5.74,5.33,6803880,37126896.0,7.54,1.65,0.09,2.23
2026-06-18,ABCS,32.83,32.782,32.83,32.782,2283,74951.0,0.15,0.2,0.065,0.0
2026-06-18,ABEO,5.76,5.77,5.855,5.675,1111181,6386563.0,3.19,2.12,0.12,1.95
2026-06-18,ABEQ,37.56,37.407,37.56,37.342,2639,98794.0,0.58,-0.3,-0.113,0.0
2026-06-18,ABEV,3.14,3.12,3.16,3.1,30511442,95289073.0,1.91,-0.64,-0.02,0.2
2026-06-18,ABFL,83.62,83.53,83.62,83.229,5423,452487.0,0.47,1.25,1.03,0.0
2026-06-18,ABG,191.23,197.05,197.23,189.13,530178,104000436.0,4.26,3.64,6.92,2.85
2026-06-18,ABI,24.84,24.84,24.84,24.84,15,397.0,0.0,0.14,0.035,0.0
2026-06-18,ABIG,34.15,34.191,34.191,34.15,607,20752.0,0.12,1.21,0.41,0.0
2026-06-18,ABLD,30.26,30.26,30.27,30.2,8310,251147.0,0.23,-0.2,-0.06,0.0
2026-06-18,ABLG,33.335,33.335,33.335,33.335,14,477.0,0.0,1.73,0.566,0.0
2026-06-18,ABLS,21.875,22.04,22.04,21.875,1323,29047.0,0.76,1.23,0.267,0.0
2026-06-18,ABLV,1.08,1.12,1.14,1.08,66083,73289.0,5.45,1.82,0.02,0.27
2026-06-18,ABLVW,0.02,0.02,0.02,0.02,49,1.0,0.0,0.0,0.0,0.0
2026-06-18,ABM,43.53,44.15,44.3,43.01,1026986,45236852.0,2.97,1.54,0.67,1.75
2026-06-18,ABNB,141.39,142.41,143.62,140.14,7413230,1055894224.0,2.48,1.33,1.87,1.77
2026-06-18,ABNG,17.68,17.945,18.14,17.68,1146,20653.0,2.63,2.6,0.454,0.0
2026-06-18,ABOS,2.32,2.26,2.38,2.24,696851,1581859.0,6.22,0.44,0.01,0.96
2026-06-18,ABOT,37.275,37.787,37.787,37.275,314,11765.0,1.37,0.92,0.344,0.0
2026-06-18,ABR,5.11,5.2,5.245,5.09,5126873,26637506.0,3.04,1.96,0.1,2.67
2026-06-18,ABR_D,16.24,16.253,16.28,16.21,8136,132104.0,0.43,0.27,0.043,0.09
2026-06-18,ABR_E,16.02,16.025,16.05,15.99,4553,72950.0,0.38,0.16,0.025,0.08
2026-06-18,ABR_F,22.76,22.855,22.855,22.76,2876,65582.0,0.42,0.33,0.075,0.03
2026-06-18,ABSI,7.46,7.41,7.55,7.11,8444165,61894652.0,6.13,3.2,0.23,5.42
2026-06-18,ABT,88.64,88.41,89.44,87.76,41964841,3712142960.0,1.9,-0.1,-0.09,2.41
2026-06-18,ABTC,0.85,0.85,0.86,0.815,37288197,31559988.0,5.34,0.83,0.007,11.27
2026-06-18,ABTS,1.12,1.1,1.12,1.052,81891,89058.0,6.07,-1.79,-0.02,2.77
2026-06-18,ABUF,26.96,26.996,26.996,26.93,4722,127361.0,0.25,0.5,0.134,0.0
2026-06-18,ABUS,4.49,4.55,4.65,4.46,5045877,22983726.0,4.29,2.71,0.12,2.55
2026-06-18,ABVC,1.38,1.35,1.41,1.302,77038,104456.0,7.94,-0.74,-0.01,0.3
2026-06-18,ABVX,100.55,99.15,101.49,97.83,1701700,168845281.0,3.65,-1.0,-1.0,2.15
2026-06-18,ABX,9.69,9.25,9.72,9.14,865195,8044123.0,6.0,-4.24,-0.41,0.9
2026-06-18,ABXB,19.595,19.595,19.595,19.595,18,359.0,0.0,0.31,0.06,0.0
2026-06-18,ABXL,25.58,25.45,25.58,25.42,5972,152041.0,0.63,-0.39,-0.1,0.0
2026-06-18,ACA,135.63,135.84,137.76,134.09,686817,93252509.0,2.76,2.04,2.71,1.4
2026-06-18,ACAA,9.97,9.97,9.97,9.97,3,30.0,0.0,0.0,0.0,0.0
2026-06-18,ACAAW,0.59,0.55,0.59,0.55,3039,1687.0,7.31,0.55,0.003,0.0
2026-06-18,ACAD,21.73,21.62,21.9,21.2,3225716,69570673.0,3.24,0.09,0.02,1.88
2026-06-18,ACB,2.97,2.93,2.979,2.905,1608638,4723510.0,2.53,0.34,0.01,2.6
2026-06-18,ACCL,1.71,1.66,1.71,1.6,27362,45271.0,6.43,-2.92,-0.05,0.2
2026-06-18,ACCO,3.87,3.9,3.94,3.805,1988200,7744616.0,3.51,1.3,0.05,2.16
2026-06-18,ACCS,6.2,5.8,6.36,5.8,79928,478859.0,9.03,-6.45,-0.4,2.06
2026-06-18,ACDC,6.42,6.07,6.43,5.76,2160869,12873250.0,10.47,-5.16,-0.33,1.19
2026-06-18,ACEI,23.73,23.83,23.925,23.73,10646,253864.0,0.82,0.17,0.04,0.0
2026-06-18,ACEL,12.79,12.96,13.095,12.79,410196,5311491.0,2.39,1.65,0.21,0.5
2026-06-18,ACEP,20.19,20.052,20.19,20.05,3593,72084.0,0.69,-0.62,-0.126,0.0
2026-06-18,ACES,36.44,36.94,36.985,35.97,83946,3058801.0,2.82,2.67,0.96,0.0
2026-06-18,ACET,8.02,8.1,8.15,8.02,36382,294734.0,1.6,0.0,0.0,0.39
2026-06-18,ACFN,17.15,16.3,17.15,16.112,7308,120622.0,6.05,-5.01,-0.86,0.29
2026-06-18,ACGC,9.92,9.935,9.95,9.92,2952,29349.0,0.3,-0.05,-0.005,0.01
2026-06-18,ACGCU,10.11,10.11,10.11,10.11,1200,12132.0,0.0,0.2,0.02,0.0
2026-06-18,ACGCW,0.33,0.32,0.33,0.32,600,194.0,3.03,-3.03,-0.01,0.0
2026-06-18,ACGL,92.66,91.18,92.74,90.91,5564580,508008576.0,1.98,-1.29,-1.19,1.59
2026-06-18,ACGLN,16.12,16.04,16.22,16.03,22871,367581.0,1.19,0.06,0.01,0.11
2026-06-18,ACGLO,19.12,19.16,19.208,19.04,17905,342111.0,0.88,0.31,0.06,0.19
2026-06-18,ACGO,38.458,38.458,38.458,38.458,35,1335.0,0.0,1.96,0.738,0.0
2026-06-18,ACGR,68.8,69.205,69.205,68.8,339,23371.0,0.59,1.46,0.998,0.0
2026-06-18,ACH,3.18,3.23,3.39,3.07,2196316,7096000.0,10.13,2.22,0.07,2.87
2026-06-18,ACHC,23.88,24.87,24.92,23.79,3076500,75953368.0,4.79,5.83,1.37,3.35
2026-06-18,ACHR,5.45,5.57,5.59,5.24,40987100,224613056.0,6.53,3.92,0.21,5.4
2026-06-18,ACHV,5.39,4.85,5.5,4.82,6945503,33954924.0,12.69,-9.51,-0.51,6.77
2026-06-18,ACI,14.13,13.45,14.13,13.415,19841496,269919168.0,4.96,-6.66,-0.96,4.05
2026-06-18,ACIC,10.61,10.5,10.61,10.415,328803,3451481.0,1.86,0.1,0.01,0.68
2026-06-18,ACII,25.86,25.97,25.98,25.76,31241,809431.0,0.85,0.27,0.07,0.0
2026-06-18,ACIO,46.45,46.46,46.51,46.24,159605,7407857.0,0.59,0.77,0.355,0.0
2026-06-18,ACIU,2.4,2.4,2.425,2.335,213330,509021.0,3.85,2.56,0.06,0.21
2026-06-18,ACIW,44.61,44.09,44.99,43.62,1588495,70320445.0,3.07,-1.23,-0.55,1.56
2026-06-18,ACKY,17.72,17.807,17.81,17.63,29616,524989.0,1.02,0.86,0.152,0.0
2026-06-18,ACLC,83.92,83.976,84.03,83.78,5406,453632.0,0.3,1.05,0.875,0.0
2026-06-18,ACLO,50.4,50.425,50.45,50.4,135092,6822473.0,0.1,0.09,0.045,0.0
2026-06-18,ACLS,184.12,187.53,188.72,183.23,688836,128695361.0,3.13,6.89,12.085,2.24
2026-06-18,ACM,69.84,68.81,70.355,68.27,3888017,267650001.0,3.0,-0.88,-0.61,3.03
2026-06-18,ACMR,102.27,109.87,110.18,100.06,2986972,322651056.0,10.52,14.22,13.68,4.66
2026-06-18,ACN,126.5,127.98,134.7,125.6,41744292,5398091520.0,5.83,-17.97,-28.03,6.25
2026-06-18,ACNB,56.91,57.22,57.48,56.17,104363,5952102.0,2.33,1.87,1.05,1.02
2026-06-18,ACNT,13.95,13.96,14.005,13.53,67113,933971.0,3.43,0.87,0.12,0.74
2026-06-18,ACOG,6.72,6.91,7.03,6.117,25621,175209.0,13.67,3.44,0.23,0.12
2026-06-18,ACON,3.21,3.12,3.245,3.09,227837,763898.0,4.98,0.32,0.01,9.25
2026-06-18,ACONW,0.029,0.04,0.199,0.029,739948,81293.0,586.21,37.93,0.011,0.0
2026-06-18,ACP,5.26,5.27,5.31,5.23,472248,2484458.0,1.53,0.96,0.05,0.0
2026-06-18,ACP_A,19.6,19.545,19.6,19.545,810,15835.0,0.28,-1.29,-0.255,0.05
2026-06-18,ACR,16.63,16.61,16.722,15.66,198883,3237806.0,6.44,0.67,0.11,2.79
2026-06-18,ACRE,4.65,4.62,4.66,4.581,485336,2244622.0,1.71,0.22,0.01,0.87
2026-06-18,ACRS,4.56,4.5,4.58,4.36,4322700,19417038.0,4.86,1.81,0.08,3.1
2026-06-18,ACRV,1.54,1.57,1.61,1.51,713718,1116851.0,6.58,3.29,0.05,1.67
2026-06-18,ACR_C,25.34,25.42,25.435,25.33,12634,320861.0,0.41,0.24,0.06,0.26
2026-06-18,ACR_D,22.27,22.53,22.55,22.27,859,19335.0,1.25,0.58,0.13,0.02
2026-06-18,ACSG,48.39,48.94,48.94,48.35,3821,185087.0,1.24,2.7,1.285,0.0
2026-06-18,ACSI,74.19,73.819,74.19,73.819,1290,95699.0,0.5,0.16,0.119,0.0
2026-06-18,ACSV,48.31,48.412,48.412,48.31,104,5024.0,0.21,1.79,0.85,0.0
2026-06-18,ACT,43.08,42.39,43.095,42.1,938304,39868701.0,2.33,-0.59,-0.25,0.67
2026-06-18,ACTG,4.75,4.86,4.865,4.73,256405,1235179.0,2.87,3.18,0.15,0.27
2026-06-18,ACTS,28.99,29.143,29.143,28.99,195,5672.0,0.54,2.98,0.842,0.0
2026-06-18,ACTU,2.11,2.07,2.15,1.95,100514,209142.0,9.76,0.98,0.02,0.42
2026-06-18,ACU,45.1,45.38,45.64,44.0,37915,1702861.0,3.7,2.46,1.09,1.0
2026-06-18,ACV,28.44,28.19,28.44,28.01,15634,440984.0,1.53,0.25,0.07,0.0
2026-06-18,ACVA,6.11,6.48,6.595,6.07,4444846,28654671.0,8.55,5.54,0.34,2.55
2026-06-18,ACVF,53.99,54.058,54.06,53.95,9652,521264.0,0.21,1.18,0.628,0.0
2026-06-18,ACVT,27.85,27.845,27.85,27.84,1210,33706.0,0.04,0.38,0.106,0.0
2026-06-18,ACVU,30.91,30.983,31.02,30.91,4890,151551.0,0.36,0.88,0.271,0.0
2026-06-18,ACWI,157.83,157.74,158.04,157.06,5934981,936305152.0,0.63,1.24,1.93,0.0
2026-06-18,ACWV,120.19,119.29,120.19,119.12,212975,25417669.0,0.9,-0.18,-0.22,0.0
2026-06-18,ACWX,77.09,77.1,77.265,76.9,1315990,101470336.0,0.48,1.41,1.07,0.0
2026-06-18,ACXP,1.53,1.54,1.61,1.53,62782,98294.0,5.19,0.0,0.0,1.46
2026-06-18,ACYN,20.75,20.74,20.75,20.63,1842172,38127874.0,0.58,0.34,0.07,0.0
2026-06-18,ACYS,20.47,20.49,20.585,20.34,439038,8994773.0,1.2,0.2,0.04,0.0
2026-06-18,AD,38.72,38.86,39.12,38.4,504274,19539921.0,1.85,-0.38,-0.15,0.94
2026-06-18,ADAC,10.02,10.03,10.03,10.01,5100,51577.0,0.2,0.1,0.01,0.02
2026-06-18,ADACU,10.25,10.25,10.25,10.25,2112,21699.0,0.0,0.69,0.07,0.0
2026-06-18,ADAG,3.62,3.94,4.02,3.565,169927,659557.0,12.89,11.61,0.41,0.26
2026-06-18,ADAM,9.16,9.13,9.259,9.08,1927926,17611618.0,1.98,1.11,0.1,2.15
2026-06-18,ADAMG,25.05,25.05,25.05,24.9,11467,286946.0,0.6,0.04,0.01,0.0
2026-06-18,ADAMH,25.47,25.525,25.56,25.421,10338,263538.0,0.55,0.49,0.125,0.0
2026-06-18,ADAMI,25.13,25.121,25.204,25.121,5450,137148.0,0.33,-0.31,-0.079,0.0
2026-06-18,ADAML,24.33,24.3,24.35,24.26,12681,308345.0,0.37,0.04,0.01,0.22
2026-06-18,ADAMM,25.35,25.34,25.379,25.33,10325,261673.0,0.19,-0.04,-0.01,0.14
2026-06-18,ADAMN,23.76,23.94,23.97,23.74,12719,304462.0,0.96,0.26,0.063,0.21
2026-06-18,ADAMO,25.054,25.13,25.15,25.054,19480,489307.0,0.38,0.12,0.03,0.0
2026-06-18,ADAMZ,19.21,19.175,19.21,19.155,2951,56653.0,0.29,-0.18,-0.035,0.1
2026-06-18,ADBE,193.6,195.16,196.78,190.12,15852478,3085543648.0,3.39,-0.57,-1.12,3.99
2026-06-18,ADBG,2.71,2.73,2.78,2.6,7087343,19222585.0,6.51,-1.27,-0.035,0.0
2026-06-18,ADBU,15.18,15.41,15.54,14.6,81990,1251290.0,6.04,-1.06,-0.165,0.0
2026-06-18,ADC,73.86,73.25,74.33,72.99,1830107,134382981.0,1.82,-0.76,-0.56,1.52
2026-06-18,ADCT,1.09,1.09,1.123,1.05,1725034,1877853.0,6.58,-1.8,-0.02,1.36
2026-06-18,ADC_A,17.21,17.21,17.606,17.08,12350,211855.0,3.05,-0.32,-0.055,0.18
2026-06-18,ADDS,26.85,27.114,27.405,26.75,39768,1074847.0,2.49,3.11,0.818,0.0
2026-06-18,ADEA,32.32,31.81,32.5,29.845,2477718,78036909.0,8.46,1.37,0.43,2.25
2026-06-18,ADFI,8.49,8.495,8.5,8.48,17727,150613.0,0.24,0.0,0.0,0.0
2026-06-18,ADGM,0.7,0.68,0.735,0.68,54107,37714.0,7.86,-2.86,-0.02,0.24
2026-06-18,ADI,426.225,434.46,438.555,426.225,11868962,5146980608.0,2.98,4.83,20.01,2.44
2026-06-18,ADIL,2.79,2.6,2.899,2.56,153792,417406.0,12.33,-5.45,-0.15,7.03
2026-06-18,ADIV,19.25,19.24,19.29,19.22,3378,64987.0,0.36,-0.18,-0.035,0.0
2026-06-18,ADM,76.66,75.1,76.66,74.28,8293073,623651232.0,3.11,-1.83,-1.4,1.72
2026-06-18,ADMA,8.52,8.31,8.62,8.29,8921995,74472621.0,3.92,-1.31,-0.11,3.85
2026-06-18,ADME,55.81,55.86,55.86,55.685,6621,369049.0,0.32,1.23,0.68,0.0
2026-06-18,ADNT,20.53,20.75,20.81,20.38,1228751,25428008.0,2.1,1.52,0.31,1.57
2026-06-18,ADP,218.34,218.41,220.025,215.297,6501703,1419636448.0,2.16,-0.16,-0.35,1.63
2026-06-18,ADPT,17.11,17.53,17.565,17.0,3883147,67514691.0,3.37,4.47,0.75,2.43
2026-06-18,ADPV,47.765,47.85,47.85,47.61,14322,683821.0,0.51,1.18,0.56,0.0
2026-06-18,ADSE,11.4,11.4,11.4,11.4,1577,17965.0,0.0,0.0,0.0,0.0
2026-06-18,ADSK,194.55,193.82,197.89,190.86,9213532,1782678240.0,3.64,0.39,0.75,4.37
2026-06-18,ADT,6.46,6.58,6.63,6.45,17846484,117419497.0,2.78,1.54,0.1,2.43
2026-06-18,ADTN,15.69,15.18,15.86,15.1,3036048,46456151.0,5.04,0.6,0.09,3.75
2026-06-18,ADTX,0.016,0.01,0.018,0.009,5383006464,67950692.0,225.0,150.0,0.006,659746.04
2026-06-18,ADUR,14.9,15.12,15.5,14.57,340303,5123601.0,6.32,2.72,0.4,0.97
2026-06-18,ADUS,94.71,94.23,96.463,93.86,389809,36790811.0,2.77,0.38,0.36,2.09
2026-06-18,ADV,38.42,34.81,38.425,34.19,188535,6838748.0,11.23,-7.71,-2.91,1.42
2026-06-18,ADVB,4.73,5.1,5.1,4.73,16548,80300.0,7.79,7.37,0.35,1.0
2026-06-18,ADVE,47.205,47.435,47.435,47.205,1189,56251.0,0.49,1.98,0.92,0.0
2026-06-18,ADX,25.41,25.29,25.45,25.21,263338,6671269.0,0.96,1.16,0.29,0.0
2026-06-18,ADXN,6.5,6.2,6.75,6.11,2890,18324.0,10.31,-0.16,-0.01,0.23
2026-06-18,AEAQ,9.99,9.99,9.99,9.99,7,70.0,0.0,0.0,0.0,0.0
2026-06-18,AEBI,12.21,12.33,12.44,12.115,355531,4379325.0,2.71,2.66,0.32,0.46
2026-06-18,AEC,4.41,5.09,5.14,4.41,87168,427668.0,16.78,17.01,0.74,0.48
2026-06-18,AEE,109.11,108.67,110.09,108.17,2403604,261686373.0,1.76,-0.23,-0.25,0.87
2026-06-18,AEF,10.0,9.96,10.08,9.862,187251,1875814.0,2.24,2.26,0.22,0.0
2026-06-18,AEFC,19.16,19.1,19.16,19.01,27545,525692.0,0.79,0.32,0.06,0.0
2026-06-18,AEG,8.51,8.42,8.525,8.42,6382404,54016611.0,1.23,-1.17,-0.1,0.41
2026-06-18,AEHL,1.0,1.0,1.04,0.957,289716,286719.0,8.14,-1.96,-0.02,1.86
2026-06-18,AEHR,119.45,115.3,121.05,111.585,1398736,161766798.0,8.4,2.38,2.68,4.45
2026-06-18,AEI,1.33,1.24,1.57,1.24,34877,47083.0,24.09,-9.49,-0.13,0.09
2026-06-18,AEIS,363.29,372.59,374.51,362.6,792090,292594784.0,3.37,5.45,19.27,2.08
2026-06-18,AEM,172.77,166.66,176.53,165.69,4724211,792205280.0,6.27,-3.66,-6.33,0.94
2026-06-18,AEMD,1.92,1.89,1.96,1.84,87550,166182.0,6.28,-1.05,-0.02,3.69
2026-06-18,AEMS,11.87,11.936,11.936,11.87,13635,162350.0,0.56,1.41,0.166,0.0
2026-06-18,AENT,5.32,5.3,5.4,5.165,17937,95026.0,4.47,0.76,0.04,0.04
2026-06-18,AENTW,0.36,0.405,0.405,0.36,1160,427.0,12.5,12.5,0.045,0.0
2026-06-18,AEO,17.37,17.81,18.215,17.25,6205497,110863620.0,5.64,4.15,0.71,3.7
2026-06-18,AEON,0.66,0.668,0.682,0.51,60374,38138.0,25.52,-0.89,-0.006,0.23
2026-06-18,AEP,128.655,127.69,129.65,126.975,10158201,1299394928.0,2.09,-0.45,-0.58,1.8
2026-06-18,AER,145.72,145.06,146.84,144.56,1193969,173437309.0,1.58,0.65,0.94,0.74
2026-06-18,AERO,17.76,17.64,18.115,17.4,218493,3868999.0,4.06,0.17,0.03,0.15
2026-06-18,AERT,7.13,7.22,7.3,6.59,62701,446316.0,10.16,3.29,0.23,1.09
2026-06-18,AERTW,0.02,0.02,0.022,0.02,7510,151.0,10.0,0.0,0.0,0.0
2026-06-18,AES,14.62,14.62,14.65,14.61,10322279,150913753.0,0.27,0.07,0.01,1.45
2026-06-18,AESI,16.32,16.2,16.34,15.56,3109584,50039509.0,4.85,0.75,0.12,2.49
2026-06-18,AESPU,10.08,10.07,10.08,10.07,1578,15896.0,0.1,0.0,0.0,0.0
2026-06-18,AESR,20.8,20.77,20.8,20.61,13385,277457.0,0.94,2.62,0.53,0.0
2026-06-18,AETH,32.654,32.654,32.654,32.654,75,2474.0,0.0,0.09,0.029,0.0
2026-06-18,AEVA,24.39,24.39,24.78,22.55,2397171,57576517.0,9.49,3.83,0.9,3.55
2026-06-18,AEXA,11.25,11.14,11.31,11.1,107576,1202748.0,1.87,-0.98,-0.11,0.31
2026-06-18,AEYE,6.1,6.31,6.4,5.86,203395,1239481.0,8.96,4.64,0.28,1.63
2026-06-18,AFB,11.38,11.38,11.405,11.34,78842,896996.0,0.57,0.18,0.02,0.0
2026-06-18,AFBI,22.5,22.53,22.53,22.5,4367,98372.0,0.13,0.13,0.03,0.07
2026-06-18,AFCG,3.27,3.27,3.3,3.21,99000,323386.0,2.59,-0.3,-0.01,0.42
2026-06-18,AFG,133.35,132.9,133.48,131.395,1319014,175231473.0,1.56,-0.34,-0.45,1.59
2026-06-18,AFGB,20.35,20.44,20.51,20.35,3918,79988.0,0.79,0.34,0.07,0.0
2026-06-18,AFGC,17.85,17.86,18.04,17.85,6868,123220.0,1.06,0.06,0.01,0.0
2026-06-18,AFGD,19.68,19.67,19.74,19.595,16733,329400.0,0.74,0.77,0.15,0.0
2026-06-18,AFGE,15.89,15.93,16.02,15.89,4223,67315.0,0.82,0.25,0.04,0.0
2026-06-18,AFGR,36.505,36.569,36.569,36.49,2142,78169.0,0.22,1.6,0.576,0.0
2026-06-18,AFIF,9.41,9.385,9.41,9.37,48307,453352.0,0.42,-0.37,-0.035,0.0
2026-06-18,AFIX,24.908,24.85,24.908,24.85,6291,156431.0,0.23,0.3,0.074,0.0
2026-06-18,AFJK,30.34,34.02,35.0,30.26,3062,101843.0,13.94,0.06,0.02,0.1
2026-06-18,AFJKR,0.255,0.255,0.255,0.255,1451,406.0,0.0,0.0,0.0,0.0
2026-06-18,AFJKU,36.5,36.87,41.3,32.88,5595,206103.0,17.24,-24.52,-11.98,0.0
2026-06-18,AFK,27.68,26.562,27.68,26.562,32470,878691.0,4.09,-2.74,-0.748,0.0
2026-06-18,AFL,117.25,115.47,117.25,114.465,6380129,737106992.0,2.4,-0.66,-0.77,1.25
2026-06-18,AFLG,43.54,43.39,43.54,43.285,46726,2026974.0,0.59,0.72,0.31,0.0
2026-06-18,AFMC,40.53,40.296,40.55,40.18,33268,1342083.0,0.92,0.59,0.236,0.0
2026-06-18,AFOS,46.87,46.693,46.87,46.65,7358,343824.0,0.48,1.9,0.869,0.0
2026-06-18,AFRI,10.15,10.05,10.64,9.95,23198,233829.0,6.93,0.9,0.09,0.09
2026-06-18,AFRIW,0.79,0.7,0.79,0.7,778,549.0,14.13,9.89,0.063,0.0
2026-06-18,AFRM,71.91,73.92,74.75,71.91,4486464,331204480.0,4.02,4.51,3.19,1.52
2026-06-18,AFRU,10.4,11.014,11.19,10.4,36166,395809.0,7.89,10.03,1.004,0.0
2026-06-18,AFSC,38.218,38.218,38.218,38.218,57,2204.0,0.0,2.25,0.842,0.0
2026-06-18,AFSM,39.22,39.44,39.44,39.19,14013,551138.0,0.65,1.83,0.71,0.0
2026-06-18,AFYA,13.78,14.07,14.14,13.51,170179,2358393.0,4.56,1.88,0.26,0.32
2026-06-18,AG,18.41,18.0,19.1,17.85,17398964,315584464.0,6.74,-2.96,-0.55,3.52
2026-06-18,AGBK,7.28,6.93,7.32,6.79,595468,4116448.0,7.4,-3.21,-0.23,1.01
2026-06-18,AGCC,15.72,15.6,15.72,14.36,30630,466997.0,8.65,-0.73,-0.115,0.13
2026-06-18,AGCO,112.87,113.66,114.91,112.87,820347,93323986.0,1.82,1.51,1.69,1.13
2026-06-18,AGD,12.39,12.35,12.405,12.32,102097,1261626.0,0.7,1.23,0.15,0.0
2026-06-18,AGEM,50.88,51.074,51.2,50.88,6791,346926.0,0.64,2.45,1.221,0.0
2026-06-18,AGEN,3.0,3.0,3.095,2.91,868396,2589508.0,6.25,1.35,0.04,2.09
2026-06-18,AGG,99.0,98.9,99.11,98.87,4635657,458789056.0,0.24,0.29,0.29,0.0
2026-06-18,AGGA,25.115,25.096,25.14,25.096,7016,176243.0,0.18,0.18,0.045,0.0
2026-06-18,AGGH,20.32,20.265,20.32,20.241,75793,1537076.0,0.39,0.35,0.07,0.0
2026-06-18,AGGS,40.801,40.801,40.801,40.801,20,817.0,0.0,0.06,0.026,0.0
2026-06-18,AGGY,43.69,43.6,43.71,43.59,48490,2116041.0,0.28,0.18,0.08,0.0
2026-06-18,AGI,37.24,36.34,38.415,35.678,5937153,216065383.0,7.34,-2.6,-0.97,1.41
2026-06-18,AGIG,1.18,1.1,1.18,1.1,264923,297094.0,7.21,-0.9,-0.01,0.6
2026-06-18,AGIO,33.9,34.16,34.45,33.5,2241589,76405449.0,2.87,3.26,1.08,3.77
2026-06-18,AGIQ,23.7,23.963,23.963,23.6,3178,75597.0,1.54,1.85,0.436,0.0
2026-06-18,AGIX,47.29,47.52,47.595,46.64,311233,14679349.0,2.06,2.66,1.23,0.0
2026-06-18,AGL,105.0,113.8,114.41,102.32,417105,46107380.0,11.55,8.72,9.13,2.5
2026-06-18,AGM,184.78,183.47,185.86,182.96,121691,22404058.0,1.58,0.14,0.26,1.31
2026-06-18,AGMB,10.1,10.98,11.41,10.01,188963,2052642.0,13.86,8.71,0.88,0.38
2026-06-18,AGMH,1.15,1.18,1.201,1.15,52714,61950.0,4.4,1.72,0.02,2.29
2026-06-18,AGMI,67.71,66.697,67.76,66.38,1120,75209.0,2.03,-1.91,-1.299,0.0
2026-06-18,AGM_A,137.58,142.0,142.0,136.3,4602,642238.0,4.07,1.28,1.79,0.45
2026-06-18,AGM_D,20.97,21.23,21.25,20.841,4072,85972.0,1.95,1.1,0.23,0.1
2026-06-18,AGM_E,20.92,21.08,21.08,20.92,3265,68666.0,0.76,0.38,0.08,0.1
2026-06-18,AGM_F,18.91,19.14,19.14,18.91,4588,87375.0,1.22,1.22,0.23,0.1
2026-06-18,AGM_G,17.78,17.84,17.89,17.78,3029,53938.0,0.62,0.17,0.03,0.06
2026-06-18,AGM_H,23.81,23.71,23.82,23.68,2509,59646.0,0.59,0.64,0.15,0.06
2026-06-18,AGM_I,24.0,24.15,24.16,24.0,20116,484923.0,0.67,0.88,0.21,0.5
2026-06-18,AGNC,10.38,10.38,10.42,10.32,19081019,197982461.0,0.97,0.78,0.08,1.66
2026-06-18,AGNCL,25.11,25.0,25.11,24.9,14575,364337.0,0.84,-0.48,-0.12,0.24
2026-06-18,AGNCM,25.12,25.17,25.24,25.12,9965,250923.0,0.48,0.12,0.03,0.11
2026-06-18,AGNCN,25.81,25.88,25.95,25.81,28712,743674.0,0.54,-0.11,-0.028,0.22
2026-06-18,AGNCO,25.53,25.6,25.65,25.53,26532,679296.0,0.47,0.08,0.02,0.16
2026-06-18,AGNCP,25.19,25.29,25.49,25.19,248419,6288138.0,1.19,0.12,0.03,1.08
2026-06-18,AGNCZ,25.48,25.56,25.685,25.45,56882,1451142.0,0.92,0.31,0.08,0.47
2026-06-18,AGNG,34.6,34.47,34.625,34.299,6813,234818.0,0.94,-0.3,-0.102,0.0
2026-06-18,AGNT,4.78,4.69,4.86,4.665,3518218,16614263.0,4.18,0.43,0.02,2.14
2026-06-18,AGO,77.01,76.52,77.31,76.13,1401640,107331493.0,1.53,-0.94,-0.73,3.17
2026-06-18,AGOX,34.6,35.165,35.37,34.6,22095,775308.0,2.22,1.18,0.41,0.0
2026-06-18,AGPU,6.52,7.12,7.67,6.52,525008,3741545.0,18.46,14.29,0.89,4.85
2026-06-18,AGQ,88.69,84.95,89.78,83.13,2961869,256379163.0,7.53,-3.75,-3.31,0.0
2026-06-18,AGQI,18.24,18.278,18.28,18.24,5261,96109.0,0.22,0.69,0.126,0.0
2026-06-18,AGRH,26.315,26.315,26.315,26.315,37,1000.0,0.0,0.1,0.025,0.0
2026-06-18,AGRO,9.65,9.24,9.66,9.12,2011146,18581256.0,5.6,-4.15,-0.4,1.39
2026-06-18,AGRW,31.83,31.909,31.909,31.83,181,5776.0,0.25,1.69,0.529,0.0
2026-06-18,AGRZ,0.305,0.348,0.35,0.305,81519,26937.0,13.8,6.75,0.022,0.38
2026-06-18,AGX,731.95,738.85,746.51,707.865,523007,383465088.0,5.37,2.69,19.33,3.73
2026-06-18,AGYS,87.86,87.51,87.86,85.95,564856,49210664.0,2.18,-0.17,-0.15,2.01
2026-06-18,AGZ,109.15,109.12,109.21,109.07,8331,909475.0,0.13,0.11,0.118,0.0
2026-06-18,AGZD,22.7,22.645,22.75,22.645,30765,697988.0,0.46,-0.44,-0.1,0.0
2026-06-18,AHCO,9.55,9.65,9.7,9.53,2315745,22311380.0,1.78,1.26,0.12,1.7
2026-06-18,AHD,25.94,25.88,25.94,25.88,359,9297.0,0.23,-0.31,-0.08,0.0
2026-06-18,AHG,1.25,1.34,1.35,1.22,5800,7604.0,10.57,8.94,0.11,0.0
2026-06-18,AHLT,28.94,29.19,29.19,28.91,1502,43644.0,0.97,0.89,0.258,0.0
2026-06-18,AHL_D,18.82,18.63,18.995,18.63,18233,342452.0,1.94,-1.01,-0.19,0.18
2026-06-18,AHL_E,18.77,18.77,18.85,18.64,25824,484503.0,1.11,-0.58,-0.11,0.26
2026-06-18,AHL_F,23.49,23.34,23.71,23.3,9006,210444.0,1.77,0.73,0.17,0.1
2026-06-18,AHMA,2.57,2.37,2.97,2.301,910124,2373394.0,26.65,-5.58,-0.14,8.3
2026-06-18,AHR,46.7,46.52,46.84,45.76,7313037,340033296.0,2.32,0.0,0.0,3.54
2026-06-18,AHRT,6.67,6.67,6.69,6.615,1397430,9312197.0,1.14,1.06,0.07,1.84
2026-06-18,AHRT_A,21.99,22.19,22.19,21.99,3357,74246.0,0.91,0.91,0.2,0.05
2026-06-18,AHT,2.99,3.17,3.18,2.98,158988,496989.0,6.67,5.67,0.17,2.45
2026-06-18,AHT_D,4.1,4.11,4.31,3.945,3472,14379.0,9.15,2.98,0.119,0.31
2026-06-18,AHT_F,4.15,4.213,4.213,4.15,725,3037.0,1.45,-2.7,-0.117,0.07
2026-06-18,AHT_G,3.74,3.86,3.92,3.74,10752,41346.0,4.64,-0.52,-0.02,0.73
2026-06-18,AHT_H,3.74,3.96,3.96,3.74,6269,24374.0,5.5,-1.0,-0.04,0.6
2026-06-18,AHT_I,3.75,4.01,4.01,3.625,9150,34464.0,10.19,6.08,0.23,0.88
2026-06-18,AHYB,46.24,46.28,46.29,46.24,1845,85353.0,0.11,0.3,0.14,0.0
2026-06-18,AI,10.32,10.3,10.42,9.98,6714938,68611862.0,4.28,0.1,0.01,4.42
2026-06-18,AIA,146.79,149.16,149.58,146.79,183846,27300415.0,1.96,4.61,6.57,0.0
2026-06-18,AIAI,15.15,16.63,16.92,15.15,3818523,63173949.0,11.54,8.41,1.29,5.43
2026-06-18,AIB,2.2,2.24,2.35,2.125,1870799,4244136.0,10.47,4.19,0.09,2.64
2026-06-18,AIBD,5.15,5.051,5.24,5.05,64225,330507.0,3.58,-4.88,-0.259,0.0
2026-06-18,AIBU,65.28,66.26,66.26,64.27,14491,947005.0,3.15,4.76,3.013,0.0
2026-06-18,AIBZ,9.37,9.02,9.37,8.77,661527,6033198.0,6.84,2.85,0.25,1.23
2026-06-18,AIDX,0.655,0.657,0.689,0.61,617663,399683.0,12.25,1.86,0.012,5.82
2026-06-18,AIEQ,49.66,49.633,49.668,49.53,1216,60243.0,0.28,1.31,0.64,0.0
2026-06-18,AIFA,2.15,2.41,2.65,2.15,336820,828750.0,23.36,12.62,0.27,5.28
2026-06-18,AIFC,0.65,0.67,0.694,0.611,2025197,1320150.0,13.13,6.01,0.038,1.45
2026-06-18,AIFD,55.25,55.2,55.38,54.42,22417,1233295.0,1.78,2.62,1.409,0.0
2026-06-18,AIFF,1.445,1.37,1.45,1.37,183467,255406.0,5.56,-4.86,-0.07,1.18
2026-06-18,AIFU,46.0,49.31,51.7,42.0,11613,552594.0,19.16,-2.61,-1.32,0.2
2026-06-18,AIG,74.8,74.02,75.19,73.81,5858354,434307008.0,1.85,-1.0,-0.75,1.1
2026-06-18,AIHS,1.25,1.39,1.4,1.25,8000,10743.0,11.31,6.11,0.08,0.18
2026-06-18,AII,17.42,16.76,17.53,16.73,282300,4802214.0,4.6,-4.23,-0.74,1.44
2026-06-18,AIIA,10.2,10.2,10.2,10.2,344,3515.0,0.0,0.49,0.05,0.0
2026-06-18,AIIA_U,10.37,10.37,10.37,10.37,14,145.0,0.0,0.0,0.0,0.0
2026-06-18,AIIAr,0.186,0.187,0.205,0.17,3000,552.0,14.58,-22.08,-0.053,0.0
2026-06-18,AIIO,2.57,2.98,3.12,2.56,6504933,18844763.0,22.22,18.25,0.46,36.21
2026-06-18,AIIOW,0.039,0.045,0.05,0.031,184392,8507.0,48.72,15.38,0.006,0.0
2026-06-18,AIIR,7.0,7.0,7.25,7.0,9542,69084.0,3.62,1.45,0.1,0.01
2026-06-18,AIM,0.395,0.38,0.4,0.362,3098778,1177768.0,9.5,-5.0,-0.02,11.18
2026-06-18,AIMD,2.1,1.83,2.112,1.83,65235,123904.0,13.82,-10.29,-0.21,0.77
2026-06-18,AIMDW,0.1,0.14,0.1,0.14,100,10.0,-25.53,0.0,0.0,0.0
2026-06-18,AIMS,28.39,28.418,28.418,28.36,7672,217703.0,0.21,2.01,0.561,0.0
2026-06-18,AIN,71.15,71.08,72.31,70.51,446594,31823785.0,2.56,1.01,0.71,1.57
2026-06-18,AINP,25.17,25.09,25.17,25.09,2892,72694.0,0.32,0.1,0.024,0.0
2026-06-18,AINT,28.25,28.581,28.581,27.62,3064,86134.0,3.41,1.56,0.439,0.0
2026-06-18,AIO,27.91,28.3,28.36,27.733,86967,2447414.0,2.28,2.91,0.8,0.0
2026-06-18,AIOO,26.27,26.295,26.32,26.27,3114,81886.0,0.19,0.19,0.05,0.0
2026-06-18,AIOS,12.35,13.45,13.45,11.23,64057,807945.0,18.2,10.25,1.25,1.97
2026-06-18,AIOT,4.17,3.98,4.2,3.95,2877258,11638478.0,6.11,-2.69,-0.11,2.14
2026-06-18,AIP,43.86,44.11,44.85,42.075,1055474,46147648.0,6.59,4.67,1.97,2.29
2026-06-18,AIPI,37.36,37.53,37.575,36.94,246233,9186336.0,1.73,1.98,0.73,0.0
2026-06-18,AIPO,33.61,34.0,34.09,33.32,1253504,42353816.0,2.35,3.91,1.28,0.0
2026-06-18,AIQ,66.2,66.8,67.04,65.63,1761628,117110839.0,2.19,3.84,2.47,0.0
2026-06-18,AIQD,61.078,61.078,61.078,61.078,248,15520.0,0.0,-8.6,-5.745,0.0
2026-06-18,AIQU,17.015,18.301,18.34,17.015,16479,295788.0,7.86,8.51,1.435,0.0
2026-06-18,AIR,134.67,134.88,135.48,131.373,717187,96562991.0,3.11,2.07,2.74,1.8
2026-06-18,AIRE,2.3,2.22,2.35,2.21,39926,90628.0,6.11,-3.06,-0.07,0.74
2026-06-18,AIRG,6.76,6.78,7.09,6.51,92030,621047.0,8.58,0.3,0.02,0.73
2026-06-18,AIRI,3.08,3.01,3.083,3.01,138147,418267.0,2.38,-1.95,-0.06,2.85
2026-06-18,AIRJ,4.56,4.85,4.885,4.47,1662644,7896480.0,9.47,10.73,0.47,2.3
2026-06-18,AIRJW,1.22,1.19,1.3,1.18,12300,15184.0,10.43,3.48,0.04,0.0
2026-06-18,AIRO,7.83,7.99,8.09,7.643,553595,4390680.0,5.94,6.25,0.47,1.76
2026-06-18,AIRR,131.58,130.9,131.83,128.9,471876,61643568.0,2.27,1.28,1.65,0.0
2026-06-18,AIRS,4.94,4.94,5.094,4.89,984595,4881309.0,4.24,2.7,0.13,1.4
2026-06-18,AIRT,21.95,23.13,23.2,21.95,3438,78771.0,5.6,3.58,0.8,0.13
2026-06-18,AIRTP,19.445,19.18,19.787,19.11,505,9798.0,3.47,-1.64,-0.32,0.06
2026-06-18,AIS,83.84,85.57,86.07,83.84,749575,63828822.0,2.79,7.08,5.66,0.0
2026-06-18,AISP,2.83,2.9,2.98,2.795,417661,1198767.0,6.56,2.84,0.08,1.21
2026-06-18,AISPW,0.99,0.9,0.99,0.89,23247,21700.0,11.36,2.27,0.02,0.0
2026-06-18,AIT,333.38,337.96,340.37,333.38,485794,164050099.0,2.12,2.45,8.07,1.31
2026-06-18,AIUP,26.52,26.955,26.955,26.52,571,15271.0,1.64,1.68,0.446,0.0
2026-06-18,AIV,2.89,2.9,2.93,2.89,2420765,7026923.0,1.38,0.0,0.0,1.68
2026-06-18,AIVC,117.63,118.11,119.11,117.63,89893,10629409.0,1.29,2.67,3.07,0.0
2026-06-18,AIVI,57.92,57.88,57.94,57.88,1333,77251.0,0.1,0.02,0.013,0.0
2026-06-18,AIVL,128.85,128.878,128.955,128.751,2818,363310.0,0.16,0.82,1.052,0.0
2026-06-18,AIXC,1.48,1.46,1.48,1.332,519840,752372.0,10.35,2.1,0.03,2.57
2026-06-18,AIXI,6.82,6.26,7.199,5.98,166136,1059855.0,17.9,-8.08,-0.55,18.05
2026-06-18,AIYY,9.43,9.28,9.43,9.0,105566,965549.0,4.56,-1.69,-0.16,0.0
2026-06-18,AIZ,265.26,259.86,265.26,258.44,863079,224694481.0,2.6,-0.87,-2.27,1.74
2026-06-18,AIZN,18.82,18.9,19.25,18.8,12144,230082.0,2.39,0.53,0.1,0.0
2026-06-18,AJAN,28.3,28.35,28.35,28.3,987,27967.0,0.18,0.23,0.065,0.0
2026-06-18,AJG,216.17,214.06,216.18,211.29,2848451,609378608.0,2.26,-0.94,-2.03,1.11
2026-06-18,AJUL,29.98,30.005,30.005,29.98,216,6496.0,0.08,0.0,0.0,0.0
2026-06-18,AKA,8.95,9.1,9.588,8.76,13410,121559.0,9.64,5.94,0.51,0.12
2026-06-18,AKAF,31.675,31.675,31.675,31.675,6,220.0,0.0,-0.36,-0.113,0.0
2026-06-18,AKAM,129.27,124.91,130.0,122.76,6468424,808388848.0,5.66,-2.3,-2.945,4.45
2026-06-18,AKAN,18.08,18.2,18.8,17.01,49271,841940.0,9.42,-4.21,-0.8,9.11
2026-06-18,AKBA,1.05,1.07,1.08,0.996,22933787,24372215.0,8.24,4.9,0.05,8.55
2026-06-18,AKO_A,23.1,23.1,23.1,23.1,13,292.0,0.0,0.0,0.0,0.0
2026-06-18,AKO_B,28.87,29.13,29.5,28.56,4056,118304.0,3.21,-0.61,-0.18,0.01
2026-06-18,AKR,21.22,21.13,21.37,20.96,2389687,50505200.0,1.94,-0.19,-0.04,1.68
2026-06-18,AKRE,53.89,53.15,54.0,52.88,808388,42954149.0,2.08,-1.21,-0.65,0.0
2026-06-18,AKTS,24.41,24.09,24.82,23.38,552134,13306554.0,6.12,2.38,0.56,1.03
2026-06-18,AKTX,12.02,10.94,12.799,10.61,67632,757234.0,18.24,-8.83,-1.06,4.3
2026-06-18,ALAB,384.73,417.07,421.2,384.73,22605898,9393160704.0,9.73,11.31,42.39,13.19
2026-06-18,ALAI,46.28,46.75,46.75,45.905,70890,3282000.0,1.86,2.93,1.33,0.0
2026-06-18,ALAR,9.08,9.17,9.55,9.0,153857,1410111.0,6.05,0.88,0.08,2.12
2026-06-18,ALB,167.6,160.35,168.82,154.51,4385430,705514416.0,8.59,-3.73,-6.21,3.72
2026-06-18,ALBG,11.9,10.72,11.93,9.925,49933,546288.0,17.27,-7.69,-0.893,0.0
2026-06-18,ALBT,0.359,0.34,0.359,0.326,560516,192573.0,9.17,-5.56,-0.02,4.65
2026-06-18,ALB_A,66.24,64.805,66.36,62.73,58885,3858456.0,5.44,-2.9,-1.935,0.13
2026-06-18,ALC,63.87,64.68,64.918,63.84,1999190,129142172.0,1.68,0.84,0.54,0.41
2026-06-18,ALCO,40.57,40.34,40.71,40.34,21122,854149.0,0.92,0.27,0.11,0.28
2026-06-18,ALDB,25.21,25.27,25.27,25.21,300,7569.0,0.24,0.52,0.13,0.0
2026-06-18,ALDF,10.68,10.68,10.68,10.68,50000,534459.0,0.0,0.0,0.0,0.21
2026-06-18,ALDX,1.87,1.96,1.99,1.87,2185078,4209302.0,6.56,7.1,0.13,3.62
2026-06-18,ALEC,1.58,1.75,1.77,1.565,1108447,1887038.0,13.14,12.18,0.19,1.0
2026-06-18,ALF,10.79,10.791,10.791,10.79,351,3797.0,0.01,-0.45,-0.049,0.0
2026-06-18,ALFUU,10.91,10.91,10.91,10.91,100,1091.0,0.0,0.65,0.07,0.0
2026-06-18,ALFUW,0.28,0.28,0.28,0.28,115,32.0,0.0,-6.04,-0.018,0.0
2026-06-18,ALG,158.15,161.35,162.84,158.15,445957,71872624.0,3.0,3.32,5.18,3.66
2026-06-18,ALGM,57.2,59.0,59.555,56.29,4705453,275754400.0,6.05,9.3,5.02,2.53
2026-06-18,ALGN,176.7,182.08,183.03,173.56,1949707,353203888.0,5.46,4.93,8.55,2.72
2026-06-18,ALGS,5.25,5.28,5.44,5.158,39806,210753.0,5.27,-1.31,-0.07,0.74
2026-06-18,ALGT,98.66,100.76,102.56,98.32,754341,75906898.0,4.42,5.08,4.87,4.09
2026-06-18,ALH,26.18,26.89,27.03,26.18,1070069,28629521.0,3.27,3.5,0.91,0.54
2026-06-18,ALHC,21.43,21.86,22.38,21.17,7257260,159124816.0,5.65,2.05,0.44,3.51
2026-06-18,ALIL,32.699,32.699,32.699,32.699,4,130.0,0.0,2.2,0.704,0.0
2026-06-18,ALIS,10.11,10.14,10.17,10.11,9433,95669.0,0.59,0.3,0.03,0.11
2026-06-18,ALISR,0.77,0.81,0.85,0.759,63516,50766.0,11.82,5.19,0.04,0.0
2026-06-18,ALIT,0.55,0.569,0.578,0.536,38811124,21575351.0,7.06,-4.37,-0.026,7.37
2026-06-18,ALK,49.92,49.26,50.81,48.83,4279069,212297808.0,4.1,2.05,0.99,3.84
2026-06-18,ALKS,45.25,44.99,45.76,43.98,7751437,348358944.0,4.0,1.08,0.48,4.65
2026-06-18,ALKT,15.14,14.68,15.21,14.58,2071522,30586348.0,4.17,-2.72,-0.41,1.94
2026-06-18,ALL,221.65,221.17,222.21,218.285,5024761,1108722416.0,1.77,-0.22,-0.49,1.95
2026-06-18,ALLE,131.33,133.57,135.96,131.33,1853752,248002579.0,3.56,2.6,3.39,2.16
2026-06-18,ALLO,2.02,2.0,2.08,1.97,23548239,47234107.0,5.61,2.04,0.04,6.82
2026-06-18,ALLR,1.35,1.43,1.48,1.28,297900,413251.0,14.92,6.72,0.09,1.87
2026-06-18,ALLT,7.17,7.18,7.2,6.85,1570500,11125207.0,4.94,1.41,0.1,3.21
2026-06-18,ALLW,29.71,29.61,29.785,29.555,465798,13796392.0,0.78,0.54,0.16,0.0
2026-06-18,ALLY,46.01,45.49,46.46,45.43,4230341,193057632.0,2.26,-0.02,-0.01,1.38
2026-06-18,ALL_B,26.07,26.02,26.08,25.92,11310,294448.0,0.62,0.08,0.02,0.0
2026-06-18,ALL_H,20.27,20.34,20.36,20.22,89539,1817529.0,0.69,0.49,0.1,0.19
2026-06-18,ALL_I,18.9,18.95,19.0,18.87,18752,355017.0,0.69,0.42,0.08,0.16
2026-06-18,ALL_J,26.09,26.23,26.23,26.09,21606,565410.0,0.54,0.58,0.15,0.09
2026-06-18,ALM,18.66,18.81,18.96,17.82,7947255,147799981.0,6.24,2.9,0.53,2.8
2026-06-18,ALMR,20.45,21.96,22.24,20.2,996569,21777330.0,10.1,8.71,1.76,1.44
2026-06-18,ALMS,23.8,23.41,24.205,22.81,1883737,43973078.0,6.05,1.56,0.36,1.53
2026-06-18,ALMU,25.78,24.19,26.3,23.45,739386,17928950.0,11.46,-2.7,-0.67,4.04
2026-06-18,ALNT,96.95,95.85,99.375,94.52,302862,29084203.0,5.18,2.31,2.16,1.78
2026-06-18,ALNY,280.11,278.09,282.98,273.11,2204703,611687984.0,3.49,-1.64,-4.63,1.65
2026-06-18,ALOT,28.36,28.57,28.6,28.32,1027282,29158983.0,0.99,0.78,0.22,13.26
2026-06-18,ALOVU,10.24,10.24,10.24,10.24,32,325.0,0.0,0.0,0.0,0.0
2026-06-18,ALOVW,0.4,0.4,0.4,0.4,515,206.0,0.0,-11.11,-0.05,0.0
2026-06-18,ALOY,17.0,17.78,17.95,16.141,6908198,121424691.0,10.89,7.04,1.17,11.29
2026-06-18,ALP,0.26,0.249,0.278,0.247,3638615,928288.0,11.92,-4.23,-0.011,15.53
2026-06-18,ALPS,0.71,0.72,0.727,0.66,20516,14002.0,9.6,3.15,0.022,0.01
2026-06-18,ALRG,29.806,29.806,29.806,29.806,12,362.0,0.0,0.9,0.266,0.0
2026-06-18,ALRM,45.33,44.38,45.33,43.625,1481014,65673386.0,3.77,-1.88,-0.85,2.99
2026-06-18,ALRS,30.01,29.68,30.225,29.455,447588,13279113.0,2.6,0.03,0.01,1.78
2026-06-18,ALSN,120.62,119.1,121.53,118.94,1824258,217850106.0,2.18,0.2,0.24,2.2
2026-06-18,ALT,2.68,2.7,2.77,2.68,11688234,31658332.0,3.41,2.27,0.06,6.01
2026-06-18,ALTG,7.34,7.67,7.85,7.34,478595,3634634.0,7.06,6.23,0.45,1.47
2026-06-18,ALTG_A,25.09,25.2,25.21,25.09,3653,92037.0,0.48,0.2,0.05,0.3
2026-06-18,ALTI,3.04,2.89,3.24,2.87,223000,658059.0,12.33,-3.67,-0.11,
2026-06-18,ALTL,50.94,51.052,51.211,50.94,2391,122100.0,0.55,2.93,1.452,0.0
2026-06-18,ALTO,5.0,5.02,5.1,4.812,2641839,13102753.0,5.82,1.41,0.07,3.41
2026-06-18,ALTY,12.29,12.315,12.325,12.286,16781,206373.0,0.32,0.65,0.08,0.0
2026-06-18,ALUB,10.05,10.05,10.05,10.05,3400,34170.0,0.0,0.1,0.01,0.01
2026-06-18,ALUB_WS,0.5,0.5,0.5,0.5,100,50.0,0.0,2.04,0.01,0.0
2026-06-18,ALV,116.15,118.24,118.44,116.15,1244028,146757034.0,1.97,1.65,1.92,1.66
2026-06-18,ALVO,3.92,3.92,4.01,3.835,1080458,4219841.0,4.47,0.13,0.005,0.32
2026-06-18,ALX,258.04,259.37,263.91,256.507,26656,6930233.0,2.9,1.67,4.25,0.52
2026-06-18,ALXO,1.44,1.53,1.545,1.405,5048971,7646131.0,9.66,5.52,0.08,3.75
2026-06-18,ALZN,1.25,1.22,1.26,1.22,45030,55230.0,3.2,-2.4,-0.03,1.18
2026-06-18,AM,21.35,21.71,21.86,21.195,6315819,136956698.0,3.11,1.5,0.32,1.33
2026-06-18,AMA,46.02,45.28,48.22,44.58,329617,15238505.0,8.68,7.98,3.345,0.0
2026-06-18,AMAL,43.8,43.955,44.5,43.39,225323,9887915.0,2.57,1.79,0.775,0.75
2026-06-18,AMAN,10.16,10.08,10.16,10.06,4301,43315.0,0.99,0.0,0.0,0.06
2026-06-18,AMAT,622.52,617.11,638.9,612.5,16781180,10411409920.0,4.45,4.08,24.19,2.11
2026-06-18,AMAU,28.05,27.275,29.12,26.9,364408,10211174.0,8.75,7.51,1.905,0.0
2026-06-18,AMAX,7.72,7.68,7.72,7.68,7174,55297.0,0.52,-0.65,-0.05,0.0
2026-06-18,AMBA,68.03,69.97,70.14,66.18,2102001,145711959.0,6.01,6.21,4.09,4.79
2026-06-18,AMBO,2.07,2.35,2.7,2.07,5070621,15685724.0,23.51,-12.31,-0.33,193.17
2026-06-18,AMBP,4.41,4.34,4.48,4.34,1808500,7915754.0,3.21,-0.23,-0.01,
2026-06-18,AMBQ,84.42,90.48,91.61,81.06,2220400,196100896.0,13.33,14.36,11.36,10.39
2026-06-18,AMBR,1.52,1.56,1.57,1.51,38700,59266.0,4.0,4.0,0.06,0.04
2026-06-18,AMC,2.65,2.83,2.9,2.58,81447365,225784176.0,12.03,6.39,0.17,10.21
2026-06-18,AMCI,4.32,4.33,4.39,4.29,16134,69667.0,2.3,-0.23,-0.01,0.07
2026-06-18,AMCR,41.12,41.08,41.83,40.93,6421336,264308777.0,2.21,0.76,0.31,1.39
2026-06-18,AMCX,9.34,9.36,9.47,9.08,1151705,10758636.0,4.19,0.65,0.06,3.55
2026-06-18,AMD,531.58,537.37,539.69,526.315,43805645,23392149504.0,2.61,4.86,24.89,2.69
2026-06-18,AMDD,2.94,2.91,2.98,2.9,11982499,35276615.0,2.61,-4.9,-0.15,0.0
2026-06-18,AMDG,120.0,122.443,122.52,117.77,70986,8508127.0,4.27,10.03,11.162,0.0
2026-06-18,AMDL,70.81,71.82,72.5,69.11,3975130,281612832.0,5.16,9.38,6.16,0.0
2026-06-18,AMDW,108.35,109.17,109.505,106.83,66219,7158080.0,2.59,5.78,5.97,0.0
2026-06-18,AMDY,55.02,55.55,55.67,54.625,364079,20075164.0,1.92,1.87,1.02,0.0
2026-06-18,AME,234.0,237.42,238.67,234.0,2439232,577292160.0,2.02,2.66,6.15,1.06
2026-06-18,AMG,361.53,352.9,361.78,351.16,646670,228551783.0,2.99,-0.78,-2.77,2.45
2026-06-18,AMGN,344.38,337.6,345.0,334.05,8151089,2758299168.0,3.2,-1.19,-4.06,1.51
2026-06-18,AMH,32.13,31.71,32.23,31.6,5134376,163164523.0,1.98,-0.38,-0.12,1.43
2026-06-18,AMH_G,22.99,22.99,23.19,22.99,1515,34931.0,0.87,0.35,0.08,0.03
2026-06-18,AMH_H,23.93,24.17,24.17,23.93,1392,33459.0,1.0,0.5,0.12,0.03
2026-06-18,AMID,35.83,35.837,35.85,35.76,2106,75408.0,0.25,0.61,0.219,0.0
2026-06-18,AMIX,0.391,0.364,0.391,0.364,324883,117075.0,6.94,-6.43,-0.025,2.85
2026-06-18,AMJB,33.49,33.97,33.97,33.045,23124,775008.0,2.8,2.78,0.92,0.0
2026-06-18,AMKL,29.87,29.11,30.73,28.21,199175,5779431.0,9.42,8.82,2.36,0.0
2026-06-18,AMKR,91.79,90.46,93.0,89.02,5317577,480435264.0,4.6,4.66,4.03,2.15
2026-06-18,AMLP,50.48,50.67,51.03,49.95,2167847,109771294.0,2.13,0.12,0.06,0.0
2026-06-18,AMLX,15.315,15.67,16.2,15.315,1293015,20218785.0,5.8,2.75,0.42,1.16
2026-06-18,AMN,32.68,30.98,32.7,30.63,1189094,37036002.0,6.39,-4.32,-1.4,3.07
2026-06-18,AMOD,4.5,4.01,4.53,3.79,92048,372605.0,17.09,-7.39,-0.32,2.23
2026-06-18,AMODW,0.026,0.03,0.03,0.026,1505,45.0,13.33,0.0,0.0,0.0
2026-06-18,AMOM,63.5,62.968,63.5,62.93,1999,126353.0,0.92,2.04,1.258,0.0
2026-06-18,AMP,476.37,467.43,477.49,465.12,1269312,594870448.0,2.62,-0.96,-4.54,1.41
2026-06-18,AMPG,9.81,8.99,10.1,8.73,4243742,39318432.0,14.12,-7.32,-0.71,16.75
2026-06-18,AMPGR,4.47,3.99,4.5,3.79,13981,56057.0,15.88,-10.74,-0.48,0.0
2026-06-18,AMPGZ,2.99,3.0,3.0,2.86,8280,24426.0,4.67,0.0,0.0,0.0
2026-06-18,AMPH,19.51,18.81,19.66,18.7,1327603,25134405.0,4.95,-3.09,-0.6,3.01
2026-06-18,AMPL,6.56,6.53,6.625,6.33,1771037,11562736.0,4.52,0.0,0.0,1.71
2026-06-18,AMPU,7.346,7.93,8.0,6.825,134593,998086.0,16.91,14.1,0.98,0.0
2026-06-18,AMPX,15.3,16.17,16.19,14.84,7798331,122718310.0,9.0,7.8,1.17,5.51
2026-06-18,AMPX_WS,6.62,6.98,7.1,6.44,23854,161000.0,10.23,8.22,0.53,0.0
2026-06-18,AMPY,4.05,4.13,4.13,3.95,645158,2616143.0,4.42,1.47,0.06,1.56
2026-06-18,AMR,194.22,185.77,194.812,185.1,339169,63407390.0,5.02,-3.93,-7.6,2.67
2026-06-18,AMRC,27.75,28.64,28.69,27.5,854758,24323629.0,4.36,4.95,1.35,2.45
2026-06-18,AMRN,15.92,16.03,16.305,15.555,87091,1398570.0,4.76,1.65,0.26,0.42
2026-06-18,AMRX,16.47,16.21,16.61,15.731,2874908,46531539.0,5.4,-0.43,-0.07,0.9
2026-06-18,AMRZ,54.29,55.35,56.63,54.29,3536007,196366029.0,4.31,2.05,1.11,0.64
2026-06-18,AMS,1.46,1.46,1.46,1.41,127706,184500.0,3.5,2.1,0.03,1.93
2026-06-18,AMSC,41.49,43.4,43.485,40.442,1124987,48088711.0,7.58,8.15,3.27,2.32
2026-06-18,AMSF,31.55,31.32,31.55,31.1,371876,11656361.0,1.44,0.32,0.1,1.99
2026-06-18,AMSS,1.82,2.11,2.481,1.759,492078,1056061.0,39.89,16.57,0.3,4.41
2026-06-18,AMST,1.24,1.21,1.275,1.21,94871,117180.0,5.16,-3.97,-0.05,1.62
2026-06-18,AMT,181.64,176.05,181.898,175.0,4453095,789682128.0,3.81,-2.78,-5.04,0.96
2026-06-18,AMTB,23.53,23.6,23.82,23.35,462814,10918138.0,2.02,1.59,0.37,1.2
2026-06-18,AMTD,0.96,0.955,0.999,0.95,103982,100889.0,4.9,-4.5,-0.045,0.23
2026-06-18,AMTM,21.4,21.66,21.67,20.99,3296937,70996558.0,3.16,0.74,0.16,1.35
2026-06-18,AMTX,1.93,1.96,2.03,1.9,904887,1765180.0,6.77,2.08,0.04,1.29
2026-06-18,AMUB,21.08,21.138,21.138,21.08,216,4553.0,0.28,0.51,0.108,0.0
2026-06-18,AMUN,26.05,26.055,26.061,26.04,4092,106646.0,0.08,0.06,0.015,0.0
2026-06-18,AMUU,245.63,252.54,254.77,244.29,54512,13560342.0,4.54,9.35,21.6,0.0
2026-06-18,AMWL,8.53,8.43,8.889,8.39,82899,707109.0,5.87,-0.82,-0.07,0.55
2026-06-18,AMX,26.54,26.46,26.63,26.38,704662,18651234.0,0.95,0.04,0.01,0.02
2026-06-18,AMYY,15.75,15.76,15.81,15.711,17724,279272.0,0.63,-0.47,-0.075,0.0
2026-06-18,AMZA,45.0,45.5,45.5,44.327,34355,1541669.0,2.58,0.0,0.0,0.0
2026-06-18,AMZD,9.48,9.31,9.641,9.255,16189474,152329039.0,4.03,-2.86,-0.274,0.0
2026-06-18,AMZE,0.145,0.146,0.153,0.136,7204529,1035454.0,11.89,2.1,0.003,12.26
2026-06-18,AMZN,240.12,244.39,245.73,236.02,75624415,18345232384.0,4.09,2.9,6.89,0.7
2026-06-18,AMZO,18.28,17.48,18.28,17.48,8142,145669.0,4.32,-5.71,-1.059,0.0
2026-06-18,AMZP,26.09,26.532,26.57,25.55,6503,170462.0,3.96,2.92,0.752,0.0
2026-06-18,AMZU,34.205,35.43,35.82,33.077,4726839,164060508.0,8.18,5.7,1.91,0.0
2026-06-18,AMZW,37.05,37.42,37.66,36.105,30886,1146685.0,4.28,3.06,1.11,0.0
2026-06-18,AMZY,10.85,10.98,11.02,10.74,389982,4261385.0,2.58,1.2,0.13,0.0
2026-06-18,AMZZ,31.44,32.6,32.88,30.46,224459,7164024.0,7.83,5.5,1.7,0.0
2026-06-18,AN,188.88,188.74,191.0,186.87,598101,113002926.0,2.22,1.28,2.38,1.79
2026-06-18,ANAB,58.37,57.51,58.44,55.16,827833,47448107.0,5.78,1.3,0.74,2.84
2026-06-18,ANDE,69.57,71.22,71.53,69.411,706168,50069348.0,3.08,3.56,2.45,2.07
2026-06-18,ANDG,38.01,37.17,38.3,36.35,370631,13810483.0,5.08,-3.13,-1.2,2.75
2026-06-18,ANEL,22.105,21.59,22.2,21.19,142984,3102106.0,4.92,5.16,1.06,0.0
2026-06-18,ANET,171.2,169.67,172.0,167.585,11130444,1888466560.0,2.68,2.87,4.74,0.88
2026-06-18,ANEW,50.632,50.632,50.632,50.632,34,1748.0,0.0,1.29,0.646,0.0
2026-06-18,ANF,85.6,87.24,89.39,85.6,1574688,137827597.0,4.47,2.99,2.53,3.54
2026-06-18,ANGH,5.715,5.69,5.89,5.65,6165,35310.0,4.07,-3.56,-0.21,0.07
2026-06-18,ANGHW,0.012,0.013,0.013,0.01,60939,697.0,18.75,-18.75,-0.003,0.0
2026-06-18,ANGI,5.1,5.02,5.13,4.8,2783258,13826272.0,6.47,-1.57,-0.08,6.88
2026-06-18,ANGL,29.16,29.18,29.208,29.16,382721,11168527.0,0.17,0.31,0.089,0.0
2026-06-18,ANGO,12.04,12.15,12.15,11.73,1195401,14483173.0,3.58,3.49,0.41,2.89
2026-06-18,ANGX,3.16,3.2,3.22,3.11,1334327,4254530.0,3.5,1.91,0.06,1.03
2026-06-18,ANG_D,24.63,24.68,24.88,24.6,179516,4439612.0,1.13,-0.28,-0.07,1.5
2026-06-18,ANIK,14.38,14.42,14.5,14.07,131908,1893175.0,3.02,1.34,0.19,0.99
2026-06-18,ANIP,81.0,79.49,81.0,78.375,351456,27931141.0,3.26,-1.28,-1.03,1.55
2026-06-18,ANIX,2.76,2.91,2.94,2.58,600837,1660093.0,13.38,8.18,0.22,1.77
2026-06-18,ANL,10.33,10.1,10.72,9.887,42963,434367.0,8.12,-1.56,-0.16,0.07
2026-06-18,ANNA,3.01,2.93,3.055,2.91,182767,539790.0,4.68,-5.48,-0.17,0.45
2026-06-18,ANNAW,0.292,0.285,0.315,0.255,17748,4876.0,17.44,-17.15,-0.059,0.0
2026-06-18,ANNX,5.1,4.9,5.21,4.815,7342604,36133326.0,8.0,-0.81,-0.04,4.48
2026-06-18,ANPA,4.5,4.6,5.01,4.5,3236,15143.0,10.74,-3.16,-0.15,0.02
2026-06-18,ANRO,22.5,22.74,23.51,21.759,558218,12658880.0,8.04,4.36,0.95,1.59
2026-06-18,ANSC,11.4,11.42,11.42,11.4,10449,119136.0,0.18,0.18,0.02,0.03
2026-06-18,ANSCW,0.219,0.219,0.219,0.219,850,186.0,0.0,0.0,0.0,0.0
2026-06-18,ANTA,6.76,6.54,6.8,6.54,2212,14749.0,3.85,-3.04,-0.205,0.01
2026-06-18,ANTX,4.87,5.0,5.06,4.8,480864,2396976.0,5.31,2.04,0.1,1.34
2026-06-18,ANV,25.24,25.225,25.3,25.16,1131,28530.0,0.56,0.56,0.14,0.0
2026-06-18,ANVS,1.76,1.75,1.8,1.75,1091219,1926058.0,2.87,0.57,0.01,2.57
2026-06-18,ANY,4.21,3.43,4.21,3.35,815025,3001269.0,20.53,-18.14,-0.76,12.26
2026-06-18,AOA,98.22,98.22,98.31,97.96,91887,9018697.0,0.36,0.84,0.82,0.0
2026-06-18,AOCT,27.27,27.32,27.32,27.27,1902,51869.0,0.18,0.24,0.065,0.0
2026-06-18,AOD,10.41,10.41,10.46,10.385,335610,3500224.0,0.73,0.87,0.09,0.0
2026-06-18,AOHY,11.1,11.07,11.1,11.04,10218,113055.0,0.54,0.05,0.005,0.0
2026-06-18,AOK,41.56,41.54,41.575,41.5,100570,4176944.0,0.18,0.61,0.25,0.0
2026-06-18,AOM,50.02,49.97,50.02,49.91,124344,6213685.0,0.22,0.6,0.3,0.0
2026-06-18,AOMD,24.85,24.864,24.95,24.75,5763,143140.0,0.8,-0.06,-0.016,0.0
2026-06-18,AOMN,25.06,25.09,25.09,25.03,3212,80512.0,0.24,0.0,0.0,0.0
2026-06-18,AOMR,8.51,8.45,8.59,8.43,185111,1572520.0,1.89,-0.12,-0.01,0.74
2026-06-18,AON,327.86,317.74,328.0,317.48,2382854,761231200.0,3.22,-2.74,-8.95,1.12
2026-06-18,AOR,69.76,69.76,69.92,69.56,268893,18736613.0,0.52,0.87,0.6,0.0
2026-06-18,AORT,21.39,21.19,21.665,20.83,1000724,21184360.0,3.94,-0.05,-0.01,2.06
2026-06-18,AOS,58.97,58.22,60.1,58.07,4224638,247215592.0,3.51,0.59,0.34,3.77
2026-06-18,AOSL,45.54,48.04,49.13,45.54,2928243,140478198.0,8.32,11.33,4.89,9.78
2026-06-18,AOTG,63.585,64.708,64.708,63.585,2449,157213.0,1.79,3.26,2.045,0.0
2026-06-18,AOTS,22.03,22.179,22.179,22.03,285,6299.0,0.67,0.31,0.069,0.0
2026-06-18,AOUT,9.88,10.13,10.16,9.84,59484,596830.0,3.27,3.37,0.33,0.48
2026-06-18,AP,11.23,10.8,11.3,10.45,127351,1366697.0,7.81,-0.74,-0.08,0.63
2026-06-18,APA,33.34,33.03,33.36,32.485,12406427,408434928.0,2.58,-2.65,-0.9,3.51
2026-06-18,APAM,36.46,35.88,36.58,35.54,1198045,43021892.0,2.88,-0.77,-0.28,1.69
2026-06-18,APC,18.57,18.39,20.337,18.19,298342,5499702.0,11.57,-0.92,-0.17,2.37
2026-06-18,APCB,29.44,29.39,29.45,29.38,27645,813481.0,0.24,0.22,0.065,0.0
2026-06-18,APD,283.4,280.21,283.835,278.62,2568781,720615312.0,1.85,-0.55,-1.54,1.15
2026-06-18,APEI,52.38,52.72,52.81,50.9,269470,14131461.0,3.65,0.8,0.42,1.47
2026-06-18,APG,42.6,42.54,42.74,42.19,4379471,186082072.0,1.32,1.75,0.73,1.01
2026-06-18,APGE,91.03,90.38,91.03,87.4,1970054,177586890.0,4.1,2.21,1.95,3.18
2026-06-18,APH,165.32,163.96,166.35,162.67,12819436,2106997792.0,2.28,1.77,2.85,1.04
2026-06-18,APHU,27.18,27.18,27.61,27.0,7181,195688.0,2.34,4.33,1.128,0.0
2026-06-18,API,4.22,4.15,4.29,4.07,466606,1933154.0,5.21,-1.66,-0.07,0.71
2026-06-18,APIE,38.28,38.88,38.88,38.28,26766,1036512.0,1.56,1.18,0.452,0.0
2026-06-18,APLD,47.185,46.59,47.78,45.37,14554440,675989040.0,5.29,2.24,1.02,5.09
2026-06-18,APLE,16.42,16.59,16.71,16.42,4425569,73409787.0,1.78,2.09,0.34,1.87
2026-06-18,APLM,13.88,17.498,18.93,13.88,45632,744399.0,36.17,25.34,3.538,2.08
2026-06-18,APLMW,0.011,0.013,0.013,0.01,54046,602.0,23.08,0.0,0.0,0.0
2026-06-18,APLU,24.72,24.665,24.72,24.665,15164,374337.0,0.22,0.26,0.065,0.0
2026-06-18,APLX,33.5,32.43,34.17,30.985,808030,26230181.0,10.24,4.31,1.34,0.0
2026-06-18,APLY,12.05,12.0,12.05,11.96,92260,1107774.0,0.75,-0.25,-0.03,0.0
2026-06-18,APLZ,12.34,12.65,13.25,12.0,324457,4124131.0,9.53,-3.51,-0.46,0.0
2026-06-18,APM,0.867,0.832,0.871,0.82,83555,70619.0,5.86,-4.37,-0.038,1.32
2026-06-18,APMU,24.99,25.03,25.03,24.93,28496,711991.0,0.4,0.44,0.11,0.0
2026-06-18,APO,140.63,137.5,141.73,137.178,6168722,852641376.0,3.28,-1.02,-1.41,1.07
2026-06-18,APOC,26.26,26.23,26.26,26.2,3559,93311.0,0.23,0.06,0.015,0.0
2026-06-18,APOG,40.29,41.27,42.11,40.29,512877,21180376.0,4.56,3.46,1.38,2.4
2026-06-18,APOS,25.56,25.6,25.63,25.5,24570,628807.0,0.51,0.08,0.02,0.0
2026-06-18,APO_A,70.92,70.56,72.13,70.31,761395,53858309.0,2.56,-0.7,-0.5,2.65
2026-06-18,APP,481.31,469.71,483.9,460.2,9549103,4491863808.0,4.94,-2.04,-9.78,3.12
2026-06-18,APPF,147.76,151.5,152.91,146.19,855827,129599424.0,4.52,1.96,2.91,3.56
2026-06-18,APPN,21.43,20.95,21.43,20.54,1732025,36212648.0,4.13,-2.83,-0.61,4.09
2026-06-18,APPS,8.75,8.61,8.88,8.213,5903567,50570485.0,7.74,-0.12,-0.01,4.89
2026-06-18,APPX,35.51,33.95,35.82,32.6,506281,17240960.0,9.04,-4.63,-1.65,0.0
2026-06-18,APRB,26.79,26.835,26.835,26.79,582,15598.0,0.17,0.36,0.096,0.0
2026-06-18,APRE,0.79,0.715,0.79,0.71,76252,57023.0,10.26,-8.33,-0.065,0.62
2026-06-18,APRH,25.42,25.43,25.47,25.38,2216,56347.0,0.35,0.18,0.045,0.0
2026-06-18,APRJ,25.12,25.115,25.12,25.11,2931,73616.0,0.04,-0.02,-0.005,0.0
2026-06-18,APRP,32.51,32.51,32.51,32.51,17,553.0,0.0,0.46,0.15,0.0
2026-06-18,APRT,45.75,45.775,45.78,45.71,7955,363950.0,0.15,0.49,0.223,0.0
2026-06-18,APRW,37.039,37.067,37.07,37.039,3966,146980.0,0.08,0.34,0.127,0.0
2026-06-18,APRZ,39.962,39.962,39.962,39.962,4,160.0,0.0,0.89,0.354,0.0
2026-06-18,APT,5.24,5.43,5.65,5.06,146991,778536.0,11.13,2.45,0.13,1.44
2026-06-18,APTV,63.77,63.68,64.86,62.93,5457088,348319776.0,3.07,1.29,0.81,2.58
2026-06-18,APUE,45.98,46.07,46.094,45.85,62374,2867922.0,0.54,1.12,0.51,0.0
2026-06-18,APUR,9.9,9.9,9.9,9.9,126,1248.0,0.0,0.0,0.0,0.0
2026-06-18,APURR,0.219,0.22,0.22,0.16,5939,1297.0,27.78,1.85,0.004,0.0
2026-06-18,APUS,1.2,1.09,1.32,1.075,61705,72526.0,18.7,-16.79,-0.22,0.41
2026-06-18,APVO,4.87,4.67,4.87,4.67,16578,78221.0,4.17,-2.71,-0.13,1.33
2026-06-18,APWC,1.92,1.99,2.28,1.68,48089946,104951884.0,43.17,43.17,0.6,116.63
2026-06-18,APXM,31.76,31.685,31.76,31.632,1500,47608.0,0.4,0.22,0.07,0.0
2026-06-18,APXT,10.05,10.06,10.06,10.045,41570,417778.0,0.15,0.1,0.01,0.12
2026-06-18,APXTU,10.25,10.25,10.25,10.25,100,1025.0,0.0,0.0,0.0,0.0
2026-06-18,APXTW,0.288,0.288,0.288,0.288,2515,723.0,0.0,-4.0,-0.012,0.0
2026-06-18,APYX,4.17,4.11,4.24,4.01,194791,803217.0,5.46,-2.38,-0.1,0.47
2026-06-18,AQB,1.035,0.94,1.04,0.94,99944,101114.0,9.8,-7.84,-0.08,1.94
2026-06-18,AQEC,23.99,23.668,23.99,23.63,17949,424825.0,1.51,-0.51,-0.122,0.0
2026-06-18,AQLG,25.296,25.296,25.296,25.296,216,5462.0,0.0,0.6,0.15,0.0
2026-06-18,AQLT,31.43,31.35,31.52,31.35,17737,557403.0,0.55,0.81,0.253,0.0
2026-06-18,AQMS,3.34,3.29,3.34,3.12,62456,201786.0,6.79,1.54,0.05,1.86
2026-06-18,AQN,5.92,5.89,5.95,5.85,3811290,22483788.0,1.7,0.34,0.02,0.5
2026-06-18,AQNB,25.57,25.51,25.62,25.51,13757,351512.0,0.43,-0.31,-0.08,0.0
2026-06-18,AQST,4.49,4.71,4.74,4.45,3138100,14544669.0,6.66,6.32,0.28,2.5
2026-06-18,AQWA,18.99,19.145,19.33,18.99,44135,849041.0,1.81,1.74,0.327,0.0
2026-06-18,AR,33.61,33.22,33.85,33.07,7299400,243366368.0,2.3,-2.01,-0.68,2.36
2026-06-18,ARAI,0.499,0.473,0.499,0.461,792234,375377.0,7.95,-1.05,-0.005,1.53
2026-06-18,ARAY,0.349,0.348,0.35,0.337,997658,342560.0,3.79,1.46,0.005,0.84
2026-06-18,ARB,29.63,29.58,29.63,29.556,8747,258991.0,0.25,0.2,0.059,0.0
2026-06-18,ARBB,4.68,4.77,5.05,4.68,8307,39512.0,7.54,-2.85,-0.14,0.47
2026-06-18,ARBE,0.84,0.822,0.853,0.801,1320589,1085089.0,6.18,-2.26,-0.019,1.08
2026-06-18,ARBEW,0.034,0.03,0.034,0.02,54126,1550.0,46.67,0.0,0.0,0.0
2026-06-18,ARBK,3.77,3.58,3.8,3.57,33528,125958.0,6.08,-5.29,-0.2,0.23
2026-06-18,ARCB,146.94,144.53,149.508,142.79,951876,137704324.0,4.61,-0.91,-1.32,4.28
2026-06-18,ARCC,18.08,18.03,18.3,17.985,6902840,124916663.0,1.74,-0.39,-0.07,0.96
2026-06-18,ARCI,9.983,9.983,9.983,9.983,4,40.0,0.0,0.0,0.0,0.0
2026-06-18,ARCIU,10.15,10.15,10.15,10.15,1532,15550.0,0.0,0.0,0.0,0.0
2026-06-18,ARCIW,0.63,0.63,0.63,0.63,2135,1281.0,0.0,5.0,0.03,0.0
2026-06-18,ARCL,9.9,9.91,9.91,9.9,250143,2476417.0,0.1,0.3,0.03,1.96
2026-06-18,ARCLR,0.23,0.23,0.23,0.23,200,46.0,0.0,-4.17,-0.01,0.0
2026-06-18,ARCLU,10.25,10.25,10.25,10.25,100,1072.0,0.0,0.0,0.0,0.0
2026-06-18,ARCLW,0.12,0.12,0.12,0.12,4501,540.0,0.0,0.0,0.0,0.0
2026-06-18,ARCM,100.255,100.285,100.285,100.255,176,17658.0,0.03,0.06,0.065,0.0
2026-06-18,ARCO,8.63,8.55,8.816,8.475,1248994,10666916.0,3.98,-0.12,-0.01,0.96
2026-06-18,ARCT,7.56,7.53,7.79,7.35,466268,3518449.0,5.98,2.31,0.17,1.64
2026-06-18,ARCX,14.45,15.11,15.11,13.49,32388,468606.0,11.57,7.93,1.11,0.0
2026-06-18,ARDC,12.7,12.77,12.81,12.64,237133,3023064.0,1.35,1.43,0.18,0.0
2026-06-18,ARDT,9.09,8.91,9.375,8.84,505788,4533834.0,5.89,-1.87,-0.17,0.35
2026-06-18,ARDX,5.9,6.05,6.07,5.75,9839094,58963814.0,5.48,3.6,0.21,3.98
2026-06-18,ARE,50.31,51.03,51.5,49.79,2351140,119751540.0,3.47,3.7,1.82,1.35
2026-06-18,AREC,2.15,2.15,2.195,2.115,1857482,3992109.0,3.79,1.9,0.04,1.74
2026-06-18,AREN,1.15,1.05,1.18,1.05,86402,95367.0,11.71,-5.41,-0.06,0.18
2026-06-18,ARES,130.0,129.34,131.37,127.719,4523715,585536384.0,2.84,0.77,0.99,2.04
2026-06-18,ARES_B,41.7,41.49,42.28,41.31,67103,2784476.0,2.33,-0.24,-0.1,0.22
2026-06-18,ARGT,96.81,97.1,97.71,96.0,283550,27587062.0,1.76,0.21,0.2,0.0
2026-06-18,ARGX,901.115,877.72,902.89,863.96,351969,308699376.0,4.36,-1.63,-14.54,0.57
2026-06-18,ARHS,7.0,7.26,7.46,6.99,1235026,8998498.0,6.83,5.52,0.38,2.27
2026-06-18,ARI,10.73,10.83,10.85,10.68,5047025,54430994.0,1.59,1.03,0.11,3.85
2026-06-18,ARIS,17.13,16.62,17.55,15.899,2638788,43537947.0,9.67,-2.69,-0.46,1.28
2026-06-18,ARKB,21.33,20.88,21.33,20.64,2741201,57313303.0,3.24,-1.97,-0.42,0.0
2026-06-18,ARKD,20.308,20.308,20.308,20.308,6,137.0,0.0,1.18,0.236,0.0
2026-06-18,ARKF,40.01,40.03,40.28,39.46,322931,12888496.0,2.07,0.98,0.39,0.0
2026-06-18,ARKG,36.1,36.86,36.955,35.88,6411532,232963717.0,3.07,5.19,1.82,0.0
2026-06-18,ARKI,22.177,22.177,22.177,22.177,4,89.0,0.0,1.37,0.299,0.0
2026-06-18,ARKK,79.51,80.19,80.36,78.69,8036795,638439040.0,2.13,2.17,1.7,0.0
2026-06-18,ARKO,7.78,7.49,7.82,7.41,2765496,20805860.0,5.31,-2.98,-0.23,2.47
2026-06-18,ARKQ,133.2,133.17,133.49,130.19,192052,25326036.0,2.51,1.32,1.73,0.0
2026-06-18,ARKR,6.255,6.2,6.29,6.2,2504,15632.0,1.42,-2.05,-0.13,0.07
2026-06-18,ARKT,19.171,19.171,19.171,19.171,26,507.0,0.0,1.09,0.206,0.0
2026-06-18,ARKW,145.74,146.63,146.63,143.161,70501,10226110.0,2.41,1.82,2.62,0.0
2026-06-18,ARKX,34.94,34.56,34.94,33.9,2650115,90748056.0,3.01,0.14,0.05,0.0
2026-06-18,ARL,15.09,16.0,16.0,14.758,8867,139313.0,8.35,7.6,1.13,0.05
2026-06-18,ARLI,26.389,26.35,26.39,26.35,471,12430.0,0.15,0.59,0.155,0.0
2026-06-18,ARLO,12.76,13.06,13.185,12.66,2461446,32049199.0,4.14,2.92,0.37,2.27
2026-06-18,ARLP,24.12,23.52,24.268,23.45,501068,11900964.0,3.37,-3.21,-0.78,0.39
2026-06-18,ARLU,31.93,32.005,32.04,31.93,3506,112189.0,0.35,0.99,0.315,0.0
2026-06-18,ARM,440.245,439.46,452.7,423.62,34221913,15024013312.0,6.94,4.91,20.58,3.2
2026-06-18,ARMG,62.86,62.49,65.95,57.7,2596445,160600134.0,14.5,9.8,5.58,0.0
2026-06-18,ARMH,189.28,187.069,190.61,180.755,8423,1573000.0,5.54,5.2,9.246,0.0
2026-06-18,ARMK,54.02,53.33,54.16,52.97,2578437,137527646.0,2.22,-0.3,-0.16,0.98
2026-06-18,ARMP,7.12,7.08,7.2,6.88,21260,150479.0,4.53,0.28,0.02,0.06
2026-06-18,ARMW,95.88,99.07,102.76,95.455,130371,12914000.0,7.77,5.44,5.11,0.0
2026-06-18,ARMY,24.62,24.302,24.62,24.15,2955,71889.0,1.91,-1.08,-0.265,0.0
2026-06-18,AROC,35.76,36.97,37.03,35.055,2980332,109053539.0,5.57,4.2,1.49,1.7
2026-06-18,AROW,38.9,38.8,39.405,38.52,313169,12155221.0,2.3,0.81,0.31,1.89
2026-06-18,ARP,32.66,32.83,32.85,32.66,7385,241830.0,0.58,1.03,0.336,0.0
2026-06-18,ARQ,2.75,2.84,2.89,2.74,657900,1871453.0,5.68,4.03,0.11,1.53
2026-06-18,ARQQ,23.31,24.38,25.7,21.01,5673000,135658816.0,20.75,7.88,1.78,32.6
2026-06-18,ARQQW,0.06,0.054,0.08,0.052,123097,8455.0,41.79,-19.4,-0.013,0.0
2026-06-18,ARQT,26.69,26.21,27.0,25.43,5480646,143259012.0,5.99,-0.04,-0.01,4.38
2026-06-18,ARR,16.77,16.76,16.92,16.685,5381681,90252684.0,1.41,0.48,0.08,4.34
2026-06-18,ARRY,7.75,8.0,8.05,7.565,8650112,68335832.0,6.33,4.44,0.34,5.62
2026-06-18,ARR_C,20.9,20.87,21.02,20.87,13645,285952.0,0.72,-0.27,-0.056,0.19
2026-06-18,ARTC,9.93,9.91,9.93,9.91,223638,2220614.0,0.2,-0.1,-0.01,0.86
2026-06-18,ARTCU,9.99,9.99,9.99,9.99,70,699.0,0.0,0.0,0.0,0.0
2026-06-18,ARTL,1.28,1.26,1.29,1.25,123694,155867.0,3.15,-0.79,-0.01,3.55
2026-06-18,ARTNA,32.47,32.28,32.83,32.02,49893,1612035.0,2.51,0.06,0.02,0.53
2026-06-18,ARTV,9.93,9.82,10.496,9.48,1747772,17142793.0,10.22,-1.21,-0.12,3.6
2026-06-18,ARTW,2.609,2.59,2.74,2.59,13410,35387.0,5.75,-0.77,-0.02,0.26
2026-06-18,ARTY,78.04,78.9,79.5,77.74,783144,61774935.0,2.33,4.25,3.22,0.0
2026-06-18,ARVN,7.85,7.67,8.02,7.52,957543,7350523.0,6.52,0.0,0.0,1.48
2026-06-18,ARVR,57.371,57.371,57.371,57.371,175,9939.0,0.0,3.09,1.719,0.0
2026-06-18,ARW,230.84,232.7,233.01,228.112,875616,203160529.0,2.17,2.97,6.71,1.71
2026-06-18,ARWG,26.25,26.29,26.29,26.07,3035,79461.0,0.86,2.75,0.703,0.0
2026-06-18,ARWR,82.57,81.82,84.549,79.8,3863403,315860368.0,5.86,0.96,0.78,2.74
2026-06-18,ARX,12.95,12.99,13.2,12.405,1517584,19462990.0,6.06,-0.99,-0.13,1.35
2026-06-18,ARXS,40.41,43.61,44.775,40.41,5180722,224203192.0,10.79,7.81,3.16,7.44
2026-06-18,AS,36.12,36.83,36.95,35.74,4347042,159441985.0,3.45,4.93,1.73,0.75
2026-06-18,ASA,60.39,59.21,62.21,58.235,226305,13606639.0,6.7,-0.22,-0.13,1.17
2026-06-18,ASAN,6.99,6.92,7.19,6.815,6754331,47148511.0,5.28,-2.54,-0.18,4.2
2026-06-18,ASB,29.11,29.2,29.47,29.04,4116408,120133140.0,1.49,0.9,0.26,2.18
2026-06-18,ASBA,24.8,24.93,25.0,24.8,10145,252884.0,0.81,0.4,0.1,0.0
2026-06-18,ASBP,6.54,6.58,6.58,5.66,177144,1103414.0,14.47,3.46,0.22,13.68
2026-06-18,ASBPW,0.02,0.02,0.02,0.02,1641,33.0,0.0,0.0,0.0,0.0
2026-06-18,ASB_E,20.2,20.28,20.64,20.2,5592,114242.0,2.18,0.4,0.08,0.14
2026-06-18,ASB_F,19.8,19.79,19.8,19.79,1723,34114.0,0.05,0.76,0.15,0.04
2026-06-18,ASC,16.4,17.07,17.08,16.18,906328,15226222.0,5.42,2.83,0.47,2.22
2026-06-18,ASCE,34.81,34.657,34.81,34.41,19075,659439.0,1.18,2.05,0.697,0.0
2026-06-18,ASCI,37.24,37.359,37.359,37.24,1592,59398.0,0.32,1.44,0.531,0.0
2026-06-18,ASD,24.804,24.804,24.804,24.804,80,1984.0,0.0,-0.07,-0.018,0.0
2026-06-18,ASEA,20.56,20.442,20.58,20.4,21288,436525.0,0.88,0.21,0.042,0.0
2026-06-18,ASEC,50.035,50.035,50.035,50.035,2,100.0,0.0,-0.15,-0.075,0.0
2026-06-18,ASG,5.37,5.37,5.4,5.33,224290,1202388.0,1.32,1.32,0.07,0.0
2026-06-18,ASGI,21.73,22.18,22.347,21.73,120693,2666114.0,2.84,2.12,0.46,0.0
2026-06-18,ASGM,32.32,32.32,32.32,32.32,117,3784.0,0.0,2.46,0.777,0.0
2026-06-18,ASH,65.0,67.92,67.97,65.0,1199674,80797122.0,4.61,5.53,3.56,2.62
2026-06-18,ASHR,36.42,36.34,36.46,36.27,4367480,158730092.0,0.53,1.17,0.42,0.0
2026-06-18,ASHS,46.67,46.72,46.8,46.59,12517,583981.0,0.46,2.03,0.93,0.0
2026-06-18,ASIA,46.141,46.821,46.821,46.141,6367,295979.0,1.53,5.05,2.252,0.0
2026-06-18,ASIC,21.04,21.16,21.282,20.825,71059,1498760.0,2.18,0.71,0.15,0.15
2026-06-18,ASIX,20.62,19.86,20.765,19.56,336005,6708318.0,5.8,-4.47,-0.93,1.25
2026-06-18,ASLE,6.67,6.35,6.67,6.26,383590,2450112.0,6.31,-2.31,-0.15,0.81
2026-06-18,ASLV,29.815,29.815,29.815,29.815,104,3127.0,0.0,0.9,0.265,0.0
2026-06-18,ASM,6.7,6.54,7.0,6.475,3729389,24771574.0,7.69,-4.25,-0.29,2.19
2026-06-18,ASMB,24.6,24.44,25.93,24.22,298862,7397427.0,7.08,1.2,0.29,1.55
2026-06-18,ASMF,26.04,26.04,26.04,26.04,240,6249.0,0.0,0.81,0.21,0.0
2026-06-18,ASMG,62.5,62.537,63.185,61.16,83964,5222329.0,3.44,6.31,3.711,0.0
2026-06-18,ASMH,131.25,131.615,132.06,131.25,1476,193641.0,0.64,3.39,4.315,0.0
2026-06-18,ASML,1924.18,1929.68,1942.87,1909.53,2406148,4633789952.0,1.78,3.31,61.85,0.62
2026-06-18,ASMU,40.78,40.89,41.381,40.19,142428,5791398.0,3.09,6.04,2.33,0.0
2026-06-18,ASND,233.6,230.83,237.0,230.23,908472,210613323.0,2.93,-0.14,-0.32,1.37
2026-06-18,ASO,50.15,51.82,52.5,50.11,2155797,111459902.0,4.82,4.43,2.2,3.48
2026-06-18,ASPC,10.81,10.78,10.81,10.78,2661,28736.0,0.28,0.0,0.0,0.11
2026-06-18,ASPCR,0.09,0.09,0.09,0.09,1000,90.0,0.0,0.0,0.0,0.0
2026-06-18,ASPCU,11.6,11.6,11.6,11.6,2,23.0,0.0,0.0,0.0,0.0
2026-06-18,ASPI,6.975,7.18,7.32,6.772,4450080,31363012.0,8.2,7.49,0.5,3.53
2026-06-18,ASPN,6.18,6.32,6.399,5.99,2201632,13838178.0,6.76,4.46,0.27,2.66
2026-06-18,ASPS,6.76,6.93,6.936,6.51,34464,234554.0,6.26,1.91,0.13,0.31
2026-06-18,ASPSW,0.33,0.33,0.385,0.33,9067,3302.0,14.29,-14.29,-0.055,0.0
2026-06-18,ASPSZ,0.15,0.21,0.21,0.15,10194,1603.0,27.52,-3.67,-0.008,0.0
2026-06-18,ASR,306.24,308.21,310.68,301.39,72842,22388991.0,3.08,2.26,6.8,0.26
2026-06-18,ASRV,3.81,3.89,3.9,3.75,38161,147195.0,3.91,1.3,0.05,0.22
2026-06-18,ASST,15.55,14.85,15.79,14.22,6945321,102544294.0,10.17,-3.82,-0.59,10.91
2026-06-18,ASTC,14.15,13.65,14.775,12.2,241403,3153684.0,17.6,-6.7,-0.98,13.42
2026-06-18,ASTE,54.36,56.12,56.28,53.995,341122,19028476.0,4.3,5.55,2.95,1.48
2026-06-18,ASTH,38.89,39.17,39.34,38.42,936294,36606232.0,2.41,2.65,1.01,1.89
2026-06-18,ASTI,6.5,6.22,6.52,5.87,1118342,6880590.0,10.5,0.48,0.03,11.82
2026-06-18,ASTL,4.8,4.52,4.82,4.51,757900,3496998.0,6.52,-4.94,-0.24,0.72
2026-06-18,ASTLW,0.03,0.035,0.035,0.03,5912,180.0,16.67,16.67,0.005,0.0
2026-06-18,ASTN,5.37,5.98,6.427,5.35,3087924,18812468.0,19.98,10.95,0.59,0.0
2026-06-18,ASTS,85.3,80.66,85.7,77.12,31679180,2524686704.0,10.04,-5.58,-4.77,10.6
2026-06-18,ASTX,27.18,24.265,27.48,22.0,9653040,227696145.0,19.99,-11.47,-3.145,0.0
2026-06-18,ASTY,15.06,13.35,15.07,12.125,188154,2468532.0,19.46,-11.76,-1.78,0.0
2026-06-18,ASUP,16.62,16.642,16.642,15.155,9874,159377.0,7.92,-11.34,-2.128,0.0
2026-06-18,ASUR,8.2,8.27,8.34,8.09,203931,1677403.0,3.06,1.35,0.11,0.71
2026-06-18,ASX,39.02,40.56,40.87,39.02,15749825,634672992.0,4.94,8.33,3.12,0.71
2026-06-18,ASYS,22.06,22.04,22.55,21.15,287875,6279984.0,6.55,3.06,0.655,1.65
2026-06-18,ATAI,4.16,4.06,4.218,3.995,6624978,26907888.0,5.48,-0.25,-0.01,1.8
2026-06-18,ATAT,33.47,33.29,33.55,32.11,994581,32887257.0,4.3,-0.54,-0.18,0.89
2026-06-18,ATC,22.04,21.945,22.04,21.945,101,2226.0,0.43,-0.49,-0.107,0.0
2026-06-18,ATCH,0.199,0.211,0.211,0.198,1540022,316101.0,6.6,7.11,0.014,1.02
2026-06-18,ATCL,24.82,24.805,24.85,24.78,40022,992550.0,0.28,-0.02,-0.005,0.0
2026-06-18,ATCX,3.77,3.92,3.99,3.77,7686,29574.0,5.91,5.38,0.2,0.15
2026-06-18,ATEC,8.35,8.81,8.83,8.28,4526787,39191048.0,6.67,6.92,0.57,2.94
2026-06-18,ATEN,33.32,33.26,33.58,32.05,3795410,126009613.0,4.65,1.03,0.34,5.27
2026-06-18,ATER,1.2,1.38,1.44,1.17,609637,829678.0,23.08,17.95,0.21,5.62
2026-06-18,ATEX,79.2,74.53,80.635,70.78,801820,59888992.0,12.45,-5.85,-4.63,4.16
2026-06-18,ATFV,41.7,41.61,41.76,40.99,36045,1488101.0,1.89,1.87,0.765,0.0
2026-06-18,ATGL,13.02,12.298,13.02,11.8,2610,31679.0,8.72,-12.14,-1.7,0.02
2026-06-18,ATHE,5.05,4.88,5.1,4.821,19284,95205.0,5.43,-5.06,-0.26,0.11
2026-06-18,ATHM,17.98,18.09,18.35,17.85,956440,17324081.0,2.79,1.01,0.18,0.83
2026-06-18,ATHR,3.338,2.95,3.45,2.92,14379,45263.0,16.06,-10.61,-0.35,0.12
2026-06-18,ATHS,24.6,24.69,24.73,24.6,13929,343669.0,0.53,0.28,0.07,0.0
2026-06-18,ATH_A,24.16,24.15,24.36,24.15,18991,459428.0,0.87,-0.12,-0.03,0.06
2026-06-18,ATH_B,18.66,18.63,18.81,18.63,12420,232264.0,0.96,-0.19,-0.035,0.09
2026-06-18,ATH_D,16.07,16.07,16.18,16.0,30347,487133.0,1.12,0.31,0.05,0.13
2026-06-18,ATH_E,25.18,25.17,25.31,25.15,12385,312274.0,0.64,0.04,0.01,0.06
2026-06-18,ATI,200.04,201.34,202.85,196.37,3100807,623574464.0,3.29,2.28,4.48,2.27
2026-06-18,ATII,10.91,10.96,11.01,10.91,119990,1316671.0,0.91,-0.36,-0.04,0.41
2026-06-18,ATIIU,11.04,11.04,11.04,11.04,113,1346.0,0.0,0.0,0.0,0.0
2026-06-18,ATIIW,2.11,2.03,2.12,2.0,28594,58638.0,5.42,-8.35,-0.185,0.0
2026-06-18,ATKR,77.88,81.17,81.235,77.5,621698,49901905.0,4.86,5.64,4.33,1.84
2026-06-18,ATLC,97.74,100.12,100.57,95.37,169500,16785595.0,5.43,4.54,4.35,1.12
2026-06-18,ATLCL,25.21,25.215,25.23,25.2,9077,228842.0,0.12,0.02,0.005,0.0
2026-06-18,ATLCP,24.1,24.25,24.51,24.03,4499,108720.0,2.02,2.15,0.51,0.13
2026-06-18,ATLCZ,25.59,25.58,25.6,25.55,20072,513564.0,0.2,-0.04,-0.01,0.0
2026-06-18,ATLN,0.561,0.55,0.718,0.51,1377507,811393.0,37.08,-1.96,-0.011,1.69
2026-06-18,ATLO,29.83,29.46,30.01,29.4,203629,6010847.0,2.07,-0.14,-0.04,2.3
2026-06-18,ATLX,3.86,3.91,3.95,3.83,445118,1734237.0,3.13,2.09,0.08,1.51
2026-06-18,ATMP,33.49,33.76,33.839,33.22,9176,308530.0,1.84,0.15,0.05,0.0
2026-06-18,ATMU,51.48,51.79,52.32,51.28,2138172,110755942.0,2.04,1.81,0.92,2.62
2026-06-18,ATNI,26.11,25.76,26.11,24.95,127651,3285420.0,4.52,0.39,0.1,0.83
2026-06-18,ATNM,1.05,1.03,1.11,1.02,130679,136094.0,8.82,0.98,0.01,0.42
2026-06-18,ATO,169.64,170.11,171.205,169.04,2227846,378786720.0,1.28,0.28,0.47,1.33
2026-06-18,ATOM,8.67,9.0,9.045,8.24,1261380,11078745.0,9.85,10.16,0.83,3.26
2026-06-18,ATOS,2.01,2.01,2.025,1.95,193503,386060.0,3.78,1.26,0.025,1.94
2026-06-18,ATPC,3.27,3.88,6.12,2.98,72449876,339597024.0,115.02,42.12,1.15,7240.46
2026-06-18,ATR,120.46,120.32,122.55,119.11,750611,90442153.0,2.87,0.28,0.33,1.18
2026-06-18,ATRA,9.89,10.07,10.32,9.57,144866,1449435.0,7.76,4.14,0.4,1.61
2026-06-18,ATRC,27.46,28.8,29.03,27.425,1731572,49336801.0,5.92,6.19,1.68,3.42
2026-06-18,ATRO,82.54,80.56,83.78,79.14,1709870,137749284.0,5.8,0.62,0.5,5.33
2026-06-18,ATS,28.72,28.03,28.72,27.65,174276,4874724.0,3.78,-1.02,-0.29,0.18
2026-06-18,ATTR,94.03,94.071,94.071,94.03,414,38929.0,0.04,0.42,0.395,0.0
2026-06-18,ATXG,4.7,4.71,4.75,4.7,2872,13581.0,1.06,-0.19,-0.009,0.29
2026-06-18,ATYR,0.476,0.451,0.488,0.45,1533392,707587.0,8.21,-2.59,-0.012,1.56
2026-06-18,AU,92.29,90.87,93.83,88.66,8890548,806680512.0,5.69,-0.05,-0.05,1.76
2026-06-18,AUAU,37.14,35.81,37.14,35.43,1618,58270.0,4.65,-2.62,-0.962,0.0
2026-06-18,AUB,39.06,39.16,39.3,38.81,2316644,90659050.0,1.27,1.24,0.48,1.62
2026-06-18,AUBN,25.0,25.4,25.4,25.0,2841,71294.0,1.6,1.6,0.4,0.08
2026-06-18,AUB_A,24.7,24.78,24.81,24.68,14218,352056.0,0.52,0.0,0.0,0.21
2026-06-18,AUC,6.339,6.31,6.339,6.31,1201,7462.0,0.5,8.79,0.51,0.01
2026-06-18,AUDC,9.13,9.11,9.21,8.915,112894,1021654.0,3.27,1.0,0.09,0.44
2026-06-18,AUGM,34.97,34.99,34.99,34.97,117,4091.0,0.06,0.0,0.0,0.0
2026-06-18,AUGO,64.74,63.54,67.016,61.99,2932163,186196186.0,7.62,-3.7,-2.44,3.5
2026-06-18,AUGP,32.974,32.974,32.974,32.974,41,1351.0,0.0,0.41,0.134,0.0
2026-06-18,AUGT,37.89,37.93,37.93,37.89,1349,51120.0,0.11,0.45,0.17,0.0
2026-06-18,AUGU,31.61,31.739,31.739,31.61,7343,232250.0,0.41,1.24,0.389,0.0
2026-06-18,AUGW,33.945,33.95,33.95,33.92,1234,41919.0,0.09,0.18,0.06,0.0
2026-06-18,AUGZ,45.3,45.44,45.44,45.3,130,5890.0,0.31,1.0,0.45,0.0
2026-06-18,AUID,1.15,1.1,1.15,1.1,169234,188266.0,4.42,-2.65,-0.03,1.05
2026-06-18,AUMI,86.08,83.77,87.81,82.55,9391,792048.0,6.07,-3.28,-2.839,0.0
2026-06-18,AUNA,5.14,5.13,5.28,5.07,328591,1690035.0,4.12,0.59,0.03,1.09
2026-06-18,AUPH,16.44,16.46,16.5,16.21,1172338,19223659.0,1.8,1.98,0.32,0.91
2026-06-18,AUR,6.18,6.28,6.3,6.009,37923870,236867787.0,4.81,3.8,0.23,2.29
2026-06-18,AURA,6.44,6.34,6.585,6.16,1263808,7982776.0,6.74,0.48,0.03,1.22
2026-06-18,AURE,2.37,2.37,2.37,2.32,3507,8410.0,2.1,-0.42,-0.01,0.02
2026-06-18,AUROW,0.317,0.383,0.383,0.317,18570,6416.0,21.64,25.57,0.078,0.0
2026-06-18,AUSF,48.93,48.39,48.93,48.32,61092,2962000.0,1.25,-0.7,-0.34,0.0
2026-06-18,AUSM,25.08,25.105,25.12,25.08,11647,292186.0,0.16,-0.03,-0.007,0.0
2026-06-18,AUST,1.28,1.27,1.32,1.27,91799,119863.0,3.85,-2.31,-0.03,0.67
2026-06-18,AUTL,1.55,1.51,1.59,1.505,844821,1290322.0,5.56,-1.31,-0.02,0.32
2026-06-18,AUUD,1.32,1.38,1.4,1.31,281884,385393.0,6.72,2.99,0.04,5.26
2026-06-18,AV,28.363,28.363,28.363,28.363,165,4687.0,0.0,-0.31,-0.089,0.0
2026-06-18,AVA,39.42,39.76,40.01,39.23,1432774,56865729.0,1.98,0.91,0.36,1.73
2026-06-18,AVAH,7.63,7.79,7.88,7.58,2836165,22021348.0,3.98,3.32,0.25,1.3
2026-06-18,AVAL,5.64,5.75,5.8,5.46,460821,2603238.0,6.09,3.05,0.17,0.0
2026-06-18,AVAT,1.04,0.855,1.04,0.844,1302261,1166988.0,17.98,-21.56,-0.235,3.43
2026-06-18,AVAV,170.8,169.61,172.99,163.94,1560067,262497028.0,5.42,1.5,2.5,3.12
2026-06-18,AVAZ,8.05,7.367,8.05,7.05,692,5142.0,12.03,-11.36,-0.944,0.0
2026-06-18,AVB,181.25,177.32,182.24,177.19,2821975,502673888.0,2.81,-1.29,-2.31,2.03
2026-06-18,AVBC,19.64,20.14,20.24,19.5,146897,2934314.0,3.78,2.76,0.54,0.73
2026-06-18,AVBH,32.08,31.96,32.43,31.7,99946,3193269.0,2.3,0.66,0.21,0.91
2026-06-18,AVBP,32.7,31.74,32.8,31.43,859253,27339817.0,4.37,1.21,0.38,1.84
2026-06-18,AVD,2.61,2.65,2.66,2.535,652805,1709131.0,4.83,2.32,0.06,2.28
2026-06-18,AVDE,90.6,90.25,90.6,90.105,741961,67039086.0,0.55,0.19,0.17,0.0
2026-06-18,AVDS,77.08,76.82,77.08,76.635,31729,2437321.0,0.58,0.2,0.15,0.0
2026-06-18,AVDV,107.38,106.72,107.44,106.41,811812,86681706.0,0.96,-0.21,-0.22,0.0
2026-06-18,AVEE,71.83,71.69,71.84,71.61,3282,235426.0,0.33,1.44,1.02,0.0
2026-06-18,AVEM,98.8,99.71,100.0,98.73,1446980,143973372.0,1.31,3.17,3.06,0.0
2026-06-18,AVES,68.16,68.36,68.49,68.06,58880,4024264.0,0.64,1.59,1.07,0.0
2026-06-18,AVEX,20.0,18.3,20.14,17.7,4739719,86720629.0,12.31,-7.67,-1.52,8.39
2026-06-18,AVGB,51.1,51.045,51.11,51.04,2896,147936.0,0.14,0.12,0.06,0.0
2026-06-18,AVGE,99.55,99.29,99.55,98.9,43308,4294564.0,0.66,0.98,0.96,0.0
2026-06-18,AVGG,32.23,32.43,32.71,31.62,493990,15840524.0,3.67,9.19,2.73,0.0
2026-06-18,AVGO,409.58,411.35,412.7,405.38,45076052,18486699520.0,1.86,4.7,18.45,0.95
2026-06-18,AVGU,41.22,41.6,41.9,40.565,213808,8792088.0,3.5,9.16,3.49,0.0
2026-06-18,AVGV,85.402,85.41,85.47,85.08,29036,2478454.0,0.46,0.58,0.49,0.0
2026-06-18,AVGW,44.69,45.07,45.15,44.36,32623,1458724.0,1.85,5.55,2.37,0.0
2026-06-18,AVGX,55.07,55.62,56.14,54.256,1606045,88369813.0,3.69,9.04,4.61,0.0
2026-06-18,AVIE,73.12,72.858,73.12,72.64,1807,131556.0,0.65,-0.92,-0.676,0.0
2026-06-18,AVIG,41.38,41.34,41.425,41.321,97454,4031988.0,0.25,0.27,0.112,0.0
2026-06-18,AVIR,4.4,4.36,4.46,4.23,607583,2645983.0,5.31,0.69,0.03,0.76
2026-06-18,AVIV,78.94,78.64,78.94,78.51,93231,7336937.0,0.55,-0.06,-0.05,0.0
2026-06-18,AVK,13.0,12.92,13.11,12.9,200747,2609314.0,1.65,1.25,0.16,0.0
2026-06-18,AVL,52.43,52.89,53.22,51.53,891684,46620683.0,3.48,9.03,4.38,0.0
2026-06-18,AVLC,89.65,89.66,89.86,89.34,240934,21624343.0,0.59,1.21,1.07,0.0
2026-06-18,AVLN,29.6,31.45,32.165,29.32,1515228,47330653.0,9.71,7.3,2.14,3.42
2026-06-18,AVLV,91.28,90.95,91.28,90.81,747567,68046766.0,0.52,0.66,0.6,0.0
2026-06-18,AVMA,72.94,72.926,72.94,72.87,7243,528274.0,0.1,0.76,0.547,0.0
2026-06-18,AVMC,79.285,79.23,79.48,79.025,10934,865976.0,0.58,0.85,0.665,0.0
2026-06-18,AVMU,46.48,46.465,46.485,46.465,1377,64036.0,0.04,0.23,0.105,0.0
2026-06-18,AVMV,79.88,79.81,80.06,79.58,78306,6250006.0,0.6,0.58,0.458,0.0
2026-06-18,AVNM,83.98,84.09,84.27,83.96,41867,3521764.0,0.37,0.67,0.56,0.0
2026-06-18,AVNS,24.94,24.94,24.95,24.9,2998096,74692670.0,0.2,0.28,0.07,6.4
2026-06-18,AVNT,36.89,37.66,37.71,36.58,1437932,53812566.0,3.07,2.17,0.8,1.57
2026-06-18,AVNV,84.97,84.876,84.97,84.7,5280,447951.0,0.32,0.54,0.454,0.0
2026-06-18,AVNW,20.41,20.04,20.69,19.59,315675,6316373.0,5.51,0.4,0.08,2.44
2026-06-18,AVO,11.55,11.49,11.85,11.435,2348951,27092518.0,3.75,3.79,0.42,2.66
2026-06-18,AVOS,27.1,27.1,27.1,27.1,19,519.0,0.0,0.8,0.215,0.0
2026-06-18,AVPT,10.75,10.41,10.75,9.995,3624638,37657438.0,7.02,-3.16,-0.34,1.71
2026-06-18,AVR,9.65,9.78,9.94,9.38,1453976,14066050.0,5.89,2.95,0.28,1.49
2026-06-18,AVRE,47.0,46.74,47.08,46.74,43502,2041223.0,0.73,-0.3,-0.14,0.0
2026-06-18,AVRY,23.0,23.35,23.36,23.0,13792,319942.0,1.57,1.87,0.429,0.0
2026-06-18,AVS,7.36,7.31,7.41,7.28,13108449,96412876.0,1.7,-4.44,-0.34,0.0
2026-06-18,AVSC,70.39,70.95,70.98,70.29,110276,7803110.0,0.99,1.56,1.09,0.0
2026-06-18,AVSD,80.71,80.475,80.71,80.3,7101,571565.0,0.51,0.49,0.395,0.0
2026-06-18,AVSE,83.61,84.265,84.36,83.61,5924,498421.0,0.92,3.44,2.805,0.0
2026-06-18,AVSF,46.52,46.495,46.54,46.45,45593,2120092.0,0.19,0.16,0.075,0.0
2026-06-18,AVSU,88.01,87.975,88.05,87.75,8003,703487.0,0.35,1.47,1.275,0.0
2026-06-18,AVT,91.78,91.47,92.08,90.312,2569170,234447590.0,1.97,1.85,1.66,3.13
2026-06-18,AVTM,54.373,54.373,54.373,54.373,150,8177.0,0.0,1.09,0.584,0.0
2026-06-18,AVTR,9.35,9.58,9.67,9.35,8042324,76964194.0,3.38,1.27,0.12,1.18
2026-06-18,AVTX,15.66,14.7,15.93,14.59,6417380,94783775.0,8.7,-4.55,-0.7,12.21
2026-06-18,AVUQ,65.93,66.315,66.34,65.93,15067,996123.0,0.63,1.79,1.164,0.0
2026-06-18,AVUS,127.76,127.64,127.94,127.13,280482,35760864.0,0.64,1.09,1.38,0.0
2026-06-18,AVUV,121.86,122.0,122.105,121.055,1212035,147536239.0,0.87,1.01,1.22,0.0
2026-06-18,AVX,5.82,5.57,6.1,5.46,41367,237891.0,11.17,-2.79,-0.16,0.54
2026-06-18,AVXC,87.02,88.146,88.32,87.02,22608,1986475.0,1.53,3.63,3.09,0.0
2026-06-18,AVXL,2.73,2.73,2.78,2.58,8914887,24243968.0,7.49,2.25,0.06,9.62
2026-06-18,AVXX,7.75,7.57,7.82,7.08,149618,1103954.0,10.0,2.3,0.17,0.0
2026-06-18,AVY,160.6,158.68,162.825,157.923,1505774,240109281.0,3.07,-0.55,-0.87,1.97
2026-06-18,AWAY,17.82,18.013,18.07,17.82,4370,77951.0,1.39,0.41,0.073,0.0
2026-06-18,AWF,10.18,10.15,10.19,10.14,280006,2843587.0,0.49,0.3,0.03,0.0
2026-06-18,AWI,155.26,157.88,160.47,155.26,524704,82948530.0,3.39,2.59,3.99,1.23
2026-06-18,AWK,125.7,125.07,127.55,124.53,4992263,626799056.0,2.41,-0.27,-0.34,2.56
2026-06-18,AWP,11.53,11.56,11.615,11.53,81890,947482.0,0.74,0.52,0.06,0.0
2026-06-18,AWR,77.13,77.11,77.94,76.505,648266,49991496.0,1.87,0.29,0.22,1.65
2026-06-18,AWRE,1.6,1.5,1.65,1.5,38586,59796.0,9.38,-6.25,-0.1,0.18
2026-06-18,AWX,2.47,2.43,2.51,2.43,15741,38560.0,3.2,-2.8,-0.07,0.48
2026-06-18,AX,87.8,88.07,89.345,87.465,945576,83316665.0,2.14,0.1,0.09,1.66
2026-06-18,AXG,3.36,3.33,3.4,3.33,20363,68407.0,2.08,-0.89,-0.03,0.01
2026-06-18,AXGN,45.5,44.84,45.83,43.85,1295827,58210379.0,4.44,0.61,0.27,2.44
2026-06-18,AXIA,10.07,9.98,10.205,9.93,2760026,27601233.0,2.67,-3.11,-0.32,0.14
2026-06-18,AXIA_C,9.93,9.61,10.175,9.52,98446,958999.0,6.56,-3.8,-0.38,0.0
2026-06-18,AXIL,6.18,6.18,6.18,6.05,5565,34246.0,2.05,-2.68,-0.17,0.08
2026-06-18,AXIN,10.35,10.36,10.36,10.35,24258,251186.0,0.1,0.0,0.0,0.12
2026-06-18,AXINR,0.42,0.399,0.425,0.399,25849,10470.0,6.34,-2.68,-0.011,0.0
2026-06-18,AXINU,10.9,11.11,11.11,10.9,1774,19423.0,1.94,2.59,0.28,0.0
2026-06-18,AXON,424.885,423.4,428.045,402.0,1919180,807081408.0,6.16,0.09,0.39,2.38
2026-06-18,AXP,346.345,338.0,348.2,337.97,4490783,1531622448.0,3.0,-0.75,-2.54,0.66
2026-06-18,AXPG,13.89,13.384,13.89,13.384,3287,44785.0,3.74,-1.02,-0.138,0.0
2026-06-18,AXR,24.89,24.88,24.89,24.77,5127,127404.0,0.48,-0.6,-0.15,0.1
2026-06-18,AXS,102.81,100.99,103.09,100.33,1162000,117498048.0,2.67,-2.16,-2.23,1.58
2026-06-18,AXSM,255.62,250.5,260.19,247.34,770800,192820624.0,5.1,-0.66,-1.66,1.5
2026-06-18,AXS_E,19.63,19.55,19.75,19.55,22809,447791.0,1.02,-0.2,-0.04,0.1
2026-06-18,AXTA,33.79,34.78,34.95,33.483,4864219,168588956.0,4.31,2.29,0.78,2.27
2026-06-18,AXTI,96.5,84.57,98.02,81.0,12348704,1056208528.0,18.48,-8.19,-7.54,18.88
2026-06-18,AXTU,15.11,11.755,15.55,10.62,857186,10074292.0,35.14,-16.22,-2.275,0.0
2026-06-18,AXTX,28.22,21.41,28.99,19.5,5658849,126353344.0,36.88,-16.79,-4.32,0.0
2026-06-18,AYA,20.04,19.88,21.12,19.45,721930,14394009.0,8.27,-1.58,-0.32,0.5
2026-06-18,AYI,311.51,317.62,317.97,307.64,672966,212603025.0,3.38,3.91,11.96,2.24
2026-06-18,AYTU,2.1,2.31,2.31,2.1,53613,118601.0,9.98,9.74,0.205,0.5
2026-06-18,AZ,5.73,5.72,5.96,5.56,252365,1429730.0,7.08,1.24,0.07,0.57
2026-06-18,AZI,1.58,1.44,1.61,1.42,237327,355956.0,11.59,-12.2,-0.2,13.06
2026-06-18,AZN,177.67,174.93,177.8,173.655,1667045,291561392.0,2.33,-1.66,-2.96,0.11
2026-06-18,AZO,3083.31,3064.48,3116.46,3050.01,1038435,3193763440.0,2.17,0.16,4.85,6.36
2026-06-18,AZTA,23.03,23.31,23.6,22.521,1186478,27526354.0,4.76,2.8,0.635,2.57
2026-06-18,AZTD,32.61,32.648,32.648,32.61,104,3389.0,0.12,0.69,0.225,0.0
2026-06-18,AZTR,0.217,0.172,0.248,0.172,120220360,30482791.0,37.44,-15.27,-0.031,742.45
2026-06-18,AZUL,8.35,8.74,9.1,8.35,68931,606429.0,8.72,1.63,0.14,0.04
2026-06-18,AZYY,15.27,15.41,15.41,15.13,3060,46922.0,1.81,-0.16,-0.025,0.0
2026-06-18,AZZ,153.98,157.18,157.48,151.728,536737,83814209.0,3.78,3.4,5.17,1.79
2026-06-18,B,41.34,40.34,42.22,39.72,16397492,664954544.0,6.05,-2.3,-0.95,0.98
2026-06-18,BA,227.75,222.72,228.99,220.12,8822530,1970351216.0,3.93,-1.29,-2.91,1.12
2026-06-18,BAB,26.91,26.93,26.99,26.89,148327,3997850.0,0.37,0.37,0.1,0.0
2026-06-18,BABA,106.485,107.1,107.37,105.51,14602988,1553036304.0,1.73,-0.32,-0.34,0.61
2026-06-18,BABO,8.15,8.14,8.15,8.05,31858,257732.0,1.21,-1.45,-0.12,0.0
2026-06-18,BABU,9.36,9.508,9.52,9.2,61327,573491.0,3.35,-0.54,-0.052,0.0
2026-06-18,BABW,21.59,21.865,21.865,21.59,1507,32607.0,1.25,-0.45,-0.098,0.0
2026-06-18,BABX,17.19,17.32,17.43,16.821,725829,12377324.0,3.48,-1.03,-0.18,0.0
2026-06-18,BAC,57.23,56.2,57.33,56.03,70438836,3973138880.0,2.3,-0.58,-0.33,0.99
2026-06-18,BACC,10.4,10.43,10.46,10.4,128108,1333522.0,0.57,-0.19,-0.02,0.61
2026-06-18,BACCR,0.41,0.41,0.44,0.4,78365,32884.0,9.76,0.0,0.0,0.0
2026-06-18,BAC_B,25.2,25.16,25.22,25.14,57004,1435355.0,0.32,-0.04,-0.01,0.11
2026-06-18,BAC_E,18.72,18.855,18.88,18.72,20349,383286.0,0.85,0.61,0.115,0.17
2026-06-18,BAC_K,24.7,24.69,24.73,24.64,28590,706033.0,0.37,0.24,0.06,0.08
2026-06-18,BAC_L,1246.3,1247.47,1247.95,1243.0,5570,6934442.0,0.4,0.24,2.96,0.18
2026-06-18,BAC_M,21.38,21.35,21.46,21.34,138550,2962925.0,0.56,0.0,0.0,0.25
2026-06-18,BAC_N,20.0,20.04,20.1,19.99,85283,1709188.0,0.55,0.4,0.08,0.16
2026-06-18,BAC_O,17.59,17.58,17.64,17.57,161695,2845926.0,0.4,0.23,0.04,0.38
2026-06-18,BAC_P,16.8,16.82,16.86,16.77,57924,974005.0,0.54,0.42,0.07,0.16
2026-06-18,BAC_Q,17.05,17.06,17.12,17.041,56805,970647.0,0.46,-0.06,-0.01,0.11
2026-06-18,BAC_S,19.08,19.07,19.12,19.066,35011,668334.0,0.28,0.26,0.05,0.13
2026-06-18,BAER,1.95,1.87,1.955,1.83,969353,1814476.0,6.51,-2.6,-0.05,1.68
2026-06-18,BAERW,0.251,0.285,0.285,0.251,324,89.0,11.33,-5.0,-0.015,0.0
2026-06-18,BAFE,28.88,29.042,29.065,28.88,29366,850862.0,0.65,1.53,0.438,0.0
2026-06-18,BAFN,4.96,4.96,5.01,4.91,20756,103309.0,1.99,-1.39,-0.07,0.51
2026-06-18,BAGY,24.17,23.741,24.21,23.45,2770,66080.0,3.13,-2.17,-0.526,0.0
2026-06-18,BAH,70.29,66.36,70.39,66.35,5812024,389033088.0,5.68,-6.67,-4.74,4.85
2026-06-18,BAI,52.51,53.2,53.44,52.275,5206441,275835168.0,2.31,5.62,2.83,0.0
2026-06-18,BAIG,29.3,29.765,29.98,27.54,40070,1160064.0,8.24,0.54,0.161,0.0
2026-06-18,BAIV,25.51,25.525,25.56,25.5,8392,214368.0,0.24,0.12,0.031,0.0
2026-06-18,BAK,3.22,2.94,3.25,2.91,5099772,15451875.0,10.12,-12.5,-0.42,0.0
2026-06-18,BALI,33.87,33.74,33.87,33.631,221514,7467738.0,0.71,0.69,0.23,0.0
2026-06-18,BALL,58.72,57.72,58.75,57.6,4360331,252259422.0,1.99,0.0,0.0,1.64
2026-06-18,BALQ,57.59,57.945,57.945,57.59,1856,107153.0,0.63,2.4,1.357,0.0
2026-06-18,BALT,34.22,34.25,34.25,34.2,375284,12846495.0,0.15,0.15,0.05,0.0
2026-06-18,BALY,13.0,13.86,13.95,12.924,74819,1012171.0,7.82,5.64,0.74,0.15
2026-06-18,BAM,48.59,47.44,48.59,47.17,2311568,109780303.0,2.96,-1.13,-0.54,0.14
2026-06-18,BAMA,36.83,36.826,36.83,36.74,2646,97319.0,0.25,1.23,0.446,0.0
2026-06-18,BAMB,25.97,25.94,25.97,25.94,3075,79806.0,0.12,0.27,0.07,0.0
2026-06-18,BAMD,32.73,32.46,32.73,32.41,15690,509748.0,0.98,-0.31,-0.1,0.0
2026-06-18,BAMG,44.71,44.68,44.77,44.48,16572,740493.0,0.66,1.71,0.75,0.0
2026-06-18,BAMO,34.4,34.428,34.428,34.4,3216,110659.0,0.08,0.52,0.178,0.0
2026-06-18,BAMU,25.211,25.21,25.22,25.2,5641,142224.0,0.08,0.0,0.0,0.0
2026-06-18,BAMV,35.72,35.45,35.73,35.44,26450,938868.0,0.82,0.17,0.06,0.0
2026-06-18,BAMY,27.48,27.475,27.49,27.47,5502,151199.0,0.07,0.22,0.061,0.0
2026-06-18,BANC,19.98,20.09,20.16,19.88,4536174,90975814.0,1.41,1.31,0.26,2.95
2026-06-18,BANC_F,25.26,25.17,25.3,25.17,263473,6637233.0,0.52,-0.12,-0.03,1.28
2026-06-18,BAND,51.615,51.39,52.5,48.5,1997781,101112789.0,7.87,1.08,0.55,6.65
2026-06-18,BANF,111.77,111.31,113.29,110.88,455253,50882617.0,2.18,0.58,0.64,1.36
2026-06-18,BANFP,26.6,26.6,26.6,26.6,250,6650.0,0.0,0.13,0.035,0.03
2026-06-18,BANL,0.418,0.409,0.425,0.37,125216,50754.0,13.41,-0.24,-0.001,0.87
2026-06-18,BANR,65.4,64.83,66.18,64.28,536280,34813276.0,2.93,0.11,0.07,1.58
2026-06-18,BANX,19.615,19.61,19.648,19.57,10392,203902.0,0.4,0.15,0.03,0.11
2026-06-18,BAOS,2.76,2.77,2.84,2.68,63013,173122.0,5.56,-3.82,-0.11,4.11
2026-06-18,BAP,398.515,382.76,398.515,380.57,674526,258960666.0,4.64,-1.08,-4.18,0.85
2026-06-18,BAPR,53.16,53.178,53.209,53.12,5083,270190.0,0.17,0.54,0.288,0.0
2026-06-18,BAR,41.99,41.53,42.1,41.38,130799,5457661.0,1.73,-0.41,-0.17,0.0
2026-06-18,BARK,9.42,10.03,10.13,9.42,97881,967886.0,7.55,6.59,0.62,1.11
2026-06-18,BASG,26.33,26.588,26.65,26.29,7533,199727.0,1.38,1.67,0.436,0.0
2026-06-18,BASV,30.53,30.271,30.53,30.24,11042,335222.0,0.96,0.28,0.084,0.0
2026-06-18,BATL,1.23,1.2,1.24,1.13,7080358,8360558.0,8.8,-4.0,-0.05,32.16
2026-06-18,BATRA,55.57,54.5,55.57,53.98,100770,5507381.0,2.88,-1.14,-0.63,0.98
2026-06-18,BATRK,51.37,50.38,51.37,49.99,1492960,75526076.0,2.7,-1.41,-0.72,2.83
2026-06-18,BATT,16.58,16.57,16.67,16.48,32617,539332.0,1.14,-0.18,-0.03,0.0
2026-06-18,BAUG,53.36,53.44,53.44,53.36,6160,328733.0,0.15,0.53,0.28,0.0
2026-06-18,BAVA,17.3,17.121,17.3,17.121,605,10468.0,0.99,-5.6,-1.015,0.0
2026-06-18,BAX,19.7,19.89,20.095,19.54,11167905,222128476.0,2.86,2.58,0.5,2.16
2026-06-18,BAY,28.95,28.967,28.967,28.9,2310,66865.0,0.24,2.24,0.634,0.0
2026-06-18,BAYA,11.98,11.98,11.98,11.98,44,520.0,0.0,0.0,0.0,0.0
2026-06-18,BAYAR,0.105,0.099,0.116,0.08,35299,3721.0,40.0,10.0,0.009,0.0
2026-06-18,BA_A,69.42,69.15,70.46,69.1,55184,3851761.0,1.93,-1.98,-1.4,0.96
2026-06-18,BB,8.99,8.38,9.05,8.21,32461000,272970048.0,9.51,-5.1,-0.45,5.54
2026-06-18,BBAG,45.95,45.9,45.955,45.86,33169,1522562.0,0.21,0.25,0.113,0.0
2026-06-18,BBAI,3.92,3.92,3.94,3.76,34384954,133059499.0,4.64,1.03,0.04,7.18
2026-06-18,BBAI_WS,0.405,0.405,0.42,0.405,47142,19281.0,3.5,-5.59,-0.024,0.0
2026-06-18,BBAR,21.295,21.9,22.44,21.295,945842,20806069.0,5.44,4.09,0.86,0.46
2026-06-18,BBAX,61.29,61.16,61.42,61.03,198366,12141131.0,0.64,0.07,0.04,0.0
2026-06-18,BBB,29.47,29.397,29.47,29.397,160,4731.0,0.25,0.19,0.057,0.0
2026-06-18,BBBI,51.46,51.34,51.46,51.315,30220,1552876.0,0.28,0.26,0.132,0.0
2026-06-18,BBBL,48.17,48.085,48.17,48.085,4286,206214.0,0.18,0.21,0.101,0.0
2026-06-18,BBBS,50.95,50.935,50.97,50.93,9069,462167.0,0.08,0.17,0.085,0.0
2026-06-18,BBBY,5.78,5.93,6.29,5.76,3439293,20677676.0,9.36,4.77,0.27,4.62
2026-06-18,BBBY_WS,0.495,0.474,0.52,0.47,9567,4674.0,10.42,-1.25,-0.006,0.0
2026-06-18,BBC,45.95,45.47,46.22,44.67,22618,1018321.0,3.46,1.43,0.64,0.0
2026-06-18,BBCA,101.04,100.06,101.08,99.87,240997,24152586.0,1.2,-0.59,-0.59,0.0
2026-06-18,BBCB,45.38,45.289,45.38,45.289,1360,61719.0,0.2,0.2,0.092,0.0
2026-06-18,BBCP,11.15,10.91,11.15,10.83,299134,3276450.0,2.91,-0.64,-0.07,0.59
2026-06-18,BBCQ,10.37,10.36,10.4,10.35,32158,333616.0,0.48,0.0,0.0,0.11
2026-06-18,BBCQW,2.235,2.33,2.36,2.13,9867,21915.0,9.83,-0.43,-0.01,0.0
2026-06-18,BBD,3.4,3.36,3.44,3.33,41976646,141497489.0,3.21,-2.04,-0.07,0.0
2026-06-18,BBDC,8.345,8.29,8.345,8.22,829068,6867857.0,1.52,0.61,0.05,0.79
2026-06-18,BBDO,2.94,2.94,3.004,2.9,74004,216709.0,3.54,0.0,0.0,0.0
2026-06-18,BBEM,81.95,81.969,81.969,81.8,103566,8460299.0,0.21,3.37,2.675,0.0
2026-06-18,BBEU,78.42,78.46,78.62,78.28,153717,12062196.0,0.43,0.15,0.12,0.0
2026-06-18,BBGI,23.41,23.77,23.79,22.995,20495,479366.0,3.42,2.19,0.51,1.74
2026-06-18,BBH,190.04,187.645,190.04,185.77,8623,1611516.0,2.27,-0.24,-0.455,0.0
2026-06-18,BBHL,17.1,17.16,17.2,17.08,61635,1056346.0,0.71,1.18,0.2,0.0
2026-06-18,BBHM,11.66,11.76,11.76,11.61,319507,3743340.0,1.31,2.53,0.29,0.0
2026-06-18,BBHY,46.03,46.055,46.082,46.011,273094,12574836.0,0.15,0.25,0.115,0.0
2026-06-18,BBIB,97.6,97.58,97.6,97.58,421,41113.0,0.02,0.26,0.251,0.0
2026-06-18,BBIN,79.74,79.55,79.74,79.42,25610,2038316.0,0.4,0.65,0.51,0.0
2026-06-18,BBIO,68.08,66.27,68.6,65.591,3815604,253896399.0,4.47,-1.66,-1.12,1.95
2026-06-18,BBJP,78.1,77.94,78.15,77.71,956765,74593039.0,0.57,1.74,1.33,0.0
2026-06-18,BBLB,82.05,81.968,82.05,81.968,335,27513.0,0.1,0.42,0.344,0.0
2026-06-18,BBLG,1.53,1.46,1.53,1.36,469072,725366.0,11.56,-0.68,-0.01,26.13
2026-06-18,BBLGW,12.7,12.45,12.7,12.16,620,7712.0,4.27,-1.66,-0.21,0.0
2026-06-18,BBLU,16.58,16.48,16.58,16.4,89489,1472222.0,1.09,0.24,0.04,0.0
2026-06-18,BBMC,125.57,125.576,125.576,125.04,3027,379429.0,0.43,1.55,1.918,0.0
2026-06-18,BBN,15.99,16.03,16.1,15.99,81625,1309235.0,0.69,0.44,0.07,0.0
2026-06-18,BBNX,13.59,13.88,13.945,13.205,1244667,17128775.0,5.61,5.23,0.69,2.79
2026-06-18,BBOT,7.72,7.56,7.85,7.52,2293216,17365712.0,4.3,-1.56,-0.12,2.86
2026-06-18,BBP,90.26,90.012,90.84,89.2,12526,1123021.0,1.83,0.68,0.61,0.0
2026-06-18,BBRE,104.87,105.04,105.69,104.87,14386,1514459.0,0.78,0.16,0.17,0.0
2026-06-18,BBSB,98.13,98.135,98.175,98.13,1222,119945.0,0.05,0.0,0.0,0.0
2026-06-18,BBSC,88.555,88.911,88.911,88.555,845,74975.0,0.41,1.69,1.476,0.0
2026-06-18,BBSI,33.59,33.04,33.835,32.515,306470,10168737.0,3.97,-0.63,-0.21,1.25
2026-06-18,BBT,29.48,29.6,29.785,29.38,1403993,41525606.0,1.38,0.71,0.21,1.68
2026-06-18,BBUC,32.44,33.09,33.44,32.22,717875,23676027.0,3.82,3.7,1.18,0.35
2026-06-18,BBUS,135.26,135.0,135.26,134.51,130928,17670151.0,0.56,1.02,1.36,0.0
2026-06-18,BBVA,24.58,24.48,24.775,24.46,2564778,63020139.0,1.29,0.04,0.01,0.05
2026-06-18,BBW,32.29,32.37,33.5,31.955,696983,22750337.0,4.89,2.44,0.77,5.56
2026-06-18,BBWI,20.89,20.56,21.18,20.48,6141800,126987112.0,3.44,0.39,0.08,3.05
2026-06-18,BBY,72.77,74.73,75.705,72.51,6120804,456975840.0,4.37,2.23,1.63,2.9
2026-06-18,BBYY,10.14,10.192,10.192,10.14,1063,10811.0,0.5,-1.35,-0.139,0.0
2026-06-18,BC,81.66,83.57,84.675,81.15,1002081,83629171.0,4.37,3.52,2.84,1.54
2026-06-18,BCAB,3.49,3.655,3.7,3.46,26773,96828.0,6.76,2.96,0.105,1.61
2026-06-18,BCAL,19.62,19.74,19.93,19.41,410661,8088180.0,2.67,1.23,0.24,1.28
2026-06-18,BCAR,10.61,10.55,10.66,10.55,283626,3005289.0,1.03,-0.94,-0.1,0.99
2026-06-18,BCARU,11.73,12.17,13.99,11.73,5157,67356.0,19.58,5.46,0.63,0.0
2026-06-18,BCARW,1.9,1.98,2.05,1.83,231550,454531.0,11.28,1.54,0.03,0.0
2026-06-18,BCAT,15.75,15.86,15.96,15.74,369025,5843252.0,1.41,1.34,0.21,0.0
2026-06-18,BCAX,23.34,23.23,23.76,22.62,1934590,44913886.0,4.97,1.35,0.31,2.94
2026-06-18,BCBP,11.25,11.06,11.255,11.025,118860,1317126.0,2.07,-0.63,-0.07,0.68
2026-06-18,BCC,71.58,74.66,76.06,71.01,987804,73710043.0,7.13,5.44,3.85,2.81
2026-06-18,BCCC,12.116,11.929,12.116,11.851,9540,114839.0,2.2,-1.18,-0.142,0.0
2026-06-18,BCD,35.11,35.02,35.11,34.776,27435,957534.0,0.95,-0.48,-0.17,0.0
2026-06-18,BCDA,0.99,0.967,1.03,0.921,887115,866654.0,11.5,2.0,0.019,7.8
2026-06-18,BCDF,30.9,30.511,30.905,30.511,1072,33075.0,1.27,-1.34,-0.414,0.0
2026-06-18,BCE,23.29,23.28,23.35,23.15,3008064,70015592.0,0.86,0.0,0.0,0.32
2026-06-18,BCEM,28.3,28.48,28.49,28.28,7373,209837.0,0.76,2.76,0.765,0.0
2026-06-18,BCFN,21.46,21.322,21.46,21.28,1131,24158.0,0.84,-0.69,-0.149,0.0
2026-06-18,BCG,1.57,1.51,1.586,1.48,37702,57315.0,6.67,-5.03,-0.08,0.22
2026-06-18,BCGD,26.45,26.525,26.525,26.45,1657,43916.0,0.29,1.4,0.365,0.0
2026-06-18,BCGS,28.153,28.153,28.153,28.153,1,28.0,0.0,0.73,0.204,0.0
2026-06-18,BCH,39.93,40.21,40.78,39.93,276331,11135457.0,2.11,-0.1,-0.04,0.05
2026-06-18,BCHI,41.826,41.826,41.826,41.826,123,5131.0,0.0,3.37,1.363,0.0
2026-06-18,BCHP,36.6,36.71,36.8,36.55,35895,1317764.0,0.69,0.82,0.3,0.0
2026-06-18,BCHT,2.17,2.34,2.45,2.03,992145,2309694.0,20.79,15.84,0.32,3.77
2026-06-18,BCI,22.89,22.94,22.97,22.691,1587361,36323334.0,1.21,-0.17,-0.04,0.0
2026-06-18,BCIC,7.32,7.26,7.381,7.26,72308,528481.0,1.66,-0.68,-0.05,0.58
2026-06-18,BCIL,31.07,30.973,31.09,30.87,7496,232253.0,0.72,1.08,0.33,0.0
2026-06-18,BCKT,41.78,41.78,41.78,41.78,4,178.0,0.0,0.12,0.05,0.0
2026-06-18,BCLO,49.725,49.725,49.77,49.725,4985,248099.0,0.09,-0.06,-0.03,0.0
2026-06-18,BCML,31.81,31.55,32.5,31.36,193030,6100098.0,3.63,0.38,0.12,1.77
2026-06-18,BCO,98.68,97.67,99.22,97.21,790800,77385224.0,2.06,0.31,0.3,1.92
2026-06-18,BCOR,24.034,24.034,24.034,24.034,233,5507.0,0.0,0.31,0.075,0.0
2026-06-18,BCPC,164.75,165.92,166.53,164.465,511280,84737098.0,1.26,0.94,1.54,1.59
2026-06-18,BCPL,24.94,24.91,24.955,24.91,11860,295572.0,0.18,0.32,0.08,0.0
2026-06-18,BCRX,9.1,8.99,9.54,8.98,8882726,80600902.0,6.26,0.45,0.04,3.49
2026-06-18,BCS,26.68,26.31,26.71,26.295,5875312,155747805.0,1.58,-0.08,-0.02,0.17
2026-06-18,BCSF,12.4,12.37,12.57,12.28,659400,8159306.0,2.35,0.08,0.01,1.02
2026-06-18,BCSM,23.85,23.97,24.045,23.85,1118,26797.0,0.82,0.88,0.209,0.0
2026-06-18,BCSS,10.21,10.21,10.27,10.21,356,3648.0,0.59,0.0,0.0,0.0
2026-06-18,BCSS_WS,0.69,0.68,0.69,0.68,712,485.0,1.4,-4.9,-0.035,0.0
2026-06-18,BCTK,31.76,31.98,32.09,31.425,15062,477672.0,2.13,2.53,0.79,0.0
2026-06-18,BCTX,2.82,2.9,2.95,2.8,54650,157965.0,5.36,3.57,0.1,0.63
2026-06-18,BCTXL,0.65,0.72,0.72,0.61,26034,17478.0,16.92,10.77,0.07,0.0
2026-06-18,BCTXZ,0.07,0.08,0.08,0.07,1525,109.0,12.5,0.0,0.0,0.0
2026-06-18,BCUS,37.19,37.232,37.232,36.76,5688,210590.0,1.29,1.8,0.66,0.0
2026-06-18,BCV,26.38,26.065,26.38,25.965,9553,250104.0,1.61,1.03,0.265,0.0
2026-06-18,BCV_A,20.21,20.85,20.99,20.21,2772,57274.0,3.7,-1.07,-0.225,0.25
2026-06-18,BCX,11.63,11.57,11.64,11.43,201545,2321452.0,1.8,-0.6,-0.07,0.0
2026-06-18,BCYC,4.15,4.0,4.185,3.975,317931,1274880.0,5.2,-0.99,-0.04,0.46
2026-06-18,BC_C,24.22,24.31,24.33,24.125,24917,603885.0,0.85,0.87,0.21,0.0
2026-06-18,BDBT,25.243,25.22,25.259,25.21,26528,669366.0,0.19,0.28,0.07,0.0
2026-06-18,BDC,122.93,123.26,128.475,122.75,936443,116842381.0,4.77,2.72,3.26,2.4
2026-06-18,BDCI,10.05,10.05,10.05,10.05,8,81.0,0.0,0.0,0.0,0.0
2026-06-18,BDCX,19.7,19.549,19.7,19.549,5668,111602.0,0.78,0.46,0.089,0.0
2026-06-18,BDCZ,14.8,14.698,15.11,14.698,4075,60623.0,2.81,0.27,0.039,0.0
2026-06-18,BDEC,53.11,53.215,53.215,53.09,3870,205645.0,0.24,0.8,0.42,0.0
2026-06-18,BDGS,36.3,36.539,36.55,36.3,18690,679968.0,0.69,0.71,0.259,0.0
2026-06-18,BDIV,24.48,24.404,24.51,24.404,26186,639556.0,0.44,0.19,0.047,0.0
2026-06-18,BDJ,9.29,9.25,9.335,9.22,473913,4403779.0,1.24,0.11,0.01,0.0
2026-06-18,BDL,42.84,43.99,44.8,40.61,7286,312580.0,9.9,3.97,1.68,0.39
2026-06-18,BDMD,1.15,1.11,1.24,1.11,49924,58317.0,11.21,-4.31,-0.05,0.12
2026-06-18,BDN,3.09,3.09,3.16,3.06,3383787,10505278.0,3.26,0.65,0.02,1.95
2026-06-18,BDRX,3.134,3.06,3.15,3.06,6520,20180.0,2.99,1.66,0.05,1.01
2026-06-18,BDRY,11.74,11.57,11.8,11.185,101024,1166392.0,5.18,-2.61,-0.31,0.0
2026-06-18,BDSX,16.09,16.81,17.4,15.26,132471,2211073.0,14.06,10.45,1.59,1.28
2026-06-18,BDTX,1.7,1.66,1.73,1.62,1909190,3161609.0,6.59,-0.6,-0.01,3.33
2026-06-18,BDVG,14.37,14.278,14.37,14.278,3795,54407.0,0.64,-0.49,-0.071,0.0
2026-06-18,BDVL,26.05,25.98,26.142,25.93,260971,6780986.0,0.82,0.66,0.17,0.0
2026-06-18,BDX,142.02,143.98,144.7,141.745,6231987,895697472.0,2.09,1.67,2.37,2.26
2026-06-18,BDYN,27.62,27.82,27.84,27.614,344449,9558468.0,0.82,1.46,0.4,0.0
2026-06-18,BE,297.6,328.91,329.51,294.81,16009219,5064604160.0,12.18,15.41,43.92,5.63
2026-06-18,BEAG,10.65,10.64,10.65,10.64,632,6729.0,0.09,-0.28,-0.03,0.0
2026-06-18,BEAM,33.58,34.14,34.35,32.66,3509471,118980026.0,5.2,5.11,1.66,3.41
2026-06-18,BEAT,0.711,0.76,0.81,0.71,916595,689709.0,13.97,6.15,0.044,1.65
2026-06-18,BEATW,0.036,0.036,0.038,0.033,8359,283.0,12.82,-7.69,-0.003,0.0
2026-06-18,BEDY,28.85,28.768,28.96,28.73,24617,710174.0,0.8,-0.03,-0.01,0.0
2026-06-18,BEDZ,37.24,37.31,37.36,37.24,955,35648.0,0.33,1.59,0.585,0.0
2026-06-18,BEEM,1.27,1.37,1.41,1.27,1904636,2586612.0,10.69,4.58,0.06,8.58
2026-06-18,BEEP,1.94,1.78,1.98,1.75,128666,234363.0,12.11,-6.32,-0.12,0.31
2026-06-18,BEEX,26.88,26.924,26.924,26.88,9307,250200.0,0.16,0.93,0.249,0.0
2026-06-18,BEEZ,32.715,32.715,32.715,32.715,87,2855.0,0.0,-0.04,-0.013,0.0
2026-06-18,BEG,90.69,107.47,108.0,90.0,148091,14461510.0,21.79,30.1,24.865,0.0
2026-06-18,BEGS,14.6,14.17,14.6,14.03,3152,44698.0,3.91,-2.75,-0.4,0.0
2026-06-18,BEKE,15.17,14.91,15.21,14.89,5089519,76153183.0,2.06,-3.93,-0.61,0.46
2026-06-18,BELFA,273.94,265.77,274.9,259.6,283403,75190105.0,5.76,0.04,0.11,13.4
2026-06-18,BELFB,307.43,296.39,311.67,293.05,245245,73406395.0,6.21,-1.15,-3.45,2.03
2026-06-18,BELT,40.06,40.258,40.258,40.06,483,19417.0,0.5,2.28,0.898,0.0
2026-06-18,BEMB,53.645,53.645,53.645,53.645,181,9736.0,0.0,0.33,0.176,0.0
2026-06-18,BEN,33.98,33.05,34.04,32.885,9142125,303671664.0,3.47,-0.72,-0.24,1.76
2026-06-18,BENF,3.47,3.4,3.58,3.39,17822,61405.0,5.31,-5.03,-0.18,0.13
2026-06-18,BENFW,0.011,0.011,0.011,0.008,68068,678.0,27.27,0.0,0.0,0.0
2026-06-18,BENJ,52.73,52.715,52.73,52.7,8903,469427.0,0.06,0.01,0.005,0.0
2026-06-18,BEP,34.45,35.24,35.61,34.45,1172283,41279404.0,3.39,2.92,1.0,0.39
2026-06-18,BEPC,36.43,37.42,37.6,36.32,1872671,69879007.0,3.56,4.0,1.44,1.27
2026-06-18,BEPH,14.81,14.85,14.88,14.8,8942,132784.0,0.54,-0.2,-0.03,0.0
2026-06-18,BEPI,15.6,15.52,15.6,15.52,3543,55088.0,0.51,-0.19,-0.03,0.0
2026-06-18,BEPJ,25.5,25.5,25.75,25.445,1020,26035.0,1.2,-0.08,-0.02,0.0
2026-06-18,BEP_A,17.5,17.491,17.5,17.476,2005,35041.0,0.14,0.23,0.041,0.03
2026-06-18,BERZ,22.15,21.92,23.26,21.71,159609,3555055.0,6.5,-8.05,-1.92,0.0
2026-06-18,BESF,38.0,37.82,38.0,37.82,592,22414.0,0.47,-0.97,-0.371,0.0
2026-06-18,BESO,23.699,23.699,23.699,23.699,16,378.0,0.0,-2.33,-0.565,0.0
2026-06-18,BESS,4.33,5.82,6.2,4.33,2584474,14530220.0,44.31,37.91,1.6,36.41
2026-06-18,BESS_WS,1.95,2.25,2.35,1.76,68154,140134.0,33.71,28.57,0.5,0.0
2026-06-18,BETA,15.94,16.1,16.32,15.27,1836543,29254831.0,6.66,2.09,0.33,0.83
2026-06-18,BETE,29.35,28.844,29.35,28.52,9946,285685.0,2.83,-1.74,-0.512,0.0
2026-06-18,BETH,34.3,34.634,34.634,34.3,1655,57027.0,0.95,-1.88,-0.665,0.0
2026-06-18,BETR,27.98,28.43,28.72,27.104,431301,12193680.0,5.95,4.6,1.25,3.3
2026-06-18,BETRW,0.168,0.201,0.201,0.164,15803,3101.0,23.72,28.85,0.045,0.0
2026-06-18,BETZ,19.65,19.47,19.77,19.18,222417,4324459.0,3.01,-0.56,-0.11,0.0
2026-06-18,BEX,63.78,76.58,76.64,63.33,1054235,72833073.0,22.79,31.13,18.18,0.0
2026-06-18,BEZ,14.85,11.41,15.07,11.32,791490,10259616.0,22.85,-30.47,-5.0,0.0
2026-06-18,BFAM,63.66,64.32,64.81,63.0,1972267,126829951.0,2.83,0.48,0.31,3.75
2026-06-18,BFAP,14.175,14.175,14.175,14.175,7,103.0,0.0,-0.7,-0.1,0.0
2026-06-18,BFC,143.28,142.68,144.54,141.55,166813,23825816.0,2.11,0.91,1.29,1.49
2026-06-18,BFEB,52.5,52.63,52.64,52.5,4510,237154.0,0.27,0.73,0.383,0.0
2026-06-18,BFEW,21.1,21.1,21.1,21.1,10,211.0,0.0,0.26,0.055,0.0
2026-06-18,BFH,102.92,102.41,103.8,101.77,1463783,149993715.0,2.0,0.97,0.98,3.62
2026-06-18,BFH_A,25.0,25.0,25.0,24.88,9739,243037.0,0.48,0.14,0.035,0.32
2026-06-18,BFH_B,25.05,25.15,25.23,25.05,26678,670404.0,0.72,0.4,0.1,0.56
2026-06-18,BFIX,25.14,25.14,25.14,25.14,185,4675.0,0.0,0.04,0.01,0.0
2026-06-18,BFJA,17.5,17.485,17.51,17.485,2860,50063.0,0.14,-1.52,-0.269,0.0
2026-06-18,BFJL,16.68,16.71,16.71,16.665,2977,49635.0,0.27,-0.06,-0.01,0.0
2026-06-18,BFLB,54.29,54.316,54.35,54.28,8789,477286.0,0.13,0.49,0.264,0.0
2026-06-18,BFLX,26.08,25.853,26.08,25.76,690180,17851937.0,1.25,0.75,0.193,0.0
2026-06-18,BFLY,7.21,8.9,8.94,7.1,60480073,486684864.0,32.22,55.87,3.19,25.71
2026-06-18,BFOC,16.895,16.86,16.895,16.84,2808,47331.0,0.33,-0.3,-0.051,0.0
2026-06-18,BFOR,93.04,93.042,93.042,92.755,1340,124540.0,0.31,1.36,1.252,0.0
2026-06-18,BFRG,0.729,0.723,0.73,0.673,291815,207518.0,8.17,3.58,0.025,1.57
2026-06-18,BFRGW,0.142,0.142,0.142,0.142,820,116.0,0.0,7.58,0.01,0.0
2026-06-18,BFRI,0.98,0.987,1.01,0.98,231980,229685.0,3.06,0.61,0.006,1.81
2026-06-18,BFRIW,0.023,0.023,0.023,0.023,10,0.0,0.0,0.0,0.0,0.0
2026-06-18,BFRZ,27.14,27.062,27.15,26.95,197306,5336488.0,0.74,0.6,0.162,0.0
2026-06-18,BFS,35.58,36.03,36.19,35.58,165813,5963137.0,1.72,1.46,0.52,0.68
2026-06-18,BFST,28.85,28.77,29.0,28.52,711457,20476763.0,1.68,0.74,0.21,2.18
2026-06-18,BFS_D,21.01,20.85,21.15,20.85,1200,25162.0,1.43,-0.67,-0.14,0.04
2026-06-18,BFS_E,22.6,22.61,23.0,22.52,10010,227594.0,2.12,-0.31,-0.07,0.23
2026-06-18,BF_A,25.71,26.64,26.97,25.71,459937,12252020.0,4.94,4.39,1.12,0.27
2026-06-18,BF_B,25.88,26.64,26.845,25.61,7148262,189860603.0,4.84,4.43,1.13,2.46
2026-06-18,BG,116.55,112.58,116.55,111.388,2791426,315291056.0,4.44,-3.07,-3.56,1.44
2026-06-18,BGB,11.3,11.31,11.32,11.29,98293,1111261.0,0.27,0.09,0.01,0.0
2026-06-18,BGC,12.18,12.05,12.455,11.922,7749696,93756572.0,4.42,-0.17,-0.02,2.1
2026-06-18,BGCG,26.05,26.354,26.354,26.01,10032,263806.0,1.33,2.01,0.519,0.0
2026-06-18,BGDE,11.21,10.67,11.353,10.02,536696,5833153.0,13.74,10.0,0.97,9.72
2026-06-18,BGDV,31.093,31.066,31.093,31.0,6863,213030.0,0.3,0.96,0.296,0.0
2026-06-18,BGEG,25.12,25.193,25.193,25.12,50057,1257434.0,0.3,2.49,0.612,0.0
2026-06-18,BGGG,34.93,34.824,34.93,34.505,67224,2329538.0,1.23,1.15,0.395,0.0
2026-06-18,BGH,13.79,13.82,13.87,13.78,107679,1487658.0,0.65,-0.5,-0.07,0.0
2026-06-18,BGI,0.608,0.61,0.619,0.573,76436,45232.0,7.59,0.66,0.004,0.64
2026-06-18,BGIA,25.27,25.382,25.4,25.27,3774,95816.0,0.52,1.2,0.3,0.0
2026-06-18,BGIG,35.43,35.305,35.47,35.27,81036,2865207.0,0.57,0.2,0.07,0.0
2026-06-18,BGIN,2.18,2.02,2.384,2.0,23271,49109.0,17.45,-8.18,-0.18,0.03
2026-06-18,BGL,0.41,0.381,0.419,0.38,300142,117455.0,9.7,-5.22,-0.021,0.73
2026-06-18,BGLC,2.44,2.61,2.61,2.35,92100,226420.0,10.27,3.57,0.09,3.81
2026-06-18,BGLD,16.7,16.655,16.86,16.655,7210,120959.0,1.23,-0.22,-0.037,0.0
2026-06-18,BGLWW,0.1,0.11,0.14,0.1,1407,149.0,42.11,15.79,0.015,0.0
2026-06-18,BGM,0.377,0.365,0.395,0.35,148888,55309.0,11.6,-5.93,-0.023,0.04
2026-06-18,BGMS,0.817,0.758,0.819,0.745,260151,199643.0,9.06,-7.22,-0.059,4.71
2026-06-18,BGR,14.89,14.62,15.03,14.47,225715,3294594.0,3.74,-2.27,-0.34,0.0
2026-06-18,BGRN,47.48,47.443,47.54,47.43,30102,1429061.0,0.23,0.14,0.066,0.0
2026-06-18,BGRO,42.72,42.72,42.72,42.72,67,2886.0,0.0,1.51,0.634,0.0
2026-06-18,BGS,3.88,3.89,3.95,3.88,2343509,9141231.0,1.79,-0.26,-0.01,2.89
2026-06-18,BGSF,5.08,5.4,5.4,5.08,13073,69784.0,6.25,5.47,0.28,0.12
2026-06-18,BGSI,90.715,92.32,92.52,90.635,30310,2782648.0,2.06,1.08,0.99,0.11
2026-06-18,BGT,10.63,10.66,10.67,10.59,136365,1449500.0,0.75,0.28,0.03,0.0
2026-06-18,BGX,10.84,10.87,10.87,10.84,46717,507300.0,0.28,0.28,0.03,0.0
2026-06-18,BGY,5.74,5.77,5.78,5.72,282794,1626171.0,1.05,1.05,0.06,0.0
2026-06-18,BH,338.74,332.74,348.09,329.65,34580,11689501.0,5.5,-0.8,-2.68,1.66
2026-06-18,BHAV,9.95,9.95,9.95,9.95,1236,12298.0,0.0,0.0,0.0,0.01
2026-06-18,BHB,36.34,36.39,36.85,35.66,448002,16325353.0,3.3,0.8,0.29,2.68
2026-06-18,BHC,4.78,4.77,4.8,4.565,4410314,20794222.0,4.94,0.21,0.01,1.18
2026-06-18,BHDG,24.76,24.96,24.96,24.74,2600,65906.0,0.88,1.1,0.27,0.0
2026-06-18,BHE,92.89,92.17,94.748,91.15,1486397,137218729.0,3.95,1.23,1.12,4.14
2026-06-18,BHF,63.22,63.25,63.39,62.81,938723,59308246.0,0.92,0.05,0.03,1.63
2026-06-18,BHFAL,16.02,16.0,16.07,16.0,10102,161847.0,0.44,-0.19,-0.03,0.0
2026-06-18,BHFAM,10.65,10.82,10.84,10.65,25771,277485.0,1.79,1.79,0.19,0.18
2026-06-18,BHFAN,12.2,12.32,12.38,12.2,32841,404304.0,1.47,0.57,0.07,0.14
2026-06-18,BHFAO,15.44,15.47,15.5,15.33,15462,238971.0,1.11,0.58,0.089,0.1
2026-06-18,BHFAP,15.1,15.15,15.15,15.06,7318,110603.0,0.6,0.4,0.06,0.04
2026-06-18,BHK,9.0,8.98,9.0,8.955,275659,2473668.0,0.5,0.45,0.04,0.0
2026-06-18,BHM,9.601,9.08,9.625,9.08,21439,200320.0,5.51,-8.28,-0.82,0.52
2026-06-18,BHP,87.94,87.87,89.04,87.22,3784581,333644608.0,2.01,-2.76,-2.49,0.15
2026-06-18,BHR,2.05,2.08,2.1,2.03,1694843,3486561.0,3.45,2.46,0.05,2.47
2026-06-18,BHRB,65.77,65.51,66.2,65.25,345233,22648249.0,1.46,0.68,0.44,1.71
2026-06-18,BHR_B,14.35,14.25,14.35,13.945,29727,419191.0,2.9,2.0,0.28,0.97
2026-06-18,BHR_D,17.28,17.39,17.42,17.25,8027,139018.0,0.98,0.29,0.05,0.5
2026-06-18,BHST,3.374,3.26,3.374,3.26,2179,7240.0,3.48,-0.61,-0.02,0.01
2026-06-18,BHV,12.19,12.32,12.485,12.19,3469,42868.0,2.43,1.48,0.18,0.0
2026-06-18,BHVN,13.69,13.57,14.23,13.12,6458979,87549636.0,8.15,-0.37,-0.05,4.29
2026-06-18,BHYB,54.272,54.272,54.272,54.272,123,6678.0,0.0,0.24,0.129,0.0
2026-06-18,BHYP,40.26,38.26,40.26,37.24,452329,17500642.0,7.44,-5.74,-2.33,0.0
2026-06-18,BH_A,1746.01,1720.64,1803.97,1675.01,16224,28275613.0,7.4,-1.3,-22.58,7.68
2026-06-18,BIAF,0.84,0.837,0.87,0.809,827387,691283.0,7.33,0.6,0.005,17.44
2026-06-18,BIAFW,0.14,0.14,0.14,0.14,139,22.0,0.0,0.0,0.0,0.0
2026-06-18,BIB,87.35,85.023,87.35,83.15,11468,964107.0,4.94,0.08,0.071,0.0
2026-06-18,BIBL,56.22,56.27,56.405,56.057,26332,1481669.0,0.63,1.59,0.88,0.0
2026-06-18,BIDD,30.59,30.69,30.77,30.56,53308,1634645.0,0.69,1.35,0.41,0.0
2026-06-18,BIDG,11.25,10.961,11.25,10.802,17306,189691.0,4.1,0.32,0.035,0.0
2026-06-18,BIDU,112.65,111.76,113.605,110.93,2135238,239117434.0,2.4,0.13,0.15,0.78
2026-06-18,BIDWU,9.99,9.99,9.99,9.99,108,1079.0,0.0,0.15,0.015,0.0
2026-06-18,BIGY,52.345,52.366,52.366,52.11,8195,428073.0,0.49,0.92,0.476,0.0
2026-06-18,BIIB,200.22,196.58,200.99,193.195,1729826,339941808.0,3.92,-1.05,-2.09,1.17
2026-06-18,BIII,9.94,9.94,9.94,9.94,18,180.0,0.0,0.0,0.0,0.0
2026-06-18,BIL,91.56,91.57,91.57,91.56,7807760,714918000.0,0.01,0.04,0.04,0.0
2026-06-18,BILD,29.984,29.984,29.984,29.984,4,144.0,0.0,0.08,0.023,0.0
2026-06-18,BILI,17.31,17.2,17.36,17.085,2312631,39789990.0,1.6,0.12,0.02,0.69
2026-06-18,BILL,31.79,32.47,32.68,31.41,2797033,90534355.0,3.95,0.87,0.28,2.81
2026-06-18,BILS,99.3,99.3,99.31,99.29,315194,31300784.0,0.02,0.03,0.03,0.0
2026-06-18,BILT,27.88,27.772,28.715,27.772,2304,64370.0,3.4,0.05,0.015,0.0
2026-06-18,BILZ,100.83,100.85,100.85,100.83,552810,55745747.0,0.02,0.05,0.05,0.0
2026-06-18,BINC,52.27,52.29,52.32,52.27,1629473,85207786.0,0.1,0.02,0.01,0.0
2026-06-18,BINT,33.035,33.14,33.18,33.035,34953,1158664.0,0.44,1.53,0.5,0.0
2026-06-18,BINV,42.63,42.64,42.71,42.48,23870,1017441.0,0.54,-0.14,-0.06,0.0
2026-06-18,BIO,284.61,282.44,285.75,280.48,402769,113771369.0,1.85,-0.78,-2.23,1.86
2026-06-18,BIOA,20.53,20.77,20.94,19.32,619615,12642066.0,8.1,3.9,0.78,1.39
2026-06-18,BIOX,0.394,0.373,0.415,0.37,783113,302370.0,11.39,-5.57,-0.022,1.23
2026-06-18,BIOY,22.91,22.98,22.98,22.91,248,5708.0,0.3,-0.76,-0.175,0.0
2026-06-18,BIO_B,304.15,304.15,304.15,304.15,2,576.0,0.0,0.0,0.0,0.0
2026-06-18,BIP,37.42,37.57,37.877,37.34,725779,27241936.0,1.44,0.54,0.2,0.16
2026-06-18,BIPC,39.59,39.61,39.93,39.15,1496800,59136044.0,1.98,0.76,0.3,1.22
2026-06-18,BIPH,16.22,16.3,16.3,16.22,5802,94391.0,0.49,0.0,0.0,0.0
2026-06-18,BIPI,16.37,16.38,16.39,16.32,12364,202443.0,0.43,0.06,0.01,0.0
2026-06-18,BIPJ,25.01,25.0,25.15,24.81,5485,136995.0,1.37,0.52,0.13,0.0
2026-06-18,BIP_A,16.66,16.74,16.74,16.66,1724,28778.0,0.48,0.12,0.02,0.02
2026-06-18,BIP_B,16.05,16.14,16.14,15.96,14943,239796.0,1.12,0.5,0.08,0.19
2026-06-18,BIRD,6.43,5.97,6.59,5.77,13521423,83211615.0,14.96,8.94,0.49,215.49
2026-06-18,BIRK,46.75,46.11,48.84,46.1,3746785,176238234.0,5.84,-1.79,-0.84,2.04
2026-06-18,BIS,15.88,16.327,16.57,15.88,9298,152678.0,4.22,-0.08,-0.013,0.0
2026-06-18,BIT,12.32,12.34,12.39,12.32,369159,4564643.0,0.57,0.49,0.06,0.0
2026-06-18,BITB,34.89,34.13,34.92,33.78,2040717,69884235.0,3.27,-2.09,-0.73,0.0
2026-06-18,BITC,39.045,39.045,39.045,39.045,538,21045.0,0.0,0.0,0.0,0.0
2026-06-18,BITI,26.58,27.17,27.469,26.562,1687634,45765491.0,3.41,2.1,0.56,0.0
2026-06-18,BITK,9.98,9.81,9.98,9.78,2199,21604.0,1.99,-2.39,-0.24,0.0
2026-06-18,BITO,8.75,8.56,8.75,8.46,322602864,2765682992.0,3.32,-1.95,-0.17,0.0
2026-06-18,BITQ,28.08,27.87,28.08,27.2,110740,3068471.0,3.24,2.5,0.68,0.0
2026-06-18,BITS,64.97,63.704,64.97,63.08,1321,84083.0,2.98,0.5,0.318,0.0
2026-06-18,BITU,9.81,9.38,9.81,9.17,4841880,45880475.0,6.53,-4.29,-0.42,0.0
2026-06-18,BITW,41.11,40.34,41.45,39.84,19601,791162.0,3.92,-1.85,-0.759,0.0
2026-06-18,BITX,12.51,11.96,12.52,11.7,7827661,94296429.0,6.57,-4.17,-0.52,0.0
2026-06-18,BITY,26.78,26.199,26.825,25.98,3394,89469.0,3.16,-2.11,-0.564,0.0
2026-06-18,BIV,76.61,76.53,76.705,76.51,1539714,117942246.0,0.26,0.29,0.22,0.0
2026-06-18,BIVI,1.82,1.76,1.85,1.75,138163,248010.0,5.59,-1.68,-0.03,1.83
2026-06-18,BIVIW,0.31,0.31,0.31,0.3,6600,2075.0,2.79,-0.67,-0.0,0.0
2026-06-18,BIXI,10.0,10.0,10.0,10.0,65,653.0,0.0,0.0,0.0,0.0
2026-06-18,BIXIU,10.11,10.11,10.11,10.11,148,1495.0,0.0,0.0,0.0,0.0
2026-06-18,BIXIW,0.28,0.28,0.28,0.28,30,8.0,0.0,0.0,0.0,0.0
2026-06-18,BIYA,0.48,0.413,0.488,0.39,2336804,1023319.0,19.88,-16.23,-0.08,14.59
2026-06-18,BIZD,12.38,12.36,12.44,12.285,2723179,33627784.0,1.26,0.16,0.02,0.0
2026-06-18,BJ,85.77,85.22,86.325,83.71,3026000,257423502.0,3.01,-1.81,-1.57,2.37
2026-06-18,BJAN,58.81,58.862,58.862,58.76,4232,248859.0,0.17,0.71,0.413,0.0
2026-06-18,BJDX,4.48,4.46,4.86,4.3,80347,365595.0,12.61,0.45,0.02,7.77
2026-06-18,BJRI,53.5,54.55,56.21,53.01,1005511,55385994.0,6.11,4.1,2.15,4.78
2026-06-18,BJUL,54.075,54.09,54.1,54.07,16971,917812.0,0.06,0.3,0.16,0.0
2026-06-18,BJUN,48.56,48.68,48.72,48.56,67260,3270268.0,0.33,0.79,0.38,0.0
2026-06-18,BKAG,41.97,41.92,42.02,41.92,112160,4705919.0,0.24,0.29,0.12,0.0
2026-06-18,BKCG,37.38,37.602,37.602,37.34,988,36977.0,0.71,1.42,0.525,0.0
2026-06-18,BKCH,87.81,87.4,87.81,85.16,35665,3090003.0,3.11,2.45,2.09,0.0
2026-06-18,BKCI,53.33,53.502,53.525,53.33,6293,336183.0,0.37,0.97,0.512,0.0
2026-06-18,BKD,13.81,13.65,14.05,13.45,3537610,48352611.0,4.41,0.22,0.03,1.48
2026-06-18,BKDV,33.61,33.32,33.61,33.32,382751,12795756.0,0.87,0.27,0.09,0.0
2026-06-18,BKE,44.62,45.17,45.415,44.488,825313,37207021.0,2.1,2.26,1.0,1.6
2026-06-18,BKEM,97.27,98.561,98.651,97.01,3055,300048.0,1.72,3.1,2.964,0.0
2026-06-18,BKF,39.69,39.73,39.78,39.56,106526,4231878.0,0.56,0.71,0.28,0.0
2026-06-18,BKFI,23.91,23.895,23.91,23.895,10318,246702.0,0.06,0.31,0.075,0.0
2026-06-18,BKGI,44.74,44.75,44.92,44.59,369527,16531899.0,0.74,0.07,0.03,0.0
2026-06-18,BKH,72.31,72.75,73.0,71.81,1258282,91317951.0,1.65,0.99,0.71,1.65
2026-06-18,BKHA,12.13,12.14,12.35,12.1,3846,46593.0,2.09,1.25,0.15,0.09
2026-06-18,BKHAU,13.14,14.0,14.44,13.1,9595,134593.0,9.95,3.93,0.53,0.0
2026-06-18,BKHY,47.52,47.534,47.59,47.52,19233,914687.0,0.15,0.22,0.104,0.0
2026-06-18,BKIE,100.95,101.22,101.22,100.82,30976,3131407.0,0.4,0.58,0.58,0.0
2026-06-18,BKKT,9.14,9.22,9.45,8.86,3050320,28003615.0,6.55,2.33,0.21,6.84
2026-06-18,BKKT_WS,0.08,0.08,0.087,0.08,3168,265.0,8.75,0.0,0.0,0.0
2026-06-18,BKLC,143.84,143.62,143.87,143.001,328696,47210213.0,0.61,1.04,1.48,0.0
2026-06-18,BKLN,20.49,20.46,20.49,20.45,6240561,127764788.0,0.2,-0.05,-0.01,0.0
2026-06-18,BKMC,120.34,121.526,121.58,120.34,6906,838771.0,1.03,1.07,1.284,0.0
2026-06-18,BKMI,26.33,26.32,26.38,26.2,466532,12279906.0,0.68,-0.08,-0.02,0.0
2026-06-18,BKMS,25.54,25.515,25.54,25.23,123819,3156827.0,1.22,0.02,0.005,0.0
2026-06-18,BKNG,172.66,171.78,174.45,170.285,18363035,3160514752.0,2.43,0.09,0.15,2.37
2026-06-18,BKR,59.905,58.41,60.0,57.98,17607054,1031036976.0,3.36,-2.76,-1.66,1.77
2026-06-18,BKSE,124.93,130.388,130.388,124.93,2204,282346.0,4.25,1.6,2.059,0.0
2026-06-18,BKSY,30.34,28.99,30.35,27.52,2336479,67035067.0,9.59,-1.8,-0.53,6.3
2026-06-18,BKSY_WS,0.074,0.076,0.078,0.07,14943,1112.0,10.26,-2.56,-0.002,0.0
2026-06-18,BKT,10.43,10.43,10.44,10.4,56984,593869.0,0.38,0.29,0.03,0.0
2026-06-18,BKTI,83.0,83.08,84.79,80.5,41129,3404761.0,5.2,0.63,0.52,1.1
2026-06-18,BKU,47.16,47.54,47.72,47.06,2271195,107752790.0,1.41,1.41,0.66,3.12
2026-06-18,BKUI,49.7,49.7,49.72,49.696,18422,915817.0,0.05,0.02,0.01,0.0
2026-06-18,BKV,23.96,24.55,24.82,23.73,1782664,43730730.0,4.52,1.74,0.42,1.63
2026-06-18,BL,26.65,26.77,27.005,25.973,1871381,50029114.0,3.85,-0.11,-0.03,3.19
2026-06-18,BLBD,74.4,73.99,75.06,73.69,524108,38902443.0,1.87,0.87,0.64,1.66
2026-06-18,BLCK,27.272,27.272,27.272,27.272,6,162.0,0.0,2.37,0.631,0.0
2026-06-18,BLCN,26.5,26.7,26.835,26.45,12434,331659.0,1.46,1.14,0.3,0.0
2026-06-18,BLCO,14.88,14.87,15.0,14.82,335472,4998328.0,1.21,0.07,0.01,0.09
2026-06-18,BLCR,50.34,50.3,50.37,49.973,612744,30794468.0,0.8,1.64,0.81,0.0
2026-06-18,BLCV,41.5,41.17,41.5,41.14,9686,400144.0,0.88,0.96,0.39,0.0
2026-06-18,BLD,417.45,426.51,426.51,416.71,1285401,545253536.0,2.39,3.8,15.62,4.59
2026-06-18,BLDG,26.2,26.27,26.41,26.2,5586,146884.0,0.8,-0.04,-0.01,0.0
2026-06-18,BLDP,4.27,4.37,4.39,4.1,8623566,37107775.0,6.97,5.05,0.21,2.86
2026-06-18,BLDR,78.36,80.59,82.685,77.5,3641122,294056544.0,6.81,5.84,4.45,3.39
2026-06-18,BLDX,26.06,26.03,26.24,26.01,211663,5507434.0,0.88,-0.13,-0.035,0.0
2026-06-18,BLES,47.43,48.017,48.06,47.43,12289,589826.0,1.32,0.73,0.347,0.0
2026-06-18,BLFS,26.03,26.04,26.83,25.645,1117751,29074439.0,4.63,1.8,0.46,2.29
2026-06-18,BLGR,31.68,31.81,31.81,31.508,11056,350894.0,0.96,1.63,0.51,0.0
2026-06-18,BLIN,1.02,1.01,1.11,1.0,40185,41564.0,10.78,-0.98,-0.01,0.32
2026-06-18,BLIV,2.39,2.39,2.39,2.39,626,1383.0,0.0,0.0,0.0,0.01
2026-06-18,BLK,1073.77,1050.09,1076.505,1045.905,1032316,1091858960.0,2.89,-0.69,-7.29,0.67
2026-06-18,BLKB,26.57,27.04,27.39,26.14,6877943,185928291.0,4.67,1.01,0.27,14.97
2026-06-18,BLLN,102.01,105.15,106.55,100.01,985189,102908405.0,6.58,5.81,5.77,2.38
2026-06-18,BLMN,7.86,8.06,8.295,7.805,2388261,19322059.0,6.38,4.95,0.38,2.79
2026-06-18,BLND,1.63,1.65,1.71,1.56,7569495,12367485.0,9.43,3.77,0.06,3.17
2026-06-18,BLNE,1.24,1.24,1.27,1.21,429919,533462.0,4.96,2.48,0.03,1.38
2026-06-18,BLNK,0.658,0.65,0.666,0.635,15417203,10013587.0,4.74,-0.61,-0.004,10.73
2026-06-18,BLOK,66.91,66.78,67.12,66.07,132918,8852835.0,1.6,1.64,1.08,0.0
2026-06-18,BLOX,17.37,17.42,17.59,17.02,262342,4554994.0,3.36,2.71,0.46,0.0
2026-06-18,BLRKU,10.07,10.07,10.07,10.07,2,20.0,0.0,0.0,0.0,0.0
2026-06-18,BLRX,3.02,3.16,3.32,3.02,7860,24631.0,9.93,4.64,0.14,0.18
2026-06-18,BLSG,1.84,1.84,1.96,1.77,163391,304980.0,10.45,1.21,0.022,0.0
2026-06-18,BLSH,24.05,24.1,24.93,23.495,3234959,77933755.0,6.01,1.01,0.24,2.13
2026-06-18,BLST,25.05,25.02,25.05,25.02,9006,225488.0,0.12,0.16,0.04,0.0
2026-06-18,BLTD,25.43,25.35,25.435,25.35,6779,172154.0,0.34,0.33,0.084,0.0
2026-06-18,BLTE,149.0,146.12,151.99,143.9,255109,37302802.0,5.45,-1.5,-2.22,0.64
2026-06-18,BLUC,31.1,31.27,31.27,31.1,17847,557512.0,0.55,1.3,0.4,0.0
2026-06-18,BLUI,25.62,25.633,25.66,25.62,14946,383015.0,0.16,0.22,0.056,0.0
2026-06-18,BLUW,10.32,10.32,10.32,10.31,3661,37773.0,0.1,-0.1,-0.01,0.01
2026-06-18,BLUWU,10.53,10.53,10.53,10.53,24,259.0,0.0,0.0,0.0,0.0
2026-06-18,BLUX,31.765,31.94,31.94,31.72,32826,1046171.0,0.7,1.46,0.46,0.0
2026-06-18,BLV,69.35,69.09,69.436,69.055,423919,29353779.0,0.55,0.45,0.31,0.0
2026-06-18,BLW,12.26,12.25,12.29,12.19,121003,1483232.0,0.82,0.41,0.05,0.0
2026-06-18,BLX,59.7,60.18,60.73,59.4,312476,18811135.0,2.25,1.91,1.13,1.03
2026-06-18,BLZE,8.35,8.19,8.46,7.86,1205800,9840084.0,7.26,-0.97,-0.08,2.01
2026-06-18,BLZR,10.115,10.12,10.13,10.11,52527,531575.0,0.2,0.05,0.005,0.19
2026-06-18,BLZRU,10.28,10.28,10.28,10.28,100,1028.0,0.0,0.1,0.01,0.0
2026-06-18,BMA,101.4,101.68,103.61,98.22,335640,34221556.0,5.47,3.2,3.15,0.53
2026-06-18,BMAR,57.36,57.545,57.6,57.36,2611,150166.0,0.42,0.61,0.35,0.0
2026-06-18,BMAY,47.43,47.408,47.44,47.31,2900,137324.0,0.28,0.76,0.358,0.0
2026-06-18,BMBL,2.96,2.96,3.05,2.895,6158927,18292588.0,5.24,0.0,0.0,4.72
2026-06-18,BME,40.04,39.8,40.155,39.629,51724,2058264.0,1.32,-0.28,-0.11,0.0
2026-06-18,BMEA,1.22,1.18,1.264,1.16,744070,886664.0,8.67,-1.67,-0.02,1.03
2026-06-18,BMED,28.22,28.42,28.42,28.22,684,19326.0,0.7,0.05,0.015,0.0
2026-06-18,BMEZ,14.57,14.55,14.692,14.41,219719,3187678.0,1.94,0.0,0.0,0.0
2026-06-18,BMGL,0.555,0.617,0.617,0.535,110940,64798.0,13.8,3.87,0.023,0.59
2026-06-18,BMHL,5.8,5.67,6.09,5.67,5707,33335.0,7.16,-3.41,-0.2,0.04
2026-06-18,BMI,134.81,135.5,136.5,131.7,821302,111065266.0,3.56,0.63,0.85,2.81
2026-06-18,BML_G,18.92,19.0,19.09,18.92,6480,123381.0,0.9,0.13,0.025,0.17
2026-06-18,BML_H,19.19,19.21,19.3,19.17,7754,149056.0,0.68,0.31,0.06,0.06
2026-06-18,BML_J,19.87,19.975,20.02,19.85,12013,239860.0,0.86,0.68,0.135,0.14
2026-06-18,BML_L,19.37,19.51,19.51,19.37,2215,43100.0,0.72,0.41,0.08,0.01
2026-06-18,BMM,7.03,6.63,7.03,6.27,291410,1917543.0,10.8,-5.82,-0.41,0.28
2026-06-18,BMN,25.6,26.11,26.11,25.5,594,15339.0,2.39,2.09,0.535,0.0
2026-06-18,BMNG,13.38,13.75,13.8,12.54,586489,7695117.0,9.68,5.61,0.73,0.0
2026-06-18,BMNR,15.96,16.14,16.22,15.441,51599250,821377184.0,4.96,2.8,0.44,9.08
2026-06-18,BMNU,0.979,1.0,1.01,0.911,62232683,58771051.0,10.44,5.49,0.052,0.0
2026-06-18,BMNZ,22.38,21.79,23.95,21.72,433712,9948356.0,9.6,-6.16,-1.43,0.0
2026-06-18,BMO,172.34,170.82,173.2,170.46,1300294,222745809.0,1.61,0.58,0.98,0.19
2026-06-18,BMOP,25.03,25.06,25.08,25.01,286018,7156027.0,0.28,0.16,0.04,0.0
2026-06-18,BMR,1.63,1.66,1.68,1.62,48154,79435.0,3.75,3.75,0.06,0.31
2026-06-18,BMRA,1.96,1.79,2.0,1.79,61855,113918.0,10.66,-9.14,-0.18,2.0
2026-06-18,BMRC,25.92,25.81,26.1,25.5,108202,2791216.0,2.34,0.62,0.16,0.67
2026-06-18,BMRN,55.04,54.69,55.62,54.26,3481400,190635280.0,2.47,-0.6,-0.33,1.8
2026-06-18,BMVP,50.956,50.956,50.956,50.956,14,719.0,0.0,-0.39,-0.202,0.0
2026-06-18,BMY,55.2,54.0,55.33,53.44,31700300,1713722368.0,3.41,-2.32,-1.28,1.55
2026-06-18,BN,45.09,44.44,45.32,44.24,3709184,165032877.0,2.41,-0.67,-0.3,0.15
2026-06-18,BNAI,19.3,20.03,20.3,18.52,193574,3761785.0,8.75,-1.57,-0.32,2.97
2026-06-18,BNAIW,0.144,0.132,0.144,0.132,968,133.0,8.0,-12.0,-0.018,0.0
2026-06-18,BNBX,0.475,0.403,0.49,0.403,100363,43630.0,17.76,-17.76,-0.087,1.39
2026-06-18,BNC,2.22,2.25,2.28,2.04,501123,1087451.0,11.01,3.21,0.07,1.21
2026-06-18,BNCWW,0.018,0.018,0.018,0.018,892,16.0,0.0,0.0,0.0,0.0
2026-06-18,BNCWZ,0.028,0.028,0.028,0.028,1,0.0,0.0,0.0,0.0,0.0
2026-06-18,BND,73.32,73.34,73.495,73.315,6312452,463311952.0,0.25,0.27,0.2,0.0
2026-06-18,BNDC,22.09,22.065,22.09,22.06,1113,24577.0,0.14,0.11,0.025,0.0
2026-06-18,BNDD,102.01,101.225,102.01,101.11,78004,7900510.0,0.88,-0.67,-0.685,0.0
2026-06-18,BNDI,47.05,46.993,47.115,46.93,32879,1546407.0,0.39,0.31,0.143,0.0
2026-06-18,BNDP,74.285,74.208,74.32,74.208,5167,383775.0,0.15,0.23,0.17,0.0
2026-06-18,BNDS,51.0,50.991,51.02,50.95,21745,1108593.0,0.14,0.08,0.041,0.0
2026-06-18,BNDW,68.43,68.408,68.515,68.4,69080,4728460.0,0.17,0.15,0.105,0.0
2026-06-18,BNDX,48.37,48.35,48.4,48.34,3316800,160442651.0,0.12,0.08,0.04,0.0
2026-06-18,BNDY,25.43,25.37,25.43,25.365,10890,276574.0,0.26,0.46,0.115,0.0
2026-06-18,BNED,10.77,11.01,11.03,10.5,259764,2826323.0,5.0,3.77,0.4,0.76
2026-06-18,BNGE,30.869,30.869,30.869,30.869,32,1014.0,0.0,0.54,0.166,0.0
2026-06-18,BNGO,1.18,1.14,1.19,1.14,163299,188952.0,4.31,-1.72,-0.02,1.42
2026-06-18,BNH,15.55,15.52,15.76,15.45,21020,326973.0,2.01,0.52,0.08,0.0
2026-06-18,BNJ,15.1,15.129,15.13,15.1,7794,117821.0,0.2,-0.01,-0.001,0.0
2026-06-18,BNKD,32.53,33.22,33.22,32.46,601,19524.0,2.36,3.03,0.978,0.0
2026-06-18,BNKK,1.46,1.62,1.66,1.44,373671,581340.0,14.86,9.46,0.14,4.67
2026-06-18,BNKU,42.584,39.41,42.584,39.41,32651,1342383.0,7.73,-4.0,-1.64,0.0
2026-06-18,BNL,20.45,20.58,20.77,20.401,3727559,76680894.0,1.81,0.98,0.2,1.94
2026-06-18,BNO,43.06,43.88,44.09,42.22,3481924,149819227.0,4.3,0.9,0.39,0.0
2026-06-18,BNOV,47.685,47.8,47.8,47.669,9578,457227.0,0.28,0.78,0.37,0.0
2026-06-18,BNR,7.0,7.25,8.0,7.0,26094,191977.0,14.2,2.98,0.21,0.3
2026-06-18,BNRG,1.28,1.16,1.28,1.16,118177,142240.0,9.38,-9.38,-0.12,5.58
2026-06-18,BNS,87.1,87.03,87.8,86.53,3223645,281553056.0,1.47,0.76,0.66,0.26
2026-06-18,BNT,45.4,44.53,45.4,44.22,33230,1479159.0,2.64,-0.54,-0.24,0.06
2026-06-18,BNTC,12.09,12.15,12.334,11.87,154630,1872128.0,3.93,2.97,0.35,0.45
2026-06-18,BNTX,92.16,90.89,93.25,90.12,939598,85512042.0,3.39,-1.44,-1.33,0.37
2026-06-18,BNY,147.66,143.63,148.13,142.68,7107013,1025682816.0,3.73,-1.67,-2.44,1.04
2026-06-18,BNY_K,25.42,25.52,25.63,25.42,62300,1591088.0,0.83,0.39,0.1,0.31
2026-06-18,BNZI,3.43,3.48,3.82,3.4,396900,1409898.0,12.77,5.78,0.19,18.79
2026-06-18,BNZIW,0.013,0.01,0.013,0.009,36268,369.0,36.36,-9.09,-0.001,0.0
2026-06-18,BOAT,41.2,40.89,41.2,40.19,27869,1128900.0,2.45,-0.8,-0.33,0.0
2026-06-18,BOBP,32.97,32.868,32.97,32.71,4279,140463.0,0.81,2.58,0.827,0.0
2026-06-18,BOBS,13.44,13.45,14.24,13.04,1035431,14194227.0,9.06,1.59,0.21,0.79
2026-06-18,BOC,13.06,13.14,13.2,12.91,198637,2603198.0,2.22,0.77,0.1,0.67
2026-06-18,BOCT,52.89,52.95,52.98,52.871,10786,570988.0,0.21,0.61,0.322,0.0
2026-06-18,BODI,8.56,8.76,9.08,8.0,46152,391200.0,13.01,5.54,0.46,1.02
2026-06-18,BOE,11.93,11.88,11.99,11.845,79598,947408.0,1.22,0.34,0.04,0.0
2026-06-18,BOEG,14.73,14.389,14.73,14.01,27917,399502.0,4.91,-1.93,-0.283,0.0
2026-06-18,BOEU,38.08,36.379,38.08,35.65,24335,881894.0,6.55,-2.0,-0.741,0.0
2026-06-18,BOF,4.2,4.28,4.39,3.975,119464,504937.0,9.93,2.39,0.1,0.78
2026-06-18,BOH,77.85,77.85,78.36,77.525,611230,47600970.0,1.08,0.71,0.55,1.54
2026-06-18,BOH_A,15.88,15.84,15.88,15.84,1837,29111.0,0.25,-0.06,-0.01,0.03
2026-06-18,BOH_B,26.27,26.27,26.36,26.21,3855,101350.0,0.57,0.04,0.01,0.06
2026-06-18,BOIL,26.88,28.31,28.561,26.81,2934316,81394350.0,6.36,2.76,0.76,0.0
2026-06-18,BOKF,131.37,130.33,133.01,129.84,599851,78315738.0,2.42,-0.39,-0.51,0.99
2026-06-18,BOLD,1.41,1.43,1.43,1.41,80381,114639.0,1.43,2.14,0.03,0.36
2026-06-18,BOLT,4.3,3.99,4.59,3.99,68063,283714.0,14.25,-5.23,-0.22,3.54
2026-06-18,BON,1.21,1.22,1.25,1.21,11066,13536.0,3.2,-2.4,-0.03,0.18
2026-06-18,BOND,92.005,92.05,92.245,91.95,464650,42802888.0,0.32,0.35,0.32,0.0
2026-06-18,BOOM,7.21,7.03,7.23,6.787,195807,1371696.0,6.21,-1.4,-0.1,0.96
2026-06-18,BOOT,169.85,174.22,177.19,168.265,1026327,178609208.0,5.39,5.13,8.5,3.38
2026-06-18,BORR,4.27,4.22,4.33,4.05,8109657,33794835.0,6.56,-1.17,-0.05,2.64
2026-06-18,BOSC,4.31,4.36,4.4,4.27,11830,51655.0,3.01,0.93,0.04,0.17
2026-06-18,BOT,33.2,31.56,34.0,29.5,524231,16275405.0,13.91,-2.47,-0.8,2.59
2026-06-18,BOTJ,24.43,24.55,24.89,24.24,48759,1197408.0,2.7,1.82,0.44,1.07
2026-06-18,BOTT,52.59,52.668,52.77,52.16,14479,759023.0,1.2,3.78,1.919,0.0
2026-06-18,BOTZ,38.26,38.37,38.45,38.07,1677712,64262796.0,1.01,2.08,0.78,0.0
2026-06-18,BOUT,48.22,48.16,48.26,48.01,1921,92563.0,0.53,1.41,0.668,0.0
2026-06-18,BOW,27.5,27.28,27.97,27.11,184582,5046119.0,3.13,-0.87,-0.24,0.56
2026-06-18,BOX,24.7,24.84,25.09,24.41,4300525,106710439.0,2.73,-0.4,-0.1,3.1
2026-06-18,BOXA,105.675,105.501,105.675,105.501,1322,139682.0,0.17,0.14,0.146,0.0
2026-06-18,BOXL,0.68,0.597,0.697,0.597,365710,238392.0,14.77,-11.82,-0.08,8.78
2026-06-18,BOXX,117.02,117.06,117.06,117.02,1999982,234077829.0,0.03,0.05,0.06,0.0
2026-06-18,BP,39.25,39.1,39.3,38.725,14304712,557983824.0,1.43,-2.59,-1.04,0.55
2026-06-18,BPACU,10.28,10.28,10.28,10.28,71693,737004.0,0.0,0.29,0.03,0.0
2026-06-18,BPAY,24.83,24.91,24.91,24.79,1678,41679.0,0.49,1.5,0.369,0.0
2026-06-18,BPH,61.73,61.932,61.932,61.7,246,15175.0,0.37,-1.91,-1.207,0.0
2026-06-18,BPI,20.773,20.641,20.79,20.641,690,14263.0,0.71,-1.77,-0.371,0.0
2026-06-18,BPOP,159.46,159.24,160.965,158.88,915908,145980344.0,1.31,0.32,0.51,1.42
2026-06-18,BPOPM,25.119,25.3,25.3,25.119,2840,71667.0,0.72,0.2,0.05,0.0
2026-06-18,BPRE,14.46,14.26,14.63,14.08,718746,10271714.0,3.81,-1.11,-0.16,0.0
2026-06-18,BPRN,37.48,38.35,38.4,37.48,31042,1180312.0,2.49,3.59,1.33,0.46
2026-06-18,BPRO,19.95,20.008,20.008,19.95,759,15234.0,0.29,-1.04,-0.21,0.0
2026-06-18,BPYPM,16.725,16.713,16.753,16.59,3018,50399.0,0.98,0.06,0.01,0.01
2026-06-18,BPYPN,13.78,13.78,13.94,13.77,5665,78410.0,1.22,-0.79,-0.11,0.05
2026-06-18,BPYPO,15.24,15.31,15.37,15.24,4852,74067.0,0.85,-0.26,-0.04,0.05
2026-06-18,BPYPP,15.62,15.62,15.89,15.62,2958,46597.0,1.72,-0.51,-0.08,0.04
2026-06-18,BQ,1.02,0.97,1.04,0.941,110694,110075.0,9.52,-6.73,-0.07,2.58
2026-06-18,BR,139.23,137.6,139.23,135.975,3442581,473613248.0,2.33,-1.45,-2.03,2.98
2026-06-18,BRAG,1.748,1.73,1.8,1.725,19817,34824.0,4.4,1.47,0.025,0.08
2026-06-18,BRAI,10.8,8.55,10.89,8.36,256812,2396435.0,27.03,-8.65,-0.81,0.12
2026-06-18,BRAZ,28.938,28.938,28.938,28.938,24,720.0,0.0,-1.15,-0.338,0.0
2026-06-18,BRBI,11.59,11.49,11.59,11.49,1008,11675.0,0.73,-15.7,-2.14,0.0
2026-06-18,BRBR,9.23,9.46,9.76,8.94,18198584,172448163.0,9.04,4.3,0.39,15.65
2026-06-18,BRBS,3.33,3.35,3.365,3.31,516063,1727003.0,1.66,1.21,0.04,0.57
2026-06-18,BRC,83.67,85.31,85.41,83.0,957026,81262652.0,2.89,2.23,1.86,2.2
2026-06-18,BRCB,7.39,7.72,7.75,7.3,615819,4693220.0,6.16,5.61,0.41,2.85
2026-06-18,BRCC,1.29,1.31,1.32,1.265,570550,740625.0,4.23,0.77,0.01,0.49
2026-06-18,BRCE,29.032,29.032,29.032,29.032,15,443.0,0.0,1.09,0.312,0.0
2026-06-18,BREE,28.06,28.418,28.418,28.06,2124,59836.0,1.3,3.13,0.863,0.0
2026-06-18,BREM,51.89,51.845,51.9,51.845,2314,120101.0,0.11,0.19,0.1,0.0
2026-06-18,BRES,27.02,27.006,27.058,26.96,2708,73126.0,0.37,0.64,0.171,0.0
2026-06-18,BREW,26.39,26.7,26.7,26.39,824,21844.0,1.18,1.78,0.466,0.0
2026-06-18,BREZ,9.915,9.92,9.92,9.915,40149,398269.0,0.05,0.1,0.01,0.22
2026-06-18,BREZR,0.25,0.273,0.273,0.183,451118,107257.0,36.0,9.2,0.023,0.0
2026-06-18,BRF,16.32,16.17,16.32,16.1,27657,449228.0,1.34,-1.21,-0.198,0.0
2026-06-18,BRFH,2.12,1.99,2.16,1.99,15373,31300.0,8.02,-6.13,-0.13,0.1
2026-06-18,BRHY,51.03,51.065,51.102,51.03,2939,150215.0,0.14,0.23,0.115,0.0
2026-06-18,BRIA,1.5,1.38,1.5,1.34,22852,31710.0,11.43,-1.43,-0.02,0.09
2026-06-18,BRIB,25.06,25.03,25.06,25.028,14863,372412.0,0.13,0.26,0.066,0.0
2026-06-18,BRID,6.96,6.71,6.98,6.71,7769,53564.0,3.88,-3.56,-0.248,0.09
2026-06-18,BRIE,30.64,30.61,30.66,30.505,64039,1960444.0,0.51,1.09,0.33,0.0
2026-06-18,BRIF,36.65,36.45,36.65,36.351,6220,226392.0,0.83,1.13,0.408,0.0
2026-06-18,BRKC,41.24,40.671,41.24,40.61,1296,52899.0,1.54,-0.44,-0.181,0.0
2026-06-18,BRKHU,10.0,10.0,10.0,10.0,15,150.0,0.0,0.0,0.0,0.0
2026-06-18,BRKR,55.36,57.23,57.446,54.27,1979644,112642599.0,5.8,4.57,2.5,1.3
2026-06-18,BRKRP,410.43,425.22,425.22,410.43,400,204502.0,3.62,4.09,16.69,0.02
2026-06-18,BRKU,22.52,22.106,22.6,21.87,86814,1918519.0,3.27,-0.96,-0.214,0.0
2026-06-18,BRKW,39.45,39.024,39.45,38.87,2892,112783.0,1.48,-0.56,-0.22,0.0
2026-06-18,BRK_A,738528.0,733609.77,738958.17,728500.0,461,337935456.0,1.42,-0.5,-3690.23,0.09
2026-06-18,BRK_B,492.75,489.46,493.57,485.77,8882313,4349656320.0,1.59,-0.37,-1.82,0.64
2026-06-18,BRLN,50.95,51.28,51.28,50.95,2255,115190.0,0.65,0.31,0.16,0.0
2026-06-18,BRLS,1.33,1.31,1.37,1.31,3686,4964.0,4.44,-2.96,-0.04,0.02
2026-06-18,BRLT,1.12,1.05,1.135,1.04,217190,232478.0,8.48,-6.25,-0.07,1.34
2026-06-18,BRN,1.02,1.0,1.04,1.0,135992,137848.0,3.92,-1.96,-0.02,0.94
2026-06-18,BRNS,0.7,0.662,0.7,0.662,8160,5545.0,5.44,-5.16,-0.036,0.02
2026-06-18,BRNY,58.44,58.635,58.64,58.44,69713,4082244.0,0.35,1.75,1.011,0.0
2026-06-18,BRO,59.05,59.1,59.11,58.05,5744487,338055904.0,1.8,0.1,0.06,1.69
2026-06-18,BROL,25.2,25.42,25.42,25.2,1106,27895.0,0.87,0.93,0.235,0.0
2026-06-18,BROS,67.04,70.72,71.72,66.87,5781660,408045568.0,7.38,7.61,5.0,4.21
2026-06-18,BRR,1.51,1.47,1.56,1.46,1047719,1554737.0,6.71,-1.34,-0.02,1.16
2026-06-18,BRRR,18.11,17.73,18.13,17.53,1052131,18683181.0,3.31,-2.1,-0.38,0.0
2026-06-18,BRRWW,0.238,0.201,0.25,0.201,5276,1299.0,24.14,-0.99,-0.002,0.0
2026-06-18,BRSL,11.09,11.31,11.49,11.07,1829439,20721324.0,3.78,1.89,0.21,0.99
2026-06-18,BRSM,25.26,25.404,25.404,25.22,17046,431583.0,0.74,1.49,0.374,0.0
2026-06-18,BRSP,5.47,5.54,5.637,5.46,2678690,14815549.0,3.25,1.65,0.09,2.06
2026-06-18,BRT,14.74,14.89,14.89,14.612,77346,1147719.0,1.89,1.22,0.18,0.41
2026-06-18,BRTR,50.31,50.235,50.34,50.225,38703,1945987.0,0.23,0.17,0.083,0.0
2026-06-18,BRTX,0.37,0.41,0.41,0.37,599487,240840.0,10.0,2.5,0.01,2.35
2026-06-18,BRUN,35.59,36.7,37.6,33.12,2830459,102218808.0,12.71,4.14,1.46,8.87
2026-06-18,BRUNW,24.44,25.49,26.0,21.75,937958,22537315.0,17.89,7.28,1.73,0.0
2026-06-18,BRW,6.53,6.5,6.565,6.5,276660,1807764.0,0.99,-0.76,-0.05,0.0
2026-06-18,BRX,31.15,30.91,31.29,30.815,3611196,111768167.0,1.53,-0.13,-0.04,1.18
2026-06-18,BRZE,20.16,20.06,20.46,19.45,2827615,56841958.0,5.01,-0.55,-0.11,2.51
2026-06-18,BRZU,86.865,85.645,87.71,85.0,37289,3216183.0,3.09,-2.32,-2.035,0.0
2026-06-18,BRZX,22.458,22.458,22.458,22.458,45,1010.0,0.0,-4.18,-0.98,0.0
2026-06-18,BSAA,14.0,14.46,15.9,14.0,4822,69185.0,12.96,-1.4,-0.205,0.08
2026-06-18,BSAAU,14.99,14.93,14.99,14.93,1374,20585.0,0.39,-3.62,-0.56,0.0
2026-06-18,BSAC,33.06,32.64,33.27,32.55,459284,15048317.0,2.19,-0.55,-0.18,0.1
2026-06-18,BSBK,9.045,8.99,9.137,8.97,21250,192082.0,1.84,-0.99,-0.09,0.17
2026-06-18,BSBR,5.35,5.2,5.39,5.2,1246330,6564903.0,3.54,-3.17,-0.17,0.03
2026-06-18,BSCA,20.2,20.19,20.219,20.19,5290,106927.0,0.14,0.27,0.055,0.0
2026-06-18,BSCQ,19.575,19.575,19.58,19.57,825341,16153089.0,0.05,0.03,0.005,0.0
2026-06-18,BSCR,19.66,19.665,19.67,19.66,712988,14020070.0,0.05,0.05,0.01,0.0
2026-06-18,BSCS,20.41,20.395,20.41,20.39,547065,11158419.0,0.1,0.15,0.03,0.0
2026-06-18,BSCT,18.61,18.595,18.62,18.59,442175,8228038.0,0.16,0.16,0.03,0.0
2026-06-18,BSCU,16.68,16.665,16.69,16.66,405337,6758654.0,0.18,0.18,0.03,0.0
2026-06-18,BSCV,16.43,16.415,16.436,16.402,273662,4493111.0,0.21,0.31,0.05,0.0
2026-06-18,BSCW,20.53,20.525,20.56,20.51,268590,5516083.0,0.24,0.29,0.06,0.0
2026-06-18,BSCX,21.12,21.1,21.155,21.1,161559,3412084.0,0.26,0.21,0.045,0.0
2026-06-18,BSCY,20.75,20.715,20.755,20.705,49195,1019835.0,0.24,0.29,0.06,0.0
2026-06-18,BSCZ,20.56,20.515,20.57,20.515,46740,960223.0,0.27,0.33,0.067,0.0
2026-06-18,BSEP,52.51,52.627,52.627,52.51,2565,134841.0,0.22,0.53,0.278,0.0
2026-06-18,BSET,15.74,15.645,15.96,15.58,45572,717659.0,2.43,-0.03,-0.005,0.53
2026-06-18,BSGR,25.025,25.025,25.025,25.025,3,76.0,0.0,0.0,0.0,0.0
2026-06-18,BSGT,25.08,25.065,25.08,25.065,402,10084.0,0.06,0.16,0.04,0.0
2026-06-18,BSIN,1.07,1.02,1.075,1.02,3079166,3221447.0,5.05,-6.42,-0.07,5.89
2026-06-18,BSJQ,23.06,23.075,23.08,23.06,222798,5139787.0,0.09,0.15,0.035,0.0
2026-06-18,BSJR,22.44,22.42,22.44,22.38,70600,1583197.0,0.27,0.18,0.04,0.0
2026-06-18,BSJS,21.86,21.86,21.92,21.82,78525,1716831.0,0.46,0.21,0.045,0.0
2026-06-18,BSJT,21.21,21.275,21.28,21.21,55661,1183761.0,0.33,0.32,0.067,0.0
2026-06-18,BSJU,25.86,25.915,25.923,25.86,25313,655718.0,0.24,0.27,0.07,0.0
2026-06-18,BSJV,26.41,26.36,26.43,26.32,15900,422102.0,0.43,0.11,0.03,0.0
2026-06-18,BSJW,25.36,25.417,25.428,25.36,9751,247759.0,0.27,0.43,0.109,0.0
2026-06-18,BSJX,25.2,25.25,25.26,25.2,4291,108308.0,0.24,0.33,0.082,0.0
2026-06-18,BSJY,25.165,25.165,25.165,25.165,99,2494.0,0.0,0.37,0.092,0.0
2026-06-18,BSL,13.01,13.005,13.01,12.939,9298,120789.0,0.55,0.04,0.005,0.0
2026-06-18,BSM,13.71,14.01,14.04,13.61,655823,9134981.0,3.11,1.45,0.2,0.31
2026-06-18,BSMC,38.1,37.948,38.1,37.86,8561,325348.0,0.63,0.22,0.085,0.0
2026-06-18,BSMQ,23.55,23.58,23.59,23.55,130673,3081103.0,0.17,-0.15,-0.035,0.0
2026-06-18,BSMR,23.7,23.695,23.72,23.67,85466,2024420.0,0.21,0.13,0.03,0.0
2026-06-18,BSMS,23.51,23.5,23.52,23.49,74900,1760293.0,0.13,0.15,0.035,0.0
2026-06-18,BSMT,23.15,23.134,23.16,23.12,39317,909651.0,0.17,0.15,0.034,0.0
2026-06-18,BSMU,22.01,21.99,22.01,21.99,44900,989629.0,0.09,0.28,0.06,0.0
2026-06-18,BSMV,21.08,21.06,21.08,21.035,43241,910403.0,0.21,0.21,0.045,0.0
2026-06-18,BSMW,25.25,25.14,25.25,25.135,32279,812666.0,0.46,0.02,0.005,0.0
2026-06-18,BSMY,24.71,24.67,24.72,24.63,17079,421700.0,0.37,0.51,0.125,0.0
2026-06-18,BSMZ,25.629,25.595,25.63,25.549,2795,71554.0,0.32,0.49,0.125,0.0
2026-06-18,BSOL,9.74,9.4,9.74,9.24,1842433,17349124.0,5.15,-3.19,-0.31,0.0
2026-06-18,BSR,30.06,30.109,30.109,30.06,2619,78804.0,0.16,0.31,0.094,0.0
2026-06-18,BSRR,39.95,39.51,40.5,39.28,66355,2632943.0,3.09,0.1,0.04,0.51
2026-06-18,BSSX,26.0,25.798,26.0,25.75,19048,493083.0,0.97,0.3,0.078,0.0
2026-06-18,BST,48.17,48.0,49.0,47.85,81280,3953471.0,2.43,1.44,0.68,0.0
2026-06-18,BSTP,39.22,39.285,39.36,39.178,6548,257466.0,0.47,0.72,0.279,0.0
2026-06-18,BSTS,25.04,25.04,25.04,25.04,2,52.0,0.0,0.1,0.025,0.0
2026-06-18,BSTU,25.095,25.095,25.095,25.095,3,77.0,0.0,0.22,0.055,0.0
2026-06-18,BSTV,25.12,25.12,25.12,25.12,2,52.0,0.0,0.24,0.06,0.0
2026-06-18,BSTZ,30.55,31.09,31.329,30.52,145515,4500681.0,2.68,2.95,0.89,0.21
2026-06-18,BSV,77.77,77.77,78.055,77.75,1655014,128737304.0,0.39,0.14,0.11,0.0
2026-06-18,BSVN,45.87,45.65,45.87,45.16,24339,1110466.0,1.55,-0.07,-0.03,0.26
2026-06-18,BSVO,28.18,28.227,28.28,28.031,135585,3821805.0,0.89,0.92,0.257,0.0
2026-06-18,BSX,45.06,45.29,45.48,44.44,30854998,1393635760.0,2.31,0.76,0.34,2.08
2026-06-18,BSY,29.24,29.38,29.54,28.415,7243925,211410077.0,3.83,0.14,0.04,2.48
2026-06-18,BTAI,1.2,1.2,1.23,1.175,439369,526412.0,4.62,0.84,0.01,1.42
2026-06-18,BTAL,11.09,10.96,11.13,10.911,524132,5743002.0,1.94,-2.92,-0.33,0.0
2026-06-18,BTBD,1.16,1.13,1.18,1.08,47197,53082.0,8.77,-0.88,-0.01,0.76
2026-06-18,BTBT,2.095,2.17,2.26,1.99,43025940,91461763.0,13.3,6.9,0.14,12.32
2026-06-18,BTC,28.42,27.84,28.45,27.51,2186270,60966966.0,3.31,-1.94,-0.55,23.32
2026-06-18,BTCC,13.55,13.387,13.57,13.291,5747,77076.0,2.04,-2.14,-0.293,0.0
2026-06-18,BTCI,29.28,28.67,29.35,28.4,850009,24555734.0,3.24,-2.32,-0.68,0.0
2026-06-18,BTCK,24.7,24.7,24.7,24.7,71,1585.0,0.0,0.0,0.0,0.0
2026-06-18,BTCL,12.88,12.28,12.88,12.02,147716,1853164.0,6.69,-4.51,-0.58,0.0
2026-06-18,BTCO,63.95,62.64,63.99,61.96,443522,27774655.0,3.18,-1.96,-1.25,0.0
2026-06-18,BTCS,1.18,1.1,1.2,1.06,6626356,7283228.0,11.97,-5.98,-0.07,13.31
2026-06-18,BTCT,1.27,1.27,1.32,1.26,93684,120230.0,4.69,-0.78,-0.01,0.98
2026-06-18,BTCU,17.49,16.73,17.49,16.45,20503,351205.0,5.96,-4.05,-0.707,0.0
2026-06-18,BTCW,67.89,66.55,67.89,65.8,138299,9208996.0,3.08,-2.03,-1.38,0.0
2026-06-18,BTCZ,5.615,5.88,5.985,5.615,26701754,155643947.0,6.57,4.44,0.25,0.0
2026-06-18,BTDR,18.215,17.93,18.42,17.49,8742094,156732236.0,5.19,0.06,0.01,4.39
2026-06-18,BTE,4.04,3.98,4.04,3.88,23621868,92957028.0,3.91,-2.69,-0.11,3.27
2026-06-18,BTF,16.82,16.456,16.82,16.23,4711,77358.0,3.52,-1.78,-0.299,0.0
2026-06-18,BTG,4.41,4.3,4.5,4.28,29780439,129285082.0,4.99,-2.49,-0.11,2.23
2026-06-18,BTGD,22.58,21.85,22.59,21.63,42921,949759.0,4.26,-3.1,-0.7,0.0
2026-06-18,BTGO,6.11,5.97,6.25,5.729,2277605,13538018.0,8.82,1.02,0.06,2.13
2026-06-18,BTI,58.7,58.91,58.95,58.225,4803256,281591360.0,1.22,-0.97,-0.58,0.22
2026-06-18,BTMD,2.29,2.26,2.335,2.195,160926,363779.0,6.17,-0.44,-0.01,0.53
2026-06-18,BTO,37.44,37.17,37.765,37.16,20380,763615.0,1.64,0.49,0.18,0.0
2026-06-18,BTOC,0.322,0.261,0.328,0.261,233843,65995.0,20.43,-20.43,-0.067,0.51
2026-06-18,BTOG,1.93,1.9,1.98,1.871,66782,127591.0,5.74,0.0,0.0,4.21
2026-06-18,BTOT,49.64,49.566,49.65,49.566,220,10956.0,0.17,0.23,0.113,0.0
2026-06-18,BTQ,6.36,5.675,6.4,5.275,15798986,89007873.0,19.1,-3.65,-0.215,11.93
2026-06-18,BTR,27.38,27.404,27.404,27.38,2950,80796.0,0.09,0.36,0.098,0.0
2026-06-18,BTRN,25.155,25.058,25.155,25.058,20839,523109.0,0.39,-0.52,-0.132,0.0
2026-06-18,BTSG,65.05,66.25,66.69,64.92,7174166,474687712.0,2.75,2.82,1.82,3.64
2026-06-18,BTSGU,218.62,218.68,218.68,218.62,1540,337252.0,0.03,2.6,5.54,0.02
2026-06-18,BTT,22.7,22.67,22.73,22.62,45162,1024486.0,0.49,0.09,0.02,0.0
2026-06-18,BTTC,0.754,0.752,0.798,0.733,108924,83069.0,7.93,-8.29,-0.068,1.01
2026-06-18,BTU,25.6,24.8,25.81,24.78,4048111,101101050.0,4.01,-3.35,-0.86,3.32
2026-06-18,BTX,9.16,9.34,9.345,9.14,447105,4132060.0,2.28,3.78,0.34,0.0
2026-06-18,BTYB,23.55,23.53,23.585,23.53,1739,40988.0,0.23,0.06,0.015,0.0
2026-06-18,BTZ,10.11,10.11,10.12,10.085,195666,1977514.0,0.35,0.5,0.05,0.0
2026-06-18,BUCK,23.52,23.52,23.53,23.49,205670,4836364.0,0.17,0.09,0.02,0.0
2026-06-18,BUD,80.65,80.74,81.42,80.51,1074240,86893436.0,1.13,0.07,0.06,0.06
2026-06-18,BUDA,7.75,8.47,8.47,7.48,25630,200533.0,12.39,6.01,0.48,0.2
2026-06-18,BUFB,39.08,39.22,39.24,39.08,17166,672426.0,0.41,0.54,0.21,0.0
2026-06-18,BUFC,42.42,42.54,42.54,42.42,39170,1666056.0,0.28,0.41,0.174,0.0
2026-06-18,BUFD,29.62,29.69,29.72,29.62,267690,7944018.0,0.34,0.34,0.1,0.0
2026-06-18,BUFE,21.68,21.65,21.68,21.65,618,13395.0,0.14,0.81,0.175,0.0
2026-06-18,BUFF,52.61,52.59,52.63,52.489,96866,5094892.0,0.27,0.46,0.24,0.0
2026-06-18,BUFG,29.26,29.305,29.31,29.25,11639,340757.0,0.21,0.61,0.178,0.0
2026-06-18,BUFH,21.404,21.385,21.409,21.38,8028,171752.0,0.14,0.19,0.04,0.0
2026-06-18,BUFI,42.52,42.475,42.52,42.475,2937,124822.0,0.11,0.37,0.155,0.0
2026-06-18,BUFM,40.52,40.47,40.52,40.46,26812,1085108.0,0.15,0.56,0.225,0.0
2026-06-18,BUFP,32.15,31.94,32.15,31.909,38159,1220449.0,0.76,0.22,0.07,0.0
2026-06-18,BUFQ,39.1,39.25,39.27,39.1,102011,3999504.0,0.44,0.62,0.24,0.0
2026-06-18,BUFR,36.45,36.47,36.501,36.402,1127188,41106713.0,0.27,0.47,0.17,0.0
2026-06-18,BUFS,24.88,24.902,24.902,24.825,20904,519999.0,0.31,0.61,0.152,0.0
2026-06-18,BUFT,26.03,25.935,26.03,25.91,5666,147012.0,0.46,0.06,0.015,0.0
2026-06-18,BUFX,22.16,22.135,22.17,22.1,2569,56843.0,0.32,0.27,0.06,0.0
2026-06-18,BUFY,23.44,23.484,23.51,23.44,37600,883308.0,0.3,0.29,0.067,0.0
2026-06-18,BUFZ,27.89,27.86,27.89,27.83,134310,3742827.0,0.22,0.25,0.07,0.0
2026-06-18,BUG,33.71,33.89,33.96,32.71,1036829,34718253.0,3.72,0.74,0.25,0.0
2026-06-18,BUI,28.55,28.1,28.735,28.03,68469,1940500.0,2.47,-1.65,-0.47,0.0
2026-06-18,BUL,58.37,58.659,58.73,58.37,6624,387975.0,0.62,0.44,0.256,0.0
2026-06-18,BULD,36.95,37.101,37.34,36.95,5443,202067.0,1.08,3.2,1.151,0.0
2026-06-18,BULG,39.0,38.815,41.49,37.54,12101,481408.0,10.08,-0.92,-0.361,0.0
2026-06-18,BULL,7.15,7.08,7.33,6.95,11594610,82622057.0,5.34,-0.56,-0.04,2.59
2026-06-18,BULLW,2.38,2.21,2.38,2.21,3086,6911.0,7.03,-8.64,-0.209,0.0
2026-06-18,BULX,2.965,2.96,2.97,2.95,6439,18994.0,0.68,0.0,0.0,0.0
2026-06-18,BULZ,42.68,43.11,43.44,40.68,1450615,61254520.0,6.93,8.21,3.27,0.0
2026-06-18,BUR,4.43,4.53,4.53,4.38,2176965,9765668.0,3.4,2.72,0.12,0.99
2026-06-18,BURL,337.27,336.95,343.0,327.31,1056464,355985584.0,4.74,1.87,6.19,1.68
2026-06-18,BURU,0.162,0.165,0.166,0.151,25007406,3973598.0,8.93,-1.79,-0.003,13.97
2026-06-18,BUSA,39.5,39.0,39.5,38.97,22104,863533.0,1.35,-0.76,-0.3,0.0
2026-06-18,BUSE,28.23,28.23,28.49,28.04,1180842,33328528.0,1.61,0.86,0.24,1.4
2026-06-18,BUSEP,25.815,25.88,25.88,25.75,4876,125972.0,0.5,0.25,0.065,0.06
2026-06-18,BUUU,18.3,18.6,18.6,18.0,23444,427981.0,3.3,2.42,0.44,0.2
2026-06-18,BUXX,20.24,20.25,20.27,20.24,296455,6004786.0,0.15,0.05,0.01,0.0
2026-06-18,BUYB,41.24,40.98,41.27,40.98,1730,71188.0,0.71,0.24,0.099,0.0
2026-06-18,BUYO,32.483,32.483,32.483,32.483,2,65.0,0.0,0.86,0.277,0.0
2026-06-18,BUYW,14.5,14.49,14.5,14.47,184008,2664209.0,0.21,0.21,0.03,0.0
2026-06-18,BUYZ,33.705,33.858,33.858,33.705,712,24017.0,0.46,1.59,0.529,0.0
2026-06-18,BUZZ,37.89,38.0,38.07,37.28,87546,3297444.0,2.13,2.29,0.85,0.0
2026-06-18,BV,12.76,13.05,13.16,12.66,964083,12525531.0,3.96,3.33,0.42,1.03
2026-06-18,BVAL,31.245,31.211,31.25,31.16,18826,587764.0,0.29,0.68,0.211,0.0
2026-06-18,BVC,12.13,12.15,13.0,11.99,1392,17421.0,7.5,-9.8,-1.32,0.02
2026-06-18,BVFL,20.0,20.34,20.44,19.63,108719,2180729.0,4.07,2.31,0.46,1.26
2026-06-18,BVN,34.5,32.58,35.05,32.13,5272890,172037363.0,8.53,-4.85,-1.66,2.08
2026-06-18,BVS,8.61,8.71,8.86,8.61,1060181,9234801.0,2.93,1.99,0.17,1.56
2026-06-18,BW,17.41,17.38,18.12,16.84,3641116,63083643.0,7.46,1.28,0.22,2.45
2026-06-18,BWA,71.945,71.84,72.43,70.35,3447851,247421911.0,2.95,1.84,1.3,1.68
2026-06-18,BWAY,14.52,14.89,15.05,14.35,255635,3791322.0,4.86,3.33,0.48,0.64
2026-06-18,BWB,19.62,19.74,20.0,19.5,356587,7014425.0,2.56,1.08,0.21,1.28
2026-06-18,BWBBP,19.8,19.989,19.99,19.8,3793,75688.0,0.96,0.95,0.189,0.14
2026-06-18,BWEN,5.03,5.03,5.19,4.94,467144,2356320.0,5.13,3.29,0.16,2.0
2026-06-18,BWET,213.22,211.96,221.253,204.82,93295,19816932.0,7.84,1.17,2.46,0.0
2026-06-18,BWFG,55.27,56.18,56.5,54.88,154452,8593268.0,2.96,2.63,1.44,1.94
2026-06-18,BWG,7.98,8.02,8.096,7.92,116821,933604.0,2.21,0.5,0.04,0.55
2026-06-18,BWIN,17.24,20.24,20.5,16.84,6111771,117113508.0,21.12,16.79,2.91,6.27
2026-06-18,BWIV,9.89,9.89,9.89,9.89,33,326.0,0.0,0.0,0.0,0.0
2026-06-18,BWIV_U,10.05,10.05,10.05,10.05,521,5236.0,0.0,0.0,0.0,0.0
2026-06-18,BWIV_WS,0.319,0.319,0.319,0.319,1000,319.0,0.0,-0.31,-0.001,0.0
2026-06-18,BWLP,18.27,18.1,18.435,17.95,1016993,18484568.0,2.59,-3.52,-0.66,0.67
2026-06-18,BWMN,31.17,30.18,31.23,29.83,268390,8165842.0,4.6,-0.89,-0.27,1.53
2026-06-18,BWMX,17.71,17.82,18.03,17.505,36088,642788.0,3.02,2.53,0.44,0.1
2026-06-18,BWNB,25.0,25.0,25.02,24.95,5415,135329.0,0.28,0.0,0.0,0.0
2026-06-18,BWOW,13.481,13.605,13.605,13.481,125,1699.0,0.89,-2.89,-0.405,0.0
2026-06-18,BWTG,42.34,42.351,42.351,42.321,1364,57745.0,0.07,1.47,0.612,0.0
2026-06-18,BWX,21.88,21.82,21.94,21.78,211530,4621833.0,0.73,-0.23,-0.05,0.0
2026-06-18,BWXT,207.28,205.4,210.93,202.775,2279883,468259424.0,4.02,1.15,2.33,2.49
2026-06-18,BWZ,26.93,26.85,26.93,26.78,20724,556074.0,0.56,0.15,0.04,0.0
2026-06-18,BW_A,23.13,23.4,23.4,22.45,23406,541491.0,4.06,-0.09,-0.02,0.31
2026-06-18,BX,127.2,123.79,127.2,122.17,10280667,1275699696.0,4.02,-0.98,-1.22,1.38
2026-06-18,BXC,55.27,57.56,58.815,54.98,316437,18257300.0,7.05,5.81,3.16,4.07
2026-06-18,BXDC,20.99,22.14,22.38,20.635,7941223,175418185.0,8.42,6.85,1.42,9.08
2026-06-18,BXMT,17.95,18.09,18.21,17.94,3349122,60572198.0,1.51,1.46,0.26,1.99
2026-06-18,BXP,64.46,64.7,65.26,64.0,3366466,218177062.0,2.0,2.6,1.64,2.11
2026-06-18,BXSL,23.6,23.61,23.76,23.41,4281646,100899899.0,1.49,0.51,0.12,1.84
2026-06-18,BY,35.31,35.15,35.57,35.015,394953,13896147.0,1.58,0.26,0.09,0.87
2026-06-18,BYAH,1.66,1.32,1.68,1.32,11215300,18632318.0,30.0,10.0,0.12,197.55
2026-06-18,BYD,84.55,84.68,85.52,84.19,1875568,158834862.0,1.59,0.95,0.8,2.52
2026-06-18,BYFC,9.93,9.9,10.0,9.755,3486,34508.0,2.52,1.75,0.17,0.06
2026-06-18,BYLD,22.64,22.64,22.667,22.625,37018,838233.0,0.19,0.35,0.08,0.0
2026-06-18,BYND,0.716,0.711,0.73,0.698,20212803,14350930.0,4.59,2.01,0.014,3.92
2026-06-18,BYRE,27.055,26.923,27.11,26.923,1034,28008.0,0.69,-0.1,-0.027,0.0
2026-06-18,BYRN,5.87,5.9,5.97,5.73,353205,2078915.0,4.12,1.37,0.08,1.56
2026-06-18,BYSI,1.56,1.61,1.63,1.56,35146,56439.0,4.4,1.26,0.02,0.09
2026-06-18,BZ,13.41,13.7,13.795,13.3,6862447,93618408.0,3.67,1.71,0.23,1.63
2026-06-18,BZAI,1.51,1.41,1.51,1.39,6532850,9270136.0,8.22,-3.42,-0.05,4.59
2026-06-18,BZAIW,0.39,0.4,0.4,0.39,7659,3061.0,2.5,0.0,0.0,0.0
2026-06-18,BZFD,1.47,1.5,1.5,1.41,986130,1448474.0,6.25,4.17,0.06,1.25
2026-06-18,BZFDW,0.028,0.028,0.028,0.024,30592,767.0,12.12,-15.15,-0.005,0.0
2026-06-18,BZH,27.25,27.05,28.01,26.9,896685,24432798.0,4.13,0.71,0.19,3.28
2026-06-18,BZQ,24.28,24.52,24.62,24.11,14775,359620.0,2.11,1.57,0.379,0.0
2026-06-18,BZUN,2.76,2.79,2.805,2.73,161860,449645.0,2.74,1.82,0.05,0.3
2026-06-18,BZZ,25.5,25.779,25.779,25.325,1317,33463.0,1.78,1.01,0.259,0.0
2026-06-18,C,146.49,143.06,147.96,143.04,29331203,4232867088.0,3.42,-0.5,-0.72,1.72
2026-06-18,CAAA,20.28,20.309,20.34,20.28,5805,117940.0,0.3,0.19,0.039,0.0
2026-06-18,CAAP,27.31,27.54,27.69,27.01,203544,5589176.0,2.5,1.4,0.38,0.12
2026-06-18,CAAS,4.5,4.46,4.5,4.42,5166,22987.0,1.79,-0.45,-0.02,0.02
2026-06-18,CABA,2.89,2.84,2.96,2.83,17204399,49083737.0,4.58,0.0,0.0,10.55
2026-06-18,CABO,42.79,40.99,44.33,40.78,861810,35596718.0,8.24,-4.83,-2.08,15.19
2026-06-18,CABR,1.32,1.2,1.34,1.2,148387,185228.0,10.89,-6.61,-0.085,1.63
2026-06-18,CABZ,22.83,23.345,23.345,22.83,1737,40049.0,2.27,2.97,0.673,0.0
2026-06-18,CAC,51.75,51.49,52.535,51.24,293197,15156886.0,2.52,0.39,0.2,1.73
2026-06-18,CACC,563.69,579.73,584.32,563.015,1000665,580024560.0,3.78,2.91,16.41,9.57
2026-06-18,CACI,490.0,466.42,491.98,461.73,445025,208833289.0,6.11,-5.76,-28.52,2.01
2026-06-18,CADL,8.25,8.31,8.59,7.93,8197173,67999357.0,8.26,4.01,0.32,11.19
2026-06-18,CAE,25.9,25.07,25.97,24.88,668862,16777239.0,4.24,-2.57,-0.66,0.21
2026-06-18,CAES,10.11,10.11,10.13,10.1,240098,2427613.0,0.3,0.0,0.0,0.94
2026-06-18,CAF,19.95,19.84,19.95,19.705,43474,863193.0,1.26,1.69,0.33,0.0
2026-06-18,CAFG,32.405,32.478,32.5,32.36,6275,202942.0,0.43,0.88,0.284,0.0
2026-06-18,CAFX,24.72,24.705,24.735,24.7,10873,268883.0,0.14,0.22,0.055,0.0
2026-06-18,CAG,13.11,13.2,13.31,13.03,22362834,294822416.0,2.13,0.3,0.04,4.67
2026-06-18,CAGE,27.51,27.73,27.805,27.5,126234,3495833.0,1.11,1.31,0.359,0.0
2026-06-18,CAH,226.17,221.77,226.17,219.47,4196190,932228528.0,2.96,-1.99,-4.51,1.79
2026-06-18,CAI,18.17,18.47,18.515,17.76,2398379,43986213.0,4.23,3.42,0.61,0.85
2026-06-18,CAIE,27.24,27.19,27.279,27.128,328156,8924430.0,0.56,0.41,0.11,0.0
2026-06-18,CAIIU,9.98,9.98,9.99,9.98,8200,82072.0,0.1,-0.05,-0.01,0.0
2026-06-18,CAIQ,26.83,26.84,26.97,26.73,227367,6099674.0,0.9,0.45,0.12,0.0
2026-06-18,CAKE,76.67,77.19,78.87,75.52,1426663,110581289.0,4.44,2.21,1.67,2.87
2026-06-18,CAL,12.8,13.14,13.32,12.61,984020,12895943.0,5.68,5.2,0.65,2.93
2026-06-18,CALC,0.86,0.755,0.86,0.75,111718,88422.0,13.1,-10.12,-0.085,0.71
2026-06-18,CALF,49.03,49.2,49.255,48.69,542597,26584901.0,1.16,0.87,0.425,0.0
2026-06-18,CALI,50.49,50.476,50.51,50.46,71281,3598403.0,0.1,0.02,0.008,0.0
2026-06-18,CALM,78.76,77.73,79.15,76.9,1229834,95743757.0,2.87,-0.73,-0.57,2.6
2026-06-18,CALX,38.07,37.95,38.6,37.55,1595928,60556778.0,2.8,1.09,0.41,2.5
2026-06-18,CALY,17.65,18.22,18.51,17.55,4653331,84573350.0,5.58,5.93,1.02,2.59
2026-06-18,CAM,25.15,25.11,25.15,25.07,55025,1381073.0,0.32,0.22,0.055,0.0
2026-06-18,CAML,40.25,40.41,40.48,40.25,22209,896986.0,0.58,1.41,0.56,0.0
2026-06-18,CAMP,4.29,4.13,4.45,3.92,161145,662365.0,12.8,-0.24,-0.01,0.31
2026-06-18,CAMT,189.36,195.16,195.88,188.0,300677,57939814.0,4.42,9.55,17.02,0.64
2026-06-18,CAMX,34.51,34.451,34.51,34.451,112,3888.0,0.17,0.82,0.279,0.0
2026-06-18,CAN,0.344,0.329,0.344,0.325,29383835,9679369.0,5.74,-0.6,-0.002,3.92
2026-06-18,CANC,37.38,37.19,37.78,36.69,29499,1094349.0,2.91,-0.75,-0.282,0.0
2026-06-18,CANE,9.42,9.35,9.42,9.335,201834,1891720.0,0.89,-1.58,-0.15,0.0
2026-06-18,CANF,3.02,2.98,3.08,2.98,9412,28571.0,3.3,-1.65,-0.05,0.44
2026-06-18,CANG,0.316,0.19,0.329,0.19,4884304,1447842.0,43.99,-39.87,-0.126,1.24
2026-06-18,CANQ,30.67,30.859,30.859,30.67,2510,77170.0,0.62,1.2,0.366,0.0
2026-06-18,CAOS,90.38,90.35,90.49,90.35,21951,1984564.0,0.15,0.0,0.0,0.0
2026-06-18,CAPE,32.09,31.79,32.09,31.78,14144,451110.0,0.97,-0.22,-0.071,0.0
2026-06-18,CAPL,21.3,22.02,22.02,21.3,78488,1712837.0,3.36,2.61,0.56,0.21
2026-06-18,CAPR,28.28,28.38,29.27,27.625,3095680,87908928.0,5.89,1.54,0.43,5.35
2026-06-18,CAPS,0.297,0.29,0.303,0.29,436354,128729.0,4.42,-1.36,-0.004,3.46
2026-06-18,CAQ,9.89,9.89,9.89,9.89,4,40.0,0.0,0.0,0.0,0.0
2026-06-18,CAR,181.34,188.43,191.205,181.16,939909,175866241.0,5.55,4.17,7.55,2.66
2026-06-18,CARD,2.75,2.62,2.75,2.62,18036,47911.0,4.59,-7.55,-0.214,0.0
2026-06-18,CARE,31.3,30.96,31.4,30.54,1046923,32360836.0,2.78,0.19,0.06,4.71
2026-06-18,CARG,29.43,30.02,30.58,28.85,2616165,78508301.0,5.89,2.25,0.66,3.44
2026-06-18,CARK,47.0,47.039,47.039,47.0,410,19269.0,0.08,1.7,0.788,0.0
2026-06-18,CARL,10.12,10.07,10.12,9.7,85552,852380.0,4.21,0.9,0.09,0.31
2026-06-18,CARR,71.82,71.81,72.89,71.02,7953515,572054928.0,2.69,3.34,2.32,0.96
2026-06-18,CARS,9.77,9.95,10.11,9.595,1114766,11091976.0,5.24,1.32,0.13,1.99
2026-06-18,CART,43.51,44.55,47.13,43.42,9730673,435087632.0,8.66,4.04,1.73,4.14
2026-06-18,CARU,22.9,22.844,22.9,22.844,376,8537.0,0.26,6.21,1.335,0.0
2026-06-18,CARY,20.85,20.825,20.85,20.812,272705,5680449.0,0.18,0.12,0.025,0.0
2026-06-18,CARZ,118.58,119.942,119.942,118.58,1481,176653.0,1.18,3.93,4.537,0.0
2026-06-18,CAS,28.57,28.54,28.57,28.53,3421,97724.0,0.14,1.67,0.47,0.0
2026-06-18,CASH,81.37,82.05,82.76,81.37,408872,33522417.0,1.72,1.3,1.05,1.94
2026-06-18,CASS,49.31,49.52,49.52,48.525,112236,5528458.0,2.04,1.62,0.79,0.87
2026-06-18,CAST,11.91,8.07,12.2,7.15,113021411,1174971408.0,98.06,56.7,2.92,412.24
2026-06-18,CASY,859.56,842.25,862.38,832.5,789076,664539344.0,3.51,-1.01,-8.6,2.13
2026-06-18,CAT,979.0,985.82,994.49,976.33,6175042,6090187776.0,1.9,3.13,29.9,1.34
2026-06-18,CATF,50.37,50.355,50.46,50.355,1224,61727.0,0.21,0.07,0.035,0.0
2026-06-18,CATG,16.35,16.46,16.6,16.28,54300,892995.0,2.07,6.48,1.002,0.0
2026-06-18,CATH,89.5,89.32,89.5,89.08,17775,1587192.0,0.48,1.08,0.95,0.0
2026-06-18,CATO,3.24,3.3,3.32,3.24,16354,53755.0,2.48,2.48,0.08,0.09
2026-06-18,CATX,3.02,2.95,3.13,2.93,7664662,22782053.0,6.71,-1.01,-0.03,6.72
2026-06-18,CATY,59.61,59.09,59.96,58.785,1062732,62939707.0,1.99,0.07,0.04,1.59
2026-06-18,CAVA,89.37,89.18,90.62,88.0,3160655,282219632.0,2.98,1.28,1.13,2.71
2026-06-18,CB,327.99,323.4,329.95,322.0,2960305,959559008.0,2.42,-1.39,-4.56,0.76
2026-06-18,CBAN,20.65,20.56,20.97,20.44,317426,6523498.0,2.59,0.34,0.07,1.5
2026-06-18,CBAT,0.66,0.684,0.7,0.66,193113,132037.0,5.99,2.4,0.016,0.22
2026-06-18,CBC,27.83,28.23,28.445,27.095,2203153,62115807.0,4.9,2.47,0.68,0.92
2026-06-18,CBFV,37.95,37.0,37.95,36.99,13066,487813.0,2.58,-0.51,-0.19,0.26
2026-06-18,CBIO,18.39,17.69,18.39,17.21,119469,2113781.0,6.48,-2.86,-0.52,0.43
2026-06-18,CBK,31.25,31.36,31.4,30.6,107543,3349465.0,2.58,0.95,0.295,0.78
2026-06-18,CBL,47.72,47.4,48.14,47.16,395396,18797106.0,2.07,0.34,0.16,1.28
2026-06-18,CBLL,17.63,18.03,18.08,17.452,708945,12635264.0,3.63,4.34,0.75,1.87
2026-06-18,CBLS,33.3,33.452,33.452,33.26,1292,43073.0,0.58,1.77,0.583,0.0
2026-06-18,CBNA,37.78,40.47,40.47,37.11,34260,1342611.0,9.01,8.53,3.18,1.02
2026-06-18,CBNK,33.59,33.27,34.4,32.68,84824,2829476.0,5.19,0.3,0.1,0.52
2026-06-18,CBOA,24.13,24.13,24.13,24.13,1005,24239.0,0.0,0.0,0.0,0.0
2026-06-18,CBOE,257.44,249.1,259.13,246.962,3051581,764666656.0,4.78,-2.19,-5.59,2.92
2026-06-18,CBOJ,23.66,23.67,23.67,23.64,5649,133651.0,0.13,0.06,0.015,0.0
2026-06-18,CBOL,23.44,23.41,23.45,23.4,5646,132272.0,0.21,0.0,0.0,0.0
2026-06-18,CBON,24.0,23.865,24.0,23.865,5814,139406.0,0.56,-0.17,-0.04,0.0
2026-06-18,CBOO,24.46,24.46,24.46,24.46,1252,30631.0,0.0,-0.06,-0.015,0.0
2026-06-18,CBOT,25.1,25.1,25.1,25.1,15343,385079.0,0.0,2.16,0.531,0.0
2026-06-18,CBOX,100.62,100.66,100.66,100.62,52540,5288744.0,0.04,0.04,0.04,0.0
2026-06-18,CBOY,24.51,24.44,24.51,24.44,1305,31931.0,0.29,-0.08,-0.02,0.0
2026-06-18,CBRE,134.4,131.55,134.4,129.875,4199425,553146368.0,3.46,0.58,0.76,1.43
2026-06-18,CBRG,6.54,7.29,7.909,6.21,6480831,46085651.0,27.72,18.92,1.16,0.0
2026-06-18,CBRL,44.81,47.34,48.25,44.54,1540519,72926100.0,8.45,7.89,3.46,6.89
2026-06-18,CBRS,220.0,234.71,245.24,215.2,7196608,1667000496.0,14.06,9.85,21.04,7.81
2026-06-18,CBRX,19.24,21.36,23.01,18.209,162643,3395077.0,26.8,19.23,3.445,0.0
2026-06-18,CBRZ,23.01,20.0,24.3,17.73,230220,4676003.0,26.24,-20.13,-5.04,0.0
2026-06-18,CBSE,50.896,51.77,51.79,50.89,18758,960534.0,1.81,4.0,1.99,0.0
2026-06-18,CBSH,55.04,54.73,55.495,54.55,2431858,133297951.0,1.73,0.02,0.01,1.67
2026-06-18,CBT,88.95,91.8,91.8,88.92,1456617,133129547.0,3.26,3.79,3.35,2.82
2026-06-18,CBTA,20.69,20.78,20.78,20.69,7711,160119.0,0.43,-0.61,-0.128,0.0
2026-06-18,CBTJ,17.96,17.86,17.97,17.79,19802,353658.0,1.0,-0.65,-0.116,0.0
2026-06-18,CBTL,17.69,17.615,17.69,17.615,134,2385.0,0.42,-0.31,-0.055,0.0
2026-06-18,CBTO,19.76,19.71,19.76,19.69,14967,295047.0,0.35,-0.08,-0.015,0.0
2026-06-18,CBTY,19.51,19.5,19.53,19.5,5009,97693.0,0.15,-0.05,-0.01,0.0
2026-06-18,CBU,61.67,62.34,62.41,61.365,746049,46368339.0,1.71,1.8,1.1,1.42
2026-06-18,CBUS,1.33,1.36,1.41,1.28,808226,1094563.0,10.08,5.43,0.07,1.06
2026-06-18,CBXA,21.385,21.3,21.4,21.235,3522,75038.0,0.77,-0.37,-0.08,0.0
2026-06-18,CBXJ,20.19,20.12,20.19,20.08,4586,92283.0,0.54,-0.37,-0.075,0.0
2026-06-18,CBXL,19.87,19.865,19.895,19.83,11927,236679.0,0.33,-0.23,-0.045,0.0
2026-06-18,CBXO,22.09,22.03,22.09,22.03,11208,247076.0,0.27,-0.05,-0.01,0.0
2026-06-18,CBXY,21.97,21.97,21.97,21.97,1476,32447.0,0.0,-0.07,-0.015,0.0
2026-06-18,CBZ,32.61,31.1,33.13,30.823,1150009,35975808.0,7.03,-5.27,-1.73,2.14
2026-06-18,CC,22.27,21.77,22.33,21.62,2477239,54053741.0,3.22,-1.14,-0.25,1.65
2026-06-18,CCAP,11.33,11.18,11.375,11.07,445190,4981306.0,2.7,-0.97,-0.11,1.21
2026-06-18,CCAQ,10.43,10.44,10.44,10.43,7520,78436.0,0.1,0.19,0.02,0.05
2026-06-18,CCAQW,0.42,0.42,0.465,0.42,3885,1687.0,11.25,5.0,0.02,0.0
2026-06-18,CCB,71.45,71.65,72.32,70.575,193352,13841420.0,2.48,1.86,1.31,1.27
2026-06-18,CCBG,47.11,47.48,47.8,46.1,354191,16783006.0,3.65,1.95,0.91,2.07
2026-06-18,CCC,4.38,4.41,4.5,4.255,17258890,76221821.0,5.58,0.46,0.02,2.94
2026-06-18,CCCC,3.95,4.15,4.18,3.855,3426950,13921370.0,8.29,5.87,0.23,3.1
2026-06-18,CCD,25.39,25.62,25.8,25.27,76565,1955722.0,2.1,1.59,0.4,0.0
2026-06-18,CCEC,20.63,20.03,20.67,19.8,12838,260654.0,4.23,-2.53,-0.52,0.02
2026-06-18,CCEF,29.52,29.575,29.62,29.52,2559,75715.0,0.34,0.46,0.136,0.0
2026-06-18,CCEL,3.49,4.05,4.05,3.46,14239,54503.0,16.71,14.73,0.52,0.18
2026-06-18,CCEP,97.33,96.93,97.83,96.69,3018440,292842512.0,1.17,-0.2,-0.19,0.68
2026-06-18,CCFE,28.04,27.855,28.04,27.855,121,3388.0,0.68,2.12,0.577,0.0
2026-06-18,CCG,0.41,0.396,0.45,0.393,90477,36940.0,13.9,-3.41,-0.014,0.14
2026-06-18,CCHH,0.464,0.491,0.519,0.464,1757982,866152.0,12.36,10.34,0.046,5.82
2026-06-18,CCI,86.32,82.05,86.34,81.82,7437280,619017168.0,5.27,-4.34,-3.72,1.7
2026-06-18,CCID,25.17,25.17,25.17,25.17,1500,37755.0,0.0,-0.16,-0.04,0.13
2026-06-18,CCIF,2.88,2.82,2.88,2.57,395027,1073646.0,10.8,-1.74,-0.05,0.0
2026-06-18,CCII,10.3,10.32,10.33,10.3,2456,25307.0,0.29,-0.1,-0.01,0.01
2026-06-18,CCIIU,10.45,10.45,10.45,10.45,677,7079.0,0.0,0.0,0.0,0.0
2026-06-18,CCIIW,0.75,0.75,0.75,0.75,442,332.0,0.0,0.0,0.0,0.0
2026-06-18,CCIX,10.81,10.81,10.81,10.805,30564,330397.0,0.05,0.0,0.0,0.1
2026-06-18,CCIXU,10.9,10.9,10.99,10.9,400,4369.0,0.82,-0.91,-0.1,0.0
2026-06-18,CCIXW,0.437,0.383,0.437,0.383,598,250.0,10.8,-23.4,-0.117,0.0
2026-06-18,CCJ,107.24,106.49,109.557,105.82,3099515,330997424.0,3.54,0.78,0.82,0.71
2026-06-18,CCK,102.58,101.54,103.2,101.06,2775759,282242608.0,2.1,-0.41,-0.42,2.48
2026-06-18,CCL,31.18,30.87,31.3,30.68,31480640,974532816.0,2.07,3.21,0.96,2.27
2026-06-18,CCLD,2.22,2.18,2.27,2.16,424713,938505.0,5.02,-0.46,-0.01,1.0
2026-06-18,CCM,5.64,5.32,5.96,5.21,24592,135796.0,13.71,-2.74,-0.15,0.87
2026-06-18,CCNE,32.37,32.16,32.39,31.95,516871,16628640.0,1.38,0.78,0.25,1.74
2026-06-18,CCNEP,24.75,24.75,24.75,24.75,156,3874.0,0.0,0.0,0.0,0.01
2026-06-18,CCNR,38.29,38.347,38.37,38.23,10091,386275.0,0.36,-1.41,-0.548,0.0
2026-06-18,CCO,2.4,2.41,2.41,2.4,5356443,12884359.0,0.42,0.42,0.01,1.05
2026-06-18,CCOI,15.07,14.19,15.24,14.13,1918020,27528977.0,7.6,-2.87,-0.42,3.83
2026-06-18,CCOM,24.215,24.215,24.215,24.215,2,49.0,0.0,0.48,0.115,0.0
2026-06-18,CCOR,25.33,25.207,25.35,25.207,6487,164212.0,0.56,-1.75,-0.449,0.0
2026-06-18,CCPX,21.12,21.182,21.182,21.12,360,7604.0,0.29,-2.07,-0.448,0.0
2026-06-18,CCRN,13.2,13.17,13.2,13.16,1448443,19079744.0,0.3,0.0,0.0,4.48
2026-06-18,CCS,60.58,63.25,63.62,60.58,750444,47207935.0,5.08,5.61,3.36,2.61
2026-06-18,CCSB,20.033,20.015,20.033,19.97,3677,73598.0,0.32,0.3,0.06,0.0
2026-06-18,CCSI,34.36,34.14,34.99,33.81,232434,7968743.0,3.45,-0.15,-0.05,1.26
2026-06-18,CCSO,28.115,28.26,28.26,28.09,510,14366.0,0.61,1.15,0.322,0.0
2026-06-18,CCTG,1.15,0.942,1.26,0.86,1084317,1093918.0,31.75,-25.24,-0.318,31.77
2026-06-18,CCU,11.56,11.28,11.96,11.175,56028,632868.0,6.87,-1.31,-0.15,0.03
2026-06-18,CCUP,2.64,2.58,2.67,2.37,4733190,11948134.0,11.41,-1.9,-0.05,0.0
2026-06-18,CCXI,10.27,10.305,10.305,10.27,620,6385.0,0.34,-0.19,-0.02,0.0
2026-06-18,CCXIU,10.48,10.4,10.48,10.4,1918,19988.0,0.77,-0.38,-0.04,0.0
2026-06-18,CCXIW,1.13,1.13,1.13,1.1,2276,2545.0,2.5,-5.83,-0.07,0.0
2026-06-18,CCZ,63.03,65.5,65.5,63.03,940,60539.0,3.9,3.31,2.1,0.0
2026-06-18,CD,4.85,4.815,5.035,4.5,198134,958713.0,11.29,1.58,0.075,0.25
2026-06-18,CDC,73.09,73.003,73.22,72.84,9307,680094.0,0.52,0.02,0.012,0.0
2026-06-18,CDE,17.73,17.51,18.18,17.02,182076193,3183370112.0,6.62,-0.11,-0.02,17.6
2026-06-18,CDEI,90.204,90.204,90.204,90.204,195,17579.0,0.0,1.04,0.926,0.0
2026-06-18,CDIG,26.02,25.894,26.055,25.74,2183,56493.0,1.23,1.06,0.271,0.0
2026-06-18,CDIO,2.09,1.98,2.09,1.98,41561,84260.0,5.56,0.0,0.0,1.4
2026-06-18,CDIOW,0.016,0.018,0.019,0.016,460,8.0,20.0,20.0,0.003,0.0
2026-06-18,CDL,76.22,76.149,76.36,76.05,5999,457348.0,0.41,0.0,0.003,0.0
2026-06-18,CDLR,22.04,21.68,22.1,21.38,107143,2316895.0,3.27,-1.59,-0.35,0.11
2026-06-18,CDLX,5.0,5.2,5.23,4.901,42671,217324.0,6.59,4.21,0.21,0.73
2026-06-18,CDNA,23.93,26.18,26.26,23.93,2744752,71008101.0,9.92,11.5,2.7,5.31
2026-06-18,CDNL,76.1,81.4,81.94,73.55,608925,48576922.0,11.2,8.69,6.51,3.98
2026-06-18,CDNS,391.1,387.39,401.18,385.43,7092200,2763465728.0,4.04,-0.57,-2.21,2.57
2026-06-18,CDP,33.47,33.52,33.8,33.32,1290600,43291888.0,1.44,0.81,0.27,1.14
2026-06-18,CDRE,28.55,28.25,28.575,27.5,1450515,40871538.0,3.82,0.28,0.08,3.39
2026-06-18,CDRO,10.0,10.2,10.26,9.805,147413,1481561.0,4.55,2.1,0.21,0.32
2026-06-18,CDROW,0.85,0.85,0.85,0.85,851,723.0,0.0,0.0,0.0,0.0
2026-06-18,CDR_B,19.4,19.509,19.954,19.23,5708,110889.0,3.73,0.51,0.099,0.67
2026-06-18,CDR_C,18.6,18.6,19.77,18.6,3341,62634.0,6.29,-0.05,-0.01,0.15
2026-06-18,CDT,1.34,1.02,1.8,0.872,249471140,356189824.0,133.91,47.19,0.327,5134.89
2026-06-18,CDTG,1.66,1.81,1.81,1.51,178933,327052.0,17.54,5.85,0.1,5.92
2026-06-18,CDTTW,0.015,0.013,0.019,0.011,363662,4957.0,57.14,-7.14,-0.001,0.0
2026-06-18,CDW,127.22,128.37,129.36,124.655,3756780,481711392.0,3.71,1.32,1.67,2.94
2026-06-18,CDX,21.26,21.245,21.31,21.17,97599,2074368.0,0.66,0.21,0.045,0.0
2026-06-18,CDXS,2.56,2.57,2.64,2.42,1748287,4453257.0,8.87,3.63,0.09,1.92
2026-06-18,CDZI,4.14,4.07,4.215,3.93,968418,3925105.0,7.09,1.24,0.05,1.15
2026-06-18,CDZIP,22.83,22.79,22.91,22.749,2921,66658.0,0.71,0.0,0.0,0.13
2026-06-18,CE,51.07,51.16,51.56,50.27,1637299,83662276.0,2.52,-0.14,-0.07,1.49
2026-06-18,CECO,95.04,98.4,99.23,92.85,777271,75639808.0,6.75,4.17,3.94,2.17
2026-06-18,CEE,21.85,21.57,21.95,21.245,57306,1247140.0,3.23,-1.24,-0.27,0.0
2026-06-18,CEF,43.8,43.29,44.1,43.04,702159,30552449.0,2.43,-0.92,-0.4,0.37
2026-06-18,CEFA,40.51,40.51,40.56,40.51,3700,151547.0,0.14,0.89,0.36,0.0
2026-06-18,CEFD,19.0,19.09,19.21,19.0,1376,26376.0,1.11,0.94,0.178,0.0
2026-06-18,CEFS,25.68,25.746,25.829,25.5,69047,1774920.0,1.29,1.28,0.326,0.0
2026-06-18,CEFZ,8.27,8.269,8.27,8.26,9956,82301.0,0.12,0.35,0.029,0.0
2026-06-18,CEG,268.73,274.06,282.77,268.0,6986021,1919425424.0,5.53,2.58,6.89,1.94
2026-06-18,CEGX,13.85,14.31,15.1,13.68,240081,3473110.0,10.49,5.69,0.77,0.0
2026-06-18,CELC,88.17,87.76,89.4,82.554,2126823,184867500.0,7.78,-0.33,-0.29,4.36
2026-06-18,CELGr,0.101,0.11,0.12,0.101,5339,569.0,16.96,-1.79,-0.002,0.0
2026-06-18,CELH,30.29,30.8,30.87,29.52,9054261,275458064.0,4.44,1.38,0.42,3.54
2026-06-18,CELU,0.773,0.752,0.775,0.752,47583,36196.0,2.89,-5.65,-0.045,0.16
2026-06-18,CELZ,2.215,2.23,2.32,2.21,96563,217044.0,4.91,-0.45,-0.01,2.61
2026-06-18,CEMB,45.7,45.74,45.75,45.64,45033,2058591.0,0.24,0.33,0.15,0.0
2026-06-18,CENN,3.87,3.31,3.9,3.31,34345,120010.0,15.53,-12.89,-0.49,2.34
2026-06-18,CENT,42.31,43.18,43.825,42.09,121222,5237843.0,4.11,2.36,0.995,1.26
2026-06-18,CENTA,37.2,37.78,38.405,36.59,638959,24155821.0,4.91,2.25,0.83,1.25
2026-06-18,CENX,54.68,51.71,54.698,51.175,3753963,194902716.0,6.49,-4.79,-2.6,3.79
2026-06-18,CEPF,10.38,10.38,10.38,10.38,846,8781.0,0.0,0.0,0.0,0.0
2026-06-18,CEPI,35.22,35.079,35.25,34.8,31210,1092551.0,1.3,1.46,0.504,0.0
2026-06-18,CEPO,10.63,10.63,10.64,10.625,1554954,16530919.0,0.14,-0.09,-0.01,7.59
2026-06-18,CEPS,10.3,10.3,10.3,10.3,1556,16085.0,0.0,0.0,0.0,0.01
2026-06-18,CEPT,11.8,11.11,12.0,11.02,840898,9487487.0,8.24,-6.56,-0.78,3.42
2026-06-18,CEPU,15.94,15.67,15.983,15.58,235853,3706058.0,2.57,-0.25,-0.04,0.16
2026-06-18,CEPV,10.3,10.3,10.3,10.3,3338,34386.0,0.0,-0.19,-0.02,0.01
2026-06-18,CERS,2.65,2.7,2.71,2.59,3293100,8818152.0,4.67,5.06,0.13,1.64
2026-06-18,CERT,5.725,5.54,5.94,5.515,7909792,44611552.0,7.05,-8.13,-0.49,5.08
2026-06-18,CERY,34.28,34.36,34.52,34.07,150514,5165905.0,1.3,-0.55,-0.19,0.0
2026-06-18,CET,52.33,52.64,52.83,52.3,19642,1031000.0,1.02,0.84,0.44,0.0
2026-06-18,CETX,4.12,3.85,4.12,3.81,29300,117489.0,7.56,-6.1,-0.25,2.64
2026-06-18,CETY,0.761,0.875,0.9,0.761,98333,84775.0,17.82,12.18,0.095,0.81
2026-06-18,CEV,10.38,10.34,10.38,10.3,24383,251554.0,0.77,0.1,0.01,0.0
2026-06-18,CEVA,47.11,49.72,49.84,47.0,1897500,93194731.0,6.32,10.71,4.81,6.81
2026-06-18,CEW,19.46,19.429,19.46,19.429,411,8007.0,0.16,-0.17,-0.034,0.0
2026-06-18,CF,104.76,102.93,104.93,101.43,5337665,549158832.0,3.31,-2.76,-2.92,3.47
2026-06-18,CFA,97.6,97.376,97.65,97.18,11020,1072573.0,0.48,0.46,0.45,0.0
2026-06-18,CFBK,30.28,30.0,30.441,29.895,111849,3360134.0,1.83,0.44,0.13,1.74
2026-06-18,CFFI,77.37,78.36,78.36,77.18,10950,853108.0,1.55,2.9,2.205,0.34
2026-06-18,CFFN,8.1,8.08,8.16,8.025,1961570,15851094.0,1.69,0.87,0.07,1.55
2026-06-18,CFG,67.15,67.08,67.76,66.78,7885471,529112608.0,1.47,0.45,0.3,1.86
2026-06-18,CFG_E,17.89,17.92,18.0,17.89,110439,1981893.0,0.6,-1.48,-0.27,0.61
2026-06-18,CFG_H,25.41,25.38,25.48,25.38,42766,1086936.0,0.39,-1.82,-0.47,0.27
2026-06-18,CFG_I,24.91,24.96,25.11,24.9,15597,390132.0,0.83,-1.27,-0.32,0.1
2026-06-18,CFIT,26.34,26.31,26.34,26.28,978,25749.0,0.23,0.0,0.001,0.0
2026-06-18,CFND,3.45,3.45,3.5,3.35,17519,60378.0,4.36,0.29,0.01,0.2
2026-06-18,CFO,78.83,78.878,79.17,78.72,2283,180220.0,0.57,0.4,0.315,0.0
2026-06-18,CFR,147.18,145.66,147.47,145.26,1216785,177390642.0,1.52,0.08,0.11,1.94
2026-06-18,CFR_B,16.57,16.55,16.6,16.55,7200,120121.0,0.31,-0.03,-0.01,
2026-06-18,CFTR_A,25.75,25.99,25.99,25.52,3383,87174.0,1.82,0.91,0.235,0.42
2026-06-18,CG,46.2,44.8,46.3,44.65,3462700,155897872.0,3.61,-1.95,-0.89,
2026-06-18,CGABL,16.38,16.47,16.52,16.37,20488,336605.0,0.92,1.17,0.19,0.0
2026-06-18,CGAU,17.47,16.57,17.94,16.465,4349608,72544517.0,8.47,-4.82,-0.84,2.19
2026-06-18,CGBD,10.94,10.95,11.02,10.765,917851,10013190.0,2.35,0.83,0.09,1.32
2026-06-18,CGBL,38.16,38.06,38.2,37.97,6436673,244673678.0,0.61,0.93,0.35,0.0
2026-06-18,CGC,0.95,0.967,0.972,0.94,2641354,2525526.0,3.39,2.44,0.023,0.63
2026-06-18,CGCB,26.26,26.24,26.29,26.22,991977,26044596.0,0.27,0.31,0.08,0.0
2026-06-18,CGCP,22.37,22.34,22.395,22.33,1487554,33264495.0,0.29,0.22,0.05,0.0
2026-06-18,CGCV,32.43,32.3,32.43,32.25,351789,11366405.0,0.56,0.44,0.14,0.0
2026-06-18,CGDG,37.54,37.43,37.555,37.38,513442,19229353.0,0.47,0.16,0.06,0.0
2026-06-18,CGDV,49.16,48.99,49.16,48.9,2941221,144214271.0,0.54,1.03,0.5,0.0
2026-06-18,CGEM,14.8,15.03,15.56,14.34,3117265,46979749.0,8.45,4.09,0.59,5.07
2026-06-18,CGEN,2.05,2.01,2.08,1.96,503834,1008138.0,6.03,1.01,0.02,0.53
2026-06-18,CGGE,35.03,35.0,35.1,34.89,478874,16766996.0,0.61,1.54,0.53,0.0
2026-06-18,CGGG,28.8,28.95,28.968,28.66,14780,426301.0,1.08,1.9,0.54,0.0
2026-06-18,CGGO,42.3,42.45,42.57,42.115,1303132,55252946.0,1.1,2.59,1.07,0.0
2026-06-18,CGGR,46.84,46.96,47.04,46.415,2043368,95733514.0,1.36,1.89,0.87,0.0
2026-06-18,CGHM,25.79,25.84,25.84,25.79,344636,8900836.0,0.19,0.39,0.1,0.0
2026-06-18,CGHY,25.41,25.415,25.43,25.39,19163,487188.0,0.16,0.2,0.05,0.0
2026-06-18,CGIB,25.53,25.52,25.57,25.52,58751,1501278.0,0.2,-0.34,-0.087,0.0
2026-06-18,CGIC,36.97,37.04,37.1,36.87,479313,17741848.0,0.63,1.15,0.42,0.0
2026-06-18,CGIE,37.08,37.11,37.17,37.02,332360,12331464.0,0.41,1.09,0.4,0.0
2026-06-18,CGMM,32.14,32.28,32.327,32.035,919870,29637859.0,0.92,1.41,0.45,0.0
2026-06-18,CGMS,27.47,27.47,27.5,27.45,700530,19245732.0,0.18,0.26,0.07,0.0
2026-06-18,CGMU,27.46,27.46,27.48,27.45,818987,22495356.0,0.11,0.22,0.06,0.0
2026-06-18,CGNG,37.7,37.98,38.05,37.62,676312,25622168.0,1.16,2.9,1.07,0.0
2026-06-18,CGNT,8.4,8.32,8.42,8.055,1442341,11939955.0,4.34,-1.07,-0.09,1.96
2026-06-18,CGNX,66.56,66.1,67.16,65.685,3834004,253771221.0,2.28,2.05,1.33,2.3
2026-06-18,CGO,13.86,13.89,13.897,13.76,16695,230864.0,1.0,1.31,0.18,0.0
2026-06-18,CGON,63.7,61.08,63.7,60.012,2259043,137999478.0,6.1,1.08,0.65,2.56
2026-06-18,CGOV,25.03,25.03,25.03,25.03,2041,51110.0,0.0,-0.06,-0.015,0.0
2026-06-18,CGRO,21.04,21.03,21.04,21.03,904,19023.0,0.05,-0.27,-0.057,0.0
2026-06-18,CGSD,25.78,25.75,25.78,25.75,394331,10160133.0,0.12,0.04,0.01,0.0
2026-06-18,CGSM,26.38,26.37,26.39,26.35,276346,7290071.0,0.15,0.04,0.01,0.0
2026-06-18,CGTL,0.395,0.404,0.42,0.395,375919,149146.0,6.19,0.0,0.0,2.18
2026-06-18,CGTX,1.48,1.45,1.5,1.39,1303647,1874979.0,7.75,2.11,0.03,1.46
2026-06-18,CGUI,25.32,25.335,25.34,25.32,87247,2210301.0,0.08,-0.02,-0.005,0.0
2026-06-18,CGUS,44.41,44.31,44.41,44.16,982081,43489830.0,0.57,1.14,0.5,0.0
2026-06-18,CGV,16.02,15.98,16.02,15.97,5225,83473.0,0.31,-0.21,-0.034,0.0
2026-06-18,CGVV,30.93,30.85,30.95,30.8,30928,954587.0,0.49,1.17,0.358,0.0
2026-06-18,CGW,63.18,63.51,63.705,63.11,17636,1118817.0,0.95,1.16,0.73,0.0
2026-06-18,CGXU,36.04,36.1,36.21,35.904,662693,23906408.0,0.86,1.83,0.65,0.0
2026-06-18,CHA,11.65,11.65,12.06,11.44,1459585,17030216.0,5.38,1.13,0.13,1.16
2026-06-18,CHAI,0.99,0.899,0.998,0.89,706535,671039.0,10.8,-10.1,-0.101,3.23
2026-06-18,CHAR,10.8,10.8,10.8,10.8,10,115.0,0.0,0.0,0.0,0.0
2026-06-18,CHARR,0.104,0.104,0.104,0.104,37,3.0,0.0,0.0,0.0,0.0
2026-06-18,CHAT,101.26,102.34,102.87,100.575,561688,57248754.0,2.37,5.65,5.47,0.0
2026-06-18,CHAU,24.93,24.75,24.93,24.7,99753,2472444.0,0.95,2.1,0.51,0.0
2026-06-18,CHCI,14.67,15.0,15.105,14.59,20005,298643.0,3.51,2.25,0.33,0.2
2026-06-18,CHCO,127.56,127.12,129.54,125.66,296412,37779373.0,3.06,0.4,0.51,2.1
2026-06-18,CHCT,17.49,17.43,17.67,17.29,388960,6787333.0,2.18,-0.06,-0.01,1.36
2026-06-18,CHD,98.14,95.63,98.57,95.59,5476626,526445248.0,3.06,-1.83,-1.78,2.31
2026-06-18,CHDN,88.16,88.27,88.7,86.75,1229695,108198492.0,2.22,0.58,0.51,1.76
2026-06-18,CHE,436.4,436.27,449.0,434.87,541055,236423833.0,3.24,0.06,0.24,4.09
2026-06-18,CHEC,10.17,10.17,10.17,10.17,2000,20340.0,0.0,0.1,0.01,0.02
2026-06-18,CHECW,0.21,0.21,0.21,0.21,484,101.0,0.0,0.0,0.0,0.0
2026-06-18,CHEF,93.72,95.4,96.375,91.68,774199,73628439.0,5.08,3.28,3.03,1.9
2026-06-18,CHGG,1.06,1.05,1.09,1.03,2866814,3025087.0,5.83,1.94,0.02,2.56
2026-06-18,CHGX,33.2,33.081,33.226,33.04,345736,11442722.0,0.57,1.02,0.334,0.0
2026-06-18,CHH,115.51,115.0,117.93,114.32,854763,98586541.0,3.17,1.06,1.21,1.88
2026-06-18,CHI,13.12,13.23,13.24,13.08,146636,1928056.0,1.23,2.08,0.27,0.0
2026-06-18,CHIQ,16.9,16.87,16.96,16.83,40693,687215.0,0.77,-0.71,-0.12,0.0
2026-06-18,CHKP,120.56,122.33,123.78,117.52,2331615,284889872.0,5.14,0.36,0.44,2.24
2026-06-18,CHMG,70.95,70.97,72.53,69.54,110975,7845427.0,4.26,1.02,0.72,2.3
2026-06-18,CHMI,2.35,2.33,2.375,2.33,201465,472269.0,1.91,-1.27,-0.03,0.55
2026-06-18,CHMI_A,22.261,22.395,22.395,22.26,1429,31896.0,0.61,0.66,0.146,0.05
2026-06-18,CHMI_B,24.31,24.15,24.31,24.15,343,8318.0,0.66,-0.62,-0.15,0.02
2026-06-18,CHNL,18.115,18.115,18.115,18.115,29,539.0,0.0,-1.41,-0.26,0.0
2026-06-18,CHNR,4.05,4.3,4.48,3.896,240971,1042850.0,14.67,8.04,0.32,19.18
2026-06-18,CHNU,15.21,14.72,15.21,14.19,7383,110993.0,6.71,-3.17,-0.482,0.0
2026-06-18,CHOW,0.428,0.435,0.439,0.406,789801,333614.0,7.28,-3.97,-0.018,2.23
2026-06-18,CHPG,10.39,10.38,10.39,10.38,88482,918528.0,0.1,0.0,0.0,1.03
2026-06-18,CHPGR,0.16,0.16,0.16,0.16,14,2.0,0.0,0.0,0.0,0.0
2026-06-18,CHPS,102.07,104.556,105.41,101.937,76769,8000768.0,3.56,7.2,7.026,0.0
2026-06-18,CHPT,7.8,8.31,8.315,7.612,940910,7681973.0,9.14,8.06,0.62,3.63
2026-06-18,CHPX,108.23,109.27,109.79,107.27,95369,10376862.0,2.43,5.49,5.69,0.0
2026-06-18,CHPY,85.92,87.59,87.99,85.92,669094,58201221.0,2.48,5.15,4.29,0.0
2026-06-18,CHR,2.0,2.06,2.2,1.98,150453,313410.0,10.63,-0.48,-0.01,8.15
2026-06-18,CHRD,125.41,123.12,125.41,121.63,1685375,207232202.0,2.98,-3.03,-3.85,2.99
2026-06-18,CHRI,88.84,89.081,89.081,88.84,947,84252.0,0.27,1.31,1.151,0.0
2026-06-18,CHRN,21.5,23.33,24.0,21.32,551963,12757367.0,13.0,13.2,2.72,0.39
2026-06-18,CHRS,1.42,1.48,1.5,1.39,1288484,1877523.0,7.91,6.47,0.09,0.84
2026-06-18,CHRW,186.96,185.04,188.435,182.77,1737049,321197472.0,3.06,-0.09,-0.16,1.47
2026-06-18,CHSCL,25.52,25.5,25.74,25.401,18899,481913.0,1.33,0.0,0.0,0.09
2026-06-18,CHSCM,24.66,24.75,24.75,24.63,16249,401352.0,0.49,0.21,0.053,0.08
2026-06-18,CHSCN,25.02,25.07,25.3,24.96,172211,4322236.0,1.36,0.2,0.05,1.03
2026-06-18,CHSCO,26.12,26.11,26.19,26.045,39209,1023685.0,0.56,0.42,0.11,0.18
2026-06-18,CHSCP,27.5,27.51,27.57,27.5,8844,243580.0,0.25,0.0,0.0,0.07
2026-06-18,CHSN,1.24,1.14,1.24,1.13,85929,101029.0,8.87,-8.06,-0.1,2.36
2026-06-18,CHT,45.82,45.32,45.98,45.19,205767,9333733.0,1.74,-0.44,-0.2,0.03
2026-06-18,CHTR,131.0,126.23,132.005,126.0,17934238,2273869536.0,4.55,-4.37,-5.77,14.58
2026-06-18,CHW,8.96,8.99,8.99,8.82,250367,2244446.0,1.94,2.39,0.21,0.0
2026-06-18,CHWY,17.82,18.21,18.3,17.64,12254054,221428173.0,3.71,2.48,0.44,5.26
2026-06-18,CHY,13.4,13.47,13.478,13.37,161679,2169055.0,0.82,2.05,0.27,0.0
2026-06-18,CHYG,25.02,25.02,25.02,25.02,1,2.0,0.0,0.04,0.01,0.0
2026-06-18,CHYM,16.7,17.6,17.64,16.605,7835338,136203250.0,6.23,6.02,1.0,2.25
2026-06-18,CI,284.83,279.27,286.19,279.2,2445956,686337248.0,2.45,-2.04,-5.82,0.92
2026-06-18,CIA,5.66,5.85,5.89,5.58,167841,969512.0,5.46,2.99,0.17,0.33
2026-06-18,CIB,80.65,81.45,82.14,79.82,683891,55665429.0,2.9,1.89,1.51,0.0
2026-06-18,CIBR,84.51,84.54,84.775,82.46,1059794,88956190.0,2.75,0.37,0.31,0.0
2026-06-18,CICB,24.94,24.92,24.94,24.915,3099,77272.0,0.1,-0.08,-0.02,0.0
2026-06-18,CICC,24.7,24.78,24.84,24.7,6589,162941.0,0.57,0.49,0.12,0.0
2026-06-18,CIEG,8.18,7.43,8.2,7.291,656512,5042910.0,11.74,-4.01,-0.31,0.0
2026-06-18,CIEI,25.04,25.04,25.04,25.04,1,1.0,0.0,0.24,0.059,0.0
2026-06-18,CIEN,450.8,428.22,451.6,425.08,4297293,1847385008.0,6.07,-1.95,-8.5,3.04
2026-06-18,CIF,1.61,1.6,1.615,1.59,63395,101801.0,1.55,-0.62,-0.01,0.0
2026-06-18,CIFG,17.94,19.682,20.71,16.47,166130,3167880.0,26.28,22.01,3.551,0.0
2026-06-18,CIFR,27.8,29.18,30.01,26.56,39415664,1135535232.0,13.09,10.74,2.83,9.64
2026-06-18,CIFU,43.29,47.8,50.275,40.26,168376,7785467.0,25.4,21.21,8.365,0.0
2026-06-18,CIG,2.04,2.05,2.07,2.03,11131040,22805293.0,1.94,-0.49,-0.01,0.0
2026-06-18,CIGI,93.94,91.31,94.4,90.45,206692,18972437.0,4.25,-1.7,-1.58,0.42
2026-06-18,CIG_C,3.09,2.94,3.09,2.94,4450,13292.0,4.81,-5.77,-0.18,0.0
2026-06-18,CII,24.48,24.48,24.86,24.245,59822,1470822.0,2.54,0.99,0.24,0.0
2026-06-18,CIIT,0.562,0.549,0.567,0.5,3297576,1779770.0,10.79,-11.59,-0.072,91.12
2026-06-18,CIK,2.48,2.47,2.5,2.46,816134,2021041.0,1.61,-0.4,-0.01,0.0
2026-06-18,CIM,13.38,13.28,13.47,13.245,2073054,27611581.0,1.7,0.08,0.01,2.48
2026-06-18,CIMN,25.15,25.14,25.15,25.14,725,18247.0,0.04,0.16,0.04,0.0
2026-06-18,CIMO,25.21,25.28,25.34,25.21,5734,144819.0,0.51,0.12,0.03,0.0
2026-06-18,CIMP,25.19,25.1,25.24,25.1,11051,278053.0,0.56,-0.16,-0.04,0.0
2026-06-18,CIM_A,21.37,21.325,21.48,21.17,7066,150786.0,1.45,-0.23,-0.05,0.12
2026-06-18,CIM_B,23.57,23.38,23.85,23.23,319963,7486224.0,2.63,-0.72,-0.17,2.46
2026-06-18,CIM_C,22.46,22.29,22.65,22.29,21855,491496.0,1.61,-0.45,-0.1,0.21
2026-06-18,CIM_D,23.67,23.54,23.95,23.36,21603,511617.0,2.5,-0.38,-0.09,0.27
2026-06-18,CINF,171.87,170.2,172.1,169.65,3239500,551813760.0,1.43,-0.74,-1.27,2.09
2026-06-18,CING,5.1,4.99,5.234,4.93,506498,2555382.0,5.94,-2.54,-0.13,3.76
2026-06-18,CINGW,0.021,0.024,0.024,0.018,31248,596.0,22.22,-11.11,-0.003,0.0
2026-06-18,CINT,3.9,3.7,3.95,3.67,338795,1289164.0,7.12,-5.85,-0.23,1.41
2026-06-18,CION,6.81,6.55,6.85,6.55,1946815,12838958.0,4.45,-2.82,-0.19,3.91
2026-06-18,CISO,0.285,0.26,0.299,0.26,428515,116552.0,13.83,-7.8,-0.022,0.95
2026-06-18,CISS,2.2,2.2,2.25,2.13,188582,412030.0,5.41,-0.9,-0.02,12.71
2026-06-18,CITR,6.27,7.04,7.05,6.23,291374,2024135.0,13.38,14.85,0.91,1.3
2026-06-18,CIVB,26.93,26.85,27.045,26.685,302368,8123981.0,1.36,1.24,0.33,1.45
2026-06-18,CIVG,25.06,25.046,25.07,25.046,18808,471220.0,0.1,0.0,0.001,0.0
2026-06-18,CIX,25.94,27.12,27.12,24.96,11637,308897.0,8.45,6.14,1.57,0.09
2026-06-18,CJMB,0.745,0.718,0.745,0.714,36607,26561.0,4.1,-5.15,-0.039,0.65
2026-06-18,CJUN,24.953,24.953,24.953,24.953,1,25.0,0.0,0.62,0.154,0.0
2026-06-18,CKX,11.7,11.64,11.799,11.32,18963,219888.0,4.15,0.87,0.1,0.92
2026-06-18,CL,90.88,89.48,91.34,89.44,11201312,1006770672.0,2.1,-1.21,-1.1,1.4
2026-06-18,CLAR,3.13,3.13,3.21,3.1,484561,1524068.0,3.53,0.32,0.01,1.26
2026-06-18,CLB,11.44,11.69,11.77,11.205,1403703,16321454.0,4.94,2.27,0.26,3.05
2026-06-18,CLBK,20.05,20.03,20.14,19.865,822068,16454344.0,1.39,0.96,0.19,0.79
2026-06-18,CLBR,10.25,10.26,10.26,10.25,1402,14390.0,0.1,0.0,0.0,0.0
2026-06-18,CLBR_U,10.35,10.49,10.49,10.35,1250,13003.0,1.34,0.29,0.03,0.0
2026-06-18,CLBT,12.42,12.83,12.98,12.22,4430612,56438059.0,6.09,2.89,0.36,1.78
2026-06-18,CLCG,29.02,29.084,29.085,29.01,7642,221788.0,0.26,1.6,0.457,0.0
2026-06-18,CLCV,30.24,30.207,30.305,30.207,1258,38066.0,0.32,-0.73,-0.223,0.0
2026-06-18,CLDI,0.154,0.169,0.17,0.154,10857078,1807745.0,10.53,11.18,0.017,56.22
2026-06-18,CLDT,12.96,13.36,13.48,12.96,1061284,14145942.0,4.06,4.38,0.56,2.27
2026-06-18,CLDT_A,20.305,20.265,20.305,20.265,2704,54869.0,0.2,-0.17,-0.035,0.06
2026-06-18,CLDX,33.69,32.43,34.14,32.35,2378576,77577138.0,5.44,-1.52,-0.5,3.03
2026-06-18,CLF,12.71,12.28,12.74,12.13,29553100,365404992.0,4.81,-3.15,-0.4,5.18
2026-06-18,CLFD,39.81,40.45,40.54,39.005,255016,10217816.0,3.95,4.04,1.57,1.88
2026-06-18,CLGN,0.34,0.337,0.34,0.322,16832,5492.0,5.34,0.0,0.0,0.12
2026-06-18,CLH,288.54,288.6,291.34,285.575,535299,154404172.0,2.01,0.47,1.35,1.01
2026-06-18,CLIK,1.46,1.45,1.46,1.39,107574,153319.0,4.96,2.84,0.04,3.66
2026-06-18,CLIM,26.004,26.004,26.004,26.004,7,183.0,0.0,-3.34,-0.899,0.0
2026-06-18,CLIP,100.27,100.25,100.27,100.25,253265,25392162.0,0.02,0.04,0.04,0.0
2026-06-18,CLIR,4.1,3.79,4.1,3.71,34033,133985.0,9.63,-6.42,-0.26,0.55
2026-06-18,CLIX,56.315,56.315,56.315,56.315,32,1841.0,0.0,1.78,0.984,0.0
2026-06-18,CLLS,3.07,2.98,3.155,2.88,163492,488454.0,8.93,-3.25,-0.1,0.23
2026-06-18,CLM,7.47,7.48,7.49,7.458,1216467,9094492.0,0.43,0.81,0.06,0.0
2026-06-18,CLMB,22.92,22.71,23.62,21.99,247698,5596833.0,7.24,0.84,0.19,1.33
2026-06-18,CLMT,33.55,32.64,33.55,31.655,1333014,43444344.0,5.72,-1.54,-0.51,1.53
2026-06-18,CLNE,1.88,1.86,1.9,1.85,2893522,5390521.0,2.66,-1.06,-0.02,1.31
2026-06-18,CLNK,14.7,14.447,14.74,14.15,24069,347989.0,4.05,-0.84,-0.123,0.0
2026-06-18,CLNN,5.85,6.01,6.07,5.8,66246,396257.0,4.55,1.35,0.08,0.52
2026-06-18,CLOA,51.87,51.875,51.92,51.87,194595,10095013.0,0.1,0.02,0.01,0.0
2026-06-18,CLOB,50.419,50.427,50.45,50.38,5112,257792.0,0.14,0.09,0.047,0.0
2026-06-18,CLOC,25.09,25.085,25.09,25.085,4638,116378.0,0.02,0.04,0.01,0.0
2026-06-18,CLOD,30.19,30.374,30.374,30.19,193,5860.0,0.61,-0.02,-0.005,0.0
2026-06-18,CLOI,52.9,52.92,52.92,52.77,127467,6738433.0,0.28,0.08,0.04,0.0
2026-06-18,CLOO,25.17,25.165,25.18,25.165,212601,5353017.0,0.06,0.18,0.045,0.0
2026-06-18,CLOU,21.95,21.75,21.95,21.35,136742,2963135.0,2.73,-1.05,-0.23,0.0
2026-06-18,CLOV,4.87,5.0,5.03,4.84,7152184,35497336.0,3.96,4.17,0.2,1.66
2026-06-18,CLOX,25.62,25.585,25.62,25.54,166044,4248858.0,0.31,0.06,0.015,0.0
2026-06-18,CLOZ,26.26,26.285,26.329,26.22,168440,4428204.0,0.42,0.25,0.065,0.0
2026-06-18,CLPR,3.19,3.05,3.24,3.05,156424,491291.0,6.05,-2.87,-0.09,0.97
2026-06-18,CLPS,1.03,0.993,1.03,0.957,18901,18764.0,7.3,-0.7,-0.007,0.06
2026-06-18,CLPT,17.7,17.77,18.85,16.88,2080728,37326617.0,11.72,5.71,0.96,6.94
2026-06-18,CLRB,2.48,2.79,2.94,2.46,299803,826797.0,19.35,12.5,0.31,3.75
2026-06-18,CLRO,3.5,3.37,3.837,3.37,9324,32449.0,12.79,-7.67,-0.28,0.35
2026-06-18,CLS,391.32,372.55,393.56,372.06,2079654,784579280.0,5.65,-2.06,-7.82,1.81
2026-06-18,CLSE,34.45,34.18,34.45,34.13,278481,9533174.0,0.94,0.29,0.1,0.0
2026-06-18,CLSK,17.32,17.24,17.47,16.81,19158024,328325968.0,3.93,2.74,0.46,7.47
2026-06-18,CLSKW,0.33,0.34,0.35,0.33,103496,35265.0,5.99,1.8,0.006,0.0
2026-06-18,CLSM,27.62,27.706,27.706,27.62,3114,86138.0,0.32,1.72,0.468,0.0
2026-06-18,CLST,16.08,16.43,16.43,16.08,4127,67255.0,2.16,1.36,0.22,0.1
2026-06-18,CLSX,30.35,29.53,30.35,28.105,151112,4382077.0,8.04,5.77,1.61,0.0
2026-06-18,CLUB,25.83,25.901,25.901,25.83,2219,57320.0,0.28,1.02,0.261,0.0
2026-06-18,CLVT,2.07,2.04,2.09,1.95,7696000,15612426.0,6.8,-0.97,-0.02,1.2
2026-06-18,CLW,16.73,16.79,17.18,16.73,324389,5455193.0,2.69,0.54,0.09,2.01
2026-06-18,CLWT,1.55,1.91,1.96,1.55,1781187,3086204.0,26.11,21.66,0.34,24.03
2026-06-18,CLX,96.14,95.8,97.81,95.5,4811419,463090704.0,2.43,0.87,0.83,3.98
2026-06-18,CLYM,11.66,11.45,12.18,11.09,1246800,14300890.0,9.62,0.97,0.11,2.18
2026-06-18,CM,113.77,111.69,114.22,110.89,2254400,252183440.0,2.95,-1.05,-1.18,0.25
2026-06-18,CMAG,24.87,24.87,24.87,24.87,19514,484912.0,0.0,1.53,0.374,0.0
2026-06-18,CMAY,25.55,25.55,25.55,25.55,1,26.0,0.0,-0.33,-0.085,0.0
2026-06-18,CMBO,102.55,102.55,102.55,102.55,13,1334.0,0.0,0.04,0.046,0.0
2026-06-18,CMBS,48.53,48.56,48.56,48.45,44507,2159771.0,0.23,0.09,0.043,0.0
2026-06-18,CMBT,14.25,14.42,14.46,13.988,1494800,21360852.0,3.21,-1.97,-0.29,0.52
2026-06-18,CMC,73.73,72.36,73.79,72.29,2632125,190972591.0,2.05,-1.17,-0.86,2.38
2026-06-18,CMCI,27.79,27.965,27.965,27.79,516,14382.0,0.62,-0.23,-0.065,0.0
2026-06-18,CMCL,20.91,20.86,21.13,20.29,424454,8750485.0,4.09,1.66,0.34,2.2
2026-06-18,CMCM,3.49,3.5,3.665,3.36,42111,147823.0,8.52,-2.23,-0.08,0.41
2026-06-18,CMCO,14.32,14.69,14.91,14.205,1131928,16614256.0,5.04,5.08,0.71,3.93
2026-06-18,CMCSA,22.75,22.43,22.86,22.38,74561805,1678339648.0,2.12,-1.15,-0.26,2.09
2026-06-18,CMCT,3.6,3.98,3.99,3.35,165805,642470.0,18.03,12.11,0.43,6.01
2026-06-18,CMDB,16.61,16.9,17.09,16.56,59893,1003551.0,3.19,1.56,0.26,0.25
2026-06-18,CMDT,31.64,31.69,31.71,31.37,91836,2900862.0,1.07,-0.25,-0.08,0.0
2026-06-18,CMDY,56.85,56.86,56.9,56.335,135388,7671998.0,0.99,-0.3,-0.17,0.0
2026-06-18,CME,252.815,246.38,258.0,245.61,6953865,1724995728.0,4.91,-2.44,-6.16,1.92
2026-06-18,CMF,57.46,57.5,57.51,57.45,381368,21922269.0,0.1,0.3,0.17,0.0
2026-06-18,CMG,31.86,32.49,32.815,31.63,31478893,1021437840.0,3.72,1.98,0.63,2.45
2026-06-18,CMGG,14.0,13.803,14.04,13.72,7408,103185.0,2.4,3.54,0.472,0.0
2026-06-18,CMI,732.89,716.86,737.76,710.1,2075231,1494461984.0,3.85,-0.13,-0.92,1.5
2026-06-18,CMIIU,10.19,10.19,10.19,10.19,48,489.0,0.0,0.0,0.0,0.0
2026-06-18,CMIIW,0.6,0.6,0.6,0.6,393,236.0,0.0,0.0,0.0,0.0
2026-06-18,CMMB,1.5,1.52,1.63,1.5,62094,95492.0,8.64,1.0,0.015,0.86
2026-06-18,CMND,3.15,3.07,3.44,2.94,1281676,4319104.0,15.92,-2.23,-0.07,125.77
2026-06-18,CMP,31.23,30.58,31.23,29.91,616029,18805814.0,4.25,-1.64,-0.51,1.47
2026-06-18,CMPR,85.2,84.85,86.25,83.015,284193,24189837.0,3.82,0.3,0.25,1.17
2026-06-18,CMPS,12.2,12.53,12.57,11.92,3625329,44693935.0,5.44,4.94,0.59,2.69
2026-06-18,CMPX,2.08,2.02,2.126,2.0,9276475,18847876.0,6.15,-1.46,-0.03,5.15
2026-06-18,CMRC,2.75,2.74,2.81,2.67,1225945,3356107.0,5.13,0.37,0.01,1.49
2026-06-18,CMRE,15.26,15.19,15.62,14.91,638596,9678218.0,4.64,-0.65,-0.1,0.53
2026-06-18,CMRE_B,26.05,26.05,26.05,26.05,103,2687.0,0.0,-0.57,-0.15,0.01
2026-06-18,CMRE_C,27.12,26.99,27.52,26.99,1564,42678.0,1.94,-0.95,-0.26,0.04
2026-06-18,CMRE_D,28.28,28.28,28.285,28.09,1595,44981.0,0.69,-0.04,-0.01,0.04
2026-06-18,CMS,73.48,73.38,74.29,73.15,4839372,356135392.0,1.56,0.1,0.07,1.57
2026-06-18,CMSA,21.15,21.11,21.18,21.11,11145,235614.0,0.33,-0.14,-0.03,0.0
2026-06-18,CMSC,22.48,22.37,22.52,22.352,18496,414900.0,0.75,0.22,0.05,0.0
2026-06-18,CMSD,22.3,22.29,22.4,22.25,32969,735341.0,0.67,0.0,0.0,0.0
2026-06-18,CMS_B,76.52,79.15,79.15,76.52,834,64288.0,3.41,2.66,2.05,0.22
2026-06-18,CMS_C,16.93,17.08,17.15,16.93,12131,207251.0,1.3,0.59,0.1,0.13
2026-06-18,CMT,23.71,23.8,23.97,23.235,40975,970970.0,3.15,2.1,0.49,0.46
2026-06-18,CMTG,2.59,2.73,2.825,2.55,2071442,5635135.0,10.58,5.0,0.13,1.48
2026-06-18,CMTL,2.6,2.4,2.6,2.265,2058359,4861901.0,13.09,-6.25,-0.16,6.87
2026-06-18,CMTV,39.81,41.25,41.42,39.06,50751,2059565.0,5.95,4.01,1.59,0.91
2026-06-18,CNA,45.53,44.52,45.53,44.5,2192361,97789944.0,2.27,-1.7,-0.77,0.81
2026-06-18,CNAV,46.83,46.725,46.91,46.42,4747,221848.0,1.09,3.98,1.788,0.0
2026-06-18,CNBS,28.13,29.029,29.09,27.541,3931,111743.0,5.54,3.85,1.075,0.0
2026-06-18,CNC,61.145,61.02,61.975,60.365,11845954,723994048.0,2.66,0.63,0.38,2.4
2026-06-18,CNCG,30.32,30.073,30.33,30.073,1346,40820.0,0.87,1.49,0.441,0.0
2026-06-18,CNCK,1.72,1.93,1.96,1.67,115819,216262.0,16.96,12.87,0.22,0.07
2026-06-18,CNCKW,0.16,0.16,0.163,0.155,23306,3745.0,4.91,-1.84,-0.003,0.0
2026-06-18,CNDT,1.44,1.4,1.455,1.39,4016227,5652751.0,4.55,-2.1,-0.03,2.59
2026-06-18,CNEQ,41.82,41.83,41.89,41.265,131194,5452730.0,1.53,2.35,0.96,0.0
2026-06-18,CNET,0.92,1.0,1.0,0.91,3853,3717.0,9.47,5.26,0.05,0.11
2026-06-18,CNEY,0.807,0.743,0.897,0.734,61192,48742.0,21.06,-4.01,-0.031,0.81
2026-06-18,CNF,3.09,3.09,3.09,3.09,452,1380.0,0.0,-0.32,-0.01,0.0
2026-06-18,CNH,10.46,10.46,10.71,10.4,13304914,139887789.0,3.02,1.75,0.18,1.07
2026-06-18,CNI,113.72,113.43,115.168,112.5,1611982,183063486.0,2.34,-0.47,-0.53,0.27
2026-06-18,CNK,33.22,33.76,34.23,33.01,2340131,79021308.0,3.68,1.96,0.65,2.0
2026-06-18,CNL,14.49,13.82,14.505,13.48,62115,858165.0,7.12,-4.03,-0.58,0.07
2026-06-18,CNM,46.73,48.58,49.91,46.5,4925304,239799873.0,7.34,4.63,2.15,2.63
2026-06-18,CNMD,32.21,32.58,32.92,32.11,1228142,39964289.0,2.52,1.46,0.47,4.08
2026-06-18,CNNE,13.89,13.68,14.03,13.53,936097,12819104.0,3.63,-0.8,-0.11,2.13
2026-06-18,CNO,51.62,50.83,51.77,50.59,1519814,77471656.0,2.3,-0.78,-0.4,1.63
2026-06-18,CNOB,32.67,32.45,32.74,32.29,402359,13079713.0,1.4,0.78,0.25,0.8
2026-06-18,CNOBP,24.92,24.92,24.92,24.894,5939,147932.0,0.1,-0.18,-0.045,0.13
2026-06-18,CNO_A,16.4,16.33,16.474,15.8,37269,601480.0,4.09,-0.85,-0.14,0.0
2026-06-18,CNP,42.89,42.82,43.34,42.585,7180199,307772160.0,1.77,0.45,0.19,1.1
2026-06-18,CNQ,41.9,41.05,42.21,40.805,16828713,691737488.0,3.31,-3.23,-1.37,0.81
2026-06-18,CNQQ,26.11,26.21,26.26,26.11,2079,54427.0,0.59,3.11,0.791,0.0
2026-06-18,CNR,86.08,83.57,86.8,83.05,1462781,122619370.0,4.33,-3.5,-3.03,2.9
2026-06-18,CNRG,111.03,113.304,113.304,110.36,7288,814124.0,2.7,4.07,4.433,0.0
2026-06-18,CNS,74.89,74.88,75.37,74.52,577363,43227298.0,1.14,0.71,0.53,1.12
2026-06-18,CNSP,4.51,4.7,4.711,4.451,26704,123956.0,5.74,3.75,0.17,1.83
2026-06-18,CNTA,39.87,40.02,40.07,39.775,5588743,223016397.0,0.74,0.38,0.15,3.61
2026-06-18,CNTB,2.08,2.0,2.157,1.93,204208,407615.0,10.91,-3.85,-0.08,0.32
2026-06-18,CNTN,3.48,3.35,3.505,3.18,2766958,9243408.0,9.18,-5.37,-0.19,3.59
2026-06-18,CNTX,0.62,0.632,0.637,0.589,3143716,1929135.0,8.0,5.33,0.032,3.42
2026-06-18,CNTY,1.35,1.41,1.46,1.33,166634,228017.0,9.56,3.68,0.05,0.59
2026-06-18,CNVS,2.92,2.97,3.025,2.86,132291,389953.0,5.69,2.41,0.07,0.64
2026-06-18,CNX,32.66,32.67,33.19,32.49,4755546,155748931.0,2.13,-0.52,-0.17,3.36
2026-06-18,CNXC,25.725,25.08,25.725,23.68,9527912,238444781.0,8.04,-1.34,-0.34,15.62
2026-06-18,CNXN,70.59,70.57,70.785,69.46,350257,24661550.0,1.9,1.34,0.93,1.39
2026-06-18,CNXT,60.74,60.54,60.835,60.42,71246,4318506.0,0.71,4.27,2.48,0.0
2026-06-18,CNXU,13.21,13.28,13.5,12.055,36289,461806.0,11.1,2.0,0.26,0.14
2026-06-18,CNYA,38.0,37.77,38.0,37.77,53692,2034174.0,0.61,0.64,0.24,0.0
2026-06-18,COAG,26.81,29.24,29.468,26.81,1548236,45082963.0,10.05,10.55,2.79,3.31
2026-06-18,COAL,25.0,24.34,25.11,24.34,116764,2870058.0,3.08,-2.64,-0.66,0.0
2026-06-18,COCH,0.654,0.634,0.68,0.634,389742,254134.0,7.03,-3.06,-0.02,0.51
2026-06-18,COCHW,0.041,0.041,0.041,0.041,251,10.0,0.0,24.24,0.008,0.0
2026-06-18,COCO,84.47,84.02,85.83,83.65,1288829,108813323.0,2.61,0.45,0.38,2.26
2026-06-18,COCP,0.955,0.995,0.996,0.95,74320,72381.0,4.74,2.47,0.024,0.54
2026-06-18,CODA,10.18,10.0,10.6,9.73,317456,3202389.0,9.42,8.23,0.76,2.81
2026-06-18,CODI,9.95,10.11,10.12,9.81,1053444,10553486.0,3.13,1.92,0.19,1.4
2026-06-18,CODI_A,20.32,20.69,20.75,20.31,5657,116281.0,2.17,2.07,0.42,0.12
2026-06-18,CODI_B,22.46,22.615,22.75,22.46,15093,342052.0,1.29,0.87,0.195,0.2
2026-06-18,CODI_C,22.19,22.35,22.36,22.12,8774,195438.0,1.08,0.91,0.201,0.11
2026-06-18,CODX,3.26,3.37,3.44,3.1,624112,2065795.0,10.21,1.2,0.04,16.94
2026-06-18,COE,16.5,15.62,18.49,15.62,18914,329471.0,18.61,1.3,0.2,0.44
2026-06-18,COF,205.73,201.53,206.84,201.21,8115400,1643831168.0,2.81,0.33,0.66,1.3
2026-06-18,COFS,32.46,31.87,32.75,31.775,249330,7971242.0,3.03,-0.96,-0.31,1.66
2026-06-18,COF_I,18.04,18.06,18.12,18.02,116583,2107268.0,0.56,0.39,0.07,0.19
2026-06-18,COF_J,17.49,17.46,17.5,17.41,72778,1270453.0,0.52,0.4,0.07,0.15
2026-06-18,COF_K,16.92,16.98,16.99,16.92,14089,238760.0,0.41,0.32,0.055,0.28
2026-06-18,COF_L,15.87,15.76,15.87,15.75,71410,1128186.0,0.76,0.19,0.03,0.26
2026-06-18,COF_N,15.38,15.383,15.479,15.35,13975,215345.0,0.84,0.35,0.053,0.08
2026-06-18,COGT,34.19,34.54,34.99,33.81,4898257,168680296.0,3.5,2.58,0.87,2.87
2026-06-18,COHH,14.63,14.2,15.07,13.388,192714,2791296.0,12.54,5.88,0.789,0.0
2026-06-18,COHN,11.7,11.9,12.03,11.18,40606,473253.0,7.39,3.48,0.4,1.62
2026-06-18,COHR,394.0,389.57,402.78,376.645,7520641,2940164320.0,6.9,2.83,10.72,3.84
2026-06-18,COHU,68.355,69.4,70.465,68.0,1643954,114107461.0,3.77,6.04,3.95,3.48
2026-06-18,COHX,57.765,56.5,60.2,53.1,567544,32647353.0,13.26,5.49,2.94,0.0
2026-06-18,COIA,8.73,8.32,8.89,8.05,11544,95858.0,9.92,-1.77,-0.15,0.0
2026-06-18,COIG,5.6,5.3,5.68,5.13,109314,586401.0,10.15,-2.21,-0.12,0.0
2026-06-18,COIN,167.75,163.26,169.808,160.54,9826780,1612668320.0,5.62,-1.0,-1.655,4.42
2026-06-18,COIW,9.84,9.54,9.98,9.375,149721,1433544.0,6.25,-1.45,-0.14,0.0
2026-06-18,COKE,183.77,181.54,185.0,178.31,937902,170205082.0,3.64,-1.14,-2.1,1.66
2026-06-18,COLA,10.65,10.65,10.675,10.65,2341,24955.0,0.23,0.09,0.01,0.05
2026-06-18,COLAR,0.42,0.4,0.42,0.4,4772,1922.0,4.08,-18.37,-0.09,0.0
2026-06-18,COLB,30.31,30.55,30.63,30.13,6000393,182960592.0,1.66,1.66,0.5,2.07
2026-06-18,COLD,14.29,14.07,14.43,14.01,4204406,59409681.0,2.97,-0.57,-0.08,1.47
2026-06-18,COLL,33.99,33.54,34.27,33.01,631903,21202574.0,3.74,-0.42,-0.14,1.95
2026-06-18,COLM,64.97,66.46,67.19,64.97,968949,64380790.0,3.47,3.88,2.48,1.89
2026-06-18,COLO,44.3,44.06,44.335,43.3,566604,24924208.0,2.35,0.11,0.05,0.0
2026-06-18,COM,33.05,33.15,33.163,33.05,127913,4234763.0,0.34,-0.12,-0.04,0.0
2026-06-18,COMB,24.7,24.74,24.81,24.52,39390,970544.0,1.17,-0.32,-0.08,0.0
2026-06-18,COMD,26.293,26.293,26.293,26.293,55,1458.0,0.0,-0.28,-0.074,0.0
2026-06-18,COMP,9.72,10.01,10.115,9.62,23103341,230544837.0,5.27,6.49,0.61,3.13
2026-06-18,COMT,31.24,31.37,31.45,30.9,325592,10139243.0,1.75,-0.16,-0.05,0.0
2026-06-18,CON,28.94,28.56,28.94,28.4,1399583,40028669.0,1.9,0.63,0.18,1.09
2026-06-18,CONI,50.16,52.82,54.425,48.89,130961,6796137.0,10.69,2.05,1.06,0.0
2026-06-18,CONL,5.7,5.4,5.83,5.22,17731108,97645892.0,11.05,-2.17,-0.12,0.0
2026-06-18,CONX,6.91,6.56,7.089,6.4,52114,352987.0,10.28,-2.09,-0.14,0.0
2026-06-18,CONY,21.5,21.01,21.59,20.785,495085,10483874.0,3.74,-2.28,-0.49,0.0
2026-06-18,COO,64.965,65.91,66.23,64.965,3802105,250500101.0,1.94,1.32,0.86,1.95
2026-06-18,COOK,70.33,72.26,75.98,70.2,65232,4791089.0,8.33,4.11,2.85,2.34
2026-06-18,COOT,0.613,0.608,0.617,0.585,91954,55174.0,5.03,-4.4,-0.028,0.31
2026-06-18,COOTW,0.019,0.021,0.021,0.019,2357,47.0,9.09,-4.55,-0.001,0.0
2026-06-18,COP,109.81,107.74,109.88,106.99,22893388,2469888896.0,2.6,-3.12,-3.47,1.88
2026-06-18,COPA,53.48,52.896,53.48,52.72,1810,95875.0,1.42,-0.96,-0.515,0.0
2026-06-18,COPJ,44.05,42.5,44.05,42.1,72143,3087778.0,4.45,-2.95,-1.29,0.0
2026-06-18,COPL,10.44,10.43,10.44,10.42,154034,1606599.0,0.19,0.1,0.01,0.86
2026-06-18,COPL_WS,0.168,0.168,0.168,0.168,1,0.0,0.0,0.0,0.0,0.0
2026-06-18,COPP,42.94,42.06,43.092,41.84,100751,4256564.0,2.93,-1.61,-0.69,0.0
2026-06-18,COPX,87.3,85.48,87.82,85.34,4625224,398514528.0,2.86,-1.48,-1.28,0.0
2026-06-18,COPY,15.4,14.913,15.4,14.86,157942,2353413.0,3.62,0.04,0.006,0.0
2026-06-18,COPZ,17.99,17.228,17.99,17.228,7409,130500.0,4.31,-2.51,-0.444,0.0
2026-06-18,COR,276.96,271.83,278.84,270.03,3408860,929493872.0,3.18,-1.9,-5.26,1.75
2026-06-18,CORB,29.54,29.49,29.54,29.46,129218,3810345.0,0.27,0.31,0.09,0.0
2026-06-18,CORD,3.98,4.04,4.32,3.9,5455601,22164248.0,9.91,-4.72,-0.2,0.0
2026-06-18,CORN,17.05,16.95,17.065,16.89,273512,4641536.0,1.02,-1.17,-0.2,0.0
2026-06-18,CORO,37.18,37.19,37.27,37.04,918733,34157067.0,0.63,1.45,0.53,0.0
2026-06-18,CORP,96.98,96.766,97.005,96.751,80304,7777196.0,0.26,0.25,0.246,0.0
2026-06-18,CORT,82.82,79.91,83.3,79.4,1875597,150529261.0,4.77,-2.25,-1.84,1.75
2026-06-18,CORZ,29.12,29.16,30.045,28.58,17471718,511080656.0,5.16,2.75,0.78,5.5
2026-06-18,CORZW,22.61,22.35,23.18,21.8,200943,4514514.0,6.41,3.81,0.82,0.0
2026-06-18,CORZZ,28.82,29.02,29.94,28.57,53827,1600024.0,4.81,1.82,0.52,0.0
2026-06-18,COSM,0.211,0.213,0.22,0.183,16617993,3428031.0,15.29,-11.98,-0.029,26.77
2026-06-18,COSO,26.59,26.48,26.94,26.46,210768,5589884.0,1.82,0.15,0.04,1.75
2026-06-18,COST,962.7,951.45,964.0,948.311,3742885,3568395872.0,1.62,-1.46,-14.14,0.84
2026-06-18,COSW,41.6,41.503,41.6,41.26,5215,216177.0,0.81,-1.65,-0.698,0.0
2026-06-18,COTG,13.43,13.218,13.46,13.09,376192,4967019.0,2.72,-2.79,-0.379,0.0
2026-06-18,COTY,1.91,1.95,1.959,1.89,73242328,142575112.0,3.63,2.63,0.05,8.32
2026-06-18,COUR,5.27,5.35,5.41,5.22,9822103,52496137.0,3.58,0.94,0.05,5.8
2026-06-18,COWG,38.799,38.87,38.92,38.62,345259,13387599.0,0.78,1.45,0.557,0.0
2026-06-18,COWS,36.315,36.08,36.32,36.05,12288,443822.0,0.75,-0.19,-0.07,0.0
2026-06-18,COWZ,62.255,61.8,62.255,61.665,1056126,65279743.0,0.95,-0.68,-0.42,0.0
2026-06-18,COYA,5.09,4.92,5.13,4.81,215713,1069652.0,6.36,-2.19,-0.11,0.92
2026-06-18,COYY,19.25,19.13,19.25,19.05,16234,311119.0,1.03,-1.57,-0.306,0.0
2026-06-18,COZX,29.7,29.4,30.95,28.565,18558,551167.0,8.61,6.18,1.71,0.0
2026-06-18,CP,85.73,86.03,86.98,85.43,3024082,260216275.0,1.81,0.49,0.42,0.34
2026-06-18,CPA,148.14,151.04,153.0,147.63,581086,87680445.0,3.75,5.45,7.81,1.95
2026-06-18,CPAC,11.94,12.7,12.7,11.66,762153,9288620.0,8.76,6.99,0.83,0.9
2026-06-18,CPAG,102.66,102.574,102.66,102.574,2107,216349.0,0.08,0.27,0.272,0.0
2026-06-18,CPAI,50.5,50.63,50.65,49.98,158990,7989393.0,1.34,1.18,0.59,0.0
2026-06-18,CPAY,353.24,345.28,353.939,343.3,2050588,709918640.0,3.01,-2.28,-8.05,3.14
2026-06-18,CPB,21.07,21.15,21.37,20.95,62142146,1314199680.0,1.99,0.19,0.04,20.84
2026-06-18,CPBI,18.64,18.64,18.64,18.64,2352,43820.0,0.0,-0.43,-0.08,0.06
2026-06-18,CPER,39.21,38.86,39.265,38.8,1028795,40116655.0,1.2,0.57,0.22,0.0
2026-06-18,CPF,35.79,35.85,36.21,35.34,385009,13789076.0,2.45,0.96,0.34,1.48
2026-06-18,CPHC,15.66,15.65,15.75,15.65,2690,42207.0,0.63,-1.39,-0.22,0.05
2026-06-18,CPHI,0.857,0.771,0.857,0.739,33394,26580.0,14.05,-8.21,-0.069,0.08
2026-06-18,CPHY,51.565,51.605,51.605,51.565,449,23157.0,0.08,0.28,0.142,0.0
2026-06-18,CPII,19.1,19.11,19.11,19.1,629,12028.0,0.05,-0.03,-0.005,0.0
2026-06-18,CPIX,5.7,5.72,5.75,5.463,40396,228420.0,5.12,1.96,0.11,0.27
2026-06-18,CPK,120.21,120.6,121.11,119.045,306546,36911001.0,1.72,0.47,0.57,1.28
2026-06-18,CPLB,20.97,20.951,20.99,20.95,3757,78774.0,0.19,0.2,0.041,0.0
2026-06-18,CPLS,35.18,35.145,35.205,35.145,3708,130478.0,0.17,0.25,0.088,0.0
2026-06-18,CPNG,18.59,18.0,18.8,17.77,30240771,546457728.0,5.47,-4.41,-0.83,1.85
2026-06-18,CPNJ,27.64,27.628,27.66,27.615,4958,137056.0,0.16,0.39,0.108,0.0
2026-06-18,CPNM,26.76,26.783,26.783,26.76,660,17662.0,0.09,0.18,0.049,0.0
2026-06-18,CPNQ,27.39,27.36,27.42,27.36,3247,88991.0,0.22,0.18,0.048,0.0
2026-06-18,CPNS,28.07,28.086,28.086,28.07,116,3256.0,0.06,0.16,0.046,0.0
2026-06-18,CPNX,18.59,17.32,18.61,17.0,25905,456380.0,8.42,-9.46,-1.81,0.0
2026-06-18,CPOP,0.132,0.122,0.132,0.112,10422161,1264202.0,14.29,-12.86,-0.018,10.99
2026-06-18,CPRA,27.55,27.594,27.594,27.55,308,8489.0,0.16,0.16,0.044,0.0
2026-06-18,CPRI,20.13,20.32,20.63,20.01,3460648,70324622.0,3.14,2.99,0.59,3.01
2026-06-18,CPRJ,27.58,27.6,27.6,27.58,799,22044.0,0.07,0.05,0.015,0.0
2026-06-18,CPRO,28.08,28.087,28.087,28.07,4002,112355.0,0.06,0.12,0.034,0.0
2026-06-18,CPRT,29.55,30.23,30.29,29.46,30771218,926775312.0,2.81,2.41,0.71,3.32
2026-06-18,CPRX,31.39,31.38,31.4,31.37,3354254,105269909.0,0.1,-0.06,-0.02,2.74
2026-06-18,CPRY,27.88,27.913,27.913,27.87,872,24330.0,0.15,0.18,0.05,0.0
2026-06-18,CPS,28.96,29.82,30.07,28.96,156264,4634654.0,3.87,3.97,1.14,0.88
2026-06-18,CPSA,27.74,27.73,27.745,27.71,1592,44149.0,0.13,0.22,0.06,0.0
2026-06-18,CPSD,26.695,26.695,26.695,26.695,1069,28535.0,0.0,0.17,0.046,0.0
2026-06-18,CPSF,26.24,26.215,26.24,26.215,988,25929.0,0.1,0.16,0.041,0.0
2026-06-18,CPSH,6.95,6.65,7.375,6.428,1476145,9933913.0,13.74,-3.48,-0.24,7.66
2026-06-18,CPSJ,27.645,27.645,27.645,27.611,1614,44592.0,0.12,0.13,0.035,0.0
2026-06-18,CPSL,27.95,27.941,27.96,27.92,26455,739215.0,0.14,0.11,0.031,0.0
2026-06-18,CPSM,29.26,29.24,29.26,29.24,1615,47277.0,0.07,0.19,0.055,0.0
2026-06-18,CPSN,27.65,27.66,27.66,27.65,4540,125555.0,0.04,0.13,0.035,0.0
2026-06-18,CPSO,27.86,27.835,27.86,27.8,2738,76211.0,0.22,0.2,0.055,0.0
2026-06-18,CPSP,26.9,26.885,26.9,26.885,841,22623.0,0.06,0.02,0.005,0.0
2026-06-18,CPSR,25.81,25.825,25.83,25.81,1024,26443.0,0.08,0.16,0.04,0.0
2026-06-18,CPSS,9.75,9.74,9.75,9.54,42514,413554.0,2.18,0.93,0.09,0.2
2026-06-18,CPST,27.81,27.761,27.81,27.751,1181,32824.0,0.21,0.06,0.016,0.0
2026-06-18,CPSU,27.65,27.62,27.66,27.61,4611,127462.0,0.18,0.04,0.01,0.0
2026-06-18,CPSY,25.675,25.675,25.675,25.675,940,24136.0,0.0,0.14,0.035,0.0
2026-06-18,CPT,111.26,108.99,111.26,108.9,2828915,309343280.0,2.16,-0.33,-0.36,2.81
2026-06-18,CPXR,31.48,31.031,31.54,31.031,17401,543678.0,1.66,1.09,0.334,0.0
2026-06-18,CPZ,13.04,12.96,13.05,12.87,82456,1067092.0,1.39,0.39,0.05,0.0
2026-06-18,CQP,60.0,58.05,60.0,57.88,880079,51291393.0,3.55,-2.85,-1.7,0.18
2026-06-18,CQQQ,55.075,55.08,55.235,54.94,607768,33487351.0,0.55,2.57,1.38,0.0
2026-06-18,CQTM,31.98,32.6,33.455,30.275,84963,2697638.0,10.4,6.57,2.01,0.0
2026-06-18,CR,211.61,214.9,216.19,209.18,731100,156845952.0,3.35,2.75,5.75,1.27
2026-06-18,CRAC,10.11,10.11,10.12,10.11,151300,1531426.0,0.05,-0.05,-0.01,0.84
2026-06-18,CRACR,0.13,0.13,0.13,0.13,11443,1488.0,0.0,0.0,0.0,0.0
2026-06-18,CRACU,10.23,10.23,10.23,10.23,50,517.0,0.0,0.0,0.0,0.0
2026-06-18,CRAI,148.03,138.7,149.38,137.74,237100,33498256.0,7.9,-5.84,-8.61,3.67
2026-06-18,CRAK,45.81,45.28,45.81,45.089,174130,7893813.0,1.56,-1.97,-0.91,0.0
2026-06-18,CRAN,10.09,10.09,10.09,10.09,0,50.0,0.0,-0.35,-0.03,0.0
2026-06-18,CRANR,0.21,0.19,0.21,0.19,300,75.0,10.1,-2.96,-0.01,0.0
2026-06-18,CRANU,10.39,10.25,10.39,10.25,800,9198.0,1.37,0.0,0.0,0.0
2026-06-18,CRAQR,0.16,0.16,0.16,0.16,260,52.0,0.0,0.0,0.0,0.0
2026-06-18,CRBD,23.13,23.15,23.285,22.93,21831,504731.0,1.54,0.43,0.1,0.0
2026-06-18,CRBG,29.85,29.18,29.85,29.06,7804964,227858388.0,2.69,-0.55,-0.16,1.71
2026-06-18,CRBN,254.97,254.67,255.02,253.7,8306,2113661.0,0.52,1.09,2.75,0.0
2026-06-18,CRBP,8.26,8.26,8.47,8.02,297815,2443505.0,5.59,2.61,0.21,1.61
2026-06-18,CRBU,1.66,1.64,1.7,1.57,2539700,4109884.0,7.93,0.0,0.0,2.56
2026-06-18,CRC,54.31,55.3,55.35,53.8,1715600,94501840.0,2.8,-0.09,-0.05,1.93
2026-06-18,CRCA,22.89,22.6,23.2,20.67,1058377,23231852.0,11.01,-1.61,-0.37,0.0
2026-06-18,CRCD,4.73,4.85,5.23,4.69,2177508,10849244.0,11.3,1.46,0.07,0.0
2026-06-18,CRCG,15.16,15.05,15.48,13.78,2275936,33270971.0,11.16,-1.18,-0.18,0.0
2026-06-18,CRCL,80.28,80.23,81.4,76.84,14862900,1167096832.0,5.66,-0.45,-0.36,6.47
2026-06-18,CRCO,16.5,16.55,16.65,15.89,65636,1064032.0,4.5,-1.95,-0.33,0.0
2026-06-18,CRCT,4.42,4.46,4.54,4.4,716400,3197084.0,3.17,1.13,0.05,1.3
2026-06-18,CRDD,13.1,13.198,13.198,13.0,1892,24666.0,1.48,-1.54,-0.206,0.0
2026-06-18,CRDF,1.2,1.21,1.29,1.2,960682,1167768.0,7.63,2.54,0.03,1.41
2026-06-18,CRDL,1.06,1.06,1.08,1.045,258502,274858.0,3.3,0.0,0.0,0.22
2026-06-18,CRDO,258.74,271.83,274.9,252.69,9353644,2488040688.0,8.91,9.02,22.5,5.02
2026-06-18,CRDT,23.438,23.394,23.48,23.331,1769,41493.0,0.64,0.84,0.196,0.0
2026-06-18,CRDU,91.41,99.41,102.0,87.0,427068,40135186.0,17.68,17.16,14.56,0.0
2026-06-18,CRDX,8.07,7.967,8.21,7.83,2360,19006.0,4.62,-3.21,-0.264,0.0
2026-06-18,CRD_A,11.06,10.89,11.19,10.84,138991,1522814.0,3.2,-0.55,-0.06,0.47
2026-06-18,CRD_B,9.9,10.41,10.72,9.8,9319,96204.0,8.92,0.97,0.1,0.05
2026-06-18,CRE,3.68,4.06,4.16,3.66,171818,659746.0,11.9,-3.33,-0.14,10.48
2026-06-18,CRED,22.81,22.725,22.81,22.725,432,9876.0,0.37,-0.01,-0.002,0.0
2026-06-18,CREG,2.38,2.77,2.85,2.31,753032,1975767.0,20.45,4.92,0.13,27.38
2026-06-18,CRESY,11.64,11.66,11.9,11.56,299818,3514939.0,2.91,-0.34,-0.04,0.42
2026-06-18,CREX,3.85,3.94,3.94,3.76,44387,171331.0,4.72,3.41,0.13,0.42
2026-06-18,CRF,7.09,7.14,7.15,7.09,712195,5070589.0,0.85,0.85,0.06,0.0
2026-06-18,CRGO,1.53,1.5,1.53,1.49,20329,30585.0,2.67,0.0,0.0,0.04
2026-06-18,CRGOW,0.08,0.066,0.08,0.059,12773,914.0,35.59,11.86,0.007,0.0
2026-06-18,CRGY,10.57,10.44,10.682,10.25,10209751,106215702.0,4.01,-3.15,-0.34,3.09
2026-06-18,CRH,111.175,111.24,113.71,111.17,8305336,929416784.0,2.32,1.67,1.83,1.24
2026-06-18,CRI,42.15,42.54,43.35,41.91,1388263,59250130.0,3.48,2.95,1.22,3.77
2026-06-18,CRIS,0.38,0.421,0.447,0.38,898606,373300.0,16.5,3.69,0.015,2.31
2026-06-18,CRK,12.96,13.1,13.215,12.684,3054470,39772781.0,4.04,-0.23,-0.03,1.04
2026-06-18,CRL,183.7,185.0,186.18,181.96,1170070,216290908.0,2.31,1.46,2.66,2.43
2026-06-18,CRM,152.73,151.78,154.47,149.8,57940830,8801327360.0,3.01,-2.09,-3.24,7.07
2026-06-18,CRMD,8.84,8.67,8.845,8.65,2521886,22017892.0,2.25,0.0,0.0,3.21
2026-06-18,CRMG,3.93,3.87,4.0,3.762,5043641,19768141.0,5.89,-4.21,-0.17,0.0
2026-06-18,CRML,10.3,10.15,10.32,9.88,4102085,41378367.0,4.37,0.79,0.08,2.79
2026-06-18,CRMLW,3.65,3.57,3.71,3.4,13083,45685.0,8.49,-2.19,-0.08,0.0
2026-06-18,CRMT,2.19,2.4,2.42,2.051,764184,1724149.0,16.7,8.6,0.19,9.2
2026-06-18,CRMU,6.14,5.914,6.14,5.63,107202,626461.0,8.67,0.54,0.032,0.0
2026-06-18,CRMX,14.34,13.91,14.43,13.23,101096,1377100.0,8.84,2.51,0.34,0.0
2026-06-18,CRNC,10.15,10.77,11.13,9.81,2001400,21349746.0,13.2,7.7,0.77,4.43
2026-06-18,CRNT,2.77,2.7,2.87,2.67,573500,1558778.0,7.2,-0.37,-0.01,0.63
2026-06-18,CRNX,36.34,35.87,36.79,35.05,2013874,72157785.0,4.87,0.34,0.12,1.91
2026-06-18,CRON,2.7,2.71,2.72,2.63,1218244,3260789.0,3.37,1.5,0.04,0.33
2026-06-18,CROX,126.5,125.05,127.89,123.94,1433359,180119052.0,3.17,0.42,0.52,2.88
2026-06-18,CRPT,13.64,13.49,13.66,13.13,21058,280881.0,3.88,-1.17,-0.16,0.0
2026-06-18,CRS,586.01,586.47,593.18,574.68,1130215,662298144.0,3.21,1.91,11.0,2.27
2026-06-18,CRSH,21.5,21.164,21.69,21.164,71134,1532467.0,2.43,-2.38,-0.516,0.0
2026-06-18,CRSP,54.41,54.09,55.79,53.02,1941408,104841183.0,5.22,1.88,1.0,2.01
2026-06-18,CRSR,8.74,8.95,9.1,8.56,3588349,31911953.0,6.37,5.54,0.47,3.36
2026-06-18,CRT,9.4,8.93,9.84,8.88,44696,412856.0,10.19,-5.2,-0.49,0.74
2026-06-18,CRTC,38.42,38.592,38.67,38.42,10885,419781.0,0.65,0.74,0.284,0.0
2026-06-18,CRTO,17.29,17.44,17.54,17.01,233539,4053862.0,3.03,-0.29,-0.05,0.46
2026-06-18,CRUS,165.1,165.29,166.28,163.175,950337,156891118.0,1.94,3.13,5.02,1.88
2026-06-18,CRUX,29.93,29.9,29.955,29.895,217125,6497479.0,0.2,0.03,0.01,0.0
2026-06-18,CRVL,58.49,58.525,59.2,57.01,526793,30819348.0,3.77,0.66,0.385,1.04
2026-06-18,CRVO,4.68,4.24,7.81,3.84,107909165,641651408.0,104.2,11.29,0.43,978.66
2026-06-18,CRVS,12.36,11.91,12.58,11.725,1977181,23603715.0,7.13,-0.75,-0.09,2.35
2026-06-18,CRWD,686.75,684.86,695.91,660.92,5379367,3668252832.0,5.12,0.28,1.9,2.11
2026-06-18,CRWG,46.3,45.58,47.1,42.78,1315107,59553548.0,9.89,4.37,1.91,0.0
2026-06-18,CRWL,51.88,52.23,54.12,48.77,139370,7096076.0,10.3,0.6,0.31,0.0
2026-06-18,CRWS,2.74,2.76,2.79,2.73,30814,85116.0,2.17,0.0,0.0,0.29
2026-06-18,CRWU,8.78,8.62,8.93,8.115,2151305,18469718.0,9.85,4.23,0.35,0.0
2026-06-18,CRWV,118.85,117.95,119.89,114.125,65546307,7713839104.0,5.0,2.38,2.74,14.64
2026-06-18,CRXP,19.89,19.89,19.89,19.89,2,40.0,0.0,0.01,0.002,0.0
2026-06-18,CRY,21.64,21.667,21.73,21.41,4566,98455.0,1.45,-2.11,-0.468,0.0
2026-06-18,CSAI,0.35,0.334,0.365,0.334,187923,65646.0,8.91,-4.02,-0.014,0.75
2026-06-18,CSAN,2.73,2.66,2.77,2.645,1465581,3944037.0,4.6,-2.21,-0.06,0.15
2026-06-18,CSB,63.41,63.858,63.858,63.41,3276,208568.0,0.71,1.04,0.655,0.0
2026-06-18,CSBR,6.72,6.32,6.76,6.32,5178,33550.0,6.45,-7.33,-0.5,0.04
2026-06-18,CSCL,64.23,64.792,65.17,63.03,20156,1293637.0,3.42,3.47,2.172,0.0
2026-06-18,CSCO,118.595,119.54,120.315,117.3,52284353,6233169408.0,2.57,1.88,2.21,1.33
2026-06-18,CSCS,13.29,13.144,13.29,13.08,6922,91251.0,1.57,-1.85,-0.248,0.0
2026-06-18,CSD,144.26,146.26,146.26,144.26,11202,1631170.0,1.41,3.19,4.526,0.0
2026-06-18,CSEX,22.32,19.98,22.32,19.875,129904,2723774.0,11.81,-3.52,-0.73,0.0
2026-06-18,CSGP,30.46,30.12,30.73,29.53,16140782,485633488.0,3.94,-1.12,-0.34,3.95
2026-06-18,CSHI,49.74,49.74,49.749,49.72,820497,40804330.0,0.06,0.0,0.0,0.0
2026-06-18,CSHP,99.6,99.605,99.614,99.6,659,65644.0,0.01,0.07,0.065,0.0
2026-06-18,CSHR,4.17,3.97,4.233,3.95,175493,706933.0,6.8,-4.57,-0.19,0.13
2026-06-18,CSHRW,0.83,1.15,1.29,0.83,16254,13742.0,41.82,4.55,0.05,0.0
2026-06-18,CSIO,28.68,28.545,28.71,28.525,45084,1291089.0,0.65,0.27,0.077,0.0
2026-06-18,CSIQ,16.28,16.27,16.47,15.624,2798872,45266707.0,5.29,1.69,0.27,4.12
2026-06-18,CSL,349.91,360.96,367.255,347.9,813220,293629568.0,5.66,5.51,18.86,2.01
2026-06-18,CSM,85.79,85.728,85.8,85.507,19279,1653757.0,0.34,0.94,0.798,0.0
2026-06-18,CSMD,35.59,35.81,35.825,35.3,51540,1834916.0,1.5,2.3,0.804,0.0
2026-06-18,CSNR,35.181,34.819,35.181,34.68,9290,323098.0,1.42,-1.61,-0.571,0.0
2026-06-18,CSPF,26.06,26.155,26.18,26.06,21550,563228.0,0.46,0.19,0.05,0.0
2026-06-18,CSPI,8.64,8.5,8.895,8.25,46516,397183.0,7.54,-0.7,-0.06,0.46
2026-06-18,CSQ,20.43,20.52,20.58,20.22,283089,5800686.0,1.79,2.14,0.43,0.0
2026-06-18,CSR,55.11,55.65,56.6,54.5,452351,25003624.0,3.83,1.38,0.76,2.69
2026-06-18,CSRE,28.29,28.1,28.31,28.03,137774,3882612.0,1.0,-0.14,-0.04,0.0
2026-06-18,CSSD,25.27,25.275,25.31,25.25,10798,272943.0,0.24,0.26,0.065,0.0
2026-06-18,CSTE,1.83,1.85,1.903,1.82,22885,42857.0,4.54,1.09,0.02,0.07
2026-06-18,CSTK,32.88,32.62,32.88,32.59,26918,878892.0,0.89,0.63,0.205,0.0
2026-06-18,CSTL,20.39,21.12,21.15,20.23,726610,15114677.0,4.54,4.3,0.87,2.4
2026-06-18,CSTM,34.21,34.0,34.467,33.67,1923979,65468722.0,2.37,0.95,0.32,1.41
2026-06-18,CSV,38.01,38.16,38.33,37.62,160996,6130762.0,1.87,0.66,0.25,1.01
2026-06-18,CSW,273.63,279.94,283.33,273.63,281672,78708314.0,3.58,3.41,9.24,1.73
2026-06-18,CSWC,22.88,22.98,23.02,22.84,816252,18742863.0,0.79,0.61,0.14,1.31
2026-06-18,CSX,45.91,45.63,46.61,45.43,22557890,1033253872.0,2.59,0.13,0.06,1.21
2026-06-18,CTA,27.12,27.2,27.208,26.83,494408,13339328.0,1.39,0.07,0.02,0.0
2026-06-18,CTAA,9.91,9.91,9.91,9.91,202,2002.0,0.0,-0.1,-0.01,0.0
2026-06-18,CTAP,27.775,27.86,27.94,27.5,26009,719273.0,1.6,1.24,0.34,0.0
2026-06-18,CTAS,169.19,170.85,172.2,168.38,4135728,706227808.0,2.25,0.71,1.21,1.03
2026-06-18,CTA_A,53.218,53.218,53.218,53.218,90,4797.0,0.0,0.0,0.0,0.01
2026-06-18,CTA_B,67.2,67.105,67.2,67.105,586,39408.0,0.14,-0.17,-0.115,0.04
2026-06-18,CTBI,69.0,68.35,69.6,67.95,200886,13742154.0,2.42,0.4,0.27,1.11
2026-06-18,CTEC,66.576,68.727,68.727,66.576,3877,262415.0,3.24,3.6,2.389,0.0
2026-06-18,CTEF,93.44,92.82,93.44,92.82,1160,108296.0,0.68,2.16,1.96,0.0
2026-06-18,CTEV,30.3,29.42,30.62,29.03,180832,5367809.0,5.34,-1.11,-0.33,1.06
2026-06-18,CTEX,43.005,44.608,44.608,43.005,1234,53600.0,3.78,5.19,2.201,0.0
2026-06-18,CTGO,16.93,16.98,17.11,16.09,3880884,65490599.0,6.04,0.47,0.08,12.61
2026-06-18,CTIF,52.48,52.383,52.62,52.383,672,35366.0,0.45,-0.01,-0.007,0.0
2026-06-18,CTJN,24.892,24.892,24.892,24.892,1,25.0,0.0,-0.37,-0.093,0.0
2026-06-18,CTKB,4.07,3.77,4.08,3.7,18260872,69028984.0,9.55,-5.28,-0.21,14.14
2026-06-18,CTM,0.794,0.828,0.85,0.785,3733588,3045037.0,8.29,5.61,0.044,3.94
2026-06-18,CTMX,3.02,2.95,3.07,2.89,9732497,28807125.0,6.08,-0.34,-0.01,4.47
2026-06-18,CTNM,12.3,11.94,12.67,11.57,313870,3751015.0,9.05,-1.81,-0.22,0.96
2026-06-18,CTNT,1.92,1.59,2.35,1.465,21057193,41809564.0,55.84,0.32,0.005,712.37
2026-06-18,CTO,20.81,20.6,20.815,20.46,487298,10046710.0,1.72,-0.29,-0.06,1.44
2026-06-18,CTOR,0.66,0.67,0.698,0.66,38747,26255.0,5.76,1.52,0.01,0.04
2026-06-18,CTOS,10.73,11.27,11.36,10.695,1270783,14167393.0,6.27,6.22,0.66,0.56
2026-06-18,CTO_A,21.35,21.11,21.35,21.09,1572,33380.0,1.22,-0.94,-0.2,0.03
2026-06-18,CTRE,36.57,37.06,37.11,36.05,7262526,268234621.0,2.91,1.87,0.68,3.07
2026-06-18,CTRI,30.72,29.77,30.83,29.44,1919634,57337570.0,4.64,-0.67,-0.2,1.9
2026-06-18,CTRM,2.16,2.15,2.176,2.09,40993,88342.0,4.11,2.87,0.06,0.42
2026-06-18,CTRN,57.78,60.66,63.1,57.78,347117,21161517.0,9.36,6.72,3.82,4.17
2026-06-18,CTS,66.43,67.0,67.51,66.0,620536,41503724.0,2.33,3.52,2.28,2.17
2026-06-18,CTSH,46.24,43.7,46.44,43.405,61312375,2703762512.0,6.22,-10.49,-5.12,12.94
2026-06-18,CTSO,0.46,0.44,0.5,0.44,145600,65046.0,12.91,-8.11,-0.04,0.23
2026-06-18,CTVA,77.38,78.59,79.05,76.52,13360340,1044850096.0,3.27,1.58,1.22,2.0
2026-06-18,CTW,2.57,2.32,2.63,2.2,4326,10379.0,16.29,-12.12,-0.32,0.01
2026-06-18,CTWO,17.1,17.1,17.1,17.1,29,497.0,0.0,0.0,0.0,0.0
2026-06-18,CTXR,0.544,0.546,0.57,0.54,256914,141861.0,5.56,1.11,0.006,0.94
2026-06-18,CUB,10.84,10.88,10.88,10.84,1207,13117.0,0.37,0.28,0.03,0.01
2026-06-18,CUBB,21.93,21.75,21.93,21.75,486,10632.0,0.83,0.0,0.0,0.0
2026-06-18,CUBE,40.78,40.62,40.94,40.425,2635896,107186803.0,1.28,1.3,0.52,1.16
2026-06-18,CUBI,75.71,75.79,76.33,75.01,504493,38204543.0,1.76,1.11,0.83,1.49
2026-06-18,CUBWW,0.453,0.453,0.453,0.453,892,377.0,0.0,29.43,0.103,0.0
2026-06-18,CUE,26.29,28.46,28.7,25.694,197840,5482182.0,11.25,6.47,1.73,4.71
2026-06-18,CULP,3.15,3.2,3.2,3.07,68565,218624.0,4.15,2.24,0.07,0.54
2026-06-18,CUPR,4.96,4.37,5.2,3.7,262127,1166228.0,28.52,-16.92,-0.89,28.47
2026-06-18,CURB,29.73,29.86,30.085,29.6,1705958,50943753.0,1.62,-0.5,-0.15,1.62
2026-06-18,CURE,96.89,93.46,96.89,92.355,88643,8308220.0,4.72,-2.81,-2.7,0.0
2026-06-18,CURI,2.52,2.53,2.54,2.445,601904,1507970.0,3.82,1.61,0.04,1.02
2026-06-18,CURR,3.09,3.03,3.09,2.9,187284,555648.0,6.38,1.68,0.05,0.17
2026-06-18,CURV,1.91,1.93,1.965,1.881,435118,836827.0,4.49,3.21,0.06,0.44
2026-06-18,CURX,0.335,0.28,0.335,0.28,163514,49111.0,16.42,-16.42,-0.055,0.58
2026-06-18,CUSD,19.275,19.275,19.275,19.275,8,153.0,0.0,0.04,0.008,0.0
2026-06-18,CUST,25.05,25.032,25.05,25.032,1103,27615.0,0.07,0.09,0.022,0.0
2026-06-18,CUT,28.12,27.969,28.3,27.969,2271,64058.0,1.19,0.4,0.111,0.0
2026-06-18,CUZ,28.1,28.28,28.55,28.04,3032756,85826587.0,1.84,2.06,0.57,1.84
2026-06-18,CV,6.55,6.61,6.725,6.41,186019,1225781.0,4.85,1.69,0.11,0.37
2026-06-18,CVAR,28.24,28.254,28.254,28.24,8477,239391.0,0.05,0.21,0.06,0.0
2026-06-18,CVBF,20.78,20.81,20.91,20.6,4714885,97999924.0,1.51,1.17,0.24,2.67
2026-06-18,CVCO,597.8,601.51,610.78,596.0,218553,131590244.0,2.52,2.64,15.46,2.84
2026-06-18,CVE,25.34,25.16,25.34,24.57,10662457,265744822.0,3.01,-1.72,-0.44,0.57
2026-06-18,CVEO,33.68,33.59,34.165,33.41,89010,2992128.0,2.27,1.08,0.36,0.81
2026-06-18,CVGD,24.768,24.768,24.768,24.768,1000,24801.0,0.0,-2.23,-0.565,0.0
2026-06-18,CVGI,5.26,4.84,5.28,4.72,673429,3324026.0,10.59,-8.51,-0.45,1.84
2026-06-18,CVI,27.42,27.4,27.62,26.53,2150270,58568591.0,3.94,-1.01,-0.28,2.14
2026-06-18,CVIE,86.42,86.8,86.98,86.42,73206,6355444.0,0.66,1.69,1.44,0.0
2026-06-18,CVKD,3.24,3.5,3.6,3.15,115357,385422.0,14.52,12.9,0.4,4.02
2026-06-18,CVLC,94.23,94.49,94.58,94.23,46465,4390334.0,0.38,1.35,1.261,0.0
2026-06-18,CVLG,42.95,42.63,43.275,42.27,217464,9288704.0,2.38,0.85,0.36,1.06
2026-06-18,CVLT,128.04,130.03,130.91,121.75,1417912,183534828.0,7.21,2.31,2.93,3.42
2026-06-18,CVM,1.13,1.04,1.17,1.02,524279,549227.0,13.64,-5.45,-0.06,3.0
2026-06-18,CVMC,75.03,74.904,75.03,74.82,1981,148376.0,0.28,1.33,0.984,0.0
2026-06-18,CVNA,64.4,66.56,68.02,64.1,14501789,966336016.0,6.24,5.89,3.7,2.03
2026-06-18,CVNY,21.41,22.034,22.23,21.41,31646,697439.0,3.81,2.34,0.504,0.0
2026-06-18,CVR,11.12,11.12,11.12,11.12,587,6433.0,0.0,4.66,0.495,0.06
2026-06-18,CVRD,18.055,18.055,18.055,18.055,7,136.0,0.0,-0.49,-0.089,0.0
2026-06-18,CVRT,53.12,52.809,53.12,52.56,6200,326972.0,1.07,1.3,0.68,0.0
2026-06-18,CVRX,4.92,4.95,5.005,4.85,293201,1448092.0,3.21,2.48,0.12,1.1
2026-06-18,CVS,99.16,98.32,99.215,97.84,21578828,2123311808.0,1.39,-0.85,-0.84,1.69
2026-06-18,CVSA,116.7,119.07,119.42,115.5,483522,57257640.0,3.34,1.47,1.73,1.42
2026-06-18,CVSB,50.72,50.705,50.725,50.69,18106,917383.0,0.07,0.04,0.02,0.0
2026-06-18,CVSM,25.686,25.686,25.686,25.686,8,206.0,0.0,0.03,0.008,0.0
2026-06-18,CVU,4.91,4.97,5.0,4.78,94838,465190.0,4.49,1.43,0.07,0.72
2026-06-18,CVV,7.32,7.81,8.1,7.179,155879,1204998.0,13.05,10.62,0.75,2.25
2026-06-18,CVX,175.64,173.63,175.64,172.23,19146123,3326541072.0,1.92,-2.22,-3.95,0.96
2026-06-18,CVY,29.21,28.963,29.21,28.95,1654,47997.0,0.9,-0.23,-0.067,0.0
2026-06-18,CW,792.12,771.93,800.0,771.93,1053800,816100544.0,3.61,-0.69,-5.36,2.85
2026-06-18,CWAN,24.28,24.29,24.3,24.24,4474007,108602454.0,0.25,0.12,0.03,1.5
2026-06-18,CWB,111.45,110.58,111.45,110.15,930578,102963164.0,1.19,0.95,1.04,0.0
2026-06-18,CWBC,25.35,25.19,25.55,25.02,1169845,29494498.0,2.12,0.76,0.19,4.31
2026-06-18,CWCO,29.99,29.89,30.095,29.545,285329,8517429.0,1.85,0.66,0.195,1.78
2026-06-18,CWD,0.8,0.752,0.8,0.752,63052,49458.0,6.12,-4.08,-0.032,0.74
2026-06-18,CWEB,20.43,20.32,20.5,20.18,627267,12761031.0,1.56,-1.12,-0.23,0.0
2026-06-18,CWEN,36.92,37.42,37.94,36.7,8654974,323543440.0,3.37,1.77,0.65,7.14
2026-06-18,CWH,7.36,7.76,7.785,7.36,2940747,22620438.0,5.9,7.78,0.56,4.63
2026-06-18,CWI,41.17,41.21,41.27,40.999,644496,26569807.0,0.67,1.5,0.61,0.0
2026-06-18,CWK,13.0,12.9,13.165,12.74,3708406,47839005.0,3.29,-0.23,-0.03,1.58
2026-06-18,CWS,67.46,67.21,67.46,67.11,2404,161654.0,0.52,-0.22,-0.151,0.0
2026-06-18,CWST,86.86,86.98,87.765,85.26,1009236,87689983.0,2.91,1.02,0.88,1.61
2026-06-18,CWT,45.0,45.2,45.39,44.745,852531,38492812.0,1.43,0.44,0.2,1.42
2026-06-18,CWVX,37.99,37.51,38.765,35.161,809584,30206814.0,10.03,4.37,1.57,0.0
2026-06-18,CWY,20.89,20.935,20.935,20.89,1509,31648.0,0.21,-1.18,-0.25,0.0
2026-06-18,CX,12.76,12.73,12.96,12.7,3870613,49519433.0,2.06,1.03,0.13,0.27
2026-06-18,CXAI,0.219,0.255,0.265,0.215,37530359,9225101.0,23.36,19.16,0.041,38.76
2026-06-18,CXAIW,0.05,0.056,0.056,0.048,85120,4503.0,16.0,12.0,0.006,0.0
2026-06-18,CXDO,6.93,7.06,7.11,6.53,886633,6087694.0,8.38,2.02,0.14,2.74
2026-06-18,CXII,10.08,10.05,10.08,10.05,3427,34519.0,0.3,-0.4,-0.04,0.01
2026-06-18,CXIIU,10.2,10.2,10.635,10.195,12829,131701.0,4.32,0.1,0.01,0.0
2026-06-18,CXIIW,1.15,1.125,1.15,1.0,34719,38348.0,13.64,2.27,0.025,0.0
2026-06-18,CXM,5.04,5.04,5.065,4.94,8310042,41801670.0,2.44,-1.56,-0.08,6.24
2026-06-18,CXRN,15.87,15.6,15.87,15.49,3652,57048.0,2.39,-1.81,-0.287,0.0
2026-06-18,CXSE,39.6,39.525,39.6,39.452,3832,151396.0,0.38,1.5,0.586,0.0
2026-06-18,CXT,46.03,46.93,47.8,46.01,1150016,54090788.0,3.95,3.48,1.58,2.0
2026-06-18,CXW,28.23,28.9,28.96,27.906,2773621,79720191.0,3.74,2.59,0.73,2.8
2026-06-18,CYAB,0.544,0.51,0.55,0.51,134814,71323.0,7.43,-5.2,-0.028,0.96
2026-06-18,CYCN,3.22,3.2,3.3,3.2,43917,141249.0,3.14,0.63,0.02,1.01
2026-06-18,CYCU,0.649,0.642,0.684,0.63,609166,389022.0,8.39,-0.31,-0.002,5.69
2026-06-18,CYCUW,0.02,0.02,0.02,0.02,1000,20.0,0.0,-9.09,-0.002,0.0
2026-06-18,CYD,51.26,48.7,51.63,48.23,299528,14759954.0,6.66,-4.6,-2.35,0.8
2026-06-18,CYH,3.02,3.02,3.078,3.01,1945432,5889479.0,2.27,0.67,0.02,1.38
2026-06-18,CYN,1.23,1.27,1.32,1.175,780510,973327.0,11.89,4.1,0.05,5.41
2026-06-18,CYPH,0.751,0.739,0.79,0.72,4144937,3063319.0,9.19,-3.02,-0.023,3.89
2026-06-18,CYRX,14.86,15.01,15.08,14.69,525452,7840513.0,2.68,3.02,0.44,1.04
2026-06-18,CYTK,79.41,78.78,80.15,77.14,3547472,278623712.0,3.85,0.86,0.67,2.64
2026-06-18,CZA,119.13,118.91,119.455,118.565,2690,320364.0,0.75,0.07,0.084,0.0
2026-06-18,CZAR,31.0,31.0,31.0,31.0,4,124.0,0.0,-0.39,-0.122,0.0
2026-06-18,CZFS,67.55,67.96,68.165,66.0,14482,980563.0,3.26,2.27,1.51,0.3
2026-06-18,CZNC,21.8,21.73,22.2,21.519,95761,2081556.0,3.16,0.74,0.16,0.53
2026-06-18,CZR,29.28,29.22,29.4,29.2,4469890,130791532.0,0.68,0.03,0.01,2.19
2026-06-18,CZWI,21.25,21.34,21.53,21.11,253036,5386137.0,1.98,0.42,0.09,2.62
2026-06-18,C_N,28.67,28.65,28.72,28.52,70362,2014415.0,0.7,-0.12,-0.035,0.0
2026-06-18,C_R,25.07,25.09,25.16,25.01,320022,8022266.0,0.6,0.24,0.06,1.0
2026-06-18,D,68.11,68.41,69.28,68.08,16090288,1102272992.0,1.76,0.57,0.39,1.83
2026-06-18,DAAQ,10.35,10.36,10.365,10.345,34625,358582.0,0.19,0.19,0.02,0.2
2026-06-18,DAAQW,0.49,0.44,0.49,0.44,650,294.0,10.87,-4.35,-0.02,0.0
2026-06-18,DABS,50.49,50.485,50.55,50.43,7133,360153.0,0.24,0.09,0.045,0.0
2026-06-18,DAC,126.5,125.95,126.6,124.21,73666,9256979.0,1.89,-0.56,-0.71,0.4
2026-06-18,DADS,21.5,21.515,21.515,21.39,1078,23112.0,0.58,0.39,0.084,0.0
2026-06-18,DAIC,1.76,1.75,1.83,1.7,212357,372110.0,7.22,-2.78,-0.05,17.55
2026-06-18,DAICW,0.019,0.02,0.02,0.019,1008,19.0,6.25,25.0,0.004,0.0
2026-06-18,DAIO,3.82,3.71,3.93,3.6,174626,651834.0,8.57,-3.64,-0.14,1.86
2026-06-18,DAK,29.083,29.083,29.083,29.083,2,58.0,0.0,1.07,0.309,0.0
2026-06-18,DAKT,20.24,20.76,20.85,20.1,381500,7843660.0,3.72,2.93,0.59,0.79
2026-06-18,DAL,84.13,84.18,85.039,83.665,14843814,1250202688.0,1.67,2.35,1.93,2.26
2026-06-18,DALI,30.36,30.682,30.682,30.36,5260,160817.0,1.05,0.44,0.133,0.0
2026-06-18,DAMD,1.75,1.72,1.8,1.7,15066330,26389922.0,5.24,-9.95,-0.19,0.0
2026-06-18,DAN,28.89,29.18,29.21,27.87,5463361,156858033.0,4.72,2.71,0.77,5.08
2026-06-18,DANA,25.17,25.15,25.17,25.15,8332,209738.0,0.08,0.24,0.06,0.0
2026-06-18,DAO,11.75,12.05,12.25,11.2,128542,1543789.0,9.08,4.24,0.49,0.39
2026-06-18,DAPP,22.21,22.02,22.21,21.4,519457,11355338.0,3.78,2.75,0.59,0.0
2026-06-18,DAPR,40.82,40.854,40.89,40.794,7848,320357.0,0.24,0.45,0.184,0.0
2026-06-18,DAR,53.85,53.68,54.44,52.15,4072657,217361255.0,4.26,-0.2,-0.11,2.56
2026-06-18,DARE,2.08,2.17,2.17,2.05,179500,384869.0,5.76,4.33,0.09,1.2
2026-06-18,DARP,58.84,59.184,59.184,58.505,9189,541976.0,1.18,2.86,1.647,0.0
2026-06-18,DASH,166.84,173.46,174.34,164.425,7724682,1332948048.0,5.99,4.71,7.8,1.88
2026-06-18,DAT,40.15,40.468,40.468,37.18,30454,1216399.0,8.06,-0.84,-0.341,0.0
2026-06-18,DAUG,46.675,46.719,46.725,46.675,5014,234180.0,0.11,0.31,0.145,0.0
2026-06-18,DAVA,2.69,2.65,2.757,2.63,785765,2102476.0,4.58,-4.33,-0.12,1.93
2026-06-18,DAVE,294.115,314.44,315.52,284.5,869111,267505673.0,10.85,10.01,28.6,7.62
2026-06-18,DAVEW,1.145,1.35,1.41,1.125,148814,194174.0,27.4,29.81,0.31,0.0
2026-06-18,DAX,45.33,45.365,45.6,45.07,21838,989608.0,1.18,1.09,0.489,0.0
2026-06-18,DB,35.44,35.27,35.605,35.255,3246901,114978243.0,1.0,0.63,0.22,0.17
2026-06-18,DBA,26.75,26.63,26.75,26.58,1040952,27712159.0,0.63,-0.78,-0.21,0.0
2026-06-18,DBAW,48.87,48.961,48.99,48.7,10870,531431.0,0.6,1.39,0.671,0.0
2026-06-18,DBB,25.47,25.3,25.47,25.285,120116,3043281.0,0.73,0.28,0.07,0.0
2026-06-18,DBC,27.53,27.63,27.7,27.275,1121213,30778503.0,1.53,-0.29,-0.08,0.0
2026-06-18,DBCA,9.97,9.97,9.97,9.97,111,1107.0,0.0,0.0,0.0,0.0
2026-06-18,DBCAU,10.13,10.13,10.13,10.13,296,2998.0,0.0,-0.49,-0.05,0.0
2026-06-18,DBCAW,0.446,0.42,0.458,0.39,4800,2052.0,15.74,-2.78,-0.012,0.0
2026-06-18,DBD,81.85,83.81,83.88,81.6,551848,46068859.0,2.82,3.61,2.92,1.59
2026-06-18,DBE,27.02,27.473,27.48,26.66,16954,460425.0,2.99,0.27,0.073,0.0
2026-06-18,DBEF,54.62,54.7,54.78,54.416,312492,17074025.0,0.67,1.0,0.54,0.0
2026-06-18,DBEM,42.1,42.26,42.36,41.995,18065,761252.0,0.88,2.17,0.898,0.0
2026-06-18,DBEU,53.28,53.53,53.537,53.19,27436,1465578.0,0.65,0.43,0.23,0.0
2026-06-18,DBEZ,62.78,62.937,62.937,62.78,678,42646.0,0.25,1.22,0.761,0.0
2026-06-18,DBGI,0.725,0.746,0.79,0.655,2370530,1711974.0,18.44,1.91,0.014,10.31
2026-06-18,DBI,6.2,6.32,6.54,6.2,1408250,8948294.0,5.47,1.61,0.1,3.27
2026-06-18,DBJP,117.53,117.267,117.53,116.72,13155,1534277.0,0.7,1.31,1.516,0.0
2026-06-18,DBL,14.4,14.37,14.47,14.326,37256,536156.0,1.0,-0.14,-0.02,0.0
2026-06-18,DBMF,30.73,30.92,30.945,30.615,1651324,50872328.0,1.08,0.82,0.25,0.0
2026-06-18,DBND,45.46,45.49,45.62,45.46,96160,4376742.0,0.35,0.18,0.08,0.0
2026-06-18,DBO,18.54,18.89,18.98,18.22,626723,11667797.0,4.04,0.53,0.1,0.0
2026-06-18,DBP,99.02,98.335,99.29,98.149,4835,477733.0,1.15,-0.87,-0.868,0.0
2026-06-18,DBRG,15.74,15.77,15.77,15.72,1986643,31305085.0,0.32,0.38,0.06,1.09
2026-06-18,DBRG_H,15.76,16.15,16.185,15.76,11856,190137.0,2.7,2.47,0.39,0.14
2026-06-18,DBRG_I,16.07,16.002,16.25,15.875,28335,454767.0,2.37,1.28,0.202,0.22
2026-06-18,DBRG_J,16.03,16.25,16.37,15.7,14092,226050.0,4.18,1.37,0.22,0.12
2026-06-18,DBVT,16.64,15.53,16.74,15.4,320272,5104753.0,8.23,-4.61,-0.75,0.54
2026-06-18,DBX,26.072,25.97,26.33,25.815,10621177,276209488.0,1.95,-1.67,-0.44,6.72
2026-06-18,DC,5.03,4.93,5.14,4.86,3636553,17962678.0,5.59,-1.6,-0.08,2.72
2026-06-18,DCBG,26.3,26.3,26.3,26.29,1401,36846.0,0.04,-0.23,-0.06,0.0
2026-06-18,DCBO,16.74,17.25,17.26,16.43,141998,2414528.0,4.94,2.68,0.45,0.56
2026-06-18,DCGO,0.58,0.524,0.59,0.522,1121635,611154.0,12.01,-7.42,-0.042,1.14
2026-06-18,DCH,6.23,6.31,6.33,6.095,4333349,27237293.0,3.81,2.27,0.14,1.83
2026-06-18,DCI,86.2,85.52,87.09,85.44,2180482,186980120.0,1.93,0.2,0.17,1.88
2026-06-18,DCMT,31.501,31.863,31.863,31.5,10259,324298.0,1.14,-0.37,-0.117,0.0
2026-06-18,DCO,166.56,164.12,167.675,161.14,521151,85428752.0,4.0,0.39,0.63,3.45
2026-06-18,DCOM,39.04,39.0,39.52,38.81,578365,22575462.0,1.83,0.62,0.24,1.31
2026-06-18,DCOM_,18.0,17.95,18.03,17.78,4915,88399.0,1.39,-0.17,-0.03,0.09
2026-06-18,DCOR,82.04,81.97,82.089,81.7,240901,19742441.0,0.48,1.02,0.83,0.0
2026-06-18,DCOY,6.09,6.07,6.2,6.07,6118,37723.0,2.18,2.02,0.12,1.15
2026-06-18,DCRE,51.79,51.69,51.79,51.66,124504,6432811.0,0.25,-0.07,-0.035,0.0
2026-06-18,DCTH,12.09,11.69,12.18,11.64,582710,6862437.0,4.53,-2.01,-0.24,1.69
2026-06-18,DCX,2.2,2.11,2.26,2.04,15725,33551.0,9.02,-13.52,-0.33,0.08
2026-06-18,DD,48.6,47.71,48.86,47.4,7293156,348744672.0,3.04,-0.5,-0.24,1.8
2026-06-18,DDC,1.04,1.05,1.06,1.02,66810,68631.0,3.81,0.0,0.0,0.14
2026-06-18,DDD,3.53,3.57,3.665,3.43,7128409,25308832.0,6.81,3.48,0.12,4.36
2026-06-18,DDDD,32.0,31.947,32.03,31.93,2364,75608.0,0.31,-0.27,-0.086,0.0
2026-06-18,DDEC,47.265,47.3,47.33,47.265,4996,236336.0,0.14,0.38,0.177,0.0
2026-06-18,DDFA,20.05,20.117,20.14,20.05,25568,514342.0,0.45,0.28,0.056,0.0
2026-06-18,DDFD,19.92,19.93,19.93,19.91,22030,438763.0,0.1,0.33,0.066,0.0
2026-06-18,DDFF,19.9,19.94,19.94,19.9,4894,97424.0,0.2,0.4,0.08,0.0
2026-06-18,DDFJ,19.74,19.7,19.74,19.7,1149,22664.0,0.2,0.13,0.026,0.0
2026-06-18,DDFL,21.13,21.13,21.19,21.12,12026,254272.0,0.33,0.04,0.009,0.0
2026-06-18,DDFM,19.73,19.725,19.73,19.725,578,11416.0,0.03,0.43,0.085,0.0
2026-06-18,DDFN,20.04,20.066,20.09,20.02,6800,136294.0,0.35,0.28,0.056,0.0
2026-06-18,DDFO,22.455,22.46,22.46,22.455,4752,106726.0,0.02,0.27,0.06,0.0
2026-06-18,DDFS,21.94,21.965,21.965,21.92,18554,407175.0,0.21,0.12,0.027,0.0
2026-06-18,DDFY,20.0,20.001,20.03,19.96,4539,90797.0,0.35,0.4,0.079,0.0
2026-06-18,DDFZ,19.23,19.34,19.34,19.23,58378,1128305.0,0.57,0.42,0.08,0.0
2026-06-18,DDI,11.32,11.34,11.69,11.31,120300,1375649.0,3.35,-0.18,-0.02,0.24
2026-06-18,DDIV,44.57,44.486,44.6,44.46,5567,247814.0,0.31,-0.18,-0.079,0.0
2026-06-18,DDL,2.23,2.05,2.24,2.05,1357794,2879315.0,8.48,-8.48,-0.19,0.74
2026-06-18,DDLS,45.61,45.39,45.61,45.36,9292,422252.0,0.55,-0.15,-0.066,0.0
2026-06-18,DDM,64.63,63.9,64.75,63.9,136440,8747497.0,1.33,0.24,0.15,0.0
2026-06-18,DDNQ,20.71,20.681,20.71,20.64,14202,293869.0,0.34,0.07,0.014,0.0
2026-06-18,DDOG,224.04,223.0,225.585,215.3,8482324,1882876192.0,4.54,-1.6,-3.63,2.56
2026-06-18,DDS,562.69,554.86,570.115,554.32,110537,61706121.0,2.83,-0.7,-3.93,0.95
2026-06-18,DDSQ,21.03,21.015,21.04,21.01,7638,160584.0,0.14,0.07,0.015,0.0
2026-06-18,DDT,26.08,26.195,26.32,26.08,6851,179443.0,0.92,0.3,0.078,0.09
2026-06-18,DDTA,20.35,20.38,20.4,20.34,18244,371958.0,0.3,0.47,0.095,0.0
2026-06-18,DDTD,20.27,20.291,20.291,20.255,4500,91196.0,0.18,0.46,0.092,0.0
2026-06-18,DDTF,20.2,20.216,20.216,20.2,1070,21615.0,0.08,0.53,0.107,0.0
2026-06-18,DDTJ,20.04,20.055,20.055,20.02,1450,29033.0,0.18,0.53,0.106,0.0
2026-06-18,DDTL,21.89,21.915,21.95,21.89,4087,89566.0,0.27,0.09,0.02,0.0
2026-06-18,DDTM,20.02,20.023,20.04,20.005,4159,83264.0,0.18,0.42,0.083,0.0
2026-06-18,DDTN,20.35,20.377,20.377,20.31,56795,1154431.0,0.33,0.78,0.157,0.0
2026-06-18,DDTO,22.89,22.901,22.901,22.87,3498,80064.0,0.14,0.24,0.054,0.0
2026-06-18,DDTS,22.45,22.461,22.5,22.45,6633,149083.0,0.22,0.05,0.011,0.0
2026-06-18,DDTY,20.17,20.17,20.18,20.09,3238,65249.0,0.45,0.64,0.129,0.0
2026-06-18,DDTZ,19.3,19.34,19.35,19.24,102005,1971669.0,0.57,0.91,0.175,0.0
2026-06-18,DDV,25.43,25.425,25.43,25.425,23500,597605.0,0.02,-0.08,-0.02,0.0
2026-06-18,DDWM,47.09,46.97,47.09,46.91,47156,2216860.0,0.38,0.26,0.12,0.0
2026-06-18,DDX,25.4,25.384,25.42,25.37,35632,904759.0,0.2,0.24,0.061,0.0
2026-06-18,DDXX,28.11,28.127,28.127,28.09,14300,401689.0,0.13,0.76,0.211,0.0
2026-06-18,DE,595.51,589.24,598.21,587.84,1436238,848973024.0,1.76,0.13,0.77,0.53
2026-06-18,DEA,23.05,23.16,23.35,23.01,968435,22432580.0,1.48,0.74,0.17,2.08
2026-06-18,DEC,12.78,13.0,13.12,12.6,4694377,60938427.0,4.0,0.08,0.01,6.49
2026-06-18,DECK,108.0,109.11,110.59,107.395,3840830,418979696.0,3.02,3.21,3.39,2.77
2026-06-18,DECM,33.68,33.69,33.72,33.68,606,20426.0,0.12,0.27,0.09,0.0
2026-06-18,DECO,82.638,82.638,82.638,82.638,286,23629.0,0.0,2.16,1.749,0.0
2026-06-18,DECP,32.43,32.496,32.496,32.43,1627,52764.0,0.2,0.64,0.208,0.0
2026-06-18,DECT,39.15,39.242,39.25,39.121,6515,255346.0,0.33,0.74,0.289,0.0
2026-06-18,DECU,29.16,29.25,29.285,29.16,3273,95703.0,0.43,0.97,0.28,0.0
2026-06-18,DECW,35.57,35.595,35.61,35.555,7019,249788.0,0.16,0.38,0.135,0.0
2026-06-18,DECZ,43.287,43.287,43.287,43.287,41,1802.0,0.0,0.93,0.4,0.0
2026-06-18,DEED,21.44,21.42,21.44,21.4,7049,150996.0,0.19,0.28,0.06,0.0
2026-06-18,DEEF,39.23,39.135,39.23,39.135,279,10946.0,0.24,-0.83,-0.328,0.0
2026-06-18,DEEP,41.63,41.791,41.94,41.53,793,33178.0,1.0,1.61,0.663,0.0
2026-06-18,DEFI,71.196,71.196,71.196,71.196,176,12550.0,0.0,-1.95,-1.418,0.0
2026-06-18,DEFR,26.72,26.681,26.74,26.67,18015,481181.0,0.26,0.46,0.121,0.0
2026-06-18,DEFT,0.608,0.559,0.609,0.553,4462415,2604056.0,9.36,-6.52,-0.039,1.15
2026-06-18,DEHP,44.04,44.46,44.63,44.02,23296,1035142.0,1.42,3.76,1.61,0.0
2026-06-18,DEI,11.65,11.71,11.87,11.63,3109703,36478331.0,2.08,1.47,0.17,1.86
2026-06-18,DELL,429.88,409.5,436.0,407.88,15360635,6406555904.0,6.71,-2.34,-9.82,4.73
2026-06-18,DEM,55.59,55.69,55.78,55.5,124119,6907075.0,0.51,0.8,0.44,0.0
2026-06-18,DEMZ,46.7,46.769,46.85,46.58,1152,53837.0,0.59,1.49,0.687,0.0
2026-06-18,DEO,79.75,80.45,81.234,79.63,1599189,128804620.0,2.03,2.04,1.61,0.29
2026-06-18,DERM,6.04,6.22,6.25,5.83,410485,2504603.0,7.09,5.07,0.3,1.91
2026-06-18,DES,39.33,39.47,39.54,39.145,103109,4061026.0,1.01,1.1,0.43,0.0
2026-06-18,DESK,40.01,40.095,40.1,39.96,5723,228996.0,0.36,2.15,0.845,0.0
2026-06-18,DETX,4.22,4.11,4.22,4.1,15405,63747.0,2.83,-3.07,-0.13,0.27
2026-06-18,DEUS,65.07,64.579,65.07,64.47,4981,322388.0,0.93,-0.05,-0.031,0.0
2026-06-18,DEVS,0.232,0.23,0.239,0.217,1002104,227264.0,9.57,0.0,0.0,2.86
2026-06-18,DEW,68.88,68.625,68.88,68.51,1486,102026.0,0.54,-0.22,-0.148,0.0
2026-06-18,DEXC,85.19,85.58,85.95,85.19,8343,714329.0,0.92,3.56,2.941,0.0
2026-06-18,DFAC,44.22,44.2,44.29,44.045,1931812,85353606.0,0.56,1.01,0.44,0.0
2026-06-18,DFAE,41.45,41.73,41.855,41.39,1368992,57107343.0,1.15,2.88,1.17,0.0
2026-06-18,DFAI,42.08,41.95,42.2,41.875,1510163,63393143.0,0.78,0.24,0.1,0.0
2026-06-18,DFAR,26.05,25.79,26.05,25.79,2526451,65492496.0,1.01,-0.15,-0.04,0.0
2026-06-18,DFAS,80.17,80.35,80.42,79.7,535694,42953300.0,0.91,1.32,1.05,0.0
2026-06-18,DFAT,68.45,68.48,68.611,68.175,169532,11606116.0,0.64,0.82,0.56,0.0
2026-06-18,DFAU,51.83,51.75,51.85,51.54,706617,36545182.0,0.61,1.07,0.55,0.0
2026-06-18,DFAW,83.2,83.3,83.46,83.105,76215,6348430.0,0.43,0.95,0.78,0.0
2026-06-18,DFAX,37.95,37.94,38.13,37.83,469513,17806085.0,0.8,0.98,0.37,0.0
2026-06-18,DFCA,50.17,50.209,50.22,50.16,44946,2256157.0,0.12,0.25,0.125,0.0
2026-06-18,DFCF,42.36,42.3,42.4,42.29,1002782,42453285.0,0.26,0.26,0.11,0.0
2026-06-18,DFDV,3.14,3.01,3.175,2.985,776271,2360327.0,6.15,-2.59,-0.08,2.58
2026-06-18,DFDVW,0.34,0.331,0.343,0.32,3100,1034.0,6.57,-5.43,-0.019,0.0
2026-06-18,DFE,74.67,74.628,74.719,74.52,1655,123474.0,0.27,-0.43,-0.326,0.0
2026-06-18,DFEB,50.45,50.44,50.48,50.4,16233,818583.0,0.16,0.36,0.18,0.0
2026-06-18,DFEM,41.86,42.11,42.19,41.81,704667,29651370.0,0.93,2.81,1.15,0.0
2026-06-18,DFEN,83.52,77.23,83.75,75.92,283817,22241717.0,9.7,-4.32,-3.49,0.0
2026-06-18,DFEV,44.19,44.48,44.57,44.11,226967,10082692.0,1.06,2.8,1.21,0.0
2026-06-18,DFGP,54.84,54.785,54.885,54.77,139837,7664422.0,0.21,0.21,0.114,0.0
2026-06-18,DFGR,28.85,28.67,28.86,28.64,434077,12477636.0,0.77,-0.17,-0.05,0.0
2026-06-18,DFGX,53.535,53.495,53.59,53.49,116257,6222800.0,0.19,0.08,0.043,0.0
2026-06-18,DFH,14.67,15.6,15.9,14.65,1492892,23180764.0,8.61,7.44,1.08,4.42
2026-06-18,DFIC,38.21,38.055,38.21,37.99,1203399,45828217.0,0.58,-0.04,-0.015,0.0
2026-06-18,DFII,11.94,11.791,11.96,11.69,3220,38021.0,2.25,-1.84,-0.221,0.0
2026-06-18,DFIN,39.54,39.14,39.9,38.33,688086,26900794.0,3.98,-0.71,-0.28,2.75
2026-06-18,DFIP,41.64,41.7,41.735,41.63,148572,6192126.0,0.25,0.37,0.155,0.0
2026-06-18,DFIS,36.06,36.07,36.26,36.05,588005,21255978.0,0.58,-0.41,-0.15,0.0
2026-06-18,DFIV,55.52,55.32,55.52,55.24,1024914,56729587.0,0.51,-0.22,-0.12,0.0
2026-06-18,DFJ,108.31,107.41,108.32,106.87,20855,2241204.0,1.36,0.38,0.405,0.0
2026-06-18,DFLI,1.93,1.98,2.05,1.93,868700,1720678.0,6.38,5.32,0.1,6.78
2026-06-18,DFLIW,0.047,0.042,0.047,0.039,23067,1010.0,23.53,23.53,0.008,0.0
2026-06-18,DFLV,39.78,39.44,39.78,39.41,639127,25254641.0,0.94,0.0,0.0,0.0
2026-06-18,DFMC,58.5,58.85,58.89,58.32,10591,621390.0,0.98,1.57,0.91,0.0
2026-06-18,DFNL,48.29,47.94,48.4,47.87,65791,3161874.0,1.1,-0.13,-0.06,0.0
2026-06-18,DFNM,48.43,48.375,48.43,48.35,309651,14979984.0,0.17,0.18,0.085,0.0
2026-06-18,DFNS,0.214,0.204,0.217,0.191,5726380,1156662.0,12.15,-4.67,-0.01,8.39
2026-06-18,DFNSW,0.076,0.071,0.076,0.071,1797,129.0,7.14,1.43,0.001,0.0
2026-06-18,DFP,20.44,20.4,20.5,20.4,38100,780780.0,0.49,0.1,0.02,0.0
2026-06-18,DFSB,52.45,52.38,52.465,52.37,17921,939121.0,0.18,0.15,0.08,0.0
2026-06-18,DFSC,3.64,3.37,3.67,3.23,76400,259734.0,11.73,-10.13,-0.38,3.83
2026-06-18,DFSD,47.88,47.88,47.92,47.86,533289,25538571.0,0.13,0.15,0.07,0.0
2026-06-18,DFSE,50.78,50.92,51.16,50.63,28054,1428482.0,1.07,2.66,1.321,0.0
2026-06-18,DFSI,45.84,45.91,45.91,45.73,25956,1190054.0,0.39,0.19,0.085,0.0
2026-06-18,DFSU,46.47,46.46,46.579,46.36,45013,2090550.0,0.48,0.82,0.38,0.0
2026-06-18,DFSV,38.11,38.14,38.215,37.915,876687,33413641.0,0.79,0.79,0.3,0.0
2026-06-18,DFTT,32.31,32.441,32.441,32.27,1582,51187.0,0.54,2.34,0.741,0.0
2026-06-18,DFTX,24.8,24.48,25.25,23.8,2629893,64194635.0,5.94,0.2,0.05,2.41
2026-06-18,DFUS,82.06,81.98,82.115,81.65,654276,53600419.0,0.57,1.17,0.95,0.0
2026-06-18,DFUV,54.86,54.62,54.86,54.51,386412,21118468.0,0.64,0.52,0.28,0.0
2026-06-18,DFVE,35.599,35.407,35.599,35.355,5304,188186.0,0.69,0.3,0.105,0.0
2026-06-18,DFVX,82.22,82.24,82.41,82.16,5667,466312.0,0.31,0.59,0.48,0.0
2026-06-18,DG,109.06,113.45,113.81,108.95,5886213,663617776.0,4.47,4.38,4.76,2.67
2026-06-18,DGAC_U,10.03,10.03,10.03,10.03,55,552.0,0.0,0.0,0.0,0.0
2026-06-18,DGAP,30.45,30.4,30.45,30.4,136,4139.0,0.16,-0.25,-0.075,0.0
2026-06-18,DGCB,54.98,54.918,55.03,54.9,61200,3363399.0,0.24,0.21,0.116,0.0
2026-06-18,DGICA,17.78,17.49,17.78,17.36,207984,3645884.0,2.4,-0.23,-0.04,0.66
2026-06-18,DGICB,19.25,22.86,22.86,17.765,25699,556649.0,27.09,21.53,4.05,0.46
2026-06-18,DGII,69.24,69.06,69.78,68.02,470550,32474270.0,2.61,2.49,1.68,1.25
2026-06-18,DGIN,35.72,35.528,35.72,35.528,1206,42969.0,0.55,1.81,0.63,0.0
2026-06-18,DGLO,23.551,23.551,23.551,23.551,2,47.0,0.0,0.12,0.028,0.0
2026-06-18,DGNX,0.925,0.9,0.925,0.9,280541,254424.0,2.76,-0.55,-0.005,0.96
2026-06-18,DGP,148.18,144.77,149.284,144.3,120782,17737584.0,3.4,-1.26,-1.84,0.0
2026-06-18,DGRE,42.0,42.27,42.77,42.0,7217,305036.0,1.88,3.24,1.326,0.0
2026-06-18,DGRO,75.39,74.82,75.4,74.754,1884127,141371129.0,0.86,-0.23,-0.17,0.0
2026-06-18,DGRS,57.58,57.996,58.09,57.58,37403,2163412.0,0.89,1.38,0.788,0.0
2026-06-18,DGRW,96.1,95.91,96.14,95.715,507414,48688825.0,0.45,0.57,0.54,0.0
2026-06-18,DGS,66.24,66.468,66.59,66.24,21692,1440931.0,0.54,1.62,1.058,0.0
2026-06-18,DGT,186.99,186.974,187.04,186.466,4086,763313.0,0.31,0.48,0.9,0.0
2026-06-18,DGX,196.69,195.0,197.435,192.83,1292236,251781638.0,2.33,-1.4,-2.76,1.17
2026-06-18,DGXX,6.8,6.75,6.95,6.35,6643526,44010407.0,8.97,0.9,0.06,7.35
2026-06-18,DGZ,6.54,5.81,6.54,5.51,13125,78173.0,15.92,-10.21,-0.661,0.0
2026-06-18,DH,0.805,0.76,0.82,0.76,437373,343293.0,7.59,-3.8,-0.03,0.41
2026-06-18,DHC,8.76,8.86,9.065,8.272,3369117,29872436.0,9.23,3.14,0.27,1.39
2026-06-18,DHCNI,18.18,18.495,18.585,18.18,20696,382378.0,2.23,2.01,0.365,0.0
2026-06-18,DHCNL,18.87,19.0,19.1,18.78,15198,287875.0,1.7,0.8,0.15,0.0
2026-06-18,DHDG,36.42,36.435,36.435,36.38,1402,51051.0,0.15,0.49,0.179,0.0
2026-06-18,DHF,2.42,2.4,2.425,2.4,252285,607316.0,1.04,0.0,0.0,0.0
2026-06-18,DHI,154.25,157.81,160.355,154.0,4364813,689029584.0,4.17,3.5,5.33,1.54
2026-06-18,DHLX,12.99,12.97,13.0,12.95,8895,115486.0,0.39,0.26,0.034,0.0
2026-06-18,DHR,175.55,177.17,178.51,174.216,7258518,1285759136.0,2.42,-0.33,-0.59,1.03
2026-06-18,DHS,112.15,111.67,112.15,111.41,16600,1854510.0,0.66,-0.07,-0.08,0.0
2026-06-18,DHSB,27.065,27.065,27.065,27.065,762,20700.0,0.0,0.11,0.029,0.0
2026-06-18,DHT,17.96,18.89,18.9,17.7,4726286,87746044.0,6.63,4.31,0.78,2.93
2026-06-18,DHX,3.896,3.8,3.896,3.55,253690,945824.0,9.28,1.88,0.07,0.59
2026-06-18,DHY,1.73,1.74,1.74,1.723,1173474,2035726.0,0.98,0.0,0.0,0.0
2026-06-18,DIA,518.43,515.52,519.52,515.43,7134373,3689456016.0,0.79,-0.15,-0.78,0.0
2026-06-18,DIAL,18.2,18.18,18.21,18.175,19828,360741.0,0.19,0.3,0.055,0.0
2026-06-18,DIBS,4.17,4.33,4.44,4.17,241017,1044679.0,6.47,3.84,0.16,0.68
2026-06-18,DIEM,45.19,45.59,45.67,45.19,12015,546616.0,1.09,3.39,1.494,0.0
2026-06-18,DIG,50.65,49.89,50.65,49.12,55722,2778362.0,2.96,-3.39,-1.75,0.0
2026-06-18,DIHP,34.53,34.49,34.63,34.415,863690,29801835.0,0.63,0.29,0.1,0.0
2026-06-18,DIM,87.57,87.483,87.72,87.391,3913,342912.0,0.38,-0.11,-0.096,0.0
2026-06-18,DIME,8.405,8.235,8.41,8.2,970,8048.0,2.47,-2.95,-0.25,0.0
2026-06-18,DIN,33.71,34.16,35.1,33.71,417807,14375292.0,4.15,2.09,0.7,3.29
2026-06-18,DINE,25.275,25.275,25.275,25.275,41,1040.0,0.0,0.44,0.11,0.0
2026-06-18,DINO,65.78,64.5,65.78,63.85,4607657,296854048.0,2.93,-2.14,-1.41,2.56
2026-06-18,DINT,29.285,29.225,29.3,29.225,2918,85411.0,0.26,0.34,0.1,0.0
2026-06-18,DIOD,113.25,119.46,123.5,113.25,1569262,188178974.0,9.42,9.8,10.66,3.42
2026-06-18,DIPR,25.89,26.456,26.456,25.89,1670,43334.0,2.12,-0.85,-0.227,0.0
2026-06-18,DIPS,39.385,38.82,39.385,38.77,6741,262699.0,1.52,-3.75,-1.511,0.0
2026-06-18,DIS,101.8,103.89,104.22,100.8,22943613,2373846672.0,3.39,3.0,3.03,1.32
2026-06-18,DISV,41.84,41.68,41.95,41.62,336919,14061745.0,0.79,-0.64,-0.27,0.0
2026-06-18,DIT,68.0,70.45,70.45,68.0,418,28841.0,3.51,0.82,0.57,0.04
2026-06-18,DIV,18.68,18.68,18.77,18.61,155297,2901901.0,0.86,0.05,0.01,0.0
2026-06-18,DIVB,61.38,60.88,61.38,60.83,87110,5324894.0,0.9,-0.21,-0.13,0.0
2026-06-18,DIVD,42.32,42.242,42.32,42.242,1970,83398.0,0.18,-0.69,-0.292,0.0
2026-06-18,DIVE,25.265,25.237,25.28,25.22,2494,63007.0,0.24,-0.29,-0.073,0.0
2026-06-18,DIVG,35.97,35.943,35.97,35.943,396,14271.0,0.07,-0.4,-0.146,0.0
2026-06-18,DIVI,43.79,43.73,43.82,43.617,164355,7185670.0,0.47,0.39,0.17,0.0
2026-06-18,DIVL,24.408,24.408,24.408,24.408,135,3325.0,0.0,-0.28,-0.069,0.0
2026-06-18,DIVN,29.31,29.13,29.31,29.042,6652,194062.0,0.92,-0.24,-0.07,0.0
2026-06-18,DIVO,46.37,45.87,46.49,45.845,1135273,52280244.0,1.4,-0.67,-0.31,0.0
2026-06-18,DIVP,26.6,26.534,26.6,26.52,3458,91796.0,0.3,-0.35,-0.092,0.0
2026-06-18,DIVS,32.73,32.76,32.76,32.73,314,10301.0,0.09,0.31,0.102,0.0
2026-06-18,DIVY,28.67,28.308,28.67,28.308,3535,100511.0,1.27,-1.0,-0.286,0.0
2026-06-18,DIVZ,37.43,37.27,37.46,37.2,12972,484640.0,0.7,-0.27,-0.102,0.0
2026-06-18,DJAN,45.45,45.495,45.56,45.41,14935,679358.0,0.33,0.45,0.205,0.0
2026-06-18,DJCO,540.14,529.04,543.63,510.58,35134,18639816.0,6.18,-1.13,-6.02,2.55
2026-06-18,DJD,63.13,62.71,63.145,62.675,49405,3103438.0,0.75,-0.48,-0.3,0.0
2026-06-18,DJIA,22.13,22.0,22.15,22.0,44374,977927.0,0.68,-0.18,-0.04,0.0
2026-06-18,DJP,44.9,45.01,45.09,44.55,46273,2077020.0,1.19,-0.4,-0.18,0.0
2026-06-18,DJT,8.07,8.49,8.56,7.995,6030428,50396280.0,6.98,4.81,0.39,2.18
2026-06-18,DJTU,1.08,1.185,1.2,1.055,1538032,1718802.0,13.43,9.72,0.105,0.0
2026-06-18,DJTWW,3.5,3.615,3.65,3.5,32367,115050.0,4.23,1.83,0.065,0.0
2026-06-18,DJUL,49.97,49.99,50.0,49.97,3242,162058.0,0.06,0.17,0.085,0.0
2026-06-18,DJUN,49.27,49.25,49.27,49.14,275669,13573035.0,0.26,0.11,0.055,0.0
2026-06-18,DK,41.7,41.47,42.34,41.257,2451951,102224900.0,2.56,-2.05,-0.87,4.0
2026-06-18,DKI,5.16,5.1,5.2,5.029,22583,115629.0,3.27,-2.39,-0.125,1.37
2026-06-18,DKL,49.17,50.41,50.41,47.46,953140,47861522.0,6.0,2.61,1.28,1.79
2026-06-18,DKNG,26.14,26.39,26.6,25.43,14980993,392488800.0,4.45,0.27,0.07,3.02
2026-06-18,DKNX,21.16,21.9,21.9,20.57,16631,360808.0,6.08,0.12,0.026,0.0
2026-06-18,DKS,228.9,232.96,234.78,226.96,1389816,323259072.0,3.48,3.62,8.13,2.11
2026-06-18,DLAG,32.99,32.976,32.99,32.976,344,11345.0,0.04,-0.07,-0.024,0.0
2026-06-18,DLB,51.25,52.33,52.385,50.73,2267761,118315117.0,3.23,2.15,1.1,3.76
2026-06-18,DLFE,31.68,31.685,31.685,31.595,31279,989000.0,0.29,0.51,0.162,0.0
2026-06-18,DLHC,5.51,5.44,5.51,5.44,14691,80441.0,1.27,-1.09,-0.06,0.1
2026-06-18,DLLL,201.49,181.884,205.87,180.82,283796,55888444.0,13.09,-4.99,-9.556,0.0
2026-06-18,DLMY,30.02,29.865,30.02,29.81,8901,265915.0,0.71,0.57,0.17,0.0
2026-06-18,DLN,96.86,96.2,96.86,96.105,95005,9153618.0,0.79,0.1,0.1,0.0
2026-06-18,DLNG,3.59,3.53,3.67,3.506,56472,200440.0,4.53,-2.49,-0.09,0.16
2026-06-18,DLNG_A,26.2,26.2,26.2,26.05,6839,178273.0,0.57,0.19,0.05,0.23
2026-06-18,DLNV,32.84,32.845,32.845,32.84,182,5978.0,0.02,-0.05,-0.015,0.0
2026-06-18,DLO,12.83,12.79,12.925,12.6,1815555,23213256.0,2.55,0.39,0.05,1.02
2026-06-18,DLPN,1.1,1.1,1.13,1.055,28408,31293.0,6.82,0.0,0.0,0.22
2026-06-18,DLR,188.95,188.15,191.41,187.38,5037345,949196128.0,2.15,0.57,1.07,1.43
2026-06-18,DLR_J,20.39,20.35,20.46,20.35,10574,215527.0,0.54,0.0,0.0,0.13
2026-06-18,DLR_K,22.46,22.6,22.66,22.46,4777,108066.0,0.89,0.31,0.07,0.06
2026-06-18,DLR_L,20.36,20.26,20.36,20.2,16848,342316.0,0.79,0.6,0.12,0.12
2026-06-18,DLS,86.53,86.24,86.58,86.13,17511,1512359.0,0.52,-0.25,-0.22,0.0
2026-06-18,DLTH,4.3,4.24,4.39,4.218,150857,645991.0,4.11,1.19,0.05,0.44
2026-06-18,DLTR,108.34,111.65,112.3,107.45,4434186,492957072.0,4.56,4.92,5.24,2.31
2026-06-18,DLUX,50.34,50.34,50.34,50.34,2,115.0,0.0,0.04,0.02,0.0
2026-06-18,DLX,23.6,22.94,24.31,22.68,1122647,26020454.0,6.96,-2.09,-0.49,2.45
2026-06-18,DLXY,0.452,0.385,0.47,0.36,237399,98194.0,23.4,-18.09,-0.085,3.31
2026-06-18,DLY,13.86,13.81,13.93,13.78,195384,2702187.0,1.08,-0.22,-0.03,0.4
2026-06-18,DMA,7.5,7.423,7.505,7.423,8857,66081.0,1.08,-2.59,-0.197,0.0
2026-06-18,DMAA,10.63,10.63,10.63,10.62,14773,156893.0,0.09,0.09,0.01,0.06
2026-06-18,DMAAR,0.082,0.1,0.1,0.082,8676,713.0,18.0,0.0,0.0,0.0
2026-06-18,DMAC,5.76,5.85,5.87,5.61,226740,1311231.0,4.54,2.09,0.12,0.42
2026-06-18,DMAR,44.8,44.665,44.8,44.6,5627,251290.0,0.45,0.31,0.14,0.0
2026-06-18,DMAX,27.28,27.3,27.32,27.28,29304,800088.0,0.15,0.15,0.041,0.0
2026-06-18,DMAY,47.04,47.115,47.14,47.015,4976,234377.0,0.27,0.52,0.245,0.0
2026-06-18,DMB,11.06,10.98,11.16,10.96,80974,892694.0,1.82,-0.13,-0.014,0.0
2026-06-18,DMBS,49.03,49.001,49.135,48.99,34261,1680460.0,0.3,0.23,0.111,0.0
2026-06-18,DMII,10.1,10.1,10.1,10.1,241,2434.0,0.0,0.0,0.0,0.0
2026-06-18,DMIIR,0.091,0.091,0.091,0.091,2,0.0,0.0,0.0,0.0,0.0
2026-06-18,DMLP,25.61,25.0,25.904,24.81,1143073,28707833.0,4.24,-3.21,-0.83,2.37
2026-06-18,DMO,10.74,10.67,10.74,10.65,29825,318867.0,0.85,0.19,0.02,0.0
2026-06-18,DMRA,21.71,21.23,22.36,21.04,1747141,37204514.0,6.16,-0.89,-0.19,2.84
2026-06-18,DMRC,9.62,9.58,9.8,9.27,304590,2906450.0,5.57,0.63,0.06,1.36
2026-06-18,DMX,50.3,50.19,50.3,50.19,12820,644180.0,0.22,0.11,0.055,0.0
2026-06-18,DMXF,85.16,85.15,85.35,84.95,72785,6194000.0,0.47,0.98,0.83,0.0
2026-06-18,DNA,8.66,9.17,9.21,8.66,1545900,13979188.0,6.43,7.25,0.62,2.9
2026-06-18,DNL,46.505,46.58,46.69,46.505,11292,526288.0,0.4,1.34,0.617,0.0
2026-06-18,DNLI,24.165,23.31,24.646,23.21,2518393,59306065.0,6.11,-0.77,-0.18,1.59
2026-06-18,DNMX,10.015,10.01,10.015,10.01,88668,887568.0,0.05,0.0,0.0,0.44
2026-06-18,DNMXW,0.29,0.328,0.34,0.28,82282,23995.0,18.18,-0.61,-0.002,0.0
2026-06-18,DNN,3.38,3.35,3.436,3.27,40490753,134875121.0,5.02,1.21,0.04,4.47
2026-06-18,DNNG,8.8,8.5,8.9,8.345,4052,34517.0,6.59,0.99,0.083,0.0
2026-06-18,DNOV,51.225,51.25,51.255,51.2,12605,645917.0,0.11,0.39,0.2,0.0
2026-06-18,DNOW,13.58,13.5,13.75,13.225,7293142,98134627.0,3.88,-0.15,-0.02,4.0
2026-06-18,DNP,10.72,10.69,10.795,10.69,540598,5810693.0,0.98,-0.28,-0.03,0.0
2026-06-18,DNTH,83.64,82.49,85.0,79.79,2478108,204052418.0,6.36,0.73,0.6,4.53
2026-06-18,DNUT,3.8,3.63,3.85,3.61,2008534,7489106.0,6.35,-3.97,-0.15,1.17
2026-06-18,DOC,19.67,19.56,19.73,19.435,11513705,225394394.0,1.52,0.82,0.16,1.67
2026-06-18,DOCK,26.588,26.588,26.588,26.588,106,2839.0,0.0,0.51,0.134,0.0
2026-06-18,DOCN,182.78,173.27,182.78,169.69,3908082,679816336.0,7.36,-2.55,-4.54,3.74
2026-06-18,DOCS,20.39,20.46,20.76,19.785,4484105,91721736.0,4.77,0.05,0.01,3.4
2026-06-18,DOCT,46.57,46.6,46.62,46.53,37528,1747074.0,0.19,0.43,0.2,0.0
2026-06-18,DOCU,42.04,43.47,43.91,41.368,9475165,409481808.0,5.97,2.09,0.89,4.96
2026-06-18,DOG,21.95,22.09,22.09,21.91,1869409,41181808.0,0.81,0.0,0.0,0.0
2026-06-18,DOGG,21.51,21.399,21.51,21.356,29687,635699.0,0.72,-0.05,-0.011,0.0
2026-06-18,DOGZ,1.16,1.18,1.2,1.09,43437,50644.0,9.73,4.42,0.05,0.8
2026-06-18,DOJE,7.85,7.68,7.85,7.605,12574,97242.0,3.1,-2.91,-0.23,0.0
2026-06-18,DOL,76.01,76.29,76.31,75.94,23472,1786758.0,0.49,1.17,0.88,0.0
2026-06-18,DOLE,14.06,14.0,14.22,13.96,1530066,21512061.0,1.85,-0.43,-0.06,1.61
2026-06-18,DOMH,3.22,3.37,3.45,3.15,366030,1217186.0,9.52,6.98,0.22,1.62
2026-06-18,DOMO,2.01,2.42,2.53,2.0,6136200,14393904.0,26.5,21.0,0.42,14.65
2026-06-18,DON,55.9,55.87,56.0,55.68,88658,4953750.0,0.58,0.49,0.27,0.0
2026-06-18,DOO,59.87,59.52,60.75,58.53,212600,9807370.0,3.7,-0.72,-0.43,0.55
2026-06-18,DORM,124.17,125.66,127.42,123.96,532100,66815456.0,2.81,2.35,2.89,1.78
2026-06-18,DOUG,1.77,1.72,1.78,1.72,539700,936275.0,3.76,-0.58,-0.01,0.59
2026-06-18,DOV,223.27,223.57,226.22,222.28,2560966,572716368.0,1.78,1.26,2.78,1.9
2026-06-18,DOW,32.6,31.73,32.6,31.37,17423547,553477952.0,3.78,-2.37,-0.77,2.42
2026-06-18,DOX,53.57,51.47,53.805,51.23,2693683,139568811.0,4.69,-6.33,-3.48,2.54
2026-06-18,DOYU,4.45,4.71,4.71,4.42,66836,304392.0,6.49,5.37,0.24,0.22
2026-06-18,DPG,14.2,14.1,14.2,14.06,67363,953116.0,0.99,-0.63,-0.09,0.0
2026-06-18,DPRE,26.03,25.947,26.12,25.947,20100,524055.0,0.68,2.38,0.603,0.0
2026-06-18,DPRO,5.97,5.79,6.025,5.605,1284800,7366579.0,7.29,0.52,0.03,3.52
2026-06-18,DPST,123.58,122.94,126.12,121.707,280740,34739902.0,3.67,2.24,2.69,0.0
2026-06-18,DPZ,312.83,312.47,320.85,311.01,2508150,785293872.0,3.13,-0.6,-1.89,7.54
2026-06-18,DQ,14.5,14.18,14.5,13.822,1793946,25329631.0,4.69,-1.94,-0.28,2.65
2026-06-18,DRAI,34.91,34.861,34.91,34.61,4966,172481.0,0.88,2.38,0.81,0.0
2026-06-18,DRAM,75.245,76.71,77.7,75.0,52595668,4028107584.0,3.86,9.66,6.76,0.0
2026-06-18,DRAY,17.13,17.152,17.25,16.72,5679,96821.0,3.05,-1.31,-0.228,0.0
2026-06-18,DRCT,2.81,2.85,2.93,2.81,14552,42039.0,4.08,-3.06,-0.09,1.97
2026-06-18,DRD,24.35,24.37,24.77,23.73,647654,15704194.0,4.25,-0.33,-0.08,0.75
2026-06-18,DRDB,10.525,10.52,10.525,10.515,52501,552313.0,0.1,-0.06,-0.006,0.23
2026-06-18,DRDBW,0.23,0.24,0.24,0.23,350,83.0,4.17,0.0,0.0,0.0
2026-06-18,DRES,30.95,30.81,30.95,30.77,1948,60100.0,0.59,0.93,0.284,0.0
2026-06-18,DRGN,38.01,38.0,38.05,37.88,8975,340637.0,0.47,4.4,1.6,0.0
2026-06-18,DRH,12.11,12.31,12.34,12.075,3392343,41624240.0,2.23,3.71,0.44,1.66
2026-06-18,DRI,215.0,213.45,219.38,212.43,1884946,404189616.0,3.29,1.0,2.12,1.65
2026-06-18,DRIO,6.95,6.93,7.11,6.91,9856,68399.0,2.81,-2.81,-0.2,0.13
2026-06-18,DRIP,5.44,5.5,5.62,5.44,44286361,245072508.0,3.37,3.0,0.16,0.0
2026-06-18,DRIV,39.73,40.117,40.305,39.51,49694,1982396.0,2.03,2.4,0.942,0.0
2026-06-18,DRKY,20.2,20.22,20.29,20.08,2097,42427.0,1.04,0.53,0.107,0.0
2026-06-18,DRLL,34.0,33.78,34.0,33.55,25007,842978.0,1.31,-1.77,-0.608,0.0
2026-06-18,DRMA,1.31,1.17,1.35,1.17,122992,150332.0,13.53,-12.03,-0.16,3.06
2026-06-18,DRMAW,0.01,0.013,0.013,0.01,402,5.0,23.08,0.0,0.0,0.0
2026-06-18,DRMP,31.31,32.089,32.51,31.31,16608,533017.0,4.01,7.21,2.157,0.0
2026-06-18,DRN,10.5,10.24,10.6,10.24,857921,8931114.0,3.48,-0.97,-0.1,0.0
2026-06-18,DRNL,9.39,9.604,9.604,8.84,9354,85663.0,8.19,2.97,0.277,0.0
2026-06-18,DRNZ,24.14,23.74,24.14,23.34,124572,2932522.0,3.33,-1.12,-0.27,0.0
2026-06-18,DRS,47.05,46.08,47.24,44.88,1440018,66076164.0,5.07,-1.07,-0.5,0.54
2026-06-18,DRSK,29.03,29.09,29.13,29.03,124823,3631078.0,0.34,0.31,0.09,0.0
2026-06-18,DRTS,9.8,9.78,10.2,9.45,574439,5624261.0,7.8,1.77,0.17,0.64
2026-06-18,DRTSW,2.14,1.96,2.14,1.81,16859,32447.0,16.71,-0.76,-0.015,0.0
2026-06-18,DRUG,61.22,60.66,62.55,59.0,239405,14382446.0,5.96,1.92,1.14,2.44
2026-06-18,DRUP,60.7,60.531,60.7,59.77,1480,89283.0,1.54,0.28,0.171,0.0
2026-06-18,DRV,19.34,20.08,20.1,19.34,91823,1812888.0,3.81,0.7,0.14,0.0
2026-06-18,DRVN,12.76,12.68,12.821,12.61,1024613,13004381.0,1.68,1.04,0.13,0.62
2026-06-18,DSAC,10.05,10.05,10.05,10.045,3315,33315.0,0.05,0.1,0.01,0.01
2026-06-18,DSCO,24.83,24.82,24.85,24.8,288916,7176519.0,0.2,-0.14,-0.035,0.0
2026-06-18,DSEP,47.32,47.365,47.38,47.32,12410,587583.0,0.13,0.48,0.225,0.0
2026-06-18,DSGN,12.18,12.44,12.68,11.93,1036689,12761132.0,6.29,4.27,0.51,1.66
2026-06-18,DSGR,27.4,28.61,28.69,27.4,106959,3025271.0,4.71,4.45,1.22,0.23
2026-06-18,DSGX,69.78,67.33,69.96,67.3,557894,37914110.0,3.78,-4.28,-3.01,0.65
2026-06-18,DSI,141.89,141.8,142.01,141.17,147890,20955114.0,0.6,1.09,1.53,0.0
2026-06-18,DSL,10.76,10.8,10.84,10.752,604640,6531741.0,0.81,-0.09,-0.01,0.0
2026-06-18,DSM,6.13,6.13,6.17,6.115,93369,573626.0,0.9,0.33,0.02,0.0
2026-06-18,DSMC,39.48,39.58,39.62,39.45,4251,168153.0,0.43,0.1,0.04,0.0
2026-06-18,DSP,10.99,11.24,11.27,10.68,447223,4980256.0,5.38,2.46,0.27,2.23
2026-06-18,DSPY,65.71,65.502,65.71,65.34,5478,358588.0,0.57,0.97,0.631,0.0
2026-06-18,DSS,0.55,0.535,0.61,0.535,197785,111913.0,13.44,-4.12,-0.023,1.97
2026-06-18,DSTL,58.83,58.6,58.83,58.49,87229,5111841.0,0.58,-0.07,-0.04,0.0
2026-06-18,DSTX,33.56,33.578,33.578,33.56,196,6608.0,0.05,-0.34,-0.114,0.0
2026-06-18,DSU,9.66,9.7,9.71,9.655,314972,3049243.0,0.57,0.83,0.08,0.0
2026-06-18,DSWL,3.61,3.706,3.739,3.61,18412,67556.0,3.68,5.58,0.196,0.12
2026-06-18,DSX,2.16,2.1,2.205,2.075,1734962,3684911.0,5.99,-3.23,-0.07,1.39
2026-06-18,DSX_B,27.0,27.13,27.13,26.86,624,16850.0,1.0,0.11,0.031,0.02
2026-06-18,DSX_WS,0.2,0.23,0.3,0.19,57858,14497.0,47.83,0.0,0.0,0.0
2026-06-18,DSY,4.14,3.99,4.54,3.75,100783,411041.0,17.1,-13.64,-0.63,8.05
2026-06-18,DSYWW,0.03,0.03,0.03,0.024,7187,207.0,20.0,0.0,0.0,0.0
2026-06-18,DT,41.23,41.42,41.715,40.76,10689312,442361360.0,2.32,0.41,0.17,3.67
2026-06-18,DTAN,31.9,31.93,31.97,31.9,620,19799.0,0.22,-0.22,-0.072,0.0
2026-06-18,DTB,16.95,17.01,17.08,16.94,14221,241697.0,0.82,-0.23,-0.04,0.0
2026-06-18,DTCR,32.02,31.92,32.34,31.86,5711855,183469713.0,1.53,1.85,0.58,0.0
2026-06-18,DTCX,2.05,2.04,2.1,1.99,291267,596077.0,5.34,-0.97,-0.02,0.75
2026-06-18,DTD,93.49,92.91,93.49,92.77,10409,968486.0,0.78,0.19,0.18,0.0
2026-06-18,DTE,147.92,147.56,148.92,146.49,2920553,430981200.0,1.65,0.25,0.37,1.4
2026-06-18,DTEC,46.56,47.08,47.08,46.34,4312,201844.0,1.58,0.84,0.39,0.0
2026-06-18,DTF,11.43,11.44,11.46,11.43,566,6483.0,0.26,-0.09,-0.01,0.0
2026-06-18,DTG,16.94,16.92,17.0,16.9,38260,647772.0,0.59,0.0,0.0,0.0
2026-06-18,DTH,55.93,55.825,55.935,55.781,27210,1519982.0,0.27,-0.33,-0.187,0.0
2026-06-18,DTI,2.43,2.26,2.48,2.23,422444,960913.0,10.46,-5.44,-0.13,1.2
2026-06-18,DTIL,6.63,6.81,6.98,6.515,431066,2908915.0,7.15,4.77,0.31,1.67
2026-06-18,DTK,23.99,23.92,23.99,23.86,51848,1240893.0,0.54,-0.13,-0.03,0.0
2026-06-18,DTM,141.12,143.3,143.52,139.86,1704801,243670366.0,2.6,1.7,2.39,1.67
2026-06-18,DTRE,41.668,41.668,41.668,41.668,6,284.0,0.0,-0.42,-0.174,0.0
2026-06-18,DTSQ,11.24,11.33,11.33,11.24,814,9163.0,0.79,-0.09,-0.01,0.02
2026-06-18,DTSQR,0.09,0.09,0.09,0.09,447,45.0,0.0,0.0,0.0,0.0
2026-06-18,DTSQU,11.27,11.27,11.27,11.27,21,248.0,0.0,0.0,0.0,0.0
2026-06-18,DTSS,0.77,0.76,0.775,0.727,47998,35698.0,6.19,-1.94,-0.015,0.74
2026-06-18,DTST,3.56,3.27,3.56,3.27,45984,154051.0,8.17,-7.89,-0.28,2.12
2026-06-18,DTW,21.11,21.05,21.11,20.97,14299,301388.0,0.66,-0.28,-0.06,0.0
2026-06-18,DUBS,41.68,41.814,41.84,41.64,17604,734673.0,0.48,1.07,0.444,0.0
2026-06-18,DUG,20.95,21.28,21.65,20.95,106403,2273519.0,3.4,3.4,0.7,0.0
2026-06-18,DUHP,41.46,41.35,41.47,41.27,919480,38040809.0,0.49,0.98,0.4,0.0
2026-06-18,DUK,123.0,123.86,125.25,122.83,8866455,1097558096.0,1.96,0.11,0.13,1.14
2026-06-18,DUKB,23.6,23.57,23.68,23.51,29352,693006.0,0.72,0.08,0.02,0.0
2026-06-18,DUKH,24.05,24.025,24.06,23.99,4054,97495.0,0.29,0.25,0.06,0.0
2026-06-18,DUKQ,31.475,31.555,31.555,31.475,230,7246.0,0.26,1.5,0.465,0.0
2026-06-18,DUKR,6.33,6.91,6.989,6.33,67306,461026.0,10.33,8.31,0.53,1.97
2026-06-18,DUKRW,1.25,1.3,1.4,1.25,5885,7684.0,12.0,4.0,0.05,0.0
2026-06-18,DUKX,29.05,29.073,29.073,29.05,205,5978.0,0.08,1.42,0.406,0.0
2026-06-18,DUKZ,25.72,25.71,25.74,25.65,18966,487648.0,0.35,0.31,0.08,0.0
2026-06-18,DUK_A,24.84,24.82,24.86,24.76,47563,1180230.0,0.4,0.08,0.02,0.12
2026-06-18,DULL,65.33,67.03,67.175,64.84,24365,1609661.0,3.54,1.54,1.017,0.0
2026-06-18,DUNK,24.4,24.48,24.5,24.19,25461,621152.0,1.28,1.28,0.31,0.0
2026-06-18,DUO,0.85,0.86,0.86,0.821,36913,30995.0,4.48,-1.15,-0.01,0.1
2026-06-18,DUOG,45.7,47.007,47.89,44.7,18723,873190.0,7.01,3.24,1.476,0.0
2026-06-18,DUOL,123.7,125.56,126.66,121.102,1663991,208447539.0,4.5,1.76,2.17,4.14
2026-06-18,DUOT,12.16,13.15,13.4,12.0,1359407,17654958.0,11.48,7.79,0.95,4.33
2026-06-18,DURA,37.71,37.33,37.71,37.31,2518,94217.0,1.07,-0.21,-0.08,0.0
2026-06-18,DUSA,56.24,55.86,56.24,55.745,88248,4929838.0,0.89,0.04,0.02,0.0
2026-06-18,DUSB,50.86,50.85,50.88,50.85,205586,10454284.0,0.06,0.0,0.0,0.0
2026-06-18,DUSG,51.22,51.576,51.576,51.22,101,5173.0,0.7,1.42,0.721,0.0
2026-06-18,DUSL,100.0,97.6,100.22,96.86,12287,1212880.0,3.52,2.19,2.09,0.0
2026-06-18,DUST,51.1,54.04,55.3,49.05,1476030,77945937.0,12.09,4.55,2.35,0.0
2026-06-18,DUTY,25.345,25.215,25.345,24.935,10025,251533.0,1.6,-1.61,-0.413,0.0
2026-06-18,DV,10.31,10.33,10.485,10.18,4044755,41796197.0,2.94,-0.39,-0.04,2.64
2026-06-18,DVA,211.99,207.91,213.07,206.85,1388960,289458912.0,2.95,-1.27,-2.67,2.16
2026-06-18,DVAL,15.74,15.505,15.74,15.5,14483,225199.0,1.55,-0.14,-0.021,0.0
2026-06-18,DVDN,16.35,16.296,16.35,16.296,716,11707.0,0.33,-0.02,-0.004,0.0
2026-06-18,DVGR,26.463,26.463,26.463,26.463,141,3753.0,0.0,0.42,0.11,0.0
2026-06-18,DVIN,30.561,30.561,30.561,30.561,1,31.0,0.0,0.84,0.254,0.0
2026-06-18,DVLT,0.413,0.407,0.419,0.398,26694618,10835264.0,5.21,0.99,0.004,3.12
2026-06-18,DVLU,39.53,38.996,39.53,38.996,1201,47134.0,1.36,-0.82,-0.323,0.0
2026-06-18,DVN,42.15,42.12,42.32,41.52,37586360,1581030032.0,1.88,-1.08,-0.46,3.26
2026-06-18,DVND,38.521,38.521,38.521,38.521,55,2145.0,0.0,0.59,0.226,0.0
2026-06-18,DVOL,36.25,36.181,36.25,36.076,3362,121619.0,0.48,-0.21,-0.076,0.0
2026-06-18,DVQQ,32.119,32.119,32.119,32.119,72,2319.0,0.0,1.98,0.624,0.0
2026-06-18,DVRE,23.974,23.974,23.974,23.974,1,24.0,0.0,-4.2,-1.051,0.0
2026-06-18,DVSP,28.88,28.945,28.945,28.88,1550,44764.0,0.23,1.38,0.393,0.0
2026-06-18,DVUT,26.612,26.612,26.612,26.612,3,80.0,0.0,0.86,0.227,0.0
2026-06-18,DVVY,26.55,26.55,26.55,26.55,6,161.0,0.0,0.04,0.011,0.0
2026-06-18,DVXC,23.874,23.874,23.874,23.874,1,24.0,0.0,-3.78,-0.939,0.0
2026-06-18,DVXE,34.7,34.98,34.98,34.7,621,21607.0,0.78,-1.99,-0.712,0.0
2026-06-18,DVXF,24.926,24.926,24.926,24.926,3,76.0,0.0,-2.59,-0.664,0.0
2026-06-18,DVXK,38.17,38.192,38.192,38.17,818,31222.0,0.06,2.53,0.941,0.0
2026-06-18,DVXP,25.07,25.002,25.07,25.002,154,3861.0,0.27,-0.47,-0.119,0.0
2026-06-18,DVXV,29.811,29.811,29.811,29.811,28,838.0,0.0,-0.84,-0.253,0.0
2026-06-18,DVXY,22.94,22.94,22.94,22.94,1,23.0,0.0,-1.33,-0.309,0.0
2026-06-18,DVY,154.2,153.3,154.2,153.0,559335,85878815.0,0.78,-0.26,-0.4,0.0
2026-06-18,DVYA,48.6,48.172,48.6,48.172,4355,210516.0,0.89,-0.26,-0.124,0.0
2026-06-18,DVYE,33.15,33.11,33.23,33.04,226827,7514668.0,0.57,-0.18,-0.06,0.0
2026-06-18,DWAS,121.42,120.948,121.42,119.468,11649,1404515.0,1.65,1.94,2.302,0.0
2026-06-18,DWAW,51.47,51.468,51.49,51.468,364,18760.0,0.04,1.32,0.67,0.0
2026-06-18,DWLD,47.25,46.609,47.25,46.36,29358,1367802.0,1.9,-0.28,-0.131,0.0
2026-06-18,DWM,74.72,74.678,74.765,74.53,4266,318576.0,0.31,0.0,-0.002,0.0
2026-06-18,DWMF,34.94,34.967,35.03,34.93,2659,92979.0,0.29,0.32,0.112,0.0
2026-06-18,DWSH,6.55,6.54,6.55,6.52,9400,61385.0,0.46,-0.15,-0.01,0.0
2026-06-18,DWSN,4.67,4.29,4.67,4.236,59907,263019.0,9.19,-9.11,-0.43,0.19
2026-06-18,DWTX,1.49,1.55,1.56,1.42,74860,109013.0,9.4,4.03,0.06,0.22
2026-06-18,DWUS,62.905,63.404,63.404,62.905,437,27522.0,0.81,2.83,1.742,0.0
2026-06-18,DWWN,26.622,26.622,26.622,26.622,3,80.0,0.0,2.16,0.564,0.0
2026-06-18,DWX,46.65,46.542,46.65,46.501,8917,415280.0,0.32,-0.24,-0.114,0.0
2026-06-18,DX,13.12,13.06,13.17,13.01,7188465,94080457.0,1.23,0.08,0.01,3.34
2026-06-18,DXC,8.58,8.6,8.79,8.51,7182954,61878657.0,3.12,-4.12,-0.37,4.43
2026-06-18,DXCM,72.61,72.47,73.69,71.6,8572121,621971504.0,2.93,1.74,1.24,2.22
2026-06-18,DXD,17.58,17.79,17.8,17.54,755587,13379359.0,1.46,-0.22,-0.04,0.0
2026-06-18,DXF,0.625,0.62,0.643,0.592,517442,317105.0,8.82,7.27,0.042,9.9
2026-06-18,DXIV,72.04,71.675,72.04,71.64,7305,524588.0,0.56,-0.17,-0.125,0.0
2026-06-18,DXJ,178.55,178.51,178.86,178.01,383431,68447788.0,0.48,1.5,2.63,0.0
2026-06-18,DXLG,0.681,0.7,0.74,0.681,59879,42058.0,8.35,-0.99,-0.007,0.11
2026-06-18,DXPE,169.28,173.69,175.12,168.51,267056,46248005.0,4.01,5.35,8.82,1.72
2026-06-18,DXR,9.39,9.75,9.75,9.367,3569,34239.0,4.07,3.7,0.348,0.06
2026-06-18,DXST,2.93,2.68,2.99,2.68,75335,211948.0,11.19,-3.25,-0.09,4.66
2026-06-18,DXUV,66.21,66.29,66.32,65.951,15121,1001121.0,0.56,1.01,0.66,0.0
2026-06-18,DXYZ,28.67,27.8,28.95,26.8,2962914,81303936.0,7.47,-3.44,-0.99,20.54
2026-06-18,DX_C,25.96,25.86,25.96,25.82,16810,434977.0,0.54,-0.12,-0.03,0.38
2026-06-18,DY,465.62,456.65,475.197,444.0,792240,360675744.0,6.76,-1.03,-4.73,2.64
2026-06-18,DYAI,0.85,0.782,0.89,0.782,217456,177284.0,12.72,-7.89,-0.067,0.6
2026-06-18,DYFI,22.82,22.81,22.82,22.79,3532,80529.0,0.13,0.2,0.045,0.0
2026-06-18,DYLD,22.5,22.495,22.5,22.495,490,11031.0,0.02,0.11,0.025,0.0
2026-06-18,DYLG,27.679,27.666,27.7,27.6,9093,251570.0,0.36,0.06,0.017,0.0
2026-06-18,DYN,20.0,19.8,20.485,19.14,5111971,100527460.0,7.01,3.13,0.6,3.09
2026-06-18,DYNB,39.385,39.35,39.42,39.35,4955,195259.0,0.18,0.21,0.081,0.0
2026-06-18,DYNC,10.79,10.8,10.81,10.79,10404,112381.0,0.19,-0.09,-0.01,0.06
2026-06-18,DYNCW,0.16,0.16,0.16,0.16,200,32.0,0.0,-0.62,-0.001,0.0
2026-06-18,DYNF,67.96,67.72,67.96,67.525,2678506,181382587.0,0.65,1.06,0.71,0.0
2026-06-18,DYOR,10.05,10.05,10.075,10.05,2812,28308.0,0.25,0.0,0.0,0.02
2026-06-18,DYTA,31.61,31.691,31.72,31.61,15949,505411.0,0.35,1.05,0.33,0.0
2026-06-18,DZZ,1.845,1.8,1.9,1.8,7540,13960.0,5.35,-3.74,-0.07,0.0
2026-06-18,E,49.01,48.95,49.01,48.25,713332,34814655.0,1.53,-1.59,-0.79,0.05
2026-06-18,EA,202.72,202.15,203.5,201.8,5918900,1198346704.0,0.84,-0.43,-0.87,2.36
2026-06-18,EAD,6.43,6.4,6.445,6.39,313444,2012114.0,0.86,0.16,0.01,0.0
2026-06-18,EAF,7.84,7.71,8.17,7.5,851641,6564014.0,8.77,0.92,0.07,3.27
2026-06-18,EAFG,26.743,26.743,26.743,26.743,24,641.0,0.0,1.31,0.347,0.0
2026-06-18,EAGG,47.41,47.35,47.46,47.345,206971,9810093.0,0.24,0.28,0.13,0.0
2026-06-18,EAGL,31.79,31.76,31.99,31.67,227250,7235948.0,1.0,-0.53,-0.17,0.0
2026-06-18,EAI,20.08,20.09,20.102,20.02,10028,201311.0,0.41,0.05,0.01,0.0
2026-06-18,EALT,35.755,35.755,35.79,35.72,26110,934198.0,0.2,0.06,0.023,0.0
2026-06-18,EAOA,45.4,45.485,45.485,45.4,2381,108130.0,0.19,1.11,0.501,0.0
2026-06-18,EAOK,28.351,28.351,28.351,28.351,24,695.0,0.0,0.58,0.163,0.0
2026-06-18,EAOM,31.39,31.468,31.468,31.39,335,10553.0,0.25,0.7,0.219,0.0
2026-06-18,EAOR,37.97,37.939,37.97,37.939,522,19838.0,0.08,0.91,0.341,0.0
2026-06-18,EAPR,33.199,33.232,33.27,33.199,4199,139510.0,0.22,1.22,0.401,0.0
2026-06-18,EARN,4.35,4.39,4.45,4.35,312634,1377125.0,2.29,0.69,0.03,0.83
2026-06-18,EART,32.08,31.72,32.08,31.55,16200,514733.0,1.66,-0.65,-0.21,0.0
2026-06-18,EASG,38.39,38.395,38.395,38.3,957,36755.0,0.25,-0.94,-0.365,0.0
2026-06-18,EASY,26.46,26.153,26.46,26.13,2081,54525.0,1.24,-1.67,-0.443,0.0
2026-06-18,EAT,161.01,164.89,166.48,161.0,1002264,165020570.0,3.45,3.84,6.09,2.34
2026-06-18,EBAY,108.93,108.24,109.91,107.15,8064200,874199424.0,2.56,0.32,0.35,1.82
2026-06-18,EBC,20.27,20.6,20.71,20.27,37966100,781420736.0,2.18,2.23,0.45,16.43
2026-06-18,EBF,20.19,20.33,20.43,20.115,319825,6495297.0,1.57,1.4,0.28,1.26
2026-06-18,EBI,64.86,64.885,64.885,64.81,3125,202684.0,0.12,1.05,0.675,0.0
2026-06-18,EBIT,38.88,38.972,39.02,38.88,713,27762.0,0.36,1.28,0.494,0.0
2026-06-18,EBIZ,27.41,27.494,27.52,26.995,4128,112908.0,1.93,0.82,0.224,0.0
2026-06-18,EBMT,23.1,22.91,23.5,22.76,107871,2476334.0,3.24,0.31,0.07,1.35
2026-06-18,EBND,21.01,20.97,21.015,20.935,341727,7171159.0,0.38,-0.19,-0.04,0.0
2026-06-18,EBON,2.4,2.54,2.54,2.334,13009,31564.0,8.55,5.39,0.13,0.26
2026-06-18,EBS,8.22,8.0,8.32,7.895,2229025,17862423.0,5.22,-1.72,-0.14,4.32
2026-06-18,EBUF,31.72,31.718,31.74,31.69,10408,330275.0,0.16,0.22,0.07,0.0
2026-06-18,EC,15.47,16.58,16.76,15.28,5612696,91431093.0,9.44,5.81,0.91,0.27
2026-06-18,ECAT,15.44,15.46,15.53,15.28,339107,5236787.0,1.64,1.24,0.19,0.0
2026-06-18,ECBK,19.41,20.31,20.5,19.265,46835,936983.0,6.47,6.39,1.22,0.54
2026-06-18,ECC,3.62,3.66,3.69,3.56,1097508,3989354.0,3.6,1.39,0.05,7.94
2026-06-18,ECCC,24.89,24.99,24.99,24.87,3957,98771.0,0.48,0.56,0.14,0.21
2026-06-18,ECCU,25.101,24.998,25.101,24.998,6701,167720.0,0.41,-0.56,-0.142,0.0
2026-06-18,ECCV,23.75,23.77,23.77,23.75,332,7910.0,0.08,0.08,0.02,0.0
2026-06-18,ECC_D,18.47,18.56,18.7,18.47,10804,200378.0,1.25,0.62,0.115,0.26
2026-06-18,ECF,13.36,13.27,13.36,13.17,24883,330368.0,1.46,2.23,0.29,0.0
2026-06-18,ECF_A,20.51,20.55,20.655,20.31,4438,90712.0,1.67,-0.54,-0.112,0.4
2026-06-18,ECG,159.36,157.71,161.0,153.1,768439,120850287.0,5.12,2.24,3.46,1.51
2026-06-18,ECH,40.96,40.66,41.16,40.53,1277940,52166518.0,1.54,-0.85,-0.35,0.0
2026-06-18,ECL,270.58,269.12,275.44,268.865,3332824,900051008.0,2.44,0.02,0.06,1.18
2026-06-18,ECML,38.23,38.226,38.23,38.22,6335,242212.0,0.03,0.28,0.107,0.0
2026-06-18,ECNS,29.67,29.548,29.77,29.54,10709,317096.0,0.77,-0.55,-0.162,0.0
2026-06-18,ECO,50.0,52.48,52.64,48.76,474266,24388605.0,7.6,2.84,1.45,1.21
2026-06-18,ECON,37.64,37.74,37.822,37.61,16123,607355.0,0.58,3.38,1.235,0.0
2026-06-18,ECOR,8.74,8.425,8.84,7.85,135550,1117974.0,11.39,-3.11,-0.27,1.63
2026-06-18,ECOW,26.97,27.004,27.06,26.95,16348,441391.0,0.41,1.2,0.319,0.0
2026-06-18,ECPG,83.36,83.05,83.705,82.33,440821,36634240.0,1.66,0.5,0.41,2.06
2026-06-18,ECVT,12.94,12.82,12.94,12.515,2527080,32293690.0,3.3,-0.47,-0.06,2.31
2026-06-18,ECX,1.13,1.06,1.15,1.055,3780333,4049584.0,8.41,-6.19,-0.07,1.13
2026-06-18,ECXWW,0.04,0.056,0.056,0.04,1042,44.0,30.77,7.69,0.004,0.0
2026-06-18,ED,106.63,106.36,107.845,105.69,6554973,697598496.0,2.01,-0.64,-0.68,1.78
2026-06-18,EDBL,0.21,0.218,0.223,0.202,646056,136431.0,10.19,5.83,0.012,11.81
2026-06-18,EDBLW,0.042,0.04,0.042,0.04,500,21.0,4.76,-4.76,-0.002,0.0
2026-06-18,EDC,98.03,100.38,101.0,97.74,185950,18580542.0,3.56,9.47,8.68,0.0
2026-06-18,EDD,5.69,5.67,5.71,5.63,290413,1647047.0,1.42,0.53,0.03,0.0
2026-06-18,EDEN,106.37,106.54,106.54,105.57,3862,410354.0,0.9,-0.68,-0.73,0.0
2026-06-18,EDF,5.57,5.66,5.66,5.53,182239,1024524.0,2.36,2.91,0.16,0.0
2026-06-18,EDGE,49.54,49.748,49.748,49.54,3653,181150.0,0.42,1.22,0.602,0.0
2026-06-18,EDGF,24.831,24.83,24.86,24.83,103246,2565524.0,0.12,0.05,0.013,0.0
2026-06-18,EDGH,32.56,32.52,32.56,32.43,21192,688148.0,0.4,-0.46,-0.15,0.0
2026-06-18,EDGI,31.59,31.629,31.67,31.57,56866,1798194.0,0.32,1.05,0.329,0.0
2026-06-18,EDGQ,28.595,28.89,28.93,28.595,23957,690661.0,1.19,2.67,0.75,0.0
2026-06-18,EDGU,31.79,31.9,31.91,31.76,42492,1354940.0,0.48,1.49,0.468,0.0
2026-06-18,EDGX,26.66,26.85,27.78,26.66,21128,567195.0,4.22,1.29,0.341,0.0
2026-06-18,EDHL,5.65,5.58,5.678,5.0,30772,167383.0,11.55,-4.94,-0.29,1.85
2026-06-18,EDIT,2.63,2.69,2.705,2.565,3286390,8701665.0,5.49,5.49,0.14,2.14
2026-06-18,EDIV,41.99,41.63,41.99,41.63,124355,5198017.0,0.87,0.14,0.06,0.0
2026-06-18,EDN,27.93,27.86,28.4,27.26,69002,1921063.0,4.16,1.68,0.46,0.34
2026-06-18,EDOG,24.06,23.963,24.06,23.963,985,23666.0,0.39,-2.63,-0.648,0.0
2026-06-18,EDOW,43.93,43.752,43.93,43.67,19149,837803.0,0.6,0.18,0.077,0.0
2026-06-18,EDRY,24.14,23.1,25.0,22.84,31866,754170.0,8.91,-4.74,-1.15,1.11
2026-06-18,EDSA,6.94,7.35,7.6,6.56,258618,1859596.0,15.12,6.83,0.47,2.91
2026-06-18,EDTK,0.99,0.96,0.99,0.96,600,659.0,3.19,-1.08,-0.01,0.0
2026-06-18,EDU,45.18,45.02,45.35,44.86,252938,11398983.0,1.07,-1.6,-0.73,0.16
2026-06-18,EDUC,1.49,1.49,1.65,1.44,82823,126040.0,14.48,2.76,0.04,0.97
2026-06-18,EDV,66.01,65.6,66.15,65.47,1245274,81826703.0,1.04,0.74,0.48,0.0
2026-06-18,EDZ,13.9,13.56,13.945,13.45,167203,2274846.0,3.3,-9.48,-1.42,0.0
2026-06-18,EE,34.51,34.56,34.97,33.98,673477,23281656.0,2.87,0.35,0.12,2.12
2026-06-18,EEA,11.0,10.86,11.12,10.85,62531,683691.0,2.51,0.84,0.09,0.0
2026-06-18,EEE,20.12,20.071,20.12,20.071,127,2558.0,0.25,0.57,0.114,0.0
2026-06-18,EEFT,67.08,65.84,67.08,65.32,1794309,118748776.0,2.63,-1.78,-1.19,4.71
2026-06-18,EEIQ,3.26,3.45,3.7,3.23,51804,180398.0,14.07,3.29,0.11,3.15
2026-06-18,EELV,28.99,28.72,28.99,28.7,98847,2843743.0,1.01,-0.19,-0.056,0.0
2026-06-18,EEM,70.18,70.79,70.92,70.15,49998097,3533645504.0,1.12,3.25,2.23,0.0
2026-06-18,EEMA,120.03,120.59,120.91,119.98,79550,9575035.0,0.79,2.88,3.38,0.0
2026-06-18,EEMO,25.31,25.646,25.72,25.31,20058,513073.0,1.69,5.58,1.356,0.0
2026-06-18,EEMS,77.89,77.982,78.11,77.82,28120,2192636.0,0.38,2.03,1.548,0.0
2026-06-18,EEMV,76.61,76.66,76.86,76.35,291052,22315387.0,0.68,2.08,1.56,0.0
2026-06-18,EEMX,55.567,55.987,56.06,55.45,5383,300147.0,1.12,3.22,1.749,0.0
2026-06-18,EES,65.28,65.62,65.78,65.2,9275,607763.0,0.89,1.2,0.775,0.0
2026-06-18,EET,125.0,126.993,127.13,125.0,3828,482535.0,1.79,6.59,7.849,0.0
2026-06-18,EETH,21.42,20.865,21.42,20.511,15374,321547.0,4.28,-1.72,-0.365,0.0
2026-06-18,EEV,10.38,10.235,10.43,10.205,12067,124406.0,2.06,-6.44,-0.705,0.0
2026-06-18,EEX,5.04,5.02,5.04,5.02,78110,392622.0,0.4,0.0,0.0,0.04
2026-06-18,EFA,104.58,104.41,104.66,104.18,15466272,1615336128.0,0.46,0.61,0.63,0.0
2026-06-18,EFAA,56.14,56.2,56.2,55.95,47635,2670507.0,0.45,0.54,0.3,0.0
2026-06-18,EFAD,42.85,42.87,42.95,42.85,2878,123436.0,0.23,0.72,0.305,0.0
2026-06-18,EFAS,21.51,21.47,21.56,21.37,15974,342920.0,0.88,-0.88,-0.19,0.0
2026-06-18,EFAV,87.9,87.38,87.9,87.22,452882,39616450.0,0.78,-0.26,-0.23,0.0
2026-06-18,EFAX,54.54,54.444,54.59,54.33,13403,730258.0,0.48,0.73,0.394,0.0
2026-06-18,EFC,13.49,13.44,13.499,13.345,2512117,33720988.0,1.15,0.15,0.02,2.0
2026-06-18,EFC_B,24.845,24.78,24.875,24.71,2200,54513.0,0.67,0.12,0.03,0.05
2026-06-18,EFC_C,25.57,25.57,25.57,25.57,85,2187.0,0.0,0.0,0.0,0.0
2026-06-18,EFC_D,22.65,22.81,22.81,22.61,1457,33037.0,0.86,-2.06,-0.48,0.38
2026-06-18,EFFE,28.849,28.849,28.849,28.849,7,215.0,0.0,1.97,0.556,0.0
2026-06-18,EFFI,25.405,25.405,25.405,25.405,39,1007.0,0.0,0.2,0.051,0.0
2026-06-18,EFG,125.09,125.1,125.28,124.64,927503,115948262.0,0.52,1.34,1.65,0.0
2026-06-18,EFIV,73.04,72.97,73.08,72.75,28131,2054198.0,0.46,1.16,0.84,0.0
2026-06-18,EFNL,54.01,53.688,54.01,53.432,120504,6478498.0,1.07,-0.75,-0.406,0.0
2026-06-18,EFO,74.37,74.333,74.669,73.93,2383,176956.0,1.01,1.4,1.029,0.0
2026-06-18,EFOI,2.99,3.13,3.167,2.88,36762,113468.0,9.83,7.19,0.21,0.58
2026-06-18,EFOR,20.185,19.08,20.185,18.746,1859511,35580537.0,7.17,-4.89,-0.98,4.54
2026-06-18,EFR,10.5,10.51,10.53,10.46,117130,1229686.0,0.67,0.1,0.01,0.0
2026-06-18,EFRA,34.911,34.911,34.911,34.911,62,2205.0,0.0,0.9,0.312,0.0
2026-06-18,EFSC,62.63,62.11,63.12,61.84,862876,53672812.0,2.07,0.23,0.14,2.36
2026-06-18,EFSCP,20.02,20.02,20.02,20.02,915,18328.0,0.0,0.0,0.0,0.03
2026-06-18,EFSI,41.75,41.74,42.25,41.21,55280,2307153.0,2.52,1.29,0.53,1.02
2026-06-18,EFT,10.75,10.68,10.75,10.66,69017,737758.0,0.84,0.0,0.0,0.0
2026-06-18,EFU,7.28,7.295,7.295,7.28,2227,16199.0,0.2,-1.22,-0.09,0.0
2026-06-18,EFV,77.17,76.64,77.17,76.61,3915543,300734112.0,0.73,-0.18,-0.14,0.0
2026-06-18,EFX,154.24,153.93,156.43,152.95,4758783,733878000.0,2.25,-0.59,-0.91,4.0
2026-06-18,EFXT,23.5,24.15,24.18,23.04,669154,15948222.0,4.81,1.81,0.43,0.55
2026-06-18,EFZ,23.13,23.035,23.13,23.035,11253,260006.0,0.41,-0.97,-0.225,0.0
2026-06-18,EG,335.45,335.63,339.42,333.71,1246885,418445920.0,1.69,-0.56,-1.89,3.15
2026-06-18,EGAN,7.42,7.51,7.51,7.182,461896,3421990.0,4.49,2.74,0.2,1.68
2026-06-18,EGBN,27.63,27.6,28.0,27.27,494384,13635558.0,2.68,1.32,0.36,1.62
2026-06-18,EGG,7.125,7.47,8.21,7.02,37027,277431.0,16.48,3.46,0.25,0.3
2026-06-18,EGGQ,64.795,65.104,65.2,64.325,5800,375478.0,1.4,4.31,2.693,0.0
2026-06-18,EGGS,43.74,43.756,43.96,43.29,13500,587826.0,1.56,2.1,0.902,0.0
2026-06-18,EGGY,43.95,44.32,44.5,43.685,72540,3198226.0,1.92,4.22,1.796,0.0
2026-06-18,EGHA,10.31,10.32,10.32,10.3,470083,4846475.0,0.19,0.0,0.0,3.03
2026-06-18,EGHAR,0.39,0.39,0.4,0.381,22858,8909.0,4.87,0.0,0.0,0.0
2026-06-18,EGHT,1.82,1.84,1.88,1.77,2693678,4953007.0,6.04,1.1,0.02,1.9
2026-06-18,EGLE,30.55,30.649,30.7,30.55,406,12440.0,0.49,0.67,0.205,0.0
2026-06-18,EGO,34.42,33.05,35.08,32.67,5763028,191653712.0,7.07,-3.11,-1.06,2.21
2026-06-18,EGP,201.15,199.97,201.15,198.14,676400,135374589.0,1.52,1.23,2.42,1.26
2026-06-18,EGUS,58.48,58.67,58.67,58.44,7602,444626.0,0.4,2.0,1.15,0.0
2026-06-18,EGY,5.45,5.58,5.595,5.35,4332955,24050093.0,4.41,0.54,0.03,4.16
2026-06-18,EH,7.25,7.03,7.25,6.92,1796639,12622918.0,4.67,-0.42,-0.03,3.19
2026-06-18,EHC,97.36,98.03,98.565,96.86,1643923,160579317.0,1.74,0.14,0.14,1.66
2026-06-18,EHCC,19.19,19.4,19.4,19.19,1278,24795.0,1.08,-0.44,-0.086,0.0
2026-06-18,EHGO,2.75,1.8,2.87,1.8,2204900,4953540.0,37.02,-37.72,-1.09,133.1
2026-06-18,EHI,5.97,6.02,6.05,5.96,282221,1695646.0,1.51,1.01,0.06,0.0
2026-06-18,EHLD,8.15,8.0,8.21,7.99,4600,37470.0,2.74,-0.37,-0.03,0.17
2026-06-18,EHLS,26.9,26.793,26.9,26.09,4453,118320.0,3.02,0.03,0.008,0.0
2026-06-18,EHTH,1.66,1.65,1.66,1.59,336844,550502.0,4.24,0.0,0.0,1.06
2026-06-18,EHY,7.76,7.571,7.765,7.44,17146,129218.0,4.17,-2.89,-0.225,0.0
2026-06-18,EIC,9.99,10.1,10.15,9.99,83416,840922.0,1.6,1.3,0.13,0.64
2026-06-18,EICA,24.96,24.956,24.96,24.92,1730,43152.0,0.16,-0.1,-0.024,0.11
2026-06-18,EIDO,12.41,12.43,12.455,12.35,1804692,22392146.0,0.84,-0.4,-0.05,0.0
2026-06-18,EIG,46.63,46.55,46.8,46.13,1256420,58477754.0,1.44,0.26,0.12,6.89
2026-06-18,EIIA,25.39,25.259,25.39,25.259,976,24747.0,0.52,-0.08,-0.021,0.07
2026-06-18,EIKN,9.8,9.61,10.2,9.32,320267,3082508.0,9.04,-1.23,-0.12,0.59
2026-06-18,EIM,9.77,9.76,9.84,9.75,107612,1053911.0,0.92,0.1,0.01,0.0
2026-06-18,EINC,116.05,116.645,116.95,115.19,4221,491281.0,1.51,0.31,0.36,0.0
2026-06-18,EIPI,21.69,21.63,21.73,21.5,176817,3824512.0,1.06,-0.28,-0.06,0.0
2026-06-18,EIPX,31.28,31.19,31.28,30.97,40301,1254228.0,0.99,-0.35,-0.11,0.0
2026-06-18,EIRL,77.37,77.31,77.47,77.31,3793,293493.0,0.21,0.18,0.136,0.0
2026-06-18,EIS,123.71,122.97,123.71,122.465,38808,4772994.0,1.03,2.07,2.49,0.0
2026-06-18,EIX,70.87,71.89,72.535,70.87,5227825,375510192.0,2.35,1.4,0.99,1.36
2026-06-18,EJAN,36.18,36.153,36.19,36.1,6153,222446.0,0.25,0.65,0.233,0.0
2026-06-18,EJH,1.72,1.72,1.85,1.601,38736,68074.0,14.65,1.18,0.02,1.21
2026-06-18,EJUL,31.19,31.155,31.19,31.09,9797,304853.0,0.32,0.08,0.025,0.0
2026-06-18,EKG,17.51,17.68,17.68,17.51,140,2456.0,0.98,2.31,0.399,0.0
2026-06-18,EL,84.26,84.81,85.57,83.89,5699950,483096688.0,2.04,2.85,2.35,2.3
2026-06-18,ELA,26.5,27.48,27.69,26.407,86192,2347017.0,4.86,4.01,1.06,0.33
2026-06-18,ELAB,1.41,1.39,1.42,1.34,936340,1327067.0,5.59,-2.8,-0.04,20.61
2026-06-18,ELAN,23.845,24.22,24.51,23.685,10243972,247746246.0,3.53,3.55,0.83,2.05
2026-06-18,ELBM,0.58,0.57,0.595,0.57,544549,316924.0,4.41,0.53,0.003,0.52
2026-06-18,ELC,20.07,20.12,20.18,20.07,5754,115800.0,0.55,0.4,0.08,0.0
2026-06-18,ELCV,32.48,32.45,32.51,32.36,31848,1033540.0,0.47,1.14,0.365,0.0
2026-06-18,ELD,29.29,28.99,29.29,28.89,9304,269472.0,1.38,0.28,0.08,0.0
2026-06-18,ELDN,3.78,3.92,3.96,3.75,2640353,10200683.0,5.68,5.95,0.22,3.42
2026-06-18,ELE,16.66,15.88,17.115,15.46,890087,14097069.0,9.95,-4.51,-0.75,1.32
2026-06-18,ELF,63.54,64.2,65.41,63.0,3013100,194054288.0,3.87,3.08,1.92,
2026-06-18,ELFY,44.74,44.79,44.91,44.28,50726,2268270.0,1.43,1.7,0.75,0.0
2026-06-18,ELIL,27.27,26.446,27.55,25.93,80022,2115158.0,5.98,-2.3,-0.622,0.0
2026-06-18,ELLA,25.3,25.31,25.31,25.28,8444,213698.0,0.12,0.04,0.01,0.0
2026-06-18,ELLO,20.69,19.77,20.69,19.77,5711,116418.0,4.41,-5.27,-1.1,0.04
2026-06-18,ELM,29.4,29.33,29.44,29.33,7127,209563.0,0.38,0.55,0.16,0.0
2026-06-18,ELMD,37.25,38.68,39.03,35.61,64574,2448682.0,9.21,4.15,1.54,0.78
2026-06-18,ELME,2.02,2.01,2.03,2.01,1689891,3405224.0,1.0,0.0,0.0,1.9
2026-06-18,ELMT,19.3,19.44,19.65,17.86,1148986,22137775.0,9.61,4.4,0.82,3.83
2026-06-18,ELOG,0.965,0.914,1.0,0.914,12257,11575.0,8.81,-6.35,-0.062,0.1
2026-06-18,ELOX,14.86,13.98,15.94,12.25,38574,521996.0,26.36,-0.14,-0.02,0.75
2026-06-18,ELPC,11.2,11.32,11.34,11.14,649080,7311333.0,1.78,0.53,0.06,0.09
2026-06-18,ELPW,0.955,0.892,0.978,0.885,559007,517098.0,9.21,-11.68,-0.118,39.57
2026-06-18,ELS,63.23,62.19,63.53,61.855,2434357,151872507.0,2.67,-1.0,-0.63,1.26
2026-06-18,ELSE,7.69,7.71,7.71,7.66,6929,53329.0,0.65,0.26,0.02,0.2
2026-06-18,ELTK,9.89,9.415,9.89,9.335,4218,39807.0,5.97,1.24,0.115,0.06
2026-06-18,ELTX,4.213,3.85,4.55,3.66,5435699,21084311.0,18.9,-18.26,-0.86,28.48
2026-06-18,ELUT,1.0,1.06,1.06,1.0,173079,180953.0,6.05,6.96,0.069,0.39
2026-06-18,ELV,392.67,388.5,393.91,387.08,3536932,1375827728.0,1.75,-0.71,-2.77,1.63
2026-06-18,ELVA,10.3,10.42,10.49,9.91,296285,3057492.0,5.86,5.25,0.52,0.6
2026-06-18,ELVN,45.01,45.1,45.72,44.22,2449816,110370480.0,3.34,0.53,0.24,3.51
2026-06-18,ELVR,85.2,86.95,89.99,83.54,1553931,134836326.0,7.44,0.35,0.3,9.17
2026-06-18,ELWT,5.6,5.825,6.128,5.495,65072,370208.0,11.47,5.53,0.305,0.98
2026-06-18,EMA,51.76,51.79,52.16,51.33,666600,34508099.0,1.6,0.08,0.04,0.22
2026-06-18,EMAT,7.45,7.44,7.595,7.12,102239,755382.0,6.52,2.06,0.15,0.02
2026-06-18,EMB,96.81,96.73,96.84,96.67,3129127,302796272.0,0.18,0.47,0.45,0.0
2026-06-18,EMBC,3.1,3.11,3.135,3.03,11422082,35496070.0,3.4,0.65,0.02,19.25
2026-06-18,EMBD,23.923,23.99,24.02,23.92,16983,406962.0,0.42,0.15,0.035,0.0
2026-06-18,EMBJ,62.565,60.7,62.93,60.59,1196676,73426927.0,3.82,-0.99,-0.61,0.66
2026-06-18,EMBX,51.55,51.528,51.59,51.49,75407,3886743.0,0.19,0.12,0.064,0.0
2026-06-18,EMC,38.795,39.132,39.132,38.795,3496,136381.0,0.89,2.95,1.122,0.0
2026-06-18,EMCB,66.49,66.633,66.66,66.49,4308,286828.0,0.26,0.43,0.283,0.0
2026-06-18,EMCR,45.82,45.81,45.84,45.39,1614,73816.0,1.01,2.52,1.125,0.0
2026-06-18,EMCS,48.729,48.729,48.729,48.729,101,4956.0,0.0,3.56,1.677,0.0
2026-06-18,EMD,10.56,10.64,10.698,10.56,99461,1056782.0,1.31,0.85,0.09,0.0
2026-06-18,EMDM,44.65,44.942,45.005,44.65,6667,299322.0,0.81,3.09,1.345,0.0
2026-06-18,EMDV,46.49,46.303,46.49,46.303,276,12837.0,0.4,-0.37,-0.172,0.0
2026-06-18,EME,846.63,836.59,849.67,833.12,1132523,949978000.0,2.0,1.1,9.09,2.55
2026-06-18,EMEM,27.42,27.527,27.61,27.39,56542,1557134.0,0.83,3.32,0.885,0.0
2026-06-18,EMEQ,74.28,75.449,75.67,74.09,121485,9139959.0,2.22,6.25,4.437,0.0
2026-06-18,EMES,29.02,29.523,29.523,29.02,552,16233.0,1.8,5.41,1.516,0.0
2026-06-18,EMET,44.89,44.413,44.97,44.33,8850,393311.0,1.42,-1.21,-0.546,0.0
2026-06-18,EMF,24.5,24.21,24.69,24.12,25087,612274.0,2.38,1.21,0.29,0.0
2026-06-18,EMFI,51.125,51.125,51.125,51.125,169,8656.0,0.0,0.5,0.254,0.0
2026-06-18,EMGF,75.32,75.86,76.045,75.13,225374,17099659.0,1.24,3.21,2.36,0.0
2026-06-18,EMHC,25.45,25.49,25.51,25.45,37307,950693.0,0.24,0.39,0.1,0.0
2026-06-18,EMHY,40.77,40.75,40.78,40.71,59254,2414641.0,0.17,0.37,0.15,0.0
2026-06-18,EMIF,26.8,26.645,26.8,26.58,1325,35457.0,0.82,-0.4,-0.107,0.0
2026-06-18,EMJN,24.96,25.028,25.028,24.96,6100,152321.0,0.28,1.67,0.411,0.0
2026-06-18,EMKT,32.72,33.05,33.18,32.72,12152,400190.0,1.43,2.67,0.86,0.0
2026-06-18,EML,22.46,23.68,23.68,21.64,48039,1102345.0,9.31,8.03,1.76,0.8
2026-06-18,EMLC,25.6,25.58,25.64,25.57,1296648,33196396.0,0.27,-0.04,-0.01,0.0
2026-06-18,EMLP,42.81,42.96,43.13,42.595,158130,6781763.0,1.25,0.35,0.15,0.0
2026-06-18,EMM,46.945,47.126,47.181,46.89,4403,207203.0,0.64,3.45,1.573,0.0
2026-06-18,EMMF,40.01,40.216,40.248,39.93,41563,1667526.0,0.81,2.6,1.019,0.0
2026-06-18,EMMY,25.39,25.28,25.39,25.26,1703,43135.0,0.52,0.26,0.066,0.0
2026-06-18,EMN,72.08,72.49,72.915,71.43,1543569,111682484.0,2.06,0.51,0.37,1.35
2026-06-18,EMNT,98.805,98.81,98.84,98.8,30586,3022206.0,0.04,0.1,0.1,0.0
2026-06-18,EMO,48.52,48.82,49.0,48.25,47943,2336901.0,1.54,0.35,0.17,0.0
2026-06-18,EMOP,53.24,53.76,53.84,53.224,48613,2605285.0,1.18,2.97,1.55,0.0
2026-06-18,EMOT,26.294,26.294,26.294,26.294,13,368.0,0.0,1.04,0.271,0.0
2026-06-18,EMP,20.77,20.725,20.8,20.7,4526,93828.0,0.48,0.22,0.045,0.0
2026-06-18,EMPB,32.71,32.61,32.71,32.45,5524,180128.0,0.8,0.91,0.294,0.0
2026-06-18,EMPD,3.73,3.83,3.87,3.64,588339,2235188.0,6.12,1.86,0.07,2.09
2026-06-18,EMQQ,31.79,31.63,31.79,31.476,34488,1089983.0,0.99,-0.16,-0.05,0.0
2026-06-18,EMR,152.28,150.66,152.88,150.08,4090266,618050496.0,1.88,1.11,1.66,0.73
2026-06-18,EMSC,26.85,26.796,26.88,26.742,18657,501098.0,0.53,2.08,0.546,0.0
2026-06-18,EMSF,42.84,43.025,43.025,42.66,2665,114321.0,0.88,3.98,1.645,0.0
2026-06-18,EMTL,42.78,42.79,42.791,42.78,716,30681.0,0.03,0.19,0.08,0.0
2026-06-18,EMTY,24.11,24.2,24.25,24.11,858,20780.0,0.57,-0.9,-0.221,0.0
2026-06-18,EMXC,104.73,105.75,106.09,104.68,2562010,270523472.0,1.39,3.92,3.99,0.0
2026-06-18,EMXF,58.973,59.375,59.485,58.973,11182,663063.0,0.89,2.71,1.566,0.0
2026-06-18,EMXX,24.551,24.551,24.551,24.551,4,99.0,0.0,3.41,0.809,0.0
2026-06-18,ENB,54.3,54.55,54.655,53.75,4559795,247922203.0,1.66,0.15,0.08,0.21
2026-06-18,ENDW,33.78,33.854,33.88,33.78,8280,280288.0,0.3,0.28,0.096,0.0
2026-06-18,ENFR,37.46,37.52,37.6,36.86,50836,1895647.0,1.98,0.19,0.07,0.0
2026-06-18,ENGN,1.75,1.72,1.81,1.695,885200,1527804.0,6.61,-1.15,-0.02,1.32
2026-06-18,ENGNW,0.28,0.28,0.28,0.28,22649,6339.0,0.0,21.74,0.05,0.0
2026-06-18,ENGS,1.96,1.86,2.063,1.85,244954,477249.0,10.81,-5.58,-0.11,0.78
2026-06-18,ENHA,3.96,4.43,4.45,3.86,5295889,23078769.0,14.79,11.03,0.44,4.33
2026-06-18,ENHI,26.655,26.655,26.655,26.655,27,720.0,0.0,0.62,0.163,0.0
2026-06-18,ENHU,27.82,27.901,27.901,27.82,214,5954.0,0.29,1.24,0.343,0.0
2026-06-18,ENIC,4.62,4.57,4.66,4.53,676167,3096908.0,2.83,-0.44,-0.02,0.05
2026-06-18,ENJ,19.85,20.01,20.055,19.82,2718,54199.0,1.17,-0.25,-0.05,0.0
2026-06-18,ENLT,85.39,86.48,87.11,85.01,595199,51343526.0,2.61,7.39,5.95,0.43
2026-06-18,ENLV,0.64,0.622,0.647,0.611,323676,202694.0,5.83,0.65,0.004,0.13
2026-06-18,ENO,21.62,21.7,21.7,21.62,1895,41039.0,0.37,0.23,0.05,0.0
2026-06-18,ENOR,32.84,32.47,32.84,32.43,51137,1665718.0,1.24,-1.7,-0.56,0.0
2026-06-18,ENOV,20.91,21.97,22.0,20.875,1799377,39163322.0,5.4,5.37,1.12,3.13
2026-06-18,ENPH,50.4,52.28,52.87,48.04,13979210,720391680.0,10.11,9.42,4.5,10.61
2026-06-18,ENR,20.33,21.52,21.8,20.28,2193178,46950874.0,7.61,7.76,1.55,3.2
2026-06-18,ENRD,9.34,8.418,9.34,8.0,147866,1254619.0,14.18,-10.92,-1.032,0.09
2026-06-18,ENRDW,0.74,0.63,0.74,0.61,5271,3541.0,21.31,3.28,0.02,0.0
2026-06-18,ENS,231.57,227.95,235.0,227.365,875957,200680750.0,3.35,0.12,0.27,2.4
2026-06-18,ENSC,0.267,0.271,0.29,0.263,1494025,413894.0,10.0,0.37,0.001,9.72
2026-06-18,ENSG,155.62,153.65,156.79,151.04,2211300,339975680.0,3.69,-1.41,-2.19,3.78
2026-06-18,ENTA,12.87,12.66,13.1,12.48,254121,3230459.0,4.91,0.16,0.02,0.87
2026-06-18,ENTG,164.18,178.77,180.94,163.06,5933481,1041793008.0,11.36,13.62,21.43,3.89
2026-06-18,ENTX,1.2,1.21,1.22,1.169,51008,61393.0,4.25,0.83,0.01,0.1
2026-06-18,ENVA,199.36,202.55,204.06,198.18,523267,105785571.0,2.98,2.66,5.25,2.1
2026-06-18,ENVB,1.31,1.28,1.329,1.26,66195,85383.0,5.31,-1.54,-0.02,1.8
2026-06-18,ENVX,6.94,7.08,7.12,6.73,4935472,34504124.0,5.83,5.83,0.39,2.26
2026-06-18,ENZL,45.22,44.88,45.22,44.63,77783,3491588.0,1.31,0.02,0.008,0.0
2026-06-18,EOCT,34.29,34.27,34.3,34.2,124503,4261697.0,0.29,0.61,0.208,0.0
2026-06-18,EOD,6.5,6.47,6.54,6.45,41319,268369.0,1.39,0.15,0.01,0.0
2026-06-18,EOG,132.06,129.98,132.42,129.06,12213411,1589229632.0,2.52,-2.45,-3.27,2.29
2026-06-18,EOI,19.37,19.42,19.49,19.27,61113,1186171.0,1.14,0.99,0.19,0.0
2026-06-18,EOLS,6.77,6.63,6.9,6.53,1101794,7325843.0,5.49,-1.63,-0.11,1.67
2026-06-18,EONR,0.516,0.521,0.532,0.499,1032555,527787.0,6.25,-1.33,-0.007,2.07
2026-06-18,EONR_WS,0.095,0.095,0.095,0.095,3000,285.0,0.0,0.0,0.0,0.0
2026-06-18,EOS,21.98,22.09,22.1,21.85,69103,1520414.0,1.14,1.14,0.25,0.0
2026-06-18,EOSE,8.04,7.65,8.23,7.195,33864896,257762088.0,13.62,0.66,0.05,9.97
2026-06-18,EOSU,44.39,39.73,44.85,35.0,209730,8280360.0,25.19,1.59,0.62,0.0
2026-06-18,EOT,17.34,17.27,17.34,17.21,10655,184161.0,0.75,0.12,0.02,0.0
2026-06-18,EP,2.76,2.98,2.99,2.7,357960,1047232.0,10.43,7.19,0.2,0.9
2026-06-18,EPAC,35.74,36.6,36.82,35.74,1007697,36784609.0,3.05,3.3,1.17,1.96
2026-06-18,EPAI,30.255,30.388,30.388,30.23,639,19340.0,0.54,3.55,1.043,0.0
2026-06-18,EPAM,82.0,76.64,82.61,76.02,5636586,440272160.0,7.51,-12.61,-11.06,10.79
2026-06-18,EPC,22.83,23.11,24.1,22.61,1849303,43214108.0,6.6,2.44,0.55,4.01
2026-06-18,EPD,36.26,36.6,36.8,36.07,4012817,146753101.0,2.0,0.22,0.08,0.19
2026-06-18,EPEM,30.374,30.374,30.374,30.374,27,816.0,0.0,2.59,0.766,0.0
2026-06-18,EPHE,25.57,25.5,25.57,25.392,36439,928729.0,0.71,1.63,0.41,0.0
2026-06-18,EPI,43.26,43.02,43.285,42.98,413244,17810505.0,0.72,1.03,0.44,0.0
2026-06-18,EPIN,28.39,28.493,28.493,28.39,5532,157195.0,0.37,1.25,0.353,0.0
2026-06-18,EPM,3.85,3.86,3.88,3.79,338188,1300443.0,2.33,-0.26,-0.01,0.94
2026-06-18,EPMB,26.448,26.448,26.448,26.448,1,2.0,0.0,-0.49,-0.129,0.0
2026-06-18,EPMV,26.758,26.758,26.758,26.758,3,84.0,0.0,-1.13,-0.305,0.0
2026-06-18,EPOL,40.0,39.75,40.034,39.64,398862,15886814.0,0.98,-1.19,-0.48,0.0
2026-06-18,EPOW,0.599,0.63,0.64,0.58,68773,42733.0,10.53,10.53,0.06,0.19
2026-06-18,EPP,54.15,53.93,54.165,53.845,165334,8927076.0,0.59,-0.04,-0.02,0.0
2026-06-18,EPR,58.06,57.51,58.415,57.25,1011731,58308102.0,2.02,-0.23,-0.13,1.32
2026-06-18,EPRF,16.88,16.92,16.98,16.88,14521,245452.0,0.59,0.3,0.05,0.0
2026-06-18,EPRT,29.53,29.36,29.86,29.23,4906784,144288169.0,2.13,-0.54,-0.16,2.27
2026-06-18,EPRX,6.45,6.48,6.53,6.28,471611,3012687.0,3.97,3.02,0.19,0.72
2026-06-18,EPR_C,25.45,25.61,25.87,25.45,4648,119064.0,1.64,-0.04,-0.01,0.09
2026-06-18,EPR_E,32.32,32.4,32.4,32.32,1553,50422.0,0.25,-0.69,-0.225,0.05
2026-06-18,EPR_G,21.3,21.385,21.4,21.285,8605,183790.0,0.54,0.02,0.005,0.14
2026-06-18,EPS,78.45,78.16,78.45,77.92,106534,8331417.0,0.68,0.93,0.72,0.0
2026-06-18,EPSB,27.54,27.492,27.54,27.492,322,8863.0,0.18,0.81,0.222,0.0
2026-06-18,EPSM,1.57,1.36,1.7,1.3,69982,101606.0,25.64,-12.82,-0.2,2.63
2026-06-18,EPSN,5.41,5.3,5.41,5.21,326667,1734480.0,3.71,-1.67,-0.09,1.08
2026-06-18,EPSV,30.669,30.669,30.669,30.669,1025,31371.0,0.0,1.52,0.459,0.0
2026-06-18,EPU,88.97,87.825,88.99,87.13,60754,5335742.0,2.09,-1.19,-1.055,0.0
2026-06-18,EPV,18.56,18.55,18.61,18.45,14994,277487.0,0.86,-0.45,-0.084,0.0
2026-06-18,EP_C,50.25,50.34,50.758,50.25,4158,209462.0,1.01,0.1,0.05,0.06
2026-06-18,EQ,3.02,3.05,3.12,2.98,424579,1293201.0,4.68,2.01,0.06,0.67
2026-06-18,EQAL,58.73,58.5,58.73,58.39,96700,5658324.0,0.58,0.27,0.16,0.0
2026-06-18,EQBK,46.72,46.6,47.08,46.304,288331,13452228.0,1.67,0.24,0.11,1.4
2026-06-18,EQH,45.93,45.29,45.98,45.09,3996806,181125152.0,1.96,-0.46,-0.21,1.42
2026-06-18,EQH_A,19.63,19.63,19.65,19.56,31875,624790.0,0.46,0.0,0.0,0.1
2026-06-18,EQH_C,16.365,16.39,16.44,16.28,14884,243994.0,0.98,0.0,0.0,0.12
2026-06-18,EQIN,51.98,51.444,51.98,51.425,8507,439639.0,1.07,-0.55,-0.286,0.0
2026-06-18,EQIX,1104.5,1092.19,1114.6,1088.619,807852,887535632.0,2.39,0.34,3.67,0.82
2026-06-18,EQL,50.56,50.31,50.56,50.19,16655,838231.0,0.74,0.22,0.11,0.0
2026-06-18,EQLT,40.549,40.549,40.549,40.549,143,5825.0,0.0,1.75,0.699,0.0
2026-06-18,EQNR,32.265,32.38,32.515,31.825,5808888,187113047.0,2.04,-4.09,-1.38,0.23
2026-06-18,EQPT,25.03,26.32,26.78,24.805,3225908,83949711.0,8.45,12.67,2.96,1.5
2026-06-18,EQR,65.47,64.09,65.47,63.814,5776765,371521504.0,2.56,-0.84,-0.54,1.54
2026-06-18,EQRR,81.38,81.0,81.64,81.0,11796,959602.0,0.79,0.58,0.467,0.0
2026-06-18,EQS,1.24,1.21,1.24,1.15,34599,42190.0,7.38,-0.82,-0.01,0.25
2026-06-18,EQT,50.8,50.72,51.45,50.27,13560800,689438016.0,2.31,-0.8,-0.41,2.17
2026-06-18,EQTY,27.64,27.68,27.69,27.61,82880,2292107.0,0.29,0.95,0.26,0.0
2026-06-18,EQWL,129.31,128.8,129.71,128.685,42209,5444762.0,0.8,0.51,0.65,0.0
2026-06-18,EQX,11.05,10.51,11.21,10.27,27181573,286072048.0,8.52,-4.71,-0.52,3.44
2026-06-18,ERAS,14.64,13.67,14.77,13.6,9642125,133411815.0,8.37,-2.22,-0.31,3.1
2026-06-18,ERC,9.05,9.01,9.064,8.955,60879,549339.0,1.21,0.22,0.02,0.0
2026-06-18,ERET,28.47,28.327,28.47,28.29,2480,70363.0,0.64,0.0,0.0,0.0
2026-06-18,ERH,11.69,11.72,11.878,11.69,11640,136856.0,1.61,0.17,0.02,0.0
2026-06-18,ERIC,11.54,11.38,11.545,11.355,12108677,138107251.0,1.67,-0.09,-0.01,0.4
2026-06-18,ERIE,222.13,221.14,223.73,219.05,590934,130642824.0,2.11,-0.23,-0.5,1.28
2026-06-18,ERII,9.54,9.42,9.907,9.16,3558242,33479721.0,8.31,4.78,0.43,6.9
2026-06-18,ERNA,6.04,6.2,6.2,5.62,34710,207220.0,9.85,5.26,0.31,2.98
2026-06-18,ERNAW,0.06,0.058,0.081,0.056,51481,3228.0,32.89,-23.68,-0.018,0.0
2026-06-18,ERO,30.47,29.75,30.88,29.59,1282649,38505039.0,4.24,-2.23,-0.68,1.23
2026-06-18,EROC,15.15,16.34,16.5,14.99,1496377,24164342.0,9.9,7.08,1.08,3.11
2026-06-18,EROK,20.65,20.65,21.11,19.75,333766,6847654.0,6.8,3.3,0.66,1.34
2026-06-18,ERTH,48.19,48.551,48.551,48.19,8356,403500.0,0.75,1.05,0.506,0.0
2026-06-18,ERX,78.5,77.1,78.5,75.75,458131,35195919.0,3.44,-3.55,-2.84,0.0
2026-06-18,ERY,12.83,13.05,13.27,12.83,3898107,51149259.0,3.49,3.57,0.45,0.0
2026-06-18,ES,69.67,69.59,70.18,68.915,6084216,423237824.0,1.83,0.78,0.54,1.62
2026-06-18,ESAB,101.97,106.2,106.93,100.55,1565415,165305392.0,6.43,7.07,7.01,2.57
2026-06-18,ESBA,4.993,5.06,5.06,4.993,8481,42848.0,1.27,-4.44,-0.235,0.05
2026-06-18,ESBG,21.234,21.234,21.234,21.234,8,191.0,0.0,0.43,0.091,0.0
2026-06-18,ESCA,18.34,18.65,18.77,18.18,60096,1109397.0,3.25,2.87,0.52,0.44
2026-06-18,ESE,339.49,343.5,344.24,334.87,547600,187228496.0,2.81,2.93,9.78,2.11
2026-06-18,ESEA,69.0,68.6,69.57,66.11,115856,7854336.0,5.05,0.06,0.04,1.64
2026-06-18,ESG,175.11,175.282,175.43,175.11,416,72996.0,0.18,0.72,1.257,0.0
2026-06-18,ESGD,103.32,103.14,103.43,102.95,285384,29446651.0,0.47,0.63,0.65,0.0
2026-06-18,ESGE,56.14,56.57,56.69,56.071,359344,20285216.0,1.13,3.08,1.69,0.0
2026-06-18,ESGG,232.42,232.428,232.428,232.42,154,35935.0,0.0,0.37,0.862,0.0
2026-06-18,ESGU,163.69,163.23,163.69,162.75,456262,74524340.0,0.58,0.96,1.55,0.0
2026-06-18,ESGV,132.47,132.38,132.6,131.625,158436,20956102.0,0.75,1.19,1.56,0.0
2026-06-18,ESI,45.97,45.97,46.72,45.805,6260214,288533360.0,2.02,1.59,0.72,2.57
2026-06-18,ESIM,29.91,30.012,30.012,29.91,10508,314936.0,0.35,1.75,0.515,0.0
2026-06-18,ESLA,1.03,0.95,1.03,0.95,51505,50453.0,7.92,-5.94,-0.06,0.12
2026-06-18,ESLAW,0.122,0.122,0.122,0.122,35,4.0,0.0,0.0,0.0,0.0
2026-06-18,ESLG,28.05,28.14,28.16,28.05,3566,100373.0,0.4,1.77,0.49,0.0
2026-06-18,ESLT,821.08,788.23,824.97,780.54,212834,168180936.0,5.41,-4.09,-33.59,0.46
2026-06-18,ESLV,28.11,28.085,28.14,28.075,5005,140761.0,0.23,0.57,0.158,0.0
2026-06-18,ESML,54.38,54.49,54.53,54.08,64010,3480959.0,0.84,1.64,0.88,0.0
2026-06-18,ESMV,29.91,29.853,29.91,29.853,192,5758.0,0.19,0.07,0.02,0.0
2026-06-18,ESN,19.62,19.579,19.63,19.51,58864,1152369.0,0.62,0.35,0.069,0.0
2026-06-18,ESNT,59.23,58.45,59.41,57.94,2893442,169289236.0,2.49,-1.03,-0.61,3.14
2026-06-18,ESOA,16.25,16.95,16.99,16.165,211918,3564942.0,5.11,5.02,0.81,1.14
2026-06-18,ESP,60.25,60.97,62.36,59.56,22227,1351781.0,4.71,2.66,1.58,0.74
2026-06-18,ESPO,87.78,88.277,88.45,87.41,9994,879995.0,1.18,0.44,0.387,0.0
2026-06-18,ESPR,3.17,3.15,3.17,3.15,17496865,55302949.0,0.63,-0.63,-0.02,6.79
2026-06-18,ESQ,114.46,113.53,114.8,112.54,233175,26503485.0,2.01,1.09,1.22,2.7
2026-06-18,ESRT,5.16,5.24,5.335,5.16,2724596,14288354.0,3.4,1.95,0.1,1.59
2026-06-18,ESS,276.6,273.71,277.67,273.53,1040800,285767008.0,1.51,-0.25,-0.69,1.62
2026-06-18,ESSC,30.41,30.58,30.58,30.35,2858,87136.0,0.77,1.91,0.574,0.0
2026-06-18,ESTA,82.51,84.81,86.0,82.495,495481,42029397.0,4.25,2.94,2.42,1.68
2026-06-18,ESTC,58.0,58.97,59.13,55.9,3287795,192691623.0,5.52,0.7,0.41,3.16
2026-06-18,ESUM,30.09,30.1,30.13,29.985,21254,638765.0,0.49,1.42,0.42,0.0
2026-06-18,ET,18.62,18.75,18.93,18.458,12458997,233592941.0,2.52,0.0,0.0,0.36
2026-06-18,ETB,15.36,15.33,15.46,15.3,34951,536462.0,1.05,0.39,0.06,0.0
2026-06-18,ETCO,8.829,8.634,8.829,8.53,8561,75223.0,3.41,-1.6,-0.14,0.0
2026-06-18,ETD,21.14,21.17,22.06,21.03,4555519,96738063.0,4.89,0.47,0.1,17.9
2026-06-18,ETEC,30.42,30.687,30.687,30.42,205,6267.0,0.89,2.45,0.734,0.0
2026-06-18,ETFT,9.8,9.84,9.84,9.8,2183,21432.0,0.41,1.03,0.1,0.0
2026-06-18,ETG,23.2,23.06,23.201,23.0,108708,2511475.0,0.88,0.61,0.14,0.0
2026-06-18,ETH,16.63,16.21,16.65,15.885,2661091,42979881.0,4.64,-1.7,-0.28,0.0
2026-06-18,ETHA,13.19,12.88,13.215,12.6,25221659,324424784.0,4.71,-1.45,-0.19,0.0
2026-06-18,ETHB,22.5,21.92,22.51,21.495,200256,4402696.0,4.55,-1.7,-0.38,0.0
2026-06-18,ETHD,77.0,81.05,84.2,76.846,346555,28136019.0,9.36,3.16,2.48,0.0
2026-06-18,ETHE,14.15,13.79,14.165,13.51,1769308,24415920.0,4.68,-1.57,-0.22,0.0
2026-06-18,ETHO,77.64,77.661,77.72,77.53,8040,623887.0,0.25,1.76,1.343,0.0
2026-06-18,ETHT,9.34,8.86,9.35,8.51,1677199,15019123.0,9.15,-3.49,-0.32,0.0
2026-06-18,ETHU,14.22,13.5,14.24,12.93,5520907,74927313.0,9.39,-3.23,-0.45,0.0
2026-06-18,ETHV,25.56,24.93,25.56,24.45,26286,653625.0,4.38,-1.66,-0.42,0.0
2026-06-18,ETHW,12.51,12.21,12.52,11.95,589266,7181414.0,4.6,-1.45,-0.18,0.0
2026-06-18,ETI_,24.16,24.24,24.24,24.16,454,11257.0,0.33,-0.21,-0.05,0.03
2026-06-18,ETJ,8.3,8.27,8.39,8.25,149317,1235678.0,1.7,0.36,0.03,0.0
2026-06-18,ETN,420.84,421.77,425.92,414.73,3715592,1566477840.0,2.73,2.96,12.13,0.96
2026-06-18,ETNG,14.6,14.68,14.86,14.54,9647,141364.0,2.31,5.9,0.818,0.0
2026-06-18,ETO,30.42,30.4,30.57,30.27,56180,1706358.0,1.0,1.13,0.34,0.0
2026-06-18,ETON,33.31,32.48,33.31,31.43,612756,19860652.0,5.74,-0.85,-0.28,2.24
2026-06-18,ETOR,38.8,39.09,39.41,37.94,1025009,39869408.0,3.82,1.66,0.64,1.53
2026-06-18,ETR,111.48,111.11,112.66,110.53,6611043,735357056.0,1.92,0.23,0.25,1.44
2026-06-18,ETRL,12.54,12.575,12.58,12.54,6195,77810.0,0.32,0.0,0.0,0.0
2026-06-18,ETS,0.575,0.548,0.62,0.548,47942,27340.0,12.81,-2.49,-0.014,0.38
2026-06-18,ETSS,9.89,9.89,9.89,9.89,26,258.0,0.0,0.0,0.0,0.0
2026-06-18,ETSS_U,10.0,10.0,10.0,10.0,2,20.0,0.0,0.0,0.0,0.0
2026-06-18,ETSY,73.97,73.95,74.98,73.19,3876700,287076224.0,2.46,1.54,1.12,4.09
2026-06-18,ETTY,8.26,8.125,8.32,7.96,6061,48916.0,4.34,-2.14,-0.178,0.0
2026-06-18,ETU,3.74,3.57,3.74,3.42,69667,247267.0,8.65,-3.51,-0.13,0.0
2026-06-18,ETV,14.81,14.91,14.93,14.7,157046,2329939.0,1.56,1.29,0.19,0.0
2026-06-18,ETW,9.47,9.45,9.485,9.447,190123,1798764.0,0.4,0.43,0.04,0.0
2026-06-18,ETX,18.76,18.59,18.76,18.44,15977,296817.0,1.7,-1.12,-0.21,0.0
2026-06-18,ETY,14.51,14.55,14.59,14.45,353209,5119359.0,0.97,0.9,0.13,0.0
2026-06-18,ET_I,11.38,11.46,11.49,11.38,45359,519001.0,0.96,0.17,0.02,0.11
2026-06-18,EU,1.71,1.65,1.75,1.6,12419574,20472906.0,9.26,1.85,0.03,6.39
2026-06-18,EUAD,42.21,42.26,42.626,41.933,242825,10259887.0,1.65,0.84,0.35,0.0
2026-06-18,EUDA,16.49,15.8,16.72,15.8,7672,124508.0,5.58,-4.18,-0.69,0.26
2026-06-18,EUDAW,0.029,0.035,0.037,0.028,27117,864.0,32.14,25.0,0.007,0.0
2026-06-18,EUDG,39.05,39.12,39.25,38.82,6130,239270.0,1.1,0.42,0.164,0.0
2026-06-18,EUDV,52.656,52.656,52.656,52.656,12,641.0,0.0,-0.37,-0.194,0.0
2026-06-18,EUFN,38.93,38.73,38.935,38.71,930168,36099059.0,0.58,-0.03,-0.01,0.0
2026-06-18,EUHY,53.64,53.65,53.69,53.62,11853,636106.0,0.13,0.33,0.175,0.0
2026-06-18,EUIG,50.33,50.34,50.34,50.31,228,11521.0,0.06,0.26,0.13,0.0
2026-06-18,EUM,15.29,15.17,15.29,15.14,62966,956912.0,0.96,-3.23,-0.507,0.0
2026-06-18,EUO,30.33,30.46,30.46,30.27,14207,431361.0,0.63,0.89,0.27,0.0
2026-06-18,EURK,11.44,11.44,11.44,11.44,98351,1125135.0,0.0,0.0,0.0,2.9
2026-06-18,EURKR,0.31,0.35,0.35,0.31,947,327.0,13.33,16.67,0.05,0.0
2026-06-18,EURL,46.44,46.457,46.68,46.09,13344,619410.0,1.28,0.91,0.42,0.0
2026-06-18,EUSA,112.79,112.38,112.932,112.12,26878,3024626.0,0.73,0.47,0.53,0.0
2026-06-18,EUSB,43.46,43.4,43.49,43.4,35621,1547594.0,0.21,0.21,0.09,0.0
2026-06-18,EUV,30.08,30.15,30.335,29.72,1018336,30586093.0,2.13,4.4,1.27,0.0
2026-06-18,EUVX,25.3,25.5,25.72,25.068,17000,430155.0,2.75,7.73,1.83,0.0
2026-06-18,EVAC,10.18,10.18,10.18,10.18,254,2586.0,0.0,0.0,0.0,0.0
2026-06-18,EVAC_U,10.28,10.28,10.28,10.28,37,382.0,0.0,0.0,0.0,0.0
2026-06-18,EVAC_WS,0.408,0.395,0.408,0.395,502,200.0,3.36,2.07,0.008,0.0
2026-06-18,EVAX,3.38,3.05,3.405,3.05,42455,137594.0,10.69,-8.13,-0.27,0.51
2026-06-18,EVC,9.48,9.86,9.86,9.32,1938398,18775241.0,5.74,4.89,0.46,2.34
2026-06-18,EVCM,8.81,8.95,9.03,8.545,148788,1310353.0,5.55,2.4,0.21,0.08
2026-06-18,EVER,19.84,20.16,20.4,19.425,727575,14627969.0,4.92,1.77,0.35,2.29
2026-06-18,EVEX,2.9,2.83,2.96,2.785,1242899,3533942.0,6.18,0.0,0.0,0.36
2026-06-18,EVEX_WS,0.24,0.2,0.24,0.185,33997,6745.0,28.95,5.26,0.01,0.0
2026-06-18,EVF,4.96,4.97,4.99,4.96,29612,147540.0,0.6,0.0,0.0,0.0
2026-06-18,EVG,10.71,10.76,10.79,10.681,36352,389537.0,1.02,0.84,0.09,0.0
2026-06-18,EVGN,0.54,0.525,0.558,0.51,229361,121467.0,8.65,-5.41,-0.03,1.89
2026-06-18,EVGO,1.925,1.94,1.975,1.9,4567619,8835820.0,3.97,2.65,0.05,3.24
2026-06-18,EVGOW,0.006,0.005,0.008,0.005,440744,2440.0,37.5,-37.5,-0.003,0.0
2026-06-18,EVH,4.75,4.49,4.75,4.37,2840282,12741904.0,8.14,-3.85,-0.18,2.53
2026-06-18,EVHY,52.47,52.475,52.475,52.47,614,32210.0,0.01,0.32,0.165,0.0
2026-06-18,EVI,15.94,15.9,16.71,15.6,52673,840665.0,7.04,0.89,0.14,0.41
2026-06-18,EVIM,53.17,53.27,53.29,53.17,11162,594610.0,0.23,0.32,0.17,0.0
2026-06-18,EVLN,48.9,48.9,48.9,48.84,13851,676941.0,0.12,0.1,0.05,0.0
2026-06-18,EVLU,42.21,42.356,42.47,42.21,4964,209906.0,0.62,1.57,0.654,0.0
2026-06-18,EVLV,5.81,5.65,5.83,5.53,3852534,21799099.0,5.34,0.53,0.03,2.14
2026-06-18,EVLVW,0.018,0.027,0.027,0.018,20244,375.0,50.0,50.0,0.009,0.0
2026-06-18,EVMN,21.0,21.36,21.45,20.05,665146,13910767.0,6.78,3.44,0.71,1.85
2026-06-18,EVMO,50.2,50.05,50.2,50.05,151246,7573736.0,0.3,-0.1,-0.05,1.29
2026-06-18,EVMT,18.315,18.315,18.315,18.27,908,16622.0,0.25,0.16,0.03,0.0
2026-06-18,EVMU,16.61,16.122,16.79,15.58,12096,193582.0,7.26,-3.28,-0.547,0.0
2026-06-18,EVN,10.98,10.99,10.99,10.9,34325,375943.0,0.82,0.46,0.05,0.0
2026-06-18,EVNT,12.0,12.004,12.06,11.98,5194,62566.0,0.67,0.03,0.004,0.0
2026-06-18,EVO,2.61,2.56,2.62,2.56,40078,103617.0,2.3,-1.92,-0.05,0.01
2026-06-18,EVOX,10.05,10.01,10.05,10.01,300,3119.0,0.4,0.0,0.0,0.0
2026-06-18,EVOXW,0.338,0.338,0.338,0.338,1,0.0,0.0,0.0,0.0,0.0
2026-06-18,EVPF,50.65,50.32,50.65,50.31,7029,354291.0,0.68,0.17,0.085,0.0
2026-06-18,EVR,375.0,371.72,379.72,368.51,538445,200169698.0,3.05,1.28,4.68,1.39
2026-06-18,EVRG,82.85,82.5,83.34,82.0,2848389,235238581.0,1.62,-0.42,-0.35,1.24
2026-06-18,EVSB,50.84,50.87,50.87,50.84,13782,700844.0,0.06,0.06,0.029,0.0
2026-06-18,EVSD,50.95,50.935,50.98,50.93,91264,4650580.0,0.1,0.1,0.05,0.0
2026-06-18,EVSM,50.37,50.39,50.4,50.36,54224,2733278.0,0.08,0.1,0.05,0.0
2026-06-18,EVT,26.54,26.53,26.798,26.484,72054,1916470.0,1.19,0.68,0.18,0.0
2026-06-18,EVTC,26.64,25.72,27.06,25.72,1551947,40211303.0,5.0,-4.07,-1.09,2.52
2026-06-18,EVTL,2.15,2.15,2.19,2.09,1504101,3213369.0,4.67,0.47,0.01,1.18
2026-06-18,EVTR,50.89,50.85,50.97,50.84,470303,23944274.0,0.26,0.28,0.14,0.0
2026-06-18,EVTV,1.43,1.45,1.45,1.34,579429,824146.0,7.86,3.57,0.05,4.48
2026-06-18,EVUS,35.06,34.83,35.06,34.81,23077,804536.0,0.72,0.29,0.1,0.0
2026-06-18,EVV,9.19,9.16,9.24,9.14,364880,3350801.0,1.09,-0.33,-0.03,0.0
2026-06-18,EVX,40.05,39.956,40.05,39.91,4293,171458.0,0.35,1.1,0.436,0.0
2026-06-18,EVYM,50.91,50.875,50.94,50.85,4752,241916.0,0.18,0.45,0.23,0.0
2026-06-18,EW,86.96,87.36,87.83,86.52,5550251,484533744.0,1.51,0.78,0.68,0.96
2026-06-18,EWA,28.69,28.56,28.759,28.55,2523572,72293126.0,0.73,-0.31,-0.09,0.0
2026-06-18,EWBC,128.2,126.81,129.21,126.18,3430859,435515312.0,2.38,-0.35,-0.45,2.5
2026-06-18,EWC,58.39,57.87,58.39,57.77,1537708,89120425.0,1.07,-0.55,-0.32,0.0
2026-06-18,EWD,50.19,50.34,50.43,50.073,58168,2924789.0,0.72,0.82,0.41,0.0
2026-06-18,EWG,41.53,41.52,41.67,41.44,926909,38532611.0,0.56,0.39,0.16,0.0
2026-06-18,EWH,21.36,21.28,21.38,21.22,3830983,81515609.0,0.75,-0.28,-0.06,0.0
2026-06-18,EWI,60.41,60.6,60.66,60.3,474743,28741615.0,0.6,0.73,0.44,0.0
2026-06-18,EWJ,96.23,96.26,96.52,95.98,5965374,574471632.0,0.57,1.92,1.81,0.0
2026-06-18,EWJV,46.04,45.65,46.11,45.535,120441,5516396.0,1.27,0.88,0.4,0.0
2026-06-18,EWK,26.61,26.621,26.66,26.52,10333,274906.0,0.52,-0.33,-0.089,0.0
2026-06-18,EWL,61.41,61.33,61.49,61.23,237419,14572137.0,0.42,-0.26,-0.16,0.0
2026-06-18,EWM,27.66,27.52,27.66,27.49,238682,6582324.0,0.62,-0.33,-0.09,0.0
2026-06-18,EWN,70.87,70.84,71.01,70.28,63801,4509528.0,1.04,1.4,0.98,0.0
2026-06-18,EWO,42.98,43.03,43.16,42.8,22471,964750.0,0.84,0.42,0.18,0.0
2026-06-18,EWP,59.12,59.01,59.23,58.91,252417,14908848.0,0.54,0.27,0.16,0.0
2026-06-18,EWQ,45.67,45.81,45.93,45.64,207772,9519594.0,0.64,1.01,0.46,0.0
2026-06-18,EWS,29.89,29.79,29.89,29.694,820831,24445203.0,0.66,0.68,0.2,0.0
2026-06-18,EWT,108.555,109.99,110.23,108.555,7382902,809198928.0,1.59,4.64,4.88,0.0
2026-06-18,EWTX,35.785,36.81,37.14,35.39,2007583,72962580.0,5.03,5.72,1.99,1.87
2026-06-18,EWU,45.66,45.46,45.66,45.395,923483,42019505.0,0.58,-1.0,-0.46,0.0
2026-06-18,EWUS,41.71,41.894,41.894,41.71,2971,124382.0,0.44,-0.15,-0.062,0.0
2026-06-18,EWV,16.88,16.9,17.04,16.79,14484,244696.0,1.42,-3.71,-0.652,0.0
2026-06-18,EWW,78.24,77.33,78.34,77.19,1073214,83155213.0,1.49,0.03,0.02,0.0
2026-06-18,EWX,76.05,76.15,76.17,75.907,11912,905418.0,0.35,2.12,1.58,0.0
2026-06-18,EWY,215.0,219.2,220.89,214.35,18398506,4023478976.0,3.19,6.89,14.12,0.0
2026-06-18,EWZ,33.91,33.73,34.15,33.6,24545674,829849248.0,1.61,-1.11,-0.38,0.0
2026-06-18,EWZS,12.82,12.59,12.83,12.545,235193,2977333.0,2.22,-1.79,-0.23,0.0
2026-06-18,EXC,45.56,45.81,46.26,45.45,13771526,630625168.0,1.78,0.55,0.25,1.35
2026-06-18,EXE,87.22,86.98,88.45,86.37,6907223,602014112.0,2.38,-0.55,-0.48,2.89
2026-06-18,EXEL,53.07,51.91,53.12,50.96,6545171,339638288.0,4.12,-1.01,-0.53,2.6
2026-06-18,EXFY,1.26,1.56,1.6,1.23,12528622,18754276.0,30.83,30.0,0.36,14.87
2026-06-18,EXG,9.58,9.6,9.63,9.47,480604,4612342.0,1.68,0.95,0.09,0.16
2026-06-18,EXI,199.51,198.93,200.14,198.48,23699,4717230.0,0.84,1.26,2.47,0.0
2026-06-18,EXK,8.9,8.61,9.17,8.534,10161235,88443485.0,7.18,-2.82,-0.25,3.43
2026-06-18,EXLS,27.26,25.93,27.26,25.645,6193788,161232338.0,5.8,-6.93,-1.93,4.05
2026-06-18,EXOD,6.61,5.98,6.674,5.9,138939,844319.0,11.93,-7.86,-0.51,1.28
2026-06-18,EXOZ,6.507,7.83,7.83,6.507,20019,144520.0,20.9,23.7,1.5,0.22
2026-06-18,EXP,214.07,224.58,225.33,214.07,880748,196449880.0,5.28,5.32,11.34,2.85
2026-06-18,EXPD,161.46,161.32,162.99,160.1,2583815,416605760.0,1.8,0.44,0.71,1.98
2026-06-18,EXPE,242.05,240.9,243.76,238.85,3024202,729486704.0,2.05,0.6,1.43,2.64
2026-06-18,EXPO,58.53,56.89,58.53,56.11,1398387,79727904.0,4.24,-0.21,-0.12,2.88
2026-06-18,EXR,145.05,145.33,146.6,144.24,2606882,379018608.0,1.64,0.98,1.41,1.23
2026-06-18,EXTR,31.69,31.38,31.78,30.87,4274086,134228664.0,2.95,1.78,0.55,3.27
2026-06-18,EXUS,28.43,28.589,28.67,28.36,12475,356303.0,1.11,2.16,0.604,0.0
2026-06-18,EXYN,6.43,6.84,6.99,6.24,194054,1312311.0,11.83,7.89,0.5,2.52
2026-06-18,EXYNW,0.76,1.0,1.2,0.76,4879,4638.0,38.26,-13.04,-0.15,0.0
2026-06-18,EYE,16.57,16.78,17.61,16.54,5083590,86331514.0,6.56,2.94,0.48,6.35
2026-06-18,EYEG,35.315,35.315,35.315,35.315,41,1468.0,0.0,0.23,0.082,0.0
2026-06-18,EYES,24.7,24.86,24.862,24.7,10040,249543.0,0.65,-0.86,-0.215,0.0
2026-06-18,EYLD,47.85,47.89,48.035,47.65,24990,1195571.0,0.81,0.38,0.18,0.0
2026-06-18,EYPT,13.53,13.58,14.03,13.26,1290270,17481108.0,5.86,3.27,0.43,1.54
2026-06-18,EZA,66.95,66.74,67.4,66.36,132208,8841795.0,1.56,0.35,0.23,0.0
2026-06-18,EZBC,37.14,36.38,37.145,35.99,648663,23601836.0,3.11,-1.97,-0.73,0.0
2026-06-18,EZET,13.26,12.92,13.27,12.66,76845,1009423.0,4.64,-1.67,-0.22,0.0
2026-06-18,EZGO,1.62,1.42,1.8,1.34,728560,1146009.0,27.88,-13.94,-0.23,31.6
2026-06-18,EZJ,69.83,69.93,70.03,69.64,3814,267060.0,0.58,4.51,3.02,0.0
2026-06-18,EZM,74.61,74.71,74.71,74.36,11526,859168.0,0.47,0.95,0.7,0.0
2026-06-18,EZMO,26.57,26.7,26.7,26.57,1439,38276.0,0.5,2.08,0.544,0.0
2026-06-18,EZPW,30.49,31.72,31.74,30.17,1380139,43282485.0,5.16,4.2,1.28,2.36
2026-06-18,EZPZ,15.885,15.592,15.885,15.44,2232,34747.0,2.8,-2.0,-0.318,0.0
2026-06-18,EZRA,3.45,3.47,3.588,3.42,30154,104392.0,4.81,-0.57,-0.02,5.43
2026-06-18,EZRO,25.455,25.67,25.67,25.39,1427,36408.0,1.11,2.12,0.534,0.0
2026-06-18,EZU,69.5,69.31,69.7,69.19,698494,48560431.0,0.74,0.49,0.34,0.0
2026-06-18,F,14.12,14.06,14.13,13.72,88711728,1243333744.0,2.94,0.72,0.1,2.27
2026-06-18,FA,15.96,16.07,16.09,15.535,2148772,34199337.0,3.51,1.77,0.28,1.25
2026-06-18,FAAA,50.28,50.285,50.35,50.27,39632,1993407.0,0.16,0.06,0.03,0.0
2026-06-18,FAAR,32.5,32.49,32.54,32.33,24322,789009.0,0.65,0.31,0.101,0.0
2026-06-18,FAB,99.205,99.33,99.33,99.205,635,63097.0,0.13,0.34,0.341,0.0
2026-06-18,FABC,3.51,3.7,3.78,3.4,437411,1587561.0,11.28,9.79,0.33,9.01
2026-06-18,FAC,15.0,14.59,16.0,14.34,222774,3336194.0,11.39,0.07,0.01,0.24
2026-06-18,FACT,10.65,10.67,10.67,10.64,21803,232208.0,0.28,0.19,0.02,0.12
2026-06-18,FACTU,11.99,11.99,11.99,11.99,192,2302.0,0.0,-0.08,-0.01,0.0
2026-06-18,FACTW,0.65,0.619,0.65,0.619,3600,2307.0,4.49,-10.29,-0.071,0.0
2026-06-18,FACWW,2.25,2.1,2.28,2.0,223380,487010.0,13.21,-0.94,-0.02,0.0
2026-06-18,FAD,195.58,195.44,195.58,194.31,10905,2127374.0,0.66,1.83,3.52,0.0
2026-06-18,FAF,68.09,68.63,69.09,68.063,1801939,123512355.0,1.52,1.25,0.85,1.77
2026-06-18,FAI,54.92,55.32,55.43,54.23,15362,845380.0,2.25,3.8,2.026,0.0
2026-06-18,FALN,27.16,27.19,27.21,27.16,496190,13490141.0,0.18,0.33,0.09,0.0
2026-06-18,FAMI,1.29,1.35,1.44,1.26,93172,128687.0,14.06,5.47,0.07,0.31
2026-06-18,FAN,24.73,24.82,24.857,24.62,32553,805551.0,0.96,0.89,0.22,0.0
2026-06-18,FANG,183.0,183.5,183.9,180.44,4783071,874703760.0,1.87,-1.07,-1.98,1.7
2026-06-18,FAPR,46.57,46.667,46.705,46.57,13170,614107.0,0.29,0.6,0.277,0.0
2026-06-18,FARX,28.9,29.012,29.012,28.9,1195,34636.0,0.39,0.41,0.118,0.0
2026-06-18,FAS,154.24,146.37,155.075,145.44,545914,81409370.0,6.39,-2.89,-4.36,0.0
2026-06-18,FAST,45.33,45.89,46.08,45.15,10869330,497809520.0,2.07,2.25,1.01,0.95
2026-06-18,FATE,2.0,2.09,2.14,1.93,4122848,8511693.0,10.71,6.63,0.13,3.54
2026-06-18,FATN,5.56,5.29,5.65,5.2,135922,722094.0,8.17,-3.99,-0.22,0.97
2026-06-18,FAUG,56.35,56.295,56.35,56.247,14465,814201.0,0.18,0.46,0.255,0.0
2026-06-18,FAX,14.5,14.47,14.571,14.3,244896,3522416.0,1.87,-0.07,-0.01,0.0
2026-06-18,FAZ,37.98,40.01,40.19,37.77,436952,17138137.0,6.22,2.8,1.09,0.0
2026-06-18,FB,44.64,44.64,44.65,44.64,1029,45959.0,0.02,0.5,0.223,0.0
2026-06-18,FBCG,62.4,62.72,62.83,61.93,996733,62409604.0,1.47,2.2,1.35,0.0
2026-06-18,FBCV,39.23,39.225,39.32,39.08,16871,661334.0,0.61,0.14,0.055,0.0
2026-06-18,FBDC,16.66,16.69,16.75,16.595,6475,107963.0,0.93,0.3,0.05,0.0
2026-06-18,FBGL,0.572,0.569,0.572,0.569,1076,614.0,0.51,-3.56,-0.021,0.01
2026-06-18,FBIN,41.54,42.4,43.46,41.46,2237763,95218143.0,4.93,4.46,1.81,1.88
2026-06-18,FBIO,3.14,2.99,3.16,2.98,372256,1126325.0,5.86,-2.61,-0.08,1.12
2026-06-18,FBIOP,20.65,20.06,20.65,20.06,8430,171676.0,2.88,-2.24,-0.46,0.25
2026-06-18,FBIZ,60.36,60.34,61.06,59.66,69646,4201036.0,2.35,1.39,0.83,0.83
2026-06-18,FBK,53.63,53.75,54.36,53.43,587962,31583630.0,1.75,0.94,0.5,1.14
2026-06-18,FBL,21.8,22.13,22.31,21.06,758659,16517976.0,5.84,3.46,0.74,0.0
2026-06-18,FBLA,14.51,14.49,14.51,14.35,142913,2069755.0,1.11,0.42,0.06,0.88
2026-06-18,FBLG,0.82,0.77,0.833,0.77,160437,128858.0,7.88,-3.75,-0.03,3.08
2026-06-18,FBNC,61.34,60.76,62.22,60.0,776579,47021388.0,3.68,0.78,0.47,1.88
2026-06-18,FBND,45.64,45.61,45.72,45.58,2221895,101429043.0,0.31,0.29,0.13,0.0
2026-06-18,FBOT,39.12,39.281,39.281,38.93,19019,743582.0,0.91,1.92,0.741,0.0
2026-06-18,FBP,25.18,25.2,25.34,25.04,3470098,87419133.0,1.2,1.08,0.27,2.24
2026-06-18,FBRT,8.25,8.43,8.45,8.24,3087016,25955811.0,2.56,2.8,0.23,4.01
2026-06-18,FBRT_E,19.75,19.65,19.77,19.65,14913,293933.0,0.61,0.0,0.0,0.14
2026-06-18,FBRX,17.84,17.85,18.57,17.65,228693,4093015.0,5.23,1.48,0.26,1.12
2026-06-18,FBT,229.94,228.85,229.94,226.585,25461,5795922.0,1.47,0.59,1.35,0.0
2026-06-18,FBTC,55.94,54.77,55.99,54.14,4601515,252791742.0,3.31,-2.0,-1.12,0.0
2026-06-18,FBUF,32.22,32.267,32.267,32.215,6474,208649.0,0.16,0.66,0.212,0.0
2026-06-18,FBY,9.13,9.25,9.27,9.015,225772,2064468.0,2.77,0.65,0.06,0.0
2026-06-18,FBYD,16.47,16.41,16.73,15.35,120923,1967438.0,8.7,3.47,0.55,0.25
2026-06-18,FBYDW,2.15,2.23,2.23,2.12,7276,15721.0,5.24,6.19,0.13,0.0
2026-06-18,FBYY,12.29,12.315,12.315,12.26,613,7546.0,0.45,-0.12,-0.015,0.0
2026-06-18,FC,23.42,23.89,24.2,23.27,163895,3905277.0,3.97,2.01,0.47,1.45
2026-06-18,FCA,29.34,29.04,29.34,28.97,10866,316376.0,1.25,-2.12,-0.63,0.0
2026-06-18,FCAL,49.72,49.625,49.72,49.56,9505,471784.0,0.32,0.14,0.068,0.0
2026-06-18,FCAP,63.78,63.0,63.78,62.86,9902,626724.0,1.46,-0.21,-0.135,0.3
2026-06-18,FCBC,43.64,43.42,43.92,42.95,125850,5472700.0,2.25,0.84,0.36,0.67
2026-06-18,FCBD,25.466,25.48,25.5,25.466,2295,58532.0,0.13,0.24,0.06,0.0
2026-06-18,FCBM,13.25,12.6,13.25,12.6,658165,8513958.0,5.2,0.8,0.1,2.18
2026-06-18,FCCO,31.59,31.56,31.98,31.26,129245,4078832.0,2.3,0.99,0.31,1.38
2026-06-18,FCEF,23.26,23.66,23.71,23.26,11849,280321.0,1.91,0.58,0.137,0.0
2026-06-18,FCEL,20.68,24.04,24.36,19.33,14949873,333488304.0,25.1,19.96,4.0,22.11
2026-06-18,FCF,19.51,19.53,19.63,19.415,1320407,25775696.0,1.11,0.72,0.14,1.3
2026-06-18,FCFS,223.81,227.05,228.05,219.4,585571,132151415.0,3.86,1.3,2.92,1.34
2026-06-18,FCFY,26.886,26.886,26.886,26.886,2,55.0,0.0,-0.1,-0.026,0.0
2026-06-18,FCG,27.08,26.88,27.095,26.59,1302878,34973425.0,1.85,-1.47,-0.4,0.0
2026-06-18,FCHL,1.305,1.36,1.38,1.25,65984,87133.0,10.08,5.43,0.07,5.08
2026-06-18,FCLD,38.64,38.442,38.64,38.138,17887,687528.0,1.32,1.34,0.509,0.0
2026-06-18,FCLO,50.33,50.305,50.33,50.28,1123,56543.0,0.1,0.06,0.03,0.0
2026-06-18,FCN,149.61,145.58,151.035,141.64,1530043,222463857.0,6.24,-3.33,-5.02,5.08
2026-06-18,FCNCA,2098.65,2071.62,2116.28,2049.64,200202,414902320.0,3.19,-0.87,-18.2,1.89
2026-06-18,FCNCN,25.02,25.18,25.19,25.02,35922,902986.0,0.68,0.56,0.14,0.22
2026-06-18,FCNCO,20.65,20.775,20.814,20.65,4968,102989.0,0.8,0.75,0.155,0.06
2026-06-18,FCNCP,20.655,20.505,20.68,20.31,7820,160245.0,1.81,0.17,0.035,0.06
2026-06-18,FCOM,70.34,70.39,70.68,69.505,172311,12123437.0,1.68,0.5,0.35,0.0
2026-06-18,FCOR,47.41,47.27,47.41,47.24,28425,1345336.0,0.36,0.34,0.16,0.0
2026-06-18,FCPI,54.4,54.182,54.4,54.025,10741,582026.0,0.69,0.36,0.192,0.0
2026-06-18,FCPT,24.6,24.49,24.62,24.29,1995245,48839051.0,1.35,0.2,0.05,1.82
2026-06-18,FCRS,10.18,10.18,10.21,10.18,31339,319334.0,0.29,-0.1,-0.01,0.11
2026-06-18,FCRS_U,10.39,10.38,10.39,10.37,5400,56057.0,0.19,0.14,0.015,0.0
2026-06-18,FCRS_WS,0.85,0.85,0.85,0.85,1356,1151.0,0.0,9.68,0.075,0.0
2026-06-18,FCSH,24.17,24.155,24.3,24.15,6251,151174.0,0.62,0.15,0.035,0.0
2026-06-18,FCT,9.59,9.59,9.63,9.59,61588,592023.0,0.42,-0.21,-0.02,0.0
2026-06-18,FCTE,28.27,28.05,28.33,28.0,22928,648377.0,1.18,0.6,0.167,0.0
2026-06-18,FCTR,40.3,40.49,40.545,40.3,3428,138845.0,0.61,1.21,0.486,0.0
2026-06-18,FCUS,45.76,45.75,45.81,45.2,21802,992670.0,1.37,2.58,1.15,0.0
2026-06-18,FCUV,0.676,0.582,0.676,0.567,304990,183766.0,16.03,-14.41,-0.098,10.85
2026-06-18,FCVT,54.46,54.44,54.65,54.04,51235,2790019.0,1.13,1.28,0.688,0.0
2026-06-18,FCX,69.95,68.68,70.62,68.02,17963747,1238782160.0,3.76,-0.55,-0.38,1.25
2026-06-18,FCXG,16.425,15.63,16.425,15.26,30770,481794.0,7.41,-0.6,-0.094,0.0
2026-06-18,FDAT,22.13,22.161,22.161,22.13,402,8901.0,0.14,0.74,0.163,0.0
2026-06-18,FDBC,48.71,49.67,49.78,48.5,19295,950722.0,2.68,4.15,1.98,0.33
2026-06-18,FDCF,49.17,49.914,49.92,49.125,12681,628905.0,1.62,1.73,0.851,0.0
2026-06-18,FDD,19.52,19.42,19.52,19.36,208158,4048558.0,0.82,-0.82,-0.16,0.0
2026-06-18,FDEC,54.26,54.407,54.44,54.26,9437,513000.0,0.33,0.61,0.33,0.0
2026-06-18,FDEM,37.28,37.62,37.7,37.24,47273,1774741.0,1.24,1.51,0.56,0.0
2026-06-18,FDEV,35.63,35.52,35.66,35.47,18827,669290.0,0.53,-1.52,-0.55,0.0
2026-06-18,FDFF,32.9,32.997,32.997,32.9,1399,46071.0,0.29,-0.01,-0.004,0.0
2026-06-18,FDG,132.82,134.54,134.835,132.82,7315,980684.0,1.52,1.74,2.295,0.0
2026-06-18,FDHY,49.37,49.249,49.37,49.18,66434,3271300.0,0.39,0.16,0.079,0.0
2026-06-18,FDIF,39.48,39.754,39.754,39.44,1764,69820.0,0.8,1.67,0.652,0.0
2026-06-18,FDIG,46.2,46.273,46.38,45.507,13938,640401.0,1.93,2.22,1.004,0.0
2026-06-18,FDIQ,65.76,65.327,65.76,65.327,486,31882.0,0.65,-1.58,-1.048,0.0
2026-06-18,FDIS,101.32,102.11,102.505,100.73,78940,8036927.0,1.76,1.53,1.54,0.0
2026-06-18,FDIV,27.925,27.689,27.93,27.66,1870,51873.0,0.97,-0.42,-0.118,0.0
2026-06-18,FDL,49.4,49.05,49.4,48.95,1152432,56546216.0,0.91,-0.87,-0.43,0.0
2026-06-18,FDLO,68.66,68.24,68.66,68.18,40959,2797057.0,0.7,-0.63,-0.43,0.0
2026-06-18,FDLS,41.61,41.478,41.61,41.26,17142,710978.0,0.85,0.99,0.408,0.0
2026-06-18,FDM,89.56,89.456,89.56,89.03,4805,429373.0,0.6,1.27,1.118,0.0
2026-06-18,FDMO,98.05,97.82,98.09,97.48,26774,2616311.0,0.63,1.56,1.501,0.0
2026-06-18,FDMT,9.72,9.66,9.97,9.45,892231,8628955.0,5.52,2.55,0.24,1.71
2026-06-18,FDN,264.6,265.68,265.995,260.715,185243,49018538.0,2.01,1.11,2.92,0.0
2026-06-18,FDND,20.84,21.139,21.139,20.84,2298,48312.0,1.43,1.0,0.209,0.0
2026-06-18,FDNI,26.04,26.246,26.246,26.04,2612,68307.0,0.79,0.54,0.141,0.0
2026-06-18,FDP,27.78,27.44,27.985,27.31,1185984,32605799.0,2.43,-1.15,-0.32,2.49
2026-06-18,FDRR,65.77,65.27,65.77,65.02,16801,1098465.0,1.14,-0.53,-0.35,0.0
2026-06-18,FDRS,23.5,23.59,23.63,23.48,26359,621760.0,0.64,0.94,0.22,0.0
2026-06-18,FDRV,19.61,19.721,19.721,19.57,7511,147840.0,0.78,1.92,0.371,0.0
2026-06-18,FDRX,21.54,21.815,21.815,21.54,7060,153360.0,1.28,1.84,0.394,0.0
2026-06-18,FDS,218.68,221.29,223.985,216.56,1732919,382377328.0,3.25,-3.07,-7.01,4.76
2026-06-18,FDSB,16.055,15.99,16.107,15.92,6441,103078.0,1.18,0.57,0.09,0.12
2026-06-18,FDT,99.37,99.398,99.699,99.05,89934,8939831.0,0.66,0.65,0.638,0.0
2026-06-18,FDTS,68.81,68.653,68.81,68.38,2741,188295.0,0.63,0.18,0.124,0.0
2026-06-18,FDTX,57.72,57.935,58.39,57.19,69846,4050107.0,2.14,3.2,1.795,0.0
2026-06-18,FDUS,18.06,18.35,18.37,18.04,515933,9432784.0,1.83,1.77,0.32,1.36
2026-06-18,FDV,31.32,31.04,31.32,30.98,97555,3033470.0,1.09,-0.7,-0.22,0.0
2026-06-18,FDVV,60.79,60.59,60.845,60.485,738155,44776061.0,0.59,-0.43,-0.26,0.0
2026-06-18,FDX,329.95,326.2,331.095,324.47,2531818,827207856.0,2.03,0.08,0.27,1.06
2026-06-18,FDXF,165.0,162.85,167.42,160.1,3231509,528646576.0,4.52,0.59,0.95,2.16
2026-06-18,FE,46.01,46.45,47.005,46.0,6936524,322342464.0,2.18,0.67,0.31,1.2
2026-06-18,FEAC,32.42,32.21,32.42,32.21,3173,102576.0,0.66,0.63,0.203,0.0
2026-06-18,FEAM,1.64,1.6,1.645,1.575,120063,191611.0,4.32,-1.23,-0.02,0.29
2026-06-18,FEBM,31.12,31.21,31.21,31.12,8151,254108.0,0.29,0.14,0.045,0.0
2026-06-18,FEBO,0.952,0.953,1.0,0.925,5305,5104.0,7.35,-6.57,-0.067,0.17
2026-06-18,FEBP,33.97,34.021,34.021,33.97,173,5877.0,0.15,0.61,0.207,0.0
2026-06-18,FEBT,41.04,41.05,41.12,41.0,6771,278024.0,0.29,0.59,0.24,0.0
2026-06-18,FEBU,29.7,29.73,29.74,29.7,1358,40382.0,0.14,0.92,0.27,0.0
2026-06-18,FEBW,35.52,35.528,35.55,35.46,10915,387481.0,0.25,0.31,0.111,0.0
2026-06-18,FEBZ,40.31,40.405,40.405,40.31,370,14960.0,0.24,0.87,0.348,0.0
2026-06-18,FEDM,62.206,62.206,62.206,62.206,30,1924.0,0.0,-1.17,-0.736,0.0
2026-06-18,FEDU,9.6,10.38,10.56,9.6,870,8892.0,8.85,-4.33,-0.47,0.04
2026-06-18,FEED,0.726,0.672,0.726,0.63,498339,332096.0,13.22,-7.44,-0.054,8.18
2026-06-18,FEGE,49.35,49.17,49.39,49.075,208919,10278033.0,0.64,0.18,0.09,0.0
2026-06-18,FEIG,40.89,40.87,40.89,40.8,1514,61888.0,0.22,0.27,0.109,0.0
2026-06-18,FEIM,72.9,72.82,73.08,69.65,176524,12652590.0,4.88,3.7,2.6,1.79
2026-06-18,FELC,42.06,41.95,42.06,41.815,661396,27722365.0,0.59,0.84,0.35,0.0
2026-06-18,FELE,104.82,104.2,105.92,103.325,1030339,107457845.0,2.51,0.92,0.95,2.33
2026-06-18,FELG,43.69,43.72,43.81,43.34,486600,21208896.0,1.09,1.23,0.53,0.0
2026-06-18,FELV,40.2,40.04,40.21,39.96,78303,3139188.0,0.63,0.35,0.14,0.0
2026-06-18,FEM,32.65,32.62,32.73,32.5,175780,5733721.0,0.72,1.77,0.566,0.0
2026-06-18,FEMB,29.61,29.52,29.64,29.42,103733,3061330.0,0.74,-0.3,-0.088,0.0
2026-06-18,FEMD,37.51,37.628,37.68,37.44,426,16036.0,0.65,1.85,0.684,0.0
2026-06-18,FEMG,26.16,26.096,26.16,26.06,2332,60803.0,0.39,0.97,0.251,0.0
2026-06-18,FEMR,43.28,43.73,43.73,43.205,34552,1501925.0,1.23,2.53,1.08,0.0
2026-06-18,FEMS,47.23,46.995,47.33,46.52,23220,1093466.0,1.74,1.11,0.515,0.0
2026-06-18,FEMV,26.16,26.133,26.16,26.133,509,13324.0,0.1,0.64,0.165,0.0
2026-06-18,FEMY,4.29,4.04,4.33,3.85,43802,176438.0,11.46,-3.58,-0.15,1.45
2026-06-18,FENC,9.2,9.06,9.31,8.85,372699,3371265.0,5.12,0.89,0.08,1.07
2026-06-18,FENG,1.6,1.55,1.6,1.55,2631,4122.0,3.14,-2.52,-0.04,0.05
2026-06-18,FENI,40.45,40.32,40.45,40.25,1321265,53295694.0,0.49,-0.35,-0.14,0.0
2026-06-18,FENY,29.87,29.66,29.89,29.355,2059624,60859427.0,1.76,-2.31,-0.7,0.0
2026-06-18,FEOE,53.96,53.87,53.97,53.68,198667,10700612.0,0.54,0.67,0.36,0.0
2026-06-18,FEP,58.15,58.059,58.26,57.79,15242,885091.0,0.8,-0.94,-0.551,0.0
2026-06-18,FEPI,43.87,44.19,44.3,43.46,226763,9965624.0,1.95,2.34,1.01,0.0
2026-06-18,FER,70.045,69.22,70.145,69.13,2462195,170955135.0,1.48,0.71,0.49,0.34
2026-06-18,FERA,10.47,10.42,10.47,10.42,350125,3648308.0,0.48,0.1,0.01,1.48
2026-06-18,FERAR,0.34,0.317,0.34,0.274,111900,36979.0,20.0,-3.94,-0.013,0.0
2026-06-18,FERG,231.03,238.35,241.86,231.03,2049622,489204992.0,4.72,3.8,8.73,1.06
2026-06-18,FESM,46.5,46.77,46.86,46.12,810336,37764885.0,1.61,1.9,0.87,0.0
2026-06-18,FET,50.26,51.52,51.75,48.685,604242,30945631.0,6.04,1.52,0.77,5.35
2026-06-18,FETH,17.42,16.99,17.44,16.64,1566668,26642918.0,4.63,-1.56,-0.27,0.0
2026-06-18,FEUS,80.646,80.646,80.646,80.646,86,6970.0,0.0,0.71,0.571,0.0
2026-06-18,FEUZ,67.61,68.079,68.079,67.61,1082,73494.0,0.69,-0.47,-0.319,0.0
2026-06-18,FEX,138.62,137.92,138.62,137.75,9901,1367891.0,0.64,0.92,1.262,0.0
2026-06-18,FEZ,69.99,70.06,70.215,69.78,7483066,524162416.0,0.63,1.18,0.82,0.0
2026-06-18,FF,4.23,4.24,4.27,4.2,186970,791907.0,1.65,0.24,0.01,0.43
2026-06-18,FFA,22.6,22.61,22.65,22.43,15261,344538.0,0.98,1.03,0.23,0.0
2026-06-18,FFAI,0.302,0.291,0.31,0.283,25130125,7355931.0,9.18,-1.02,-0.003,8.27
2026-06-18,FFAIW,0.01,0.009,0.01,0.009,12042,111.0,11.11,0.0,0.0,0.0
2026-06-18,FFBC,31.65,31.61,32.03,31.37,1723370,54505432.0,2.1,0.48,0.15,1.64
2026-06-18,FFC,15.97,15.95,16.05,15.9,121028,1932570.0,0.94,-0.13,-0.02,0.0
2026-06-18,FFDI,32.925,32.93,33.02,32.91,1892,62342.0,0.33,0.12,0.041,0.0
2026-06-18,FFEB,60.88,60.981,60.99,60.88,9338,569178.0,0.18,0.62,0.373,0.0
2026-06-18,FFEM,44.73,45.08,45.24,44.626,16954,762578.0,1.4,3.04,1.331,0.0
2026-06-18,FFF,24.42,24.671,24.671,24.35,792,19512.0,1.31,0.74,0.181,0.0
2026-06-18,FFGX,35.34,35.356,35.39,35.27,1801,63651.0,0.34,1.15,0.402,0.0
2026-06-18,FFIN,32.86,32.78,33.085,32.69,1976992,64874169.0,1.21,0.64,0.21,1.38
2026-06-18,FFIU,22.05,22.05,22.05,22.05,15,338.0,0.0,0.35,0.077,0.0
2026-06-18,FFIV,389.68,385.49,391.77,374.4,1652081,635029200.0,4.51,0.16,0.61,2.93
2026-06-18,FFLC,59.42,59.4,59.48,59.22,46590,2765549.0,0.44,1.07,0.63,0.0
2026-06-18,FFLG,34.41,34.675,34.72,34.3,67905,2347225.0,1.24,2.32,0.785,0.0
2026-06-18,FFLS,22.74,22.994,22.994,22.74,4775,109468.0,1.12,1.81,0.408,0.0
2026-06-18,FFLV,27.53,27.485,27.53,27.485,818,22509.0,0.16,0.05,0.015,0.0
2026-06-18,FFND,32.11,32.186,32.186,32.06,7256,232898.0,0.4,0.95,0.303,0.0
2026-06-18,FFOG,51.0,51.36,51.38,50.56,67427,3440820.0,1.64,2.97,1.48,0.0
2026-06-18,FFOX,28.86,29.08,29.1,28.76,14409,417745.0,1.19,1.71,0.49,0.0
2026-06-18,FFSM,37.39,37.45,37.52,37.13,168830,6305833.0,1.06,1.52,0.56,0.0
2026-06-18,FFTY,42.42,42.96,43.053,42.01,31490,1340428.0,2.51,3.32,1.38,0.0
2026-06-18,FFUT,58.64,58.665,58.665,58.481,4399,257643.0,0.31,-0.37,-0.22,0.0
2026-06-18,FG,26.87,27.49,27.58,26.755,2544310,69740102.0,3.08,2.61,0.7,1.92
2026-06-18,FGBI,10.44,10.6,10.835,10.44,28254,300583.0,3.78,1.34,0.14,0.17
2026-06-18,FGBIP,20.08,20.08,20.08,20.08,1000,20080.0,0.0,0.4,0.08,0.07
2026-06-18,FGD,33.2,33.14,33.2,33.05,236202,7824989.0,0.45,-0.57,-0.19,0.0
2026-06-18,FGDL,56.66,56.139,56.75,55.96,11795,664239.0,1.4,-0.6,-0.341,0.0
2026-06-18,FGI,4.61,4.68,4.89,4.46,35845,165426.0,9.31,1.3,0.06,1.86
2026-06-18,FGII,9.93,9.93,9.93,9.93,93,923.0,0.0,0.0,0.0,0.0
2026-06-18,FGIWW,0.04,0.04,0.04,0.04,15,1.0,0.0,0.0,0.0,0.0
2026-06-18,FGL,1.62,1.76,1.8,1.57,519888,887103.0,13.37,2.33,0.04,49.4
2026-06-18,FGM,64.65,64.65,64.65,64.65,781,50447.0,0.0,-0.08,-0.053,0.0
2026-06-18,FGMC,9.88,10.3,10.3,9.67,43586,439307.0,6.49,6.19,0.6,0.42
2026-06-18,FGMCR,0.93,0.991,1.0,0.93,44674,43478.0,7.49,5.99,0.056,0.0
2026-06-18,FGMCU,10.53,11.5,11.5,10.53,762,8425.0,9.51,12.75,1.3,0.0
2026-06-18,FGN,24.39,24.2,24.57,24.03,167561,4061244.0,2.21,-0.78,-0.19,0.0
2026-06-18,FGNX,6.0,5.67,6.12,5.63,78305,454032.0,8.24,-4.71,-0.28,1.37
2026-06-18,FGNXP,24.98,24.98,24.98,24.98,514,12905.0,0.0,-0.85,-0.214,0.08
2026-06-18,FGRU,8.72,9.469,9.54,8.69,42407,389298.0,9.75,8.59,0.749,0.0
2026-06-18,FGSI,20.27,20.285,20.31,20.27,2688,54505.0,0.2,0.35,0.07,0.0
2026-06-18,FGSM,34.61,34.742,34.742,34.61,785,27208.0,0.38,0.89,0.308,0.0
2026-06-18,FGSN,21.53,21.53,21.65,21.51,56468,1219897.0,0.65,-0.14,-0.03,0.0
2026-06-18,FHB,27.93,27.93,28.205,27.75,2454291,68586299.0,1.64,0.61,0.17,2.02
2026-06-18,FHDG,36.145,36.24,36.24,36.145,2840,102748.0,0.26,0.65,0.235,0.0
2026-06-18,FHEQ,33.4,33.2,33.4,33.1,28916,958706.0,0.91,0.73,0.24,0.0
2026-06-18,FHI,59.83,59.07,59.83,58.56,1486719,87819175.0,2.14,-0.37,-0.22,1.96
2026-06-18,FHLC,72.94,72.22,73.02,71.845,126016,9096825.0,1.61,-0.89,-0.65,0.0
2026-06-18,FHN,25.04,24.81,25.085,24.71,6956880,172709914.0,1.52,0.32,0.08,1.47
2026-06-18,FHN_E,24.28,24.4,24.5,24.28,1098,26786.0,0.9,0.29,0.07,0.02
2026-06-18,FHN_F,17.48,17.39,17.48,17.39,2313,40368.0,0.52,0.21,0.036,0.04
2026-06-18,FHN_H,25.019,25.04,25.09,24.99,60671,1518413.0,0.4,0.16,0.04,0.38
2026-06-18,FHTX,4.13,4.15,4.17,4.05,191072,789586.0,2.96,2.47,0.1,0.33
2026-06-18,FHYS,23.16,23.153,23.16,23.11,9522,220445.0,0.22,0.16,0.038,0.0
2026-06-18,FIAT,21.58,22.08,22.32,21.455,67217,1475384.0,3.85,-1.74,-0.39,0.0
2026-06-18,FIAX,17.53,17.52,17.535,17.48,8539,149588.0,0.31,-0.45,-0.08,0.0
2026-06-18,FIBK,36.0,36.43,36.54,35.88,2426846,88183566.0,1.85,2.22,0.79,2.5
2026-06-18,FICO,1133.51,1096.48,1137.155,1080.0,889942,976105408.0,5.07,-2.69,-30.36,3.84
2026-06-18,FICS,41.43,41.529,41.62,39.45,11228,460764.0,5.25,0.39,0.16,0.0
2026-06-18,FID,21.9,21.945,21.995,21.86,15349,336691.0,0.61,-0.29,-0.064,0.0
2026-06-18,FIDI,27.43,27.295,27.43,27.25,88892,2428469.0,0.65,-1.92,-0.535,0.0
2026-06-18,FIDU,97.97,97.56,98.28,97.15,166577,16264838.0,1.17,0.77,0.75,0.0
2026-06-18,FIEE,4.16,4.05,4.427,4.01,3923,16458.0,10.4,1.0,0.04,0.05
2026-06-18,FIG,18.95,18.88,19.18,18.29,20673160,387772240.0,4.77,1.23,0.23,4.64
2026-06-18,FIGB,43.05,42.91,43.05,42.88,49060,2107378.0,0.4,0.09,0.04,0.0
2026-06-18,FIGG,15.71,15.84,16.34,14.892,215622,3388117.0,9.35,2.26,0.35,0.0
2026-06-18,FIGR,27.415,28.55,28.71,27.0,7805852,220826498.0,6.24,4.2,1.15,4.27
2026-06-18,FIGS,12.24,12.31,12.48,12.02,3651742,44876142.0,3.75,0.24,0.03,2.3
2026-06-18,FIGX,10.24,10.24,10.24,10.24,560,5737.0,0.0,-0.58,-0.06,0.0
2026-06-18,FIIG,20.78,20.75,20.83,20.75,107893,2242859.0,0.39,0.27,0.055,0.0
2026-06-18,FINS,12.67,12.63,12.785,12.57,58026,733852.0,1.7,-0.32,-0.04,0.0
2026-06-18,FINT,36.75,36.756,36.756,36.695,1785,65568.0,0.17,1.16,0.422,0.0
2026-06-18,FINV,4.8,4.67,4.8,4.63,2116416,9903933.0,3.53,-2.91,-0.14,1.72
2026-06-18,FINW,13.98,14.18,14.24,13.78,52732,741551.0,3.34,2.83,0.39,0.38
2026-06-18,FINX,24.86,24.97,25.18,24.49,85644,2128461.0,2.79,1.01,0.25,0.0
2026-06-18,FINY,25.19,25.19,25.19,25.19,75,1889.0,0.0,-0.49,-0.125,0.0
2026-06-18,FIP,4.88,4.81,4.96,4.742,1132889,5473796.0,4.6,1.48,0.07,0.96
2026-06-18,FIS,38.63,38.21,38.9,37.85,11072614,423930816.0,2.72,-0.96,-0.37,2.14
2026-06-18,FISI,37.28,37.36,37.73,37.11,323606,12088522.0,1.67,0.92,0.34,1.64
2026-06-18,FISK,5.01,5.01,5.01,5.01,1905,9523.0,0.0,-6.96,-0.375,0.09
2026-06-18,FISN,16.0,14.56,19.0,14.56,2778991,45668361.0,27.75,-9.0,-1.44,4.61
2026-06-18,FISR,25.63,25.599,25.66,25.585,77103,1975033.0,0.29,0.23,0.059,0.0
2026-06-18,FISV,48.57,47.86,48.95,47.5,13540220,650826176.0,2.97,-1.87,-0.91,2.54
2026-06-18,FITB,53.09,52.74,53.21,52.56,11882500,627754432.0,1.24,0.3,0.16,
2026-06-18,FITE,108.34,106.847,108.34,105.05,7935,842269.0,3.08,-0.13,-0.137,0.0
2026-06-18,FITZ,24.35,24.16,24.35,23.97,105151,2530005.0,1.58,0.21,0.05,0.0
2026-06-18,FIVA,38.76,38.65,38.76,38.466,156970,6065375.0,0.76,-0.51,-0.2,0.0
2026-06-18,FIVE,194.13,194.06,194.98,191.52,1053845,203969238.0,1.81,1.46,2.8,1.91
2026-06-18,FIVN,19.22,19.395,19.76,18.55,4379995,84448138.0,6.25,0.18,0.035,5.72
2026-06-18,FIW,105.77,106.06,106.61,105.705,48425,5136858.0,0.86,1.14,1.2,0.0
2026-06-18,FIX,1990.05,1967.41,2004.99,1935.0,724273,1425958816.0,3.62,1.84,35.64,2.06
2026-06-18,FIXD,43.74,43.729,43.84,43.715,301478,13197553.0,0.29,0.28,0.121,0.0
2026-06-18,FIXP,19.835,19.889,19.91,19.835,1200,23867.0,0.38,0.47,0.094,0.0
2026-06-18,FIXT,37.67,37.65,37.7,37.65,15859,597488.0,0.13,-0.13,-0.05,0.0
2026-06-18,FIYY,24.52,24.52,24.52,24.52,59,1469.0,0.0,-0.06,-0.015,0.0
2026-06-18,FIZZ,36.98,36.29,37.46,35.84,614608,22370442.0,4.4,-1.41,-0.52,0.66
2026-06-18,FJAN,54.99,55.119,55.18,54.97,20346,1119785.0,0.38,0.56,0.309,0.0
2026-06-18,FJET,5.35,5.22,5.49,4.94,1940155,9824928.0,10.36,-1.69,-0.09,3.91
2026-06-18,FJP,78.66,78.755,79.34,78.54,13084,1032943.0,1.03,1.25,0.97,0.0
2026-06-18,FJUL,59.315,59.36,59.39,59.29,11595,688193.0,0.17,0.3,0.18,0.0
2026-06-18,FJUN,59.91,59.92,60.09,59.8,151664,9088983.0,0.48,0.1,0.06,0.0
2026-06-18,FKU,53.82,53.724,53.82,53.58,455,24477.0,0.44,-0.51,-0.275,0.0
2026-06-18,FKWL,2.62,2.62,2.65,2.61,13813,36195.0,1.51,-0.95,-0.025,0.12
2026-06-18,FLAG,27.22,27.22,27.22,27.22,42,1164.0,0.0,0.09,0.025,0.0
2026-06-18,FLAO,28.23,28.23,28.23,28.23,2,57.0,0.0,-0.04,-0.01,0.0
2026-06-18,FLAU,34.65,34.695,34.7,34.64,21993,762194.0,0.17,-0.03,-0.01,0.0
2026-06-18,FLAX,38.25,38.744,38.744,38.25,6555,253198.0,1.32,3.25,1.22,0.0
2026-06-18,FLBL,22.89,22.9,22.91,22.875,100578,2302502.0,0.15,0.13,0.03,0.0
2026-06-18,FLBR,21.35,21.29,21.48,21.17,120199,2557242.0,1.44,-0.84,-0.18,0.0
2026-06-18,FLC,16.78,16.77,16.9,16.761,23653,397547.0,0.83,0.06,0.01,0.0
2026-06-18,FLCA,52.47,51.978,52.47,51.87,15699,816617.0,1.15,-0.44,-0.232,0.0
2026-06-18,FLCB,21.4,21.37,21.428,21.37,315075,6743386.0,0.27,0.14,0.03,0.0
2026-06-18,FLCC,34.94,34.986,35.01,34.872,29077,1015174.0,0.4,1.08,0.374,0.0
2026-06-18,FLCE,30.94,31.048,31.048,30.94,3044,94249.0,0.35,1.17,0.358,0.0
2026-06-18,FLCG,33.5,33.52,33.53,33.305,18614,621489.0,0.68,1.58,0.52,0.0
2026-06-18,FLCH,21.3,21.24,21.3,21.185,144324,3063539.0,0.54,-0.09,-0.02,0.0
2026-06-18,FLCO,21.47,21.415,21.477,21.411,22035,472559.0,0.31,0.19,0.041,0.0
2026-06-18,FLCV,35.49,35.483,35.562,35.361,6175,219040.0,0.57,0.58,0.206,0.0
2026-06-18,FLD,0.62,0.57,0.659,0.57,826268,494517.0,14.45,-7.47,-0.046,1.63
2026-06-18,FLDB,50.37,50.37,50.39,50.37,1246,62796.0,0.04,0.07,0.035,0.0
2026-06-18,FLDDW,0.14,0.121,0.14,0.1,2015,253.0,31.25,-5.47,-0.007,0.0
2026-06-18,FLDR,50.23,50.2,50.24,50.195,205562,10324811.0,0.09,0.04,0.02,0.0
2026-06-18,FLDZ,30.525,30.525,30.525,30.525,5,177.0,0.0,0.67,0.202,0.0
2026-06-18,FLEE,39.32,39.23,39.41,39.23,5015,197042.0,0.46,0.2,0.077,0.0
2026-06-18,FLEU,36.405,36.442,36.51,36.38,2565,93411.0,0.36,0.72,0.262,0.0
2026-06-18,FLEX,147.02,147.61,153.38,143.85,80915265,11945927168.0,6.66,3.13,4.48,22.08
2026-06-18,FLG,14.79,14.65,14.8,14.42,8272922,121174712.0,2.6,0.34,0.05,1.98
2026-06-18,FLGB,35.41,35.28,35.41,35.23,36869,1302458.0,0.51,-0.9,-0.32,0.0
2026-06-18,FLGR,33.43,33.496,33.51,33.43,1270,42542.0,0.24,0.6,0.199,0.0
2026-06-18,FLGT,17.94,18.0,18.235,17.75,684420,12327425.0,2.74,1.69,0.3,2.41
2026-06-18,FLGV,20.28,20.255,20.298,20.25,62400,1265291.0,0.24,0.27,0.055,0.0
2026-06-18,FLG_A,22.87,22.91,22.91,22.8,16714,382179.0,0.48,0.7,0.16,0.08
2026-06-18,FLG_U,41.28,40.94,41.28,40.7,3584,147106.0,1.42,-0.06,-0.025,0.0
2026-06-18,FLHY,24.25,24.29,24.3,24.25,318798,7740735.0,0.21,0.33,0.08,0.0
2026-06-18,FLIA,20.48,20.475,20.495,20.47,91633,1877223.0,0.12,0.07,0.015,0.0
2026-06-18,FLIN,35.63,35.47,35.66,35.455,207566,7377647.0,0.58,1.0,0.35,0.0
2026-06-18,FLJH,46.74,46.86,46.89,46.505,23863,1116185.0,0.84,1.89,0.87,0.0
2026-06-18,FLJJ,33.695,33.705,33.705,33.695,446,15028.0,0.03,0.34,0.115,0.0
2026-06-18,FLJP,41.18,41.04,41.18,40.93,775374,31844653.0,0.62,1.48,0.6,0.0
2026-06-18,FLKR,70.16,71.69,72.3,70.16,1040629,74319894.0,3.21,7.4,4.94,0.0
2026-06-18,FLL,2.83,2.88,2.92,2.824,140499,403421.0,3.39,1.77,0.05,0.39
2026-06-18,FLLA,27.05,26.92,27.1,26.83,36298,976375.0,1.0,-0.61,-0.165,0.0
2026-06-18,FLMB,23.95,23.965,24.0,23.93,10540,252527.0,0.29,0.15,0.035,0.0
2026-06-18,FLMI,25.06,25.07,25.1,25.05,1112107,27896560.0,0.2,0.24,0.06,0.0
2026-06-18,FLMX,38.74,38.47,38.74,38.47,6094,235217.0,0.7,0.05,0.02,0.0
2026-06-18,FLN,25.13,24.96,25.15,24.96,4797,120236.0,0.76,-0.72,-0.182,0.0
2026-06-18,FLNA,1.24,1.22,1.25,1.2,465000,566749.0,3.72,0.83,0.01,0.96
2026-06-18,FLNC,24.23,24.8,25.05,22.03,10044712,241517754.0,12.89,5.89,1.38,7.56
2026-06-18,FLNG,29.93,29.74,29.99,29.34,548327,16252576.0,2.16,-1.23,-0.37,1.01
2026-06-18,FLNT,2.92,3.02,3.035,2.84,60416,179653.0,6.52,1.0,0.03,0.2
2026-06-18,FLO,7.3,7.78,7.81,7.3,13961108,107794011.0,6.96,6.14,0.45,6.59
2026-06-18,FLOC,22.61,22.71,22.74,21.91,1597356,36105951.0,3.68,0.66,0.15,3.82
2026-06-18,FLOT,50.99,51.0,51.01,50.96,1732251,88337396.0,0.1,0.08,0.04,0.0
2026-06-18,FLOW,36.52,37.512,37.519,36.52,1032,38540.0,2.67,0.2,0.076,0.0
2026-06-18,FLQL,78.38,78.1,78.38,77.9,62689,4896537.0,0.62,0.98,0.76,0.0
2026-06-18,FLQM,57.12,56.91,57.12,56.8,117385,6695728.0,0.56,0.21,0.12,0.0
2026-06-18,FLQS,47.1,47.231,47.3,47.09,1266,59765.0,0.45,1.39,0.647,0.0
2026-06-18,FLR,52.73,53.66,53.92,51.85,7935248,424716512.0,3.99,3.35,1.74,5.68
2026-06-18,FLRG,40.62,40.62,40.7,40.59,12145,493676.0,0.27,0.15,0.059,0.0
2026-06-18,FLRN,30.8,30.82,30.82,30.8,1034982,31883874.0,0.06,0.1,0.03,0.0
2026-06-18,FLRT,46.93,46.92,46.93,46.88,55848,2620057.0,0.11,0.11,0.05,0.0
2026-06-18,FLS,80.18,81.7,82.52,80.08,2616224,213228705.0,3.09,3.51,2.77,2.05
2026-06-18,FLSA,33.7,33.77,33.77,33.675,2023,68218.0,0.28,0.87,0.29,0.0
2026-06-18,FLSP,27.33,27.7,27.738,27.32,79567,2197312.0,1.51,-0.14,-0.04,0.0
2026-06-18,FLSW,43.29,43.282,43.365,43.22,3440,149022.0,0.33,-0.32,-0.141,0.0
2026-06-18,FLTB,50.16,50.2,50.213,50.123,28942,1452830.0,0.18,0.1,0.05,0.0
2026-06-18,FLTR,25.56,25.56,25.57,25.55,857138,21910728.0,0.08,0.04,0.01,0.0
2026-06-18,FLTW,106.27,107.53,107.69,106.19,187307,20047596.0,1.46,4.37,4.5,0.0
2026-06-18,FLUD,25.05,24.99,25.05,24.97,195840,4892681.0,0.32,-0.04,-0.01,0.0
2026-06-18,FLUT,100.21,101.83,105.03,99.35,3821210,390805312.0,5.59,0.18,0.18,2.2
2026-06-18,FLUX,0.876,0.86,0.887,0.852,100192,86541.0,4.0,-1.83,-0.016,0.47
2026-06-18,FLV,80.68,80.473,80.68,80.35,4278,344206.0,0.41,0.19,0.153,0.0
2026-06-18,FLWS,3.9,3.89,3.95,3.805,712905,2774400.0,3.75,0.52,0.02,1.93
2026-06-18,FLX,2.21,2.19,2.25,2.17,221523,488303.0,3.69,0.92,0.02,0.38
2026-06-18,FLXI,48.996,48.965,48.996,48.965,500,24498.0,0.06,-0.46,-0.225,0.0
2026-06-18,FLXN,25.11,25.107,25.13,25.091,2643,66365.0,0.16,0.38,0.095,0.0
2026-06-18,FLXR,39.13,39.13,39.18,39.115,303620,11884581.0,0.17,0.2,0.08,0.0
2026-06-18,FLXS,64.31,64.85,66.24,62.899,122282,7937711.0,5.28,2.46,1.56,2.28
2026-06-18,FLY,31.55,30.95,31.77,28.827,13334434,404548336.0,9.45,-0.64,-0.2,7.74
2026-06-18,FLYD,44.19,44.537,44.537,43.8,1589,70142.0,1.55,-6.14,-2.913,0.0
2026-06-18,FLYE,2.3,2.17,2.3,2.17,38690,86171.0,5.65,-5.65,-0.13,2.37
2026-06-18,FLYT,12.98,12.14,12.98,10.56,368584,4141683.0,19.55,-1.94,-0.24,0.0
2026-06-18,FLYU,49.27,50.434,51.13,49.27,2160,108410.0,3.91,5.93,2.822,0.0
2026-06-18,FLYW,15.6,15.85,15.87,15.3,2052799,32171117.0,3.7,2.79,0.43,1.69
2026-06-18,FLYX,2.19,2.14,2.22,2.115,320729,692536.0,4.95,0.94,0.02,0.7
2026-06-18,FMAC,10.01,10.01,10.01,10.01,245,2450.0,0.0,0.1,0.01,0.0
2026-06-18,FMACU,10.17,10.16,10.17,10.16,1313,13350.0,0.1,0.0,0.0,0.0
2026-06-18,FMAG,36.72,36.919,36.945,36.714,14514,534687.0,0.64,1.78,0.644,0.0
2026-06-18,FMAO,28.75,28.84,29.05,28.62,156544,4518259.0,1.51,1.02,0.29,1.14
2026-06-18,FMAR,52.43,52.214,52.43,52.121,8943,466858.0,0.59,0.45,0.233,0.0
2026-06-18,FMAT,60.23,59.72,60.23,59.655,26353,1579401.0,0.96,-0.57,-0.34,0.0
2026-06-18,FMAY,56.28,56.175,56.28,56.05,20078,1127129.0,0.41,0.77,0.43,0.0
2026-06-18,FMB,51.35,51.39,51.42,51.291,113607,5835962.0,0.25,0.37,0.19,0.0
2026-06-18,FMBH,45.97,45.86,46.21,45.62,389245,17855701.0,1.3,0.68,0.31,1.46
2026-06-18,FMC,12.0,11.55,12.09,11.06,8192100,94064624.0,8.61,-3.59,-0.43,6.55
2026-06-18,FMCE,28.5,28.498,28.5,28.498,492,14022.0,0.01,1.36,0.383,0.0
2026-06-18,FMCX,37.03,37.116,37.116,37.03,578,21405.0,0.24,1.58,0.577,0.0
2026-06-18,FMDE,40.25,40.11,40.25,40.003,719212,28861723.0,0.62,0.6,0.24,0.0
2026-06-18,FMED,26.0,26.103,26.12,25.871,6133,159387.0,0.96,1.06,0.275,0.0
2026-06-18,FMET,37.13,37.612,37.612,37.13,2787,104415.0,1.31,2.33,0.856,0.0
2026-06-18,FMF,50.56,50.62,50.7,50.343,17789,897427.0,0.71,0.3,0.15,0.0
2026-06-18,FMFC,0.266,0.234,0.278,0.231,534533,135282.0,18.65,-7.14,-0.018,3.49
2026-06-18,FMHI,48.47,48.469,48.48,48.4,45331,2196663.0,0.17,0.37,0.179,0.0
2026-06-18,FMKT,22.15,22.008,22.15,21.86,3082,67722.0,1.32,0.45,0.098,0.0
2026-06-18,FMN,11.34,11.36,11.39,11.26,11247,127773.0,1.15,0.26,0.03,0.0
2026-06-18,FMNB,14.19,14.14,14.28,14.03,1402133,19825572.0,1.78,0.78,0.11,2.37
2026-06-18,FMNY,26.84,26.845,26.89,26.84,1237,33250.0,0.19,0.11,0.03,0.0
2026-06-18,FMQQ,11.65,11.652,11.675,11.62,2672,31137.0,0.47,0.33,0.038,0.0
2026-06-18,FMS,23.49,23.59,23.67,23.38,405739,9562631.0,1.23,0.08,0.02,0.08
2026-06-18,FMST,1.58,1.54,1.58,1.49,46352,72002.0,5.88,0.65,0.01,0.32
2026-06-18,FMSTW,0.62,0.62,0.62,0.62,161,100.0,0.0,-3.73,-0.024,0.0
2026-06-18,FMTL,36.54,36.047,36.54,35.9,4468,161739.0,1.75,-1.24,-0.452,0.0
2026-06-18,FMTM,42.26,42.5,42.5,41.92,217800,9148640.0,1.4,2.51,1.04,0.0
2026-06-18,FMUB,51.34,51.39,51.55,51.28,24400,1255922.0,0.52,0.31,0.16,0.0
2026-06-18,FMUN,50.21,50.28,50.31,50.21,5144,258566.0,0.2,0.18,0.09,0.0
2026-06-18,FMX,127.13,126.47,128.03,126.28,431384,54719017.0,1.39,0.72,0.91,0.22
2026-06-18,FMY,11.701,11.69,11.9,11.61,5179,60802.0,2.47,-0.26,-0.03,0.0
2026-06-18,FN,600.0,573.76,604.0,563.79,1353855,778452432.0,6.88,-1.82,-10.62,3.78
2026-06-18,FNB,18.33,18.23,18.405,18.13,6358984,115943654.0,1.52,0.72,0.13,1.79
2026-06-18,FNCL,77.21,76.03,77.21,75.86,75638,5781109.0,1.76,-1.12,-0.86,0.0
2026-06-18,FND,51.58,53.03,53.77,51.068,3262552,172899689.0,5.4,5.89,2.95,3.02
2026-06-18,FNDA,36.9,36.98,37.06,36.72,345544,12766163.0,0.93,1.48,0.54,0.0
2026-06-18,FNDB,30.51,30.37,30.57,30.3,175599,5338991.0,0.89,0.53,0.16,0.0
2026-06-18,FNDC,49.89,49.77,49.89,49.615,76132,3788991.0,0.55,0.16,0.08,0.0
2026-06-18,FNDE,40.91,40.94,40.99,40.8,516092,21112550.0,0.47,0.71,0.29,0.0
2026-06-18,FNDF,54.18,54.12,54.235,53.99,1477935,80046900.0,0.45,0.48,0.26,0.0
2026-06-18,FNDX,31.2,31.05,31.24,31.02,3014036,93665677.0,0.71,0.42,0.13,0.0
2026-06-18,FNF,46.95,46.82,47.5,46.46,2802885,131397867.0,2.22,-0.06,-0.03,1.04
2026-06-18,FNGD,34.08,33.14,35.23,32.79,945873,31993251.0,6.73,-8.65,-3.14,0.0
2026-06-18,FNGG,233.57,241.576,241.576,232.99,4426,1054221.0,3.77,6.01,13.701,0.0
2026-06-18,FNGO,135.5,138.257,138.885,135.5,3022,413609.0,2.61,6.48,8.414,0.0
2026-06-18,FNGR,0.48,0.474,0.486,0.445,254109,118089.0,8.74,1.07,0.005,0.41
2026-06-18,FNGS,75.16,75.96,75.96,74.51,21155,1594341.0,1.97,3.1,2.285,0.0
2026-06-18,FNGU,28.82,29.36,29.59,27.77,6286334,182331939.0,6.74,8.7,2.35,0.0
2026-06-18,FNK,60.21,60.166,60.28,60.15,2166,130480.0,0.22,0.61,0.363,0.0
2026-06-18,FNKO,5.23,5.48,5.49,5.13,766908,4122091.0,7.07,7.66,0.39,1.37
2026-06-18,FNLC,30.38,30.38,30.55,29.78,51904,1576423.0,2.57,1.57,0.47,0.46
2026-06-18,FNOV,58.56,58.38,58.56,58.29,51049,2978477.0,0.47,0.67,0.39,0.0
2026-06-18,FNRN,18.29,18.4,18.58,18.105,1400875,25765056.0,2.62,1.32,0.24,8.54
2026-06-18,FNUC,1.97,2.05,2.12,1.88,1240931,2485240.0,12.57,7.33,0.14,6.88
2026-06-18,FNV,225.43,219.26,231.785,217.44,1399534,308424960.0,6.32,-3.38,-7.67,0.73
2026-06-18,FNWB,10.19,10.03,10.37,9.9,31973,320139.0,4.67,-0.4,-0.04,0.34
2026-06-18,FNWD,33.68,34.19,34.19,32.313,30295,1020743.0,5.57,1.39,0.47,0.7
2026-06-18,FNX,143.7,143.146,143.7,142.445,25146,3595860.0,0.89,1.21,1.707,0.0
2026-06-18,FNY,107.78,107.942,107.942,106.93,6424,690742.0,0.96,1.9,2.016,0.0
2026-06-18,FOA,20.0,20.06,20.42,19.9,62938,1267564.0,2.63,1.31,0.26,0.71
2026-06-18,FOCL,4.85,4.81,4.93,4.76,92423,445155.0,3.47,-1.84,-0.09,0.25
2026-06-18,FOCT,52.34,52.23,52.34,52.185,28601,1493925.0,0.3,0.54,0.279,0.0
2026-06-18,FOF,13.71,13.57,13.71,13.56,28082,382209.0,1.1,-0.29,-0.04,0.0
2026-06-18,FOFO,2.558,2.61,2.65,2.52,23418,60114.0,5.04,1.16,0.03,0.31
2026-06-18,FOPC,25.585,25.565,25.6,25.56,2656,67966.0,0.16,0.18,0.045,0.0
2026-06-18,FOR,28.78,29.31,29.86,28.78,188501,5531944.0,3.8,3.13,0.89,0.37
2026-06-18,FORH,24.677,24.677,24.677,24.677,25,624.0,0.0,0.41,0.1,0.0
2026-06-18,FORM,149.01,149.55,154.67,146.32,1935864,289437712.0,5.97,6.86,9.6,2.48
2026-06-18,FORR,6.6,6.7,6.79,6.47,179000,1201088.0,4.72,0.45,0.03,0.92
2026-06-18,FORTY,112.7,112.9,112.9,112.7,1020,114630.0,0.17,-5.21,-6.21,0.01
2026-06-18,FOSL,4.2,4.29,4.295,4.175,716482,3048260.0,2.87,2.63,0.11,1.21
2026-06-18,FOTO,24.355,23.65,24.39,23.36,920110,21858126.0,4.38,0.55,0.13,0.0
2026-06-18,FOUR,39.66,39.4,40.39,38.8,2845622,112467882.0,4.06,0.59,0.23,3.59
2026-06-18,FOUR_A,53.48,53.31,53.73,53.3,4398,235646.0,0.82,1.17,0.616,0.04
2026-06-18,FOWF,33.61,33.543,33.61,33.475,735,24754.0,0.4,-1.27,-0.433,0.0
2026-06-18,FOX,46.82,46.95,48.288,45.94,10231550,481028384.0,5.02,0.47,0.22,4.64
2026-06-18,FOXA,51.39,52.23,52.98,50.68,24319541,1266086832.0,4.48,1.77,0.91,12.19
2026-06-18,FOXF,17.92,18.67,18.95,17.92,912842,17019484.0,5.84,5.84,1.03,2.18
2026-06-18,FOXX,2.95,3.0,3.16,2.686,59926,174107.0,15.7,-0.66,-0.02,0.85
2026-06-18,FOXY,29.22,29.34,29.37,29.207,44357,1300130.0,0.56,0.72,0.21,0.0
2026-06-18,FPA,57.2,57.63,57.8,57.075,3913,224483.0,1.28,1.8,1.02,0.0
2026-06-18,FPAA,24.82,24.854,24.89,24.8,2609,64821.0,0.37,0.95,0.233,0.0
2026-06-18,FPAG,39.76,40.06,40.122,39.76,84165,3372641.0,0.91,1.16,0.459,0.0
2026-06-18,FPAS,24.73,24.725,24.79,24.72,8870,219692.0,0.28,0.5,0.122,0.0
2026-06-18,FPE,18.04,17.99,18.04,17.99,914095,16462099.0,0.28,0.06,0.01,0.0
2026-06-18,FPEI,19.31,19.315,19.32,19.31,281857,5444247.0,0.05,0.23,0.045,0.0
2026-06-18,FPF,18.0,17.97,18.09,17.9,99009,1778561.0,1.06,0.22,0.04,0.0
2026-06-18,FPFD,21.6,21.535,21.6,21.53,11990,258515.0,0.32,-0.07,-0.015,0.0
2026-06-18,FPH,5.11,5.12,5.22,5.085,122527,630994.0,2.66,0.79,0.04,0.17
2026-06-18,FPI,9.7,9.76,9.79,9.66,416976,4056552.0,1.34,0.72,0.07,0.96
2026-06-18,FPRO,24.55,24.474,24.66,24.474,1842,45233.0,0.75,-0.82,-0.203,0.0
2026-06-18,FPS,64.24,63.41,65.45,62.5,4778442,303148608.0,4.76,2.41,1.49,1.67
2026-06-18,FPWR,37.04,36.82,37.08,36.75,8336,307676.0,0.9,0.14,0.053,0.0
2026-06-18,FPX,199.69,200.41,200.65,198.745,33853,6755370.0,0.97,2.06,4.051,0.0
2026-06-18,FPXE,36.405,36.415,36.415,36.405,361,13168.0,0.03,0.65,0.236,0.0
2026-06-18,FPXI,84.1,84.035,84.41,83.81,38924,3273692.0,0.74,3.38,2.749,0.0
2026-06-18,FQAL,80.86,80.87,81.015,80.7,19585,1584544.0,0.39,0.57,0.459,0.0
2026-06-18,FR,61.75,61.8,61.945,61.0,1628994,100469744.0,1.56,1.81,1.1,1.23
2026-06-18,FRA,10.79,10.87,10.878,10.79,149393,1618803.0,0.82,0.83,0.09,0.0
2026-06-18,FRAF,60.98,61.45,61.51,60.64,17810,1089480.0,1.44,2.05,1.235,0.4
2026-06-18,FRBA,16.6,16.67,16.89,16.3,174055,2899282.0,3.58,1.28,0.21,0.69
2026-06-18,FRBT,18.11,18.0,18.405,18.0,116387,2102760.0,2.24,-0.28,-0.05,0.4
2026-06-18,FRD,36.43,37.42,37.865,33.79,162334,6008189.0,11.3,3.74,1.35,2.28
2026-06-18,FRDM,75.0,76.09,76.31,74.0,426685,32374458.0,3.15,3.86,2.83,0.0
2026-06-18,FREL,29.02,28.765,29.02,28.73,194773,5624082.0,1.0,-0.98,-0.285,0.0
2026-06-18,FRGN,32.16,32.13,32.18,32.101,6804,218701.0,0.25,1.16,0.369,0.0
2026-06-18,FRGT,3.622,3.81,3.9,3.34,48533,179946.0,15.82,7.63,0.27,8.48
2026-06-18,FRHC,135.0,143.7,145.0,135.0,314604,44357665.0,7.45,7.09,9.52,0.51
2026-06-18,FRI,31.18,30.97,31.18,30.95,18965,588220.0,0.74,0.23,0.07,0.0
2026-06-18,FRIZ,26.307,26.307,26.307,26.307,7,209.0,0.0,-0.11,-0.028,0.0
2026-06-18,FRME,41.06,40.72,41.38,40.57,740854,30216641.0,2.0,0.32,0.13,1.18
2026-06-18,FRMEP,25.138,25.05,25.17,25.05,600,15075.0,0.48,-0.8,-0.203,0.06
2026-06-18,FRMI,9.14,9.5,10.135,9.08,41547466,398201312.0,12.18,9.7,0.84,6.52
2026-06-18,FRMM,5.09,5.05,5.27,4.95,308606,1563032.0,6.3,-0.59,-0.03,2.12
2026-06-18,FRNW,24.57,24.87,24.88,24.12,53946,1329226.0,3.12,1.97,0.48,0.0
2026-06-18,FRO,38.07,40.93,40.96,37.17,5123097,202875466.0,9.76,5.35,2.08,2.3
2026-06-18,FROG,80.87,82.72,83.5,79.0,3199034,263896209.0,5.53,1.68,1.37,2.64
2026-06-18,FRPH,23.63,23.72,23.85,23.56,67743,1605782.0,1.24,1.28,0.3,0.35
2026-06-18,FRPT,56.34,55.01,56.86,54.77,1633805,90740811.0,3.75,-1.17,-0.65,3.32
2026-06-18,FRSH,8.912,8.86,8.975,8.62,22194186,195439954.0,3.95,-1.34,-0.12,8.79
2026-06-18,FRST,15.39,15.45,15.54,15.24,188630,2906281.0,1.97,1.44,0.22,0.76
2026-06-18,FRSX,1.6,1.69,1.71,1.48,133948,215808.0,13.94,2.42,0.04,4.49
2026-06-18,FRT,121.1,120.39,121.52,120.2,1634957,197103670.0,1.1,-0.07,-0.09,1.89
2026-06-18,FRTT,1.92,1.92,2.03,1.8,30492,56834.0,12.04,0.52,0.01,0.0
2026-06-18,FRTY,24.3,24.16,24.3,23.98,12060,290828.0,1.35,2.05,0.485,0.0
2026-06-18,FRT_C,19.71,19.86,19.89,19.71,4656,92321.0,0.91,0.61,0.12,0.08
2026-06-18,FRVO,37.18,35.09,37.325,34.85,2230826,79902062.0,6.78,-3.84,-1.4,0.78
2026-06-18,FRWD,34.49,34.465,34.55,34.28,201367,6926204.0,0.81,3.12,1.044,0.0
2026-06-18,FSBC,44.82,44.87,45.09,43.695,307508,13737785.0,3.16,1.56,0.69,1.44
2026-06-18,FSBW,41.89,41.69,41.89,41.155,28884,1204363.0,1.78,1.24,0.51,0.39
2026-06-18,FSCC,35.79,35.859,35.865,35.44,28063,1000651.0,1.21,1.94,0.682,0.0
2026-06-18,FSCO,4.94,4.93,4.99,4.92,1130059,5607812.0,1.41,-0.6,-0.03,0.56
2026-06-18,FSCS,36.26,36.081,36.26,36.01,1810,65292.0,0.7,0.61,0.22,0.0
2026-06-18,FSEA,16.78,16.77,16.79,16.77,43251,725545.0,0.12,-0.47,-0.08,0.92
2026-06-18,FSEC,43.9,43.9,44.02,43.885,138152,6070844.0,0.31,0.27,0.12,0.0
2026-06-18,FSEG,27.42,27.658,27.658,27.32,1187,32575.0,1.25,2.39,0.646,0.0
2026-06-18,FSEP,55.06,55.047,55.06,54.89,11114,610998.0,0.31,0.64,0.348,0.0
2026-06-18,FSEV,26.04,26.135,26.135,25.97,3294,85852.0,0.64,1.26,0.325,0.0
2026-06-18,FSGS,30.84,30.95,30.95,30.83,3563,109926.0,0.39,0.66,0.202,0.0
2026-06-18,FSHP,11.02,11.02,11.02,11.02,55,630.0,0.0,0.0,0.0,0.0
2026-06-18,FSHPR,0.081,0.081,0.081,0.081,926,76.0,0.0,0.0,0.0,0.0
2026-06-18,FSI,6.45,6.48,6.48,6.3,9586,61137.0,2.81,1.17,0.075,0.08
2026-06-18,FSIG,18.93,18.91,18.94,18.9,414399,7840918.0,0.21,0.05,0.01,0.0
2026-06-18,FSK,10.27,10.27,10.425,10.15,3825161,39304116.0,2.69,0.49,0.05,1.37
2026-06-18,FSLR,262.0,257.7,263.82,248.57,3683108,946032576.0,5.99,1.14,2.9,3.43
2026-06-18,FSLY,17.575,17.9,18.01,16.864,8920517,158118539.0,6.58,2.81,0.49,5.7
2026-06-18,FSM,9.33,9.26,9.67,9.07,8711938,80681385.0,6.36,-1.8,-0.17,2.88
2026-06-18,FSMB,20.05,20.03,20.05,20.02,185756,3719550.0,0.15,0.15,0.03,0.0
2026-06-18,FSMD,51.48,51.57,51.597,51.16,103216,5307949.0,0.86,1.1,0.56,0.0
2026-06-18,FSML,29.751,29.99,29.99,29.751,3293,98374.0,0.81,2.04,0.599,0.0
2026-06-18,FSOL,8.45,8.17,8.45,8.04,352756,2901264.0,4.86,-3.2,-0.27,0.0
2026-06-18,FSP,0.63,0.581,0.635,0.581,1246785,749717.0,8.84,-4.91,-0.03,1.2
2026-06-18,FSS,115.91,118.52,119.29,115.91,1008999,119109608.0,2.97,4.12,4.69,1.65
2026-06-18,FSSL,11.52,11.67,11.7,11.45,256586,2980668.0,2.17,1.48,0.17,0.0
2026-06-18,FSTA,52.64,52.41,52.71,52.3,112370,5896715.0,0.78,-0.93,-0.49,0.0
2026-06-18,FSTR,42.44,43.09,43.28,40.7,204125,8713907.0,6.2,3.51,1.46,1.95
2026-06-18,FSUN,35.94,36.19,36.25,35.58,625741,22588297.0,1.89,2.12,0.75,1.42
2026-06-18,FSV,138.72,137.83,140.54,136.87,183919,25374703.0,2.66,-0.12,-0.17,0.4
2026-06-18,FSYD,48.895,48.92,48.95,48.865,29556,1445935.0,0.17,0.18,0.09,0.0
2026-06-18,FSZ,82.09,82.039,82.35,81.83,2034,167020.0,0.63,-0.29,-0.239,0.0
2026-06-18,FT,8.01,8.01,8.05,8.0,15103,121141.0,0.62,0.0,0.0,0.0
2026-06-18,FTA,95.21,94.999,95.65,94.91,40117,3825922.0,0.78,-0.14,-0.136,0.0
2026-06-18,FTAG,28.42,28.324,28.42,28.28,5412,153350.0,0.49,-0.6,-0.17,0.0
2026-06-18,FTAI,283.19,276.11,288.4,271.64,1355155,375525632.0,6.04,-0.43,-1.2,1.32
2026-06-18,FTAIM,26.89,26.78,26.99,26.66,8372,223949.0,1.23,-0.07,-0.02,0.32
2026-06-18,FTBD,49.385,49.341,49.385,49.31,2327,114869.0,0.15,0.1,0.05,0.0
2026-06-18,FTBI,21.92,21.865,21.92,21.86,3197,69958.0,0.28,0.51,0.112,0.0
2026-06-18,FTC,191.24,192.221,193.02,191.15,11369,2180942.0,0.99,1.95,3.681,0.0
2026-06-18,FTCA,7.38,7.4,7.4,7.38,101201,748261.0,0.27,0.34,0.025,0.0
2026-06-18,FTCB,20.91,20.93,20.945,20.89,664620,13896235.0,0.26,0.38,0.08,0.0
2026-06-18,FTCE,27.09,27.11,27.14,27.07,2332,63190.0,0.26,-0.37,-0.1,0.0
2026-06-18,FTCI,5.12,5.14,5.6,4.985,220497,1152422.0,12.11,1.18,0.06,1.38
2026-06-18,FTCS,93.53,92.96,93.61,92.79,766029,71304510.0,0.88,-0.38,-0.35,0.0
2026-06-18,FTDR,69.78,71.56,71.76,69.16,1096300,78131560.0,3.78,4.1,2.82,1.56
2026-06-18,FTDS,59.9,59.439,59.9,59.402,6683,397841.0,0.83,-0.52,-0.308,0.0
2026-06-18,FTEC,285.08,286.54,287.28,283.29,200443,57311240.0,1.43,2.63,7.33,0.0
2026-06-18,FTEK,1.5,1.54,1.6,1.47,831791,1273222.0,8.9,5.48,0.08,2.67
2026-06-18,FTF,5.82,5.82,5.83,5.795,267764,1558941.0,0.6,0.17,0.01,0.0
2026-06-18,FTFT,0.742,0.716,0.742,0.707,43565,31315.0,4.74,-3.11,-0.023,0.74
2026-06-18,FTGC,27.63,27.59,27.635,27.408,657903,18082792.0,0.82,-0.33,-0.09,0.0
2026-06-18,FTGS,37.22,36.99,37.22,36.88,79975,2960487.0,0.92,0.41,0.15,0.0
2026-06-18,FTHB,25.325,25.305,25.325,25.305,746,18886.0,0.08,0.34,0.086,0.0
2026-06-18,FTHF,51.9,52.326,52.54,51.9,4607,240519.0,1.28,4.67,2.336,0.0
2026-06-18,FTHI,24.04,23.98,24.065,23.93,676802,16237728.0,0.56,0.25,0.06,0.0
2026-06-18,FTHM,1.13,1.07,1.24,1.06,4656053,5206340.0,16.22,-3.6,-0.04,14.2
2026-06-18,FTHY,13.64,13.56,13.64,13.507,61610,834890.0,0.98,0.3,0.04,0.0
2026-06-18,FTI,67.6,65.17,67.69,63.86,8240973,535435136.0,5.72,-2.75,-1.84,2.07
2026-06-18,FTIF,27.3,27.414,27.52,27.24,8628,235747.0,1.02,-0.53,-0.147,0.0
2026-06-18,FTK,22.8,22.66,23.51,21.88,234145,5286583.0,7.25,0.8,0.18,0.65
2026-06-18,FTKI,19.92,19.967,19.98,19.89,5663,112867.0,0.45,0.24,0.048,0.0
2026-06-18,FTLF,10.67,11.27,11.39,10.67,31407,347701.0,6.79,6.22,0.66,0.33
2026-06-18,FTLS,74.88,74.5,75.06,74.4,62657,4674123.0,0.89,0.12,0.09,0.0
2026-06-18,FTMA,9.089,9.085,9.09,9.07,17199,156226.0,0.22,0.17,0.015,0.0
2026-06-18,FTMH,11.77,11.8,11.8,11.77,236977,2793863.0,0.26,0.6,0.07,0.0
2026-06-18,FTMN,8.9,8.876,8.9,8.86,91317,812193.0,0.45,0.52,0.046,0.0
2026-06-18,FTMS,9.93,9.93,9.94,9.914,74291,738038.0,0.26,0.0,0.0,0.0
2026-06-18,FTMU,7.9,7.9,7.92,7.9,299685,2370322.0,0.25,0.32,0.025,0.0
2026-06-18,FTNJ,8.81,8.805,8.82,8.79,42355,372779.0,0.34,0.23,0.02,0.0
2026-06-18,FTNT,143.485,144.73,147.2,139.79,18432871,2667622176.0,5.14,0.41,0.59,2.52
2026-06-18,FTNY,7.93,7.93,7.94,7.925,148111,1175329.0,0.19,0.38,0.03,0.0
2026-06-18,FTOH,8.4,8.45,8.45,8.4,26194,220903.0,0.59,0.36,0.03,0.0
2026-06-18,FTPA,8.75,8.72,8.75,8.71,33347,291115.0,0.46,0.29,0.025,0.0
2026-06-18,FTQI,22.1,22.08,22.14,21.99,227141,5005584.0,0.68,0.55,0.12,0.0
2026-06-18,FTRA_U,10.15,10.15,10.16,10.125,7095,72009.0,0.34,-0.05,-0.005,0.0
2026-06-18,FTRB,25.2,25.165,25.2,25.16,66828,1682343.0,0.16,0.14,0.035,0.0
2026-06-18,FTRE,15.76,15.31,16.05,14.88,3008146,46037085.0,7.64,-0.07,-0.01,3.18
2026-06-18,FTRI,16.83,16.683,16.84,16.634,12416,207979.0,1.23,-0.77,-0.13,0.0
2026-06-18,FTRK,0.407,0.41,0.41,0.4,1372,568.0,2.36,-3.3,-0.014,0.01
2026-06-18,FTS,56.05,56.09,56.64,55.816,615223,34538935.0,1.47,-0.11,-0.06,0.12
2026-06-18,FTSD,90.38,90.245,90.38,90.24,4115,371697.0,0.16,0.07,0.065,0.0
2026-06-18,FTSL,45.03,45.0,45.03,44.96,203633,9163167.0,0.16,0.13,0.06,0.0
2026-06-18,FTSM,59.88,59.87,59.89,59.848,700358,41929062.0,0.07,0.05,0.03,0.0
2026-06-18,FTV,61.4,61.03,61.4,60.39,5619629,342683472.0,1.66,0.58,0.35,1.84
2026-06-18,FTW,12.27,12.57,12.57,12.27,879991,11037335.0,2.42,1.45,0.18,3.18
2026-06-18,FTWO,44.6,44.407,44.68,44.195,4968,220887.0,1.09,-0.59,-0.263,0.0
2026-06-18,FTW_WS,1.29,1.32,1.34,1.25,7582,9688.0,7.14,4.76,0.06,0.0
2026-06-18,FTXG,22.15,22.006,22.15,21.945,26891,592344.0,0.93,-0.6,-0.133,0.0
2026-06-18,FTXH,35.79,35.377,35.79,35.0,4830,169891.0,2.22,-0.73,-0.261,0.0
2026-06-18,FTXL,284.33,289.2,291.489,283.8,273694,78936803.0,2.84,6.79,18.39,0.0
2026-06-18,FTXN,33.98,33.585,33.98,33.26,244027,8170884.0,2.11,-1.59,-0.542,0.0
2026-06-18,FTXO,41.09,40.435,41.12,40.4,93477,3810840.0,1.78,-0.16,-0.065,0.0
2026-06-18,FTXR,44.51,44.376,44.577,44.21,30959,1373016.0,0.84,1.09,0.479,0.0
2026-06-18,FUBO,8.78,9.22,9.35,8.48,1712477,15486553.0,9.78,3.6,0.32,5.82
2026-06-18,FUFU,1.73,1.7,1.778,1.65,258784,441864.0,7.62,1.19,0.02,0.82
2026-06-18,FUL,64.58,64.86,65.513,64.085,973437,63069451.0,2.2,0.14,0.09,1.81
2026-06-18,FULC,3.56,3.7,3.71,3.46,6101106,22073734.0,7.14,5.71,0.2,9.16
2026-06-18,FULT,22.9,22.9,23.11,22.73,4133978,94668636.0,1.67,0.93,0.21,2.16
2026-06-18,FULTP,18.33,18.38,18.44,18.33,6464,118773.0,0.6,-0.43,-0.08,0.08
2026-06-18,FUMB,20.12,20.085,20.12,20.08,67650,1358840.0,0.2,-0.02,-0.005,0.0
2026-06-18,FUN,24.91,24.94,25.95,24.8,2563947,64567882.0,4.62,0.28,0.07,2.51
2026-06-18,FUNC,41.5,42.58,42.66,41.1,62135,2597477.0,3.82,4.21,1.72,0.96
2026-06-18,FUND,9.95,9.745,9.99,9.5,30439,297410.0,4.92,-2.06,-0.205,0.0
2026-06-18,FURY,0.505,0.506,0.51,0.5,208873,104907.0,1.96,-0.78,-0.004,0.11
2026-06-18,FUSB,16.21,16.5,16.5,16.21,4339,71404.0,1.77,0.43,0.07,0.08
2026-06-18,FUSE,1.16,1.15,1.168,1.12,67759,77590.0,4.17,0.0,0.0,0.23
2026-06-18,FUSEW,0.079,0.072,0.08,0.072,930,70.0,11.11,0.0,0.0,0.0
2026-06-18,FUSI,50.63,50.61,50.69,50.61,3223,163243.0,0.16,0.17,0.085,0.0
2026-06-18,FUTG,3.55,3.467,3.63,3.36,1471096,5090196.0,7.77,-0.26,-0.009,0.0
2026-06-18,FUTU,97.64,96.64,99.0,95.08,1274701,123020286.0,4.06,0.0,0.0,1.33
2026-06-18,FUTY,57.27,57.5,58.19,57.19,328125,18893541.0,1.74,0.02,0.01,0.0
2026-06-18,FV,73.1,72.81,73.1,72.36,89275,6491694.0,1.03,1.35,0.967,0.0
2026-06-18,FVAL,78.19,78.01,78.275,77.741,50537,3947684.0,0.69,0.19,0.15,0.0
2026-06-18,FVAV,10.11,10.11,10.11,10.11,3,30.0,0.0,0.0,0.0,0.0
2026-06-18,FVC,41.766,41.98,42.05,41.745,4063,170051.0,0.74,1.37,0.567,0.0
2026-06-18,FVCB,16.55,16.63,16.74,16.42,378344,6281368.0,1.95,1.53,0.25,2.1
2026-06-18,FVD,47.73,47.42,47.745,47.305,1058243,50272800.0,0.92,-0.44,-0.21,0.0
2026-06-18,FVN,11.39,10.94,11.39,10.92,96480,1054573.0,4.3,0.09,0.01,1.28
2026-06-18,FVNNR,0.12,0.145,0.147,0.12,2109,292.0,23.28,25.0,0.029,0.0
2026-06-18,FVNNU,10.95,11.19,11.19,10.91,3807,41838.0,2.39,-4.36,-0.51,0.0
2026-06-18,FVR,19.21,19.59,19.83,18.69,437082,8531480.0,5.96,2.35,0.45,1.93
2026-06-18,FVRR,10.06,10.38,10.87,9.855,3418767,36046986.0,10.55,7.9,0.76,9.51
2026-06-18,FWD,146.47,147.21,147.55,145.52,146839,21537155.0,1.42,3.31,4.71,0.0
2026-06-18,FWDI,4.76,4.41,4.8,4.31,1486426,6564647.0,10.58,-4.75,-0.22,2.02
2026-06-18,FWONA,82.86,84.08,84.61,82.86,375316,31544279.0,2.1,0.83,0.69,1.56
2026-06-18,FWONK,91.09,90.76,91.54,89.952,1828524,166015328.0,1.76,0.45,0.41,0.82
2026-06-18,FWRD,13.92,13.62,14.18,13.44,5500029,75071417.0,5.46,0.44,0.06,17.39
2026-06-18,FWRG,11.75,11.81,11.975,11.59,897545,10621095.0,3.35,2.87,0.33,1.46
2026-06-18,FXA,69.58,69.45,69.64,69.405,60116,4177554.0,0.34,0.04,0.03,0.0
2026-06-18,FXACU,10.26,10.08,10.26,10.06,2282,23416.0,1.99,0.25,0.025,0.0
2026-06-18,FXB,127.29,126.93,127.4,126.84,16059,2042491.0,0.44,-0.62,-0.79,0.0
2026-06-18,FXC,69.19,69.145,69.27,69.1,19161,1325470.0,0.25,-0.1,-0.066,0.0
2026-06-18,FXD,68.5,69.03,69.4,68.5,9236,637476.0,1.33,1.75,1.186,0.0
2026-06-18,FXE,105.83,105.77,106.03,105.7,55505,5876475.0,0.31,-0.26,-0.28,0.0
2026-06-18,FXED,17.45,17.445,17.48,17.37,1753,30548.0,0.63,-0.11,-0.02,0.0
2026-06-18,FXF,109.73,109.56,109.94,109.42,145648,15961320.0,0.47,-0.53,-0.579,0.0
2026-06-18,FXG,61.74,61.447,61.74,61.447,4030,248260.0,0.48,-0.17,-0.103,0.0
2026-06-18,FXH,116.24,115.45,116.24,114.88,44576,5143008.0,1.17,-0.42,-0.49,0.0
2026-06-18,FXI,33.4,33.3,33.42,33.215,28462868,947943328.0,0.61,-1.04,-0.35,0.0
2026-06-18,FXL,213.51,213.89,214.71,211.85,83802,17913275.0,1.37,2.2,4.61,0.0
2026-06-18,FXN,20.3,20.17,20.37,19.98,1033725,20793518.0,1.91,-1.22,-0.25,0.0
2026-06-18,FXNC,29.48,29.36,29.55,29.07,192108,5645162.0,1.65,1.1,0.32,2.12
2026-06-18,FXO,61.49,61.02,61.585,60.81,48722,2980705.0,1.27,-0.28,-0.17,0.0
2026-06-18,FXP,23.05,23.195,23.25,23.05,5434,125966.0,0.88,2.36,0.534,0.0
2026-06-18,FXR,88.61,88.67,89.3,88.582,26261,2333072.0,0.82,1.11,0.97,0.0
2026-06-18,FXU,48.14,48.21,48.7,47.95,378168,18279135.0,1.56,0.33,0.16,0.0
2026-06-18,FXY,57.03,56.85,57.06,56.7,605162,34433677.0,0.63,-0.42,-0.24,0.0
2026-06-18,FXZ,83.78,82.72,83.78,82.51,6698,555073.0,1.53,-0.64,-0.53,0.0
2026-06-18,FYC,118.91,120.419,120.419,118.75,38742,4632734.0,1.42,2.15,2.534,0.0
2026-06-18,FYEE,29.07,28.92,29.07,28.82,92988,2686245.0,0.85,-1.5,-0.44,0.0
2026-06-18,FYLD,37.63,37.36,37.64,37.3,56114,2100268.0,0.89,-2.06,-0.786,0.0
2026-06-18,FYT,67.475,67.661,67.86,67.325,5543,374991.0,0.8,1.13,0.756,0.0
2026-06-18,FYX,138.38,138.749,138.78,137.43,42288,5854027.0,0.99,1.62,2.207,0.0
2026-06-18,F_B,20.97,20.97,21.05,20.91,26754,561567.0,0.67,0.33,0.07,0.0
2026-06-18,F_C,20.28,20.28,20.39,20.23,46145,936582.0,0.79,0.05,0.01,0.0
2026-06-18,F_D,22.1,22.03,22.11,22.0,33786,744710.0,0.5,0.09,0.02,0.0
2026-06-18,G,29.01,28.25,29.01,27.365,5728732,161388376.0,5.43,-6.8,-2.06,3.38
2026-06-18,GAA,35.09,35.035,35.09,34.97,22799,797655.0,0.34,0.14,0.05,0.0
2026-06-18,GAB,5.47,5.49,5.49,5.42,829560,4520666.0,1.29,1.48,0.08,0.0
2026-06-18,GABC,45.13,44.99,45.59,44.73,326368,14687986.0,1.92,0.67,0.3,0.87
2026-06-18,GABF,45.12,44.45,45.12,44.45,1384,61984.0,1.5,-0.28,-0.126,0.0
2026-06-18,GAB_G,19.94,19.78,19.94,19.61,2702,53289.0,1.64,-1.56,-0.314,0.11
2026-06-18,GAB_H,19.78,19.78,19.86,19.71,6750,133562.0,0.74,-1.84,-0.371,0.18
2026-06-18,GAB_K,20.06,19.78,20.06,19.75,5020,99685.0,1.54,-1.64,-0.33,0.14
2026-06-18,GAEM,27.105,27.096,27.12,27.08,2570,69668.0,0.15,0.15,0.041,0.0
2026-06-18,GAIA,2.37,2.38,2.44,2.35,151756,361628.0,3.85,1.71,0.04,0.76
2026-06-18,GAID,24.948,24.948,24.948,24.948,2,50.0,0.0,0.08,0.02,0.0
2026-06-18,GAIN,14.99,14.78,14.99,14.66,528460,7808588.0,2.22,-0.54,-0.08,1.33
2026-06-18,GAING,25.17,25.08,25.17,25.02,21335,534978.0,0.6,-0.44,-0.11,0.0
2026-06-18,GAINI,25.56,25.6,25.6,25.54,8660,221429.0,0.23,0.12,0.03,0.0
2026-06-18,GAINZ,24.043,23.82,24.046,23.82,5057,120803.0,0.94,-0.58,-0.14,0.0
2026-06-18,GAL,53.61,53.512,53.61,53.46,6499,347571.0,0.28,0.72,0.384,0.0
2026-06-18,GALT,2.79,2.825,2.93,2.77,336750,949886.0,5.78,1.99,0.055,0.51
2026-06-18,GAM,63.91,63.96,64.2,63.37,28160,1797468.0,1.31,0.58,0.37,0.0
2026-06-18,GAMB,2.32,2.36,2.395,2.3,741739,1747607.0,4.08,1.29,0.03,2.1
2026-06-18,GAME,0.425,0.425,0.444,0.413,1253330,532172.0,7.29,0.0,0.0,1.34
2026-06-18,GAMR,89.57,89.714,89.715,89.57,638,57219.0,0.16,1.11,0.987,0.0
2026-06-18,GAM_B,24.8,24.785,24.824,24.766,1849,45853.0,0.23,-0.14,-0.035,0.02
2026-06-18,GANX,1.81,1.88,1.895,1.8,503933,931885.0,5.34,5.62,0.1,1.18
2026-06-18,GAP,21.2,21.15,21.59,20.95,10044134,213476036.0,3.06,1.0,0.21,2.79
2026-06-18,GAPR,41.56,41.61,41.63,41.559,15787,656794.0,0.17,0.46,0.19,0.0
2026-06-18,GARA,27.203,27.203,27.203,27.203,1,29.0,0.0,-2.74,-0.766,0.0
2026-06-18,GARP,81.4,81.33,81.64,80.735,169469,13794807.0,1.13,1.83,1.46,0.0
2026-06-18,GARY,26.89,26.916,26.916,26.72,26524,710618.0,0.74,2.12,0.558,0.0
2026-06-18,GASS,8.38,8.29,8.41,8.06,221032,1824724.0,4.18,-1.07,-0.09,0.59
2026-06-18,GASZ,25.199,25.199,25.199,25.199,246,6185.0,0.0,1.59,0.395,0.0
2026-06-18,GATX,174.79,177.17,178.935,174.79,387492,68585288.0,2.39,2.24,3.88,1.09
2026-06-18,GAU,2.19,2.2,2.24,2.115,9950097,21731820.0,5.68,0.0,0.0,3.81
2026-06-18,GAUG,41.305,41.305,41.31,41.27,7567,312377.0,0.1,0.29,0.121,0.0
2026-06-18,GAUZ,0.64,0.64,0.64,0.61,59568,36833.0,4.69,0.0,0.0,0.32
2026-06-18,GAVA,15.91,15.337,15.91,15.175,953,14679.0,4.52,-5.68,-0.924,0.0
2026-06-18,GBAB,14.22,14.21,14.22,14.14,40359,572610.0,0.57,0.57,0.08,0.0
2026-06-18,GBCI,48.34,48.43,48.96,47.43,1714019,82989457.0,3.18,0.58,0.28,1.32
2026-06-18,GBDC,12.4,12.35,12.456,12.29,1701272,21011884.0,1.34,0.0,0.0,0.65
2026-06-18,GBF,103.75,103.685,103.76,103.657,3903,404989.0,0.1,0.22,0.225,0.0
2026-06-18,GBFH,29.93,29.57,30.19,28.95,98491,2905697.0,4.19,0.0,0.0,0.68
2026-06-18,GBIL,100.07,100.07,100.07,100.06,625864,62627864.0,0.01,0.03,0.03,0.0
2026-06-18,GBLI,25.01,25.34,25.95,25.01,3433,87348.0,3.62,-2.54,-0.66,0.03
2026-06-18,GBND,50.58,50.485,50.58,50.485,21505,1086902.0,0.19,0.14,0.07,0.0
2026-06-18,GBR,0.736,0.754,0.77,0.735,31720,23710.0,4.56,-1.82,-0.014,0.62
2026-06-18,GBTC,49.88,48.8,49.91,48.255,2167727,106055979.0,3.32,-2.11,-1.05,0.0
2026-06-18,GBTG,9.38,9.36,9.39,9.36,2242679,21005885.0,0.32,0.0,0.0,0.43
2026-06-18,GBUG,43.8,41.655,43.8,41.22,31608,1332120.0,6.01,-2.97,-1.275,0.0
2026-06-18,GBX,49.94,49.69,51.05,49.6,654065,32691595.0,2.94,0.81,0.4,2.11
2026-06-18,GCAD,58.31,55.81,58.31,55.385,18802,1047370.0,5.21,-0.59,-0.33,0.0
2026-06-18,GCAL,51.05,51.104,51.129,51.05,42124,2151034.0,0.15,0.26,0.132,0.0
2026-06-18,GCBC,28.87,29.42,29.92,28.56,119309,3500928.0,4.79,3.63,1.03,0.7
2026-06-18,GCC,23.36,23.25,23.36,23.13,39413,914818.0,0.98,-0.56,-0.13,0.0
2026-06-18,GCDT,0.65,0.691,0.725,0.646,609545,416140.0,11.97,4.7,0.031,4.73
2026-06-18,GCGRU,10.15,10.25,10.25,10.15,23600,241181.0,0.98,0.29,0.03,0.0
2026-06-18,GCL,0.485,0.442,0.489,0.44,198700,91338.0,10.86,-2.0,-0.009,0.16
2026-06-18,GCLWW,0.022,0.025,0.029,0.022,2969,79.0,26.92,-3.85,-0.001,0.0
2026-06-18,GCMG,11.81,12.05,12.08,11.61,952652,11405416.0,4.03,3.43,0.4,1.58
2026-06-18,GCO,35.33,35.67,36.3,35.22,297990,10662407.0,3.12,3.18,1.1,2.68
2026-06-18,GCOR,41.175,41.12,41.209,41.1,203371,8361256.0,0.27,0.23,0.095,0.0
2026-06-18,GCOW,44.0,43.65,44.0,43.61,333466,14567364.0,0.88,-1.31,-0.58,0.0
2026-06-18,GCT,33.42,33.98,34.22,33.09,920200,31099548.0,3.41,3.0,0.99,3.11
2026-06-18,GCTK,0.386,0.369,0.42,0.369,293815,116161.0,13.35,-3.4,-0.013,4.69
2026-06-18,GCTS,2.65,3.18,3.32,2.635,9818405,30103629.0,25.66,19.1,0.51,10.79
2026-06-18,GCTS_WS,0.54,0.584,0.605,0.48,668706,351634.0,30.49,42.44,0.174,0.0
2026-06-18,GCV,4.59,4.6,4.61,4.559,40858,187692.0,1.13,1.55,0.07,0.0
2026-06-18,GD,365.26,350.01,367.0,348.83,4242261,1491400080.0,5.01,-3.53,-12.82,1.57
2026-06-18,GDC,0.022,0.018,0.023,0.016,931144624,19090080.0,33.33,-14.29,-0.003,1532.5
2026-06-18,GDDY,76.42,77.04,77.76,74.5,5842823,449053792.0,4.28,1.22,0.93,4.41
2026-06-18,GDE,64.43,63.985,64.57,63.6,147833,9485086.0,1.52,0.29,0.185,0.0
2026-06-18,GDEC,39.7,39.8,39.8,39.69,11589,460587.0,0.28,0.54,0.212,0.0
2026-06-18,GDEV,12.64,12.69,13.17,12.64,1030,13078.0,4.14,-0.86,-0.11,0.01
2026-06-18,GDEVW,0.007,0.007,0.007,0.007,1000,7.0,0.0,0.0,0.0,0.0
2026-06-18,GDHG,1.7,1.56,2.105,1.56,334206,601725.0,26.2,-25.0,-0.52,0.71
2026-06-18,GDIV,18.72,18.611,18.72,18.575,5903,110189.0,0.78,0.41,0.076,0.0
2026-06-18,GDL,8.38,8.41,8.42,8.38,2870,24109.0,0.48,0.36,0.03,0.0
2026-06-18,GDLC,28.78,28.195,28.92,27.92,29159,825735.0,3.47,-2.06,-0.593,0.0
2026-06-18,GDMA,43.31,43.54,43.63,43.23,21661,942083.0,0.94,2.76,1.17,0.0
2026-06-18,GDMN,85.52,82.5,86.04,81.71,35433,2964781.0,5.11,-2.56,-2.17,0.0
2026-06-18,GDO,10.74,10.66,10.75,10.65,58619,626203.0,0.93,-0.65,-0.07,0.0
2026-06-18,GDOC,33.31,33.133,33.31,33.04,14265,471753.0,0.81,-0.39,-0.131,0.0
2026-06-18,GDOG,9.97,9.711,9.97,9.64,9119,89132.0,3.29,-3.13,-0.314,0.0
2026-06-18,GDOT,12.86,12.75,12.93,12.75,996247,12740728.0,1.41,-0.31,-0.04,1.76
2026-06-18,GDRX,2.63,2.66,2.68,2.63,2098022,5580236.0,1.92,1.92,0.05,2.0
2026-06-18,GDS,32.25,31.48,32.66,30.5,3218976,101304750.0,6.55,-4.49,-1.48,1.65
2026-06-18,GDT,35.34,35.34,35.34,35.34,9,320.0,0.0,-0.34,-0.12,0.0
2026-06-18,GDTC,1.08,1.08,1.08,1.08,296,325.0,0.0,0.0,0.0,0.0
2026-06-18,GDV,29.09,28.97,29.35,28.97,104833,3047718.0,1.32,0.31,0.09,0.0
2026-06-18,GDV_H,21.9,21.77,21.9,21.765,1658,36123.0,0.61,-1.18,-0.26,0.09
2026-06-18,GDV_K,17.55,17.46,17.55,17.439,3158,55281.0,0.62,-1.85,-0.33,0.06
2026-06-18,GDX,84.91,82.51,86.57,81.47,37180353,3082837488.0,6.05,-2.19,-1.85,0.0
2026-06-18,GDXD,36.53,39.77,41.29,34.525,1491254,57774175.0,18.06,6.19,2.32,0.0
2026-06-18,GDXJ,110.99,107.22,112.84,106.06,10609372,1146164176.0,6.18,-2.34,-2.57,0.0
2026-06-18,GDXU,125.45,114.28,132.5,110.28,2113346,254482113.0,18.07,-7.05,-8.67,0.0
2026-06-18,GDXW,43.17,41.68,43.853,41.01,59254,2475378.0,6.64,-2.64,-1.13,0.0
2026-06-18,GDXY,11.31,11.05,11.465,10.939,531144,5904753.0,4.63,-2.64,-0.3,0.0
2026-06-18,GDYN,6.05,5.66,6.07,5.6,3277657,18729138.0,7.76,-6.6,-0.4,3.92
2026-06-18,GE,362.85,357.64,364.7,357.1,7763392,2785748480.0,2.13,0.17,0.61,0.74
2026-06-18,GECC,5.48,5.47,5.65,5.38,146256,797269.0,4.97,0.74,0.04,1.05
2026-06-18,GECCG,24.97,24.96,25.14,24.96,1044,26107.0,0.72,-0.32,-0.08,0.0
2026-06-18,GECCH,24.99,24.945,24.99,24.9,2135,53338.0,0.36,0.14,0.035,0.0
2026-06-18,GECCI,25.15,25.15,25.15,25.09,1978,49725.0,0.24,-0.12,-0.03,0.0
2026-06-18,GEF,70.53,68.91,70.77,68.47,601471,41703119.0,3.29,-1.42,-0.99,2.43
2026-06-18,GEF_B,85.42,86.75,87.2,84.87,236444,20476079.0,2.72,1.13,0.97,1.11
2026-06-18,GEG,2.25,2.76,2.825,2.17,91190,241367.0,28.6,20.52,0.47,0.29
2026-06-18,GEGGL,24.705,24.89,24.89,24.705,456,11313.0,0.75,1.21,0.297,0.0
2026-06-18,GEHC,60.42,61.59,62.035,59.97,8337312,512154816.0,3.38,0.72,0.44,1.83
2026-06-18,GEL,14.06,14.47,14.92,13.8,3043320,44037986.0,7.9,2.05,0.29,2.49
2026-06-18,GELS,1.06,1.04,1.09,0.96,387234,404201.0,11.4,-8.77,-0.1,3.62
2026-06-18,GEM,53.31,53.81,53.905,53.29,98813,5300020.0,1.18,3.01,1.57,0.0
2026-06-18,GEMD,42.59,42.591,42.61,42.57,1648,70214.0,0.09,0.45,0.191,0.0
2026-06-18,GEME,43.76,44.199,44.295,43.63,49644,2191493.0,1.52,1.29,0.565,0.0
2026-06-18,GEMG,10.865,10.612,11.49,10.39,26735,291153.0,9.97,-3.78,-0.417,0.0
2026-06-18,GEMI,4.85,4.71,4.928,4.665,1484442,7034868.0,5.5,-1.46,-0.07,3.36
2026-06-18,GEN,23.87,24.18,24.348,23.215,18854816,454370832.0,4.74,1.07,0.255,3.13
2026-06-18,GENB,14.12,14.49,14.665,13.8,2604818,37593654.0,6.24,4.47,0.62,2.03
2026-06-18,GENC,14.88,15.0,15.035,14.6,56520,840917.0,2.95,1.83,0.27,0.46
2026-06-18,GEND,12.63,12.586,12.64,12.586,952,12016.0,0.43,-0.62,-0.079,0.0
2026-06-18,GENI,6.17,6.1,6.45,6.015,12158275,75028533.0,7.02,-1.61,-0.1,4.72
2026-06-18,GENK,2.3,2.11,2.3,2.11,23275,50205.0,8.48,-5.8,-0.13,0.43
2026-06-18,GENM,10.3,10.3,10.33,10.295,5789,59621.0,0.34,0.29,0.03,0.0
2026-06-18,GENT,10.265,10.25,10.29,10.22,76531,785979.0,0.68,0.24,0.025,0.0
2026-06-18,GENVR,1.35,1.37,1.37,1.07,61417,79045.0,21.9,0.0,0.0,0.0
2026-06-18,GENW,14.987,14.987,14.987,14.987,162,2430.0,0.0,-0.15,-0.022,0.0
2026-06-18,GENZ,36.0,36.52,36.66,36.0,2035,74365.0,1.82,0.51,0.186,0.0
2026-06-18,GEO,28.94,29.28,29.365,28.39,3551482,103669432.0,3.38,1.46,0.42,2.66
2026-06-18,GEOA,36.21,36.326,36.326,36.21,813,29469.0,0.32,0.65,0.236,0.0
2026-06-18,GEOS,7.31,7.22,7.56,6.7,255686,1800920.0,11.93,0.14,0.01,1.98
2026-06-18,GEQ,50.81,50.961,50.961,50.81,1782,90669.0,0.3,1.05,0.532,0.0
2026-06-18,GERN,1.25,1.26,1.3,1.23,22995800,29123678.0,6.1,2.44,0.03,3.58
2026-06-18,GETY,0.612,0.605,0.644,0.582,4021268,2481724.0,10.39,1.34,0.008,0.96
2026-06-18,GEV,1091.03,1109.73,1117.96,1087.28,4344726,4797738240.0,2.93,5.8,60.87,1.62
2026-06-18,GEVG,32.0,33.399,33.7,31.93,99399,3266503.0,5.93,11.88,3.547,0.0
2026-06-18,GEVO,1.52,1.54,1.565,1.47,9796930,15039595.0,6.38,3.36,0.05,4.02
2026-06-18,GEVX,24.8,26.04,26.37,24.72,709915,18143315.0,7.08,11.76,2.74,0.0
2026-06-18,GEW,54.999,54.999,54.999,54.999,71,3936.0,0.0,0.47,0.259,0.0
2026-06-18,GF,11.98,11.93,11.981,11.885,15772,188618.0,0.81,1.1,0.13,0.0
2026-06-18,GFAI,0.412,0.409,0.42,0.4,309445,126054.0,4.74,-3.08,-0.013,0.99
2026-06-18,GFAIW,0.051,0.05,0.051,0.05,2139,108.0,2.0,0.0,0.0,0.0
2026-06-18,GFEB,43.93,43.985,43.985,43.902,25358,1113747.0,0.19,0.38,0.165,0.0
2026-06-18,GFF,90.25,91.13,93.69,90.25,760414,69530112.0,3.87,2.58,2.29,1.66
2026-06-18,GFGF,35.348,35.348,35.348,35.348,7,281.0,0.0,0.92,0.321,0.0
2026-06-18,GFI,39.61,38.6,40.25,37.93,4260309,165139829.0,5.97,-0.75,-0.29,0.48
2026-06-18,GFL,35.08,35.1,35.455,34.39,1573905,55017497.0,3.04,0.26,0.09,0.45
2026-06-18,GFLW,33.09,33.26,33.367,33.014,64067,2129838.0,1.09,2.64,0.854,0.0
2026-06-18,GFR,5.53,5.49,5.53,5.33,462596,2515046.0,3.62,-0.54,-0.03,0.37
2026-06-18,GFS,83.415,85.83,85.915,82.314,2977566,252757661.0,4.47,6.44,5.19,0.54
2026-06-18,GGAL,56.82,56.37,57.94,56.09,1334564,76074629.0,3.33,1.48,0.82,1.01
2026-06-18,GGB,4.42,4.17,4.45,4.16,30766223,130287133.0,6.46,-7.13,-0.32,0.0
2026-06-18,GGG,76.01,76.03,76.8,75.72,2310897,175806459.0,1.43,1.01,0.76,1.43
2026-06-18,GGLL,121.14,122.37,123.37,116.19,999739,120149420.0,6.01,2.4,2.87,0.0
2026-06-18,GGLS,5.65,5.61,5.759,5.59,13555751,76595110.0,2.98,-1.06,-0.06,0.0
2026-06-18,GGM,29.804,29.804,29.804,29.804,4,119.0,0.0,1.26,0.37,0.0
2026-06-18,GGME,60.245,60.455,60.64,60.17,6676,403560.0,0.79,1.39,0.829,0.0
2026-06-18,GGN,5.05,4.98,5.06,4.94,932994,4659310.0,2.38,-1.19,-0.06,0.0
2026-06-18,GGN_B,19.5,19.55,19.6,19.5,3300,64637.0,0.5,-1.91,-0.38,0.11
2026-06-18,GGOV,50.35,50.28,50.35,50.15,449847,22621519.0,0.4,0.16,0.08,0.0
2026-06-18,GGR,4.015,4.0,4.065,3.985,24735,99304.0,2.0,-0.25,-0.01,0.12
2026-06-18,GGRP,0.83,0.831,0.928,0.812,372752,326789.0,13.2,-5.46,-0.048,1.72
2026-06-18,GGRW,37.827,37.827,37.827,37.827,15,597.0,0.0,1.99,0.737,0.0
2026-06-18,GGT,4.21,4.2,4.241,4.18,268670,1128506.0,1.45,-0.24,-0.01,0.0
2026-06-18,GGTL,41.027,41.027,41.027,41.027,55,2249.0,0.0,3.11,1.239,0.0
2026-06-18,GGT_E,20.16,20.04,20.19,20.04,3157,63429.0,0.74,-1.28,-0.26,0.2
2026-06-18,GGT_G,20.16,20.16,20.16,20.16,2701,54471.0,0.0,-0.44,-0.09,0.22
2026-06-18,GGUS,66.88,67.2,67.21,66.86,11526,772447.0,0.53,1.31,0.87,0.0
2026-06-18,GGZ,15.95,15.915,15.95,15.82,4143,66062.0,0.82,0.16,0.025,0.0
2026-06-18,GH,132.48,131.78,134.0,130.19,3409023,449087584.0,2.95,2.07,2.67,2.57
2026-06-18,GHC,1129.47,1144.66,1156.08,1119.12,54955,62773381.0,3.28,1.71,19.23,1.64
2026-06-18,GHG,1.12,1.13,1.16,1.12,18525,21188.0,3.57,0.89,0.01,0.03
2026-06-18,GHI,5.2,5.19,5.25,5.18,42704,222094.0,1.34,-0.57,-0.03,0.18
2026-06-18,GHM,117.74,110.73,118.0,108.17,372182,41473191.0,8.48,-4.45,-5.16,3.18
2026-06-18,GHRS,21.99,22.24,23.03,21.3,544656,11988771.0,7.97,2.49,0.54,0.79
2026-06-18,GHTA,30.77,30.641,30.77,30.61,2221,68172.0,0.52,-0.07,-0.022,0.0
2026-06-18,GHY,11.79,11.77,11.85,11.74,192510,2268753.0,0.94,0.09,0.01,0.0
2026-06-18,GHYB,44.81,44.832,44.89,44.75,46222,2072842.0,0.31,0.31,0.137,0.0
2026-06-18,GHYG,45.32,45.28,45.32,45.236,5546,251069.0,0.19,0.24,0.11,0.0
2026-06-18,GIAX,18.0,18.01,18.19,17.655,185172,3306587.0,3.0,0.95,0.17,0.0
2026-06-18,GIB,61.76,61.28,62.69,59.63,954225,58458036.0,4.63,-7.25,-4.79,0.51
2026-06-18,GIBO,1.35,1.35,1.37,1.332,20593,27992.0,2.81,0.0,0.0,0.03
2026-06-18,GIC,32.11,32.91,32.95,32.11,332747,10872100.0,2.64,3.26,1.04,0.87
2026-06-18,GIEQ,41.622,41.622,41.622,41.622,2,84.0,0.0,0.6,0.25,0.0
2026-06-18,GIFT,0.98,0.89,1.0,0.89,82286,76371.0,11.0,-11.0,-0.11,0.24
2026-06-18,GIGB,45.97,45.88,45.975,45.85,52631,2415896.0,0.27,0.26,0.12,0.0
2026-06-18,GIGL,50.67,50.579,50.69,50.57,12415,628641.0,0.24,0.22,0.109,0.0
2026-06-18,GIGM,1.435,1.4,1.435,1.4,1226,1754.0,2.4,-4.11,-0.06,0.01
2026-06-18,GII,75.44,75.52,75.9,75.26,41398,3132722.0,0.85,0.57,0.43,0.0
2026-06-18,GIII,34.52,34.77,35.31,34.42,896081,31211089.0,2.61,2.11,0.72,2.12
2026-06-18,GIL,53.13,51.89,53.49,51.81,3819614,200448891.0,3.16,-2.33,-1.24,2.06
2026-06-18,GILD,125.845,123.76,126.39,122.43,14348342,1776716736.0,3.16,-1.35,-1.69,1.16
2026-06-18,GILT,13.87,13.19,14.0,12.95,1425161,18850897.0,7.73,-2.87,-0.39,1.89
2026-06-18,GIND,24.27,24.23,24.3,24.21,10797,261914.0,0.38,1.06,0.254,0.0
2026-06-18,GINN,77.72,77.934,77.934,77.72,254,19807.0,0.28,1.06,0.814,0.0
2026-06-18,GINX,35.08,35.041,35.11,35.03,7813,273968.0,0.23,-0.12,-0.042,0.0
2026-06-18,GIPR,0.183,0.173,0.19,0.173,351949,63328.0,9.44,-3.89,-0.007,4.22
2026-06-18,GIPRW,0.058,0.048,0.058,0.048,1504,83.0,40.0,92.0,0.023,0.0
2026-06-18,GIS,33.4,33.42,33.77,33.21,13995726,468029632.0,1.68,0.18,0.06,2.62
2026-06-18,GITS,1.55,1.48,1.59,1.46,22800,34602.0,8.23,-6.33,-0.1,
2026-06-18,GIW,10.07,10.07,10.07,10.07,582,5861.0,0.0,0.0,0.0,0.0
2026-06-18,GIWWR,0.34,0.3,0.34,0.3,275,88.0,11.49,-13.79,-0.048,0.0
2026-06-18,GIX,9.945,9.945,9.945,9.945,41,408.0,0.0,0.0,0.0,0.0
2026-06-18,GIXXR,0.32,0.32,0.32,0.32,370,118.0,0.0,0.0,0.0,0.0
2026-06-18,GIXXU,10.22,10.22,10.22,10.22,15,153.0,0.0,0.0,0.0,0.0
2026-06-18,GJAN,44.955,44.94,44.97,44.88,27861,1251353.0,0.2,0.49,0.22,0.0
2026-06-18,GJH,9.5,9.51,9.51,9.5,2357,22412.0,0.11,0.32,0.03,0.0
2026-06-18,GJO,24.84,24.84,24.84,24.84,2,50.0,0.0,0.0,0.0,0.0
2026-06-18,GJP,24.26,24.24,24.26,24.24,1000,24239.0,0.08,-0.94,-0.23,0.0
2026-06-18,GJR,24.647,24.647,24.647,24.647,64,1582.0,0.0,0.0,0.0,0.0
2026-06-18,GJS,23.238,23.459,23.459,23.238,1606,37409.0,0.94,-0.48,-0.114,0.0
2026-06-18,GJT,23.4,23.22,23.6,23.22,10270,238922.0,1.62,-1.28,-0.3,0.0
2026-06-18,GJUL,43.36,43.385,43.385,43.331,247078,10713287.0,0.12,0.2,0.085,0.0
2026-06-18,GJUN,41.17,41.18,41.19,41.09,467066,19226669.0,0.24,0.12,0.05,0.0
2026-06-18,GK,29.54,29.849,29.85,29.43,4706,139205.0,1.44,2.36,0.687,0.0
2026-06-18,GKAT,43.68,43.898,43.898,43.68,1807,79064.0,0.5,1.07,0.463,0.0
2026-06-18,GKOS,128.97,130.68,131.73,125.43,984179,128147111.0,4.94,2.57,3.27,1.68
2026-06-18,GL,172.28,170.76,172.74,169.55,1635322,279326832.0,1.86,-0.29,-0.49,2.11
2026-06-18,GLAD,18.86,18.69,18.97,18.505,303770,5668263.0,2.46,-1.32,-0.25,1.34
2026-06-18,GLAM,26.18,26.326,26.326,26.18,524,13733.0,0.56,1.8,0.466,0.0
2026-06-18,GLBE,31.9,32.84,32.92,31.701,1439651,46943552.0,3.81,2.69,0.86,0.86
2026-06-18,GLBL,28.122,28.122,28.122,28.122,4,131.0,0.0,1.52,0.421,0.0
2026-06-18,GLBS,2.59,2.75,2.78,2.58,387785,1050677.0,7.69,5.77,0.15,1.8
2026-06-18,GLCR,23.56,23.534,23.56,23.534,1911,45023.0,0.11,-1.06,-0.252,0.0
2026-06-18,GLD,391.24,387.12,392.5,385.6,7627319,2963224496.0,1.78,-0.38,-1.48,0.0
2026-06-18,GLDB,20.89,20.456,20.94,20.31,13676,278391.0,3.01,-2.3,-0.481,0.0
2026-06-18,GLDG,0.965,0.953,1.01,0.934,854273,812275.0,7.8,-2.16,-0.021,0.4
2026-06-18,GLDI,152.5,152.0,154.75,151.06,42800,6527814.0,2.42,-0.55,-0.85,0.0
2026-06-18,GLDM,84.35,83.44,84.61,83.13,3717951,311431360.0,1.77,-0.41,-0.34,0.0
2026-06-18,GLDN,16.14,15.702,16.18,15.64,2074,32805.0,3.36,-2.35,-0.378,0.0
2026-06-18,GLDW,44.475,43.818,44.475,43.75,7694,338972.0,1.64,-0.65,-0.287,0.0
2026-06-18,GLDY,13.35,13.181,13.35,13.16,14402,190426.0,1.43,-1.12,-0.149,0.0
2026-06-18,GLE,0.449,0.432,0.456,0.416,290418,125055.0,8.77,-5.26,-0.024,2.13
2026-06-18,GLED_U,10.13,10.13,10.13,10.13,156,1580.0,0.0,0.0,0.0,0.0
2026-06-18,GLGG,12.43,12.306,13.06,11.875,65561,814840.0,10.31,7.11,0.817,0.0
2026-06-18,GLIBA,20.49,21.01,21.04,19.61,153119,3172136.0,7.02,3.09,0.63,4.19
2026-06-18,GLIBK,20.09,20.42,20.755,19.3,1309702,26541904.0,7.17,0.59,0.12,3.65
2026-06-18,GLIN,47.0,46.811,47.185,46.74,34138,1602210.0,0.96,1.43,0.659,0.0
2026-06-18,GLIX,27.47,27.255,27.47,27.255,2452,67105.0,0.79,-0.49,-0.133,0.0
2026-06-18,GLL,24.07,24.54,24.72,23.91,3443370,83769758.0,3.33,0.74,0.18,0.0
2026-06-18,GLMD,0.585,0.58,0.61,0.566,47272,27535.0,7.33,-3.33,-0.02,0.62
2026-06-18,GLND,2.81,3.07,3.1,2.78,3240525,9828948.0,11.43,9.64,0.27,7.41
2026-06-18,GLNDW,1.12,1.15,1.2,1.08,70765,80739.0,11.65,11.65,0.12,0.0
2026-06-18,GLNG,49.45,49.6,49.69,48.47,1633668,80405562.0,2.47,0.3,0.15,1.6
2026-06-18,GLNK,7.18,7.03,7.18,6.9,166425,1173114.0,3.93,-1.43,-0.102,0.0
2026-06-18,GLO,5.99,5.99,6.01,5.94,226899,1356250.0,1.18,1.01,0.06,0.0
2026-06-18,GLOB,31.72,30.74,32.74,30.28,3352637,105316916.0,7.11,-11.18,-3.87,7.76
2026-06-18,GLOF,59.49,59.16,59.49,59.125,9358,554414.0,0.62,0.7,0.413,0.0
2026-06-18,GLOO,4.61,4.69,4.75,4.6,110248,516648.0,3.16,-1.26,-0.06,0.53
2026-06-18,GLOP_A,25.18,25.25,25.34,25.11,21643,546450.0,0.91,0.12,0.03,0.43
2026-06-18,GLOP_B,26.14,25.86,26.14,25.72,600,15856.0,1.61,0.4,0.1,0.02
2026-06-18,GLOP_C,25.34,25.599,25.7,25.34,5385,137740.0,1.41,0.55,0.14,0.18
2026-06-18,GLOW,34.409,34.448,34.49,34.35,12879,443950.0,0.41,1.08,0.367,0.0
2026-06-18,GLP,43.36,42.58,43.63,41.925,538955,22977222.0,3.93,-1.89,-0.82,1.59
2026-06-18,GLPI,45.26,44.59,45.515,44.375,3789324,169610749.0,2.52,-1.48,-0.67,1.34
2026-06-18,GLP_B,25.43,25.52,25.55,25.43,2159,55116.0,0.47,0.08,0.02,0.07
2026-06-18,GLQ,8.56,8.54,8.58,8.465,60989,521113.0,1.36,1.07,0.09,0.0
2026-06-18,GLRE,16.29,16.07,16.355,15.96,173151,2787305.0,2.44,-0.62,-0.1,0.52
2026-06-18,GLRY,42.95,43.07,43.11,42.86,13151,565265.0,0.59,2.16,0.91,0.0
2026-06-18,GLSI,24.675,23.38,24.9,22.6,92522,2174092.0,9.59,-2.54,-0.61,0.63
2026-06-18,GLTR,196.98,194.12,197.58,193.0,36843,7194557.0,2.33,-1.06,-2.08,0.0
2026-06-18,GLU,18.56,18.8,19.06,18.56,7463,140461.0,2.72,2.29,0.42,0.0
2026-06-18,GLUE,19.07,18.31,19.31,17.905,2507724,45937977.0,7.63,-0.54,-0.1,2.97
2026-06-18,GLU_A,74.49,90.8,90.8,74.49,934,76564.0,19.59,9.08,7.56,8.51
2026-06-18,GLU_B,50.66,50.01,50.66,50.01,31,1552.0,1.28,-1.28,-0.65,0.01
2026-06-18,GLV,6.48,6.48,6.49,6.46,41454,268504.0,0.47,0.47,0.03,0.0
2026-06-18,GLW,182.33,194.92,196.02,181.2,22778036,4356486656.0,8.45,11.13,19.52,2.65
2026-06-18,GLWG,24.31,27.67,27.99,24.12,1600279,41649241.0,17.01,21.63,4.92,0.0
2026-06-18,GLXG,1.79,1.68,2.015,1.58,207466,364046.0,21.75,-16.0,-0.32,3.7
2026-06-18,GLXU,14.36,14.35,15.31,13.81,743373,10727160.0,11.12,6.38,0.86,0.0
2026-06-18,GLXY,34.315,34.2,35.3,33.438,6929729,237700509.0,5.64,3.51,1.16,3.62
2026-06-18,GL_D,15.56,15.55,15.6,15.431,13014,201851.0,1.09,0.0,0.0,0.0
2026-06-18,GM,80.605,79.29,80.95,78.94,18900850,1502605248.0,2.53,-0.36,-0.29,2.1
2026-06-18,GMAB,25.68,25.27,25.725,25.0,1809919,45761763.0,2.86,-0.47,-0.12,0.29
2026-06-18,GMAR,44.2,44.19,44.2,44.12,39175,1730018.0,0.18,0.41,0.18,0.0
2026-06-18,GMAY,42.98,43.055,43.08,42.92,30809,1325451.0,0.37,0.67,0.287,0.0
2026-06-18,GME,21.45,21.52,21.665,21.35,9220054,198295099.0,1.46,0.05,0.01,2.05
2026-06-18,GMED,76.24,79.23,79.34,75.635,3629866,285317248.0,4.91,5.05,3.81,3.2
2026-06-18,GMEU,7.99,7.93,8.08,7.86,118489,945569.0,2.75,-0.88,-0.07,0.0
2026-06-18,GMEX,0.75,0.719,0.75,0.702,598554,431195.0,6.24,-6.5,-0.05,42.04
2026-06-18,GMEY,28.541,28.541,28.541,28.541,264,7556.0,0.0,-0.63,-0.181,0.0
2026-06-18,GME_WS,2.76,2.77,2.83,2.721,290533,807982.0,3.94,0.0,0.0,0.0
2026-06-18,GMF,159.64,160.292,160.292,159.64,2363,377760.0,0.42,2.4,3.759,0.0
2026-06-18,GMHS,0.86,0.893,0.905,0.854,78500,68909.0,5.76,0.9,0.008,0.16
2026-06-18,GMM,3.43,3.5,3.74,3.43,229899,824643.0,8.42,-4.89,-0.18,12.84
2026-06-18,GMMA,21.641,21.641,21.641,21.641,142,3069.0,0.0,0.79,0.169,0.0
2026-06-18,GMMF,100.29,100.28,100.29,100.27,34163,3424836.0,0.02,0.01,0.01,0.0
2026-06-18,GMNY,50.27,50.285,50.29,50.27,282,14183.0,0.04,0.24,0.118,0.0
2026-06-18,GMOC,50.14,50.125,50.14,50.125,105,5314.0,0.03,-0.04,-0.02,0.0
2026-06-18,GMOD,27.56,27.56,27.6,27.53,30284,834926.0,0.26,0.55,0.15,0.0
2026-06-18,GMOI,37.87,37.87,37.979,37.86,61162,2319358.0,0.31,-0.53,-0.2,0.0
2026-06-18,GMOM,36.55,36.52,36.57,36.42,3280,119812.0,0.41,-0.25,-0.093,0.0
2026-06-18,GMOV,29.97,29.625,29.97,29.62,11420,338847.0,1.18,-0.42,-0.125,0.0
2026-06-18,GMRS,12.31,13.25,13.85,12.142,4053947,53749598.0,14.22,10.32,1.24,7.51
2026-06-18,GMTL,16.0,16.2,16.605,15.58,158672,2539061.0,6.47,2.21,0.35,0.41
2026-06-18,GMUB,51.38,51.34,51.44,51.34,24970,1283022.0,0.2,0.25,0.13,0.0
2026-06-18,GNE,13.82,13.98,14.05,13.82,182377,2544280.0,1.66,1.01,0.14,0.73
2026-06-18,GNK,23.41,23.68,24.455,23.41,778030,18624505.0,4.48,1.5,0.35,1.79
2026-06-18,GNL,9.11,9.22,9.235,9.11,5315704,48881717.0,1.37,1.1,0.1,2.51
2026-06-18,GNLN,2.51,2.57,2.65,2.51,8942,22801.0,5.58,2.39,0.06,1.42
2026-06-18,GNLX,2.88,2.965,2.98,2.83,98793,289368.0,5.26,4.04,0.115,0.22
2026-06-18,GNL_A,22.9,23.39,23.39,22.9,81902,1884659.0,2.13,1.65,0.38,1.2
2026-06-18,GNL_B,21.84,21.92,22.16,21.82,192163,4202486.0,1.56,0.55,0.12,4.09
2026-06-18,GNL_D,23.55,23.65,23.9,23.55,23135,547336.0,1.48,0.3,0.07,0.29
2026-06-18,GNL_E,23.12,23.02,23.23,22.66,15171,349475.0,2.47,-0.26,-0.06,0.33
2026-06-18,GNMA,44.47,44.155,44.47,44.108,18169,803073.0,0.82,0.35,0.155,0.0
2026-06-18,GNMX,27.982,27.982,27.982,27.982,12,357.0,0.0,2.04,0.559,0.0
2026-06-18,GNOM,52.04,52.07,52.07,51.43,13678,708660.0,1.25,1.5,0.77,0.0
2026-06-18,GNOV,41.7,41.73,41.757,41.66,11635,485081.0,0.23,0.37,0.155,0.0
2026-06-18,GNPX,0.489,0.592,0.63,0.48,1609143,929813.0,31.06,22.57,0.109,14.73
2026-06-18,GNR,70.17,69.51,70.27,69.32,192917,13432084.0,1.34,-1.63,-1.15,0.0
2026-06-18,GNRC,273.71,279.15,289.0,273.51,1537037,431096800.0,5.78,4.08,10.95,2.61
2026-06-18,GNS,0.225,0.208,0.225,0.206,6874609,1464912.0,8.44,-7.56,-0.017,3.53
2026-06-18,GNSS,1.67,1.63,1.685,1.62,152484,251090.0,3.88,-2.69,-0.045,0.33
2026-06-18,GNT,8.4,8.24,8.42,8.16,145222,1198971.0,3.1,-1.9,-0.16,0.0
2026-06-18,GNTA,1.88,1.68,1.88,1.68,138837,241697.0,10.87,-8.7,-0.16,0.77
2026-06-18,GNTX,25.59,25.95,25.995,25.43,3899808,100954843.0,2.23,2.25,0.57,1.83
2026-06-18,GNT_A,20.075,20.075,20.4,20.075,71,1455.0,1.59,-1.59,-0.325,0.01
2026-06-18,GNW,8.97,8.95,9.04,8.895,8070835,72274537.0,1.62,-0.22,-0.02,2.11
2026-06-18,GO,9.57,9.26,9.64,9.175,7100347,66024919.0,4.91,-2.32,-0.22,7.18
2026-06-18,GOAI,2.82,2.68,2.99,2.6,111837,303923.0,13.4,-7.9,-0.23,0.31
2026-06-18,GOAU,41.42,40.37,42.15,40.0,35670,1442832.0,5.21,-2.23,-0.92,0.0
2026-06-18,GOCT,41.45,41.455,41.455,41.4,18229,755312.0,0.13,0.41,0.17,0.0
2026-06-18,GOEX,77.75,75.51,78.35,74.37,8819,667701.0,5.12,-2.87,-2.23,0.0
2026-06-18,GOF,10.87,10.72,10.92,10.65,2333034,25031054.0,2.5,-0.83,-0.09,0.0
2026-06-18,GOGO,3.54,3.41,3.545,3.26,14463023,49303076.0,8.14,-2.57,-0.09,10.69
2026-06-18,GOLD,42.955,42.25,43.13,41.355,502647,21207175.0,4.16,-1.08,-0.46,1.73
2026-06-18,GOLF,102.69,107.73,108.66,101.73,681451,72952391.0,6.9,7.2,7.24,1.16
2026-06-18,GOLS,25.965,26.012,26.17,25.915,3925,102087.0,0.99,0.53,0.136,0.0
2026-06-18,GOLY,26.01,26.352,26.82,26.01,19194,507190.0,3.06,-0.45,-0.118,0.0
2026-06-18,GOOD,12.07,12.07,12.145,11.95,664565,8014953.0,1.62,0.5,0.06,1.37
2026-06-18,GOODN,22.515,22.72,22.72,22.515,3051,68902.0,0.9,0.13,0.03,0.13
2026-06-18,GOODO,20.27,20.26,20.27,20.131,1722,34822.0,0.69,0.07,0.015,0.04
2026-06-18,GOOG,363.89,367.46,369.0,356.608,29339118,10723532800.0,3.42,1.48,5.36,0.54
2026-06-18,GOOGL,365.75,368.03,369.48,358.67,44470070,16303974656.0,2.97,1.17,4.24,0.76
2026-06-18,GOOGM,51.59,51.38,51.59,50.5,2502561,127735124.0,2.14,0.75,0.38,1.49
2026-06-18,GOOGN,51.22,51.45,51.49,50.4,859776,43883045.0,2.14,1.14,0.58,0.51
2026-06-18,GOOP,41.75,41.9,41.99,40.81,24416,1016656.0,2.85,1.09,0.45,0.0
2026-06-18,GOOS,9.61,9.79,9.82,9.58,425915,4156070.0,2.51,2.51,0.24,0.92
2026-06-18,GOOW,71.17,71.516,71.53,69.4,21742,1532358.0,3.03,1.59,1.117,0.0
2026-06-18,GOOX,86.58,87.38,88.0,82.63,50260,4306362.0,6.32,2.76,2.345,0.0
2026-06-18,GOOY,13.74,13.78,13.81,13.52,557158,7632638.0,2.11,0.36,0.05,0.0
2026-06-18,GOP,44.59,44.376,44.59,44.17,11038,489617.0,0.96,1.13,0.497,0.0
2026-06-18,GORO,1.33,1.33,1.35,1.31,1871647,2491604.0,3.05,1.53,0.02,1.16
2026-06-18,GOSS,0.195,0.168,0.2,0.16,23415698,4038996.0,22.35,-6.15,-0.011,4.79
2026-06-18,GOTU,1.64,1.65,1.715,1.63,1204931,2007346.0,5.21,1.23,0.02,0.94
2026-06-18,GOU,30.16,30.61,30.84,29.23,32371,980317.0,5.36,2.0,0.6,0.0
2026-06-18,GOVI,27.3,27.245,27.34,27.231,243143,6635434.0,0.4,0.39,0.105,0.0
2026-06-18,GOVT,22.76,22.745,22.8,22.74,5437296,123793273.0,0.26,0.22,0.05,0.0
2026-06-18,GOVX,1.2,1.34,1.38,1.17,664838,845054.0,17.8,13.56,0.16,12.76
2026-06-18,GOVZ,37.36,37.02,37.44,36.98,272910,10155185.0,1.25,0.46,0.17,0.0
2026-06-18,GP,1.34,1.33,1.4,1.32,306043,415811.0,6.06,0.76,0.01,6.09
2026-06-18,GPAT,10.89,10.88,10.89,10.88,1228,13365.0,0.09,0.0,0.0,0.0
2026-06-18,GPC,107.12,108.7,111.31,107.12,3660479,399144560.0,3.95,2.43,2.58,2.66
2026-06-18,GPCR,45.94,44.51,47.24,44.35,1152052,52203200.0,6.42,-1.09,-0.49,1.62
2026-06-18,GPGI,14.25,14.42,14.74,14.15,2079729,29918633.0,4.18,2.12,0.3,0.72
2026-06-18,GPI,306.23,313.16,313.31,306.23,203156,63390246.0,2.32,2.65,8.09,1.71
2026-06-18,GPIQ,59.1,59.39,59.5,58.9,1233813,73113237.0,1.03,2.03,1.18,0.0
2026-06-18,GPIX,55.535,55.5,55.58,55.28,728164,40377506.0,0.55,0.95,0.52,0.0
2026-06-18,GPJA,21.95,21.97,22.09,21.905,21073,463321.0,0.85,0.73,0.16,0.0
2026-06-18,GPK,10.72,10.71,10.94,10.69,7008383,75447382.0,2.35,0.56,0.06,2.37
2026-06-18,GPMT,1.41,1.32,1.43,1.32,904990,1217591.0,7.8,-6.38,-0.09,1.89
2026-06-18,GPMT_A,19.2,19.2,19.2,19.2,110,2161.0,0.0,0.0,0.0,0.0
2026-06-18,GPN,66.64,66.88,67.98,65.81,6117794,409478000.0,3.27,0.78,0.52,2.24
2026-06-18,GPOR,159.85,160.71,163.12,159.845,421006,67877286.0,2.03,-0.57,-0.92,2.34
2026-06-18,GPRE,14.59,14.82,14.985,14.22,3495268,51614461.0,5.26,2.0,0.29,4.99
2026-06-18,GPRF,50.24,50.155,50.24,50.08,1650,82781.0,0.32,-0.17,-0.085,0.0
2026-06-18,GPRK,10.2,10.14,10.3,9.82,596577,5979597.0,4.65,-1.84,-0.19,0.92
2026-06-18,GPRO,0.831,0.79,0.84,0.78,7305081,5838266.0,7.49,-1.37,-0.011,4.98
2026-06-18,GPT,34.18,34.008,34.18,33.96,1959,66756.0,0.65,0.69,0.232,0.0
2026-06-18,GPTY,47.25,47.384,47.57,46.53,59687,2812975.0,2.25,2.72,1.254,0.0
2026-06-18,GPUS,0.512,0.359,0.57,0.344,727768736,311930048.0,56.78,-9.8,-0.039,166.27
2026-06-18,GPUS_D,19.0,20.0,21.49,18.625,4400,86171.0,14.69,2.56,0.5,0.72
2026-06-18,GPZ,23.124,22.78,23.124,22.68,143990,3284289.0,1.93,-0.81,-0.185,0.0
2026-06-18,GQGU,25.22,25.14,25.27,25.09,110928,2794911.0,0.71,-0.95,-0.241,0.0
2026-06-18,GQI,58.64,58.72,58.81,58.501,16168,949156.0,0.53,0.57,0.335,0.0
2026-06-18,GQQQ,36.37,36.495,36.495,36.34,13157,479004.0,0.43,2.23,0.795,0.0
2026-06-18,GQRE,63.02,62.817,63.09,62.77,15858,998970.0,0.5,-1.01,-0.638,0.0
2026-06-18,GRAB,3.44,3.57,3.61,3.34,85667364,302469584.0,7.83,3.48,0.12,2.16
2026-06-18,GRABW,0.051,0.05,0.051,0.05,8749,402.0,2.13,6.38,0.003,0.0
2026-06-18,GRAF,10.91,10.8,10.91,10.8,126265,1369702.0,1.01,-0.64,-0.07,0.55
2026-06-18,GRAF_U,11.01,11.0,11.01,11.0,998,10980.0,0.09,-1.7,-0.19,0.0
2026-06-18,GRAF_WS,0.395,0.4,0.4,0.37,19352,7367.0,7.79,3.9,0.015,0.0
2026-06-18,GRAG,5.97,6.256,6.26,5.5,5673,34146.0,13.08,7.68,0.446,0.0
2026-06-18,GRAL,60.99,63.74,64.16,60.548,1164790,73458238.0,6.08,7.22,4.29,2.71
2026-06-18,GRAN,1.64,1.58,1.655,1.51,7668,12381.0,8.84,-3.66,-0.06,0.04
2026-06-18,GRBK,72.0,74.61,75.18,71.87,484999,36095275.0,4.64,4.51,3.22,1.12
2026-06-18,GRBK_A,21.78,21.905,21.935,21.39,5567,120525.0,2.49,0.25,0.055,0.28
2026-06-18,GRC,88.06,87.77,88.77,86.729,288463,25333486.0,2.35,1.19,1.03,1.09
2026-06-18,GRCE,2.22,2.38,2.38,2.215,280313,646509.0,7.43,7.21,0.16,1.72
2026-06-18,GRDN,43.9,42.41,44.0,42.12,1002697,42953372.0,4.33,-2.28,-0.99,2.01
2026-06-18,GRDX,5.2,5.4,5.47,4.96,181397,962109.0,10.3,9.09,0.45,2.73
2026-06-18,GREE,1.58,1.61,1.63,1.505,297861,468761.0,8.06,3.87,0.06,2.11
2026-06-18,GREEL,22.034,21.84,22.5,21.3,2523,55653.0,5.33,-2.93,-0.66,0.0
2026-06-18,GREK,77.07,77.19,77.495,77.04,36585,2826126.0,0.59,0.12,0.09,0.0
2026-06-18,GRF,10.0,9.98,10.0,9.98,1121,11280.0,0.2,-0.2,-0.02,0.0
2026-06-18,GRFS,7.49,7.4,7.49,7.34,1025910,7593404.0,2.01,-0.8,-0.06,0.24
2026-06-18,GRI,2.11,1.88,2.156,1.81,642792,1358093.0,14.91,-18.97,-0.44,36.3
2026-06-18,GRID,194.0,194.68,195.17,193.055,1980729,385766960.0,1.11,1.9,3.63,0.0
2026-06-18,GRIN,34.29,34.25,34.29,34.13,9082,310603.0,0.48,2.01,0.674,0.0
2026-06-18,GRML,0.33,0.29,0.335,0.29,5134782,1556494.0,14.11,-9.09,-0.029,3.72
2026-06-18,GRMLW,0.193,0.23,0.23,0.19,22441,4713.0,19.42,11.65,0.024,0.0
2026-06-18,GRMN,233.69,234.2,236.71,232.21,2310688,541631440.0,1.94,1.0,2.31,1.2
2026-06-18,GRN,31.62,31.62,31.62,31.62,32,1013.0,0.0,0.21,0.066,0.0
2026-06-18,GRNB,24.12,24.1,24.12,24.09,8700,209719.0,0.12,0.17,0.04,0.0
2026-06-18,GRND,13.43,13.35,13.5,12.97,1986200,26414920.0,3.99,0.53,0.07,1.12
2026-06-18,GRNI,21.41,21.21,21.41,21.14,17138,363631.0,1.28,0.43,0.09,0.0
2026-06-18,GRNJ,31.89,31.85,31.93,31.37,141246,4479292.0,1.79,1.72,0.54,0.0
2026-06-18,GRNQ,1.44,1.58,1.75,1.34,778689,1172732.0,29.08,12.06,0.17,4.31
2026-06-18,GRNT,4.66,4.69,4.695,4.565,1272306,5931819.0,2.75,-0.85,-0.04,0.96
2026-06-18,GRNY,27.61,27.49,27.645,27.39,1490750,41007584.0,0.93,0.7,0.19,0.0
2026-06-18,GRO,2.32,2.25,2.34,2.24,184963,420087.0,4.39,-1.32,-0.03,0.3
2026-06-18,GROV,1.22,1.24,1.24,1.16,38600,47250.0,6.5,0.81,0.01,0.09
2026-06-18,GROW,3.02,3.1,3.14,2.912,73068,221948.0,7.51,2.14,0.065,0.71
2026-06-18,GROY,2.92,2.87,2.97,2.83,3226403,9266261.0,4.81,-1.37,-0.04,1.4
2026-06-18,GROY_WS,1.02,1.02,1.02,1.02,3065,3387.0,0.0,0.0,0.0,0.0
2026-06-18,GROZ,31.88,32.045,32.07,31.875,8594,274935.0,0.62,1.31,0.415,0.0
2026-06-18,GRPM,126.945,127.24,127.28,126.721,8428,1071256.0,0.44,0.36,0.458,0.0
2026-06-18,GRPN,16.84,16.19,16.89,15.99,1409003,22902957.0,5.43,-2.23,-0.37,3.71
2026-06-18,GRPZ,30.687,30.687,30.687,30.687,28,865.0,0.0,1.38,0.418,0.0
2026-06-18,GRRR,17.46,16.54,17.47,16.21,1701352,28347936.0,7.3,-4.17,-0.72,6.13
2026-06-18,GRRRW,0.38,0.33,0.38,0.33,28747,9854.0,14.29,-5.71,-0.02,0.0
2026-06-18,GRVY,58.4,65.52,67.5,57.5,212548,13539393.0,17.59,15.23,8.66,3.06
2026-06-18,GRW,32.18,32.171,32.18,32.171,315,10147.0,0.03,1.02,0.326,0.0
2026-06-18,GRWG,1.55,1.59,1.59,1.535,382874,599729.0,3.55,2.58,0.04,0.64
2026-06-18,GRX,8.92,8.89,8.95,8.8,34851,308392.0,1.68,-0.67,-0.06,0.0
2026-06-18,GS,1120.0,1096.56,1125.0,1093.33,4499162,4968086784.0,2.88,-0.23,-2.58,1.53
2026-06-18,GSAT,80.44,80.41,80.87,79.6,1358852,109166104.0,1.59,0.5,0.4,1.06
2026-06-18,GSBC,74.88,74.23,75.7,74.0,163730,12184635.0,2.31,0.81,0.6,1.5
2026-06-18,GSBD,9.31,9.31,9.34,9.215,1186589,11012920.0,1.36,1.31,0.12,1.05
2026-06-18,GSC,65.92,66.176,66.21,65.68,11654,769303.0,0.82,2.09,1.356,0.0
2026-06-18,GSEE,72.81,72.889,72.905,72.49,2396,174391.0,0.59,3.73,2.62,0.0
2026-06-18,GSEP,40.74,40.87,40.89,40.74,26103,1065986.0,0.37,0.44,0.18,0.0
2026-06-18,GSEU,48.99,49.106,49.18,48.57,8482,416249.0,1.24,-0.04,-0.018,0.0
2026-06-18,GSEW,93.92,93.17,93.92,93.17,90155,8421470.0,0.81,0.17,0.16,0.0
2026-06-18,GSG,29.32,29.53,29.57,29.01,2438998,71237328.0,1.9,0.24,0.07,0.0
2026-06-18,GSGO,44.04,44.34,44.34,43.89,2580,113430.0,1.03,1.88,0.82,0.0
2026-06-18,GSHD,35.37,36.88,37.14,34.59,1295824,47112005.0,7.26,4.98,1.75,5.47
2026-06-18,GSHRW,0.24,0.24,0.24,0.24,300,72.0,0.0,0.0,0.0,0.0
2026-06-18,GSIB,61.49,60.945,61.49,60.94,18822,1150665.0,0.9,0.2,0.12,0.0
2026-06-18,GSID,76.4,76.415,76.51,76.355,5739,438771.0,0.2,0.48,0.365,0.0
2026-06-18,GSIE,46.41,46.32,46.465,46.25,966266,44799581.0,0.47,0.22,0.1,0.0
2026-06-18,GSIT,7.7,7.58,7.82,7.36,833283,6265664.0,6.28,3.55,0.26,2.18
2026-06-18,GSIW,30.21,35.0,38.55,29.01,38360,1291216.0,31.06,13.97,4.29,2.72
2026-06-18,GSJY,54.18,54.224,54.27,54.16,2590,140432.0,0.21,1.76,0.937,0.0
2026-06-18,GSK,51.79,50.67,51.94,50.43,4219335,214772719.0,2.9,-2.84,-1.48,0.21
2026-06-18,GSKH,72.08,71.934,72.08,71.934,317,22842.0,0.2,-1.73,-1.269,0.0
2026-06-18,GSL,37.9,37.89,38.23,37.34,369462,13989926.0,2.34,-0.24,-0.09,1.03
2026-06-18,GSLC,142.2,141.89,142.2,141.495,132137,18740623.0,0.5,0.94,1.32,0.0
2026-06-18,GSL_B,27.31,27.435,27.46,27.31,1772,48598.0,0.55,0.49,0.135,0.04
2026-06-18,GSM,3.865,3.91,3.92,3.745,2326678,8970082.0,4.56,1.82,0.07,1.25
2026-06-18,GSOL,5.39,5.21,5.39,5.12,3346600,17475413.0,5.04,-2.8,-0.15,0.0
2026-06-18,GSPY,40.63,40.641,40.641,40.52,1034,41974.0,0.3,1.05,0.423,0.0
2026-06-18,GSRF,10.15,10.15,10.15,10.15,93,948.0,0.0,0.0,0.0,0.0
2026-06-18,GSRFU,10.4,10.4,10.4,10.4,200,2080.0,0.0,-0.1,-0.01,0.0
2026-06-18,GSSC,88.53,88.958,88.958,88.02,23091,2045499.0,1.08,2.0,1.747,0.0
2026-06-18,GSST,50.51,50.52,50.52,50.5,294452,14872325.0,0.04,0.08,0.04,0.0
2026-06-18,GSUI,10.87,10.455,10.87,10.29,75969,799165.0,5.16,-6.9,-0.775,0.0
2026-06-18,GSUN,0.496,0.483,0.507,0.47,28976,14018.0,7.28,-4.92,-0.025,0.3
2026-06-18,GSUS,103.14,103.42,103.6,103.085,88573,9165866.0,0.5,1.02,1.04,0.0
2026-06-18,GSWO,63.99,63.86,63.99,63.55,55971,3567094.0,0.7,1.04,0.66,0.0
2026-06-18,GSY,50.27,50.25,50.27,50.24,628764,31594043.0,0.06,0.04,0.02,0.0
2026-06-18,GS_A,19.4,19.46,19.6,19.25,49282,961422.0,1.81,0.46,0.09,0.16
2026-06-18,GS_C,19.52,19.75,19.79,19.52,15895,313256.0,1.38,1.13,0.22,0.2
2026-06-18,GS_D,19.09,19.16,19.24,19.075,91442,1754325.0,0.87,0.63,0.12,0.17
2026-06-18,GT,6.23,6.19,6.24,6.0,10905741,67076972.0,3.9,0.49,0.03,3.79
2026-06-18,GTBP,0.48,0.514,0.514,0.45,1977633,968521.0,13.94,11.98,0.055,5.48
2026-06-18,GTE,7.54,7.37,7.54,7.09,606170,4424805.0,5.91,-3.28,-0.25,1.71
2026-06-18,GTEC,0.594,0.604,0.61,0.582,44183,26197.0,4.71,1.68,0.01,0.22
2026-06-18,GTEK,61.8,62.01,62.25,61.5,7910,490432.0,1.25,3.68,2.201,0.0
2026-06-18,GTEN,10.385,10.385,10.385,10.385,218,2265.0,0.0,-0.43,-0.045,0.0
2026-06-18,GTENW,0.9,0.9,0.9,0.9,29311,26380.0,0.0,-4.26,-0.04,0.0
2026-06-18,GTERA,10.31,10.32,10.32,10.31,4725,48716.0,0.1,0.19,0.02,0.03
2026-06-18,GTERR,0.11,0.11,0.11,0.11,4,0.0,0.0,0.0,0.0,0.0
2026-06-18,GTES,27.94,28.09,28.57,27.86,2675726,75277643.0,2.6,2.67,0.73,1.05
2026-06-18,GTIM,1.3,1.34,1.35,1.29,63474,83517.0,4.62,3.08,0.04,0.6
2026-06-18,GTIP,48.77,48.835,48.886,48.755,18032,880259.0,0.27,0.28,0.135,0.0
2026-06-18,GTLB,26.12,26.56,26.86,25.53,5280708,139543308.0,5.02,0.34,0.09,3.15
2026-06-18,GTLS,206.7,207.99,207.99,206.7,1317635,273486000.0,0.62,0.53,1.09,2.75
2026-06-18,GTM,2.62,2.81,2.88,2.6,19859702,55619669.0,10.45,4.85,0.13,6.74
2026-06-18,GTN,3.67,3.79,3.895,3.67,3517649,13353206.0,6.03,1.61,0.06,3.79
2026-06-18,GTND,25.49,25.525,25.525,25.49,2515,64110.0,0.14,1.73,0.433,0.0
2026-06-18,GTN_A,7.8,6.9,7.8,6.9,4548,32533.0,11.02,-15.54,-1.27,0.05
2026-06-18,GTO,47.02,46.975,47.065,46.96,161663,7600038.0,0.22,0.21,0.1,0.0
2026-06-18,GTOC,25.15,25.114,25.15,25.114,512,12883.0,0.14,0.22,0.056,0.0
2026-06-18,GTOH,25.555,25.555,25.67,25.53,5854,149669.0,0.55,0.2,0.05,0.0
2026-06-18,GTOP,49.21,49.56,49.571,48.79,8277,406391.0,1.62,2.71,1.307,0.0
2026-06-18,GTOQ,22.47,22.475,22.49,22.47,884,19889.0,0.09,0.31,0.07,0.0
2026-06-18,GTOS,24.99,24.99,24.99,24.99,411,10281.0,0.0,0.12,0.03,0.0
2026-06-18,GTPE,60.67,60.64,60.67,60.61,425,25820.0,0.1,1.09,0.656,0.0
2026-06-18,GTR,27.29,27.4,27.44,27.26,19100,522284.0,0.66,1.06,0.29,0.0
2026-06-18,GTX,34.6,34.32,34.74,33.69,2316054,79530967.0,3.11,1.66,0.56,1.24
2026-06-18,GTY,32.69,32.68,32.95,32.43,758158,24764772.0,1.6,0.31,0.1,1.25
2026-06-18,GUACU,10.12,10.11,10.12,10.11,1619,16370.0,0.1,-0.1,-0.01,0.0
2026-06-18,GUG,15.69,15.68,15.72,15.67,56172,881420.0,0.32,0.13,0.02,0.0
2026-06-18,GUMI,50.34,50.37,50.39,50.34,2274,114588.0,0.1,0.06,0.03,0.0
2026-06-18,GUNR,51.16,50.68,51.16,50.44,400182,20279399.0,1.39,-2.2,-1.14,0.0
2026-06-18,GURE,3.87,3.85,4.02,3.606,8600,32855.0,10.3,-4.23,-0.17,0.56
2026-06-18,GURU,68.14,68.106,68.14,68.0,828,56275.0,0.21,1.39,0.936,0.0
2026-06-18,GUSA,64.879,64.879,64.879,64.879,16,1035.0,0.0,1.19,0.765,0.0
2026-06-18,GUSE,44.83,44.963,44.963,44.78,990,44421.0,0.41,1.08,0.479,0.0
2026-06-18,GUSH,30.67,30.23,30.67,29.48,850133,25477377.0,3.82,-2.95,-0.92,0.0
2026-06-18,GUT,6.34,6.31,6.34,6.3,196163,1238469.0,0.64,0.48,0.03,0.0
2026-06-18,GUTS,0.872,0.858,0.9,0.829,1410509,1200725.0,8.35,0.94,0.008,0.89
2026-06-18,GUT_C,21.83,21.71,21.83,21.585,5315,115320.0,1.11,-1.27,-0.28,0.28
2026-06-18,GV,0.226,0.208,0.229,0.2,428311,88274.0,13.24,-5.02,-0.011,7.64
2026-06-18,GVA,145.49,146.67,147.08,144.79,1228682,179939051.0,1.6,2.32,3.33,2.81
2026-06-18,GVAL,37.015,37.04,37.08,36.84,46397,1716937.0,0.64,-0.96,-0.36,0.0
2026-06-18,GVH,4.01,4.0,4.105,4.0,8371,33873.0,2.53,-3.61,-0.15,0.37
2026-06-18,GVI,105.89,105.885,106.025,105.87,72107,7638223.0,0.15,0.19,0.205,0.0
2026-06-18,GVIP,184.078,185.52,186.66,183.83,23122,4289869.0,1.57,2.9,5.23,0.0
2026-06-18,GVLE,46.86,46.768,46.86,46.768,109,5118.0,0.2,0.96,0.443,0.0
2026-06-18,GVLU,26.09,26.058,26.12,26.03,5533,144362.0,0.34,-0.2,-0.052,0.0
2026-06-18,GVUS,62.48,62.425,62.53,62.4,844,52774.0,0.21,0.8,0.494,0.0
2026-06-18,GWAV,3.89,3.24,3.89,3.24,29470,103456.0,17.29,-13.83,-0.52,3.55
2026-06-18,GWH,0.79,0.792,0.799,0.77,355328,277762.0,3.67,0.25,0.002,1.21
2026-06-18,GWRE,110.0,107.86,110.56,106.405,6103448,658763360.0,3.74,-2.98,-3.31,7.33
2026-06-18,GWRS,6.93,7.09,7.12,6.863,149707,1052823.0,3.75,3.5,0.24,0.52
2026-06-18,GWW,1322.69,1365.41,1365.42,1316.17,715134,971249168.0,3.76,4.14,54.31,1.51
2026-06-18,GWX,45.46,45.51,45.61,45.28,79979,3629865.0,0.73,0.13,0.06,0.0
2026-06-18,GXAI,1.21,1.22,1.235,1.18,350850,423358.0,4.58,1.67,0.02,3.43
2026-06-18,GXC,89.98,89.85,90.04,89.56,26737,2401786.0,0.53,-0.07,-0.06,0.0
2026-06-18,GXDW,28.14,28.421,28.421,28.1,29864,843120.0,1.15,1.87,0.521,0.0
2026-06-18,GXIG,24.922,24.922,24.922,24.922,56,1401.0,0.0,0.18,0.045,0.0
2026-06-18,GXLC,90.276,90.276,90.276,90.276,8,758.0,0.0,1.19,1.063,0.0
2026-06-18,GXO,48.59,48.64,49.4,48.245,1939793,94448059.0,2.4,1.16,0.56,1.69
2026-06-18,GXPC,30.195,30.795,30.8,30.135,49459,1515939.0,2.19,1.2,0.365,0.0
2026-06-18,GXPD,25.71,26.09,26.18,25.7,9561,248180.0,1.87,1.68,0.43,0.0
2026-06-18,GXPE,31.32,31.439,31.439,31.14,597,18706.0,0.93,-1.74,-0.557,0.0
2026-06-18,GXPS,26.619,26.501,26.619,26.425,25306,670991.0,0.73,-0.53,-0.141,0.0
2026-06-18,GXPT,32.848,33.22,33.22,32.848,17170,567499.0,1.15,2.85,0.92,0.0
2026-06-18,GXRP,22.67,22.14,22.67,21.95,79760,1769583.0,3.15,-3.23,-0.74,0.0
2026-06-18,GXUS,64.608,64.608,64.608,64.608,90,5834.0,0.0,1.48,0.945,0.0
2026-06-18,GYLD,14.1,14.005,14.1,13.91,10048,140541.0,1.35,-0.74,-0.105,0.0
2026-06-18,GYRE,6.14,6.25,6.35,6.07,85722,532319.0,4.61,2.8,0.17,0.08
2026-06-18,GYRO,6.17,6.17,6.17,6.17,13,80.0,0.0,0.0,0.0,0.0
2026-06-18,H,204.37,202.09,206.86,200.87,1165280,236456032.0,2.97,0.1,0.21,2.81
2026-06-18,HACK,95.84,96.0,96.032,93.33,80159,7619432.0,2.83,0.65,0.62,0.0
2026-06-18,HACQ,10.02,10.02,10.02,10.02,17,170.0,0.0,0.0,0.0,0.0
2026-06-18,HACQU,10.06,10.06,10.06,10.06,117,1177.0,0.0,0.0,0.0,0.0
2026-06-18,HAE,73.17,74.17,74.525,72.29,887718,65666444.0,3.07,1.98,1.44,1.95
2026-06-18,HAFC,31.03,31.21,31.37,30.755,629668,19597765.0,2.0,1.53,0.47,2.12
2026-06-18,HAFN,7.05,7.23,7.25,6.955,2069143,14777283.0,4.13,1.26,0.09,0.41
2026-06-18,HAIL,40.15,40.64,40.64,39.99,1484,59990.0,1.65,2.89,1.142,0.0
2026-06-18,HAIN,0.593,0.606,0.666,0.57,4637487,2827362.0,16.67,5.21,0.03,5.14
2026-06-18,HAKY,27.6,27.622,27.622,26.97,4904,133850.0,2.38,0.73,0.201,0.0
2026-06-18,HAL,36.015,34.93,36.015,34.54,24608769,859572688.0,4.07,-3.59,-1.3,2.95
2026-06-18,HALO,69.245,68.55,69.245,67.02,3654030,249244843.0,3.24,-0.03,-0.02,3.08
2026-06-18,HALX,25.095,24.97,25.095,24.97,1808,45343.0,0.5,-0.35,-0.087,0.0
2026-06-18,HAO,1.04,1.18,1.19,1.02,224714,246102.0,15.74,9.26,0.1,11.8
2026-06-18,HAP,70.21,69.55,70.21,69.34,25038,1747009.0,1.24,-0.87,-0.61,0.0
2026-06-18,HAPI,44.26,44.326,44.326,44.26,2296,101702.0,0.15,0.9,0.397,0.0
2026-06-18,HAPS,35.64,35.86,35.86,35.64,375,13381.0,0.62,1.38,0.487,0.0
2026-06-18,HARD,31.29,31.015,31.29,30.639,26744,824923.0,2.1,0.05,0.015,0.0
2026-06-18,HAS,85.37,84.74,86.585,84.3,5902113,501197552.0,2.74,1.52,1.27,4.17
2026-06-18,HASI,38.32,39.06,39.07,38.01,1903433,74105021.0,2.79,2.82,1.07,1.48
2026-06-18,HAUS,18.6,18.474,18.6,18.474,2329,43249.0,0.68,0.02,0.004,0.0
2026-06-18,HAUZ,22.36,22.29,22.44,22.24,76652,1711330.0,0.88,-1.76,-0.4,0.0
2026-06-18,HAWK,25.45,22.9,25.525,22.25,2410516,55275740.0,13.24,-7.44,-1.84,2.46
2026-06-18,HAWX,47.01,46.94,47.047,46.78,50242,2357661.0,0.58,1.52,0.704,0.0
2026-06-18,HAYW,14.81,15.0,15.31,14.725,2855912,42957593.0,4.01,2.88,0.42,1.32
2026-06-18,HBAN,16.93,16.86,17.14,16.84,32706954,552717664.0,1.78,0.06,0.01,1.61
2026-06-18,HBANL,25.21,25.17,25.26,25.143,13753,346779.0,0.47,0.12,0.03,0.11
2026-06-18,HBANM,20.72,20.74,20.8,20.7,7594,157607.0,0.48,-0.18,-0.037,0.11
2026-06-18,HBANP,16.27,16.23,16.31,16.14,76143,1231891.0,1.05,0.37,0.06,0.38
2026-06-18,HBANZ,19.99,20.0,20.05,19.96,5878,117466.0,0.45,0.15,0.03,0.09
2026-06-18,HBB,20.01,20.43,20.585,20.01,33740,685405.0,2.88,2.41,0.48,0.34
2026-06-18,HBCP,66.27,66.28,67.22,65.51,386926,25662524.0,2.61,1.11,0.73,4.93
2026-06-18,HBDC,24.64,24.725,24.76,24.64,691,17091.0,0.49,0.01,0.002,0.0
2026-06-18,HBIO,6.0,5.87,6.0,5.85,21000,123988.0,2.5,-2.17,-0.13,
2026-06-18,HBM,28.5,27.59,28.65,27.23,3653500,101032280.0,5.04,-2.06,-0.58,
2026-06-18,HBMX,30.29,30.39,30.55,29.985,277030,8404524.0,1.98,6.26,1.79,0.0
2026-06-18,HBNB,5.37,5.38,5.45,5.243,4478,23884.0,3.86,0.37,0.02,0.0
2026-06-18,HBNC,19.53,19.34,19.615,19.28,1006594,19542671.0,1.74,0.47,0.09,1.96
2026-06-18,HBR,10.99,10.909,11.08,10.725,22634,246184.0,3.27,0.62,0.067,0.0
2026-06-18,HBT,30.21,30.3,30.43,29.97,627628,19004541.0,1.54,1.51,0.45,1.73
2026-06-18,HBTA,32.72,32.901,32.901,32.72,7685,252188.0,0.56,1.95,0.628,0.0
2026-06-18,HBTC,17.43,17.4,17.43,17.4,211,3682.0,0.17,-0.62,-0.108,0.0
2026-06-18,HCA,389.85,375.17,391.85,374.305,2656836,1002345072.0,4.52,-3.35,-12.99,1.2
2026-06-18,HCAC,10.04,10.05,10.05,10.04,458,4602.0,0.1,0.1,0.01,0.0
2026-06-18,HCACR,0.32,0.32,0.32,0.32,4906,1570.0,0.0,6.67,0.02,0.0
2026-06-18,HCAI,7.75,7.67,7.836,7.63,4839,37335.0,2.7,0.39,0.03,0.77
2026-06-18,HCAT,1.77,1.74,1.826,1.66,2649258,4620237.0,9.38,-1.69,-0.03,3.59
2026-06-18,HCC,94.69,90.58,95.87,90.18,1225206,111480307.0,5.99,-4.72,-4.49,2.32
2026-06-18,HCI,165.28,163.63,166.32,162.35,279900,45938420.0,2.41,-0.55,-0.91,
2026-06-18,HCIC,9.93,9.93,9.93,9.93,7129,70791.0,0.0,0.0,0.0,0.03
2026-06-18,HCKT,10.58,10.4,10.737,10.01,702698,7285981.0,6.86,-1.79,-0.19,2.79
2026-06-18,HCM,10.27,10.28,10.315,10.14,50336,516430.0,1.73,1.58,0.16,0.03
2026-06-18,HCMA,10.265,10.28,10.28,10.25,5732,58775.0,0.29,0.0,0.0,0.02
2026-06-18,HCMAW,0.68,0.68,0.68,0.68,530,368.0,0.0,-8.11,-0.06,0.0
2026-06-18,HCMT,41.94,42.387,42.395,41.84,29008,1224119.0,1.36,3.64,1.487,0.0
2026-06-18,HCOW,24.51,24.039,24.51,24.01,5443,131789.0,2.07,-0.4,-0.097,0.0
2026-06-18,HCRB,35.08,35.04,35.11,35.04,183193,6425175.0,0.2,0.14,0.05,0.0
2026-06-18,HCSG,22.67,22.94,22.98,22.44,1686563,38578045.0,2.41,2.55,0.57,2.46
2026-06-18,HCTI,2.26,2.19,2.39,2.19,45053,101233.0,9.01,-1.35,-0.03,2.22
2026-06-18,HCWB,1.09,1.09,1.13,1.04,939497,1014223.0,8.18,-0.91,-0.01,13.95
2026-06-18,HCWC,0.24,0.245,0.25,0.231,629028,152070.0,7.79,0.41,0.001,2.37
2026-06-18,HCXY,25.05,25.099,25.177,25.05,3070,77043.0,0.51,0.18,0.044,0.0
2026-06-18,HD,331.7,334.28,338.02,330.9,10604443,3541083488.0,2.17,2.08,6.8,1.06
2026-06-18,HDB,25.26,25.06,25.4,24.825,8683659,217983570.0,2.32,1.21,0.3,0.17
2026-06-18,HDEF,31.67,31.55,31.68,31.475,272329,8585745.0,0.63,-2.77,-0.9,0.0
2026-06-18,HDG,55.079,55.041,55.08,55.041,354,19531.0,0.07,0.67,0.369,0.0
2026-06-18,HDGE,16.84,16.94,16.96,16.84,64897,1096908.0,0.71,-0.26,-0.045,0.0
2026-06-18,HDL,12.58,12.58,12.58,12.58,1286,16209.0,0.0,-1.26,-0.16,0.0
2026-06-18,HDLB,16.16,15.606,16.16,15.49,7619,118935.0,4.27,-0.54,-0.085,0.0
2026-06-18,HDMV,37.23,37.215,37.23,37.215,726,27045.0,0.04,-0.11,-0.04,0.0
2026-06-18,HDRN,2.62,2.58,2.689,2.54,81882,212371.0,5.71,-1.15,-0.03,0.11
2026-06-18,HDRNW,0.25,0.225,0.288,0.225,26121,6575.0,27.39,-2.17,-0.005,0.0
2026-06-18,HDSN,5.72,5.88,5.92,5.64,482570,2809065.0,4.97,4.44,0.25,1.15
2026-06-18,HDUS,71.49,70.925,71.49,70.665,4760,337392.0,1.17,0.7,0.495,0.0
2026-06-18,HDV,27.1,26.99,27.114,26.905,2835169,76506185.0,0.77,-0.44,-0.12,0.0
2026-06-18,HE,13.19,13.02,13.19,12.875,3089375,40234143.0,2.4,-0.69,-0.09,1.79
2026-06-18,HEAL,25.93,26.152,26.152,25.8,5554,144088.0,1.37,2.15,0.551,0.0
2026-06-18,HECA,27.21,26.87,27.21,26.85,139761,3761842.0,1.34,-0.04,-0.01,0.0
2026-06-18,HECO,69.18,69.18,69.18,69.18,235,16283.0,0.0,1.4,0.956,0.0
2026-06-18,HEDG,30.0,30.08,30.12,29.98,109953,3303843.0,0.47,0.43,0.13,0.0
2026-06-18,HEDJ,57.78,58.13,58.295,57.78,40955,2381278.0,0.89,0.96,0.55,0.0
2026-06-18,HEEM,45.64,46.11,46.11,45.545,44081,2020991.0,1.27,3.76,1.67,0.0
2026-06-18,HEFA,46.87,46.96,47.02,46.8,556936,26144747.0,0.47,1.03,0.48,0.0
2026-06-18,HEFT,26.42,26.49,26.51,26.37,7612,201459.0,0.53,0.58,0.154,0.0
2026-06-18,HEGD,26.71,26.72,26.75,26.65,76637,2046960.0,0.38,0.68,0.18,0.0
2026-06-18,HEI,342.09,337.1,343.99,335.739,656137,221532493.0,2.45,-0.07,-0.23,1.19
2026-06-18,HEI_A,255.59,247.58,255.59,246.76,393771,97693798.0,3.56,-0.23,-0.56,0.47
2026-06-18,HELE,27.18,26.47,27.648,26.41,700099,18702026.0,4.68,0.0,0.0,3.01
2026-06-18,HELO,67.71,67.92,67.98,67.71,297468,20198093.0,0.4,0.43,0.29,0.0
2026-06-18,HELP,4.62,4.67,4.76,4.45,455994,2093782.0,6.77,1.97,0.09,0.91
2026-06-18,HELS,24.35,24.268,24.35,24.162,5020,121733.0,0.78,0.68,0.163,0.0
2026-06-18,HELX,36.488,36.488,36.488,36.488,18,686.0,0.0,1.24,0.447,0.0
2026-06-18,HEMI,42.029,42.105,42.105,42.029,167,7014.0,0.18,1.53,0.636,0.0
2026-06-18,HEPS,2.84,2.8,2.865,2.785,66003,185152.0,2.86,0.0,0.0,0.02
2026-06-18,HEQ,11.4,11.33,11.578,11.25,66780,760855.0,2.88,-0.61,-0.07,0.0
2026-06-18,HEQQ,61.4,61.289,61.4,61.289,269,16534.0,0.18,0.77,0.468,0.0
2026-06-18,HEQT,33.64,33.54,33.64,33.492,34667,1163090.0,0.44,0.51,0.17,0.0
2026-06-18,HERD,46.97,46.995,46.995,46.86,2600,122064.0,0.29,-0.21,-0.099,0.0
2026-06-18,HERE,2.13,2.12,2.23,2.1,67912,145736.0,6.19,0.95,0.02,0.18
2026-06-18,HERO,24.59,24.694,24.74,24.59,12046,297494.0,0.61,-0.11,-0.026,0.0
2026-06-18,HERZ,16.65,16.83,16.86,16.65,3526,59409.0,1.27,1.51,0.25,0.0
2026-06-18,HESM,36.5,36.79,37.205,35.86,4581082,168491127.0,3.66,0.19,0.07,3.57
2026-06-18,HEWJ,65.77,66.02,66.109,65.68,145507,9584161.0,0.66,2.28,1.47,0.0
2026-06-18,HEZU,49.99,50.02,50.13,49.83,116571,5838611.0,0.61,1.15,0.57,0.0
2026-06-18,HF,22.22,22.239,22.239,22.22,1005,22328.0,0.09,0.71,0.157,0.0
2026-06-18,HFBL,20.12,20.3,20.3,20.12,3701,74859.0,0.92,4.1,0.8,0.12
2026-06-18,HFEQ,24.52,24.385,24.52,24.32,5743,140504.0,0.83,1.48,0.355,0.0
2026-06-18,HFFG,1.85,1.89,1.91,1.835,227190,426158.0,4.1,3.28,0.06,0.42
2026-06-18,HFGM,31.83,31.63,31.83,31.51,22703,717710.0,1.02,0.44,0.14,0.0
2026-06-18,HFGO,29.62,29.77,29.77,29.31,24975,738021.0,1.58,2.3,0.67,0.0
2026-06-18,HFMF,21.61,21.655,21.655,21.55,28542,615569.0,0.49,0.09,0.02,0.0
2026-06-18,HFND,24.7,24.683,24.72,24.665,3664,90526.0,0.22,0.81,0.199,0.0
2026-06-18,HFRO,7.24,7.32,7.365,7.24,89764,656029.0,1.73,1.53,0.11,0.0
2026-06-18,HFRO_A,16.92,16.845,16.95,16.75,4577,77040.0,1.19,0.21,0.035,0.08
2026-06-18,HFRO_B,16.6,16.63,16.68,16.6,5014,83382.0,0.48,0.79,0.13,0.13
2026-06-18,HFSI,35.29,35.36,35.375,35.29,197296,6975896.0,0.24,0.23,0.08,0.0
2026-06-18,HFSP,13.955,13.955,13.955,13.955,4,56.0,0.0,0.04,0.005,0.0
2026-06-18,HFWA,27.84,27.92,28.275,27.6,479298,13364833.0,2.45,1.45,0.4,1.16
2026-06-18,HFXI,38.44,38.62,38.66,38.38,199577,7692389.0,0.73,1.21,0.46,0.0
2026-06-18,HG,31.83,31.38,32.12,31.03,642388,20174476.0,3.42,-1.63,-0.52,0.97
2026-06-18,HGBL,1.26,1.25,1.27,1.245,55532,69468.0,1.97,-1.57,-0.02,0.16
2026-06-18,HGER,29.74,29.91,29.91,29.41,799402,23636092.0,1.68,0.37,0.11,0.0
2026-06-18,HGLB,7.78,7.72,7.87,7.69,139687,1083613.0,2.32,-0.52,-0.04,0.0
2026-06-18,HGRO,31.196,31.18,31.23,31.039,54857,1706958.0,0.62,1.47,0.453,0.0
2026-06-18,HGTY,10.88,10.87,11.0,10.71,219036,2379683.0,2.68,0.37,0.04,0.22
2026-06-18,HGV,52.86,52.73,53.72,52.47,1858953,98260653.0,2.4,1.31,0.68,2.35
2026-06-18,HHH,67.0,66.86,68.33,66.82,707591,47586438.0,2.27,0.59,0.39,1.19
2026-06-18,HHS,2.46,2.4,2.46,2.4,6857,16647.0,2.39,-4.38,-0.11,0.09
2026-06-18,HIBL,129.54,131.09,133.703,129.54,47842,6310890.0,3.42,7.61,9.27,0.0
2026-06-18,HIBS,18.14,18.065,18.35,17.7,141079,2547454.0,3.31,-7.97,-1.565,0.0
2026-06-18,HIDE,23.87,23.911,23.95,23.87,15267,365176.0,0.33,0.08,0.018,0.0
2026-06-18,HIDV,88.655,88.814,88.814,88.655,698,61978.0,0.18,1.29,1.129,0.0
2026-06-18,HIFS,286.72,284.65,292.39,281.19,46027,13140173.0,3.97,0.85,2.41,2.11
2026-06-18,HIG,131.12,128.25,131.12,127.91,3929187,504831056.0,2.48,-1.07,-1.39,1.43
2026-06-18,HIGH,21.72,21.71,21.79,21.71,27584,600202.0,0.37,0.18,0.04,0.0
2026-06-18,HIG_G,24.95,24.9,24.97,24.9,16379,408325.0,0.28,-0.1,-0.025,0.12
2026-06-18,HIHO,0.76,0.789,0.79,0.75,47994,36218.0,5.02,-1.0,-0.008,1.04
2026-06-18,HII,299.03,285.43,299.03,281.44,1215089,347099360.0,5.92,-3.86,-11.46,3.08
2026-06-18,HIMS,32.6,35.47,35.6,32.59,31903478,1104619792.0,9.44,11.23,3.58,14.3
2026-06-18,HIMU,49.25,49.28,49.35,49.14,258249,12717740.0,0.43,0.49,0.24,0.0
2026-06-18,HIMX,17.8,18.11,18.31,17.17,4295871,77365831.0,6.73,6.84,1.16,2.46
2026-06-18,HIMZ,44.62,52.28,52.53,44.52,864076,42976734.0,18.69,21.98,9.42,0.0
2026-06-18,HIND,2.28,2.17,2.306,2.17,26369,58144.0,6.24,-0.46,-0.01,0.38
2026-06-18,HIO,3.63,3.63,3.64,3.61,262244,951103.0,0.83,0.0,0.0,0.0
2026-06-18,HIPO,25.24,25.96,25.99,25.02,193453,4975698.0,3.88,3.72,0.93,0.74
2026-06-18,HIPS,11.36,11.364,11.41,11.33,73956,839089.0,0.7,0.0,0.0,0.0
2026-06-18,HIS,25.22,25.233,25.25,25.08,18475,465411.0,0.68,0.9,0.224,0.0
2026-06-18,HISF,44.54,44.47,44.54,44.46,3523,156798.0,0.18,0.18,0.08,0.0
2026-06-18,HIT,1.06,1.08,1.1,1.01,289834,308786.0,8.49,1.89,0.02,0.54
2026-06-18,HITI,2.37,2.31,2.39,2.3,612252,1424246.0,3.8,-2.53,-0.06,0.7
2026-06-18,HIVE,4.31,4.26,4.46,4.105,47603683,203309594.0,8.94,7.3,0.29,17.8
2026-06-18,HIW,29.07,29.28,29.54,29.07,2160653,63306300.0,1.64,2.31,0.66,1.96
2026-06-18,HIX,3.99,3.98,4.03,3.98,368541,1475939.0,1.26,0.25,0.01,0.0
2026-06-18,HIYY,16.0,17.186,17.29,16.0,50627,853042.0,8.0,6.55,1.056,0.0
2026-06-18,HJUN,25.0,24.948,25.01,24.87,930,23236.0,0.56,0.1,0.025,0.0
2026-06-18,HKD,1.68,1.7,1.71,1.66,125100,211297.0,2.83,1.19,0.02,0.06
2026-06-18,HKIT,0.331,0.322,0.34,0.299,4425309,1421939.0,11.71,-8.0,-0.028,435.36
2026-06-18,HKPD,0.398,0.395,0.418,0.386,35017,13992.0,7.79,-3.89,-0.016,0.21
2026-06-18,HL,16.11,15.96,16.45,15.645,42034454,668984624.0,5.01,-0.62,-0.1,6.27
2026-06-18,HLAL,71.75,71.84,71.99,71.35,49764,3568845.0,0.9,1.58,1.12,0.0
2026-06-18,HLF,11.66,11.9,12.1,11.66,2936370,34918640.0,3.79,2.41,0.28,2.83
2026-06-18,HLI,142.14,140.77,143.83,139.325,1026836,144734576.0,3.19,-0.43,-0.61,1.89
2026-06-18,HLIO,85.9,90.49,90.6,85.9,671219,60193009.0,5.56,6.96,5.89,2.03
2026-06-18,HLIT,15.39,15.08,15.39,14.89,3707921,55940032.0,3.37,1.55,0.23,3.42
2026-06-18,HLLY,2.5,2.48,2.52,2.46,820924,2038236.0,2.4,-0.8,-0.02,0.68
2026-06-18,HLMN,7.89,8.06,8.15,7.75,1910475,15320812.0,5.17,4.13,0.32,0.97
2026-06-18,HLN,8.81,8.96,8.98,8.765,18834669,167634376.0,2.42,1.01,0.09,0.43
2026-06-18,HLNE,81.69,82.22,83.39,80.71,1258708,103506387.0,3.29,1.01,0.82,2.88
2026-06-18,HLP,0.382,0.439,0.46,0.364,1480724,630630.0,22.38,2.33,0.01,1.98
2026-06-18,HLT,350.17,348.84,356.15,346.97,3007891,1052784976.0,2.63,-0.13,-0.46,1.32
2026-06-18,HLX,8.84,8.69,8.89,8.495,4302381,37196095.0,4.45,-2.03,-0.18,2.92
2026-06-18,HLXC,10.35,10.35,10.35,10.35,3,31.0,0.0,0.0,0.0,0.0
2026-06-18,HL_B,68.31,68.66,68.66,68.31,416,28571.0,0.51,0.97,0.66,0.27
2026-06-18,HMC,26.36,26.26,26.42,26.22,2540938,66784562.0,0.76,0.27,0.07,0.2
2026-06-18,HMH,18.33,18.66,18.71,17.19,1671467,30711192.0,8.43,3.44,0.62,14.63
2026-06-18,HMN,49.07,48.68,49.19,48.145,503045,24530840.0,2.15,0.12,0.06,1.25
2026-06-18,HMOP,39.22,39.07,39.24,39.07,106919,4186072.0,0.44,-0.03,-0.01,0.0
2026-06-18,HMR,1.17,1.09,1.2,1.07,171057,190479.0,11.4,-4.39,-0.05,0.29
2026-06-18,HMY,17.28,17.01,17.645,16.71,6909058,117670144.0,5.47,-0.53,-0.09,1.11
2026-06-18,HMYY,7.02,7.05,7.05,7.02,3475,24389.0,0.42,-0.63,-0.045,0.0
2026-06-18,HNDL,22.74,22.743,22.8,22.705,41569,945905.0,0.42,0.8,0.18,0.0
2026-06-18,HNGE,67.44,69.42,69.55,65.96,2826520,195111868.0,5.36,3.55,2.38,5.17
2026-06-18,HNI,32.64,34.86,35.25,32.64,1382674,47868306.0,8.05,7.56,2.45,1.92
2026-06-18,HNNA,9.89,10.23,10.29,9.8,17520,177305.0,4.95,3.44,0.34,0.22
2026-06-18,HNNAZ,24.97,24.92,24.97,24.92,1910,47639.0,0.2,-0.2,-0.05,0.0
2026-06-18,HNRG,18.51,19.45,19.86,18.45,1583598,30600227.0,7.98,10.07,1.78,3.36
2026-06-18,HNST,3.63,3.77,3.77,3.603,1777898,6618483.0,4.69,5.9,0.21,1.62
2026-06-18,HNVR,23.52,23.28,23.76,23.17,164556,3844942.0,2.54,0.09,0.02,2.3
2026-06-18,HODL,18.18,17.8,18.19,17.6,2522477,44952583.0,3.25,-1.93,-0.35,0.0
2026-06-18,HODU,14.57,14.62,14.91,13.42,341885,4828132.0,10.75,5.48,0.759,0.0
2026-06-18,HOFT,15.23,15.8,16.18,15.12,218366,3435105.0,6.97,3.95,0.6,2.03
2026-06-18,HOG,25.39,25.67,25.865,25.1,5013904,128385575.0,3.01,1.02,0.26,4.76
2026-06-18,HOLA,54.96,55.38,56.588,54.96,14039,779660.0,3.0,2.16,1.172,0.0
2026-06-18,HOLD,33.036,33.036,33.036,33.036,106,3523.0,0.0,-0.41,-0.135,0.0
2026-06-18,HOLO,1.75,1.75,1.81,1.73,486826,856095.0,4.57,0.0,0.0,2.16
2026-06-18,HOLOW,0.08,0.08,0.08,0.08,1058,85.0,0.0,0.0,0.0,0.0
2026-06-18,HOMB,27.7,27.65,27.915,27.55,3542506,98025209.0,1.33,0.69,0.19,1.76
2026-06-18,HOMZ,45.32,45.22,45.51,45.06,5164,234049.0,1.01,1.91,0.849,0.0
2026-06-18,HON,232.29,229.01,232.88,226.89,6654228,1526984992.0,2.62,0.17,0.4,1.05
2026-06-18,HONG,16.28,16.093,16.52,15.77,9123,146735.0,4.67,0.22,0.036,0.0
2026-06-18,HOOD,107.825,108.15,109.08,103.46,39509947,4215281600.0,5.34,2.8,2.95,4.99
2026-06-18,HOOG,35.48,35.43,36.07,32.46,951076,32866486.0,10.72,5.26,1.77,0.0
2026-06-18,HOOW,32.12,32.35,32.605,30.75,185985,5914829.0,5.94,3.52,1.1,0.0
2026-06-18,HOOX,39.67,40.153,40.725,36.781,127117,4943499.0,10.38,5.63,2.141,0.0
2026-06-18,HOOY,33.05,33.09,33.21,31.815,104402,3394085.0,4.23,0.39,0.13,0.0
2026-06-18,HOOZ,11.14,11.08,12.13,10.9,454971,5233288.0,10.46,-5.78,-0.68,0.0
2026-06-18,HOPE,12.81,12.84,12.93,12.695,2448540,31420304.0,1.84,0.71,0.09,1.92
2026-06-18,HOUR,2.03,2.19,2.25,2.03,110913,238490.0,10.89,8.42,0.17,0.32
2026-06-18,HOV,123.42,131.78,134.05,123.42,196786,25714111.0,8.79,9.03,10.91,3.88
2026-06-18,HOVNP,20.565,20.505,20.62,20.505,3878,79780.0,0.56,-0.02,-0.005,0.07
2026-06-18,HOVR,2.24,2.22,2.29,2.17,1027109,2262337.0,5.48,1.37,0.03,1.66
2026-06-18,HOVRW,0.44,0.39,0.44,0.39,11773,4779.0,12.2,-4.88,-0.02,0.0
2026-06-18,HOWL,0.357,0.351,0.38,0.343,1575775,556483.0,10.76,2.03,0.007,3.24
2026-06-18,HOYY,5.93,5.94,5.94,5.88,29946,176773.0,1.0,-0.6,-0.036,0.0
2026-06-18,HP,35.73,34.97,35.73,33.77,2141870,74347774.0,5.48,-2.26,-0.81,2.14
2026-06-18,HPAI,0.66,0.622,0.78,0.62,80059,53702.0,23.92,-7.03,-0.047,0.21
2026-06-18,HPE,49.175,47.41,49.6,46.93,53337786,2534170960.0,5.54,-1.64,-0.79,4.03
2026-06-18,HPE_C,125.0,122.03,126.45,121.93,1231128,150536937.0,3.63,-1.97,-2.45,4.1
2026-06-18,HPF,16.0,15.89,16.0,15.83,29455,468237.0,1.07,0.0,0.0,0.0
2026-06-18,HPI,16.32,16.18,16.32,16.13,37630,609923.0,1.17,-0.12,-0.02,0.0
2026-06-18,HPK,7.57,7.18,7.59,6.8,1037164,7411497.0,10.46,-4.9,-0.37,0.82
2026-06-18,HPP,13.82,14.62,14.68,13.82,1497308,21535139.0,6.41,9.02,1.21,2.76
2026-06-18,HPP_C,14.76,14.85,14.93,14.7,15085,223913.0,1.55,-0.07,-0.01,0.09
2026-06-18,HPQ,23.0,23.5,23.695,22.88,31304236,733281376.0,3.52,1.38,0.32,3.42
2026-06-18,HPS,14.58,14.45,14.615,14.42,48513,702258.0,1.35,-0.21,-0.03,0.0
2026-06-18,HQ,24.1,32.0,39.25,23.0,8691692,272314496.0,68.83,35.54,8.39,27.3
2026-06-18,HQGO,65.033,65.033,65.033,65.033,12,844.0,0.0,1.13,0.724,0.0
2026-06-18,HQH,20.04,20.19,20.2,19.9,130679,2623091.0,1.51,1.46,0.29,0.0
2026-06-18,HQI,13.15,12.6,13.15,11.91,29427,370042.0,9.52,-3.23,-0.42,0.21
2026-06-18,HQL,18.07,17.96,18.14,17.855,120519,2166360.0,1.6,0.56,0.1,0.0
2026-06-18,HQWWW,13.08,20.35,27.56,11.36,717579,12711189.0,133.11,67.21,8.18,0.0
2026-06-18,HQY,86.74,85.21,86.74,84.4,1200782,102389791.0,2.71,-1.3,-1.12,1.44
2026-06-18,HR,20.32,19.79,20.32,19.75,7350743,146056963.0,2.85,-1.15,-0.23,2.12
2026-06-18,HRB,34.99,34.38,35.22,33.73,3310763,113650364.0,4.22,-2.66,-0.94,2.61
2026-06-18,HRI,149.0,155.12,157.65,147.465,919032,141396444.0,7.02,6.91,10.03,2.75
2026-06-18,HRL,24.34,24.16,24.445,24.02,6309475,152687324.0,1.75,-0.7,-0.17,1.15
2026-06-18,HRMY,33.87,33.28,33.94,33.07,770604,25695162.0,2.58,-1.45,-0.49,1.33
2026-06-18,HROW,42.63,42.87,42.98,41.25,1071358,45427551.0,4.12,2.22,0.93,2.87
2026-06-18,HRTG,23.28,23.27,23.595,23.07,648650,15130355.0,2.27,0.43,0.1,2.14
2026-06-18,HRTS,33.77,33.922,33.922,33.709,3523,119080.0,0.62,-0.61,-0.209,0.0
2026-06-18,HRTX,0.398,0.418,0.418,0.391,5463114,2218720.0,6.98,8.01,0.031,2.89
2026-06-18,HRZN,4.15,4.22,4.24,4.14,589365,2470985.0,2.42,1.93,0.08,0.86
2026-06-18,HSAI,16.99,16.89,17.1,16.45,2299093,38455103.0,3.81,-1.11,-0.19,1.77
2026-06-18,HSBC,95.29,94.97,95.87,94.92,1404579,133848225.0,1.0,-0.27,-0.26,0.04
2026-06-18,HSBH,106.43,106.41,106.83,106.38,1007,107400.0,0.42,0.43,0.453,0.0
2026-06-18,HSCS,1.86,1.84,1.94,1.8,49524,92443.0,7.69,1.1,0.02,1.56
2026-06-18,HSCSW,0.07,0.06,0.07,0.06,9526,622.0,16.67,0.0,0.0,0.0
2026-06-18,HSCZ,43.56,43.47,43.56,43.4,11434,497210.0,0.37,0.33,0.143,0.0
2026-06-18,HSDT,1.61,1.62,1.7,1.58,645541,1046637.0,7.5,1.25,0.02,1.11
2026-06-18,HSHP,13.93,13.86,14.13,13.6,392233,5425840.0,3.71,-3.01,-0.43,0.83
2026-06-18,HSIC,80.1,79.92,80.21,79.38,2084100,166581568.0,1.04,-0.06,-0.05,1.83
2026-06-18,HSLV,4.89,4.83,4.99,4.72,819709,3985433.0,5.54,-0.82,-0.04,0.4
2026-06-18,HSMV,37.46,37.38,37.46,37.37,1342,50207.0,0.24,0.3,0.113,0.0
2026-06-18,HST,24.98,25.01,25.36,24.825,15920258,398804368.0,2.17,1.58,0.39,2.32
2026-06-18,HSTM,26.04,25.64,26.23,25.47,315730,8117279.0,2.92,-1.38,-0.36,1.08
2026-06-18,HSY,173.43,172.63,174.41,171.1,4124179,711568784.0,1.89,-1.53,-2.68,2.78
2026-06-18,HTAB,19.18,19.18,19.195,19.14,29002,556250.0,0.29,0.26,0.05,0.0
2026-06-18,HTAX,24.91,24.905,24.91,24.905,121,3022.0,0.02,0.63,0.155,0.0
2026-06-18,HTB,48.02,48.45,48.63,47.57,243694,11759727.0,2.22,1.68,0.8,1.45
2026-06-18,HTCO,4.29,4.28,4.59,3.723,619040,2560765.0,21.17,4.52,0.185,6.91
2026-06-18,HTCR,3.19,3.215,3.32,3.025,21812,69377.0,9.61,4.72,0.145,1.51
2026-06-18,HTD,25.05,25.08,25.46,25.05,47656,1202994.0,1.64,0.28,0.07,0.0
2026-06-18,HTEC,34.95,35.076,35.076,34.77,6377,222632.0,0.88,0.93,0.323,0.0
2026-06-18,HTFC,24.82,24.86,24.87,24.82,961,23891.0,0.2,0.2,0.05,0.0
2026-06-18,HTFL,33.47,33.64,33.922,32.69,1805497,60504699.0,3.75,2.44,0.8,2.09
2026-06-18,HTGC,15.44,15.49,15.61,15.405,1554610,24111923.0,1.33,0.52,0.08,0.83
2026-06-18,HTH,37.57,37.86,38.065,37.26,993463,37523874.0,2.16,1.5,0.56,1.7
2026-06-18,HTHT,43.45,42.51,43.475,42.115,2783574,118381686.0,3.12,-2.57,-1.12,0.91
2026-06-18,HTLD,14.38,14.44,14.65,14.315,1235613,17864567.0,2.34,0.77,0.11,1.59
2026-06-18,HTLM,1.832,1.91,1.922,1.832,3790,7341.0,4.92,4.37,0.08,0.0
2026-06-18,HTO,56.79,56.69,57.09,56.17,792053,44898470.0,1.63,0.48,0.27,1.89
2026-06-18,HTOO,2.89,2.86,2.94,2.85,10352,29916.0,3.09,-1.72,-0.05,0.31
2026-06-18,HTRB,33.83,33.79,33.865,33.79,201217,6802583.0,0.22,0.21,0.07,0.0
2026-06-18,HTT,3.09,3.1,3.13,3.06,431388,1331994.0,2.27,0.65,0.02,0.47
2026-06-18,HTUS,43.84,44.0,44.0,43.84,4128,181230.0,0.37,1.16,0.504,0.0
2026-06-18,HTZ,4.87,5.05,5.06,4.86,8064664,40314807.0,4.14,4.55,0.22,2.55
2026-06-18,HTZWW,2.33,2.42,2.42,2.33,13009,30880.0,3.83,2.98,0.07,0.0
2026-06-18,HUBB,517.88,523.69,529.975,517.235,887576,465034480.0,2.5,2.91,14.82,1.68
2026-06-18,HUBC,1.77,1.99,2.16,1.76,2528616,4967493.0,21.39,6.42,0.12,75.93
2026-06-18,HUBCW,0.019,0.02,0.025,0.017,255224,5203.0,42.11,5.26,0.001,0.0
2026-06-18,HUBCZ,0.014,0.014,0.014,0.013,11163,156.0,7.69,7.69,0.001,0.0
2026-06-18,HUBG,44.2,44.35,44.545,43.91,978991,43367616.0,1.46,1.65,0.72,1.62
2026-06-18,HUBS,173.8,176.03,183.14,171.65,2564532,453648032.0,6.5,-0.38,-0.68,5.01
2026-06-18,HUDI,0.948,0.93,0.99,0.882,50819,46655.0,11.87,2.2,0.02,0.36
2026-06-18,HUHU,9.1,10.13,10.23,9.1,33674,337951.0,11.5,3.05,0.3,0.13
2026-06-18,HUIZ,1.285,1.22,1.285,1.22,59378,75222.0,4.96,-6.87,-0.09,0.69
2026-06-18,HULL,25.15,25.15,25.15,25.15,1,27.0,0.0,0.6,0.15,0.0
2026-06-18,HUM,363.53,360.65,369.89,357.415,3571218,1292010128.0,3.45,-0.37,-1.35,2.97
2026-06-18,HUMA,1.0,0.924,1.0,0.9,11323184,10508325.0,10.32,-4.64,-0.045,4.2
2026-06-18,HUMAW,0.002,0.007,0.009,0.002,68371,288.0,70.0,-30.0,-0.003,0.0
2026-06-18,HUMN,35.89,36.22,36.29,35.74,85341,3068478.0,1.55,1.94,0.69,0.0
2026-06-18,HUN,12.75,12.07,12.83,12.01,11743353,143783621.0,6.44,-5.18,-0.66,6.7
2026-06-18,HURA,2.28,2.57,2.58,2.255,1096280,2669004.0,14.64,15.77,0.35,1.72
2026-06-18,HURC,21.93,22.0,22.405,21.674,78202,1722301.0,3.32,0.05,0.01,1.21
2026-06-18,HURN,106.04,90.56,106.04,89.8,583900,54975860.0,15.29,-14.73,-15.64,3.6
2026-06-18,HUSV,38.7,38.682,38.73,38.59,5395,208805.0,0.36,-0.1,-0.038,0.0
2026-06-18,HUT,123.37,124.44,126.92,119.15,4299977,533910608.0,6.54,4.68,5.56,3.82
2026-06-18,HUTG,34.18,36.076,37.52,33.296,35634,1284823.0,12.79,9.25,3.054,0.0
2026-06-18,HUYA,2.29,2.26,2.339,2.26,812903,1855199.0,3.43,-1.74,-0.04,1.02
2026-06-18,HVAC,42.08,42.1,42.23,41.95,6003,252531.0,0.68,2.48,1.02,0.0
2026-06-18,HVII,10.44,10.47,10.47,10.44,32803,342483.0,0.29,0.19,0.02,0.17
2026-06-18,HVIIR,0.36,0.36,0.36,0.36,1424,516.0,0.0,16.13,0.05,0.0
2026-06-18,HVMC,10.15,10.15,10.15,10.15,29,290.0,0.0,0.0,0.0,0.0
2026-06-18,HVMCW,0.35,0.35,0.35,0.35,400,140.0,0.0,0.0,0.0,0.0
2026-06-18,HVT,23.97,24.34,24.725,23.97,185587,4519644.0,3.17,2.35,0.56,1.25
2026-06-18,HVT_A,25.29,30.45,30.45,25.29,28907,869381.0,21.66,27.83,6.63,2.39
2026-06-18,HWAY,39.06,38.887,39.15,38.887,633,24742.0,0.68,1.15,0.442,0.0
2026-06-18,HWBK,38.75,39.14,39.14,36.87,26277,1015783.0,5.96,2.76,1.05,0.38
2026-06-18,HWC,70.25,70.24,70.83,69.9,2023574,142188132.0,1.33,0.67,0.47,2.49
2026-06-18,HWCPZ,21.7,21.79,21.792,21.7,4266,92747.0,0.42,0.46,0.1,0.0
2026-06-18,HWH,1.67,1.56,1.69,1.52,56666,90532.0,10.06,-7.69,-0.13,0.73
2026-06-18,HWKN,160.02,161.45,163.72,158.36,298346,48163945.0,3.39,1.96,3.11,1.43
2026-06-18,HWM,288.32,277.66,290.633,276.01,4444391,1240498720.0,5.16,-1.97,-5.57,1.11
2026-06-18,HWSM,30.05,30.027,30.05,30.027,105,3158.0,0.08,0.51,0.152,0.0
2026-06-18,HXHX,0.445,0.456,0.49,0.425,75425,33313.0,14.61,2.47,0.011,0.84
2026-06-18,HXL,100.64,97.63,100.938,97.1,2333350,228662923.0,3.84,-2.22,-2.22,3.09
2026-06-18,HY,37.82,39.3,39.48,37.82,122700,4784801.0,4.44,5.22,1.95,0.85
2026-06-18,HYBB,46.65,46.72,46.73,46.65,12996,607023.0,0.17,0.24,0.112,0.0
2026-06-18,HYBI,49.24,49.255,49.29,49.16,24541,1208272.0,0.26,0.27,0.133,0.0
2026-06-18,HYBL,27.98,28.0,28.0,27.97,48019,1343823.0,0.11,0.13,0.035,0.0
2026-06-18,HYBX,29.74,29.73,29.81,29.71,1932,57491.0,0.34,-0.19,-0.057,0.0
2026-06-18,HYD,51.28,51.49,51.51,51.28,279532,14387452.0,0.45,0.45,0.23,0.0
2026-06-18,HYDB,46.75,46.8,46.805,46.73,99245,4642741.0,0.16,0.3,0.14,0.0
2026-06-18,HYDR,55.03,56.8,56.94,54.01,93236,5176707.0,5.25,1.79,1.0,0.0
2026-06-18,HYDW,46.76,46.785,46.79,46.759,3037,142071.0,0.07,0.17,0.08,0.0
2026-06-18,HYEM,20.19,20.18,20.36,20.105,68858,1391036.0,1.27,0.2,0.04,0.0
2026-06-18,HYFI,37.4,37.32,37.4,37.32,21352,797541.0,0.21,0.27,0.1,0.0
2026-06-18,HYFM,0.93,0.89,0.97,0.89,61400,57347.0,8.12,-8.13,-0.08,1.29
2026-06-18,HYFT,1.54,1.53,1.54,1.47,269698,406668.0,4.67,2.0,0.03,0.58
2026-06-18,HYG,80.03,80.01,80.07,79.92,41111749,3288317952.0,0.19,0.35,0.28,0.0
2026-06-18,HYGH,86.7,86.76,86.99,86.495,72843,6314729.0,0.57,0.28,0.24,0.0
2026-06-18,HYGM,24.9,24.865,24.9,24.865,627,15613.0,0.14,0.2,0.05,0.0
2026-06-18,HYGV,40.23,40.26,40.28,40.21,83266,3351585.0,0.17,0.27,0.11,0.0
2026-06-18,HYGW,29.06,29.034,29.06,29.01,7369,213870.0,0.17,0.24,0.069,0.0
2026-06-18,HYHG,64.999,64.91,65.1,64.81,22688,1472869.0,0.45,0.06,0.041,0.0
2026-06-18,HYI,10.63,10.6,10.635,10.6,57881,614441.0,0.33,-0.09,-0.01,0.0
2026-06-18,HYIN,14.145,14.09,14.145,14.06,21249,299724.0,0.6,0.21,0.03,0.0
2026-06-18,HYLB,36.5,36.5,36.53,36.475,1450126,52949073.0,0.15,0.22,0.08,0.0
2026-06-18,HYLN,7.98,8.1,8.49,7.656,6398510,51768020.0,10.89,5.74,0.44,3.59
2026-06-18,HYLS,40.89,40.88,40.95,40.84,192493,7872749.0,0.27,0.16,0.064,0.0
2026-06-18,HYMB,25.28,25.31,25.33,25.266,1150186,29117285.0,0.25,0.4,0.1,0.0
2026-06-18,HYMC,25.57,26.01,26.36,25.14,3315189,85541974.0,4.77,1.72,0.44,3.63
2026-06-18,HYNE,16.6,16.59,16.65,16.4,59595,986544.0,1.5,-0.18,-0.03,0.74
2026-06-18,HYP,30.85,31.331,31.37,30.63,14809,458581.0,2.45,3.85,1.161,0.0
2026-06-18,HYPD,3.56,3.45,3.63,3.375,821716,2837118.0,7.22,-2.27,-0.08,5.42
2026-06-18,HYPG,25.41,24.168,25.41,23.55,80025,1939733.0,7.3,-5.21,-1.328,0.0
2026-06-18,HYPR,1.44,1.6,1.645,1.415,4031117,6295549.0,16.55,15.11,0.21,4.79
2026-06-18,HYS,93.52,93.53,93.59,93.43,91953,8600162.0,0.17,0.26,0.24,0.0
2026-06-18,HYSA,14.96,14.945,14.98,14.904,143750,2147639.0,0.51,0.07,0.01,0.0
2026-06-18,HYSD,20.172,20.195,20.195,20.172,559,11281.0,0.11,0.25,0.05,0.0
2026-06-18,HYT,8.5,8.51,8.52,8.48,880875,7487580.0,0.47,0.12,0.01,0.0
2026-06-18,HYTI,19.18,19.166,19.2,19.13,50850,974778.0,0.37,0.3,0.058,0.0
2026-06-18,HYTR,21.36,21.368,21.38,21.352,73379,1568275.0,0.13,0.27,0.058,0.0
2026-06-18,HYUP,41.73,41.74,41.74,41.73,1763,73600.0,0.02,0.19,0.08,0.0
2026-06-18,HYXF,46.8,46.742,46.8,46.71,10478,489619.0,0.19,0.3,0.142,0.0
2026-06-18,HYZD,22.57,22.622,22.68,22.57,33937,767458.0,0.49,0.12,0.027,0.0
2026-06-18,HZO,33.53,34.95,34.95,33.0,679830,23524121.0,5.89,5.59,1.85,3.09
2026-06-18,IACOU,10.01,10.01,10.01,10.01,90,901.0,0.0,0.0,0.0,0.0
2026-06-18,IACOW,0.39,0.39,0.39,0.39,300,117.0,0.0,6.27,0.023,0.0
2026-06-18,IACQ,9.95,9.95,9.96,9.95,55009,547351.0,0.1,0.0,0.0,0.24
2026-06-18,IACQU,10.05,10.22,10.465,10.05,21766,220797.0,4.11,1.29,0.13,0.0
2026-06-18,IACQW,0.6,0.7,0.7,0.6,13004,8903.0,14.29,0.0,0.0,0.0
2026-06-18,IAE,9.12,9.18,9.23,9.11,90243,827504.0,1.33,2.0,0.18,0.06
2026-06-18,IAF,12.57,12.59,13.2,12.46,18911,239031.0,5.93,0.88,0.11,0.0
2026-06-18,IAG,17.65,16.88,18.24,16.55,8216418,139444101.0,9.61,-3.98,-0.7,1.42
2026-06-18,IAGG,50.54,50.53,50.585,50.51,574663,29046137.0,0.15,0.2,0.1,0.0
2026-06-18,IAI,189.71,186.1,189.71,185.56,339876,63390079.0,2.21,-0.79,-1.49,0.0
2026-06-18,IAK,135.59,134.39,135.99,133.72,115863,15526043.0,1.68,-0.48,-0.65,0.0
2026-06-18,IALT,28.32,28.31,28.42,28.172,1086115,30728523.0,0.88,0.68,0.19,0.0
2026-06-18,IAPR,33.4,33.31,33.4,33.27,4091,136273.0,0.39,0.48,0.16,0.0
2026-06-18,IART,18.14,17.58,18.295,17.5,2322863,41178689.0,4.62,2.21,0.38,2.99
2026-06-18,IAT,59.78,59.46,60.18,59.26,214094,12755034.0,1.55,0.17,0.1,0.0
2026-06-18,IAU,80.2,79.33,80.435,79.03,8405480,669005600.0,1.76,-0.39,-0.31,0.0
2026-06-18,IAUG,30.05,30.1,30.1,30.05,766,23034.0,0.17,0.23,0.068,0.0
2026-06-18,IAUI,51.46,50.9,51.58,50.68,183802,9383206.0,1.76,-0.39,-0.2,0.0
2026-06-18,IAUM,42.49,42.02,42.61,41.865,1855780,78392414.0,1.77,-0.43,-0.18,0.0
2026-06-18,IAUX,1.53,1.55,1.57,1.52,14157130,21856979.0,3.29,1.97,0.03,1.64
2026-06-18,IAUX_WS,0.89,0.89,0.89,0.89,628,559.0,0.0,-4.4,-0.041,0.0
2026-06-18,IBAC,10.7,10.79,10.8,10.7,3225,34673.0,0.93,-0.09,-0.01,0.06
2026-06-18,IBACR,0.117,0.117,0.117,0.117,10,1.0,0.0,0.0,0.0,0.0
2026-06-18,IBAT,46.24,46.56,46.8,46.12,51552,2388784.0,1.49,2.11,0.96,0.0
2026-06-18,IBB,174.82,173.64,176.58,171.79,998897,173158293.0,2.76,0.12,0.2,0.0
2026-06-18,IBBQ,30.3,29.982,30.3,29.715,20614,615885.0,1.95,0.14,0.042,0.0
2026-06-18,IBCA,25.64,25.55,25.64,25.53,81660,2087179.0,0.43,0.2,0.05,0.0
2026-06-18,IBCB,25.21,25.132,25.21,25.11,18042,453593.0,0.4,0.33,0.082,0.0
2026-06-18,IBCP,34.64,34.31,35.183,34.1,296476,10194532.0,3.16,0.12,0.04,1.44
2026-06-18,IBD,23.73,23.81,23.882,23.73,55955,1332826.0,0.64,0.13,0.03,0.0
2026-06-18,IBDR,24.21,24.22,24.22,24.21,504311,12211157.0,0.04,0.08,0.02,0.0
2026-06-18,IBDS,24.17,24.17,24.18,24.17,1387149,33529890.0,0.04,0.04,0.01,0.0
2026-06-18,IBDT,25.19,25.19,25.22,25.19,492659,12415693.0,0.12,0.08,0.02,0.0
2026-06-18,IBDU,23.1,23.1,23.135,23.1,478244,11055261.0,0.15,0.13,0.03,0.0
2026-06-18,IBDV,21.75,21.75,21.79,21.74,715905,15575459.0,0.23,0.18,0.04,0.0
2026-06-18,IBDW,20.79,20.785,20.82,20.78,1608331,33450906.0,0.19,0.27,0.055,0.0
2026-06-18,IBDX,25.11,25.095,25.29,25.083,184071,4623258.0,0.83,0.3,0.075,0.0
2026-06-18,IBDY,25.72,25.7,25.765,25.7,702247,18076904.0,0.25,0.23,0.059,0.0
2026-06-18,IBDZ,26.03,25.985,26.05,25.975,76795,1997439.0,0.29,0.29,0.075,0.0
2026-06-18,IBEX,30.83,30.22,30.83,29.2,257486,7772489.0,5.34,-0.92,-0.28,1.92
2026-06-18,IBFR,50.545,50.598,50.598,50.54,1244,62928.0,0.11,0.31,0.158,0.0
2026-06-18,IBG,1.18,1.16,1.22,1.12,643766,762670.0,8.7,0.87,0.01,35.45
2026-06-18,IBGA,24.53,24.464,24.56,24.455,7098,173707.0,0.43,0.47,0.115,0.0
2026-06-18,IBGB,24.5,24.428,24.52,24.428,1383,33870.0,0.38,0.52,0.126,0.0
2026-06-18,IBGC,25.16,25.088,25.16,25.088,26314,662047.0,0.29,0.55,0.138,0.0
2026-06-18,IBGK,23.436,23.436,23.436,23.436,7,180.0,0.0,0.4,0.093,0.0
2026-06-18,IBGL,24.108,24.108,24.108,24.108,8,209.0,0.0,0.45,0.108,0.0
2026-06-18,IBGM,25.054,25.054,25.054,25.054,52,1308.0,0.0,0.46,0.114,0.0
2026-06-18,IBHF,22.63,22.66,22.665,22.63,336160,7613275.0,0.15,0.11,0.025,0.0
2026-06-18,IBHG,22.04,22.045,22.06,22.02,525745,11579268.0,0.18,0.16,0.035,0.0
2026-06-18,IBHH,23.48,23.51,23.52,23.48,452366,10623403.0,0.17,0.29,0.068,0.0
2026-06-18,IBHI,23.35,23.39,23.39,23.35,71197,1664943.0,0.17,0.21,0.05,0.0
2026-06-18,IBHJ,26.36,26.4,26.41,26.36,29816,786872.0,0.19,0.3,0.08,0.0
2026-06-18,IBHK,25.67,25.74,25.77,25.67,39835,1025383.0,0.39,0.37,0.095,0.0
2026-06-18,IBHL,25.38,25.385,25.41,25.38,20456,519526.0,0.12,0.28,0.071,0.0
2026-06-18,IBHM,25.39,25.401,25.41,25.37,2058,52264.0,0.16,0.24,0.061,0.0
2026-06-18,IBIC,26.04,26.085,26.09,26.04,41047,1070399.0,0.19,0.1,0.025,0.0
2026-06-18,IBID,26.21,26.235,26.25,26.21,18844,494463.0,0.15,-0.1,-0.025,0.0
2026-06-18,IBIE,26.29,26.319,26.32,26.26,17756,467002.0,0.23,0.12,0.031,0.0
2026-06-18,IBIF,26.27,26.274,26.28,26.235,11886,312164.0,0.17,0.21,0.054,0.0
2026-06-18,IBIG,26.2,26.25,26.267,26.2,30643,803905.0,0.26,0.2,0.052,0.0
2026-06-18,IBIH,26.15,26.21,26.23,26.15,6771,177373.0,0.31,0.34,0.09,0.0
2026-06-18,IBII,25.84,25.93,25.94,25.84,5835,151099.0,0.39,0.35,0.09,0.0
2026-06-18,IBIJ,25.94,26.045,26.06,25.94,5790,150593.0,0.46,0.42,0.108,0.0
2026-06-18,IBIK,25.76,25.82,25.84,25.76,14876,383784.0,0.31,0.44,0.112,0.0
2026-06-18,IBIL,25.54,25.602,25.63,25.54,18853,482649.0,0.35,0.38,0.097,0.0
2026-06-18,IBIM,25.95,25.28,25.95,25.28,2133,54151.0,2.66,0.22,0.055,0.0
2026-06-18,IBIO,1.61,1.69,1.733,1.61,912081,1528703.0,7.69,5.63,0.09,1.84
2026-06-18,IBIT,36.42,35.62,36.44,35.22,47932125,1713974368.0,3.36,-2.04,-0.74,0.0
2026-06-18,IBKR,96.8,96.0,97.81,95.3,7511249,722720016.0,2.64,0.96,0.91,1.69
2026-06-18,IBLC,53.88,53.584,53.88,52.8,5147,274047.0,2.07,2.48,1.297,0.0
2026-06-18,IBM,251.38,249.1,252.47,243.68,16619749,4136073152.0,3.35,-5.05,-13.25,1.77
2026-06-18,IBMO,25.635,25.63,25.67,25.63,40268,1032585.0,0.16,-0.03,-0.008,0.0
2026-06-18,IBMP,25.39,25.385,25.4,25.37,419106,10633391.0,0.12,0.08,0.02,0.0
2026-06-18,IBMQ,25.53,25.53,25.55,25.53,27104,692154.0,0.08,0.08,0.02,0.0
2026-06-18,IBMR,25.369,25.365,25.38,25.36,25026,634881.0,0.08,0.06,0.015,0.0
2026-06-18,IBMS,25.9,25.909,25.92,25.9,378653,9814564.0,0.08,0.15,0.039,0.0
2026-06-18,IBMT,25.78,25.76,25.78,25.76,368610,9499068.0,0.08,0.12,0.03,0.0
2026-06-18,IBMU,25.39,25.355,25.39,25.355,1278,32410.0,0.14,0.22,0.055,0.0
2026-06-18,IBMV,25.34,25.34,25.34,25.34,1016,25746.0,0.0,0.26,0.065,0.0
2026-06-18,IBMW,25.31,25.31,25.31,25.31,1,26.0,0.0,0.34,0.085,0.0
2026-06-18,IBMX,25.16,25.16,25.16,25.16,100,2513.0,0.0,0.04,0.01,0.0
2026-06-18,IBN,28.21,27.94,28.3,27.91,7105405,199047443.0,1.4,0.18,0.05,0.2
2026-06-18,IBND,31.17,31.16,31.258,31.1,27317,851451.0,0.51,0.06,0.02,0.0
2026-06-18,IBO,0.54,0.502,0.569,0.502,105866,56280.0,11.61,-13.0,-0.075,0.1
2026-06-18,IBOC,73.96,73.56,74.86,73.41,1044700,76956978.0,1.97,-0.04,-0.03,1.68
2026-06-18,IBOT,67.95,68.421,68.51,67.95,18682,1275269.0,0.84,2.79,1.86,0.0
2026-06-18,IBP,214.62,218.25,221.81,212.845,865460,188867737.0,4.24,3.28,6.94,3.21
2026-06-18,IBRN,37.0,36.016,37.0,35.572,3314,120325.0,4.02,1.39,0.494,0.0
2026-06-18,IBRX,7.15,7.36,7.455,7.03,14372395,104327966.0,6.08,5.29,0.37,1.37
2026-06-18,IBTA,29.18,30.71,30.712,28.1,338373,10193386.0,8.93,4.99,1.46,1.68
2026-06-18,IBTG,22.88,22.875,22.88,22.87,285338,6527088.0,0.04,0.04,0.01,0.0
2026-06-18,IBTH,22.34,22.345,22.35,22.34,285450,6378681.0,0.04,0.07,0.015,0.0
2026-06-18,IBTI,22.09,22.095,22.12,22.09,285638,6313566.0,0.14,0.09,0.02,0.0
2026-06-18,IBTJ,21.6,21.595,21.62,21.595,137706,2975490.0,0.12,0.14,0.03,0.0
2026-06-18,IBTK,19.48,19.48,19.515,19.48,122518,2388767.0,0.18,0.18,0.035,0.0
2026-06-18,IBTL,20.12,20.125,20.16,20.12,82946,1670108.0,0.2,0.25,0.05,0.0
2026-06-18,IBTM,22.64,22.64,22.685,22.63,76217,1726466.0,0.24,0.29,0.065,0.0
2026-06-18,IBTO,24.08,24.06,24.12,24.06,42962,1034533.0,0.25,0.29,0.069,0.0
2026-06-18,IBTP,25.34,25.325,25.385,25.32,33292,843578.0,0.26,0.32,0.08,0.0
2026-06-18,IBTQ,25.04,25.02,25.08,25.02,122638,3070955.0,0.24,0.3,0.075,0.0
2026-06-18,IBTR,24.88,24.843,24.895,24.843,8684,215883.0,0.21,0.34,0.083,0.0
2026-06-18,IBUF,31.191,31.248,31.28,31.19,24216,756148.0,0.29,0.43,0.135,0.0
2026-06-18,IBUY,67.66,68.732,68.84,67.66,2668,182773.0,1.76,2.34,1.574,0.0
2026-06-18,IBX,23.82,23.31,23.97,22.25,905119,21041318.0,6.62,-10.28,-2.67,0.0
2026-06-18,ICAP,29.24,28.83,29.24,28.55,39529,1140338.0,2.42,1.16,0.33,0.0
2026-06-18,ICCC,9.29,9.49,9.58,9.29,34226,323556.0,3.09,1.12,0.105,0.38
2026-06-18,ICCM,6.51,5.4,6.79,4.85,5291900,32177670.0,30.31,-15.62,-1.0,188.55
2026-06-18,ICE,136.19,133.88,136.78,132.84,6109500,820000704.0,2.93,-0.53,-0.71,1.08
2026-06-18,ICF,67.51,66.88,67.85,66.835,105877,7119957.0,1.51,-0.37,-0.25,0.0
2026-06-18,ICFI,72.2,66.51,72.2,66.0,443759,29884541.0,8.59,-7.88,-5.69,2.45
2026-06-18,ICG,0.769,0.75,0.778,0.744,20884,15734.0,4.65,2.6,0.019,0.07
2026-06-18,ICHR,96.22,98.61,99.6,94.84,1734322,169854365.0,5.32,10.24,9.16,4.97
2026-06-18,ICL,5.21,5.14,5.21,5.1,4779170,24568103.0,2.1,-1.91,-0.1,0.37
2026-06-18,ICLN,20.74,21.1,21.13,20.44,6530300,136275148.0,3.37,3.03,0.62,0.0
2026-06-18,ICLO,25.72,25.655,25.72,25.61,114604,2941029.0,0.43,0.04,0.01,0.0
2026-06-18,ICLR,145.32,146.0,146.51,141.7,870065,125983626.0,3.36,1.91,2.73,1.14
2026-06-18,ICMB,1.19,1.18,1.2,1.17,31082,36696.0,2.56,0.85,0.01,0.22
2026-06-18,ICOI,10.88,10.75,10.93,10.63,37561,405188.0,2.79,-0.09,-0.01,0.0
2026-06-18,ICON,0.94,0.915,0.952,0.902,50497,46468.0,5.16,-5.57,-0.054,1.39
2026-06-18,ICOP,54.56,53.86,54.93,53.55,62996,3408500.0,2.53,-1.34,-0.73,0.0
2026-06-18,ICOW,43.02,42.86,43.02,42.715,72906,3122520.0,0.71,-0.75,-0.325,0.0
2026-06-18,ICPI,50.52,50.545,50.59,50.515,3827,193438.0,0.15,0.08,0.04,0.0
2026-06-18,ICPY,12.41,12.47,12.48,12.41,11550,143959.0,0.56,0.4,0.05,0.0
2026-06-18,ICRC,21.0,21.6,21.6,21.0,135,2845.0,2.76,-0.56,-0.122,0.0
2026-06-18,ICR_A,21.91,21.95,22.1,21.91,1228,26963.0,0.87,0.0,0.0,0.03
2026-06-18,ICSH,50.51,50.51,50.52,50.5,1273633,64337197.0,0.04,0.04,0.02,0.0
2026-06-18,ICU,3.11,3.12,3.15,3.03,42623,132106.0,3.92,1.96,0.06,1.07
2026-06-18,ICUCW,0.016,0.016,0.016,0.016,7131,115.0,0.0,0.0,0.0,0.0
2026-06-18,ICUI,139.86,140.37,142.38,137.735,506718,71088445.0,3.37,1.76,2.43,2.03
2026-06-18,ICVT,125.35,124.25,125.55,123.773,739225,91950608.0,1.45,1.04,1.28,0.0
2026-06-18,IDA,141.76,142.37,143.06,140.17,1386526,197171176.0,2.04,0.3,0.42,2.5
2026-06-18,IDAI,1.82,1.62,1.84,1.62,166248,283210.0,11.96,-11.96,-0.22,2.97
2026-06-18,IDCC,288.85,296.04,298.69,286.19,896739,264645711.0,4.37,3.47,9.94,3.47
2026-06-18,IDE,13.9,13.78,13.92,13.78,24611,340896.0,1.02,0.22,0.03,0.0
2026-06-18,IDEC,34.34,34.41,34.41,34.34,1968,67593.0,0.2,0.42,0.145,0.0
2026-06-18,IDEF,33.1,32.32,33.14,32.142,1000274,32318911.0,3.04,-1.64,-0.54,0.0
2026-06-18,IDEQ,35.86,35.81,35.9,35.67,489535,17530923.0,0.65,0.65,0.23,0.0
2026-06-18,IDEV,89.92,89.56,89.92,89.39,1172000,105064127.0,0.59,0.35,0.31,0.0
2026-06-18,IDGT,124.28,123.92,124.65,123.05,15167,1879293.0,1.31,1.24,1.52,0.0
2026-06-18,IDHQ,43.68,43.92,43.92,43.52,69860,3055746.0,0.94,2.76,1.18,0.0
2026-06-18,IDLV,34.85,34.753,34.85,34.68,11875,412805.0,0.49,-0.22,-0.075,0.0
2026-06-18,IDMO,61.72,61.49,61.73,61.405,368557,22694055.0,0.53,0.87,0.53,0.0
2026-06-18,IDMY,25.22,25.31,25.31,25.22,300,7568.0,0.36,2.21,0.548,0.0
2026-06-18,IDN,4.14,4.09,4.21,4.04,256121,1048097.0,4.11,-1.21,-0.05,1.26
2026-06-18,IDNA,30.7,30.56,30.88,30.11,14912,452825.0,2.53,0.56,0.17,0.0
2026-06-18,IDOG,41.79,41.63,41.79,41.46,19226,801609.0,0.77,-3.32,-1.429,0.0
2026-06-18,IDR,37.17,35.44,38.185,34.52,506091,17952257.0,10.16,-1.8,-0.65,3.2
2026-06-18,IDRV,40.34,40.38,40.41,40.116,10045,404562.0,0.73,0.1,0.04,0.0
2026-06-18,IDT,53.78,55.42,55.73,53.33,864173,47734658.0,4.46,2.95,1.59,3.71
2026-06-18,IDU,112.33,112.49,113.76,111.91,88645,9989865.0,1.65,0.61,0.68,0.0
2026-06-18,IDUB,28.225,28.215,28.28,28.14,37549,1058448.0,0.5,0.98,0.275,0.0
2026-06-18,IDV,42.38,42.14,42.46,42.14,2397405,101311540.0,0.75,-1.03,-0.44,0.0
2026-06-18,IDVO,42.5,42.38,42.5,42.2,180444,7643724.0,0.71,0.17,0.07,0.0
2026-06-18,IDVY,26.468,26.468,26.468,26.468,200,5303.0,0.0,1.09,0.285,0.0
2026-06-18,IDVZ,34.57,34.39,34.57,34.36,10021,345088.0,0.61,-0.36,-0.124,0.0
2026-06-18,IDX,11.1,11.1,11.13,10.99,44851,496912.0,1.27,0.73,0.08,0.0
2026-06-18,IDXX,549.29,562.09,563.85,546.18,1240833,694459760.0,3.24,2.93,16.0,1.57
2026-06-18,IDYA,31.845,31.23,32.34,30.65,2018517,63102250.0,5.41,-0.1,-0.03,2.16
2026-06-18,IDYN,30.46,30.392,30.479,30.38,2088,63567.0,0.33,0.36,0.109,0.0
2026-06-18,IE,11.56,11.4,11.8,10.91,5318796,60133882.0,7.77,-0.44,-0.05,3.36
2026-06-18,IEAG,10.03,10.03,10.03,10.03,102,1023.0,0.0,0.0,0.0,0.0
2026-06-18,IEAGR,0.213,0.185,0.22,0.185,16432,3437.0,18.42,-2.63,-0.005,0.0
2026-06-18,IEAGU,10.21,10.21,10.21,10.21,1,10.0,0.0,0.0,0.0,0.0
2026-06-18,IEDI,55.227,55.227,55.227,55.227,907,50203.0,0.0,0.84,0.461,0.0
2026-06-18,IEF,94.43,94.36,94.6,94.33,6836463,645638064.0,0.29,0.36,0.34,0.0
2026-06-18,IEFA,97.55,97.29,97.55,97.04,11189836,1088961504.0,0.53,0.5,0.48,0.0
2026-06-18,IEI,117.21,117.19,117.38,117.17,1501638,176110599.0,0.18,0.25,0.29,0.0
2026-06-18,IEMG,85.02,85.63,85.785,84.87,10058999,859216832.0,1.1,3.14,2.61,0.0
2026-06-18,IEO,108.64,107.47,108.64,106.57,85638,9186721.0,1.89,-1.65,-1.8,0.0
2026-06-18,IEP,7.3,7.29,7.32,7.25,998481,7270339.0,0.96,0.0,0.0,0.15
2026-06-18,IESC,699.82,712.39,718.62,688.575,254346,179696834.0,4.38,3.97,27.21,1.28
2026-06-18,IETC,108.84,109.36,109.53,108.2,23133,2523196.0,1.25,2.61,2.78,0.0
2026-06-18,IETH,17.175,17.432,17.432,17.175,278,4853.0,1.45,-1.64,-0.291,0.0
2026-06-18,IEUR,74.74,74.7,74.895,74.53,593636,44361110.0,0.49,0.17,0.13,0.0
2026-06-18,IEUS,70.24,70.307,70.47,70.19,4097,288342.0,0.4,-0.31,-0.218,0.0
2026-06-18,IEV,72.41,72.4,72.53,72.205,122860,8894578.0,0.45,0.21,0.15,0.0
2026-06-18,IEX,227.18,224.93,228.26,224.74,2488443,560662528.0,1.57,0.55,1.24,3.36
2026-06-18,IEZ,28.35,27.59,28.35,27.28,2927823,80473439.0,3.78,-2.65,-0.75,0.0
2026-06-18,IFBD,1.07,1.08,1.08,1.05,5307,5608.0,2.68,-3.57,-0.04,0.06
2026-06-18,IFEB,31.385,31.34,31.394,31.33,712,22327.0,0.2,0.24,0.075,0.0
2026-06-18,IFED,45.14,44.903,45.14,44.903,282,12729.0,0.53,0.75,0.335,0.0
2026-06-18,IFF,76.3,76.72,77.575,76.28,3415356,262121900.0,1.7,0.88,0.67,1.34
2026-06-18,IFGL,22.24,22.15,22.24,22.09,11377,252415.0,0.67,-0.36,-0.079,0.0
2026-06-18,IFLN,18.34,18.24,18.355,18.24,18729,343407.0,0.63,-0.27,-0.049,0.0
2026-06-18,IFLO,33.82,33.788,33.92,33.621,8645,291837.0,0.89,0.26,0.086,0.0
2026-06-18,IFLR,53.35,53.509,54.19,53.35,17333,928322.0,1.58,0.44,0.234,0.0
2026-06-18,IFN,11.58,11.71,11.73,11.561,154499,1804931.0,1.47,1.56,0.18,0.0
2026-06-18,IFRA,62.09,61.99,62.53,61.87,2544224,158210172.0,1.07,0.68,0.42,0.0
2026-06-18,IFRX,1.85,1.81,1.89,1.75,1494163,2690994.0,7.69,-0.55,-0.01,1.01
2026-06-18,IFS,58.1,57.28,58.13,56.29,747654,42780259.0,3.2,-0.47,-0.27,0.67
2026-06-18,IFV,27.636,27.754,27.81,27.636,10208,282884.0,0.63,0.16,0.045,0.0
2026-06-18,IG,20.68,20.65,20.68,20.65,15053,311197.0,0.15,0.25,0.051,0.0
2026-06-18,IGA,9.72,9.705,9.77,9.698,24473,238268.0,0.74,0.15,0.015,0.0
2026-06-18,IGAC,10.02,10.02,10.02,10.02,50614,507152.0,0.0,0.2,0.02,0.28
2026-06-18,IGACU,10.185,10.185,10.185,10.185,3,31.0,0.0,0.0,0.0,0.0
2026-06-18,IGBH,24.68,24.64,24.69,24.635,74241,1831022.0,0.22,0.0,0.0,0.0
2026-06-18,IGC,0.273,0.275,0.285,0.273,631197,174079.0,4.35,-0.36,-0.001,0.63
2026-06-18,IGCB,45.815,45.815,45.815,45.815,6,297.0,0.0,0.02,0.01,0.0
2026-06-18,IGD,6.2,6.19,6.225,6.17,173282,1072241.0,0.89,0.32,0.02,0.0
2026-06-18,IGE,58.13,57.45,58.13,57.255,193090,11087271.0,1.5,-1.32,-0.77,0.0
2026-06-18,IGEB,45.09,45.015,45.15,45.0,94503,4259127.0,0.33,0.23,0.105,0.0
2026-06-18,IGF,66.28,66.36,66.65,66.02,601025,39863022.0,0.95,0.58,0.38,0.0
2026-06-18,IGGY,28.99,29.135,29.135,28.99,234,6804.0,0.51,1.84,0.525,0.0
2026-06-18,IGHG,78.38,78.3,78.38,78.23,13237,1035924.0,0.19,-0.08,-0.06,0.0
2026-06-18,IGI,16.3,16.18,16.3,16.131,6918,112298.0,1.05,0.31,0.05,0.0
2026-06-18,IGIB,53.15,53.05,53.17,53.03,2050645,108901847.0,0.26,0.28,0.15,0.0
2026-06-18,IGIC,25.2,24.79,25.2,24.5,105229,2614005.0,2.76,-2.38,-0.605,0.25
2026-06-18,IGLB,50.4,50.14,50.46,50.11,1263297,63442966.0,0.7,0.32,0.16,0.0
2026-06-18,IGLD,22.33,22.09,22.35,21.99,179006,3968177.0,1.62,-0.5,-0.11,0.0
2026-06-18,IGM,163.83,164.6,165.11,162.64,368203,60470809.0,1.54,2.91,4.66,0.0
2026-06-18,IGME,22.57,22.562,22.57,22.47,995,22391.0,0.44,-0.28,-0.064,0.0
2026-06-18,IGOV,41.38,41.2,41.38,41.12,541360,22328805.0,0.63,-0.31,-0.13,0.0
2026-06-18,IGPT,105.05,106.4,106.79,104.458,322561,34130578.0,2.31,5.56,5.6,0.0
2026-06-18,IGR,4.48,4.49,4.53,4.48,573109,2577952.0,1.11,-0.66,-0.03,0.0
2026-06-18,IGRO,88.24,87.815,88.24,87.641,48561,4268021.0,0.68,0.14,0.12,0.0
2026-06-18,IGSB,52.32,52.3,52.35,52.28,1444516,75565582.0,0.13,0.19,0.1,0.0
2026-06-18,IGTR,35.74,35.958,36.01,35.73,6570,235594.0,0.82,5.13,1.756,0.0
2026-06-18,IGV,89.56,89.09,89.56,87.3,24331300,2157914160.0,2.53,-0.08,-0.07,0.0
2026-06-18,IH,1.43,1.379,1.43,1.36,4813,6652.0,4.96,-2.2,-0.031,0.02
2026-06-18,IHAK,54.9,54.51,54.9,53.64,128920,6985021.0,2.29,-0.74,-0.405,0.0
2026-06-18,IHD,7.8,7.89,7.94,7.795,100551,789524.0,1.9,3.14,0.24,0.0
2026-06-18,IHDG,53.13,53.233,53.29,53.01,82145,4368660.0,0.53,1.28,0.673,0.0
2026-06-18,IHE,93.39,91.88,93.39,90.855,172827,15779000.0,2.73,-1.02,-0.95,0.0
2026-06-18,IHF,52.72,52.29,52.79,52.2,498932,26154285.0,1.13,-0.27,-0.14,0.0
2026-06-18,IHG,171.21,171.02,173.08,170.67,256904,44162816.0,1.41,0.21,0.36,0.17
2026-06-18,IHI,48.67,49.07,49.235,48.47,3378574,165484875.0,1.58,1.38,0.67,0.0
2026-06-18,IHRT,3.79,3.59,3.85,3.56,3233616,11732870.0,7.75,-4.01,-0.15,2.49
2026-06-18,IHS,8.18,8.14,8.23,8.14,2028637,16572472.0,1.1,-0.73,-0.06,0.6
2026-06-18,IHT,1.5,1.62,1.73,1.37,27966468,57193541.0,25.9,16.55,0.23,297.43
2026-06-18,IHY,21.76,21.724,21.81,21.67,12906,280842.0,0.64,0.02,0.004,0.0
2026-06-18,IIF,22.53,22.27,22.89,22.19,32564,730064.0,3.13,-0.49,-0.11,0.0
2026-06-18,IIGD,24.51,24.495,24.51,24.495,2264,55493.0,0.06,0.24,0.058,0.0
2026-06-18,III,4.16,4.01,4.16,3.99,359112,1456332.0,4.09,-3.61,-0.15,0.75
2026-06-18,IIIN,29.08,29.09,29.89,28.73,3629595,105717128.0,4.05,1.54,0.44,18.68
2026-06-18,IIIV,20.06,19.82,20.29,19.47,781111,15492557.0,4.11,-0.7,-0.14,4.0
2026-06-18,IIM,12.57,12.62,12.64,12.49,84212,1057644.0,1.2,0.96,0.12,0.0
2026-06-18,IIPR,59.0,59.6,60.06,58.85,461500,27495936.0,2.06,1.62,0.95,1.6
2026-06-18,IIPR_A,24.35,24.45,24.49,24.35,26345,643502.0,0.57,0.41,0.1,0.56
2026-06-18,IJAN,38.175,38.115,38.19,38.05,4579,174595.0,0.37,0.32,0.12,0.0
2026-06-18,IJH,75.655,75.78,75.9,75.22,10312918,780893056.0,0.91,1.07,0.8,0.0
2026-06-18,IJJ,144.86,144.81,145.35,144.43,109084,15809635.0,0.64,0.81,1.16,0.0
2026-06-18,IJK,115.58,115.66,115.8,114.458,242849,28038061.0,1.18,1.29,1.47,0.0
2026-06-18,IJR,142.67,143.21,143.415,141.945,5811635,830767296.0,1.04,1.81,2.54,0.0
2026-06-18,IJS,132.78,133.32,133.64,132.42,277168,36892849.0,0.93,1.61,2.11,0.0
2026-06-18,IJT,170.3,170.72,170.88,169.115,98876,16843129.0,1.05,1.91,3.196,0.0
2026-06-18,IJUL,35.81,35.82,35.83,35.72,16391,586356.0,0.31,0.46,0.165,0.0
2026-06-18,IJUN,31.28,31.3,31.31,31.24,31725,991986.0,0.22,0.41,0.129,0.0
2026-06-18,IKT,1.72,1.83,1.83,1.71,1484537,2659300.0,7.14,8.93,0.15,1.12
2026-06-18,ILAG,3.105,3.08,3.15,2.958,10956,33638.0,6.4,2.67,0.08,0.53
2026-06-18,ILCB,103.82,103.76,103.82,103.26,18472,1913577.0,0.55,1.21,1.239,0.0
2026-06-18,ILCG,116.93,117.14,117.36,116.135,39716,4644580.0,1.07,1.95,2.24,0.0
2026-06-18,ILCV,101.65,101.09,101.7,100.94,30131,3049170.0,0.75,0.2,0.2,0.0
2026-06-18,ILDR,37.83,39.0,39.08,37.83,29867,1157480.0,3.28,2.39,0.91,0.0
2026-06-18,ILF,34.15,33.9,34.16,33.785,2631567,89212188.0,1.1,-0.5,-0.17,0.0
2026-06-18,ILIT,19.05,18.93,19.05,18.82,35399,669587.0,1.19,-2.04,-0.395,0.0
2026-06-18,ILLR,0.133,0.157,0.16,0.13,6948037,1060729.0,20.0,4.67,0.007,3.49
2026-06-18,ILLRW,0.023,0.02,0.023,0.02,15330,310.0,12.0,-20.0,-0.005,0.0
2026-06-18,ILLU,9.91,9.905,9.91,9.905,1223,12115.0,0.05,0.05,0.005,0.01
2026-06-18,ILMN,161.31,161.93,162.78,159.51,3100677,501630800.0,2.06,1.79,2.84,2.05
2026-06-18,ILOW,45.31,45.27,45.34,45.14,28946,1308753.0,0.44,0.19,0.088,0.0
2026-06-18,ILPT,8.48,8.1,8.54,8.065,1161514,9460906.0,5.71,-2.64,-0.22,1.74
2026-06-18,ILS,19.97,19.98,20.03,19.97,28540,570816.0,0.3,-0.01,-0.001,0.0
2026-06-18,ILTB,49.6,49.41,49.601,49.355,40869,2022575.0,0.5,0.39,0.19,0.0
2026-06-18,IMA,5.64,6.0,6.12,5.64,34301,204168.0,8.44,5.45,0.31,0.3
2026-06-18,IMAR,30.575,30.54,30.6,30.51,3737,114224.0,0.3,0.25,0.076,0.0
2026-06-18,IMAX,44.55,44.33,45.16,44.05,674543,30031491.0,2.51,0.09,0.04,1.23
2026-06-18,IMAY,31.85,31.845,31.87,31.815,1855,59032.0,0.17,0.58,0.185,0.0
2026-06-18,IMCB,95.49,95.16,95.67,95.01,58116,5535968.0,0.7,0.94,0.89,0.0
2026-06-18,IMCC,0.192,0.181,0.195,0.172,26578086,6292589.0,10.6,-16.59,-0.036,294.77
2026-06-18,IMCG,96.83,97.01,97.47,96.63,109131,10593084.0,0.88,1.87,1.78,0.0
2026-06-18,IMCR,28.76,28.6,29.0,28.285,812333,23287876.0,2.5,0.18,0.05,1.6
2026-06-18,IMCV,90.49,89.84,90.545,89.69,25054,2258147.0,0.95,0.05,0.043,0.0
2026-06-18,IMDX,5.38,5.44,5.5,4.55,694709,3527891.0,17.86,2.26,0.12,2.15
2026-06-18,IMF,51.45,51.475,51.475,51.37,1540,79186.0,0.2,0.23,0.12,0.0
2026-06-18,IMFL,34.83,34.95,34.98,34.775,19616,684707.0,0.59,1.34,0.463,0.0
2026-06-18,IMKTA,87.41,87.43,87.93,85.72,320303,27932732.0,2.54,0.41,0.36,2.2
2026-06-18,IMMP,0.379,0.374,0.379,0.37,240240,90061.0,2.41,0.0,0.0,0.16
2026-06-18,IMMR,6.58,6.68,6.73,6.47,690864,4595141.0,4.02,3.41,0.22,2.09
2026-06-18,IMMX,9.92,8.72,10.19,8.63,7434800,65947544.0,17.09,-4.49,-0.41,10.44
2026-06-18,IMNM,18.79,18.74,19.145,18.04,3318516,61937414.0,5.96,1.13,0.21,2.93
2026-06-18,IMNN,1.88,1.82,1.892,1.8,34366,63130.0,4.95,-2.15,-0.04,0.82
2026-06-18,IMO,113.51,112.55,113.53,109.608,788979,88014871.0,3.43,-1.44,-1.64,0.16
2026-06-18,IMOM,44.35,44.204,44.35,44.1,3913,172957.0,0.57,0.78,0.344,0.0
2026-06-18,IMOS,64.19,66.58,66.58,62.14,178471,11580828.0,7.53,12.85,7.58,0.51
2026-06-18,IMPP,4.88,4.89,4.93,4.76,403170,1954002.0,3.44,-1.01,-0.05,0.89
2026-06-18,IMPPP,25.84,25.86,26.34,25.84,2680,69955.0,1.93,-0.19,-0.048,0.34
2026-06-18,IMRA,16.97,17.227,17.227,16.97,1687,28789.0,1.51,1.23,0.21,0.0
2026-06-18,IMRN,1.07,1.06,1.07,1.036,8589,9088.0,3.18,-0.93,-0.01,0.11
2026-06-18,IMRX,4.47,4.41,4.52,4.255,1010496,4415058.0,6.01,0.0,0.0,1.56
2026-06-18,IMSR,8.0,8.51,8.699,7.803,3293759,27586179.0,11.65,10.66,0.82,3.11
2026-06-18,IMSRW,3.32,3.75,3.8,3.32,9484,35116.0,14.24,11.28,0.38,0.0
2026-06-18,IMST,8.5,8.305,8.5,8.02,45519,370572.0,5.6,-3.09,-0.265,0.0
2026-06-18,IMTB,43.55,43.62,43.69,43.55,14675,640429.0,0.32,0.31,0.135,0.0
2026-06-18,IMTE,0.546,0.512,0.55,0.5,22046,11514.0,9.58,-1.92,-0.01,0.64
2026-06-18,IMTM,53.98,53.75,53.98,53.59,446679,24001182.0,0.73,0.83,0.44,0.0
2026-06-18,IMTX,9.77,9.78,9.98,9.62,438423,4286516.0,3.78,2.73,0.26,0.32
2026-06-18,IMUX,14.0,14.2,14.48,13.71,263740,3740449.0,5.42,0.0,0.0,1.94
2026-06-18,IMVP,21.06,21.02,21.16,21.0,24344,512435.0,0.77,0.86,0.18,0.0
2026-06-18,IMVT,35.15,35.34,35.788,34.4,3888369,137021058.0,4.0,1.82,0.63,1.89
2026-06-18,IMXI,14.86,14.32,14.97,14.16,960407,13848193.0,5.45,-3.57,-0.53,3.19
2026-06-18,INAB,1.43,1.43,1.5,1.43,52900,76503.0,4.76,-2.72,-0.04,0.54
2026-06-18,INAC,10.24,10.24,10.24,10.24,102,1045.0,0.0,-0.05,-0.005,0.0
2026-06-18,INACR,0.14,0.14,0.14,0.14,4174,584.0,0.0,0.0,0.0,0.0
2026-06-18,INBK,25.55,25.78,26.035,25.15,52826,1357918.0,3.52,2.46,0.62,0.61
2026-06-18,INBKZ,25.05,25.05,25.1,25.05,2044,51209.0,0.2,0.0,0.0,0.0
2026-06-18,INBS,2.25,2.29,2.36,2.25,64648,149324.0,4.89,1.78,0.04,2.7
2026-06-18,INBX,96.7,93.05,99.33,91.183,473549,44094045.0,8.65,-1.22,-1.15,3.23
2026-06-18,INCE,67.65,67.136,67.65,67.0,22744,1527941.0,0.97,-0.21,-0.139,0.0
2026-06-18,INCM,29.14,29.2,29.2,29.09,315416,9195655.0,0.38,0.55,0.16,0.0
2026-06-18,INCO,59.97,59.834,60.05,59.71,24783,1486815.0,0.58,1.29,0.764,0.0
2026-06-18,INCR,0.929,0.929,0.929,0.9,13907,12756.0,3.09,-1.06,-0.01,0.03
2026-06-18,INCY,99.58,98.22,99.62,96.09,4058623,397767488.0,3.57,-0.78,-0.77,2.03
2026-06-18,IND,22.96,22.865,22.96,22.865,524,12009.0,0.42,0.66,0.15,0.0
2026-06-18,INDA,49.84,49.58,49.87,49.49,5026343,249737068.0,0.77,1.06,0.52,0.0
2026-06-18,INDB,81.69,81.05,82.22,80.68,1202785,97605358.0,1.9,-0.02,-0.02,2.49
2026-06-18,INDE,28.87,28.866,29.095,28.866,4790,139069.0,0.81,1.49,0.424,0.0
2026-06-18,INDH,39.37,39.199,39.37,39.199,195,7694.0,0.44,0.27,0.106,0.0
2026-06-18,INDI,4.05,4.25,4.29,3.96,14485530,61213691.0,8.4,8.14,0.32,6.86
2026-06-18,INDL,46.16,45.76,46.28,45.735,23451,1078982.0,1.22,2.07,0.93,0.0
2026-06-18,INDO,2.63,2.62,2.685,2.58,279375,735035.0,3.89,-2.96,-0.08,1.82
2026-06-18,INDP,4.5,3.9,4.6,3.66,301076,1250296.0,20.89,-13.33,-0.6,0.27
2026-06-18,INDQ,26.965,26.965,26.965,26.965,6012,163269.0,0.0,1.14,0.303,0.0
2026-06-18,INDS,39.65,39.81,39.816,39.55,6517,258818.0,0.67,0.69,0.274,0.0
2026-06-18,INDV,38.55,38.3,39.045,37.85,4276876,163809153.0,3.15,0.98,0.37,3.51
2026-06-18,INDY,43.7,43.5,43.8,43.5,89374,3901473.0,0.7,0.81,0.35,0.0
2026-06-18,INDZ,25.043,25.043,25.043,25.043,14,352.0,0.0,0.87,0.216,0.0
2026-06-18,INEO,0.605,0.57,0.62,0.555,38517,22111.0,10.66,-6.56,-0.04,0.24
2026-06-18,INEQ,39.86,39.706,39.96,39.645,17513,696825.0,0.79,-0.23,-0.093,0.0
2026-06-18,INFH,11.6,11.75,11.905,10.465,134112,1476462.0,12.56,2.49,0.285,0.0
2026-06-18,INFL,50.35,49.86,50.441,49.41,260622,12935219.0,2.05,-0.76,-0.38,0.0
2026-06-18,INFO,27.18,27.12,27.18,27.04,20300,550184.0,0.52,1.04,0.28,0.0
2026-06-18,INFQ,13.59,13.53,13.84,12.76,27820408,372272736.0,8.1,1.42,0.19,12.75
2026-06-18,INFQ_WS,6.7,6.91,6.91,6.46,89512,592548.0,6.78,4.07,0.27,0.0
2026-06-18,INFU,8.74,9.42,9.42,8.73,201705,1850256.0,7.89,7.66,0.67,1.0
2026-06-18,INFY,10.82,10.57,11.12,10.46,63561773,679946752.0,5.64,-9.66,-1.13,1.57
2026-06-18,ING,31.55,31.36,31.64,31.34,7813223,246118789.0,0.96,0.38,0.12,0.27
2026-06-18,INGM,28.35,28.3,28.93,27.81,2040543,57584291.0,3.93,-0.67,-0.19,0.87
2026-06-18,INGN,6.42,6.41,6.47,6.33,352965,2262552.0,2.2,0.63,0.04,1.3
2026-06-18,INGR,98.56,97.93,99.7,97.21,5120307,502068640.0,2.52,-0.92,-0.91,8.12
2026-06-18,INIO,35.61,37.45,37.85,35.1,3695111,137638794.0,7.85,6.94,2.43,0.49
2026-06-18,INKM,34.795,34.758,34.795,34.73,1134,39430.0,0.19,0.33,0.116,0.0
2026-06-18,INKT,12.07,12.14,12.445,11.86,16573,202333.0,4.79,-0.57,-0.07,0.33
2026-06-18,INLF,0.231,0.157,0.249,0.149,131517870,26913109.0,22.88,-64.07,-0.28,1009.73
2026-06-18,INLX,6.355,5.87,6.407,5.87,15924,100505.0,8.25,-9.83,-0.64,0.35
2026-06-18,INM,1.49,1.49,1.59,1.49,26188,39999.0,6.71,0.0,0.0,0.79
2026-06-18,INMB,1.32,1.45,1.45,1.32,446953,624375.0,10.0,11.54,0.15,1.68
2026-06-18,INMD,13.46,13.4,13.48,13.285,568624,7609324.0,1.46,0.3,0.04,0.99
2026-06-18,INMU,24.19,24.2,24.2,24.17,214818,5195183.0,0.12,0.33,0.08,0.0
2026-06-18,INN,6.42,6.63,6.67,6.42,1761187,11666526.0,3.9,3.43,0.22,1.63
2026-06-18,INNV,9.27,8.97,9.365,8.87,990532,8963315.0,5.41,-1.97,-0.18,0.73
2026-06-18,INN_E,18.13,18.04,18.13,17.8,9779,176062.0,1.82,-0.33,-0.06,0.15
2026-06-18,INN_F,16.81,16.99,17.09,16.81,6248,106012.0,1.64,-0.29,-0.05,0.16
2026-06-18,INO,1.11,1.12,1.16,1.07,2757400,3059777.0,8.1,0.45,0.0,3.35
2026-06-18,INOD,104.22,95.5,104.84,91.27,1683700,160084464.0,13.24,-6.85,-7.02,5.16
2026-06-18,INOV,36.77,36.86,36.88,36.77,2232,82222.0,0.3,0.48,0.177,0.0
2026-06-18,INQQ,12.7,12.69,12.738,12.66,155231,1971903.0,0.62,1.24,0.155,0.0
2026-06-18,INR,12.88,12.79,13.185,12.78,739203,9534716.0,3.08,-2.89,-0.38,3.94
2026-06-18,INRO,36.51,36.632,36.632,36.51,1670,61061.0,0.34,1.64,0.591,0.0
2026-06-18,INSE,7.94,8.0,8.2,7.94,161593,1299426.0,3.25,0.0,0.0,0.61
2026-06-18,INSG,10.43,10.31,10.45,9.9,297516,3034638.0,5.43,1.88,0.19,1.83
2026-06-18,INSM,100.11,95.8,100.25,94.0,23379307,2239289088.0,6.35,-2.69,-2.65,10.79
2026-06-18,INSP,41.91,42.61,42.73,39.73,1386543,58487484.0,7.3,3.62,1.49,4.81
2026-06-18,INSW,81.5,84.49,84.58,79.26,913700,76268136.0,6.53,3.73,3.04,1.85
2026-06-18,INTA,21.99,22.04,22.42,21.3,1344252,29643519.0,5.08,0.05,0.01,1.75
2026-06-18,INTC,131.805,133.99,135.48,127.9,233906555,31065672448.0,6.26,10.64,12.89,4.65
2026-06-18,INTF,41.35,41.22,41.368,41.12,589745,24332938.0,0.6,0.32,0.13,0.0
2026-06-18,INTG,38.66,40.12,41.2,37.89,369459,14739803.0,8.79,6.56,2.47,17.19
2026-06-18,INTJ,4.51,4.514,4.7,4.51,1675,7711.0,4.18,-0.79,-0.036,0.11
2026-06-18,INTL,32.0,31.35,32.09,31.28,80328,2518245.0,2.61,1.1,0.34,0.0
2026-06-18,INTM,52.28,52.33,52.39,52.19,1311,68566.0,0.38,-0.08,-0.04,0.0
2026-06-18,INTR,5.59,5.44,5.62,5.42,3976671,21799133.0,3.6,-2.16,-0.12,1.22
2026-06-18,INTS,3.77,3.92,3.95,3.64,43851,165357.0,8.44,6.67,0.245,1.62
2026-06-18,INTT,18.26,18.8,19.11,18.17,208558,3896353.0,5.29,5.8,1.03,1.66
2026-06-18,INTU,261.0,267.0,269.87,259.23,10059120,2674746240.0,3.95,-0.77,-2.08,3.68
2026-06-18,INTW,368.54,379.08,387.27,348.105,1531157,564821648.0,12.47,20.68,64.95,0.0
2026-06-18,INTZ,0.817,0.702,0.817,0.702,287863,212144.0,14.2,-13.33,-0.108,1.41
2026-06-18,INUV,1.37,1.32,1.4,1.32,155501,209523.0,5.88,-2.94,-0.04,1.05
2026-06-18,INV,6.72,6.63,6.82,6.38,2326889,15411044.0,6.69,0.76,0.05,2.77
2026-06-18,INVA,22.95,22.49,23.0,22.22,1403800,31602400.0,3.45,-0.66,-0.15,1.9
2026-06-18,INVE,3.93,3.98,4.04,3.9,74200,294320.0,3.44,1.27,0.05,0.31
2026-06-18,INVG,25.49,25.461,25.49,25.461,483,12335.0,0.11,0.22,0.057,0.0
2026-06-18,INVH,28.71,28.41,28.83,28.265,15948116,453674176.0,1.98,-0.28,-0.08,2.68
2026-06-18,INVN,20.53,20.723,20.723,20.53,861,17731.0,0.94,0.66,0.135,0.0
2026-06-18,INVX,26.09,25.57,26.23,24.85,1411334,35973161.0,5.28,-2.22,-0.58,2.05
2026-06-18,INVZ,0.61,0.582,0.61,0.582,8328350,4868433.0,4.67,-3.0,-0.018,3.76
2026-06-18,INYY,57.82,57.619,59.745,56.73,35536,2052373.0,5.43,3.71,2.059,0.0
2026-06-18,IOCT,37.14,37.01,37.14,36.97,7147,264546.0,0.46,0.41,0.15,0.0
2026-06-18,ION,56.963,56.289,56.963,54.93,8190,458322.0,3.53,-2.34,-1.349,0.0
2026-06-18,IONL,30.7,31.19,31.3,27.381,573286,16894547.0,13.33,6.05,1.78,0.0
2026-06-18,IONQ,55.79,56.55,56.66,52.921,20362592,1125454096.0,6.84,3.4,1.86,5.46
2026-06-18,IONQ_WS,43.115,43.25,43.25,43.115,1976,86650.0,0.3,-2.72,-1.21,0.0
2026-06-18,IONR,3.95,3.86,3.955,3.85,77336,301308.0,2.62,-3.74,-0.15,0.1
2026-06-18,IONS,75.0,74.12,75.66,73.495,2984374,221332624.0,2.91,-0.26,-0.19,1.81
2026-06-18,IONX,57.12,58.66,59.0,51.5,828331,46050019.0,13.48,5.4,3.005,0.0
2026-06-18,IONZ,2.52,2.45,2.8,2.44,18634836,48721356.0,13.69,-6.84,-0.18,0.0
2026-06-18,IOO,139.01,139.13,139.23,138.09,420875,58385912.0,0.83,1.21,1.67,0.0
2026-06-18,IOPP,25.98,25.949,25.98,25.949,212,5525.0,0.12,1.57,0.401,0.0
2026-06-18,IOR,18.0,17.8,18.0,17.8,356,6355.0,1.12,-0.14,-0.025,0.01
2026-06-18,IOSP,83.7,82.73,83.84,82.28,323429,26812465.0,1.88,-0.46,-0.38,1.31
2026-06-18,IOT,31.19,31.69,31.78,30.272,8041261,253355256.0,4.77,0.28,0.09,2.16
2026-06-18,IOTR,3.08,3.13,3.345,3.08,9532,30651.0,8.26,-2.49,-0.08,1.3
2026-06-18,IOVA,3.97,3.91,4.05,3.85,23714726,92969272.0,5.09,-0.51,-0.02,5.31
2026-06-18,IOYY,8.39,8.447,8.447,8.23,56019,464807.0,2.55,-0.86,-0.073,0.0
2026-06-18,IP,36.36,36.82,37.83,36.36,11515894,426377456.0,4.07,1.83,0.66,2.17
2026-06-18,IPAC,84.08,83.87,84.29,83.64,65192,5473448.0,0.78,1.17,0.97,0.0
2026-06-18,IPAR,97.26,99.09,99.98,97.26,525327,51983083.0,2.82,2.59,2.5,1.64
2026-06-18,IPAV,33.52,33.476,33.52,33.45,1837,61505.0,0.21,0.46,0.152,0.0
2026-06-18,IPAY,44.61,44.4,44.92,44.275,52607,2345309.0,1.46,0.2,0.09,0.0
2026-06-18,IPB,25.45,25.66,25.67,25.4,1448,36943.0,1.03,-1.69,-0.44,0.0
2026-06-18,IPCX,10.34,10.33,10.34,10.33,58592,605781.0,0.1,-0.06,-0.006,0.23
2026-06-18,IPCXR,0.43,0.43,0.43,0.43,2437,1048.0,0.0,0.0,0.0,0.0
2026-06-18,IPDN,0.617,0.636,0.649,0.6,52705,33457.0,7.94,3.08,0.019,0.41
2026-06-18,IPEX,10.481,10.481,10.481,10.481,1102,11551.0,0.0,0.01,0.001,0.01
2026-06-18,IPEXR,0.69,0.69,0.69,0.69,3148,2182.0,0.0,4.86,0.032,0.0
2026-06-18,IPFX,10.6,10.64,10.72,10.55,510991,5442927.0,1.6,0.38,0.04,2.02
2026-06-18,IPFXU,11.37,11.37,11.37,11.37,17,198.0,0.0,0.0,0.0,0.0
2026-06-18,IPFXW,2.29,2.25,2.295,2.25,94310,213359.0,1.99,-0.66,-0.015,0.0
2026-06-18,IPGP,118.47,118.01,119.19,114.17,756829,89007680.0,4.42,3.85,4.37,1.78
2026-06-18,IPHA,1.81,1.81,1.825,1.81,1667,3017.0,0.84,1.69,0.03,0.0
2026-06-18,IPI,34.7,34.49,34.905,33.73,221055,7588208.0,3.35,-1.57,-0.55,1.65
2026-06-18,IPKW,57.81,57.551,57.81,57.4,30313,1744865.0,0.71,-0.05,-0.028,0.0
2026-06-18,IPM,1.78,1.74,1.807,1.7,32630,57213.0,6.15,0.0,0.0,0.36
2026-06-18,IPO,58.76,59.54,59.62,58.53,69619,4112582.0,1.9,3.57,2.05,0.0
2026-06-18,IPOS,25.36,25.685,25.74,25.3,13242,337076.0,1.79,4.72,1.158,0.0
2026-06-18,IPSC,2.32,2.29,2.32,2.23,579840,1323748.0,4.0,1.78,0.04,0.32
2026-06-18,IPST,3.605,3.43,3.73,3.32,28083,98485.0,11.36,-4.99,-0.18,3.89
2026-06-18,IPVVU,9.92,9.91,9.92,9.91,27975,277469.0,0.1,0.0,0.0,0.0
2026-06-18,IPW,2.5,2.55,2.56,2.25,272825,660266.0,12.4,2.0,0.05,41.26
2026-06-18,IPWR,5.76,6.04,6.08,5.51,673280,3981873.0,9.98,5.78,0.33,4.21
2026-06-18,IPX,32.0,31.03,32.255,29.52,1108470,34272702.0,8.72,-1.12,-0.35,3.27
2026-06-18,IQ,1.02,1.02,1.04,1.01,6830263,6979010.0,2.91,-0.97,-0.01,1.29
2026-06-18,IQDF,34.98,34.97,35.14,34.97,71969,2520642.0,0.48,-0.71,-0.25,0.0
2026-06-18,IQDG,43.93,44.02,44.09,43.9,27402,1204780.0,0.44,0.92,0.4,0.0
2026-06-18,IQDY,43.33,43.465,43.61,43.295,8835,383736.0,0.72,-0.26,-0.113,0.0
2026-06-18,IQHI,25.96,25.985,25.985,25.96,112,2923.0,0.1,0.23,0.06,0.0
2026-06-18,IQI,9.98,10.07,10.2,9.98,210973,2129154.0,2.2,0.9,0.09,0.0
2026-06-18,IQLT,49.47,49.33,49.51,49.23,2503432,123592047.0,0.57,0.43,0.21,0.0
2026-06-18,IQM,123.46,124.269,124.269,122.94,3685,455453.0,1.11,4.25,5.063,0.0
2026-06-18,IQMM,100.11,100.12,100.13,100.11,248953,24918093.0,0.02,0.03,0.03,0.0
2026-06-18,IQQQ,50.61,50.924,51.29,50.38,58616,2973087.0,1.83,2.57,1.278,0.0
2026-06-18,IQRA,29.72,29.72,29.72,29.72,2,59.0,0.0,-0.42,-0.124,0.0
2026-06-18,IQSI,38.34,38.339,38.36,38.339,716,27482.0,0.05,-0.74,-0.287,0.0
2026-06-18,IQSM,38.722,38.722,38.722,38.722,16,618.0,0.0,0.73,0.281,0.0
2026-06-18,IQST,1.33,1.4,1.42,1.26,344003,461932.0,12.31,7.69,0.1,5.11
2026-06-18,IQSU,61.88,62.185,62.185,61.88,1693,104917.0,0.5,1.44,0.885,0.0
2026-06-18,IQSZ,31.89,31.982,31.982,31.89,336,10741.0,0.29,1.08,0.343,0.0
2026-06-18,IQV,170.67,167.77,171.0,162.22,3703618,617918176.0,5.14,-1.7,-2.9,2.22
2026-06-18,IR,78.32,77.91,79.41,77.81,5707428,447038768.0,2.08,1.09,0.84,1.46
2026-06-18,IRAB,9.95,9.95,9.95,9.95,5,50.0,0.0,0.0,0.0,0.0
2026-06-18,IRD,4.17,4.07,4.26,4.035,1056616,4312109.0,5.54,0.25,0.01,1.28
2026-06-18,IRDM,45.41,44.57,45.99,43.515,4909717,218804497.0,5.49,-1.07,-0.48,4.64
2026-06-18,IRE,31.09,29.85,31.255,27.924,3251591,96615261.0,11.84,6.11,1.72,0.0
2026-06-18,IREG,23.9,23.026,24.04,21.6,795109,18271496.0,11.28,6.45,1.396,0.0
2026-06-18,IREN,61.275,59.96,61.53,58.0,39394562,2357437216.0,6.07,3.18,1.85,11.02
2026-06-18,IREX,43.0,41.14,43.318,38.55,628287,25688047.0,12.29,6.03,2.34,0.0
2026-06-18,IREZ,4.68,4.9,5.255,4.64,6719725,33289007.0,11.76,-6.31,-0.33,0.0
2026-06-18,IRHO,10.065,10.07,10.07,10.065,14362,144615.0,0.05,0.05,0.005,0.05
2026-06-18,IRIX,1.17,1.13,1.185,1.13,63556,72959.0,4.7,-3.42,-0.04,0.37
2026-06-18,IRM,128.83,127.83,129.21,126.76,2110455,270424144.0,1.95,1.91,2.39,0.71
2026-06-18,IRMD,91.68,92.2,93.355,91.68,182287,16817278.0,1.84,1.22,1.11,1.43
2026-06-18,IROC,51.135,51.135,51.19,51.13,12737,651716.0,0.12,0.24,0.12,0.0
2026-06-18,IRON,71.62,70.79,71.85,69.29,1562334,110469608.0,3.65,0.83,0.58,4.09
2026-06-18,IRS,16.65,16.62,16.87,16.385,130479,2179891.0,2.95,1.16,0.19,0.15
2026-06-18,IRT,16.02,15.82,16.15,15.725,5483793,86898799.0,2.66,-1.0,-0.16,2.33
2026-06-18,IRTC,101.79,104.65,105.05,100.846,626318,64985613.0,4.13,2.81,2.86,1.91
2026-06-18,IRTR,32.13,32.132,32.17,32.12,13334,428687.0,0.16,0.59,0.187,0.0
2026-06-18,IRVH,19.35,19.35,19.35,19.35,4,96.0,0.0,0.21,0.04,0.0
2026-06-18,IRWD,3.59,3.54,3.65,3.49,4942493,17520244.0,4.55,0.57,0.02,3.0
2026-06-18,ISBA,40.0,40.31,41.12,40.0,48077,1936150.0,2.8,0.83,0.33,0.66
2026-06-18,ISBG,12.71,12.241,12.71,12.16,14255,176621.0,4.34,-3.46,-0.439,0.0
2026-06-18,ISCB,73.92,73.443,73.92,72.98,4449,326191.0,1.3,1.37,0.993,0.0
2026-06-18,ISCF,43.92,43.78,43.92,43.65,81684,3578076.0,0.62,-0.09,-0.04,0.0
2026-06-18,ISCG,63.33,63.71,63.72,62.937,27215,1726937.0,1.25,1.74,1.09,0.0
2026-06-18,ISCV,76.44,76.22,76.44,75.93,13836,1054735.0,0.68,0.93,0.704,0.0
2026-06-18,ISD,12.76,12.74,12.795,12.6,120456,1535722.0,1.53,0.16,0.02,0.0
2026-06-18,ISEP,34.53,34.592,34.592,34.53,1176,40627.0,0.18,0.45,0.156,0.0
2026-06-18,ISHG,74.57,74.39,74.63,74.36,69147,5151871.0,0.36,-0.25,-0.183,0.0
2026-06-18,ISHP,33.572,33.572,33.572,33.572,16,545.0,0.0,0.48,0.159,0.0
2026-06-18,ISMD,47.92,48.338,48.353,47.87,14533,700281.0,1.02,1.87,0.888,0.0
2026-06-18,ISMF,28.02,28.095,28.115,28.02,4059,113959.0,0.34,0.2,0.055,0.0
2026-06-18,ISNRU,10.01,10.04,10.04,10.0,236378,2365512.0,0.4,0.3,0.03,0.0
2026-06-18,ISOU,11.33,11.97,12.03,11.33,336679,3975428.0,6.29,7.55,0.84,0.56
2026-06-18,ISPC,2.595,2.59,2.825,2.508,106708,280959.0,12.43,1.57,0.04,7.42
2026-06-18,ISPR,1.85,1.98,2.02,1.825,198212,385141.0,10.48,6.45,0.12,0.35
2026-06-18,ISPY,48.15,48.14,48.265,48.011,329915,15871320.0,0.53,1.03,0.49,0.0
2026-06-18,ISRA,64.65,64.201,64.65,63.67,4110,262744.0,1.55,1.83,1.151,0.0
2026-06-18,ISRG,403.6,406.78,409.64,400.93,4404200,1788534848.0,2.17,1.14,4.6,1.24
2026-06-18,ISSB,17.555,17.301,17.555,17.085,5133,88443.0,2.7,-0.57,-0.099,0.0
2026-06-18,ISSC,16.85,17.21,17.4,16.7,369544,6310703.0,4.22,3.86,0.64,2.07
2026-06-18,ISTB,48.17,48.17,48.21,48.155,241528,11636205.0,0.11,0.15,0.07,0.0
2026-06-18,ISTM,30.71,30.565,30.71,30.41,3503,107223.0,0.97,-0.83,-0.255,0.0
2026-06-18,ISTR,29.74,29.84,30.68,29.34,521916,15467596.0,4.6,2.33,0.68,3.78
2026-06-18,ISUL,17.52,17.865,18.088,17.38,35548,631718.0,4.05,2.26,0.395,0.0
2026-06-18,ISVL,51.2,50.78,51.2,50.78,16863,858292.0,0.82,-0.78,-0.4,0.0
2026-06-18,ISWN,22.55,22.511,22.55,22.511,279,6280.0,0.18,1.08,0.241,0.0
2026-06-18,IT,130.63,127.49,135.4,126.17,4347175,557665264.0,6.91,-4.56,-6.09,6.49
2026-06-18,ITA,244.96,238.99,246.0,238.069,920906,220829208.0,3.27,-1.57,-3.8,0.0
2026-06-18,ITAN,41.79,41.524,41.79,41.42,2045,84936.0,0.89,0.23,0.095,0.0
2026-06-18,ITB,97.34,99.25,100.3,97.14,3441255,341615120.0,3.3,3.61,3.46,0.0
2026-06-18,ITDB,35.07,35.1,35.11,35.05,2946,103401.0,0.17,0.72,0.252,0.0
2026-06-18,ITDC,36.67,36.745,36.785,36.67,23866,877194.0,0.32,0.78,0.285,0.0
2026-06-18,ITDD,38.5,38.588,38.62,38.5,12046,464511.0,0.31,1.02,0.388,0.0
2026-06-18,ITDE,40.23,40.12,40.23,40.02,11490,461001.0,0.53,1.01,0.403,0.0
2026-06-18,ITDF,41.72,41.617,41.72,41.49,10698,444954.0,0.56,1.1,0.453,0.0
2026-06-18,ITDG,42.21,42.339,42.339,42.18,3745,158448.0,0.38,1.17,0.489,0.0
2026-06-18,ITDH,42.42,42.345,42.42,42.19,1444,61113.0,0.55,1.25,0.522,0.0
2026-06-18,ITDI,42.2,42.319,42.319,42.2,1766,74683.0,0.28,1.22,0.509,0.0
2026-06-18,ITDJ,32.78,32.905,32.905,32.78,1840,60412.0,0.38,1.22,0.395,0.0
2026-06-18,ITEQ,65.41,65.68,65.68,65.09,4265,278605.0,0.92,2.0,1.29,0.0
2026-06-18,ITGR,89.84,90.96,91.38,89.705,581346,52825235.0,1.87,1.63,1.46,1.71
2026-06-18,ITIC,258.25,258.38,260.05,255.55,46364,11968817.0,1.76,0.91,2.34,2.46
2026-06-18,ITM,46.89,46.96,46.96,46.89,178879,8394770.0,0.15,0.32,0.15,0.0
2026-06-18,ITOC,0.325,0.313,0.349,0.313,177033,58087.0,10.59,-7.94,-0.027,0.16
2026-06-18,ITOT,164.12,163.85,164.14,163.19,1968669,322403952.0,0.59,1.08,1.75,0.0
2026-06-18,ITP,0.188,0.19,0.19,0.185,251841,47093.0,2.66,1.06,0.002,1.48
2026-06-18,ITRG,2.73,2.62,2.79,2.59,5217731,13767435.0,7.35,-3.68,-0.1,2.58
2026-06-18,ITRI,80.42,80.81,81.25,79.47,1292190,104321740.0,2.25,1.96,1.55,2.91
2026-06-18,ITRN,65.9,65.49,65.94,64.18,285600,18673000.0,2.73,1.71,1.1,1.44
2026-06-18,ITT,194.61,196.81,197.67,193.52,1947366,382918656.0,2.17,3.0,5.74,2.18
2026-06-18,ITUB,7.95,7.79,8.01,7.785,20208782,158787253.0,2.82,-2.26,-0.18,0.0
2026-06-18,ITW,264.98,264.09,269.505,263.54,2590005,686590528.0,2.28,0.76,1.98,0.9
2026-06-18,ITWO,45.999,46.14,46.22,45.57,31511,1447008.0,1.44,2.19,0.99,0.0
2026-06-18,IUS,65.74,65.461,65.74,65.26,41474,2714699.0,0.74,0.7,0.458,0.0
2026-06-18,IUSB,46.16,46.12,46.205,46.1,3463051,159796423.0,0.23,0.28,0.13,0.0
2026-06-18,IUSG,188.15,188.68,189.03,187.03,484597,91200534.0,1.08,1.71,3.17,0.0
2026-06-18,IUSV,110.26,109.71,110.26,109.57,829030,91110702.0,0.63,0.32,0.35,0.0
2026-06-18,IVA,3.6,3.57,3.61,3.525,3549808,12650556.0,2.41,1.13,0.04,1.5
2026-06-18,IVAL,35.301,35.23,35.35,35.16,3941,139033.0,0.54,-0.55,-0.195,0.0
2026-06-18,IVDA,0.43,0.43,0.496,0.384,4609428,1957218.0,24.45,-6.11,-0.028,39.76
2026-06-18,IVDAW,0.085,0.055,0.108,0.055,2472,191.0,84.13,-12.7,-0.008,0.0
2026-06-18,IVE,227.58,226.38,227.58,226.05,712423,161490440.0,0.68,0.26,0.59,0.0
2026-06-18,IVEP,28.35,28.84,28.858,28.35,14539,416175.0,1.82,3.21,0.897,0.0
2026-06-18,IVES,38.02,38.03,38.13,37.26,551965,20880340.0,2.33,1.77,0.66,0.0
2026-06-18,IVF,1.57,1.5,1.57,1.5,32353,49325.0,4.4,-5.66,-0.09,1.81
2026-06-18,IVLU,42.37,42.2,42.42,42.145,1183521,50048590.0,0.65,0.02,0.01,0.0
2026-06-18,IVOG,143.98,144.13,144.13,143.125,7489,1075033.0,0.71,1.61,2.29,0.0
2026-06-18,IVOL,17.23,17.307,17.315,17.23,262685,4541456.0,0.49,0.39,0.067,0.0
2026-06-18,IVOO,128.38,128.53,128.63,127.6,48989,6286873.0,0.81,1.07,1.36,0.0
2026-06-18,IVOV,112.17,111.98,112.25,111.68,12266,1373499.0,0.51,0.77,0.86,0.0
2026-06-18,IVR,8.08,8.0,8.14,7.98,4812525,38633798.0,1.99,-0.62,-0.05,5.18
2026-06-18,IVRS,32.3,32.3,32.3,32.3,15,499.0,0.0,1.62,0.515,0.0
2026-06-18,IVR_C,24.13,24.3,24.3,24.1,6738,163310.0,0.83,0.87,0.21,0.1
2026-06-18,IVSI,28.897,28.814,28.897,28.814,300,8669.0,0.29,0.47,0.134,0.0
2026-06-18,IVSS,29.01,29.061,29.07,28.98,5607,162699.0,0.31,1.13,0.325,0.0
2026-06-18,IVT,34.22,34.33,34.49,33.89,12086244,414775904.0,1.75,0.38,0.13,15.51
2026-06-18,IVV,751.25,750.11,751.71,747.27,11639266,8732725248.0,0.6,1.01,7.5,0.0
2026-06-18,IVVB,34.495,34.574,34.59,34.495,4878,168486.0,0.28,0.42,0.145,0.0
2026-06-18,IVVD,0.94,0.97,1.01,0.902,21078803,20431293.0,11.6,4.19,0.039,7.15
2026-06-18,IVVM,36.91,36.916,36.92,36.84,36458,1345529.0,0.22,0.48,0.176,0.0
2026-06-18,IVVW,44.3,44.43,44.43,44.231,33422,1482384.0,0.45,0.77,0.34,0.0
2026-06-18,IVW,137.81,137.96,138.26,136.74,1403016,193175569.0,1.12,1.68,2.28,0.0
2026-06-18,IVZ,29.16,28.14,29.3,27.81,11867813,335649056.0,5.18,-2.26,-0.65,2.68
2026-06-18,IWB,408.96,408.41,409.09,406.65,949127,387602592.0,0.6,1.07,4.33,0.0
2026-06-18,IWC,192.34,192.13,192.64,189.4,60618,11562835.0,1.72,2.05,3.86,0.0
2026-06-18,IWD,243.07,242.18,243.15,241.74,2691548,652380304.0,0.59,0.75,1.8,0.0
2026-06-18,IWF,122.99,123.19,123.49,122.04,2863804,352165136.0,1.19,1.31,1.59,0.0
2026-06-18,IWFG,55.02,55.355,55.355,55.02,363,19986.0,0.62,1.85,1.003,0.0
2026-06-18,IWFL,60.031,60.031,60.031,60.031,1,75.0,0.0,2.92,1.702,0.0
2026-06-18,IWL,185.39,185.01,185.4,184.26,34771,6431984.0,0.62,1.02,1.87,0.0
2026-06-18,IWLG,57.19,57.158,57.19,56.775,10168,579851.0,0.74,1.67,0.938,0.0
2026-06-18,IWM,294.55,295.59,295.97,291.42,32463155,9541192448.0,1.57,1.97,5.71,0.0
2026-06-18,IWMI,52.57,52.74,52.77,52.15,351700,18465782.0,1.2,1.72,0.89,0.0
2026-06-18,IWML,31.454,31.454,31.454,31.454,6183,213609.0,0.0,0.0,0.0,0.0
2026-06-18,IWMW,39.245,39.455,39.455,39.209,11554,454200.0,0.63,1.36,0.529,0.0
2026-06-18,IWMY,19.62,19.71,19.71,19.5,45369,888257.0,1.08,1.32,0.257,0.0
2026-06-18,IWN,216.57,216.87,217.1,214.86,810276,175435522.0,1.05,1.49,3.18,0.0
2026-06-18,IWO,386.8,389.04,389.84,382.19,613584,237711985.0,2.01,2.37,9.02,0.0
2026-06-18,IWP,142.24,141.95,142.32,140.977,927404,131503462.0,0.96,0.95,1.34,0.0
2026-06-18,IWR,108.67,108.54,108.995,108.18,1679156,182332862.0,0.76,0.95,1.02,0.0
2026-06-18,IWS,163.02,162.95,163.54,162.545,536302,87461889.0,0.62,0.93,1.5,0.0
2026-06-18,IWV,425.34,424.9,425.55,423.0,159383,67658989.0,0.61,1.12,4.7,0.0
2026-06-18,IWX,106.08,105.52,106.08,105.445,74184,7836860.0,0.61,0.6,0.63,0.0
2026-06-18,IWY,288.46,288.74,289.32,285.92,249142,71783989.0,1.19,1.35,3.84,0.0
2026-06-18,IX,40.35,40.15,40.5,40.06,281608,11321205.0,1.11,1.31,0.52,0.03
2026-06-18,IXC,50.03,49.83,50.074,49.32,1012487,50275452.0,1.49,-1.54,-0.78,0.0
2026-06-18,IXG,126.57,124.88,126.57,124.8,61333,7707805.0,1.41,-0.45,-0.57,0.0
2026-06-18,IXHL,3.73,3.56,3.79,3.43,266500,944333.0,9.73,-3.78,-0.14,2.23
2026-06-18,IXJ,93.83,92.97,93.94,92.52,888568,82619218.0,1.52,-0.67,-0.63,0.0
2026-06-18,IXN,145.03,146.33,146.63,144.49,361031,52691682.0,1.52,3.75,5.29,0.0
2026-06-18,IXP,117.26,117.39,117.62,116.625,6229,730538.0,0.85,0.76,0.89,0.0
2026-06-18,IXUS,96.92,96.97,97.13,96.65,1390041,134705409.0,0.5,1.3,1.24,0.0
2026-06-18,IYC,100.9,101.34,101.745,100.42,146100,14789260.0,1.32,1.27,1.27,0.0
2026-06-18,IYE,57.15,56.77,57.15,56.21,1739122,98425639.0,1.63,-1.63,-0.94,0.0
2026-06-18,IYF,129.91,127.61,129.91,127.37,195154,24990281.0,1.97,-0.99,-1.28,0.0
2026-06-18,IYG,92.27,90.66,92.27,90.48,72455,6601205.0,1.96,-0.89,-0.81,0.0
2026-06-18,IYH,63.36,62.68,63.36,62.37,619925,38876875.0,1.57,-0.71,-0.45,0.0
2026-06-18,IYJ,163.22,162.25,163.51,162.18,48409,7870239.0,0.82,0.38,0.62,0.0
2026-06-18,IYK,72.11,71.57,72.16,71.43,402231,28849916.0,1.01,-0.69,-0.5,0.0
2026-06-18,IYLD,22.28,22.23,22.28,22.23,5543,123292.0,0.23,0.09,0.02,0.0
2026-06-18,IYM,187.45,185.34,187.783,185.2,49357,9194323.0,1.38,-0.89,-1.67,0.0
2026-06-18,IYR,101.54,100.45,101.54,100.37,5268797,531119648.0,1.16,-0.17,-0.17,0.0
2026-06-18,IYRI,48.54,48.2,48.675,48.2,92818,4503933.0,0.98,-0.47,-0.23,0.0
2026-06-18,IYT,84.0,83.94,84.88,83.74,891564,75171409.0,1.37,0.74,0.62,0.0
2026-06-18,IYW,251.97,253.57,254.37,250.25,571560,144401066.0,1.67,2.91,7.18,0.0
2026-06-18,IYY,182.36,182.222,182.36,181.38,23078,4200157.0,0.54,1.14,2.052,0.0
2026-06-18,IYZ,42.195,41.6,42.29,41.56,776055,32365153.0,1.74,-0.57,-0.24,0.0
2026-06-18,IZEA,3.59,3.61,3.65,3.57,64824,233397.0,2.23,0.56,0.02,0.37
2026-06-18,IZM,0.439,0.411,0.459,0.405,118456,50864.0,11.92,-9.27,-0.042,1.45
2026-06-18,IZRL,29.965,29.8,29.965,29.58,11889,353855.0,1.31,1.09,0.32,0.0
2026-06-18,J,124.56,120.97,124.56,119.62,4018316,486656016.0,4.02,-1.53,-1.88,3.4
2026-06-18,JA,50.22,50.22,50.22,50.2,15021,754328.0,0.04,0.07,0.035,0.0
2026-06-18,JAAA,50.65,50.64,50.65,50.63,6156892,311784832.0,0.04,0.06,0.03,0.0
2026-06-18,JABRU,10.02,10.025,10.03,10.02,27326,273826.0,0.1,0.05,0.005,0.0
2026-06-18,JABS,49.86,49.875,49.875,49.851,1194,59538.0,0.05,-0.23,-0.115,0.0
2026-06-18,JACK,12.53,12.8,13.39,12.53,572448,7399929.0,6.94,3.23,0.4,3.0
2026-06-18,JACS,10.64,10.65,10.65,10.64,3544,37735.0,0.09,-0.56,-0.06,0.01
2026-06-18,JADE,81.24,82.051,82.065,81.24,1038,85035.0,1.03,2.88,2.296,0.0
2026-06-18,JAGU,1.94,2.19,2.2,1.88,893255,1898021.0,16.75,14.66,0.28,4.42
2026-06-18,JAGX,2.38,2.25,2.39,2.12,216400,509531.0,11.34,-5.46,-0.13,29.98
2026-06-18,JAJL,29.86,29.865,29.87,29.85,14307,427218.0,0.07,0.12,0.036,0.0
2026-06-18,JAKK,21.9,22.15,22.53,21.58,56583,1252106.0,4.4,2.59,0.56,0.49
2026-06-18,JAN,25.83,26.22,26.35,25.325,7374670,192792333.0,4.01,2.66,0.68,3.47
2026-06-18,JANB,27.18,27.209,27.22,27.15,2905,78971.0,0.26,0.57,0.155,0.0
2026-06-18,JANH,25.11,25.095,25.11,25.08,3947,99111.0,0.12,0.3,0.075,0.0
2026-06-18,JANI,25.855,25.83,25.855,25.83,4864,125648.0,0.1,0.31,0.08,0.0
2026-06-18,JANJ,24.97,24.975,24.975,24.97,320,8014.0,0.02,0.14,0.035,0.0
2026-06-18,JANM,33.8,33.84,33.84,33.8,377,12749.0,0.12,0.16,0.055,0.0
2026-06-18,JANP,34.69,34.73,34.73,34.66,5117,177425.0,0.2,0.67,0.232,0.0
2026-06-18,JANT,43.97,43.953,43.97,43.87,17770,780576.0,0.23,0.63,0.274,0.0
2026-06-18,JANU,30.12,30.2,30.2,30.1,7898,238229.0,0.33,1.03,0.309,0.0
2026-06-18,JANW,38.61,38.62,38.65,38.58,10011,386629.0,0.18,0.39,0.15,0.0
2026-06-18,JANX,14.3,14.22,14.53,13.79,1251142,17753640.0,5.23,0.49,0.07,2.05
2026-06-18,JANZ,41.005,41.007,41.007,40.95,2459,100716.0,0.14,0.93,0.377,0.0
2026-06-18,JAPN,22.62,22.563,22.62,22.563,2225,50265.0,0.26,1.34,0.298,0.0
2026-06-18,JATT,10.49,10.75,12.01,10.45,6676,71524.0,14.89,2.58,0.27,0.08
2026-06-18,JAVA,79.8,79.4,79.82,79.31,326401,25961457.0,0.65,0.62,0.49,0.0
2026-06-18,JAZZ,227.47,224.66,228.0,220.74,1906921,427372000.0,3.2,-1.0,-2.27,3.04
2026-06-18,JBBB,47.45,47.4,47.53,47.38,281311,13347904.0,0.32,-0.13,-0.06,0.0
2026-06-18,JBDI,0.61,0.637,0.637,0.6,37095,22801.0,6.38,9.83,0.057,0.2
2026-06-18,JBGS,13.99,14.16,14.44,13.99,1287601,18257561.0,3.24,1.94,0.27,2.21
2026-06-18,JBHT,267.265,271.22,275.2,265.37,1943509,526595888.0,3.68,1.49,3.98,2.06
2026-06-18,JBI,5.19,5.37,5.44,5.19,2966141,15882252.0,4.86,4.47,0.23,2.17
2026-06-18,JBIO,17.37,16.82,17.62,16.4,4785524,80772646.0,7.23,-0.3,-0.05,8.06
2026-06-18,JBL,388.3,371.88,390.05,366.21,2711644,1011125552.0,6.36,-0.83,-3.1,2.57
2026-06-18,JBLU,5.29,5.68,5.69,5.29,40473856,226668911.0,7.8,10.72,0.55,10.88
2026-06-18,JBND,53.52,53.43,53.545,53.41,732261,39156072.0,0.25,0.28,0.15,0.0
2026-06-18,JBS,12.26,11.93,12.33,11.84,8514680,102338222.0,4.01,-2.37,-0.29,1.1
2026-06-18,JBSS,78.45,78.04,78.95,77.61,238399,18619642.0,1.73,0.5,0.39,2.62
2026-06-18,JBTM,131.25,132.58,133.56,130.91,929869,123117257.0,2.05,2.38,3.08,1.79
2026-06-18,JCAP,17.55,17.34,17.647,17.15,372557,6466931.0,2.85,-0.4,-0.07,0.67
2026-06-18,JCE,16.24,16.22,16.275,16.03,94627,1533172.0,1.53,1.16,0.186,0.0
2026-06-18,JCHI,53.4,53.314,53.4,53.27,819,43732.0,0.25,0.48,0.257,0.0
2026-06-18,JCI,148.7,144.82,149.38,144.79,6996860,1019451120.0,3.2,0.84,1.2,1.15
2026-06-18,JCPB,46.91,46.87,46.975,46.86,1491423,69972839.0,0.25,0.21,0.1,0.0
2026-06-18,JCPI,47.84,47.925,47.995,47.81,21524,1031331.0,0.39,0.3,0.145,0.0
2026-06-18,JCSE,1.4,1.33,1.4,1.33,11247,15256.0,5.36,1.92,0.025,0.21
2026-06-18,JCTC,2.1,2.12,2.17,2.1,17825,38020.0,3.33,0.95,0.02,0.51
2026-06-18,JD,27.69,27.57,27.83,27.45,7942563,218977820.0,1.36,-1.22,-0.34,0.67
2026-06-18,JDIV,56.851,56.851,56.851,56.851,1178,66644.0,0.0,0.83,0.468,0.0
2026-06-18,JDOC,56.33,56.242,56.33,56.095,778,43739.0,0.42,-0.66,-0.372,0.0
2026-06-18,JDST,33.71,35.85,36.55,32.34,872754,30448647.0,12.31,4.79,1.64,0.0
2026-06-18,JDVI,39.26,39.113,39.26,39.05,4363,170561.0,0.54,0.03,0.013,0.0
2026-06-18,JDVL,31.76,31.48,31.76,31.48,84388,2667852.0,0.89,0.5,0.157,0.0
2026-06-18,JEDI,31.25,30.99,31.25,29.59,217762,6566550.0,5.37,0.29,0.09,0.0
2026-06-18,JEF,61.69,62.1,62.927,61.5,3011335,186989175.0,2.31,0.36,0.22,1.47
2026-06-18,JELD,1.68,1.78,1.895,1.68,2784042,4980738.0,12.87,6.59,0.11,3.23
2026-06-18,JELH,25.4,25.31,25.41,25.22,10168,258124.0,0.75,-0.39,-0.099,0.0
2026-06-18,JELM,25.25,25.185,25.25,25.12,683,17233.0,0.51,-0.32,-0.08,0.0
2026-06-18,JEM,2.41,2.53,2.625,2.39,69680,173971.0,9.22,-0.78,-0.02,4.94
2026-06-18,JEMA,65.37,65.92,65.95,65.33,888030,57684221.0,0.97,3.57,2.272,0.0
2026-06-18,JEMB,54.33,54.315,54.7,53.81,2236,121372.0,1.65,0.63,0.34,0.0
2026-06-18,JENA,10.33,10.33,10.33,10.33,24,248.0,0.0,0.0,0.0,0.0
2026-06-18,JEPI,56.21,56.1,56.35,56.05,3982571,223756432.0,0.54,0.2,0.11,0.0
2026-06-18,JEPQ,61.24,61.34,61.45,60.975,5479260,335625360.0,0.79,1.61,0.97,0.0
2026-06-18,JETD,2.45,2.538,2.55,2.44,55418,137712.0,4.25,-2.01,-0.052,0.0
2026-06-18,JETS,30.775,31.0,31.28,30.75,3948479,122487886.0,1.75,2.48,0.75,0.0
2026-06-18,JETU,37.2,36.598,37.8,36.52,5714,210958.0,3.59,2.59,0.924,0.0
2026-06-18,JF,1.072,1.07,1.12,1.07,2104,2311.0,4.72,0.94,0.01,0.01
2026-06-18,JFB,4.75,4.5,4.85,4.301,398354,1801070.0,11.56,-5.26,-0.25,2.27
2026-06-18,JFIN,3.92,4.01,4.19,3.87,84874,345022.0,8.16,2.3,0.09,0.34
2026-06-18,JFLI,54.76,54.345,54.76,54.325,2238,121817.0,0.81,0.83,0.45,0.0
2026-06-18,JFLX,50.31,50.36,50.57,50.28,427185,21513215.0,0.58,0.31,0.157,0.0
2026-06-18,JFR,7.64,7.63,7.645,7.6,552501,4206873.0,0.59,0.26,0.02,0.0
2026-06-18,JFU,2.71,2.7,2.979,2.7,2985,8210.0,9.59,-7.22,-0.21,0.03
2026-06-18,JG,4.36,4.1,4.9,4.1,8156,36197.0,17.89,-8.32,-0.372,0.17
2026-06-18,JGH,12.86,12.74,12.938,12.65,87375,1115176.0,2.26,-0.08,-0.01,0.0
2026-06-18,JGLO,71.41,71.39,71.502,71.205,24272,1731108.0,0.42,1.31,0.92,0.0
2026-06-18,JGRO,97.49,97.56,97.735,96.74,367569,35766505.0,1.04,1.54,1.48,0.0
2026-06-18,JGRW,26.74,26.83,26.83,26.74,683,18321.0,0.34,1.25,0.33,0.0
2026-06-18,JHAC,14.725,14.725,14.725,14.725,165,2424.0,0.0,0.86,0.125,0.0
2026-06-18,JHAI,36.15,36.595,36.65,36.15,2348,85423.0,1.42,3.72,1.312,0.0
2026-06-18,JHCB,21.33,21.295,21.36,21.29,8412,179318.0,0.33,0.26,0.055,0.0
2026-06-18,JHCP,25.17,25.151,25.2,25.14,20620,518428.0,0.24,0.3,0.076,0.0
2026-06-18,JHCR,25.3,25.3,25.33,25.27,714503,18085805.0,0.24,0.51,0.129,0.0
2026-06-18,JHDG,27.628,27.628,27.628,27.628,120,3303.0,0.0,0.87,0.237,0.0
2026-06-18,JHDV,47.068,47.068,47.068,47.068,6,286.0,0.0,0.88,0.412,0.0
2026-06-18,JHEM,41.64,41.964,41.99,41.64,26222,1098122.0,0.86,3.13,1.273,0.0
2026-06-18,JHG,51.93,51.88,51.94,51.88,10090790,523703696.0,0.12,0.25,0.13,6.55
2026-06-18,JHHY,25.72,25.706,25.74,25.69,13410,344885.0,0.19,0.06,0.016,0.0
2026-06-18,JHI,13.23,13.21,13.23,13.11,5810,76537.0,0.91,0.11,0.015,0.0
2026-06-18,JHID,43.193,43.193,43.193,43.193,83,3636.0,0.0,0.0,-0.002,0.0
2026-06-18,JHLN,24.67,24.661,24.67,24.66,3339,82367.0,0.04,0.11,0.026,0.0
2026-06-18,JHMB,21.96,21.965,22.03,21.95,14042,308523.0,0.37,0.23,0.05,0.0
2026-06-18,JHMD,45.42,45.39,45.495,45.24,62751,2848962.0,0.56,0.33,0.15,0.0
2026-06-18,JHML,89.3,89.107,89.3,88.955,26317,2344834.0,0.39,0.97,0.857,0.0
2026-06-18,JHMM,73.93,73.79,74.013,73.5,144111,10631367.0,0.7,0.75,0.55,0.0
2026-06-18,JHMU,26.35,26.33,26.35,26.33,5081,133843.0,0.08,0.46,0.12,0.0
2026-06-18,JHPI,22.94,22.92,22.94,22.86,27503,629654.0,0.35,0.31,0.071,0.0
2026-06-18,JHS,11.01,10.99,11.06,10.97,4460,49098.0,0.82,0.37,0.04,0.0
2026-06-18,JHSC,47.83,47.9,47.984,47.651,22341,1068257.0,0.7,1.35,0.64,0.0
2026-06-18,JHX,25.11,24.87,25.53,24.69,11251710,281574816.0,3.42,1.14,0.28,1.94
2026-06-18,JIDE,50.602,50.602,50.602,50.602,403,20399.0,0.0,0.45,0.226,0.0
2026-06-18,JIG,87.73,88.015,88.04,87.4,76819,6751440.0,0.74,2.33,2.005,0.0
2026-06-18,JIII,50.0,50.03,50.2,50.0,9148,458283.0,0.4,0.37,0.185,0.0
2026-06-18,JILL,14.6,14.82,14.98,14.57,83372,1234153.0,2.83,2.28,0.33,0.56
2026-06-18,JIRE,82.71,82.7,82.879,82.51,310463,25682593.0,0.45,0.83,0.68,0.0
2026-06-18,JIVE,94.12,93.927,94.14,93.722,266908,25068518.0,0.45,0.32,0.303,0.0
2026-06-18,JJSF,74.55,74.58,75.55,74.28,359575,26843360.0,1.7,0.11,0.08,1.92
2026-06-18,JKHY,125.63,126.23,126.72,122.87,5769877,726554256.0,3.1,1.62,2.01,8.12
2026-06-18,JKS,19.45,19.42,19.68,18.87,991820,19181747.0,4.22,1.09,0.21,1.89
2026-06-18,JL,5.82,6.24,6.34,5.82,62898,384824.0,8.28,-0.64,-0.04,3.81
2026-06-18,JLHL,31.99,39.69,39.69,31.47,47365,1640041.0,24.61,18.83,6.29,0.41
2026-06-18,JLL,304.43,297.29,307.483,292.29,788369,234545911.0,5.09,-0.34,-1.02,1.7
2026-06-18,JLQD,41.31,41.31,41.31,41.31,233,9640.0,0.0,0.21,0.087,0.0
2026-06-18,JLS,17.53,17.38,17.653,17.31,34529,605076.0,1.96,-0.74,-0.13,0.0
2026-06-18,JMBS,45.08,45.08,45.226,45.06,1681487,75895999.0,0.37,0.2,0.09,0.0
2026-06-18,JMEE,76.23,76.38,76.42,75.77,97422,7430530.0,0.86,1.29,0.97,0.0
2026-06-18,JMHI,50.32,50.35,50.4,50.28,6484,326472.0,0.24,0.36,0.18,0.0
2026-06-18,JMIA,6.96,7.04,7.135,6.87,1552555,10910647.0,3.87,2.92,0.2,1.25
2026-06-18,JMID,31.24,31.247,31.247,31.24,372,11623.0,0.02,0.72,0.222,0.0
2026-06-18,JMM,5.8,5.81,5.815,5.785,4731,27476.0,0.52,-0.09,-0.005,0.0
2026-06-18,JMMF,100.175,100.195,100.195,100.14,1513,151596.0,0.05,0.03,0.03,0.0
2026-06-18,JMOM,84.37,84.36,84.45,83.93,103157,8693002.0,0.63,1.79,1.48,0.0
2026-06-18,JMSB,21.19,21.31,21.36,21.01,70816,1505029.0,1.64,0.05,0.01,0.5
2026-06-18,JMSI,50.21,50.27,50.29,50.21,7957,399893.0,0.16,0.33,0.165,0.0
2026-06-18,JMST,50.96,50.96,50.97,50.94,877897,44736970.0,0.06,0.08,0.04,0.0
2026-06-18,JMTG,50.6,50.59,50.685,50.57,340399,17230203.0,0.23,0.24,0.12,0.0
2026-06-18,JMUB,50.48,50.48,50.51,50.47,1077184,54384012.0,0.08,0.26,0.13,0.0
2026-06-18,JNEU,33.13,33.15,33.15,33.13,5907,195707.0,0.06,0.74,0.245,0.0
2026-06-18,JNJ,231.78,228.39,232.75,227.6,18989761,4349602560.0,2.2,-2.48,-5.81,0.79
2026-06-18,JNK,96.32,96.39,96.45,96.28,3823044,368524384.0,0.18,0.34,0.33,0.0
2026-06-18,JNUG,155.43,146.39,161.16,142.58,432231,64707184.0,12.14,-4.36,-6.67,0.0
2026-06-18,JOB,0.216,0.21,0.22,0.21,226421,48291.0,4.63,-2.78,-0.006,0.21
2026-06-18,JOBX,20.45,22.8,23.0,19.91,71065,1539855.0,15.24,12.48,2.53,0.0
2026-06-18,JOBY,9.5,10.0,10.02,9.27,44916479,439001584.0,7.99,6.5,0.61,4.57
2026-06-18,JOBY_WS,0.72,0.81,0.81,0.67,87634,66816.0,19.8,14.57,0.103,0.0
2026-06-18,JOE,63.89,65.94,66.133,62.95,972844,63855128.0,5.01,3.88,2.46,1.69
2026-06-18,JOET,45.78,45.54,45.78,45.465,14318,652490.0,0.7,1.02,0.46,0.0
2026-06-18,JOF,11.76,11.85,11.93,11.7,255368,3034438.0,1.98,1.98,0.23,0.0
2026-06-18,JOJO,15.6,15.61,15.61,15.6,1353,21117.0,0.06,0.24,0.038,0.0
2026-06-18,JOUL,26.46,26.575,26.611,26.43,4658,123510.0,0.7,2.65,0.685,0.0
2026-06-18,JOUT,46.23,46.51,47.255,45.895,79845,3709130.0,2.99,2.22,1.01,0.86
2026-06-18,JOYT,57.035,57.106,57.106,57.035,4541,259125.0,0.13,0.89,0.505,0.0
2026-06-18,JOYY,66.09,65.72,66.88,65.25,498296,32835558.0,2.45,-1.05,-0.7,1.46
2026-06-18,JPAN,43.26,43.213,43.26,43.185,1380,59698.0,0.18,1.65,0.7,0.0
2026-06-18,JPC,7.82,7.82,7.85,7.814,733737,5747520.0,0.46,0.39,0.03,0.0
2026-06-18,JPEF,80.06,80.16,80.32,79.807,120040,9627146.0,0.65,1.11,0.881,0.0
2026-06-18,JPEM,65.14,65.024,65.165,64.89,11066,718996.0,0.42,0.46,0.296,0.0
2026-06-18,JPFP,49.85,50.032,50.032,49.78,800,39904.0,0.51,1.59,0.783,0.0
2026-06-18,JPHY,50.41,50.44,50.469,50.39,47585,2399761.0,0.16,0.08,0.04,0.0
2026-06-18,JPIB,48.28,48.25,48.3,48.23,114926,5546475.0,0.15,0.1,0.05,0.0
2026-06-18,JPIE,45.95,45.95,45.99,45.93,1084183,49831782.0,0.13,0.0,0.0,0.0
2026-06-18,JPIN,74.39,74.33,74.405,74.21,9667,718535.0,0.26,0.02,0.014,0.0
2026-06-18,JPLD,51.99,51.98,52.03,51.98,334962,17421552.0,0.1,0.06,0.03,0.0
2026-06-18,JPM,336.95,325.22,338.09,324.16,20111030,6597254656.0,4.18,-2.47,-8.24,0.75
2026-06-18,JPMB,40.381,40.385,40.41,40.34,3013,121696.0,0.17,0.48,0.194,0.0
2026-06-18,JPME,123.53,122.87,123.53,122.622,4779,587757.0,0.74,0.37,0.455,0.0
2026-06-18,JPM_C,25.36,25.37,25.41,25.35,65007,1649945.0,0.24,0.12,0.03,0.09
2026-06-18,JPM_D,24.24,24.25,24.28,24.21,69058,1674273.0,0.29,0.21,0.05,0.1
2026-06-18,JPM_J,19.33,19.34,19.38,19.32,34271,663100.0,0.31,0.21,0.04,0.1
2026-06-18,JPM_K,18.48,18.5,18.548,18.46,135143,2501891.0,0.48,0.43,0.08,0.23
2026-06-18,JPM_L,18.79,18.79,18.86,18.78,121745,2291114.0,0.43,0.21,0.04,0.16
2026-06-18,JPM_M,17.3,17.3,17.37,17.28,148083,2567802.0,0.52,0.17,0.03,0.19
2026-06-18,JPO,14.38,14.005,14.42,14.0,34423,492280.0,2.91,-2.85,-0.411,0.0
2026-06-18,JPRE,52.04,51.52,52.04,51.505,10145,524803.0,1.04,-0.17,-0.087,0.0
2026-06-18,JPSE,59.18,59.22,59.22,58.845,16986,1003935.0,0.64,1.33,0.78,0.0
2026-06-18,JPST,50.5,50.5,50.52,50.49,4454108,224979792.0,0.06,0.04,0.02,0.0
2026-06-18,JPSV,66.307,66.307,66.307,66.307,81,5420.0,0.0,1.16,0.762,0.0
2026-06-18,JPUS,139.63,138.654,139.63,138.654,3493,485865.0,0.71,0.17,0.242,0.0
2026-06-18,JPXN,102.0,101.732,102.0,101.67,11984,1220218.0,0.33,1.49,1.495,0.0
2026-06-18,JPY,37.8,37.753,37.84,37.69,742,28061.0,0.4,0.74,0.279,0.0
2026-06-18,JQC,4.8,4.8,4.81,4.77,791681,3789886.0,0.84,0.42,0.02,0.0
2026-06-18,JQUA,71.45,71.42,71.54,71.11,355015,25348272.0,0.61,1.25,0.88,0.0
2026-06-18,JRE,26.88,26.768,26.88,26.768,306,8241.0,0.42,0.24,0.064,0.0
2026-06-18,JRI,12.69,12.67,12.79,12.63,121053,1537692.0,1.27,0.4,0.05,0.0
2026-06-18,JRS,8.16,8.15,8.27,8.07,36464,297766.0,2.46,0.12,0.01,0.0
2026-06-18,JRSH,4.46,4.47,4.69,4.2,333273,1463192.0,10.89,-0.67,-0.03,2.62
2026-06-18,JRVR,4.07,3.95,4.08,3.82,694199,2731789.0,6.45,-1.99,-0.08,1.5
2026-06-18,JSCP,47.02,47.03,47.06,47.02,196477,9242074.0,0.09,0.13,0.06,0.0
2026-06-18,JSI,51.44,51.343,51.47,51.338,318923,16385485.0,0.26,-0.05,-0.027,0.0
2026-06-18,JSM,18.23,18.29,18.34,18.144,3958,72272.0,1.07,0.31,0.056,0.0
2026-06-18,JSMD,98.0,98.034,98.034,96.51,53707,5228672.0,1.58,1.76,1.691,0.0
2026-06-18,JSML,89.83,91.014,91.05,89.407,15749,1422101.0,1.85,2.35,2.086,0.0
2026-06-18,JSPR,0.466,0.453,0.477,0.441,286692,130901.0,7.64,-3.82,-0.018,1.02
2026-06-18,JSPRW,0.012,0.013,0.013,0.011,10779,146.0,15.38,0.0,0.0,0.0
2026-06-18,JSTC,22.691,22.715,22.715,22.63,11830,268559.0,0.38,1.08,0.243,0.0
2026-06-18,JTAI,6.67,7.03,7.1,6.39,134740,937138.0,10.86,7.57,0.495,9.48
2026-06-18,JTEK,108.29,109.09,109.28,106.955,197395,21297428.0,2.21,3.48,3.673,0.0
2026-06-18,JUCY,22.31,22.07,22.31,22.0,42284,934703.0,1.41,0.05,0.01,0.0
2026-06-18,JUDB,25.88,25.957,25.957,25.88,1000,25908.0,0.3,0.97,0.25,0.0
2026-06-18,JUDO,28.14,28.097,28.15,28.097,1360,38284.0,0.19,1.11,0.309,0.0
2026-06-18,JULB,27.325,27.352,27.352,27.325,243,6640.0,0.1,0.51,0.14,0.0
2026-06-18,JULH,25.08,25.11,25.14,25.08,305,7678.0,0.24,0.04,0.01,0.0
2026-06-18,JULJ,25.05,25.065,25.065,25.05,1755,43986.0,0.06,0.0,0.0,0.0
2026-06-18,JULM,34.55,34.55,34.55,34.55,26,898.0,0.0,0.07,0.025,0.0
2026-06-18,JULP,32.54,32.555,32.56,32.54,6180,201113.0,0.06,0.18,0.06,0.0
2026-06-18,JULT,47.67,47.685,47.689,47.63,3043,145044.0,0.12,0.28,0.135,0.0
2026-06-18,JULU,31.98,32.071,32.11,31.98,4857,155691.0,0.41,1.2,0.381,0.0
2026-06-18,JULW,40.75,40.72,40.75,40.71,3672,149568.0,0.1,0.09,0.035,0.0
2026-06-18,JULZ,45.255,45.391,45.391,45.22,852,38615.0,0.38,0.83,0.374,0.0
2026-06-18,JUNM,35.08,35.12,35.12,35.02,42854,1504074.0,0.29,0.16,0.055,0.0
2026-06-18,JUNP,31.61,31.655,31.66,31.59,5661,178996.0,0.22,0.75,0.235,0.0
2026-06-18,JUNS,0.236,0.238,0.238,0.227,938182,217287.0,4.78,3.48,0.008,1.95
2026-06-18,JUNT,37.73,37.764,37.8,37.675,7520,283665.0,0.33,0.69,0.259,0.0
2026-06-18,JUNW,34.29,34.34,34.34,34.22,74141,2543896.0,0.35,0.57,0.195,0.0
2026-06-18,JUNZ,35.1,35.255,35.255,35.1,109,3847.0,0.44,0.79,0.277,0.0
2026-06-18,JUSA,67.28,67.455,67.46,67.2,10491,706395.0,0.39,1.08,0.723,0.0
2026-06-18,JUST,107.28,107.148,107.28,106.88,6050,647873.0,0.38,1.06,1.129,0.0
2026-06-18,JVA,3.37,3.33,3.465,3.33,61463,208018.0,4.01,-1.19,-0.04,1.08
2026-06-18,JVAL,58.4,58.319,58.476,58.206,30433,1776054.0,0.47,1.44,0.829,0.0
2026-06-18,JWEL,2.43,2.43,2.43,2.43,2223,5344.0,0.0,-8.3,-0.22,0.09
2026-06-18,JXG,9.25,9.6,9.6,9.25,3941,36900.0,3.84,5.21,0.475,0.03
2026-06-18,JXI,83.11,83.24,83.93,82.93,33504,2792032.0,1.21,0.37,0.31,0.0
2026-06-18,JXN,108.64,106.81,109.425,105.77,1193584,127668460.0,3.37,-1.46,-1.58,1.71
2026-06-18,JXN_A,26.06,26.07,26.3,26.0,211437,5522215.0,1.15,-0.11,-0.03,0.96
2026-06-18,JXX,32.47,32.886,32.886,32.47,265,8650.0,1.29,1.84,0.594,0.0
2026-06-18,JYD,0.74,0.676,0.772,0.628,100328,70669.0,18.73,-12.09,-0.093,1.22
2026-06-18,JYNT,9.21,9.34,9.34,9.05,115826,1072671.0,3.18,2.41,0.22,0.81
2026-06-18,JZ,0.16,0.167,0.178,0.16,1303529,219759.0,11.25,4.38,0.007,1.83
2026-06-18,JZXN,1.45,1.35,1.45,1.35,125570,174148.0,6.9,-6.9,-0.1,9.45
2026-06-18,KAI,298.5,304.49,305.9,298.5,214297,65012539.0,2.53,3.92,11.48,1.81
2026-06-18,KALA,2.85,3.61,3.66,2.85,959164,3388872.0,28.47,26.89,0.765,5.16
2026-06-18,KALU,181.16,182.75,183.7,176.79,383300,69894616.0,3.83,1.28,2.31,2.35
2026-06-18,KAMO,24.77,24.76,24.78,24.76,17914,443816.0,0.08,0.14,0.035,0.0
2026-06-18,KAPA,0.439,0.43,0.46,0.43,102860,45438.0,6.56,-5.91,-0.027,0.48
2026-06-18,KAPR,39.52,39.48,39.52,39.311,7932,312747.0,0.53,0.87,0.34,0.0
2026-06-18,KARO,47.17,47.32,47.71,45.63,129971,6051179.0,4.49,2.11,0.98,0.42
2026-06-18,KARS,33.43,33.64,33.64,33.15,24289,810131.0,1.46,0.36,0.121,0.0
2026-06-18,KAT,54.31,54.125,54.31,54.07,6180,334483.0,0.44,-0.05,-0.025,0.0
2026-06-18,KAUG,28.54,28.56,28.59,28.54,2147,61294.0,0.18,0.21,0.06,0.0
2026-06-18,KB,107.2,106.77,108.2,106.58,243295,26038903.0,1.52,0.34,0.36,0.07
2026-06-18,KBA,34.7,34.61,34.715,34.61,12347,428208.0,0.31,2.03,0.69,0.0
2026-06-18,KBAB,6.7,6.828,6.828,6.625,25752,171905.0,2.96,-0.44,-0.03,0.0
2026-06-18,KBDC,13.96,13.82,13.96,13.77,302107,4175320.0,1.37,-0.07,-0.01,0.46
2026-06-18,KBDU,18.8,18.865,18.865,18.8,2729,51327.0,0.35,0.42,0.079,0.0
2026-06-18,KBE,65.91,65.71,66.32,65.48,1504294,98972258.0,1.29,0.54,0.35,0.0
2026-06-18,KBFR,26.32,26.507,26.507,26.32,1470,38835.0,0.71,1.03,0.27,0.0
2026-06-18,KBH,53.08,54.2,55.04,52.63,1912772,104034445.0,4.6,3.4,1.78,3.12
2026-06-18,KBON,10.11,10.11,10.11,10.11,25031,253063.0,0.0,0.0,0.0,0.07
2026-06-18,KBONU,10.28,10.27,10.28,10.26,2271,23320.0,0.19,0.0,0.0,0.0
2026-06-18,KBONW,0.68,0.68,0.68,0.68,20,14.0,0.0,0.0,0.0,0.0
2026-06-18,KBR,33.72,32.82,33.96,32.46,4001332,131481194.0,4.42,-3.24,-1.1,3.16
2026-06-18,KBSX,1.19,1.2,1.28,1.19,23586,28495.0,7.56,0.84,0.01,0.05
2026-06-18,KBUF,26.18,26.235,26.3,26.17,10653,279093.0,0.5,0.22,0.058,0.0
2026-06-18,KBWB,94.22,92.64,94.72,92.46,3759751,351128576.0,2.42,-0.63,-0.59,0.0
2026-06-18,KBWD,12.35,12.29,12.35,12.235,248489,3052556.0,0.94,0.33,0.04,0.0
2026-06-18,KBWP,121.44,120.475,121.44,119.865,10437,1254952.0,1.3,-0.86,-1.046,0.0
2026-06-18,KBWY,17.97,17.97,18.05,17.915,95696,1721281.0,0.76,1.08,0.192,0.0
2026-06-18,KC,10.08,10.06,10.18,9.815,2416982,24134274.0,3.51,-3.36,-0.35,0.81
2026-06-18,KCAC_U,10.3,10.3,10.3,10.3,231,2390.0,0.0,0.0,0.0,0.0
2026-06-18,KCAC_WS,0.795,0.795,0.795,0.795,100,80.0,0.0,0.0,0.0,0.0
2026-06-18,KCAI,32.09,32.09,32.09,32.09,198,6372.0,0.0,-1.22,-0.395,0.0
2026-06-18,KCCA,16.8,16.842,16.87,16.76,7419,124802.0,0.66,1.15,0.192,0.0
2026-06-18,KCE,157.19,154.867,157.19,154.03,10624,1649442.0,2.03,-0.52,-0.81,0.0
2026-06-18,KCHV,10.39,10.39,10.39,10.39,111,1152.0,0.0,0.0,0.0,0.0
2026-06-18,KCHVR,0.22,0.228,0.235,0.22,41647,9565.0,6.52,-0.87,-0.002,0.0
2026-06-18,KCHVU,10.7,10.52,10.7,10.52,212,2251.0,1.71,0.1,0.01,0.0
2026-06-18,KCOP,24.47,24.13,24.5,24.13,23601,573697.0,1.52,-0.66,-0.16,0.0
2026-06-18,KCSH,25.11,25.11,25.11,25.11,4,125.0,0.0,0.08,0.02,0.0
2026-06-18,KD,11.19,11.0,11.29,10.88,8010513,88587920.0,3.58,-3.93,-0.45,3.63
2026-06-18,KDEC,28.07,28.186,28.186,28.07,4950,139242.0,0.41,0.78,0.219,0.0
2026-06-18,KDEF,48.39,48.28,48.74,47.8,55509,2686727.0,1.88,-3.65,-1.83,0.0
2026-06-18,KDK,5.93,6.03,6.09,5.85,3207912,19222953.0,4.1,3.08,0.18,1.61
2026-06-18,KDKRW,0.95,0.96,0.96,0.95,2318,2211.0,1.06,2.13,0.02,0.0
2026-06-18,KDP,31.13,30.76,31.24,30.625,21600724,666475184.0,1.99,-0.42,-0.13,1.59
2026-06-18,KDRN,23.37,23.37,23.37,23.37,2,47.0,0.0,0.09,0.02,0.0
2026-06-18,KDVD,28.11,28.11,28.11,28.11,201,5648.0,0.0,1.0,0.279,0.0
2026-06-18,KE,25.94,25.3,26.29,24.99,557622,14155486.0,5.14,0.04,0.01,2.32
2026-06-18,KEAT,32.06,32.088,32.1,32.06,16263,522695.0,0.12,-1.2,-0.39,0.0
2026-06-18,KEEL,6.28,6.29,6.37,5.942,87302077,542943968.0,7.17,5.36,0.32,14.46
2026-06-18,KEEX,138.75,137.755,138.75,125.75,26244,3464284.0,10.33,9.45,11.895,0.0
2026-06-18,KELYA,11.49,11.36,11.505,11.188,1085210,12325446.0,2.78,-0.35,-0.04,3.46
2026-06-18,KELYB,18.624,18.0,18.624,18.0,3473,62674.0,3.32,-4.36,-0.82,0.11
2026-06-18,KEMQ,25.78,25.93,25.93,25.78,3866,99940.0,0.59,2.29,0.58,0.0
2026-06-18,KEMX,53.81,54.14,54.39,53.75,11776,637927.0,1.22,3.2,1.679,0.0
2026-06-18,KEN,68.74,68.59,68.95,67.5,35166,2402341.0,2.18,3.24,2.15,0.07
2026-06-18,KEP,13.1,13.0,13.105,12.96,857070,11166911.0,1.1,-1.44,-0.19,0.07
2026-06-18,KEQU,37.65,37.53,37.65,37.53,2521,94665.0,0.32,-0.2,-0.075,0.09
2026-06-18,KEX,139.5,140.64,140.82,138.55,1079570,151387333.0,1.62,0.3,0.42,2.02
2026-06-18,KEY,22.84,22.59,22.9,22.505,17219520,389502928.0,1.75,-0.04,-0.01,1.6
2026-06-18,KEYS,359.45,363.67,367.17,357.71,2727555,990456400.0,2.7,3.7,12.97,1.6
2026-06-18,KEYYU,10.03,10.03,10.03,10.03,192,1925.0,0.0,0.11,0.011,0.0
2026-06-18,KEY_I,25.08,25.06,25.21,25.02,115252,2886923.0,0.76,-0.08,-0.02,0.58
2026-06-18,KEY_J,20.68,20.72,20.76,20.68,18638,386301.0,0.39,0.0,0.0,0.11
2026-06-18,KEY_K,20.52,20.65,20.77,20.52,9045,186559.0,1.22,0.63,0.13,0.05
2026-06-18,KEY_L,25.03,25.0,25.08,24.95,82664,2061963.0,0.52,-0.24,-0.06,0.34
2026-06-18,KF,77.71,80.05,80.27,77.66,19822,1570267.0,3.48,6.8,5.1,0.0
2026-06-18,KFEB,30.72,30.8,30.8,30.72,688,21152.0,0.26,0.81,0.246,0.0
2026-06-18,KFFB,4.731,5.1,5.1,4.58,22653,111002.0,10.86,6.47,0.31,0.28
2026-06-18,KFII,10.55,10.55,10.55,10.55,7463,78735.0,0.0,0.0,0.0,0.03
2026-06-18,KFIIU,10.65,10.63,10.65,10.63,706,7517.0,0.19,-0.19,-0.02,0.0
2026-06-18,KFRC,45.91,45.39,46.515,43.84,220496,10028943.0,5.73,-2.85,-1.33,1.24
2026-06-18,KFY,70.57,71.46,71.69,70.06,1329556,94755016.0,2.27,-0.29,-0.21,2.61
2026-06-18,KG,11.87,11.99,11.99,11.25,8091,96215.0,6.29,1.96,0.23,0.1
2026-06-18,KGC,27.42,26.67,27.93,26.295,8083131,216624031.0,5.99,-2.24,-0.61,0.68
2026-06-18,KGEI,5.06,4.9,5.07,4.75,239518,1170546.0,6.3,-3.54,-0.18,0.67
2026-06-18,KGLD,28.0,27.67,28.02,27.56,90369,2506119.0,1.65,-0.65,-0.18,0.0
2026-06-18,KGRN,24.57,24.47,24.73,24.46,12630,310012.0,1.09,-1.59,-0.396,0.0
2026-06-18,KGS,66.74,69.18,69.4,65.38,3819654,262376340.0,6.04,3.95,2.63,3.85
2026-06-18,KHC,23.095,22.82,23.14,22.754,21350616,488957808.0,1.66,-1.64,-0.38,1.8
2026-06-18,KHPI,25.95,26.06,26.06,25.95,34939,908758.0,0.42,0.52,0.135,0.0
2026-06-18,KHYB,24.25,24.24,24.25,24.24,483,11729.0,0.04,0.02,0.005,0.0
2026-06-18,KIDS,18.45,18.87,18.89,18.19,140492,2625141.0,3.85,3.85,0.7,0.55
2026-06-18,KIDZ,1.45,1.49,1.55,1.45,86040,128169.0,6.76,0.68,0.01,7.73
2026-06-18,KIDZW,0.01,0.012,0.012,0.01,2108,25.0,16.67,0.0,0.0,0.0
2026-06-18,KIE,58.45,58.22,58.51,57.705,1124441,65213641.0,1.38,-0.12,-0.07,0.0
2026-06-18,KIM,24.65,24.38,24.7,24.3,8755780,213991593.0,1.63,-0.45,-0.11,1.3
2026-06-18,KIM_L,19.84,19.88,19.92,19.83,7894,156710.0,0.45,-0.1,-0.02,0.09
2026-06-18,KIM_M,20.11,20.2,20.26,20.11,9625,194395.0,0.75,0.45,0.09,0.09
2026-06-18,KIM_N,62.475,62.475,62.475,62.475,256,16088.0,0.0,-1.3,-0.825,0.02
2026-06-18,KINS,16.1,16.25,16.365,15.94,128599,2076616.0,2.67,2.27,0.36,0.89
2026-06-18,KIO,11.25,11.21,11.25,11.16,212237,2374405.0,0.81,0.27,0.03,0.0
2026-06-18,KIQQ,26.382,26.382,26.382,26.382,9,237.0,0.0,2.07,0.535,0.0
2026-06-18,KITT,1.31,1.38,1.45,1.12,643380,826474.0,25.19,5.34,0.07,12.86
2026-06-18,KITTW,0.026,0.025,0.026,0.023,52108,1323.0,11.54,-3.85,-0.001,0.0
2026-06-18,KJAN,45.458,45.315,45.458,45.18,2729,123635.0,0.62,0.74,0.335,0.0
2026-06-18,KJD,16.52,16.458,16.52,16.458,1108,18288.0,0.37,-2.3,-0.387,0.0
2026-06-18,KJUL,33.91,33.855,33.91,33.82,48365,1636715.0,0.27,-0.04,-0.015,0.0
2026-06-18,KJUN,29.53,29.546,29.546,29.41,160547,4740656.0,0.46,0.84,0.246,0.0
2026-06-18,KKR,98.4,97.01,98.99,96.62,5464686,531792256.0,2.44,-0.16,-0.16,0.61
2026-06-18,KKRS,16.35,16.38,16.39,16.311,23294,381133.0,0.48,0.18,0.03,0.0
2026-06-18,KKRT,24.89,24.97,24.97,24.8,27384,681658.0,0.68,0.56,0.14,0.0
2026-06-18,KKR_D,42.31,41.19,42.32,40.94,46841,1948259.0,3.34,-0.44,-0.18,0.09
2026-06-18,KLAC,251.77,259.56,263.95,250.5,26167269,6766977792.0,5.63,8.73,20.83,2.0
2026-06-18,KLAG,53.92,57.68,59.469,53.92,134596,7586979.0,11.28,17.25,8.486,0.0
2026-06-18,KLAR,18.2,18.84,19.24,17.92,5894955,110623604.0,7.39,5.49,0.98,1.56
2026-06-18,KLC,3.9,4.16,4.2,3.82,977794,4008747.0,9.64,5.58,0.22,0.83
2026-06-18,KLIC,121.5,121.87,125.14,121.15,1806282,220684582.0,3.42,4.6,5.36,3.45
2026-06-18,KLIP,23.9,23.88,23.94,23.77,24215,577680.0,0.7,-1.0,-0.24,0.0
2026-06-18,KLMN,30.76,30.778,30.778,30.76,112,3445.0,0.06,0.88,0.268,0.0
2026-06-18,KLMT,34.666,34.666,34.666,34.666,47,1626.0,0.0,1.24,0.426,0.0
2026-06-18,KLRA,19.38,19.9,20.49,19.21,4355889,86561620.0,6.69,4.03,0.77,3.36
2026-06-18,KLRS,4.57,4.72,4.8,4.55,235547,1109141.0,5.49,3.74,0.17,0.99
2026-06-18,KLTR,1.4,1.4,1.42,1.38,474156,664690.0,2.84,-0.71,-0.01,0.32
2026-06-18,KLXE,2.502,2.305,2.53,2.275,450996,1051253.0,10.0,-9.61,-0.245,2.2
2026-06-18,KMAR,31.835,31.889,31.889,31.835,204,6494.0,0.17,0.81,0.255,0.0
2026-06-18,KMAY,30.0,30.181,30.181,29.97,2658,80051.0,0.71,1.01,0.302,0.0
2026-06-18,KMB,102.19,102.56,103.215,101.64,8851294,907860528.0,1.55,1.07,1.09,2.67
2026-06-18,KMCA,23.51,24.038,24.08,23.51,3748,89425.0,2.47,4.11,0.949,0.0
2026-06-18,KMDA,7.34,7.31,7.39,7.24,25146,183465.0,2.07,0.69,0.05,0.04
2026-06-18,KMI,31.09,31.59,31.67,30.885,18944710,595365872.0,2.51,0.83,0.26,0.85
2026-06-18,KMID,25.03,24.974,25.03,24.94,4912,122782.0,0.37,1.4,0.344,0.0
2026-06-18,KMLI,7.8,7.837,7.9,7.599,34253,267480.0,3.87,0.66,0.051,0.0
2026-06-18,KMLM,27.74,27.82,27.885,27.65,219689,6101591.0,0.85,0.18,0.05,0.0
2026-06-18,KMPB,23.81,23.81,23.971,23.8,9137,218057.0,0.72,-0.17,-0.04,0.0
2026-06-18,KMPR,25.59,25.03,25.59,24.54,1723918,43256158.0,4.18,-0.4,-0.1,2.93
2026-06-18,KMRK,1.17,0.98,1.2,0.928,510941,558839.0,21.94,-20.97,-0.26,3.08
2026-06-18,KMT,36.98,36.32,37.38,35.985,1712776,62285582.0,3.84,-0.11,-0.04,2.25
2026-06-18,KMTS,19.58,19.93,20.25,18.78,398794,7819819.0,7.7,4.45,0.85,0.68
2026-06-18,KMX,48.3,53.66,53.93,47.732,7335055,382101712.0,13.07,13.14,6.23,5.17
2026-06-18,KN,41.38,41.37,41.81,40.94,1824084,75368817.0,2.16,2.83,1.14,2.13
2026-06-18,KNCT,213.01,215.28,216.23,211.5,7085,1522320.0,2.29,4.27,8.821,0.0
2026-06-18,KNDI,0.655,0.673,0.68,0.651,72376,48005.0,4.28,-0.74,-0.005,0.07
2026-06-18,KNF,84.77,86.24,88.305,84.32,962169,83258095.0,4.77,3.33,2.78,1.7
2026-06-18,KNG,49.82,49.55,49.82,49.44,323256,16038839.0,0.77,0.02,0.01,0.0
2026-06-18,KNGZ,40.72,40.564,40.72,40.53,1012,41072.0,0.47,0.24,0.099,0.0
2026-06-18,KNO,64.0,64.238,64.51,62.71,5975,383561.0,2.87,2.27,1.428,0.0
2026-06-18,KNOP,10.2,10.26,10.34,10.02,160024,1634917.0,3.13,0.29,0.03,0.48
2026-06-18,KNOV,31.36,31.456,31.47,31.36,3123,98151.0,0.35,0.75,0.233,0.0
2026-06-18,KNOW,13.012,13.012,13.012,13.012,6,87.0,0.0,1.31,0.168,0.0
2026-06-18,KNRG,25.85,25.849,25.9,25.843,6393,165368.0,0.22,0.13,0.034,0.0
2026-06-18,KNRX,0.45,0.465,0.49,0.45,14336,6595.0,8.66,0.65,0.003,0.06
2026-06-18,KNSA,55.0,55.11,55.99,54.33,780968,43017185.0,3.06,1.66,0.9,1.69
2026-06-18,KNSL,309.79,308.85,312.82,305.28,366982,113129527.0,2.44,-0.12,-0.37,1.59
2026-06-18,KNTK,45.23,46.53,46.6,44.23,2793002,129194825.0,5.18,1.75,0.8,3.79
2026-06-18,KNX,73.21,74.15,75.39,73.21,7215404,536447680.0,2.99,1.56,1.14,4.44
2026-06-18,KO,79.87,79.39,80.01,78.74,46857949,3719030816.0,1.59,-0.68,-0.54,1.09
2026-06-18,KOCT,37.15,37.035,37.15,37.027,3686,136568.0,0.33,0.53,0.197,0.0
2026-06-18,KOD,36.8,36.14,37.5,35.18,1205935,43517144.0,6.5,1.2,0.43,1.93
2026-06-18,KODK,9.5,9.4,9.555,9.29,1402002,13201455.0,2.79,-1.16,-0.11,1.44
2026-06-18,KOF,108.79,109.55,109.92,107.915,233476,25484398.0,1.87,1.95,2.1,0.06
2026-06-18,KOID,41.85,42.06,42.17,41.71,234540,9847544.0,1.12,2.64,1.08,0.0
2026-06-18,KOKU,130.551,130.551,130.551,130.551,14,1841.0,0.0,0.55,0.713,0.0
2026-06-18,KOLD,23.45,22.2,23.48,21.977,3372136,76096439.0,6.58,-2.84,-0.65,0.0
2026-06-18,KOMP,71.44,71.45,71.46,70.32,51078,3628219.0,1.63,1.87,1.31,0.0
2026-06-18,KONG,30.41,30.459,30.459,30.41,194,5910.0,0.16,0.49,0.148,0.0
2026-06-18,KOOL,14.311,14.4,14.4,14.311,1149,16468.0,0.62,0.93,0.133,0.0
2026-06-18,KOP,43.94,43.73,44.74,43.415,385864,16906165.0,3.04,0.18,0.08,2.01
2026-06-18,KOPN,5.11,4.93,5.16,4.735,15633946,76709951.0,8.74,1.44,0.07,8.55
2026-06-18,KORE,9.19,9.2,9.2,9.19,23941,220189.0,0.11,0.22,0.02,0.14
2026-06-18,KORP,46.9,46.79,46.9,46.78,73900,3461413.0,0.26,0.28,0.13,0.0
2026-06-18,KORU,1033.96,1090.74,1111.0,1025.0,714889,763369648.0,9.41,19.28,176.34,0.0
2026-06-18,KOS,2.48,2.45,2.48,2.33,19438062,46879079.0,6.0,-2.0,-0.05,3.28
2026-06-18,KOSS,4.05,4.03,4.124,3.965,45483,184193.0,4.03,2.03,0.08,0.48
2026-06-18,KOYN,10.13,10.13,10.13,10.13,4,41.0,0.0,0.0,0.0,0.0
2026-06-18,KPDD,5.05,5.03,5.07,4.91,283347,1414314.0,3.16,-0.79,-0.04,0.0
2026-06-18,KPET,10.01,10.01,10.01,10.01,717,7178.0,0.0,0.6,0.06,0.0
2026-06-18,KPET_U,10.18,10.18,10.18,10.18,24,244.0,0.0,0.0,0.0,0.0
2026-06-18,KPET_WS,0.65,0.64,0.7,0.64,1029,674.0,9.68,3.23,0.02,0.0
2026-06-18,KPHO,23.6,23.659,23.659,23.56,1415,33356.0,0.42,0.83,0.194,0.0
2026-06-18,KPLT,6.29,6.29,6.582,6.01,15963,99937.0,9.05,-0.47,-0.03,0.34
2026-06-18,KPRO,26.665,26.665,26.665,26.665,6,163.0,0.0,-0.04,-0.01,0.0
2026-06-18,KPRX,2.63,2.53,2.71,2.53,95450,248762.0,7.0,-1.56,-0.04,2.15
2026-06-18,KPTI,9.6,9.02,9.735,8.9,492124,4489093.0,8.88,-4.04,-0.38,2.17
2026-06-18,KQQQ,30.8,30.932,30.94,30.5,56028,1723029.0,1.46,2.35,0.709,0.0
2026-06-18,KR,59.42,56.61,59.59,56.32,26704549,1524814480.0,5.29,-8.43,-5.21,4.36
2026-06-18,KRAQ,9.988,9.98,9.988,9.98,1592,15889.0,0.08,0.07,0.007,0.0
2026-06-18,KRAQU,10.08,10.08,10.08,10.08,708,7220.0,0.0,0.0,0.0,0.0
2026-06-18,KRAQW,0.435,0.435,0.435,0.435,11060,5365.0,0.0,0.0,0.0,0.0
2026-06-18,KRBN,33.45,33.38,33.69,33.37,21856,732521.0,0.96,0.27,0.09,0.0
2026-06-18,KRC,36.55,36.81,37.135,36.53,2402068,88366102.0,1.67,1.83,0.66,2.07
2026-06-18,KRE,71.76,71.72,72.3,71.42,16522160,1185581600.0,1.24,0.8,0.57,0.0
2026-06-18,KREF,6.85,7.06,7.08,6.85,987452,6934882.0,3.38,3.82,0.26,1.54
2026-06-18,KREF_A,18.155,18.17,18.25,18.15,4660,84803.0,0.55,0.55,0.1,0.04
2026-06-18,KRG,28.45,27.91,28.485,27.835,6668062,186436848.0,2.3,-1.13,-0.32,3.28
2026-06-18,KRKR,2.91,2.9,3.0,2.86,5171,15172.0,4.65,-3.65,-0.11,0.29
2026-06-18,KRMA,47.36,47.321,47.36,47.141,1729,81688.0,0.47,0.82,0.386,0.0
2026-06-18,KRMD,3.94,3.9,4.02,3.861,396032,1561315.0,4.1,0.52,0.02,0.86
2026-06-18,KRMN,52.5,50.37,53.49,48.85,9509909,477004400.0,8.92,-3.19,-1.66,7.18
2026-06-18,KRNT,16.9,16.76,16.995,16.55,325361,5445874.0,2.67,0.6,0.1,0.7
2026-06-18,KRNY,8.5,8.47,8.57,8.37,1079802,9147890.0,2.38,0.95,0.08,1.67
2026-06-18,KRO,7.01,6.84,7.125,6.79,555980,3823798.0,4.82,-1.58,-0.11,0.48
2026-06-18,KROP,34.28,34.301,34.301,34.28,451,15474.0,0.06,0.25,0.085,0.0
2026-06-18,KROS,10.65,10.65,10.92,10.43,400525,4265487.0,4.71,2.31,0.24,2.02
2026-06-18,KRP,14.7,14.77,14.825,14.63,1035903,15257615.0,1.32,-0.2,-0.03,1.05
2026-06-18,KRRO,11.38,12.99,13.29,11.23,736222,9441851.0,18.64,17.56,1.94,5.1
2026-06-18,KRSP,11.0,10.51,11.89,10.42,8116,86990.0,14.0,0.1,0.01,0.02
2026-06-18,KRSP_U,10.56,10.635,11.39,10.56,14968,160192.0,7.55,-3.32,-0.365,0.0
2026-06-18,KRSP_WS,0.9,0.9,0.9,0.9,77,66.0,0.0,0.0,0.0,0.0
2026-06-18,KRT,29.84,30.25,30.3,29.66,277753,8362919.0,2.19,3.42,1.0,1.39
2026-06-18,KRUS,49.87,49.62,51.25,49.53,274363,13730099.0,3.51,1.14,0.56,2.46
2026-06-18,KRWX,24.35,24.999,25.12,24.11,10807,265768.0,4.62,14.24,3.116,0.0
2026-06-18,KRYP,18.0,17.745,18.0,17.63,1652,29257.0,2.03,-2.47,-0.45,0.0
2026-06-18,KRYS,350.0,348.06,356.5,343.48,811433,282531536.0,3.81,1.87,6.4,2.75
2026-06-18,KSA,38.72,38.6,38.79,38.545,709214,27408977.0,0.64,0.47,0.18,0.0
2026-06-18,KSCP,1.98,2.01,2.03,1.94,460486,917680.0,4.62,3.08,0.06,2.72
2026-06-18,KSEP,30.64,30.665,30.665,30.64,3584,109834.0,0.08,0.49,0.15,0.0
2026-06-18,KSLV,28.7,28.15,28.85,27.806,124839,3531950.0,3.63,-2.26,-0.65,0.0
2026-06-18,KSPI,83.31,82.205,84.08,81.225,434511,35622025.0,3.43,-1.28,-1.065,0.23
2026-06-18,KSPY,29.195,29.26,29.33,29.15,36891,1080823.0,0.62,1.0,0.29,0.0
2026-06-18,KSS,16.71,17.25,17.65,16.71,6559041,113490971.0,5.67,3.98,0.66,5.78
2026-06-18,KSTR,27.7,27.83,27.99,27.545,475114,13185790.0,1.7,6.1,1.6,0.0
2026-06-18,KT,18.49,18.32,18.56,18.1,2468919,45082835.0,2.52,0.33,0.06,0.51
2026-06-18,KTB,76.41,78.17,78.97,76.05,1431273,111486148.0,3.89,4.13,3.1,2.59
2026-06-18,KTCC,3.82,3.76,3.94,3.635,26123,98787.0,7.94,-2.08,-0.08,0.24
2026-06-18,KTEC,12.78,12.78,12.878,12.71,48340,616056.0,1.32,0.08,0.01,0.0
2026-06-18,KTF,9.21,9.19,9.21,9.18,108019,993449.0,0.33,-0.22,-0.02,0.0
2026-06-18,KTH,28.17,28.17,28.17,28.17,57,1604.0,0.0,0.0,0.0,0.0
2026-06-18,KTN,26.2,26.25,26.29,26.2,1422,37294.0,0.34,0.08,0.02,0.0
2026-06-18,KTOS,56.22,54.21,56.75,52.94,6964925,376699712.0,6.78,-3.47,-1.95,3.71
2026-06-18,KTTA,0.505,0.5,0.52,0.5,196337,99072.0,3.98,-0.4,-0.002,0.59
2026-06-18,KTTAW,0.005,0.006,0.006,0.005,1355,7.0,14.29,-14.29,-0.001,0.0
2026-06-18,KTUP,8.48,7.8,8.48,7.425,571062,4357769.0,12.54,-7.25,-0.61,0.0
2026-06-18,KULR,3.67,3.96,3.97,3.59,5465561,21345874.0,10.7,11.55,0.41,11.82
2026-06-18,KURA,9.67,9.93,9.98,9.55,1700093,16677153.0,4.49,3.76,0.36,1.92
2026-06-18,KURE,14.7,14.7,14.9,14.7,9077,134216.0,1.37,0.96,0.14,0.0
2026-06-18,KUST,1.56,1.47,1.56,1.45,75216,113742.0,6.75,-9.82,-0.16,12.0
2026-06-18,KVAC,12.2,12.2,12.2,12.2,43913,535739.0,0.0,0.0,0.0,0.8
2026-06-18,KVACU,12.11,12.14,12.25,11.3,1323,15886.0,7.84,0.25,0.03,0.0
2026-06-18,KVACW,0.023,0.02,0.023,0.02,16137,343.0,13.04,-13.04,-0.003,0.0
2026-06-18,KVHI,9.59,9.64,9.9,9.381,283555,2730611.0,5.52,2.44,0.23,1.45
2026-06-18,KVLE,28.06,28.05,28.067,28.04,2506,70304.0,0.1,0.86,0.24,0.0
2026-06-18,KVUE,18.27,18.12,18.39,18.05,32084196,583461744.0,1.89,0.61,0.11,1.67
2026-06-18,KVYO,13.4,13.25,13.52,13.1,7841158,103768054.0,3.12,-1.56,-0.21,5.57
2026-06-18,KWEB,25.355,25.24,25.38,25.18,16609227,419525072.0,0.79,-0.55,-0.14,0.0
2026-06-18,KWIN,25.66,25.556,25.661,25.55,6631,169848.0,0.43,-0.18,-0.047,0.0
2026-06-18,KWM,0.21,0.207,0.216,0.203,273832,57060.0,6.25,-0.48,-0.001,0.35
2026-06-18,KWR,149.32,150.18,151.38,148.225,200755,30113431.0,2.13,1.4,2.07,1.16
2026-06-18,KWT,37.33,37.395,37.395,37.27,1834,68458.0,0.33,-0.03,-0.01,0.0
2026-06-18,KWY,10.28,10.55,10.55,10.28,101510,1065964.0,2.62,2.43,0.25,0.35
2026-06-18,KXI,67.15,66.95,67.155,66.79,105996,7102737.0,0.54,-0.13,-0.09,0.0
2026-06-18,KXIN,4.74,4.4,4.8,4.37,50172,230157.0,8.87,-9.28,-0.45,0.25
2026-06-18,KYC,23.514,23.514,23.514,23.514,54,1269.0,0.0,0.49,0.114,0.0
2026-06-18,KYIV,14.0,14.16,14.18,13.94,719180,10139209.0,1.73,1.87,0.26,0.31
2026-06-18,KYLD,22.94,23.073,23.11,22.895,44027,1013874.0,0.95,2.21,0.498,0.0
2026-06-18,KYMR,90.68,90.43,92.47,89.18,1262295,114173264.0,3.66,0.59,0.53,1.53
2026-06-18,KYN,13.32,13.27,13.355,13.17,944356,12526362.0,1.38,-1.04,-0.14,0.83
2026-06-18,KYNB,6.84,6.7,6.85,6.653,15594,104891.0,2.85,-3.04,-0.21,0.39
2026-06-18,KYTX,8.165,8.07,8.5,7.92,1474213,11931349.0,7.21,0.37,0.03,2.42
2026-06-18,KZIA,14.44,13.86,14.87,13.32,195990,2781102.0,10.88,-2.74,-0.39,1.72
2026-06-18,L,107.71,107.28,107.95,106.581,1707759,183206775.0,1.27,-0.37,-0.4,0.83
2026-06-18,LAB,0.83,0.83,0.84,0.8,3287700,2713161.0,5.47,2.42,0.02,0.84
2026-06-18,LABD,11.05,11.29,11.765,10.6,6126717,69094073.0,10.05,-2.59,-0.3,0.0
2026-06-18,LABT,0.563,0.386,0.59,0.366,1830790,776706.0,37.21,-35.88,-0.216,10.46
2026-06-18,LABU,211.2,206.86,218.0,197.8,929851,191137888.0,10.08,3.22,6.45,0.0
2026-06-18,LABX,149.08,170.43,174.0,143.01,229776,37387220.0,22.26,22.43,31.22,0.0
2026-06-18,LAC,4.45,4.37,4.47,4.3,12945114,56494201.0,3.85,-1.13,-0.05,3.69
2026-06-18,LACG,7.47,7.425,7.56,7.24,12719,94612.0,4.22,-2.03,-0.154,0.0
2026-06-18,LAD,295.34,294.85,299.26,292.79,691557,204176002.0,2.21,0.62,1.83,3.03
2026-06-18,LADR,10.16,10.2,10.25,10.13,1486861,15152252.0,1.19,0.89,0.09,1.16
2026-06-18,LAES,3.12,3.12,3.15,2.97,20205159,61693490.0,5.98,3.65,0.11,9.39
2026-06-18,LAFAU,10.13,10.13,10.13,10.13,355,3763.0,0.0,0.0,0.0,0.0
2026-06-18,LAKE,10.26,10.08,10.35,9.91,86065,869506.0,4.37,0.0,0.0,0.87
2026-06-18,LALT,24.25,24.265,24.29,24.2,11688,283553.0,0.37,0.04,0.009,0.0
2026-06-18,LAMR,150.42,149.65,150.84,148.4,1126522,168604676.0,1.64,0.37,0.55,1.29
2026-06-18,LAND,8.65,8.66,8.755,8.6,962388,8331204.0,1.81,1.05,0.09,2.23
2026-06-18,LANDO,20.89,20.76,20.89,20.71,7500,157748.0,0.86,-0.36,-0.08,0.13
2026-06-18,LANDP,20.515,20.375,20.515,20.3,45609,930803.0,1.05,-0.61,-0.125,0.46
2026-06-18,LANV,1.5,1.55,1.6,1.45,20082,30116.0,9.38,-3.13,-0.05,0.02
2026-06-18,LAPR,25.36,25.34,25.36,25.34,138,3522.0,0.08,0.08,0.02,0.0
2026-06-18,LAR,9.26,9.12,9.39,8.975,4983196,45475823.0,4.37,-4.0,-0.38,3.04
2026-06-18,LARK,29.5,29.37,29.5,29.11,46197,1355481.0,1.34,1.21,0.35,0.76
2026-06-18,LASE,2.64,2.32,2.729,2.26,6788383,16420881.0,17.24,-14.71,-0.4,17.72
2026-06-18,LASR,67.02,64.73,68.005,63.26,1199822,77545949.0,7.35,0.28,0.18,2.13
2026-06-18,LATA,10.1,10.1,10.1,10.1,2500,25250.0,0.0,0.0,0.0,0.01
2026-06-18,LATAU,10.35,10.38,10.38,10.35,1000,10368.0,0.29,0.19,0.02,0.0
2026-06-18,LATR,25.81,25.86,25.86,25.81,476,12308.0,0.2,1.54,0.391,0.0
2026-06-18,LAUR,36.12,36.43,36.465,35.59,3386356,122982642.0,2.43,1.08,0.39,2.42
2026-06-18,LAW,3.4,3.47,3.49,3.37,376909,1297409.0,3.52,1.76,0.06,0.59
2026-06-18,LAZ,43.89,44.3,44.68,43.14,18694911,827357120.0,3.56,2.55,1.1,18.99
2026-06-18,LB,63.7,63.95,64.25,62.35,277343,17537851.0,2.99,0.71,0.45,1.0
2026-06-18,LBAY,24.783,24.783,24.783,24.783,289,7191.0,0.0,-0.63,-0.157,0.0
2026-06-18,LBGJ,1.27,1.16,1.285,1.13,97913,117200.0,11.92,-10.77,-0.14,3.06
2026-06-18,LBO,25.34,25.22,25.34,25.2,847,21397.0,0.55,-0.17,-0.042,0.0
2026-06-18,LBRDA,30.71,29.54,30.85,29.455,329789,9904062.0,4.52,-4.18,-1.29,1.81
2026-06-18,LBRDK,30.85,29.62,30.92,29.58,2319313,69356319.0,4.34,-4.05,-1.25,1.86
2026-06-18,LBRDP,22.0,21.945,22.0,21.94,9059,199063.0,0.28,0.67,0.145,0.13
2026-06-18,LBRT,27.29,27.18,27.3,26.18,5867593,158100240.0,4.12,0.04,0.01,3.6
2026-06-18,LBRX,31.0,30.0,31.49,29.275,513122,15439759.0,7.37,-0.17,-0.05,1.79
2026-06-18,LBTYA,11.41,11.2,11.57,11.16,3416700,38751700.0,3.59,-1.84,-0.21,
2026-06-18,LBTYB,12.22,13.2,13.55,12.22,2196,27902.0,9.93,-1.49,-0.2,0.02
2026-06-18,LBTYK,10.92,10.79,11.07,10.745,2891231,31346474.0,2.98,-1.1,-0.12,1.93
2026-06-18,LC,19.12,19.21,19.43,18.93,2293300,44045912.0,2.68,2.13,0.4,1.99
2026-06-18,LCAP,33.0,33.04,33.04,32.9,30538,1007650.0,0.43,1.1,0.36,0.0
2026-06-18,LCCC,10.4,10.42,10.42,10.4,25230,262396.0,0.19,0.19,0.02,0.28
2026-06-18,LCCCR,0.197,0.2,0.2,0.175,3502,691.0,13.89,11.11,0.02,0.0
2026-06-18,LCDL,0.573,0.595,0.61,0.528,348408,199941.0,14.86,7.79,0.043,0.0
2026-06-18,LCDS,71.562,71.562,71.562,71.562,4,289.0,0.0,1.01,0.718,0.0
2026-06-18,LCF,43.51,43.51,43.51,43.51,79,3462.0,0.0,0.86,0.369,0.0
2026-06-18,LCFY,4.01,3.94,4.01,3.74,31183,120430.0,6.78,-1.01,-0.04,1.73
2026-06-18,LCFYW,6.5,6.26,6.5,6.26,714,4523.0,3.83,0.0,0.0,0.0
2026-06-18,LCID,5.24,5.36,5.42,5.005,15863466,83965384.0,8.07,4.28,0.22,4.06
2026-06-18,LCII,90.45,91.92,92.85,90.0,578800,53097588.0,3.18,2.44,2.19,2.38
2026-06-18,LCLG,74.83,74.849,74.849,74.83,175,13088.0,0.03,2.46,1.8,0.0
2026-06-18,LCLN,24.33,23.74,24.63,23.35,191507,4567068.0,5.4,0.17,0.04,0.6
2026-06-18,LCNB,17.02,17.19,17.25,16.88,49739,851811.0,2.21,2.63,0.44,0.35
2026-06-18,LCO,27.898,27.898,27.898,27.898,3,85.0,0.0,0.71,0.198,0.0
2026-06-18,LCOW,25.07,25.118,25.12,25.07,5003,125584.0,0.2,0.85,0.212,0.0
2026-06-18,LCR,39.6,39.559,39.6,39.52,2977,117762.0,0.2,0.36,0.141,0.0
2026-06-18,LCTD,58.08,57.855,58.08,57.785,84152,4869229.0,0.51,0.47,0.272,0.0
2026-06-18,LCTU,80.04,79.9,80.04,79.67,26856,2144786.0,0.47,0.96,0.76,0.0
2026-06-18,LCTX,1.26,1.21,1.29,1.21,1697954,2075982.0,6.4,-3.2,-0.04,0.68
2026-06-18,LCUT,8.37,8.44,8.67,8.0,156073,1316690.0,8.02,1.08,0.09,0.68
2026-06-18,LDDR,79.11,79.015,79.14,78.98,4127,326158.0,0.2,0.23,0.178,0.0
2026-06-18,LDEM,61.94,62.2,62.2,61.93,2611,161764.0,0.44,1.85,1.127,0.0
2026-06-18,LDI,1.18,1.17,1.21,1.15,3089680,3631860.0,5.13,0.0,0.0,1.33
2026-06-18,LDOS,109.02,107.12,109.5,106.08,6872610,736300816.0,3.15,-1.43,-1.55,5.46
2026-06-18,LDP,20.99,20.85,20.99,20.825,38072,797287.0,0.79,0.14,0.03,0.13
2026-06-18,LDRC,25.14,25.15,25.2,25.13,13503,339684.0,0.28,0.1,0.025,0.0
2026-06-18,LDRH,24.645,24.695,24.7,24.645,510960,12610479.0,0.22,0.28,0.068,0.0
2026-06-18,LDRI,25.521,25.545,25.56,25.47,9535,243515.0,0.35,0.12,0.03,0.0
2026-06-18,LDRT,25.04,25.04,25.06,25.03,64000,1602964.0,0.12,0.04,0.01,0.0
2026-06-18,LDRX,35.61,35.585,35.66,35.56,9030,321664.0,0.28,1.33,0.467,0.0
2026-06-18,LDSF,18.98,18.95,18.98,18.94,75933,1439532.0,0.21,0.08,0.015,0.0
2026-06-18,LDUR,95.3,95.32,95.425,95.29,53706,5120733.0,0.14,0.02,0.02,0.0
2026-06-18,LE,12.2,12.44,12.63,12.0,226022,2807804.0,5.36,5.78,0.68,0.74
2026-06-18,LEA,138.59,139.75,141.31,138.18,951800,133066936.0,2.27,1.33,1.83,1.9
2026-06-18,LEAD,90.11,89.809,90.11,89.74,624,56151.0,0.42,1.58,1.396,0.0
2026-06-18,LECO,272.28,275.23,278.7,272.28,686831,189256618.0,2.38,2.1,5.66,1.25
2026-06-18,LEDS,1.9,1.945,1.98,1.855,7551,14473.0,6.72,4.57,0.085,0.09
2026-06-18,LEE,9.05,9.28,9.41,8.79,49014,453019.0,6.84,2.43,0.22,0.22
2026-06-18,LEG,10.94,10.99,11.22,10.86,3912626,43073149.0,3.34,2.04,0.22,2.87
2026-06-18,LEGH,24.99,25.0,25.84,24.84,124344,3132081.0,4.05,1.26,0.31,0.52
2026-06-18,LEGN,29.66,27.93,29.8,27.43,13608396,389367392.0,7.07,-16.68,-5.59,7.33
2026-06-18,LEGO,9.91,9.91,9.91,9.91,3252,32237.0,0.0,-0.1,-0.01,0.01
2026-06-18,LEGR,65.88,65.795,66.07,65.65,1648,108575.0,0.64,0.41,0.27,0.0
2026-06-18,LEMB,42.5,42.42,42.53,42.4,43392,1842250.0,0.31,-0.02,-0.01,0.0
2026-06-18,LEN,88.13,89.73,91.2,87.61,4908116,440597888.0,4.15,3.76,3.25,2.28
2026-06-18,LEND,25.16,25.16,25.19,25.12,71911,1809546.0,0.28,0.28,0.07,0.0
2026-06-18,LENS,41.25,40.789,41.25,40.54,6793,277263.0,1.71,-1.66,-0.689,0.0
2026-06-18,LENZ,6.38,6.15,6.55,5.84,1125460,6826584.0,11.2,-3.0,-0.19,3.59
2026-06-18,LEN_B,86.17,87.44,89.14,86.17,88558,7774565.0,3.5,3.15,2.67,0.29
2026-06-18,LEO,6.4,6.41,6.425,6.36,287647,1838056.0,1.02,0.79,0.05,0.0
2026-06-18,LESL,7.68,9.17,9.4,7.61,429313,3838534.0,23.31,19.4,1.49,4.59
2026-06-18,LEU,181.51,191.39,192.364,177.37,2157306,405164000.0,8.8,12.38,21.08,11.38
2026-06-18,LEUX,14.74,16.44,16.49,14.22,110646,1718919.0,17.33,25.5,3.34,0.0
2026-06-18,LEVI,23.77,23.7,24.105,23.59,2591615,61564769.0,2.2,1.33,0.31,2.64
2026-06-18,LEXI,40.46,40.556,40.58,40.46,5466,221692.0,0.3,0.86,0.345,0.0
2026-06-18,LEXX,0.61,0.54,0.64,0.54,150745,88977.0,16.37,-11.62,-0.071,0.61
2026-06-18,LFAC,10.0,10.0,10.0,10.0,16,160.0,0.0,0.0,0.0,0.0
2026-06-18,LFAI,150.496,150.496,150.496,150.496,6,1038.0,0.0,0.37,0.554,0.0
2026-06-18,LFAO,164.557,164.557,164.557,164.557,10,1649.0,0.0,0.39,0.636,0.0
2026-06-18,LFAW,176.049,176.049,176.049,176.049,4,710.0,0.0,0.4,0.701,0.0
2026-06-18,LFBE,186.031,186.031,186.031,186.031,2,372.0,0.0,0.41,0.756,0.0
2026-06-18,LFCR,5.58,5.54,5.65,5.48,229682,1275596.0,3.08,0.36,0.02,0.61
2026-06-18,LFDR,186.07,186.07,186.07,186.07,4,916.0,0.0,0.41,0.76,0.0
2026-06-18,LFEQ,59.29,59.52,59.52,59.29,2904,172508.0,0.39,1.16,0.681,0.0
2026-06-18,LFGY,23.24,23.13,23.24,22.65,38275,878896.0,2.61,2.21,0.5,0.0
2026-06-18,LFMD,4.92,4.75,4.958,4.67,1456769,6947764.0,5.87,-3.26,-0.16,3.01
2026-06-18,LFMDP,23.5,23.5,23.5,23.23,717,16812.0,1.13,-1.38,-0.33,0.05
2026-06-18,LFS,2.12,2.12,2.18,2.11,10914390,30922969.0,3.21,-2.75,-0.06,41.72
2026-06-18,LFSC,41.27,41.518,41.54,41.09,5622,231694.0,1.1,1.9,0.774,0.0
2026-06-18,LFST,8.63,8.98,9.11,8.61,6914939,62057674.0,5.81,4.3,0.37,1.78
2026-06-18,LFT,1.05,1.0,1.05,1.0,475179,486260.0,4.85,-2.91,-0.03,0.91
2026-06-18,LFTO,25.32,26.65,27.86,25.32,674572,18029466.0,9.52,-0.07,-0.02,0.41
2026-06-18,LFT_A,18.865,19.1,19.66,18.865,4827,93371.0,4.18,0.53,0.1,0.2
2026-06-18,LFUS,480.07,479.82,492.58,474.53,513678,246835060.0,3.87,2.87,13.38,2.03
2026-06-18,LFVN,6.15,6.41,6.65,5.8,467446,2944119.0,14.03,5.78,0.35,3.71
2026-06-18,LFWD,7.01,6.91,7.01,6.83,2555,17901.0,2.58,-1.0,-0.07,0.09
2026-06-18,LGCF,35.425,35.425,35.425,35.425,3,106.0,0.0,-0.49,-0.175,0.0
2026-06-18,LGCL,1.87,1.78,1.87,1.78,2664,4855.0,4.69,-7.29,-0.14,0.01
2026-06-18,LGCY,11.18,11.17,11.26,11.1,26139,291965.0,1.43,-0.27,-0.03,0.21
2026-06-18,LGDX,24.973,24.973,24.973,24.973,2,50.0,0.0,1.03,0.255,0.0
2026-06-18,LGH,64.12,64.0,64.12,63.65,18089,1156205.0,0.75,1.54,0.969,0.0
2026-06-18,LGHL,0.674,0.62,0.674,0.57,1494692,935862.0,17.39,3.68,0.022,18.1
2026-06-18,LGHT,8.18,8.214,8.214,8.18,2871,23489.0,0.42,1.12,0.091,0.0
2026-06-18,LGI,18.0,18.12,18.196,17.84,26458,477707.0,1.99,1.51,0.27,0.0
2026-06-18,LGIH,53.55,56.7,57.79,53.26,682240,38485240.0,8.65,8.29,4.34,2.94
2026-06-18,LGL,7.0,6.9,7.0,6.9,30465,211001.0,1.44,-0.58,-0.04,0.47
2026-06-18,LGLV,178.932,178.04,178.94,177.88,25348,4526434.0,0.59,-0.26,-0.47,0.0
2026-06-18,LGLr,0.003,0.008,0.009,0.003,170669,902.0,100.0,33.33,0.002,0.0
2026-06-18,LGN,87.45,85.57,87.45,83.02,1347348,115026604.0,5.21,0.54,0.46,1.75
2026-06-18,LGND,267.06,274.88,276.2,265.875,609561,165967996.0,3.92,4.46,11.74,3.04
2026-06-18,LGO,0.76,0.728,0.806,0.71,1062116,781847.0,12.63,-4.21,-0.032,1.05
2026-06-18,LGOV,21.5,21.46,21.65,21.46,233451,5021293.0,0.89,0.35,0.075,0.0
2026-06-18,LGPS,0.693,0.68,0.7,0.641,18312,12122.0,8.65,-0.29,-0.002,0.08
2026-06-18,LGRO,42.53,43.004,43.004,42.53,4475,191031.0,1.12,1.44,0.609,0.0
2026-06-18,LGVN,0.84,0.82,0.865,0.816,240915,201810.0,5.83,-2.38,-0.02,0.8
2026-06-18,LH,258.47,255.82,260.06,254.03,1249804,320003104.0,2.32,-1.44,-3.74,1.52
2026-06-18,LHAI,0.75,0.74,0.761,0.73,40838,30496.0,4.13,-1.33,-0.01,0.25
2026-06-18,LHSW,0.115,0.112,0.124,0.112,804684,93250.0,10.08,-5.88,-0.007,1.55
2026-06-18,LHX,315.12,294.82,317.572,291.66,2711392,804888736.0,8.27,-5.86,-18.35,1.46
2026-06-18,LI,13.32,13.21,13.36,13.165,3303384,43666641.0,1.44,-2.72,-0.37,0.37
2026-06-18,LIAE,208.557,208.557,208.557,208.557,4,899.0,0.0,0.43,0.889,0.0
2026-06-18,LIAM,237.142,237.142,237.142,237.142,2,675.0,0.0,0.47,1.111,0.0
2026-06-18,LIAU,263.205,263.205,263.205,263.205,2,526.0,0.0,0.47,1.237,0.0
2026-06-18,LIBD,280.352,280.352,280.352,280.352,4,1315.0,0.0,0.46,1.274,0.0
2026-06-18,LICN,2.85,2.17,2.885,2.17,527126,1243687.0,26.0,-21.09,-0.58,3.23
2026-06-18,LIDR,1.59,1.45,1.59,1.44,4400236,6424839.0,9.65,-6.75,-0.105,9.5
2026-06-18,LIDRW,0.01,0.014,0.015,0.01,30455,352.0,26.32,-26.32,-0.005,0.0
2026-06-18,LIEN,10.0,10.24,10.24,9.98,173741,1744652.0,2.6,2.4,0.24,0.76
2026-06-18,LIF,47.67,49.02,49.345,46.31,1417348,69160026.0,6.45,4.21,1.98,1.75
2026-06-18,LIFE,15.9,16.07,16.24,15.15,440153,6935568.0,6.84,0.88,0.14,1.42
2026-06-18,LIFT,24.156,24.156,24.156,24.156,10,243.0,0.0,0.19,0.046,0.0
2026-06-18,LII,531.6,532.43,543.67,529.77,531663,283987584.0,2.69,3.16,16.32,1.53
2026-06-18,LILA,5.3,4.8,5.39,4.775,2057899,10099176.0,11.6,-9.43,-0.5,5.44
2026-06-18,LILAK,5.28,4.79,5.36,4.755,4869125,23750149.0,11.52,-8.76,-0.46,3.02
2026-06-18,LIMI,53.831,53.831,53.831,53.831,35,1930.0,0.0,-1.34,-0.732,0.0
2026-06-18,LIMN,0.118,0.119,0.121,0.116,948652,112687.0,4.1,-2.46,-0.003,2.11
2026-06-18,LIN,516.045,512.15,518.84,511.155,5193836,2668395952.0,1.49,-0.72,-3.7,1.12
2026-06-18,LINC,46.97,48.43,48.69,45.15,664983,31734309.0,7.61,4.15,1.93,2.1
2026-06-18,LIND,24.65,25.75,26.56,24.65,1410749,36555548.0,7.97,7.47,1.79,2.15
2026-06-18,LINE,41.85,41.38,42.2,41.3,1376156,57231320.0,2.17,-0.36,-0.15,0.6
2026-06-18,LINK,4.31,4.6,4.91,4.25,45146,204025.0,15.46,7.73,0.33,0.29
2026-06-18,LINT,234.18,240.4,245.5,220.73,362861,84994057.0,12.43,20.65,41.15,0.0
2026-06-18,LION,15.36,15.49,15.51,15.03,4388991,67448178.0,3.13,0.91,0.14,1.51
2026-06-18,LIQT,0.91,0.9,0.933,0.86,118031,107287.0,8.35,2.97,0.026,0.39
2026-06-18,LIT,82.48,82.15,82.822,81.93,280046,23041383.0,1.07,-1.11,-0.92,0.0
2026-06-18,LITB,3.05,3.05,3.16,2.99,10063,30786.0,5.56,-0.33,-0.01,0.06
2026-06-18,LITE,881.975,850.0,888.54,831.17,8360832,7133200384.0,6.59,-2.3,-19.98,10.75
2026-06-18,LITL,32.873,32.873,32.873,32.873,30,1010.0,0.0,1.7,0.551,0.0
2026-06-18,LITP,14.43,14.19,14.43,14.1,25295,361288.0,2.25,-3.13,-0.459,0.0
2026-06-18,LITS,0.902,0.828,0.919,0.794,602336,514570.0,13.6,-9.9,-0.091,1.77
2026-06-18,LITU,23.73,21.8,23.73,20.88,132199,2916913.0,12.5,-4.41,-1.006,0.0
2026-06-18,LITX,37.2,34.62,37.67,33.03,5663420,199219430.0,12.76,-4.79,-1.74,0.0
2026-06-18,LITZ,15.52,16.73,17.38,15.45,474949,7745815.0,12.1,4.89,0.78,0.0
2026-06-18,LIVE,9.545,10.3,10.3,9.545,5583,54980.0,7.91,7.85,0.75,0.18
2026-06-18,LIVN,79.66,78.5,80.45,77.71,1427477,112209526.0,3.49,0.0,0.0,2.6
2026-06-18,LIXT,7.09,7.61,7.78,6.85,1007714,7525952.0,13.36,9.34,0.65,6.71
2026-06-18,LJAN,24.73,24.735,24.735,24.73,292,7222.0,0.02,0.1,0.025,0.0
2026-06-18,LJUL,23.97,23.925,23.97,23.91,3289,78765.0,0.25,0.02,0.005,0.0
2026-06-18,LKFN,60.63,59.86,60.845,59.103,431996,25928132.0,2.9,-0.38,-0.23,1.73
2026-06-18,LKFT,28.46,28.3,28.89,28.09,159487,4523686.0,2.82,-0.25,-0.07,0.24
2026-06-18,LKOR,42.09,42.045,42.09,42.04,545,22972.0,0.12,0.26,0.111,0.0
2026-06-18,LKQ,24.94,25.8,26.31,24.94,5366943,138543135.0,5.48,3.12,0.78,2.11
2026-06-18,LKSP,10.145,10.15,10.15,10.14,19491,197644.0,0.1,0.0,0.0,0.12
2026-06-18,LKSPR,0.95,0.95,0.95,0.95,2,2.0,0.0,0.0,0.0,0.0
2026-06-18,LKSPU,10.28,10.28,10.28,10.28,8,82.0,0.0,0.0,0.0,0.0
2026-06-18,LLDR,45.034,45.034,45.034,45.034,6,271.0,0.0,0.44,0.199,0.0
2026-06-18,LLY,1120.49,1098.57,1122.33,1088.655,4470535,4930042112.0,3.03,-1.21,-13.43,0.47
2026-06-18,LLYVA,95.67,94.94,96.95,94.46,257288,24508113.0,2.61,-0.66,-0.63,1.01
2026-06-18,LLYVK,99.38,98.46,100.615,98.01,706102,69833865.0,2.62,-0.93,-0.92,1.11
2026-06-18,LLYX,24.29,23.47,24.46,23.05,287932,6778180.0,5.88,-2.21,-0.53,0.0
2026-06-18,LMAT,92.68,93.95,94.45,92.33,724887,67907132.0,2.3,1.89,1.74,3.17
2026-06-18,LMB,81.39,80.15,83.0,79.13,260970,21082208.0,4.82,-0.24,-0.19,2.19
2026-06-18,LMBS,49.83,49.85,49.91,49.785,403968,20147252.0,0.25,0.05,0.025,0.0
2026-06-18,LMFA,0.209,0.183,0.209,0.183,880995,174365.0,13.0,-8.5,-0.017,5.08
2026-06-18,LMND,58.14,58.84,59.255,56.8,1548762,90557023.0,4.29,2.72,1.56,2.02
2026-06-18,LMNR,12.95,13.07,13.15,12.725,106430,1384213.0,3.32,2.03,0.26,0.59
2026-06-18,LMNX,13.0,13.746,13.746,12.76,11461,150810.0,7.64,6.44,0.832,0.0
2026-06-18,LMRI,8.96,9.41,9.45,8.63,906675,8382423.0,9.33,7.05,0.62,0.94
2026-06-18,LMT,535.56,510.95,536.9,505.18,3978809,2037881584.0,5.96,-4.01,-21.37,1.73
2026-06-18,LMTL,34.24,31.369,34.42,30.5,31491,1001404.0,11.6,-7.19,-2.43,0.0
2026-06-18,LMUB,50.86,51.005,51.02,50.81,126572,6453750.0,0.41,0.46,0.235,0.0
2026-06-18,LNAI,3.56,3.78,4.01,3.5,1042826,3875647.0,12.75,-5.5,-0.22,23.0
2026-06-18,LNC,37.73,37.17,37.99,37.03,2901779,108059098.0,2.57,-0.59,-0.22,1.52
2026-06-18,LNC_D,26.28,26.29,26.35,26.18,28883,757730.0,0.65,0.31,0.08,0.14
2026-06-18,LND,3.64,3.57,3.65,3.55,54457,195569.0,2.75,-1.65,-0.06,0.05
2026-06-18,LNG,228.01,227.03,229.51,223.7,2791358,634589584.0,2.51,-1.89,-4.38,1.33
2026-06-18,LNGX,40.0,39.925,40.115,39.495,53582,2144403.0,1.54,-1.02,-0.412,0.0
2026-06-18,LNKS,2.99,2.68,3.55,2.159,69879693,223528676.0,86.94,67.5,1.08,5151.04
2026-06-18,LNN,117.41,119.1,119.18,116.27,369206,43855958.0,2.51,2.58,3.0,3.55
2026-06-18,LNOK,74.47,68.49,74.61,66.7,335984,23469128.0,10.97,-5.02,-3.62,0.0
2026-06-18,LNSR,6.3,5.74,6.42,5.67,104835,616603.0,11.98,-8.31,-0.52,0.85
2026-06-18,LNT,73.62,73.0,73.71,72.53,4271604,311843136.0,1.62,0.25,0.18,1.65
2026-06-18,LNTH,104.21,103.86,105.0,102.97,1090899,113259539.0,1.97,0.65,0.67,1.68
2026-06-18,LNZA,5.66,6.0,6.24,5.411,291517,1725296.0,14.52,5.08,0.29,2.23
2026-06-18,LNZAW,0.014,0.015,0.015,0.014,3300,45.0,6.25,-6.25,-0.001,0.0
2026-06-18,LOAN,4.4,4.38,4.405,4.345,21065,92345.0,1.37,0.23,0.01,0.18
2026-06-18,LOAR,69.04,71.67,71.86,68.195,1123019,80080173.0,5.4,5.51,3.74,1.2
2026-06-18,LOB,38.24,38.26,38.67,37.915,610961,23373158.0,1.99,0.71,0.27,1.32
2026-06-18,LOBO,0.815,0.788,0.818,0.77,121381,95720.0,5.71,-6.19,-0.052,1.2
2026-06-18,LOB_A,25.28,25.32,25.44,25.28,14719,372456.0,0.63,0.16,0.04,0.37
2026-06-18,LOCL,1.3,1.29,1.31,1.24,43527,55747.0,5.3,-2.27,-0.03,0.19
2026-06-18,LOCO,15.99,16.03,16.05,15.75,567408,9069988.0,1.9,1.52,0.24,1.86
2026-06-18,LOCT,23.93,23.955,23.955,23.93,124,2991.0,0.1,0.1,0.025,0.0
2026-06-18,LODE,4.7,4.77,4.98,4.7,2014538,9678416.0,5.98,1.92,0.09,2.65
2026-06-18,LODI,25.23,25.235,25.24,25.215,7514,189621.0,0.1,0.14,0.035,0.0
2026-06-18,LOGI,107.265,107.64,108.96,106.14,898963,96805200.0,2.66,1.6,1.7,0.63
2026-06-18,LOGO,20.498,20.498,20.498,20.498,76,1563.0,0.0,0.78,0.158,0.0
2026-06-18,LOHA,25.34,25.4,25.5,25.295,37950,964410.0,0.81,0.73,0.185,0.0
2026-06-18,LOKV,10.5,11.32,11.99,10.0,39900,424408.0,20.2,14.92,1.47,
2026-06-18,LOKVU,10.1,11.45,12.57,10.1,12311,131903.0,22.74,5.43,0.59,0.0
2026-06-18,LOKVW,1.67,1.83,1.85,1.5,34000,59857.0,19.44,1.67,0.03,0.0
2026-06-18,LOMA,12.02,12.09,12.265,11.67,405413,4866433.0,5.02,2.03,0.24,0.35
2026-06-18,LONA,8.32,8.18,8.46,8.03,8646,70863.0,5.22,-0.61,-0.05,0.09
2026-06-18,LONZ,49.34,49.4,49.42,49.3,58998,2913750.0,0.24,0.16,0.08,0.0
2026-06-18,LOOP,0.889,0.83,0.916,0.83,55676,47292.0,9.68,-6.53,-0.058,0.12
2026-06-18,LOPE,141.71,141.59,142.9,140.23,1043895,147817771.0,1.87,-0.61,-0.87,3.94
2026-06-18,LOPP,38.795,38.895,38.895,38.785,355,13784.0,0.29,1.46,0.56,0.0
2026-06-18,LOT,1.269,1.15,1.269,1.112,105357,123263.0,13.42,-1.71,-0.02,0.02
2026-06-18,LOTI,25.719,25.719,25.719,25.719,165,4254.0,0.0,-0.53,-0.138,0.0
2026-06-18,LOUP,94.68,95.49,95.52,94.122,8528,810686.0,1.5,2.66,2.47,0.0
2026-06-18,LOVE,14.2,14.47,14.96,13.85,286679,4183650.0,7.91,3.14,0.44,1.96
2026-06-18,LOW,219.49,222.2,224.815,219.49,6813321,1513601632.0,2.45,2.27,4.93,1.22
2026-06-18,LOWV,79.15,79.494,79.494,79.15,1095,86831.0,0.43,0.21,0.164,0.0
2026-06-18,LPA,4.37,3.57,4.38,3.5,10511440,50642406.0,28.03,13.69,0.43,33.25
2026-06-18,LPAA,10.83,10.84,10.84,10.83,50858,550794.0,0.09,0.18,0.02,0.22
2026-06-18,LPAAW,0.205,0.205,0.205,0.205,90,16.0,0.0,0.0,0.0,0.0
2026-06-18,LPBB,10.69,10.69,10.69,10.69,162,1733.0,0.0,-0.09,-0.01,0.0
2026-06-18,LPBBW,0.22,0.22,0.22,0.22,100,22.0,0.0,0.0,0.0,0.0
2026-06-18,LPCN,2.35,2.33,2.5,2.29,122355,288722.0,8.97,-0.43,-0.01,1.48
2026-06-18,LPCV,9.95,9.95,9.95,9.95,4,40.0,0.0,0.0,0.0,0.0
2026-06-18,LPCVU,10.08,10.08,10.08,10.08,1,10.0,0.0,0.0,0.0,0.0
2026-06-18,LPG,39.66,39.56,39.82,38.42,1276337,50201542.0,3.5,-1.15,-0.46,2.98
2026-06-18,LPL,4.64,4.64,4.68,4.53,2967592,13706244.0,3.3,1.98,0.09,0.3
2026-06-18,LPLA,302.98,293.95,307.79,290.96,1007572,296942640.0,5.53,-3.46,-10.55,1.26
2026-06-18,LPRE,29.84,29.57,29.84,29.44,27253,808496.0,1.36,0.27,0.08,0.0
2026-06-18,LPRO,3.12,3.11,3.12,3.1,7948032,24725003.0,0.64,0.16,0.005,6.72
2026-06-18,LPSN,2.01,2.01,2.09,2.0,115522,235974.0,4.39,-1.95,-0.04,0.95
2026-06-18,LPTH,14.72,15.15,15.32,14.15,4498133,66707019.0,8.01,3.77,0.55,6.78
2026-06-18,LPX,76.5,77.56,79.335,76.365,1963167,152791631.0,3.94,3.02,2.27,2.81
2026-06-18,LQ,23.967,23.967,23.967,23.967,25,601.0,0.0,0.18,0.043,0.0
2026-06-18,LQAI,47.81,47.81,47.81,47.81,66,3184.0,0.0,2.5,1.166,0.0
2026-06-18,LQD,109.44,109.07,109.455,109.03,41725765,4557524480.0,0.39,0.28,0.3,0.0
2026-06-18,LQDA,70.44,71.07,71.99,66.83,12434079,880417536.0,7.52,3.53,2.42,13.98
2026-06-18,LQDB,86.599,86.405,86.599,86.4,2880,249177.0,0.23,0.23,0.2,0.0
2026-06-18,LQDH,93.44,93.26,93.44,93.2,41867,3905090.0,0.26,0.03,0.03,0.0
2026-06-18,LQDI,26.335,26.325,26.39,26.305,12435,327545.0,0.32,0.21,0.055,0.0
2026-06-18,LQDM,24.74,24.725,24.78,24.71,4556,112725.0,0.28,0.22,0.055,0.0
2026-06-18,LQDT,37.12,37.89,37.96,36.52,304055,11458108.0,3.94,3.69,1.35,0.98
2026-06-18,LQDW,24.0,23.98,24.03,23.96,60221,1444601.0,0.29,0.13,0.03,0.0
2026-06-18,LQID,24.995,24.995,25.01,24.99,10444,261078.0,0.08,0.04,0.01,0.0
2026-06-18,LQTI,19.4,19.37,19.419,19.34,69843,1352740.0,0.41,0.2,0.038,0.0
2026-06-18,LRCU,97.49,92.87,98.35,92.26,150498,14411505.0,7.1,8.3,7.12,0.0
2026-06-18,LRCX,397.22,389.04,401.0,386.9,22686620,8881040896.0,3.77,3.97,14.86,1.81
2026-06-18,LRE,1.295,1.31,1.34,1.26,4643,6017.0,6.02,-1.5,-0.02,0.03
2026-06-18,LRGC,83.66,83.71,83.77,83.43,33077,2764411.0,0.41,1.26,1.04,0.0
2026-06-18,LRGE,84.96,85.656,85.656,84.87,3316,282880.0,0.93,1.68,1.416,0.0
2026-06-18,LRGF,75.85,75.62,75.85,75.42,226453,17120009.0,0.57,0.88,0.66,0.0
2026-06-18,LRGG,27.54,27.563,27.563,27.28,12875,353798.0,1.04,1.04,0.284,0.0
2026-06-18,LRHC,1.08,1.1,1.127,1.04,141876,152822.0,7.91,0.0,0.0,8.78
2026-06-18,LRMR,3.62,3.64,3.76,3.485,3301187,11971052.0,7.77,2.82,0.1,3.18
2026-06-18,LRN,82.46,82.8,84.42,80.22,1314634,108481765.0,4.98,-1.76,-1.48,3.09
2026-06-18,LRND,44.12,44.39,44.39,44.12,315,13965.0,0.62,1.65,0.721,0.0
2026-06-18,LRNZ,60.16,61.103,61.103,60.14,2384,144154.0,1.61,2.42,1.446,0.0
2026-06-18,LSAF,51.57,51.403,51.76,51.38,2634,135585.0,0.74,0.38,0.193,0.0
2026-06-18,LSAK,4.56,4.525,4.7,4.5,57590,261793.0,4.4,-0.55,-0.025,0.07
2026-06-18,LSAT,42.83,42.761,42.83,42.68,1524,65265.0,0.35,-0.09,-0.039,0.0
2026-06-18,LSBK,16.48,17.4,17.4,16.26,25370,431822.0,6.95,6.03,0.99,0.32
2026-06-18,LSCC,146.54,153.72,154.4,144.095,3146295,477637360.0,7.37,9.91,13.86,2.3
2026-06-18,LSE,4.09,4.01,4.205,3.91,6503,26665.0,7.18,-2.43,-0.1,0.15
2026-06-18,LSEQ,35.425,35.334,35.425,35.334,141,5000.0,0.26,-0.37,-0.13,0.0
2026-06-18,LSF,4.74,4.68,4.98,4.21,149721,690687.0,16.24,-1.27,-0.06,1.36
2026-06-18,LSGR,42.87,43.0,43.03,42.37,39054,1672416.0,1.55,1.03,0.44,0.0
2026-06-18,LSH,0.5,0.496,0.536,0.48,36085,18659.0,10.53,-6.77,-0.036,0.1
2026-06-18,LSPD,9.42,9.4,9.53,9.31,1576453,14810224.0,2.36,0.86,0.08,1.14
2026-06-18,LST,46.45,45.99,46.45,45.91,33474,1540008.0,1.17,-0.37,-0.17,0.0
2026-06-18,LSTA,3.5,3.52,3.575,3.49,41517,146000.0,2.41,0.0,0.0,0.46
2026-06-18,LSTR,209.18,207.4,211.66,203.34,676346,140350208.0,4.0,-0.35,-0.73,1.99
2026-06-18,LSVD,34.46,34.56,34.56,34.46,546,18859.0,0.29,0.86,0.296,0.0
2026-06-18,LTAX,25.26,25.26,25.26,25.26,5,126.0,0.0,0.19,0.047,0.0
2026-06-18,LTBR,9.69,9.83,9.875,9.37,1369532,13316596.0,5.44,5.81,0.54,3.9
2026-06-18,LTC,36.29,36.37,36.44,36.035,1381767,50213624.0,1.12,0.86,0.31,2.7
2026-06-18,LTCC,10.71,10.618,10.72,10.54,4789,51068.0,1.65,-2.79,-0.305,0.0
2026-06-18,LTGRU,10.02,10.02,10.02,10.02,5,50.0,0.0,0.0,0.0,0.0
2026-06-18,LTH,34.93,36.92,37.14,34.88,5148241,188844422.0,6.53,6.74,2.33,2.31
2026-06-18,LTL,23.585,23.77,23.77,23.56,1813,42824.0,0.89,0.7,0.166,0.0
2026-06-18,LTM,55.86,55.85,56.775,55.45,1425202,79924705.0,2.43,2.4,1.31,0.5
2026-06-18,LTPZ,51.14,51.13,51.22,50.97,1299797,66325286.0,0.49,0.59,0.3,0.0
2026-06-18,LTRN,3.92,3.79,4.0,3.7,209028,795856.0,7.71,-2.57,-0.1,1.64
2026-06-18,LTRX,6.61,6.64,6.71,6.27,3261217,21481210.0,6.81,2.79,0.18,7.41
2026-06-18,LTRYW,0.011,0.011,0.011,0.01,13385,136.0,9.09,0.0,0.0,0.0
2026-06-18,LTTI,18.585,18.335,18.62,18.3,31397,579961.0,1.74,-0.51,-0.094,0.0
2026-06-18,LU,1.36,1.25,1.37,1.24,7663189,9659593.0,9.63,-7.41,-0.1,0.88
2026-06-18,LUCD,1.0,1.08,1.08,0.997,6013153,6398343.0,8.44,9.87,0.097,2.96
2026-06-18,LUCK,8.0,7.59,8.195,7.54,383288,2957671.0,8.17,-5.36,-0.43,0.49
2026-06-18,LUCY,0.89,0.8,0.899,0.8,95352,79557.0,11.51,-6.98,-0.06,1.49
2026-06-18,LUCYW,0.043,0.039,0.043,0.035,6083,254.0,16.67,-18.75,-0.009,0.0
2026-06-18,LUD,4.92,5.5,5.55,4.755,44521,236632.0,15.53,7.42,0.38,0.2
2026-06-18,LULG,5.91,5.914,6.1,5.76,113073,671989.0,5.74,-0.19,-0.011,0.0
2026-06-18,LULU,111.5,111.77,113.7,110.27,6175520,690843008.0,3.07,0.01,0.01,5.69
2026-06-18,LUMN,8.27,8.2,8.33,8.05,19540976,159868736.0,3.46,1.23,0.1,1.9
2026-06-18,LUNG,1.27,1.28,1.32,1.24,619900,803020.0,6.4,2.4,0.03,1.47
2026-06-18,LUNL,11.46,11.47,11.56,9.88,802685,8540851.0,14.7,0.35,0.04,0.0
2026-06-18,LUNR,22.74,22.85,22.896,21.21,18739446,419612832.0,7.42,0.57,0.13,11.68
2026-06-18,LUV,47.93,47.97,48.67,47.705,11291363,542476288.0,2.07,2.81,1.31,2.31
2026-06-18,LUXE,7.77,7.91,8.04,7.77,118640,937854.0,3.53,3.53,0.27,0.09
2026-06-18,LVDS,57.47,57.421,57.47,57.421,839,48229.0,0.09,0.61,0.349,0.0
2026-06-18,LVHD,43.14,42.992,43.205,42.865,64384,2773902.0,0.79,-0.03,-0.013,0.0
2026-06-18,LVHI,40.74,40.55,40.74,40.435,481661,19525051.0,0.75,-0.34,-0.14,0.0
2026-06-18,LVIG,98.73,98.58,98.73,98.58,422,41643.0,0.15,0.27,0.262,0.0
2026-06-18,LVLN,24.71,24.71,24.71,24.71,26,655.0,0.0,0.1,0.025,0.0
2026-06-18,LVLU,7.4,7.58,7.91,6.94,14606,107677.0,13.49,5.42,0.39,0.51
2026-06-18,LVO,6.35,6.21,6.385,6.091,35542,221647.0,4.63,-2.2,-0.14,0.26
2026-06-18,LVS,48.44,48.72,49.05,48.03,10950186,532554048.0,2.12,1.23,0.59,1.65
2026-06-18,LVWR,1.15,1.13,1.16,1.1,148380,167233.0,5.22,-1.74,-0.02,0.07
2026-06-18,LVWR_WS,0.016,0.018,0.028,0.016,26633,482.0,57.14,-14.29,-0.003,0.0
2026-06-18,LW,44.35,45.06,45.26,44.085,2774905,124864740.0,2.67,2.32,1.02,2.01
2026-06-18,LWAC,10.21,10.21,10.21,10.21,1,10.0,0.0,0.0,0.0,0.0
2026-06-18,LWACW,0.28,0.28,0.28,0.28,104,29.0,0.0,-6.67,-0.02,0.0
2026-06-18,LWAY,25.1,25.43,25.61,25.01,131059,3319484.0,2.4,1.72,0.43,0.86
2026-06-18,LWLG,9.7,9.78,10.0,9.26,5064324,48589576.0,7.97,5.39,0.5,3.29
2026-06-18,LX,2.03,2.0,2.04,1.97,3969745,7943105.0,3.5,0.0,0.0,3.07
2026-06-18,LXEH,1.29,1.22,1.34,1.2,38700,48651.0,10.53,-8.27,-0.11,2.07
2026-06-18,LXEO,4.99,4.93,5.34,4.92,1481200,7355010.0,8.43,-1.0,-0.05,1.89
2026-06-18,LXFR,18.59,19.08,19.25,18.5,271900,5156549.0,4.09,4.15,0.76,1.01
2026-06-18,LXP,52.37,53.18,53.255,52.37,1033096,54773779.0,1.69,1.47,0.77,1.75
2026-06-18,LXP_C,46.04,46.21,46.5,46.04,1479,68586.0,1.0,0.1,0.045,0.08
2026-06-18,LXRX,2.04,2.01,2.1,1.975,3927187,7916876.0,6.13,-1.47,-0.03,0.88
2026-06-18,LXU,11.54,11.38,11.61,11.21,859584,9772828.0,3.41,-2.9,-0.34,1.19
2026-06-18,LYB,61.42,60.07,61.42,59.23,9686516,581651792.0,3.54,-2.82,-1.74,3.0
2026-06-18,LYEL,12.73,12.74,13.22,12.245,360104,4582892.0,7.79,1.76,0.22,1.54
2026-06-18,LYFT,14.19,14.28,14.505,14.16,20384560,291440576.0,2.44,0.92,0.13,5.37
2026-06-18,LYG,5.59,5.54,5.605,5.54,32235540,179613321.0,1.17,-0.18,-0.01,0.22
2026-06-18,LYLD,29.626,29.626,29.626,29.626,114,3410.0,0.0,-0.77,-0.231,0.0
2026-06-18,LYTS,25.81,26.6,26.685,25.54,910463,24095334.0,4.52,4.93,1.25,2.48
2026-06-18,LYV,173.22,171.24,174.1,169.64,7414500,1272640000.0,2.6,-0.16,-0.28,3.15
2026-06-18,LZ,5.64,5.5,5.68,5.375,4388904,24248368.0,5.48,-1.26,-0.07,2.56
2026-06-18,LZB,40.3,39.66,41.43,39.32,1970284,78588469.0,5.24,-1.44,-0.58,4.94
2026-06-18,LZM,4.52,4.85,4.86,4.5,1001911,4720372.0,7.96,7.3,0.33,1.11
2026-06-18,LZMH,1.48,1.35,1.515,1.35,59198,82205.0,11.07,-9.4,-0.14,0.75
2026-06-18,LZM_WS,0.572,0.572,0.572,0.572,5164,3081.0,0.0,0.0,0.0,0.0
2026-06-18,M,24.34,24.14,24.74,24.025,7511344,182165814.0,2.99,1.05,0.25,2.86
2026-06-18,MA,494.77,489.79,495.99,488.91,6675004,3277892512.0,1.44,-0.65,-3.2,0.76
2026-06-18,MAA,134.36,132.5,134.87,131.84,1686175,224074069.0,2.28,-0.46,-0.61,1.45
2026-06-18,MAAS,18.65,18.9,19.38,14.69,453235,8326533.0,26.14,5.35,0.96,0.1
2026-06-18,MAAY,6.71,6.675,6.71,6.631,6145,41012.0,1.17,-1.56,-0.106,0.0
2026-06-18,MAA_I,55.21,55.18,55.5,55.0,1387,76695.0,0.91,0.11,0.06,0.16
2026-06-18,MAC,23.37,23.63,23.745,23.21,8348278,197094061.0,2.33,2.74,0.63,2.94
2026-06-18,MACI,10.79,10.79,10.79,10.79,39,427.0,0.0,0.0,0.0,0.0
2026-06-18,MACIU,11.1,11.1,11.1,11.1,1,12.0,0.0,0.0,0.0,0.0
2026-06-18,MACIW,0.13,0.15,0.157,0.13,21721,3203.0,20.77,15.38,0.02,0.0
2026-06-18,MADE,39.11,39.03,39.21,38.95,12508,488378.0,0.68,1.83,0.703,0.0
2026-06-18,MAGA,54.93,54.894,54.93,54.894,412,22631.0,0.07,0.19,0.104,0.0
2026-06-18,MAGC,17.85,17.771,17.85,17.68,6302,111719.0,0.95,-0.65,-0.117,0.0
2026-06-18,MAGG,20.3,20.28,20.31,20.2,8586,174103.0,0.54,0.15,0.03,0.0
2026-06-18,MAGN,11.88,12.19,12.27,11.88,372461,4512938.0,3.24,1.33,0.16,1.04
2026-06-18,MAGO,22.39,22.666,22.666,22.39,809,18172.0,1.24,1.69,0.377,0.0
2026-06-18,MAGS,65.08,65.44,65.68,64.225,5512828,358366144.0,2.25,1.39,0.9,0.0
2026-06-18,MAGX,52.25,53.16,53.2,50.85,49118,2557765.0,4.56,3.2,1.65,0.0
2026-06-18,MAGY,43.61,44.03,44.03,43.18,46700,2037087.0,1.95,1.08,0.47,0.0
2026-06-18,MAIA,1.32,1.4,1.41,1.32,1381153,1921216.0,6.82,6.06,0.08,2.27
2026-06-18,MAIN,51.07,50.97,51.43,50.683,1496417,76350039.0,1.48,0.71,0.36,1.61
2026-06-18,MAIR,37.79,38.13,39.0,37.77,1807606,69201622.0,3.29,1.84,0.69,1.02
2026-06-18,MAKO,8.13,8.11,8.21,7.94,169120,1365352.0,3.32,-0.25,-0.02,0.19
2026-06-18,MAKX,72.49,73.117,73.117,72.395,1796,130541.0,1.02,3.43,2.427,0.0
2026-06-18,MAMA,15.88,17.77,17.93,15.74,930994,15871279.0,13.92,12.97,2.04,2.29
2026-06-18,MAMB,24.345,24.303,24.345,24.28,22813,554881.0,0.27,0.26,0.064,0.0
2026-06-18,MAMO,0.975,0.94,1.0,0.902,425753,401686.0,9.7,-6.93,-0.07,1.02
2026-06-18,MAN,34.1,33.55,34.35,33.29,1098228,36992606.0,3.09,-2.16,-0.74,2.36
2026-06-18,MANE,93.59,93.87,94.44,86.83,826640,75944884.0,8.28,2.18,2.0,1.98
2026-06-18,MANH,131.39,132.28,133.41,127.43,1066693,140769464.0,4.53,0.14,0.19,1.8
2026-06-18,MANI,25.96,25.94,25.97,25.94,15336,398213.0,0.12,0.21,0.055,0.0
2026-06-18,MANU,21.96,22.37,22.42,21.96,346854,7728895.0,2.11,2.57,0.56,0.62
2026-06-18,MAPP,28.068,28.068,28.068,28.068,70,1965.0,0.0,1.19,0.329,0.0
2026-06-18,MAR,398.63,396.2,403.26,394.9,2846697,1130850464.0,2.12,0.4,1.59,1.08
2026-06-18,MARA,14.34,14.22,14.39,13.71,32777146,461332912.0,4.89,2.16,0.3,8.6
2026-06-18,MARB,20.91,20.88,20.91,20.88,500,10563.0,0.15,-0.23,-0.05,0.0
2026-06-18,MARM,34.1,34.128,34.145,34.1,1969,67216.0,0.13,0.13,0.043,0.0
2026-06-18,MARO,6.28,6.23,6.28,6.025,413332,2544434.0,4.1,0.16,0.01,0.0
2026-06-18,MARPS,4.34,4.26,4.34,4.26,11479,49629.0,1.85,-1.73,-0.075,0.57
2026-06-18,MARS,33.78,32.83,33.78,31.72,256078,8253289.0,6.13,-2.32,-0.78,0.0
2026-06-18,MART,41.77,41.886,41.886,41.77,745,31173.0,0.28,0.61,0.253,0.0
2026-06-18,MARU,29.68,29.724,29.73,29.68,2027,60191.0,0.17,0.97,0.286,0.0
2026-06-18,MARW,36.022,36.055,36.06,36.022,1000,36041.0,0.11,0.31,0.112,0.0
2026-06-18,MARZ,36.67,36.781,36.781,36.67,310,11375.0,0.3,0.96,0.351,0.0
2026-06-18,MAS,73.6,74.38,76.16,73.6,4176300,311741216.0,3.53,2.42,1.76,2.07
2026-06-18,MASK,2.35,2.3,2.39,2.15,231608,532128.0,9.92,-4.96,-0.12,11.21
2026-06-18,MASS,8.76,8.85,8.92,8.21,1063676,9041894.0,8.28,3.15,0.27,2.81
2026-06-18,MAT,13.77,14.04,14.33,13.66,9904438,139083796.0,4.9,2.71,0.37,3.41
2026-06-18,MATE,30.01,30.404,30.404,30.01,3383,102354.0,1.33,2.3,0.683,0.0
2026-06-18,MATH,1.04,1.01,1.05,1.0,69133,70558.0,4.9,-0.98,-0.01,0.15
2026-06-18,MATV,7.83,7.92,8.01,7.78,1188483,9407237.0,2.95,1.54,0.12,2.16
2026-06-18,MATW,25.84,26.36,26.45,25.585,523624,13768638.0,3.39,3.41,0.87,1.68
2026-06-18,MATX,191.32,191.24,195.64,189.71,569570,109066946.0,3.06,-1.2,-2.33,1.88
2026-06-18,MAVF,136.5,136.247,136.5,136.247,148,20232.0,0.19,1.22,1.646,0.0
2026-06-18,MAX,10.01,10.13,10.18,9.855,575251,5810072.0,3.24,1.1,0.11,1.06
2026-06-18,MAXI,9.15,8.945,9.156,8.87,11042,99548.0,3.14,-1.94,-0.177,0.0
2026-06-18,MAXJ,29.065,29.065,29.09,29.04,30173,877119.0,0.17,0.07,0.02,0.0
2026-06-18,MAYM,32.91,32.92,32.92,32.91,208,6846.0,0.03,0.27,0.09,0.0
2026-06-18,MAYP,32.34,32.434,32.434,32.34,4471,144831.0,0.29,0.66,0.212,0.0
2026-06-18,MAYS,42.5,44.6,44.6,42.5,3479,153491.0,5.07,7.6,3.15,0.17
2026-06-18,MAYT,38.94,38.98,38.98,38.835,16025,623774.0,0.37,0.61,0.237,0.0
2026-06-18,MAYU,34.09,34.202,34.205,34.08,3367,114996.0,0.37,0.88,0.298,0.0
2026-06-18,MAYW,34.79,34.75,34.81,34.72,26870,933759.0,0.26,0.4,0.14,0.0
2026-06-18,MAYZ,36.143,36.143,36.143,36.143,2,72.0,0.0,0.85,0.303,0.0
2026-06-18,MAZE,25.51,25.68,25.84,24.955,1390454,35557705.0,3.56,3.38,0.84,2.51
2026-06-18,MB,5.79,5.74,6.3,5.0,20196,109821.0,21.28,-6.06,-0.37,0.12
2026-06-18,MBAI,1.37,1.43,1.43,1.37,54998,76630.0,4.41,5.15,0.07,0.75
2026-06-18,MBAV,10.825,10.8,10.85,10.8,108095,1169969.0,0.46,-0.18,-0.02,0.38
2026-06-18,MBAVU,10.9,11.0,11.0,10.9,646,7048.0,0.91,0.09,0.01,0.0
2026-06-18,MBAVW,0.38,0.4,0.4,0.37,20429,7868.0,8.11,8.11,0.03,0.0
2026-06-18,MBB,94.52,94.48,94.74,94.425,1302370,123130793.0,0.33,0.31,0.29,0.0
2026-06-18,MBBA,49.87,49.705,49.87,49.63,5219,259560.0,0.48,0.35,0.175,0.0
2026-06-18,MBBB,21.4,21.37,21.4,21.36,1048,22404.0,0.19,0.28,0.06,0.0
2026-06-18,MBBC,14.96,15.31,15.55,14.405,20587,310023.0,7.72,3.24,0.48,0.7
2026-06-18,MBC,8.71,9.06,9.21,8.63,6204703,56104062.0,6.73,5.1,0.44,4.85
2026-06-18,MBCE,40.59,40.825,40.849,40.59,17401,709314.0,0.65,3.17,1.255,0.0
2026-06-18,MBI,6.09,6.08,6.11,5.995,387963,2354905.0,1.88,-0.49,-0.03,0.76
2026-06-18,MBIN,49.28,49.09,49.93,48.86,341373,16772919.0,2.19,0.64,0.31,0.74
2026-06-18,MBINL,25.0,24.8,25.0,24.7,30653,763852.0,1.2,-0.42,-0.105,0.33
2026-06-18,MBINM,25.26,25.259,25.26,25.25,9182,232809.0,0.04,-0.16,-0.041,0.16
2026-06-18,MBINN,20.28,20.26,20.44,20.23,11391,231111.0,1.03,-0.88,-0.18,0.15
2026-06-18,MBIO,0.713,0.65,0.727,0.65,96796,64237.0,10.59,-10.59,-0.077,1.44
2026-06-18,MBLY,8.795,8.46,8.8,8.38,10455303,88835063.0,4.81,-3.09,-0.27,4.28
2026-06-18,MBND,27.29,27.281,27.29,27.281,215,5885.0,0.03,0.11,0.031,0.0
2026-06-18,MBNKO,25.55,25.322,25.71,25.322,2720,69744.0,1.52,-0.7,-0.178,0.09
2026-06-18,MBOT,1.88,1.86,1.91,1.81,1061515,1966520.0,5.32,-1.06,-0.02,1.58
2026-06-18,MBOX,40.13,39.848,40.13,39.848,2807,112180.0,0.7,-0.55,-0.22,0.0
2026-06-18,MBRX,2.9,2.88,2.96,2.81,379153,1093778.0,5.36,2.86,0.08,7.11
2026-06-18,MBS,8.63,8.625,8.64,8.62,33945,292914.0,0.23,-0.12,-0.01,0.0
2026-06-18,MBSD,20.645,20.62,20.666,20.61,23644,487713.0,0.27,0.19,0.04,0.0
2026-06-18,MBSF,25.86,25.75,25.88,25.74,75818,1956695.0,0.54,-0.08,-0.02,0.0
2026-06-18,MBSX,26.73,26.75,26.75,26.7,1563,42053.0,0.19,0.85,0.225,0.0
2026-06-18,MBUU,27.45,27.25,28.47,27.19,484374,13364210.0,4.75,1.11,0.3,2.47
2026-06-18,MBVI,10.13,10.13,10.13,10.13,10,101.0,0.0,0.0,0.0,0.0
2026-06-18,MBVIW,0.38,0.35,0.38,0.35,2600,963.0,8.7,1.45,0.005,0.0
2026-06-18,MBWM,54.11,53.75,54.32,52.39,217274,11702667.0,3.62,0.92,0.49,1.26
2026-06-18,MBX,42.84,43.03,43.49,40.765,832199,35217876.0,6.55,3.46,1.44,1.75
2026-06-18,MC,66.9,67.18,67.698,64.97,3148948,210532359.0,4.11,1.28,0.85,4.23
2026-06-18,MCAHU,10.08,10.1,10.1,10.04,35309,355975.0,0.6,0.6,0.06,0.0
2026-06-18,MCB,93.91,93.11,95.44,93.11,251598,23596046.0,2.5,-0.05,-0.05,2.03
2026-06-18,MCBS,34.27,34.17,34.57,33.9,121683,4156968.0,1.98,1.01,0.34,0.42
2026-06-18,MCD,284.38,278.61,284.76,277.93,8106427,2268977328.0,2.41,-1.84,-5.21,1.14
2026-06-18,MCDS,66.979,66.979,66.979,66.979,8,538.0,0.0,0.77,0.514,0.0
2026-06-18,MCFT,22.98,23.29,23.56,22.85,189084,4402725.0,3.14,2.96,0.67,1.16
2026-06-18,MCGA,10.23,10.23,10.23,10.22,43287,442665.0,0.1,0.2,0.02,0.24
2026-06-18,MCGAU,10.32,10.27,10.32,10.265,2602,26837.0,0.53,-0.48,-0.05,0.0
2026-06-18,MCGAW,0.35,0.35,0.35,0.35,59,18.0,0.0,0.0,0.0,0.0
2026-06-18,MCH,29.55,29.534,29.55,29.534,367,10832.0,0.05,0.52,0.154,0.0
2026-06-18,MCHB,14.77,14.66,14.9,14.55,738043,10831563.0,2.39,0.07,0.01,0.34
2026-06-18,MCHI,52.89,52.77,52.92,52.615,2766066,145940748.0,0.58,-0.43,-0.23,0.0
2026-06-18,MCHP,98.2,99.77,100.92,97.812,16353467,1628343840.0,3.3,6.01,5.66,3.02
2026-06-18,MCHPP,82.26,83.56,83.83,82.26,10781,897407.0,1.98,5.36,4.25,0.04
2026-06-18,MCHS,50.6,50.596,50.65,50.485,6125,308604.0,0.34,3.4,1.665,0.0
2026-06-18,MCHU,25.0,25.772,25.868,25.0,15592,397382.0,3.77,11.96,2.753,0.0
2026-06-18,MCHX,1.48,1.46,1.55,1.46,26130,38809.0,6.04,-2.01,-0.03,0.07
2026-06-18,MCI,17.63,17.75,17.93,17.61,26223,463723.0,1.82,0.74,0.13,0.13
2026-06-18,MCK,775.72,750.63,778.01,747.4,2477060,1865765728.0,3.93,-3.74,-29.17,2.12
2026-06-18,MCN,5.58,5.55,5.6,5.54,109621,609522.0,1.08,-0.54,-0.03,0.0
2026-06-18,MCO,457.63,450.67,460.25,448.845,1964518,886948480.0,2.5,-1.22,-5.55,1.12
2026-06-18,MCOW,21.06,21.06,21.06,21.06,13,293.0,0.0,1.94,0.4,0.0
2026-06-18,MCR,5.96,5.94,5.98,5.92,75078,447393.0,1.0,-0.67,-0.04,0.0
2026-06-18,MCRB,6.4,6.61,6.7,6.075,124619,808379.0,9.67,2.32,0.15,1.29
2026-06-18,MCRI,128.58,130.66,131.91,128.45,502187,65515077.0,2.71,2.27,2.9,2.83
2026-06-18,MCRP,1.6,1.74,1.87,1.56,834225,1412334.0,17.92,0.58,0.01,2.34
2026-06-18,MCS,24.1,23.85,24.34,23.43,332615,7964857.0,3.81,-0.04,-0.01,1.4
2026-06-18,MCVT,27.79,27.875,27.88,27.75,31556,875702.0,0.47,0.96,0.266,0.0
2026-06-18,MCY,101.85,102.67,102.925,99.37,745293,76222119.0,3.51,1.25,1.27,1.35
2026-06-18,MD,23.65,23.61,23.73,22.91,2146100,50468016.0,3.46,0.25,0.06,2.61
2026-06-18,MDA,39.7,39.4,40.06,37.81,2552597,99505892.0,5.78,1.13,0.44,1.84
2026-06-18,MDAA,119.643,119.643,119.643,119.643,5,598.0,0.0,1.74,2.044,0.0
2026-06-18,MDAI,1.85,1.82,1.85,1.74,513008,919041.0,6.08,0.55,0.01,1.61
2026-06-18,MDB,333.58,332.75,336.34,314.558,3010064,987262560.0,6.51,-0.58,-1.94,3.74
2026-06-18,MDBH,2.95,2.95,2.95,2.95,1263,3659.0,0.0,0.0,0.0,0.02
2026-06-18,MDCX,0.364,0.458,0.476,0.364,12185095,5244532.0,31.82,30.11,0.106,21.51
2026-06-18,MDCXW,0.48,0.48,0.48,0.48,2,1.0,0.0,0.0,0.0,0.0
2026-06-18,MDEV,18.48,18.615,18.615,18.47,1514,28014.0,0.79,0.94,0.173,0.0
2026-06-18,MDGL,500.38,505.75,511.28,485.56,486993,243938125.0,5.15,1.18,5.89,2.11
2026-06-18,MDIA,0.796,0.761,0.796,0.75,42291,32620.0,5.91,-2.19,-0.017,0.05
2026-06-18,MDIV,16.54,16.42,16.54,16.41,53856,886592.0,0.79,0.03,0.005,0.0
2026-06-18,MDLN,36.14,35.94,36.7,35.27,15306637,550598192.0,3.93,-1.32,-0.48,1.81
2026-06-18,MDLV,31.0,30.792,31.0,30.775,1930,59602.0,0.72,-0.79,-0.245,0.0
2026-06-18,MDLZ,60.93,60.12,61.02,59.77,25599322,1541078608.0,2.05,-1.22,-0.74,1.99
2026-06-18,MDPL,25.16,25.01,25.16,24.98,16257,406806.0,0.7,-2.24,-0.574,0.0
2026-06-18,MDRR,11.3,11.7,11.7,11.3,10860,126894.0,3.55,3.91,0.44,0.67
2026-06-18,MDST,28.4,28.57,28.6,28.05,89146,2528700.0,1.93,0.21,0.06,0.0
2026-06-18,MDT,78.59,79.34,79.51,78.45,22656856,1794624176.0,1.36,1.54,1.2,1.77
2026-06-18,MDU,20.92,21.29,21.335,20.92,3151679,66989252.0,1.99,1.91,0.4,1.51
2026-06-18,MDV,17.85,17.96,17.96,17.82,41843,749082.0,0.79,1.13,0.2,0.41
2026-06-18,MDV_A,25.33,25.405,25.405,25.33,3005,76277.0,0.3,0.26,0.065,0.18
2026-06-18,MDWD,14.4,14.24,14.4,14.1,69383,987786.0,2.11,0.28,0.04,0.54
2026-06-18,MDXG,3.628,3.67,3.715,3.628,2130568,7829198.0,2.41,1.66,0.06,1.43
2026-06-18,MDXH,0.564,0.543,0.569,0.542,327679,181777.0,4.8,-3.38,-0.019,0.64
2026-06-18,MDY,691.04,691.0,692.43,686.257,761126,525461888.0,0.9,0.75,5.13,0.0
2026-06-18,MDYG,110.16,110.53,110.55,109.395,43671,4810723.0,1.06,1.3,1.42,0.0
2026-06-18,MDYV,93.16,93.46,93.8,93.16,42505,3974341.0,0.69,0.8,0.74,0.0
2026-06-18,MEAR,50.29,50.31,50.32,50.26,137862,6934693.0,0.12,0.02,0.01,0.0
2026-06-18,MEC,34.23,35.68,35.765,33.45,637158,22466123.0,6.91,6.48,2.17,2.56
2026-06-18,MED,11.27,11.04,11.41,11.01,504037,5581677.0,3.56,-1.87,-0.21,4.53
2026-06-18,MEDI,30.95,30.85,30.95,30.83,1091,33731.0,0.39,-0.96,-0.3,0.0
2026-06-18,MEDP,463.05,460.2,463.34,447.95,472736,216736632.0,3.37,0.68,3.11,1.66
2026-06-18,MEDX,33.895,33.876,33.895,33.876,228,7748.0,0.06,-1.02,-0.35,0.0
2026-06-18,MEGI,15.16,15.1,15.267,15.02,87325,1318134.0,1.64,0.27,0.04,0.0
2026-06-18,MEGL,1.235,1.18,1.29,1.151,33760,40234.0,11.12,-5.6,-0.07,0.83
2026-06-18,MEI,11.92,14.02,14.14,11.89,1617324,21952636.0,19.45,21.18,2.45,4.56
2026-06-18,MELI,1635.0,1635.15,1647.67,1608.09,655326,1070881328.0,2.43,0.2,3.33,1.29
2026-06-18,MEM,46.74,47.08,47.09,46.74,4522,212647.0,0.77,3.44,1.565,0.0
2026-06-18,MEMA,32.83,32.905,32.93,32.82,20122,661213.0,0.34,1.84,0.593,0.0
2026-06-18,MEME,10.28,10.34,10.37,9.87,209738,2132401.0,5.02,3.82,0.38,0.0
2026-06-18,MEMS,32.32,32.288,32.35,32.288,1174,37938.0,0.2,1.65,0.525,0.0
2026-06-18,MEMX,50.98,51.356,51.356,50.98,1366,69809.0,0.76,3.88,1.916,0.0
2026-06-18,MEMY,22.05,22.423,22.423,22.05,556,12316.0,1.7,2.45,0.537,0.0
2026-06-18,MENS,1.6,1.56,1.65,1.53,120949,191607.0,7.5,-2.5,-0.04,0.16
2026-06-18,MEOH,55.0,53.18,55.0,52.01,1820739,96697670.0,5.42,-3.61,-1.99,2.35
2026-06-18,MERC,0.917,0.859,0.917,0.841,508590,439103.0,8.6,-2.83,-0.025,0.76
2026-06-18,MER_K,25.34,25.38,25.41,25.34,19093,484376.0,0.28,-0.08,-0.02,0.0
2026-06-18,MESH,10.0,9.99,10.0,9.99,44554,445210.0,0.1,0.0,0.0,0.13
2026-06-18,MESHU,10.15,10.15,10.15,10.15,1800,18270.0,0.0,0.79,0.08,0.0
2026-06-18,MESHW,0.27,0.31,0.34,0.268,274927,82802.0,26.67,14.81,0.04,0.0
2026-06-18,MESO,14.35,14.37,14.57,14.19,126036,1803306.0,2.72,2.86,0.4,0.1
2026-06-18,MET,87.1,85.58,87.69,85.38,8338284,715433088.0,2.69,-0.31,-0.27,1.3
2026-06-18,META,572.82,577.22,580.215,563.1,28824630,16572938240.0,3.02,1.7,9.64,1.31
2026-06-18,METC,14.61,13.99,14.89,13.94,1473512,20840097.0,6.54,-3.72,-0.54,2.74
2026-06-18,METCB,9.94,9.65,10.13,9.54,63461,614897.0,5.94,-2.92,-0.29,0.56
2026-06-18,METCI,25.34,25.34,25.34,25.24,2290,57981.0,0.39,0.0,0.0,0.0
2026-06-18,METCZ,25.27,25.3,25.3,25.27,972,24616.0,0.12,0.12,0.03,0.0
2026-06-18,METD,17.34,17.2,17.62,17.13,423485,7334384.0,2.8,-1.66,-0.29,0.0
2026-06-18,METL,28.87,28.036,28.87,27.866,12264,344875.0,3.53,-1.34,-0.38,0.0
2026-06-18,METU,21.26,21.52,21.755,20.515,3636732,77271497.0,5.95,3.26,0.68,0.0
2026-06-18,METV,18.51,18.66,18.7,18.345,81685,1515140.0,1.95,2.3,0.42,0.0
2026-06-18,METW,25.08,25.404,25.42,24.84,9427,237401.0,2.33,2.27,0.564,0.0
2026-06-18,MET_A,21.77,21.8,21.952,21.75,11746,256291.0,0.93,0.28,0.06,0.05
2026-06-18,MET_E,22.45,22.44,22.45,22.32,38037,851280.0,0.58,0.63,0.14,0.12
2026-06-18,MET_F,18.65,18.69,18.73,18.55,43891,819732.0,0.97,0.38,0.07,0.11
2026-06-18,MEVO,9.94,9.94,9.94,9.94,26717,265567.0,0.0,0.0,0.0,0.09
2026-06-18,MEVOU,10.25,10.25,10.25,10.25,57,576.0,0.0,0.0,0.0,0.0
2026-06-18,MEVOW,0.4,0.4,0.4,0.372,655,259.0,7.0,0.0,0.0,0.0
2026-06-18,MEXX,32.75,31.23,32.75,31.22,14948,474562.0,4.89,-0.16,-0.05,0.0
2026-06-18,MFA,9.42,9.53,9.555,9.42,3861662,36763874.0,1.44,1.6,0.15,3.8
2026-06-18,MFAN,25.18,25.15,25.18,25.12,2515,63270.0,0.24,-0.12,-0.03,0.0
2026-06-18,MFAO,25.16,25.21,25.21,25.14,6090,153329.0,0.28,0.0,0.0,0.0
2026-06-18,MFA_B,20.16,20.21,20.28,20.16,10017,202517.0,0.59,0.05,0.01,0.12
2026-06-18,MFA_C,22.84,22.82,22.84,22.78,76487,1744616.0,0.26,0.09,0.02,0.67
2026-06-18,MFC,40.65,40.61,40.82,40.35,1433202,58189623.0,1.16,0.54,0.22,0.09
2026-06-18,MFDX,42.31,42.191,42.31,42.13,5442,229759.0,0.43,0.43,0.181,0.0
2026-06-18,MFEM,29.36,29.531,29.58,29.36,2346,69179.0,0.76,1.97,0.571,0.0
2026-06-18,MFG,10.34,10.3,10.375,10.28,3488028,35962860.0,0.94,1.58,0.16,0.03
2026-06-18,MFI,7.9,9.875,10.77,7.84,68271,668329.0,37.28,25.64,2.015,0.14
2026-06-18,MFIC,10.0,9.93,10.03,9.84,1006331,9974454.0,1.92,0.2,0.02,1.22
2026-06-18,MFICL,25.3,25.33,25.4,25.28,4762,120688.0,0.47,-0.47,-0.12,0.0
2026-06-18,MFIG,20.2,20.379,20.379,20.186,4826,97764.0,0.96,0.89,0.179,0.0
2026-06-18,MFIN,9.59,9.53,9.69,9.38,81790,780032.0,3.26,0.11,0.01,0.35
2026-06-18,MFLX,17.36,17.36,17.38,17.36,34159,593696.0,0.12,0.26,0.045,0.0
2026-06-18,MFM,5.48,5.54,5.55,5.48,136607,754965.0,1.27,0.73,0.04,0.0
2026-06-18,MFMO,25.05,24.946,25.05,24.66,40966,1019246.0,1.6,2.46,0.6,0.0
2026-06-18,MFSB,25.04,25.015,25.05,25.0,73734,1845570.0,0.2,0.28,0.07,0.0
2026-06-18,MFSG,30.64,30.65,30.69,30.408,76077,2329374.0,0.94,1.89,0.569,0.0
2026-06-18,MFSI,32.46,32.6,32.65,32.42,217962,7088378.0,0.71,0.96,0.31,0.0
2026-06-18,MFSM,25.17,25.19,25.19,25.17,3865,97351.0,0.08,0.24,0.06,0.0
2026-06-18,MFSV,28.67,28.36,28.67,28.34,353942,10053529.0,1.16,-0.07,-0.02,0.0
2026-06-18,MFUL,22.34,22.37,22.37,22.34,252,5643.0,0.13,0.2,0.045,0.0
2026-06-18,MFUS,66.58,66.238,66.58,66.12,8077,535230.0,0.7,0.7,0.458,0.0
2026-06-18,MFUT,19.079,19.03,19.079,18.985,2928,55660.0,0.49,-0.52,-0.1,0.0
2026-06-18,MFVL,19.73,19.816,19.845,19.73,6161,121944.0,0.58,-0.07,-0.014,0.0
2026-06-18,MG,18.55,18.46,18.87,18.24,450853,8342824.0,3.43,0.49,0.09,1.42
2026-06-18,MGA,65.15,65.35,66.27,64.83,1440253,94302572.0,2.22,0.71,0.46,0.53
2026-06-18,MGC,274.88,274.85,275.259,273.405,61737,16949928.0,0.68,1.13,3.07,0.0
2026-06-18,MGEE,76.07,75.92,77.25,75.2,624049,47383299.0,2.71,0.25,0.19,1.56
2026-06-18,MGF,2.83,2.85,2.86,2.82,34044,96467.0,1.41,0.35,0.01,0.0
2026-06-18,MGIH,1.55,1.51,1.55,1.51,3397,5224.0,2.63,-0.66,-0.01,0.03
2026-06-18,MGK,88.26,88.57,88.74,87.52,1292988,114113575.0,1.4,1.76,1.53,0.0
2026-06-18,MGKX,23.05,23.146,23.146,23.02,733,16892.0,0.56,3.72,0.831,0.0
2026-06-18,MGLD,1.09,1.05,1.13,1.05,44173,48168.0,7.08,-7.08,-0.08,0.1
2026-06-18,MGM,47.6,46.84,48.18,46.71,5357093,251908747.0,3.13,-0.21,-0.1,2.09
2026-06-18,MGMT,49.36,50.38,50.38,49.35,13013,646198.0,2.08,1.72,0.85,0.0
2026-06-18,MGN,0.14,0.139,0.147,0.135,1202350,169769.0,8.57,-0.71,-0.001,3.76
2026-06-18,MGNI,18.15,17.89,18.215,17.57,4252740,76167977.0,3.54,-1.92,-0.35,2.97
2026-06-18,MGNR,51.76,51.05,51.76,50.815,54556,2781718.0,1.83,-0.88,-0.455,0.0
2026-06-18,MGNX,4.02,4.13,4.17,3.96,973000,3977896.0,5.18,4.29,0.17,
2026-06-18,MGOV,20.28,20.23,20.28,20.2,8131,164635.0,0.4,0.25,0.05,0.0
2026-06-18,MGPI,15.96,16.44,16.6,15.85,278375,4563474.0,4.76,4.31,0.68,1.3
2026-06-18,MGR,20.21,20.32,20.33,20.13,68739,1396262.0,0.99,0.59,0.12,0.0
2026-06-18,MGRB,16.92,16.85,16.92,16.81,13227,222887.0,0.65,0.24,0.04,0.0
2026-06-18,MGRC,114.63,118.19,118.51,114.63,426736,49899821.0,3.41,3.89,4.43,1.74
2026-06-18,MGRD,15.017,15.025,15.04,14.96,48216,723029.0,0.53,-0.17,-0.025,0.0
2026-06-18,MGRE,23.4,23.39,23.499,23.22,168521,3938346.0,1.19,0.13,0.03,0.0
2026-06-18,MGRT,79.76,71.95,89.46,71.95,12437,983951.0,23.04,-5.33,-4.05,0.09
2026-06-18,MGRX,0.332,0.317,0.345,0.303,440412,140811.0,12.65,-4.52,-0.015,2.57
2026-06-18,MGTX,10.73,11.32,11.745,10.605,2519936,28356260.0,10.95,8.74,0.91,2.72
2026-06-18,MGV,163.51,162.27,163.598,162.19,255339,41523100.0,0.87,0.19,0.31,0.0
2026-06-18,MGX,1.19,1.2,1.23,1.19,190432,230088.0,3.39,1.69,0.02,0.51
2026-06-18,MGY,26.56,26.41,26.58,26.0,4969230,130846675.0,2.16,-1.68,-0.45,2.69
2026-06-18,MGYR,17.25,18.15,18.15,17.219,20224,362437.0,5.41,5.52,0.95,0.31
2026-06-18,MH,10.01,9.68,10.02,9.39,1376964,13346585.0,6.24,-4.16,-0.42,0.72
2026-06-18,MHD,11.72,11.73,11.77,11.66,349903,4106500.0,0.94,0.69,0.08,0.0
2026-06-18,MHF,6.93,6.94,6.95,6.91,56415,390504.0,0.58,0.14,0.01,0.0
2026-06-18,MHH,7.7,7.59,7.888,7.19,46136,345907.0,9.12,-0.78,-0.06,0.38
2026-06-18,MHIP,19.668,19.668,19.668,19.668,11,217.0,0.0,0.02,0.004,0.0
2026-06-18,MHK,109.31,112.3,115.02,109.31,1164968,131357103.0,5.29,3.94,4.26,1.91
2026-06-18,MHLA,11.72,11.14,11.72,11.14,5623,64209.0,5.08,-2.45,-0.28,0.0
2026-06-18,MHNC,12.4,12.245,12.63,12.18,12817,159625.0,3.64,-0.99,-0.123,0.0
2026-06-18,MHO,143.32,149.09,151.015,143.32,447645,66585085.0,5.39,4.42,6.31,1.75
2026-06-18,MHY,25.68,25.666,25.69,25.666,8854,227415.0,0.09,0.31,0.079,0.0
2026-06-18,MI,12.55,12.1,12.55,12.1,923,11272.0,3.72,0.0,0.0,0.4
2026-06-18,MIAX,38.02,37.65,38.81,36.68,3696538,139100068.0,5.63,-0.4,-0.15,3.89
2026-06-18,MICC,16.59,16.77,16.88,16.59,2048800,34338192.0,1.67,-1.81,-0.31,0.33
2026-06-18,MID,67.32,67.584,67.64,67.31,3754,253326.0,0.5,1.4,0.931,0.0
2026-06-18,MIDD,166.89,172.26,173.42,166.89,2418675,415387888.0,3.96,4.55,7.49,5.35
2026-06-18,MIDE,37.751,37.751,37.751,37.751,65,2484.0,0.0,0.74,0.279,0.0
2026-06-18,MIDU,70.89,71.24,71.47,70.01,9318,661522.0,2.11,2.8,1.94,0.0
2026-06-18,MIG,21.3,21.325,21.33,21.3,1802,38438.0,0.14,0.35,0.075,0.0
2026-06-18,MIGO,30.351,30.351,30.351,30.351,1,30.0,0.0,2.72,0.804,0.0
2026-06-18,MILK,24.725,24.675,24.725,24.675,946,23411.0,0.2,0.11,0.027,0.0
2026-06-18,MILN,42.588,43.265,43.41,42.588,9622,414616.0,1.93,1.79,0.76,0.0
2026-06-18,MIMI,2.8,2.88,3.06,2.8,58501,169453.0,9.06,0.35,0.01,2.85
2026-06-18,MIN,2.44,2.43,2.45,2.43,117287,286162.0,0.82,-0.41,-0.01,0.0
2026-06-18,MIND,5.06,5.27,5.28,5.04,93851,486013.0,4.78,4.98,0.25,1.03
2026-06-18,MINE,2.65,2.59,2.668,2.505,93556,241827.0,6.13,-2.63,-0.07,0.14
2026-06-18,MINN,22.4,22.425,22.45,22.4,4599,103126.0,0.22,-0.11,-0.025,0.0
2026-06-18,MINO,45.66,45.6,45.66,45.54,77601,3536849.0,0.26,0.24,0.11,0.0
2026-06-18,MINT,100.7,100.72,100.72,100.68,1153478,116158731.0,0.04,0.07,0.07,0.0
2026-06-18,MINV,57.22,58.676,58.85,57.22,11571,676012.0,2.93,5.64,3.135,0.0
2026-06-18,MINY,41.05,41.282,41.91,40.89,4116,169826.0,2.47,-0.11,-0.046,0.0
2026-06-18,MIR,17.75,18.61,19.14,17.68,8561100,158992080.0,8.22,5.44,0.96,
2026-06-18,MIRA,0.96,0.952,0.974,0.95,69672,66793.0,2.45,-2.66,-0.026,0.17
2026-06-18,MIRM,104.48,107.13,107.71,104.345,1576815,167841312.0,3.3,4.99,5.09,2.59
2026-06-18,MISL,47.81,46.4,47.81,46.005,63913,2958527.0,3.82,-1.92,-0.91,0.0
2026-06-18,MIST,1.35,1.3,1.375,1.3,1338096,1775024.0,5.73,-0.76,-0.01,1.07
2026-06-18,MITK,17.07,17.25,17.81,16.62,1770600,30670358.0,7.05,2.28,0.38,3.92
2026-06-18,MITN,25.45,25.42,25.45,25.42,807,20520.0,0.12,-0.12,-0.03,0.0
2026-06-18,MITP,25.398,25.4,25.4,25.32,5938,150730.0,0.32,0.04,0.01,0.0
2026-06-18,MITQ,0.562,0.54,0.628,0.54,78022,43327.0,15.3,-6.09,-0.035,0.78
2026-06-18,MITT,7.97,7.94,8.03,7.86,295824,2345409.0,2.16,0.76,0.06,0.93
2026-06-18,MITT_A,22.71,22.71,22.71,22.71,1899,43062.0,0.0,2.76,0.61,0.11
2026-06-18,MITT_B,21.69,21.55,21.73,21.36,15949,344783.0,1.71,-0.42,-0.09,0.43
2026-06-18,MITT_C,24.95,24.99,25.0,24.94,6434,160675.0,0.24,0.16,0.04,0.17
2026-06-18,MIVL,25.21,25.183,25.21,25.183,7544,190183.0,0.11,0.06,0.016,0.0
2026-06-18,MIY,12.03,12.11,12.19,12.02,55623,673461.0,1.41,0.75,0.09,0.0
2026-06-18,MJ,24.82,25.19,25.43,24.72,34752,868090.0,2.83,0.48,0.12,0.0
2026-06-18,MJSC,63.05,62.439,63.05,62.22,33093,2068685.0,1.33,0.18,0.11,0.0
2026-06-18,MKAM,31.991,31.991,31.991,31.991,14,476.0,0.0,0.62,0.196,0.0
2026-06-18,MKC,46.32,46.64,47.17,45.9,15638117,729176256.0,2.73,0.32,0.15,6.16
2026-06-18,MKC_V,46.598,46.51,47.37,46.015,2962,138312.0,2.94,0.82,0.38,0.02
2026-06-18,MKDW,9.83,9.16,9.83,8.85,69465,641738.0,10.57,-1.24,-0.115,1.65
2026-06-18,MKDWW,0.013,0.013,0.013,0.013,6,0.0,0.0,0.0,0.0,0.0
2026-06-18,MKL,1871.91,1847.16,1879.77,1846.03,90574,167754957.0,1.81,-1.14,-21.27,0.72
2026-06-18,MKLY,10.185,10.19,10.19,10.185,1528,15563.0,0.05,0.0,0.0,0.01
2026-06-18,MKLYR,0.21,0.23,0.23,0.21,35100,8023.0,8.7,0.0,0.0,0.0
2026-06-18,MKOR,69.91,70.93,71.336,69.91,18654,1319554.0,2.1,4.52,3.065,0.0
2026-06-18,MKSI,386.56,406.37,408.87,382.001,2127039,853659616.0,7.24,9.46,35.11,3.15
2026-06-18,MKTN,25.23,25.512,25.68,25.23,3179,81209.0,1.75,-0.65,-0.168,0.0
2026-06-18,MKTW,16.8,16.745,17.0,16.35,17182,288367.0,3.9,0.39,0.065,0.65
2026-06-18,MKTX,121.38,120.33,122.97,119.44,1239561,149399181.0,2.94,0.36,0.43,3.49
2026-06-18,MKZR,1.74,1.69,2.05,1.685,130825,235978.0,21.04,-2.59,-0.045,5.8
2026-06-18,MLAA,9.94,9.94,9.94,9.94,2175,21624.0,0.0,0.0,0.0,0.01
2026-06-18,MLAAW,0.23,0.23,0.24,0.22,4717,1087.0,8.93,2.68,0.006,0.0
2026-06-18,MLAB,95.68,95.1,97.796,94.135,174251,16586993.0,3.86,0.16,0.15,3.15
2026-06-18,MLCI,2.77,2.78,2.85,2.728,43258,120133.0,4.39,0.0,0.0,0.39
2026-06-18,MLCIL,22.75,22.85,22.85,22.75,1444,32892.0,0.44,0.35,0.08,0.0
2026-06-18,MLCO,5.4,5.53,5.57,5.4,1256939,6949558.0,3.13,1.65,0.09,0.32
2026-06-18,MLDR,48.585,48.585,48.585,48.585,31,1527.0,0.0,0.29,0.14,0.0
2026-06-18,MLEC,7.783,8.18,8.69,7.24,70288,598532.0,18.69,5.41,0.42,9.68
2026-06-18,MLECW,0.016,0.015,0.019,0.015,74346,1423.0,22.22,-16.67,-0.003,0.0
2026-06-18,MLGO,4.85,4.84,4.89,4.69,63568,304966.0,4.14,0.21,0.01,0.58
2026-06-18,MLI,139.9,137.39,140.96,136.24,2532759,348126768.0,3.41,-0.68,-0.94,2.29
2026-06-18,MLKN,16.08,16.5,16.81,15.965,1504609,24805821.0,5.37,4.76,0.75,2.2
2026-06-18,MLM,599.8,609.12,616.61,595.11,1130375,688114672.0,3.64,3.05,18.04,1.88
2026-06-18,MLN,17.63,17.66,17.67,17.63,373203,6590499.0,0.23,0.28,0.05,0.0
2026-06-18,MLP,17.95,18.44,18.44,17.33,39470,713919.0,6.24,3.6,0.64,0.2
2026-06-18,MLPA,51.9,52.01,52.2,51.23,178125,9222431.0,1.87,0.21,0.11,0.0
2026-06-18,MLPB,28.0,28.148,28.16,28.0,1803,50593.0,0.57,0.32,0.089,0.0
2026-06-18,MLPD,24.73,24.95,24.96,24.73,6751,167983.0,0.93,0.44,0.109,0.0
2026-06-18,MLPI,54.34,54.27,54.4,53.4,337553,18214583.0,1.84,-0.15,-0.08,0.0
2026-06-18,MLPR,67.49,67.81,67.81,67.305,1077,72757.0,0.75,1.35,0.9,0.0
2026-06-18,MLPX,71.9,72.25,72.45,70.83,851097,61290160.0,2.25,0.51,0.37,0.0
2026-06-18,MLR,49.02,49.77,50.19,48.265,99877,4957479.0,3.96,2.26,1.1,0.88
2026-06-18,MLSS,0.335,0.371,0.388,0.335,414228,151225.0,15.59,9.12,0.031,0.47
2026-06-18,MLTX,19.63,19.21,19.8,19.0,774519,14941564.0,4.17,0.1,0.02,1.05
2026-06-18,MLYS,25.58,24.63,25.99,24.52,4062205,101618034.0,5.85,-1.99,-0.5,4.61
2026-06-18,MMA,0.523,0.502,0.534,0.478,539209,269591.0,10.24,-8.23,-0.045,2.04
2026-06-18,MMAX,27.05,27.03,27.05,27.03,3713,100392.0,0.07,0.09,0.025,0.0
2026-06-18,MMAY,32.64,32.631,32.64,32.631,100,3264.0,0.03,0.51,0.166,0.0
2026-06-18,MMCA,21.82,21.783,21.82,21.78,6624,144390.0,0.18,0.24,0.053,0.0
2026-06-18,MMD,15.41,15.32,15.41,15.32,26838,412441.0,0.59,-0.13,-0.02,0.1
2026-06-18,MMED,14.39,14.77,14.955,14.165,2855024,42063198.0,5.58,4.23,0.6,1.02
2026-06-18,MMI,29.26,29.32,29.61,29.01,340099,9959351.0,2.07,1.17,0.34,0.9
2026-06-18,MMID,26.05,26.015,26.05,26.015,431,11228.0,0.14,0.82,0.211,0.0
2026-06-18,MMIN,24.14,24.12,24.17,24.12,72547,1751817.0,0.21,0.1,0.023,0.0
2026-06-18,MMIT,24.4,24.36,24.4,24.34,238865,5819541.0,0.25,0.21,0.05,0.0
2026-06-18,MMK,100.23,100.195,100.23,100.195,1673,171477.0,0.03,0.03,0.03,0.0
2026-06-18,MMKT,100.19,100.195,100.2,100.19,3744,375134.0,0.01,-0.05,-0.05,0.0
2026-06-18,MMLP,2.615,2.39,2.63,2.27,105580,253483.0,14.01,-7.0,-0.18,0.27
2026-06-18,MMM,161.61,160.6,162.22,159.91,6934632,1115590848.0,1.45,0.86,1.37,1.33
2026-06-18,MMMA,25.49,25.49,25.49,25.49,4,102.0,0.0,0.39,0.099,0.0
2026-06-18,MMS,59.01,55.74,59.01,55.26,1635039,92161147.0,6.32,-6.13,-3.64,3.11
2026-06-18,MMSC,28.72,28.66,28.72,28.11,6263,177925.0,2.18,2.47,0.69,0.0
2026-06-18,MMSD,25.38,25.38,25.38,25.38,129,3287.0,0.0,0.19,0.049,0.0
2026-06-18,MMSI,65.13,67.22,67.53,64.5,1182124,79186752.0,4.64,3.03,1.98,1.98
2026-06-18,MMT,4.52,4.47,4.525,4.45,201248,902627.0,1.66,-0.89,-0.04,0.0
2026-06-18,MMTM,314.14,314.079,314.65,313.11,3378,1062354.0,0.49,0.47,1.454,0.0
2026-06-18,MMTX,10.12,10.12,10.12,10.12,8,81.0,0.0,0.0,0.0,0.0
2026-06-18,MMU,10.35,10.38,10.4,10.32,123225,1277639.0,0.77,0.48,0.05,0.0
2026-06-18,MMYT,46.0,46.72,47.0,45.11,887137,41203878.0,4.16,2.79,1.27,0.99
2026-06-18,MNA,36.37,36.339,36.405,36.33,14497,527043.0,0.21,0.09,0.031,0.0
2026-06-18,MNBD,25.97,25.966,25.995,25.966,2913,75695.0,0.11,-0.21,-0.054,0.0
2026-06-18,MNDO,0.924,0.958,0.96,0.91,63033,58498.0,5.32,1.91,0.018,0.31
2026-06-18,MNDR,0.68,0.61,0.69,0.578,231253,148881.0,16.72,-8.96,-0.06,4.34
2026-06-18,MNDY,72.4,71.53,73.17,70.3,1639227,117646467.0,3.91,-2.52,-1.85,3.2
2026-06-18,MNKD,4.0,3.94,4.02,3.83,16622952,65389236.0,4.85,0.51,0.02,5.38
2026-06-18,MNOV,1.34,1.32,1.34,1.315,34840,46032.0,1.87,-1.49,-0.02,0.07
2026-06-18,MNPR,66.56,67.47,67.9,65.0,128113,8516416.0,4.5,4.78,3.08,1.91
2026-06-18,MNR,12.3,12.45,12.5,12.16,675428,8371772.0,2.73,-0.16,-0.02,0.4
2026-06-18,MNRO,15.48,15.55,16.18,15.41,5887568,91716994.0,5.07,2.37,0.36,19.61
2026-06-18,MNRS,48.75,48.606,48.85,47.285,8615,415806.0,3.33,3.55,1.666,0.0
2026-06-18,MNSB,23.93,23.86,24.32,23.65,82779,1976804.0,2.84,1.14,0.27,1.16
2026-06-18,MNSBP,25.2,25.2,25.2,25.2,196,4910.0,0.0,0.0,0.0,0.02
2026-06-18,MNSO,12.0,11.94,12.04,11.865,741366,8859250.0,1.44,-1.73,-0.21,0.24
2026-06-18,MNST,92.02,91.34,92.35,90.96,12605489,1153014112.0,1.52,-0.35,-0.32,1.29
2026-06-18,MNTK,1.58,1.59,1.615,1.55,215579,342167.0,4.17,1.92,0.03,0.15
2026-06-18,MNTN,8.43,8.35,8.51,8.1,1426828,11889276.0,4.86,-0.95,-0.08,2.34
2026-06-18,MNTS,10.22,10.35,10.8,9.46,4370149,43928499.0,13.32,2.88,0.29,23.2
2026-06-18,MNTSW,0.03,0.03,0.03,0.028,154315,4488.0,6.67,0.0,0.0,0.0
2026-06-18,MNVT,30.0,31.16,31.19,29.91,24717,758005.0,4.28,4.25,1.27,0.0
2026-06-18,MNY,1.17,1.18,1.225,1.15,9845,11543.0,6.58,3.51,0.04,0.03
2026-06-18,MNYWW,0.05,0.05,0.05,0.045,80597,3898.0,11.11,11.11,0.005,0.0
2026-06-18,MNZL,60.67,60.819,60.819,60.63,1094,66453.0,0.32,1.8,1.076,0.0
2026-06-18,MO,68.98,69.12,69.3,68.07,19057506,1315869168.0,1.78,0.25,0.17,1.14
2026-06-18,MOAT,101.93,102.12,102.415,101.57,1046444,106825051.0,0.83,0.81,0.82,0.0
2026-06-18,MOB,5.74,5.69,5.75,5.5,79409,448521.0,4.5,2.52,0.14,0.63
2026-06-18,MOBBW,2.41,2.38,2.41,2.35,1903,4536.0,2.58,2.15,0.05,0.0
2026-06-18,MOBI,14.28,14.25,14.64,12.75,804449,11370370.0,13.01,-1.93,-0.28,2.42
2026-06-18,MOBX,2.04,2.1,2.18,2.03,697305,1464401.0,7.39,3.45,0.07,5.27
2026-06-18,MOBXW,0.102,0.095,0.11,0.095,37830,3823.0,14.85,-5.94,-0.006,0.0
2026-06-18,MOD,291.81,297.37,302.99,284.43,1700900,501859392.0,6.54,4.75,13.49,3.22
2026-06-18,MODD,4.35,5.15,5.29,4.1,96262,478174.0,26.68,15.47,0.69,1.78
2026-06-18,MODL,50.81,50.65,50.81,50.54,40809,2066350.0,0.54,0.84,0.422,0.0
2026-06-18,MOGU,2.21,2.11,2.25,2.07,3535,7611.0,8.14,-4.52,-0.1,0.05
2026-06-18,MOG_A,417.7,409.15,420.65,406.71,601033,246478245.0,3.39,-0.54,-2.22,2.11
2026-06-18,MOG_B,415.94,430.54,430.54,408.94,3737,1582565.0,5.27,4.99,20.47,0.12
2026-06-18,MOH,197.61,195.37,198.36,193.86,1029704,201097922.0,2.3,-0.08,-0.16,1.98
2026-06-18,MOLN,3.98,3.82,3.98,3.82,1041,4053.0,4.1,-2.05,-0.08,0.0
2026-06-18,MOMO,5.59,5.44,5.59,5.395,3347239,18214415.0,3.49,-2.68,-0.15,3.11
2026-06-18,MOO,77.35,76.96,77.49,76.66,239396,18417019.0,1.07,-0.43,-0.33,0.0
2026-06-18,MOOD,44.13,44.248,44.248,44.12,17429,770293.0,0.29,1.05,0.459,0.0
2026-06-18,MORN,163.17,153.68,163.17,153.38,813034,125571127.0,5.96,-6.46,-10.62,2.14
2026-06-18,MORT,10.11,10.08,10.115,10.05,565108,5699108.0,0.65,0.5,0.05,0.0
2026-06-18,MOS,22.64,22.9,23.38,22.6,25679866,588736304.0,3.47,1.73,0.39,8.08
2026-06-18,MOTG,38.07,38.216,38.24,38.07,361,13797.0,0.45,0.61,0.231,0.0
2026-06-18,MOTI,33.64,33.75,33.75,33.62,7116,239932.0,0.39,0.2,0.066,0.0
2026-06-18,MOTO,67.11,67.383,67.383,67.11,206,13857.0,0.41,2.18,1.436,0.0
2026-06-18,MOV,37.57,38.46,38.5,37.45,401402,15365408.0,2.82,3.28,1.22,2.55
2026-06-18,MOVE,21.87,22.53,24.1,20.055,112843,2530181.0,19.2,6.93,1.46,5.7
2026-06-18,MP,61.39,60.88,61.56,59.55,7362909,446492576.0,3.3,0.07,0.04,4.14
2026-06-18,MPA,11.29,11.27,11.29,11.23,77869,875751.0,0.53,0.45,0.05,0.0
2026-06-18,MPAA,15.13,15.36,15.49,15.01,174404,2664665.0,3.22,2.88,0.43,0.92
2026-06-18,MPB,33.49,33.54,33.835,33.17,402512,13485475.0,2.01,1.51,0.5,1.59
2026-06-18,MPC,242.86,242.91,243.36,238.28,4962727,1202147456.0,2.08,-0.69,-1.7,1.7
2026-06-18,MPG,7.13,7.022,7.14,6.76,67478,469116.0,5.4,-0.23,-0.016,0.0
2026-06-18,MPL,19.51,19.22,19.51,18.48,41460,784819.0,5.31,-0.94,-0.183,0.0
2026-06-18,MPLT,30.01,28.82,30.41,28.66,1466885,42482209.0,5.99,-1.34,-0.39,3.44
2026-06-18,MPLX,55.74,56.84,56.92,55.43,3188465,180523522.0,2.66,1.66,0.93,0.31
2026-06-18,MPLY,32.065,32.312,32.312,32.065,2001,64299.0,0.78,1.45,0.462,0.0
2026-06-18,MPRO,32.59,32.54,32.6,32.53,24915,811581.0,0.22,0.24,0.078,0.0
2026-06-18,MPT,4.65,4.53,4.715,4.515,11076642,50619819.0,4.22,-4.43,-0.21,1.85
2026-06-18,MPTI,97.32,95.94,98.39,92.932,236529,22604923.0,5.68,-0.22,-0.21,5.47
2026-06-18,MPU,0.331,0.319,0.331,0.301,272376,85034.0,8.8,-6.45,-0.022,0.44
2026-06-18,MPV,17.45,17.35,17.45,16.89,8403,144753.0,3.24,0.52,0.09,0.0
2026-06-18,MPWR,1529.24,1563.7,1581.04,1515.62,1935562,3016164944.0,4.52,7.97,115.49,3.94
2026-06-18,MPWX,21.2,22.117,22.29,21.14,43039,928397.0,6.03,16.04,3.057,0.0
2026-06-18,MQ,3.91,3.88,3.99,3.86,5320015,20714345.0,3.36,0.26,0.01,1.36
2026-06-18,MQQQ,243.87,248.504,248.504,243.41,35230,8708879.0,2.16,5.19,12.264,0.0
2026-06-18,MQY,11.43,11.44,11.47,11.405,361189,4132920.0,0.57,0.7,0.08,0.0
2026-06-18,MRA,24.385,24.385,24.385,24.385,5,122.0,0.0,0.71,0.172,0.0
2026-06-18,MRAL,75.94,75.1,76.115,69.96,84892,6198463.0,8.5,3.77,2.73,0.0
2026-06-18,MRAM,27.08,27.11,27.85,25.97,3830750,103578091.0,7.32,5.57,1.43,16.34
2026-06-18,MRBK,19.5,19.25,19.7,19.14,170545,3292143.0,2.91,-0.1,-0.02,1.43
2026-06-18,MRCP,34.28,34.325,34.325,34.28,392,13444.0,0.13,0.5,0.17,0.0
2026-06-18,MRCY,118.06,113.91,119.899,112.6,1796489,205068220.0,6.32,-1.38,-1.59,2.99
2026-06-18,MRDN,13.41,14.32,14.375,13.41,81862,1145020.0,7.26,7.75,1.03,0.65
2026-06-18,MREO,0.31,0.309,0.329,0.309,1440204,455794.0,6.45,-0.32,-0.001,0.9
2026-06-18,MRGR,45.435,45.357,45.435,45.357,184,8378.0,0.17,0.28,0.128,0.0
2026-06-18,MRK,114.64,113.87,114.94,111.57,29521620,3358824128.0,2.92,-1.36,-1.57,1.2
2026-06-18,MRKR,1.35,1.33,1.4,1.33,46576,62695.0,5.19,-1.48,-0.02,0.28
2026-06-18,MRLN,6.61,6.69,6.83,6.26,4954590,32816121.0,8.72,2.29,0.15,5.13
2026-06-18,MRM,1.131,1.16,1.18,1.13,22933,26466.0,4.31,0.0,0.0,0.29
2026-06-18,MRNA,63.96,63.96,67.74,60.73,24078835,1533602192.0,11.34,3.5,2.16,6.07
2026-06-18,MRNO,0.29,0.285,0.32,0.285,140873,41148.0,12.11,-1.38,-0.004,0.18
2026-06-18,MRNOW,0.03,0.04,0.088,0.023,1405536,70254.0,203.13,25.0,0.008,0.0
2026-06-18,MRNX,37.03,36.565,44.95,32.0,65507,2358970.0,37.97,7.2,2.455,0.0
2026-06-18,MRNY,18.44,18.4,19.399,17.63,207601,3822620.0,9.73,1.21,0.22,0.0
2026-06-18,MRP,28.49,28.4,28.865,28.38,8733165,248586214.0,1.73,1.21,0.34,5.66
2026-06-18,MRSH,164.96,162.41,165.0,160.68,4188346,680325696.0,2.63,-1.1,-1.81,0.87
2026-06-18,MRSK,38.3,38.452,38.52,38.29,13807,531130.0,0.6,0.49,0.189,0.0
2026-06-18,MRT,1.69,1.76,1.78,1.69,21974,38400.0,5.06,-1.12,-0.02,0.03
2026-06-18,MRTN,16.9,16.85,16.97,16.7,1152900,19430770.0,1.63,1.57,0.26,1.41
2026-06-18,MRVI,5.31,5.2,5.31,5.01,9280186,48205966.0,5.75,-0.38,-0.02,6.29
2026-06-18,MRVL,305.465,310.58,329.88,302.36,250989360,78758612992.0,9.5,7.27,21.04,28.69
2026-06-18,MRVU,250.79,256.51,286.12,243.353,482288,129238915.0,19.07,14.35,32.19,0.0
2026-06-18,MRX,62.0,64.85,65.315,60.87,1396456,89738370.0,7.22,5.29,3.26,1.91
2026-06-18,MS,229.09,223.17,230.47,222.885,11933213,2687646624.0,3.37,-0.8,-1.79,0.76
2026-06-18,MSA,162.16,164.39,164.978,161.05,824172,135245225.0,2.45,2.62,4.19,2.13
2026-06-18,MSAI,5.69,5.92,6.02,5.385,108057,621456.0,11.3,5.34,0.3,5.35
2026-06-18,MSAIW,0.029,0.03,0.03,0.021,20830,547.0,31.03,3.45,0.001,0.0
2026-06-18,MSB,24.8,24.78,25.31,24.67,40000,999145.0,2.58,0.24,0.06,0.31
2026-06-18,MSBI,29.84,29.43,29.85,29.15,291200,8570271.0,2.4,1.06,0.31,1.41
2026-06-18,MSBIP,25.45,25.45,25.45,25.45,200,5862.0,0.0,0.55,0.14,0.01
2026-06-18,MSBT,18.44,18.04,18.44,17.84,800330,14390058.0,3.25,-2.17,-0.4,0.0
2026-06-18,MSC,1.97,1.92,2.02,1.92,8777,17285.0,4.93,-5.42,-0.11,0.0
2026-06-18,MSCI,600.3,581.19,600.3,580.0,1002745,586226640.0,3.4,-2.63,-15.7,1.38
2026-06-18,MSD,7.31,7.34,7.38,7.29,155936,1146884.0,1.23,0.55,0.04,0.0
2026-06-18,MSDD,47.54,47.875,47.875,47.532,2118,100940.0,0.72,0.02,0.01,0.0
2026-06-18,MSDL,15.39,15.37,15.43,15.2,1593595,24494135.0,1.52,1.39,0.21,1.88
2026-06-18,MSEX,52.25,52.06,52.58,51.61,269679,14046736.0,1.87,0.42,0.22,1.45
2026-06-18,MSFD,14.25,14.22,14.435,14.13,352914,5031631.0,2.15,0.07,0.01,0.0
2026-06-18,MSFL,15.28,15.33,15.518,14.87,1994999,30331171.0,4.22,-0.13,-0.02,0.0
2026-06-18,MSFO,10.66,10.7,10.75,10.54,93826,996976.0,1.95,-0.56,-0.06,0.0
2026-06-18,MSFT,377.82,379.4,381.37,373.28,59714157,22588478208.0,2.14,0.13,0.49,0.8
2026-06-18,MSFU,23.055,23.21,23.5,22.5,8480423,195548531.0,4.31,0.0,0.0,0.0
2026-06-18,MSFW,25.3,25.368,25.47,24.915,14980,378490.0,2.19,0.26,0.067,0.0
2026-06-18,MSFX,15.32,15.3,15.46,14.85,246624,3745875.0,4.0,0.26,0.04,0.0
2026-06-18,MSFY,16.76,16.711,16.77,16.445,14652,243443.0,1.94,-0.23,-0.039,0.0
2026-06-18,MSGE,73.25,73.43,74.96,73.128,665843,49022522.0,2.51,0.59,0.43,1.65
2026-06-18,MSGM,3.75,3.96,3.96,3.75,39370,153680.0,5.6,5.6,0.21,0.94
2026-06-18,MSGS,364.34,370.1,371.48,359.19,427214,157482448.0,3.4,2.3,8.32,2.19
2026-06-18,MSGY,0.581,0.58,0.599,0.53,393275,223780.0,11.56,-2.85,-0.017,2.76
2026-06-18,MSI,400.6,395.17,400.6,392.42,2444915,968338272.0,2.04,-1.38,-5.53,1.47
2026-06-18,MSIF,11.82,11.8,11.92,11.66,405393,4778927.0,2.2,-0.08,-0.01,0.89
2026-06-18,MSLC,58.78,58.74,58.872,58.588,62429,3666711.0,0.49,0.81,0.47,0.0
2026-06-18,MSLE,5.97,5.71,5.97,5.68,26620,153278.0,4.96,-2.39,-0.14,0.13
2026-06-18,MSM,116.35,118.51,118.98,116.35,1015078,119897722.0,2.28,2.89,3.33,1.82
2026-06-18,MSMR,35.62,35.65,35.65,35.51,6258,222724.0,0.39,0.31,0.11,0.0
2026-06-18,MSN,0.361,0.345,0.37,0.345,58383,20816.0,6.67,-8.0,-0.03,0.28
2026-06-18,MSOS,4.83,4.99,5.06,4.66,7511329,36580929.0,8.39,4.61,0.22,0.0
2026-06-18,MSOX,3.1,3.29,3.405,2.91,3965752,12386379.0,16.34,8.58,0.26,0.0
2026-06-18,MSR,17.16,16.803,17.16,16.803,293,4983.0,2.04,-3.81,-0.665,0.0
2026-06-18,MSS,0.773,0.731,0.804,0.72,143391,108208.0,10.91,-5.06,-0.039,4.97
2026-06-18,MSSM,60.137,60.481,60.481,59.928,9346,563201.0,0.93,1.54,0.918,0.0
2026-06-18,MSSS,34.53,34.733,34.733,34.53,6938,240565.0,0.59,0.79,0.273,0.0
2026-06-18,MSST,26.0,26.457,26.457,26.0,395,10433.0,1.67,-3.38,-0.925,0.0
2026-06-18,MST,13.67,12.506,13.67,11.46,147340,1840454.0,16.43,-7.02,-0.944,0.0
2026-06-18,MSTB,42.79,42.83,43.01,42.74,8541,365863.0,0.63,0.48,0.206,0.0
2026-06-18,MSTI,20.3,20.295,20.31,20.16,7196,145822.0,0.74,0.1,0.02,0.0
2026-06-18,MSTP,21.82,19.824,21.82,18.29,37818,740422.0,16.57,-6.94,-1.479,0.0
2026-06-18,MSTQ,40.143,40.143,40.143,40.143,127,5094.0,0.0,1.63,0.643,0.0
2026-06-18,MSTR,117.64,112.53,117.75,107.85,35530741,3981097856.0,8.49,-3.46,-4.03,10.74
2026-06-18,MSTU,3.15,2.86,3.15,2.617,67053260,191827966.0,17.25,-7.44,-0.23,0.0
2026-06-18,MSTW,4.84,4.58,4.84,4.345,830497,3787886.0,10.36,-4.18,-0.2,0.0
2026-06-18,MSTX,14.31,13.08,14.35,12.0,7152670,93216174.0,16.61,-7.56,-1.07,0.0
2026-06-18,MSTY,16.39,15.7,16.4,15.135,1968883,30875743.0,7.67,-4.79,-0.79,0.0
2026-06-18,MSTZ,9.7,10.59,11.352,9.68,22379970,235716462.0,16.94,7.29,0.72,0.0
2026-06-18,MSW,1.33,1.4,1.44,1.33,84479,115750.0,8.03,2.19,0.03,0.65
2026-06-18,MS_A,19.25,19.33,19.35,19.23,45316,874286.0,0.62,0.57,0.11,0.1
2026-06-18,MS_E,25.56,25.65,25.65,25.56,49690,1273915.0,0.35,0.27,0.07,0.14
2026-06-18,MS_F,25.4,25.47,25.47,25.4,31682,806123.0,0.28,0.24,0.06,0.09
2026-06-18,MS_I,25.03,25.07,25.1,25.0,195459,4897308.0,0.4,0.16,0.04,0.49
2026-06-18,MS_K,23.64,23.68,23.719,23.62,41847,990684.0,0.42,0.34,0.08,0.1
2026-06-18,MS_L,19.87,19.71,19.87,19.7,31792,628569.0,0.86,-0.4,-0.08,0.16
2026-06-18,MS_O,17.03,17.06,17.12,16.99,81217,1383936.0,0.77,0.41,0.07,0.16
2026-06-18,MS_P,25.35,25.35,25.4,25.34,50321,1276945.0,0.24,0.04,0.01,0.13
2026-06-18,MS_Q,25.49,25.5,25.54,25.45,37960,968212.0,0.35,0.0,0.0,0.09
2026-06-18,MT,64.815,63.41,64.85,63.38,1648304,105559119.0,2.26,-2.49,-1.62,0.22
2026-06-18,MTA,7.69,7.43,7.88,7.3,529907,3944674.0,7.6,-2.62,-0.2,0.57
2026-06-18,MTAL,10.16,10.2,10.22,10.125,11784,120014.0,0.93,-0.39,-0.04,0.05
2026-06-18,MTAL_WS,0.91,0.91,0.93,0.76,15369,13773.0,18.68,0.0,0.0,0.0
2026-06-18,MTB,228.06,225.12,228.25,224.755,2933412,661357184.0,1.55,-0.32,-0.73,2.0
2026-06-18,MTBA,49.23,49.22,49.315,49.21,75413,3714437.0,0.21,0.14,0.07,0.0
2026-06-18,MTB_H,24.97,24.99,25.04,24.97,11672,291808.0,0.28,0.0,0.0,0.12
2026-06-18,MTB_J,26.03,26.07,26.14,26.01,53760,1402291.0,0.5,0.15,0.04,0.18
2026-06-18,MTB_K,24.72,24.81,24.84,24.72,10851,269094.0,0.49,0.65,0.16,0.06
2026-06-18,MTC,3.0,3.17,3.49,2.79,139787,445089.0,24.31,10.07,0.29,0.14
2026-06-18,MTCH,36.038,35.45,36.038,35.08,7207285,255847599.0,2.71,0.4,0.14,3.09
2026-06-18,MTD,1135.59,1144.84,1151.58,1129.53,254448,291105296.0,1.95,1.36,15.31,1.26
2026-06-18,MTDR,49.65,49.56,50.12,48.785,3166611,156506308.0,2.65,-1.67,-0.84,2.55
2026-06-18,MTEK,1.26,1.24,1.3,1.22,39508,48615.0,6.56,1.64,0.02,0.41
2026-06-18,MTEN,2.46,2.26,2.492,2.0,1687928,3721070.0,18.85,-13.41,-0.35,25.51
2026-06-18,MTEX,5.22,5.42,5.42,5.14,14294,75672.0,5.22,1.12,0.06,0.74
2026-06-18,MTG,26.41,26.06,26.49,25.92,4565803,119131509.0,2.17,-0.72,-0.19,2.16
2026-06-18,MTGP,44.25,44.17,44.25,44.17,463,20511.0,0.18,0.25,0.112,0.0
2026-06-18,MTH,73.33,75.73,76.53,73.07,1601000,121239744.0,4.78,4.53,3.28,2.4
2026-06-18,MTLS,6.61,6.71,6.73,6.47,112477,747366.0,3.93,1.51,0.1,0.19
2026-06-18,MTN,131.19,144.78,148.1,131.01,2518134,360009152.0,13.15,11.43,14.85,7.07
2026-06-18,MTNB,0.715,0.604,0.725,0.6,60628,40843.0,17.61,-14.93,-0.106,0.95
2026-06-18,MTNE_U,10.02,10.02,10.02,10.02,150102,1504022.0,0.0,0.0,0.0,0.0
2026-06-18,MTR,3.37,3.36,3.419,3.36,21270,73295.0,1.76,0.0,0.0,1.14
2026-06-18,MTRA,27.41,27.435,27.455,27.41,107956,2959078.0,0.17,2.09,0.561,0.0
2026-06-18,MTRN,268.23,274.98,276.42,265.701,637966,174509982.0,4.06,4.19,11.07,3.07
2026-06-18,MTRX,13.9,13.98,14.115,13.63,369131,5155499.0,3.57,2.87,0.39,1.31
2026-06-18,MTSI,382.28,391.41,394.99,376.31,2361592,915978384.0,5.09,6.62,24.3,3.1
2026-06-18,MTUL,65.391,65.391,65.391,65.391,288,19018.0,0.0,5.05,3.144,0.0
2026-06-18,MTUM,338.53,338.52,339.83,336.315,1484644,502117600.0,1.07,3.12,10.25,0.0
2026-06-18,MTUS,19.63,19.31,19.73,19.01,1146864,22151533.0,3.68,-1.28,-0.25,2.76
2026-06-18,MTVA,1.71,1.6,1.71,1.57,181685,293556.0,8.19,-6.43,-0.11,3.52
2026-06-18,MTW,12.97,13.17,13.39,12.97,609594,8029576.0,3.3,3.62,0.46,1.7
2026-06-18,MTX,77.24,78.67,78.82,77.19,814911,63944955.0,2.12,2.26,1.74,2.63
2026-06-18,MTYY,21.22,21.049,21.22,20.91,4007,84240.0,1.43,-2.58,-0.558,0.0
2026-06-18,MTZ,380.0,379.66,387.98,372.93,1585332,600890944.0,4.01,1.27,4.75,2.01
2026-06-18,MU,1108.065,1133.99,1149.43,1092.794,64642538,72850300928.0,5.43,8.7,90.8,5.72
2026-06-18,MUA,10.69,10.68,10.73,10.64,168080,1796709.0,0.85,0.38,0.04,0.0
2026-06-18,MUB,107.29,107.33,107.38,107.255,2639947,283320656.0,0.12,0.33,0.35,0.0
2026-06-18,MUC,10.82,10.84,10.865,10.79,390442,4228686.0,0.7,0.74,0.08,0.0
2026-06-18,MUD,10.802,10.53,10.965,10.35,19517813,207015997.0,5.35,-8.43,-0.97,0.0
2026-06-18,MUFG,21.14,21.08,21.175,21.02,3642679,76875564.0,0.75,1.59,0.33,0.03
2026-06-18,MUJ,12.27,12.33,12.34,12.27,64819,797492.0,0.57,0.9,0.11,0.0
2026-06-18,MULL,900.49,940.77,966.0,882.9,306668,283463104.0,10.35,17.22,138.17,0.0
2026-06-18,MULT,25.15,25.15,25.15,25.15,2,50.0,0.0,0.24,0.06,0.0
2026-06-18,MUNA,100.76,100.865,100.865,100.64,313,31531.0,0.22,-0.11,-0.11,0.0
2026-06-18,MUNB,100.98,100.98,100.98,100.98,1,1.0,0.0,0.06,0.06,0.0
2026-06-18,MUNC,102.56,102.56,102.56,102.56,1,1.0,0.0,0.28,0.283,0.0
2026-06-18,MUND,103.35,103.35,103.35,103.35,4,469.0,0.0,0.06,0.065,0.0
2026-06-18,MUNI,52.5,52.49,52.54,52.49,388594,20408479.0,0.1,0.13,0.07,0.0
2026-06-18,MUNY,103.65,103.65,103.73,103.64,46477,4818976.0,0.09,0.23,0.24,0.0
2026-06-18,MUR,34.8,34.29,34.8,33.735,2967175,101545482.0,3.02,-2.78,-0.98,2.07
2026-06-18,MUSA,563.69,551.26,570.37,541.505,702577,386907744.0,5.05,-3.6,-20.61,3.8
2026-06-18,MUSE,49.985,49.985,49.985,49.985,7,398.0,0.0,0.03,0.015,0.0
2026-06-18,MUSI,43.68,43.65,43.716,43.63,9402,410590.0,0.2,0.21,0.09,0.0
2026-06-18,MUSQ,25.4,25.421,25.421,25.4,147,3737.0,0.08,1.05,0.263,0.0
2026-06-18,MUST,20.7,20.62,20.7,20.605,83667,1728520.0,0.46,-0.1,-0.02,0.0
2026-06-18,MUU,1037.465,1080.08,1110.16,1012.0,2733825,2898159232.0,10.62,16.87,155.92,0.0
2026-06-18,MUX,19.69,19.38,20.17,18.85,1738820,33601878.0,6.76,-0.82,-0.16,2.91
2026-06-18,MUYY,24.13,24.16,24.23,24.042,88500,2134748.0,0.77,-0.64,-0.156,0.0
2026-06-18,MUZ,13.1,12.38,13.492,11.93,1745902,22011609.0,10.48,-16.91,-2.52,0.0
2026-06-18,MUZE,9.94,9.94,9.94,9.94,20400,202776.0,0.0,0.0,0.0,0.1
2026-06-18,MUZEW,0.33,0.33,0.33,0.33,1600,528.0,0.0,13.4,0.039,0.0
2026-06-18,MVAL,36.18,36.102,36.19,36.102,3590,129875.0,0.25,0.77,0.277,0.0
2026-06-18,MVBF,27.49,27.63,27.76,27.08,57154,1575071.0,2.5,1.73,0.47,0.44
2026-06-18,MVFD,29.83,29.879,29.93,29.83,3452,103225.0,0.34,0.13,0.04,0.0
2026-06-18,MVFG,35.05,34.981,35.05,34.93,6656,232845.0,0.35,0.6,0.21,0.0
2026-06-18,MVIS,0.39,0.364,0.39,0.358,14768914,5417971.0,8.58,-2.41,-0.009,4.29
2026-06-18,MVLL,187.46,193.56,214.71,183.21,3655786,736120560.0,18.74,15.13,25.44,0.0
2026-06-18,MVO,1.44,1.47,1.5,1.44,121467,178323.0,4.17,2.08,0.03,1.06
2026-06-18,MVPA,32.935,32.935,32.935,32.935,6,211.0,0.0,0.92,0.301,0.0
2026-06-18,MVPL,42.601,42.601,42.601,42.601,15,673.0,0.0,2.27,0.944,0.0
2026-06-18,MVRL,13.485,13.23,13.495,13.1,10244,135991.0,3.02,0.99,0.13,0.0
2026-06-18,MVST,1.28,1.29,1.31,1.25,6824698,8784185.0,4.76,2.38,0.03,2.05
2026-06-18,MVSTW,0.008,0.007,0.008,0.007,71305,521.0,14.29,0.0,0.0,0.0
2026-06-18,MVV,89.0,89.2,89.25,88.0,9569,851424.0,1.43,2.12,1.848,0.0
2026-06-18,MWA,26.0,26.13,26.31,25.75,3049379,79643642.0,2.18,1.87,0.48,1.95
2026-06-18,MWC,4.03,3.76,4.03,3.55,109294,408264.0,12.09,-5.29,-0.21,0.18
2026-06-18,MWG,1.4,1.37,1.4,1.35,57836,79454.0,3.52,-3.52,-0.05,1.4
2026-06-18,MWH,35.8,34.21,36.005,33.48,1626872,55695535.0,7.28,-1.38,-0.48,1.33
2026-06-18,MWYN,1.05,1.03,1.06,0.965,453115,460599.0,9.05,-1.9,-0.02,2.24
2026-06-18,MX,5.3,5.92,6.0,5.29,2188837,12632389.0,13.45,12.12,0.64,6.0
2026-06-18,MXC,8.0,7.91,8.05,7.66,15855,124313.0,4.7,-4.58,-0.38,0.77
2026-06-18,MXCT,1.14,1.21,1.21,1.14,1773628,2115539.0,6.19,7.08,0.08,1.66
2026-06-18,MXE,13.548,13.548,13.548,13.548,10,144.0,0.0,0.0,0.0,0.0
2026-06-18,MXF,22.34,22.25,22.34,21.894,16616,367488.0,2.0,-0.04,-0.01,0.11
2026-06-18,MXI,111.4,110.24,111.42,109.83,45851,5064472.0,1.43,-1.08,-1.203,0.0
2026-06-18,MXL,86.33,88.76,89.15,84.05,4484705,394842912.0,6.15,7.11,5.89,5.01
2026-06-18,MYCF,25.05,25.045,25.055,25.035,10613,265830.0,0.08,0.04,0.011,0.0
2026-06-18,MYCG,24.99,24.96,24.99,24.96,2369,59140.0,0.12,0.06,0.015,0.0
2026-06-18,MYCH,24.87,24.845,24.87,24.835,240850,5984870.0,0.14,0.12,0.03,0.0
2026-06-18,MYCI,24.74,24.715,24.74,24.715,4087,101053.0,0.1,0.14,0.035,0.0
2026-06-18,MYCJ,24.656,24.64,24.664,24.64,2627,64772.0,0.1,0.26,0.065,0.0
2026-06-18,MYCK,24.767,24.74,24.767,24.74,1957,48443.0,0.11,0.26,0.065,0.0
2026-06-18,MYCL,24.6,24.605,24.605,24.6,409,10063.0,0.02,0.26,0.063,0.0
2026-06-18,MYCM,24.62,24.63,24.63,24.62,340,8372.0,0.04,0.24,0.058,0.0
2026-06-18,MYCN,24.45,24.463,24.463,24.45,301,7366.0,0.05,0.22,0.054,0.0
2026-06-18,MYCO,24.44,24.443,24.443,24.44,187,4570.0,0.01,0.25,0.061,0.0
2026-06-18,MYE,27.34,27.41,27.965,27.045,649736,17869503.0,3.42,1.78,0.48,1.73
2026-06-18,MYFW,30.56,30.55,30.79,30.0,64480,1967243.0,2.61,1.06,0.32,0.66
2026-06-18,MYGN,4.4,4.54,4.58,4.4,2436337,11018822.0,4.11,3.65,0.16,2.58
2026-06-18,MYHA,25.0,25.0,25.0,25.0,6,175.0,0.0,0.14,0.035,0.0
2026-06-18,MYHB,25.02,25.02,25.02,25.02,2,50.0,0.0,0.19,0.048,0.0
2026-06-18,MYHC,25.2,25.21,25.21,25.2,800,20166.0,0.04,0.41,0.102,0.0
2026-06-18,MYHD,25.045,25.045,25.045,25.045,190,4760.0,0.0,0.2,0.05,0.0
2026-06-18,MYHE,24.985,24.985,24.985,24.985,270,6752.0,0.0,0.28,0.07,0.0
2026-06-18,MYI,10.95,10.98,10.98,10.91,253064,2773164.0,0.64,0.73,0.08,0.0
2026-06-18,MYLD,30.82,31.003,31.003,30.82,2173,67244.0,0.6,0.86,0.263,0.0
2026-06-18,MYMF,24.89,24.89,24.89,24.89,2,51.0,0.0,0.08,0.02,0.0
2026-06-18,MYMG,24.74,24.74,24.74,24.74,32,792.0,0.0,0.08,0.02,0.0
2026-06-18,MYMH,24.535,24.535,24.535,24.535,1,1.0,0.0,0.0,0.0,0.0
2026-06-18,MYMI,24.71,24.695,24.72,24.69,27744,685347.0,0.12,0.12,0.03,0.0
2026-06-18,MYMJ,24.84,24.84,24.92,24.84,9352,232448.0,0.32,0.06,0.015,0.0
2026-06-18,MYMK,25.05,25.055,25.12,25.05,8999,225562.0,0.28,0.16,0.04,0.0
2026-06-18,MYN,9.97,10.02,10.099,9.97,226168,2272992.0,1.3,0.6,0.06,0.0
2026-06-18,MYND,0.407,0.424,0.44,0.407,24705,10485.0,7.89,1.44,0.006,0.05
2026-06-18,MYO,1.45,1.28,1.48,1.25,1023042,1355364.0,16.2,-9.86,-0.14,2.65
2026-06-18,MYPS,0.557,0.537,0.59,0.506,1510532,834296.0,15.27,-2.36,-0.013,1.35
2026-06-18,MYRG,456.79,461.1,464.63,444.6,623552,286514832.0,4.51,3.76,16.7,4.0
2026-06-18,MYSE,2.05,2.2,2.25,2.02,387258,820939.0,10.9,4.27,0.09,7.45
2026-06-18,MYSEW,0.046,0.07,0.098,0.046,9438,570.0,113.04,52.17,0.024,0.0
2026-06-18,MYSZ,0.433,0.46,0.468,0.401,108869,47704.0,15.19,4.31,0.019,2.26
2026-06-18,MYX,9.89,9.89,9.89,9.89,128,1268.0,0.0,-0.7,-0.07,0.0
2026-06-18,MYXXR,0.218,0.218,0.218,0.218,300,65.0,0.0,1.4,0.003,0.0
2026-06-18,MYXXU,10.19,10.22,10.43,10.14,1540,15711.0,2.85,0.59,0.06,0.0
2026-06-18,MYXXW,0.07,0.07,0.07,0.07,200,14.0,0.0,0.0,0.0,0.0
2026-06-18,MYY,15.32,15.317,15.41,15.317,1163,17880.0,0.6,-1.08,-0.168,0.0
2026-06-18,MZTI,105.64,107.06,108.075,105.3,893952,95669521.0,2.63,1.34,1.42,3.26
2026-06-18,MZYX_U,10.01,10.01,10.01,10.01,26,261.0,0.0,0.0,0.0,0.0
2026-06-18,MZYX_WS,0.54,0.53,0.54,0.53,3910,2104.0,1.82,-3.64,-0.02,0.0
2026-06-18,MZZ,5.97,5.94,6.03,5.93,9103,54411.0,1.64,-2.45,-0.149,0.0
2026-06-18,NAAS,3.16,3.099,3.16,3.011,2899,8930.0,4.69,-2.55,-0.081,0.02
2026-06-18,NABL,2.99,3.06,3.115,2.92,5811343,17702138.0,6.39,0.33,0.01,3.08
2026-06-18,NAC,11.94,11.95,11.96,11.92,381360,4552891.0,0.34,0.59,0.07,0.0
2026-06-18,NACP,60.12,60.167,60.28,59.83,9822,591259.0,0.76,1.79,1.059,0.0
2026-06-18,NAD,11.94,11.97,12.0,11.92,434873,5204274.0,0.67,0.84,0.1,0.0
2026-06-18,NAGE,3.42,3.5,3.53,3.4,952868,3318103.0,3.86,3.86,0.13,1.2
2026-06-18,NAII,2.56,2.67,2.71,2.51,246829,653848.0,7.97,6.37,0.16,3.93
2026-06-18,NAIL,43.3,45.75,47.23,43.01,2108196,96558642.0,10.15,10.06,4.18,0.0
2026-06-18,NAK,2.18,2.1,2.22,2.055,5887416,12391333.0,7.71,-1.87,-0.04,1.05
2026-06-18,NAKA,4.25,4.21,4.33,4.08,170817,716528.0,5.9,-0.71,-0.03,0.98
2026-06-18,NAMI,0.25,0.251,0.26,0.223,186179,44144.0,14.92,1.21,0.003,0.24
2026-06-18,NAMM,1.84,1.85,1.9,1.82,249621,462094.0,4.42,2.21,0.04,0.46
2026-06-18,NAMMW,0.209,0.247,0.278,0.204,231156,58154.0,32.74,9.29,0.021,0.0
2026-06-18,NAMS,30.96,29.83,31.25,29.635,1250183,37694664.0,5.36,-1.06,-0.32,1.07
2026-06-18,NANC,50.06,49.94,50.3,49.888,22256,1114141.0,0.83,0.96,0.473,0.0
2026-06-18,NANR,79.51,78.04,79.51,77.65,43419,3388727.0,2.34,-1.77,-1.41,0.0
2026-06-18,NAPR,59.151,59.203,59.203,59.14,2531,149787.0,0.11,0.54,0.317,0.0
2026-06-18,NASA,31.76,31.25,31.85,30.2,10169807,312984464.0,5.22,-1.2,-0.38,0.0
2026-06-18,NAT,5.56,5.85,5.86,5.405,7113619,40787873.0,8.17,5.03,0.28,3.36
2026-06-18,NATH,101.68,101.66,101.99,101.42,26327,2675922.0,0.56,0.09,0.09,0.64
2026-06-18,NATL,43.2,43.63,43.88,43.2,1112447,48501837.0,1.57,1.0,0.43,1.51
2026-06-18,NATO,41.11,40.52,41.47,40.33,13071,530819.0,2.79,-0.89,-0.362,0.0
2026-06-18,NATR,20.19,20.12,20.31,19.83,138239,2783540.0,2.39,0.2,0.04,0.79
2026-06-18,NAUG,31.56,31.596,31.596,31.56,3169,100057.0,0.11,0.29,0.091,0.0
2026-06-18,NAUT,2.17,2.28,2.28,2.11,475584,1045856.0,7.8,4.59,0.1,0.37
2026-06-18,NAVI,8.05,8.09,8.225,8.01,2539457,20570493.0,2.7,1.51,0.12,2.7
2026-06-18,NAVN,21.35,21.91,22.1,20.8,6339869,138389909.0,6.19,4.38,0.92,2.65
2026-06-18,NAZ,12.57,12.59,12.93,12.5,28125,355088.0,3.44,0.72,0.09,0.0
2026-06-18,NB,5.35,5.31,5.4,5.165,2609551,13742458.0,4.53,2.31,0.12,1.79
2026-06-18,NBB,15.71,15.67,15.76,15.52,42469,665929.0,1.54,0.32,0.05,0.0
2026-06-18,NBBK,20.36,20.13,20.38,20.13,364431,7363176.0,1.24,-0.15,-0.03,0.82
2026-06-18,NBCE,44.375,44.375,44.375,44.375,397,17634.0,0.0,2.04,0.887,0.0
2026-06-18,NBCM,27.24,27.217,27.25,26.96,32457,879758.0,1.06,-0.49,-0.133,0.0
2026-06-18,NBCR,33.66,33.56,33.66,33.51,32481,1091330.0,0.45,0.72,0.24,0.0
2026-06-18,NBDS,41.7,42.125,42.125,41.7,8989,375972.0,1.04,2.74,1.125,0.0
2026-06-18,NBET,38.64,38.833,38.93,38.64,5951,230829.0,0.75,-0.15,-0.06,0.0
2026-06-18,NBFC,50.86,50.874,50.89,50.86,3961,201612.0,0.06,0.2,0.101,0.0
2026-06-18,NBFR,27.07,27.097,27.11,27.07,2642,71532.0,0.15,2.03,0.539,0.0
2026-06-18,NBGX,29.477,29.477,29.477,29.477,52,1530.0,0.0,1.58,0.459,0.0
2026-06-18,NBH,10.4,10.42,10.44,10.332,62577,651384.0,1.04,0.19,0.02,0.0
2026-06-18,NBHC,42.21,42.82,42.85,42.21,883996,37746352.0,1.52,1.9,0.8,1.97
2026-06-18,NBIE,26.51,26.454,26.525,26.42,17244,456741.0,0.4,0.05,0.012,0.0
2026-06-18,NBIG,47.09,43.67,47.39,40.507,1187851,51789469.0,16.35,3.77,1.585,0.0
2026-06-18,NBIL,67.73,63.09,68.0,58.01,1612033,101362185.0,16.51,4.28,2.59,0.0
2026-06-18,NBIS,298.2,286.69,298.8,275.575,36625522,10497251840.0,8.27,2.06,5.78,16.62
2026-06-18,NBIX,160.01,158.29,161.33,156.31,2718236,429945584.0,3.16,-0.45,-0.71,2.7
2026-06-18,NBIZ,6.07,6.58,7.157,6.04,5239453,34677180.0,16.24,-4.36,-0.3,0.0
2026-06-18,NBJP,38.55,38.491,38.572,38.45,2845,109675.0,0.32,1.98,0.746,0.0
2026-06-18,NBN,126.35,126.49,128.75,124.367,189697,23993582.0,3.52,1.47,1.83,2.22
2026-06-18,NBOS,28.11,28.132,28.16,28.09,13407,377043.0,0.25,0.71,0.197,0.0
2026-06-18,NBP,1.58,1.5,1.62,1.475,649324,980083.0,9.24,-4.46,-0.07,0.56
2026-06-18,NBR,88.98,87.06,88.98,83.52,528059,45564409.0,6.12,-2.34,-2.09,3.57
2026-06-18,NBRG,9.99,9.98,9.99,9.98,500,4993.0,0.1,0.2,0.02,0.01
2026-06-18,NBRGR,0.214,0.238,0.238,0.2,7097,1450.0,19.49,22.05,0.043,0.0
2026-06-18,NBRGU,10.01,10.15,10.15,10.01,3300,33340.0,1.38,-0.1,-0.01,0.0
2026-06-18,NBSD,50.7,50.67,50.7,50.63,315427,15983021.0,0.14,0.08,0.04,0.0
2026-06-18,NBSM,27.23,27.6,27.6,27.23,615940,16929973.0,1.37,2.26,0.61,0.0
2026-06-18,NBTB,46.82,46.68,47.07,46.49,662926,30975250.0,1.25,0.71,0.33,1.27
2026-06-18,NBTR,50.031,50.031,50.031,50.031,2,100.0,0.0,0.17,0.083,0.0
2026-06-18,NBTX,36.42,36.27,36.78,34.7,49500,1772065.0,5.77,0.55,0.2,0.1
2026-06-18,NBXG,16.76,17.28,17.28,16.76,333447,5685617.0,3.16,4.98,0.82,0.0
2026-06-18,NC,49.7,49.87,51.065,49.28,21620,1080949.0,3.62,1.05,0.52,0.36
2026-06-18,NCA,9.22,9.18,9.227,9.18,18226,167740.0,0.51,0.22,0.02,0.0
2026-06-18,NCDL,12.31,12.23,12.375,12.1,480237,5863526.0,2.24,-0.24,-0.03,0.97
2026-06-18,NCEL,3.15,3.31,3.345,3.14,15299,49381.0,6.51,5.08,0.16,0.28
2026-06-18,NCEW,20.0,20.0,20.0,20.0,417,8340.0,0.0,0.0,0.0,0.01
2026-06-18,NCI,10.73,11.01,11.1,10.72,29050,316558.0,3.47,0.55,0.06,1.27
2026-06-18,NCIQ,15.98,15.64,15.98,15.47,63628,995809.0,3.2,-1.94,-0.31,0.0
2026-06-18,NCL,0.164,0.174,0.18,0.159,808825,139188.0,13.04,8.07,0.013,1.51
2026-06-18,NCLH,20.43,20.44,20.84,20.195,21269228,436798704.0,3.25,3.08,0.61,4.63
2026-06-18,NCLO,25.04,25.042,25.05,25.0,8897,222723.0,0.2,0.07,0.017,0.0
2026-06-18,NCMI,3.65,3.4,3.66,3.385,758923,2658397.0,7.58,-6.34,-0.23,0.81
2026-06-18,NCNA,1.905,1.91,1.96,1.84,42383,80379.0,6.45,2.69,0.05,1.02
2026-06-18,NCNO,15.44,14.8,15.488,14.75,3730586,55912027.0,4.76,-4.45,-0.69,3.41
2026-06-18,NCPB,24.96,24.975,24.975,24.96,5977,149190.0,0.06,0.15,0.038,0.0
2026-06-18,NCPL,0.676,0.694,0.748,0.661,187881,131145.0,12.48,-0.43,-0.003,2.39
2026-06-18,NCPLW,0.033,0.03,0.033,0.03,501,15.0,10.0,0.0,0.0,0.0
2026-06-18,NCRA,0.118,0.113,0.121,0.113,5192347,631375.0,6.67,-5.83,-0.007,33.94
2026-06-18,NCSM,49.5,49.45,49.62,48.35,30137,1482137.0,2.53,-1.51,-0.76,1.15
2026-06-18,NCT,3.27,3.11,3.27,3.0,32352,100680.0,7.94,-8.53,-0.29,2.25
2026-06-18,NCTY,4.94,4.95,5.212,4.9,16697,83510.0,6.32,0.2,0.01,0.11
2026-06-18,NCV,17.48,17.57,17.57,17.37,63975,1116819.0,1.16,2.03,0.35,0.0
2026-06-18,NCV_A,20.99,21.05,21.09,20.925,4906,103023.0,0.79,0.72,0.15,0.12
2026-06-18,NCZ,15.81,15.91,15.97,15.7,52663,835800.0,1.72,1.47,0.23,0.0
2026-06-18,NCZ_A,20.36,20.34,20.52,20.34,10423,213402.0,0.88,-0.39,-0.08,0.24
2026-06-18,NDAA,23.93,23.972,23.99,23.93,2674,64020.0,0.25,1.18,0.28,0.0
2026-06-18,NDAQ,83.82,82.24,84.66,81.255,8436107,695381296.0,4.09,-1.26,-1.05,1.49
2026-06-18,NDEC,29.96,30.0,30.015,29.96,4268,127996.0,0.18,0.73,0.217,0.0
2026-06-18,NDIA,27.279,27.105,27.28,27.105,1561,42465.0,0.65,1.1,0.295,0.0
2026-06-18,NDIV,32.34,32.63,32.825,32.27,15570,506725.0,1.69,-0.61,-0.2,0.0
2026-06-18,NDLS,13.27,13.96,14.5,13.27,34304,482625.0,9.17,4.02,0.54,0.58
2026-06-18,NDMO,10.41,10.39,10.418,10.36,69517,722707.0,0.56,0.39,0.04,0.0
2026-06-18,NDOW,29.48,29.477,29.48,29.44,7060,208056.0,0.14,0.4,0.117,0.0
2026-06-18,NDRA,5.02,4.76,5.125,4.76,15400,74568.0,7.29,-4.99,-0.25,0.83
2026-06-18,NDSN,293.6,295.92,297.99,291.88,1381201,408568512.0,2.11,1.96,5.7,2.48
2026-06-18,NE,42.64,41.68,42.7,40.29,3534399,146475332.0,5.6,-3.14,-1.35,2.22
2026-06-18,NEA,11.58,11.59,11.61,11.56,566517,6564692.0,0.43,0.61,0.07,0.0
2026-06-18,NEAR,50.56,50.58,50.6,50.52,336327,17013361.0,0.16,0.12,0.06,0.0
2026-06-18,NEBX,70.0,64.71,70.04,59.8,1734237,112606176.0,16.39,3.59,2.24,0.0
2026-06-18,NECB,25.71,25.74,25.97,25.51,51787,1331931.0,1.81,1.06,0.27,0.37
2026-06-18,NEE,85.77,86.75,87.58,85.67,19306559,1672393328.0,2.23,1.19,1.02,0.93
2026-06-18,NEE_N,22.79,22.67,22.87,22.62,33638,764189.0,1.1,0.13,0.03,0.0
2026-06-18,NEE_S,53.25,53.155,53.44,52.88,10587,565035.0,1.06,0.52,0.275,0.0
2026-06-18,NEE_T,49.35,49.82,50.16,49.35,12384,617944.0,1.63,0.54,0.27,0.0
2026-06-18,NEE_U,24.77,24.77,24.88,24.71,45841,1136891.0,0.69,0.24,0.06,0.0
2026-06-18,NEE_V,47.25,47.52,47.8,47.25,22700,1080001.0,1.16,0.47,0.22,0.0
2026-06-18,NEE_W,25.16,25.07,25.16,25.01,50840,1273831.0,0.6,0.24,0.06,0.0
2026-06-18,NEGG,18.01,17.61,18.155,17.23,41804,734555.0,5.21,-0.9,-0.16,0.2
2026-06-18,NEHI,26.0,25.47,26.114,25.01,45627,1164499.0,4.25,-1.85,-0.48,0.0
2026-06-18,NELS,28.56,28.583,28.64,28.55,4202,120128.0,0.32,0.68,0.193,0.0
2026-06-18,NEM,106.32,103.79,107.6,102.63,19149420,1995369856.0,4.7,-1.78,-1.88,1.79
2026-06-18,NEMD,53.49,53.484,53.49,53.41,2582,138075.0,0.15,0.34,0.181,0.0
2026-06-18,NEMG,18.16,16.997,18.21,16.7,4103,70443.0,8.6,-3.23,-0.567,0.0
2026-06-18,NEN,58.37,58.0,58.37,58.0,263,15297.0,0.63,-0.85,-0.5,0.01
2026-06-18,NEO,10.58,11.13,11.21,10.58,6707588,73776657.0,6.07,7.23,0.75,5.15
2026-06-18,NEOG,9.17,9.31,9.33,8.97,5065588,46992020.0,4.03,4.26,0.38,2.33
2026-06-18,NEON,1.15,1.12,1.205,1.1,144118,165685.0,9.29,-0.88,-0.01,0.86
2026-06-18,NEOV,2.23,2.78,2.92,2.1,17504193,45624027.0,38.68,31.13,0.66,31.88
2026-06-18,NEOVW,1.05,1.1,1.22,0.892,10031,10201.0,31.24,4.76,0.05,0.0
2026-06-18,NEPH,3.3,3.15,3.3,3.15,11323,36582.0,4.69,-1.56,-0.05,0.1
2026-06-18,NERD,19.76,19.83,19.93,19.72,6699,133193.0,1.06,-0.22,-0.044,0.0
2026-06-18,NERV,4.19,4.47,4.645,4.06,574967,2545780.0,13.96,6.68,0.28,1.23
2026-06-18,NESR,24.5,24.54,24.79,23.56,6359191,155366963.0,5.12,2.16,0.52,6.31
2026-06-18,NET,225.54,224.06,225.54,216.03,4440905,990047424.0,4.19,-1.24,-2.81,1.38
2026-06-18,NETG,11.68,11.31,11.68,10.49,110893,1222885.0,10.3,-2.08,-0.24,0.0
2026-06-18,NETL,26.01,25.946,26.1,25.946,3705,96443.0,0.59,-0.08,-0.022,0.0
2026-06-18,NEU,763.07,780.18,781.56,758.305,126523,97979960.0,3.05,2.18,16.61,1.38
2026-06-18,NEUP,4.35,4.31,4.43,3.95,150571,619967.0,11.14,0.0,0.0,2.79
2026-06-18,NEWP,4.62,4.2,4.749,4.165,2965666,12588929.0,12.72,-8.5,-0.39,1.6
2026-06-18,NEWT,13.84,13.91,14.12,13.56,382602,5267875.0,4.11,2.2,0.3,1.33
2026-06-18,NEWTG,25.04,25.12,25.12,25.04,1365,34271.0,0.32,-0.2,-0.05,0.0
2026-06-18,NEWTH,25.25,25.21,25.28,25.2,2593,65330.0,0.32,0.18,0.045,0.0
2026-06-18,NEWTI,25.25,25.25,25.25,25.25,107,2694.0,0.0,0.0,0.0,0.0
2026-06-18,NEWTP,24.8,24.82,24.82,24.8,4621,114659.0,0.08,-0.04,-0.009,0.23
2026-06-18,NEWZ,29.1,29.243,29.243,29.1,269,7867.0,0.49,0.91,0.265,0.0
2026-06-18,NEXA,14.67,14.24,14.7,13.69,1167300,16432259.0,7.05,-0.7,-0.1,0.88
2026-06-18,NEXM,2.5,2.42,2.53,2.41,12296,30095.0,4.82,-2.81,-0.07,0.03
2026-06-18,NEXN,8.66,8.6,8.75,8.41,372822,3202609.0,3.96,0.23,0.02,0.67
2026-06-18,NEXR,0.72,0.688,0.727,0.68,455207,317163.0,6.4,-6.27,-0.046,7.47
2026-06-18,NEXRW,0.036,0.036,0.036,0.036,253,9.0,0.0,20.0,0.006,0.0
2026-06-18,NEXT,7.8,7.35,7.87,7.29,4011671,29741539.0,7.44,-5.77,-0.45,1.51
2026-06-18,NFBK,14.49,14.41,14.56,14.37,456636,6588201.0,1.32,-0.07,-0.01,1.09
2026-06-18,NFE,0.523,0.433,0.523,0.423,11278724,5157965.0,19.61,-15.1,-0.077,3.95
2026-06-18,NFEB,30.26,30.304,30.33,30.26,1117,33839.0,0.23,0.63,0.189,0.0
2026-06-18,NFG,75.67,75.89,75.92,75.17,893133,67646853.0,0.99,-0.07,-0.05,0.94
2026-06-18,NFGC,1.62,1.62,1.66,1.59,3878315,6255289.0,4.35,0.62,0.01,1.01
2026-06-18,NFJ,14.94,15.27,15.27,14.94,252978,3819996.0,2.22,2.55,0.38,0.0
2026-06-18,NFLP,19.49,19.65,19.66,19.27,7111,139015.0,2.0,0.75,0.147,0.0
2026-06-18,NFLT,23.03,23.02,23.041,22.99,54480,1253690.0,0.22,0.22,0.05,0.0
2026-06-18,NFLU,19.57,19.62,20.02,18.98,121981,2380270.0,5.35,0.98,0.19,0.0
2026-06-18,NFLW,18.1,18.194,18.29,17.85,17053,308954.0,2.44,0.97,0.174,0.0
2026-06-18,NFLX,76.93,77.38,78.235,76.12,91920414,7107073536.0,2.75,0.55,0.42,2.18
2026-06-18,NFLY,8.5,8.52,8.585,8.401,83738,712866.0,2.15,-0.23,-0.02,0.0
2026-06-18,NFRA,64.76,64.5,64.943,64.43,64439,4165665.0,0.79,-0.71,-0.46,0.0
2026-06-18,NFRX,26.515,26.515,26.515,26.515,6,177.0,0.0,-0.06,-0.015,0.0
2026-06-18,NFTY,54.41,53.96,54.41,53.91,4999,270666.0,0.93,0.75,0.4,0.0
2026-06-18,NFXL,18.45,18.55,18.98,17.98,888378,16426814.0,5.43,0.71,0.13,0.0
2026-06-18,NFXS,20.13,20.116,20.43,20.02,27432,554678.0,2.02,-0.74,-0.15,0.0
2026-06-18,NG,8.34,7.8,8.34,7.59,4690037,36829995.0,9.26,-3.7,-0.3,1.07
2026-06-18,NGEN,2.2,2.2,2.31,2.09,1487007,3268134.0,10.05,0.46,0.01,1.4
2026-06-18,NGG,80.15,79.44,80.2,78.76,2964100,235481904.0,1.78,-1.54,-1.24,0.3
2026-06-18,NGHT,22.95,22.88,22.95,22.88,933,21400.0,0.31,0.15,0.035,0.0
2026-06-18,NGIF,12.704,12.704,12.704,12.704,30,383.0,0.0,-0.24,-0.031,0.0
2026-06-18,NGL,15.5,15.99,16.0,15.1,693343,10896838.0,5.74,1.91,0.3,0.56
2026-06-18,NGL_B,25.95,25.95,26.0,25.91,10563,274042.0,0.35,0.19,0.05,0.08
2026-06-18,NGL_C,25.7,26.0,26.02,25.7,3263,84745.0,1.23,-0.08,-0.02,0.18
2026-06-18,NGNE,31.52,31.53,32.5,31.03,308956,9751301.0,4.77,2.4,0.74,1.96
2026-06-18,NGS,41.57,42.1,42.25,40.91,208678,8755460.0,3.21,0.81,0.34,1.66
2026-06-18,NGVC,30.36,30.11,30.98,29.945,121360,3666808.0,3.37,-1.99,-0.61,0.53
2026-06-18,NGVT,72.67,73.41,73.7,71.77,709620,51965089.0,2.69,2.31,1.66,2.04
2026-06-18,NHC,193.13,201.53,205.9,190.86,667245,133362890.0,7.87,5.46,10.43,4.27
2026-06-18,NHI,70.8,70.82,71.17,70.132,582751,41250052.0,1.47,0.37,0.26,1.2
2026-06-18,NHIC,11.14,10.93,11.15,10.93,30446,335542.0,1.99,-1.18,-0.13,0.15
2026-06-18,NHICU,13.0,13.0,13.0,13.0,110,1327.0,0.0,0.0,0.0,0.0
2026-06-18,NHICW,2.16,2.1,2.16,2.1,31959,67184.0,2.78,-2.55,-0.055,0.0
2026-06-18,NHIVU,10.254,10.254,10.254,10.254,76,777.0,0.0,0.0,0.0,0.0
2026-06-18,NHIVW,0.77,0.77,0.77,0.77,132,102.0,0.0,-3.75,-0.03,0.0
2026-06-18,NHP,13.93,14.37,14.45,13.46,4758258,68152962.0,7.34,6.52,0.88,10.75
2026-06-18,NHPAP,22.4,22.595,22.595,22.353,7766,174351.0,1.08,0.65,0.145,0.2
2026-06-18,NHPBP,22.15,22.25,22.25,22.15,6491,144194.0,0.45,0.18,0.04,0.19
2026-06-18,NHS,6.25,6.17,6.25,6.15,331715,2048562.0,1.62,-0.32,-0.02,0.0
2026-06-18,NHTC,1.85,1.82,1.89,1.815,69899,128778.0,4.08,-1.09,-0.02,0.81
2026-06-18,NHYB,24.7,24.78,24.78,24.7,1194,29540.0,0.32,0.31,0.076,0.0
2026-06-18,NHYM,25.1,25.05,25.18,25.03,420457,10550973.0,0.6,0.18,0.045,0.0
2026-06-18,NI,47.13,47.26,47.41,46.84,6123698,288966080.0,1.22,1.05,0.49,1.28
2026-06-18,NIC,146.17,146.85,147.89,145.04,3314371,486517744.0,1.97,1.59,2.3,15.6
2026-06-18,NICE,83.81,84.68,85.34,83.1,832791,70255023.0,2.69,1.84,1.53,1.42
2026-06-18,NICM,6.18,6.16,6.325,6.16,2607,16219.0,2.68,0.0,0.0,0.01
2026-06-18,NICO,25.221,25.221,25.221,25.221,7,178.0,0.0,-3.33,-0.87,0.0
2026-06-18,NIE,26.26,26.0,26.67,26.0,78332,2072851.0,2.58,0.19,0.05,0.0
2026-06-18,NIHI,51.83,51.75,51.83,51.59,37382,1932849.0,0.47,0.5,0.26,0.0
2026-06-18,NIKL,14.54,14.249,14.54,14.207,82131,1176962.0,2.3,-1.6,-0.232,0.0
2026-06-18,NIM,9.3,9.28,9.3,9.25,11676,108264.0,0.54,0.0,0.0,0.0
2026-06-18,NINE,11.48,11.25,11.9,11.025,628643,7074706.0,7.68,-1.23,-0.14,4.51
2026-06-18,NIO,5.17,5.02,5.23,5.0,33400067,169326739.0,4.55,-0.59,-0.03,1.42
2026-06-18,NIOBW,1.74,1.74,1.74,1.74,75,126.0,0.0,0.0,0.0,0.0
2026-06-18,NIOG,13.4,12.78,13.4,12.75,15458,204257.0,5.05,-0.61,-0.079,0.0
2026-06-18,NIPG,0.34,0.281,0.36,0.26,369240,107990.0,27.78,-21.94,-0.079,0.17
2026-06-18,NIQ,8.16,8.28,8.31,7.93,1822785,14925674.0,4.65,1.35,0.11,0.62
2026-06-18,NITE,37.449,37.449,37.449,37.449,61,2292.0,0.0,0.78,0.291,0.0
2026-06-18,NIU,2.11,2.16,2.175,2.1,256406,550611.0,3.57,2.86,0.06,0.36
2026-06-18,NIVF,0.815,0.758,0.839,0.71,7112310,5590550.0,16.13,-5.25,-0.042,1251.13
2026-06-18,NIVFW,0.029,0.03,0.038,0.028,30130,948.0,37.04,11.11,0.003,0.0
2026-06-18,NIXT,31.14,31.189,31.189,31.14,721,22470.0,0.16,1.13,0.348,0.0
2026-06-18,NIXX,1.03,1.17,1.25,1.03,6252075,7236013.0,20.95,11.43,0.12,21.47
2026-06-18,NIXXW,0.002,0.009,0.009,0.002,29881,182.0,87.5,12.5,0.001,0.0
2026-06-18,NJAN,58.85,58.87,58.88,58.76,9790,575895.0,0.21,0.59,0.346,0.0
2026-06-18,NJNK,20.09,20.092,20.21,20.035,2655,53357.0,0.87,0.36,0.072,0.0
2026-06-18,NJR,55.0,55.11,55.582,53.955,2201482,120910065.0,2.94,-0.31,-0.17,2.18
2026-06-18,NJUL,77.095,77.175,77.175,77.095,2426,187168.0,0.1,0.15,0.115,0.0
2026-06-18,NJUN,32.72,32.89,32.89,32.7,142690,4683556.0,0.59,1.29,0.42,0.0
2026-06-18,NKE,44.41,45.2,45.705,44.24,32320291,1458884928.0,3.32,2.29,1.01,2.69
2026-06-18,NKLR,5.02,5.14,5.23,4.85,461126,2334709.0,7.55,2.19,0.11,0.42
2026-06-18,NKSH,35.44,35.3,35.505,34.875,60045,2117077.0,1.8,0.86,0.3,0.94
2026-06-18,NKTR,60.6,60.98,61.82,59.31,909591,55158813.0,4.12,0.1,0.06,2.69
2026-06-18,NKTX,2.71,2.86,2.875,2.65,569310,1587990.0,8.52,8.33,0.22,0.8
2026-06-18,NKX,12.43,12.37,12.43,12.31,189467,2343950.0,0.97,-0.08,-0.01,0.0
2026-06-18,NL,6.15,6.0,6.25,6.0,76813,467314.0,4.12,-1.15,-0.07,0.16
2026-06-18,NLOP,11.66,11.6,11.75,11.555,202816,2354905.0,1.67,-0.43,-0.05,1.37
2026-06-18,NLR,127.41,126.94,128.15,125.36,474275,60026762.0,2.24,1.84,2.29,0.0
2026-06-18,NLSI,50.758,50.758,50.758,50.758,72,3649.0,0.0,1.62,0.81,0.0
2026-06-18,NLY,22.33,22.21,22.41,22.062,14680996,325885616.0,1.57,0.23,0.05,2.0
2026-06-18,NLY_F,25.58,25.58,25.64,25.58,29879,765316.0,0.23,0.02,0.004,0.1
2026-06-18,NLY_G,25.09,25.05,25.12,25.05,15769,395506.0,0.28,0.04,0.01,0.09
2026-06-18,NLY_I,25.46,25.48,25.59,25.46,28088,717442.0,0.51,-0.04,-0.01,0.16
2026-06-18,NLY_J,25.52,25.58,25.58,25.44,16845,430043.0,0.55,0.12,0.03,0.15
2026-06-18,NMAI,13.92,13.88,13.95,13.79,63470,880689.0,1.17,1.09,0.15,0.0
2026-06-18,NMAX,7.5,7.78,7.79,7.4,1336943,10258887.0,5.2,3.73,0.28,1.49
2026-06-18,NMAY,29.49,29.526,29.526,29.43,2369,69806.0,0.33,0.92,0.269,0.0
2026-06-18,NMB,24.9,24.941,24.941,24.9,766,19103.0,0.17,0.86,0.212,0.0
2026-06-18,NMBL,20.715,20.75,20.75,20.715,136,2817.0,0.17,0.84,0.173,0.0
2026-06-18,NMCO,10.73,10.73,10.76,10.7,96300,1033830.0,0.56,0.37,0.04,0.2
2026-06-18,NMFC,7.3,7.16,7.35,7.1,1356527,9723925.0,3.42,-2.05,-0.15,1.44
2026-06-18,NMFCZ,25.39,25.43,25.435,25.28,4665,118163.0,0.61,0.43,0.11,0.0
2026-06-18,NMG,1.58,1.58,1.59,1.535,723078,1131648.0,3.5,0.64,0.01,0.45
2026-06-18,NMI,11.04,11.02,11.04,10.99,8071,89045.0,0.45,-0.36,-0.04,0.0
2026-06-18,NMIH,37.96,37.48,38.17,37.275,1085622,40882823.0,2.37,-0.95,-0.36,1.43
2026-06-18,NML,9.72,9.59,9.87,9.49,161933,1558198.0,3.91,-1.34,-0.13,0.0
2026-06-18,NMM,72.41,70.16,72.42,69.8,117958,8332145.0,3.62,-3.08,-2.23,0.41
2026-06-18,NMP,10.28,10.28,10.28,10.28,14,144.0,0.0,0.0,0.0,0.0
2026-06-18,NMR,9.07,8.97,9.09,8.965,1373196,12370991.0,1.37,-1.43,-0.13,0.05
2026-06-18,NMRA,1.58,1.51,1.63,1.43,2200626,3294060.0,13.07,-1.31,-0.02,1.19
2026-06-18,NMRK,14.96,14.87,15.12,14.78,1698635,25274820.0,2.31,0.88,0.13,1.09
2026-06-18,NMS,12.2,12.15,12.2,12.07,7510,91036.0,1.08,1.08,0.13,0.0
2026-06-18,NMT,12.83,12.97,13.048,12.83,18324,236718.0,1.68,0.15,0.02,0.0
2026-06-18,NMTC,3.34,3.29,3.34,3.15,47058,153840.0,5.75,-0.45,-0.015,0.54
2026-06-18,NMZ,10.34,10.39,10.39,10.31,453529,4697017.0,0.78,0.97,0.1,0.0
2026-06-18,NN,18.82,18.18,18.85,18.05,2771968,50732185.0,4.32,-1.78,-0.33,2.03
2026-06-18,NNAVW,7.14,6.65,7.18,6.55,32206,219977.0,9.04,-4.59,-0.32,0.0
2026-06-18,NNBR,2.8,2.79,2.96,2.74,634577,1773881.0,7.91,0.36,0.01,1.2
2026-06-18,NNDM,1.35,1.35,1.37,1.29,29310130,39539409.0,5.97,0.75,0.01,14.01
2026-06-18,NNE,26.5,28.21,28.696,26.01,5405203,149453113.0,10.61,11.46,2.9,10.37
2026-06-18,NNI,129.41,130.34,130.43,128.72,274314,35634703.0,1.32,0.96,1.24,1.08
2026-06-18,NNN,45.43,45.0,45.74,44.83,2393891,107935447.0,2.02,-0.29,-0.13,1.26
2026-06-18,NNNN,16.8,16.64,16.92,16.005,18267,299393.0,5.77,4.92,0.78,0.04
2026-06-18,NNOV,31.32,31.4,31.4,31.32,6034,189286.0,0.26,0.87,0.27,0.0
2026-06-18,NNOX,1.75,1.67,1.805,1.67,1488657,2538589.0,7.8,-3.47,-0.06,2.14
2026-06-18,NNVC,1.37,1.4,1.42,1.34,262205,362252.0,5.97,4.48,0.06,1.14
2026-06-18,NNY,8.69,8.7,8.71,8.62,14266,123782.0,1.04,0.93,0.08,0.0
2026-06-18,NOA,13.53,13.52,13.55,13.13,105731,1413201.0,3.14,0.97,0.13,0.39
2026-06-18,NOAH,10.35,10.19,10.47,10.19,28855,296317.0,2.7,-1.64,-0.17,0.04
2026-06-18,NOBL,55.17,54.95,55.22,54.79,1047836,57646017.0,0.78,0.15,0.08,0.0
2026-06-18,NOC,552.14,521.5,553.5,515.38,2402885,1256314624.0,6.93,-5.21,-28.65,1.69
2026-06-18,NOCT,62.32,62.415,62.44,62.31,5717,356747.0,0.21,0.62,0.385,0.0
2026-06-18,NODE,46.78,46.91,46.99,46.08,9106,423828.0,2.0,2.92,1.333,0.0
2026-06-18,NODK,15.91,15.91,16.0,15.635,64082,1018573.0,2.32,1.14,0.18,0.31
2026-06-18,NOEM,10.44,10.44,10.44,10.44,1,10.0,0.0,0.0,0.0,0.0
2026-06-18,NOEMW,0.143,0.091,0.143,0.091,2396,294.0,52.0,-9.0,-0.009,0.0
2026-06-18,NOG,19.04,19.44,19.44,18.75,5167150,99685986.0,3.57,0.57,0.11,4.92
2026-06-18,NOK,14.0,13.49,14.04,13.29,126787745,1716976032.0,5.42,-2.46,-0.34,2.27
2026-06-18,NOMA,3.46,3.88,3.99,3.31,25654,95720.0,19.1,8.99,0.32,0.17
2026-06-18,NOMD,9.96,10.02,10.18,9.935,1336407,13425915.0,2.44,-0.2,-0.02,0.96
2026-06-18,NORW,35.5,35.29,35.5,35.06,74045,2604194.0,1.23,-1.34,-0.48,0.0
2026-06-18,NOV,19.59,18.66,19.59,18.37,11288882,210737558.0,6.32,-3.32,-0.64,3.15
2026-06-18,NOVM,33.71,33.72,33.72,33.71,720,24271.0,0.03,0.15,0.052,0.0
2026-06-18,NOVP,32.47,32.53,32.53,32.45,4548,147673.0,0.25,0.72,0.231,0.0
2026-06-18,NOVT,153.72,155.3,157.475,152.76,683644,106170522.0,3.11,2.56,3.87,1.92
2026-06-18,NOVTU,66.155,65.88,66.63,65.695,1609,105874.0,1.47,3.8,2.41,0.0
2026-06-18,NOVZ,47.122,47.122,47.122,47.122,7,351.0,0.0,0.84,0.392,0.0
2026-06-18,NOW,95.31,95.04,96.241,92.45,36337231,3451810288.0,3.97,-0.46,-0.44,3.52
2026-06-18,NOWL,4.115,4.08,4.19,3.861,18854733,76822195.0,7.97,-1.21,-0.05,0.0
2026-06-18,NP,29.26,29.24,29.74,28.13,545632,15814141.0,5.59,1.49,0.43,0.52
2026-06-18,NPAC,10.37,10.37,10.37,10.37,24689,256026.0,0.0,0.0,0.0,0.08
2026-06-18,NPACW,0.21,0.21,0.21,0.21,840,208.0,0.0,0.0,0.0,0.0
2026-06-18,NPB,18.1,17.85,18.28,17.76,144891,2598024.0,2.9,-0.61,-0.11,0.42
2026-06-18,NPCE,15.52,15.63,15.65,15.14,168470,2617674.0,3.36,3.1,0.47,0.49
2026-06-18,NPCT,9.93,9.85,9.93,9.84,115465,1142108.0,0.91,-0.3,-0.03,0.0
2026-06-18,NPFD,18.47,18.55,18.65,18.47,44277,820226.0,0.98,0.6,0.11,0.0
2026-06-18,NPFE,26.78,26.88,26.91,26.78,23710,638012.0,0.49,1.08,0.287,0.0
2026-06-18,NPFI,26.04,26.03,26.04,25.98,2670,69490.0,0.23,0.19,0.05,0.0
2026-06-18,NPK,130.24,131.84,131.89,128.78,240336,31596252.0,2.4,1.83,2.37,3.35
2026-06-18,NPKI,15.27,15.9,15.93,15.08,1578733,24625931.0,5.63,5.23,0.79,1.87
2026-06-18,NPO,371.21,379.65,383.545,369.77,504347,190628002.0,3.79,4.41,16.03,2.39
2026-06-18,NPT,2.68,2.73,3.213,2.475,796244,2214725.0,27.54,1.87,0.05,3.59
2026-06-18,NPV,11.5,11.41,11.5,11.37,84618,966309.0,1.14,-0.17,-0.02,0.0
2026-06-18,NPWR,1.65,1.83,1.86,1.65,959533,1698410.0,12.88,12.27,0.2,1.09
2026-06-18,NPWR_WS,0.3,0.285,0.3,0.27,8286,2129.0,10.71,1.79,0.005,0.0
2026-06-18,NRC,17.98,18.54,18.62,17.345,357182,6523966.0,7.18,4.45,0.79,1.58
2026-06-18,NRDS,8.43,8.38,8.49,8.26,1114764,9352275.0,2.75,0.24,0.02,3.27
2026-06-18,NRDY,0.95,0.856,0.95,0.856,772480,693791.0,10.48,-4.57,-0.041,0.61
2026-06-18,NREF,14.62,14.87,14.99,14.62,88566,1311204.0,2.53,1.85,0.27,0.47
2026-06-18,NREF_A,23.92,23.92,24.4,23.92,408,9866.0,2.01,0.34,0.08,0.02
2026-06-18,NRES,31.9,31.895,31.9,31.895,171,5484.0,0.02,-2.12,-0.691,0.0
2026-06-18,NRG,133.19,135.06,140.565,133.19,3786846,514891184.0,5.58,2.22,2.93,1.79
2026-06-18,NRGD,31.5,32.003,32.72,31.5,31270,1007811.0,4.01,5.25,1.597,0.0
2026-06-18,NRGU,29.7,29.07,29.7,28.11,122871,3523609.0,5.14,-6.1,-1.89,0.0
2026-06-18,NRGV,4.27,4.1,4.28,4.05,12332726,50748237.0,5.61,0.0,0.0,6.92
2026-06-18,NRIM,25.38,25.21,25.785,24.73,657930,16535306.0,4.22,0.84,0.21,2.96
2026-06-18,NRIX,17.64,17.55,17.89,16.95,4250980,74329595.0,5.49,2.51,0.43,4.11
2026-06-18,NRK,10.63,10.67,10.67,10.57,240309,2554656.0,0.95,1.04,0.11,0.0
2026-06-18,NRO,2.92,2.97,2.982,2.92,274796,809858.0,2.15,2.77,0.08,0.0
2026-06-18,NRP,101.59,100.79,102.3,98.389,62499,6274959.0,3.9,0.49,0.49,0.47
2026-06-18,NRSH,33.642,33.646,33.646,33.642,1243,41739.0,0.01,1.48,0.492,0.0
2026-06-18,NRSN,0.75,0.805,0.805,0.74,241043,183542.0,9.22,14.18,0.1,0.68
2026-06-18,NRSNW,0.108,0.091,0.108,0.075,11778,988.0,30.56,-15.74,-0.017,0.0
2026-06-18,NRT,7.22,7.12,7.42,6.97,80085,567921.0,6.13,-3.0,-0.22,0.87
2026-06-18,NRUC,23.62,23.7,23.73,23.51,22355,528272.0,0.94,0.85,0.2,0.0
2026-06-18,NRXP,4.08,3.97,4.15,3.95,778383,3131773.0,5.03,-0.25,-0.01,1.86
2026-06-18,NRXS,6.81,7.15,7.21,6.81,164452,1163010.0,5.96,6.56,0.44,1.33
2026-06-18,NSA,44.13,44.45,44.8,43.98,944633,42016075.0,1.88,1.88,0.82,1.21
2026-06-18,NSA_A,22.56,22.664,22.755,22.56,6355,144205.0,0.86,0.06,0.014,0.07
2026-06-18,NSA_B,24.895,25.01,25.15,24.895,1222,30591.0,1.02,-0.36,-0.09,0.02
2026-06-18,NSC,301.75,300.08,305.75,298.83,1885206,566720912.0,2.3,-0.15,-0.45,0.84
2026-06-18,NSCI,25.19,25.175,25.19,25.175,46034,1159614.0,0.06,0.0,0.0,0.0
2026-06-18,NSEP,31.14,31.21,31.21,31.14,2553,79550.0,0.23,0.37,0.115,0.0
2026-06-18,NSI,38.985,39.168,39.168,38.985,442,17212.0,0.48,2.31,0.885,0.0
2026-06-18,NSIT,107.1,108.44,108.95,102.675,790881,84781807.0,5.87,1.38,1.48,2.62
2026-06-18,NSP,37.33,36.22,37.42,34.98,2202618,79854695.0,6.55,-2.74,-1.02,5.77
2026-06-18,NSPR,0.72,0.71,0.765,0.71,104991,75575.0,7.45,-3.79,-0.028,0.22
2026-06-18,NSRX,3.08,3.07,3.11,3.01,15889,48917.0,3.25,-0.32,-0.01,0.14
2026-06-18,NSSC,36.85,37.39,38.02,36.55,1528957,57092511.0,4.08,3.69,1.33,4.28
2026-06-18,NSTS,13.75,13.74,13.75,13.68,46612,640043.0,0.51,-0.07,-0.01,0.89
2026-06-18,NSYS,16.3,17.49,17.49,16.0,44270,733999.0,9.61,12.84,1.99,1.58
2026-06-18,NTAP,158.64,159.71,161.17,153.33,8151500,1299802864.0,5.06,3.17,4.9,4.16
2026-06-18,NTB,58.59,58.58,58.88,58.29,273728,16043207.0,1.02,0.9,0.52,0.69
2026-06-18,NTCL,0.155,0.173,0.175,0.153,3959421,647890.0,13.75,8.13,0.013,6.19
2026-06-18,NTCT,39.89,39.67,40.04,38.815,1746318,69190471.0,3.12,1.15,0.45,2.44
2026-06-18,NTES,121.09,121.33,122.5,121.09,689899,83962911.0,1.17,0.36,0.43,0.11
2026-06-18,NTGR,23.42,23.05,23.49,22.32,622970,14283988.0,5.14,1.23,0.28,2.32
2026-06-18,NTHI,4.88,5.27,5.35,4.823,373767,1952588.0,10.96,9.56,0.46,1.44
2026-06-18,NTIC,8.13,8.04,8.15,8.04,10702,86697.0,1.36,-0.74,-0.06,0.11
2026-06-18,NTIP,1.48,1.47,1.495,1.45,84766,124746.0,3.02,-1.34,-0.02,0.37
2026-06-18,NTLA,15.525,15.67,16.2,15.04,8849172,137960157.0,7.63,3.09,0.47,6.33
2026-06-18,NTNX,45.73,46.9,47.035,44.84,5988770,278449200.0,4.72,0.93,0.43,2.22
2026-06-18,NTR,63.82,62.86,63.925,62.395,3865734,242742825.0,2.38,-2.21,-1.42,0.81
2026-06-18,NTRA,232.64,231.41,237.153,227.93,2630815,608119808.0,4.07,2.19,4.97,1.84
2026-06-18,NTRB,3.07,2.9,3.295,2.9,29194,87841.0,12.91,-5.23,-0.16,0.24
2026-06-18,NTRBW,1.21,1.21,1.21,1.21,110,116.0,0.0,0.0,0.0,0.0
2026-06-18,NTRP,2.02,2.07,2.13,1.8,125073,250374.0,16.34,2.48,0.05,0.86
2026-06-18,NTRS,176.46,172.11,176.99,171.008,2817093,486289936.0,3.42,-1.62,-2.84,1.52
2026-06-18,NTRSO,18.42,18.53,18.55,18.42,22190,410960.0,0.7,0.32,0.06,0.14
2026-06-18,NTSD,46.21,46.235,46.26,46.151,2295,106070.0,0.24,1.39,0.633,0.0
2026-06-18,NTSE,49.9,50.301,50.365,49.9,1954,98180.0,0.96,3.54,1.721,0.0
2026-06-18,NTSI,47.58,47.63,47.688,47.47,13482,641832.0,0.46,0.72,0.34,0.0
2026-06-18,NTSK,8.79,9.05,9.205,8.67,32889373,297477024.0,6.14,3.78,0.33,13.06
2026-06-18,NTST,19.46,19.2,19.515,19.115,2389228,45970906.0,2.06,-1.29,-0.25,2.46
2026-06-18,NTSX,59.2,59.195,59.32,58.89,39938,2361889.0,0.73,1.1,0.645,0.0
2026-06-18,NTWK,4.48,4.19,4.49,4.18,77879,331730.0,6.92,-6.47,-0.29,0.66
2026-06-18,NTWO,10.63,10.63,10.63,10.63,3,32.0,0.0,0.0,0.0,0.0
2026-06-18,NTWOW,0.27,0.181,0.3,0.181,5600,1473.0,53.85,-18.1,-0.04,0.0
2026-06-18,NTZ,2.12,2.12,2.12,2.12,308,632.0,0.0,0.0,0.0,0.0
2026-06-18,NU,13.03,12.71,13.08,12.68,66813171,856875568.0,3.1,-1.4,-0.18,1.74
2026-06-18,NUAG,21.03,20.995,21.03,20.995,5637,118481.0,0.17,0.21,0.045,0.0
2026-06-18,NUAI,6.09,6.25,6.29,5.665,17071872,105182464.0,10.91,9.08,0.52,16.85
2026-06-18,NUAIW,2.12,2.58,2.58,2.12,43282,107462.0,19.49,9.32,0.22,0.0
2026-06-18,NUBD,22.15,22.11,22.17,22.11,203284,4498901.0,0.27,0.2,0.045,0.0
2026-06-18,NUCL,10.24,11.25,11.57,9.465,4417987,48845063.0,21.77,16.34,1.58,14.94
2026-06-18,NUCLW,1.65,1.71,1.85,1.49,515389,844266.0,22.93,8.92,0.14,0.0
2026-06-18,NUDG,62.07,62.088,62.088,62.07,400,24828.0,0.03,0.35,0.218,0.0
2026-06-18,NUDM,39.834,39.9,39.965,39.83,35204,1405286.0,0.34,0.58,0.23,0.0
2026-06-18,NUDV,32.53,32.42,32.58,32.42,9754,316631.0,0.49,-0.55,-0.18,0.0
2026-06-18,NUE,252.95,243.83,254.11,242.049,5190774,1272293088.0,4.77,-3.47,-8.77,2.28
2026-06-18,NUEM,43.25,43.68,43.68,43.25,10286,447749.0,1.01,2.97,1.26,0.0
2026-06-18,NUG,8.48,8.159,8.55,8.159,3930,33143.0,4.69,-2.19,-0.183,0.0
2026-06-18,NUGO,43.28,43.586,43.586,43.28,3305,143433.0,0.72,1.92,0.823,0.0
2026-06-18,NUGT,150.09,141.46,155.52,137.6,1216550,175564475.0,12.11,-4.37,-6.47,0.0
2026-06-18,NUGY,14.47,14.346,14.481,14.25,12987,186300.0,1.58,-1.75,-0.255,0.0
2026-06-18,NUHY,21.4,21.46,21.47,21.4,20167,432355.0,0.33,0.52,0.11,0.0
2026-06-18,NUKX,42.35,42.301,42.69,41.01,24357,1013478.0,4.12,3.64,1.485,0.0
2026-06-18,NUKZ,70.77,71.45,71.84,70.556,109288,7792076.0,1.83,2.0,1.4,0.0
2026-06-18,NULC,54.0,54.01,54.01,53.89,808,43671.0,0.22,0.83,0.446,0.0
2026-06-18,NULG,116.12,115.91,116.515,115.83,56672,6561357.0,0.6,1.84,2.09,0.0
2026-06-18,NULV,50.05,49.725,50.05,49.655,58462,2910606.0,0.79,-0.25,-0.125,0.0
2026-06-18,NUMG,45.59,45.25,45.59,45.0,24881,1122605.0,1.31,0.44,0.2,0.0
2026-06-18,NUMI,25.18,25.18,25.225,25.155,7400,186418.0,0.28,0.3,0.075,0.0
2026-06-18,NUMV,42.67,42.517,42.705,42.517,16238,691421.0,0.44,-0.34,-0.143,0.0
2026-06-18,NURE,31.89,31.623,31.89,31.623,3768,119773.0,0.85,0.71,0.223,0.0
2026-06-18,NUS,4.97,5.02,5.13,4.97,2191714,11033584.0,3.21,0.8,0.04,4.51
2026-06-18,NUSA,23.135,23.135,23.135,23.135,316,7328.0,0.0,0.13,0.03,0.0
2026-06-18,NUSB,25.235,25.235,25.235,25.235,247,6242.0,0.0,0.04,0.01,0.0
2026-06-18,NUSC,51.11,51.07,51.11,50.65,45028,2295475.0,0.91,1.33,0.67,0.0
2026-06-18,NUTX,151.79,150.51,152.5,147.375,144434,21739625.0,3.5,2.82,4.13,2.1
2026-06-18,NUV,9.14,9.16,9.16,9.11,548045,5007823.0,0.55,0.66,0.06,0.0
2026-06-18,NUVB,5.44,5.56,5.575,5.33,4730292,25945314.0,4.6,4.32,0.23,1.36
2026-06-18,NUVL,123.4,123.43,123.56,123.3,4603597,568162064.0,0.21,0.06,0.07,6.25
2026-06-18,NUW,14.24,14.29,14.315,14.23,21814,311455.0,0.6,0.63,0.09,0.0
2026-06-18,NUWE,0.136,0.134,0.143,0.134,1891953,258679.0,6.52,-2.9,-0.004,39.05
2026-06-18,NVA,6.06,5.76,6.29,5.49,593700,3491589.0,12.31,-11.38,-0.74,
2026-06-18,NVAX,9.675,9.13,9.99,9.08,9458291,87583605.0,9.58,-3.89,-0.37,5.75
2026-06-18,NVBT,39.49,39.572,39.572,39.49,1676,66194.0,0.21,0.8,0.313,0.0
2026-06-18,NVBU,30.9,30.9,30.9,30.9,396,12229.0,0.0,0.9,0.275,0.0
2026-06-18,NVBW,35.52,35.555,35.555,35.52,1756,62387.0,0.1,0.41,0.145,0.0
2026-06-18,NVCR,15.03,14.28,15.099,13.88,4850209,70160841.0,6.83,-20.0,-3.57,4.19
2026-06-18,NVCT,12.89,13.82,14.16,12.668,323636,4389224.0,11.85,9.77,1.23,1.22
2026-06-18,NVD,4.89,4.75,4.938,4.691,59519423,285544320.0,4.91,-5.57,-0.28,0.0
2026-06-18,NVDA,207.33,210.69,211.39,206.5,241272013,50608662528.0,2.39,2.95,6.04,1.0
2026-06-18,NVDB,30.54,31.4,31.65,30.39,20310,629532.0,4.25,5.94,1.76,0.0
2026-06-18,NVDD,33.21,32.6,33.305,32.55,165746,5442106.0,2.25,-2.96,-0.995,0.0
2026-06-18,NVDG,18.4,18.96,19.17,18.34,189511,3573914.0,4.61,5.27,0.95,0.0
2026-06-18,NVDL,97.2,99.73,100.8,96.36,5188512,512711024.0,4.69,5.24,4.97,0.0
2026-06-18,NVDQ,11.18,10.9,11.3,10.762,4155694,45646032.0,4.67,-5.3,-0.61,0.0
2026-06-18,NVDS,21.75,21.21,21.8,21.05,174903,3737645.0,3.39,-4.08,-0.902,0.0
2026-06-18,NVDU,129.0,133.24,134.365,128.66,396007,52178214.0,4.51,5.43,6.86,0.0
2026-06-18,NVDW,38.0,38.56,38.627,37.65,63824,2440898.0,2.62,3.41,1.27,0.0
2026-06-18,NVDX,18.44,18.93,19.14,18.3,9228114,173248293.0,4.68,5.4,0.97,0.0
2026-06-18,NVDY,12.96,13.08,13.125,12.929,2342240,30545903.0,1.51,0.93,0.12,0.0
2026-06-18,NVEC,105.65,110.46,111.37,105.65,568878,62629573.0,5.62,8.54,8.69,11.76
2026-06-18,NVG,12.64,12.68,12.7,12.6,543304,6872236.0,0.8,0.88,0.11,0.0
2026-06-18,NVGS,21.97,21.71,22.03,21.44,546306,11862658.0,2.68,-1.23,-0.27,0.89
2026-06-18,NVII,25.08,25.36,25.579,25.0,130779,3309383.0,2.33,2.13,0.53,0.0
2026-06-18,NVIR,37.34,37.448,37.448,37.34,1020,38125.0,0.29,-0.4,-0.15,0.0
2026-06-18,NVIT,49.71,50.29,50.31,49.58,9576,479742.0,1.48,2.16,1.063,0.0
2026-06-18,NVMI,572.985,575.31,582.315,565.24,574489,330062160.0,3.08,3.77,20.89,1.81
2026-06-18,NVNI,0.918,0.95,0.966,0.905,79250,73856.0,6.52,1.5,0.014,0.68
2026-06-18,NVNIW,0.029,0.029,0.029,0.029,2072,60.0,0.0,0.0,0.0,0.0
2026-06-18,NVNO,10.6,10.0,10.6,10.0,14288,145776.0,5.88,-1.96,-0.2,2.14
2026-06-18,NVO,43.45,43.19,44.0,42.515,8996732,387430096.0,3.41,-0.76,-0.33,0.27
2026-06-18,NVOH,23.63,23.449,23.63,23.405,1106,25961.0,0.95,-0.81,-0.192,0.0
2026-06-18,NVOX,13.32,13.16,13.34,12.75,376316,4921887.0,4.4,-1.94,-0.26,0.0
2026-06-18,NVR,6374.99,6490.93,6558.01,6350.67,58644,380371072.0,3.3,3.43,214.99,2.17
2026-06-18,NVRI,21.38,22.01,22.14,20.73,507477,11055397.0,6.66,3.97,0.84,1.81
2026-06-18,NVS,149.9,147.08,150.08,146.92,1869631,276019968.0,2.09,-2.52,-3.8,0.1
2026-06-18,NVST,25.3,25.91,26.04,25.145,3901398,100772095.0,3.6,4.22,1.05,2.4
2026-06-18,NVT,175.61,177.02,179.03,172.6,4310949,762656992.0,3.76,3.56,6.08,2.67
2026-06-18,NVTS,23.615,24.02,24.23,22.925,23356569,552449568.0,5.84,7.52,1.68,9.99
2026-06-18,NVTX,89.75,91.51,93.48,84.48,249308,22109952.0,11.26,14.49,11.58,0.0
2026-06-18,NVVE,0.365,0.365,0.385,0.35,121746,45251.0,9.64,0.55,0.002,1.29
2026-06-18,NVX,0.593,0.53,0.593,0.53,407489,221974.0,11.37,-4.33,-0.024,0.19
2026-06-18,NVYY,13.07,13.09,13.1,13.02,71336,932776.0,0.61,-0.08,-0.01,0.0
2026-06-18,NWAX,10.15,10.14,10.15,10.14,16500,167355.0,0.1,0.1,0.01,0.04
2026-06-18,NWAX_U,10.4,10.425,10.425,10.4,1287,13397.0,0.24,0.05,0.005,0.0
2026-06-18,NWAX_WS,0.64,0.63,0.64,0.58,1031,649.0,10.34,8.62,0.05,0.0
2026-06-18,NWBI,14.35,14.48,14.59,14.33,3742461,54185837.0,1.81,0.91,0.13,2.56
2026-06-18,NWE,69.81,69.88,70.305,69.06,849188,59263790.0,1.8,0.92,0.64,1.38
2026-06-18,NWFL,31.04,30.77,31.15,30.463,50052,1543658.0,2.21,-0.97,-0.3,0.46
2026-06-18,NWG,16.89,16.77,16.99,16.765,7678406,129548867.0,1.34,0.06,0.01,0.19
2026-06-18,NWGL,0.258,0.25,0.27,0.221,5644013,1527531.0,18.77,-4.21,-0.011,114.33
2026-06-18,NWL,5.02,4.92,5.17,4.905,15952876,79907991.0,5.33,-1.01,-0.05,3.75
2026-06-18,NWN,48.88,49.02,49.48,48.49,802800,39325244.0,2.03,0.31,0.15,1.91
2026-06-18,NWPX,141.52,139.19,144.35,135.496,251525,35218299.0,6.37,0.22,0.3,2.61
2026-06-18,NWS,29.6,28.75,29.6,28.44,9584207,276181440.0,3.92,-2.87,-0.85,5.25
2026-06-18,NWSA,25.98,25.28,25.99,24.92,28709389,727309904.0,4.12,-2.69,-0.7,7.87
2026-06-18,NWTG,1.04,1.03,1.1,1.03,42738,44982.0,6.73,-0.96,-0.01,0.93
2026-06-18,NX,16.42,17.0,17.37,16.42,727368,12332327.0,5.87,5.07,0.82,1.58
2026-06-18,NXB,2.05,2.11,2.315,2.05,22621,48504.0,12.86,2.43,0.05,0.09
2026-06-18,NXDR,2.15,2.2,2.216,2.12,2900343,6343819.0,4.42,1.38,0.03,1.14
2026-06-18,NXDT,4.68,4.53,4.68,4.47,170629,776869.0,4.63,-0.22,-0.01,0.0
2026-06-18,NXDT_A,13.15,13.174,13.2,13.15,2594,34189.0,0.38,0.18,0.024,0.08
2026-06-18,NXE,10.7,10.65,10.91,10.395,12773287,135618634.0,4.91,1.53,0.16,1.93
2026-06-18,NXG,59.58,58.68,59.58,58.3,43747,2565551.0,2.2,0.65,0.38,0.72
2026-06-18,NXGL,0.64,0.566,0.645,0.566,1323523,803474.0,12.93,-7.36,-0.045,14.35
2026-06-18,NXGLW,0.039,0.039,0.039,0.039,1064,49.0,0.0,0.0,0.0,0.0
2026-06-18,NXL,0.4,0.368,0.4,0.368,212692,80841.0,8.14,-6.36,-0.025,1.03
2026-06-18,NXP,14.25,14.29,14.36,14.25,100079,1429392.0,0.77,0.28,0.04,0.0
2026-06-18,NXPG,14.37,14.79,15.14,14.37,2938,43603.0,5.71,9.72,1.31,0.0
2026-06-18,NXPI,309.44,313.27,319.7,306.06,7969279,2499857360.0,4.57,5.05,15.07,3.16
2026-06-18,NXPL,5.89,5.79,6.286,5.65,110071,651094.0,11.2,1.94,0.11,4.06
2026-06-18,NXPX,21.91,22.083,22.63,21.91,3704,82083.0,3.58,9.82,1.974,0.0
2026-06-18,NXRT,26.83,26.97,27.0,26.17,1530115,41086515.0,3.12,1.31,0.35,6.0
2026-06-18,NXST,165.79,164.16,166.83,163.46,673069,110821613.0,2.03,-1.0,-1.66,2.2
2026-06-18,NXT,127.075,125.9,127.075,119.019,4068928,508779024.0,6.53,2.1,2.59,2.71
2026-06-18,NXTC,2.2,2.02,2.249,2.0,59375,123282.0,11.32,-8.18,-0.18,1.64
2026-06-18,NXTE,52.9,53.562,53.562,52.9,910,48476.0,1.29,4.53,2.321,0.0
2026-06-18,NXTG,157.24,158.11,158.47,157.09,12735,2011361.0,0.89,2.5,3.86,0.0
2026-06-18,NXTI,34.47,34.356,34.47,34.356,555,19135.0,0.33,0.29,0.098,0.0
2026-06-18,NXTS,4.97,5.08,5.58,4.97,90232,467073.0,11.42,-4.87,-0.26,8.66
2026-06-18,NXTT,1.61,1.45,1.67,1.38,520530,777513.0,17.58,-12.12,-0.2,0.68
2026-06-18,NXUS,25.04,25.02,25.04,25.02,165,4155.0,0.08,0.16,0.04,0.0
2026-06-18,NXXT,0.449,0.496,0.513,0.393,6543710,2936143.0,28.04,15.89,0.068,4.15
2026-06-18,NYAX,65.28,65.27,65.74,64.99,6558,429386.0,1.19,3.18,2.01,0.02
2026-06-18,NYC,8.0,7.61,8.32,7.56,8833,68785.0,9.62,-3.67,-0.29,0.3
2026-06-18,NYF,53.79,53.815,53.83,53.762,124601,6704946.0,0.13,0.33,0.175,0.0
2026-06-18,NYM,25.07,25.06,25.11,25.05,87954,2205765.0,0.24,0.16,0.04,0.0
2026-06-18,NYNY,26.3,26.3,26.3,26.3,25,661.0,0.0,-1.67,-0.447,0.0
2026-06-18,NYSX,128.12,128.999,128.999,128.12,94358,12110100.0,0.7,2.87,3.598,0.0
2026-06-18,NYT,74.16,73.06,74.347,72.37,3687898,269484752.0,2.66,-1.88,-1.4,2.29
2026-06-18,NYXH,1.64,1.6,1.64,1.52,281739,445942.0,7.55,0.63,0.01,0.28
2026-06-18,NYYY,44.123,44.123,44.123,44.123,109,4815.0,0.0,2.9,1.243,0.0
2026-06-18,NZAC,46.04,46.083,46.17,45.915,640,29477.0,0.56,1.25,0.567,0.0
2026-06-18,NZF,12.66,12.7,12.7,12.635,819416,10374148.0,0.52,0.79,0.1,0.0
2026-06-18,O,60.78,60.24,60.901,60.215,12961677,783000848.0,1.13,-0.54,-0.33,1.39
2026-06-18,OABI,2.07,2.34,2.34,2.05,1046790,2341813.0,14.29,15.27,0.31,0.72
2026-06-18,OABIW,0.118,0.117,0.118,0.117,570,67.0,0.93,9.35,0.01,0.0
2026-06-18,OACCU,10.73,10.73,10.73,10.73,25,269.0,0.0,0.0,0.0,0.0
2026-06-18,OACP,22.8,22.765,22.81,22.76,71866,1637237.0,0.22,0.18,0.04,0.0
2026-06-18,OAEM,51.21,51.441,51.62,51.18,9840,506537.0,0.89,3.75,1.861,0.0
2026-06-18,OAIM,48.35,48.452,48.59,48.33,25845,1252992.0,0.54,0.73,0.352,0.0
2026-06-18,OAKG,24.89,24.906,24.906,24.89,198,4932.0,0.06,0.12,0.03,0.0
2026-06-18,OAKI,25.493,25.71,25.71,25.493,8890,227876.0,0.84,0.03,0.007,0.0
2026-06-18,OAKM,27.97,27.75,28.03,27.72,133525,3715054.0,1.11,-0.36,-0.1,0.0
2026-06-18,OAK_A,21.1,21.455,21.56,21.1,11234,239903.0,2.13,-0.49,-0.105,0.16
2026-06-18,OAK_B,21.575,21.27,21.575,21.23,13173,280149.0,1.61,-0.7,-0.15,0.14
2026-06-18,OALC,41.03,40.894,41.03,40.85,38218,1563971.0,0.45,1.47,0.591,0.0
2026-06-18,OARK,31.3,31.547,31.547,31.1,5095,159211.0,1.43,1.11,0.347,0.0
2026-06-18,OASC,34.77,34.9,34.93,34.755,24962,869586.0,0.51,1.31,0.45,0.0
2026-06-18,OBA,10.23,10.23,10.23,10.23,4,41.0,0.0,0.0,0.0,0.0
2026-06-18,OBAI,1.07,0.826,1.08,0.772,19774858,18675800.0,29.9,-19.81,-0.204,80.84
2026-06-18,OBDC,10.9,10.87,10.95,10.825,8168759,88807018.0,1.16,0.46,0.05,1.65
2026-06-18,OBE,9.47,9.25,9.54,8.955,1514265,13894771.0,6.13,-3.04,-0.29,2.27
2026-06-18,OBIL,50.07,50.085,50.09,50.07,118967,5957977.0,0.04,0.07,0.035,0.0
2026-06-18,OBIO,3.89,3.99,4.04,3.84,319616,1268995.0,5.17,3.1,0.12,0.53
2026-06-18,OBK,49.15,49.36,49.77,48.94,201843,9942806.0,1.7,1.33,0.65,0.65
2026-06-18,OBND,25.81,25.795,25.82,25.795,6934,179027.0,0.1,0.33,0.085,0.0
2026-06-18,OBOR,27.01,26.961,27.01,26.961,1196,32314.0,0.18,-0.2,-0.054,0.0
2026-06-18,OBT,36.5,37.23,38.03,35.93,222315,8240209.0,5.83,3.36,1.21,1.66
2026-06-18,OBTC,20.511,20.212,20.511,20.0,1766,35649.0,2.48,-1.95,-0.401,0.0
2026-06-18,OC,125.9,128.14,132.063,124.81,1765926,227752445.0,5.86,3.52,4.36,2.19
2026-06-18,OCAC_U,10.18,10.18,10.18,10.18,63449,645911.0,0.0,0.1,0.01,0.0
2026-06-18,OCC,21.9,22.4,22.57,20.11,457260,9894844.0,11.32,3.08,0.67,5.18
2026-06-18,OCCI,2.58,2.5,2.6,2.43,606002,1525044.0,6.56,-3.47,-0.09,2.07
2026-06-18,OCCIM,25.12,25.12,25.12,25.12,273,6861.0,0.0,-0.14,-0.035,0.02
2026-06-18,OCCIN,24.84,24.85,24.95,24.84,4151,103391.0,0.44,-0.02,-0.005,0.3
2026-06-18,OCFC,18.28,18.03,18.48,17.995,1211971,21914257.0,2.68,-0.28,-0.05,2.1
2026-06-18,OCG,1.875,1.84,1.89,1.82,55267,103097.0,3.83,0.55,0.01,2.85
2026-06-18,OCGN,1.255,1.24,1.32,1.24,26269780,32796171.0,6.5,0.81,0.01,7.76
2026-06-18,OCIO,38.52,38.037,38.52,37.975,1167,44644.0,1.45,1.3,0.488,0.0
2026-06-18,OCS,11.6,11.22,11.77,10.88,772599,8642850.0,7.88,-0.71,-0.08,1.25
2026-06-18,OCSAW,4.5,4.48,4.5,4.48,403,1892.0,0.48,8.21,0.34,0.0
2026-06-18,OCSL,11.77,11.59,11.77,11.46,802281,9285455.0,2.68,0.17,0.02,0.91
2026-06-18,OCTB,27.09,27.15,27.15,27.09,1453,39396.0,0.22,0.54,0.147,0.0
2026-06-18,OCTH,24.29,24.33,24.33,24.281,506,12299.0,0.2,0.08,0.02,0.0
2026-06-18,OCTJ,24.18,24.225,24.225,24.17,455,11002.0,0.23,0.02,0.005,0.0
2026-06-18,OCTM,33.56,33.57,33.58,33.56,534,17923.0,0.06,0.1,0.035,0.0
2026-06-18,OCTP,32.263,32.263,32.263,32.263,17,548.0,0.0,0.59,0.188,0.0
2026-06-18,OCTT,46.22,46.545,46.545,46.22,7162,332541.0,0.7,0.64,0.297,0.0
2026-06-18,OCTU,30.36,30.44,30.475,30.36,14527,441895.0,0.38,1.0,0.3,0.0
2026-06-18,OCTV,16.375,16.6,16.71,15.9,4666376,77117556.0,4.9,0.36,0.06,1.81
2026-06-18,OCTW,40.81,40.87,40.87,40.808,23426,956472.0,0.15,0.34,0.14,0.0
2026-06-18,OCTZ,45.64,45.784,45.784,45.64,120,5506.0,0.32,0.97,0.439,0.0
2026-06-18,OCUL,10.0,9.43,10.39,9.37,6114283,58606182.0,10.58,-2.18,-0.21,2.79
2026-06-18,ODC,93.27,95.1,95.43,92.183,113972,10777782.0,3.49,2.28,2.12,1.11
2026-06-18,ODD,11.1,13.07,13.17,11.012,2850294,36145799.0,19.67,19.14,2.1,6.32
2026-06-18,ODDS,24.205,24.205,24.205,24.205,42,1034.0,0.0,0.37,0.09,0.0
2026-06-18,ODDZ,26.42,26.393,26.42,26.393,113,2987.0,0.1,0.99,0.258,0.0
2026-06-18,ODFL,221.27,221.04,224.17,219.28,3917707,866202208.0,2.24,1.23,2.68,1.88
2026-06-18,ODHY,10.005,10.005,10.005,10.005,2,20.0,0.0,0.3,0.03,0.0
2026-06-18,ODTE,27.05,27.22,27.24,27.04,9915,269421.0,0.74,1.14,0.308,0.0
2026-06-18,ODTX,18.77,19.07,19.492,17.95,1602912,30385037.0,8.34,3.19,0.59,3.34
2026-06-18,ODV,2.73,2.65,2.8,2.62,4096507,10893587.0,6.64,-2.21,-0.06,1.34
2026-06-18,ODVWZ,0.09,0.09,0.09,0.09,100,9.0,0.0,-10.0,-0.01,0.0
2026-06-18,ODYS,3.9,4.04,4.15,3.859,123082,506254.0,7.42,3.06,0.12,0.73
2026-06-18,OEC,7.83,7.44,7.93,7.37,1463347,11055508.0,7.24,-3.88,-0.3,2.6
2026-06-18,OEF,368.1,368.66,368.93,365.96,234412,86220012.0,0.82,1.24,4.52,0.0
2026-06-18,OEFA,34.3,34.232,34.3,34.22,1433,49085.0,0.23,0.17,0.058,0.0
2026-06-18,OEI,25.55,25.62,25.63,25.42,2215,56636.0,0.82,-0.23,-0.059,0.0
2026-06-18,OESX,9.53,9.82,9.82,9.08,46592,448456.0,7.64,1.34,0.13,1.15
2026-06-18,OFAL,0.236,0.222,0.241,0.217,1654244,379782.0,10.08,-6.72,-0.016,6.27
2026-06-18,OFG,46.73,46.66,47.16,46.36,1335462,62265249.0,1.72,0.24,0.11,3.16
2026-06-18,OFIX,9.38,9.45,9.9,9.17,504124,4730568.0,7.91,2.38,0.22,1.25
2026-06-18,OFLX,31.35,31.15,32.12,30.87,83161,2610640.0,4.02,0.16,0.05,0.82
2026-06-18,OFRM,18.84,19.38,19.62,18.455,326215,6297415.0,6.28,4.47,0.83,0.78
2026-06-18,OFS,3.81,3.64,3.81,3.64,114536,424471.0,4.33,-7.38,-0.29,0.85
2026-06-18,OFSSH,23.72,23.72,23.72,23.72,162,3843.0,0.0,0.0,0.0,0.0
2026-06-18,OFSSO,25.18,25.5,25.5,25.15,37102,934308.0,1.37,-0.16,-0.04,0.0
2026-06-18,OGC,27.55,26.45,28.3,25.82,1843019,48778594.0,8.98,-4.24,-1.17,0.82
2026-06-18,OGCP,5.715,5.715,5.715,5.715,3,17.0,0.0,0.0,0.0,0.0
2026-06-18,OGE,47.27,47.3,47.58,46.92,2073156,98028893.0,1.39,-0.08,-0.04,1.0
2026-06-18,OGEN,0.62,0.549,0.623,0.549,94049,54230.0,12.13,-10.0,-0.061,2.08
2026-06-18,OGI,0.98,0.965,1.0,0.95,708522,686251.0,5.07,-2.23,-0.022,0.5
2026-06-18,OGIG,44.48,44.42,44.53,44.04,27595,1225223.0,1.11,0.4,0.177,0.0
2026-06-18,OGN,13.44,13.43,13.44,13.4,5074607,68134589.0,0.3,0.07,0.01,1.93
2026-06-18,OGS,75.77,76.76,77.09,75.68,1872357,143282087.0,1.85,0.93,0.71,2.98
2026-06-18,OGSP,10.03,10.03,10.03,10.03,16,168.0,0.0,0.1,0.01,0.0
2026-06-18,OHACR,0.26,0.26,0.26,0.26,200,52.0,0.0,-7.14,-0.02,0.0
2026-06-18,OHI,44.98,44.53,44.98,44.18,4144707,184522803.0,1.79,-0.25,-0.11,1.39
2026-06-18,OI,9.16,9.23,9.445,9.12,5186398,48157098.0,3.59,1.88,0.17,3.38
2026-06-18,OIA,6.08,6.09,6.09,6.07,140742,856589.0,0.33,0.66,0.04,0.0
2026-06-18,OIH,396.79,385.49,396.79,380.905,818864,314255024.0,4.0,-2.93,-11.63,0.0
2026-06-18,OII,36.42,36.06,36.42,35.18,2241616,80602682.0,3.49,1.58,0.56,2.25
2026-06-18,OILD,49.66,51.44,52.43,49.66,95717,4940783.0,5.69,5.69,2.77,0.0
2026-06-18,OILK,49.28,49.96,50.21,48.631,209194,10274589.0,3.16,0.02,0.01,0.0
2026-06-18,OILT,27.561,27.643,27.73,27.56,8695,240303.0,0.6,-2.12,-0.599,0.0
2026-06-18,OILU,34.43,33.39,34.51,32.66,481832,16023679.0,5.22,-5.86,-2.08,0.0
2026-06-18,OIMAW,0.674,0.674,0.674,0.674,122,88.0,0.0,0.0,0.0,0.0
2026-06-18,OIO,2.21,2.29,2.51,2.21,21892,51192.0,12.71,-2.97,-0.07,0.01
2026-06-18,OIS,8.03,7.95,8.04,7.7,1618424,12820449.0,4.22,-1.24,-0.1,2.69
2026-06-18,OKE,84.68,85.03,85.29,83.08,9496831,805814080.0,2.58,-0.64,-0.55,1.51
2026-06-18,OKLL,6.625,6.85,7.13,6.28,15033537,100884549.0,13.34,7.54,0.48,0.0
2026-06-18,OKLO,59.83,61.17,63.0,58.56,14443988,877742960.0,7.55,4.0,2.35,8.3
2026-06-18,OKLS,19.28,18.52,20.45,17.8,223336,4290502.0,13.12,-8.32,-1.68,0.0
2026-06-18,OKTA,112.615,117.81,119.545,107.0,8271241,962441824.0,11.1,4.23,4.78,4.98
2026-06-18,OKTG,19.29,21.589,22.06,17.76,32247,651973.0,21.58,8.35,1.664,0.0
2026-06-18,OKUR,4.33,4.48,4.5,4.175,1651378,7356135.0,7.58,4.43,0.19,4.09
2026-06-18,OKYO,1.57,1.59,1.6,1.564,65086,103046.0,2.29,1.27,0.02,0.12
2026-06-18,OLB,0.42,0.397,0.429,0.397,309618,127918.0,8.0,-0.75,-0.003,2.11
2026-06-18,OLED,86.17,88.94,89.455,85.915,1930703,171220605.0,4.19,5.23,4.42,4.13
2026-06-18,OLLI,77.34,76.91,78.87,75.91,2879952,222605613.0,3.82,-0.72,-0.56,4.76
2026-06-18,OLMA,9.54,9.51,9.83,9.06,2868788,27026053.0,8.16,0.74,0.07,3.28
2026-06-18,OLN,23.24,22.01,23.305,21.72,5015831,110952225.0,6.89,-4.3,-0.99,4.4
2026-06-18,OLOX,5.7,6.06,6.3,5.653,38991,234039.0,11.17,4.66,0.27,3.25
2026-06-18,OLP,23.98,23.99,24.315,23.86,135559,3255337.0,1.91,0.5,0.12,0.62
2026-06-18,OLPX,2.06,2.05,2.06,2.05,5398563,11091545.0,0.49,0.0,0.0,0.8
2026-06-18,OM,4.11,5.05,5.25,4.07,525986,2512365.0,29.35,25.62,1.03,2.84
2026-06-18,OMAB,111.64,114.0,114.1,110.555,130937,14821015.0,3.18,2.21,2.47,0.31
2026-06-18,OMAH,18.78,18.58,18.78,18.565,1052169,19576766.0,1.15,-0.54,-0.1,0.0
2026-06-18,OMC,75.48,71.35,75.595,70.84,24462023,1754664832.0,6.23,-6.5,-4.96,8.58
2026-06-18,OMCL,38.97,39.05,39.41,37.63,1347205,52257424.0,4.62,1.43,0.55,2.96
2026-06-18,OMDA,17.3,17.64,17.7,16.96,788987,13828594.0,4.29,2.26,0.39,1.33
2026-06-18,OMER,10.09,10.28,10.42,9.75,2634659,26856890.0,6.95,6.64,0.64,3.64
2026-06-18,OMEX,0.91,0.898,0.914,0.88,543248,487250.0,3.72,-1.64,-0.015,0.93
2026-06-18,OMF,58.15,58.18,58.785,58.09,955180,55644692.0,1.21,0.99,0.57,0.83
2026-06-18,OMFL,68.63,68.56,68.73,68.36,172933,11863172.0,0.54,0.9,0.61,0.0
2026-06-18,OMFS,52.14,52.18,52.22,51.64,14318,744744.0,1.13,1.39,0.715,0.0
2026-06-18,OMH,0.65,0.679,0.68,0.621,28048,18153.0,9.08,4.46,0.029,0.13
2026-06-18,OMSE,4.11,4.06,4.15,4.05,58302,239525.0,2.43,-1.22,-0.05,0.14
2026-06-18,ON,117.89,121.62,122.18,117.575,19844547,2401278992.0,4.08,7.7,8.7,5.06
2026-06-18,ONB,24.81,24.8,25.04,24.6,6020525,149189662.0,1.79,0.77,0.19,1.56
2026-06-18,ONBPO,24.83,25.02,25.02,24.83,5961,148512.0,0.77,0.77,0.19,0.14
2026-06-18,ONBPP,24.95,24.89,24.95,24.875,3052,76005.0,0.3,-0.24,-0.06,0.06
2026-06-18,ONC,270.2,270.15,274.55,265.02,367885,99283803.0,3.63,2.84,7.47,0.67
2026-06-18,ONCHU,10.35,10.35,10.35,10.34,2500,25864.0,0.1,0.0,0.0,0.0
2026-06-18,ONCHW,0.48,0.48,0.48,0.48,6600,3200.0,0.0,6.67,0.03,0.0
2026-06-18,ONCO,0.94,0.944,0.961,0.88,471718,436112.0,8.14,-5.13,-0.051,12.78
2026-06-18,ONCY,0.95,0.96,0.98,0.942,1129424,1080515.0,4.08,3.0,0.028,0.95
2026-06-18,OND,34.625,34.625,34.625,34.625,18,620.0,0.0,1.5,0.513,0.0
2026-06-18,ONDG,4.38,4.27,4.42,3.97,2028645,8358926.0,10.79,2.4,0.1,0.0
2026-06-18,ONDL,11.67,11.5,11.79,10.59,1699406,18801379.0,10.72,2.77,0.31,0.0
2026-06-18,ONDS,9.41,9.27,9.46,8.92,64112213,585380096.0,5.92,1.64,0.15,12.46
2026-06-18,ONDU,7.05,6.93,7.09,6.41,138047,925241.0,10.1,2.97,0.2,0.0
2026-06-18,ONEG,1.53,1.74,1.84,1.53,505218,874467.0,19.87,11.54,0.18,3.16
2026-06-18,ONEH,24.89,24.795,24.9,24.7,1989,49391.0,0.81,0.2,0.05,0.0
2026-06-18,ONEO,152.243,152.243,152.243,152.243,388,59490.0,0.0,0.87,1.312,0.0
2026-06-18,ONEQ,103.93,104.25,104.55,103.09,309278,32104456.0,1.42,1.69,1.73,0.0
2026-06-18,ONEV,141.69,141.449,141.69,141.449,1316,186450.0,0.17,-0.06,-0.091,0.0
2026-06-18,ONEW,10.96,11.33,11.5,10.905,279493,3144905.0,5.51,5.0,0.54,1.68
2026-06-18,ONEY,128.71,127.977,128.735,127.78,7081,908466.0,0.75,-0.1,-0.123,0.0
2026-06-18,ONEZ,27.57,27.69,27.718,27.57,33033,913205.0,0.54,0.82,0.224,0.0
2026-06-18,ONFO,0.301,0.251,0.322,0.251,281045,79613.0,23.36,-17.43,-0.053,3.99
2026-06-18,ONFOW,0.018,0.02,0.025,0.018,79653,1413.0,36.84,5.26,0.001,0.0
2026-06-18,ONG,13.55,14.402,14.402,13.55,7294,101976.0,6.83,15.4,1.922,0.0
2026-06-18,ONIT,38.2,36.67,38.54,36.54,110871,4114079.0,5.27,-3.45,-1.31,1.31
2026-06-18,ONL,2.79,2.87,2.89,2.76,418360,1194375.0,4.69,3.61,0.1,0.74
2026-06-18,ONLN,54.67,55.38,55.401,54.67,3244,178977.0,1.35,2.11,1.144,0.0
2026-06-18,ONMD,0.58,0.559,0.599,0.535,605931,336804.0,10.63,-7.14,-0.043,1.11
2026-06-18,ONMDW,0.037,0.037,0.037,0.037,200,7.0,0.0,0.0,0.0,0.0
2026-06-18,ONOF,40.129,40.131,40.131,40.04,5945,238164.0,0.23,1.21,0.481,0.0
2026-06-18,ONON,38.11,38.88,39.2,37.99,4097369,159080997.0,3.21,3.08,1.16,1.33
2026-06-18,ONT,17.27,17.19,17.665,16.77,1146401,19653870.0,5.25,0.88,0.15,3.17
2026-06-18,ONTO,338.0,333.76,344.36,332.16,1798476,602920608.0,3.83,4.65,14.84,3.62
2026-06-18,ONX,22.15,22.523,22.523,21.54,30388,671380.0,5.02,15.1,2.955,0.0
2026-06-18,OOMA,17.38,17.1,17.38,16.58,634832,10860707.0,4.6,-1.61,-0.28,2.31
2026-06-18,OOSP,10.159,10.145,10.17,10.145,4593,46702.0,0.25,0.0,0.0,0.0
2026-06-18,OPAD,4.83,5.07,5.07,4.811,62040,304559.0,5.4,5.63,0.27,1.31
2026-06-18,OPAL,1.86,1.86,1.87,1.76,328217,603310.0,6.04,2.2,0.04,1.08
2026-06-18,OPBK,14.26,14.36,14.455,14.03,121324,1735138.0,3.0,1.27,0.18,0.81
2026-06-18,OPCH,21.64,21.99,22.48,21.575,3557992,78412646.0,4.17,1.29,0.28,2.27
2026-06-18,OPEG,4.25,4.162,4.36,4.12,46088,194902.0,5.78,0.29,0.012,0.0
2026-06-18,OPEN,4.51,4.47,4.59,4.43,35180894,158223309.0,3.6,0.45,0.02,3.65
2026-06-18,OPENL,0.241,0.248,0.259,0.241,170455,41627.0,7.2,-0.8,-0.002,0.0
2026-06-18,OPENW,0.51,0.506,0.529,0.481,181669,91386.0,9.78,3.05,0.015,0.0
2026-06-18,OPENZ,0.26,0.244,0.264,0.237,165436,41063.0,11.34,2.52,0.006,0.0
2026-06-18,OPER,100.23,100.255,100.26,100.21,15348,1537972.0,0.05,0.06,0.065,0.0
2026-06-18,OPEX,17.12,16.65,17.545,16.565,47478,806269.0,5.94,0.85,0.14,0.0
2026-06-18,OPFI,8.31,8.43,8.442,8.135,1685106,14083979.0,3.68,1.08,0.09,1.97
2026-06-18,OPFI_WS,0.01,0.01,0.015,0.01,5490,74.0,38.46,-23.08,-0.003,0.0
2026-06-18,OPHC,5.73,5.85,5.86,5.71,105330,612929.0,2.59,1.04,0.06,0.86
2026-06-18,OPK,1.43,1.42,1.46,1.41,5231700,7451498.0,3.55,0.71,0.01,0.69
2026-06-18,OPLN,37.47,38.07,38.3,37.23,1569483,59537806.0,2.87,2.28,0.85,1.48
2026-06-18,OPP,7.56,7.58,7.58,7.5,103111,777421.0,1.07,0.93,0.07,0.0
2026-06-18,OPPE,57.14,57.21,57.35,57.14,9364,535996.0,0.37,-0.54,-0.31,0.0
2026-06-18,OPPJ,60.31,60.11,60.32,59.85,87622,5267593.0,0.79,1.16,0.69,0.0
2026-06-18,OPP_A,16.625,16.85,16.85,16.5,13579,227540.0,2.1,0.9,0.15,0.57
2026-06-18,OPP_B,17.93,17.79,18.035,17.79,4939,88362.0,1.37,-0.73,-0.13,0.21
2026-06-18,OPRA,18.82,18.52,18.88,18.14,382172,7078760.0,3.94,-1.44,-0.27,0.43
2026-06-18,OPRT,5.1,5.16,5.25,5.01,1109007,5717360.0,4.79,2.99,0.15,2.42
2026-06-18,OPRX,5.16,4.98,5.2,4.946,557454,2785952.0,5.0,-1.97,-0.1,2.97
2026-06-18,OPTH,4.6,5.025,5.75,4.4,651280,3394262.0,30.96,15.25,0.665,11.58
2026-06-18,OPTT,0.284,0.293,0.293,0.283,3240825,935414.0,3.55,3.9,0.011,1.41
2026-06-18,OPTU,1.25,1.15,1.258,1.13,15919617,18613641.0,10.24,-8.0,-0.1,5.42
2026-06-18,OPTX,12.9,12.11,13.4,11.802,955418,11757870.0,12.42,-5.91,-0.76,2.37
2026-06-18,OPTXW,2.65,2.449,2.65,2.232,48878,118552.0,15.77,-7.58,-0.201,0.0
2026-06-18,OPTZ,48.83,48.746,48.83,48.64,1157,56398.0,0.4,2.7,1.28,0.0
2026-06-18,OPXS,12.64,13.01,13.04,12.5,14313,183717.0,4.34,4.58,0.57,0.21
2026-06-18,OPY,109.27,107.21,113.88,106.135,120214,12995036.0,7.19,-0.43,-0.46,1.13
2026-06-18,OR,35.96,34.86,37.03,33.96,2071118,72139400.0,8.51,-3.33,-1.2,1.1
2026-06-18,ORA,127.6,127.68,131.25,126.4,1457493,186863132.0,3.85,1.24,1.56,2.37
2026-06-18,ORBS,1.05,1.03,1.055,0.985,28190327,28891904.0,6.8,0.0,0.0,7.27
2026-06-18,ORBX,54.9,54.0,55.14,51.92,56544,2987801.0,5.89,-1.23,-0.67,0.0
2026-06-18,ORC,6.65,6.7,6.7,6.62,7175918,47906017.0,1.21,1.36,0.09,3.58
2026-06-18,ORCL,183.01,184.29,187.99,177.7,31386081,5771956480.0,5.61,0.41,0.76,1.09
2026-06-18,ORCL_D,53.76,54.2,54.92,52.86,1240010,67302460.0,3.82,0.39,0.21,1.24
2026-06-18,ORCS,25.08,24.809,25.715,24.52,76253,1911582.0,4.79,-0.6,-0.151,0.0
2026-06-18,ORCU,13.29,13.37,13.89,12.42,1275705,16966775.0,11.09,0.83,0.11,0.0
2026-06-18,ORCX,36.62,37.17,38.646,34.53,1867765,68886322.0,11.18,0.92,0.34,0.0
2026-06-18,ORGN,1.09,1.09,1.11,1.07,57851,62857.0,3.57,-2.68,-0.03,1.05
2026-06-18,ORGNW,0.0,0.0,0.001,0.0,188193,80.0,100.0,0.0,0.0,0.0
2026-06-18,ORGO,2.36,2.44,2.45,2.355,682076,1650625.0,4.06,4.27,0.1,0.53
2026-06-18,ORI,38.84,38.69,38.84,38.325,5776801,223317081.0,1.33,-0.1,-0.04,2.37
2026-06-18,ORIC,8.85,8.49,8.98,8.46,2771345,23658214.0,6.03,-1.62,-0.14,2.68
2026-06-18,ORIO,0.88,0.903,0.97,0.879,51060,46972.0,10.2,1.23,0.011,0.21
2026-06-18,ORIQ,10.32,10.32,10.32,10.32,45,464.0,0.0,0.0,0.0,0.0
2026-06-18,ORIQU,10.35,10.35,10.35,10.35,1,11.0,0.0,0.0,0.0,0.0
2026-06-18,ORIS,0.521,0.51,0.541,0.48,91668,46605.0,11.28,-5.73,-0.031,1.81
2026-06-18,ORKA,73.2,72.34,74.74,70.9,2986885,216405559.0,5.42,2.06,1.46,4.95
2026-06-18,ORKT,1.23,1.27,1.28,1.14,407804,498183.0,11.02,0.0,0.0,8.12
2026-06-18,ORLA,11.13,10.38,11.27,10.235,6736997,70494561.0,9.3,-6.74,-0.75,1.8
2026-06-18,ORLG,11.7,11.54,11.7,11.54,1244,14583.0,1.34,-3.22,-0.384,0.0
2026-06-18,ORLY,88.17,86.84,89.34,86.285,15497283,1353132336.0,3.46,-1.76,-1.56,1.87
2026-06-18,ORMP,3.86,3.88,3.89,3.805,149667,576759.0,2.24,2.37,0.09,0.37
2026-06-18,ORN,15.54,15.89,15.99,15.22,563480,8879827.0,5.04,3.99,0.61,1.39
2026-06-18,ORO,18.61,18.371,18.61,18.371,998,18575.0,1.28,-1.31,-0.243,0.0
2026-06-18,ORR,36.67,37.07,37.23,36.67,127582,4728012.0,1.53,1.09,0.4,0.0
2026-06-18,ORRF,39.09,39.03,39.31,38.54,458260,17882000.0,2.0,1.43,0.55,2.33
2026-06-18,OSBC,21.98,21.89,22.17,21.73,557600,12215805.0,2.03,1.06,0.23,1.08
2026-06-18,OSCG,26.3,26.428,26.428,25.51,2163,56925.0,3.49,0.48,0.125,0.0
2026-06-18,OSCR,28.57,28.4,28.85,27.57,6781285,191208149.0,4.53,0.46,0.13,2.55
2026-06-18,OSCV,40.955,41.04,41.1,40.83,51444,2108840.0,0.66,0.93,0.38,0.0
2026-06-18,OSCX,102.56,103.02,103.1,97.41,6400,643634.0,5.55,0.57,0.58,0.0
2026-06-18,OSEA,30.46,30.49,30.65,30.39,151321,4612058.0,0.86,0.47,0.143,0.0
2026-06-18,OSG,5.64,5.76,5.77,5.53,772200,4401229.0,4.26,2.31,0.13,1.72
2026-06-18,OSIS,222.51,222.78,227.29,216.28,286146,63582574.0,5.06,2.42,5.27,1.74
2026-06-18,OSK,139.78,139.54,142.29,139.49,834644,116835062.0,2.03,1.3,1.79,1.34
2026-06-18,OSPN,13.86,13.5,13.86,13.31,836062,11305605.0,4.01,-1.68,-0.23,2.26
2026-06-18,OSRH,0.379,0.392,0.392,0.371,816229,311669.0,5.47,2.08,0.008,2.33
2026-06-18,OSRHW,0.053,0.053,0.053,0.053,10495,558.0,0.0,0.0,0.0,0.0
2026-06-18,OSS,18.45,18.44,18.94,17.504,1194623,21612403.0,7.9,1.43,0.26,4.82
2026-06-18,OSSL,20.01,21.01,21.01,19.49,2125,42457.0,7.4,2.23,0.458,0.0
2026-06-18,OSTX,1.76,1.93,1.96,1.735,1145109,2160102.0,13.08,12.21,0.21,2.57
2026-06-18,OSUR,4.5,4.25,4.55,4.183,1319595,5671279.0,8.21,-4.92,-0.22,1.92
2026-06-18,OSW,26.93,27.53,28.15,26.875,2358677,65076160.0,4.76,2.88,0.77,2.32
2026-06-18,OTAI_U,10.09,10.14,10.19,10.09,24571,249205.0,0.99,0.3,0.03,0.0
2026-06-18,OTEX,20.81,20.69,21.04,20.26,3769230,77715106.0,3.7,-1.8,-0.38,1.55
2026-06-18,OTF,10.78,10.66,10.87,10.52,3153883,33587988.0,3.25,-1.02,-0.11,0.68
2026-06-18,OTGA,10.16,10.16,10.16,10.16,100002,1016020.0,0.0,0.0,0.0,0.42
2026-06-18,OTGAU,10.3,10.3,10.3,10.3,1050,10815.0,0.0,-0.19,-0.02,0.0
2026-06-18,OTGL,10.67,10.56,10.69,10.56,2900,30797.0,1.22,-0.8,-0.085,0.0
2026-06-18,OTIS,73.49,73.27,74.4,72.79,8450452,620601616.0,2.21,0.76,0.55,2.2
2026-06-18,OTLK,1.62,1.58,1.66,1.4,20623163,31480040.0,15.76,-4.24,-0.07,12.88
2026-06-18,OTLY,8.37,8.26,8.43,8.125,86135,710935.0,3.67,-0.48,-0.04,0.28
2026-06-18,OTTR,86.94,87.5,88.225,86.55,587106,51336441.0,1.93,0.89,0.77,1.4
2026-06-18,OUNZ,40.97,40.55,41.1,40.4,637674,25934167.0,1.72,-0.39,-0.16,0.0
2026-06-18,OUSA,58.19,57.75,58.19,57.71,24846,1436569.0,0.83,-0.55,-0.32,0.0
2026-06-18,OUSM,46.74,46.92,46.92,46.65,102765,4812745.0,0.58,0.67,0.31,0.0
2026-06-18,OUST,42.34,46.57,46.83,39.3,8412368,377247616.0,18.49,14.37,5.85,13.21
2026-06-18,OUT,31.54,31.18,31.69,30.7,4218583,131442584.0,3.18,0.16,0.05,2.4
2026-06-18,OVB,20.61,20.535,20.61,20.516,18590,382172.0,0.46,0.46,0.095,0.0
2026-06-18,OVBC,48.39,48.11,49.15,47.62,43882,2113827.0,3.2,0.54,0.26,0.93
2026-06-18,OVF,32.389,32.45,32.46,32.32,7922,256670.0,0.44,1.34,0.43,0.0
2026-06-18,OVID,2.42,2.27,2.49,2.27,15348112,34990001.0,9.09,-6.2,-0.15,8.22
2026-06-18,OVL,57.16,57.08,57.193,56.79,58522,3334216.0,0.71,1.19,0.67,0.0
2026-06-18,OVLH,41.78,41.889,41.889,41.78,2018,84421.0,0.26,0.84,0.349,0.0
2026-06-18,OVLY,33.99,34.03,34.495,33.64,140202,4770741.0,2.54,1.16,0.39,1.67
2026-06-18,OVM,21.81,21.795,21.81,21.78,9852,214904.0,0.14,0.44,0.095,0.0
2026-06-18,OVS,41.415,41.53,41.53,41.34,13046,540306.0,0.47,2.01,0.82,0.0
2026-06-18,OVT,21.87,21.86,21.91,21.86,7635,167106.0,0.23,0.23,0.05,0.0
2026-06-18,OVV,52.85,52.41,53.18,52.02,7140577,374331616.0,2.16,-2.24,-1.2,2.54
2026-06-18,OWL,9.6,9.53,9.68,9.39,26568563,252915813.0,3.06,0.42,0.04,3.93
2026-06-18,OWLS,5.81,5.69,5.81,5.65,22244,126846.0,2.79,-0.7,-0.04,0.06
2026-06-18,OWLT,4.83,5.0,5.12,4.41,635486,3007602.0,15.24,7.3,0.34,2.19
2026-06-18,OWN,24.26,24.5,24.5,24.26,302,7349.0,0.99,1.31,0.316,0.0
2026-06-18,OWNB,20.205,20.211,20.41,20.0,39540,797629.0,2.01,-0.92,-0.187,0.0
2026-06-18,OWNS,17.45,17.41,17.46,17.41,14636,255121.0,0.29,0.26,0.045,0.0
2026-06-18,OXBR,0.999,0.955,1.04,0.95,34516,34352.0,8.74,-7.28,-0.075,0.43
2026-06-18,OXLC,8.37,8.32,8.45,8.27,1748304,14577338.0,2.15,-0.6,-0.05,0.0
2026-06-18,OXLCG,24.99,25.0,25.045,24.96,3496,87386.0,0.34,0.0,0.0,0.0
2026-06-18,OXLCI,25.435,25.4,25.49,25.37,3116,79172.0,0.47,-0.29,-0.075,0.0
2026-06-18,OXLCL,24.35,24.55,24.58,24.35,7890,193457.0,0.94,0.2,0.05,0.0
2026-06-18,OXLCM,25.053,24.89,25.053,24.69,29335,727348.0,1.46,0.22,0.055,1.22
2026-06-18,OXLCN,24.746,24.746,24.746,24.746,432,10721.0,0.0,-0.66,-0.164,0.02
2026-06-18,OXLCO,23.91,23.81,23.91,23.81,4213,100679.0,0.41,-1.94,-0.47,0.18
2026-06-18,OXLCZ,24.68,24.6,24.725,24.6,4176,103043.0,0.51,-0.32,-0.08,0.0
2026-06-18,OXM,36.19,36.39,37.33,35.97,2649469,96540357.0,3.79,1.53,0.55,17.74
2026-06-18,OXSQ,1.33,1.34,1.36,1.326,892006,1196903.0,2.56,0.75,0.01,0.95
2026-06-18,OXSQG,24.2,24.32,24.32,24.2,1074,26055.0,0.5,0.37,0.09,0.0
2026-06-18,OXSQH,25.14,25.16,25.16,25.14,1272,31970.0,0.08,0.64,0.16,0.0
2026-06-18,OXY,52.4,51.82,52.415,51.185,13871778,717233248.0,2.32,-2.3,-1.22,1.39
2026-06-18,OYSE,10.28,10.28,10.28,10.28,15000,154466.0,0.0,0.0,0.0,0.06
2026-06-18,OZ,46.0,46.85,46.89,46.0,9838,455978.0,1.93,1.85,0.85,0.0
2026-06-18,OZEM,30.72,30.388,30.72,30.2,12740,386465.0,1.7,-0.42,-0.127,0.0
2026-06-18,OZK,49.29,49.26,50.06,48.91,2234275,110117265.0,2.35,0.53,0.26,2.02
2026-06-18,OZKAP,16.4,16.18,16.41,16.18,12986,211266.0,1.41,-0.98,-0.16,0.09
2026-06-18,P,74.22,74.61,74.78,72.21,7522872,559669872.0,3.54,2.67,1.94,2.26
2026-06-18,PAA,21.55,21.34,21.598,20.96,8674339,185246663.0,2.96,-1.11,-0.24,1.23
2026-06-18,PAAA,51.41,51.42,51.44,51.41,3453115,177572170.0,0.06,0.02,0.01,0.0
2026-06-18,PAAC,9.97,9.97,9.97,9.97,2,20.0,0.0,0.0,0.0,0.0
2026-06-18,PAACU,10.08,10.08,10.08,10.08,18,182.0,0.0,0.0,0.0,0.0
2026-06-18,PAACW,0.35,0.35,0.35,0.35,1,0.0,0.0,0.0,0.0,0.0
2026-06-18,PAAS,50.38,49.0,51.7,48.67,6560505,323769216.0,6.0,-2.89,-1.46,1.56
2026-06-18,PAAU,15.49,14.163,15.54,13.95,4219,61852.0,10.5,-6.45,-0.977,0.0
2026-06-18,PAB,42.25,42.191,42.35,42.19,10918,461328.0,0.38,0.2,0.086,0.0
2026-06-18,PABD,69.28,69.442,69.442,69.28,362,25203.0,0.23,0.73,0.501,0.0
2026-06-18,PABU,76.03,76.302,76.31,76.03,3730,284388.0,0.37,1.32,0.991,0.0
2026-06-18,PAC,249.59,254.31,259.09,249.59,172217,43671855.0,3.82,2.3,5.71,0.33
2026-06-18,PACB,1.36,1.4,1.43,1.36,4318168,6032363.0,5.22,4.48,0.06,1.39
2026-06-18,PACH,10.21,10.23,10.23,10.21,15321,156730.0,0.2,-0.05,-0.005,0.07
2026-06-18,PACK,7.36,7.34,7.5,7.205,781905,5731760.0,4.09,1.66,0.12,0.91
2026-06-18,PACS,35.46,36.59,36.75,34.81,1092838,39610745.0,5.51,3.83,1.35,0.69
2026-06-18,PAG,172.39,175.2,175.5,171.775,415086,72506000.0,2.17,2.26,3.87,0.63
2026-06-18,PAGP,23.3,23.25,23.475,22.81,1426898,33099049.0,2.83,-1.06,-0.25,0.72
2026-06-18,PAGS,8.96,8.82,9.02,8.73,6591607,58316102.0,3.25,-1.01,-0.09,4.14
2026-06-18,PAHC,31.46,31.85,32.0,31.02,439871,13952858.0,3.18,3.27,1.01,2.09
2026-06-18,PAI,12.13,12.08,12.155,12.03,7246,87831.0,1.03,0.0,0.0,0.0
2026-06-18,PAII,10.202,10.202,10.202,10.202,507,5173.0,0.0,-0.08,-0.008,0.0
2026-06-18,PAII_WS,0.425,0.4,0.425,0.4,644,260.0,6.25,0.0,0.0,0.0
2026-06-18,PAL,7.5,7.52,7.635,7.43,260604,1958562.0,2.77,1.76,0.13,0.94
2026-06-18,PALC,58.88,58.781,59.0,58.65,3841,226018.0,0.61,1.7,0.981,0.0
2026-06-18,PALD,14.22,14.124,14.58,14.1,23530,335284.0,3.33,-2.0,-0.288,0.0
2026-06-18,PALI,1.79,1.87,1.93,1.79,4040404,7573033.0,7.95,6.25,0.11,2.33
2026-06-18,PALL,23.62,23.23,23.656,23.08,787461,18354835.0,2.43,-2.02,-0.48,0.0
2026-06-18,PALO,9.9,9.9,9.9,9.9,12711,125840.0,0.0,-0.1,-0.01,0.07
2026-06-18,PALU,36.96,37.31,37.54,34.482,175771,6404997.0,8.51,3.84,1.38,0.0
2026-06-18,PAM,86.81,86.58,87.265,85.54,171517,14831983.0,2.01,0.67,0.58,0.32
2026-06-18,PAMC,55.25,55.066,55.25,54.92,1432,78779.0,0.6,0.76,0.417,0.0
2026-06-18,PAMT,14.18,13.55,14.225,13.55,22064,307135.0,4.87,-2.31,-0.32,0.11
2026-06-18,PANG,22.81,23.056,23.1,21.38,53420,1209665.0,7.76,4.04,0.895,0.0
2026-06-18,PANL,7.5,7.38,7.565,7.195,716966,5255914.0,4.96,-1.07,-0.08,1.1
2026-06-18,PANW,285.6,287.78,288.88,276.46,12194739,3492300320.0,4.4,2.0,5.65,1.5
2026-06-18,PAPI,26.56,26.5,26.56,26.419,59503,1575088.0,0.53,0.45,0.12,0.0
2026-06-18,PAPL,1.04,1.0,1.08,1.0,77084,79625.0,7.48,-6.54,-0.07,0.3
2026-06-18,PAPR,42.16,42.19,42.22,42.08,30563,1288780.0,0.33,0.52,0.22,0.0
2026-06-18,PAR,14.85,15.29,15.29,14.58,1536544,23281178.0,4.78,2.96,0.44,3.73
2026-06-18,PARK,17.755,18.24,18.74,17.7,30747,556548.0,5.79,1.56,0.28,0.68
2026-06-18,PARR,50.09,50.89,51.08,49.52,1593098,80694473.0,3.07,0.08,0.04,3.18
2026-06-18,PASG,5.34,5.59,5.65,5.27,73069,392991.0,7.13,4.88,0.26,2.28
2026-06-18,PASW,0.176,0.177,0.178,0.165,96913,16379.0,7.22,-1.67,-0.003,0.08
2026-06-18,PATH,10.2,10.27,10.36,9.88,45204618,463105120.0,4.69,0.39,0.04,9.97
2026-06-18,PATK,86.22,87.37,88.825,85.78,602335,52644096.0,3.56,2.06,1.76,1.83
2026-06-18,PATN,37.61,38.159,38.85,37.61,74918,2853975.0,3.36,3.29,1.214,0.0
2026-06-18,PATX,6.92,7.06,7.16,6.55,42616,291889.0,8.69,0.57,0.04,0.0
2026-06-18,PAUG,45.47,45.49,45.54,45.469,116034,5277980.0,0.16,0.2,0.09,0.0
2026-06-18,PAVE,58.72,58.56,58.93,58.23,2328834,136617633.0,1.21,1.0,0.58,0.0
2026-06-18,PAVM,5.0,5.16,5.19,3.85,208426,1008998.0,26.8,3.2,0.16,2.87
2026-06-18,PAVS,0.17,0.149,0.172,0.146,34579100,5492315.0,15.03,-13.87,-0.024,68.77
2026-06-18,PAWZ,47.28,47.317,47.317,47.16,1771,83741.0,0.33,0.23,0.107,0.0
2026-06-18,PAX,11.64,11.37,11.7,11.295,1437534,16431538.0,3.51,-1.56,-0.18,2.1
2026-06-18,PAXS,14.16,14.14,14.23,14.13,166310,2355981.0,0.71,0.14,0.02,0.0
2026-06-18,PAY,20.91,21.07,21.31,20.65,1113727,23377810.0,3.15,0.62,0.13,1.77
2026-06-18,PAYC,121.23,124.85,126.3,121.0,3261540,406804592.0,4.28,0.91,1.13,6.85
2026-06-18,PAYH,25.195,25.05,25.35,25.03,9564,240405.0,1.29,0.93,0.23,0.0
2026-06-18,PAYM,25.29,25.37,25.53,25.12,18507,470367.0,1.59,-1.59,-0.41,0.0
2026-06-18,PAYO,7.03,7.02,7.05,7.01,13763201,96673993.0,0.57,0.0,0.0,4.11
2026-06-18,PAYP,12.62,12.37,12.9,12.25,1433251,17951965.0,5.08,-3.36,-0.43,0.21
2026-06-18,PAYR,53.16,52.762,53.16,52.755,3418,180671.0,0.76,-0.68,-0.363,0.0
2026-06-18,PAYS,7.42,7.4,7.42,7.17,441503,3244303.0,3.43,1.51,0.11,0.79
2026-06-18,PAYX,97.89,98.24,98.79,95.96,7100903,696414096.0,2.9,0.68,0.66,2.0
2026-06-18,PB,71.19,71.19,71.86,70.8,1620745,115359083.0,1.5,0.58,0.41,1.61
2026-06-18,PBA,46.08,46.15,46.345,45.25,3299998,151927756.0,2.37,-0.11,-0.05,0.57
2026-06-18,PBAP,30.98,30.954,30.98,30.954,1528,47334.0,0.08,0.32,0.098,0.0
2026-06-18,PBAU,31.35,31.34,31.35,31.32,3976,124638.0,0.1,0.25,0.079,0.0
2026-06-18,PBD,20.05,20.3,20.3,20.025,28640,578586.0,1.37,1.06,0.212,0.0
2026-06-18,PBDC,26.76,26.6,26.82,26.52,96861,2580618.0,1.13,-0.08,-0.02,0.0
2026-06-18,PBDE,30.899,30.899,30.899,30.899,110,3397.0,0.0,0.39,0.121,0.0
2026-06-18,PBE,84.66,84.64,84.66,83.52,4804,404408.0,1.35,0.24,0.2,0.0
2026-06-18,PBEU,32.795,32.905,33.0,32.79,60213,1982829.0,0.64,0.81,0.265,0.0
2026-06-18,PBF,37.03,37.29,37.97,36.39,3468063,129335753.0,4.18,-1.27,-0.48,2.93
2026-06-18,PBFB,31.98,31.883,31.98,31.85,755,24063.0,0.41,0.43,0.136,0.0
2026-06-18,PBFR,30.55,30.56,30.57,30.5,14533,443884.0,0.23,0.3,0.09,0.0
2026-06-18,PBFS,16.84,17.1,17.14,16.83,79128,1348110.0,1.87,3.32,0.55,0.32
2026-06-18,PBH,46.02,46.97,47.31,45.64,1270344,59498968.0,3.62,1.8,0.83,2.68
2026-06-18,PBHC,16.01,16.87,16.87,15.36,29139,471661.0,9.53,6.5,1.03,0.6
2026-06-18,PBI,17.31,17.5,17.68,17.28,8012504,140237516.0,2.3,0.69,0.12,5.92
2026-06-18,PBI_B,20.66,20.79,20.83,20.61,10839,225048.0,1.06,0.29,0.06,0.0
2026-06-18,PBJ,46.696,46.533,46.696,46.41,7153,332378.0,0.61,-0.53,-0.25,0.0
2026-06-18,PBJA,32.22,32.25,32.25,32.22,2727,87865.0,0.09,0.39,0.125,0.0
2026-06-18,PBJL,31.24,31.24,31.259,31.228,4762,148764.0,0.1,0.1,0.03,0.0
2026-06-18,PBJN,30.78,30.816,30.816,30.77,5064,155948.0,0.15,0.57,0.176,0.0
2026-06-18,PBK,1.0,0.84,1.02,0.782,19618977,19829410.0,27.2,-4.0,-0.035,41.7
2026-06-18,PBL,33.12,33.162,33.19,33.06,15887,526312.0,0.39,0.43,0.141,0.0
2026-06-18,PBLS,25.98,25.85,27.0,25.35,685074,17889788.0,6.34,-0.69,-0.18,0.59
2026-06-18,PBM,3.08,3.15,3.15,2.98,34511,104824.0,5.5,1.94,0.06,0.9
2026-06-18,PBMR,32.03,32.05,32.05,32.02,3666,117400.0,0.09,0.41,0.13,0.0
2026-06-18,PBMWW,0.025,0.029,0.029,0.025,4107,102.0,13.33,-3.33,-0.001,0.0
2026-06-18,PBMY,31.09,31.143,31.143,31.09,1647,51233.0,0.17,0.48,0.15,0.0
2026-06-18,PBNV,30.91,30.938,30.938,30.91,129,3987.0,0.09,0.48,0.147,0.0
2026-06-18,PBOC,30.575,30.59,30.59,30.56,4907,150038.0,0.1,0.37,0.113,0.0
2026-06-18,PBOG,30.25,29.93,30.25,29.73,60802,1816801.0,1.7,-1.97,-0.6,0.0
2026-06-18,PBOT,32.61,33.04,33.04,32.61,216,7088.0,1.34,3.19,1.02,0.0
2026-06-18,PBP,23.1,22.96,23.1,22.92,59514,1365980.0,0.79,0.26,0.06,0.0
2026-06-18,PBPH,25.59,25.251,25.628,25.08,82118,2072633.0,2.14,-1.34,-0.343,0.0
2026-06-18,PBQQ,31.46,31.44,31.49,31.42,8200,257799.0,0.22,0.51,0.16,0.0
2026-06-18,PBR,16.53,16.75,16.77,16.22,21855869,361634048.0,3.28,-0.24,-0.04,0.59
2026-06-18,PBRG,28.07,29.856,29.856,28.06,7579,217852.0,5.98,-0.66,-0.199,0.0
2026-06-18,PBR_A,14.74,14.99,15.11,14.51,23737563,349851040.0,3.99,-0.2,-0.03,0.0
2026-06-18,PBSE,30.78,30.794,30.8,30.78,1360,41876.0,0.07,0.25,0.077,0.0
2026-06-18,PBT,25.21,24.97,25.595,24.425,205086,5104177.0,4.61,-1.69,-0.43,0.44
2026-06-18,PBTP,26.28,26.295,26.31,26.271,1013050,26650670.0,0.15,0.15,0.04,0.0
2026-06-18,PBUS,75.135,74.98,75.14,74.72,117355,8800046.0,0.57,0.93,0.69,0.0
2026-06-18,PBW,40.88,41.54,41.54,39.95,592577,24278389.0,3.98,3.9,1.56,0.0
2026-06-18,PBYI,7.36,7.56,7.59,7.262,427438,3202182.0,4.54,4.56,0.33,0.84
2026-06-18,PCAP,10.27,10.27,10.27,10.27,60543,621777.0,0.0,0.0,0.0,0.24
2026-06-18,PCAPU,10.36,10.35,10.36,10.31,756,7826.0,0.48,0.0,0.0,0.0
2026-06-18,PCAPW,0.32,0.32,0.32,0.32,4,1.0,0.0,0.0,0.0,0.0
2026-06-18,PCAR,118.41,118.95,120.92,118.02,6427776,765703872.0,2.47,1.37,1.61,1.22
2026-06-18,PCB,26.6,26.8,26.82,26.33,57246,1527528.0,1.87,2.37,0.62,0.4
2026-06-18,PCCE,12.56,12.505,12.56,12.5,3625,45337.0,0.48,0.81,0.1,0.0
2026-06-18,PCEB,24.82,24.696,24.87,24.55,52182,1290573.0,1.3,-0.03,-0.007,0.0
2026-06-18,PCEF,20.34,20.29,20.34,20.19,76641,1551788.0,0.75,1.0,0.2,0.0
2026-06-18,PCF,5.49,5.51,5.532,5.46,83035,456148.0,1.31,0.36,0.02,0.0
2026-06-18,PCFI,22.795,22.795,22.795,22.795,5,122.0,0.0,0.11,0.025,0.0
2026-06-18,PCG,16.45,16.48,16.695,16.4,34681417,571758464.0,1.79,0.24,0.04,1.57
2026-06-18,PCGG,11.04,11.054,11.054,11.04,106,1180.0,0.13,1.76,0.191,0.0
2026-06-18,PCG_A,21.92,21.93,21.93,21.92,2764,60606.0,0.05,0.05,0.01,0.0
2026-06-18,PCG_B,19.98,20.05,20.165,19.98,2694,54018.0,0.92,0.0,0.0,0.0
2026-06-18,PCG_C,19.44,19.45,19.45,18.535,1246,23618.0,4.72,0.36,0.07,0.0
2026-06-18,PCG_D,18.69,18.65,18.69,18.65,1103,20580.0,0.21,0.0,0.0,0.0
2026-06-18,PCG_E,18.75,18.75,18.75,18.75,79,1460.0,0.0,0.0,0.0,0.0
2026-06-18,PCG_G,17.82,17.82,17.82,17.82,5,101.0,0.0,0.0,0.0,0.0
2026-06-18,PCG_H,16.954,17.0,17.0,16.805,1162,19550.0,1.17,2.29,0.38,0.0
2026-06-18,PCG_I,16.5,16.5,16.5,16.5,1006,16604.0,0.0,0.43,0.07,0.0
2026-06-18,PCG_X,40.67,41.27,41.28,40.67,3900,163242.0,1.5,0.98,0.4,0.01
2026-06-18,PCHI,24.61,24.656,24.67,24.61,399,9839.0,0.24,0.39,0.096,0.0
2026-06-18,PCI,50.1,49.984,50.12,49.984,4523,226579.0,0.27,0.18,0.09,0.0
2026-06-18,PCIG,8.815,8.829,8.83,8.815,6661,58815.0,0.17,1.81,0.157,0.0
2026-06-18,PCL,50.123,50.123,50.123,50.123,2,100.0,0.0,0.25,0.124,0.0
2026-06-18,PCLA,4.8,4.81,5.12,4.8,41137,203002.0,6.65,0.0,0.0,0.43
2026-06-18,PCLC,25.646,25.646,25.646,25.646,12,306.0,0.0,2.45,0.614,0.0
2026-06-18,PCLG,21.866,22.08,22.09,21.866,4954,109181.0,1.02,0.68,0.15,0.0
2026-06-18,PCLN,33.366,33.366,33.366,33.366,38,1300.0,0.0,2.66,0.863,0.0
2026-06-18,PCLO,24.975,24.99,25.0,24.961,5926,148073.0,0.16,0.08,0.02,0.0
2026-06-18,PCM,5.58,5.52,5.61,5.52,22900,128031.0,1.61,-1.25,-0.07,0.0
2026-06-18,PCMM,49.76,49.825,49.92,49.5,29365,1462352.0,0.84,-0.02,-0.01,0.0
2026-06-18,PCN,11.74,11.79,11.819,11.73,174023,2046351.0,0.76,0.43,0.05,0.0
2026-06-18,PCOR,39.74,39.99,40.32,38.713,2718372,108250804.0,4.01,-0.27,-0.11,1.8
2026-06-18,PCPI,50.3,50.33,50.33,50.3,1144,57555.0,0.06,0.03,0.015,0.0
2026-06-18,PCPP,25.71,25.394,25.719,25.1,26527,676457.0,2.43,-0.47,-0.121,0.0
2026-06-18,PCQ,8.89,8.85,8.89,8.84,29275,259377.0,0.57,0.34,0.03,0.0
2026-06-18,PCR,19.31,19.22,19.32,19.22,1555,30042.0,0.52,0.25,0.048,0.0
2026-06-18,PCRX,22.76,22.33,22.95,22.19,950971,21268833.0,3.36,-1.37,-0.31,2.42
2026-06-18,PCS,50.02,49.99,50.03,49.99,890,44568.0,0.08,0.05,0.025,0.0
2026-06-18,PCSA,2.19,2.12,2.245,2.12,18295,39302.0,5.81,-1.4,-0.03,0.66
2026-06-18,PCSC,11.25,11.09,11.364,11.07,45222,503463.0,2.63,-0.63,-0.07,0.55
2026-06-18,PCSG,25.72,25.933,25.933,25.72,706,18215.0,0.84,2.7,0.681,0.0
2026-06-18,PCT,8.89,8.7,8.92,8.62,5796360,50576893.0,3.48,0.93,0.08,2.92
2026-06-18,PCTTU,9.78,9.78,9.78,9.78,201,1924.0,0.0,-9.78,-1.06,0.0
2026-06-18,PCTTW,3.59,2.5,3.59,2.05,1950,4971.0,72.99,18.48,0.39,0.0
2026-06-18,PCTY,99.92,101.06,101.38,98.64,1310228,131898002.0,2.73,0.55,0.55,2.45
2026-06-18,PCVX,52.0,51.44,53.48,50.24,2837044,146043427.0,6.39,1.52,0.77,1.96
2026-06-18,PCY,21.88,21.85,21.88,21.73,186213,4068902.0,0.69,0.6,0.13,0.0
2026-06-18,PCYO,11.07,11.07,11.1,10.88,120239,1329233.0,2.01,1.28,0.14,0.5
2026-06-18,PD,8.545,8.48,8.75,8.32,4197098,35710891.0,4.99,-1.62,-0.14,5.44
2026-06-18,PDBA,35.64,35.52,35.64,35.46,84923,3015748.0,0.5,-0.84,-0.3,0.0
2026-06-18,PDBC,16.46,16.5,16.545,16.28,6994583,114943544.0,1.6,-0.24,-0.04,0.0
2026-06-18,PDC,6.0,6.2,6.25,5.85,65853,398966.0,6.84,5.98,0.35,2.16
2026-06-18,PDCC,9.47,9.617,9.617,9.45,6000,56978.0,1.74,0.44,0.042,0.09
2026-06-18,PDD,79.31,79.56,79.8,78.51,11026060,874896384.0,1.62,-0.38,-0.3,0.77
2026-06-18,PDDL,12.25,12.16,12.25,11.92,14021,169943.0,2.68,-1.33,-0.164,0.0
2026-06-18,PDEC,45.85,45.87,45.87,45.78,41229,1889510.0,0.2,0.59,0.27,0.0
2026-06-18,PDEX,61.2,64.37,64.465,60.325,43394,2735467.0,6.85,6.47,3.91,1.36
2026-06-18,PDFS,63.93,65.36,66.25,63.52,1073475,70152903.0,4.47,7.02,4.29,2.61
2026-06-18,PDI,16.4,16.34,16.45,16.215,4137978,67457423.0,1.44,-0.12,-0.02,0.0
2026-06-18,PDLB,19.32,19.32,19.42,19.07,120263,2321251.0,1.83,1.1,0.21,0.5
2026-06-18,PDM,8.85,8.94,9.015,8.85,1635561,14616115.0,1.89,2.41,0.21,1.31
2026-06-18,PDN,46.17,46.09,46.235,46.03,17055,786494.0,0.44,0.0,0.0,0.0
2026-06-18,PDO,12.96,12.97,13.08,12.95,905282,11777054.0,1.01,0.78,0.1,0.0
2026-06-18,PDP,152.105,150.88,152.105,150.66,18436,2782289.0,0.97,1.27,1.887,0.0
2026-06-18,PDPA,25.01,25.01,25.01,25.01,171,4283.0,0.0,0.02,0.006,0.01
2026-06-18,PDS,85.12,83.73,85.12,81.69,104899,8730251.0,3.99,-2.49,-2.14,0.81
2026-06-18,PDSB,0.92,0.955,0.96,0.884,457558,423018.0,8.36,5.06,0.046,0.82
2026-06-18,PDT,12.75,12.72,12.88,12.68,172676,2199081.0,1.57,0.0,0.0,0.0
2026-06-18,PDX,20.79,20.78,20.97,20.61,50680,1051235.0,1.73,-0.05,-0.01,0.11
2026-06-18,PDYN,7.18,7.0,7.35,6.77,4741623,33297835.0,8.33,0.57,0.04,10.04
2026-06-18,PDYNW,0.052,0.041,0.052,0.041,84202,4342.0,22.0,-18.0,-0.009,0.0
2026-06-18,PEB,18.795,19.06,19.115,18.75,5372695,101961436.0,1.99,3.98,0.73,4.74
2026-06-18,PEBK,42.73,42.445,43.01,41.64,49086,2081476.0,3.25,0.63,0.265,0.9
2026-06-18,PEBO,36.09,36.23,36.385,36.0,414335,14997988.0,1.08,1.4,0.5,1.15
2026-06-18,PEB_E,20.31,20.3,20.31,20.19,5933,119976.0,0.59,-0.05,-0.01,0.14
2026-06-18,PEB_F,20.33,20.245,20.33,20.0,7496,151427.0,1.63,-0.27,-0.055,0.13
2026-06-18,PEB_G,20.63,20.45,20.63,20.35,4381,89655.0,1.36,-0.73,-0.15,0.05
2026-06-18,PEB_H,18.41,18.655,18.7,18.41,1568,29151.0,1.55,-0.24,-0.045,0.02
2026-06-18,PECE,9.92,9.92,9.92,9.92,495,4901.0,0.0,0.3,0.03,0.01
2026-06-18,PECEU,10.75,10.75,10.75,10.75,19,201.0,0.0,0.0,0.0,0.0
2026-06-18,PECO,40.64,40.69,40.91,40.42,1906472,77569772.0,1.21,0.49,0.2,1.51
2026-06-18,PED,12.17,11.71,12.37,11.501,46706,550956.0,6.91,-6.92,-0.87,0.35
2026-06-18,PEG,79.33,79.89,80.89,79.3,6403245,511553040.0,2.0,0.62,0.49,1.28
2026-06-18,PEGA,30.0,30.09,30.285,29.395,4152179,124655656.0,2.94,-0.46,-0.14,2.48
2026-06-18,PEJ,65.46,65.47,65.75,65.35,15586,1023346.0,0.62,1.08,0.7,0.0
2026-06-18,PEMX,93.65,93.966,93.966,93.575,1480,138932.0,0.43,4.21,3.795,0.0
2026-06-18,PEN,315.81,317.2,317.24,315.81,679709,215426785.0,0.45,0.33,1.04,1.73
2026-06-18,PENG,63.44,67.15,68.33,62.5,4420095,294026320.0,9.77,12.52,7.47,8.71
2026-06-18,PENN,21.43,21.3,21.56,20.915,4689850,99875650.0,3.04,0.33,0.07,3.51
2026-06-18,PEO,24.93,24.49,25.19,23.91,245627,5965263.0,5.13,-1.92,-0.48,0.0
2026-06-18,PEP,141.05,142.02,142.729,141.04,19130318,2714818032.0,1.19,0.3,0.43,1.4
2026-06-18,PEPG,1.72,1.79,1.81,1.72,692233,1225922.0,5.29,5.29,0.09,1.0
2026-06-18,PEPS,32.16,32.255,32.255,32.16,1179,37945.0,0.3,1.46,0.465,0.0
2026-06-18,PERF,1.69,1.68,1.69,1.66,70239,117701.0,1.8,0.6,0.01,0.08
2026-06-18,PERI,8.53,8.51,8.6,8.41,550153,4695315.0,2.25,0.71,0.06,1.4
2026-06-18,PESI,10.98,11.0,11.338,10.735,276690,3051480.0,5.54,1.1,0.12,1.3
2026-06-18,PETS,1.8,1.75,1.8,1.75,104993,184631.0,2.78,-2.78,-0.05,0.49
2026-06-18,PETZ,1.52,1.5,1.55,1.49,6803,10235.0,3.97,-0.66,-0.01,0.07
2026-06-18,PEVC,29.35,29.508,29.508,29.35,203,5979.0,0.54,0.75,0.219,0.0
2026-06-18,PEW,2.4,2.47,2.48,2.39,297668,729145.0,3.75,2.92,0.07,1.01
2026-06-18,PEW_WS,0.37,0.36,0.37,0.35,2625,958.0,5.42,-2.44,-0.009,0.0
2026-06-18,PEX,21.72,21.704,21.74,21.665,4557,98980.0,0.35,0.11,0.024,0.0
2026-06-18,PEXL,75.22,75.453,75.47,75.22,1123,84636.0,0.34,2.23,1.643,0.0
2026-06-18,PEY,22.9,22.83,22.9,22.72,224298,5118805.0,0.79,0.22,0.05,0.0
2026-06-18,PEZ,103.053,103.053,103.053,103.053,482,49775.0,0.0,1.1,1.118,0.0
2026-06-18,PFAI,3.757,3.76,3.76,3.75,958,3599.0,0.27,2.17,0.08,0.02
2026-06-18,PFBC,99.99,99.04,100.48,98.5,301833,29991378.0,2.01,0.66,0.65,2.55
2026-06-18,PFD,11.6,11.56,11.6,11.514,11534,133811.0,0.75,0.17,0.02,0.0
2026-06-18,PFDE,28.026,28.028,28.04,27.95,10653,298107.0,0.33,1.44,0.398,0.0
2026-06-18,PFE,25.581,25.21,25.66,24.94,119614339,3015961376.0,2.78,-2.74,-0.71,2.1
2026-06-18,PFEB,42.98,43.032,43.039,42.921,10085,433704.0,0.28,0.5,0.213,0.0
2026-06-18,PFF,31.22,31.23,31.249,31.1,2554486,79599211.0,0.48,0.45,0.14,0.0
2026-06-18,PFFA,21.35,21.34,21.45,21.32,1410571,30133881.0,0.61,0.19,0.04,0.0
2026-06-18,PFFD,18.9,18.89,19.0,18.83,957105,18078389.0,0.9,0.27,0.05,0.0
2026-06-18,PFFL,7.8,7.82,7.85,7.8,7098,55632.0,0.64,0.5,0.039,0.0
2026-06-18,PFFR,17.84,17.8,17.9,17.72,13057,232573.0,1.01,0.06,0.01,0.0
2026-06-18,PFFV,22.255,22.244,22.28,22.2,47917,1066423.0,0.36,0.35,0.078,0.0
2026-06-18,PFG,111.01,109.57,111.293,108.95,3398156,372742080.0,2.13,-0.59,-0.65,1.57
2026-06-18,PFGC,104.19,103.62,105.46,102.79,2001370,208200289.0,2.58,0.2,0.21,1.27
2026-06-18,PFH,16.4,16.48,16.539,16.36,45416,746995.0,1.09,0.73,0.12,0.0
2026-06-18,PFI,60.945,60.6,60.945,60.42,1060,64340.0,0.87,0.16,0.098,0.0
2026-06-18,PFIG,24.01,23.93,24.01,23.93,7108,170373.0,0.33,0.1,0.025,0.0
2026-06-18,PFIS,62.55,62.24,62.81,61.7,143922,8958056.0,1.8,0.73,0.45,1.44
2026-06-18,PFIX,43.5,43.52,43.608,42.52,352142,15158299.0,2.48,-0.78,-0.34,0.0
2026-06-18,PFL,7.62,7.61,7.67,7.6,107277,817706.0,0.92,0.0,0.0,0.0
2026-06-18,PFLA,25.25,25.25,25.425,25.15,11023,278308.0,1.09,0.08,0.02,0.0
2026-06-18,PFLD,19.68,19.69,19.69,19.655,36760,723185.0,0.18,0.15,0.03,0.0
2026-06-18,PFLT,7.7,7.48,7.7,7.42,2007816,15042972.0,3.69,-1.32,-0.1,2.02
2026-06-18,PFM,55.36,55.191,55.36,55.116,15458,853792.0,0.44,0.18,0.098,0.0
2026-06-18,PFN,6.83,6.81,6.845,6.8,220338,1503508.0,0.66,-0.29,-0.02,0.0
2026-06-18,PFO,9.25,9.22,9.25,9.19,3189,29421.0,0.65,0.11,0.01,0.0
2026-06-18,PFOE,23.02,23.265,23.265,23.02,6946,160957.0,1.07,1.56,0.358,0.0
2026-06-18,PFRL,49.63,49.615,49.67,49.6,8866,439925.0,0.14,0.21,0.105,0.0
2026-06-18,PFS,22.76,22.72,22.945,22.61,2218389,50426888.0,1.48,0.49,0.11,1.7
2026-06-18,PFSA,0.184,0.181,0.198,0.171,15128813,3015154.0,10.63,-28.74,-0.073,324.63
2026-06-18,PFSI,81.78,82.38,83.23,81.78,520218,42895920.0,1.79,1.45,1.18,1.0
2026-06-18,PFX,43.85,43.85,43.85,43.85,0,43.0,0.0,0.0,0.0,0.0
2026-06-18,PFXF,18.59,18.5,18.59,18.361,536312,9881640.0,1.24,0.49,0.09,0.0
2026-06-18,PFXNZ,23.85,23.868,23.868,23.85,1225,29237.0,0.08,0.08,0.018,0.0
2026-06-18,PG,150.87,150.38,152.29,150.18,17076400,2573964032.0,1.4,-0.12,-0.18,0.73
2026-06-18,PGAC,10.61,10.61,10.62,10.604,13643,144753.0,0.15,0.09,0.01,0.15
2026-06-18,PGACU,10.67,10.68,10.9,10.67,1711,18299.0,2.11,-2.02,-0.22,0.0
2026-06-18,PGC,44.76,44.75,45.005,43.44,254831,11373458.0,3.56,1.8,0.79,1.44
2026-06-18,PGEN,4.76,4.82,4.87,4.59,4755744,22750600.0,5.92,1.9,0.09,1.33
2026-06-18,PGF,13.86,13.865,13.88,13.83,121259,1680144.0,0.36,0.18,0.025,0.0
2026-06-18,PGHY,19.93,19.9,19.98,19.841,28601,569234.0,0.7,0.25,0.05,0.0
2026-06-18,PGJ,23.55,23.48,23.65,23.37,47066,1104510.0,1.18,-0.72,-0.17,0.0
2026-06-18,PGNY,26.62,26.08,26.66,25.95,3065148,80092294.0,2.7,-0.87,-0.23,3.91
2026-06-18,PGP,8.64,8.66,8.71,8.58,60501,523026.0,1.52,1.05,0.09,0.0
2026-06-18,PGR,207.95,204.87,208.14,201.83,9986584,2043966208.0,3.09,0.22,0.45,1.72
2026-06-18,PGRI,27.788,27.788,27.788,27.788,1,28.0,0.0,1.97,0.538,0.0
2026-06-18,PGRO,47.25,47.595,47.595,47.25,12565,596138.0,0.74,1.62,0.76,0.0
2026-06-18,PGX,10.99,10.99,11.0,10.97,1429550,15715070.0,0.27,0.27,0.03,0.0
2026-06-18,PGY,15.37,15.62,15.705,14.76,2910612,44883763.0,6.29,3.93,0.59,4.07
2026-06-18,PGYWW,0.055,0.05,0.06,0.05,113817,6354.0,21.74,8.7,0.004,0.0
2026-06-18,PGZ,9.85,9.83,9.885,9.8,13879,136659.0,0.86,-0.41,-0.04,0.0
2026-06-18,PH,957.27,953.27,964.98,949.1,1019988,973615056.0,1.68,0.77,7.3,0.81
2026-06-18,PHAR,12.93,12.874,13.0,12.82,3253,42044.0,1.42,1.77,0.224,0.0
2026-06-18,PHAT,11.24,10.88,11.4,10.59,1101965,12042271.0,7.36,-1.09,-0.12,1.38
2026-06-18,PHDG,41.31,41.367,41.39,41.28,5211,215367.0,0.27,0.83,0.339,0.0
2026-06-18,PHEQ,34.31,34.43,34.43,34.2,46880,1613482.0,0.67,0.88,0.3,0.0
2026-06-18,PHG,26.32,26.78,27.09,26.25,1496673,40083034.0,3.2,2.06,0.54,0.16
2026-06-18,PHGE,0.54,0.52,0.546,0.51,211772,111728.0,6.55,-5.45,-0.03,1.8
2026-06-18,PHI,17.59,17.46,17.735,17.25,285374,4972657.0,2.78,0.17,0.03,0.13
2026-06-18,PHIN,78.86,80.78,81.09,78.44,851193,68342058.0,3.38,3.1,2.43,2.3
2026-06-18,PHIO,1.09,1.03,1.1,1.03,257247,272604.0,6.48,-4.63,-0.05,2.21
2026-06-18,PHK,4.56,4.56,4.58,4.54,735326,3354153.0,0.88,0.22,0.01,0.0
2026-06-18,PHM,123.605,126.96,128.56,123.47,5322269,675989088.0,4.18,4.17,5.08,2.79
2026-06-18,PHO,67.37,67.36,67.8,67.02,76890,5191045.0,1.17,0.88,0.59,0.0
2026-06-18,PHOE,17.48,16.0,17.48,15.51,16865,272832.0,12.59,2.24,0.35,0.08
2026-06-18,PHR,9.25,9.38,9.48,9.07,1396503,13086931.0,4.39,0.32,0.03,2.26
2026-06-18,PHUN,1.93,1.92,1.935,1.9,92274,176744.0,1.81,-0.52,-0.01,0.45
2026-06-18,PHVS,33.56,32.8,34.41,32.345,182167,5983707.0,6.18,-1.83,-0.61,0.26
2026-06-18,PHXE_,24.46,24.425,24.491,24.4,2814,68767.0,0.37,0.1,0.025,0.1
2026-06-18,PHYL,35.07,35.1,35.115,35.048,95862,3363992.0,0.19,0.31,0.11,0.0
2026-06-18,PHYS,32.13,31.82,32.255,31.68,2782706,88804693.0,1.8,-0.38,-0.12,0.0
2026-06-18,PI,127.83,128.71,129.38,124.61,524563,67343620.0,3.86,4.12,5.09,1.72
2026-06-18,PICB,23.25,23.18,23.26,23.16,88951,2066569.0,0.43,-0.3,-0.07,0.0
2026-06-18,PICK,63.81,62.91,63.94,62.905,966599,61161723.0,1.62,-1.83,-1.17,0.0
2026-06-18,PICS,10.98,10.5,11.49,10.3,379433,3992878.0,10.83,-4.46,-0.49,0.88
2026-06-18,PID,22.59,22.43,22.67,22.4,67157,1512015.0,1.19,-0.8,-0.18,0.0
2026-06-18,PIE,33.833,34.08,34.22,33.833,13363,455668.0,1.18,3.89,1.275,0.0
2026-06-18,PIEL,30.15,30.203,30.203,30.15,201,6060.0,0.18,2.39,0.706,0.0
2026-06-18,PIEQ,36.01,36.37,36.39,36.01,39306,1425644.0,1.06,1.59,0.57,0.0
2026-06-18,PIFI,94.17,94.11,94.17,94.11,392,36977.0,0.06,0.18,0.17,0.0
2026-06-18,PII,69.33,71.36,72.28,68.915,1054993,75059613.0,4.9,3.98,2.73,1.85
2026-06-18,PIII,11.21,10.75,11.79,10.44,46732,507946.0,12.02,-4.27,-0.48,1.41
2026-06-18,PIIIW,0.01,0.01,0.01,0.01,17800,214.0,22.38,-2.1,-0.0,0.0
2026-06-18,PILL,14.29,14.1,14.598,13.53,48121,672556.0,7.72,1.95,0.27,0.0
2026-06-18,PIM,3.2,3.17,3.2,3.17,17241,54935.0,0.94,-0.31,-0.01,0.0
2026-06-18,PINC,50.105,50.105,50.105,50.105,1,50.0,0.0,0.08,0.04,0.0
2026-06-18,PINE,19.39,19.13,19.65,18.8,451697,8615967.0,4.42,-0.47,-0.09,2.73
2026-06-18,PINE_A,25.05,25.06,25.09,25.03,8723,218676.0,0.24,0.12,0.03,0.38
2026-06-18,PINK,37.155,36.95,37.18,36.809,831262,30698506.0,1.0,-0.03,-0.01,0.0
2026-06-18,PINS,20.206,20.27,20.67,19.775,39836393,808803136.0,4.4,-0.44,-0.09,8.27
2026-06-18,PIO,44.95,45.029,45.22,44.89,3790,170666.0,0.74,0.91,0.408,0.0
2026-06-18,PIPE,28.95,29.332,29.332,28.95,468,13583.0,1.31,0.48,0.139,0.0
2026-06-18,PIPR,81.38,81.8,82.56,80.7,889800,72731672.0,2.3,1.23,0.99,1.25
2026-06-18,PIT,67.54,67.74,67.89,66.73,32392,2180054.0,1.72,0.4,0.27,0.0
2026-06-18,PIZ,57.36,57.5,57.78,57.23,215013,12358056.0,0.98,2.18,1.225,0.0
2026-06-18,PJAN,49.49,49.45,49.55,49.4,121250,5997742.0,0.3,0.39,0.19,0.0
2026-06-18,PJBF,70.886,70.886,70.886,70.886,188,13291.0,0.0,2.83,1.951,0.0
2026-06-18,PJFG,115.87,116.436,116.436,115.72,1101,127498.0,0.62,1.61,1.844,0.0
2026-06-18,PJFM,69.22,69.062,69.34,69.062,27795,1927069.0,0.41,1.27,0.868,0.0
2026-06-18,PJFV,97.75,97.383,97.79,97.29,9791,953801.0,0.52,0.97,0.935,0.0
2026-06-18,PJIO,69.825,70.504,70.504,69.825,991,69409.0,1.0,3.74,2.542,0.0
2026-06-18,PJP,112.92,111.63,112.92,110.63,26271,2927134.0,2.04,-0.65,-0.728,0.0
2026-06-18,PJT,155.9,155.47,157.96,153.35,875800,136226032.0,2.97,0.3,0.46,3.39
2026-06-18,PJUL,48.655,48.71,48.728,48.58,26730,1300857.0,0.3,0.12,0.06,0.0
2026-06-18,PJUN,43.18,43.25,43.269,43.09,271210,11720494.0,0.42,0.65,0.28,0.0
2026-06-18,PJUS,51.086,51.086,51.086,51.086,10,505.0,0.0,1.1,0.555,0.0
2026-06-18,PK,14.75,14.72,14.945,14.68,5580913,82479853.0,1.83,1.52,0.22,2.77
2026-06-18,PKB,109.34,110.4,110.895,109.34,23686,2613758.0,1.45,2.68,2.882,0.0
2026-06-18,PKBK,31.56,31.86,31.95,31.35,132000,4191227.0,1.91,1.43,0.45,1.13
2026-06-18,PKE,32.42,32.54,32.66,30.83,2110400,68241152.0,5.74,2.04,0.65,10.11
2026-06-18,PKG,230.57,229.02,235.395,228.95,1301482,299805360.0,2.81,-0.1,-0.24,1.46
2026-06-18,PKOH,35.4,36.0,36.61,35.05,152690,5475696.0,4.51,4.02,1.39,1.06
2026-06-18,PKW,139.11,138.09,139.28,138.09,13382,1855657.0,0.86,-0.01,-0.016,0.0
2026-06-18,PKX,60.42,60.69,61.0,60.33,472694,28665297.0,1.07,-3.0,-1.88,0.16
2026-06-18,PL,28.65,28.23,29.0,26.33,17232376,475494480.0,9.46,0.04,0.01,5.18
2026-06-18,PLA,24.47,24.405,24.47,24.37,315,7696.0,0.41,-0.53,-0.13,0.0
2026-06-18,PLAB,32.89,33.63,33.79,32.395,2274263,75967859.0,4.5,8.45,2.62,3.86
2026-06-18,PLAG,1.7,1.8,1.8,1.67,159171,270335.0,7.78,7.78,0.13,1.12
2026-06-18,PLAY,11.47,11.95,12.1,11.26,2318823,27341976.0,7.51,6.79,0.76,6.67
2026-06-18,PLBC,55.35,55.56,55.85,54.51,90544,5011181.0,2.45,1.48,0.81,1.3
2026-06-18,PLBL,8.24,7.64,8.68,7.05,264713,2054485.0,20.25,-5.09,-0.41,0.08
2026-06-18,PLBY,1.44,1.45,1.477,1.43,426013,618764.0,3.29,1.4,0.02,0.37
2026-06-18,PLCE,3.53,3.44,3.6,3.44,210458,740556.0,4.6,-1.15,-0.04,0.95
2026-06-18,PLD,139.95,140.54,141.49,139.43,6701237,941302416.0,1.46,-0.28,-0.4,0.72
2026-06-18,PLG,1.52,1.46,1.56,1.43,1017791,1508417.0,8.67,-2.67,-0.04,0.8
2026-06-18,PLGI,24.3,24.354,24.354,24.3,116,2819.0,0.22,-1.89,-0.468,0.0
2026-06-18,PLGO,22.85,22.94,23.32,22.529,450375,10321412.0,3.4,-1.46,-0.34,0.53
2026-06-18,PLMK,10.64,10.67,10.67,10.62,47612,506410.0,0.47,0.09,0.01,0.26
2026-06-18,PLMKW,0.602,0.602,0.602,0.602,115,71.0,0.0,0.0,0.0,0.0
2026-06-18,PLMR,115.66,111.7,115.66,111.245,467612,52518829.0,3.86,-2.38,-2.72,1.76
2026-06-18,PLNT,50.94,52.98,53.13,50.14,3383692,177849543.0,5.95,5.52,2.77,4.28
2026-06-18,PLOW,48.97,49.4,49.87,48.495,205771,10121814.0,2.86,2.92,1.4,0.89
2026-06-18,PLPC,373.55,384.27,386.1,373.55,90540,34498722.0,3.45,5.49,19.99,1.85
2026-06-18,PLRX,1.2,1.16,1.2,1.14,472903,549757.0,5.08,-1.69,-0.02,0.76
2026-06-18,PLRZ,13.52,13.42,13.52,12.5,66730,864917.0,7.71,1.44,0.19,3.2
2026-06-18,PLSE,26.19,25.6,26.425,25.38,364270,9388706.0,4.11,0.59,0.15,0.53
2026-06-18,PLSM,3.88,3.45,3.88,3.41,10630,38090.0,12.86,-5.61,-0.205,0.16
2026-06-18,PLTA,11.85,12.039,12.1,11.4,74374,882715.0,5.63,-3.22,-0.401,0.0
2026-06-18,PLTD,8.01,8.16,8.37,7.985,39437651,323837088.0,4.79,1.62,0.13,0.0
2026-06-18,PLTG,11.58,11.12,11.59,10.505,452211,4973772.0,9.44,-3.22,-0.37,0.0
2026-06-18,PLTK,3.55,3.49,3.65,3.39,2595869,9036241.0,7.45,0.0,0.0,0.68
2026-06-18,PLTM,16.54,16.29,16.59,16.205,94466,1551070.0,2.32,-1.99,-0.33,0.0
2026-06-18,PLTR,130.84,128.47,131.43,125.01,55337987,7088290304.0,4.91,-1.65,-2.16,2.41
2026-06-18,PLTU,32.57,31.36,32.8,29.625,2971361,92120628.0,9.78,-3.45,-1.12,0.0
2026-06-18,PLTW,19.44,19.0,19.515,18.46,160507,3030440.0,5.44,-2.06,-0.4,0.0
2026-06-18,PLTY,31.78,31.32,31.78,30.49,182326,5663938.0,4.03,-2.25,-0.72,0.0
2026-06-18,PLTZ,29.79,30.94,32.5,29.76,475061,14728644.0,9.13,3.13,0.94,0.0
2026-06-18,PLU,17.32,17.17,17.33,14.846,418885,6769490.0,14.38,-0.58,-0.1,0.0
2026-06-18,PLUG,2.73,2.85,2.86,2.64,66373900,183768559.0,8.3,7.55,0.2,4.76
2026-06-18,PLUL,13.71,15.095,15.23,13.16,46425,652860.0,15.7,14.47,1.908,0.0
2026-06-18,PLUN,9.94,9.97,10.0,9.94,7414,73945.0,0.6,0.3,0.03,0.07
2026-06-18,PLUN_U,10.12,10.2,10.2,10.12,15931,162084.0,0.79,0.59,0.06,0.0
2026-06-18,PLUNr,0.2,0.25,0.25,0.2,857085,214221.0,0.0,0.0,0.0,0.0
2026-06-18,PLUR,2.25,2.02,2.43,2.0,40297,90085.0,19.11,-10.22,-0.23,0.37
2026-06-18,PLUS,81.68,81.85,82.63,79.895,883072,72106030.0,3.4,1.85,1.49,3.38
2026-06-18,PLUT,3.09,3.09,3.09,3.09,129,398.0,0.0,2.66,0.08,0.0
2026-06-18,PLX,2.04,2.22,2.225,2.014,1832869,3936725.0,10.45,9.9,0.2,2.27
2026-06-18,PLXS,299.9,299.97,304.9,295.16,423443,126978044.0,3.31,2.02,5.94,1.58
2026-06-18,PLYX,2.36,2.32,2.43,2.211,105769,241830.0,9.48,0.43,0.01,0.22
2026-06-18,PLYY,9.25,9.215,9.25,9.11,4498,41266.0,1.5,-1.29,-0.12,0.0
2026-06-18,PM,179.58,178.4,180.465,177.04,11732384,2095396096.0,1.91,-0.58,-1.04,0.75
2026-06-18,PMAP,27.245,27.245,27.245,27.245,32,873.0,0.0,-0.02,-0.005,0.0
2026-06-18,PMAR,47.74,47.72,47.79,47.67,22174,1058347.0,0.25,0.34,0.16,0.0
2026-06-18,PMAX,1.98,2.27,2.45,1.96,425522,943699.0,24.5,13.5,0.27,41.03
2026-06-18,PMAY,41.29,41.309,41.32,41.23,15486,639145.0,0.22,0.55,0.224,0.0
2026-06-18,PMBS,49.41,49.3,49.45,49.3,75851,3742037.0,0.31,0.24,0.12,0.0
2026-06-18,PMCB,0.78,0.718,0.801,0.718,205490,155087.0,10.55,-8.77,-0.069,1.91
2026-06-18,PMEC,0.667,0.616,0.667,0.502,13064404,10459831.0,26.36,-1.6,-0.01,34.01
2026-06-18,PMI,0.175,0.182,0.191,0.172,4493779,803955.0,9.95,-4.71,-0.009,4.87
2026-06-18,PMIO,51.0,51.165,51.17,51.0,2865,146508.0,0.33,0.28,0.145,0.0
2026-06-18,PMJA,27.395,27.395,27.395,27.395,29,794.0,0.0,0.09,0.025,0.0
2026-06-18,PMJL,26.585,26.585,26.585,26.585,30,798.0,0.0,-0.02,-0.005,0.0
2026-06-18,PMJN,26.68,26.665,26.68,26.665,1690,45106.0,0.06,0.24,0.065,0.0
2026-06-18,PML,7.54,7.55,7.58,7.503,379317,2863509.0,1.03,0.67,0.05,0.0
2026-06-18,PMM,6.34,6.36,6.36,6.29,68148,432311.0,1.11,0.79,0.05,0.0
2026-06-18,PMMF,100.3,100.28,100.3,100.28,84879,8512480.0,0.02,0.0,0.005,0.0
2026-06-18,PMMY,26.757,26.757,26.757,26.757,11,318.0,0.0,0.46,0.122,0.0
2026-06-18,PMN,10.32,10.54,10.75,10.32,5927,62433.0,4.14,1.54,0.16,0.07
2026-06-18,PMO,10.61,10.67,10.67,10.52,26377,280303.0,1.42,1.04,0.11,0.0
2026-06-18,PMOC,25.98,26.015,26.015,25.98,713,18525.0,0.13,0.15,0.04,0.0
2026-06-18,PMSE,26.277,26.277,26.277,26.277,4,105.0,0.0,0.24,0.062,0.0
2026-06-18,PMT,10.04,10.25,10.27,10.04,4166498,42563255.0,2.29,1.89,0.19,4.78
2026-06-18,PMTR,10.433,10.43,10.44,10.43,1716,17910.0,0.1,0.1,0.01,0.01
2026-06-18,PMTRW,0.9,0.811,0.9,0.811,852,753.0,10.42,-5.04,-0.043,0.0
2026-06-18,PMTS,18.11,18.26,18.28,17.27,48560,880755.0,5.66,2.35,0.42,0.42
2026-06-18,PMTU,25.36,25.37,25.81,25.36,8246,210208.0,1.77,0.04,0.01,0.0
2026-06-18,PMTV,25.34,25.35,25.4,25.34,10747,272626.0,0.24,-0.06,-0.015,0.0
2026-06-18,PMTW,25.15,25.17,25.23,25.15,8206,206645.0,0.32,0.0,0.0,0.0
2026-06-18,PMT_A,22.56,22.74,22.74,22.45,5148,116647.0,1.29,0.98,0.22,0.11
2026-06-18,PMT_B,22.85,23.0,23.0,22.81,9410,215181.0,0.83,0.83,0.19,0.12
2026-06-18,PMT_C,18.11,18.15,18.2,18.06,17344,315040.0,0.77,0.39,0.07,0.17
2026-06-18,PMVP,1.11,1.13,1.15,1.085,242604,273598.0,5.91,2.73,0.03,0.45
2026-06-18,PN,3.57,3.61,3.85,3.48,39436,143735.0,10.66,4.03,0.14,3.06
2026-06-18,PNBK,1.1,1.07,1.1,1.03,432784,461847.0,6.48,-0.93,-0.01,0.37
2026-06-18,PNC,233.64,232.04,236.09,231.33,4931983,1146142336.0,2.04,-0.47,-1.09,1.23
2026-06-18,PNFP,96.26,96.12,98.23,95.28,1833460,176106060.0,3.09,0.56,0.54,1.21
2026-06-18,PNFP_A,25.15,25.14,25.29,25.14,3923,98911.0,0.6,-0.04,-0.01,0.05
2026-06-18,PNFP_B,26.21,26.55,26.6,26.21,21985,583613.0,1.48,0.8,0.21,0.16
2026-06-18,PNFP_C,24.5,24.67,24.755,24.5,13707,338008.0,1.04,0.33,0.08,0.15
2026-06-18,PNI,7.04,7.04,7.05,6.99,62874,441964.0,0.86,0.43,0.03,0.0
2026-06-18,PNNT,3.59,3.43,3.66,3.43,2835695,9891829.0,6.39,-4.72,-0.17,4.34
2026-06-18,PNOV,44.4,44.29,44.4,44.24,14698,651176.0,0.36,0.36,0.16,0.0
2026-06-18,PNQI,45.61,45.935,45.96,45.19,38331,1750383.0,1.7,1.15,0.521,0.0
2026-06-18,PNR,75.15,74.32,75.8,74.29,3889846,289987792.0,2.06,1.27,0.93,2.41
2026-06-18,PNRG,179.34,175.29,179.34,170.23,77426,13473741.0,5.14,-1.11,-1.96,4.79
2026-06-18,PNTG,35.0,33.44,35.315,33.3,351626,11886160.0,5.83,-3.3,-1.14,1.01
2026-06-18,PNW,102.76,102.32,103.645,101.9,1748502,179207236.0,1.7,-0.06,-0.06,1.44
2026-06-18,POAS,0.336,0.322,0.353,0.316,63929,21277.0,10.82,-5.85,-0.02,0.39
2026-06-18,POCI,5.82,5.72,6.11,5.69,30827,177374.0,7.25,-1.21,-0.07,0.28
2026-06-18,POCT,46.31,46.28,46.41,46.25,93736,4338886.0,0.35,0.35,0.16,0.0
2026-06-18,PODC,4.35,4.1,4.44,3.95,99956,410558.0,11.32,-5.31,-0.23,0.36
2026-06-18,PODD,144.64,145.76,146.215,142.103,2864144,416570192.0,2.87,1.56,2.24,4.14
2026-06-18,POEL,31.4,30.83,31.4,28.07,566686,16859436.0,10.94,1.28,0.39,0.0
2026-06-18,POET,12.245,12.15,12.36,11.59,19384795,232502535.0,6.44,1.67,0.2,11.23
2026-06-18,POLA,1.7,1.79,1.8,1.68,56806,100132.0,6.98,4.07,0.07,1.56
2026-06-18,POLE,10.735,10.743,10.743,10.735,7099,76214.0,0.07,0.07,0.008,0.03
2026-06-18,POLEW,0.23,0.23,0.23,0.23,1,0.0,0.0,0.0,0.0,0.0
2026-06-18,POM,0.087,0.072,0.1,0.07,2829848,228730.0,34.48,-17.24,-0.015,2.32
2026-06-18,PONOU,10.13,10.13,10.13,10.13,155,1570.0,0.0,0.0,0.0,0.0
2026-06-18,PONX,4.52,4.731,4.93,4.52,127165,600667.0,9.51,9.77,0.421,0.0
2026-06-18,PONY,8.09,8.34,8.54,8.05,5434567,45228325.0,6.17,5.04,0.4,1.54
2026-06-18,POOL,196.575,198.99,205.23,194.371,8252387,1644534832.0,5.59,2.39,4.65,22.64
2026-06-18,POR,49.57,50.18,50.345,49.57,2464692,123463174.0,1.56,0.76,0.38,2.13
2026-06-18,POST,88.96,88.41,89.65,87.8,1154677,102162933.0,2.08,-0.62,-0.55,2.55
2026-06-18,POW,31.22,31.27,31.342,30.94,40947,1276142.0,1.3,1.23,0.379,0.0
2026-06-18,POWA,87.28,86.945,87.28,86.75,6802,591528.0,0.61,-0.01,-0.006,0.0
2026-06-18,POWI,83.76,87.11,87.89,83.76,1650981,143341525.0,5.12,7.9,6.38,2.96
2026-06-18,POWL,299.66,297.2,303.38,283.88,1166754,345534096.0,6.63,1.08,3.17,3.2
2026-06-18,POWR,27.64,27.66,27.85,27.43,130021,3597988.0,1.54,1.24,0.34,0.0
2026-06-18,POWW,1.98,2.14,2.15,1.979,1235497,2573501.0,8.81,10.31,0.2,1.06
2026-06-18,POWWP,23.7,23.75,23.75,23.7,1212,28772.0,0.21,0.34,0.08,0.09
2026-06-18,PPA,179.67,175.31,179.73,174.27,167215,29339175.0,3.07,-1.36,-2.42,0.0
2026-06-18,PPBT,1.75,1.7,1.79,1.66,35477,61604.0,7.39,-3.41,-0.06,3.81
2026-06-18,PPC,28.31,27.32,28.42,27.17,3063879,84373806.0,4.41,-3.63,-1.03,1.29
2026-06-18,PPCB,1.66,1.47,1.68,1.41,244079,366868.0,15.79,-14.04,-0.24,10.71
2026-06-18,PPG,118.46,118.25,120.155,117.58,4780010,566161376.0,2.2,0.95,1.11,2.14
2026-06-18,PPH,104.28,102.53,104.3,101.78,825451,84516938.0,2.42,-1.64,-1.71,0.0
2026-06-18,PPHC,9.57,9.05,9.89,8.82,126460,1151355.0,11.37,-3.83,-0.36,0.43
2026-06-18,PPI,21.66,21.444,21.66,21.36,44627,957517.0,1.4,0.04,0.009,0.0
2026-06-18,PPIH,27.65,29.05,29.27,27.65,136632,3927727.0,5.93,6.37,1.74,1.68
2026-06-18,PPL,35.37,35.38,35.875,35.06,16555538,586218240.0,2.31,0.14,0.05,2.2
2026-06-18,PPLC,48.38,47.94,48.59,47.88,25818,1242584.0,1.47,-0.5,-0.24,0.0
2026-06-18,PPLI,42.41,42.72,43.13,42.16,1602561,68467586.0,2.29,0.8,0.34,2.34
2026-06-18,PPLT,15.66,15.37,15.68,15.29,2710330,41976275.0,2.49,-1.91,-0.3,0.0
2026-06-18,PPSI,4.4,4.59,4.65,4.25,153971,690495.0,9.35,7.24,0.31,1.39
2026-06-18,PPT,3.44,3.44,3.45,3.44,112436,387295.0,0.29,0.0,0.0,0.0
2026-06-18,PPTA,25.27,24.32,25.745,23.98,1357814,33257486.0,7.09,-2.33,-0.58,1.09
2026-06-18,PPTY,33.43,33.321,33.48,33.321,4348,145327.0,0.48,0.48,0.158,0.0
2026-06-18,PQDI,19.42,19.415,19.43,19.38,5321,103327.0,0.26,0.13,0.026,0.0
2026-06-18,PQJA,31.64,31.67,31.67,31.64,300,9492.0,0.1,0.75,0.235,0.0
2026-06-18,PQNT,22.896,22.896,22.896,22.896,6,142.0,0.0,0.73,0.167,0.0
2026-06-18,PQOC,31.215,31.215,31.215,31.215,63,1965.0,0.0,0.68,0.21,0.0
2026-06-18,PQUS,27.76,27.819,27.819,27.757,1027,28524.0,0.23,1.08,0.298,0.0
2026-06-18,PR,18.37,18.43,18.5,18.035,26626713,489350384.0,2.51,-0.7,-0.13,3.18
2026-06-18,PRA,24.585,24.65,24.66,24.54,1169772,28800740.0,0.49,0.28,0.07,2.27
2026-06-18,PRAA,15.07,14.94,15.535,14.7,6534960,97758929.0,5.57,-0.4,-0.06,17.13
2026-06-18,PRAB,24.98,24.98,24.98,24.98,3,75.0,0.0,0.06,0.015,0.0
2026-06-18,PRAE,40.254,40.254,40.254,40.254,4,161.0,0.0,1.28,0.51,0.0
2026-06-18,PRAX,280.6,282.31,289.67,274.16,698565,196792811.0,5.74,4.56,12.3,2.51
2026-06-18,PRAY,36.01,36.054,36.054,36.01,389,13995.0,0.12,1.74,0.615,0.0
2026-06-18,PRCH,12.25,12.38,12.57,11.98,2423900,29966759.0,4.82,1.06,0.13,1.9
2026-06-18,PRCS,28.21,28.14,28.21,28.06,68087,1916904.0,0.54,1.19,0.33,0.0
2026-06-18,PRCT,21.0,21.72,21.89,20.7,1781468,38160748.0,5.69,3.87,0.81,3.13
2026-06-18,PRDO,31.81,32.03,32.29,31.56,1474013,47164059.0,2.3,0.82,0.26,2.35
2026-06-18,PRE,19.94,20.5,20.815,19.86,140303,2849002.0,4.81,3.25,0.645,0.9
2026-06-18,PREF,19.02,19.025,19.04,19.01,201782,3838906.0,0.16,0.18,0.035,0.0
2026-06-18,PRF,54.1,53.86,54.1,53.76,247410,13336982.0,0.64,0.62,0.33,0.0
2026-06-18,PRFD,51.29,51.2,51.31,51.2,5259,269433.0,0.21,0.02,0.01,0.0
2026-06-18,PRFX,1.66,1.65,1.75,1.39,456984,728290.0,19.46,-10.81,-0.2,15.12
2026-06-18,PRFZ,52.95,53.31,53.35,52.85,74773,3973657.0,0.96,1.86,0.975,0.0
2026-06-18,PRG,37.95,38.43,38.96,37.95,814646,31322650.0,2.68,2.15,0.81,2.03
2026-06-18,PRGO,10.05,10.25,10.25,9.825,5131294,52127930.0,4.18,0.89,0.09,3.71
2026-06-18,PRGS,30.03,29.68,30.27,29.05,1203414,35782023.0,4.06,-1.33,-0.4,2.86
2026-06-18,PRH,22.86,22.8,23.033,22.79,37155,849403.0,1.06,-0.26,-0.06,0.0
2026-06-18,PRHI,5.09,5.11,5.12,4.8,24685,123666.0,6.61,5.58,0.27,0.67
2026-06-18,PRHIZ,19.13,19.13,19.13,19.13,68,1304.0,0.0,0.0,0.0,0.0
2026-06-18,PRI,282.84,281.78,282.86,279.1,573495,161445353.0,1.34,0.16,0.45,1.84
2026-06-18,PRIF_D,24.81,24.9,24.92,24.81,327,8137.0,0.44,-0.24,-0.06,0.03
2026-06-18,PRIF_K,22.7,22.7,22.7,22.7,339,7684.0,0.0,1.34,0.3,0.02
2026-06-18,PRIF_L,24.76,24.76,24.76,24.76,186,4623.0,0.0,0.0,0.0,0.02
2026-06-18,PRIM,103.22,101.3,104.81,100.09,1769354,179536600.0,4.64,-0.35,-0.36,3.26
2026-06-18,PRIV,25.235,25.212,25.24,25.21,49531,1249698.0,0.12,0.28,0.07,0.0
2026-06-18,PRIZ,25.045,25.045,25.045,25.045,4,100.0,0.0,-0.2,-0.05,0.0
2026-06-18,PRK,174.79,176.62,178.28,174.79,270620,47731934.0,2.01,1.91,3.31,1.5
2026-06-18,PRKS,46.38,46.64,48.51,46.38,1884034,88601232.0,4.64,1.66,0.76,4.0
2026-06-18,PRLB,81.29,81.06,82.09,79.6,455911,36935385.0,3.13,1.87,1.49,1.92
2026-06-18,PRLD,4.38,4.32,4.64,4.16,1076626,4652732.0,11.03,-0.69,-0.03,1.66
2026-06-18,PRM,35.75,37.78,38.17,35.65,3896200,145699680.0,7.08,6.0,2.14,2.39
2026-06-18,PRMB,24.06,24.27,24.375,23.57,3325459,80438641.0,3.4,2.41,0.57,0.92
2026-06-18,PRME,3.24,3.23,3.37,3.1,3501632,11300257.0,8.54,2.22,0.07,1.94
2026-06-18,PRMR,27.91,27.987,28.01,27.91,27625,772692.0,0.36,1.59,0.438,0.0
2026-06-18,PRN,256.11,255.33,257.53,251.12,38699,9835130.0,2.56,1.87,4.677,0.0
2026-06-18,PRNT,25.23,25.51,25.6,25.23,7035,178893.0,1.48,2.12,0.53,0.0
2026-06-18,PROF,6.6,6.87,6.9,6.59,88507,598769.0,4.72,4.57,0.3,0.24
2026-06-18,PROK,1.76,1.83,1.83,1.755,578592,1043134.0,4.29,4.57,0.08,0.28
2026-06-18,PROP,0.66,0.653,0.662,0.623,3913002,2532307.0,5.93,-0.76,-0.005,4.0
2026-06-18,PROV,17.09,16.84,17.25,16.84,10988,186616.0,2.4,-1.46,-0.25,0.18
2026-06-18,PRPL,0.402,0.428,0.439,0.393,351972,149516.0,11.14,3.63,0.015,0.32
2026-06-18,PRPO,22.4,22.45,22.916,22.14,38776,867435.0,3.47,0.4,0.09,2.17
2026-06-18,PRQR,1.67,1.89,1.97,1.67,1378074,2554282.0,17.96,13.17,0.22,1.31
2026-06-18,PRS,22.25,22.23,22.342,22.16,14232,316674.0,0.82,-0.09,-0.02,0.0
2026-06-18,PRSD,25.005,25.016,25.02,24.99,5147,128766.0,0.12,0.16,0.041,0.0
2026-06-18,PRSO,0.915,0.908,0.92,0.9,476705,431849.0,2.25,2.02,0.018,3.25
2026-06-18,PRSU,49.24,50.94,52.04,49.24,526436,26724836.0,5.75,4.64,2.26,1.93
2026-06-18,PRT,2.22,2.32,2.35,2.121,148184,328397.0,10.36,4.98,0.11,1.22
2026-06-18,PRTA,8.63,8.93,9.15,8.515,1390843,12373500.0,7.48,5.18,0.44,2.66
2026-06-18,PRTH,6.56,7.17,7.435,6.36,2416267,16955152.0,16.62,10.82,0.7,2.93
2026-06-18,PRTO,27.813,27.813,27.813,27.813,1,28.0,0.0,1.21,0.332,0.0
2026-06-18,PRTS,6.45,6.335,6.513,6.25,49582,314487.0,4.1,-1.17,-0.075,0.61
2026-06-18,PRU,107.74,106.53,108.0,106.465,3582979,382710896.0,1.43,-0.45,-0.48,1.03
2026-06-18,PRVA,23.62,23.67,23.835,23.39,1925571,45522619.0,1.9,1.11,0.26,1.53
2026-06-18,PRVS,31.96,32.067,32.15,31.96,4374,140277.0,0.6,1.15,0.364,0.0
2026-06-18,PRXG,38.995,39.221,39.221,38.985,2343,91602.0,0.61,1.88,0.723,0.0
2026-06-18,PRXV,34.55,34.524,34.61,34.524,2221,76804.0,0.25,0.75,0.257,0.0
2026-06-18,PRZO,0.602,0.58,0.609,0.573,408856,238289.0,5.91,-4.76,-0.029,1.58
2026-06-18,PS,35.0,33.33,35.2,33.03,223963,7588169.0,6.28,-3.61,-1.25,0.06
2026-06-18,PSA,318.72,318.12,320.31,314.61,1253383,398959680.0,1.82,1.77,5.54,0.71
2026-06-18,PSAI,27.91,28.005,28.045,27.91,1812,50770.0,0.49,2.12,0.582,0.0
2026-06-18,PSA_F,20.21,20.2,20.24,20.15,7644,154413.0,0.45,0.05,0.01,0.07
2026-06-18,PSA_G,20.0,20.06,20.16,19.97,17900,360853.0,0.95,0.6,0.12,0.15
2026-06-18,PSA_H,21.76,21.77,21.85,21.75,19000,414827.0,0.46,0.18,0.04,0.17
2026-06-18,PSA_I,18.95,18.92,18.99,18.89,29277,555458.0,0.53,0.26,0.05,0.23
2026-06-18,PSA_J,18.23,18.25,18.35,18.22,18671,341314.0,0.71,0.05,0.01,0.18
2026-06-18,PSA_K,18.55,18.56,18.59,18.55,16174,300253.0,0.22,0.05,0.01,0.18
2026-06-18,PSA_L,18.09,18.11,18.14,18.082,19516,353625.0,0.32,-0.06,-0.01,0.09
2026-06-18,PSA_M,16.06,16.04,16.075,16.01,10927,175405.0,0.4,-0.19,-0.03,0.12
2026-06-18,PSA_N,15.11,15.12,15.197,15.11,26819,406610.0,0.58,0.33,0.05,0.24
2026-06-18,PSA_O,15.1,15.19,15.219,15.1,5052,76682.0,0.79,0.46,0.07,0.07
2026-06-18,PSA_P,15.69,15.71,15.76,15.68,28248,444290.0,0.51,0.13,0.02,0.12
2026-06-18,PSA_Q,15.3,15.35,15.39,15.3,5182,79659.0,0.59,0.33,0.05,0.09
2026-06-18,PSA_R,15.63,15.655,15.698,15.63,13192,206616.0,0.44,0.16,0.025,0.08
2026-06-18,PSA_S,16.03,15.97,16.1,15.97,37255,597477.0,0.81,-0.16,-0.025,0.37
2026-06-18,PSBD,10.72,10.78,10.83,10.72,91270,985089.0,1.02,0.37,0.04,0.29
2026-06-18,PSC,67.8,67.887,67.92,66.976,66815,4511298.0,1.41,1.61,1.077,0.0
2026-06-18,PSCC,34.84,35.065,35.159,34.68,11934,417116.0,1.39,1.64,0.567,0.0
2026-06-18,PSCD,115.33,115.33,115.33,115.33,23,2650.0,0.0,3.23,3.612,0.0
2026-06-18,PSCE,56.31,55.871,56.31,54.71,45926,2542656.0,2.84,-0.9,-0.506,0.0
2026-06-18,PSCF,63.444,63.444,63.444,63.444,268,17033.0,0.0,1.02,0.641,0.0
2026-06-18,PSCH,48.57,48.54,48.58,48.325,26743,1296641.0,0.53,1.32,0.631,0.0
2026-06-18,PSCI,179.2,180.143,180.17,178.443,5146,923637.0,0.98,2.23,3.937,0.0
2026-06-18,PSCJ,31.58,31.59,31.59,31.58,1560,49274.0,0.03,0.16,0.05,0.0
2026-06-18,PSCM,106.28,106.497,106.69,106.28,2903,309045.0,0.39,0.4,0.428,0.0
2026-06-18,PSCQ,31.152,31.152,31.152,31.152,7,218.0,0.0,0.46,0.142,0.0
2026-06-18,PSCT,86.37,86.991,87.325,86.12,17164,1491046.0,1.43,3.04,2.564,0.0
2026-06-18,PSCU,63.98,63.761,63.98,63.44,3030,193606.0,0.85,0.9,0.567,0.0
2026-06-18,PSCW,29.96,29.96,29.96,29.96,24,720.0,0.0,0.3,0.091,0.0
2026-06-18,PSCX,32.7,32.62,32.7,32.55,1457,47471.0,0.46,0.51,0.166,0.0
2026-06-18,PSDM,51.09,51.0,51.09,51.0,14626,746730.0,0.18,0.12,0.06,0.0
2026-06-18,PSEC,2.22,2.21,2.25,2.17,7210914,15941725.0,3.64,0.45,0.01,1.44
2026-06-18,PSEC_A,16.82,16.87,16.99,16.55,13870,234177.0,2.62,0.48,0.08,0.26
2026-06-18,PSEP,45.92,45.945,45.955,45.89,9756,448075.0,0.14,0.34,0.155,0.0
2026-06-18,PSET,75.11,75.236,75.236,75.11,1109,83409.0,0.17,1.03,0.77,0.0
2026-06-18,PSF,19.9,19.8,19.91,19.695,30595,607321.0,1.08,-0.25,-0.05,0.0
2026-06-18,PSFD,39.71,39.79,39.79,39.69,2351,93354.0,0.25,0.63,0.249,0.0
2026-06-18,PSFE,6.9,6.78,6.91,6.645,417517,2827720.0,3.89,-0.44,-0.03,0.81
2026-06-18,PSFF,34.205,34.26,34.26,34.2,45002,1540154.0,0.18,0.44,0.15,0.0
2026-06-18,PSFJ,35.07,35.11,35.11,35.07,478,16771.0,0.11,0.17,0.06,0.0
2026-06-18,PSFM,34.79,34.775,34.79,34.775,274,9532.0,0.04,0.36,0.125,0.0
2026-06-18,PSFO,34.55,34.576,34.576,34.54,1698,58662.0,0.1,0.59,0.204,0.0
2026-06-18,PSH,50.12,50.045,50.12,49.97,12094,605179.0,0.3,0.13,0.065,0.0
2026-06-18,PSHG,1.68,1.68,1.73,1.675,25216,42801.0,3.26,-0.3,-0.005,0.2
2026-06-18,PSI,175.69,178.23,178.98,175.02,351607,62325964.0,2.36,6.42,10.75,0.0
2026-06-18,PSIG,11.25,11.69,12.0,10.99,2598300,29354348.0,8.98,3.91,0.44,16.9
2026-06-18,PSIL,20.15,20.09,20.15,19.43,15725,310653.0,3.63,1.32,0.262,0.0
2026-06-18,PSIX,40.0,40.31,40.775,39.0,432178,17277125.0,4.56,3.57,1.39,1.87
2026-06-18,PSK,30.79,30.87,30.88,30.79,66322,2044006.0,0.29,0.32,0.1,0.0
2026-06-18,PSKY,9.98,9.94,10.195,9.75,28105424,279532944.0,4.46,-0.4,-0.04,2.58
2026-06-18,PSL,109.85,109.84,109.85,109.71,2083,228840.0,0.13,-0.37,-0.405,0.0
2026-06-18,PSLV,21.43,21.0,21.61,20.775,9081725,192358712.0,3.89,-2.19,-0.47,0.0
2026-06-18,PSMD,34.18,34.242,34.242,34.18,430,14707.0,0.18,0.43,0.148,0.0
2026-06-18,PSMO,32.475,32.48,32.48,32.475,988,32081.0,0.02,0.45,0.146,0.0
2026-06-18,PSMR,32.15,32.147,32.18,32.147,1590,51149.0,0.1,0.42,0.133,0.0
2026-06-18,PSMT,179.67,182.02,182.41,178.56,406712,73801881.0,2.16,2.01,3.59,1.32
2026-06-18,PSN,54.46,52.21,54.99,51.72,1612904,84429577.0,5.96,-4.76,-2.61,1.51
2026-06-18,PSNL,10.0,10.54,10.58,9.885,3823116,39520115.0,7.13,8.1,0.79,3.65
2026-06-18,PSNY,20.5,20.07,20.5,18.92,398935,7928131.0,7.71,-2.1,-0.43,0.47
2026-06-18,PSNYW,2.966,2.909,2.966,2.85,1747,5091.0,4.19,5.02,0.139,0.0
2026-06-18,PSO,14.88,14.88,14.95,14.79,1017824,15149003.0,1.05,-1.98,-0.3,0.17
2026-06-18,PSP,58.46,58.23,58.46,57.93,19441,1129709.0,0.9,-0.75,-0.44,0.0
2026-06-18,PSQ,25.28,25.18,25.435,25.11,7962019,201186582.0,1.26,-2.33,-0.6,0.0
2026-06-18,PSQA,20.63,20.71,20.75,20.63,127103,2631527.0,0.58,0.34,0.07,0.0
2026-06-18,PSQH,0.47,0.446,0.485,0.444,487940,222803.0,8.8,-4.29,-0.02,0.98
2026-06-18,PSQH_WS,0.051,0.051,0.051,0.051,180,9.0,0.0,-3.77,-0.002,0.0
2026-06-18,PSQO,20.85,20.876,20.9,20.82,72722,1517662.0,0.38,0.05,0.011,0.0
2026-06-18,PSR,101.98,101.786,101.98,101.786,557,56973.0,0.19,0.02,0.018,0.0
2026-06-18,PST,22.88,22.961,22.97,22.88,1220,28013.0,0.39,-0.56,-0.129,0.0
2026-06-18,PSTL,22.54,22.79,22.84,22.31,688546,15591762.0,2.35,1.11,0.25,2.49
2026-06-18,PSTP,36.675,36.735,36.76,36.67,7675,281902.0,0.25,0.53,0.194,0.0
2026-06-18,PSTR,30.84,30.929,30.93,30.735,4985,154032.0,0.64,0.75,0.23,0.0
2026-06-18,PSTV,4.34,4.2,4.383,4.1,214522,900456.0,6.57,-2.55,-0.11,3.12
2026-06-18,PSUS,39.35,39.79,40.04,39.2,488747,19327238.0,2.13,0.96,0.38,0.0
2026-06-18,PSWD,37.135,37.544,37.544,37.135,182,6786.0,1.09,-0.36,-0.134,0.0
2026-06-18,PSX,165.69,166.14,167.0,164.1,5626599,933235568.0,1.73,-0.62,-1.03,1.4
2026-06-18,PTA,19.29,19.08,19.49,19.01,83980,1608471.0,2.51,-0.1,-0.02,0.0
2026-06-18,PTACU,9.98,9.98,9.98,9.98,130,1298.0,0.0,-0.3,-0.03,0.0
2026-06-18,PTBD,19.22,19.257,19.27,19.2,16181,311072.0,0.36,0.35,0.068,0.0
2026-06-18,PTC,115.52,114.75,116.74,113.5,5006325,574644848.0,2.77,-1.87,-2.19,4.33
2026-06-18,PTCT,79.58,78.98,80.0,78.1,2870286,226611370.0,2.42,0.57,0.45,3.46
2026-06-18,PTEN,10.17,10.04,10.25,9.72,13122293,130776732.0,5.15,-2.52,-0.26,3.46
2026-06-18,PTEU,33.43,33.455,33.455,33.43,474,15868.0,0.07,-0.2,-0.067,0.0
2026-06-18,PTF,137.32,137.172,137.61,135.98,84979,11615745.0,1.23,3.84,5.075,0.0
2026-06-18,PTGX,112.88,112.86,114.485,111.17,1533672,173114185.0,2.97,1.27,1.42,2.38
2026-06-18,PTH,53.21,52.982,53.21,52.41,4192,221298.0,1.52,0.36,0.192,0.0
2026-06-18,PTHS,27.5,29.0,29.0,27.03,46218,1300778.0,7.29,7.37,1.99,1.33
2026-06-18,PTIN,37.33,37.306,37.48,37.25,13983,522159.0,0.62,1.2,0.443,0.0
2026-06-18,PTIR,12.05,11.59,12.125,10.955,5460508,62605603.0,9.75,-3.42,-0.41,0.0
2026-06-18,PTL,286.54,286.36,288.38,283.27,44692,12803357.0,1.81,1.44,4.06,0.0
2026-06-18,PTLC,58.31,58.28,58.337,58.02,82396,4795688.0,0.55,1.15,0.66,0.0
2026-06-18,PTLE,5.46,5.735,5.745,5.46,1322,7416.0,4.77,-4.1,-0.245,0.02
2026-06-18,PTLO,4.27,4.26,4.44,4.16,1372665,5877481.0,6.64,0.95,0.04,1.9
2026-06-18,PTMC,40.97,41.15,41.15,40.85,8539,350579.0,0.74,1.12,0.457,0.0
2026-06-18,PTN,11.915,11.72,12.22,11.72,12887,154231.0,4.08,-4.33,-0.53,0.72
2026-06-18,PTNQ,88.74,89.09,89.3,88.55,8955,797074.0,0.86,2.3,1.999,0.0
2026-06-18,PTNT,27.258,27.258,27.258,27.258,17,466.0,0.0,1.46,0.393,0.0
2026-06-18,PTON,5.62,5.77,5.79,5.565,13541911,77078026.0,4.07,4.34,0.24,3.25
2026-06-18,PTOR,9.94,9.94,9.94,9.94,480,4770.0,0.0,0.1,0.01,0.0
2026-06-18,PTORU,10.1,10.1,10.1,10.1,89,918.0,0.0,0.0,0.0,0.0
2026-06-18,PTRB,41.63,41.575,41.67,41.551,66561,2769209.0,0.29,0.28,0.115,0.0
2026-06-18,PTRN,20.59,21.36,21.92,20.2,5084781,108719409.0,8.41,4.45,0.91,3.12
2026-06-18,PTY,11.86,11.78,11.872,11.78,775649,9159395.0,0.78,0.08,0.01,0.0
2026-06-18,PUBM,11.36,11.3,11.41,11.1,488235,5520177.0,2.74,0.0,0.0,1.28
2026-06-18,PUI,46.99,46.917,47.225,46.73,2110,99254.0,1.07,1.09,0.507,0.0
2026-06-18,PUK,26.75,26.79,26.965,26.58,1327705,35586091.0,1.44,0.0,0.0,0.11
2026-06-18,PULM,1.48,1.46,1.51,1.41,1406897,2390626.0,6.67,-2.67,-0.04,38.52
2026-06-18,PULS,49.64,49.65,49.65,49.63,1848793,91784753.0,0.04,0.08,0.04,0.0
2026-06-18,PUMP,14.87,14.75,14.99,14.27,4734367,69348950.0,4.85,-0.74,-0.11,3.86
2026-06-18,PURR,9.95,9.28,10.0,8.855,25381038,235262458.0,11.67,-5.4,-0.53,17.57
2026-06-18,PUSA,4.39,4.21,4.58,4.08,1075909,4541777.0,11.42,-3.88,-0.17,4.98
2026-06-18,PUSH,50.46,50.44,50.51,50.44,11787,594945.0,0.14,0.0,0.0,0.0
2026-06-18,PVAL,51.78,51.41,51.78,51.33,1880324,96785433.0,0.88,0.16,0.08,0.0
2026-06-18,PVEX,30.6,30.718,30.75,30.6,2229,68331.0,0.49,0.24,0.074,0.0
2026-06-18,PVH,76.98,77.07,78.64,76.884,1167555,90358313.0,2.3,0.85,0.65,2.53
2026-06-18,PVI,24.86,24.89,24.91,24.811,1834,45653.0,0.4,0.08,0.02,0.0
2026-06-18,PVL,1.82,1.8,1.83,1.78,61562,110701.0,2.78,0.0,0.0,0.19
2026-06-18,PVLA,115.7,113.1,116.6,110.96,383247,43376362.0,5.01,0.42,0.47,2.67
2026-06-18,PW,9.63,9.54,9.771,9.5,7931,76991.0,2.9,2.03,0.19,2.16
2026-06-18,PWB,166.71,166.63,167.07,165.98,58967,9824535.0,0.67,2.52,4.1,0.0
2026-06-18,PWER,42.84,42.604,42.84,42.604,1013,43279.0,0.55,-1.41,-0.611,0.0
2026-06-18,PWP,16.1,15.85,16.195,15.56,1448799,22946587.0,3.97,-0.81,-0.13,2.04
2026-06-18,PWR,722.05,702.25,729.833,698.03,2620580,1849668352.0,4.45,-1.76,-12.6,1.75
2026-06-18,PWRD,119.69,120.25,120.56,118.82,122265,14639264.0,1.49,3.3,3.84,0.0
2026-06-18,PWRL,16.62,16.51,17.025,16.5,195430,3244569.0,3.0,-5.66,-0.99,0.0
2026-06-18,PWS,31.695,31.65,31.695,31.63,17809,563796.0,0.2,-0.58,-0.184,0.0
2026-06-18,PWV,76.11,75.04,76.16,74.94,72725,5474452.0,1.61,-0.96,-0.73,0.0
2026-06-18,PWZ,24.43,24.42,24.46,24.42,131880,3223712.0,0.16,0.33,0.08,0.0
2026-06-18,PW_A,10.49,10.3,10.49,10.3,460,4730.0,1.88,1.78,0.18,0.14
2026-06-18,PXE,33.46,33.57,33.684,33.29,19430,650259.0,1.16,-1.53,-0.52,0.0
2026-06-18,PXED,29.47,30.54,30.65,29.27,162459,4912146.0,4.61,2.07,0.62,0.45
2026-06-18,PXF,77.58,77.83,77.94,77.56,57685,4488642.0,0.49,0.82,0.63,0.0
2026-06-18,PXH,29.06,29.06,29.085,28.97,133665,3879827.0,0.4,0.83,0.24,0.0
2026-06-18,PXI,54.7,54.76,54.76,54.095,4531,246976.0,1.21,-0.76,-0.422,0.0
2026-06-18,PXJ,41.06,40.733,41.06,39.82,38131,1535911.0,3.01,-0.99,-0.407,0.0
2026-06-18,PXLW,6.45,6.39,6.55,6.22,65266,414980.0,5.18,0.31,0.02,1.03
2026-06-18,PXS,4.37,4.38,4.6,4.32,64967,291341.0,6.38,-0.23,-0.01,0.63
2026-06-18,PY,53.78,53.71,53.88,53.705,11128,598162.0,0.33,-0.05,-0.025,0.0
2026-06-18,PYLD,26.48,26.46,26.5,26.45,3115017,82451635.0,0.19,0.23,0.06,0.0
2026-06-18,PYPD,4.562,4.74,4.83,4.56,101277,474847.0,5.92,3.95,0.18,0.53
2026-06-18,PYPG,4.93,4.995,5.07,4.815,574825,2865562.0,5.2,1.79,0.088,0.0
2026-06-18,PYPL,42.2,42.51,42.816,41.65,27215235,1156010864.0,2.77,1.02,0.43,3.09
2026-06-18,PYPU,22.05,21.953,22.05,21.81,2175,47677.0,1.11,1.88,0.406,0.0
2026-06-18,PYPY,24.6,24.733,24.89,24.33,27997,691079.0,2.26,0.03,0.007,0.0
2026-06-18,PYT,23.54,23.54,23.54,23.54,1000,23540.0,0.0,1.29,0.3,0.0
2026-06-18,PYXS,1.9,2.03,2.07,1.9,668652,1347165.0,8.95,6.84,0.13,1.06
2026-06-18,PYZ,130.22,130.173,130.22,129.67,5218,677551.0,0.42,-0.25,-0.321,0.0
2026-06-18,PZA,23.45,23.49,23.49,23.43,1054226,24750421.0,0.26,0.43,0.1,0.0
2026-06-18,PZG,1.28,1.24,1.33,1.2,832142,1044120.0,10.24,-2.36,-0.03,0.97
2026-06-18,PZIV,28.36,28.379,28.43,28.36,3211,91232.0,0.25,-0.24,-0.068,0.0
2026-06-18,PZLV,28.23,28.097,28.23,28.097,610,17187.0,0.47,-0.34,-0.095,0.0
2026-06-18,PZT,22.56,22.634,22.66,22.56,18871,426723.0,0.44,0.37,0.084,0.0
2026-06-18,PZZA,35.97,36.47,37.87,35.65,1501311,54965357.0,6.1,0.14,0.05,4.56
2026-06-18,Q,160.45,168.98,170.07,159.5,5672908,952131936.0,6.74,7.82,12.26,2.71
2026-06-18,QABA,64.61,64.235,64.61,64.06,17068,1098617.0,0.86,0.87,0.554,0.0
2026-06-18,QADR,9.9,9.9,9.9,9.9,39,388.0,0.0,0.0,0.0,0.0
2026-06-18,QADRU,10.02,10.02,10.02,10.02,128,1280.0,0.0,0.0,0.0,0.0
2026-06-18,QAI,36.75,36.73,36.79,36.675,43701,1605389.0,0.32,0.77,0.28,0.0
2026-06-18,QALT,26.46,26.525,26.525,26.44,6280,166361.0,0.32,0.6,0.158,0.0
2026-06-18,QARP,64.79,64.933,64.933,64.77,2453,159066.0,0.25,0.39,0.255,0.0
2026-06-18,QAT,18.53,18.559,18.64,18.46,15283,283788.0,0.97,0.32,0.059,0.0
2026-06-18,QB,46.83,46.97,47.09,46.77,7152,335285.0,0.69,1.27,0.591,0.0
2026-06-18,QBER,23.88,23.77,23.88,23.76,6917,164856.0,0.5,-0.29,-0.068,0.0
2026-06-18,QBF,16.06,15.815,16.06,15.715,1664,26297.0,2.14,-1.68,-0.271,0.0
2026-06-18,QBIF,25.99,25.99,25.99,25.99,2,52.0,0.0,0.23,0.06,0.0
2026-06-18,QBIG,39.59,40.135,40.135,39.484,6607,262544.0,1.65,1.98,0.779,0.0
2026-06-18,QBIV,26.88,26.88,26.88,26.74,10780,289217.0,0.52,0.34,0.09,0.0
2026-06-18,QBKF,26.055,26.055,26.055,26.055,2,64.0,0.0,0.03,0.009,0.0
2026-06-18,QBKV,27.489,27.475,27.49,27.475,6200,170436.0,0.06,1.34,0.363,0.0
2026-06-18,QBQF,25.925,25.925,25.925,25.925,2,70.0,0.0,0.06,0.015,0.0
2026-06-18,QBQV,26.98,26.98,26.98,26.98,180,4856.0,0.0,0.11,0.03,0.0
2026-06-18,QBSF,26.94,26.94,26.97,26.94,508,13688.0,0.11,0.07,0.02,0.0
2026-06-18,QBSV,26.61,26.59,26.61,26.56,1113,29575.0,0.19,0.08,0.02,0.0
2026-06-18,QBTS,23.66,24.69,24.71,22.541,31044253,741639824.0,9.46,7.72,1.77,8.46
2026-06-18,QBTX,14.99,16.16,16.23,13.61,1888849,28596527.0,18.49,14.04,1.99,0.0
2026-06-18,QBTZ,4.24,3.82,4.65,3.805,4843613,20165926.0,18.69,-15.49,-0.7,0.0
2026-06-18,QBUF,30.73,30.725,30.73,30.7,30184,927278.0,0.1,0.08,0.025,0.0
2026-06-18,QBUL,24.21,24.176,24.21,24.176,280,6778.0,0.14,0.29,0.071,0.0
2026-06-18,QBY,8.24,8.301,8.301,8.15,6872,56535.0,1.8,-1.01,-0.085,0.0
2026-06-18,QCAP,24.88,24.898,24.92,24.87,3952,98392.0,0.2,0.68,0.167,0.0
2026-06-18,QCJA,23.301,23.32,23.34,23.22,97830,2278697.0,0.52,0.52,0.12,0.0
2026-06-18,QCJL,24.99,24.995,24.995,24.97,8160,203881.0,0.1,0.2,0.05,0.0
2026-06-18,QCLN,62.99,64.24,64.32,62.2,322701,20393398.0,3.47,5.26,3.21,0.0
2026-06-18,QCLR,28.755,28.885,28.93,28.755,20727,598213.0,0.61,0.1,0.03,0.0
2026-06-18,QCLS,3.97,4.02,4.07,3.82,302209,1204586.0,6.48,4.15,0.16,3.85
2026-06-18,QCMD,14.21,13.787,14.21,13.725,3987,55421.0,3.33,-5.44,-0.793,0.0
2026-06-18,QCML,28.98,30.31,31.2,27.5,3176041,94141040.0,13.73,12.47,3.36,0.0
2026-06-18,QCMU,35.85,37.8,38.8,34.26,329512,12219090.0,13.52,12.57,4.22,0.0
2026-06-18,QCOC,23.83,23.885,23.885,23.83,8085,192856.0,0.23,0.48,0.115,0.0
2026-06-18,QCOM,220.71,226.11,229.42,214.73,47081544,10604014848.0,6.9,6.17,13.14,4.47
2026-06-18,QCRH,95.43,94.96,96.35,94.43,139116,13231157.0,2.03,0.45,0.43,0.84
2026-06-18,QDEC,35.51,35.58,35.65,35.51,13358,475172.0,0.4,0.68,0.24,0.0
2026-06-18,QDEF,87.1,86.637,87.1,86.5,6807,589663.0,0.69,0.16,0.14,0.0
2026-06-18,QDEL,13.33,13.67,13.73,13.125,2150325,29120792.0,4.61,4.11,0.54,3.15
2026-06-18,QDF,89.53,89.34,89.78,89.3,15366,1375035.0,0.54,0.46,0.411,0.0
2026-06-18,QDIV,36.92,36.781,36.92,36.781,311,11511.0,0.38,-0.17,-0.061,0.0
2026-06-18,QDPL,45.78,45.73,45.79,45.49,135010,6160955.0,0.66,0.88,0.4,0.0
2026-06-18,QDTE,31.39,31.51,31.54,31.26,545843,17159753.0,0.91,2.14,0.66,0.0
2026-06-18,QDTY,42.43,42.69,42.69,42.15,18869,800351.0,1.3,2.62,1.088,0.0
2026-06-18,QDVO,30.0,29.93,30.0,29.65,147942,4408005.0,1.18,1.01,0.3,0.0
2026-06-18,QEFA,96.33,96.132,96.42,95.89,12537,1205668.0,0.55,0.1,0.098,0.0
2026-06-18,QEMM,82.09,82.117,82.22,82.09,6118,502693.0,0.16,1.53,1.234,0.0
2026-06-18,QETA,12.76,11.7,12.76,11.42,6141,73722.0,11.19,-2.26,-0.27,0.16
2026-06-18,QETAU,11.89,11.7,12.18,11.7,2647,31476.0,4.04,-1.43,-0.17,0.0
2026-06-18,QETH,17.32,16.97,17.33,16.725,17046,289150.0,3.51,-1.62,-0.28,0.0
2026-06-18,QEW,30.24,30.157,30.24,30.035,18201,548991.0,0.69,1.88,0.557,0.0
2026-06-18,QFHD,26.156,26.156,26.156,26.156,1,26.0,0.0,0.07,0.019,0.0
2026-06-18,QFIN,15.04,15.21,15.545,14.95,1727213,26391458.0,3.96,1.2,0.18,1.42
2026-06-18,QFLR,36.39,36.32,36.39,36.13,70783,2566549.0,0.73,1.77,0.63,0.0
2026-06-18,QFRD,27.187,27.187,27.187,27.187,30,824.0,0.0,0.79,0.212,0.0
2026-06-18,QGEN,36.24,36.95,37.06,36.19,1964098,72331930.0,2.38,1.01,0.37,0.95
2026-06-18,QGRD,30.495,30.618,30.65,30.495,2721,83234.0,0.52,2.24,0.67,0.0
2026-06-18,QGRO,117.89,117.48,117.89,117.182,54678,6422069.0,0.61,1.21,1.41,0.0
2026-06-18,QGRW,66.02,66.26,66.46,65.53,782022,51820156.0,1.43,1.92,1.25,0.0
2026-06-18,QH,11.06,11.31,12.81,9.32,582397,6600564.0,33.17,7.51,0.79,17.88
2026-06-18,QHDG,30.19,30.215,30.215,30.02,25526,769441.0,0.65,0.03,0.01,0.0
2026-06-18,QHY,45.975,46.059,46.08,45.975,12038,554226.0,0.23,0.24,0.109,0.0
2026-06-18,QID,13.74,13.63,13.915,13.55,13110494,179697369.0,2.55,-4.69,-0.67,0.0
2026-06-18,QIDX,11.54,11.567,11.567,11.54,107,1235.0,0.23,0.55,0.063,0.0
2026-06-18,QIG,44.509,44.509,44.509,44.509,72,3228.0,0.0,0.26,0.114,0.0
2026-06-18,QINT,70.03,70.1,70.28,69.91,16919,1184657.0,0.53,-0.03,-0.02,0.0
2026-06-18,QIS,10.685,10.685,10.685,10.685,24,257.0,0.0,1.45,0.153,0.0
2026-06-18,QJN,24.924,24.924,24.924,24.924,2,50.0,0.0,1.28,0.314,0.0
2026-06-18,QJUN,33.83,33.83,33.83,33.75,276897,9362542.0,0.24,0.1,0.035,0.0
2026-06-18,QLC,89.9,89.68,89.9,89.53,42496,3811232.0,0.42,0.65,0.58,0.0
2026-06-18,QLD,97.265,97.91,98.45,96.07,3727218,362638432.0,2.54,4.65,4.35,0.0
2026-06-18,QLDY,46.98,47.302,47.38,46.75,49993,2352580.0,1.37,2.69,1.241,0.0
2026-06-18,QLEP_U,10.0,10.025,10.05,10.0,3212888,32131441.0,0.5,0.25,0.025,0.0
2026-06-18,QLTA,47.63,47.5,47.634,47.49,229109,10900923.0,0.3,0.23,0.11,0.0
2026-06-18,QLTI,26.8,26.88,26.94,26.8,9284,249616.0,0.53,0.98,0.26,0.0
2026-06-18,QLTY,41.2,41.12,41.2,40.95,333721,13718231.0,0.61,0.81,0.33,0.0
2026-06-18,QLV,74.6,74.386,74.6,74.12,5288,393049.0,0.64,-0.49,-0.366,0.0
2026-06-18,QLVD,32.32,32.361,32.39,32.32,1101,35650.0,0.21,-1.67,-0.548,0.0
2026-06-18,QLVE,34.831,34.831,34.831,34.831,6,205.0,0.0,1.64,0.563,0.0
2026-06-18,QLYS,111.75,111.3,112.41,107.96,1294837,144007338.0,3.97,-0.78,-0.88,3.68
2026-06-18,QMAG,25.36,25.295,25.36,25.26,2107,53319.0,0.4,0.36,0.09,0.0
2026-06-18,QMAR,37.26,37.205,37.26,37.11,2976,110594.0,0.41,0.7,0.26,0.0
2026-06-18,QMCO,15.49,15.6,16.38,15.09,1312214,20607603.0,8.63,4.35,0.65,8.96
2026-06-18,QMFE,24.23,24.26,24.27,24.17,15291,370476.0,0.41,0.56,0.135,0.0
2026-06-18,QMID,28.88,28.88,28.88,28.88,5,147.0,0.0,0.98,0.28,0.0
2026-06-18,QMMY,26.46,26.499,26.499,26.331,33694,889611.0,0.64,1.22,0.32,0.0
2026-06-18,QMNV,25.16,25.065,25.16,25.02,100605,2520352.0,0.56,0.56,0.14,0.0
2026-06-18,QMOM,79.28,78.817,79.43,78.07,11588,912572.0,1.74,0.63,0.492,0.0
2026-06-18,QNC,3.25,3.24,3.34,2.96,54105377,173831923.0,12.06,2.86,0.09,24.66
2026-06-18,QNCX,0.9,0.945,1.01,0.892,736595,692348.0,13.07,4.65,0.042,4.52
2026-06-18,QNRX,4.63,4.65,4.68,4.5,6555,30324.0,3.9,0.65,0.03,0.33
2026-06-18,QNST,12.82,13.06,13.145,12.634,891093,11587831.0,4.0,2.27,0.29,1.55
2026-06-18,QNT,63.41,69.8,72.74,62.0,5269900,358260400.0,17.12,11.24,7.05,16.04
2026-06-18,QNTM,4.15,3.8,4.15,3.7,166356,635742.0,11.34,-4.28,-0.17,2.6
2026-06-18,QNXT,31.81,31.66,31.81,31.66,967,30751.0,0.48,1.01,0.318,0.0
2026-06-18,QOWZ,33.46,33.549,33.575,33.46,1816,60845.0,0.35,1.31,0.435,0.0
2026-06-18,QPUX,30.685,32.878,32.95,28.0,265971,8217265.0,16.92,12.4,3.628,0.0
2026-06-18,QPX,48.75,48.912,49.01,48.75,711,34745.0,0.54,1.38,0.665,0.0
2026-06-18,QQA,58.0,58.29,58.36,57.6,118775,6899426.0,1.33,2.03,1.16,0.0
2026-06-18,QQDN,22.665,22.665,22.665,22.665,41,943.0,0.0,-3.87,-0.912,0.0
2026-06-18,QQEW,157.26,156.816,157.26,155.82,30877,4835724.0,0.93,1.45,2.246,0.0
2026-06-18,QQH,86.08,86.63,86.825,85.0,81527,7023919.0,2.17,3.12,2.62,0.0
2026-06-18,QQHG,66.551,66.551,66.551,66.551,16,1068.0,0.0,1.56,1.025,0.0
2026-06-18,QQLV,24.323,24.323,24.323,24.323,103,2509.0,0.0,-0.04,-0.01,0.0
2026-06-18,QQMG,51.13,51.343,51.36,51.055,22386,1148362.0,0.61,2.56,1.284,0.0
2026-06-18,QQMY,25.87,25.83,25.87,25.83,103,2664.0,0.16,0.66,0.17,0.0
2026-06-18,QQQ,737.2,740.62,741.82,732.51,50154595,36966248448.0,1.29,2.51,18.11,0.0
2026-06-18,QQQA,87.07,86.952,87.88,86.71,80825,7049925.0,1.4,3.73,3.129,0.0
2026-06-18,QQQD,13.16,13.07,13.305,13.035,196378,2576019.0,2.04,-1.43,-0.19,0.0
2026-06-18,QQQE,121.48,121.68,122.07,121.14,175248,21333117.0,0.78,1.86,2.22,0.0
2026-06-18,QQQG,32.78,32.9,33.0,32.745,58876,1939967.0,0.8,3.05,0.973,0.0
2026-06-18,QQQH,56.13,56.346,56.41,56.0,24788,1392585.0,0.74,1.57,0.872,0.0
2026-06-18,QQQI,56.63,56.75,56.9,56.315,5682016,321894272.0,1.05,1.98,1.1,0.0
2026-06-18,QQQJ,44.63,44.6,44.68,44.11,131556,5844583.0,1.3,1.39,0.61,0.0
2026-06-18,QQQM,303.5,304.52,305.415,301.62,3132446,951463040.0,1.28,2.34,6.95,0.0
2026-06-18,QQQP,235.512,235.512,235.512,235.512,91,21431.0,0.0,4.42,9.962,0.0
2026-06-18,QQQS,42.07,42.426,42.426,41.88,7409,312092.0,1.32,2.54,1.049,0.0
2026-06-18,QQQT,18.92,19.082,19.086,18.894,12625,239912.0,1.03,2.37,0.441,0.0
2026-06-18,QQQU,52.93,53.611,53.615,51.47,53019,2782763.0,4.13,3.26,1.691,0.0
2026-06-18,QQQX,29.86,30.0,30.15,29.79,53573,1608929.0,1.22,1.56,0.46,0.0
2026-06-18,QQQY,24.09,24.31,24.39,24.08,118079,2858591.0,1.3,1.63,0.39,0.0
2026-06-18,QQUP,58.2,60.001,60.001,58.2,3932,231671.0,3.12,3.86,2.23,0.0
2026-06-18,QQWZ,29.39,29.547,29.57,29.39,4851,143086.0,0.62,2.47,0.712,0.0
2026-06-18,QQXL,59.22,60.291,60.291,58.682,2071,124618.0,2.82,5.66,3.232,0.0
2026-06-18,QQXT,96.89,96.816,97.05,96.69,12441,1204717.0,0.37,0.17,0.167,0.0
2026-06-18,QRED,9.93,9.93,9.93,9.93,371,3681.0,0.0,-0.1,-0.01,0.0
2026-06-18,QRED_U,10.17,10.17,10.17,10.17,666,6804.0,0.0,-0.49,-0.05,0.0
2026-06-18,QRFT,69.78,69.788,69.788,69.78,624,43524.0,0.01,1.47,1.009,0.0
2026-06-18,QRHC,1.43,1.34,1.54,1.34,117903,168681.0,14.08,-5.63,-0.08,0.56
2026-06-18,QRMI,15.73,15.73,15.76,15.7,16211,255273.0,0.38,0.41,0.065,0.0
2026-06-18,QRVO,96.4,98.42,98.45,93.68,2487426,242920904.0,5.04,3.98,3.77,2.83
2026-06-18,QS,7.75,8.04,8.08,7.14,85585773,665161376.0,13.62,16.52,1.14,14.8
2026-06-18,QSEA,10.5,10.52,10.52,10.5,753,7909.0,0.19,0.05,0.005,0.01
2026-06-18,QSEAR,0.2,0.209,0.209,0.199,13918,2782.0,5.0,4.5,0.009,0.0
2026-06-18,QSEAU,10.71,10.71,10.71,10.71,2,22.0,0.0,0.0,0.0,0.0
2026-06-18,QSI,0.964,0.999,1.03,0.96,6343780,6305926.0,7.42,5.83,0.055,3.21
2026-06-18,QSIG,48.46,48.41,48.46,48.407,4543,220078.0,0.11,0.15,0.072,0.0
2026-06-18,QSIX,43.96,44.006,44.07,43.86,1196,52552.0,0.49,2.35,1.012,0.0
2026-06-18,QSML,32.047,32.047,32.047,32.047,27,875.0,0.0,1.49,0.471,0.0
2026-06-18,QSOL,7.15,7.0,7.22,6.9,47057,330743.0,4.43,-3.18,-0.23,0.0
2026-06-18,QSPT,34.63,34.81,34.81,34.63,21495,745895.0,0.52,0.88,0.305,0.0
2026-06-18,QSR,74.92,73.44,75.27,73.305,2779327,205383329.0,2.65,-0.98,-0.73,0.8
2026-06-18,QSU,14.07,15.35,15.37,12.32,707955,10267049.0,26.48,33.25,3.83,0.0
2026-06-18,QTAC,27.0,25.673,27.0,25.28,2593,66550.0,6.95,3.75,0.928,0.0
2026-06-18,QTAP,51.095,51.171,51.19,51.095,5394,276062.0,0.19,0.68,0.347,0.0
2026-06-18,QTEC,334.71,335.18,337.19,332.79,145171,48715153.0,1.36,3.34,10.83,0.0
2026-06-18,QTEX,2.31,2.01,2.52,1.99,45631670,104613500.0,27.89,5.79,0.11,96.12
2026-06-18,QTEXW,0.101,0.083,0.14,0.08,127911,13126.0,57.14,-20.95,-0.022,0.0
2026-06-18,QTI,3.67,3.7,3.88,3.655,61746,231099.0,6.18,1.65,0.06,0.47
2026-06-18,QTJA,32.88,32.93,32.93,32.88,1217,40020.0,0.15,0.88,0.288,0.0
2026-06-18,QTJL,42.19,42.215,42.25,42.19,1879,79355.0,0.14,0.15,0.065,0.0
2026-06-18,QTOC,37.88,37.92,37.92,37.86,3220,121924.0,0.16,0.72,0.271,0.0
2026-06-18,QTOP,38.58,38.84,38.895,38.355,84946,3285209.0,1.43,2.83,1.07,0.0
2026-06-18,QTPI,25.65,25.572,25.65,25.47,4625,118330.0,0.71,0.2,0.051,0.0
2026-06-18,QTR,35.37,35.564,35.564,35.37,287,10184.0,0.56,2.44,0.847,0.0
2026-06-18,QTRX,2.97,3.39,3.43,2.95,3071346,9883462.0,16.67,17.71,0.51,6.52
2026-06-18,QTTB,13.15,11.9,13.37,11.7,407796,4965971.0,12.94,-7.82,-1.01,2.4
2026-06-18,QTUM,166.71,167.965,168.5,165.53,595558,99524217.0,1.83,3.39,5.515,0.0
2026-06-18,QTUP,22.04,22.8,23.23,20.845,28787,626141.0,11.2,7.1,1.512,0.0
2026-06-18,QTWO,43.42,42.85,43.42,42.47,1173310,50365335.0,2.17,-2.1,-0.92,1.87
2026-06-18,QUAD,7.53,7.62,7.655,7.46,502259,3812160.0,2.59,1.33,0.1,1.31
2026-06-18,QUAL,216.26,215.89,216.718,215.67,1821852,393754448.0,0.49,0.67,1.44,0.0
2026-06-18,QUBT,10.23,10.76,10.81,9.88,21444480,223954652.0,9.52,10.13,0.99,9.51
2026-06-18,QUBX,12.63,13.7,13.9,11.75,497541,6390844.0,18.65,18.82,2.17,0.0
2026-06-18,QUCY,1.93,1.76,1.99,1.71,1786273,3224365.0,14.74,-7.37,-0.14,7.85
2026-06-18,QUIK,21.37,21.9,22.15,20.56,465630,10003550.0,7.62,4.99,1.04,2.55
2026-06-18,QUIZ,29.33,29.429,29.445,29.327,10035,294976.0,0.4,0.68,0.199,0.0
2026-06-18,QUMS,10.23,10.23,10.23,10.23,85,876.0,0.0,0.0,0.0,0.0
2026-06-18,QUMSR,0.161,0.161,0.161,0.161,560,115.0,0.0,0.0,0.0,0.0
2026-06-18,QURE,48.875,46.29,50.08,45.76,4859906,228086959.0,8.97,-3.88,-1.87,7.71
2026-06-18,QUS,184.99,183.85,184.99,183.72,11252,2070966.0,0.69,0.08,0.15,0.0
2026-06-18,QUSA,18.74,18.771,18.8,18.7,14724,276010.0,0.54,1.05,0.195,0.0
2026-06-18,QVAL,55.52,55.445,55.65,55.36,37783,2096745.0,0.53,0.45,0.25,0.0
2026-06-18,QVML,44.32,44.398,44.398,44.25,7767,344202.0,0.34,1.26,0.552,0.0
2026-06-18,QVMM,35.41,35.549,35.549,35.41,1088,38572.0,0.4,1.18,0.413,0.0
2026-06-18,QVMS,33.92,33.906,34.0,33.809,20407,692127.0,0.57,1.88,0.626,0.0
2026-06-18,QVMT,69.06,68.588,69.06,68.585,9237,634824.0,0.7,0.9,0.614,0.0
2026-06-18,QVOL,104.485,105.834,105.88,104.485,11409,1204181.0,1.36,3.38,3.456,0.0
2026-06-18,QVOY,31.03,31.182,31.182,31.03,2237,69579.0,0.49,1.54,0.472,0.0
2026-06-18,QWLD,150.62,150.852,151.19,150.62,5726,864400.0,0.38,0.29,0.43,0.0
2026-06-18,QXL,6.1,6.35,6.85,6.02,385041,2436230.0,14.77,12.99,0.73,2.89
2026-06-18,QXO,17.07,17.76,17.86,16.99,16064300,282510624.0,5.31,7.25,1.2,2.21
2026-06-18,QXO_B,48.88,50.41,50.44,48.49,59800,2971771.0,4.1,5.99,2.85,0.5
2026-06-18,QXQ,32.54,32.917,32.95,32.54,12775,419700.0,1.28,2.49,0.799,0.0
2026-06-18,QYLD,18.37,18.52,18.54,18.345,10628710,196232843.0,1.08,2.43,0.44,0.0
2026-06-18,QYLG,30.38,30.61,30.725,30.226,45835,1396528.0,1.67,2.51,0.749,0.0
2026-06-18,R,268.94,263.37,271.51,262.86,604180,160012955.0,3.25,-1.03,-2.73,1.56
2026-06-18,RA,12.57,12.65,12.67,12.56,190802,2410211.0,0.88,0.64,0.08,0.0
2026-06-18,RAA,29.897,29.809,29.897,29.7,43450,1292994.0,0.67,0.68,0.201,0.0
2026-06-18,RAAA,25.095,25.095,25.095,25.095,941,23617.0,0.0,0.06,0.015,0.0
2026-06-18,RAAQ,10.55,10.47,10.55,10.44,1458638,15269887.0,1.05,-0.38,-0.04,8.46
2026-06-18,RAAQW,3.0,3.05,3.29,2.745,88556,268660.0,19.19,7.39,0.21,0.0
2026-06-18,RAAR,50.81,50.77,50.81,50.77,335,17019.0,0.08,0.0,0.0,0.0
2026-06-18,RAAX,40.25,40.03,40.485,39.8,363313,14529726.0,1.71,0.13,0.05,0.0
2026-06-18,RAC,10.43,10.45,10.45,10.43,4755,49607.0,0.19,0.0,0.0,0.02
2026-06-18,RACC,11.1,10.41,11.1,10.385,5272,55058.0,6.86,-0.1,-0.01,0.07
2026-06-18,RACE,357.08,362.13,363.09,356.84,476420,171953305.0,1.76,2.22,7.85,0.27
2026-06-18,RACK,53.57,53.88,54.29,53.145,82456,4446734.0,2.2,3.5,1.82,0.0
2026-06-18,RADX,4.36,4.45,4.54,4.3,17176,76105.0,5.44,0.79,0.035,0.15
2026-06-18,RAFE,47.67,47.475,47.68,47.44,133138,6336315.0,0.51,0.41,0.195,0.0
2026-06-18,RAIL,9.31,9.32,9.625,9.205,255122,2389570.0,4.56,1.08,0.1,1.33
2026-06-18,RAIN,2.32,2.06,2.62,1.96,184849,436385.0,30.28,-5.5,-0.12,2.27
2026-06-18,RAINW,0.21,0.21,0.215,0.193,37761,7914.0,11.4,8.81,0.017,0.0
2026-06-18,RAL,68.9,68.18,69.515,67.62,2068334,141010439.0,2.82,1.41,0.95,1.85
2026-06-18,RAMP,37.69,37.74,37.74,37.63,1542498,58171788.0,0.29,0.35,0.13,2.57
2026-06-18,RAND,10.448,10.276,10.448,10.276,1161,12015.0,1.66,-0.67,-0.069,0.04
2026-06-18,RANG,10.62,10.62,10.62,10.62,2,26.0,0.0,0.0,0.0,0.0
2026-06-18,RANGR,0.288,0.288,0.288,0.288,200,58.0,0.0,0.0,0.0,0.0
2026-06-18,RANI,0.767,0.782,0.79,0.767,308786,240088.0,3.01,2.22,0.017,0.27
2026-06-18,RAPP,37.75,37.34,38.125,36.46,355436,13267472.0,4.52,1.27,0.47,0.74
2026-06-18,RARE,27.54,27.44,28.18,27.31,3562450,98287695.0,3.23,1.97,0.53,3.62
2026-06-18,RAUS,29.31,29.332,29.39,29.18,15350,449673.0,0.72,1.19,0.344,0.0
2026-06-18,RAVE,3.25,3.36,3.43,3.2,54577,182717.0,7.08,3.38,0.11,0.38
2026-06-18,RAVI,75.29,75.31,75.337,75.29,44166,3324571.0,0.06,0.04,0.03,0.0
2026-06-18,RAY,3.1,2.97,3.1,2.97,10124,32285.0,3.89,-11.08,-0.37,0.34
2026-06-18,RAYA,3.0,2.97,3.12,2.93,25772,77477.0,6.15,-3.88,-0.12,2.56
2026-06-18,RAYJ,41.0,41.005,41.005,41.0,366,15007.0,0.01,0.55,0.225,0.0
2026-06-18,RB,46.95,46.95,46.95,46.95,65,3048.0,0.0,0.66,0.31,0.0
2026-06-18,RBA,107.87,110.57,110.62,107.19,1483600,163124448.0,3.19,3.03,3.25,0.8
2026-06-18,RBB,25.25,25.48,25.685,25.0,283792,7209324.0,2.74,2.08,0.52,1.68
2026-06-18,RBBN,2.595,2.56,2.64,2.505,1160864,2963627.0,5.27,0.0,0.0,0.66
2026-06-18,RBC,635.7,639.18,640.02,628.808,529447,337167152.0,1.79,2.15,13.45,1.67
2026-06-18,RBCAA,85.49,84.76,85.95,84.55,268367,22796239.0,1.65,0.08,0.07,1.54
2026-06-18,RBIL,49.87,49.897,49.91,49.87,17000,848023.0,0.08,0.06,0.032,0.0
2026-06-18,RBKB,17.14,17.59,17.85,17.14,149799,2632749.0,4.18,3.53,0.6,1.34
2026-06-18,RBLD,90.03,89.878,90.03,89.765,1264,113733.0,0.3,1.12,0.998,0.0
2026-06-18,RBLU,7.29,8.23,8.658,7.29,362952,2995067.0,19.03,14.46,1.04,0.0
2026-06-18,RBLX,48.97,51.53,53.02,48.16,21821977,1126457744.0,10.12,7.31,3.51,3.25
2026-06-18,RBLY,13.0,13.57,13.84,12.88,18002,240851.0,7.41,4.71,0.61,0.0
2026-06-18,RBNE,0.775,0.7,0.778,0.691,654279,475121.0,11.17,-10.14,-0.079,9.96
2026-06-18,RBRK,69.19,70.22,70.49,66.37,7232142,505929152.0,5.95,1.42,0.98,4.49
2026-06-18,RBUF,31.11,31.07,31.11,31.07,6742,209551.0,0.13,0.15,0.045,0.0
2026-06-18,RC,1.7,1.75,1.79,1.7,2470779,4317401.0,5.42,5.42,0.09,1.5
2026-06-18,RCAT,11.315,11.44,11.575,10.73,22981900,259667949.0,7.54,2.14,0.24,15.67
2026-06-18,RCAX,7.18,7.3,7.46,6.41,1369823,9405048.0,14.94,3.84,0.27,0.0
2026-06-18,RCD,22.53,22.61,22.7,22.48,4373,98838.0,0.98,0.53,0.12,0.0
2026-06-18,RCEL,4.01,4.01,4.08,3.92,224398,895220.0,4.06,1.78,0.07,0.73
2026-06-18,RCG,2.81,2.805,2.85,2.805,2444,6887.0,1.62,0.86,0.024,0.0
2026-06-18,RCGE,29.349,29.349,29.349,29.349,3,91.0,0.0,-0.07,-0.022,0.0
2026-06-18,RCI,37.16,37.57,37.64,37.11,1381645,51838592.0,1.43,1.1,0.41,0.32
2026-06-18,RCKT,3.28,3.35,3.38,3.19,11287223,37547237.0,6.01,6.01,0.19,10.34
2026-06-18,RCKY,40.73,41.67,42.35,40.25,54455,2250896.0,5.25,4.18,1.67,0.72
2026-06-18,RCL,310.56,312.51,315.91,308.1,3662798,1146108064.0,2.59,3.66,11.04,1.37
2026-06-18,RCLO,24.96,24.945,24.96,24.94,1605,40042.0,0.08,0.0,0.0,0.0
2026-06-18,RCLR,50.565,50.555,50.565,50.555,2000,101130.0,0.02,0.06,0.03,0.0
2026-06-18,RCMT,26.24,26.38,26.8,25.61,97400,2570297.0,4.61,2.21,0.57,1.37
2026-06-18,RCON,0.52,0.527,0.56,0.502,40022,21524.0,11.58,5.19,0.026,0.06
2026-06-18,RCS,5.46,5.36,5.495,5.36,93091,504573.0,2.47,-2.01,-0.11,0.0
2026-06-18,RCT,0.617,0.621,0.63,0.605,145187,90274.0,3.99,-0.96,-0.006,0.24
2026-06-18,RCTR,35.08,35.414,35.59,35.08,1086,38331.0,1.45,0.7,0.247,0.0
2026-06-18,RCUS,24.5,24.31,24.835,23.797,2309066,56096778.0,4.3,0.79,0.19,1.84
2026-06-18,RC_C,12.26,12.26,12.26,12.26,1250,15334.0,0.0,-3.62,-0.46,0.37
2026-06-18,RC_E,12.36,12.48,12.65,12.36,5401,67334.0,2.31,-0.56,-0.07,0.12
2026-06-18,RDAC,6.0,5.7,6.2,5.5,2974,17133.0,12.03,-2.06,-0.12,0.05
2026-06-18,RDACR,0.06,0.06,0.06,0.06,393,40.0,0.0,0.0,0.0,0.0
2026-06-18,RDAG,10.35,10.32,10.35,10.32,29104,300362.0,0.29,-0.29,-0.03,0.1
2026-06-18,RDAGW,0.415,0.375,0.43,0.375,3054,1164.0,14.67,0.0,0.0,0.0
2026-06-18,RDCM,12.77,12.76,13.05,12.11,393079,4953078.0,7.54,2.33,0.29,2.35
2026-06-18,RDDT,169.0,174.96,176.22,165.88,5337416,919584800.0,6.23,5.43,9.01,3.76
2026-06-18,RDFI,23.42,23.4,23.42,23.395,3173,74290.0,0.11,0.18,0.041,0.0
2026-06-18,RDGT,1.39,1.4,1.49,1.39,214917,306359.0,7.35,2.94,0.04,23.91
2026-06-18,RDHL,0.792,0.814,0.865,0.78,677965,547753.0,10.83,3.69,0.029,13.06
2026-06-18,RDI,1.28,1.25,1.28,1.245,35044,44261.0,2.69,-3.85,-0.05,0.17
2026-06-18,RDIB,8.8,8.8,8.8,8.8,763,6700.0,0.0,-5.38,-0.5,0.05
2026-06-18,RDIV,57.87,57.64,57.92,57.595,1131321,65613193.0,0.56,-0.14,-0.08,0.0
2026-06-18,RDN,35.03,34.7,35.095,34.575,2807044,97559609.0,1.49,-0.52,-0.18,2.11
2026-06-18,RDNT,53.55,53.74,55.95,52.875,2522418,135982659.0,5.82,1.74,0.92,3.21
2026-06-18,RDNW,7.5,7.53,7.59,7.23,96964,720015.0,4.86,1.62,0.12,0.25
2026-06-18,RDOG,40.46,40.313,40.46,40.313,355,14366.0,0.36,-0.76,-0.307,0.0
2026-06-18,RDTE,29.03,29.17,29.2,28.754,66458,1925847.0,1.56,2.1,0.6,0.0
2026-06-18,RDTL,20.29,21.46,21.83,19.42,491899,10041321.0,12.36,10.05,1.96,0.0
2026-06-18,RDTY,38.16,38.38,38.38,37.85,7666,292087.0,1.41,2.31,0.867,0.0
2026-06-18,RDVI,29.04,28.87,29.07,28.85,819368,23732555.0,0.77,0.7,0.2,0.0
2026-06-18,RDVT,56.34,55.1,56.51,54.205,226888,12545093.0,4.15,-0.72,-0.4,1.61
2026-06-18,RDVY,79.54,79.15,79.77,79.11,1419545,112654782.0,0.84,0.84,0.66,0.0
2026-06-18,RDW,14.09,14.35,14.38,13.26,46785421,655792768.0,7.8,-0.07,-0.01,19.59
2026-06-18,RDWR,27.94,27.1,27.94,26.445,1396458,37814479.0,5.47,-0.84,-0.23,3.32
2026-06-18,RDWU,13.84,14.19,14.26,12.05,2565284,33685553.0,15.4,-1.11,-0.16,0.0
2026-06-18,RDY,13.3,13.29,13.36,13.205,2007810,26630060.0,1.18,1.06,0.14,0.24
2026-06-18,RDYY,20.29,20.6,20.71,19.9,22415,454214.0,4.0,1.83,0.37,0.0
2026-06-18,RDZN,1.63,1.66,1.67,1.6,425889,697994.0,4.4,4.4,0.07,0.5
2026-06-18,RDZNW,0.185,0.18,0.188,0.166,17550,3025.0,11.89,-2.7,-0.005,0.0
2026-06-18,REA,17.47,17.07,18.98,17.01,292105,5084908.0,11.14,-3.45,-0.61,1.47
2026-06-18,REAI,21.173,21.173,21.173,21.173,21,455.0,0.0,-0.35,-0.074,0.0
2026-06-18,REAL,11.86,12.45,12.71,11.84,6351100,79037112.0,7.64,9.31,1.06,5.27
2026-06-18,REAX,1.74,1.76,1.795,1.71,3189645,5623721.0,4.97,2.92,0.05,1.49
2026-06-18,REBN,1.61,1.61,1.715,1.5,111929,176846.0,13.44,0.63,0.01,1.36
2026-06-18,RECS,43.41,43.25,43.44,43.175,310931,13458424.0,0.62,0.46,0.2,0.0
2026-06-18,RECT,1.3,1.28,1.32,1.27,2950,3805.0,3.79,-2.96,-0.039,0.02
2026-06-18,REE,0.353,0.23,0.353,0.182,856600,240562.0,49.28,-33.72,-0.117,2.94
2026-06-18,REED,1.42,1.35,1.76,1.305,52183,79638.0,31.38,-6.9,-0.1,0.44
2026-06-18,REET,27.15,27.06,27.21,27.02,1114970,30242500.0,0.7,0.15,0.04,0.0
2026-06-18,REFI,11.37,11.45,11.45,11.236,320151,3653493.0,1.93,3.06,0.34,1.51
2026-06-18,REFR,0.641,0.6,0.662,0.6,65348,41597.0,9.67,-6.4,-0.041,0.19
2026-06-18,REG,77.83,76.88,77.83,76.69,1669621,128804063.0,1.47,-0.63,-0.49,0.91
2026-06-18,REGCO,22.5,22.48,22.5,22.45,1404,31657.0,0.22,-0.53,-0.12,0.03
2026-06-18,REGCP,23.39,23.39,23.39,23.39,76,1785.0,0.0,0.0,0.0,0.0
2026-06-18,REGL,89.95,90.01,90.31,89.7,90001,8093864.0,0.68,0.52,0.47,0.0
2026-06-18,REGN,612.07,609.94,616.24,598.19,2609258,1587192224.0,2.97,0.33,2.01,2.53
2026-06-18,REGS,11.27,11.344,11.344,11.27,754,8535.0,0.66,1.39,0.155,0.0
2026-06-18,REI,1.14,1.14,1.155,1.12,8134221,9239836.0,3.04,-0.87,-0.01,3.2
2026-06-18,REIT,29.72,29.674,29.848,29.64,10207,303501.0,0.7,-0.2,-0.06,0.0
2026-06-18,REK,15.8,15.94,15.94,15.8,1196,18978.0,0.88,0.26,0.042,0.0
2026-06-18,REKR,0.702,0.706,0.727,0.702,9465317,6702987.0,3.57,0.71,0.005,6.88
2026-06-18,RELL,18.11,18.6,18.71,17.84,168679,3091454.0,4.99,6.59,1.15,1.35
2026-06-18,RELX,31.28,31.18,31.4,31.04,2296540,71722776.0,1.12,-2.59,-0.83,0.13
2026-06-18,RELY,20.73,21.1,21.175,20.46,7112136,149413764.0,3.5,3.28,0.67,3.38
2026-06-18,REM,21.45,21.45,21.52,21.37,520114,11154312.0,0.7,0.56,0.12,0.0
2026-06-18,REMC,21.802,21.802,21.802,21.802,1,2.0,0.0,0.26,0.057,0.0
2026-06-18,REMG,38.5,38.659,38.701,38.32,7531,290150.0,1.02,3.03,1.136,0.0
2026-06-18,REMX,96.72,95.55,97.2,94.81,892500,85401878.0,2.49,-0.51,-0.49,0.0
2026-06-18,RENT,3.4,3.4,3.53,3.354,88878,304546.0,5.19,0.29,0.01,0.26
2026-06-18,RENX,1.78,1.78,1.82,1.73,119877,212608.0,5.0,-1.11,-0.02,4.59
2026-06-18,REPL,9.985,10.19,10.44,9.905,2571739,26075405.0,5.35,1.9,0.19,3.11
2026-06-18,REPX,33.32,32.82,33.415,32.1,665810,21731957.0,3.92,-2.06,-0.69,3.07
2026-06-18,RERE,3.95,3.92,4.0,3.82,937699,3658798.0,4.53,-1.26,-0.05,0.71
2026-06-18,RES,6.56,6.58,6.61,6.4,3303593,21640646.0,3.16,-1.05,-0.07,1.49
2026-06-18,RESM,23.698,23.698,23.698,23.698,2,47.0,0.0,1.54,0.36,0.0
2026-06-18,RETL,8.34,8.68,8.77,8.34,671200,5787130.0,5.27,6.37,0.52,0.0
2026-06-18,RETO,2.54,2.64,2.64,2.54,2037,5300.0,3.69,-2.58,-0.07,0.06
2026-06-18,REVB,1.08,0.98,1.1,0.98,66385,68324.0,11.21,-8.41,-0.09,1.7
2026-06-18,REVBW,0.008,0.009,0.009,0.006,51275,371.0,25.0,-25.0,-0.003,0.0
2026-06-18,REVS,31.78,31.626,31.78,31.595,16307,516322.0,0.59,0.25,0.078,0.0
2026-06-18,REW,11.658,11.49,11.78,11.445,17837,206979.0,2.73,-6.2,-0.76,0.0
2026-06-18,REX,43.58,43.84,43.96,42.86,490888,21467714.0,2.54,1.32,0.57,1.49
2026-06-18,REXC,21.16,20.866,21.16,20.59,95467,1980738.0,2.73,-0.16,-0.034,0.0
2026-06-18,REXR,32.95,33.12,33.425,32.81,5435433,180070175.0,1.89,2.0,0.65,2.41
2026-06-18,REXR_B,22.58,22.6,22.75,22.58,851,19268.0,0.75,-0.4,-0.09,0.03
2026-06-18,REXR_C,21.8,21.8,21.8,21.8,308,6694.0,0.0,-0.64,-0.14,0.01
2026-06-18,REYN,23.39,23.87,23.92,23.305,1512124,36022185.0,2.64,2.31,0.54,0.72
2026-06-18,REZ,89.89,89.09,89.89,88.91,25207,2252663.0,1.1,0.06,0.05,0.0
2026-06-18,REZI,30.82,31.91,31.91,30.82,1946022,61765110.0,3.58,4.93,1.5,1.29
2026-06-18,RF,29.08,28.62,29.08,28.485,21172172,606565648.0,2.08,-0.1,-0.03,2.48
2026-06-18,RFAI,11.02,11.02,11.02,11.02,7016,77316.0,0.0,0.0,0.0,0.2
2026-06-18,RFAIR,0.095,0.095,0.095,0.095,238,22.0,0.0,0.0,0.0,0.0
2026-06-18,RFAIU,11.06,11.06,11.06,11.06,1,12.0,0.0,0.0,0.0,0.0
2026-06-18,RFAM,9.9,9.9,9.9,9.9,4,40.0,0.0,0.0,0.0,0.0
2026-06-18,RFAMR,0.121,0.121,0.121,0.121,500,61.0,0.0,10.0,0.011,0.0
2026-06-18,RFAMU,9.99,10.0,10.145,9.99,6827,68360.0,1.55,0.0,0.0,0.0
2026-06-18,RFCI,22.3,22.261,22.3,22.261,557,12423.0,0.17,-0.33,-0.074,0.0
2026-06-18,RFDA,69.62,69.591,69.62,69.56,1037,72221.0,0.09,-0.14,-0.099,0.0
2026-06-18,RFDI,88.229,88.202,88.33,88.202,2143,189230.0,0.15,0.1,0.089,0.0
2026-06-18,RFEM,95.94,96.377,96.377,95.94,2080,200268.0,0.46,0.88,0.842,0.0
2026-06-18,RFFC,74.359,74.359,74.359,74.359,202,15078.0,0.0,0.62,0.461,0.0
2026-06-18,RFG,63.65,64.1,64.1,63.65,2933,187113.0,0.71,1.11,0.701,0.0
2026-06-18,RFI,11.05,11.0,11.12,11.0,85837,948629.0,1.09,-0.18,-0.02,0.0
2026-06-18,RFIL,17.1,17.81,17.81,16.6,275600,4748084.0,7.18,5.63,0.95,2.54
2026-06-18,RFIX,40.45,40.32,40.71,39.61,303363,12145670.0,2.73,0.17,0.07,0.0
2026-06-18,RFL,2.58,2.73,2.8,2.47,386380,1022264.0,12.55,3.8,0.1,0.75
2026-06-18,RFLR,31.515,31.7,31.7,31.515,11945,377753.0,0.59,1.25,0.39,0.0
2026-06-18,RFM,14.57,14.6,14.665,14.57,3991,58328.0,0.65,0.41,0.06,0.0
2026-06-18,RFMZ,13.41,13.46,13.5,13.395,46381,624184.0,0.78,0.37,0.05,0.0
2026-06-18,RFV,143.57,142.724,143.57,142.355,3413,487965.0,0.85,0.34,0.484,0.0
2026-06-18,RF_C,24.27,24.34,24.44,24.27,11933,290349.0,0.7,0.12,0.03,0.06
2026-06-18,RF_E,16.04,16.04,16.2,15.95,87907,1407737.0,1.56,0.19,0.03,0.55
2026-06-18,RF_F,25.51,25.59,25.69,25.47,25149,643734.0,0.86,0.04,0.01,0.13
2026-06-18,RGA,212.87,210.54,213.55,208.73,634530,133677213.0,2.28,-0.61,-1.29,0.97
2026-06-18,RGC,14.55,12.01,14.85,11.89,380694,4919945.0,19.97,-18.96,-2.81,0.08
2026-06-18,RGCO,24.42,24.48,24.5,23.82,25699,627575.0,2.86,2.9,0.69,0.25
2026-06-18,RGEF,35.1,35.145,35.145,35.02,3304,115884.0,0.36,1.65,0.572,0.0
2026-06-18,RGEN,131.4,132.02,133.574,127.48,1236920,163214747.0,4.56,-1.15,-1.53,2.19
2026-06-18,RGLD,217.7,214.82,223.2,212.836,1630175,350308496.0,4.74,-1.65,-3.6,1.92
2026-06-18,RGLO,32.66,32.703,32.72,32.53,14957,488448.0,0.58,0.42,0.136,0.0
2026-06-18,RGNT,4.81,4.29,4.84,3.9,991728,4455606.0,19.79,-9.68,-0.46,19.15
2026-06-18,RGNX,8.2,7.8,8.575,7.78,3205429,25537542.0,10.06,-1.27,-0.1,6.2
2026-06-18,RGP,4.25,4.23,4.315,4.22,894518,3794051.0,2.21,-1.4,-0.06,2.61
2026-06-18,RGR,38.59,40.19,40.49,38.59,303014,12121532.0,5.0,5.68,2.16,1.9
2026-06-18,RGS,28.17,27.42,28.17,27.42,7000,194292.0,2.72,-0.51,-0.14,0.28
2026-06-18,RGT,14.64,14.45,14.64,14.38,14176,205661.0,1.8,0.14,0.02,0.0
2026-06-18,RGTI,20.78,21.36,21.48,19.53,35772751,739700880.0,9.63,5.51,1.115,10.76
2026-06-18,RGTIW,9.86,10.35,10.56,9.0,84895,844307.0,16.32,8.26,0.79,0.0
2026-06-18,RGTU,23.0,23.96,24.19,20.11,223643,4908288.0,18.98,11.44,2.46,0.0
2026-06-18,RGTX,22.02,23.13,23.48,19.45,1132677,24293985.0,19.14,9.83,2.07,0.0
2026-06-18,RGTZ,3.44,3.235,3.89,3.19,12695191,44644354.0,19.18,-11.37,-0.415,0.0
2026-06-18,RGYY,8.09,8.23,8.23,7.96,13562,109659.0,3.28,0.0,0.0,0.0
2026-06-18,RH,138.29,148.09,148.47,137.25,1016791,148094550.0,8.27,9.15,12.42,5.38
2026-06-18,RHI,32.35,31.59,32.505,31.14,4964033,156806816.0,4.23,-2.08,-0.67,4.85
2026-06-18,RHLD,129.51,128.76,132.0,126.59,199226,25718435.0,4.21,0.23,0.3,2.41
2026-06-18,RHP,123.52,125.15,126.27,123.52,931645,116530756.0,2.25,2.29,2.8,1.48
2026-06-18,RHRX,22.23,22.357,22.47,22.23,1768,39561.0,1.09,1.55,0.342,0.0
2026-06-18,RHTX,20.042,20.042,20.042,20.042,237,4711.0,0.0,0.7,0.139,0.0
2026-06-18,RIBB,10.75,10.75,10.75,10.75,2,23.0,0.0,0.0,0.0,0.0
2026-06-18,RIBBR,0.35,0.23,0.35,0.23,596,166.0,50.0,-4.17,-0.01,0.0
2026-06-18,RIBBU,11.49,13.75,13.8,11.32,11851,144409.0,19.48,8.01,1.02,0.0
2026-06-18,RICK,27.75,28.27,28.92,27.19,94778,2680556.0,6.29,2.8,0.77,1.24
2026-06-18,RIET,9.45,9.473,9.53,9.45,80000,758384.0,0.85,0.46,0.043,0.0
2026-06-18,RIFR,28.19,28.144,28.325,28.144,1298,36642.0,0.64,-0.23,-0.066,0.0
2026-06-18,RIG,5.55,5.31,5.565,5.14,67158426,353702976.0,7.62,-4.84,-0.27,6.02
2026-06-18,RIGL,33.99,32.91,34.145,32.42,972705,32051288.0,5.17,-1.38,-0.46,5.26
2026-06-18,RIGS,22.775,22.732,22.87,22.66,7246,164751.0,0.92,-0.3,-0.068,0.0
2026-06-18,RILA,11.94,11.93,11.94,11.93,475,5669.0,0.08,1.2,0.141,0.0
2026-06-18,RILY,8.97,9.0,9.11,8.68,1033573,9257605.0,4.89,2.39,0.21,2.57
2026-06-18,RILYG,24.405,24.565,24.565,24.395,8865,216808.0,0.7,0.63,0.155,0.0
2026-06-18,RILYL,16.88,16.85,16.88,16.76,4031,67850.0,0.72,0.6,0.1,0.23
2026-06-18,RILYN,24.94,24.975,24.975,24.94,11294,281889.0,0.14,0.18,0.045,0.0
2026-06-18,RILYP,16.5,16.45,16.5,16.1,5294,86026.0,2.49,2.3,0.37,0.19
2026-06-18,RILYT,21.59,21.5,21.59,21.32,7830,168324.0,1.27,0.75,0.16,0.0
2026-06-18,RILYZ,19.85,19.81,19.91,19.79,49139,975771.0,0.61,0.33,0.065,0.0
2026-06-18,RIME,0.777,0.733,0.777,0.695,480829,351063.0,10.92,-2.4,-0.018,3.12
2026-06-18,RINF,32.44,32.5,32.585,32.44,23258,755840.0,0.45,0.15,0.05,0.0
2026-06-18,RING,73.47,71.35,74.7,70.59,1081494,77590254.0,5.62,-2.37,-1.73,0.0
2026-06-18,RINT,32.0,32.1,32.39,32.0,8500,274728.0,1.22,0.55,0.17,0.0
2026-06-18,RIO,101.62,100.08,101.93,100.05,3000700,301866688.0,1.83,-2.52,-2.59,0.24
2026-06-18,RIOT,28.47,28.1,28.8,27.59,14052815,394690368.0,4.41,2.44,0.67,3.72
2026-06-18,RIOX,64.44,63.34,65.92,61.33,94963,5957397.0,7.59,4.71,2.85,0.0
2026-06-18,RISE,18.77,18.57,18.77,18.5,2241,41789.0,1.45,-0.12,-0.022,0.0
2026-06-18,RISN,30.08,30.14,30.16,30.08,5751,173357.0,0.27,0.87,0.26,0.0
2026-06-18,RISR,36.2,36.195,36.281,36.11,20013,724504.0,0.47,-0.1,-0.035,0.0
2026-06-18,RITA,20.57,20.575,20.575,20.52,7659,157400.0,0.27,-0.09,-0.018,0.0
2026-06-18,RITM,9.31,9.19,9.345,9.16,8655032,79743814.0,2.01,-0.11,-0.01,1.55
2026-06-18,RITM_A,25.35,25.33,25.35,25.33,15542,393885.0,0.08,0.04,0.01,0.37
2026-06-18,RITM_B,25.19,25.13,25.25,25.13,25789,649827.0,0.48,-0.2,-0.05,0.23
2026-06-18,RITM_C,24.61,24.58,24.64,24.58,15569,382965.0,0.24,0.04,0.01,0.1
2026-06-18,RITM_D,25.07,25.16,25.2,25.04,187632,4718236.0,0.64,0.52,0.13,1.01
2026-06-18,RITM_E,24.55,24.48,24.55,24.42,20040,490638.0,0.53,0.12,0.03,0.26
2026-06-18,RITM_F,24.5,24.515,24.558,24.425,28222,691615.0,0.54,-0.1,-0.025,0.28
2026-06-18,RITR,0.55,0.52,0.57,0.485,453283,234285.0,14.03,-14.19,-0.086,0.99
2026-06-18,RIV,11.54,11.55,11.649,11.48,66051,761989.0,1.46,0.09,0.01,0.0
2026-06-18,RIVN,16.455,16.52,16.606,16.03,31711733,518393280.0,3.54,1.6,0.26,2.52
2026-06-18,RIV_A,22.51,22.435,22.51,22.409,2477,55595.0,0.45,0.16,0.035,0.06
2026-06-18,RIZE,24.98,24.98,24.98,24.98,3,75.0,0.0,0.16,0.04,0.0
2026-06-18,RJDI,29.01,28.76,29.01,28.74,22625,651799.0,0.95,0.77,0.22,0.0
2026-06-18,RJET,17.91,18.04,18.35,17.76,99141,1785341.0,3.34,2.21,0.39,0.21
2026-06-18,RJF,159.7,155.86,160.38,155.6,3302824,516779520.0,3.01,-1.83,-2.91,1.69
2026-06-18,RJMI,25.7,25.695,25.72,25.695,14568,374382.0,0.1,0.35,0.09,0.0
2026-06-18,RJVI,25.17,25.045,25.17,25.045,895,22513.0,0.5,0.1,0.025,0.0
2026-06-18,RKDA,0.82,0.777,0.82,0.777,84437,67378.0,5.14,-7.17,-0.06,4.11
2026-06-18,RKLB,108.83,107.24,109.55,100.96,70325989,7487096576.0,7.96,-0.69,-0.74,12.15
2026-06-18,RKLX,53.955,52.45,54.57,46.2,2738380,136426565.0,15.76,-1.24,-0.66,0.0
2026-06-18,RKLZ,2.61,2.67,2.981,2.575,9923725,27745747.0,15.32,0.75,0.02,0.0
2026-06-18,RKNG,29.33,29.802,29.802,29.3,5413,159467.0,1.76,4.5,1.283,0.0
2026-06-18,RKSG,27.03,27.15,27.15,27.03,102,2757.0,0.44,0.54,0.147,0.0
2026-06-18,RKT,13.475,14.42,14.46,13.35,52813670,749705744.0,8.4,9.08,1.2,5.39
2026-06-18,RKTL,10.1,11.29,11.29,10.05,40422,434193.0,12.74,15.97,1.555,0.0
2026-06-18,RKTO,1.08,1.08,1.12,1.0,1887060,1968783.0,10.91,-1.82,-0.02,8.98
2026-06-18,RL,412.23,413.01,418.21,407.08,1135986,469221504.0,2.76,2.27,9.16,3.02
2026-06-18,RLAY,15.99,15.88,16.4,15.82,10738974,171052492.0,3.73,2.06,0.32,5.01
2026-06-18,RLGT,8.82,8.97,9.18,8.771,266267,2390405.0,4.67,2.51,0.22,0.57
2026-06-18,RLI,53.1,53.09,53.22,51.78,1624124,85955323.0,2.73,0.64,0.34,1.77
2026-06-18,RLJ,11.32,11.43,11.475,11.28,2667387,30446338.0,1.76,2.97,0.33,1.76
2026-06-18,RLJ_A,25.06,25.01,25.19,24.83,200644,5015075.0,1.43,-0.38,-0.095,1.56
2026-06-18,RLMD,6.74,6.73,6.84,6.48,4106676,27543516.0,5.45,1.97,0.13,3.92
2026-06-18,RLTY,15.4,15.43,15.55,15.4,32370,501809.0,0.97,0.19,0.03,0.0
2026-06-18,RLX,1.89,1.84,1.93,1.815,5331015,9862730.0,6.02,-3.66,-0.07,0.58
2026-06-18,RLY,35.55,35.37,35.55,35.22,145531,5139526.0,0.93,-0.37,-0.13,0.0
2026-06-18,RLYB,16.02,15.97,16.23,15.79,28972,461475.0,2.76,0.31,0.05,0.55
2026-06-18,RM,37.18,37.2,37.798,37.03,82866,3090000.0,2.08,0.81,0.3,0.9
2026-06-18,RMAX,9.64,9.79,9.995,9.64,525379,5171081.0,3.7,2.09,0.2,2.47
2026-06-18,RMBI,14.8,14.75,14.965,14.64,47240,696903.0,2.21,0.48,0.07,0.45
2026-06-18,RMBS,135.67,141.17,143.01,134.5,4325585,602170736.0,6.54,8.51,11.07,4.0
2026-06-18,RMCA,24.41,24.435,24.45,24.41,3531,86343.0,0.16,0.31,0.075,0.0
2026-06-18,RMCF,1.49,1.51,1.559,1.47,55742,84317.0,6.05,2.72,0.04,0.59
2026-06-18,RMCO,2.52,2.63,2.7,2.38,27991,71766.0,12.75,4.78,0.12,0.18
2026-06-18,RMCOW,0.16,0.19,0.19,0.16,7329,1356.0,22.56,42.86,0.057,0.0
2026-06-18,RMD,188.92,188.63,190.36,187.01,3884969,732625344.0,1.8,1.26,2.34,2.68
2026-06-18,RMI,15.19,15.19,15.4,15.116,26553,404560.0,1.87,0.2,0.03,0.0
2026-06-18,RMIF,24.25,24.27,24.27,24.25,1477,35854.0,0.08,0.17,0.04,0.0
2026-06-18,RMIX,23.77,24.84,25.28,22.0,3558813,88104648.0,14.01,6.06,1.42,7.5
2026-06-18,RMM,14.58,14.59,14.719,14.45,33227,485187.0,1.85,0.55,0.08,0.0
2026-06-18,RMME,100.22,100.23,100.23,100.22,2630,263579.0,0.01,0.01,0.01,0.0
2026-06-18,RMMZ,14.93,14.94,14.94,14.84,2401,35792.0,0.67,0.64,0.095,0.0
2026-06-18,RMNI,4.19,4.16,4.2,4.11,475471,1978935.0,2.19,1.22,0.05,0.51
2026-06-18,RMNY,24.72,24.735,24.74,24.72,2551,63070.0,0.08,0.51,0.125,0.0
2026-06-18,RMOP,25.44,25.465,25.48,25.44,51603,1314007.0,0.16,0.3,0.075,0.0
2026-06-18,RMR,20.54,20.45,20.69,20.315,146908,3007417.0,1.85,0.64,0.13,0.91
2026-06-18,RMRC,25.19,25.149,25.19,25.149,1142,28767.0,0.16,0.24,0.059,0.0
2026-06-18,RMSG,0.62,0.59,0.636,0.569,632364,376970.0,11.15,-1.83,-0.011,12.47
2026-06-18,RMSGW,0.057,0.049,0.058,0.049,1778,99.0,18.0,-2.0,-0.001,0.0
2026-06-18,RMT,14.12,14.22,14.28,14.06,111386,1582598.0,1.57,1.64,0.23,0.0
2026-06-18,RMTI,0.655,0.64,0.66,0.64,223518,144574.0,3.07,-1.69,-0.011,0.57
2026-06-18,RNA,12.83,12.66,12.96,12.2,294100,3724853.0,6.09,1.44,0.18,1.72
2026-06-18,RNAC,10.1,9.63,10.39,9.45,354813,3442533.0,9.51,-2.53,-0.25,1.21
2026-06-18,RNAZ,5.285,4.7,5.45,4.7,31669,159970.0,14.02,-12.15,-0.65,3.33
2026-06-18,RND,31.55,31.75,31.75,31.55,643,20338.0,0.64,1.67,0.52,0.0
2026-06-18,RNEM,55.95,55.89,55.95,55.89,204,11413.0,0.11,0.46,0.257,0.0
2026-06-18,RNG,35.26,35.02,35.79,34.52,2081360,73032760.0,3.57,-1.46,-0.52,2.81
2026-06-18,RNGR,15.1,15.28,15.31,14.725,257661,3887962.0,3.86,0.73,0.11,1.08
2026-06-18,RNGTU,10.2,10.2,10.2,10.2,972,9940.0,0.0,0.0,0.0,0.0
2026-06-18,RNIN,31.49,31.641,31.67,31.49,3707,117015.0,0.57,0.35,0.109,0.0
2026-06-18,RNP,19.97,19.87,20.205,19.86,143012,2860478.0,1.73,-0.25,-0.05,0.0
2026-06-18,RNR,301.64,299.17,304.99,297.56,618079,184998423.0,2.45,-1.27,-3.85,1.45
2026-06-18,RNRG,36.105,36.108,36.21,36.09,2465,89206.0,0.33,0.08,0.028,0.0
2026-06-18,RNR_F,21.22,21.27,21.36,21.22,5793,122740.0,0.66,0.05,0.01,0.06
2026-06-18,RNR_G,15.22,15.13,15.252,15.13,19258,292130.0,0.8,-0.53,-0.08,0.1
2026-06-18,RNST,41.49,41.69,41.97,41.42,1358475,56605227.0,1.33,1.19,0.49,1.47
2026-06-18,RNTX,0.886,0.916,0.93,0.865,2056659,1873601.0,7.51,5.9,0.051,2.4
2026-06-18,RNTY,49.53,49.28,49.76,49.28,6196,307177.0,0.97,-0.31,-0.155,0.0
2026-06-18,RNW,6.19,6.32,6.4,6.155,4866907,30756161.0,3.96,2.1,0.13,1.98
2026-06-18,RNWWW,0.005,0.006,0.006,0.005,35219,173.0,25.0,50.0,0.002,0.0
2026-06-18,RNWZ,29.9,31.0,31.0,29.9,1805,55495.0,3.55,0.05,0.017,0.0
2026-06-18,RNXT,0.91,0.92,0.94,0.889,330616,302430.0,5.72,3.25,0.029,0.73
2026-06-18,ROAD,123.45,122.78,124.375,121.71,758287,93424334.0,2.22,2.1,2.52,1.58
2026-06-18,ROAM,37.51,37.503,37.57,37.46,135027,5063530.0,0.3,2.01,0.74,0.0
2026-06-18,ROBN,35.59,35.7,36.224,32.63,1132150,39236577.0,10.63,5.59,1.89,0.0
2026-06-18,ROBO,85.4,86.0,86.05,85.0,143963,12333153.0,1.25,2.48,2.08,0.0
2026-06-18,ROBT,55.53,55.622,55.65,54.84,50170,2779481.0,1.48,1.71,0.934,0.0
2026-06-18,ROC,4.758,4.51,4.878,4.4,118757,546390.0,10.13,-4.45,-0.21,0.62
2026-06-18,ROCK,41.47,40.9,42.305,40.77,932765,38309437.0,3.79,0.94,0.38,3.14
2026-06-18,ROCQ,57.57,57.71,57.71,57.371,77511,4460539.0,0.6,1.84,1.04,0.0
2026-06-18,ROCY,54.38,54.362,54.57,54.235,60421,3285423.0,0.62,0.94,0.508,0.0
2026-06-18,RODM,41.29,41.04,41.29,40.892,61899,2541299.0,0.97,-0.15,-0.06,0.0
2026-06-18,ROE,42.68,42.548,42.715,42.5,14075,599621.0,0.51,1.08,0.456,0.0
2026-06-18,ROG,161.73,162.68,165.14,160.1,414579,67541419.0,3.18,2.65,4.2,2.32
2026-06-18,ROIV,31.74,31.43,32.11,30.57,8263245,258689908.0,4.94,0.74,0.23,1.15
2026-06-18,ROK,471.13,473.79,475.92,466.61,1154564,546516928.0,2.03,3.29,15.1,1.04
2026-06-18,ROKT,119.65,117.58,119.65,115.26,62857,7327506.0,3.73,-0.18,-0.209,0.0
2026-06-18,ROKU,137.57,138.07,139.7,137.14,24917001,3442283952.0,1.86,0.57,0.78,18.99
2026-06-18,ROL,45.21,44.96,45.36,44.62,5894030,265038310.0,1.64,-0.38,-0.17,1.22
2026-06-18,ROLR,5.86,5.95,5.99,5.57,131913,765518.0,7.19,1.88,0.11,1.2
2026-06-18,ROM,155.74,157.01,157.96,153.88,62785,9804836.0,2.75,5.97,8.84,0.0
2026-06-18,ROMA,9.25,8.165,9.75,7.619,73422,641036.0,24.52,-6.04,-0.525,0.14
2026-06-18,ROMO,33.64,33.813,33.93,33.64,1350,45735.0,0.87,0.93,0.311,0.0
2026-06-18,RONB,25.19,25.0,25.2,24.44,1138489,28202256.0,3.01,-0.91,-0.23,0.0
2026-06-18,ROOT,49.93,51.99,52.95,48.5,367258,18801807.0,9.18,7.2,3.49,2.62
2026-06-18,ROP,328.53,330.255,332.04,325.8,3559769,1175287744.0,1.89,0.09,0.285,3.53
2026-06-18,ROPE,29.38,29.327,29.38,29.327,587,17256.0,0.18,-0.52,-0.153,0.0
2026-06-18,ROSC,54.1,54.208,54.208,53.79,1005,54343.0,0.78,1.24,0.665,0.0
2026-06-18,ROST,235.35,232.8,236.93,232.06,4161561,971460176.0,2.09,-0.19,-0.45,1.3
2026-06-18,ROUS,67.2,66.58,67.2,66.505,29288,1953626.0,1.05,0.21,0.14,0.0
2026-06-18,RPAR,22.94,22.835,22.94,22.801,11544,263829.0,0.61,0.42,0.095,0.0
2026-06-18,RPAY,3.33,3.39,3.42,3.212,1061938,3590676.0,6.27,2.11,0.07,1.18
2026-06-18,RPC,8.23,8.15,8.34,8.06,649680,5297805.0,3.41,-0.61,-0.05,0.83
2026-06-18,RPD,6.77,6.73,6.86,6.45,4061424,27290735.0,6.06,-0.59,-0.04,6.08
2026-06-18,RPG,62.56,62.75,62.905,62.25,825806,51756827.0,1.07,2.65,1.62,0.0
2026-06-18,RPGL,2.3,2.28,2.399,2.2,63988,145847.0,8.47,-2.98,-0.07,6.01
2026-06-18,RPHS,10.735,10.715,10.79,10.62,6819,73147.0,1.6,0.89,0.095,0.0
2026-06-18,RPID,1.71,1.71,1.725,1.67,118661,201755.0,3.27,1.79,0.03,0.26
2026-06-18,RPM,107.37,108.0,109.37,107.19,1129484,122184342.0,2.04,0.92,0.98,0.88
2026-06-18,RPRX,54.38,52.96,54.38,51.15,8608503,453862144.0,6.01,-1.38,-0.74,1.94
2026-06-18,RPT,14.59,14.4,14.59,14.36,41276,596337.0,1.58,-1.1,-0.16,0.53
2026-06-18,RPT_C,24.93,24.88,24.93,24.88,10632,264839.0,0.2,-0.16,-0.04,0.51
2026-06-18,RPV,113.97,112.87,113.97,112.72,216007,24474289.0,1.1,-0.43,-0.49,0.0
2026-06-18,RQI,12.37,12.27,12.5,12.25,1428089,17582186.0,2.01,-1.37,-0.17,0.0
2026-06-18,RR,2.16,2.14,2.21,2.08,8630028,18349870.0,6.25,2.88,0.06,4.7
2026-06-18,RRBI,89.38,88.8,89.71,87.795,291875,25922467.0,2.18,0.94,0.83,4.43
2026-06-18,RRC,36.57,36.39,36.71,36.14,6110463,222574105.0,1.55,-0.74,-0.27,2.59
2026-06-18,RREV,9.87,9.86,9.87,9.86,2665,26280.0,0.1,-0.1,-0.01,0.01
2026-06-18,RREVU,10.02,10.02,10.02,10.02,643,6570.0,0.0,0.0,0.0,0.0
2026-06-18,RREVW,0.47,0.47,0.47,0.47,500,235.0,0.0,2.17,0.01,0.0
2026-06-18,RRGB,6.4,6.26,6.51,6.17,413700,2632855.0,5.39,-0.79,-0.05,2.24
2026-06-18,RRR,59.29,61.33,61.74,59.29,1235956,75603636.0,4.14,3.72,2.2,2.11
2026-06-18,RRX,227.99,226.78,232.64,226.6,1017773,232533418.0,2.73,2.37,5.26,1.53
2026-06-18,RS,403.98,396.34,407.21,394.0,1150080,456215344.0,3.27,-1.92,-7.77,2.25
2026-06-18,RSBA,20.959,20.92,20.97,20.92,31698,663639.0,0.24,0.37,0.077,0.0
2026-06-18,RSBT,18.98,19.18,19.18,18.98,99888,1908478.0,1.05,0.52,0.1,0.0
2026-06-18,RSBY,18.33,18.288,18.36,18.275,2544,46631.0,0.47,0.54,0.098,0.0
2026-06-18,RSDE,23.24,23.264,23.285,23.24,3860,89844.0,0.19,0.41,0.094,0.0
2026-06-18,RSEE,39.51,39.805,39.805,39.51,7699,305495.0,0.76,2.03,0.793,0.0
2026-06-18,RSF,14.55,14.575,14.585,14.55,7663,111609.0,0.24,0.17,0.025,0.0
2026-06-18,RSG,207.62,204.94,208.02,203.15,2917463,597963008.0,2.35,-1.2,-2.49,0.95
2026-06-18,RSHO,61.49,61.81,61.96,61.11,76000,4694063.0,1.41,2.25,1.36,0.0
2026-06-18,RSI,28.22,29.09,29.47,27.82,18868361,547740528.0,5.83,2.86,0.81,18.12
2026-06-18,RSIT,20.73,20.937,20.937,20.73,24240,505598.0,1.0,1.45,0.299,0.0
2026-06-18,RSJN,36.989,37.27,37.27,36.89,19773,732977.0,1.03,0.96,0.355,0.0
2026-06-18,RSKD,4.93,4.95,4.98,4.88,1192029,5887923.0,2.04,0.81,0.04,1.18
2026-06-18,RSMC,28.72,28.856,28.856,28.61,1865,53673.0,0.86,1.3,0.371,0.0
2026-06-18,RSMR,23.49,23.465,23.49,23.44,4522,106087.0,0.21,0.39,0.09,0.0
2026-06-18,RSMV,30.0,29.925,30.0,29.92,5764,172875.0,0.27,1.43,0.421,0.0
2026-06-18,RSP,211.22,209.96,211.29,209.77,10811892,2274706368.0,0.73,0.46,0.97,0.0
2026-06-18,RSPA,53.01,53.2,53.27,53.01,116293,6178286.0,0.49,0.55,0.29,0.0
2026-06-18,RSPC,36.03,35.709,36.03,35.56,4527,162136.0,1.31,-0.16,-0.056,0.0
2026-06-18,RSPD,55.95,56.08,56.57,55.95,16118,908246.0,1.12,1.41,0.78,0.0
2026-06-18,RSPE,33.85,33.61,33.85,33.61,4127,139104.0,0.72,0.84,0.28,0.0
2026-06-18,RSPF,78.43,77.26,78.43,77.16,6933,536437.0,1.63,-0.62,-0.484,0.0
2026-06-18,RSPG,97.89,97.27,97.89,96.45,166786,16168533.0,1.46,-1.54,-1.52,0.0
2026-06-18,RSPH,31.64,31.51,31.64,31.35,93705,2949490.0,0.92,0.25,0.08,0.0
2026-06-18,RSPM,39.76,39.479,39.868,39.479,7132,282936.0,0.98,-0.43,-0.171,0.0
2026-06-18,RSPN,62.89,62.55,63.08,62.39,68860,4319983.0,1.11,0.87,0.54,0.0
2026-06-18,RSPR,36.38,36.114,36.38,36.071,3023,109697.0,0.86,-0.07,-0.026,0.0
2026-06-18,RSPS,30.01,29.82,30.01,29.76,54669,1633192.0,0.84,-0.13,-0.04,0.0
2026-06-18,RSPT,63.95,63.93,64.13,63.37,748910,47826020.0,1.22,2.32,1.45,0.0
2026-06-18,RSPU,79.5,79.53,80.52,79.22,34005,2715493.0,1.64,0.4,0.32,0.0
2026-06-18,RSSB,30.97,31.04,31.08,30.93,40601,1260129.0,0.49,1.57,0.48,0.0
2026-06-18,RSSE,22.92,22.905,22.955,22.905,3516,80622.0,0.22,0.31,0.071,0.0
2026-06-18,RSSL,114.9,115.71,116.04,114.69,511302,59335112.0,1.19,1.75,1.985,0.0
2026-06-18,RSSS,2.22,2.29,2.31,2.22,74939,171202.0,4.02,2.23,0.05,0.22
2026-06-18,RSST,32.92,32.985,33.02,32.57,95200,3125000.0,1.39,1.84,0.595,0.0
2026-06-18,RSSX,24.713,24.342,24.713,24.195,17203,418513.0,2.13,0.12,0.03,0.0
2026-06-18,RSSY,25.16,25.3,25.3,25.12,40910,1032167.0,0.72,1.2,0.3,0.0
2026-06-18,RSVR,10.27,10.2,10.27,10.154,89689,916577.0,1.14,0.0,0.0,0.14
2026-06-18,RSVRW,0.145,0.145,0.145,0.145,400,58.0,0.0,20.83,0.025,0.0
2026-06-18,RTAC,10.39,10.4,10.41,10.365,395365,4106576.0,0.43,0.1,0.01,1.64
2026-06-18,RTACU,10.77,10.75,10.77,10.7,4900,53362.0,0.65,-0.19,-0.02,0.0
2026-06-18,RTACW,0.74,0.65,0.8,0.6,17852,12996.0,27.03,-12.16,-0.09,0.0
2026-06-18,RTAI,21.47,21.461,21.49,21.461,1560,33498.0,0.14,0.39,0.084,0.0
2026-06-18,RTB,8.9,10.25,10.5,8.575,510807,5134800.0,21.63,15.17,1.35,8.85
2026-06-18,RTH,257.275,256.773,257.275,256.31,3304,849099.0,0.38,0.52,1.321,0.0
2026-06-18,RTO,28.29,28.48,28.66,28.16,1216910,34624427.0,1.72,-1.86,-0.54,0.24
2026-06-18,RTRE,24.9,24.913,24.972,24.89,4735,118019.0,0.33,0.27,0.067,0.0
2026-06-18,RTX,194.0,185.6,194.17,184.42,8866358,1661289504.0,5.06,-3.62,-6.98,0.66
2026-06-18,RTXG,23.7,21.67,23.7,21.315,52404,1142961.0,10.27,-6.66,-1.546,0.0
2026-06-18,RTYY,11.72,11.745,11.78,11.7,11329,132988.0,0.67,-1.14,-0.135,0.0
2026-06-18,RUBI,0.41,0.425,0.446,0.4,3740438,1593791.0,9.2,-15.0,-0.075,24.73
2026-06-18,RULE,33.72,33.605,33.72,33.605,1015,34229.0,0.35,2.78,0.908,0.0
2026-06-18,RUM,8.46,7.36,8.71,7.17,11537415,87732743.0,21.12,0.96,0.07,5.33
2026-06-18,RUMBW,2.52,2.38,2.52,2.18,48457,110522.0,17.0,19.0,0.38,0.0
2026-06-18,RUN,13.01,13.52,13.56,12.46,11764044,156401885.0,8.84,8.68,1.08,4.93
2026-06-18,RUNN,32.15,31.946,32.15,31.883,22244,710658.0,0.84,0.04,0.012,0.0
2026-06-18,RUSC,37.9,38.078,38.078,37.55,364107,13831644.0,1.41,1.95,0.73,0.0
2026-06-18,RUSHA,68.66,70.11,70.43,68.66,942314,65874581.0,2.61,3.22,2.185,1.54
2026-06-18,RUSHB,70.7,72.13,72.85,70.7,159968,11472384.0,3.06,2.78,1.95,0.96
2026-06-18,RVER,35.23,35.199,35.23,35.199,307,10813.0,0.09,1.44,0.499,0.0
2026-06-18,RVI,44.45,40.8,44.73,39.25,445598,18412320.0,12.75,-5.07,-2.18,0.0
2026-06-18,RVLV,20.81,21.79,22.41,20.81,1850763,40418847.0,7.75,5.52,1.14,4.47
2026-06-18,RVMD,160.655,162.99,164.78,158.4,4702503,762604272.0,4.04,3.31,5.22,2.21
2026-06-18,RVMDW,6.8,6.9,6.9,6.48,28759,192265.0,6.56,7.81,0.5,0.0
2026-06-18,RVNL,30.89,30.772,31.07,29.06,59138,1760174.0,6.71,2.74,0.822,0.0
2026-06-18,RVNU,25.17,25.214,25.24,25.133,7751,195303.0,0.43,0.29,0.074,0.0
2026-06-18,RVP,0.663,0.67,0.688,0.663,82580,55605.0,3.73,0.0,0.0,0.28
2026-06-18,RVSB,5.77,5.8,5.825,5.65,125221,722771.0,3.05,1.22,0.07,0.62
2026-06-18,RVSN,4.41,4.4,4.57,4.4,8350,37311.0,3.88,0.46,0.02,0.38
2026-06-18,RVT,18.08,17.94,18.08,17.827,512070,9194285.0,1.42,1.01,0.18,0.0
2026-06-18,RVTY,97.98,100.0,100.73,97.92,2170304,216512513.0,2.87,2.23,2.18,1.95
2026-06-18,RW,25.14,25.201,25.201,25.14,644,16198.0,0.24,1.11,0.277,0.0
2026-06-18,RWAY,5.54,5.57,5.595,5.46,570824,3169092.0,2.46,1.46,0.08,1.34
2026-06-18,RWAYI,24.51,24.56,24.56,24.46,3900,96677.0,0.41,0.33,0.08,0.0
2026-06-18,RWAYL,25.21,25.28,25.28,25.21,3805,96167.0,0.28,0.0,0.0,0.0
2026-06-18,RWEM,39.75,38.6,39.9,37.28,4034,153972.0,7.01,3.24,1.211,0.0
2026-06-18,RWIN,26.55,26.477,26.55,26.477,600,15924.0,0.28,0.09,0.023,0.0
2026-06-18,RWJ,57.91,58.3,58.36,57.77,38921,2260964.0,1.03,1.76,1.01,0.0
2026-06-18,RWK,144.41,144.146,144.43,143.88,11141,1607293.0,0.38,0.54,0.78,0.0
2026-06-18,RWL,128.24,127.31,128.24,127.175,158081,20164795.0,0.84,-0.03,-0.04,0.0
2026-06-18,RWLC,37.21,37.19,37.35,37.04,4374,163048.0,0.84,0.69,0.255,0.0
2026-06-18,RWM,13.7,13.64,13.84,13.62,11327753,155406777.0,1.58,-1.87,-0.26,0.0
2026-06-18,RWO,49.01,48.93,49.188,48.81,48692,2384255.0,0.77,-0.06,-0.03,0.0
2026-06-18,RWR,111.17,110.52,111.24,110.365,137555,15235218.0,0.79,0.24,0.27,0.0
2026-06-18,RWT,5.17,5.16,5.19,5.11,2871992,14799460.0,1.56,0.58,0.03,2.29
2026-06-18,RWTN,24.5,24.898,24.898,24.5,1108,27240.0,1.6,0.19,0.048,0.0
2026-06-18,RWTO,24.68,24.68,24.76,24.582,8715,214791.0,0.72,0.49,0.12,0.0
2026-06-18,RWTP,24.29,24.34,24.34,24.275,6295,152960.0,0.27,1.16,0.28,0.0
2026-06-18,RWTQ,24.33,24.29,24.33,24.15,7720,187224.0,0.74,0.37,0.09,0.0
2026-06-18,RWTS,24.65,24.7,24.99,24.55,28757,710640.0,1.8,0.9,0.22,0.0
2026-06-18,RWT_A,24.4,24.4,24.4,24.3,6002,146405.0,0.41,0.25,0.06,0.21
2026-06-18,RWX,26.97,26.895,26.97,26.82,11350,305366.0,0.56,-0.13,-0.035,0.0
2026-06-18,RXD,19.62,19.55,19.79,19.55,754,14820.0,1.25,1.64,0.316,0.0
2026-06-18,RXI,195.69,196.334,196.485,195.12,4881,956299.0,0.7,1.07,2.086,0.0
2026-06-18,RXL,47.7,46.827,47.7,46.44,7363,344942.0,2.64,-1.72,-0.82,0.0
2026-06-18,RXO,25.08,25.39,26.053,25.08,2668941,67747557.0,3.92,2.3,0.57,1.62
2026-06-18,RXRX,3.18,3.23,3.28,3.11,24853721,79410326.0,5.47,3.86,0.12,4.74
2026-06-18,RXST,4.64,4.73,4.73,4.59,978771,4581806.0,3.05,3.05,0.14,2.36
2026-06-18,RXT,7.73,7.22,7.91,6.92,27644415,200760328.0,13.15,-4.12,-0.31,11.09
2026-06-18,RY,201.4,201.56,202.6,200.45,2514888,507145472.0,1.07,0.43,0.86,0.18
2026-06-18,RYAAY,61.35,61.24,62.21,60.905,946980,58261562.0,2.15,0.99,0.6,0.18
2026-06-18,RYAM,9.2,9.05,9.23,8.88,1152984,10423356.0,3.86,-0.22,-0.02,1.71
2026-06-18,RYAN,35.44,34.97,35.44,34.39,2632164,91880642.0,2.98,-0.88,-0.31,2.03
2026-06-18,RYDE,0.65,0.734,0.764,0.623,57368,39051.0,21.14,10.04,0.067,0.04
2026-06-18,RYET,1.17,1.12,1.18,1.06,69744,78899.0,10.34,-3.45,-0.04,0.19
2026-06-18,RYLD,15.94,16.01,16.015,15.76,940631,14952644.0,1.61,0.88,0.14,0.0
2026-06-18,RYLG,24.355,24.528,24.528,24.355,2024,49475.0,0.71,1.25,0.302,0.0
2026-06-18,RYM,26.57,27.98,27.98,26.57,8748,237014.0,5.19,3.06,0.83,0.41
2026-06-18,RYN,20.92,20.98,21.235,20.86,3725393,78300385.0,1.81,1.21,0.25,1.24
2026-06-18,RYOJ,2.44,2.42,2.72,2.33,60962,153879.0,16.39,1.68,0.04,0.53
2026-06-18,RYTM,97.56,96.79,99.95,95.97,1558900,152120064.0,4.15,1.0,0.96,2.27
2026-06-18,RYZ,28.25,27.7,28.29,27.09,1229073,34071781.0,4.28,-1.21,-0.34,2.37
2026-06-18,RZC,25.62,25.71,25.73,25.6,34092,875354.0,0.51,0.27,0.07,0.0
2026-06-18,RZG,69.08,69.258,69.258,68.83,2937,202786.0,0.63,2.04,1.383,0.0
2026-06-18,RZLT,4.84,5.02,5.159,4.84,2812693,14122445.0,6.66,4.8,0.23,2.92
2026-06-18,RZLV,2.7,2.72,2.725,2.58,11478644,30418556.0,5.49,3.03,0.08,2.88
2026-06-18,RZLVW,0.791,0.796,0.8,0.77,25040,19571.0,3.77,0.13,0.001,0.0
2026-06-18,RZV,143.45,144.313,144.57,143.45,3562,513632.0,0.79,1.97,2.792,0.0
2026-06-18,S,14.75,15.02,15.045,14.382,8420730,125853112.0,4.48,1.49,0.22,2.5
2026-06-18,SA,30.81,29.65,31.73,28.69,957367,28371373.0,9.91,-3.36,-1.03,0.89
2026-06-18,SAA,35.3,35.363,35.432,35.02,1783,62938.0,1.21,3.61,1.232,0.0
2026-06-18,SAAQ,10.48,10.45,10.48,10.45,624,6478.0,0.29,-0.1,-0.01,0.0
2026-06-18,SAAQU,10.68,10.67,10.687,10.67,1994,21295.0,0.16,-0.47,-0.05,0.0
2026-06-18,SAAQW,1.03,1.0,1.03,1.0,2967,3034.0,2.91,-2.91,-0.03,0.0
2026-06-18,SABA,8.17,8.2,8.212,8.17,63945,523782.0,0.51,-0.73,-0.06,0.0
2026-06-18,SABR,1.89,1.88,1.95,1.87,5234608,9910754.0,4.3,1.08,0.02,1.32
2026-06-18,SABS,3.93,4.0,4.1,3.85,2908294,11630965.0,6.48,3.63,0.14,3.8
2026-06-18,SABSW,0.008,0.01,0.014,0.008,55635,467.0,60.0,0.0,0.0,0.0
2026-06-18,SAC,10.05,10.05,10.05,10.05,101,1015.0,0.0,-0.4,-0.04,0.0
2026-06-18,SACH,0.94,0.92,0.94,0.915,331137,306876.0,2.66,-2.23,-0.021,0.69
2026-06-18,SACH_A,20.01,20.016,20.561,20.01,2282,45959.0,2.75,-0.17,-0.034,0.1
2026-06-18,SAEF,30.61,31.114,31.19,30.34,6981,215880.0,2.78,1.63,0.5,0.0
2026-06-18,SAFE,15.0,15.34,15.36,15.0,646852,9871530.0,2.42,3.16,0.47,0.9
2026-06-18,SAFT,71.44,70.53,71.44,69.82,254389,17945979.0,2.29,-0.37,-0.26,1.73
2026-06-18,SAFX,0.409,0.416,0.419,0.397,5775493,2386419.0,5.31,0.48,0.002,1.74
2026-06-18,SAGP,34.44,34.556,34.56,34.44,1766,60955.0,0.35,0.16,0.054,0.0
2026-06-18,SAGT,1.08,0.99,1.09,0.975,25957186,42533674.0,11.06,-4.81,-0.05,145.42
2026-06-18,SAGU_WS,0.06,0.06,0.06,0.059,23145,1382.0,1.67,0.0,0.0,0.0
2026-06-18,SAH,78.44,80.73,80.74,78.44,758631,60992066.0,2.94,3.33,2.6,3.88
2026-06-18,SAIA,435.61,435.12,439.725,430.49,501318,218242703.0,2.17,2.17,9.26,1.88
2026-06-18,SAIC,106.445,102.39,106.78,101.5,1606637,164579137.0,4.95,-4.07,-4.34,3.8
2026-06-18,SAIH,12.6,12.5,12.844,11.8,3360,41138.0,8.08,-3.21,-0.415,0.28
2026-06-18,SAIHW,0.026,0.049,0.049,0.026,320,11.0,46.94,0.0,0.0,0.0
2026-06-18,SAIL,13.43,13.33,13.77,12.95,6827249,90687655.0,6.21,0.91,0.12,1.2
2026-06-18,SAJ,25.765,25.716,25.765,25.716,3090,79178.0,0.19,-0.29,-0.074,0.0
2026-06-18,SAM,173.68,176.11,176.905,172.92,318884,56011952.0,2.32,2.44,4.2,3.82
2026-06-18,SAMG,10.85,10.81,11.245,10.515,123950,1323841.0,6.95,2.85,0.3,1.61
2026-06-18,SAMM,32.91,32.91,33.0,32.86,7025,231494.0,0.43,1.17,0.38,0.0
2026-06-18,SAMT,45.71,46.02,46.11,45.37,154422,7063158.0,1.64,2.09,0.94,0.0
2026-06-18,SAN,13.61,13.5,13.67,13.5,11165437,151554967.0,1.28,1.28,0.17,0.08
2026-06-18,SANA,3.1,3.15,3.2,3.025,6743940,21147206.0,5.76,3.62,0.11,2.42
2026-06-18,SANG,3.62,3.6,3.62,3.6,759,2732.0,0.55,-0.55,-0.02,0.0
2026-06-18,SANM,249.58,241.49,254.995,236.74,10438996,2524148288.0,7.52,-0.53,-1.28,19.48
2026-06-18,SAP,156.55,155.22,156.6,154.125,3037137,472061424.0,1.56,-2.25,-3.57,0.26
2026-06-18,SAPH,28.86,28.802,28.9,28.802,212,6126.0,0.33,-2.34,-0.69,0.0
2026-06-18,SAR,22.03,22.09,22.198,22.01,50383,1112735.0,0.85,0.27,0.06,0.31
2026-06-18,SARK,27.44,27.24,27.72,27.16,108787,2987350.0,2.02,-1.98,-0.55,0.0
2026-06-18,SARO,27.45,27.75,27.815,27.33,6189796,171421276.0,1.79,2.17,0.59,1.86
2026-06-18,SASS,24.91,25.014,25.014,24.91,165,4123.0,0.42,1.63,0.401,0.0
2026-06-18,SAT,24.82,24.935,24.935,24.82,8459,210486.0,0.46,0.18,0.045,0.0
2026-06-18,SATA,99.9,97.71,99.91,92.88,1606409,154617505.0,7.03,-2.3,-2.3,30.63
2026-06-18,SATG,12.91,12.76,13.005,11.56,828308,10246953.0,10.77,-4.92,-0.66,0.0
2026-06-18,SATL,6.18,6.03,6.2,5.55,21647728,128879722.0,10.53,-2.27,-0.14,15.73
2026-06-18,SATLW,1.51,1.48,1.51,1.27,19139,26480.0,16.22,0.0,0.0,0.0
2026-06-18,SATO,18.5,18.289,18.51,18.12,2937,53846.0,2.14,0.21,0.039,0.0
2026-06-18,SATS,109.78,109.17,110.64,104.14,21699300,2351630848.0,5.82,-2.26,-2.53,13.69
2026-06-18,SAUG,27.61,27.645,27.67,27.61,507,14030.0,0.22,0.29,0.08,0.0
2026-06-18,SAV,24.8,24.718,24.8,24.67,7446,183994.0,0.53,-0.05,-0.012,0.0
2026-06-18,SAWG,23.9,23.962,23.962,23.89,24354,581857.0,0.3,1.25,0.295,0.0
2026-06-18,SAWS,24.9,25.175,25.175,24.9,800,19984.0,1.12,2.14,0.527,0.0
2026-06-18,SAY,25.42,25.45,25.48,25.35,3587,91176.0,0.51,0.2,0.05,0.0
2026-06-18,SAZ,25.43,25.63,25.7,25.43,15687,401898.0,1.06,0.47,0.12,0.0
2026-06-18,SB,6.9,6.7,7.07,6.565,1477873,9921967.0,7.83,3.88,0.25,1.45
2026-06-18,SBAC,191.95,186.87,192.295,186.35,1819291,342231280.0,3.1,-2.45,-4.7,1.72
2026-06-18,SBAR,25.55,25.62,25.69,25.55,121457,3113426.0,0.55,0.64,0.164,0.0
2026-06-18,SBB,23.06,22.995,23.06,22.99,602,13897.0,0.3,-1.85,-0.433,0.0
2026-06-18,SBC,3.05,3.07,3.07,3.0,78167,238153.0,2.33,2.33,0.07,0.08
2026-06-18,SBCF,30.93,30.84,31.345,30.55,1741840,53674734.0,2.6,0.78,0.24,1.79
2026-06-18,SBCWW,0.185,0.187,0.19,0.18,24456,4420.0,5.41,1.08,0.002,0.0
2026-06-18,SBET,5.39,5.29,5.485,5.07,10686407,55835596.0,7.74,-1.31,-0.07,5.28
2026-06-18,SBEV,0.178,0.186,0.193,0.178,812325,150224.0,7.69,-4.62,-0.009,5.28
2026-06-18,SBFG,22.72,23.01,23.05,22.075,29409,670160.0,4.33,2.22,0.5,0.47
2026-06-18,SBFM,2.08,2.13,2.165,2.06,58840,123245.0,4.95,0.47,0.01,2.77
2026-06-18,SBFMW,0.042,0.042,0.042,0.042,135,6.0,0.0,-35.38,-0.023,0.0
2026-06-18,SBGI,13.82,13.67,13.98,13.54,811200,11139057.0,3.22,0.07,0.01,
2026-06-18,SBH,13.21,13.83,13.945,13.13,4009694,55306806.0,6.25,5.98,0.78,4.2
2026-06-18,SBI,7.83,7.83,7.87,7.83,44019,345615.0,0.51,0.13,0.01,0.0
2026-06-18,SBIL,100.26,100.27,100.27,100.245,1033485,103616609.0,0.02,0.02,0.02,0.0
2026-06-18,SBIO,56.14,55.11,56.14,54.72,15126,829129.0,2.62,1.59,0.86,0.0
2026-06-18,SBIT,58.71,61.3,62.59,58.685,978214,59535503.0,6.63,4.13,2.43,0.0
2026-06-18,SBLK,26.73,25.81,26.83,25.3,2153039,55351244.0,5.72,-3.51,-0.94,1.93
2026-06-18,SBMT,9.11,8.9,9.2,8.53,300010,2665104.0,7.44,-1.22,-0.11,1.02
2026-06-18,SBND,18.73,18.77,18.82,18.73,56302,1056684.0,0.48,0.17,0.032,0.0
2026-06-18,SBR,71.77,72.28,72.47,71.01,39495,2834666.0,2.03,0.65,0.47,0.27
2026-06-18,SBRA,18.1,18.12,18.27,17.86,5833959,105567040.0,2.27,0.39,0.07,2.31
2026-06-18,SBS,5.31,5.25,5.385,5.21,7597905,39982838.0,3.25,-2.42,-0.13,0.22
2026-06-18,SBSI,33.22,33.63,34.75,32.75,290526,9742912.0,6.03,1.45,0.48,0.98
2026-06-18,SBSW,10.11,9.67,10.14,9.575,6442203,62954640.0,5.57,-4.73,-0.48,0.91
2026-06-18,SBTU,1.98,1.89,1.98,1.715,119556,221295.0,13.66,-2.58,-0.05,0.0
2026-06-18,SBU,18.98,19.32,19.37,18.98,1141,21852.0,2.06,1.85,0.35,0.0
2026-06-18,SBUX,100.555,100.65,101.515,99.53,10603877,1066611568.0,1.99,0.83,0.83,0.93
2026-06-18,SBXD,10.81,10.81,10.81,10.81,2106,22765.0,0.0,0.09,0.01,0.01
2026-06-18,SBXE,10.04,10.04,10.04,10.04,10,100.0,0.0,0.0,0.0,0.0
2026-06-18,SBXE_U,10.15,10.15,10.15,10.15,3,31.0,0.0,0.0,0.0,0.0
2026-06-18,SB_C,26.1,26.1,26.1,26.1,6,155.0,0.0,0.0,0.0,0.0
2026-06-18,SB_D,26.3,26.3,26.3,26.3,20,521.0,0.0,0.0,0.0,0.0
2026-06-18,SCA,22.421,22.421,22.421,22.421,57,1265.0,0.0,7.09,1.485,0.0
2026-06-18,SCAG,0.329,0.376,0.377,0.324,365964,129038.0,15.59,10.59,0.036,0.5
2026-06-18,SCAGW,0.056,0.059,0.059,0.056,340,18.0,5.56,9.26,0.005,0.0
2026-06-18,SCAP,39.37,39.615,39.615,39.37,2849,112228.0,0.63,1.7,0.661,0.0
2026-06-18,SCC,15.05,14.678,15.05,14.591,11387,167337.0,3.04,-2.87,-0.433,0.0
2026-06-18,SCCD,24.65,24.54,24.65,24.54,6131,150893.0,0.45,-0.45,-0.11,0.0
2026-06-18,SCCE,24.536,24.37,24.536,24.37,1113,27157.0,0.68,-0.03,-0.008,0.0
2026-06-18,SCCF,24.46,24.46,24.46,24.46,111,2716.0,0.0,0.04,0.01,0.0
2026-06-18,SCCG,24.64,24.59,24.757,24.59,8189,201722.0,0.68,0.12,0.03,0.0
2026-06-18,SCCO,192.85,192.93,194.12,189.39,1972835,379791520.0,2.47,0.65,1.25,0.24
2026-06-18,SCCR,25.57,25.53,25.6,25.525,239069,6112840.0,0.29,0.2,0.05,0.0
2026-06-18,SCD,15.67,15.64,15.69,15.55,32458,507856.0,0.9,0.35,0.055,0.0
2026-06-18,SCDL,52.501,52.501,52.501,52.501,8,412.0,0.0,-0.27,-0.141,0.0
2026-06-18,SCDS,75.35,75.922,75.922,75.03,16136,1213976.0,1.2,2.11,1.568,0.0
2026-06-18,SCDV,27.33,27.219,27.35,27.14,23346,635577.0,0.78,1.11,0.298,0.0
2026-06-18,SCEC,25.065,25.005,25.07,24.99,54109,1355020.0,0.32,0.08,0.02,0.0
2026-06-18,SCEP,25.02,25.07,25.12,25.02,32556,816595.0,0.4,0.93,0.23,0.0
2026-06-18,SCE_G,17.35,17.319,17.41,17.28,5033,87198.0,0.75,0.11,0.019,0.03
2026-06-18,SCE_L,17.04,17.08,17.3,17.04,13218,226435.0,1.53,0.23,0.04,6.96
2026-06-18,SCE_M,24.45,24.47,24.62,24.4,16661,407660.0,0.9,0.08,0.02,0.08
2026-06-18,SCE_N,23.55,23.7,23.755,23.52,9084,214794.0,1.0,0.47,0.11,0.06
2026-06-18,SCHA,34.99,35.19,35.225,34.806,1496731,52497989.0,1.22,2.21,0.76,0.0
2026-06-18,SCHB,28.99,28.97,29.02,28.845,9571659,277025296.0,0.61,1.08,0.31,0.0
2026-06-18,SCHC,49.55,49.36,49.57,49.22,223544,11043585.0,0.71,-0.32,-0.16,0.0
2026-06-18,SCHD,31.97,31.86,31.98,31.75,21237253,676616096.0,0.72,-0.22,-0.07,0.0
2026-06-18,SCHE,36.82,36.88,36.945,36.775,2264517,83527611.0,0.47,1.51,0.55,0.0
2026-06-18,SCHF,28.24,28.23,28.31,28.165,6325913,178689620.0,0.52,1.11,0.31,0.0
2026-06-18,SCHG,33.83,33.9,33.97,33.532,6551149,221357189.0,1.31,1.32,0.44,0.0
2026-06-18,SCHH,23.58,23.38,23.6,23.36,5736197,134720092.0,1.03,-0.09,-0.02,0.0
2026-06-18,SCHI,22.63,22.59,22.65,22.59,1313802,29718750.0,0.27,0.27,0.06,0.0
2026-06-18,SCHJ,24.62,24.61,24.635,24.61,200984,4948112.0,0.1,0.16,0.04,0.0
2026-06-18,SCHK,36.16,36.13,36.18,35.97,680272,24560170.0,0.59,1.09,0.39,0.0
2026-06-18,SCHL,43.1,42.83,43.32,42.08,1299819,55710851.0,2.9,0.19,0.08,6.21
2026-06-18,SCHM,35.92,36.09,36.12,35.825,655695,23609356.0,0.83,1.55,0.55,0.0
2026-06-18,SCHO,24.11,24.1,24.12,24.1,2695221,64974648.0,0.08,0.08,0.02,0.0
2026-06-18,SCHP,26.47,26.49,26.525,26.46,3218136,85249470.0,0.25,0.34,0.09,0.0
2026-06-18,SCHQ,31.48,31.38,31.525,31.353,320635,10079351.0,0.55,0.51,0.16,0.0
2026-06-18,SCHR,24.61,24.61,24.656,24.6,2639623,65007552.0,0.23,0.29,0.07,0.0
2026-06-18,SCHV,34.8,34.56,34.81,34.545,2512705,87024522.0,0.77,0.55,0.19,0.0
2026-06-18,SCHW,94.58,91.7,94.79,90.86,27430151,2525469088.0,4.16,-2.97,-2.81,1.58
2026-06-18,SCHW_D,24.41,24.455,24.49,24.41,48784,1192155.0,0.33,0.29,0.07,0.16
2026-06-18,SCHW_J,17.57,17.55,17.65,17.54,106571,1875301.0,0.63,0.23,0.04,0.44
2026-06-18,SCHX,29.53,29.49,29.54,29.37,7628442,224769167.0,0.58,1.03,0.3,0.0
2026-06-18,SCHY,32.11,31.97,32.14,31.94,816085,26125779.0,0.62,-0.9,-0.29,0.0
2026-06-18,SCHZ,23.15,23.12,23.235,23.1,1284664,29718344.0,0.59,0.26,0.06,0.0
2026-06-18,SCI,72.14,72.62,72.96,71.91,2271624,164760904.0,1.45,0.07,0.05,1.65
2026-06-18,SCIIR,0.21,0.194,0.21,0.194,400,82.0,8.42,2.11,0.004,0.0
2026-06-18,SCIO,20.67,20.72,20.74,20.67,79944,1655495.0,0.34,0.44,0.09,0.0
2026-06-18,SCJ,106.43,105.57,106.45,105.23,37489,3970070.0,1.16,0.25,0.26,0.0
2026-06-18,SCKT,0.885,0.703,0.9,0.703,520443,408341.0,22.34,-20.29,-0.179,6.32
2026-06-18,SCL,54.21,53.94,54.78,53.35,300361,16220857.0,2.66,0.28,0.15,1.32
2026-06-18,SCLX,6.81,7.47,7.47,6.52,82656,584861.0,13.69,7.64,0.53,0.97
2026-06-18,SCLXW,0.171,0.171,0.171,0.171,81,13.0,0.0,0.0,0.0,0.0
2026-06-18,SCLZ,56.27,56.395,56.45,56.22,5523,311047.0,0.41,0.94,0.523,0.0
2026-06-18,SCM,8.47,8.35,8.51,8.31,238668,2003012.0,2.37,-1.18,-0.1,0.82
2026-06-18,SCMB,25.75,25.76,25.92,25.72,882425,22733723.0,0.78,0.29,0.075,0.0
2026-06-18,SCMC,25.07,25.085,25.11,25.07,27493,689848.0,0.16,0.42,0.105,0.0
2026-06-18,SCMY,25.567,25.567,25.567,25.567,7,198.0,0.0,1.01,0.256,0.0
2026-06-18,SCNI,0.333,0.322,0.343,0.31,273390,88396.0,9.79,-4.45,-0.015,6.9
2026-06-18,SCNM,25.105,25.105,25.134,25.09,20344,510771.0,0.18,0.42,0.105,0.0
2026-06-18,SCNX,0.412,0.382,0.427,0.382,1003261,403897.0,11.6,-1.55,-0.006,2.47
2026-06-18,SCO,32.68,31.84,33.545,31.54,8988708,294606704.0,6.29,-0.09,-0.03,0.0
2026-06-18,SCOP,11.92,12.01,12.17,11.72,46012,549418.0,3.81,1.61,0.19,0.0
2026-06-18,SCOR,7.25,7.95,8.05,7.23,65727,498074.0,11.31,9.66,0.7,0.44
2026-06-18,SCOW,21.06,21.17,21.17,21.06,240,5087.0,0.53,1.05,0.22,0.0
2026-06-18,SCPQ,9.96,9.96,9.96,9.96,2,29.0,0.0,0.0,0.0,0.0
2026-06-18,SCPQU,10.33,10.33,10.33,10.33,100,1033.0,0.0,-0.29,-0.03,0.0
2026-06-18,SCSB,24.94,24.95,24.95,24.94,473,11810.0,0.04,0.12,0.03,0.0
2026-06-18,SCSC,49.55,49.63,50.0,48.94,499543,24779498.0,2.18,2.04,0.99,2.46
2026-06-18,SCUB,25.055,25.055,25.055,25.055,2,50.0,0.0,0.14,0.035,0.0
2026-06-18,SCUS,25.17,25.165,25.17,25.156,83727,2107077.0,0.06,0.08,0.02,0.0
2026-06-18,SCWO,2.21,2.25,2.334,2.15,78603,174859.0,8.44,3.21,0.07,0.44
2026-06-18,SCYB,26.17,26.18,26.2,26.16,1294628,33901249.0,0.15,0.27,0.07,0.0
2026-06-18,SCYX,3.84,4.05,4.06,3.82,209299,842834.0,6.32,6.58,0.25,2.11
2026-06-18,SCZ,84.13,83.6,84.14,83.475,1057908,88627543.0,0.79,-0.1,-0.08,0.0
2026-06-18,SCZM,7.46,7.15,7.71,7.09,511609,3706632.0,8.28,-4.54,-0.34,0.55
2026-06-18,SD,13.97,14.02,14.14,13.73,858141,12025907.0,2.9,-0.85,-0.12,2.32
2026-06-18,SDA,0.846,0.77,0.862,0.75,454178,366519.0,13.83,-4.94,-0.04,0.81
2026-06-18,SDAWW,0.12,0.117,0.12,0.09,13182,1526.0,37.5,46.25,0.037,0.0
2026-06-18,SDCI,26.57,26.52,26.57,26.261,171836,4536714.0,1.16,-0.86,-0.23,0.0
2026-06-18,SDCP,25.63,25.63,25.63,25.63,2,51.0,0.0,-0.02,-0.005,0.0
2026-06-18,SDD,8.769,8.706,8.769,8.63,1363,11850.0,1.55,-3.17,-0.285,0.0
2026-06-18,SDEM,32.63,32.59,32.64,32.58,3475,113376.0,0.18,0.44,0.144,0.0
2026-06-18,SDEV,1.18,1.22,1.25,1.18,131888,159743.0,5.88,2.52,0.03,0.49
2026-06-18,SDFI,35.5,35.47,35.5,35.47,29578,1049719.0,0.08,0.17,0.06,0.0
2026-06-18,SDG,89.9,89.66,90.05,89.555,2172,195296.0,0.55,0.51,0.457,0.0
2026-06-18,SDGR,15.78,15.76,16.042,15.39,1556414,24399786.0,4.2,1.48,0.23,2.08
2026-06-18,SDHC,13.23,13.75,13.85,13.16,65125,892041.0,5.21,3.77,0.5,0.78
2026-06-18,SDHI,10.4,10.41,10.42,10.4,25100,261291.0,0.19,-0.1,-0.01,0.09
2026-06-18,SDHY,16.02,16.12,16.218,16.02,59044,950387.0,1.24,0.81,0.13,0.0
2026-06-18,SDIV,24.24,24.18,24.28,24.18,443681,10743674.0,0.41,-0.41,-0.1,0.0
2026-06-18,SDMF,25.58,25.753,25.753,25.58,8649,222078.0,0.68,1.0,0.256,0.0
2026-06-18,SDOG,67.89,67.63,68.0,67.533,29425,1993838.0,0.68,-1.11,-0.76,0.0
2026-06-18,SDOT,16.17,16.18,16.95,14.038,235500,3720292.0,16.95,-5.82,-1.0,31.65
2026-06-18,SDOW,24.95,25.38,25.396,24.815,2740927,69033825.0,2.28,-0.28,-0.07,0.0
2026-06-18,SDP,22.36,22.492,22.5,22.0,965,21591.0,2.2,-1.18,-0.269,0.0
2026-06-18,SDRL,40.185,38.54,40.35,37.39,1360961,52367097.0,7.36,-4.15,-1.67,2.18
2026-06-18,SDS,57.18,57.35,57.8,57.11,2724925,156351962.0,1.18,-1.92,-1.12,0.0
2026-06-18,SDSI,51.27,51.26,51.3,51.25,9932,509306.0,0.1,0.15,0.075,0.0
2026-06-18,SDST,1.79,1.87,1.9,1.79,79117,147160.0,6.08,3.31,0.06,0.75
2026-06-18,SDSTW,0.15,0.153,0.17,0.15,2826,451.0,12.5,-4.38,-0.007,0.0
2026-06-18,SDTY,41.87,42.0,42.0,41.71,26101,1092074.0,0.7,1.17,0.485,0.0
2026-06-18,SDVD,22.77,22.72,22.77,22.625,120012,2726788.0,0.64,0.66,0.15,0.0
2026-06-18,SDVY,42.38,42.22,42.48,42.065,1163544,49159598.0,0.99,0.6,0.25,0.0
2026-06-18,SDY,150.83,150.5,151.266,150.16,206331,31094946.0,0.74,0.09,0.14,0.0
2026-06-18,SE,90.8,91.28,92.26,89.155,3538500,321746656.0,3.42,0.48,0.44,0.62
2026-06-18,SEA,16.68,16.745,16.82,16.68,18739,313554.0,0.83,-0.82,-0.138,0.0
2026-06-18,SEAL_A,25.72,26.08,26.09,25.55,14244,369580.0,2.09,0.94,0.243,0.29
2026-06-18,SEAL_B,25.58,25.69,25.8,25.58,2147,55255.0,0.86,-0.08,-0.02,0.03
2026-06-18,SEAT,7.77,7.5,8.085,7.08,108421,808311.0,13.19,-1.57,-0.12,0.99
2026-06-18,SEATW,0.049,0.067,0.067,0.049,3301,173.0,30.51,13.56,0.008,0.0
2026-06-18,SEB,4848.76,4795.0,4954.67,4745.01,9764,47035875.0,4.31,-1.49,-72.39,1.02
2026-06-18,SECR,25.5,25.451,25.5,25.451,939,23930.0,0.19,-0.13,-0.034,0.0
2026-06-18,SECT,71.93,71.94,72.19,71.9,66331,4778164.0,0.41,1.22,0.87,0.0
2026-06-18,SECU,49.56,49.72,49.81,49.56,34975,1739820.0,0.5,0.14,0.07,0.0
2026-06-18,SEDG,56.3,58.05,59.255,51.63,4234885,240508810.0,13.94,6.16,3.37,6.96
2026-06-18,SEED,0.981,0.987,0.989,0.98,8550,8338.0,0.92,0.61,0.006,0.07
2026-06-18,SEEM,40.96,41.29,41.39,40.94,34700,1429749.0,1.12,3.08,1.23,0.0
2026-06-18,SEER,1.72,1.74,1.74,1.71,102095,177237.0,1.74,1.16,0.02,0.18
2026-06-18,SEF,31.165,31.71,31.71,31.165,9248,290074.0,1.74,1.01,0.317,0.0
2026-06-18,SEG,24.4,24.81,24.895,24.135,56770,1398637.0,3.13,2.27,0.55,0.44
2026-06-18,SEGG,1.0,1.04,1.19,1.0,1698357,1783784.0,18.1,-0.95,-0.01,13.43
2026-06-18,SEI,85.06,82.88,86.19,80.5,3217184,265713736.0,7.0,1.97,1.6,5.51
2026-06-18,SEIC,91.95,89.44,91.95,88.76,1712022,153339998.0,3.51,-1.73,-1.57,1.42
2026-06-18,SEIE,35.67,35.602,35.73,35.54,70527,2513832.0,0.53,0.16,0.056,0.0
2026-06-18,SEIM,55.19,55.28,55.48,55.19,70926,3924988.0,0.53,1.38,0.75,0.0
2026-06-18,SEIQ,39.22,39.19,39.27,39.06,48520,1900821.0,0.54,0.72,0.28,0.0
2026-06-18,SEIS,32.52,32.67,32.75,32.52,37813,1234800.0,0.72,1.66,0.535,0.0
2026-06-18,SEIV,48.19,47.77,48.19,47.72,186400,8913224.0,0.99,0.15,0.07,0.0
2026-06-18,SEIX,23.33,23.29,23.33,23.28,37587,875950.0,0.21,0.09,0.02,0.0
2026-06-18,SELF,5.07,5.08,5.16,5.07,14995,76434.0,1.76,-0.39,-0.02,0.13
2026-06-18,SELV,32.31,32.1,32.31,32.08,17923,576363.0,0.71,-0.77,-0.25,0.0
2026-06-18,SEM,16.61,16.54,16.61,16.51,1746832,28903932.0,0.6,-0.06,-0.01,1.41
2026-06-18,SEMG,26.36,26.499,26.499,26.36,6090,160992.0,0.53,1.11,0.291,0.0
2026-06-18,SEMI,40.4,40.58,40.67,40.2,22952,929569.0,1.2,3.47,1.36,0.0
2026-06-18,SEMY,15.99,16.09,16.09,15.97,171550,2746116.0,0.75,0.25,0.04,0.0
2026-06-18,SENEA,158.84,155.85,160.94,151.35,190777,29604533.0,6.15,-0.1,-0.16,3.65
2026-06-18,SENEB,157.99,158.5,158.5,157.99,2448,386766.0,0.32,-1.55,-2.49,0.16
2026-06-18,SENS,6.82,6.74,6.93,6.45,1154235,7737789.0,7.17,0.75,0.05,2.32
2026-06-18,SEPI,28.19,28.02,28.19,27.98,22091,619048.0,0.75,0.61,0.17,0.0
2026-06-18,SEPM,32.75,32.795,32.795,32.75,4242,139111.0,0.14,0.17,0.055,0.0
2026-06-18,SEPN,36.24,36.17,37.32,34.505,283355,10127875.0,7.86,1.03,0.37,0.63
2026-06-18,SEPP,32.38,32.425,32.425,32.38,218,7060.0,0.14,0.44,0.141,0.0
2026-06-18,SEPT,37.37,37.428,37.428,37.37,456,17072.0,0.16,0.5,0.186,0.0
2026-06-18,SEPU,31.115,31.109,31.12,30.97,7619,236552.0,0.49,1.04,0.319,0.0
2026-06-18,SEPW,33.31,33.32,33.325,33.3,6452,214936.0,0.08,0.29,0.095,0.0
2026-06-18,SEPZ,45.29,45.509,45.509,45.29,4781,217066.0,0.49,1.01,0.454,0.0
2026-06-18,SER,1.99,2.1,2.16,1.97,187679,390638.0,9.6,6.06,0.12,1.25
2026-06-18,SERA,1.88,1.75,1.94,1.75,87456,157151.0,10.05,-7.41,-0.14,0.23
2026-06-18,SERV,6.9,6.99,7.065,6.65,7501639,52009745.0,6.2,4.48,0.3,9.7
2026-06-18,SES,1.08,1.11,1.125,1.06,13737298,15154298.0,6.07,3.74,0.04,4.22
2026-06-18,SES_WS,0.048,0.038,0.048,0.035,2811,122.0,27.08,-20.83,-0.01,0.0
2026-06-18,SETH,53.0,54.39,55.3,53.0,36067,1945767.0,4.3,1.68,0.9,0.0
2026-06-18,SETM,34.86,34.14,35.12,33.92,200098,6869231.0,3.46,-1.56,-0.54,0.0
2026-06-18,SEV,2.32,2.37,2.4,2.22,358336,838886.0,7.93,4.41,0.1,1.46
2026-06-18,SEVN,8.19,8.2,8.283,8.15,130689,1071619.0,1.64,0.99,0.08,0.0
2026-06-18,SEZL,153.1,163.28,164.38,150.45,1245024,199403494.0,9.49,11.28,16.55,3.7
2026-06-18,SF,74.18,73.54,74.35,73.02,2191016,161191950.0,1.81,0.11,0.08,1.43
2026-06-18,SFB,19.835,19.825,19.85,19.71,9500,188004.0,0.71,-0.03,-0.005,0.0
2026-06-18,SFBC,42.71,43.83,44.5,41.278,20297,880304.0,7.58,3.18,1.35,0.79
2026-06-18,SFBS,80.11,80.46,81.19,80.11,985497,79305671.0,1.36,0.97,0.77,1.8
2026-06-18,SFD,25.02,24.94,25.29,24.64,1604990,39950721.0,2.6,-0.36,-0.09,0.41
2026-06-18,SFEB,25.85,26.033,26.033,25.85,3259,84350.0,0.71,0.82,0.213,0.0
2026-06-18,SFGV,35.51,35.291,35.51,35.22,6436,226779.0,0.82,0.26,0.09,0.0
2026-06-18,SFHG,2.56,2.46,2.6,2.46,25300,63675.0,5.71,0.41,0.01,1.12
2026-06-18,SFIX,3.85,4.03,4.07,3.85,3908191,15583979.0,5.73,4.95,0.19,3.3
2026-06-18,SFL,10.99,10.81,10.995,10.585,1939193,20940337.0,3.74,-1.46,-0.16,1.32
2026-06-18,SFLO,33.11,33.01,33.11,32.745,53892,1775332.0,1.11,0.29,0.096,0.0
2026-06-18,SFLR,38.8,38.64,38.85,38.403,183843,7091236.0,1.17,1.13,0.43,0.0
2026-06-18,SFM,79.0,80.49,80.97,76.86,4687311,374810992.0,5.16,1.04,0.83,4.98
2026-06-18,SFNC,21.95,21.9,22.09,21.73,2355819,51593190.0,1.66,0.88,0.19,1.62
2026-06-18,SFST,58.88,58.03,59.3,57.39,460913,26775849.0,3.3,0.14,0.08,4.87
2026-06-18,SFTX,31.571,31.59,31.71,31.57,15170,480375.0,0.45,1.17,0.365,0.0
2026-06-18,SFTY,30.7,30.791,30.8,30.7,15573,479115.0,0.33,0.99,0.301,0.0
2026-06-18,SFWL,0.82,0.851,0.851,0.82,1112,935.0,3.78,3.78,0.031,0.0
2026-06-18,SFY,149.67,149.88,149.9,148.99,12041,1797982.0,0.62,1.68,2.48,0.0
2026-06-18,SFYF,62.59,62.841,62.841,61.92,2133,133190.0,1.49,1.87,1.154,0.0
2026-06-18,SF_B,23.04,23.04,23.18,23.01,4901,113033.0,0.74,-0.02,-0.005,0.08
2026-06-18,SF_C,22.03,22.05,22.15,22.0,9187,202800.0,0.68,0.0,0.0,0.1
2026-06-18,SF_D,16.13,16.155,16.17,16.13,14927,241038.0,0.25,0.28,0.045,0.12
2026-06-18,SG,8.58,8.97,9.085,8.52,4839633,43103542.0,6.63,5.28,0.45,4.53
2026-06-18,SGA,8.81,8.62,8.89,8.62,59600,522977.0,2.98,-3.09,-0.28,0.94
2026-06-18,SGC,13.53,13.71,13.85,13.53,49702,679001.0,2.39,2.24,0.3,0.32
2026-06-18,SGDJ,85.57,83.09,86.84,82.5,51631,4339151.0,5.09,-2.63,-2.24,0.0
2026-06-18,SGDM,70.67,68.07,72.365,67.56,61540,4220443.0,6.85,-2.9,-2.03,0.0
2026-06-18,SGHC,13.41,13.32,13.6,13.145,3523163,46857132.0,3.37,-1.26,-0.17,0.69
2026-06-18,SGHT,5.12,5.28,5.33,5.07,281613,1472727.0,5.19,5.39,0.27,0.52
2026-06-18,SGI,75.31,75.1,77.28,74.98,3910035,295415280.0,3.11,1.39,1.03,1.86
2026-06-18,SGLC,43.3,43.54,43.59,43.3,18941,824477.0,0.67,1.13,0.488,0.0
2026-06-18,SGLY,0.338,0.365,0.365,0.337,58331,20494.0,8.24,7.35,0.025,0.8
2026-06-18,SGML,14.0,13.65,14.325,13.45,6150403,84201291.0,5.91,-7.77,-1.15,5.49
2026-06-18,SGMT,6.55,6.68,6.855,6.55,3592541,24001176.0,4.67,2.3,0.15,5.87
2026-06-18,SGOL,40.6,40.16,40.73,40.01,3259686,131398811.0,1.79,-0.4,-0.16,0.0
2026-06-18,SGOV,100.59,100.59,100.59,100.58,18597695,1870678224.0,0.01,0.04,0.04,0.0
2026-06-18,SGP,18.36,18.7,19.145,18.32,144288,2699391.0,4.53,2.75,0.5,0.43
2026-06-18,SGRP,0.785,0.818,0.84,0.78,65966,53822.0,7.5,2.25,0.018,0.23
2026-06-18,SGRT,37.82,37.37,37.93,37.29,54218,2035480.0,1.74,1.6,0.59,0.0
2026-06-18,SGRW,24.63,24.905,24.905,24.63,821,20298.0,1.13,2.72,0.66,0.0
2026-06-18,SGRY,14.36,14.55,14.83,14.21,2306086,33544581.0,4.36,2.25,0.32,1.76
2026-06-18,SGU,12.28,12.46,12.49,12.27,99646,1238826.0,1.78,0.89,0.11,0.3
2026-06-18,SGVA,100.08,100.11,100.12,100.08,24030,2405627.0,0.04,0.04,0.045,0.0
2026-06-18,SGVT,100.65,100.695,100.7,100.64,217989,21943948.0,0.06,0.07,0.075,0.0
2026-06-18,SH,33.23,33.28,33.409,33.21,10097039,336123968.0,0.59,-0.95,-0.32,0.0
2026-06-18,SHAG,47.42,47.4,47.42,47.39,1458,69170.0,0.06,0.14,0.065,0.0
2026-06-18,SHAK,59.43,59.08,60.19,58.2,1918580,113467765.0,3.38,0.49,0.29,4.75
2026-06-18,SHAZ,89.78,92.7,95.36,82.16,1700066,153525680.0,15.52,8.99,7.65,10.24
2026-06-18,SHBI,22.02,21.96,22.24,21.75,289179,6351165.0,2.25,1.01,0.22,0.86
2026-06-18,SHC,15.56,15.82,15.845,15.54,3180975,50175118.0,1.97,2.33,0.36,1.12
2026-06-18,SHDG,32.62,32.663,32.663,32.34,24801,805739.0,0.99,0.09,0.03,0.0
2026-06-18,SHE,155.48,155.108,155.48,154.68,5683,881281.0,0.52,1.21,1.854,0.0
2026-06-18,SHEH,57.62,58.075,58.075,57.62,268,15472.0,0.77,-1.26,-0.743,0.0
2026-06-18,SHEL,78.44,78.81,78.96,77.93,8160400,641532864.0,1.28,-1.95,-1.57,0.29
2026-06-18,SHEN,14.59,14.18,14.68,14.04,1019486,14504324.0,4.41,-2.21,-0.32,1.84
2026-06-18,SHFS,0.251,0.247,0.258,0.231,1354319,332784.0,10.47,-4.26,-0.011,20.98
2026-06-18,SHFSW,0.025,0.022,0.028,0.022,3500,79.0,20.69,-24.14,-0.007,0.0
2026-06-18,SHG,66.75,66.65,67.51,66.48,267451,17888611.0,1.52,-1.39,-0.94,0.06
2026-06-18,SHIM,3.62,3.66,3.73,3.54,145576,525830.0,5.31,2.23,0.08,0.36
2026-06-18,SHIP,15.4,14.63,15.4,14.35,269205,3939191.0,6.9,-3.88,-0.59,1.24
2026-06-18,SHLD,63.96,62.3,64.2,61.93,1749805,108983637.0,3.56,-2.4,-1.53,0.0
2026-06-18,SHLS,9.78,10.42,10.63,9.45,8765136,90141831.0,12.5,10.38,0.98,5.22
2026-06-18,SHM,47.87,47.935,47.94,47.87,104921,5029038.0,0.15,0.09,0.045,0.0
2026-06-18,SHMD,6.79,6.54,7.0,6.33,839532,5528128.0,9.87,-3.68,-0.25,1.29
2026-06-18,SHMDW,1.83,1.95,1.95,1.83,1209,2281.0,5.83,-5.34,-0.11,0.0
2026-06-18,SHNY,9.6,9.3,9.71,9.201,688986,6493426.0,5.4,-1.38,-0.13,0.0
2026-06-18,SHO,11.86,11.91,12.03,11.85,4520970,53892832.0,1.53,1.45,0.17,2.43
2026-06-18,SHOC,120.78,122.485,122.902,120.76,15830,1933024.0,1.84,5.23,6.085,0.0
2026-06-18,SHOO,44.04,44.19,44.935,43.9,1698131,75242610.0,2.42,3.15,1.35,2.32
2026-06-18,SHOP,107.79,108.85,109.66,106.14,10064141,1092281504.0,3.26,0.7,0.76,0.83
2026-06-18,SHOTU,9.984,9.87,9.99,9.87,55803,556922.0,1.2,-1.3,-0.13,0.0
2026-06-18,SHO_H,21.7,21.85,21.85,21.7,735,15993.0,0.69,0.51,0.11,0.02
2026-06-18,SHO_I,21.5,21.5,21.5,21.5,2717,58486.0,0.0,0.0,0.0,0.07
2026-06-18,SHPH,3.88,3.46,3.88,3.4,606790,2609297.0,10.98,-20.82,-0.91,95.24
2026-06-18,SHPP,33.21,33.087,33.21,33.087,121,4052.0,0.37,-0.04,-0.013,0.0
2026-06-18,SHPU,10.12,10.271,10.425,9.79,104874,1062001.0,6.27,1.47,0.149,0.0
2026-06-18,SHRT,6.38,6.39,6.405,6.38,2455,15703.0,0.38,-1.77,-0.115,0.0
2026-06-18,SHRY,42.44,42.396,42.44,42.396,208,8858.0,0.1,-0.35,-0.151,0.0
2026-06-18,SHUS,49.91,49.91,49.91,49.91,6,300.0,0.0,-1.22,-0.615,0.0
2026-06-18,SHV,110.24,110.26,110.26,110.24,2155849,237688524.0,0.02,0.05,0.06,0.0
2026-06-18,SHW,315.76,320.79,322.5,314.83,4269168,1366265792.0,2.44,2.23,6.99,1.73
2026-06-18,SHY,81.99,81.99,82.04,81.98,3044203,249632339.0,0.07,0.13,0.11,0.0
2026-06-18,SHYD,22.88,22.8,22.88,22.8,299704,6842802.0,0.35,-0.09,-0.02,0.0
2026-06-18,SHYG,42.4,42.43,42.46,42.39,1077530,45719924.0,0.17,0.28,0.12,0.0
2026-06-18,SHYL,44.35,44.387,44.4,44.33,16982,753546.0,0.16,0.26,0.117,0.0
2026-06-18,SHYM,22.35,22.355,22.37,22.34,644165,14404132.0,0.13,0.2,0.045,0.0
2026-06-18,SI,18.38,18.55,18.89,17.66,90513,1657942.0,6.84,3.23,0.58,0.44
2026-06-18,SIBN,15.41,15.84,15.95,15.325,469493,7402838.0,4.11,4.14,0.63,1.06
2026-06-18,SID,1.1,1.03,1.12,1.02,8566338,9163791.0,8.93,-8.04,-0.09,0.65
2026-06-18,SIDU,3.29,3.23,3.38,3.07,11154970,35481675.0,9.51,-0.92,-0.03,11.47
2026-06-18,SIEB,1.99,1.92,2.0,1.91,51785,100935.0,4.62,-1.54,-0.03,0.13
2026-06-18,SIF,21.89,22.65,22.76,21.0,84092,1864038.0,8.21,5.64,1.21,1.34
2026-06-18,SIFI,43.6,43.6,43.6,43.6,12,561.0,0.0,0.16,0.071,0.0
2026-06-18,SIFY,15.47,15.2,15.79,14.81,82554,1256356.0,6.42,-0.39,-0.06,0.11
2026-06-18,SIG,87.76,88.23,90.635,87.65,1392372,123189259.0,3.45,2.02,1.75,3.54
2026-06-18,SIGA,4.36,4.32,4.37,4.275,595075,2567939.0,2.2,0.23,0.01,0.83
2026-06-18,SIGI,93.06,92.31,93.2,91.66,1179000,108893448.0,1.66,-0.35,-0.32,1.97
2026-06-18,SIGIP,15.94,16.01,16.01,15.94,5656,90447.0,0.44,0.21,0.034,0.07
2026-06-18,SIHY,45.61,45.71,45.73,45.48,17482,797977.0,0.55,0.62,0.28,0.0
2026-06-18,SII,131.0,122.27,131.99,121.07,143440,17787445.0,8.49,-4.99,-6.42,0.56
2026-06-18,SIJ,15.97,16.4,16.4,15.97,358,5811.0,2.58,-1.66,-0.276,0.0
2026-06-18,SIL,86.0,83.73,87.82,82.84,1533324,128988380.0,5.79,-2.58,-2.22,8.24
2026-06-18,SILA,30.34,30.3,30.34,30.3,792894,24031529.0,0.13,0.03,0.01,1.44
2026-06-18,SILC,45.07,46.945,47.25,44.05,152747,6972906.0,7.19,5.42,2.415,2.68
2026-06-18,SILJ,28.81,27.92,29.33,27.62,6646756,187413100.0,5.98,-2.34,-0.67,0.0
2026-06-18,SILO,5.81,6.12,6.5,5.68,99083,614542.0,14.11,5.34,0.31,9.14
2026-06-18,SIM,30.13,30.13,30.13,30.13,180,5508.0,0.0,0.0,0.0,0.0
2026-06-18,SIMA,10.89,10.89,10.89,10.89,522,5667.0,0.0,0.37,0.04,0.01
2026-06-18,SIMAW,0.3,0.28,0.3,0.28,1928,543.0,7.84,9.8,0.025,0.0
2026-06-18,SIMO,323.66,321.66,336.32,316.255,1523167,495160288.0,6.53,4.73,14.54,4.49
2026-06-18,SIMS,46.8,46.99,46.99,46.8,149,7003.0,0.42,2.93,1.337,0.0
2026-06-18,SINT,2.04,2.11,2.15,2.04,30425,64075.0,5.29,1.44,0.03,0.49
2026-06-18,SIO,25.76,25.745,25.8,25.745,22053,568083.0,0.21,0.21,0.055,0.0
2026-06-18,SION,38.28,37.3,38.555,36.63,736761,27584116.0,5.24,1.55,0.57,1.63
2026-06-18,SIOO,19.78,19.79,19.84,19.75,15637,309490.0,0.46,0.63,0.123,0.0
2026-06-18,SIRI,27.935,28.03,28.26,27.5,6070308,170068282.0,2.72,0.36,0.1,1.8
2026-06-18,SITC,4.72,4.77,4.81,4.72,1804977,8603741.0,1.91,1.06,0.05,3.44
2026-06-18,SITE,108.21,110.17,113.53,107.32,1294207,143953461.0,5.88,4.38,4.62,2.92
2026-06-18,SITM,707.5,729.04,732.09,689.755,671853,480992544.0,6.25,7.65,51.83,2.55
2026-06-18,SIVR,63.84,62.55,64.23,61.86,881840,55492999.0,3.72,-1.79,-1.14,0.0
2026-06-18,SIXA,56.31,56.001,56.32,55.96,5292,297063.0,0.64,0.11,0.063,0.0
2026-06-18,SIXD,30.9,30.8,30.9,30.734,37138,1143536.0,0.54,0.58,0.178,0.0
2026-06-18,SIXF,33.95,33.989,33.989,33.95,1628,55284.0,0.12,0.44,0.15,0.0
2026-06-18,SIXH,42.75,42.535,42.75,42.535,3882,165786.0,0.5,-0.36,-0.155,0.0
2026-06-18,SIXJ,36.33,36.386,36.4,36.33,6278,228381.0,0.19,0.46,0.166,0.0
2026-06-18,SIXL,37.932,37.932,37.932,37.932,95,3626.0,0.0,-0.22,-0.083,0.0
2026-06-18,SIXO,35.78,35.782,35.79,35.74,6640,237601.0,0.14,0.26,0.092,0.0
2026-06-18,SIXP,33.64,33.679,33.679,33.61,354,11923.0,0.21,0.44,0.147,0.0
2026-06-18,SIXS,55.32,55.56,55.59,55.32,4790,266032.0,0.49,0.73,0.4,0.0
2026-06-18,SIXZ,31.47,31.485,31.5,31.445,4563,143577.0,0.18,0.51,0.161,0.0
2026-06-18,SIZE,176.09,175.4,176.09,175.06,4756,835525.0,0.59,0.58,1.01,0.0
2026-06-18,SJ,0.865,0.805,0.957,0.805,37495,31789.0,18.1,-4.17,-0.035,0.09
2026-06-18,SJB,15.28,15.31,15.31,15.28,74717,1143531.0,0.2,-0.2,-0.03,0.0
2026-06-18,SJCP,24.97,24.98,25.05,24.97,3140,78572.0,0.32,0.26,0.065,0.0
2026-06-18,SJLD,25.1,25.11,25.11,25.1,1195,29994.0,0.04,0.0,0.0,0.0
2026-06-18,SJM,112.61,110.86,114.16,110.63,2176263,242400437.0,3.13,-1.86,-2.1,2.04
2026-06-18,SJNK,25.02,25.04,25.058,25.02,1455652,36454647.0,0.15,0.24,0.06,0.0
2026-06-18,SJT,3.19,3.11,3.211,3.08,134298,417994.0,4.13,-1.89,-0.06,0.29
2026-06-18,SKE,29.86,28.7,30.95,27.66,6109843,175133350.0,10.97,-4.33,-1.3,4.93
2026-06-18,SKF,25.43,26.46,26.52,25.43,18491,483015.0,4.2,2.0,0.52,0.0
2026-06-18,SKIL,7.03,7.51,7.9,7.03,166390,1255160.0,12.52,8.06,0.56,1.86
2026-06-18,SKIN,0.67,0.663,0.704,0.66,869734,588704.0,6.77,2.0,0.013,0.67
2026-06-18,SKK,4.49,4.63,4.63,4.49,4597,21269.0,3.06,1.09,0.05,0.34
2026-06-18,SKLZ,8.27,8.93,8.98,8.0,254500,2184061.0,11.78,7.34,0.61,2.09
2026-06-18,SKM,35.44,36.21,36.29,34.82,3186990,113643486.0,4.08,0.42,0.15,0.83
2026-06-18,SKOR,48.46,48.415,48.485,48.41,23262,1126936.0,0.16,0.16,0.077,0.0
2026-06-18,SKRE,7.04,6.947,7.04,6.85,46303,322488.0,2.69,-1.78,-0.126,0.0
2026-06-18,SKT,38.98,39.13,39.65,38.77,1775469,69478230.0,2.28,1.16,0.45,1.55
2026-06-18,SKWD,50.77,50.56,51.0,49.81,601363,30387798.0,2.36,0.1,0.05,1.48
2026-06-18,SKY,82.24,83.34,85.79,81.98,1249476,104649599.0,4.73,3.37,2.72,2.28
2026-06-18,SKYA,1.19,1.18,1.26,1.15,759676,903152.0,9.17,-1.67,-0.02,1.79
2026-06-18,SKYAW,0.031,0.032,0.032,0.031,1110,35.0,3.23,3.23,0.001,0.0
2026-06-18,SKYE,0.73,0.707,0.75,0.703,157161,112182.0,6.6,-0.7,-0.005,0.45
2026-06-18,SKYH,9.4,9.54,9.605,9.4,155705,1480411.0,2.2,2.25,0.21,0.45
2026-06-18,SKYH_WS,0.42,0.442,0.458,0.416,37954,16610.0,9.63,1.38,0.006,0.0
2026-06-18,SKYQ,1.16,1.17,1.19,1.1,528927,603611.0,7.89,2.63,0.03,11.03
2026-06-18,SKYT,36.85,36.57,37.23,35.39,2095570,76385835.0,5.12,1.67,0.6,4.26
2026-06-18,SKYU,34.97,34.83,34.97,34.83,493,16962.0,0.4,-0.08,-0.028,0.0
2026-06-18,SKYW,92.94,92.63,94.65,92.31,754419,70081784.0,2.55,0.99,0.91,1.9
2026-06-18,SKYX,1.04,1.08,1.09,1.03,1398761,1486810.0,5.83,4.85,0.05,1.04
2026-06-18,SKYY,132.36,131.88,132.51,129.43,485247,63676641.0,2.33,-0.03,-0.04,0.0
2026-06-18,SLAB,219.83,219.75,220.25,218.51,735041,161474538.0,0.8,0.52,1.14,2.23
2026-06-18,SLAI,0.43,0.439,0.459,0.413,111598,48732.0,9.6,-8.35,-0.04,0.36
2026-06-18,SLB,50.1,48.09,50.22,47.61,41856505,2023637472.0,5.19,-4.45,-2.24,2.8
2026-06-18,SLDB,7.58,8.33,8.42,7.49,14768079,120051914.0,12.72,13.95,1.02,15.0
2026-06-18,SLDE,17.08,16.58,17.08,16.25,1462083,24212615.0,4.93,-1.54,-0.26,1.28
2026-06-18,SLDP,2.81,2.87,2.88,2.72,7011354,19846282.0,5.93,6.3,0.17,3.12
2026-06-18,SLDPW,0.14,0.126,0.15,0.121,28924,3754.0,19.33,-16.0,-0.024,0.0
2026-06-18,SLDR,49.69,49.71,49.71,49.69,24510,1216791.0,0.04,0.09,0.045,0.0
2026-06-18,SLE,3.175,3.21,3.22,3.14,31851,101871.0,2.54,1.9,0.06,1.98
2026-06-18,SLF,78.13,78.95,78.98,77.98,858314,67561615.0,1.28,1.3,1.01,0.15
2026-06-18,SLG,49.59,50.56,51.62,49.53,1826617,92487947.0,4.27,3.39,1.66,2.57
2026-06-18,SLGB,0.77,0.71,0.77,0.659,360282,258284.0,14.27,-8.74,-0.068,0.8
2026-06-18,SLGL,71.98,74.46,74.69,69.54,17591,1260759.0,7.32,5.83,4.1,0.54
2026-06-18,SLGN,42.1,41.65,42.96,41.63,1193059,50046822.0,3.18,-0.53,-0.22,1.13
2026-06-18,SLG_I,21.6,21.517,21.68,21.4,5741,123789.0,1.3,-0.15,-0.033,0.06
2026-06-18,SLI,3.52,3.41,3.57,3.37,5204301,17773835.0,5.73,-2.29,-0.08,2.13
2026-06-18,SLJY,31.2,29.95,31.2,29.7,25894,774878.0,4.85,-3.07,-0.95,0.0
2026-06-18,SLM,22.99,23.03,23.45,22.82,5175687,119559866.0,2.75,0.35,0.08,2.74
2026-06-18,SLMBP,75.14,75.07,75.14,74.902,3321,249185.0,0.32,0.03,0.02,0.13
2026-06-18,SLMT,6.22,5.74,6.28,5.5,192074,1105629.0,13.0,-4.33,-0.26,1.8
2026-06-18,SLN,6.82,6.93,7.0,6.52,382922,2620958.0,7.1,2.51,0.17,0.81
2026-06-18,SLND,0.958,0.842,0.99,0.842,132180,117416.0,15.86,-9.75,-0.091,0.24
2026-06-18,SLND_WS,0.03,0.03,0.03,0.03,600,18.0,0.0,-6.25,-0.002,0.0
2026-06-18,SLNG,4.35,4.63,4.71,4.3,73838,336885.0,9.49,7.18,0.31,0.4
2026-06-18,SLNH,1.82,1.72,1.85,1.64,18822621,32175396.0,11.86,-2.82,-0.05,11.93
2026-06-18,SLNHP,10.7,10.96,11.0,10.7,7265,79664.0,2.81,2.48,0.265,0.15
2026-06-18,SLNZ,45.675,45.68,45.8,45.675,709,32450.0,0.27,0.07,0.03,0.0
2026-06-18,SLON,17.29,16.16,17.29,15.7,41663,680629.0,9.18,-6.68,-1.157,0.0
2026-06-18,SLP,18.23,18.24,18.29,18.19,1045413,19077990.0,0.55,-0.05,-0.01,5.17
2026-06-18,SLQD,50.3,50.26,50.304,50.252,274205,13786951.0,0.1,0.16,0.08,0.0
2026-06-18,SLQT,1.0,0.988,1.01,0.967,1495244,1481889.0,4.31,-1.0,-0.01,0.85
2026-06-18,SLRC,12.3,12.42,12.48,12.27,568756,7046246.0,1.7,0.57,0.07,1.04
2026-06-18,SLS,8.05,8.05,8.375,7.91,14747756,119268831.0,5.99,3.74,0.29,7.5
2026-06-18,SLSN,1.35,1.34,1.355,1.295,48318,64780.0,4.69,4.69,0.06,0.07
2026-06-18,SLSR,9.73,8.95,9.73,8.86,66028,600359.0,9.13,-6.09,-0.58,0.04
2026-06-18,SLTY,23.52,23.652,23.74,23.52,14570,344228.0,0.92,-0.66,-0.158,0.0
2026-06-18,SLV,60.74,59.51,61.12,58.85,28928220,1732284544.0,3.75,-1.81,-1.1,0.0
2026-06-18,SLVM,39.7,39.66,41.09,39.59,529740,21138716.0,3.79,0.18,0.07,1.33
2026-06-18,SLVO,79.81,78.31,79.98,77.9,396050,31221535.0,2.62,-1.34,-1.06,0.0
2026-06-18,SLVP,33.85,33.05,34.49,32.65,326883,10866599.0,5.43,-2.42,-0.82,0.0
2026-06-18,SLVR,56.27,54.22,57.08,53.82,192431,10556916.0,5.79,-3.71,-2.09,0.0
2026-06-18,SLVX,16.36,15.849,16.36,15.67,5465,87153.0,4.24,-2.53,-0.412,0.0
2026-06-18,SLWS,101.225,101.225,101.225,101.225,2,303.0,0.0,0.23,0.236,0.0
2026-06-18,SLX,107.38,105.35,107.38,105.255,40918,4337434.0,1.97,-2.12,-2.28,0.0
2026-06-18,SLXN,2.75,2.73,2.91,2.63,72302,198916.0,9.66,-5.86,-0.17,8.4
2026-06-18,SLXNW,0.049,0.027,0.049,0.027,11254,518.0,88.0,8.0,0.002,0.0
2026-06-18,SLYG,113.7,114.17,114.258,113.251,66823,7608650.0,0.9,1.88,2.11,0.0
2026-06-18,SLYV,106.36,106.8,107.13,106.09,203453,21704366.0,0.99,1.51,1.59,0.0
2026-06-18,SM,27.68,27.14,27.795,26.471,7442307,201144968.0,4.71,-3.38,-0.95,3.1
2026-06-18,SMA,32.3,32.68,32.84,31.97,840722,27438091.0,2.73,2.41,0.77,1.52
2026-06-18,SMAX,27.84,27.835,27.84,27.79,6076,168972.0,0.18,0.25,0.07,0.0
2026-06-18,SMAY,28.0,28.12,28.12,27.94,10264,287553.0,0.65,1.13,0.315,0.0
2026-06-18,SMB,17.35,17.345,17.35,17.334,59023,1023896.0,0.09,0.06,0.01,0.0
2026-06-18,SMBC,72.18,72.51,75.0,71.65,243315,17650494.0,4.7,1.7,1.21,2.21
2026-06-18,SMBK,44.86,44.65,45.52,44.51,165368,7402538.0,2.27,0.16,0.07,0.97
2026-06-18,SMBS,25.39,25.38,25.45,25.372,496892,12620039.0,0.31,0.3,0.075,0.0
2026-06-18,SMC,29.0,28.82,29.01,28.18,113993,3281869.0,2.87,-0.38,-0.11,0.83
2026-06-18,SMCF,37.66,37.748,37.748,37.66,836,31523.0,0.23,0.19,0.073,0.0
2026-06-18,SMCI,28.44,30.66,30.91,28.28,68325332,2061904560.0,9.47,10.37,2.88,10.56
2026-06-18,SMCL,36.3,41.82,42.36,36.0,325878,13118900.0,18.38,20.87,7.22,0.0
2026-06-18,SMCO,30.09,30.196,30.196,30.05,6185,186481.0,0.49,1.21,0.361,0.0
2026-06-18,SMCP,25.08,25.317,25.317,25.08,1172,29511.0,0.95,1.26,0.315,0.0
2026-06-18,SMCX,8.81,10.18,10.335,8.73,8418636,82040252.0,18.93,20.05,1.7,0.0
2026-06-18,SMCY,4.92,5.23,5.275,4.91,801661,4119285.0,7.43,6.52,0.32,0.0
2026-06-18,SMCZ,11.31,9.42,11.42,9.26,834549,8287733.0,18.09,-21.11,-2.52,0.0
2026-06-18,SMDD,7.95,7.88,8.06,7.88,5248,41634.0,2.2,-3.77,-0.309,0.0
2026-06-18,SMDV,74.52,74.652,74.86,74.39,35304,2631845.0,0.64,1.09,0.802,0.0
2026-06-18,SMDX,26.513,26.513,26.513,26.513,9,238.0,0.0,1.01,0.265,0.0
2026-06-18,SMFG,25.22,25.23,25.35,25.09,2504428,63275255.0,1.06,2.81,0.69,0.04
2026-06-18,SMG,63.02,64.69,65.25,62.97,877854,56753686.0,3.64,3.16,1.98,1.51
2026-06-18,SMH,648.545,659.88,663.8,648.15,11229715,7387490304.0,2.51,5.76,35.91,0.0
2026-06-18,SMHB,3.8,3.855,3.88,3.8,13247,51036.0,2.12,2.34,0.088,0.0
2026-06-18,SMHI,6.96,6.68,7.0,6.65,171023,1161285.0,5.02,-4.16,-0.29,0.63
2026-06-18,SMHX,65.12,66.28,66.68,65.1,163958,10816838.0,2.51,5.37,3.38,0.0
2026-06-18,SMID,28.84,30.51,30.64,28.84,15512,464773.0,6.28,6.51,1.865,0.29
2026-06-18,SMIG,32.11,32.08,32.225,31.97,220994,7094213.0,0.8,0.75,0.24,0.0
2026-06-18,SMIN,69.65,69.43,69.98,69.43,87022,6063018.0,0.8,1.58,1.08,0.0
2026-06-18,SMIZ,43.8,43.8,43.9,43.52,42070,1836664.0,0.88,1.8,0.776,0.0
2026-06-18,SMJF,5.2,5.22,5.22,5.17,82854,430123.0,0.96,0.38,0.02,0.55
2026-06-18,SMLF,86.87,87.04,87.08,86.29,116394,10101842.0,0.92,1.47,1.26,0.0
2026-06-18,SMLL,20.661,20.661,20.661,20.661,104,2141.0,0.0,1.05,0.215,0.0
2026-06-18,SMLV,152.6,152.41,152.61,152.07,1950,297229.0,0.36,0.88,1.326,0.0
2026-06-18,SMMD,90.25,90.12,90.29,89.31,316399,28459913.0,1.1,1.53,1.36,0.0
2026-06-18,SMMT,14.38,13.75,14.6,13.56,8723161,120267641.0,7.39,-2.27,-0.32,1.12
2026-06-18,SMMU,50.43,50.41,50.46,50.41,79882,4029974.0,0.1,-0.04,-0.021,0.0
2026-06-18,SMMV,44.46,44.146,44.46,44.02,12605,557384.0,1.0,0.1,0.046,0.0
2026-06-18,SMN,19.45,19.732,19.732,19.44,992,19438.0,1.49,0.6,0.118,0.0
2026-06-18,SMOG,145.38,147.801,147.801,145.38,3699,542005.0,1.67,1.84,2.676,0.0
2026-06-18,SMOM,27.8,27.824,27.83,27.77,3919,108970.0,0.22,0.33,0.091,0.0
2026-06-18,SMOT,38.53,38.417,38.586,38.382,25605,985749.0,0.54,0.81,0.307,0.0
2026-06-18,SMOX,29.98,30.026,30.05,29.92,2809,84240.0,0.44,0.92,0.274,0.0
2026-06-18,SMP,38.44,39.41,39.51,38.44,322610,12675604.0,2.8,3.19,1.22,1.45
2026-06-18,SMPL,12.22,12.63,12.74,12.07,4125595,51983711.0,5.52,4.04,0.49,4.56
2026-06-18,SMR,10.565,11.74,11.8,10.455,68495315,784247232.0,13.01,13.54,1.4,19.79
2026-06-18,SMRF,27.62,28.305,28.51,27.62,21726,611344.0,3.24,3.19,0.876,0.0
2026-06-18,SMRI,41.57,40.766,41.57,40.735,3830,156400.0,2.06,0.54,0.219,0.0
2026-06-18,SMRT,1.07,1.13,1.17,1.07,2429361,2737497.0,9.35,5.61,0.06,1.26
2026-06-18,SMSI,2.99,2.93,3.02,2.8,137535,401837.0,7.26,-3.3,-0.1,2.69
2026-06-18,SMST,49.75,53.95,58.0,49.69,333899,18001092.0,16.45,6.77,3.42,0.0
2026-06-18,SMTC,156.09,158.23,161.68,152.23,17932252,2835631344.0,6.29,5.35,8.03,19.25
2026-06-18,SMTH,25.75,25.73,25.78,25.71,489719,12609143.0,0.27,-0.06,-0.015,0.0
2026-06-18,SMTI,21.82,22.02,22.475,20.81,133568,2904736.0,7.85,3.77,0.8,1.46
2026-06-18,SMTK,0.287,0.313,0.35,0.286,11453566,3711044.0,23.7,15.93,0.043,53.41
2026-06-18,SMU,9.7,11.69,11.84,9.441,4237942,46341166.0,25.58,24.63,2.31,0.0
2026-06-18,SMUP,7.54,9.11,9.21,7.36,665883,5749107.0,25.48,25.48,1.85,0.0
2026-06-18,SMWB,5.01,4.99,5.14,4.73,1413413,6977856.0,8.42,2.46,0.12,1.61
2026-06-18,SMX,14.77,13.9,14.87,13.0,55230,757433.0,13.14,-2.32,-0.33,8.5
2026-06-18,SMXT,0.401,0.38,0.414,0.38,181235,71299.0,8.33,-6.86,-0.028,0.32
2026-06-18,SMXWW,0.025,0.028,0.029,0.024,21015,538.0,15.15,-15.15,-0.005,0.0
2026-06-18,SMYY,7.2,7.35,7.368,7.19,43045,314463.0,2.43,0.27,0.02,0.0
2026-06-18,SMZ,21.2,16.9,22.72,16.8,216527,3988454.0,25.75,-26.5,-6.094,0.0
2026-06-18,SN,137.52,140.84,141.81,135.5,2484064,349132672.0,4.72,5.45,7.28,1.76
2026-06-18,SNA,384.43,387.25,390.36,382.71,1031304,399325760.0,2.01,1.57,5.99,1.99
2026-06-18,SNAG,4.59,4.507,4.72,4.43,56244,258625.0,6.31,-1.89,-0.087,0.0
2026-06-18,SNAL,0.62,0.637,0.66,0.59,1104118,689651.0,11.33,3.07,0.019,7.4
2026-06-18,SNAP,4.71,4.66,4.8,4.63,60953766,286252544.0,3.59,-1.69,-0.08,4.34
2026-06-18,SNAV,38.35,38.382,38.382,38.33,1299,49824.0,0.14,0.86,0.329,0.0
2026-06-18,SNBR,0.215,0.207,0.284,0.194,52747085,11653805.0,23.08,-46.92,-0.183,228.85
2026-06-18,SND,5.01,4.79,5.115,4.67,821509,3930155.0,8.85,-4.77,-0.24,1.91
2026-06-18,SNDA,34.77,35.96,36.13,34.53,2537879,90886217.0,4.61,3.69,1.28,5.36
2026-06-18,SNDG,23.67,26.79,26.8,23.4,962155,24406324.0,15.57,22.66,4.95,0.0
2026-06-18,SNDK,2044.745,2184.75,2191.69,2029.0,12178323,26264026368.0,8.31,11.54,225.95,8.22
2026-06-18,SNDL,1.44,1.42,1.46,1.41,2093312,2983330.0,3.47,-1.39,-0.02,0.8
2026-06-18,SNDQ,3.4,2.86,3.465,2.85,53532640,160508324.0,16.49,-23.32,-0.87,0.0
2026-06-18,SNDR,35.41,35.68,36.34,35.35,1514615,54088725.0,2.8,0.96,0.34,1.64
2026-06-18,SNDU,60.94,68.27,68.81,59.75,1453656,95963976.0,16.27,22.61,12.59,0.0
2026-06-18,SNDX,19.6,19.0,20.37,18.925,3994897,76568174.0,7.59,-0.21,-0.04,4.51
2026-06-18,SNES,1.63,1.65,1.65,1.59,69938,114281.0,3.7,1.85,0.03,1.32
2026-06-18,SNEX,134.66,139.01,141.41,134.01,1748687,241995064.0,5.58,4.79,6.35,2.21
2026-06-18,SNFCA,9.45,9.56,9.66,9.4,73501,699070.0,2.75,1.06,0.1,0.33
2026-06-18,SNGX,0.402,0.4,0.41,0.397,898673,360651.0,3.23,-0.5,-0.002,6.06
2026-06-18,SNN,29.79,30.08,30.235,29.76,1046788,31504966.0,1.58,0.03,0.01,0.25
2026-06-18,SNOA,1.16,1.15,1.18,1.1,76469,86958.0,6.96,0.0,0.0,1.6
2026-06-18,SNOU,34.26,34.62,34.895,30.66,276504,9034016.0,12.02,-1.76,-0.62,0.0
2026-06-18,SNOV,26.82,26.897,26.897,26.82,7084,190341.0,0.29,0.51,0.137,0.0
2026-06-18,SNOW,232.75,232.29,233.758,219.69,7758798,1778601904.0,6.0,-0.95,-2.23,2.24
2026-06-18,SNOY,10.0,10.01,10.05,9.5,124384,1229327.0,5.34,-2.72,-0.28,0.0
2026-06-18,SNPD,29.31,29.18,29.31,29.14,1384,40464.0,0.58,-0.61,-0.18,0.0
2026-06-18,SNPE,68.8,68.68,68.836,68.51,459369,31564638.0,0.48,0.82,0.56,0.0
2026-06-18,SNPG,60.405,60.292,60.405,60.292,2798,168975.0,0.19,1.92,1.137,0.0
2026-06-18,SNPS,461.99,455.51,466.059,452.325,3227786,1473914272.0,2.97,-1.35,-6.23,1.69
2026-06-18,SNSR,50.45,51.28,51.28,50.45,11809,599060.0,1.68,3.71,1.836,0.0
2026-06-18,SNT,2.36,2.22,2.55,2.21,47703,109067.0,14.78,-3.48,-0.08,0.2
2026-06-18,SNTG,2.27,2.26,2.389,2.21,6823,15486.0,7.72,-2.59,-0.06,0.24
2026-06-18,SNTH,29.92,30.06,30.06,29.865,47657,1428300.0,0.66,1.14,0.34,0.0
2026-06-18,SNTI,0.93,0.932,0.97,0.924,114918,107740.0,4.84,-2.0,-0.019,0.37
2026-06-18,SNWV,9.15,9.21,9.69,8.75,290725,2678085.0,10.34,1.32,0.12,3.38
2026-06-18,SNX,287.95,284.56,288.68,279.255,1474551,418275744.0,3.32,0.26,0.75,1.86
2026-06-18,SNXX,37.56,42.78,42.97,37.22,30586929,1260249248.0,16.43,22.23,7.78,0.0
2026-06-18,SNY,42.34,42.38,42.47,41.855,4085503,172330665.0,1.45,-0.28,-0.12,0.17
2026-06-18,SNYR,0.209,0.239,0.251,0.201,1538021,353793.0,23.92,14.35,0.03,10.32
2026-06-18,SO,92.5,93.09,94.26,92.44,20353429,1895151872.0,1.97,0.61,0.56,1.81
2026-06-18,SOAR,0.182,0.167,0.184,0.167,2534939,445180.0,9.34,-8.24,-0.015,7.72
2026-06-18,SOBO,36.1,35.87,36.16,35.14,1568003,55964695.0,2.82,-0.69,-0.25,0.75
2026-06-18,SOBR,0.905,0.9,0.94,0.896,60042,54577.0,4.96,1.47,0.013,2.09
2026-06-18,SOC,9.88,10.12,10.2,9.555,9117792,91618903.0,6.29,-1.27,-0.13,5.91
2026-06-18,SOCA,10.28,10.28,10.28,10.28,3,31.0,0.0,0.0,0.0,0.0
2026-06-18,SOCAU,10.33,10.33,10.33,10.33,3,31.0,0.0,0.0,0.0,0.0
2026-06-18,SOCAW,0.29,0.29,0.29,0.29,15,4.0,0.0,0.0,0.0,0.0
2026-06-18,SOCL,45.03,45.087,45.133,44.74,9965,447597.0,0.88,0.45,0.204,0.0
2026-06-18,SOEZ,12.445,12.032,12.445,11.91,7063,85301.0,4.3,-3.31,-0.412,0.0
2026-06-18,SOFA,14.98,15.12,15.27,14.11,134050,1989886.0,8.09,5.47,0.784,0.0
2026-06-18,SOFI,17.825,17.91,17.99,17.265,80961071,1438196816.0,4.16,2.81,0.49,6.31
2026-06-18,SOFR,100.34,100.33,100.34,100.32,2129,213625.0,0.02,0.03,0.03,0.0
2026-06-18,SOFX,10.23,10.36,10.43,9.639,3667258,37225206.0,8.07,5.71,0.56,0.0
2026-06-18,SOGP,11.99,11.85,12.1,11.8,15327,183336.0,2.5,-1.17,-0.14,0.5
2026-06-18,SOHU,12.69,12.39,12.72,12.12,254959,3154329.0,4.72,-2.59,-0.33,0.98
2026-06-18,SOJC,20.97,20.93,20.997,20.9,17354,363287.0,0.46,-0.05,-0.01,0.0
2026-06-18,SOJD,19.62,19.63,19.68,19.56,70220,1378390.0,0.61,0.1,0.02,0.0
2026-06-18,SOJE,17.0,16.95,17.0,16.91,36300,615211.0,0.53,0.24,0.04,0.0
2026-06-18,SOJF,25.2,25.15,25.24,25.12,38183,960573.0,0.48,0.08,0.02,0.0
2026-06-18,SOLC,14.26,13.839,14.26,13.81,437,6176.0,3.15,-3.01,-0.429,0.0
2026-06-18,SOLM,8.049,7.956,8.049,7.956,420,3363.0,1.12,-3.99,-0.331,0.0
2026-06-18,SOLR,35.95,35.977,35.977,35.88,317,11423.0,0.27,1.86,0.658,0.0
2026-06-18,SOLS,86.29,85.57,87.32,83.81,2755690,235623240.0,4.12,0.51,0.43,1.74
2026-06-18,SOLT,31.16,29.16,31.16,28.09,332749,9771656.0,9.86,-6.33,-1.97,0.0
2026-06-18,SOLV,75.24,75.43,75.77,74.18,2337120,175808862.0,2.13,1.17,0.87,1.35
2026-06-18,SOLZ,7.16,6.94,7.17,6.825,870018,6101020.0,4.81,-3.32,-0.238,0.0
2026-06-18,SOMN,48.99,48.92,49.53,48.88,9634,473795.0,1.33,0.2,0.1,0.0
2026-06-18,SON,51.0,50.68,51.805,50.43,2338660,118779852.0,2.71,0.04,0.02,2.37
2026-06-18,SONM,4.85,4.92,5.1,4.85,17353,86289.0,5.32,4.68,0.22,1.37
2026-06-18,SONO,14.59,14.68,15.025,14.27,4365220,63962408.0,5.28,2.73,0.39,3.66
2026-06-18,SONY,20.16,20.33,20.355,20.1,5524897,111766134.0,1.26,0.44,0.09,0.09
2026-06-18,SOPH,5.35,5.46,5.49,5.18,445059,2374010.0,5.92,4.2,0.22,0.54
2026-06-18,SOR,45.39,45.37,45.735,45.15,13888,631497.0,1.3,0.53,0.24,0.0
2026-06-18,SORA,2.24,2.18,2.6,2.18,4846,11624.0,16.47,-14.51,-0.37,0.02
2026-06-18,SORN,9.94,9.94,9.94,9.94,16800,166992.0,0.0,-0.1,-0.01,0.06
2026-06-18,SORNW,0.3,0.3,0.3,0.3,1,0.0,0.0,0.0,0.0,0.0
2026-06-18,SOS,0.98,1.0,1.03,0.98,8669,8654.0,5.05,1.01,0.01,0.07
2026-06-18,SOTK,5.05,5.29,5.37,5.03,49184,257080.0,6.77,5.38,0.27,0.31
2026-06-18,SOUL,10.341,10.345,10.36,10.341,39093,404495.0,0.18,-0.05,-0.005,0.15
2026-06-18,SOUL_U,10.46,10.46,10.46,10.46,48,502.0,0.0,0.0,0.0,0.0
2026-06-18,SOULr,0.15,0.15,0.173,0.125,19844,2800.0,42.86,33.93,0.038,0.0
2026-06-18,SOUN,7.03,7.12,7.15,6.855,23429685,163888245.0,4.24,2.3,0.16,5.85
2026-06-18,SOUNW,2.1,1.97,2.179,1.92,21673,43063.0,12.76,-2.96,-0.06,0.0
2026-06-18,SOUX,13.88,14.31,14.45,13.31,67800,920186.0,8.29,4.02,0.55,0.0
2026-06-18,SOVF,28.308,28.394,28.48,28.308,1690,48034.0,0.61,0.64,0.18,0.0
2026-06-18,SOWG,3.15,3.87,4.45,3.14,869190,3341188.0,41.46,22.47,0.71,4.32
2026-06-18,SOXL,266.035,279.29,286.153,265.0,49319835,13537322752.0,9.05,19.43,45.43,0.0
2026-06-18,SOXQ,111.0,112.78,113.85,110.72,2109399,237340709.0,2.95,6.27,6.65,0.0
2026-06-18,SOXS,3.855,3.59,3.865,3.45,711156752,2607941248.0,9.3,-19.51,-0.87,0.0
2026-06-18,SOXX,626.52,639.45,644.43,626.15,9666034,6151174656.0,3.05,6.62,39.72,0.0
2026-06-18,SOXY,110.0,112.4,112.44,110.0,11854,1322402.0,2.3,6.13,6.491,0.0
2026-06-18,SOYB,24.3,24.27,24.33,24.21,26915,653423.0,0.49,-0.7,-0.17,0.0
2026-06-18,SPAB,25.53,25.5,25.56,25.48,1397848,35662019.0,0.31,0.31,0.08,0.0
2026-06-18,SPAI,4.95,4.83,5.1,4.58,142299,674973.0,10.68,-0.82,-0.04,0.69
2026-06-18,SPAM,37.87,38.123,38.123,37.68,2456,92964.0,1.16,-0.08,-0.03,0.0
2026-06-18,SPAQ,93.61,93.946,93.946,93.6,544,50973.0,0.37,-0.06,-0.056,0.0
2026-06-18,SPB,81.57,83.97,85.23,81.57,638452,53546525.0,4.54,4.25,3.42,2.75
2026-06-18,SPBC,47.52,47.636,47.64,47.49,6998,332962.0,0.32,1.0,0.471,0.0
2026-06-18,SPBO,29.1,29.03,29.1,29.015,318529,9253247.0,0.29,0.24,0.07,0.0
2026-06-18,SPBU,30.32,30.29,30.32,30.136,23165,699725.0,0.61,1.03,0.31,0.0
2026-06-18,SPBW,28.67,28.71,28.71,28.62,16409,470681.0,0.31,0.38,0.11,0.0
2026-06-18,SPBX,29.04,29.115,29.13,29.04,11987,348884.0,0.31,0.46,0.134,0.0
2026-06-18,SPCB,11.94,11.74,12.25,11.43,40104,469780.0,6.85,-1.92,-0.23,0.73
2026-06-18,SPCE,3.48,3.56,3.58,3.28,36498583,126725653.0,8.6,2.01,0.07,34.94
2026-06-18,SPCI,32.0,31.79,32.0,29.7,27612,849066.0,7.09,-1.99,-0.645,0.0
2026-06-18,SPCK,22.24,22.235,22.24,22.01,2027,44782.0,1.04,0.14,0.03,0.0
2026-06-18,SPCL,59.17,57.45,60.27,48.96,890895,48652529.0,18.32,-6.93,-4.28,0.0
2026-06-18,SPCT,27.19,27.159,27.19,27.115,912,24786.0,0.28,-0.24,-0.066,0.0
2026-06-18,SPCX,188.39,185.0,190.0,172.11,272126784,49409943296.0,9.33,-3.56,-6.82,3.69
2026-06-18,SPCZ,26.04,26.04,26.04,26.04,9,236.0,0.0,-0.69,-0.18,0.0
2026-06-18,SPD,41.63,41.723,41.78,41.6,16522,688709.0,0.44,1.13,0.468,0.0
2026-06-18,SPDF,27.51,27.426,27.51,27.295,51390,1406166.0,0.79,1.17,0.316,0.0
2026-06-18,SPDG,46.28,46.329,46.329,46.28,983,45536.0,0.11,0.47,0.219,0.0
2026-06-18,SPDN,8.72,8.73,8.765,8.71,50609923,442265840.0,0.62,-0.91,-0.08,0.0
2026-06-18,SPDV,38.64,38.456,38.64,38.44,2723,104887.0,0.52,0.11,0.041,0.0
2026-06-18,SPDW,51.87,51.83,51.94,51.68,2244990,116397159.0,0.51,1.07,0.55,0.0
2026-06-18,SPE,13.76,13.65,13.76,13.63,23066,315976.0,0.95,0.18,0.025,0.0
2026-06-18,SPEG,10.27,10.27,10.27,10.27,0,30.0,0.0,0.0,0.0,0.0
2026-06-18,SPEGR,0.27,0.28,0.28,0.23,6300,1760.0,20.01,12.04,0.03,0.0
2026-06-18,SPEGU,10.6,10.6,10.6,10.6,73,782.0,0.0,0.0,0.0,0.0
2026-06-18,SPEM,53.07,53.08,53.165,52.88,2219803,117679327.0,0.54,1.49,0.78,0.0
2026-06-18,SPEU,55.46,55.536,55.61,55.41,25947,1440706.0,0.36,0.26,0.143,0.0
2026-06-18,SPE_C,24.91,24.85,24.91,24.85,969,24109.0,0.24,-0.24,-0.06,0.04
2026-06-18,SPFF,9.639,9.6,9.639,9.53,48960,469553.0,1.14,0.52,0.05,0.0
2026-06-18,SPFI,41.39,40.72,42.0,40.41,428148,17460049.0,3.84,-1.62,-0.67,2.24
2026-06-18,SPG,214.04,211.33,214.3,211.29,3655356,775127776.0,1.43,0.7,1.47,1.13
2026-06-18,SPGI,418.0,410.92,418.0,407.98,2860384,1177307840.0,2.4,-1.7,-7.1,0.97
2026-06-18,SPGM,86.22,86.08,86.25,85.84,72321,6222049.0,0.48,1.08,0.92,0.0
2026-06-18,SPGP,120.52,120.41,120.905,120.071,74620,8990938.0,0.7,1.26,1.5,0.0
2026-06-18,SPG_J,55.01,55.28,56.26,55.01,3005,167241.0,2.27,0.49,0.27,0.38
2026-06-18,SPH,17.03,16.55,17.09,16.53,2687500,44597696.0,3.34,-2.07,-0.35,4.05
2026-06-18,SPHB,154.82,155.04,155.885,154.115,138453,21465510.0,1.17,2.76,4.16,0.0
2026-06-18,SPHD,50.3,49.95,50.324,49.91,630704,31605132.0,0.83,-0.42,-0.21,0.0
2026-06-18,SPHL,2.99,2.53,3.02,2.52,47682,131565.0,16.23,-17.86,-0.55,2.11
2026-06-18,SPHQ,89.67,89.36,89.94,89.34,1695994,151910875.0,0.68,1.23,1.09,0.0
2026-06-18,SPHR,154.1,157.33,159.58,152.444,938484,147211891.0,4.68,3.27,4.98,3.24
2026-06-18,SPHY,23.45,23.44,23.45,23.415,3274376,76731279.0,0.15,0.3,0.07,0.0
2026-06-18,SPIB,33.42,33.39,33.44,33.38,7379007,246551738.0,0.18,0.21,0.07,0.0
2026-06-18,SPIN,32.12,32.213,32.213,32.12,4809,154536.0,0.29,1.08,0.343,0.0
2026-06-18,SPIP,25.65,25.67,25.7,25.64,736785,18910249.0,0.23,0.31,0.08,0.0
2026-06-18,SPIR,18.53,18.97,19.12,16.91,5465800,102238297.0,12.18,4.52,0.82,14.12
2026-06-18,SPIT,33.8,33.892,33.95,33.5,7197,242202.0,1.36,2.32,0.768,0.0
2026-06-18,SPKL,12.67,12.65,12.935,12.55,46804,594166.0,3.07,0.96,0.12,0.75
2026-06-18,SPKLU,14.97,14.5,14.97,14.5,1699,24977.0,3.35,3.5,0.49,0.0
2026-06-18,SPKLW,2.18,2.3,2.48,2.17,48615,111470.0,13.48,0.0,0.0,0.0
2026-06-18,SPLB,22.57,22.45,22.575,22.435,1518638,34154504.0,0.63,0.27,0.06,0.0
2026-06-18,SPLS,54.08,54.326,54.326,54.066,7383,399680.0,0.48,1.15,0.616,0.0
2026-06-18,SPLV,73.62,73.09,73.682,72.925,2141298,156881136.0,1.03,-0.3,-0.22,0.0
2026-06-18,SPMA,25.07,25.07,25.07,25.07,6374,160133.0,0.0,0.0,0.0,0.28
2026-06-18,SPMB,22.31,22.29,22.355,22.27,1179390,26315409.0,0.38,0.22,0.05,0.0
2026-06-18,SPMC,10.16,10.19,10.27,10.021,14872,150249.0,2.49,1.8,0.18,0.07
2026-06-18,SPMD,66.58,66.57,66.71,66.11,1047147,69656730.0,0.91,1.0,0.66,0.0
2026-06-18,SPME,25.18,25.17,25.18,25.16,2000,50284.0,0.08,-0.06,-0.015,0.1
2026-06-18,SPMO,160.04,159.9,160.65,159.1,2445986,391032112.0,1.0,2.84,4.41,0.0
2026-06-18,SPNT,23.06,22.76,23.1,22.59,1734518,39544381.0,2.21,-1.22,-0.28,1.48
2026-06-18,SPOG,6.06,6.547,6.63,6.06,29138,184299.0,9.17,5.38,0.334,0.0
2026-06-18,SPOK,10.63,10.51,10.88,10.46,296501,3131936.0,4.07,1.94,0.2,1.42
2026-06-18,SPOT,451.66,468.08,472.72,450.58,2460578,1149005952.0,4.86,2.74,12.48,1.2
2026-06-18,SPPL,3.63,3.67,3.7,3.57,541303,1969314.0,3.59,1.38,0.05,5.53
2026-06-18,SPPP,13.6,13.43,13.64,13.32,956247,12842065.0,2.35,-1.54,-0.21,0.0
2026-06-18,SPRB,49.48,52.36,52.9,49.48,171081,8913847.0,7.01,7.38,3.6,6.22
2026-06-18,SPRC,7.88,7.41,7.88,7.355,12109,91367.0,6.53,-7.84,-0.63,2.11
2026-06-18,SPRE,21.31,21.2,21.31,21.15,56178,1193729.0,0.76,0.09,0.02,0.0
2026-06-18,SPRO,2.51,2.28,2.51,2.15,7195319,16853768.0,17.06,8.06,0.17,12.43
2026-06-18,SPRU,2.89,2.9,2.97,2.875,38688,112911.0,3.28,0.0,0.0,0.21
2026-06-18,SPRX,57.6,57.93,58.22,56.65,77193,4446937.0,2.82,4.1,2.28,0.0
2026-06-18,SPRY,10.05,9.65,10.25,9.5,2277986,22061038.0,7.58,-2.53,-0.25,2.29
2026-06-18,SPSB,29.95,29.96,29.97,29.95,2845707,85249392.0,0.07,0.17,0.05,0.0
2026-06-18,SPSC,53.12,53.13,53.555,51.26,1397893,74135812.0,4.34,0.55,0.29,3.81
2026-06-18,SPSK,18.04,18.035,18.14,18.009,184048,3322633.0,0.73,0.25,0.045,0.0
2026-06-18,SPSM,55.63,55.86,55.95,55.38,1332007,74243492.0,1.04,1.75,0.96,0.0
2026-06-18,SPT,6.85,6.55,6.85,6.53,2029981,13440806.0,4.66,-4.66,-0.32,3.74
2026-06-18,SPTB,30.06,30.016,30.075,30.01,59627,1790473.0,0.22,0.19,0.056,0.0
2026-06-18,SPTE,48.6,49.215,49.3,48.6,314693,15357494.0,1.47,3.35,1.595,0.0
2026-06-18,SPTI,28.32,28.31,28.369,28.31,1764920,50017228.0,0.21,0.25,0.07,0.0
2026-06-18,SPTL,26.37,26.3,26.41,26.27,4185091,110176773.0,0.53,0.5,0.13,0.0
2026-06-18,SPTM,90.97,90.91,91.07,90.57,455745,41391539.0,0.56,1.06,0.95,0.0
2026-06-18,SPTS,28.96,28.97,28.98,28.96,1777733,51511896.0,0.07,0.14,0.04,0.0
2026-06-18,SPTU,25.055,25.055,25.055,25.055,197,4945.0,0.0,0.05,0.012,0.0
2026-06-18,SPTX,17.44,18.17,18.28,16.91,1326803,23983718.0,8.01,6.26,1.07,2.48
2026-06-18,SPUC,49.425,49.535,49.58,49.425,1303,64517.0,0.32,0.98,0.479,0.0
2026-06-18,SPUS,57.39,57.53,57.63,57.11,975235,55871755.0,0.92,1.59,0.9,0.0
2026-06-18,SPUT,28.12,28.239,28.239,28.12,851,23986.0,0.42,0.7,0.195,0.0
2026-06-18,SPUU,216.2,215.95,216.61,214.555,6755,1455986.0,0.97,2.1,4.432,0.0
2026-06-18,SPVM,73.97,73.001,73.97,72.931,3596,263984.0,1.41,-0.73,-0.539,0.0
2026-06-18,SPWH,1.32,1.37,1.39,1.29,750293,1020903.0,7.78,6.61,0.085,1.92
2026-06-18,SPWO,34.52,35.03,35.03,34.45,35940,1250885.0,1.71,3.27,1.11,0.0
2026-06-18,SPWR,0.763,0.78,0.81,0.751,4047810,3150540.0,7.88,4.14,0.031,2.78
2026-06-18,SPWRW,0.23,0.163,0.23,0.163,30436,5423.0,37.22,-9.44,-0.017,0.0
2026-06-18,SPXC,239.87,242.97,244.77,236.71,761975,184696909.0,3.43,3.26,7.68,1.52
2026-06-18,SPXD,28.45,28.375,28.49,28.375,5594,159122.0,0.41,0.24,0.068,0.0
2026-06-18,SPXE,80.85,80.957,80.957,80.81,1231,99473.0,0.18,1.24,0.993,0.0
2026-06-18,SPXL,273.84,272.62,274.278,269.7,1592181,433668336.0,1.73,2.89,7.67,0.0
2026-06-18,SPXN,82.25,82.604,82.604,82.25,808,66500.0,0.43,1.48,1.201,0.0
2026-06-18,SPXS,26.54,26.67,26.965,26.485,8760196,233818073.0,1.75,-2.88,-0.79,0.0
2026-06-18,SPXT,107.68,107.748,107.845,107.595,7128,767555.0,0.23,0.21,0.23,0.0
2026-06-18,SPXU,37.24,37.42,37.84,37.16,9047579,338722032.0,1.77,-2.83,-1.09,0.0
2026-06-18,SPXV,82.58,82.864,82.864,82.58,5107,422687.0,0.35,1.32,1.079,0.0
2026-06-18,SPXX,18.0,18.13,18.16,17.955,173591,3136082.0,1.15,1.85,0.33,0.0
2026-06-18,SPY,747.76,746.74,748.23,743.86,80875657,60360030976.0,0.59,0.78,5.78,0.0
2026-06-18,SPYA,30.091,30.091,30.091,30.091,4,149.0,0.0,1.09,0.325,0.0
2026-06-18,SPYC,46.06,45.88,46.06,45.67,16699,765153.0,0.86,1.28,0.58,0.0
2026-06-18,SPYD,47.8,47.5,47.82,47.45,1501261,71497073.0,0.78,-0.08,-0.04,0.0
2026-06-18,SPYG,119.43,119.54,119.82,118.51,1653270,197267284.0,1.11,1.66,1.95,0.0
2026-06-18,SPYH,56.1,56.12,56.17,55.932,28342,1590285.0,0.43,0.79,0.442,0.0
2026-06-18,SPYI,53.14,53.05,53.17,52.863,2915780,154592571.0,0.58,0.95,0.5,0.0
2026-06-18,SPYM,88.0,87.89,88.06,87.555,9992197,877985328.0,0.58,1.02,0.89,0.0
2026-06-18,SPYQ,186.18,187.279,187.279,186.18,517,96414.0,0.6,2.13,3.911,0.0
2026-06-18,SPYT,17.48,17.52,17.535,17.445,94708,1657603.0,0.52,1.04,0.18,0.0
2026-06-18,SPYU,33.74,33.57,33.83,33.09,549408,18421579.0,2.29,3.87,1.25,0.0
2026-06-18,SPYV,61.21,60.87,61.21,60.8,1702702,103778081.0,0.68,0.21,0.13,0.0
2026-06-18,SPYX,61.43,61.32,61.43,61.09,39293,2408697.0,0.56,1.09,0.66,0.0
2026-06-18,SQFT,2.63,2.68,2.79,2.63,13882,37914.0,5.99,0.37,0.01,0.97
2026-06-18,SQFTP,5.618,5.52,5.9,5.52,2535,14398.0,6.67,-3.16,-0.18,0.26
2026-06-18,SQFTW,0.018,0.017,0.018,0.017,7606,133.0,5.26,-10.53,-0.002,0.0
2026-06-18,SQLT,28.212,28.212,28.212,28.212,90,2532.0,0.0,1.34,0.372,0.0
2026-06-18,SQLV,49.8,49.866,49.94,49.65,2704,134823.0,0.59,0.96,0.472,0.0
2026-06-18,SQM,81.93,79.69,82.33,77.98,1968987,156593048.0,5.24,-3.98,-3.3,1.38
2026-06-18,SQMX,34.19,34.16,34.19,34.13,9116,311441.0,0.18,0.04,0.015,0.0
2026-06-18,SQNS,3.0,3.1,3.24,3.0,58663,182463.0,7.84,1.31,0.04,0.39
2026-06-18,SQQQ,37.2,36.75,37.95,36.43,60260821,2239695456.0,3.85,-7.01,-2.77,0.0
2026-06-18,SQS,27.84,28.018,28.05,27.84,21546,602691.0,0.76,1.8,0.496,0.0
2026-06-18,SR,77.48,77.05,77.68,76.44,1016164,78280057.0,1.6,-0.28,-0.22,1.72
2026-06-18,SRAD,14.97,15.06,15.24,14.65,1957263,29466433.0,3.93,0.2,0.03,0.88
2026-06-18,SRBK,18.95,18.83,19.0,18.69,62425,1175623.0,1.64,-0.26,-0.05,0.77
2026-06-18,SRCE,77.28,76.91,77.65,76.61,268167,20646232.0,1.36,0.55,0.42,1.11
2026-06-18,SRE,90.43,90.69,91.57,89.84,9725497,881400736.0,1.92,0.49,0.44,1.49
2026-06-18,SREA,21.04,21.1,21.14,20.93,71928,1514711.0,1.0,0.96,0.2,0.0
2026-06-18,SRET,22.17,22.113,22.25,22.05,18977,419918.0,0.91,0.35,0.078,0.0
2026-06-18,SRFM,1.13,1.17,1.2,1.13,5650309,6589761.0,6.36,6.36,0.07,5.63
2026-06-18,SRG,2.64,2.66,2.705,2.635,161935,430905.0,2.66,1.14,0.03,0.29
2026-06-18,SRG_A,21.68,22.07,22.09,21.68,1578,34807.0,1.86,0.18,0.04,0.06
2026-06-18,SRHQ,44.246,44.246,44.246,44.246,16,744.0,0.0,0.32,0.14,0.0
2026-06-18,SRHR,58.19,57.879,58.19,57.879,184,10724.0,0.54,0.56,0.324,0.0
2026-06-18,SRI,7.51,7.6,7.65,7.37,105069,795198.0,3.8,3.12,0.23,0.37
2026-06-18,SRJN,23.88,23.99,23.99,23.865,18593,445368.0,0.52,0.76,0.18,0.0
2026-06-18,SRLN,40.38,40.38,40.395,40.34,631065,25481396.0,0.14,0.1,0.04,0.0
2026-06-18,SROI,37.32,37.326,37.326,37.32,230,8589.0,0.02,1.73,0.636,0.0
2026-06-18,SRPT,17.05,17.53,18.01,17.05,5610425,98432466.0,5.66,3.36,0.57,5.31
2026-06-18,SRRK,47.27,47.33,48.08,46.165,3059292,144509487.0,4.08,0.81,0.38,2.55
2026-06-18,SRS,40.62,41.546,41.571,40.61,3838,157816.0,2.32,0.33,0.136,0.0
2026-06-18,SRTA,5.88,5.88,5.985,5.67,2673887,15666910.0,5.44,1.55,0.09,3.09
2026-06-18,SRTS,2.72,2.79,2.82,2.68,51055,140162.0,5.13,2.2,0.06,0.31
2026-06-18,SRTY,22.99,22.72,23.74,22.63,2406767,55655604.0,4.6,-5.8,-1.4,0.0
2026-06-18,SRV,46.27,46.53,46.79,45.707,39247,1820025.0,2.36,1.35,0.62,0.0
2026-06-18,SRVR,33.85,33.54,33.878,33.37,37469,1260961.0,1.51,-0.18,-0.06,0.0
2026-06-18,SRXH,0.18,0.125,0.183,0.115,394521584,58332836.0,34.0,-37.5,-0.075,66.84
2026-06-18,SRZN,24.18,23.25,25.31,22.49,246452,5740381.0,11.73,-3.29,-0.79,2.12
2026-06-18,SRZNW,0.01,0.01,0.01,0.01,955,10.0,0.0,-23.08,-0.003,0.0
2026-06-18,SSAC,10.0,9.995,10.005,9.99,28416,284136.0,0.15,-0.05,-0.005,0.16
2026-06-18,SSACR,0.175,0.18,0.18,0.175,5907,1050.0,2.94,5.88,0.01,0.0
2026-06-18,SSACU,10.18,10.18,10.18,10.18,50,560.0,0.0,0.0,0.0,0.0
2026-06-18,SSACW,0.13,0.135,0.135,0.13,15607,2031.0,3.57,-3.57,-0.005,0.0
2026-06-18,SSB,96.29,96.53,97.22,95.95,1291233,124611536.0,1.32,0.71,0.68,1.32
2026-06-18,SSBI,13.52,13.58,13.58,13.46,8926,120986.0,0.88,0.0,0.0,0.13
2026-06-18,SSCP,24.88,25.248,25.248,24.79,1715,42824.0,1.84,1.17,0.293,0.0
2026-06-18,SSD,194.12,200.14,203.25,192.9,657233,131456601.0,5.4,4.35,8.35,1.6
2026-06-18,SSFI,21.526,21.526,21.526,21.526,173,3726.0,0.0,0.26,0.056,0.0
2026-06-18,SSG,11.65,11.24,11.72,11.215,1544620,17676856.0,4.03,-10.37,-1.3,0.0
2026-06-18,SSII,3.4,3.47,3.59,3.301,49563,172172.0,8.78,5.47,0.18,0.02
2026-06-18,SSK,9.71,9.42,9.71,9.261,146838,1375817.0,4.63,-2.79,-0.27,0.0
2026-06-18,SSL,10.88,10.77,10.91,10.6,3340451,35757727.0,2.89,0.28,0.03,0.52
2026-06-18,SSM,4.04,3.91,4.105,3.7,3722,14855.0,10.63,2.62,0.1,0.26
2026-06-18,SSMG,27.74,27.833,27.833,27.74,4508,125057.0,0.34,1.7,0.466,0.0
2026-06-18,SSMR,14.08,13.69,14.09,12.91,264035,3575076.0,8.43,-2.14,-0.3,0.19
2026-06-18,SSNC,66.34,65.42,66.34,64.37,3294129,215180405.0,2.97,-1.42,-0.94,1.37
2026-06-18,SSO,67.84,67.61,67.92,67.14,2254655,152419900.0,1.18,1.9,1.26,0.0
2026-06-18,SSP,2.64,2.75,2.76,2.5,3069494,8348299.0,9.81,3.77,0.1,3.86
2026-06-18,SSPY,95.66,95.772,95.772,95.66,1098,105135.0,0.12,0.42,0.398,0.0
2026-06-18,SSRM,31.8,30.95,32.98,30.675,4444681,139071382.0,7.26,-2.58,-0.82,2.14
2026-06-18,SSS,19.75,19.75,19.75,19.75,5,98.0,0.0,0.15,0.029,0.0
2026-06-18,SSSS,13.24,13.21,13.542,13.09,317885,4213713.0,3.5,2.4,0.31,1.22
2026-06-18,SSSSL,25.0,24.97,25.005,24.97,2349,58719.0,0.14,-0.2,-0.05,0.0
2026-06-18,SST,3.1,2.85,3.1,2.81,33601,98354.0,9.51,-6.56,-0.2,0.41
2026-06-18,SSTI,7.6,7.84,8.08,7.6,201287,1575793.0,6.36,3.84,0.29,1.55
2026-06-18,SSTK,12.88,13.22,13.41,12.69,559502,7382510.0,5.57,2.32,0.3,1.52
2026-06-18,SSUS,55.23,55.396,55.415,55.09,20589,1138596.0,0.6,1.55,0.844,0.0
2026-06-18,SSXU,36.07,35.981,36.07,35.98,3412,122807.0,0.25,0.14,0.051,0.0
2026-06-18,SSYS,8.87,8.92,9.08,8.71,5026260,44864258.0,4.2,1.13,0.1,5.79
2026-06-18,ST,50.88,50.63,51.305,50.15,2100109,106380237.0,2.34,2.37,1.17,1.44
2026-06-18,STAA,29.36,29.12,29.36,28.59,818047,23783529.0,2.64,-0.34,-0.1,1.64
2026-06-18,STAG,37.71,37.8,37.91,37.27,2636606,99482115.0,1.72,1.42,0.53,1.38
2026-06-18,STAK,5.72,5.83,6.0,5.26,108386,607725.0,12.69,0.0,0.0,1.08
2026-06-18,STAX,25.44,25.47,25.47,25.43,11200,285021.0,0.16,0.1,0.025,0.0
2026-06-18,STBA,47.14,46.84,47.14,46.63,670775,31441844.0,1.1,0.62,0.29,1.86
2026-06-18,STBF,25.27,25.305,25.32,25.27,13032,329700.0,0.2,0.02,0.005,0.0
2026-06-18,STBQ,20.38,20.387,20.387,20.27,669,13617.0,0.58,0.48,0.098,0.0
2026-06-18,STC,65.92,66.46,66.67,65.28,425138,28165202.0,2.12,1.47,0.96,1.4
2026-06-18,STCE,79.04,78.95,79.535,77.405,86290,6748037.0,2.76,2.24,1.73,0.0
2026-06-18,STE,199.34,202.61,203.05,199.34,1599130,322920432.0,1.86,1.61,3.21,1.64
2026-06-18,STEL,38.55,38.43,38.65,38.23,783859,30120598.0,1.1,0.39,0.15,1.54
2026-06-18,STEM,7.96,8.22,8.32,7.705,123786,998843.0,8.01,7.03,0.54,1.38
2026-06-18,STEN,27.505,27.513,27.513,27.48,10727,294958.0,0.12,0.77,0.211,0.0
2026-06-18,STEP,45.56,45.2,46.135,42.91,3243293,145511512.0,7.03,-1.46,-0.67,4.02
2026-06-18,STEW,17.75,17.6,17.92,17.6,58515,1040682.0,1.81,-0.4,-0.07,0.0
2026-06-18,STEX,0.96,0.916,0.98,0.89,2527887,2319486.0,9.65,-1.82,-0.017,2.42
2026-06-18,STFS,7.16,6.8,7.16,6.59,7020,48185.0,8.27,-1.31,-0.09,0.6
2026-06-18,STG,2.655,3.41,3.43,2.57,159243,464692.0,32.58,29.17,0.77,3.14
2026-06-18,STGW,6.76,6.71,6.81,6.57,1433756,9605997.0,3.6,0.75,0.05,0.58
2026-06-18,STHH,152.35,157.0,157.0,151.84,4489,692874.0,3.5,6.57,9.683,0.0
2026-06-18,STHO,8.97,8.97,9.01,8.901,25394,227832.0,1.23,0.9,0.08,0.21
2026-06-18,STI,19.48,17.45,19.49,16.51,621860,11002069.0,14.44,-15.41,-3.18,8.03
2026-06-18,STIM,1.23,1.23,1.298,1.2,1653902,2029535.0,8.1,1.65,0.02,2.38
2026-06-18,STIP,101.96,102.06,102.1,101.95,891344,90934986.0,0.15,0.18,0.18,0.0
2026-06-18,STK,53.71,54.21,55.0,53.71,48738,2651291.0,2.45,3.04,1.6,0.0
2026-06-18,STKE,1.29,1.17,1.3,1.16,316970,383235.0,11.11,-7.14,-0.09,0.85
2026-06-18,STKH,0.883,0.855,0.89,0.83,46506,40224.0,6.8,-3.17,-0.028,2.62
2026-06-18,STKS,1.87,1.92,1.937,1.85,46585,88902.0,4.7,3.78,0.07,0.15
2026-06-18,STLA,6.32,6.34,6.435,6.3,16915193,107531603.0,2.09,-2.01,-0.13,0.58
2026-06-18,STLD,261.9,249.91,261.99,248.05,4526556,1138446208.0,5.16,-7.49,-20.22,3.14
2026-06-18,STLR,29.0,28.307,29.0,27.8,1899,53540.0,4.55,7.41,1.954,0.0
2026-06-18,STLU,35.74,33.19,36.879,31.67,55808,1920378.0,18.08,15.17,4.372,0.0
2026-06-18,STM,75.89,78.39,78.54,75.61,17547270,1363328128.0,3.99,6.86,5.03,1.97
2026-06-18,STN,69.46,67.69,69.96,67.14,786620,53378958.0,4.04,-2.94,-2.05,0.69
2026-06-18,STNC,37.95,37.823,37.95,37.823,260,9890.0,0.34,1.52,0.567,0.0
2026-06-18,STNE,10.8,10.59,10.945,10.565,4983125,53118489.0,3.53,-1.67,-0.18,2.17
2026-06-18,STNG,78.2,80.58,80.65,76.23,1000733,79720151.0,5.66,3.25,2.54,1.98
2026-06-18,STOK,30.92,31.0,31.53,29.835,1971080,60984150.0,5.6,2.45,0.74,3.16
2026-06-18,STOT,47.01,46.985,47.01,46.98,31129,1463021.0,0.06,0.11,0.05,0.0
2026-06-18,STOX,31.11,30.943,31.11,30.77,14776,457190.0,1.11,1.12,0.342,0.0
2026-06-18,STPZ,53.28,53.28,53.34,53.23,167984,8966717.0,0.21,0.2,0.105,0.0
2026-06-18,STRA,75.185,75.33,75.585,74.13,540538,40609687.0,1.94,0.21,0.16,2.39
2026-06-18,STRC,89.17,88.59,89.68,82.53,10808286,930847904.0,8.03,-0.46,-0.41,12.66
2026-06-18,STRD,65.0,62.2,65.5,60.11,350493,21798727.0,8.18,-5.56,-3.66,2.5
2026-06-18,STRF,93.02,91.03,93.12,90.17,502642,45970495.0,3.17,-2.07,-1.92,3.91
2026-06-18,STRK,64.0,60.53,64.9,59.57,500181,30506619.0,8.35,-5.2,-3.32,3.57
2026-06-18,STRL,870.16,861.88,880.0,827.9,1101960,948819856.0,6.22,2.82,23.67,3.59
2026-06-18,STRN,28.255,28.485,28.495,28.25,3354,95199.0,0.88,1.97,0.551,0.0
2026-06-18,STRO,28.7,29.63,29.9,27.69,287934,8413810.0,7.78,4.29,1.22,1.74
2026-06-18,STRR,11.16,11.41,11.48,11.01,12753,144670.0,4.24,2.98,0.33,0.35
2026-06-18,STRRP,9.755,9.755,9.755,9.755,527,5093.0,0.0,0.0,0.0,0.02
2026-06-18,STRS,28.7,29.14,29.44,28.7,57483,1676568.0,2.58,1.71,0.49,0.72
2026-06-18,STRT,78.92,79.82,80.0,77.23,78598,6216289.0,3.57,2.98,2.31,1.88
2026-06-18,STRW,13.3,13.34,13.4,13.2,40268,536802.0,1.52,1.29,0.17,0.3
2026-06-18,STRZ,28.92,28.63,29.16,27.14,144160,4098246.0,7.09,0.49,0.14,0.86
2026-06-18,STSM,18.0,16.52,18.0,16.36,45243,770641.0,8.57,-13.69,-2.62,0.0
2026-06-18,STT,172.92,168.31,174.66,167.94,7304662,1236389824.0,3.93,-1.63,-2.79,2.64
2026-06-18,STTK,4.89,4.95,5.08,4.73,1222010,6001264.0,7.38,4.43,0.21,1.32
2026-06-18,STT_G,21.61,21.6,21.7,21.58,51000,1102664.0,0.56,0.09,0.02,0.26
2026-06-18,STUB,11.6,11.68,11.77,11.24,10993292,127022697.0,4.65,2.46,0.28,3.13
2026-06-18,STVN,17.36,17.54,17.81,17.35,263915,4630048.0,2.7,2.81,0.48,0.53
2026-06-18,STWD,16.78,16.7,16.865,16.67,4652320,77868755.0,1.17,0.24,0.04,1.25
2026-06-18,STX,1133.36,1070.23,1145.0,1053.53,8424509,9130215168.0,8.58,0.39,4.16,3.76
2026-06-18,STXD,39.7,39.48,39.7,39.48,1871,74047.0,0.56,0.54,0.212,0.0
2026-06-18,STXE,54.3,54.86,55.01,54.3,13518,740523.0,1.35,4.42,2.322,0.0
2026-06-18,STXF,48.44,48.38,48.44,48.17,77743,3758462.0,0.56,1.07,0.51,0.0
2026-06-18,STXG,55.3,55.44,55.44,55.05,2632,145530.0,0.71,1.15,0.63,0.0
2026-06-18,STXK,37.62,37.751,37.77,37.49,6108,230311.0,0.75,1.51,0.563,0.0
2026-06-18,STXL,69.99,61.88,70.409,59.9,493463,31656482.0,17.11,0.77,0.47,0.0
2026-06-18,STXS,1.84,1.88,1.905,1.77,814474,1515168.0,7.58,5.62,0.1,0.83
2026-06-18,STXT,19.72,19.62,19.73,19.6,11867,233230.0,0.66,-0.51,-0.1,0.0
2026-06-18,STXU,25.95,23.141,26.34,22.63,124327,3038122.0,16.13,0.61,0.141,0.0
2026-06-18,STXV,37.83,37.657,37.83,37.621,5707,215642.0,0.56,0.02,0.007,0.0
2026-06-18,STXX,77.8,76.31,86.89,74.0,174304,13914310.0,17.04,0.86,0.65,0.0
2026-06-18,STZ,139.08,141.18,142.07,138.935,3598744,506639904.0,2.26,1.6,2.22,2.1
2026-06-18,SU,55.45,55.33,55.71,54.37,10283961,565404464.0,2.38,-1.69,-0.95,0.87
2026-06-18,SUB,106.52,106.56,106.58,106.49,323529,34470770.0,0.08,0.12,0.13,0.0
2026-06-18,SUGP,0.952,1.02,1.15,0.93,1663168,1744467.0,21.15,-1.92,-0.02,46.68
2026-06-18,SUI,123.33,118.46,123.33,118.3,1610364,192131308.0,4.13,-2.82,-3.44,1.31
2026-06-18,SUIG,1.4,1.35,1.4,1.31,292812,394657.0,6.43,-3.57,-0.05,0.38
2026-06-18,SUIL,6.68,6.475,6.8,6.3,10102,64822.0,6.67,-13.68,-1.026,0.0
2026-06-18,SUIS,19.19,18.711,19.259,18.445,4314,80197.0,4.06,-6.79,-1.362,0.0
2026-06-18,SUJA,9.3,9.27,9.921,9.21,882666,8232830.0,7.71,0.54,0.05,3.72
2026-06-18,SUMA,9.875,9.88,9.88,9.875,7655,75626.0,0.05,0.1,0.01,0.04
2026-06-18,SUMAR,0.27,0.27,0.27,0.27,400,108.0,0.0,3.85,0.01,0.0
2026-06-18,SUN,62.26,63.5,63.91,61.241,1402852,88797715.0,4.25,1.08,0.68,1.02
2026-06-18,SUNB,81.59,86.06,86.675,81.59,33730727,2895602464.0,6.24,5.56,4.53,8.23
2026-06-18,SUNC,62.42,63.08,63.514,61.61,410391,25737699.0,3.04,0.67,0.42,0.8
2026-06-18,SUNE,2.7,2.55,2.72,2.55,546797,1433849.0,6.2,-6.93,-0.19,13.26
2026-06-18,SUNS,8.55,8.46,8.61,8.45,121160,1029242.0,1.9,0.24,0.02,0.9
2026-06-18,SUPL,45.73,45.487,45.855,45.487,353,16167.0,0.81,-0.12,-0.056,0.0
2026-06-18,SUPN,44.07,44.38,44.58,43.54,1096029,48474082.0,2.39,1.84,0.8,1.89
2026-06-18,SUPP,87.735,87.735,87.735,87.735,250,21986.0,0.0,2.93,2.495,0.0
2026-06-18,SUPV,11.41,11.38,11.74,11.28,1492635,17138757.0,4.1,1.52,0.17,1.98
2026-06-18,SUPX,8.37,8.19,8.46,7.95,279617,2279303.0,5.98,-3.99,-0.34,0.65
2026-06-18,SURE,144.534,144.534,144.534,144.534,16,2384.0,0.0,0.86,1.234,0.0
2026-06-18,SURG,0.441,0.42,0.459,0.417,183612,78751.0,9.55,-4.55,-0.02,0.73
2026-06-18,SURI,17.3,17.02,17.3,16.96,2406,41069.0,1.96,-1.94,-0.336,0.0
2026-06-18,SUSA,153.6,153.25,153.6,152.88,30027,4603979.0,0.47,1.07,1.62,0.0
2026-06-18,SUSB,24.94,24.935,24.96,24.93,108623,2709405.0,0.12,0.16,0.04,0.0
2026-06-18,SUSC,23.19,23.12,23.19,23.12,140000,3241989.0,0.3,0.17,0.039,0.0
2026-06-18,SUSL,132.07,131.968,132.08,131.49,13359,1761567.0,0.45,0.93,1.219,0.0
2026-06-18,SUZ,8.22,8.39,8.5,8.205,4290575,36071081.0,3.56,1.33,0.11,0.35
2026-06-18,SVAC,10.29,10.28,10.31,10.27,635585,6535206.0,0.39,-0.29,-0.03,2.76
2026-06-18,SVACU,11.0,11.11,11.11,11.0,334,3694.0,1.02,2.68,0.29,0.0
2026-06-18,SVACW,1.9,1.875,1.92,1.85,19910,37447.0,3.72,-0.42,-0.008,0.0
2026-06-18,SVAL,40.47,40.62,40.73,40.37,17367,704647.0,0.9,0.99,0.4,0.0
2026-06-18,SVAQ,10.15,10.08,10.15,10.08,136024,1375149.0,0.69,-0.15,-0.015,0.61
2026-06-18,SVAQU,10.58,10.58,10.58,10.58,125001,1322511.0,0.0,0.0,0.0,0.0
2026-06-18,SVAQW,0.94,0.92,0.95,0.84,277002,253194.0,12.07,0.99,0.009,0.0
2026-06-18,SVC,1.64,1.69,1.69,1.605,17221696,28830701.0,5.31,5.63,0.09,2.66
2026-06-18,SVCCU,10.65,10.65,10.65,10.65,504,5368.0,0.0,0.0,0.0,0.0
2026-06-18,SVCO,12.8,13.35,13.51,11.98,701496,9096424.0,12.11,5.7,0.72,2.15
2026-06-18,SVIVW,0.91,1.11,1.19,0.91,5928,6196.0,26.92,6.73,0.07,0.0
2026-06-18,SVIX,23.27,23.2,23.38,22.91,2430104,56304399.0,2.09,3.07,0.69,0.0
2026-06-18,SVM,11.86,11.32,12.1,11.205,13908179,157998020.0,7.53,-4.71,-0.56,6.29
2026-06-18,SVOL,16.12,16.19,16.27,16.12,145938,2362935.0,0.93,0.43,0.07,0.0
2026-06-18,SVRA,5.51,5.5,5.625,5.37,4761569,26121610.0,4.74,2.23,0.12,2.32
2026-06-18,SVRE,3.68,3.79,3.79,3.553,20525,75070.0,6.46,3.27,0.12,2.2
2026-06-18,SVRN,10.29,10.02,10.46,10.0,12997,132861.0,4.6,0.3,0.03,0.69
2026-06-18,SVV,9.86,10.15,10.23,9.858,1501141,15155999.0,3.85,5.07,0.49,0.97
2026-06-18,SVXY,56.51,56.44,56.62,56.02,1298011,73164567.0,1.08,1.64,0.91,0.0
2026-06-18,SW,43.57,44.2,45.235,43.33,9449094,418787952.0,4.39,1.8,0.78,1.8
2026-06-18,SWAG,2.25,2.17,2.292,2.09,68536,149684.0,9.02,-3.13,-0.07,0.37
2026-06-18,SWAGW,0.022,0.022,0.03,0.022,9196,243.0,26.67,-26.67,-0.008,0.0
2026-06-18,SWAN,33.69,33.693,33.72,33.63,7002,235774.0,0.27,0.94,0.314,0.0
2026-06-18,SWBI,15.8,16.08,17.563,15.63,4654328,75983301.0,14.08,17.12,2.35,10.41
2026-06-18,SWIM,5.72,5.82,5.936,5.71,1071770,6245552.0,4.02,3.56,0.2,0.91
2026-06-18,SWK,84.135,86.75,87.39,84.135,2249548,194724850.0,3.95,5.19,4.28,1.45
2026-06-18,SWKHL,25.25,25.25,25.265,25.23,2093,52824.0,0.14,-0.07,-0.018,0.0
2026-06-18,SWKS,71.41,72.45,72.77,68.485,9405035,675900976.0,6.18,4.42,3.07,6.25
2026-06-18,SWMR,41.0,41.79,44.09,39.5,588025,24438062.0,11.25,2.43,0.99,5.25
2026-06-18,SWP,28.605,28.669,28.75,28.605,7373,211493.0,0.51,0.14,0.04,0.0
2026-06-18,SWVL,1.49,1.56,1.57,1.44,8094,12209.0,8.84,6.12,0.09,0.08
2026-06-18,SWVLW,0.008,0.008,0.008,0.008,30066,242.0,0.0,0.0,0.0,0.0
2026-06-18,SWX,87.26,88.48,88.57,86.78,1125537,99156477.0,2.06,1.58,1.38,1.56
2026-06-18,SWZ,5.94,5.92,5.94,5.91,49099,290571.0,0.51,0.17,0.01,0.0
2026-06-18,SXC,8.88,8.64,8.89,8.54,2363674,20500491.0,4.01,-1.03,-0.09,2.79
2026-06-18,SXI,299.35,315.17,316.915,299.18,295931,92082986.0,6.0,6.56,19.39,2.44
2026-06-18,SXQG,31.21,31.342,31.342,31.21,261,8187.0,0.42,0.46,0.145,0.0
2026-06-18,SXT,113.0,113.48,113.63,110.56,939530,105843546.0,2.76,2.19,2.43,2.21
2026-06-18,SXTC,2.44,2.23,2.44,2.18,47012,105877.0,11.71,0.45,0.01,0.12
2026-06-18,SXTP,1.57,1.64,1.71,1.57,94348,156193.0,8.64,1.23,0.02,3.55
2026-06-18,SXTPW,0.036,0.036,0.038,0.036,561,20.0,5.26,-5.26,-0.002,0.0
2026-06-18,SY,1.56,1.425,1.575,1.42,437074,650581.0,10.03,-7.77,-0.12,0.52
2026-06-18,SYBT,73.15,73.18,73.725,72.875,460432,33735612.0,1.18,1.19,0.86,1.56
2026-06-18,SYF,75.38,75.26,76.068,75.04,8466679,637982256.0,1.39,1.55,1.15,2.52
2026-06-18,SYFI,35.69,35.7,35.73,35.675,155839,5565454.0,0.15,0.2,0.07,0.0
2026-06-18,SYF_A,19.01,19.0,19.16,18.95,82428,1569812.0,1.11,0.26,0.05,0.27
2026-06-18,SYF_B,25.73,25.67,25.92,25.6,30265,780520.0,1.25,0.27,0.07,0.15
2026-06-18,SYK,301.19,307.8,311.54,299.36,3427962,1054960464.0,4.04,2.21,6.66,0.89
2026-06-18,SYLD,78.67,78.15,78.67,77.968,27650,2164358.0,0.89,-0.37,-0.29,0.0
2026-06-18,SYM,40.77,41.68,41.73,39.94,2925222,120902749.0,4.46,3.76,1.51,2.3
2026-06-18,SYNA,138.82,140.89,143.05,136.905,1034358,145682889.0,4.6,5.51,7.36,2.68
2026-06-18,SYNX,1.2,1.14,1.2,1.11,27592,31671.0,7.76,-1.72,-0.02,0.42
2026-06-18,SYPR,2.52,2.44,2.63,2.41,112892,282689.0,8.76,-2.79,-0.07,0.49
2026-06-18,SYRE,89.55,88.34,90.99,86.18,2420429,213389610.0,5.5,0.97,0.85,2.79
2026-06-18,SYSB,88.7,88.62,88.79,88.58,56206,4985294.0,0.24,0.33,0.29,0.0
2026-06-18,SYY,80.37,78.7,80.37,78.42,6460792,509773264.0,2.47,-0.38,-0.3,1.35
2026-06-18,SYZ,30.205,30.262,30.262,30.205,7416,224102.0,0.19,1.4,0.417,0.0
2026-06-18,SZK,22.42,22.33,22.42,22.33,965,21598.0,0.41,1.2,0.264,0.0
2026-06-18,SZZL,10.36,10.37,10.37,10.36,39738,411699.0,0.1,0.0,0.0,0.17
2026-06-18,SZZLR,0.2,0.2,0.2,0.2,2,0.0,0.0,0.0,0.0,0.0
2026-06-18,T,22.46,22.01,22.52,21.99,94242931,2087967616.0,2.36,-1.92,-0.43,1.36
2026-06-18,TAC,13.77,13.74,13.845,13.51,1720754,23609314.0,2.47,1.33,0.18,0.58
2026-06-18,TACH,10.42,10.41,10.42,10.41,26018,271101.0,0.1,0.0,0.0,0.09
2026-06-18,TACHU,10.79,10.76,10.99,10.76,1994,21584.0,2.14,0.09,0.01,0.0
2026-06-18,TACHW,0.721,0.689,0.721,0.64,13192,9184.0,12.09,2.84,0.019,0.0
2026-06-18,TACK,31.45,31.31,31.45,31.29,13789,432370.0,0.51,0.13,0.04,0.0
2026-06-18,TACN,28.46,28.475,28.49,28.46,1029,29295.0,0.11,0.69,0.194,0.0
2026-06-18,TACO,10.4,10.39,10.4,10.38,39668,412526.0,0.19,0.0,0.0,0.11
2026-06-18,TACOW,0.661,0.63,0.661,0.63,372,247.0,5.17,5.0,0.03,0.0
2026-06-18,TACT,5.33,5.46,5.5,5.21,71036,384952.0,5.51,3.8,0.2,0.69
2026-06-18,TACU,27.18,27.23,27.28,27.18,2860,77969.0,0.37,0.95,0.256,0.0
2026-06-18,TAFI,25.21,25.2,25.22,25.19,585266,14753268.0,0.12,0.04,0.01,0.0
2026-06-18,TAFL,25.17,25.165,25.18,25.16,2077,52282.0,0.08,0.22,0.055,0.0
2026-06-18,TAFM,25.6,25.57,25.6,25.55,168466,4309257.0,0.2,0.18,0.045,0.0
2026-06-18,TAGG,42.53,42.525,42.633,42.525,59073,2514896.0,0.25,0.27,0.115,0.0
2026-06-18,TAGS,24.07,23.84,24.07,23.84,7287,174208.0,0.95,-1.5,-0.363,0.0
2026-06-18,TAIL,10.68,10.66,10.7,10.66,205045,2189367.0,0.37,-0.65,-0.07,0.0
2026-06-18,TAK,15.77,15.63,15.77,15.515,2442725,38102109.0,1.65,1.36,0.21,0.08
2026-06-18,TAL,9.13,9.19,9.24,9.08,9873709,90591162.0,1.74,0.0,0.0,2.42
2026-06-18,TALK,5.2,5.21,5.21,5.2,3232003,16818961.0,0.19,0.19,0.01,1.93
2026-06-18,TALKW,0.001,0.001,0.001,0.001,354831,248.0,0.0,0.0,0.0,0.0
2026-06-18,TALO,13.96,13.77,13.96,13.355,3614385,49465685.0,4.32,-1.57,-0.22,2.17
2026-06-18,TALV,27.76,27.711,27.8,27.711,2101,58338.0,0.32,0.53,0.145,0.0
2026-06-18,TAN,59.57,60.58,60.8,58.49,1619150,97248099.0,3.95,3.64,2.13,0.0
2026-06-18,TANH,0.599,0.466,0.599,0.44,315772,161608.0,27.41,-19.66,-0.114,2.19
2026-06-18,TAOP,1.37,1.495,1.56,1.37,8088,12102.0,12.84,1.01,0.015,0.08
2026-06-18,TAOX,3.89,3.67,3.946,3.621,134629,502420.0,8.46,-4.43,-0.17,1.8
2026-06-18,TAP,39.06,39.0,39.61,38.8,5702800,224629232.0,2.07,-0.13,-0.05,3.25
2026-06-18,TAPR,26.4,26.433,26.45,26.4,408,10804.0,0.19,0.13,0.033,0.0
2026-06-18,TAP_A,45.5,45.5,45.5,45.5,29,1289.0,0.0,0.0,0.0,0.0
2026-06-18,TARA,4.1,3.98,4.2,3.97,803710,3230364.0,5.65,-2.21,-0.09,1.43
2026-06-18,TARK,46.86,47.55,47.75,45.915,10350,486951.0,4.04,4.8,2.179,0.0
2026-06-18,TARS,63.38,63.16,64.24,62.37,402143,25407075.0,2.99,0.98,0.61,0.93
2026-06-18,TASK,5.13,4.91,5.13,4.895,981340,4869813.0,4.6,-3.91,-0.2,2.69
2026-06-18,TATT,45.16,46.76,47.0,44.91,171656,7922878.0,4.63,3.57,1.61,1.32
2026-06-18,TAVI,10.62,10.61,10.62,10.61,457,4864.0,0.09,-0.09,-0.01,0.0
2026-06-18,TAX,30.609,30.609,30.609,30.609,10,336.0,0.0,0.92,0.278,0.0
2026-06-18,TAXE,51.34,51.368,51.39,51.33,8453,434096.0,0.12,0.21,0.108,0.0
2026-06-18,TAXF,50.7,50.68,50.74,50.63,85752,4345973.0,0.22,0.32,0.16,0.0
2026-06-18,TAXI,51.34,51.325,51.34,51.32,19407,995972.0,0.04,0.25,0.13,0.0
2026-06-18,TAXM,50.295,50.31,50.34,50.295,1157,58233.0,0.09,0.16,0.078,0.0
2026-06-18,TAXS,50.34,50.34,50.34,50.34,1399,70466.0,0.0,0.08,0.04,0.0
2026-06-18,TAXT,51.61,51.612,51.62,51.61,11114,573685.0,0.02,0.32,0.167,0.0
2026-06-18,TAXX,50.65,50.68,50.68,50.65,99720,5047098.0,0.06,0.11,0.055,0.0
2026-06-18,TAYD,53.65,55.23,55.37,53.65,23900,1305162.0,3.21,3.06,1.64,0.74
2026-06-18,TBB,20.74,20.6,20.74,20.6,123081,2542927.0,0.68,0.05,0.01,0.0
2026-06-18,TBBB,43.81,42.1,43.81,41.58,418200,17689208.0,5.24,-1.03,-0.44,0.54
2026-06-18,TBBK,55.83,56.17,56.63,55.46,1097087,61569991.0,2.12,1.59,0.88,2.64
2026-06-18,TBCH,12.87,13.77,14.01,12.79,759389,10290160.0,9.78,10.34,1.29,3.83
2026-06-18,TBF,24.13,24.24,24.255,24.12,145894,3532059.0,0.55,-0.45,-0.11,0.0
2026-06-18,TBFC,29.66,29.689,29.71,29.64,1101,32667.0,0.24,0.7,0.207,0.0
2026-06-18,TBFG,32.996,32.996,32.996,32.996,5,198.0,0.0,1.1,0.358,0.0
2026-06-18,TBG,36.68,36.57,36.72,36.5,14962,547130.0,0.6,-0.41,-0.15,0.0
2026-06-18,TBH,4.105,4.34,4.61,3.91,65147,277548.0,17.11,6.11,0.25,1.93
2026-06-18,TBI,6.81,6.7,6.94,6.66,1183236,7964300.0,4.14,-1.03,-0.07,3.89
2026-06-18,TBIL,49.96,49.96,49.96,49.95,2268881,113343891.0,0.02,0.04,0.02,0.0
2026-06-18,TBJL,19.81,19.805,19.82,19.805,1173,23248.0,0.08,-0.13,-0.025,0.0
2026-06-18,TBLA,4.85,4.7,4.87,4.64,5939622,28029121.0,4.81,-1.67,-0.08,2.44
2026-06-18,TBLAW,0.002,0.009,0.011,0.002,389032,2283.0,180.0,80.0,0.004,0.0
2026-06-18,TBLD,21.65,21.97,22.04,21.6,79419,1736525.0,2.03,1.52,0.33,0.0
2026-06-18,TBLL,105.77,105.775,105.79,105.77,385697,40799559.0,0.02,0.02,0.025,0.0
2026-06-18,TBLU,50.46,50.96,51.16,50.46,17035,870794.0,1.39,0.97,0.491,0.0
2026-06-18,TBN,35.56,35.01,35.77,34.26,174942,6110102.0,4.19,-2.75,-0.99,0.62
2026-06-18,TBPH,16.72,16.58,16.85,16.48,952850,15823497.0,2.21,-0.78,-0.13,1.85
2026-06-18,TBRG,26.14,26.09,26.14,26.09,223967,5847172.0,0.19,-0.08,-0.02,1.49
2026-06-18,TBT,34.55,34.81,34.845,34.425,1110947,38490368.0,1.2,-0.77,-0.27,0.0
2026-06-18,TBUX,49.89,49.89,49.915,49.88,167770,8370521.0,0.07,0.06,0.03,0.0
2026-06-18,TBX,28.425,28.482,28.482,28.39,76822,2183944.0,0.32,-0.22,-0.064,0.0
2026-06-18,TBXU,29.056,29.056,29.056,29.056,169,4930.0,0.0,-2.39,-0.711,0.0
2026-06-18,TC,8.973,9.0,9.0,8.63,760,6655.0,3.97,-3.43,-0.32,0.0
2026-06-18,TCAF,40.41,40.38,40.435,40.143,1086953,43818106.0,0.73,1.13,0.45,0.0
2026-06-18,TCAI,57.13,56.91,57.2,56.42,109375,6220732.0,1.41,3.17,1.75,0.0
2026-06-18,TCAL,22.26,22.09,22.26,22.03,48538,1072799.0,1.04,-0.17,-0.037,0.0
2026-06-18,TCAN,27.6,27.05,27.62,26.85,4266,116238.0,2.81,-1.26,-0.344,0.0
2026-06-18,TCBI,99.67,99.07,100.29,98.61,1218664,120965623.0,1.69,-0.24,-0.24,2.79
2026-06-18,TCBIO,20.45,20.59,20.82,20.45,11946,245811.0,1.8,0.1,0.02,0.1
2026-06-18,TCBK,51.41,51.4,51.97,50.975,216431,11115550.0,1.95,0.98,0.5,0.68
2026-06-18,TCBS,17.44,17.78,17.8,17.44,2327,41248.0,2.1,3.49,0.6,0.08
2026-06-18,TCBX,39.01,38.99,39.605,38.625,274151,10686882.0,2.55,1.35,0.52,1.65
2026-06-18,TCHI,25.94,25.845,25.95,25.75,6467,167036.0,0.78,1.27,0.325,0.0
2026-06-18,TCHP,50.35,50.67,50.78,49.99,194802,9807361.0,1.59,1.95,0.97,0.0
2026-06-18,TCI,37.07,39.29,39.44,37.07,10580,405636.0,6.52,8.12,2.95,0.12
2026-06-18,TCMD,26.31,26.62,26.81,25.95,413889,10996800.0,3.33,3.06,0.79,1.83
2026-06-18,TCOM,45.95,45.1,46.27,45.0,5591118,253831552.0,2.72,-3.48,-1.625,0.89
2026-06-18,TCPA,23.62,23.6,23.74,23.55,24658,582680.0,0.81,0.08,0.02,0.0
2026-06-18,TCPB,50.82,50.815,50.91,50.815,63889,3249331.0,0.19,0.26,0.131,0.0
2026-06-18,TCPC,3.39,3.41,3.43,3.382,1199027,4088080.0,1.42,0.59,0.02,1.43
2026-06-18,TCRT,2.21,2.15,2.23,2.15,16127,35049.0,3.6,-3.15,-0.07,0.07
2026-06-18,TCRX,0.911,0.92,0.933,0.872,447810,409008.0,6.78,2.22,0.02,0.73
2026-06-18,TCV,31.385,31.615,31.615,31.385,210,6605.0,0.73,0.79,0.249,0.0
2026-06-18,TCX,12.9,13.33,13.59,12.9,44548,589935.0,5.42,4.63,0.59,0.4
2026-06-18,TD,119.46,119.29,120.27,119.14,2922756,349609232.0,0.95,0.67,0.79,0.18
2026-06-18,TDAC,10.74,10.75,10.75,10.73,3888,41759.0,0.19,0.14,0.015,0.02
2026-06-18,TDACU,11.99,11.99,11.99,11.99,18,231.0,0.0,0.0,0.0,0.0
2026-06-18,TDACW,1.27,1.3,1.3,1.26,44168,56024.0,3.17,3.17,0.04,0.0
2026-06-18,TDAQ,28.25,28.25,28.43,28.1,173534,4917339.0,1.19,1.62,0.45,0.0
2026-06-18,TDAX,25.72,25.99,26.0,25.49,53499,1384670.0,2.02,2.97,0.75,0.0
2026-06-18,TDAY,7.85,7.88,7.935,7.77,1936918,15244761.0,2.08,-0.51,-0.04,1.32
2026-06-18,TDC,31.27,30.88,31.51,30.68,3782355,117139329.0,2.61,-2.71,-0.86,4.02
2026-06-18,TDEC,26.48,26.478,26.48,26.478,263,6964.0,0.01,0.81,0.213,0.0
2026-06-18,TDF,10.65,10.69,11.25,10.64,137679,1474821.0,5.71,0.09,0.01,0.0
2026-06-18,TDG,1330.18,1328.31,1337.34,1304.86,741725,984015872.0,2.47,0.88,11.56,1.33
2026-06-18,TDI,46.025,46.008,46.08,45.895,81518,3747615.0,0.41,1.25,0.568,0.0
2026-06-18,TDIC,6.47,6.13,6.81,5.7,339282,2182630.0,14.25,-21.31,-1.66,22.6
2026-06-18,TDIV,117.58,117.88,118.31,116.71,136330,16039235.0,1.38,1.83,2.12,0.0
2026-06-18,TDOC,7.65,8.07,8.095,7.45,5836894,46385592.0,8.5,6.32,0.48,3.23
2026-06-18,TDOG,16.89,16.675,16.89,16.48,1243,20700.0,2.39,-2.91,-0.5,0.0
2026-06-18,TDOT,11.9,11.656,11.9,11.48,1798,21050.0,3.49,-3.22,-0.388,0.0
2026-06-18,TDS,39.67,39.59,39.75,38.93,2119495,83648762.0,2.08,0.46,0.18,1.99
2026-06-18,TDSB,24.67,24.675,24.69,24.65,2700,66611.0,0.16,0.35,0.087,0.0
2026-06-18,TDSC,27.64,27.682,27.682,27.63,4027,111374.0,0.19,0.65,0.18,0.0
2026-06-18,TDS_U,20.72,21.01,21.04,20.72,12745,267081.0,1.54,1.2,0.25,0.08
2026-06-18,TDS_V,19.16,19.38,19.4,19.13,30119,581366.0,1.41,1.36,0.26,0.11
2026-06-18,TDTF,23.65,23.73,23.747,23.6,626246,14852007.0,0.62,0.38,0.09,0.0
2026-06-18,TDTH,1.85,2.13,2.25,1.74,444892,888511.0,28.33,18.33,0.33,9.86
2026-06-18,TDTT,23.86,23.89,23.9,23.86,169502,4046996.0,0.17,0.25,0.06,0.0
2026-06-18,TDUP,5.47,6.01,6.12,5.43,4310828,25525703.0,12.95,12.76,0.68,3.98
2026-06-18,TDV,103.79,104.103,104.103,103.52,1310,135981.0,0.57,2.09,2.135,0.0
2026-06-18,TDVG,48.91,48.59,48.91,48.545,53003,2580974.0,0.75,0.25,0.12,0.0
2026-06-18,TDVI,32.49,32.75,32.8,32.39,75993,2472663.0,1.27,1.83,0.59,0.0
2026-06-18,TDW,67.35,64.67,67.35,62.71,1959431,125527716.0,6.85,-4.49,-3.04,3.94
2026-06-18,TDWD,10.04,10.04,10.04,10.04,14,141.0,0.0,0.0,0.0,0.0
2026-06-18,TDWDR,0.17,0.17,0.17,0.17,131,23.0,0.0,0.0,0.0,0.0
2026-06-18,TDY,631.83,619.58,631.83,612.06,624601,387508016.0,3.21,0.69,4.23,1.35
2026-06-18,TE,9.27,9.35,9.61,8.43,62793982,577713344.0,13.05,3.43,0.31,22.5
2026-06-18,TEAD,1.31,1.25,1.355,1.25,299597,383983.0,8.08,-3.85,-0.05,0.31
2026-06-18,TEAM,83.64,82.72,85.702,81.76,7557539,628459488.0,4.67,-1.98,-1.67,4.73
2026-06-18,TEC,33.17,33.364,33.364,32.95,1184,39175.0,1.27,2.53,0.822,0.0
2026-06-18,TECB,70.79,71.33,71.33,70.67,15966,1136823.0,0.94,2.07,1.45,0.0
2026-06-18,TECH,55.35,57.94,58.25,55.15,3773094,216763203.0,5.64,5.35,2.94,2.41
2026-06-18,TECK,64.65,64.36,65.32,63.73,3082711,198703380.0,2.42,-2.13,-1.4,0.64
2026-06-18,TECL,233.37,236.49,238.537,229.645,844029,198198400.0,4.1,9.0,19.52,0.0
2026-06-18,TECS,6.35,6.25,6.46,6.17,10000166,62855295.0,4.23,-8.76,-0.6,0.0
2026-06-18,TECX,30.82,30.02,31.23,29.27,106749,3211419.0,6.52,-0.13,-0.04,0.57
2026-06-18,TECY,23.61,23.61,23.61,23.61,62,1486.0,0.0,0.98,0.23,0.0
2026-06-18,TEI,6.58,6.57,6.61,6.519,142296,936063.0,1.4,0.77,0.05,0.0
2026-06-18,TEK,42.86,43.209,43.209,42.78,7962,341734.0,1.04,4.61,1.903,0.0
2026-06-18,TEKX,71.67,71.79,71.86,70.67,5915,422549.0,1.7,2.81,1.961,0.0
2026-06-18,TEKY,46.94,46.94,46.94,46.94,18,847.0,0.0,3.14,1.431,0.0
2026-06-18,TEL,216.65,217.64,219.325,216.035,3407357,742022400.0,1.55,2.56,5.44,1.17
2026-06-18,TELA,0.85,0.801,0.866,0.783,106524,88084.0,9.66,-6.75,-0.058,0.24
2026-06-18,TELO,1.26,1.42,1.43,1.26,1130331,1587700.0,13.6,13.6,0.17,1.64
2026-06-18,TEM,49.85,50.84,51.015,48.85,5925856,297676416.0,4.44,4.2,2.05,3.4
2026-06-18,TEMD,25.245,25.245,25.245,25.245,6,152.0,0.0,0.48,0.12,0.0
2026-06-18,TEMR,30.13,30.137,30.25,30.13,4847,146313.0,0.41,3.12,0.912,0.0
2026-06-18,TEMT,18.68,19.25,19.33,17.82,174260,3235238.0,8.48,8.09,1.44,0.0
2026-06-18,TEMX,39.405,39.405,39.405,39.405,10,392.0,0.0,3.78,1.436,0.0
2026-06-18,TEN,37.26,38.29,38.3,36.7,302814,11423201.0,4.23,1.27,0.48,1.01
2026-06-18,TENB,26.88,26.87,27.11,25.503,4462894,119571631.0,5.98,-0.04,-0.01,4.05
2026-06-18,TEND,27.13,27.15,27.161,27.13,11638,315971.0,0.11,0.67,0.18,0.0
2026-06-18,TENJ,27.42,27.466,27.466,27.37,14060,385635.0,0.35,0.9,0.245,0.0
2026-06-18,TENM,26.9,26.96,26.96,26.9,672,18103.0,0.22,0.63,0.17,0.0
2026-06-18,TENX,11.94,12.0,12.276,11.78,2691091,32249491.0,4.18,1.1,0.13,10.15
2026-06-18,TEN_E,26.3,26.3,26.3,26.3,203,5324.0,0.0,0.0,0.0,0.0
2026-06-18,TEN_F,27.18,27.21,27.21,27.18,1972,53627.0,0.11,-0.11,-0.03,0.03
2026-06-18,TEO,14.21,13.75,14.59,13.62,1918161,26655937.0,6.66,-5.63,-0.82,1.53
2026-06-18,TEQI,50.43,50.189,50.43,50.12,4878,245093.0,0.62,0.52,0.261,0.0
2026-06-18,TER,421.825,437.92,439.5,421.825,17958153,7844158464.0,4.33,7.19,29.36,11.47
2026-06-18,TERG,63.335,66.82,67.14,63.11,85913,5580591.0,6.85,13.54,7.971,0.0
2026-06-18,TESL,15.62,16.215,16.215,15.54,13947,221453.0,4.25,2.21,0.35,0.0
2026-06-18,TEST,43.2,44.334,44.334,43.2,601,26250.0,2.59,1.2,0.527,0.0
2026-06-18,TETH,8.74,8.52,8.74,8.345,521300,4405853.0,4.56,-1.73,-0.15,0.0
2026-06-18,TEUP,17.1,16.072,17.1,13.112,101755,1513716.0,26.08,5.11,0.782,0.0
2026-06-18,TEVA,32.38,31.48,32.38,30.8,12241543,384376208.0,4.85,-3.32,-1.08,1.05
2026-06-18,TEX,65.36,66.82,67.74,65.36,1765311,117843172.0,3.71,4.11,2.64,1.55
2026-06-18,TEXN,32.7,32.434,32.7,32.23,4193,135889.0,1.45,0.09,0.03,0.0
2026-06-18,TEXU,34.29,33.631,34.29,33.48,7855,266376.0,2.31,-3.91,-1.369,0.0
2026-06-18,TEXX,27.977,27.977,27.977,27.977,323,9038.0,0.0,0.13,0.037,0.0
2026-06-18,TE_WS,0.88,0.79,1.0,0.7,90263,73565.0,35.29,-7.06,-0.06,0.0
2026-06-18,TFC,48.9,48.33,49.24,47.97,18836900,911349952.0,2.64,0.33,0.16,1.51
2026-06-18,TFC_I,18.75,18.7,18.79,18.7,5896,110467.0,0.48,-0.21,-0.04,0.09
2026-06-18,TFC_O,20.84,20.83,20.979,20.82,18353,382910.0,0.76,0.1,0.02,0.08
2026-06-18,TFC_R,18.33,18.39,18.42,18.3,133795,2458286.0,0.66,0.49,0.09,0.36
2026-06-18,TFFI,19.89,19.925,20.34,19.84,8234,163708.0,2.51,0.12,0.023,0.0
2026-06-18,TFGZ,36.163,36.163,36.163,36.163,2,72.0,0.0,1.69,0.601,0.0
2026-06-18,TFI,45.59,45.67,45.69,45.59,287493,13130779.0,0.22,0.29,0.13,0.0
2026-06-18,TFII,146.0,145.4,147.323,143.98,466235,67707882.0,2.31,0.57,0.82,0.57
2026-06-18,TFIN,71.42,72.07,72.34,71.42,383474,27579739.0,1.3,1.49,1.06,1.61
2026-06-18,TFIN_,22.0,22.47,22.47,22.0,355,7921.0,2.13,1.86,0.41,0.02
2026-06-18,TFJL,19.716,19.636,19.716,19.62,7570,149071.0,0.49,0.47,0.091,0.0
2026-06-18,TFLO,50.59,50.59,50.59,50.58,1194824,60440892.0,0.02,0.06,0.03,0.0
2026-06-18,TFLR,50.72,50.71,50.74,50.67,59397,3011316.0,0.14,0.02,0.01,0.0
2026-06-18,TFNS,27.44,27.389,27.44,27.389,1522,41770.0,0.19,-0.64,-0.176,0.0
2026-06-18,TFPM,30.59,30.05,31.235,29.53,829161,24880612.0,5.58,-1.67,-0.51,0.4
2026-06-18,TFPN,32.35,32.425,32.49,32.23,5501,177725.0,0.81,1.63,0.521,0.0
2026-06-18,TFSL,16.44,16.42,16.475,16.32,1254132,20581333.0,0.95,0.92,0.15,0.45
2026-06-18,TFX,125.5,127.0,127.3,124.29,557458,70634790.0,2.41,1.63,2.04,1.26
2026-06-18,TG,7.8,7.78,7.88,7.66,426679,3319656.0,2.83,0.13,0.01,1.22
2026-06-18,TGB,7.35,7.14,7.47,7.02,5512621,39527864.0,6.06,-3.9,-0.29,1.51
2026-06-18,TGE,1.04,1.24,1.28,1.02,2153015,2515790.0,24.07,14.81,0.16,4.87
2026-06-18,TGEN,6.0,6.03,6.17,5.86,168487,1012548.0,5.36,4.33,0.25,0.56
2026-06-18,TGE_WS,0.16,0.185,0.185,0.16,1904,313.0,16.67,23.33,0.035,0.0
2026-06-18,TGHL,0.46,0.485,0.638,0.445,1212070,642949.0,42.23,6.13,0.028,8.15
2026-06-18,TGL,4.25,4.25,4.37,4.12,39516,166735.0,5.98,1.67,0.07,2.02
2026-06-18,TGLB,29.009,29.009,29.009,29.009,6,200.0,0.0,0.73,0.21,0.0
2026-06-18,TGLR,41.21,40.862,41.21,40.8,5088,208419.0,1.0,0.14,0.059,0.0
2026-06-18,TGLS,45.56,45.97,47.64,45.56,413180,19159426.0,4.61,1.86,0.84,0.89
2026-06-18,TGRT,45.58,45.74,45.82,45.42,59394,2710086.0,0.89,1.67,0.75,0.0
2026-06-18,TGRW,47.16,47.619,47.619,47.16,18308,866089.0,0.98,1.66,0.777,0.0
2026-06-18,TGS,32.01,31.6,32.01,31.1,286273,9032317.0,2.88,-0.03,-0.01,0.41
2026-06-18,TGT,129.0,130.74,131.8,128.95,7529316,983311376.0,2.23,2.29,2.93,1.66
2026-06-18,TGTX,52.32,53.22,54.07,51.95,7172563,380837440.0,4.12,3.34,1.72,4.69
2026-06-18,TH,19.6,20.16,20.33,19.29,1558923,31158921.0,5.37,4.02,0.78,1.57
2026-06-18,THC,179.57,172.57,181.112,171.45,2603891,451338432.0,5.41,-3.32,-5.93,3.02
2026-06-18,THCH,1.697,1.62,1.7,1.62,3915,6882.0,4.71,-4.71,-0.08,0.01
2026-06-18,THD,72.41,72.31,72.69,72.25,47432,3437643.0,0.61,0.88,0.63,0.0
2026-06-18,THEQ,29.69,29.778,29.799,29.69,1579,47035.0,0.37,0.84,0.249,0.0
2026-06-18,THFF,74.0,73.07,74.5,72.875,206448,15136960.0,2.23,0.26,0.19,1.74
2026-06-18,THG,201.13,197.93,201.13,197.01,567056,112344732.0,2.06,-0.87,-1.74,1.62
2026-06-18,THH,0.31,0.3,0.529,0.254,20910658,8024636.0,91.67,0.0,0.0,40.18
2026-06-18,THIR,34.33,34.45,34.45,34.28,7252,249265.0,0.5,1.56,0.53,0.0
2026-06-18,THLV,33.17,33.14,33.27,33.07,5432,180176.0,0.61,0.73,0.239,0.0
2026-06-18,THM,2.24,2.21,2.308,2.17,897378,1976269.0,6.24,0.0,0.0,0.34
2026-06-18,THMR,26.06,26.081,26.081,26.035,3829,99723.0,0.18,1.14,0.294,0.0
2026-06-18,THMZ,33.75,33.806,33.806,33.75,1517,51208.0,0.17,1.9,0.63,0.0
2026-06-18,THNQ,88.51,89.48,89.63,87.515,30337,2692416.0,2.43,2.72,2.37,0.0
2026-06-18,THNR,24.116,24.116,24.116,24.116,125,3006.0,0.0,-0.59,-0.142,0.0
2026-06-18,THO,72.7,72.38,74.175,72.15,1181105,85883084.0,2.82,0.64,0.46,2.27
2026-06-18,THQ,18.74,18.6,18.825,18.598,87141,1627467.0,1.22,0.27,0.05,0.0
2026-06-18,THRM,36.28,35.93,36.61,35.81,617546,22274052.0,2.23,0.34,0.12,2.01
2026-06-18,THRO,43.37,43.23,43.37,43.05,1070258,46231077.0,0.75,1.0,0.43,0.0
2026-06-18,THRV,24.22,24.18,24.23,24.18,8867,214775.0,0.21,-0.5,-0.121,0.0
2026-06-18,THRY,3.56,3.5,3.61,3.474,717943,2523983.0,3.85,-0.85,-0.03,1.62
2026-06-18,THTA,15.47,15.48,15.52,15.47,65370,1012881.0,0.32,-0.06,-0.01,0.0
2026-06-18,THW,12.54,12.69,12.7,12.48,79593,997990.0,1.78,2.42,0.3,0.0
2026-06-18,THY,21.87,21.859,21.872,21.83,31357,685233.0,0.19,-0.26,-0.056,0.0
2026-06-18,THYF,51.77,51.825,52.0,51.77,11487,595586.0,0.44,0.14,0.07,0.0
2026-06-18,THYM,51.089,51.079,51.089,51.079,5868,299797.0,0.02,0.4,0.204,0.0
2026-06-18,THYP,41.55,39.39,41.55,38.531,92668,3669426.0,7.21,-5.92,-2.48,0.0
2026-06-18,TIC,8.14,8.42,8.45,8.02,2557361,21345914.0,5.3,3.82,0.31,1.16
2026-06-18,TIER,32.77,32.866,32.866,32.77,2755,90413.0,0.3,1.56,0.504,0.0
2026-06-18,TIGO,89.56,84.41,89.98,84.32,2628354,223558892.0,6.36,-5.08,-4.52,1.56
2026-06-18,TIGR,4.73,4.71,4.745,4.635,2647465,12417201.0,2.34,0.0,0.0,1.54
2026-06-18,TII,2.22,2.16,2.25,2.09,151468,323274.0,7.34,-0.92,-0.02,0.15
2026-06-18,TIIV,29.75,29.742,29.75,29.742,381,11361.0,0.03,-0.41,-0.123,0.0
2026-06-18,TIL,7.61,7.5,7.745,7.5,22519,170556.0,3.24,-0.79,-0.06,0.33
2026-06-18,TILE,31.26,32.56,32.68,31.26,1322726,42880397.0,4.59,5.27,1.63,2.28
2026-06-18,TILL,17.45,17.354,17.45,17.33,63249,1099454.0,0.69,-0.78,-0.136,0.0
2026-06-18,TILT,273.54,274.131,274.3,273.5,3316,908369.0,0.29,0.76,2.08,0.0
2026-06-18,TIMB,20.82,20.72,21.095,20.65,390938,8112924.0,2.12,-1.29,-0.27,0.08
2026-06-18,TIME,26.69,26.87,26.885,26.69,10819,290000.0,0.74,1.51,0.4,0.0
2026-06-18,TINS,29.747,29.747,29.747,29.747,10,296.0,0.0,0.67,0.199,0.0
2026-06-18,TINT,41.75,41.75,41.75,41.75,287,12001.0,0.0,0.43,0.177,0.0
2026-06-18,TINY,93.89,93.926,94.67,92.45,18260,1714853.0,2.45,3.75,3.393,0.0
2026-06-18,TIP,109.31,109.39,109.525,109.284,2912140,318558816.0,0.22,0.33,0.36,0.0
2026-06-18,TIPA,100.03,100.031,100.031,99.96,4052,405222.0,0.07,-0.25,-0.249,0.0
2026-06-18,TIPD,99.305,99.305,99.305,99.305,1,99.0,0.0,-0.21,-0.204,0.0
2026-06-18,TIPT,17.78,17.49,17.8,17.43,300766,5279930.0,2.11,-0.4,-0.07,0.8
2026-06-18,TIPX,18.86,18.9,18.91,18.86,180099,3401677.0,0.27,0.32,0.06,0.0
2026-06-18,TIPZ,52.305,52.33,52.37,52.25,14530,759901.0,0.23,0.31,0.16,0.0
2026-06-18,TISI,17.99,16.68,17.99,16.67,8217,139134.0,7.84,-0.95,-0.16,0.18
2026-06-18,TITN,19.58,20.68,20.94,19.58,337668,6919355.0,7.01,6.54,1.27,1.45
2026-06-18,TJAN,28.105,28.111,28.111,28.09,2805,78798.0,0.07,0.13,0.036,0.0
2026-06-18,TJGC,4.5,4.4,4.51,4.2,547651,2371247.0,6.7,-4.97,-0.23,5.42
2026-06-18,TJUL,30.17,30.216,30.22,30.17,1949,58851.0,0.17,0.25,0.076,0.0
2026-06-18,TJUN,23.68,23.71,23.71,23.67,14955,354219.0,0.17,0.23,0.055,0.0
2026-06-18,TJX,164.92,163.81,166.88,163.13,9069831,1489252640.0,2.28,-0.19,-0.32,0.82
2026-06-18,TK,11.67,11.91,11.92,11.49,711849,8404424.0,3.67,1.62,0.19,0.82
2026-06-18,TKC,6.11,6.11,6.18,6.1,1733531,10603712.0,1.34,2.35,0.14,0.2
2026-06-18,TKLF,1.95,2.09,2.117,1.95,17491,34951.0,8.43,5.56,0.11,0.41
2026-06-18,TKNO,4.99,5.24,5.395,4.87,542613,2832834.0,10.61,5.86,0.29,1.01
2026-06-18,TKNQ,22.065,22.065,22.065,22.065,109,2437.0,0.0,-1.28,-0.285,0.0
2026-06-18,TKNS,21.357,21.357,21.357,21.357,6,138.0,0.0,-2.12,-0.463,0.0
2026-06-18,TKO,196.44,198.78,204.89,193.875,6617616,1317259968.0,5.66,2.18,4.25,8.83
2026-06-18,TKR,141.61,142.36,142.8,140.25,1650904,234405456.0,1.83,2.12,2.96,2.38
2026-06-18,TLA,24.46,24.599,24.599,24.4,3371,82490.0,0.81,0.47,0.114,0.0
2026-06-18,TLCI,26.35,26.425,26.44,26.35,3655,96372.0,0.34,0.38,0.1,0.0
2026-06-18,TLDR,25.01,25.015,25.015,25.01,385,9654.0,0.02,0.02,0.005,0.0
2026-06-18,TLF,2.325,2.35,2.35,2.27,36400,84756.0,3.48,2.17,0.05,0.45
2026-06-18,TLG,26.78,27.045,27.045,26.78,904,24322.0,1.0,2.35,0.621,0.0
2026-06-18,TLH,100.71,100.47,100.875,100.41,625776,62964792.0,0.47,0.52,0.52,0.0
2026-06-18,TLIH,4.42,4.65,4.72,4.42,3506,16324.0,6.44,-0.21,-0.01,0.12
2026-06-18,TLK,14.88,14.88,14.93,14.69,2069584,30722244.0,1.51,-6.12,-0.97,0.21
2026-06-18,TLN,425.81,436.29,449.841,420.38,1997760,871466944.0,7.19,6.46,26.48,4.17
2026-06-18,TLNC,10.23,10.23,10.23,10.23,85,873.0,0.0,0.0,0.0,0.0
2026-06-18,TLNCU,10.6,10.6,10.6,10.6,45,470.0,0.0,0.0,0.0,0.0
2026-06-18,TLNCW,0.79,0.79,0.79,0.79,120,93.0,0.0,0.0,0.0,0.0
2026-06-18,TLPH,0.96,1.09,1.09,0.96,790310,826218.0,13.4,12.37,0.12,1.52
2026-06-18,TLRY,4.75,4.73,4.795,4.63,3559860,16745976.0,3.47,-0.42,-0.02,2.98
2026-06-18,TLS,4.43,4.52,4.665,4.28,2200016,9956940.0,8.81,3.43,0.15,2.94
2026-06-18,TLSA,1.1,1.16,1.16,1.06,290851,318299.0,9.26,7.41,0.08,0.23
2026-06-18,TLSI,3.93,4.08,4.285,3.84,999103,4055170.0,11.44,4.88,0.19,1.63
2026-06-18,TLSIW,0.65,0.65,0.65,0.65,111,71.0,0.0,0.0,0.0,0.0
2026-06-18,TLT,87.07,86.75,87.175,86.65,32350902,2810558784.0,0.61,0.49,0.42,0.0
2026-06-18,TLTD,100.5,99.381,100.5,99.27,1934,192388.0,1.22,-1.46,-1.477,0.0
2026-06-18,TLTE,80.39,80.39,80.39,80.39,972,78175.0,0.0,2.17,1.711,0.0
2026-06-18,TLTI,45.94,45.774,46.03,45.774,7859,360929.0,0.56,0.41,0.188,0.0
2026-06-18,TLTP,21.19,21.191,21.24,21.15,8462,179300.0,0.42,0.0,0.001,0.0
2026-06-18,TLTW,22.37,22.39,22.46,22.35,1277671,28624019.0,0.49,0.45,0.1,0.0
2026-06-18,TLTX,23.13,23.2,23.2,23.13,16540,383675.0,0.3,0.3,0.07,0.0
2026-06-18,TLX,10.01,10.09,10.16,9.95,90462,909483.0,2.11,1.51,0.15,0.03
2026-06-18,TLYS,4.54,4.43,4.59,4.36,172582,775059.0,5.04,-2.85,-0.13,0.74
2026-06-18,TM,173.63,173.94,174.8,173.63,459437,80012980.0,0.68,0.68,1.17,0.04
2026-06-18,TMAR,26.32,26.406,26.406,26.32,3296,86855.0,0.33,1.43,0.373,0.0
2026-06-18,TMAT,30.53,30.377,30.53,30.23,10436,316224.0,1.01,1.77,0.527,0.0
2026-06-18,TMB,25.48,25.482,25.53,25.47,26677,680282.0,0.24,0.15,0.037,0.0
2026-06-18,TMC,5.16,5.13,5.22,5.0,3896300,19744228.0,4.26,0.39,0.02,0.9
2026-06-18,TMCI,4.13,4.19,4.38,4.05,1452300,6119128.0,8.1,4.49,0.18,2.24
2026-06-18,TMCR,9.24,8.35,9.45,8.26,93147,806784.0,12.71,-10.79,-1.01,0.15
2026-06-18,TMCWW,0.241,0.247,0.28,0.241,134843,35421.0,15.0,-5.0,-0.013,0.0
2026-06-18,TMDE,0.704,0.727,0.74,0.681,104574,74406.0,8.19,0.97,0.007,0.44
2026-06-18,TMDV,50.278,50.278,50.278,50.278,11,579.0,0.0,0.4,0.201,0.0
2026-06-18,TMDX,75.26,78.79,80.72,75.115,1788086,140425144.0,7.66,7.61,5.57,5.17
2026-06-18,TME,8.58,8.73,8.8,8.55,18945303,165209378.0,2.88,0.46,0.04,2.56
2026-06-18,TMED,31.7,31.725,31.725,31.7,345,10939.0,0.08,0.39,0.123,0.0
2026-06-18,TMF,36.79,36.36,36.93,36.27,3544793,129915682.0,1.84,1.39,0.5,0.0
2026-06-18,TMFC,76.45,76.45,76.61,75.952,78547,5995507.0,0.87,1.24,0.94,0.0
2026-06-18,TMFE,29.36,29.324,29.37,29.16,7512,219990.0,0.72,0.8,0.234,0.0
2026-06-18,TMFG,30.78,30.93,30.935,30.75,9886,305305.0,0.6,0.85,0.262,0.0
2026-06-18,TMFM,20.87,20.94,20.95,20.85,3178,66460.0,0.48,0.83,0.172,0.0
2026-06-18,TMFS,34.62,34.93,34.93,34.54,4266,147931.0,1.14,2.37,0.809,0.0
2026-06-18,TMFX,21.92,22.151,22.151,21.92,3261,71884.0,1.06,1.31,0.286,0.0
2026-06-18,TMH,46.64,46.799,46.799,46.64,526,24613.0,0.34,0.96,0.443,0.0
2026-06-18,TMHC,71.766,71.58,71.96,71.555,4367799,313237616.0,0.57,-0.01,-0.01,4.68
2026-06-18,TMLP,27.275,27.671,27.671,27.275,7187,197613.0,1.42,-0.43,-0.119,0.0
2026-06-18,TMNS,50.17,50.2,50.2,50.17,1000,50170.0,0.06,0.17,0.085,0.0
2026-06-18,TMO,461.63,464.61,467.94,459.0,3358552,1558361232.0,1.94,0.63,2.92,0.9
2026-06-18,TMP,88.66,89.3,90.16,88.66,198818,17748549.0,1.71,1.56,1.37,1.38
2026-06-18,TMQ,3.85,3.79,3.89,3.69,2398567,9060279.0,5.28,0.0,0.0,1.37
2026-06-18,TMSF,50.16,50.082,50.16,50.08,706,35367.0,0.16,0.07,0.037,0.0
2026-06-18,TMSL,43.05,42.98,43.05,42.646,269079,11541664.0,0.95,1.49,0.63,0.0
2026-06-18,TMTS,10.01,10.01,10.01,10.01,32,320.0,0.0,0.0,0.0,0.0
2026-06-18,TMTSU,10.18,10.18,10.18,10.18,1637,16665.0,0.0,0.3,0.03,0.0
2026-06-18,TMUS,181.39,181.67,183.51,179.79,12545508,2279197312.0,2.05,0.2,0.36,1.16
2026-06-18,TMUSI,21.05,21.04,21.072,20.84,26998,566435.0,1.1,-0.05,-0.01,0.0
2026-06-18,TMUSL,23.66,23.84,23.84,23.65,70745,1680683.0,0.8,0.8,0.19,0.0
2026-06-18,TMUSZ,20.93,20.975,21.025,20.9,11289,236554.0,0.6,-0.02,-0.005,0.0
2026-06-18,TMV,36.44,36.91,37.005,36.32,791567,29063597.0,1.83,-1.28,-0.48,0.0
2026-06-18,TMVE,17.77,17.754,17.825,17.74,1632141,28954278.0,0.48,0.31,0.054,0.0
2026-06-18,TMYY,25.17,25.11,25.17,24.93,2281,57190.0,0.96,0.52,0.131,0.0
2026-06-18,TNA,71.03,71.77,72.03,68.89,6149766,434368576.0,4.63,5.81,3.94,0.0
2026-06-18,TNC,87.35,90.75,90.9,87.35,437220,39529617.0,4.13,5.68,4.88,2.57
2026-06-18,TNDM,15.68,15.3,15.86,15.08,2537836,39055909.0,5.06,-0.65,-0.1,3.7
2026-06-18,TNET,45.25,45.29,45.88,43.89,459550,20795976.0,4.37,-0.64,-0.29,1.0
2026-06-18,TNGX,31.102,27.97,31.68,27.82,12095877,345814720.0,11.95,-13.38,-4.32,7.43
2026-06-18,TNGY,9.75,9.67,9.75,9.58,65893,636226.0,1.74,-0.82,-0.08,0.0
2026-06-18,TNK,73.47,74.45,74.74,71.98,406259,30084539.0,3.73,0.7,0.52,1.35
2026-06-18,TNL,77.26,76.71,78.12,76.515,1099124,84549441.0,2.11,1.03,0.78,1.76
2026-06-18,TNMG,0.55,0.508,0.559,0.5,107116,55333.0,10.48,-9.77,-0.055,3.65
2026-06-18,TNON,0.607,0.35,0.61,0.35,33912880,26482726.0,43.19,-41.86,-0.252,286.19
2026-06-18,TNONW,0.007,0.006,0.007,0.006,59812,495.0,16.67,0.0,0.0,0.0
2026-06-18,TNUK,26.101,26.101,26.101,26.101,220,5749.0,0.0,2.17,0.555,0.0
2026-06-18,TNXP,12.48,12.01,12.87,11.89,567366,6890857.0,8.03,-1.56,-0.19,3.56
2026-06-18,TNXT,27.25,27.414,27.414,27.25,1973,53776.0,0.61,2.02,0.543,0.0
2026-06-18,TNYA,0.71,0.731,0.74,0.691,2551532,1828859.0,6.88,2.67,0.019,1.18
2026-06-18,TOAK,28.8,28.81,28.81,28.8,1714,49386.0,0.03,0.03,0.01,0.0
2026-06-18,TOCT,26.99,27.035,27.06,26.99,739,19963.0,0.26,0.13,0.035,0.0
2026-06-18,TOGA,30.25,30.325,30.37,30.25,3966,120261.0,0.4,1.32,0.395,0.0
2026-06-18,TOI,5.31,5.26,5.365,5.15,2144041,11267432.0,4.1,0.19,0.01,2.14
2026-06-18,TOIIW,0.06,0.06,0.06,0.06,102,6.0,0.0,0.0,0.0,0.0
2026-06-18,TOK,150.02,150.111,150.111,150.02,628,94299.0,0.06,0.89,1.323,0.0
2026-06-18,TOL,152.82,155.67,157.92,151.88,1851128,288605776.0,4.04,4.02,6.01,1.98
2026-06-18,TOLL,40.75,40.86,40.98,40.75,7173,293286.0,0.57,1.84,0.74,0.0
2026-06-18,TOLZ,59.575,59.626,59.88,59.5,11083,662032.0,0.64,-0.19,-0.116,0.0
2026-06-18,TOMZ,0.7,0.756,0.78,0.7,133378,99617.0,11.49,8.62,0.06,0.57
2026-06-18,TONX,3.3,3.35,3.38,3.1,363778,1206348.0,8.72,4.36,0.14,0.64
2026-06-18,TOON,1.07,0.944,1.099,0.94,1272188,1258391.0,14.86,-11.78,-0.126,2.15
2026-06-18,TOP,1.33,1.37,1.39,1.18,348082,453036.0,16.28,6.2,0.08,1.28
2026-06-18,TOPC,34.3,34.32,34.36,34.22,17739,608695.0,0.41,1.03,0.349,0.0
2026-06-18,TOPP,1.22,1.44,1.46,1.17,105884,141882.0,24.37,21.01,0.25,0.54
2026-06-18,TOPS,0.969,0.926,0.969,0.905,221927,205507.0,6.67,-3.54,-0.034,2.97
2026-06-18,TOPT,33.24,33.27,33.33,32.94,386640,12804382.0,1.19,1.28,0.42,0.0
2026-06-18,TOPW,35.02,35.27,35.35,34.66,65482,2293555.0,1.99,1.79,0.62,0.0
2026-06-18,TORO,4.98,5.02,5.13,4.911,23895,119659.0,4.4,0.8,0.04,0.08
2026-06-18,TOS,30.92,30.851,30.93,30.84,5119,158251.0,0.3,1.6,0.485,0.0
2026-06-18,TOST,24.39,24.66,24.9,23.97,13043034,321028800.0,3.81,1.02,0.25,2.53
2026-06-18,TOT,23.58,23.603,23.603,23.54,1080,25445.0,0.27,1.22,0.285,0.0
2026-06-18,TOTL,39.38,39.36,39.43,39.345,327453,12899530.0,0.22,0.25,0.1,0.0
2026-06-18,TOTR,40.26,40.196,40.28,40.18,9769,393203.0,0.25,0.08,0.031,0.0
2026-06-18,TOUR,4.75,4.89,5.09,4.66,59869,289190.0,9.05,2.95,0.14,0.58
2026-06-18,TOUS,38.42,38.38,38.425,38.28,130990,5027085.0,0.38,0.68,0.26,0.0
2026-06-18,TOV,31.48,31.595,31.595,31.48,408,12874.0,0.37,1.2,0.376,0.0
2026-06-18,TOVX,0.267,0.251,0.27,0.251,1708387,440367.0,7.04,-7.04,-0.019,3.72
2026-06-18,TOWN,34.88,34.71,35.065,34.53,1584471,55040556.0,1.55,0.61,0.21,1.74
2026-06-18,TOXR,11.39,11.15,11.39,11.04,73530,822100.0,3.04,-3.13,-0.36,0.0
2026-06-18,TOYO,12.5,12.13,13.155,11.93,437940,5358768.0,9.81,-2.88,-0.36,1.15
2026-06-18,TPAY,53.64,53.824,53.824,53.64,500,26896.0,0.35,1.17,0.623,0.0
2026-06-18,TPB,79.76,82.02,82.18,78.49,721680,58758771.0,4.64,3.09,2.46,3.73
2026-06-18,TPC,78.88,77.99,80.0,76.959,971608,75785082.0,3.9,0.13,0.1,1.85
2026-06-18,TPCS,3.44,3.48,3.48,3.36,66996,229712.0,3.48,0.87,0.03,0.67
2026-06-18,TPET,0.294,0.304,0.31,0.29,1588806,473613.0,6.67,1.33,0.004,3.59
2026-06-18,TPFC,24.88,24.877,24.905,24.84,920,22906.0,0.26,-0.28,-0.069,0.0
2026-06-18,TPFG,27.93,27.762,27.93,27.69,3558,98703.0,0.88,2.29,0.622,0.0
2026-06-18,TPFI,25.01,24.97,25.01,24.96,3122,78040.0,0.2,0.21,0.052,0.0
2026-06-18,TPG,43.25,42.05,43.345,41.59,3281460,137863630.0,4.12,-1.2,-0.51,2.13
2026-06-18,TPGXL,22.73,22.91,22.91,22.46,221760,5058528.0,1.97,0.31,0.07,0.0
2026-06-18,TPHD,41.78,41.59,41.83,41.47,15672,652534.0,0.87,0.02,0.01,0.0
2026-06-18,TPIF,37.89,37.728,37.89,37.715,21191,800716.0,0.46,0.18,0.068,0.0
2026-06-18,TPL,354.51,355.11,359.25,351.81,994869,353474224.0,2.1,0.18,0.63,1.44
2026-06-18,TPLC,49.65,49.524,49.68,49.43,16570,821122.0,0.51,0.58,0.284,0.0
2026-06-18,TPLS,25.235,25.235,25.235,25.235,227,5753.0,0.0,0.2,0.05,0.0
2026-06-18,TPOR,38.97,38.47,39.65,38.47,23618,923156.0,3.13,2.15,0.81,0.0
2026-06-18,TPR,148.21,143.5,149.919,143.01,5861024,845296880.0,4.74,-1.62,-2.37,2.9
2026-06-18,TPRY,20.616,20.616,20.616,20.616,466,9514.0,0.0,3.29,0.657,0.0
2026-06-18,TPSC,46.52,46.53,46.62,46.38,7591,353107.0,0.52,1.3,0.598,0.0
2026-06-18,TPST,1.25,1.23,1.26,1.22,51026,63175.0,3.2,-1.6,-0.02,0.34
2026-06-18,TPTA,23.85,23.85,23.85,23.85,5,119.0,0.0,0.0,0.0,0.0
2026-06-18,TPUT,25.13,25.136,25.15,25.125,6127,153997.0,0.1,0.02,0.006,0.0
2026-06-18,TPVG,4.97,5.0,5.02,4.95,140938,702143.0,1.41,1.01,0.05,0.35
2026-06-18,TPYP,41.27,41.52,41.63,40.923,41353,1711589.0,1.71,0.16,0.066,0.0
2026-06-18,TPZ,21.5,21.8,22.0,21.5,10553,230403.0,2.31,0.6,0.13,0.0
2026-06-18,TQQQ,82.1,82.87,83.6,80.63,61062971,5017624832.0,3.83,6.87,5.33,0.0
2026-06-18,TQQY,13.05,13.09,13.09,13.05,7305,95458.0,0.31,0.06,0.008,0.0
2026-06-18,TR,36.79,36.24,37.085,35.78,335956,12186152.0,3.51,-2.53,-0.94,0.78
2026-06-18,TRAD,9.93,9.93,9.93,9.93,0,9.0,0.0,0.0,0.0,0.0
2026-06-18,TRAK,9.24,9.25,9.32,9.14,76876,710570.0,1.95,0.11,0.01,0.42
2026-06-18,TRAW,0.799,0.85,0.85,0.749,857886,696894.0,12.64,6.38,0.051,5.66
2026-06-18,TRAX,18.69,17.42,19.71,17.06,1915185,33727952.0,14.58,-4.13,-0.75,5.49
2026-06-18,TRBF,49.55,49.4,49.55,49.4,615,30450.0,0.3,0.16,0.08,0.0
2026-06-18,TRC,18.76,18.48,18.76,18.45,130103,2416170.0,1.66,-0.75,-0.14,0.48
2026-06-18,TRDA,6.99,7.09,7.205,6.76,339761,2388954.0,6.53,4.11,0.28,0.88
2026-06-18,TREE,36.33,39.07,39.48,35.86,565859,21829581.0,10.11,9.07,3.25,4.06
2026-06-18,TREX,46.43,47.13,48.875,46.01,2938998,139434017.0,6.3,3.7,1.68,2.83
2026-06-18,TRFK,108.25,109.277,109.715,107.84,186409,20278351.0,1.79,4.43,4.637,0.0
2026-06-18,TRFM,62.04,62.48,62.48,61.71,26851,1669904.0,1.27,3.03,1.84,0.0
2026-06-18,TRGP,259.88,258.58,262.04,253.815,2248160,581542992.0,3.15,-0.83,-2.16,1.05
2026-06-18,TRGS,9.88,9.88,9.88,9.88,2,20.0,0.0,0.0,0.0,0.0
2026-06-18,TRI,79.22,78.58,79.4,77.08,7748457,608650400.0,2.93,-0.85,-0.67,1.77
2026-06-18,TRIB,0.59,0.58,0.64,0.573,191489,112816.0,11.55,0.0,0.0,0.95
2026-06-18,TRIN,16.9,16.83,16.93,16.72,1394500,23448288.0,1.28,0.36,0.06,1.55
2026-06-18,TRINI,25.15,25.21,25.27,25.15,15500,391303.0,0.48,0.24,0.06,0.0
2026-06-18,TRINZ,25.225,25.244,25.244,25.2,1951,49203.0,0.17,0.08,0.019,0.0
2026-06-18,TRIO,64.54,64.605,64.61,64.54,880,56879.0,0.11,0.55,0.355,0.0
2026-06-18,TRIP,12.7,12.965,13.01,12.44,6022090,77270387.0,4.52,2.82,0.355,5.18
2026-06-18,TRLV,9.52,10.1,10.125,9.22,3221814,31960153.0,9.58,6.88,0.65,0.0
2026-06-18,TRMB,49.01,49.16,49.58,47.92,9376303,459734512.0,3.4,0.59,0.29,4.02
2026-06-18,TRMD,28.6,29.41,29.42,28.08,849474,24604809.0,4.62,1.34,0.39,0.83
2026-06-18,TRMK,44.68,44.67,45.2,44.49,844423,37742061.0,1.6,0.81,0.36,1.44
2026-06-18,TRN,34.62,34.47,35.55,34.37,1235467,42811315.0,3.44,0.55,0.19,1.55
2026-06-18,TRND,37.04,37.194,37.194,37.04,2716,100852.0,0.42,1.32,0.486,0.0
2026-06-18,TRNO,62.99,64.35,64.72,62.99,2130016,136760890.0,2.71,0.77,0.49,2.0
2026-06-18,TRNR,0.62,0.58,0.641,0.561,239079,142290.0,12.9,-6.45,-0.04,10.26
2026-06-18,TRNS,91.94,92.88,94.2,91.25,170714,15834773.0,3.23,1.74,1.59,1.83
2026-06-18,TRON,1.69,1.63,1.72,1.63,1302180,2147535.0,5.36,-2.98,-0.05,0.47
2026-06-18,TROO,2.47,2.57,2.6,2.395,195365,492342.0,8.4,5.33,0.13,0.16
2026-06-18,TROW,109.09,107.65,109.325,106.76,4637888,499653376.0,2.37,-0.43,-0.47,2.16
2026-06-18,TROX,7.7,7.4,7.71,7.31,5734246,42658856.0,5.28,-2.25,-0.17,3.59
2026-06-18,TRP,67.83,67.7,68.3,67.26,5218024,354093344.0,1.53,-0.32,-0.22,0.52
2026-06-18,TRPA,39.01,38.985,39.038,38.93,4076,159025.0,0.28,-0.04,-0.014,0.0
2026-06-18,TRS,42.92,43.77,44.1,42.74,1745755,76228731.0,3.19,2.7,1.15,4.87
2026-06-18,TRSG,1.57,1.57,1.57,1.57,379,592.0,0.0,0.0,0.0,0.0
2026-06-18,TRST,52.4,52.24,52.575,51.77,233918,12217665.0,1.56,1.1,0.57,1.34
2026-06-18,TRSY,30.16,30.155,30.17,30.155,9606,289745.0,0.05,-0.05,-0.015,0.0
2026-06-18,TRT,16.0,15.83,17.57,15.3,2126923,34779818.0,15.44,7.69,1.13,21.03
2026-06-18,TRTN_A,25.62,25.53,25.62,25.4,3629,92586.0,0.86,-0.44,-0.114,0.11
2026-06-18,TRTN_B,25.22,25.28,25.3,25.22,2860,72238.0,0.32,0.17,0.042,0.05
2026-06-18,TRTN_C,24.7,24.52,24.7,24.36,15199,373699.0,1.4,0.95,0.23,0.22
2026-06-18,TRTN_D,23.24,23.365,23.45,23.24,4054,94551.0,0.91,0.71,0.165,0.07
2026-06-18,TRTN_E,18.82,18.76,18.93,18.6,18764,351069.0,1.77,0.64,0.12,0.27
2026-06-18,TRTN_F,24.29,24.43,24.65,23.8,13139,320036.0,3.51,0.76,0.184,0.22
2026-06-18,TRTN_G,23.49,23.65,23.76,23.475,18284,431782.0,1.22,1.13,0.265,0.26
2026-06-18,TRTX,8.56,8.6,8.6,8.495,1015104,8712691.0,1.23,1.06,0.09,1.31
2026-06-18,TRTX_C,18.65,18.73,18.75,18.49,7792,145275.0,1.39,0.21,0.04,0.1
2026-06-18,TRTY,30.75,30.74,30.76,30.73,2272,69872.0,0.1,0.0,0.0,0.0
2026-06-18,TRU,64.9,64.6,65.35,63.58,7985747,515956432.0,2.75,0.25,0.16,4.14
2026-06-18,TRUC,25.47,25.524,25.58,25.3,30108,766725.0,1.11,0.93,0.235,0.0
2026-06-18,TRUD,25.62,25.927,25.99,25.52,37511,968245.0,1.85,1.86,0.474,0.0
2026-06-18,TRUF,27.968,27.968,27.968,27.968,2,72.0,0.0,-0.84,-0.237,0.0
2026-06-18,TRUG,1.404,1.35,1.404,1.35,75079,103270.0,3.83,-4.26,-0.06,6.86
2026-06-18,TRUH,26.082,26.082,26.082,26.082,30,782.0,0.0,-0.74,-0.194,0.0
2026-06-18,TRUI,25.879,25.879,25.879,25.879,234,6065.0,0.0,0.89,0.228,0.0
2026-06-18,TRUP,23.73,23.54,23.945,23.29,500531,11810906.0,2.78,-0.13,-0.03,1.15
2026-06-18,TRUT,31.7,31.884,31.9,31.59,107608,3420399.0,1.0,2.77,0.859,0.0
2026-06-18,TRV,308.69,307.81,309.85,301.65,5783587,1775814144.0,2.68,0.57,1.74,2.72
2026-06-18,TRVG,4.46,4.65,4.72,4.39,145400,661326.0,7.32,3.56,0.16,0.63
2026-06-18,TRVI,16.9,17.21,17.61,16.48,2960142,50001629.0,6.9,5.13,0.84,2.08
2026-06-18,TRX,0.92,0.915,0.952,0.892,1730302,1580178.0,6.49,-1.08,-0.01,0.53
2026-06-18,TS,57.81,57.22,58.02,56.53,1914547,109267252.0,2.52,-3.2,-1.89,0.38
2026-06-18,TSAT,50.24,45.61,50.24,44.8,188212,8588351.0,11.46,-3.94,-1.87,1.25
2026-06-18,TSBK,42.57,42.53,42.57,41.945,30702,1304364.0,1.49,1.29,0.54,0.39
2026-06-18,TSCM,20.56,20.573,20.58,20.53,1183,24307.0,0.25,1.73,0.35,0.0
2026-06-18,TSCO,29.8,30.24,30.51,29.71,24880680,751971648.0,2.69,1.65,0.49,4.74
2026-06-18,TSCV,32.14,32.142,32.18,32.09,869,27956.0,0.28,1.49,0.472,0.0
2026-06-18,TSDD,8.1,7.99,8.64,7.91,31586026,261997023.0,8.95,-2.08,-0.17,0.0
2026-06-18,TSEC,25.84,25.841,25.875,25.81,46327,1197289.0,0.25,0.06,0.016,0.0
2026-06-18,TSEL,29.36,29.626,29.67,29.321,33859,1001440.0,1.21,2.52,0.729,0.0
2026-06-18,TSEM,276.11,286.74,289.89,273.78,2524222,711680576.0,6.03,7.34,19.61,2.24
2026-06-18,TSEP,26.09,26.115,26.115,26.09,263,6866.0,0.1,0.73,0.19,0.0
2026-06-18,TSES,30.24,30.264,30.264,30.16,2102,63499.0,0.35,0.45,0.136,0.0
2026-06-18,TSHA,6.24,6.42,6.57,6.24,6368900,40815076.0,5.38,3.72,0.23,2.22
2026-06-18,TSI,4.47,4.46,4.47,4.45,124070,552870.0,0.45,0.0,0.0,0.0
2026-06-18,TSIC,25.27,25.183,25.27,25.183,455,11490.0,0.35,0.29,0.073,0.0
2026-06-18,TSII,17.29,17.382,17.382,16.665,38011,644185.0,4.18,1.32,0.227,0.0
2026-06-18,TSL,15.66,15.778,15.84,14.98,993392,15369173.0,5.53,1.4,0.218,0.0
2026-06-18,TSLA,398.095,400.49,402.52,384.7,58384713,23029535744.0,4.5,1.04,4.11,1.55
2026-06-18,TSLG,6.4,6.48,6.545,5.975,38948761,242312569.0,8.98,2.05,0.13,0.0
2026-06-18,TSLI,23.7,24.44,24.52,22.67,15952,381225.0,7.74,2.26,0.54,0.0
2026-06-18,TSLL,13.0,13.16,13.292,12.14,65797758,833558384.0,8.92,1.86,0.24,0.0
2026-06-18,TSLP,18.03,18.09,18.1,17.407,10100,178596.0,3.89,1.61,0.287,0.0
2026-06-18,TSLQ,19.16,18.91,20.44,18.72,6828352,133603649.0,8.92,-1.97,-0.38,0.0
2026-06-18,TSLR,22.175,22.43,22.675,20.72,1455198,31451156.0,8.88,1.86,0.41,0.0
2026-06-18,TSLS,54.79,54.51,56.69,54.26,650109,36267377.0,4.42,-0.93,-0.51,0.0
2026-06-18,TSLT,18.15,18.24,18.5,16.91,1927839,33930547.0,8.86,1.67,0.3,0.0
2026-06-18,TSLW,22.85,22.94,22.97,21.879,97740,2191633.0,4.82,1.28,0.29,0.0
2026-06-18,TSLX,16.5,16.61,16.73,16.37,1170173,19380642.0,2.18,0.67,0.11,1.23
2026-06-18,TSLY,27.61,27.85,27.925,26.95,961232,26468828.0,3.5,0.0,0.0,0.0
2026-06-18,TSLZ,12.23,12.1,13.085,11.98,3253137,40662123.0,8.95,-2.02,-0.25,0.0
2026-06-18,TSM,438.88,462.12,465.22,438.39,25817106,11819837440.0,6.21,6.94,29.97,0.5
2026-06-18,TSME,50.75,51.08,51.16,50.485,90642,4612463.0,1.35,2.47,1.23,0.0
2026-06-18,TSMG,43.95,48.45,48.85,43.95,183941,8647648.0,11.51,13.76,5.862,0.0
2026-06-18,TSMU,79.2,87.72,88.405,79.2,150227,12562588.0,11.94,13.75,10.604,0.0
2026-06-18,TSMX,90.58,100.24,101.279,90.5,1154572,111337802.0,12.24,13.79,12.15,0.0
2026-06-18,TSMY,16.93,17.64,17.65,16.93,488655,8520716.0,4.3,5.31,0.89,0.0
2026-06-18,TSMZ,7.85,7.412,7.85,7.385,279405,2110641.0,5.84,-6.92,-0.551,0.0
2026-06-18,TSN,55.7,55.46,56.43,54.63,7344556,407518672.0,3.2,-1.32,-0.74,2.6
2026-06-18,TSNF,32.76,33.016,33.016,32.53,1902,62022.0,1.52,3.01,0.964,0.0
2026-06-18,TSOL,6.96,6.739,6.96,6.65,4931,34142.0,4.45,-3.18,-0.221,0.0
2026-06-18,TSPA,47.5,47.44,47.53,47.22,164390,7795617.0,0.66,1.22,0.57,0.0
2026-06-18,TSPX,29.835,29.835,29.835,29.835,6,179.0,0.0,0.91,0.268,0.0
2026-06-18,TSPY,25.74,25.63,25.74,25.5,216488,5542796.0,0.95,1.02,0.26,0.0
2026-06-18,TSQ,6.4,6.32,6.69,6.26,62476,401894.0,6.81,0.16,0.01,0.38
2026-06-18,TSRS,26.77,26.645,26.77,26.645,334,8934.0,0.47,-0.24,-0.064,0.0
2026-06-18,TSSD,26.38,26.692,26.692,26.38,3482,92723.0,1.16,-1.1,-0.298,0.0
2026-06-18,TSSI,13.23,13.56,13.68,12.87,981381,13117213.0,6.3,5.53,0.71,3.5
2026-06-18,TSUI,15.04,14.414,15.04,14.414,10049,148158.0,4.05,-6.81,-1.054,0.0
2026-06-18,TSXD,5.61,5.267,5.61,5.265,30145,164641.0,5.74,-12.36,-0.743,0.0
2026-06-18,TSXU,66.89,69.46,69.755,66.62,21718,1486688.0,5.03,11.53,7.18,0.0
2026-06-18,TSYW,44.73,44.671,44.9,44.671,1151,51573.0,0.52,0.5,0.222,0.0
2026-06-18,TSYX,23.83,23.604,23.83,23.39,27159,639735.0,1.89,1.44,0.336,0.0
2026-06-18,TSYY,23.23,23.3,23.38,22.79,45264,1044325.0,2.53,-0.09,-0.02,0.0
2026-06-18,TT,482.18,483.4,491.83,478.37,1540058,744526288.0,2.85,2.3,10.89,0.7
2026-06-18,TTAM,17.76,18.37,18.4,17.74,277403,5037923.0,3.75,4.43,0.78,0.15
2026-06-18,TTAN,61.58,64.23,64.51,60.55,1699454,108536489.0,6.34,2.85,1.78,2.05
2026-06-18,TTC,91.31,92.61,93.53,91.31,1249858,115799920.0,2.44,1.91,1.74,1.31
2026-06-18,TTD,18.06,18.51,18.565,17.77,50679169,933396816.0,4.38,1.93,0.35,11.87
2026-06-18,TTDU,2.75,2.84,2.87,2.645,1192060,3319112.0,8.14,2.71,0.075,0.0
2026-06-18,TTE,81.39,80.43,81.42,80.19,3341300,269909600.0,1.5,-2.06,-1.69,
2026-06-18,TTEC,2.3,2.14,2.32,2.14,1273107,2756034.0,7.79,-7.36,-0.17,2.62
2026-06-18,TTEK,28.12,27.36,28.41,26.79,10188596,278552528.0,5.76,-2.7,-0.76,3.93
2026-06-18,TTEQ,44.46,44.83,44.9,44.1,105104,4678419.0,1.85,3.77,1.63,0.0
2026-06-18,TTGT,3.6,3.6,3.64,3.51,774108,2784663.0,3.64,0.84,0.03,1.07
2026-06-18,TTI,10.22,10.24,10.28,9.79,2362773,24038881.0,4.82,0.69,0.07,1.62
2026-06-18,TTMI,212.93,216.44,217.94,209.62,2639163,566549248.0,4.1,6.78,13.74,2.54
2026-06-18,TTOP,14.723,14.723,14.723,14.723,26,387.0,0.0,-2.1,-0.316,0.0
2026-06-18,TTRX,6.05,5.87,6.37,5.791,36642,217916.0,9.6,-2.65,-0.16,0.12
2026-06-18,TTT,64.85,66.046,66.24,64.85,11042,723083.0,2.08,-1.23,-0.825,0.0
2026-06-18,TTWO,239.14,239.28,242.15,233.23,7241495,1729152864.0,3.91,4.93,11.25,3.9
2026-06-18,TTXD,14.46,14.082,14.625,14.0,16853,242363.0,4.03,-9.27,-1.438,0.0
2026-06-18,TTXU,31.98,33.935,34.037,31.98,8921,298808.0,6.75,11.41,3.475,0.0
2026-06-18,TU,11.63,11.54,11.635,11.43,10139895,116862997.0,1.76,-1.03,-0.12,0.64
2026-06-18,TUA,20.37,20.37,20.45,20.363,297282,6069035.0,0.43,0.34,0.07,0.0
2026-06-18,TUG,47.39,47.519,47.519,47.39,2196,104094.0,0.28,2.47,1.145,0.0
2026-06-18,TUGN,28.48,28.613,28.64,28.3,32487,926716.0,1.22,2.62,0.731,0.0
2026-06-18,TULP,3.726,3.99,3.99,3.726,6819,26543.0,7.23,9.32,0.34,0.14
2026-06-18,TUR,40.86,40.96,41.07,40.77,156714,6413681.0,0.75,2.53,1.01,0.0
2026-06-18,TURB,1.37,1.38,1.405,1.33,112822,154252.0,5.28,-2.82,-0.04,0.9
2026-06-18,TURF,32.6,32.186,32.6,32.11,4720,151925.0,1.5,-1.51,-0.495,0.0
2026-06-18,TUSB,50.57,50.48,50.57,50.47,35527,1793451.0,0.2,0.14,0.07,0.0
2026-06-18,TUSI,25.35,25.335,25.35,25.33,279629,7087491.0,0.08,-0.02,-0.005,0.0
2026-06-18,TUSK,3.05,3.03,3.08,2.81,425286,1271371.0,8.88,-0.33,-0.01,0.88
2026-06-18,TUYA,1.93,1.87,1.93,1.855,2668570,5007515.0,3.89,-3.11,-0.06,0.49
2026-06-18,TV,3.0,2.99,3.04,2.94,1032579,3083611.0,3.32,-0.66,-0.02,0.2
2026-06-18,TVA,10.475,10.51,10.51,10.46,7657,80319.0,0.48,0.0,0.0,0.03
2026-06-18,TVACW,0.559,0.52,0.559,0.52,11501,6203.0,7.5,0.0,0.0,0.0
2026-06-18,TVAI,10.31,10.31,10.31,10.31,5000,51550.0,0.0,0.1,0.01,0.02
2026-06-18,TVAL,41.68,41.47,41.68,41.38,56801,2357706.0,0.73,0.61,0.25,0.0
2026-06-18,TVC,23.97,23.94,24.005,23.92,15330,367055.0,0.35,-0.06,-0.015,0.0
2026-06-18,TVE,23.52,23.54,23.545,23.52,12526,294963.0,0.11,0.23,0.055,0.0
2026-06-18,TVGN,10.1,9.46,10.34,9.46,13177,128882.0,9.07,-2.47,-0.24,0.31
2026-06-18,TVGNW,0.05,0.053,0.06,0.041,474806,24808.0,38.0,6.0,0.003,0.0
2026-06-18,TVRD,2.6,2.63,2.68,2.475,103629,267479.0,7.95,1.94,0.05,1.1
2026-06-18,TVTX,54.655,55.15,55.99,53.75,6587101,362073792.0,4.14,1.87,1.01,7.08
2026-06-18,TW,100.21,99.49,102.29,99.15,1560818,155844392.0,3.12,-1.27,-1.28,1.35
2026-06-18,TWAV,1.67,1.5,1.67,1.5,166329,259197.0,10.3,-9.09,-0.15,4.81
2026-06-18,TWFG,21.25,21.67,21.725,20.67,247061,5279040.0,5.03,3.34,0.7,1.9
2026-06-18,TWG,2.404,2.46,2.515,2.4,6125,14907.0,4.64,-0.81,-0.02,0.03
2026-06-18,TWI,7.44,7.57,7.65,7.43,758384,5728279.0,2.99,2.85,0.21,1.18
2026-06-18,TWIN,21.0,21.86,22.08,20.946,123551,2688174.0,5.45,5.05,1.05,0.86
2026-06-18,TWLO,185.27,186.17,188.837,179.35,4716680,874838512.0,5.04,-1.03,-1.94,3.11
2026-06-18,TWM,21.75,21.6,22.22,21.54,475967,10379947.0,3.03,-3.87,-0.87,0.0
2026-06-18,TWN,100.18,100.83,102.5,99.1,62744,6306258.0,3.49,3.35,3.27,0.0
2026-06-18,TWO,12.33,12.32,12.43,12.32,2285309,28225512.0,0.9,0.24,0.03,2.18
2026-06-18,TWOD,25.32,25.32,25.44,25.32,4742,120361.0,0.47,0.02,0.005,0.0
2026-06-18,TWOX,28.82,28.84,28.84,28.82,946,27282.0,0.07,0.1,0.03,0.0
2026-06-18,TWO_A,24.67,24.94,24.94,24.67,33273,826896.0,1.09,0.97,0.24,0.66
2026-06-18,TWO_B,24.72,24.9,24.9,24.72,9684,240582.0,0.73,0.91,0.225,0.1
2026-06-18,TWO_C,24.94,24.94,24.99,24.74,19943,497158.0,1.0,0.16,0.04,0.21
2026-06-18,TWST,85.665,87.56,87.77,84.13,3938867,342213440.0,4.39,5.66,4.69,6.33
2026-06-18,TX,47.52,46.3,48.11,46.18,351300,16353211.0,4.06,-2.51,-1.19,0.18
2026-06-18,TXBC,13.03,12.81,13.1,12.81,4139,53901.0,2.21,-2.53,-0.332,0.0
2026-06-18,TXG,32.99,34.755,35.64,32.83,3608800,125478709.0,8.75,8.17,2.625,3.09
2026-06-18,TXMD,2.26,1.95,2.3,1.89,69694,146156.0,18.06,-14.1,-0.32,0.6
2026-06-18,TXN,313.11,322.86,323.6,311.56,21929631,7045458176.0,3.99,6.95,20.98,2.41
2026-06-18,TXNM,56.5,57.06,57.125,56.47,3672827,208983282.0,1.16,1.08,0.61,3.32
2026-06-18,TXNU,61.13,63.19,63.47,59.86,115777,7017027.0,6.5,13.77,7.65,0.0
2026-06-18,TXO,12.5,12.38,12.86,12.37,124714,1558552.0,3.9,-1.43,-0.18,0.23
2026-06-18,TXRH,175.18,177.75,181.32,174.78,1797738,320017968.0,3.77,2.43,4.21,2.74
2026-06-18,TXS,39.75,39.49,39.75,39.37,9083,358601.0,0.96,-0.08,-0.03,0.0
2026-06-18,TXT,94.47,89.47,94.47,87.165,4306709,386462720.0,7.88,-3.47,-3.22,2.48
2026-06-18,TXUE,34.66,34.661,34.79,34.54,19420,673542.0,0.72,0.43,0.149,0.0
2026-06-18,TXUG,27.521,27.521,27.521,27.521,5,160.0,0.0,1.52,0.413,0.0
2026-06-18,TXXD,4.54,4.325,4.54,4.24,43907,189664.0,6.51,-6.08,-0.28,0.0
2026-06-18,TXXH,61.42,56.121,61.42,52.92,34093,1922578.0,13.47,-11.07,-6.989,0.0
2026-06-18,TXXI,50.74,50.715,50.75,50.7,4035,204739.0,0.1,0.24,0.123,0.0
2026-06-18,TXXS,2.5,2.29,2.5,2.215,107293,252139.0,10.63,-14.55,-0.39,0.0
2026-06-18,TY,34.82,34.71,34.99,34.501,23200,805669.0,1.41,0.0,0.0,0.0
2026-06-18,TYA,12.77,12.715,12.8,12.715,16887,215341.0,0.67,0.75,0.095,0.0
2026-06-18,TYD,23.88,23.9,24.04,23.81,33087,791089.0,0.97,0.97,0.23,0.0
2026-06-18,TYG,42.3,42.53,42.59,42.037,236194,10005541.0,1.31,0.54,0.23,0.19
2026-06-18,TYGO,2.75,2.79,2.79,2.64,1018444,2807895.0,5.6,4.1,0.11,1.34
2026-06-18,TYL,285.43,278.91,288.82,274.09,1775567,495330368.0,5.12,-3.06,-8.8,4.21
2026-06-18,TYLD,25.25,25.245,25.25,25.245,3300,83334.0,0.02,-0.41,-0.105,0.0
2026-06-18,TYLG,42.56,42.908,42.908,42.56,3861,164967.0,0.83,1.9,0.8,0.0
2026-06-18,TYO,14.018,14.095,14.229,13.99,8234,115967.0,1.68,-0.7,-0.1,0.0
2026-06-18,TYRA,29.98,28.32,30.09,27.98,2561457,72646907.0,7.26,-2.58,-0.75,4.31
2026-06-18,TYYY,44.06,44.582,44.582,44.06,128,5667.0,1.18,1.17,0.516,0.0
2026-06-18,TY_,42.38,42.38,42.38,42.38,116,4979.0,0.0,0.0,0.0,0.02
2026-06-18,TZA,4.06,4.02,4.21,4.0,300412416,1230973152.0,4.92,-5.85,-0.25,0.0
2026-06-18,TZOO,10.75,10.96,11.28,10.695,174391,1911817.0,5.52,3.4,0.36,1.7
2026-06-18,T_A,19.18,19.18,19.26,19.13,80585,1544878.0,0.68,0.26,0.05,0.17
2026-06-18,T_C,18.08,17.97,18.08,17.91,111800,2009828.0,0.95,0.17,0.03,0.16
2026-06-18,U,26.4,27.48,27.5,25.57,9451663,256155806.0,7.29,3.82,1.01,2.17
2026-06-18,UA,5.58,5.87,5.885,5.57,3403327,19790835.0,5.7,6.15,0.34,1.68
2026-06-18,UAA,5.64,6.06,6.075,5.64,9519113,57164823.0,7.63,6.32,0.36,5.04
2026-06-18,UAC_WS,0.6,0.55,0.6,0.55,1106,659.0,8.33,-8.33,-0.05,0.0
2026-06-18,UAE,20.07,20.35,20.4,20.07,580245,11782906.0,1.68,3.77,0.74,0.0
2026-06-18,UAL,118.81,118.32,120.675,117.26,6761751,803053680.0,2.95,2.15,2.49,2.08
2026-06-18,UAMY,7.76,7.85,8.05,7.5,11919423,92780497.0,7.18,2.48,0.19,8.04
2026-06-18,UAN,111.96,111.4,112.68,110.3,40617,4515236.0,2.14,0.11,0.12,0.38
2026-06-18,UAPR,35.05,35.015,35.06,34.97,6627,232290.0,0.26,0.29,0.1,0.0
2026-06-18,UAUG,41.91,41.97,41.97,41.91,891,37366.0,0.14,0.33,0.139,0.0
2026-06-18,UAVS,0.93,0.942,0.948,0.903,1675480,1557195.0,4.82,0.96,0.009,2.86
2026-06-18,UBCP,15.76,15.99,16.0,15.485,8992,143146.0,3.26,1.07,0.17,0.16
2026-06-18,UBER,71.97,71.64,72.49,70.78,27203330,1953062656.0,2.41,1.03,0.73,1.34
2026-06-18,UBEW,27.945,27.878,27.945,27.825,2089,58253.0,0.44,1.57,0.431,0.0
2026-06-18,UBND,21.7,21.685,21.72,21.68,336863,7310215.0,0.18,0.28,0.06,0.0
2026-06-18,UBOT,26.71,26.76,26.835,26.39,8881,237172.0,1.73,3.88,1.0,0.0
2026-06-18,UBR,28.34,28.364,28.364,28.32,741,21037.0,0.15,-1.97,-0.569,0.0
2026-06-18,UBRL,14.99,14.91,15.21,14.585,75320,1123810.0,4.27,1.84,0.27,0.0
2026-06-18,UBS,50.45,50.8,51.12,50.28,1979825,100624527.0,1.69,2.15,1.07,0.06
2026-06-18,UBSI,44.49,44.42,44.93,44.21,2140908,95199609.0,1.63,0.52,0.23,1.55
2026-06-18,UBT,16.65,16.52,16.695,16.517,53271,884007.0,1.09,0.98,0.16,0.0
2026-06-18,UBXG,7.38,7.32,7.95,5.5,1513236,10223765.0,32.97,-1.48,-0.11,100.21
2026-06-18,UCAR,1.13,1.19,1.195,1.12,248457,288409.0,6.64,5.31,0.06,0.97
2026-06-18,UCB,32.73,32.85,33.079,32.705,1742446,57227247.0,1.15,0.89,0.29,1.45
2026-06-18,UCC,47.05,48.094,48.286,47.04,2854,135154.0,2.67,3.03,1.415,0.0
2026-06-18,UCIB,33.141,33.141,33.141,33.141,3,100.0,0.0,-0.61,-0.202,0.0
2026-06-18,UCL,1.01,1.062,1.062,1.01,1934,1962.0,4.95,1.14,0.012,0.01
2026-06-18,UCO,35.628,36.64,36.97,34.62,4266355,152703890.0,6.43,0.22,0.08,0.0
2026-06-18,UCON,24.94,24.91,24.95,24.91,377578,9414998.0,0.16,0.12,0.03,0.0
2026-06-18,UCOP,42.98,42.423,42.98,42.423,4301,184017.0,1.33,1.09,0.456,0.0
2026-06-18,UCRD,21.499,21.499,21.499,21.499,23,516.0,0.0,0.21,0.044,0.0
2026-06-18,UCTT,119.12,121.28,123.37,117.2,1353172,164149433.0,5.53,8.66,9.67,3.02
2026-06-18,UCYB,68.15,68.079,68.5,66.724,2559,173250.0,2.63,0.81,0.546,0.0
2026-06-18,UDEC,41.64,41.705,41.705,41.63,4592,191245.0,0.18,0.52,0.215,0.0
2026-06-18,UDI,35.19,35.03,35.19,35.03,387,13621.0,0.45,-0.56,-0.199,0.0
2026-06-18,UDIV,60.54,60.546,60.6,60.29,4346,262623.0,0.52,1.29,0.771,0.0
2026-06-18,UDN,17.93,17.92,17.955,17.89,100874,1808363.0,0.36,-0.28,-0.05,0.0
2026-06-18,UDOW,68.68,67.53,69.065,67.51,1631765,111182288.0,2.31,0.27,0.18,0.0
2026-06-18,UDR,38.19,37.56,38.19,37.39,7493816,282086688.0,2.12,-0.24,-0.09,2.31
2026-06-18,UE,22.36,22.27,22.51,22.185,1882252,41952158.0,1.46,-0.09,-0.02,1.49
2026-06-18,UEC,11.85,12.01,12.15,11.58,25344953,302180160.0,4.99,5.17,0.59,5.12
2026-06-18,UECG,5.29,5.188,5.35,4.96,114425,588729.0,8.2,9.11,0.433,0.0
2026-06-18,UEIC,4.0,4.1,4.1,4.0,34926,142470.0,2.5,2.5,0.1,0.28
2026-06-18,UEVM,59.681,59.614,59.78,59.55,5708,340676.0,0.39,0.58,0.345,0.0
2026-06-18,UFCS,48.49,48.29,48.7,47.52,234231,11303140.0,2.46,0.65,0.31,0.91
2026-06-18,UFEB,38.58,38.644,38.66,38.58,10686,412695.0,0.21,0.53,0.204,0.0
2026-06-18,UFG,0.802,0.781,0.845,0.78,79898,65039.0,8.1,-2.62,-0.021,0.81
2026-06-18,UFI,4.07,4.13,4.2,4.07,122318,507169.0,3.26,3.51,0.14,0.66
2026-06-18,UFIV,48.358,48.295,48.365,48.295,2072,100210.0,0.15,0.25,0.119,0.0
2026-06-18,UFO,51.3,50.27,51.356,49.13,1795707,89354589.0,4.36,-1.55,-0.79,0.0
2026-06-18,UFOD,26.29,26.338,26.338,25.93,7047,184024.0,1.57,1.16,0.301,0.0
2026-06-18,UFOX,95.8,95.26,95.8,93.94,48420,4585143.0,1.98,1.34,1.261,0.0
2026-06-18,UFPI,84.36,86.58,88.24,84.18,1227542,106338409.0,4.83,3.1,2.6,2.17
2026-06-18,UFPT,230.62,239.28,242.29,229.87,227488,53999440.0,5.46,5.09,11.6,2.94
2026-06-18,UG,7.07,7.04,7.14,6.95,8993,63256.0,2.71,0.28,0.02,0.2
2026-06-18,UGA,99.849,102.29,103.015,98.94,22817,2297791.0,4.07,2.13,2.13,0.0
2026-06-18,UGE,18.71,18.704,18.89,18.55,116154,2169609.0,1.81,-0.48,-0.09,0.0
2026-06-18,UGI,33.64,33.81,33.975,33.37,2399733,81026978.0,1.8,0.57,0.19,1.12
2026-06-18,UGL,49.62,48.52,49.91,48.17,2802872,137298020.0,3.56,-0.86,-0.42,0.0
2026-06-18,UGLD,22.02,21.533,22.17,21.43,18294,399723.0,3.41,-0.77,-0.167,0.0
2026-06-18,UGP,4.75,4.8,4.815,4.725,5593210,26754946.0,1.91,2.13,0.1,0.52
2026-06-18,UHAL,61.79,62.23,62.635,61.5,383455,23813870.0,1.85,1.57,0.96,1.96
2026-06-18,UHAL_B,54.65,54.84,55.1,54.32,706213,38703150.0,1.44,1.46,0.79,0.4
2026-06-18,UHS,142.41,141.17,142.41,140.26,2192982,309804480.0,1.52,-0.06,-0.09,4.12
2026-06-18,UHT,38.78,37.86,38.99,37.77,2310532,87680174.0,3.15,-2.35,-0.91,16.65
2026-06-18,UI,577.89,589.46,593.42,570.0,201191,117794653.0,4.16,4.73,26.64,0.33
2026-06-18,UIS,3.68,3.54,3.68,3.47,1660950,5867894.0,5.75,-3.01,-0.11,2.28
2026-06-18,UITB,46.83,46.755,46.845,46.73,253700,11864767.0,0.25,0.24,0.113,0.0
2026-06-18,UIVM,73.605,73.48,73.605,73.38,1524,112097.0,0.31,0.19,0.143,0.0
2026-06-18,UJAN,45.24,45.291,45.32,45.21,12534,567456.0,0.24,0.45,0.202,0.0
2026-06-18,UJB,78.85,78.88,78.88,78.8,378,29874.0,0.1,0.46,0.36,0.0
2026-06-18,UJUL,40.61,40.575,40.62,40.575,9432,382973.0,0.11,0.0,0.0,0.0
2026-06-18,UJUN,38.43,38.46,38.5,38.38,37388,1437577.0,0.31,0.55,0.211,0.0
2026-06-18,UK,2.09,2.13,2.17,1.93,54263,112175.0,10.91,-3.18,-0.07,1.48
2026-06-18,UL,57.81,58.4,58.605,57.76,3553725,207240835.0,1.46,1.11,0.64,0.16
2026-06-18,ULBI,6.37,6.46,6.52,6.37,21675,139703.0,2.38,2.7,0.17,0.13
2026-06-18,ULCC,6.95,7.22,7.235,6.815,4305394,30572079.0,6.33,8.73,0.58,1.87
2026-06-18,ULE,12.47,12.434,12.48,12.43,1752,21824.0,0.4,-0.84,-0.105,0.0
2026-06-18,ULH,16.05,14.85,16.55,14.83,82392,1260288.0,10.86,-6.28,-0.995,0.31
2026-06-18,ULS,94.26,91.34,94.59,90.29,2390327,218495210.0,4.57,-2.94,-2.77,3.07
2026-06-18,ULST,40.36,40.38,40.38,40.36,24024,970009.0,0.05,0.09,0.035,0.0
2026-06-18,ULTA,454.0,456.13,459.29,449.01,1409090,642460384.0,2.28,1.19,5.38,3.28
2026-06-18,ULTI,12.81,12.795,12.825,12.55,85160,1082028.0,2.18,1.55,0.195,0.0
2026-06-18,ULTY,30.31,30.44,30.49,30.125,417649,12686778.0,1.22,1.64,0.49,0.0
2026-06-18,ULVM,105.15,104.975,105.25,104.96,27855,2924171.0,0.28,-0.07,-0.074,0.0
2026-06-18,UMAC,25.35,24.98,25.5,23.11,5047633,122289260.0,9.78,2.17,0.53,10.56
2026-06-18,UMAR,42.09,42.19,42.19,42.06,2935,123607.0,0.31,0.6,0.25,0.0
2026-06-18,UMAY,37.83,37.96,37.98,37.83,3829,145289.0,0.4,0.52,0.195,0.0
2026-06-18,UMBF,133.72,133.06,134.47,132.3,1251437,166634594.0,1.64,0.37,0.49,1.65
2026-06-18,UMBFO,26.96,26.91,27.09,26.85,10695,288457.0,0.89,0.3,0.08,0.09
2026-06-18,UMC,23.63,24.08,24.165,23.1,26913568,641042352.0,4.89,10.66,2.32,1.07
2026-06-18,UMDD,36.1,35.87,36.1,35.595,1337,47874.0,1.45,3.1,1.08,0.0
2026-06-18,UMH,15.04,15.06,15.08,14.95,729397,10967136.0,0.87,0.8,0.12,0.86
2026-06-18,UMH_D,21.95,21.9,22.05,21.85,7663,168443.0,0.91,-0.64,-0.14,0.06
2026-06-18,UMI,57.56,57.92,58.01,56.83,22746,1309847.0,2.04,0.29,0.17,0.0
2026-06-18,UMMA,39.91,40.235,40.36,39.76,45747,1833084.0,1.54,3.3,1.285,0.0
2026-06-18,UNB,23.76,23.7,23.76,23.495,18319,433750.0,1.12,0.42,0.1,0.4
2026-06-18,UNCY,7.2,6.85,7.331,6.66,1478183,10187251.0,9.52,-2.84,-0.2,5.4
2026-06-18,UNF,260.08,261.0,262.55,258.17,307014,80139295.0,1.69,0.49,1.26,2.11
2026-06-18,UNFI,50.0,51.71,51.855,49.39,1646884,84420226.0,4.96,4.15,2.06,2.72
2026-06-18,UNG,11.41,11.74,11.815,11.408,6806818,79325910.0,3.52,1.47,0.17,0.0
2026-06-18,UNH,402.77,400.96,406.2,399.15,11896852,4780817408.0,1.76,0.36,1.43,1.31
2026-06-18,UNHG,21.59,21.47,22.03,21.38,428191,9286945.0,3.04,0.56,0.12,0.0
2026-06-18,UNHU,53.04,51.952,53.34,51.952,1903,100477.0,2.69,0.68,0.349,0.0
2026-06-18,UNHW,52.79,52.179,52.97,52.179,2203,115854.0,1.52,0.13,0.069,0.0
2026-06-18,UNIT,11.73,11.64,11.845,11.39,6283656,73208101.0,3.89,-0.43,-0.05,2.59
2026-06-18,UNIY,48.555,48.531,48.555,48.531,176,8546.0,0.05,0.25,0.119,0.0
2026-06-18,UNL,6.41,6.54,6.54,6.41,67271,436686.0,2.01,1.24,0.08,0.0
2026-06-18,UNM,91.98,89.98,92.57,89.61,5940650,535352784.0,3.23,-1.79,-1.64,3.72
2026-06-18,UNMA,22.38,22.22,22.38,22.166,7885,175601.0,0.96,-0.13,-0.03,0.0
2026-06-18,UNOV,40.11,40.131,40.14,40.07,1387,55639.0,0.18,0.51,0.202,0.0
2026-06-18,UNP,258.08,256.88,263.68,256.115,3443156,888497472.0,2.93,-0.45,-1.17,0.58
2026-06-18,UNTY,55.52,55.43,55.76,54.81,67649,3744765.0,1.73,1.04,0.57,0.67
2026-06-18,UNX,39.1,42.69,42.77,39.1,11245,469222.0,9.13,6.21,2.495,0.0
2026-06-18,UOCT,41.055,41.04,41.1,41.04,5201,213664.0,0.15,0.44,0.179,0.0
2026-06-18,UONE,6.31,5.92,6.9,5.92,93071,599085.0,15.76,-4.82,-0.3,15.13
2026-06-18,UONEK,4.93,4.68,5.165,4.62,20659,99535.0,11.38,-2.3,-0.11,0.61
2026-06-18,UP,7.83,7.84,8.3,7.74,158077,1262149.0,7.24,1.42,0.11,0.44
2026-06-18,UPAL,25.351,25.391,25.391,25.351,191,4848.0,0.15,-4.31,-1.143,0.0
2026-06-18,UPAR,16.781,16.781,16.781,16.781,86,1450.0,0.0,0.56,0.094,0.0
2026-06-18,UPB,6.26,6.25,6.52,6.145,829656,5210747.0,6.1,1.63,0.1,1.52
2026-06-18,UPBD,17.76,18.32,18.54,17.68,1391956,25360852.0,4.93,4.93,0.86,2.39
2026-06-18,UPC,2.8,2.95,3.0,2.8,14145,40483.0,6.87,1.37,0.04,2.24
2026-06-18,UPGD,80.53,80.73,80.79,80.53,1060,85542.0,0.33,1.1,0.877,0.0
2026-06-18,UPGR,27.61,28.018,28.018,27.55,1805,49810.0,1.74,3.96,1.066,0.0
2026-06-18,UPLD,5.34,5.19,5.445,4.92,75207,390581.0,10.15,0.39,0.02,2.59
2026-06-18,UPLT,24.904,24.904,24.904,24.904,1,29.0,0.0,-4.0,-1.039,0.0
2026-06-18,UPRO,143.45,142.81,143.72,141.285,2145400,306029328.0,1.76,2.93,4.07,0.0
2026-06-18,UPS,106.09,104.86,107.615,104.82,13306355,1399299088.0,2.66,-0.26,-0.27,1.78
2026-06-18,UPSD,27.9,27.92,27.95,27.785,8313,231520.0,0.6,0.72,0.2,0.0
2026-06-18,UPSG,16.43,15.953,16.43,15.92,4221,68862.0,3.2,0.1,0.016,0.0
2026-06-18,UPST,30.95,32.43,32.5,30.04,5230493,166694708.0,8.08,6.47,1.97,5.46
2026-06-18,UPSX,17.85,19.44,19.44,16.71,115214,2117691.0,15.84,12.83,2.21,0.0
2026-06-18,UPV,98.691,99.002,99.002,98.66,3314,327113.0,0.35,0.44,0.437,0.0
2026-06-18,UPW,23.2,23.066,23.8,22.507,6748,156264.0,5.64,0.66,0.152,0.0
2026-06-18,UPWK,8.07,8.05,8.27,7.99,6119764,49507168.0,3.47,-0.25,-0.02,4.95
2026-06-18,UPXI,0.93,0.908,0.945,0.872,2632066,2371386.0,7.86,-2.26,-0.021,3.75
2026-06-18,URA,47.91,47.78,48.43,47.21,3972692,189499723.0,2.59,1.44,0.68,0.0
2026-06-18,URAA,30.85,30.31,30.98,29.8,41454,1254326.0,3.97,1.92,0.57,0.0
2026-06-18,URAN,41.02,41.567,41.67,41.02,5857,242641.0,1.6,2.15,0.873,0.0
2026-06-18,URBN,73.39,76.42,77.055,72.98,2041004,155403003.0,5.62,5.46,3.955,2.38
2026-06-18,URE,68.85,67.38,68.85,67.38,1458,99057.0,2.17,-0.69,-0.47,0.0
2026-06-18,URG,1.6,1.5,1.615,1.45,47106762,70746102.0,10.65,-3.23,-0.05,11.86
2026-06-18,URGN,33.45,33.57,33.79,32.21,847099,28145237.0,4.82,2.32,0.76,1.74
2026-06-18,URI,1063.59,1076.81,1091.9,1063.59,846539,912689696.0,2.7,2.65,27.84,1.35
2026-06-18,URNJ,26.6,26.28,26.95,25.9,440210,11635114.0,4.03,0.81,0.21,0.0
2026-06-18,URNM,58.25,57.47,58.8,56.65,545554,31385507.0,3.77,0.68,0.39,0.0
2026-06-18,UROY,3.06,2.95,3.1,2.9,9361609,27660515.0,6.67,-1.67,-0.05,6.38
2026-06-18,URSP,47.91,47.775,48.08,47.61,1962,94378.0,0.99,1.1,0.519,0.0
2026-06-18,URTH,203.17,202.73,203.26,202.2,2013871,408218080.0,0.53,0.87,1.74,0.0
2026-06-18,URTY,82.82,83.58,83.9,80.33,1009254,83165999.0,4.52,5.76,4.55,0.0
2026-06-18,USA,5.81,5.8,5.81,5.77,1164515,6736924.0,0.7,0.87,0.05,0.0
2026-06-18,USAC,25.28,25.06,25.66,24.82,1722564,43232194.0,3.29,-1.84,-0.47,1.19
2026-06-18,USAF,27.145,27.14,27.145,27.14,267,7268.0,0.02,-0.31,-0.085,0.0
2026-06-18,USAI,44.61,44.603,44.688,43.87,8154,362970.0,1.84,0.12,0.054,0.0
2026-06-18,USAR,24.24,24.64,24.79,22.87,21348661,516763472.0,8.15,4.63,1.09,9.34
2026-06-18,USAS,5.74,5.36,5.93,5.31,5923485,32366897.0,10.76,-6.94,-0.4,1.81
2026-06-18,USAU,16.24,15.85,16.535,15.65,249593,3974606.0,5.48,-1.86,-0.3,1.51
2026-06-18,USAX,25.3,25.57,25.72,22.15,154604,3789698.0,15.21,8.95,2.1,0.0
2026-06-18,USB,58.61,58.14,58.741,57.545,22023998,1280387472.0,2.07,0.4,0.23,1.42
2026-06-18,USBC,0.366,0.419,0.469,0.361,859773,347987.0,29.19,13.24,0.049,0.22
2026-06-18,USB_A,765.31,774.8,774.8,765.31,1314,1011584.0,1.24,1.03,7.9,0.11
2026-06-18,USB_H,18.75,18.84,18.86,18.63,55162,1032595.0,1.23,0.78,0.145,0.14
2026-06-18,USB_P,21.79,21.78,21.87,21.71,41860,912346.0,0.74,0.09,0.02,0.18
2026-06-18,USB_Q,14.91,14.93,14.95,14.88,30064,448814.0,0.47,0.2,0.03,0.15
2026-06-18,USB_R,15.69,15.69,15.76,15.626,64995,1019532.0,0.85,0.08,0.012,0.22
2026-06-18,USB_S,17.69,17.71,17.799,17.671,48369,857222.0,0.72,0.03,0.005,0.27
2026-06-18,USCA,43.77,43.88,43.96,43.77,8076,354351.0,0.44,0.69,0.299,0.0
2026-06-18,USCB,19.33,19.15,19.59,19.105,93989,1806913.0,2.54,0.31,0.06,0.51
2026-06-18,USCI,92.51,92.88,93.114,92.18,19224,1779693.0,1.0,-0.71,-0.66,0.0
2026-06-18,USCL,83.38,83.522,83.522,83.38,447,37288.0,0.17,1.17,0.967,0.0
2026-06-18,USD,106.26,108.71,109.64,105.585,821066,88481213.0,4.09,9.69,9.6,0.0
2026-06-18,USDU,26.68,26.61,26.68,26.505,380151,10110867.0,0.66,0.38,0.1,0.0
2026-06-18,USDX,25.742,25.74,25.9,25.74,46353,1194273.0,0.62,0.04,0.01,0.0
2026-06-18,USE,27.36,28.199,28.2,27.36,464,12789.0,3.0,0.67,0.187,0.0
2026-06-18,USEA,2.63,2.66,2.73,2.62,99941,267098.0,4.15,0.38,0.01,1.05
2026-06-18,USEP,41.245,41.265,41.3,41.245,1799,74221.0,0.13,0.43,0.175,0.0
2026-06-18,USEW,55.5,55.452,55.6,55.452,1464,81293.0,0.27,0.84,0.463,0.0
2026-06-18,USFD,94.8,91.91,95.65,91.78,5387769,498312016.0,4.13,-1.96,-1.84,2.45
2026-06-18,USFI,24.58,24.57,24.58,24.57,119,2925.0,0.04,0.16,0.04,0.0
2026-06-18,USFR,50.44,50.45,50.46,50.44,5987594,302106896.0,0.04,0.04,0.02,0.0
2026-06-18,USG,33.68,33.393,33.68,33.26,3129,104694.0,1.24,-1.26,-0.425,0.0
2026-06-18,USGG,15.14,15.4,15.604,13.365,335429,4938700.0,15.86,9.07,1.28,0.0
2026-06-18,USGO,8.38,8.45,8.605,8.23,57803,483806.0,4.57,2.92,0.24,0.43
2026-06-18,USHY,37.01,37.01,37.05,37.0,18727932,693230832.0,0.14,0.22,0.08,0.0
2026-06-18,USIG,51.36,51.23,51.36,51.215,1354259,69452041.0,0.28,0.25,0.13,0.0
2026-06-18,USIN,49.659,49.659,49.659,49.659,13,646.0,0.0,0.33,0.164,0.0
2026-06-18,USIO,1.71,1.82,1.86,1.71,294636,532571.0,8.72,5.81,0.1,1.07
2026-06-18,USL,47.0,47.52,47.64,46.34,25952,1214039.0,2.74,0.02,0.01,0.0
2026-06-18,USLM,110.77,113.6,115.21,110.77,1774614,201514263.0,4.02,2.93,3.23,6.19
2026-06-18,USLN,50.61,50.61,50.61,50.61,3,164.0,0.0,0.01,0.005,0.0
2026-06-18,USLV,18.36,17.67,18.617,17.42,51264,925275.0,6.5,-4.04,-0.744,0.0
2026-06-18,USMC,73.95,73.966,73.99,73.5,40538,2992679.0,0.67,1.21,0.881,0.0
2026-06-18,USMD,32.393,32.393,32.393,32.393,1,32.0,0.0,2.3,0.728,0.0
2026-06-18,USMF,53.931,53.99,54.08,53.87,24847,1341339.0,0.39,1.21,0.643,0.0
2026-06-18,USML,41.78,41.521,41.78,41.521,578,24208.0,0.62,-0.47,-0.198,0.0
2026-06-18,USMV,94.99,94.24,95.06,94.15,3351378,316403872.0,0.96,-0.42,-0.4,0.0
2026-06-18,USNA,18.63,18.88,19.34,18.55,227810,4315532.0,4.29,2.61,0.48,1.23
2026-06-18,USNG,36.675,36.818,36.818,36.675,1959,71781.0,0.4,2.2,0.794,0.0
2026-06-18,USNZ,48.07,47.402,48.07,47.24,228,10880.0,1.77,1.29,0.602,0.0
2026-06-18,USO,112.47,114.87,115.33,110.484,5560064,627266784.0,4.24,0.56,0.64,0.0
2026-06-18,USOI,48.75,48.81,49.31,47.485,75632,3644554.0,3.74,0.12,0.06,0.0
2026-06-18,USOY,6.98,7.06,7.07,6.825,320530,2215033.0,3.46,-0.28,-0.02,0.0
2026-06-18,USPH,63.5,63.32,63.72,62.52,253926,16071132.0,1.91,0.76,0.48,1.67
2026-06-18,USPX,65.32,65.51,65.55,65.211,47168,3085981.0,0.52,1.11,0.72,0.0
2026-06-18,USRD,37.709,37.709,37.709,37.709,45,1707.0,0.0,1.49,0.552,0.0
2026-06-18,USRT,65.03,64.66,65.13,64.59,513693,33298164.0,0.84,0.23,0.15,0.0
2026-06-18,USSE,40.34,40.483,40.505,40.22,22880,924203.0,0.72,1.92,0.763,0.0
2026-06-18,USSG,69.36,69.152,69.36,68.945,5017,346694.0,0.6,0.75,0.512,0.0
2026-06-18,USSH,50.335,50.315,50.335,50.315,768,38684.0,0.04,0.12,0.06,0.0
2026-06-18,UST,42.578,42.42,42.6,42.42,1255,53385.0,0.43,0.55,0.23,0.0
2026-06-18,USTB,50.54,50.53,50.55,50.51,94631,4781795.0,0.08,0.1,0.05,0.0
2026-06-18,USVM,106.93,107.072,107.14,106.51,90162,9617678.0,0.6,1.15,1.22,0.0
2026-06-18,USVN,47.7,47.639,47.7,47.639,124,5961.0,0.13,0.31,0.147,0.0
2026-06-18,USX,24.22,24.326,24.326,24.2,3504,85020.0,0.53,2.35,0.559,0.0
2026-06-18,USXF,69.12,69.231,69.37,68.933,49035,3390570.0,0.65,2.32,1.573,0.0
2026-06-18,UTEN,43.3,43.255,43.36,43.245,24030,1040516.0,0.27,0.37,0.16,0.0
2026-06-18,UTES,81.65,82.21,83.65,81.49,178410,14723034.0,2.67,1.69,1.37,0.0
2026-06-18,UTF,27.12,26.97,27.3,26.95,230056,6233064.0,1.29,-0.48,-0.13,0.0
2026-06-18,UTG,41.8,42.1,42.37,41.6,222140,9344539.0,1.87,2.23,0.92,0.0
2026-06-18,UTHR,553.18,536.59,555.23,532.59,2001977,1075791776.0,4.11,-2.7,-14.88,4.72
2026-06-18,UTHY,41.16,40.99,41.2,40.94,116521,4782288.0,0.64,0.54,0.22,0.0
2026-06-18,UTI,38.75,40.35,40.36,37.93,1162568,46270629.0,6.27,4.13,1.6,2.11
2026-06-18,UTL,51.27,50.96,51.775,50.92,200731,10249742.0,1.67,-0.53,-0.27,1.12
2026-06-18,UTMD,66.36,67.04,67.45,66.17,17583,1175511.0,1.95,2.04,1.34,0.55
2026-06-18,UTRE,49.085,49.085,49.085,49.085,77,3812.0,0.0,0.17,0.082,0.0
2026-06-18,UTSI,2.53,2.64,2.87,2.5,292942,754699.0,12.63,-9.9,-0.29,3.19
2026-06-18,UTSL,43.02,43.45,45.045,42.78,144979,6359771.0,5.3,1.76,0.75,0.0
2026-06-18,UTWO,48.03,48.03,48.06,48.02,111946,5377188.0,0.08,0.12,0.056,0.0
2026-06-18,UTWY,42.93,42.915,42.93,42.89,421,18105.0,0.09,0.48,0.204,0.0
2026-06-18,UTZ,7.035,7.05,7.155,6.96,2249264,15856249.0,2.78,0.43,0.03,2.54
2026-06-18,UUP,28.23,28.3,28.315,28.21,2055269,58086849.0,0.37,0.43,0.12,0.0
2026-06-18,UUPP,25.18,25.18,25.18,25.18,3,76.0,0.0,0.08,0.02,0.0
2026-06-18,UUU,5.0,5.01,5.45,5.0,72260,382874.0,8.88,-1.18,-0.06,2.39
2026-06-18,UUUG,7.86,6.89,8.05,6.6,1867394,13316079.0,24.41,15.99,0.95,0.0
2026-06-18,UUUU,17.92,16.56,18.06,16.165,28608976,479065504.0,12.39,8.24,1.26,11.45
2026-06-18,UVE,38.1,38.1,38.4,37.44,195771,7436266.0,2.54,0.71,0.27,0.7
2026-06-18,UVIX,3.31,3.3,3.42,3.275,28871773,96549855.0,4.08,-7.04,-0.25,0.0
2026-06-18,UVSP,41.93,41.64,42.47,41.53,355750,14851165.0,2.27,0.41,0.17,1.28
2026-06-18,UVV,53.03,52.16,53.03,51.71,675305,35236185.0,2.5,-1.23,-0.65,2.71
2026-06-18,UVXY,26.01,26.0,26.69,25.84,5613570,147401060.0,3.1,-5.25,-1.44,0.0
2026-06-18,UWM,64.81,65.2,65.4,63.52,232169,15017240.0,2.99,3.72,2.34,0.0
2026-06-18,UWMC,2.21,2.22,2.235,2.145,43983746,96803610.0,3.95,-2.63,-0.06,12.97
2026-06-18,UX,27.98,28.24,28.24,27.86,1218,34257.0,1.32,-2.0,-0.575,0.0
2026-06-18,UXI,60.76,60.72,61.87,60.55,7853,479023.0,2.21,1.82,1.087,0.0
2026-06-18,UXIN,1.86,1.92,2.05,1.85,675670,1321065.0,10.99,5.49,0.1,0.31
2026-06-18,UXJA,37.97,38.111,38.111,37.96,3382,128482.0,0.4,1.36,0.512,0.0
2026-06-18,UXOC,39.09,39.253,39.253,39.06,1176,46016.0,0.5,1.33,0.515,0.0
2026-06-18,UXRP,12.66,12.05,12.66,11.86,63305,768329.0,6.19,-6.73,-0.87,0.0
2026-06-18,UYG,87.64,85.12,87.64,84.706,11410,978340.0,3.39,-1.76,-1.529,0.0
2026-06-18,UYLD,51.1,51.113,51.14,51.075,234521,11989923.0,0.13,0.07,0.035,0.0
2026-06-18,UYM,31.15,30.82,31.44,30.741,19792,612112.0,2.25,-0.63,-0.194,0.0
2026-06-18,UYSCU,10.72,10.72,10.72,10.72,1,11.0,0.0,0.0,0.0,0.0
2026-06-18,UZD,18.62,18.72,18.8,18.62,2193,41149.0,0.96,0.0,0.0,0.0
2026-06-18,UZE,16.95,16.97,17.08,16.909,1992,33893.0,1.01,0.65,0.11,0.0
2026-06-18,UZF,16.88,16.91,17.0,16.76,12095,204644.0,1.43,0.96,0.16,0.0
2026-06-18,UZX,0.391,0.414,0.43,0.382,408472,167091.0,12.57,8.38,0.032,0.71
2026-06-18,V,331.0,327.24,332.33,327.0,14716741,4833269504.0,1.61,-0.95,-3.14,0.89
2026-06-18,VABK,44.63,44.71,44.71,43.82,17319,771927.0,2.03,1.78,0.78,0.32
2026-06-18,VABS,24.23,24.215,24.23,24.215,1539,37299.0,0.06,-0.08,-0.02,0.0
2026-06-18,VAC,95.02,97.97,100.02,94.46,739136,72459842.0,5.92,4.27,4.01,2.15
2026-06-18,VACI,10.224,10.22,10.235,10.22,78807,806130.0,0.15,0.1,0.01,0.33
2026-06-18,VACI_WS,0.86,0.9,0.985,0.825,10043,8859.0,18.18,2.27,0.02,0.0
2026-06-18,VAIE,24.69,24.745,24.83,24.63,19110,472619.0,0.82,0.97,0.237,0.0
2026-06-18,VAL,81.73,78.56,82.35,76.39,1620157,126882648.0,7.18,-5.41,-4.49,2.34
2026-06-18,VALE,15.4,15.42,15.515,15.325,20789626,320648592.0,1.22,-0.71,-0.11,0.49
2026-06-18,VALG,19.202,19.202,19.202,19.202,113,2176.0,0.0,-1.55,-0.303,0.0
2026-06-18,VALN,5.44,5.38,5.44,5.32,13049,69991.0,2.24,0.56,0.03,0.01
2026-06-18,VALQ,68.87,68.616,68.87,68.615,4209,289396.0,0.37,0.25,0.169,0.0
2026-06-18,VALU,35.06,34.09,35.06,34.09,2866,99231.0,2.81,-1.36,-0.47,0.03
2026-06-18,VAL_WS,11.0,10.11,11.0,9.18,76782,762186.0,15.14,-15.89,-1.91,0.0
2026-06-18,VAMO,35.45,35.47,35.47,35.39,759,26905.0,0.23,0.06,0.02,0.0
2026-06-18,VANI,1.15,1.15,1.179,1.15,201861,233523.0,2.52,0.0,0.0,0.23
2026-06-18,VATE,18.91,20.06,21.3,18.91,162437,3325070.0,12.64,6.08,1.15,1.19
2026-06-18,VAVX,13.671,13.29,13.73,13.02,5753,76840.0,5.06,-5.31,-0.746,0.0
2026-06-18,VAW,235.76,234.24,236.325,234.0,46380,10899235.0,0.99,-0.15,-0.358,0.0
2026-06-18,VB,295.89,296.51,296.855,294.19,827051,244823247.0,0.91,1.17,3.44,0.0
2026-06-18,VBCA,75.58,75.555,75.58,75.55,4352,328873.0,0.04,0.05,0.04,0.0
2026-06-18,VBCB,75.45,75.42,75.46,75.42,4216,318088.0,0.05,0.1,0.075,0.0
2026-06-18,VBCC,75.37,75.38,75.389,75.37,3183,239968.0,0.03,0.21,0.16,0.0
2026-06-18,VBCD,75.385,75.365,75.41,75.365,2663,200782.0,0.06,0.22,0.165,0.0
2026-06-18,VBCE,75.53,75.465,75.53,75.45,8127,613716.0,0.11,0.34,0.257,0.0
2026-06-18,VBCF,75.56,75.496,75.57,75.496,7525,568632.0,0.1,0.4,0.303,0.0
2026-06-18,VBCG,75.5,75.34,75.52,75.34,6526,492693.0,0.24,0.27,0.202,0.0
2026-06-18,VBCH,75.629,75.489,75.65,75.475,3903,295212.0,0.23,0.3,0.229,0.0
2026-06-18,VBCI,75.71,75.563,75.71,75.555,1395,105609.0,0.21,0.33,0.248,0.0
2026-06-18,VBCJ,75.42,75.555,75.72,75.42,5670,428668.0,0.4,0.35,0.26,0.0
2026-06-18,VBF,14.98,14.96,14.99,14.907,27333,408764.0,0.56,0.07,0.01,0.0
2026-06-18,VBIL,75.62,75.61,75.62,75.61,2616699,197863243.0,0.01,0.03,0.02,0.0
2026-06-18,VBIO,0.569,0.52,0.569,0.52,106946,57430.0,8.61,-8.61,-0.049,3.34
2026-06-18,VBK,354.81,356.54,357.08,351.755,229145,81352142.0,1.52,1.84,6.44,0.0
2026-06-18,VBNB,22.97,22.468,22.97,22.468,630,14429.0,2.16,-3.21,-0.744,0.0
2026-06-18,VBND,43.64,43.63,43.7,43.59,35350,1544284.0,0.25,0.2,0.088,0.0
2026-06-18,VBNK,19.58,19.33,19.62,19.18,80465,1556595.0,2.29,0.73,0.14,0.25
2026-06-18,VBR,238.52,238.4,239.25,237.81,197240,47062075.0,0.61,0.62,1.47,0.0
2026-06-18,VBX,24.49,24.975,24.975,24.49,105,2573.0,1.99,2.22,0.543,0.0
2026-06-18,VC,110.592,113.81,114.07,108.75,904996,102635571.0,4.82,3.09,3.41,3.39
2026-06-18,VCEB,62.89,62.82,62.959,62.78,146130,9183912.0,0.29,0.3,0.19,0.0
2026-06-18,VCEL,40.04,40.1,40.6,38.97,1686309,67454603.0,4.17,2.48,0.97,3.3
2026-06-18,VCHY,75.28,75.39,75.39,75.23,21045,1585042.0,0.21,0.34,0.255,0.0
2026-06-18,VCIG,5.3,4.64,5.49,4.64,94013,476500.0,15.71,-14.23,-0.77,1.48
2026-06-18,VCIT,82.6,82.48,82.67,82.44,11812455,975075696.0,0.28,0.32,0.26,0.0
2026-06-18,VCLN,33.66,32.65,33.66,31.95,277,9066.0,5.24,-0.02,-0.007,0.0
2026-06-18,VCLT,75.78,75.4,75.86,75.365,4047363,305882256.0,0.66,0.31,0.23,0.0
2026-06-18,VCOB,49.78,49.7,49.78,49.7,212,10546.0,0.16,0.3,0.15,0.0
2026-06-18,VCR,390.95,394.33,395.685,388.54,73451,28876614.0,1.85,1.83,7.1,0.0
2026-06-18,VCRB,77.19,77.11,77.295,77.11,259711,20047765.0,0.24,0.19,0.15,0.0
2026-06-18,VCRM,76.11,76.1,76.16,76.085,115794,8813148.0,0.1,0.22,0.17,0.0
2026-06-18,VCSH,78.9,78.85,78.92,78.83,2548379,201000643.0,0.11,0.18,0.14,0.0
2026-06-18,VCTR,87.58,87.01,87.78,85.48,768716,66720653.0,2.65,0.08,0.07,1.23
2026-06-18,VCV,10.67,10.66,10.68,10.61,42492,452745.0,0.66,0.57,0.06,0.0
2026-06-18,VCX,102.52,100.51,107.8,96.21,188829,19089489.0,11.69,1.36,1.35,0.0
2026-06-18,VCYT,51.96,53.63,53.81,51.922,4155447,222059304.0,3.68,4.56,2.34,5.21
2026-06-18,VDC,227.19,226.11,227.3,225.74,120744,27354973.0,0.69,-0.4,-0.9,0.0
2026-06-18,VDE,153.0,151.82,153.0,150.3,959840,145190218.0,1.75,-1.59,-2.46,0.0
2026-06-18,VDG,81.9,82.186,82.29,81.785,4779,392231.0,0.62,1.58,1.276,0.0
2026-06-18,VDI,36.249,36.249,36.249,36.249,6,221.0,0.0,0.17,0.061,0.0
2026-06-18,VDIG,62.6,62.309,62.6,62.29,5925,369287.0,0.5,0.6,0.373,0.0
2026-06-18,VDV,77.52,77.419,77.52,77.41,4437,343661.0,0.14,-0.16,-0.121,0.0
2026-06-18,VEA,72.36,72.31,72.505,72.15,8922237,645406864.0,0.49,0.43,0.31,0.0
2026-06-18,VECA,9.96,10.11,10.18,9.94,3562,35612.0,2.4,1.1,0.11,0.03
2026-06-18,VECA_U,10.6,10.6,10.6,10.6,2,21.0,0.0,0.0,0.0,0.0
2026-06-18,VECAr,0.297,0.25,0.297,0.25,250,70.0,14.24,-24.24,-0.08,0.0
2026-06-18,VECO,79.59,79.65,81.82,78.43,1758458,140566025.0,4.47,5.11,3.87,2.88
2026-06-18,VEEA,0.34,0.329,0.347,0.316,318601,105709.0,9.12,-3.24,-0.011,0.63
2026-06-18,VEEAW,0.06,0.054,0.08,0.054,5119,312.0,29.55,-38.64,-0.034,0.0
2026-06-18,VEEE,5.722,5.69,5.93,5.622,24363,139690.0,5.39,-0.35,-0.02,4.6
2026-06-18,VEEV,153.3,153.3,154.0,150.39,5108136,781495344.0,2.33,-1.0,-1.55,3.14
2026-06-18,VEGA,52.53,52.623,52.64,52.52,5719,300627.0,0.23,0.93,0.483,0.0
2026-06-18,VEGI,43.26,43.1,43.26,42.89,62849,2704588.0,0.86,-0.23,-0.1,0.0
2026-06-18,VEGN,81.0,80.911,81.06,80.68,3113,251753.0,0.48,2.55,2.013,0.0
2026-06-18,VEL,17.65,17.54,17.929,17.29,83997,1475086.0,3.63,-0.34,-0.06,0.21
2026-06-18,VELL,32.95,38.404,39.75,31.78,84603,3012638.0,27.82,34.05,9.754,0.0
2026-06-18,VELO,27.215,29.86,30.4,26.8,7180089,208835214.0,14.08,16.82,4.3,24.09
2026-06-18,VEM,28.85,28.926,28.926,28.85,2018,58280.0,0.27,1.98,0.561,0.0
2026-06-18,VEMY,29.04,29.025,29.055,28.99,10308,299442.0,0.22,0.28,0.08,0.0
2026-06-18,VENU,2.75,2.88,2.895,2.675,1426784,4051288.0,8.24,7.87,0.21,2.48
2026-06-18,VEON,52.1,52.03,52.967,51.485,68027,3532255.0,2.82,-0.84,-0.44,0.1
2026-06-18,VERA,35.96,35.09,36.67,34.58,1497554,52722423.0,5.97,0.23,0.08,2.09
2026-06-18,VERI,1.465,1.43,1.49,1.41,2373178,3406053.0,5.52,-1.38,-0.02,2.55
2026-06-18,VERS,77.69,78.252,78.252,77.69,382,29638.0,0.74,3.37,2.548,0.0
2026-06-18,VERU,3.02,2.95,3.08,2.82,573734,1684396.0,8.7,-1.34,-0.04,3.57
2026-06-18,VERX,11.39,11.12,11.39,11.005,2516580,28035386.0,3.37,-2.63,-0.3,3.16
2026-06-18,VET,10.01,9.83,10.04,9.58,1903283,18515388.0,4.52,-3.44,-0.35,1.24
2026-06-18,VETZ,19.84,19.835,19.86,19.83,827,16417.0,0.15,0.46,0.09,0.0
2026-06-18,VEU,84.92,84.92,85.115,84.705,3165531,268874464.0,0.49,0.72,0.61,0.0
2026-06-18,VEXC,96.91,97.25,97.49,96.865,32864,3194488.0,0.65,1.46,1.4,0.0
2026-06-18,VFC,16.92,17.33,17.405,16.92,8161795,140730511.0,2.9,3.77,0.63,2.08
2026-06-18,VFF,1.99,1.91,1.99,1.895,1225368,2348298.0,4.85,-2.55,-0.05,1.01
2026-06-18,VFH,133.44,131.44,133.579,131.125,294697,38925656.0,1.85,-0.73,-0.96,0.0
2026-06-18,VFL,10.27,10.3,10.34,10.26,26945,277246.0,0.78,0.49,0.05,0.0
2026-06-18,VFLO,45.45,45.25,45.545,45.11,1088094,49335483.0,0.96,0.04,0.02,0.0
2026-06-18,VFMF,175.71,174.535,175.71,174.25,13348,2332567.0,0.84,0.29,0.511,0.0
2026-06-18,VFMO,242.21,242.14,243.4,239.854,59029,14237239.0,1.49,1.61,3.84,0.0
2026-06-18,VFMV,139.62,139.084,140.3,138.83,56925,7915117.0,1.06,0.33,0.453,0.0
2026-06-18,VFQY,167.61,167.492,167.81,167.22,4876,816492.0,0.36,1.09,1.804,0.0
2026-06-18,VFS,3.04,3.04,3.1,3.01,638415,1946211.0,2.96,0.0,0.0,0.03
2026-06-18,VFSWW,0.384,0.34,0.438,0.34,850,313.0,25.19,-12.6,-0.049,0.0
2026-06-18,VFVA,145.4,145.127,145.52,145.12,6353,923120.0,0.28,0.07,0.104,0.0
2026-06-18,VG,10.88,11.02,11.08,10.585,19832540,217169833.0,4.48,-0.27,-0.03,3.85
2026-06-18,VGAS,1.49,1.52,1.702,1.47,52426,82536.0,15.68,2.7,0.04,0.24
2026-06-18,VGASW,0.022,0.03,0.036,0.022,55511,1612.0,56.0,20.0,0.005,0.0
2026-06-18,VGHY,74.72,74.83,74.88,74.69,45401,3396490.0,0.25,0.23,0.17,0.0
2026-06-18,VGI,7.43,7.4,7.44,7.385,14736,109262.0,0.75,0.27,0.02,0.0
2026-06-18,VGIT,58.86,58.84,58.94,58.82,2159044,127118020.0,0.2,0.27,0.16,0.0
2026-06-18,VGK,88.18,88.27,88.47,88.04,2059320,181781156.0,0.48,-1.08,-0.96,0.0
2026-06-18,VGLT,55.49,55.31,55.56,55.28,1633280,90486045.0,0.51,0.49,0.27,0.0
2026-06-18,VGM,10.34,10.42,10.42,10.32,176071,1825897.0,0.97,1.46,0.15,0.0
2026-06-18,VGMS,51.23,51.27,51.31,51.21,19380,993073.0,0.2,0.27,0.137,0.0
2026-06-18,VGNT,46.22,45.89,46.79,44.69,2125613,97555414.0,4.65,1.62,0.73,3.0
2026-06-18,VGRO,26.084,26.084,26.084,26.084,485,13028.0,0.0,1.81,0.463,0.0
2026-06-18,VGSH,58.12,58.12,58.16,58.11,3395419,197393982.0,0.09,0.12,0.07,0.0
2026-06-18,VGSR,11.32,11.278,11.43,11.262,102455,1157809.0,1.49,-0.02,-0.002,0.0
2026-06-18,VGT,119.5,120.04,120.4,118.651,3666916,439123792.0,1.5,2.66,3.11,0.0
2026-06-18,VGUS,75.59,75.575,75.59,75.57,187933,14193417.0,0.03,0.01,0.01,0.0
2026-06-18,VGVT,75.169,74.986,75.17,74.95,6820,511680.0,0.29,-0.04,-0.032,0.0
2026-06-18,VGZ,2.41,2.39,2.506,2.355,2370999,5690164.0,6.34,0.42,0.01,1.62
2026-06-18,VHC,12.68,12.53,12.7,11.933,11217,139101.0,6.14,0.32,0.04,0.27
2026-06-18,VHCP,10.01,9.98,10.01,9.97,64727,646876.0,0.4,-0.3,-0.03,0.28
2026-06-18,VHCPU,10.11,10.11,10.11,10.11,1,10.0,0.0,0.0,0.0,0.0
2026-06-18,VHI,14.28,13.53,14.28,13.53,18198,250919.0,5.32,-4.11,-0.58,0.06
2026-06-18,VHT,283.19,280.41,283.21,279.08,253166,70952823.0,1.46,-0.56,-1.58,0.0
2026-06-18,VHUB,1.19,1.15,1.225,1.13,91426,107303.0,8.05,-2.54,-0.03,0.11
2026-06-18,VIA,14.69,15.29,15.32,14.48,1936347,29268807.0,5.67,3.17,0.47,2.5
2026-06-18,VIASP,25.54,25.55,25.57,25.54,6206,158608.0,0.12,0.04,0.01,0.3
2026-06-18,VIAV,50.79,47.17,51.89,46.72,49091173,2328703664.0,10.61,-3.2,-1.56,20.04
2026-06-18,VICE,33.128,33.128,33.128,33.128,114,3785.0,0.0,0.68,0.225,0.0
2026-06-18,VICI,26.89,26.28,27.039,26.27,19397208,512995296.0,2.82,-3.49,-0.95,1.81
2026-06-18,VICR,338.0,331.37,342.0,323.98,946374,313519584.0,5.54,1.91,6.2,2.79
2026-06-18,VIDA,4.32,4.23,4.598,4.16,338886,1447814.0,10.66,2.92,0.12,3.83
2026-06-18,VIDI,40.19,40.24,40.29,40.09,19680,790358.0,0.5,0.6,0.24,0.0
2026-06-18,VIG,236.56,235.19,236.56,234.86,3033667,713768160.0,0.72,0.25,0.58,0.0
2026-06-18,VIGI,93.93,93.21,94.0,93.12,306400,28626676.0,0.93,-0.75,-0.7,0.0
2026-06-18,VIK,97.0,97.17,99.0,96.99,2628136,257476543.0,2.12,2.6,2.46,0.83
2026-06-18,VINP,10.31,9.76,10.31,9.49,179908,1757491.0,8.06,-4.13,-0.42,0.35
2026-06-18,VIOG,146.38,147.03,147.03,145.427,15301,2243188.0,1.11,2.05,2.96,0.0
2026-06-18,VIOO,132.22,132.78,132.899,131.96,53157,7034846.0,0.72,1.84,2.4,0.0
2026-06-18,VIOT,0.9,0.861,0.919,0.861,144927,128866.0,6.44,-4.33,-0.039,0.44
2026-06-18,VIOV,114.61,114.85,115.18,114.23,45900,5267561.0,0.84,1.43,1.62,0.0
2026-06-18,VIPS,13.43,13.33,13.575,13.31,3056078,40884181.0,1.98,-0.3,-0.04,0.76
2026-06-18,VIR,9.43,9.16,9.81,9.01,8795300,80782553.0,8.6,-1.51,-0.14,5.22
2026-06-18,VIRC,6.15,6.12,6.27,6.09,73391,450987.0,2.94,-0.16,-0.01,0.47
2026-06-18,VIRT,60.79,63.07,63.4,60.55,2968571,186607923.0,4.7,3.96,2.4,3.41
2026-06-18,VIS,354.9,353.56,356.185,351.765,57043,20188553.0,1.26,1.1,3.85,0.0
2026-06-18,VISN,12.86,12.66,12.87,12.565,8014340,101654640.0,2.43,0.72,0.09,3.55
2026-06-18,VIST,67.21,68.55,68.89,66.0,1378049,93382744.0,4.22,0.04,0.03,1.23
2026-06-18,VITL,10.84,10.41,11.155,10.32,8832235,92990382.0,7.7,-4.06,-0.44,20.61
2026-06-18,VIV,12.85,12.59,12.895,12.58,956716,12115412.0,2.43,-2.85,-0.37,0.06
2026-06-18,VIVK,0.465,0.489,0.509,0.45,3650509,1681100.0,11.57,-4.12,-0.021,84.98
2026-06-18,VIVO,5.82,5.45,5.87,5.14,2271885,12307193.0,13.22,-1.27,-0.07,13.53
2026-06-18,VIVS,1.15,1.1,1.178,1.1,88466,101422.0,6.9,-2.65,-0.03,3.06
2026-06-18,VIXM,15.14,14.97,15.14,14.97,113864,1711059.0,1.12,-1.38,-0.21,0.0
2026-06-18,VIXY,21.93,21.9,22.285,21.81,2255951,49686058.0,2.09,-3.52,-0.8,0.0
2026-06-18,VKI,9.22,9.24,9.29,9.105,79163,730964.0,2.02,1.09,0.1,0.0
2026-06-18,VKQ,9.88,9.97,9.97,9.86,337799,3345529.0,1.12,1.42,0.14,0.0
2026-06-18,VKTX,30.49,30.38,31.6,30.161,3395661,103460209.0,4.75,0.3,0.09,2.92
2026-06-18,VLGEA,40.52,40.69,40.86,39.83,174785,7077700.0,2.55,0.74,0.3,1.64
2026-06-18,VLLU,26.45,26.399,26.45,26.399,203,5371.0,0.19,0.22,0.057,0.0
2026-06-18,VLN,2.38,2.44,2.465,2.29,6686803,16204378.0,7.71,7.49,0.17,6.32
2026-06-18,VLN_WS,0.04,0.021,0.04,0.021,6550,140.0,90.48,0.0,0.0,0.0
2026-06-18,VLO,236.92,236.3,238.03,232.72,6141232,1449569776.0,2.21,-1.45,-3.47,2.07
2026-06-18,VLRS,8.81,8.97,9.25,8.76,1083639,9789963.0,5.65,3.34,0.29,0.94
2026-06-18,VLT,10.43,10.37,10.44,10.33,6799,70710.0,1.06,0.1,0.01,0.0
2026-06-18,VLTO,83.14,84.02,84.44,82.53,6777150,568603488.0,2.31,1.51,1.25,2.76
2026-06-18,VLU,237.549,237.253,237.83,237.09,4578,1087108.0,0.31,0.39,0.923,0.0
2026-06-18,VLUE,200.16,199.92,201.24,199.01,672175,134589246.0,1.14,1.78,3.49,0.0
2026-06-18,VLY,13.775,14.09,14.14,13.67,11482791,161541920.0,3.38,1.29,0.18,2.07
2026-06-18,VLYPN,25.81,25.77,25.95,25.77,6205,160377.0,0.69,-0.5,-0.13,0.1
2026-06-18,VLYPO,24.7,24.86,24.86,24.7,3688,91189.0,0.65,0.65,0.16,0.09
2026-06-18,VLYPP,24.68,24.74,24.74,24.62,4824,119039.0,0.49,0.57,0.14,0.1
2026-06-18,VMAR,3.13,2.97,3.29,2.9,219065,686382.0,11.14,-15.14,-0.53,30.13
2026-06-18,VMAX,62.002,62.002,62.002,62.002,3,186.0,0.0,-0.07,-0.043,0.0
2026-06-18,VMBS,46.86,46.74,46.88,46.73,1642213,76861132.0,0.32,0.28,0.13,0.0
2026-06-18,VMC,298.33,302.84,306.855,296.68,2011600,609068448.0,3.45,2.72,8.02,1.55
2026-06-18,VMD,10.64,10.64,10.68,10.415,324721,3447459.0,2.52,1.04,0.11,0.85
2026-06-18,VMET,12.58,12.04,12.63,11.86,75340,908521.0,6.19,-3.14,-0.39,0.07
2026-06-18,VMI,574.13,570.31,579.8,567.54,376601,215435502.0,2.17,0.88,5.0,1.94
2026-06-18,VMO,9.78,9.9,9.92,9.75,262162,2579497.0,1.75,1.64,0.16,0.39
2026-06-18,VNAM,25.07,25.25,25.25,24.945,10014,251764.0,1.25,3.17,0.776,0.0
2026-06-18,VNCE,7.25,7.1,8.2,6.87,525342,3957873.0,18.68,-0.28,-0.02,4.09
2026-06-18,VNDA,6.01,5.8,6.12,5.745,1729044,10068936.0,6.29,-2.68,-0.16,2.88
2026-06-18,VNET,9.25,8.75,9.41,8.625,8058301,70699651.0,8.5,-5.2,-0.48,2.88
2026-06-18,VNIE,26.696,26.696,26.696,26.696,2,53.0,0.0,0.95,0.251,0.0
2026-06-18,VNLA,49.0,48.98,49.0,48.97,306054,14994575.0,0.06,0.08,0.04,0.0
2026-06-18,VNM,18.2,18.35,18.44,18.165,791189,14509476.0,1.54,2.69,0.48,0.0
2026-06-18,VNO,37.28,37.81,38.22,37.21,2502573,94636436.0,2.77,3.7,1.35,1.33
2026-06-18,VNOM,43.24,43.21,43.39,42.57,4632680,199948241.0,1.89,-0.35,-0.15,2.39
2026-06-18,VNO_L,17.85,17.88,17.9,17.805,9708,173404.0,0.53,0.34,0.06,0.08
2026-06-18,VNO_M,17.8,17.81,17.88,17.69,24255,432163.0,1.07,0.06,0.01,0.19
2026-06-18,VNO_N,17.58,17.64,17.7,17.58,15082,265753.0,0.68,0.51,0.09,0.13
2026-06-18,VNO_O,14.93,15.012,15.13,14.93,8726,131049.0,1.34,0.21,0.032,0.07
2026-06-18,VNQ,96.31,95.56,96.5,95.445,2666416,255654389.0,1.1,-0.05,-0.05,0.0
2026-06-18,VNQI,44.99,44.84,45.03,44.775,290400,13040006.0,0.57,-0.11,-0.05,0.0
2026-06-18,VNRX,1.44,1.43,1.48,1.335,296387,420468.0,10.58,4.38,0.06,2.56
2026-06-18,VNSE,41.824,41.824,41.824,41.824,1,42.0,0.0,1.21,0.499,0.0
2026-06-18,VNT,29.61,29.91,30.22,29.61,3430607,102610444.0,2.1,3.0,0.87,2.44
2026-06-18,VNTG,0.781,0.855,0.864,0.781,21008,17493.0,9.61,-1.04,-0.009,0.18
2026-06-18,VO,80.51,80.1,80.555,79.93,2279202,182852909.0,0.79,0.7,0.56,0.0
2026-06-18,VOC,2.78,2.78,2.79,2.76,67772,188376.0,1.08,0.0,0.0,0.4
2026-06-18,VOD,14.61,14.3,14.61,14.3,3206358,46169500.0,2.13,-1.58,-0.23,0.14
2026-06-18,VOE,197.23,195.87,197.23,195.53,236426,46417577.0,0.87,0.02,0.04,0.0
2026-06-18,VOLT,41.01,41.14,41.23,40.54,247021,10136796.0,1.71,2.06,0.83,0.0
2026-06-18,VONE,338.43,337.38,338.44,336.36,495487,167199829.0,0.62,0.72,2.41,0.0
2026-06-18,VONG,126.66,126.87,127.1,125.61,1115862,141051696.0,1.19,1.21,1.52,0.0
2026-06-18,VONV,106.66,106.14,106.66,106.0,608505,64675928.0,0.62,0.36,0.38,0.0
2026-06-18,VOO,689.3,688.11,689.7,685.7,17747861,12219536640.0,0.59,0.98,6.7,0.0
2026-06-18,VOOG,82.84,83.0,83.18,82.28,1146336,94940263.0,1.1,1.72,1.4,0.0
2026-06-18,VOOV,220.6,219.46,220.6,219.2,56475,12410801.0,0.64,0.24,0.52,0.0
2026-06-18,VOOX,24.07,24.219,24.219,24.07,1276,30789.0,0.63,2.22,0.527,0.0
2026-06-18,VOR,15.18,14.49,15.44,14.38,2875027,41822383.0,7.06,-3.53,-0.53,5.31
2026-06-18,VOT,306.74,306.18,307.56,304.73,196891,60230530.0,0.94,1.65,4.97,0.0
2026-06-18,VOTE,88.017,88.381,88.381,88.0,15230,1344139.0,0.44,1.21,1.057,0.0
2026-06-18,VOX,186.74,186.87,187.65,184.555,314602,58707108.0,1.67,0.73,1.35,0.0
2026-06-18,VOXP,38.741,38.741,38.741,38.741,96,3703.0,0.0,1.15,0.442,0.0
2026-06-18,VOXR,5.39,5.08,5.44,5.01,544534,2795383.0,8.02,-5.22,-0.28,0.79
2026-06-18,VOYA,91.21,90.2,91.21,89.09,2012653,181178964.0,2.34,-0.36,-0.33,2.22
2026-06-18,VOYA_B,23.21,23.3,23.37,23.21,25330,589552.0,0.69,0.39,0.09,0.21
2026-06-18,VOYG,39.16,37.57,39.592,35.16,6369802,237348079.0,11.5,-2.52,-0.97,11.91
2026-06-18,VPC,15.07,15.094,15.13,15.06,4955,74859.0,0.47,0.29,0.044,0.0
2026-06-18,VPG,139.42,141.34,145.1,136.111,449781,63226833.0,6.74,5.91,7.89,3.66
2026-06-18,VPL,119.93,120.35,120.75,119.778,537721,64728566.0,0.83,2.72,3.19,0.0
2026-06-18,VPLS,77.56,77.47,77.625,77.46,83342,6462031.0,0.21,0.16,0.125,0.0
2026-06-18,VPU,193.27,193.95,196.31,192.94,254276,49396250.0,1.75,0.7,1.35,0.0
2026-06-18,VPV,11.24,11.2,11.47,11.15,38814,437096.0,2.87,0.45,0.05,0.0
2026-06-18,VPX,29.362,29.362,29.362,29.362,43,1262.0,0.0,1.17,0.339,0.0
2026-06-18,VRA,3.82,3.9,4.07,3.725,281421,1099752.0,9.15,3.45,0.13,0.99
2026-06-18,VRAI,27.509,27.509,27.509,27.509,23,657.0,0.0,-0.15,-0.042,0.0
2026-06-18,VRAX,0.174,0.173,0.179,0.16,1031098,173960.0,11.24,2.37,0.004,5.18
2026-06-18,VRCA,5.85,5.63,5.87,5.62,26785,152685.0,4.29,-3.43,-0.2,0.16
2026-06-18,VRDN,17.15,16.63,17.44,16.455,4032027,67186463.0,5.89,-0.48,-0.08,3.65
2026-06-18,VREX,10.49,10.53,10.93,10.3,732828,7704343.0,6.18,3.24,0.33,1.74
2026-06-18,VRIG,25.15,25.13,25.15,25.12,659416,16571749.0,0.12,0.02,0.005,0.0
2026-06-18,VRM,10.5,10.16,10.94,9.54,50341,507422.0,13.08,-5.05,-0.54,0.96
2026-06-18,VRME,0.694,0.6,0.694,0.6,251773,162672.0,14.44,-7.83,-0.051,1.92
2026-06-18,VRNS,33.07,33.38,33.6,31.75,2239938,74592406.0,5.59,0.91,0.3,1.95
2026-06-18,VRP,24.41,24.42,24.43,24.394,471557,11509504.0,0.15,0.12,0.03,0.0
2026-06-18,VRRM,4.76,4.44,4.77,4.375,11428654,50987113.0,8.39,-5.73,-0.27,7.52
2026-06-18,VRSK,176.03,173.8,178.325,171.14,18048275,3142313424.0,4.1,-0.88,-1.55,13.78
2026-06-18,VRSN,267.44,264.64,267.99,262.13,1820927,481805392.0,2.21,-0.11,-0.28,2.0
2026-06-18,VRT,331.23,333.05,337.79,326.5,7262597,2418809024.0,3.56,4.87,15.47,1.89
2026-06-18,VRTL,160.01,160.84,164.85,153.99,111574,17835843.0,7.39,9.47,13.908,0.0
2026-06-18,VRTS,143.56,141.6,146.37,140.98,146052,20734757.0,3.77,-0.88,-1.26,2.19
2026-06-18,VRTX,462.17,451.63,464.98,450.39,2993021,1356918608.0,3.18,-1.6,-7.36,1.18
2026-06-18,VRXA,5.3,4.48,5.3,4.2,772288,3579686.0,18.77,-23.55,-1.38,0.55
2026-06-18,VRXAW,0.17,0.16,0.17,0.14,140738,20018.0,22.22,18.52,0.025,0.0
2026-06-18,VS,1.38,1.24,1.44,1.21,58595,74951.0,17.97,-3.13,-0.04,1.2
2026-06-18,VSA,4.93,4.58,4.93,4.5,36166,170458.0,8.87,-5.57,-0.27,1.3
2026-06-18,VSAT,66.64,64.13,67.43,62.51,3640104,233535183.0,7.62,-0.65,-0.42,2.67
2026-06-18,VSDA,56.81,56.798,57.04,56.695,5849,332498.0,0.61,0.58,0.327,0.0
2026-06-18,VSDB,76.165,76.17,76.22,76.155,122811,9356744.0,0.09,0.07,0.05,0.0
2026-06-18,VSDM,76.48,76.51,76.53,76.48,115370,8826153.0,0.07,0.1,0.08,0.0
2026-06-18,VSEC,214.41,219.22,220.0,210.52,831415,180934873.0,4.55,5.31,11.05,2.96
2026-06-18,VSECU,53.77,56.59,56.59,53.77,127752,7084160.0,5.21,4.62,2.5,0.0
2026-06-18,VSEE,0.118,0.116,0.131,0.115,3614587,443031.0,13.01,-5.69,-0.007,7.44
2026-06-18,VSGX,83.39,83.48,83.64,83.15,178481,14888588.0,0.59,1.05,0.87,0.0
2026-06-18,VSH,64.22,64.9,69.47,63.14,11383928,749523808.0,10.49,7.58,4.57,9.18
2026-06-18,VSHY,21.87,21.89,21.92,21.86,957,20979.0,0.27,0.18,0.04,0.0
2026-06-18,VSLU,46.125,46.08,46.22,45.971,69884,3224344.0,0.54,0.35,0.16,0.0
2026-06-18,VSME,2.69,2.43,2.84,2.43,379968,1005991.0,14.7,-12.9,-0.36,13.81
2026-06-18,VSMV,59.5,59.355,59.53,59.31,4473,265711.0,0.37,0.24,0.141,0.0
2026-06-18,VSNT,37.97,38.21,38.3,37.35,5241461,200040240.0,2.49,0.21,0.08,3.71
2026-06-18,VSOL,9.5,9.245,9.5,9.11,12334,114748.0,4.09,-3.08,-0.294,0.0
2026-06-18,VSS,158.05,157.54,158.24,157.25,127812,20158802.0,0.63,-0.18,-0.28,0.0
2026-06-18,VST,162.09,163.75,170.34,160.03,7976305,1313873520.0,6.49,3.1,4.92,2.37
2026-06-18,VSTD,0.32,0.21,0.348,0.21,349418,89659.0,46.46,-29.29,-0.087,2.47
2026-06-18,VSTL,30.29,30.91,33.185,29.8,110949,3496427.0,11.68,6.62,1.92,0.0
2026-06-18,VSTM,4.24,4.12,4.425,4.11,4766027,19836157.0,7.55,-1.2,-0.05,5.42
2026-06-18,VSTS,12.7,12.88,13.0,12.685,2445232,31431746.0,2.46,0.63,0.08,1.85
2026-06-18,VSXY,80.64,81.98,83.92,79.85,2656717,218433003.0,5.18,4.41,3.46,3.34
2026-06-18,VT,157.79,157.66,157.945,157.12,1976566,311493984.0,0.53,0.8,1.25,0.0
2026-06-18,VTAK,0.968,0.84,0.969,0.81,75148,65409.0,16.74,-11.58,-0.11,2.79
2026-06-18,VTC,76.92,76.8,77.03,76.7,107628,8276048.0,0.43,0.25,0.19,0.0
2026-06-18,VTEB,50.43,50.45,50.47,50.37,4231825,213508456.0,0.2,0.32,0.16,0.0
2026-06-18,VTEC,100.26,100.24,100.295,100.225,301232,30203354.0,0.07,0.24,0.24,0.0
2026-06-18,VTEI,100.84,100.89,100.928,100.82,58915,5943243.0,0.11,0.32,0.32,0.0
2026-06-18,VTEL,104.29,104.31,104.35,104.17,13381,1395492.0,0.17,0.37,0.38,0.0
2026-06-18,VTES,101.21,101.21,101.26,101.21,132111,13373574.0,0.05,0.1,0.1,0.0
2026-06-18,VTEX,3.57,3.61,3.62,3.515,1297906,4655959.0,2.93,0.84,0.03,1.44
2026-06-18,VTG,75.28,75.215,75.361,75.182,38935,2930034.0,0.24,0.19,0.145,0.01
2026-06-18,VTGN,0.692,0.67,0.73,0.67,1085104,751997.0,8.7,-2.9,-0.02,2.64
2026-06-18,VTHR,330.3,330.265,330.31,328.495,21901,7217234.0,0.55,0.97,3.158,0.0
2026-06-18,VTI,370.56,369.86,370.62,368.34,3413500,1262162688.0,0.62,0.46,1.71,0.0
2026-06-18,VTIP,50.14,50.19,50.21,50.14,2557092,128309144.0,0.14,0.18,0.09,0.0
2026-06-18,VTIX,3.54,3.66,3.76,3.51,208084,756330.0,7.18,5.17,0.18,0.72
2026-06-18,VTMX,34.72,33.85,34.72,33.52,115199,3908906.0,3.5,-1.37,-0.47,0.12
2026-06-18,VTN,11.38,11.18,11.38,11.18,25487,286395.0,1.77,-0.8,-0.09,0.0
2026-06-18,VTOL,42.47,42.35,42.725,41.55,1130156,47801600.0,2.77,-0.19,-0.08,3.82
2026-06-18,VTP,76.5,76.607,76.69,76.5,20179,1545273.0,0.25,0.34,0.257,0.0
2026-06-18,VTR,82.71,81.6,82.71,81.02,8802914,719740256.0,2.06,-0.67,-0.55,1.81
2026-06-18,VTRS,16.06,15.37,16.16,14.94,22642340,348119008.0,7.76,-2.29,-0.36,1.94
2026-06-18,VTS,16.1,16.01,16.25,15.8,1356749,21753629.0,2.81,-0.19,-0.03,3.25
2026-06-18,VTSI,3.41,3.35,3.41,3.27,79050,263651.0,4.12,-1.33,-0.045,0.7
2026-06-18,VTV,218.03,216.5,218.41,216.32,2165797,470052048.0,0.97,0.19,0.41,0.0
2026-06-18,VTVT,34.11,35.04,35.06,33.37,56212,1921763.0,4.98,3.3,1.12,1.43
2026-06-18,VTWG,281.31,284.401,284.401,280.06,38943,11005337.0,1.56,2.46,6.831,0.0
2026-06-18,VTWO,119.045,119.36,119.56,117.76,2170356,258064982.0,1.53,1.7,1.99,0.0
2026-06-18,VTWV,190.83,191.39,191.39,189.86,17653,3367763.0,0.81,1.2,2.27,0.0
2026-06-18,VUG,86.81,86.98,87.215,86.08,5470236,474779776.0,1.33,1.6,1.37,0.0
2026-06-18,VUS,29.895,29.895,29.895,29.895,77,2311.0,0.0,1.08,0.319,0.0
2026-06-18,VUSB,49.68,49.7,49.72,49.68,1582145,78647210.0,0.08,0.07,0.035,0.0
2026-06-18,VUSE,72.44,72.224,72.44,71.985,14805,1067192.0,0.64,1.23,0.881,0.0
2026-06-18,VUSG,63.92,64.354,64.354,63.68,5775,369729.0,1.07,2.1,1.324,0.0
2026-06-18,VUSI,50.19,50.205,50.205,50.13,1014,50892.0,0.15,0.08,0.04,0.0
2026-06-18,VUSV,67.84,67.464,67.84,67.34,19850,1339174.0,0.74,0.1,0.065,0.0
2026-06-18,VUZI,3.39,3.31,3.46,3.225,3148227,10435408.0,7.21,1.53,0.05,3.79
2026-06-18,VV,345.59,345.0,345.65,343.61,186512,64334947.0,0.6,1.06,3.63,0.0
2026-06-18,VVOS,0.52,0.5,0.52,0.45,500604,239611.0,13.7,-2.15,-0.011,3.6
2026-06-18,VVR,2.97,2.98,2.99,2.97,518882,1546389.0,0.67,0.0,0.0,0.0
2026-06-18,VVV,38.0,38.07,38.35,37.82,3866775,147230547.0,1.42,1.68,0.63,3.03
2026-06-18,VVX,88.74,85.55,88.74,85.2,1276030,109411961.0,3.99,-3.46,-3.07,3.83
2026-06-18,VWAV,5.94,4.93,6.1,4.89,1314387,6755218.0,20.93,-14.71,-0.85,5.18
2026-06-18,VWAVW,1.09,0.96,1.1,0.9,22417,21540.0,19.61,-5.88,-0.06,0.0
2026-06-18,VWO,60.56,60.77,60.855,60.53,7991372,485140784.0,0.54,1.61,0.96,0.0
2026-06-18,VWOB,67.41,67.44,67.495,67.395,497071,33523192.0,0.15,0.48,0.32,0.0
2026-06-18,VXF,240.18,241.07,241.28,238.72,2789297,672228464.0,1.08,1.56,3.7,0.0
2026-06-18,VXUS,86.805,86.77,86.97,86.56,4669900,405409632.0,0.48,0.72,0.62,0.0
2026-06-18,VXX,22.725,22.8,23.12,22.635,8352239,191032350.0,2.06,-3.14,-0.74,0.0
2026-06-18,VXZ,53.41,52.69,53.41,52.56,10483,553439.0,1.59,-1.16,-0.62,0.0
2026-06-18,VYGR,3.74,3.72,3.801,3.665,664919,2472014.0,3.76,2.76,0.1,1.1
2026-06-18,VYLD,29.39,29.463,29.463,29.39,745,21900.0,0.25,0.71,0.207,0.0
2026-06-18,VYM,159.41,158.21,159.452,158.06,2746220,434964208.0,0.88,-0.55,-0.87,0.0
2026-06-18,VYMI,99.545,99.26,99.67,99.185,812687,80753099.0,0.48,-1.23,-1.24,0.0
2026-06-18,VYNE,0.627,0.635,0.661,0.623,247843,158359.0,6.02,0.63,0.004,0.74
2026-06-18,VYX,7.45,7.49,7.865,7.4,4057218,30761045.0,6.18,-0.4,-0.03,2.94
2026-06-18,VZ,45.785,45.37,46.06,45.36,66305278,3016045392.0,1.53,-1.03,-0.47,1.59
2026-06-18,VZLA,3.58,3.55,3.65,3.46,5675739,20012186.0,5.31,-0.84,-0.03,1.62
2026-06-18,W,84.85,88.52,90.521,84.14,5401682,479758064.0,7.82,8.49,6.93,4.87
2026-06-18,WAB,274.43,273.83,278.39,273.59,1357910,372844672.0,1.77,0.72,1.97,0.8
2026-06-18,WABC,58.64,57.73,59.25,57.38,682180,39486301.0,3.24,-0.05,-0.03,2.9
2026-06-18,WABF,24.97,24.915,24.98,24.915,6131,153016.0,0.26,0.06,0.015,0.0
2026-06-18,WAFD,36.67,36.48,36.733,36.26,1498231,54673521.0,1.31,0.75,0.27,2.03
2026-06-18,WAFDP,16.62,16.575,16.66,16.51,25632,425016.0,0.91,0.39,0.065,0.21
2026-06-18,WAFU,1.62,1.63,1.67,1.62,16291,26678.0,3.02,-1.51,-0.025,0.56
2026-06-18,WAGN,14.79,14.62,14.9,14.555,118138,1726718.0,2.34,-0.68,-0.1,0.0
2026-06-18,WAI,2.09,2.08,2.09,2.0,12064,24632.0,3.91,-9.57,-0.22,0.52
2026-06-18,WAL,78.86,79.91,80.32,78.85,1918883,153055398.0,1.87,1.89,1.48,1.76
2026-06-18,WALD,1.69,1.66,1.7,1.625,290495,482517.0,4.52,0.0,0.0,0.25
2026-06-18,WALDW,0.04,0.043,0.044,0.039,8621,337.0,11.9,2.38,0.001,0.0
2026-06-18,WAL_A,24.0,24.02,24.02,23.91,8888,213268.0,0.46,0.46,0.11,0.07
2026-06-18,WAMA,26.2,26.314,26.314,26.2,11444,300787.0,0.44,1.15,0.3,0.0
2026-06-18,WANT,42.43,43.04,43.4,41.485,66565,2837453.0,4.62,3.86,1.6,0.0
2026-06-18,WAR,33.29,33.73,33.73,32.78,11867,395719.0,2.9,3.12,1.02,0.0
2026-06-18,WARP,26.32,25.71,26.33,25.0,225699,5675186.0,5.09,-1.63,-0.427,0.0
2026-06-18,WASH,34.99,34.92,35.357,34.63,363534,12700093.0,2.11,1.33,0.46,1.91
2026-06-18,WAT,358.97,355.44,360.65,353.56,1460782,519868032.0,1.99,-0.44,-1.56,1.49
2026-06-18,WATS,28.079,28.079,28.079,28.079,64,1765.0,0.0,4.29,1.155,0.0
2026-06-18,WATT,26.63,25.23,27.7,24.5,460018,11607380.0,11.87,-6.42,-1.73,8.36
2026-06-18,WAVE,7.83,8.139,8.37,7.685,22225,179177.0,8.93,6.11,0.469,0.38
2026-06-18,WAY,18.18,18.47,18.64,17.86,3747529,68842509.0,4.27,1.21,0.22,1.95
2026-06-18,WB,7.42,7.33,7.435,7.31,2851035,20960192.0,1.68,-1.21,-0.09,1.81
2026-06-18,WBD,26.24,26.2,26.54,26.135,43702180,1146900400.0,1.54,-0.15,-0.04,1.74
2026-06-18,WBI,30.58,33.19,33.19,29.205,14750894,482663376.0,12.98,8.08,2.48,31.37
2026-06-18,WBIF,35.23,35.286,35.32,35.23,776,27391.0,0.26,0.71,0.248,0.0
2026-06-18,WBIG,25.72,25.707,25.72,25.66,2288,58807.0,0.24,0.77,0.197,0.0
2026-06-18,WBIL,40.008,39.961,40.008,39.961,552,22095.0,0.12,0.62,0.246,0.0
2026-06-18,WBIY,34.8,34.81,34.825,34.74,4014,139605.0,0.25,0.45,0.156,0.0
2026-06-18,WBS,75.59,75.62,75.88,75.53,3728214,281976944.0,0.47,0.81,0.61,2.3
2026-06-18,WBS_F,20.33,20.74,20.78,20.33,4722,97153.0,2.17,0.19,0.04,0.08
2026-06-18,WBS_G,24.0,23.91,24.09,23.91,9846,236450.0,0.75,-0.2,-0.048,0.18
2026-06-18,WBTN,11.67,11.49,11.69,11.43,245892,2837866.0,2.25,-0.61,-0.07,0.18
2026-06-18,WBUY,0.83,0.851,0.851,0.8,26070,21637.0,5.88,-1.85,-0.016,0.5
2026-06-18,WBX,3.42,3.72,3.79,3.376,43939,158986.0,12.0,7.83,0.27,0.26
2026-06-18,WCAP,9.48,9.55,9.55,9.48,341,3244.0,0.75,1.81,0.17,0.0
2026-06-18,WCBR,32.18,32.19,32.23,31.16,75412,2406349.0,3.34,0.61,0.194,0.0
2026-06-18,WCC,360.78,365.36,369.24,360.33,690018,252059080.0,2.53,3.83,13.48,1.42
2026-06-18,WCEO,37.257,37.257,37.257,37.257,189,7040.0,0.0,0.9,0.331,0.0
2026-06-18,WCLD,29.515,29.55,29.69,28.7,1365455,39895212.0,3.34,-0.24,-0.07,0.0
2026-06-18,WCME,19.95,20.039,20.039,19.93,3546,70768.0,0.56,2.69,0.524,0.0
2026-06-18,WCMG,21.695,21.695,21.695,21.695,3,70.0,0.0,-0.57,-0.125,0.0
2026-06-18,WCMI,19.83,19.69,19.88,19.63,688740,13575269.0,1.28,0.51,0.1,0.0
2026-06-18,WCN,156.09,153.97,156.31,152.43,1910671,294471824.0,2.5,-0.74,-1.15,0.75
2026-06-18,WCPB,25.41,25.38,25.42,25.38,14541,369253.0,0.16,-0.08,-0.02,0.0
2026-06-18,WCT,1.44,1.36,1.51,1.36,196578,281983.0,9.2,-16.56,-0.27,6.77
2026-06-18,WD,51.18,51.96,52.72,50.73,688939,35474520.0,3.9,1.88,0.96,2.01
2026-06-18,WDAF,33.87,33.597,33.87,32.282,26505,887512.0,4.68,-0.94,-0.319,0.0
2026-06-18,WDAI,27.62,27.62,27.62,27.62,50,1393.0,0.0,1.75,0.474,0.0
2026-06-18,WDAY,119.492,116.93,121.795,116.55,11755627,1383113072.0,4.31,-4.02,-4.9,5.85
2026-06-18,WDC,764.15,746.23,799.87,739.11,16683882,12680293632.0,8.53,4.79,34.1,4.84
2026-06-18,WDCX,63.85,60.77,69.0,59.54,6292510,401729856.0,17.08,9.69,5.37,0.0
2026-06-18,WDE,25.295,25.295,25.295,25.295,3,76.0,0.0,0.3,0.075,0.0
2026-06-18,WDEF,28.62,28.39,28.7,28.24,18781,535493.0,1.61,-0.46,-0.13,0.0
2026-06-18,WDFC,226.89,227.21,230.99,225.59,337856,76917317.0,2.39,0.65,1.46,2.51
2026-06-18,WDGF,32.08,31.686,32.08,31.53,3414,108413.0,1.71,-1.42,-0.457,0.0
2026-06-18,WDH,1.28,1.24,1.315,1.23,437521,555169.0,6.49,-5.34,-0.07,0.16
2026-06-18,WDI,13.58,13.55,13.65,13.33,228661,3094337.0,2.36,-0.07,-0.01,0.0
2026-06-18,WDIG,49.0,48.228,49.0,48.14,3263,158253.0,1.76,-1.23,-0.602,0.0
2026-06-18,WDIV,81.0,81.102,81.21,80.96,3381,274124.0,0.31,0.1,0.085,0.0
2026-06-18,WDNA,18.76,18.86,18.86,18.76,369,6942.0,0.53,0.51,0.095,0.0
2026-06-18,WDRN,30.61,30.48,30.61,29.905,27616,833504.0,2.36,2.06,0.615,0.0
2026-06-18,WDS,20.0,20.05,20.06,19.68,1094676,21806694.0,1.89,-0.25,-0.05,0.06
2026-06-18,WDTE,30.06,30.137,30.3,29.95,22028,663035.0,1.17,0.41,0.123,0.0
2026-06-18,WEA,10.72,10.59,10.72,10.59,10912,116230.0,1.22,-0.38,-0.04,0.0
2026-06-18,WEAT,23.09,22.94,23.15,22.865,382308,8781061.0,1.23,-1.12,-0.26,0.0
2026-06-18,WEAV,5.21,5.2,5.315,5.06,1670690,8698271.0,4.82,-1.7,-0.09,2.1
2026-06-18,WEBL,23.17,23.46,23.54,22.2,699447,16012402.0,5.89,3.17,0.72,0.0
2026-06-18,WEBS,19.57,19.4,20.44,19.285,55827,1109483.0,5.77,-3.15,-0.63,0.0
2026-06-18,WEBX,19.712,19.712,19.712,19.712,5,100.0,0.0,-0.88,-0.175,0.0
2026-06-18,WEC,112.18,112.17,113.56,111.26,4346819,488307200.0,2.04,-0.33,-0.37,1.33
2026-06-18,WEED,20.35,21.375,21.605,20.35,25316,532027.0,6.11,4.01,0.825,0.0
2026-06-18,WEEI,22.51,22.4,22.545,22.15,178206,3969594.0,1.74,-1.38,-0.313,0.0
2026-06-18,WEEK,100.12,100.097,100.13,100.022,37074,3710809.0,0.11,0.09,0.087,0.0
2026-06-18,WEEL,20.49,20.444,20.49,20.38,9175,187258.0,0.54,0.56,0.114,0.0
2026-06-18,WELL,208.52,206.65,208.52,202.9,8060889,1666010368.0,2.72,0.05,0.1,1.14
2026-06-18,WEN,6.98,6.8,7.035,6.78,7730470,53176466.0,3.67,-2.16,-0.15,4.06
2026-06-18,WENC,9.92,9.92,9.92,9.92,100,993.0,0.0,0.0,0.0,0.0
2026-06-18,WENC_U,10.06,10.06,10.06,10.06,592,5956.0,0.0,0.0,0.0,0.0
2026-06-18,WENCr,0.16,0.165,0.165,0.16,2100,337.0,3.03,0.0,0.0,0.0
2026-06-18,WENN,10.29,10.29,10.3,10.29,25060,258114.0,0.1,-0.1,-0.01,0.08
2026-06-18,WEPN,44.0,43.665,44.0,43.4,2194,95975.0,1.35,-1.43,-0.632,0.0
2026-06-18,WERN,40.39,40.69,41.0,40.135,1376469,55922835.0,2.17,2.03,0.81,2.3
2026-06-18,WES,43.32,42.96,43.633,42.58,3749067,161229614.0,2.41,-1.65,-0.72,0.95
2026-06-18,WEST,8.86,9.03,9.16,8.535,800383,7154531.0,7.16,3.44,0.3,0.82
2026-06-18,WETH,1.44,1.34,1.44,1.335,108384,150454.0,7.45,-4.96,-0.07,0.91
2026-06-18,WETO,0.99,1.01,1.03,0.9,285119,274074.0,12.87,0.0,0.0,0.35
2026-06-18,WEX,126.56,127.53,128.1,125.29,698718,88917227.0,2.22,0.53,0.67,2.02
2026-06-18,WEYS,36.75,37.3,37.8,36.62,36233,1345429.0,3.27,3.24,1.17,0.38
2026-06-18,WF,62.81,62.55,63.27,62.18,223897,14006475.0,1.74,-0.41,-0.26,0.09
2026-06-18,WFC,84.93,82.2,85.57,81.95,36738626,3043172784.0,4.32,-1.92,-1.61,1.2
2026-06-18,WFCF,11.45,11.03,12.41,11.03,17929,203194.0,11.63,-7.08,-0.84,0.36
2026-06-18,WFC_A,18.5,18.52,18.55,18.46,90755,1680600.0,0.49,0.65,0.12,0.19
2026-06-18,WFC_C,17.3,17.31,17.37,17.25,67541,1169820.0,0.7,0.46,0.08,0.16
2026-06-18,WFC_D,16.78,16.87,16.905,16.78,83672,1410689.0,0.75,0.84,0.14,0.17
2026-06-18,WFC_L,1176.06,1174.51,1178.85,1173.51,5726,6737862.0,0.46,0.09,1.01,0.14
2026-06-18,WFC_Y,23.18,23.065,23.2,22.97,23133,533428.0,1.0,0.15,0.035,0.08
2026-06-18,WFC_Z,18.69,18.7,18.82,18.68,272148,5099792.0,0.75,0.38,0.07,0.34
2026-06-18,WFF,3.02,3.05,3.105,2.952,24137,73330.0,5.2,3.74,0.11,0.48
2026-06-18,WFG,71.2,70.2,72.23,70.03,282544,19953566.0,3.13,-0.27,-0.19,0.37
2026-06-18,WFRD,94.67,91.63,94.855,89.67,4078941,372102352.0,5.51,-2.68,-2.52,5.67
2026-06-18,WGMI,71.52,72.1,73.01,69.09,909388,65283362.0,5.7,4.89,3.36,0.0
2026-06-18,WGO,28.1,28.67,29.3,28.1,976048,28061166.0,4.28,2.36,0.66,3.45
2026-06-18,WGRX,3.65,3.39,3.65,3.39,34006,119007.0,7.03,-8.38,-0.31,1.35
2026-06-18,WGS,57.4,59.01,59.425,57.0,658704,38511078.0,4.3,4.59,2.59,2.22
2026-06-18,WGSWW,0.005,0.004,0.005,0.003,21100,76.0,50.0,0.0,0.0,0.0
2026-06-18,WH,84.33,84.2,86.345,83.77,1578817,133626553.0,3.08,0.75,0.63,2.11
2026-06-18,WHD,56.92,54.69,57.14,53.93,2005540,109873755.0,5.66,-3.61,-2.05,2.89
2026-06-18,WHF,6.4,6.45,6.539,6.4,68471,442290.0,2.17,0.62,0.04,0.32
2026-06-18,WHFCL,25.31,25.29,25.319,25.29,2224,56280.0,0.11,-0.28,-0.07,0.0
2026-06-18,WHG,18.25,18.58,18.58,18.2,35582,656176.0,2.11,3.22,0.58,0.38
2026-06-18,WHK,27.8,27.37,28.25,26.91,102348,2796130.0,4.94,0.96,0.26,0.45
2026-06-18,WHLR,3.55,3.47,3.75,3.277,993040,3714676.0,57.75,323.69,2.651,181.02
2026-06-18,WHLRD,37.09,37.09,37.09,37.09,262,9744.0,0.0,0.0,0.0,0.01
2026-06-18,WHLRL,79.99,79.08,79.99,79.08,3990,317341.0,1.1,-4.15,-3.42,0.0
2026-06-18,WHLRP,8.5,9.009,9.5,8.14,17955,162799.0,15.42,2.14,0.189,0.68
2026-06-18,WHR,39.0,38.86,39.615,38.2,4403742,171724000.0,3.66,0.57,0.22,6.79
2026-06-18,WHR_A,34.69,34.83,35.04,34.37,41432,1435234.0,1.95,1.16,0.4,0.36
2026-06-18,WHWK,4.27,4.42,4.49,4.18,585155,2551975.0,7.35,4.74,0.2,1.09
2026-06-18,WIA,8.11,8.11,8.12,8.1,12427,100768.0,0.25,0.0,0.0,0.0
2026-06-18,WILC,32.01,32.29,32.622,31.7,2710,87046.0,2.81,-1.75,-0.575,0.02
2026-06-18,WIMA,42.78,42.754,42.78,42.62,6039,258076.0,0.38,0.65,0.275,0.0
2026-06-18,WIMI,1.63,1.59,1.645,1.58,70178,112720.0,4.01,-1.85,-0.03,0.4
2026-06-18,WINA,406.0,400.34,413.823,395.84,78795,31732085.0,4.49,-0.05,-0.2,2.2
2026-06-18,WING,150.05,161.78,165.4,149.01,1284674,207107345.0,10.92,7.82,11.73,4.72
2026-06-18,WINN,32.38,32.67,32.708,32.32,74622,2425095.0,1.2,1.37,0.44,0.0
2026-06-18,WIP,39.75,39.6,40.11,39.54,50140,1992715.0,1.43,-0.83,-0.33,0.0
2026-06-18,WISE,40.12,40.141,40.141,39.65,4004,159384.0,1.24,1.33,0.526,0.0
2026-06-18,WIT,2.39,2.39,2.415,2.25,29607169,70218841.0,6.65,-3.63,-0.09,0.28
2026-06-18,WIW,8.46,8.43,8.46,8.41,264198,2226602.0,0.59,0.0,0.0,0.0
2026-06-18,WIX,41.44,42.49,42.8,40.51,3175618,133686893.0,5.45,1.05,0.44,7.59
2026-06-18,WK,47.41,47.37,47.86,46.625,1910390,90369335.0,2.57,-1.37,-0.66,3.64
2026-06-18,WKC,31.34,31.12,31.41,30.78,3645467,113462604.0,2.02,-0.45,-0.14,7.1
2026-06-18,WKEY,8.0,7.51,8.0,7.39,147631,1124595.0,7.85,-3.35,-0.26,1.81
2026-06-18,WKHS,2.84,3.03,3.115,2.81,263172,782559.0,10.78,7.07,0.2,2.42
2026-06-18,WKSP,0.955,0.738,1.09,0.73,207077675,198697487.0,60.2,23.41,0.14,1407.49
2026-06-18,WLDN,93.41,89.0,94.91,88.32,647425,58447775.0,7.11,-3.97,-3.68,4.28
2026-06-18,WLDR,47.13,46.444,47.26,45.93,20593,958138.0,2.86,-0.05,-0.025,0.0
2026-06-18,WLDS,0.812,0.672,0.814,0.63,757406,531077.0,21.7,-20.75,-0.176,11.53
2026-06-18,WLDSW,4.79,4.46,4.79,4.46,847,3934.0,7.6,2.76,0.12,0.0
2026-06-18,WLDU,18.11,17.63,18.11,17.51,5462,96213.0,3.48,2.29,0.394,0.0
2026-06-18,WLFC,195.49,206.43,206.655,195.49,199270,40084821.0,5.77,6.68,12.93,2.83
2026-06-18,WLII,10.23,10.16,10.23,10.15,2762,28087.0,0.79,-0.2,-0.02,0.02
2026-06-18,WLIIU,10.49,10.5,10.86,10.49,1920,20249.0,3.56,1.16,0.12,0.0
2026-06-18,WLIIW,1.03,1.1,1.11,1.03,11337,12463.0,7.27,0.0,0.0,0.0
2026-06-18,WLK,82.94,80.28,83.085,80.09,1731737,140163750.0,3.59,-3.83,-3.2,1.35
2026-06-18,WLKP,22.7,22.6,22.75,22.58,31209,707061.0,0.75,-0.75,-0.17,0.09
2026-06-18,WLTG,37.31,37.466,37.466,37.31,1270,47520.0,0.42,1.12,0.416,0.0
2026-06-18,WLTH,8.28,8.44,8.73,8.225,3393669,28579117.0,5.99,0.12,0.01,2.27
2026-06-18,WLY,45.835,46.7,48.189,45.63,1489632,69783091.0,5.63,2.82,1.28,3.55
2026-06-18,WLYB,45.32,45.32,45.32,45.32,401,18877.0,0.0,0.0,0.0,0.0
2026-06-18,WM,216.32,214.6,216.94,212.22,3620738,776702512.0,2.19,-0.58,-1.25,0.9
2026-06-18,WMB,71.78,73.12,73.28,70.83,15180068,1103624032.0,3.44,2.62,1.87,1.24
2026-06-18,WMG,28.52,28.17,28.57,27.9,2371944,66799060.0,2.35,-1.23,-0.35,1.62
2026-06-18,WMK,76.09,76.74,77.5,75.77,268508,20565280.0,2.26,0.38,0.29,1.09
2026-06-18,WMS,138.9,147.12,149.65,138.83,1945901,285521968.0,7.78,5.72,7.96,2.54
2026-06-18,WMSB,25.08,25.095,25.13,25.08,1204,30243.0,0.2,0.03,0.007,0.0
2026-06-18,WMT,118.2,117.18,118.48,116.795,36526766,4287403984.0,1.43,-0.8,-0.95,0.46
2026-06-18,WMTI,23.41,23.223,23.41,23.14,45834,1065629.0,1.15,-0.89,-0.209,0.0
2026-06-18,WNC,11.115,11.36,12.1,10.64,2144009,24361994.0,13.52,5.19,0.56,5.27
2026-06-18,WNDR,27.879,27.879,27.879,27.879,4,112.0,0.0,1.54,0.424,0.0
2026-06-18,WNEB,13.67,13.68,13.96,13.36,141689,1941934.0,4.43,0.96,0.13,0.7
2026-06-18,WNTR,26.18,26.72,27.75,26.18,136238,3683089.0,5.81,-1.04,-0.28,0.0
2026-06-18,WNW,3.43,3.34,3.43,3.22,95952,317008.0,5.98,-4.84,-0.17,0.36
2026-06-18,WOK,5.69,3.2,5.74,1.78,10516048,49313098.0,9209.3,7341.86,3.157,434.55
2026-06-18,WOLF,51.16,57.41,57.5,47.82,9559362,520111776.0,19.88,17.91,8.72,18.39
2026-06-18,WOMN,42.45,42.38,42.45,42.27,1912,81084.0,0.42,0.06,0.025,0.0
2026-06-18,WOOD,66.79,67.278,67.865,66.591,5984,403304.0,1.9,0.24,0.163,0.0
2026-06-18,WOOF,2.64,2.62,2.695,2.6,2595587,6828003.0,3.61,-0.38,-0.01,1.05
2026-06-18,WOR,59.6,60.4,61.585,59.54,528464,31964218.0,3.46,2.3,1.36,1.07
2026-06-18,WPAC,10.01,10.01,10.01,10.01,286,2864.0,0.0,0.0,0.0,0.0
2026-06-18,WPAC_U,10.35,10.35,10.35,10.35,344,3558.0,0.0,0.58,0.06,0.0
2026-06-18,WPC,72.86,71.22,73.1,70.95,3289549,235054742.0,2.98,-1.4,-1.01,1.48
2026-06-18,WPM,125.82,122.57,128.76,121.13,3313045,407217120.0,6.06,-2.61,-3.28,0.73
2026-06-18,WPP,18.24,17.97,18.24,17.74,517811,9331276.0,2.71,-2.5,-0.46,0.24
2026-06-18,WPRT,2.245,2.26,2.5,1.92,57493531,152293624.0,31.18,21.51,0.4,330.5
2026-06-18,WQTM,37.63,37.83,37.97,36.68,303200,11319445.0,3.52,3.16,1.16,0.0
2026-06-18,WR,24.12,24.31,24.31,24.1,9923,241060.0,0.85,-1.67,-0.412,0.0
2026-06-18,WRAP,1.25,1.24,1.27,1.23,102847,128471.0,3.25,0.81,0.01,0.18
2026-06-18,WRB,68.26,67.18,68.26,67.0,4293473,289067472.0,1.85,-1.34,-0.91,1.15
2026-06-18,WRBY,24.5,25.96,26.235,24.21,18818531,486360192.0,8.36,7.18,1.74,17.57
2026-06-18,WRB_E,21.4,21.25,21.4,21.21,12235,260476.0,0.89,-0.09,-0.02,0.0
2026-06-18,WRB_F,18.77,18.8,18.92,18.68,20277,380982.0,1.28,0.16,0.03,0.0
2026-06-18,WRB_G,15.99,16.03,16.03,15.99,2122,33996.0,0.25,0.56,0.09,0.0
2026-06-18,WRB_H,15.181,15.29,15.3,15.181,10818,164871.0,0.78,0.79,0.12,0.0
2026-06-18,WRD,6.35,6.35,6.535,6.25,2943156,18745831.0,4.52,0.63,0.04,0.94
2026-06-18,WRLD,176.37,177.95,180.95,174.26,112894,20079433.0,3.86,2.62,4.55,2.43
2026-06-18,WRN,2.54,2.37,2.56,2.35,2479086,6006422.0,8.3,-6.32,-0.16,1.1
2026-06-18,WRND,42.577,42.577,42.577,42.577,8,360.0,0.0,1.84,0.77,0.0
2026-06-18,WRTH,25.5,25.45,25.5,25.395,66993,1704622.0,0.41,-0.33,-0.085,0.0
2026-06-18,WS,39.56,40.73,40.81,38.615,1033706,41810008.0,5.6,3.9,1.53,2.07
2026-06-18,WSBC,35.81,36.29,36.65,35.805,16538832,599785248.0,2.39,2.54,0.9,17.2
2026-06-18,WSBCO,25.64,25.46,25.64,25.46,5361,137087.0,0.7,-0.47,-0.12,0.06
2026-06-18,WSBF,19.4,19.21,19.6,19.09,79096,1523848.0,2.67,0.73,0.14,0.44
2026-06-18,WSBK,12.91,13.2,13.2,12.89,31700,415560.0,2.4,2.17,0.28,0.34
2026-06-18,WSC,28.36,28.84,29.095,28.16,2589000,74715293.0,3.36,3.59,1.0,1.43
2026-06-18,WSDB,25.01,24.975,25.01,24.975,477,11928.0,0.14,-0.02,-0.005,0.0
2026-06-18,WSE,10.97,10.84,11.03,10.81,539292,5873377.0,1.97,-2.95,-0.33,0.05
2026-06-18,WSFS,74.19,74.14,74.58,73.59,1105666,81931039.0,1.35,0.79,0.58,2.12
2026-06-18,WSGE,28.15,28.16,28.16,28.15,5589,157333.0,0.04,1.18,0.328,0.0
2026-06-18,WSHP,5.76,5.55,5.81,5.45,55729,313983.0,6.39,-1.42,-0.08,0.51
2026-06-18,WSM,226.0,226.92,230.65,223.99,2523918,573389728.0,3.01,2.61,5.77,2.14
2026-06-18,WSML,34.76,34.895,34.895,34.76,5302,184678.0,0.39,1.12,0.386,0.0
2026-06-18,WSO,390.24,401.04,401.34,388.38,524142,209295410.0,3.37,4.33,16.66,1.5
2026-06-18,WSO_B,350.0,350.0,350.0,350.0,3,1142.0,0.0,0.0,0.0,0.0
2026-06-18,WSR,18.97,18.95,18.97,18.93,828500,15698368.0,0.21,0.16,0.03,1.61
2026-06-18,WST,326.35,327.95,329.11,323.2,1479200,482612896.0,1.83,1.35,4.36,2.09
2026-06-18,WSTNU,10.23,10.23,10.23,10.23,107,1095.0,0.0,-0.1,-0.01,0.0
2026-06-18,WT,18.57,18.31,18.89,17.85,6042707,110510546.0,5.73,0.88,0.16,3.95
2026-06-18,WTAI,46.75,47.55,47.669,46.38,297407,14077047.0,2.86,5.57,2.51,0.0
2026-06-18,WTBA,24.95,24.92,25.2,24.48,126433,3144541.0,2.93,1.3,0.32,0.74
2026-06-18,WTBN,25.27,25.255,25.33,25.255,10020,253285.0,0.3,0.32,0.08,0.0
2026-06-18,WTF,2.696,2.77,2.95,2.696,14587,42218.0,8.76,-4.48,-0.13,0.03
2026-06-18,WTFC,154.78,154.11,156.92,153.26,971727,149948644.0,2.38,0.1,0.15,1.44
2026-06-18,WTFCN,26.25,26.25,26.28,26.25,30618,804200.0,0.11,0.0,0.0,0.18
2026-06-18,WTG,10.4,10.39,10.41,10.39,16537,171924.0,0.19,0.1,0.01,0.23
2026-06-18,WTGUR,0.101,0.101,0.101,0.101,1,0.0,0.0,0.0,0.0,0.0
2026-06-18,WTGUU,10.45,10.45,10.45,10.45,200,2090.0,0.0,0.0,0.0,0.0
2026-06-18,WTI,3.2,3.21,3.22,3.03,7054832,22339469.0,5.74,-3.02,-0.1,4.74
2026-06-18,WTIB,21.41,21.371,21.41,21.33,632,13501.0,0.37,-2.01,-0.439,0.0
2026-06-18,WTID,5.59,5.74,5.875,5.59,106247,608336.0,5.24,5.51,0.3,0.0
2026-06-18,WTIP,36.41,36.23,36.41,36.08,4688,169415.0,0.91,-0.56,-0.205,0.0
2026-06-18,WTIU,13.5,13.17,13.5,12.89,28510,376801.0,4.36,-5.79,-0.81,0.0
2026-06-18,WTLS,59.73,59.741,59.86,59.655,4986,297944.0,0.35,1.0,0.593,0.0
2026-06-18,WTM,1997.36,2013.36,2019.89,1990.78,25485,51215029.0,1.45,0.49,9.87,1.03
2026-06-18,WTMF,41.3,41.355,41.4,41.19,21156,874199.0,0.51,0.11,0.045,0.0
2026-06-18,WTMU,25.725,25.725,25.725,25.725,457,11754.0,0.0,0.19,0.05,0.0
2026-06-18,WTMY,25.445,25.445,25.445,25.445,4,102.0,0.0,0.16,0.04,0.0
2026-06-18,WTO,0.532,0.527,0.593,0.516,630711,356015.0,10.89,-25.46,-0.18,1.21
2026-06-18,WTPI,33.25,33.25,33.28,33.01,102123,3387171.0,0.82,0.88,0.29,0.0
2026-06-18,WTRE,25.725,25.7,25.77,25.67,1683,43284.0,0.39,-0.22,-0.057,0.0
2026-06-18,WTRG,36.75,36.7,37.41,36.34,5480873,201310927.0,2.9,-0.68,-0.25,1.93
2026-06-18,WTS,339.87,343.89,346.84,339.87,474418,163172635.0,2.07,2.25,7.57,1.73
2026-06-18,WTTR,17.94,17.7,18.13,17.32,3403734,60265883.0,4.49,-1.88,-0.34,2.74
2026-06-18,WTV,102.32,101.57,102.32,101.43,193058,19661809.0,0.88,-0.14,-0.14,0.0
2026-06-18,WTW,260.62,255.2,261.76,251.76,1360300,347164352.0,3.85,-1.86,-4.83,1.44
2026-06-18,WU,7.15,7.12,7.265,7.095,14290006,102173812.0,2.37,-0.7,-0.05,4.57
2026-06-18,WUGI,95.545,95.632,95.632,95.545,463,44250.0,0.1,4.91,4.478,0.0
2026-06-18,WULF,29.045,28.98,29.67,28.09,31094344,900975952.0,5.67,4.02,1.12,6.27
2026-06-18,WULX,65.6,64.105,66.95,60.84,54650,3480827.0,10.28,7.85,4.665,0.0
2026-06-18,WVE,6.08,6.16,6.265,6.0,5099122,31278920.0,4.45,3.53,0.21,2.65
2026-06-18,WVVI,2.69,2.79,2.79,2.69,7820,21620.0,3.64,1.45,0.04,0.16
2026-06-18,WVVIP,2.49,2.505,2.505,2.42,4067,10014.0,3.4,0.2,0.005,0.04
2026-06-18,WW,19.05,19.2,20.39,18.69,409947,7927676.0,8.92,0.79,0.15,4.1
2026-06-18,WWD,442.43,430.08,445.29,426.32,1851387,799713440.0,4.36,-1.09,-4.75,3.11
2026-06-18,WWJD,39.025,39.06,39.54,38.97,33066,1293959.0,1.46,0.26,0.1,0.0
2026-06-18,WWR,0.535,0.527,0.56,0.527,759891,408147.0,6.21,-0.75,-0.004,0.6
2026-06-18,WWW,17.095,17.6,17.8,16.9,1410177,24737064.0,5.39,5.39,0.9,1.72
2026-06-18,WX,24.544,24.544,24.544,24.544,2,49.0,0.0,2.39,0.573,0.0
2026-06-18,WXET,18.6,18.568,18.726,18.31,16413,303135.0,2.18,-2.65,-0.505,0.0
2026-06-18,WXM,4.16,4.85,4.858,4.06,111191,495424.0,18.73,13.85,0.59,9.87
2026-06-18,WY,24.58,24.32,24.86,24.32,7925213,193904102.0,2.22,-0.04,-0.01,1.1
2026-06-18,WYFI,35.21,38.49,40.74,33.68,4052953,154399499.0,21.06,14.83,4.97,10.5
2026-06-18,WYFL,26.91,32.93,35.95,25.77,105907,3439921.0,40.19,30.0,7.6,0.0
2026-06-18,WYHG,4.09,4.89,7.5,4.09,1072655,5940564.0,85.25,22.25,0.89,8.52
2026-06-18,WYNN,103.43,105.53,106.75,103.33,1667501,175555826.0,3.34,3.15,3.22,1.61
2026-06-18,WYY,13.0,13.56,13.69,12.03,156020,2022022.0,12.69,3.67,0.48,1.58
2026-06-18,WZRD,5.71,5.628,5.84,5.628,8193,47537.0,3.53,-6.2,-0.372,0.0
2026-06-18,XA,32.64,32.64,32.64,32.64,214,6997.0,0.0,0.35,0.115,0.0
2026-06-18,XAGG,50.14,50.03,50.16,50.0,318688,15953520.0,0.32,-0.18,-0.09,0.0
2026-06-18,XAGI,22.49,22.738,22.738,22.49,2157,48550.0,1.15,5.06,1.096,0.0
2026-06-18,XAIR,0.358,0.36,0.398,0.355,239873,89176.0,11.72,-1.91,-0.007,1.89
2026-06-18,XAIX,58.35,58.62,58.85,57.82,26384,1540364.0,1.82,3.62,2.05,0.0
2026-06-18,XAPR,37.67,37.7,37.7,37.67,1051,39591.0,0.08,0.44,0.166,0.0
2026-06-18,XAR,289.16,284.29,289.66,280.735,276968,78604250.0,3.13,-0.46,-1.3,0.0
2026-06-18,XAUG,38.98,39.031,39.05,38.98,1670,65170.0,0.18,0.2,0.077,0.0
2026-06-18,XB,39.21,39.287,39.3,39.21,693,27235.0,0.23,0.35,0.138,0.0
2026-06-18,XBAP,41.73,41.75,41.83,41.72,11015,460035.0,0.26,0.27,0.111,0.0
2026-06-18,XBB,40.85,40.931,40.939,40.85,9594,392650.0,0.22,0.38,0.154,0.0
2026-06-18,XBCI,33.98,32.92,33.98,32.36,163565,5394792.0,4.78,-2.88,-0.976,0.0
2026-06-18,XBFR,26.49,26.578,26.58,26.47,4219,111947.0,0.42,1.06,0.28,0.0
2026-06-18,XBI,142.0,140.72,143.46,138.7,9569943,1343925568.0,3.41,0.95,1.33,0.0
2026-06-18,XBIL,50.1,50.11,50.11,50.1,67904,3402346.0,0.02,0.06,0.03,0.0
2026-06-18,XBIO,3.07,2.8,3.07,2.8,8363,24045.0,8.97,-6.98,-0.21,0.37
2026-06-18,XBIT,2.38,2.31,2.39,2.31,40396,94236.0,3.38,-2.53,-0.06,0.13
2026-06-18,XBIX,30.076,30.076,30.076,30.076,15,451.0,0.0,2.16,0.635,0.0
2026-06-18,XBJA,33.73,33.745,33.75,33.715,2169,73163.0,0.1,0.37,0.125,0.0
2026-06-18,XBJL,39.94,39.915,39.97,39.89,1185,47312.0,0.2,0.03,0.01,0.0
2026-06-18,XBNB,20.042,20.042,20.042,20.042,156,3179.0,0.0,-6.72,-1.443,0.0
2026-06-18,XBOC,35.37,35.4,35.48,35.37,2435,86271.0,0.31,0.23,0.081,0.0
2026-06-18,XBOX,99.88,99.94,99.95,99.82,16417,1640825.0,0.13,0.15,0.15,0.0
2026-06-18,XBP,2.31,2.07,2.31,2.07,12805,28814.0,10.17,-12.29,-0.29,0.11
2026-06-18,XBPEW,0.057,0.057,0.057,0.057,1250,71.0,0.0,14.0,0.007,0.0
2026-06-18,XBTY,5.87,5.795,5.87,5.77,33242,193020.0,1.69,-1.86,-0.11,0.0
2026-06-18,XC,32.36,32.197,32.36,32.12,12913,415928.0,0.75,0.64,0.205,0.0
2026-06-18,XCCC,36.71,36.755,36.76,36.69,48131,1768034.0,0.19,0.31,0.115,0.0
2026-06-18,XCEM,54.3,54.82,54.93,54.26,120484,6593209.0,1.27,3.77,1.99,0.0
2026-06-18,XCH,0.63,0.68,0.729,0.62,6476,4172.0,15.59,-2.72,-0.019,0.01
2026-06-18,XCHG,26.631,26.631,26.631,26.631,2,53.0,0.0,1.2,0.316,0.0
2026-06-18,XCLR,27.66,27.64,27.66,27.64,600,16608.0,0.07,-0.31,-0.086,0.0
2026-06-18,XCNY,34.378,34.378,34.378,34.378,23,810.0,0.0,2.19,0.736,0.0
2026-06-18,XCOM,20.885,20.885,20.885,20.885,4,83.0,0.0,-0.52,-0.11,0.0
2026-06-18,XCOR,90.21,90.503,90.503,90.21,120,10885.0,0.33,1.41,1.26,0.0
2026-06-18,XCUR,2.345,2.31,2.49,2.1,53022,120914.0,18.14,7.44,0.16,0.83
2026-06-18,XDAT,24.488,24.488,24.488,24.488,42,1032.0,0.0,0.44,0.108,0.0
2026-06-18,XDEC,42.71,42.775,42.8,42.71,19519,834160.0,0.21,0.32,0.136,0.0
2026-06-18,XDEF,21.475,21.464,21.475,21.44,1267,27221.0,0.16,-0.9,-0.195,0.0
2026-06-18,XDIV,30.48,30.52,30.54,30.38,15975,486398.0,0.53,1.23,0.37,0.0
2026-06-18,XDQQ,40.62,40.64,40.69,40.59,1542,62723.0,0.25,0.05,0.02,0.0
2026-06-18,XDSQ,42.909,42.876,42.92,42.83,4129,177035.0,0.21,0.07,0.031,0.0
2026-06-18,XDTE,39.37,39.4,39.45,39.21,110207,4336229.0,0.62,1.16,0.45,0.0
2026-06-18,XE,23.61,21.56,23.94,21.08,14066861,304189232.0,12.5,-5.77,-1.32,4.89
2026-06-18,XEL,77.46,77.41,78.62,76.885,14786903,1145744576.0,2.24,-0.06,-0.05,2.37
2026-06-18,XELB,2.03,2.04,2.06,1.89,106130,210716.0,8.21,-1.45,-0.03,1.75
2026-06-18,XELLL,23.99,23.9,24.02,23.886,42331,1013343.0,0.56,-0.08,-0.02,0.0
2026-06-18,XEMD,45.05,45.048,45.09,45.01,28700,1292916.0,0.18,0.36,0.163,0.0
2026-06-18,XENE,54.09,52.91,54.73,52.53,1927661,102369356.0,4.14,-0.55,-0.29,1.99
2026-06-18,XERS,7.03,6.95,7.06,6.925,2398785,16726987.0,1.96,0.72,0.05,1.39
2026-06-18,XES,115.81,113.52,115.81,111.31,124285,13991614.0,3.89,-1.76,-2.03,0.0
2026-06-18,XEY,21.434,21.434,21.434,21.434,44,942.0,0.0,-1.86,-0.406,0.0
2026-06-18,XFEB,37.35,37.335,37.35,37.3,1203,44916.0,0.13,0.38,0.141,0.0
2026-06-18,XFIV,48.55,48.545,48.619,48.53,21571,1047864.0,0.18,0.27,0.131,0.0
2026-06-18,XFLH_U,10.01,10.01,10.01,10.01,151,1512.0,0.0,0.0,0.0,0.0
2026-06-18,XFLT,17.12,17.23,17.393,17.075,83798,1442539.0,1.85,0.47,0.08,0.0
2026-06-18,XFLX,22.67,22.66,22.67,22.66,2648,60027.0,0.04,0.19,0.042,0.0
2026-06-18,XFOR,4.03,4.22,4.28,4.015,866269,3638102.0,6.54,4.2,0.17,0.92
2026-06-18,XGN,4.36,4.54,4.54,4.23,304684,1352978.0,7.29,6.82,0.29,1.26
2026-06-18,XHB,109.17,111.04,112.28,109.0,4285269,476441904.0,3.06,3.46,3.71,0.0
2026-06-18,XHE,80.96,82.34,82.34,80.96,12494,1016544.0,1.72,2.75,2.2,0.0
2026-06-18,XHG,1.01,0.993,1.02,0.993,898,899.0,2.8,3.01,0.029,0.0
2026-06-18,XHLD,1.42,1.26,1.42,1.26,32408,42143.0,11.51,-9.35,-0.13,0.72
2026-06-18,XHLF,50.24,50.24,50.25,50.24,234884,11801852.0,0.02,0.02,0.01,0.0
2026-06-18,XHR,19.9,20.02,20.2,19.795,2388367,47805933.0,2.07,2.51,0.49,2.59
2026-06-18,XHS,122.19,122.05,122.23,121.36,16358,1992724.0,0.72,0.99,1.2,0.0
2026-06-18,XIDE,30.34,30.34,30.34,30.31,1056,32014.0,0.1,0.09,0.027,0.0
2026-06-18,XIDV,38.045,38.134,38.17,38.045,1669,63642.0,0.33,-0.51,-0.196,0.0
2026-06-18,XIFR,11.7,11.82,11.86,11.5,537859,6336682.0,3.1,1.63,0.19,0.57
2026-06-18,XIJN,30.56,30.55,30.6,30.49,130927,3997009.0,0.36,-0.57,-0.175,0.0
2026-06-18,XIMR,31.44,31.475,31.475,31.43,3373,106049.0,0.14,0.13,0.04,0.0
2026-06-18,XISE,30.61,30.445,30.61,30.4,3650,111369.0,0.69,0.08,0.025,0.0
2026-06-18,XITK,195.14,193.121,195.14,191.87,443,85713.0,1.71,0.93,1.779,0.0
2026-06-18,XIWC,25.08,25.08,25.08,25.08,41,1024.0,0.0,4.08,0.984,0.0
2026-06-18,XJAN,38.32,38.346,38.346,38.31,450,17244.0,0.09,0.32,0.121,0.0
2026-06-18,XJH,51.28,51.15,51.488,50.966,23487,1202454.0,1.03,1.05,0.53,0.0
2026-06-18,XJR,50.41,50.798,50.87,50.41,12704,644389.0,0.92,1.87,0.934,0.0
2026-06-18,XJUL,40.61,40.635,40.67,40.61,1600,65047.0,0.15,0.05,0.02,0.0
2026-06-18,XJUN,44.302,44.365,44.42,44.302,18584,824481.0,0.27,0.06,0.025,0.0
2026-06-18,XKRE,26.393,26.393,26.393,26.393,182,4790.0,0.0,1.97,0.51,0.0
2026-06-18,XLB,52.22,51.81,52.43,51.76,11934062,621072448.0,1.29,-0.4,-0.21,0.0
2026-06-18,XLBI,24.31,24.263,24.478,24.263,7056,172257.0,0.88,-0.34,-0.082,0.0
2026-06-18,XLBX,25.31,25.111,25.31,25.111,104,2652.0,0.79,-0.74,-0.188,0.0
2026-06-18,XLC,109.86,109.45,110.37,108.51,11656037,1277026272.0,1.7,0.23,0.25,0.0
2026-06-18,XLCI,23.47,23.49,23.59,23.4,10690,251127.0,0.81,0.33,0.077,0.0
2026-06-18,XLE,54.14,53.77,54.25,53.245,39645690,2125673200.0,1.84,-1.65,-0.9,0.0
2026-06-18,XLEI,25.45,25.199,25.45,25.0,77213,1942227.0,1.76,-1.45,-0.371,0.0
2026-06-18,XLEX,21.12,21.3,21.3,21.12,248,5266.0,0.82,-3.48,-0.767,0.0
2026-06-18,XLF,54.55,53.57,54.61,53.46,37816814,2035512176.0,2.13,-0.89,-0.48,0.0
2026-06-18,XLFI,23.37,23.135,23.379,23.135,6091,141859.0,1.05,-0.61,-0.142,0.0
2026-06-18,XLFX,27.055,26.966,27.055,26.966,395,10688.0,0.32,-1.6,-0.439,0.0
2026-06-18,XLG,61.74,61.76,61.875,61.23,1327245,81793048.0,1.05,0.9,0.55,0.0
2026-06-18,XLI,182.5,180.91,182.92,180.45,8059187,1462487136.0,1.38,0.73,1.31,0.0
2026-06-18,XLII,26.17,25.994,26.17,25.88,6470,168386.0,1.13,0.85,0.22,0.0
2026-06-18,XLIX,26.848,26.848,26.848,26.848,69,1851.0,0.0,1.7,0.45,0.0
2026-06-18,XLK,190.42,191.44,191.995,189.38,12101594,2311206848.0,1.41,3.04,5.64,0.0
2026-06-18,XLKI,27.57,27.53,27.57,27.35,5540,152193.0,0.82,2.24,0.602,0.0
2026-06-18,XLKX,22.744,23.013,23.02,22.744,553,12691.0,1.27,6.18,1.339,0.0
2026-06-18,XLO,8.69,8.79,9.215,7.82,56750,503630.0,15.94,0.46,0.04,0.86
2026-06-18,XLP,83.835,83.3,83.89,83.125,10447036,871380272.0,0.91,-0.45,-0.38,0.0
2026-06-18,XLPX,25.52,25.76,25.76,25.52,280,7187.0,0.92,-1.04,-0.27,0.0
2026-06-18,XLRE,44.38,43.86,44.38,43.83,5730913,252584868.0,1.25,-0.25,-0.11,0.0
2026-06-18,XLRI,23.32,23.334,23.49,23.32,3499,81958.0,0.73,-0.23,-0.054,0.0
2026-06-18,XLSI,23.445,23.317,23.445,23.317,9809,229275.0,0.55,-0.48,-0.113,0.0
2026-06-18,XLSR,65.36,65.54,65.605,64.8,85066,5556869.0,1.25,1.38,0.89,0.0
2026-06-18,XLU,44.6,44.76,45.34,44.53,36828323,1653055776.0,1.82,0.67,0.3,0.0
2026-06-18,XLUI,24.2,24.262,24.51,24.2,14686,357936.0,1.29,0.61,0.146,0.0
2026-06-18,XLUX,25.823,25.823,25.823,25.823,204,5318.0,0.0,1.15,0.294,0.0
2026-06-18,XLV,151.27,149.4,151.27,148.79,10879276,1627477168.0,1.65,-0.87,-1.31,0.0
2026-06-18,XLVI,25.36,25.18,25.375,25.08,21812,549460.0,1.16,-0.69,-0.175,0.0
2026-06-18,XLVX,25.927,25.927,25.927,25.927,81,2087.0,0.0,-1.59,-0.42,0.0
2026-06-18,XLY,116.65,117.16,117.655,115.54,8728589,1020118768.0,1.83,1.45,1.67,0.0
2026-06-18,XLYI,22.95,22.969,22.969,22.95,606,13895.0,0.08,1.29,0.292,0.0
2026-06-18,XLYX,24.29,24.682,24.682,24.29,110,2672.0,1.55,-2.31,-0.583,0.0
2026-06-18,XMAG,25.69,25.654,25.808,25.6,68341,1755699.0,0.82,0.93,0.237,0.0
2026-06-18,XMAR,42.605,42.62,42.63,42.58,2996,127691.0,0.12,0.28,0.12,0.0
2026-06-18,XMAX,8.2,8.23,8.28,8.11,2011160,16527455.0,2.07,0.37,0.03,3.16
2026-06-18,XMAY,36.02,36.03,36.03,35.961,624,22472.0,0.19,0.47,0.169,0.0
2026-06-18,XME,119.22,117.02,119.41,116.2,2379308,278420336.0,2.71,-1.16,-1.37,0.0
2026-06-18,XMHQ,110.78,110.74,111.09,109.84,174624,19305102.0,1.13,0.54,0.59,0.0
2026-06-18,XMLV,64.87,64.754,65.03,64.55,19858,1287376.0,0.74,0.21,0.134,0.0
2026-06-18,XMMO,172.2,171.83,172.89,169.675,385034,65944291.0,1.89,1.25,2.12,0.0
2026-06-18,XMPT,21.95,22.08,22.12,21.95,64102,1414923.0,0.77,0.41,0.09,0.0
2026-06-18,XMTR,91.02,93.28,94.18,90.28,804396,74643036.0,4.39,4.97,4.42,1.5
2026-06-18,XMVM,70.01,69.75,70.03,69.5,16793,1172786.0,0.76,-0.03,-0.018,0.0
2026-06-18,XNAV,97.94,98.825,98.89,97.94,447,44112.0,0.98,2.36,2.274,0.0
2026-06-18,XNCR,13.06,12.64,13.32,12.49,1815287,23048962.0,6.49,-1.1,-0.14,2.45
2026-06-18,XNDU,13.81,13.37,14.25,12.68,9244628,123151550.0,11.57,-1.47,-0.2,21.36
2026-06-18,XNDX,17.5,16.15,18.13,14.39,147342,2328739.0,22.46,-3.0,-0.5,0.0
2026-06-18,XNET,4.94,4.96,5.03,4.815,3719173,18419092.0,4.32,-0.4,-0.02,5.84
2026-06-18,XNOV,39.47,39.512,39.512,39.47,261,10302.0,0.11,0.21,0.083,0.0
2026-06-18,XNTK,382.67,385.71,388.72,381.041,36233,13992893.0,2.07,3.79,14.1,0.0
2026-06-18,XOCT,39.435,39.436,39.436,39.435,472,18610.0,0.0,0.24,0.096,0.0
2026-06-18,XOEF,29.66,29.674,29.75,29.66,1056,31386.0,0.31,0.84,0.248,0.0
2026-06-18,XOEX,40.02,40.038,40.06,39.97,1341,53683.0,0.23,0.11,0.044,0.0
2026-06-18,XOM,138.32,137.81,138.46,135.85,48063443,6606309120.0,1.85,-2.08,-2.93,1.16
2026-06-18,XOMA,41.895,41.89,41.98,41.6,88326,3700480.0,0.91,0.41,0.17,0.5
2026-06-18,XOMAO,25.41,25.43,25.44,25.4,10160,258201.0,0.16,0.08,0.02,0.58
2026-06-18,XOMAP,25.43,25.444,25.45,25.43,2378,60493.0,0.08,0.09,0.024,0.24
2026-06-18,XOMO,10.7,10.6,10.7,10.48,115399,1220746.0,2.03,-2.12,-0.23,0.0
2026-06-18,XOMX,35.01,35.627,35.73,34.71,70961,2497177.0,2.74,-4.25,-1.581,0.0
2026-06-18,XONE,49.3,49.315,49.32,49.3,73692,3634142.0,0.04,0.05,0.025,0.0
2026-06-18,XOP,154.23,153.36,154.41,151.55,5548731,848673168.0,1.84,-1.53,-2.39,0.0
2026-06-18,XOS,3.34,3.12,3.48,3.12,489482,1588294.0,10.64,-7.83,-0.265,3.57
2026-06-18,XOSWW,0.005,0.005,0.005,0.003,93510,435.0,33.33,-16.67,-0.001,0.0
2026-06-18,XOVL,22.15,22.83,23.17,21.54,162683,3631842.0,7.22,1.06,0.24,0.0
2026-06-18,XOVR,20.52,20.71,20.88,20.17,6477531,132724635.0,3.47,1.17,0.24,0.0
2026-06-18,XP,15.47,15.3,15.64,15.16,6362779,97500389.0,3.11,-0.78,-0.12,1.53
2026-06-18,XPAV,26.303,26.303,26.303,26.303,7,198.0,0.0,1.91,0.493,0.0
2026-06-18,XPAY,53.53,53.47,53.54,53.3,34311,1833659.0,0.45,1.1,0.58,0.0
2026-06-18,XPEG,5.14,5.22,5.22,5.03,30996,158885.0,3.52,-3.33,-0.18,0.0
2026-06-18,XPEL,45.74,45.45,46.78,44.985,445556,20352008.0,3.97,0.46,0.21,1.62
2026-06-18,XPER,7.69,7.94,7.96,7.69,645246,5094890.0,3.51,3.25,0.25,1.34
2026-06-18,XPEV,13.184,13.21,13.23,12.97,10074328,132297329.0,1.93,-1.71,-0.23,1.29
2026-06-18,XPH,61.46,61.04,61.46,60.17,35594,2158693.0,2.13,0.76,0.46,0.0
2026-06-18,XPL,0.814,0.809,0.826,0.8,358035,291937.0,3.16,-1.7,-0.014,0.38
2026-06-18,XPND,41.3,41.407,41.53,41.1,3737,154726.0,1.07,2.67,1.075,0.0
2026-06-18,XPO,204.17,199.5,206.99,199.37,2681503,539488544.0,3.78,-1.13,-2.29,2.28
2026-06-18,XPOF,6.6,6.83,6.99,6.6,836171,5720526.0,5.89,3.17,0.21,2.0
2026-06-18,XPON,0.51,0.452,0.52,0.452,231523,112014.0,13.49,-10.32,-0.052,2.02
2026-06-18,XPP,19.34,18.959,19.34,18.72,14464,274852.0,3.18,-2.66,-0.519,0.0
2026-06-18,XPRO,14.4,13.82,14.4,13.68,1827332,25351024.0,4.99,-4.23,-0.61,1.61
2026-06-18,XQQI,52.83,53.17,53.275,52.5,196232,10394682.0,1.5,2.8,1.45,0.0
2026-06-18,XRAY,10.12,10.33,10.445,10.06,5316378,54836336.0,3.84,2.99,0.3,2.65
2026-06-18,XRLX,49.4,49.449,49.449,49.4,106,5241.0,0.1,0.91,0.445,0.0
2026-06-18,XRMI,17.36,17.33,17.36,17.301,8220,142553.0,0.34,0.12,0.021,0.0
2026-06-18,XRN,34.99,35.1,35.68,34.891,257634,9063004.0,2.26,0.4,0.14,1.95
2026-06-18,XRN_A,24.035,24.148,24.15,23.91,7327,175650.0,0.99,-0.01,-0.002,0.24
2026-06-18,XRN_B,25.0,25.085,25.165,25.0,5891,147895.0,0.66,0.34,0.085,0.29
2026-06-18,XRP,13.08,12.78,13.08,12.66,415051,5325532.0,3.18,-3.26,-0.43,0.0
2026-06-18,XRPC,12.44,12.14,12.44,12.05,183953,2242215.0,3.11,-3.11,-0.39,0.0
2026-06-18,XRPI,6.48,6.32,6.48,6.28,153741,981099.0,3.06,-3.36,-0.22,0.0
2026-06-18,XRPM,11.63,11.462,11.65,11.4,8525,98087.0,2.1,-3.78,-0.45,0.0
2026-06-18,XRPN,10.41,10.41,10.44,10.41,66597,693425.0,0.29,-0.09,-0.009,0.28
2026-06-18,XRPNU,10.77,10.77,10.77,10.77,3,33.0,0.0,0.0,0.0,0.0
2026-06-18,XRPNW,0.883,0.886,0.89,0.88,20060,17738.0,1.12,-0.45,-0.004,0.0
2026-06-18,XRPR,9.5,9.39,9.54,9.3,14577,137180.0,2.49,-2.49,-0.24,0.0
2026-06-18,XRPT,27.8,26.52,27.8,25.97,124914,3347066.0,6.48,-6.16,-1.74,0.0
2026-06-18,XRPZ,12.72,12.4,12.72,12.31,146072,1823582.0,3.2,-3.13,-0.4,0.0
2026-06-18,XRT,85.38,86.39,86.7,85.22,5607822,483798000.0,1.75,2.18,1.84,0.0
2026-06-18,XRTX,2.15,2.09,2.15,2.0,21206,44439.0,6.98,-2.79,-0.06,1.23
2026-06-18,XRX,3.18,3.02,3.21,2.99,5862543,17940086.0,7.01,-3.82,-0.12,4.48
2026-06-18,XRXDW,0.31,0.304,0.34,0.28,441604,135457.0,19.05,-3.49,-0.011,0.0
2026-06-18,XSD,618.39,636.3,637.95,614.99,129644,81671203.0,3.87,7.26,43.05,0.0
2026-06-18,XSEM,26.5,26.509,26.54,26.49,1484,39323.0,0.21,11.32,2.696,0.0
2026-06-18,XSEP,44.28,44.307,44.35,44.25,2224,98528.0,0.23,0.25,0.112,0.0
2026-06-18,XSHD,13.66,13.72,13.775,13.655,42617,585120.0,0.88,0.88,0.12,0.0
2026-06-18,XSHQ,47.0,46.95,47.12,46.64,10775,505156.0,1.03,1.1,0.51,0.0
2026-06-18,XSLL,9.92,9.92,9.92,9.9,26483,262709.0,0.2,0.2,0.02,0.13
2026-06-18,XSLLU,10.05,10.05,10.05,10.05,10,100.0,0.0,0.0,0.0,0.0
2026-06-18,XSLLW,0.24,0.25,0.25,0.24,350,85.0,4.0,0.0,0.0,0.0
2026-06-18,XSLV,50.72,50.66,50.82,50.5,3357,170139.0,0.64,0.78,0.39,0.0
2026-06-18,XSMO,89.99,89.98,90.02,88.84,240356,21552644.0,1.34,1.87,1.65,0.0
2026-06-18,XSOE,50.47,50.71,50.932,50.395,60007,3045027.0,1.09,2.99,1.47,0.0
2026-06-18,XSPI,49.62,49.711,49.8,49.32,40178,1992860.0,0.98,1.54,0.755,0.0
2026-06-18,XSVM,68.02,68.29,68.3,67.991,70662,4807299.0,0.46,1.55,1.04,0.0
2026-06-18,XSVN,47.22,47.167,47.26,47.15,12471,588739.0,0.23,0.35,0.163,0.0
2026-06-18,XSW,163.19,162.54,163.322,159.16,24705,3996657.0,2.56,0.15,0.25,0.0
2026-06-18,XT,82.14,82.26,82.37,81.51,129963,10646232.0,1.06,1.77,1.43,0.0
2026-06-18,XTAI,25.455,25.9,26.145,25.37,19827,510113.0,3.27,9.37,2.218,0.0
2026-06-18,XTAP,45.07,45.176,45.176,45.07,161,7264.0,0.24,0.52,0.232,0.0
2026-06-18,XTEN,45.62,45.56,45.68,45.53,65434,2983175.0,0.33,0.51,0.23,0.0
2026-06-18,XTIA,1.78,1.83,1.83,1.76,1104391,1982869.0,3.89,1.67,0.03,2.87
2026-06-18,XTJA,33.94,33.962,33.99,33.925,652,22135.0,0.19,0.48,0.163,0.0
2026-06-18,XTJL,41.055,41.055,41.055,41.055,116,4761.0,0.0,0.11,0.045,0.0
2026-06-18,XTL,225.35,220.57,225.35,219.55,69333,15308554.0,2.62,-0.42,-0.92,0.0
2026-06-18,XTLB,2.41,2.54,2.54,2.31,11146,27159.0,9.5,4.96,0.12,0.47
2026-06-18,XTN,113.33,113.53,114.4,113.01,69812,7932858.0,1.25,1.71,1.91,0.0
2026-06-18,XTNT,0.431,0.441,0.45,0.43,80976,35577.0,4.58,0.92,0.004,0.06
2026-06-18,XTOC,36.05,36.05,36.08,36.02,3194,115096.0,0.17,0.52,0.187,0.0
2026-06-18,XTR,28.52,28.534,28.54,28.49,924,26365.0,0.18,0.97,0.274,0.0
2026-06-18,XTRE,48.93,48.927,48.97,48.92,15199,743933.0,0.1,0.18,0.087,0.0
2026-06-18,XTWO,48.9,48.865,48.9,48.86,20222,988641.0,0.08,0.09,0.045,0.0
2026-06-18,XTWY,37.95,37.75,37.965,37.7,13696,517964.0,0.71,0.59,0.22,0.0
2026-06-18,XUDV,31.665,31.74,31.75,31.605,8780,278208.0,0.46,1.08,0.34,0.0
2026-06-18,XUSP,52.51,52.817,52.817,52.51,776,40860.0,0.59,1.42,0.737,0.0
2026-06-18,XV,24.9,24.925,24.959,24.77,39721,988403.0,0.77,0.99,0.245,0.0
2026-06-18,XVO,25.006,25.006,25.006,25.006,5,125.0,0.0,-1.43,-0.363,0.0
2026-06-18,XVUG,23.254,23.254,23.254,23.254,25,577.0,0.0,3.55,0.797,0.0
2026-06-18,XVV,57.05,57.0,57.08,56.76,31179,1775485.0,0.57,1.33,0.75,0.0
2026-06-18,XW,24.935,24.935,24.935,24.935,2,50.0,0.0,2.35,0.573,0.0
2026-06-18,XWEL,1.23,1.19,1.26,1.19,94635,115586.0,5.69,-3.25,-0.04,1.12
2026-06-18,XXI,5.68,5.52,5.69,5.31,2862321,15746178.0,6.74,-2.13,-0.12,0.83
2026-06-18,XXII,5.46,4.645,5.53,4.62,75374,392678.0,16.55,-15.55,-0.855,14.6
2026-06-18,XXRP,2.62,2.5,2.63,2.46,3818484,9651374.0,6.34,-6.72,-0.18,0.0
2026-06-18,XXV,24.32,24.2,24.36,23.985,22056,532625.0,1.57,1.03,0.247,0.0
2026-06-18,XXX,20.145,20.159,20.159,20.145,144,2900.0,0.07,0.15,0.031,0.0
2026-06-18,XYF,4.71,4.81,4.88,4.71,58643,282835.0,3.62,2.34,0.11,0.26
2026-06-18,XYL,111.57,111.42,112.74,110.75,3913009,436387696.0,1.8,1.02,1.13,1.65
2026-06-18,XYLD,41.03,40.95,41.06,40.81,842703,34495069.0,0.61,0.27,0.11,0.0
2026-06-18,XYLG,28.77,28.921,28.95,28.77,24640,711656.0,0.63,0.77,0.222,0.0
2026-06-18,XYZ,73.765,74.78,75.09,72.405,8663548,646340992.0,3.69,2.66,1.94,1.62
2026-06-18,XYZG,15.27,15.949,15.97,15.17,2518,39588.0,5.28,5.2,0.789,0.0
2026-06-18,XYZY,25.0,25.453,25.454,24.87,10478,264282.0,2.31,0.83,0.209,0.0
2026-06-18,XZO,13.26,13.27,13.33,12.91,149368,1965486.0,3.2,0.99,0.13,0.16
2026-06-18,YAAS,0.866,0.909,0.909,0.86,51043,44986.0,5.1,-5.31,-0.051,0.37
2026-06-18,YALA,5.35,5.28,5.405,5.23,267913,1415801.0,3.29,-0.75,-0.04,0.21
2026-06-18,YALL,42.47,42.368,42.47,42.13,12496,528661.0,0.8,0.04,0.018,0.0
2026-06-18,YANG,34.71,34.99,35.295,34.71,704614,24666798.0,1.72,3.09,1.05,0.0
2026-06-18,YB,15.07,15.18,15.52,15.03,13473,205130.0,3.24,0.46,0.07,0.04
2026-06-18,YBIT,19.36,19.21,19.39,19.16,13151,253667.0,1.18,-1.28,-0.25,0.0
2026-06-18,YBMN,11.33,11.655,11.655,11.21,7200,81753.0,3.92,2.69,0.305,0.0
2026-06-18,YBST,14.18,14.265,14.29,14.16,3721,52948.0,0.92,0.61,0.086,0.0
2026-06-18,YBTC,18.06,17.662,18.06,17.46,81323,1438811.0,3.34,-1.66,-0.298,0.0
2026-06-18,YBTY,12.965,13.09,13.09,12.965,4797,62294.0,0.96,0.86,0.111,0.0
2026-06-18,YCBD,0.672,0.72,0.72,0.67,146669,100176.0,7.28,4.8,0.033,1.4
2026-06-18,YCL,17.7,17.667,17.74,17.55,55620,980470.0,1.07,-0.41,-0.072,0.0
2026-06-18,YCS,55.24,55.66,55.95,55.24,12655,702956.0,1.29,0.88,0.486,0.0
2026-06-18,YCY,10.17,10.17,10.17,10.17,6,61.0,0.0,0.0,0.0,0.0
2026-06-18,YCY_WS,0.185,0.185,0.185,0.185,12,2.0,0.0,0.0,0.0,0.0
2026-06-18,YDDL,2.62,2.65,2.67,2.52,27873,72564.0,5.7,0.76,0.02,0.06
2026-06-18,YDEC,27.61,27.605,27.61,27.55,1933,53317.0,0.22,0.36,0.1,0.0
2026-06-18,YDES,2.45,2.42,2.655,2.378,15656,38272.0,10.99,-3.97,-0.1,0.02
2026-06-18,YDKG,0.933,0.924,0.935,0.9,17842,16443.0,3.67,-3.14,-0.03,0.32
2026-06-18,YEAR,50.3,50.29,50.305,50.27,192989,9704377.0,0.07,0.09,0.045,0.0
2026-06-18,YELP,22.16,22.88,22.99,22.125,2503354,57169853.0,3.84,1.55,0.35,4.55
2026-06-18,YETH,8.67,8.54,8.67,8.37,72316,616769.0,3.49,-0.7,-0.06,0.0
2026-06-18,YETI,48.34,48.97,49.38,48.23,2400024,117466396.0,2.43,3.66,1.73,3.17
2026-06-18,YEXT,3.94,3.8,3.971,3.76,2413030,9207486.0,5.31,-4.28,-0.17,2.41
2026-06-18,YFFI,10.065,10.065,10.065,10.065,2,20.0,0.0,0.6,0.06,0.0
2026-06-18,YFYA,9.82,9.83,9.83,9.82,1631,16024.0,0.1,0.15,0.015,0.0
2026-06-18,YGLD,34.49,33.99,34.49,33.851,8434,287475.0,1.86,-0.91,-0.313,0.0
2026-06-18,YHC,0.83,0.888,0.889,0.784,374842,323708.0,12.22,3.38,0.029,1.75
2026-06-18,YHGJ,3.22,2.98,3.23,2.98,4551,13995.0,7.55,-9.97,-0.33,0.17
2026-06-18,YHNAR,0.11,0.11,0.11,0.11,1000,110.0,0.0,0.0,0.0,0.0
2026-06-18,YI,4.47,4.41,4.695,4.36,54433,243569.0,7.6,0.0,0.0,1.05
2026-06-18,YIBO,0.912,0.88,0.97,0.88,122971,124255.0,9.17,-10.3,-0.101,0.37
2026-06-18,YINN,25.85,25.56,25.932,25.345,2809106,71760407.0,2.22,-3.18,-0.84,0.0
2026-06-18,YJ,1.58,1.54,1.6,1.49,1004,1577.0,7.38,3.36,0.05,0.04
2026-06-18,YJUN,26.98,27.0,27.0,26.955,83875,2263700.0,0.17,0.37,0.1,0.0
2026-06-18,YLD,19.04,19.06,19.12,19.01,294455,5606771.0,0.58,0.26,0.05,0.0
2026-06-18,YLDE,55.35,55.536,55.62,55.35,8985,499056.0,0.49,0.49,0.269,0.0
2026-06-18,YLDW,25.76,25.692,25.76,25.68,8265,212913.0,0.31,-0.07,-0.018,0.0
2026-06-18,YMAG,11.72,11.76,11.79,11.6,1802685,21121097.0,1.63,0.94,0.11,0.0
2026-06-18,YMAR,28.77,28.696,28.77,28.64,2869,82269.0,0.45,0.32,0.092,0.0
2026-06-18,YMAT,0.622,0.62,0.685,0.58,2394421,1525314.0,14.0,-17.33,-0.13,17.16
2026-06-18,YMAX,8.09,8.16,8.16,8.005,1450676,11741407.0,1.94,2.26,0.18,0.0
2026-06-18,YMM,7.95,7.8,8.01,7.77,10578219,82709561.0,3.0,-2.5,-0.2,1.13
2026-06-18,YMT,0.479,0.45,0.479,0.401,298058,135529.0,16.28,-6.05,-0.029,4.44
2026-06-18,YNOT,33.265,33.477,33.48,33.245,5200,173307.0,0.72,2.32,0.76,0.0
2026-06-18,YOKE,32.83,32.843,32.843,32.81,4343,142589.0,0.1,1.33,0.431,0.0
2026-06-18,YOLO,2.78,2.83,2.935,2.75,26504,74963.0,6.56,0.35,0.01,0.0
2026-06-18,YOOV,0.501,0.522,0.536,0.501,20628,10641.0,6.57,-2.06,-0.011,0.01
2026-06-18,YORW,30.1,29.53,30.17,29.415,241614,7148528.0,2.55,-0.1,-0.03,1.49
2026-06-18,YOU,50.22,51.45,51.55,49.96,2466324,126364073.0,3.13,1.34,0.68,2.45
2026-06-18,YOUL,0.415,0.464,0.49,0.414,190228,83135.0,17.76,8.41,0.036,0.29
2026-06-18,YPF,50.55,50.45,50.895,49.5,2250927,113320257.0,2.74,-0.79,-0.4,0.57
2026-06-18,YQ,2.2,2.237,2.237,2.19,5542,12589.0,2.05,-2.31,-0.053,0.08
2026-06-18,YQQQ,9.8,9.737,9.849,9.72,36368,354996.0,1.29,-2.71,-0.271,0.0
2026-06-18,YRD,1.16,1.15,1.19,1.129,39129,44999.0,5.13,-3.36,-0.04,0.04
2026-06-18,YSEP,27.67,27.59,27.67,27.52,7401,203903.0,0.55,0.33,0.09,0.0
2026-06-18,YSG,3.33,3.2,3.44,3.155,149818,486333.0,8.61,-3.32,-0.11,0.23
2026-06-18,YSPY,15.13,15.147,15.16,15.13,8004,121217.0,0.2,-0.13,-0.019,0.0
2026-06-18,YSS,31.5,30.8,31.5,27.54,4190409,125788964.0,13.07,1.65,0.5,3.23
2026-06-18,YSWY,20.46,20.45,20.775,19.2,1375770,28011883.0,7.77,0.94,0.19,4.41
2026-06-18,YSXT,1.26,1.25,1.27,1.25,13005,16379.0,1.64,2.46,0.03,0.06
2026-06-18,YTRA,0.915,0.949,0.95,0.915,32752,30990.0,3.77,2.26,0.021,0.05
2026-06-18,YUM,154.12,151.99,154.705,151.202,4792297,730603792.0,2.27,-1.35,-2.08,1.74
2026-06-18,YUMC,42.88,42.93,43.06,42.42,2314723,99046671.0,1.48,-0.81,-0.35,0.67
2026-06-18,YUNG,27.415,27.415,27.415,27.415,1,6.0,0.0,1.15,0.313,0.0
2026-06-18,YXI,23.251,23.471,23.59,23.251,1916,44723.0,1.47,1.76,0.406,0.0
2026-06-18,YXT,0.381,0.391,0.393,0.367,19048,7341.0,6.36,-4.4,-0.018,0.04
2026-06-18,YYAI,7.92,7.54,7.98,7.47,11359,86504.0,6.8,0.53,0.04,1.08
2026-06-18,YYGH,0.08,0.08,0.089,0.07,82042673,6822618.0,14.73,-37.98,-0.049,85.42
2026-06-18,YYY,11.47,11.47,11.48,11.44,192825,2209410.0,0.35,0.55,0.063,0.0
2026-06-18,YYYM,20.1,20.12,20.14,20.1,1910,38399.0,0.2,0.6,0.12,0.0
2026-06-18,Z,32.09,32.11,32.54,31.48,5399568,173386886.0,3.31,0.31,0.1,3.0
2026-06-18,ZALT,33.8,33.83,33.83,33.77,87732,2967452.0,0.18,0.12,0.04,0.0
2026-06-18,ZAP,34.01,34.27,34.44,33.9,108398,3703530.0,1.6,1.6,0.54,0.0
2026-06-18,ZAPR,26.6,26.6,26.6,26.6,416,11066.0,0.0,0.06,0.015,0.0
2026-06-18,ZAUG,27.48,27.485,27.49,27.46,3048,83732.0,0.11,0.13,0.035,0.0
2026-06-18,ZBAO,0.588,0.58,0.595,0.52,164075,91853.0,12.61,-2.52,-0.015,0.95
2026-06-18,ZBH,87.85,87.97,88.81,87.316,4634999,408062992.0,1.71,0.93,0.81,2.4
2026-06-18,ZBIO,18.93,19.78,19.88,18.72,2128326,41601638.0,6.24,6.46,1.2,3.37
2026-06-18,ZBRA,236.75,235.98,239.491,233.835,1564099,369625792.0,2.43,1.29,3.0,3.28
2026-06-18,ZCBA,49.169,49.169,49.169,49.169,2,147.0,0.0,0.24,0.119,0.0
2026-06-18,ZCBB,49.16,49.16,49.16,49.16,2,147.0,0.0,0.29,0.144,0.0
2026-06-18,ZCBC,49.274,49.274,49.274,49.274,2,99.0,0.0,0.33,0.163,0.0
2026-06-18,ZCBE,49.319,49.319,49.319,49.319,2,99.0,0.0,0.38,0.186,0.0
2026-06-18,ZCBF,49.343,49.343,49.343,49.343,2,147.0,0.0,0.41,0.203,0.0
2026-06-18,ZCBG,49.455,49.455,49.455,49.455,2,99.0,0.0,0.45,0.221,0.0
2026-06-18,ZCMD,0.637,0.648,0.65,0.6,301808,191540.0,7.97,3.35,0.021,8.75
2026-06-18,ZD,44.61,46.03,46.91,44.13,1601759,73536491.0,6.27,3.86,1.71,4.35
2026-06-18,ZDAI,2.66,2.66,2.66,2.575,6088,15914.0,3.16,-1.12,-0.03,0.08
2026-06-18,ZDEK,26.39,26.405,26.405,26.39,246,6492.0,0.06,0.2,0.054,0.0
2026-06-18,ZDGE,3.07,2.99,3.07,2.98,153122,461740.0,2.97,-1.32,-0.04,1.22
2026-06-18,ZECP,37.28,37.215,37.28,37.15,21077,784349.0,0.35,0.39,0.145,0.0
2026-06-18,ZENA,1.42,1.42,1.47,1.39,1455458,2073357.0,5.67,0.71,0.01,1.67
2026-06-18,ZEO,0.7,0.715,0.76,0.7,49183,35502.0,8.33,-0.69,-0.005,0.14
2026-06-18,ZEPP,5.5,4.83,5.67,4.63,488927,2412470.0,20.0,-7.12,-0.37,5.78
2026-06-18,ZETA,18.59,18.9,18.964,17.82,9938913,184860623.0,6.18,2.16,0.4,4.41
2026-06-18,ZETX,17.24,17.23,17.45,15.52,688671,11673337.0,11.46,2.34,0.394,0.0
2026-06-18,ZFEB,25.985,25.96,26.01,25.96,3815,99110.0,0.19,0.14,0.035,0.0
2026-06-18,ZG,32.2,32.49,32.85,31.715,2045373,66434976.0,3.52,0.74,0.24,4.83
2026-06-18,ZGN,14.01,13.87,14.18,13.76,1580494,22028616.0,3.02,-0.29,-0.04,0.59
2026-06-18,ZH,3.13,3.12,3.175,3.105,305336,957398.0,2.22,-0.95,-0.03,0.37
2026-06-18,ZHDG,23.52,23.553,23.553,23.52,1793,42182.0,0.14,0.89,0.207,0.0
2026-06-18,ZHOG,51.385,51.365,51.385,51.365,201,10369.0,0.04,0.05,0.025,0.0
2026-06-18,ZIG,39.2,39.055,39.2,39.055,892,34931.0,0.37,-0.06,-0.025,0.0
2026-06-18,ZIM,24.1,24.34,24.51,24.0,994273,24162672.0,2.13,1.5,0.36,0.82
2026-06-18,ZINC,25.308,25.308,25.308,25.308,130,3333.0,0.0,-0.28,-0.072,0.0
2026-06-18,ZION,66.87,66.17,67.42,65.96,2642286,175165142.0,2.21,0.03,0.02,1.8
2026-06-18,ZIONP,18.775,18.68,18.849,18.65,13339,249453.0,1.06,-0.37,-0.07,0.5
2026-06-18,ZIP,3.12,3.05,3.217,2.9,1181260,3573312.0,10.19,-1.93,-0.06,1.72
2026-06-18,ZJAN,27.985,27.99,27.99,27.985,199,5570.0,0.02,0.18,0.05,0.0
2026-06-18,ZJK,2.41,1.91,2.74,1.9,79623,163088.0,35.52,-19.24,-0.455,0.14
2026-06-18,ZJUL,29.86,29.855,29.87,29.855,2040,60914.0,0.05,-0.04,-0.011,0.0
2026-06-18,ZJUN,27.34,27.37,27.38,27.335,63432,1735643.0,0.16,0.22,0.06,0.0
2026-06-18,ZJYL,2.475,2.48,2.48,2.42,6373,15586.0,2.48,2.48,0.06,0.09
2026-06-18,ZKH,2.5,2.53,2.67,2.5,108830,279179.0,6.61,-1.56,-0.04,0.08
2026-06-18,ZKIN,1.435,1.35,1.47,1.264,15229,21111.0,14.01,-8.16,-0.12,0.03
2026-06-18,ZKP,9.93,9.93,9.93,9.93,1,10.0,0.0,0.0,0.0,0.0
2026-06-18,ZKPW,0.33,0.33,0.33,0.33,102,34.0,0.0,-8.33,-0.03,0.0
2026-06-18,ZLAB,18.45,18.18,19.11,18.15,978130,18088049.0,5.37,1.68,0.3,0.87
2026-06-18,ZM,86.53,86.36,86.95,85.01,8136342,701544528.0,2.22,-1.18,-1.03,3.07
2026-06-18,ZMAR,28.17,28.195,28.195,28.17,1814,51101.0,0.09,0.27,0.075,0.0
2026-06-18,ZMAY,25.935,25.935,25.96,25.9,6643,172228.0,0.23,0.14,0.036,0.0
2026-06-18,ZMUN,50.2,50.19,50.2,50.16,10874,545709.0,0.08,0.07,0.035,0.0
2026-06-18,ZNB,0.721,0.647,0.739,0.6,764992,502575.0,17.46,-18.72,-0.149,36.49
2026-06-18,ZNOV,27.42,27.444,27.48,27.42,6695,183723.0,0.22,0.34,0.094,0.0
2026-06-18,ZNTL,3.62,3.7,3.75,3.595,575474,2117618.0,4.28,2.21,0.08,0.81
2026-06-18,ZOCT,27.57,27.595,27.595,27.57,130,3584.0,0.09,0.15,0.04,0.0
2026-06-18,ZONE,0.898,0.984,1.01,0.873,5536978,5199392.0,15.01,7.78,0.071,2.48
2026-06-18,ZOOZ,5.65,5.61,5.65,5.51,11228,62897.0,2.5,0.36,0.02,0.14
2026-06-18,ZOOZW,0.019,0.022,0.022,0.019,6025,119.0,10.71,-21.43,-0.006,0.0
2026-06-18,ZROZ,65.37,64.82,65.45,64.68,686082,44548804.0,1.2,0.7,0.45,0.0
2026-06-18,ZS,123.34,124.85,125.56,119.9,16570856,2063215072.0,4.55,0.38,0.47,10.25
2026-06-18,ZSB,22.74,22.755,22.755,22.74,112,2568.0,0.07,0.35,0.08,0.0
2026-06-18,ZSC,29.79,29.79,29.79,29.79,50,1490.0,0.0,0.02,0.005,0.0
2026-06-18,ZSEP,27.5,27.495,27.5,27.49,4738,130288.0,0.04,0.02,0.005,0.0
2026-06-18,ZSL,24.54,25.43,25.97,24.26,3275439,81770579.0,6.95,3.33,0.82,0.0
2026-06-18,ZSQR,15.38,16.73,16.85,15.281,1111471,18330723.0,10.06,7.31,1.14,2.16
2026-06-18,ZSTK,4.59,4.04,4.59,4.04,6161,25670.0,13.55,-0.49,-0.02,0.25
2026-06-18,ZTAX,25.408,25.408,25.408,25.408,8,213.0,0.0,-3.79,-1.002,0.0
2026-06-18,ZTEK,0.445,0.413,0.445,0.4,290740,121728.0,10.3,-5.49,-0.024,0.27
2026-06-18,ZTEN,50.67,50.521,50.67,50.521,5247,265637.0,0.3,0.27,0.136,0.0
2026-06-18,ZTG,1.45,1.59,1.59,1.35,250904,439562.0,16.22,7.43,0.11,4.61
2026-06-18,ZTO,21.87,22.0,22.075,21.81,1431077,31439215.0,1.19,-1.03,-0.23,0.26
2026-06-18,ZTOP,51.68,51.67,51.72,51.67,865,44712.0,0.1,0.15,0.075,0.0
2026-06-18,ZTR,6.72,6.73,6.79,6.7,66955,450984.0,1.35,0.75,0.05,0.0
2026-06-18,ZTRE,50.65,50.619,50.66,50.61,9466,479170.0,0.1,0.11,0.054,0.0
2026-06-18,ZTS,77.73,78.71,79.06,77.31,17092116,1340448800.0,2.27,1.88,1.45,4.08
2026-06-18,ZTWO,50.44,50.43,50.45,50.43,495,24990.0,0.04,0.05,0.025,0.0
2026-06-18,ZUMZ,17.81,17.79,18.26,17.64,405601,7244934.0,3.55,1.89,0.33,2.4
2026-06-18,ZURA,3.63,3.75,3.795,3.52,1765869,6587589.0,7.6,3.59,0.13,1.86
2026-06-18,ZVIA,1.32,1.53,1.545,1.29,2674356,3754078.0,19.77,18.6,0.24,3.73
2026-06-18,ZVOL,8.0,7.98,8.0,7.93,49884,396874.0,0.89,1.4,0.11,0.0
2026-06-18,ZVRA,12.73,12.9,13.07,12.67,1948450,25132975.0,3.17,2.3,0.29,3.3
2026-06-18,ZWS,48.84,49.98,50.4,48.81,1740161,86754585.0,3.29,3.33,1.61,1.04
2026-06-18,ZYBT,0.76,0.75,0.765,0.74,8320,6237.0,3.23,-3.23,-0.025,0.08
2026-06-18,ZYME,23.34,23.14,23.59,22.65,699024,16159992.0,4.06,0.0,0.0,0.96
